relpath,lineage_id,kind,status,first_qualified_name,last_qualified_name,first_commit,first_date,last_commit,last_date,modification_count,age_days,relative_churn,change_entropy,review_count,ended,had_rename_or_move,pre_touch_count,post_touch_count,pre_window_days,post_window_days,pre_churn_rate,post_churn_rate,repo_id,full_name,language
snippets/csharp/System.CodeDom/CodeRemoveEventStatement/Overview/coderemoveeventexample.cs,0,class,ok,CodeDomSamples.CodeRemoveEventExample,CodeDomSamples.CodeRemoveEventExample,13d97c7e536ce822c000883dba873a79d5d6e841,2022-01-25T15:59:58-08:00,13d97c7e536ce822c000883dba873a79d5d6e841,2022-01-25T15:59:58-08:00,1,1664,0.0625,,,False,False,1,0,1237.96,0.0,0.0008077781330401797,,111510915.0,dotnet/dotnet-api-docs,C#
snippets/csharp/System.CodeDom/CodeRemoveEventStatement/Overview/coderemoveeventexample.cs,0,callable,ok,CodeDomSamples.CodeRemoveEventExample.CodeRemoveEventExample,CodeDomSamples.CodeRemoveEventExample.CodeRemoveEventExample,13d97c7e536ce822c000883dba873a79d5d6e841,2022-01-25T15:59:58-08:00,13d97c7e536ce822c000883dba873a79d5d6e841,2022-01-25T15:59:58-08:00,1,1664,0.07692307692307693,,,False,False,1,0,1237.96,0.0,0.0008077781330401797,,111510915.0,dotnet/dotnet-api-docs,C#
snippets/csharp/System.Collections.ObjectModel/CollectionT/Overview/source.cs,0,class,ok,Demo,Demo,13d97c7e536ce822c000883dba873a79d5d6e841,2022-01-25T15:59:58-08:00,13d97c7e536ce822c000883dba873a79d5d6e841,2022-01-25T15:59:58-08:00,1,1664,0.019230769230769232,,,False,False,1,0,1237.96,0.0,0.0008077781330401797,,111510915.0,dotnet/dotnet-api-docs,C#
snippets/csharp/System.Collections.ObjectModel/CollectionT/Overview/source.cs,0,callable,ok,Demo.Main,Demo.Main,13d97c7e536ce822c000883dba873a79d5d6e841,2022-01-25T15:59:58-08:00,13d97c7e536ce822c000883dba873a79d5d6e841,2022-01-25T15:59:58-08:00,1,1664,0.025,,,False,False,1,0,1237.96,0.0,0.0008077781330401797,,111510915.0,dotnet/dotnet-api-docs,C#
snippets/csharp/System.Collections.ObjectModel/CollectionT/Overview/source.cs,1,callable,ok,Demo.Display,Demo.Display,13d97c7e536ce822c000883dba873a79d5d6e841,2022-01-25T15:59:58-08:00,13d97c7e536ce822c000883dba873a79d5d6e841,2022-01-25T15:59:58-08:00,1,1664,0.125,,,False,False,1,0,1237.96,0.0,0.0008077781330401797,,111510915.0,dotnet/dotnet-api-docs,C#
snippets/csharp/System.Collections.Specialized/NameObjectCollectionBase/BaseHasKeys/nocb_basehaskeys.cs,0,class,ok,MyCollection,MyCollection,13d97c7e536ce822c000883dba873a79d5d6e841,2022-01-25T15:59:58-08:00,13d97c7e536ce822c000883dba873a79d5d6e841,2022-01-25T15:59:58-08:00,1,1664,0.034482758620689655,,,False,False,1,0,1237.96,0.0,0.0008077781330401797,,111510915.0,dotnet/dotnet-api-docs,C#
snippets/csharp/System.Collections.Specialized/NameObjectCollectionBase/BaseHasKeys/nocb_basehaskeys.cs,1,class,ok,SamplesNameObjectCollectionBase,SamplesNameObjectCollectionBase,13d97c7e536ce822c000883dba873a79d5d6e841,2022-01-25T15:59:58-08:00,13d97c7e536ce822c000883dba873a79d5d6e841,2022-01-25T15:59:58-08:00,1,1664,0.04,,,False,False,1,0,1237.96,0.0,0.0008077781330401797,,111510915.0,dotnet/dotnet-api-docs,C#
snippets/csharp/System.Collections.Specialized/NameObjectCollectionBase/BaseHasKeys/nocb_basehaskeys.cs,0,callable,ok,MyCollection.MyCollection,MyCollection.MyCollection,13d97c7e536ce822c000883dba873a79d5d6e841,2022-01-25T15:59:58-08:00,13d97c7e536ce822c000883dba873a79d5d6e841,2022-01-25T15:59:58-08:00,1,1664,0.5,,,False,False,1,0,1237.96,0.0,0.0008077781330401797,,111510915.0,dotnet/dotnet-api-docs,C#
snippets/csharp/System.Collections.Specialized/NameObjectCollectionBase/BaseHasKeys/nocb_basehaskeys.cs,1,callable,ok,MyCollection.Add,MyCollection.Add,13d97c7e536ce822c000883dba873a79d5d6e841,2022-01-25T15:59:58-08:00,13d97c7e536ce822c000883dba873a79d5d6e841,2022-01-25T15:59:58-08:00,1,1664,0.3333333333333333,,,False,False,1,0,1237.96,0.0,0.0008077781330401797,,111510915.0,dotnet/dotnet-api-docs,C#
snippets/csharp/System.Collections.Specialized/NameObjectCollectionBase/BaseHasKeys/nocb_basehaskeys.cs,2,callable,ok,SamplesNameObjectCollectionBase.Main,SamplesNameObjectCollectionBase.Main,13d97c7e536ce822c000883dba873a79d5d6e841,2022-01-25T15:59:58-08:00,13d97c7e536ce822c000883dba873a79d5d6e841,2022-01-25T15:59:58-08:00,1,1664,0.0625,,,False,False,1,0,1237.96,0.0,0.0008077781330401797,,111510915.0,dotnet/dotnet-api-docs,C#
snippets/csharp/System.Collections.Specialized/NameObjectCollectionBase/BaseHasKeys/nocb_basehaskeys.cs,3,callable,ok,SamplesNameObjectCollectionBase.PrintKeysAndValues,SamplesNameObjectCollectionBase.PrintKeysAndValues,13d97c7e536ce822c000883dba873a79d5d6e841,2022-01-25T15:59:58-08:00,13d97c7e536ce822c000883dba873a79d5d6e841,2022-01-25T15:59:58-08:00,1,1664,0.2,,,False,False,1,0,1237.96,0.0,0.0008077781330401797,,111510915.0,dotnet/dotnet-api-docs,C#
snippets/csharp/System.ComponentModel.Design/DesignerTransactionCloseEventHandler/Overview/designertransactioncloseeventhandlerexample.cs,0,class,ok,MiscCompModSamples.DesignerTransactionCloseEventHandlerExample,MiscCompModSamples.DesignerTransactionCloseEventHandlerExample,584b566db81e628370fc1a2712e2028d657bb235,2022-02-02T09:12:36-08:00,584b566db81e628370fc1a2712e2028d657bb235,2022-02-02T09:12:36-08:00,1,1656,0.041666666666666664,,,False,False,1,0,1230.25,0.0,0.0008128451740210731,,111510915.0,dotnet/dotnet-api-docs,C#
snippets/csharp/System.ComponentModel.Design/DesignerTransactionCloseEventHandler/Overview/designertransactioncloseeventhandlerexample.cs,0,callable,ok,MiscCompModSamples.DesignerTransactionCloseEventHandlerExample.DesignerTransactionCloseEventHandlerExample,MiscCompModSamples.DesignerTransactionCloseEventHandlerExample.DesignerTransactionCloseEventHandlerExample,584b566db81e628370fc1a2712e2028d657bb235,2022-02-02T09:12:36-08:00,584b566db81e628370fc1a2712e2028d657bb235,2022-02-02T09:12:36-08:00,1,1656,0.3333333333333333,,,False,False,1,0,1230.25,0.0,0.0008128451740210731,,111510915.0,dotnet/dotnet-api-docs,C#
snippets/csharp/System.ComponentModel.Design/DesignerTransactionCloseEventHandler/Overview/designertransactioncloseeventhandlerexample.cs,1,callable,ok,MiscCompModSamples.DesignerTransactionCloseEventHandlerExample.LinkDesignerTransactionCloseEvent,MiscCompModSamples.DesignerTransactionCloseEventHandlerExample.LinkDesignerTransactionCloseEvent,584b566db81e628370fc1a2712e2028d657bb235,2022-02-02T09:12:36-08:00,584b566db81e628370fc1a2712e2028d657bb235,2022-02-02T09:12:36-08:00,1,1656,0.16666666666666666,,,False,False,1,0,1230.25,0.0,0.0008128451740210731,,111510915.0,dotnet/dotnet-api-docs,C#
snippets/csharp/System.ComponentModel.Design/DesignerTransactionCloseEventHandler/Overview/designertransactioncloseeventhandlerexample.cs,2,callable,ok,MiscCompModSamples.DesignerTransactionCloseEventHandlerExample.OnTransactionClose,MiscCompModSamples.DesignerTransactionCloseEventHandlerExample.OnTransactionClose,584b566db81e628370fc1a2712e2028d657bb235,2022-02-02T09:12:36-08:00,584b566db81e628370fc1a2712e2028d657bb235,2022-02-02T09:12:36-08:00,1,1656,0.125,,,False,False,1,0,1230.25,0.0,0.0008128451740210731,,111510915.0,dotnet/dotnet-api-docs,C#
snippets/csharp/System.ComponentModel.Design/LocalizationExtenderProvider/Overview/class1.cs,0,class,ok,LocalizationExtenderProviderExample.RootViewDesignerComponent,LocalizationExtenderProviderExample.RootViewDesignerComponent,584b566db81e628370fc1a2712e2028d657bb235,2022-02-02T09:12:36-08:00,584b566db81e628370fc1a2712e2028d657bb235,2022-02-02T09:12:36-08:00,1,1656,0.16666666666666666,,,False,False,1,0,1230.25,0.0,0.0008128451740210731,,111510915.0,dotnet/dotnet-api-docs,C#
snippets/csharp/System.ComponentModel.Design/LocalizationExtenderProvider/Overview/class1.cs,1,class,ok,LocalizationExtenderProviderExample.RootDesignedComponent,LocalizationExtenderProviderExample.RootDesignedComponent,584b566db81e628370fc1a2712e2028d657bb235,2022-02-02T09:12:36-08:00,584b566db81e628370fc1a2712e2028d657bb235,2022-02-02T09:12:36-08:00,1,1656,0.14285714285714285,,,False,False,1,0,1230.25,0.0,0.0008128451740210731,,111510915.0,dotnet/dotnet-api-docs,C#
snippets/csharp/System.ComponentModel.Design/LocalizationExtenderProvider/Overview/class1.cs,2,class,ok,LocalizationExtenderProviderExample.SampleRootDesigner,LocalizationExtenderProviderExample.SampleRootDesigner,584b566db81e628370fc1a2712e2028d657bb235,2022-02-02T09:12:36-08:00,584b566db81e628370fc1a2712e2028d657bb235,2022-02-02T09:12:36-08:00,1,1656,0.008130081300813009,,,False,False,1,0,1230.25,0.0,0.0008128451740210731,,111510915.0,dotnet/dotnet-api-docs,C#
snippets/csharp/System.ComponentModel.Design/LocalizationExtenderProvider/Overview/class1.cs,3,class,ok,LocalizationExtenderProviderExample.SampleRootDesigner.RootDesignerView,LocalizationExtenderProviderExample.SampleRootDesigner.RootDesignerView,584b566db81e628370fc1a2712e2028d657bb235,2022-02-02T09:12:36-08:00,584b566db81e628370fc1a2712e2028d657bb235,2022-02-02T09:12:36-08:00,1,1656,0.030303030303030304,,,False,False,1,0,1230.25,0.0,0.0008128451740210731,,111510915.0,dotnet/dotnet-api-docs,C#
snippets/csharp/System.ComponentModel.Design/LocalizationExtenderProvider/Overview/class1.cs,0,callable,ok,LocalizationExtenderProviderExample.RootViewDesignerComponent.RootViewDesignerComponent,LocalizationExtenderProviderExample.RootViewDesignerComponent.RootViewDesignerComponent,584b566db81e628370fc1a2712e2028d657bb235,2022-02-02T09:12:36-08:00,584b566db81e628370fc1a2712e2028d657bb235,2022-02-02T09:12:36-08:00,1,1656,0.3333333333333333,,,False,False,1,0,1230.25,0.0,0.0008128451740210731,,111510915.0,dotnet/dotnet-api-docs,C#
snippets/csharp/System.ComponentModel.Design/LocalizationExtenderProvider/Overview/class1.cs,1,callable,ok,LocalizationExtenderProviderExample.RootDesignedComponent.RootDesignedComponent,LocalizationExtenderProviderExample.RootDesignedComponent.RootDesignedComponent,584b566db81e628370fc1a2712e2028d657bb235,2022-02-02T09:12:36-08:00,584b566db81e628370fc1a2712e2028d657bb235,2022-02-02T09:12:36-08:00,1,1656,0.3333333333333333,,,False,False,1,0,1230.25,0.0,0.0008128451740210731,,111510915.0,dotnet/dotnet-api-docs,C#
snippets/csharp/System.ComponentModel.Design/LocalizationExtenderProvider/Overview/class1.cs,2,callable,ok,LocalizationExtenderProviderExample.SampleRootDesigner.Initialize,LocalizationExtenderProviderExample.SampleRootDesigner.Initialize,584b566db81e628370fc1a2712e2028d657bb235,2022-02-02T09:12:36-08:00,584b566db81e628370fc1a2712e2028d657bb235,2022-02-02T09:12:36-08:00,1,1656,0.07692307692307693,,,False,False,1,0,1230.25,0.0,0.0008128451740210731,,111510915.0,dotnet/dotnet-api-docs,C#
snippets/csharp/System.ComponentModel.Design/LocalizationExtenderProvider/Overview/class1.cs,3,callable,ok,LocalizationExtenderProviderExample.SampleRootDesigner.GetView,LocalizationExtenderProviderExample.SampleRootDesigner.GetView,584b566db81e628370fc1a2712e2028d657bb235,2022-02-02T09:12:36-08:00,584b566db81e628370fc1a2712e2028d657bb235,2022-02-02T09:12:36-08:00,1,1656,0.07142857142857142,,,False,False,1,0,1230.25,0.0,0.0008128451740210731,,111510915.0,dotnet/dotnet-api-docs,C#
snippets/csharp/System.ComponentModel.Design/LocalizationExtenderProvider/Overview/class1.cs,4,callable,ok,LocalizationExtenderProviderExample.SampleRootDesigner.Dispose,LocalizationExtenderProviderExample.SampleRootDesigner.Dispose,584b566db81e628370fc1a2712e2028d657bb235,2022-02-02T09:12:36-08:00,584b566db81e628370fc1a2712e2028d657bb235,2022-02-02T09:12:36-08:00,1,1656,0.3333333333333333,,,False,False,1,0,1230.25,0.0,0.0008128451740210731,,111510915.0,dotnet/dotnet-api-docs,C#
snippets/csharp/System.ComponentModel.Design/LocalizationExtenderProvider/Overview/class1.cs,5,callable,ok,LocalizationExtenderProviderExample.SampleRootDesigner.DoDefaultAction,LocalizationExtenderProviderExample.SampleRootDesigner.DoDefaultAction,584b566db81e628370fc1a2712e2028d657bb235,2022-02-02T09:12:36-08:00,584b566db81e628370fc1a2712e2028d657bb235,2022-02-02T09:12:36-08:00,1,1656,0.3333333333333333,,,False,False,1,0,1230.25,0.0,0.0008128451740210731,,111510915.0,dotnet/dotnet-api-docs,C#
snippets/csharp/System.ComponentModel.Design/LocalizationExtenderProvider/Overview/class1.cs,6,callable,ok,LocalizationExtenderProviderExample.SampleRootDesigner.RootDesignerView.RootDesignerView,LocalizationExtenderProviderExample.SampleRootDesigner.RootDesignerView.RootDesignerView,584b566db81e628370fc1a2712e2028d657bb235,2022-02-02T09:12:36-08:00,584b566db81e628370fc1a2712e2028d657bb235,2022-02-02T09:12:36-08:00,1,1656,0.14285714285714285,,,False,False,1,0,1230.25,0.0,0.0008128451740210731,,111510915.0,dotnet/dotnet-api-docs,C#
snippets/csharp/System.ComponentModel.Design/LocalizationExtenderProvider/Overview/class1.cs,7,callable,ok,LocalizationExtenderProviderExample.SampleRootDesigner.RootDesignerView.OnPaint,LocalizationExtenderProviderExample.SampleRootDesigner.RootDesignerView.OnPaint,584b566db81e628370fc1a2712e2028d657bb235,2022-02-02T09:12:36-08:00,584b566db81e628370fc1a2712e2028d657bb235,2022-02-02T09:12:36-08:00,1,1656,0.058823529411764705,,,False,False,1,0,1230.25,0.0,0.0008128451740210731,,111510915.0,dotnet/dotnet-api-docs,C#
snippets/csharp/System.ComponentModel/IEditableCollectionView/Overview/Properties/Settings.Designer.cs,0,class,ok,EditingCollectionsSnippets.Properties.Settings,EditingCollectionsSnippets.Properties.Settings,a9609bb7852fb815b1b9ebff6b5889bfcf9b21da,2022-02-09T10:09:47-08:00,a9609bb7852fb815b1b9ebff6b5889bfcf9b21da,2022-02-09T10:09:47-08:00,1,1649,0.08333333333333333,,,False,False,1,0,1223.21,0.0,0.0008175232010529699,,111510915.0,dotnet/dotnet-api-docs,C#
snippets/csharp/System.ComponentModel/PropertyDescriptor/Overview/DemoControlDesigner.cs,0,class,ok,ReadOnlyPropertyDescriptorTest.DemoControlDesigner,ReadOnlyPropertyDescriptorTest.DemoControlDesigner,584b566db81e628370fc1a2712e2028d657bb235,2022-02-02T09:12:36-08:00,584b566db81e628370fc1a2712e2028d657bb235,2022-02-02T09:12:36-08:00,1,1656,0.05263157894736842,,,False,False,1,0,1230.25,0.0,0.0008128451740210731,,111510915.0,dotnet/dotnet-api-docs,C#
snippets/csharp/System.ComponentModel/PropertyDescriptor/Overview/DemoControlDesigner.cs,0,callable,ok,ReadOnlyPropertyDescriptorTest.DemoControlDesigner.PostFilterProperties,ReadOnlyPropertyDescriptorTest.DemoControlDesigner.PostFilterProperties,584b566db81e628370fc1a2712e2028d657bb235,2022-02-02T09:12:36-08:00,584b566db81e628370fc1a2712e2028d657bb235,2022-02-02T09:12:36-08:00,1,1656,0.07692307692307693,,,False,False,1,0,1230.25,0.0,0.0008128451740210731,,111510915.0,dotnet/dotnet-api-docs,C#
snippets/csharp/System.Diagnostics/Debug/Assert/source1.cs,0,class,ok,Form2,Form2,13d97c7e536ce822c000883dba873a79d5d6e841,2022-01-25T15:59:58-08:00,13d97c7e536ce822c000883dba873a79d5d6e841,2022-01-25T15:59:58-08:00,1,1664,0.09090909090909091,,,False,False,1,0,1237.96,0.0,0.0008077781330401797,,111510915.0,dotnet/dotnet-api-docs,C#
snippets/csharp/System.Diagnostics/Debug/Assert/source1.cs,0,callable,ok,Form2.MyMethod,Form2.MyMethod,13d97c7e536ce822c000883dba873a79d5d6e841,2022-01-25T15:59:58-08:00,13d97c7e536ce822c000883dba873a79d5d6e841,2022-01-25T15:59:58-08:00,1,1664,0.16666666666666666,,,False,False,1,0,1237.96,0.0,0.0008077781330401797,,111510915.0,dotnet/dotnet-api-docs,C#
snippets/csharp/System.Diagnostics/Trace/WriteLineIf/source2.cs,0,class,ok,Form1,Form1,13d97c7e536ce822c000883dba873a79d5d6e841,2022-01-25T15:59:58-08:00,13d97c7e536ce822c000883dba873a79d5d6e841,2022-01-25T15:59:58-08:00,1,1664,0.058823529411764705,,,False,False,1,0,1237.96,0.0,0.0008077781330401797,,111510915.0,dotnet/dotnet-api-docs,C#
snippets/csharp/System.Diagnostics/Trace/WriteLineIf/source2.cs,0,callable,ok,Form1.MyErrorMethod,Form1.MyErrorMethod,13d97c7e536ce822c000883dba873a79d5d6e841,2022-01-25T15:59:58-08:00,13d97c7e536ce822c000883dba873a79d5d6e841,2022-01-25T15:59:58-08:00,1,1664,0.14285714285714285,,,False,False,1,0,1237.96,0.0,0.0008077781330401797,,111510915.0,dotnet/dotnet-api-docs,C#
snippets/csharp/System.Drawing.Design/UITypeEditorEditStyle/Overview/marqueeborder.cs,0,class,ok,MarqueeControlLibrary.MarqueeBorder,MarqueeControlLibrary.MarqueeBorder,584b566db81e628370fc1a2712e2028d657bb235,2022-02-02T09:12:36-08:00,584b566db81e628370fc1a2712e2028d657bb235,2022-02-02T09:12:36-08:00,1,1656,0.0017574692442882249,,,False,False,1,0,1230.25,0.0,0.0008128451740210731,,111510915.0,dotnet/dotnet-api-docs,C#
snippets/csharp/System.Drawing.Design/UITypeEditorEditStyle/Overview/marqueeborder.cs,1,class,ok,MarqueeControlLibrary.MarqueeBorder.LightShapeEditor,MarqueeControlLibrary.MarqueeBorder.LightShapeEditor,584b566db81e628370fc1a2712e2028d657bb235,2022-02-02T09:12:36-08:00,584b566db81e628370fc1a2712e2028d657bb235,2022-02-02T09:12:36-08:00,1,1656,0.013333333333333334,,,False,False,1,0,1230.25,0.0,0.0008128451740210731,,111510915.0,dotnet/dotnet-api-docs,C#
snippets/csharp/System.Drawing.Design/UITypeEditorEditStyle/Overview/marqueeborder.cs,0,callable,ok,MarqueeControlLibrary.MarqueeBorder.MarqueeBorder,MarqueeControlLibrary.MarqueeBorder.MarqueeBorder,584b566db81e628370fc1a2712e2028d657bb235,2022-02-02T09:12:36-08:00,584b566db81e628370fc1a2712e2028d657bb235,2022-02-02T09:12:36-08:00,1,1656,0.05,,,False,False,1,0,1230.25,0.0,0.0008128451740210731,,111510915.0,dotnet/dotnet-api-docs,C#
snippets/csharp/System.Drawing.Design/UITypeEditorEditStyle/Overview/marqueeborder.cs,1,callable,ok,MarqueeControlLibrary.MarqueeBorder.StartMarquee,MarqueeControlLibrary.MarqueeBorder.StartMarquee,584b566db81e628370fc1a2712e2028d657bb235,2022-02-02T09:12:36-08:00,584b566db81e628370fc1a2712e2028d657bb235,2022-02-02T09:12:36-08:00,1,1656,0.05555555555555555,,,False,False,1,0,1230.25,0.0,0.0008128451740210731,,111510915.0,dotnet/dotnet-api-docs,C#
snippets/csharp/System.Drawing.Design/UITypeEditorEditStyle/Overview/marqueeborder.cs,2,callable,ok,MarqueeControlLibrary.MarqueeBorder.StopMarquee,MarqueeControlLibrary.MarqueeBorder.StopMarquee,584b566db81e628370fc1a2712e2028d657bb235,2022-02-02T09:12:36-08:00,584b566db81e628370fc1a2712e2028d657bb235,2022-02-02T09:12:36-08:00,1,1656,0.05555555555555555,,,False,False,1,0,1230.25,0.0,0.0008128451740210731,,111510915.0,dotnet/dotnet-api-docs,C#
snippets/csharp/System.Drawing.Design/UITypeEditorEditStyle/Overview/marqueeborder.cs,3,callable,ok,MarqueeControlLibrary.MarqueeBorder.OnLayout,MarqueeControlLibrary.MarqueeBorder.OnLayout,584b566db81e628370fc1a2712e2028d657bb235,2022-02-02T09:12:36-08:00,584b566db81e628370fc1a2712e2028d657bb235,2022-02-02T09:12:36-08:00,1,1656,0.14285714285714285,,,False,False,1,0,1230.25,0.0,0.0008128451740210731,,111510915.0,dotnet/dotnet-api-docs,C#
snippets/csharp/System.Drawing.Design/UITypeEditorEditStyle/Overview/marqueeborder.cs,4,callable,ok,MarqueeControlLibrary.MarqueeBorder.OnPaint,MarqueeControlLibrary.MarqueeBorder.OnPaint,584b566db81e628370fc1a2712e2028d657bb235,2022-02-02T09:12:36-08:00,584b566db81e628370fc1a2712e2028d657bb235,2022-02-02T09:12:36-08:00,1,1656,0.011363636363636364,,,False,False,1,0,1230.25,0.0,0.0008128451740210731,,111510915.0,dotnet/dotnet-api-docs,C#
snippets/csharp/System.Drawing.Design/UITypeEditorEditStyle/Overview/marqueeborder.cs,5,callable,ok,MarqueeControlLibrary.MarqueeBorder.IsLit,MarqueeControlLibrary.MarqueeBorder.IsLit,584b566db81e628370fc1a2712e2028d657bb235,2022-02-02T09:12:36-08:00,584b566db81e628370fc1a2712e2028d657bb235,2022-02-02T09:12:36-08:00,1,1656,0.1111111111111111,,,False,False,1,0,1230.25,0.0,0.0008128451740210731,,111510915.0,dotnet/dotnet-api-docs,C#
snippets/csharp/System.Drawing.Design/UITypeEditorEditStyle/Overview/marqueeborder.cs,6,callable,ok,MarqueeControlLibrary.MarqueeBorder.DrawLight,MarqueeControlLibrary.MarqueeBorder.DrawLight,584b566db81e628370fc1a2712e2028d657bb235,2022-02-02T09:12:36-08:00,584b566db81e628370fc1a2712e2028d657bb235,2022-02-02T09:12:36-08:00,1,1656,0.04,,,False,False,1,0,1230.25,0.0,0.0008128451740210731,,111510915.0,dotnet/dotnet-api-docs,C#
snippets/csharp/System.Drawing.Design/UITypeEditorEditStyle/Overview/marqueeborder.cs,7,callable,ok,MarqueeControlLibrary.MarqueeBorder.backgroundWorker1_DoWork,MarqueeControlLibrary.MarqueeBorder.backgroundWorker1_DoWork,584b566db81e628370fc1a2712e2028d657bb235,2022-02-02T09:12:36-08:00,584b566db81e628370fc1a2712e2028d657bb235,2022-02-02T09:12:36-08:00,1,1656,0.05,,,False,False,1,0,1230.25,0.0,0.0008128451740210731,,111510915.0,dotnet/dotnet-api-docs,C#
snippets/csharp/System.Drawing.Design/UITypeEditorEditStyle/Overview/marqueeborder.cs,8,callable,ok,MarqueeControlLibrary.MarqueeBorder.backgroundWorker1_ProgressChanged,MarqueeControlLibrary.MarqueeBorder.backgroundWorker1_ProgressChanged,584b566db81e628370fc1a2712e2028d657bb235,2022-02-02T09:12:36-08:00,584b566db81e628370fc1a2712e2028d657bb235,2022-02-02T09:12:36-08:00,1,1656,0.14285714285714285,,,False,False,1,0,1230.25,0.0,0.0008128451740210731,,111510915.0,dotnet/dotnet-api-docs,C#
snippets/csharp/System.Drawing.Design/UITypeEditorEditStyle/Overview/marqueeborder.cs,9,callable,ok,MarqueeControlLibrary.MarqueeBorder.InitializeComponent,MarqueeControlLibrary.MarqueeBorder.InitializeComponent,584b566db81e628370fc1a2712e2028d657bb235,2022-02-02T09:12:36-08:00,584b566db81e628370fc1a2712e2028d657bb235,2022-02-02T09:12:36-08:00,1,1656,0.08333333333333333,,,False,False,1,0,1230.25,0.0,0.0008128451740210731,,111510915.0,dotnet/dotnet-api-docs,C#
snippets/csharp/System.Drawing.Design/UITypeEditorEditStyle/Overview/marqueeborder.cs,10,callable,ok,MarqueeControlLibrary.MarqueeBorder.LightShapeEditor.GetEditStyle,MarqueeControlLibrary.MarqueeBorder.LightShapeEditor.GetEditStyle,584b566db81e628370fc1a2712e2028d657bb235,2022-02-02T09:12:36-08:00,584b566db81e628370fc1a2712e2028d657bb235,2022-02-02T09:12:36-08:00,1,1656,0.2,,,False,False,1,0,1230.25,0.0,0.0008128451740210731,,111510915.0,dotnet/dotnet-api-docs,C#
snippets/csharp/System.Drawing.Design/UITypeEditorEditStyle/Overview/marqueeborder.cs,11,callable,ok,MarqueeControlLibrary.MarqueeBorder.LightShapeEditor.EditValue,MarqueeControlLibrary.MarqueeBorder.LightShapeEditor.EditValue,584b566db81e628370fc1a2712e2028d657bb235,2022-02-02T09:12:36-08:00,584b566db81e628370fc1a2712e2028d657bb235,2022-02-02T09:12:36-08:00,1,1656,0.037037037037037035,,,False,False,1,0,1230.25,0.0,0.0008128451740210731,,111510915.0,dotnet/dotnet-api-docs,C#
snippets/csharp/System.Drawing.Design/UITypeEditorEditStyle/Overview/marqueeborder.cs,12,callable,ok,MarqueeControlLibrary.MarqueeBorder.LightShapeEditor.GetPaintValueSupported,MarqueeControlLibrary.MarqueeBorder.LightShapeEditor.GetPaintValueSupported,584b566db81e628370fc1a2712e2028d657bb235,2022-02-02T09:12:36-08:00,584b566db81e628370fc1a2712e2028d657bb235,2022-02-02T09:12:36-08:00,1,1656,0.2,,,False,False,1,0,1230.25,0.0,0.0008128451740210731,,111510915.0,dotnet/dotnet-api-docs,C#
snippets/csharp/System.Drawing.Design/UITypeEditorEditStyle/Overview/marqueeborder.cs,13,callable,ok,MarqueeControlLibrary.MarqueeBorder.LightShapeEditor.PaintValue,MarqueeControlLibrary.MarqueeBorder.LightShapeEditor.PaintValue,584b566db81e628370fc1a2712e2028d657bb235,2022-02-02T09:12:36-08:00,584b566db81e628370fc1a2712e2028d657bb235,2022-02-02T09:12:36-08:00,1,1656,0.06666666666666667,,,False,False,1,0,1230.25,0.0,0.0008128451740210731,,111510915.0,dotnet/dotnet-api-docs,C#
snippets/csharp/System.Drawing/Graphics/CopyFromScreen/Form1.cs,0,class,ok,Form1,Form1,584b566db81e628370fc1a2712e2028d657bb235,2022-02-02T09:12:36-08:00,584b566db81e628370fc1a2712e2028d657bb235,2022-02-02T09:12:36-08:00,1,1656,0.023809523809523808,,,False,False,1,0,1230.25,0.0,0.0008128451740210731,,111510915.0,dotnet/dotnet-api-docs,C#
snippets/csharp/System.Drawing/Graphics/CopyFromScreen/Form1.cs,0,callable,ok,Form1.Form1,Form1.Form1,584b566db81e628370fc1a2712e2028d657bb235,2022-02-02T09:12:36-08:00,584b566db81e628370fc1a2712e2028d657bb235,2022-02-02T09:12:36-08:00,1,1656,0.14285714285714285,,,False,False,1,0,1230.25,0.0,0.0008128451740210731,,111510915.0,dotnet/dotnet-api-docs,C#
snippets/csharp/System.Drawing/Graphics/CopyFromScreen/Form1.cs,1,callable,ok,Form1.printButton_Click,Form1.printButton_Click,584b566db81e628370fc1a2712e2028d657bb235,2022-02-02T09:12:36-08:00,584b566db81e628370fc1a2712e2028d657bb235,2022-02-02T09:12:36-08:00,1,1656,0.2,,,False,False,1,0,1230.25,0.0,0.0008128451740210731,,111510915.0,dotnet/dotnet-api-docs,C#
snippets/csharp/System.Drawing/Graphics/CopyFromScreen/Form1.cs,2,callable,ok,Form1.CaptureScreen,Form1.CaptureScreen,584b566db81e628370fc1a2712e2028d657bb235,2022-02-02T09:12:36-08:00,584b566db81e628370fc1a2712e2028d657bb235,2022-02-02T09:12:36-08:00,1,1656,0.125,,,False,False,1,0,1230.25,0.0,0.0008128451740210731,,111510915.0,dotnet/dotnet-api-docs,C#
snippets/csharp/System.Drawing/Graphics/CopyFromScreen/Form1.cs,3,callable,ok,Form1.printDocument1_PrintPage,Form1.printDocument1_PrintPage,584b566db81e628370fc1a2712e2028d657bb235,2022-02-02T09:12:36-08:00,584b566db81e628370fc1a2712e2028d657bb235,2022-02-02T09:12:36-08:00,1,1656,0.2,,,False,False,1,0,1230.25,0.0,0.0008128451740210731,,111510915.0,dotnet/dotnet-api-docs,C#
snippets/csharp/System.Drawing/Graphics/CopyFromScreen/Form1.cs,4,callable,ok,Form1.Main,Form1.Main,584b566db81e628370fc1a2712e2028d657bb235,2022-02-02T09:12:36-08:00,584b566db81e628370fc1a2712e2028d657bb235,2022-02-02T09:12:36-08:00,1,1656,0.25,,,False,False,1,0,1230.25,0.0,0.0008128451740210731,,111510915.0,dotnet/dotnet-api-docs,C#
snippets/csharp/System.Globalization/CultureInfo/Overview/perthread1.cs,0,class,ok,Example,Example,13d97c7e536ce822c000883dba873a79d5d6e841,2022-01-25T15:59:58-08:00,13d97c7e536ce822c000883dba873a79d5d6e841,2022-01-25T15:59:58-08:00,1,1664,0.02040816326530612,,,False,False,1,0,1237.96,0.0,0.0008077781330401797,,111510915.0,dotnet/dotnet-api-docs,C#
snippets/csharp/System.Globalization/CultureInfo/Overview/perthread1.cs,0,callable,ok,Example.Main,Example.Main,13d97c7e536ce822c000883dba873a79d5d6e841,2022-01-25T15:59:58-08:00,13d97c7e536ce822c000883dba873a79d5d6e841,2022-01-25T15:59:58-08:00,1,1664,0.05263157894736842,,,False,False,1,0,1237.96,0.0,0.0008077781330401797,,111510915.0,dotnet/dotnet-api-docs,C#
snippets/csharp/System.Globalization/CultureInfo/Overview/perthread1.cs,1,callable,ok,Example.DisplayThreadInfo,Example.DisplayThreadInfo,13d97c7e536ce822c000883dba873a79d5d6e841,2022-01-25T15:59:58-08:00,13d97c7e536ce822c000883dba873a79d5d6e841,2022-01-25T15:59:58-08:00,1,1664,0.125,,,False,False,1,0,1237.96,0.0,0.0008077781330401797,,111510915.0,dotnet/dotnet-api-docs,C#
snippets/csharp/System.Globalization/CultureInfo/Overview/perthread1.cs,2,callable,ok,Example.DisplayValues,Example.DisplayValues,13d97c7e536ce822c000883dba873a79d5d6e841,2022-01-25T15:59:58-08:00,13d97c7e536ce822c000883dba873a79d5d6e841,2022-01-25T15:59:58-08:00,1,1664,0.14285714285714285,,,False,False,1,0,1237.96,0.0,0.0008077781330401797,,111510915.0,dotnet/dotnet-api-docs,C#
snippets/csharp/System.Globalization/CultureInfo/Overview/perthread1.cs,3,callable,ok,Example.ThreadProc,Example.ThreadProc,13d97c7e536ce822c000883dba873a79d5d6e841,2022-01-25T15:59:58-08:00,13d97c7e536ce822c000883dba873a79d5d6e841,2022-01-25T15:59:58-08:00,1,1664,0.14285714285714285,,,False,False,1,0,1237.96,0.0,0.0008077781330401797,,111510915.0,dotnet/dotnet-api-docs,C#
snippets/csharp/System.Globalization/DateTimeFormatInfo/SortableDateTimePattern/dtfi_sortabledatetimepattern.cs,0,class,ok,SamplesDTFI,SamplesDTFI,13d97c7e536ce822c000883dba873a79d5d6e841,2022-01-25T15:59:58-08:00,13d97c7e536ce822c000883dba873a79d5d6e841,2022-01-25T15:59:58-08:00,1,1664,0.058823529411764705,,,False,False,1,0,1237.96,0.0,0.0008077781330401797,,111510915.0,dotnet/dotnet-api-docs,C#
snippets/csharp/System.Globalization/DateTimeFormatInfo/SortableDateTimePattern/dtfi_sortabledatetimepattern.cs,0,callable,ok,SamplesDTFI.Main,SamplesDTFI.Main,13d97c7e536ce822c000883dba873a79d5d6e841,2022-01-25T15:59:58-08:00,13d97c7e536ce822c000883dba873a79d5d6e841,2022-01-25T15:59:58-08:00,1,1664,0.125,,,False,False,1,0,1237.96,0.0,0.0008077781330401797,,111510915.0,dotnet/dotnet-api-docs,C#
snippets/csharp/System.Globalization/DateTimeFormatInfo/SortableDateTimePattern/dtfi_sortabledatetimepattern.cs,1,callable,ok,SamplesDTFI.PrintPattern,SamplesDTFI.PrintPattern,13d97c7e536ce822c000883dba873a79d5d6e841,2022-01-25T15:59:58-08:00,13d97c7e536ce822c000883dba873a79d5d6e841,2022-01-25T15:59:58-08:00,1,1664,0.2,,,False,False,1,0,1237.96,0.0,0.0008077781330401797,,111510915.0,dotnet/dotnet-api-docs,C#
snippets/csharp/System.Globalization/KoreanCalendar/GetMonthsInYear/koreancalendar_getmonthsinyear.cs,0,class,ok,SamplesKoreanCalendar,SamplesKoreanCalendar,13d97c7e536ce822c000883dba873a79d5d6e841,2022-01-25T15:59:58-08:00,13d97c7e536ce822c000883dba873a79d5d6e841,2022-01-25T15:59:58-08:00,1,1664,0.03571428571428571,,,False,False,1,0,1237.96,0.0,0.0008077781330401797,,111510915.0,dotnet/dotnet-api-docs,C#
snippets/csharp/System.Globalization/KoreanCalendar/GetMonthsInYear/koreancalendar_getmonthsinyear.cs,0,callable,ok,SamplesKoreanCalendar.Main,SamplesKoreanCalendar.Main,13d97c7e536ce822c000883dba873a79d5d6e841,2022-01-25T15:59:58-08:00,13d97c7e536ce822c000883dba873a79d5d6e841,2022-01-25T15:59:58-08:00,1,1664,0.04,,,False,False,1,0,1237.96,0.0,0.0008077781330401797,,111510915.0,dotnet/dotnet-api-docs,C#
snippets/csharp/System.IO/File/AppendAllLines/program.cs,0,class,ok,Program,Program,13d97c7e536ce822c000883dba873a79d5d6e841,2022-01-25T15:59:58-08:00,13d97c7e536ce822c000883dba873a79d5d6e841,2022-01-25T15:59:58-08:00,1,1664,0.025,,,False,False,1,0,1237.96,0.0,0.0008077781330401797,,111510915.0,dotnet/dotnet-api-docs,C#
snippets/csharp/System.IO/File/AppendAllLines/program.cs,0,callable,ok,Program.Main,Program.Main,13d97c7e536ce822c000883dba873a79d5d6e841,2022-01-25T15:59:58-08:00,13d97c7e536ce822c000883dba873a79d5d6e841,2022-01-25T15:59:58-08:00,1,1664,0.05263157894736842,,,False,False,1,0,1237.96,0.0,0.0008077781330401797,,111510915.0,dotnet/dotnet-api-docs,C#
snippets/csharp/System.IO/File/AppendAllLines/program.cs,1,callable,ok,Program.CreateSampleFile,Program.CreateSampleFile,13d97c7e536ce822c000883dba873a79d5d6e841,2022-01-25T15:59:58-08:00,13d97c7e536ce822c000883dba873a79d5d6e841,2022-01-25T15:59:58-08:00,1,1664,0.06666666666666667,,,False,False,1,0,1237.96,0.0,0.0008077781330401797,,111510915.0,dotnet/dotnet-api-docs,C#
snippets/csharp/System.IO/FileInfo/Create/fileinfodelete.cs,0,class,ok,DeleteTest,DeleteTest,13d97c7e536ce822c000883dba873a79d5d6e841,2022-01-25T15:59:58-08:00,13d97c7e536ce822c000883dba873a79d5d6e841,2022-01-25T15:59:58-08:00,1,1664,0.07142857142857142,,,False,False,1,0,1237.96,0.0,0.0008077781330401797,,111510915.0,dotnet/dotnet-api-docs,C#
snippets/csharp/System.IO/FileInfo/Create/fileinfodelete.cs,0,callable,ok,DeleteTest.Main,DeleteTest.Main,13d97c7e536ce822c000883dba873a79d5d6e841,2022-01-25T15:59:58-08:00,13d97c7e536ce822c000883dba873a79d5d6e841,2022-01-25T15:59:58-08:00,1,1664,0.09090909090909091,,,False,False,1,0,1237.96,0.0,0.0008077781330401797,,111510915.0,dotnet/dotnet-api-docs,C#
snippets/csharp/System.Net.Http/HttpClient/source.cs,0,class,ok,HttpClient_Example,HttpClient_Example,13d97c7e536ce822c000883dba873a79d5d6e841,2022-01-25T15:59:58-08:00,13d97c7e536ce822c000883dba873a79d5d6e841,2022-01-25T15:59:58-08:00,1,1664,0.037037037037037035,,,False,False,1,0,1237.96,0.0,0.0008077781330401797,,111510915.0,dotnet/dotnet-api-docs,C#
snippets/csharp/System.Net.Http/HttpClient/source.cs,0,callable,ok,HttpClient_Example.Main,HttpClient_Example.Main,13d97c7e536ce822c000883dba873a79d5d6e841,2022-01-25T15:59:58-08:00,13d97c7e536ce822c000883dba873a79d5d6e841,2022-01-25T15:59:58-08:00,1,1664,0.05263157894736842,,,False,False,1,0,1237.96,0.0,0.0008077781330401797,,111510915.0,dotnet/dotnet-api-docs,C#
snippets/csharp/System.Net.Security/NegotiateStream/Overview/server.cs,0,class,ok,Examples.NegotiateStreamExample.AsynchronousAuthenticatingTcpListener,Examples.NegotiateStreamExample.AsynchronousAuthenticatingTcpListener,17c58dc9d579eba45f6f20bb08ad5ff0a63dec47,2022-01-28T09:08:15-08:00,17c58dc9d579eba45f6f20bb08ad5ff0a63dec47,2022-01-28T09:08:15-08:00,1,1661,0.008333333333333333,,,False,False,1,0,1235.25,0.0,0.0008095529800235494,,111510915.0,dotnet/dotnet-api-docs,C#
snippets/csharp/System.Net.Security/NegotiateStream/Overview/server.cs,1,class,ok,Examples.NegotiateStreamExample.ClientState,Examples.NegotiateStreamExample.ClientState,17c58dc9d579eba45f6f20bb08ad5ff0a63dec47,2022-01-28T09:08:15-08:00,17c58dc9d579eba45f6f20bb08ad5ff0a63dec47,2022-01-28T09:08:15-08:00,1,1661,0.05,,,False,False,1,0,1235.25,0.0,0.0008095529800235494,,111510915.0,dotnet/dotnet-api-docs,C#
snippets/csharp/System.Net.Security/NegotiateStream/Overview/server.cs,0,callable,ok,Examples.NegotiateStreamExample.AsynchronousAuthenticatingTcpListener.Main,Examples.NegotiateStreamExample.AsynchronousAuthenticatingTcpListener.Main,17c58dc9d579eba45f6f20bb08ad5ff0a63dec47,2022-01-28T09:08:15-08:00,17c58dc9d579eba45f6f20bb08ad5ff0a63dec47,2022-01-28T09:08:15-08:00,1,1661,0.041666666666666664,,,False,False,1,0,1235.25,0.0,0.0008095529800235494,,111510915.0,dotnet/dotnet-api-docs,C#
snippets/csharp/System.Net.Security/NegotiateStream/Overview/server.cs,1,callable,ok,Examples.NegotiateStreamExample.AsynchronousAuthenticatingTcpListener.AuthenticateClient,Examples.NegotiateStreamExample.AsynchronousAuthenticatingTcpListener.AuthenticateClient,17c58dc9d579eba45f6f20bb08ad5ff0a63dec47,2022-01-28T09:08:15-08:00,17c58dc9d579eba45f6f20bb08ad5ff0a63dec47,2022-01-28T09:08:15-08:00,1,1661,0.023255813953488372,,,False,False,1,0,1235.25,0.0,0.0008095529800235494,,111510915.0,dotnet/dotnet-api-docs,C#
snippets/csharp/System.Net.Security/NegotiateStream/Overview/server.cs,2,callable,ok,Examples.NegotiateStreamExample.AsynchronousAuthenticatingTcpListener.EndAuthenticateCallback,Examples.NegotiateStreamExample.AsynchronousAuthenticatingTcpListener.EndAuthenticateCallback,17c58dc9d579eba45f6f20bb08ad5ff0a63dec47,2022-01-28T09:08:15-08:00,17c58dc9d579eba45f6f20bb08ad5ff0a63dec47,2022-01-28T09:08:15-08:00,1,1661,0.07692307692307693,,,False,False,1,0,1235.25,0.0,0.0008095529800235494,,111510915.0,dotnet/dotnet-api-docs,C#
snippets/csharp/System.Net.Security/NegotiateStream/Overview/server.cs,3,callable,ok,Examples.NegotiateStreamExample.AsynchronousAuthenticatingTcpListener.EndReadCallback,Examples.NegotiateStreamExample.AsynchronousAuthenticatingTcpListener.EndReadCallback,17c58dc9d579eba45f6f20bb08ad5ff0a63dec47,2022-01-28T09:08:15-08:00,17c58dc9d579eba45f6f20bb08ad5ff0a63dec47,2022-01-28T09:08:15-08:00,1,1661,0.03571428571428571,,,False,False,1,0,1235.25,0.0,0.0008095529800235494,,111510915.0,dotnet/dotnet-api-docs,C#
snippets/csharp/System.Net.Security/NegotiateStream/Overview/server.cs,4,callable,ok,Examples.NegotiateStreamExample.ClientState.ClientState,Examples.NegotiateStreamExample.ClientState.ClientState,17c58dc9d579eba45f6f20bb08ad5ff0a63dec47,2022-01-28T09:08:15-08:00,17c58dc9d579eba45f6f20bb08ad5ff0a63dec47,2022-01-28T09:08:15-08:00,1,1661,0.2,,,False,False,1,0,1235.25,0.0,0.0008095529800235494,,111510915.0,dotnet/dotnet-api-docs,C#
snippets/csharp/System.Net.Sockets/TcpListener/Server/source.cs,0,class,ok,TestClass,TestClass,17c58dc9d579eba45f6f20bb08ad5ff0a63dec47,2022-01-28T09:08:15-08:00,17c58dc9d579eba45f6f20bb08ad5ff0a63dec47,2022-01-28T09:08:15-08:00,1,1661,0.02702702702702703,,,False,False,1,0,1235.25,0.0,0.0008095529800235494,,111510915.0,dotnet/dotnet-api-docs,C#
snippets/csharp/System.Net.Sockets/TcpListener/Server/source.cs,0,callable,ok,TestClass.listenerOption,TestClass.listenerOption,17c58dc9d579eba45f6f20bb08ad5ff0a63dec47,2022-01-28T09:08:15-08:00,17c58dc9d579eba45f6f20bb08ad5ff0a63dec47,2022-01-28T09:08:15-08:00,1,1661,0.058823529411764705,,,False,False,1,0,1235.25,0.0,0.0008095529800235494,,111510915.0,dotnet/dotnet-api-docs,C#
snippets/csharp/System.Net.Sockets/TcpListener/Server/source.cs,1,callable,ok,TestClass.Main,TestClass.Main,17c58dc9d579eba45f6f20bb08ad5ff0a63dec47,2022-01-28T09:08:15-08:00,17c58dc9d579eba45f6f20bb08ad5ff0a63dec47,2022-01-28T09:08:15-08:00,1,1661,0.07142857142857142,,,False,False,1,0,1235.25,0.0,0.0008095529800235494,,111510915.0,dotnet/dotnet-api-docs,C#
snippets/csharp/System.Net/WebClient/GetWebRequest/mywebclient.cs,0,class,ok,Examples.DerivedWebClient.Test,Examples.DerivedWebClient.Test,17c58dc9d579eba45f6f20bb08ad5ff0a63dec47,2022-01-28T09:08:15-08:00,17c58dc9d579eba45f6f20bb08ad5ff0a63dec47,2022-01-28T09:08:15-08:00,1,1661,0.14285714285714285,,,False,False,1,0,1235.25,0.0,0.0008095529800235494,,111510915.0,dotnet/dotnet-api-docs,C#
snippets/csharp/System.Net/WebClient/GetWebRequest/mywebclient.cs,1,class,ok,Examples.DerivedWebClient.CustomWebClient,Examples.DerivedWebClient.CustomWebClient,17c58dc9d579eba45f6f20bb08ad5ff0a63dec47,2022-01-28T09:08:15-08:00,17c58dc9d579eba45f6f20bb08ad5ff0a63dec47,2022-01-28T09:08:15-08:00,1,1661,0.006493506493506494,,,False,False,1,0,1235.25,0.0,0.0008095529800235494,,111510915.0,dotnet/dotnet-api-docs,C#
snippets/csharp/System.Net/WebClient/GetWebRequest/mywebclient.cs,0,callable,ok,Examples.DerivedWebClient.Test.Main,Examples.DerivedWebClient.Test.Main,17c58dc9d579eba45f6f20bb08ad5ff0a63dec47,2022-01-28T09:08:15-08:00,17c58dc9d579eba45f6f20bb08ad5ff0a63dec47,2022-01-28T09:08:15-08:00,1,1661,0.25,,,False,False,1,0,1235.25,0.0,0.0008095529800235494,,111510915.0,dotnet/dotnet-api-docs,C#
snippets/csharp/System.Net/WebClient/GetWebRequest/mywebclient.cs,1,callable,ok,Examples.DerivedWebClient.CustomWebClient.GetWebRequest,Examples.DerivedWebClient.CustomWebClient.GetWebRequest,17c58dc9d579eba45f6f20bb08ad5ff0a63dec47,2022-01-28T09:08:15-08:00,17c58dc9d579eba45f6f20bb08ad5ff0a63dec47,2022-01-28T09:08:15-08:00,1,1661,0.1111111111111111,,,False,False,1,0,1235.25,0.0,0.0008095529800235494,,111510915.0,dotnet/dotnet-api-docs,C#
snippets/csharp/System.Net/WebClient/GetWebRequest/mywebclient.cs,2,callable,ok,Examples.DerivedWebClient.CustomWebClient.GetWebResponse,Examples.DerivedWebClient.CustomWebClient.GetWebResponse,17c58dc9d579eba45f6f20bb08ad5ff0a63dec47,2022-01-28T09:08:15-08:00,17c58dc9d579eba45f6f20bb08ad5ff0a63dec47,2022-01-28T09:08:15-08:00,1,1661,0.16666666666666666,,,False,False,1,0,1235.25,0.0,0.0008095529800235494,,111510915.0,dotnet/dotnet-api-docs,C#
snippets/csharp/System.Net/WebClient/GetWebRequest/mywebclient.cs,3,callable,ok,Examples.DerivedWebClient.CustomWebClient.OnDownloadDataCompleted,Examples.DerivedWebClient.CustomWebClient.OnDownloadDataCompleted,17c58dc9d579eba45f6f20bb08ad5ff0a63dec47,2022-01-28T09:08:15-08:00,17c58dc9d579eba45f6f20bb08ad5ff0a63dec47,2022-01-28T09:08:15-08:00,1,1661,0.1111111111111111,,,False,False,1,0,1235.25,0.0,0.0008095529800235494,,111510915.0,dotnet/dotnet-api-docs,C#
snippets/csharp/System.Net/WebClient/GetWebRequest/mywebclient.cs,4,callable,ok,Examples.DerivedWebClient.CustomWebClient.OnDownloadFileCompleted,Examples.DerivedWebClient.CustomWebClient.OnDownloadFileCompleted,17c58dc9d579eba45f6f20bb08ad5ff0a63dec47,2022-01-28T09:08:15-08:00,17c58dc9d579eba45f6f20bb08ad5ff0a63dec47,2022-01-28T09:08:15-08:00,1,1661,0.1111111111111111,,,False,False,1,0,1235.25,0.0,0.0008095529800235494,,111510915.0,dotnet/dotnet-api-docs,C#
snippets/csharp/System.Net/WebClient/GetWebRequest/mywebclient.cs,5,callable,ok,Examples.DerivedWebClient.CustomWebClient.OnDownloadStringCompleted,Examples.DerivedWebClient.CustomWebClient.OnDownloadStringCompleted,17c58dc9d579eba45f6f20bb08ad5ff0a63dec47,2022-01-28T09:08:15-08:00,17c58dc9d579eba45f6f20bb08ad5ff0a63dec47,2022-01-28T09:08:15-08:00,1,1661,0.1111111111111111,,,False,False,1,0,1235.25,0.0,0.0008095529800235494,,111510915.0,dotnet/dotnet-api-docs,C#
snippets/csharp/System.Net/WebClient/GetWebRequest/mywebclient.cs,6,callable,ok,Examples.DerivedWebClient.CustomWebClient.OnOpenReadCompleted,Examples.DerivedWebClient.CustomWebClient.OnOpenReadCompleted,17c58dc9d579eba45f6f20bb08ad5ff0a63dec47,2022-01-28T09:08:15-08:00,17c58dc9d579eba45f6f20bb08ad5ff0a63dec47,2022-01-28T09:08:15-08:00,1,1661,0.1111111111111111,,,False,False,1,0,1235.25,0.0,0.0008095529800235494,,111510915.0,dotnet/dotnet-api-docs,C#
snippets/csharp/System.Net/WebClient/GetWebRequest/mywebclient.cs,7,callable,ok,Examples.DerivedWebClient.CustomWebClient.OnOpenWriteCompleted,Examples.DerivedWebClient.CustomWebClient.OnOpenWriteCompleted,17c58dc9d579eba45f6f20bb08ad5ff0a63dec47,2022-01-28T09:08:15-08:00,17c58dc9d579eba45f6f20bb08ad5ff0a63dec47,2022-01-28T09:08:15-08:00,1,1661,0.1111111111111111,,,False,False,1,0,1235.25,0.0,0.0008095529800235494,,111510915.0,dotnet/dotnet-api-docs,C#
snippets/csharp/System.Net/WebClient/GetWebRequest/mywebclient.cs,8,callable,ok,Examples.DerivedWebClient.CustomWebClient.OnUploadDataCompleted,Examples.DerivedWebClient.CustomWebClient.OnUploadDataCompleted,17c58dc9d579eba45f6f20bb08ad5ff0a63dec47,2022-01-28T09:08:15-08:00,17c58dc9d579eba45f6f20bb08ad5ff0a63dec47,2022-01-28T09:08:15-08:00,1,1661,0.1111111111111111,,,False,False,1,0,1235.25,0.0,0.0008095529800235494,,111510915.0,dotnet/dotnet-api-docs,C#
snippets/csharp/System.Net/WebClient/GetWebRequest/mywebclient.cs,9,callable,ok,Examples.DerivedWebClient.CustomWebClient.OnUploadFileCompleted,Examples.DerivedWebClient.CustomWebClient.OnUploadFileCompleted,17c58dc9d579eba45f6f20bb08ad5ff0a63dec47,2022-01-28T09:08:15-08:00,17c58dc9d579eba45f6f20bb08ad5ff0a63dec47,2022-01-28T09:08:15-08:00,1,1661,0.1111111111111111,,,False,False,1,0,1235.25,0.0,0.0008095529800235494,,111510915.0,dotnet/dotnet-api-docs,C#
snippets/csharp/System.Net/WebClient/GetWebRequest/mywebclient.cs,10,callable,ok,Examples.DerivedWebClient.CustomWebClient.OnUploadStringCompleted,Examples.DerivedWebClient.CustomWebClient.OnUploadStringCompleted,17c58dc9d579eba45f6f20bb08ad5ff0a63dec47,2022-01-28T09:08:15-08:00,17c58dc9d579eba45f6f20bb08ad5ff0a63dec47,2022-01-28T09:08:15-08:00,1,1661,0.1111111111111111,,,False,False,1,0,1235.25,0.0,0.0008095529800235494,,111510915.0,dotnet/dotnet-api-docs,C#
snippets/csharp/System.Net/WebClient/GetWebRequest/mywebclient.cs,11,callable,ok,Examples.DerivedWebClient.CustomWebClient.OnDownloadProgressChanged,Examples.DerivedWebClient.CustomWebClient.OnDownloadProgressChanged,17c58dc9d579eba45f6f20bb08ad5ff0a63dec47,2022-01-28T09:08:15-08:00,17c58dc9d579eba45f6f20bb08ad5ff0a63dec47,2022-01-28T09:08:15-08:00,1,1661,0.1111111111111111,,,False,False,1,0,1235.25,0.0,0.0008095529800235494,,111510915.0,dotnet/dotnet-api-docs,C#
snippets/csharp/System.Net/WebClient/GetWebRequest/mywebclient.cs,12,callable,ok,Examples.DerivedWebClient.CustomWebClient.OnUploadProgressChanged,Examples.DerivedWebClient.CustomWebClient.OnUploadProgressChanged,17c58dc9d579eba45f6f20bb08ad5ff0a63dec47,2022-01-28T09:08:15-08:00,17c58dc9d579eba45f6f20bb08ad5ff0a63dec47,2022-01-28T09:08:15-08:00,1,1661,0.1111111111111111,,,False,False,1,0,1235.25,0.0,0.0008095529800235494,,111510915.0,dotnet/dotnet-api-docs,C#
snippets/csharp/System.Net/WebClient/GetWebRequest/mywebclient.cs,13,callable,ok,Examples.DerivedWebClient.CustomWebClient.OnUploadValuesCompleted,Examples.DerivedWebClient.CustomWebClient.OnUploadValuesCompleted,17c58dc9d579eba45f6f20bb08ad5ff0a63dec47,2022-01-28T09:08:15-08:00,17c58dc9d579eba45f6f20bb08ad5ff0a63dec47,2022-01-28T09:08:15-08:00,1,1661,0.1111111111111111,,,False,False,1,0,1235.25,0.0,0.0008095529800235494,,111510915.0,dotnet/dotnet-api-docs,C#
snippets/csharp/System.Numerics/Complex/Negate/negate1.cs,0,class,ok,Example,Example,13d97c7e536ce822c000883dba873a79d5d6e841,2022-01-25T15:59:58-08:00,13d97c7e536ce822c000883dba873a79d5d6e841,2022-01-25T15:59:58-08:00,1,1664,0.08333333333333333,,,False,False,1,0,1237.96,0.0,0.0008077781330401797,,111510915.0,dotnet/dotnet-api-docs,C#
snippets/csharp/System.Numerics/Complex/Negate/negate1.cs,0,callable,ok,Example.Main,Example.Main,13d97c7e536ce822c000883dba873a79d5d6e841,2022-01-25T15:59:58-08:00,13d97c7e536ce822c000883dba873a79d5d6e841,2022-01-25T15:59:58-08:00,1,1664,0.1111111111111111,,,False,False,1,0,1237.96,0.0,0.0008077781330401797,,111510915.0,dotnet/dotnet-api-docs,C#
snippets/csharp/System.Reflection.Metadata/MetadataReader/Program.cs,0,class,ok,MetadataReaderSnippets.Program,MetadataReaderSnippets.Program,13d97c7e536ce822c000883dba873a79d5d6e841,2022-01-25T15:59:58-08:00,13d97c7e536ce822c000883dba873a79d5d6e841,2022-01-25T15:59:58-08:00,1,1664,0.14285714285714285,,,False,False,1,0,1237.96,0.0,0.0008077781330401797,,111510915.0,dotnet/dotnet-api-docs,C#
snippets/csharp/System.Reflection.Metadata/MetadataReader/Program.cs,0,callable,ok,MetadataReaderSnippets.Program.Main,MetadataReaderSnippets.Program.Main,13d97c7e536ce822c000883dba873a79d5d6e841,2022-01-25T15:59:58-08:00,13d97c7e536ce822c000883dba873a79d5d6e841,2022-01-25T15:59:58-08:00,1,1664,0.25,,,False,False,1,0,1237.96,0.0,0.0008077781330401797,,111510915.0,dotnet/dotnet-api-docs,C#
snippets/csharp/System.Reflection/Assembly/GetModules/source.cs,0,class,ok,Example,Example,13d97c7e536ce822c000883dba873a79d5d6e841,2022-01-25T15:59:58-08:00,13d97c7e536ce822c000883dba873a79d5d6e841,2022-01-25T15:59:58-08:00,1,1664,0.08333333333333333,,,False,False,1,0,1237.96,0.0,0.0008077781330401797,,111510915.0,dotnet/dotnet-api-docs,C#
snippets/csharp/System.Reflection/Assembly/GetModules/source.cs,0,callable,ok,Example.Main,Example.Main,13d97c7e536ce822c000883dba873a79d5d6e841,2022-01-25T15:59:58-08:00,13d97c7e536ce822c000883dba873a79d5d6e841,2022-01-25T15:59:58-08:00,1,1664,0.1111111111111111,,,False,False,1,0,1237.96,0.0,0.0008077781330401797,,111510915.0,dotnet/dotnet-api-docs,C#
snippets/csharp/System.Reflection/Assembly/Load/load1.cs,0,class,ok,Class1,Class1,13d97c7e536ce822c000883dba873a79d5d6e841,2022-01-25T15:59:58-08:00,13d97c7e536ce822c000883dba873a79d5d6e841,2022-01-25T15:59:58-08:00,1,1664,0.07692307692307693,,,False,False,1,0,1237.96,0.0,0.0008077781330401797,,111510915.0,dotnet/dotnet-api-docs,C#
snippets/csharp/System.Reflection/Assembly/Load/load1.cs,0,callable,ok,Class1.Main,Class1.Main,13d97c7e536ce822c000883dba873a79d5d6e841,2022-01-25T15:59:58-08:00,13d97c7e536ce822c000883dba873a79d5d6e841,2022-01-25T15:59:58-08:00,1,1664,0.1,,,False,False,1,0,1237.96,0.0,0.0008077781330401797,,111510915.0,dotnet/dotnet-api-docs,C#
snippets/csharp/System.Reflection/AssemblyName/.ctor/assemblyname_constructor.cs,0,class,ok,AssemblyName_Constructor,AssemblyName_Constructor,13d97c7e536ce822c000883dba873a79d5d6e841,2022-01-25T15:59:58-08:00,13d97c7e536ce822c000883dba873a79d5d6e841,2022-01-25T15:59:58-08:00,1,1664,0.019230769230769232,,,False,False,1,0,1237.96,0.0,0.0008077781330401797,,111510915.0,dotnet/dotnet-api-docs,C#
snippets/csharp/System.Reflection/AssemblyName/.ctor/assemblyname_constructor.cs,0,callable,ok,AssemblyName_Constructor.MakeAssembly,AssemblyName_Constructor.MakeAssembly,13d97c7e536ce822c000883dba873a79d5d6e841,2022-01-25T15:59:58-08:00,13d97c7e536ce822c000883dba873a79d5d6e841,2022-01-25T15:59:58-08:00,1,1664,0.043478260869565216,,,False,False,1,0,1237.96,0.0,0.0008077781330401797,,111510915.0,dotnet/dotnet-api-docs,C#
snippets/csharp/System.Reflection/AssemblyName/.ctor/assemblyname_constructor.cs,1,callable,ok,AssemblyName_Constructor.Main,AssemblyName_Constructor.Main,13d97c7e536ce822c000883dba873a79d5d6e841,2022-01-25T15:59:58-08:00,13d97c7e536ce822c000883dba873a79d5d6e841,2022-01-25T15:59:58-08:00,1,1664,0.04,,,False,False,1,0,1237.96,0.0,0.0008077781330401797,,111510915.0,dotnet/dotnet-api-docs,C#
snippets/csharp/System.Reflection/Binder/Overview/binder.cs,0,class,ok,MyBinder,MyBinder,13d97c7e536ce822c000883dba873a79d5d6e841,2022-01-25T15:59:58-08:00,13d97c7e536ce822c000883dba873a79d5d6e841,2022-01-25T15:59:58-08:00,1,1664,0.0035842293906810036,,,False,False,1,0,1237.96,0.0,0.0008077781330401797,,111510915.0,dotnet/dotnet-api-docs,C#
snippets/csharp/System.Reflection/Binder/Overview/binder.cs,1,class,ok,MyBinder.BinderState,MyBinder.BinderState,13d97c7e536ce822c000883dba873a79d5d6e841,2022-01-25T15:59:58-08:00,13d97c7e536ce822c000883dba873a79d5d6e841,2022-01-25T15:59:58-08:00,1,1664,0.25,,,False,False,1,0,1237.96,0.0,0.0008077781330401797,,111510915.0,dotnet/dotnet-api-docs,C#
snippets/csharp/System.Reflection/Binder/Overview/binder.cs,2,class,ok,MyClass1,MyClass1,13d97c7e536ce822c000883dba873a79d5d6e841,2022-01-25T15:59:58-08:00,13d97c7e536ce822c000883dba873a79d5d6e841,2022-01-25T15:59:58-08:00,1,1664,0.07692307692307693,,,False,False,1,0,1237.96,0.0,0.0008077781330401797,,111510915.0,dotnet/dotnet-api-docs,C#
snippets/csharp/System.Reflection/Binder/Overview/binder.cs,3,class,ok,Binder_Example,Binder_Example,13d97c7e536ce822c000883dba873a79d5d6e841,2022-01-25T15:59:58-08:00,13d97c7e536ce822c000883dba873a79d5d6e841,2022-01-25T15:59:58-08:00,1,1664,0.058823529411764705,,,False,False,1,0,1237.96,0.0,0.0008077781330401797,,111510915.0,dotnet/dotnet-api-docs,C#
snippets/csharp/System.Reflection/Binder/Overview/binder.cs,0,callable,ok,MyBinder.MyBinder,MyBinder.MyBinder,13d97c7e536ce822c000883dba873a79d5d6e841,2022-01-25T15:59:58-08:00,13d97c7e536ce822c000883dba873a79d5d6e841,2022-01-25T15:59:58-08:00,1,1664,0.3333333333333333,,,False,False,1,0,1237.96,0.0,0.0008077781330401797,,111510915.0,dotnet/dotnet-api-docs,C#
snippets/csharp/System.Reflection/Binder/Overview/binder.cs,1,callable,ok,MyBinder.BindToField,MyBinder.BindToField,13d97c7e536ce822c000883dba873a79d5d6e841,2022-01-25T15:59:58-08:00,13d97c7e536ce822c000883dba873a79d5d6e841,2022-01-25T15:59:58-08:00,1,1664,0.06666666666666667,,,False,False,1,0,1237.96,0.0,0.0008077781330401797,,111510915.0,dotnet/dotnet-api-docs,C#
snippets/csharp/System.Reflection/Binder/Overview/binder.cs,2,callable,ok,MyBinder.BindToMethod,MyBinder.BindToMethod,13d97c7e536ce822c000883dba873a79d5d6e841,2022-01-25T15:59:58-08:00,13d97c7e536ce822c000883dba873a79d5d6e841,2022-01-25T15:59:58-08:00,1,1664,0.0196078431372549,,,False,False,1,0,1237.96,0.0,0.0008077781330401797,,111510915.0,dotnet/dotnet-api-docs,C#
snippets/csharp/System.Reflection/Binder/Overview/binder.cs,3,callable,ok,MyBinder.ChangeType,MyBinder.ChangeType,13d97c7e536ce822c000883dba873a79d5d6e841,2022-01-25T15:59:58-08:00,13d97c7e536ce822c000883dba873a79d5d6e841,2022-01-25T15:59:58-08:00,1,1664,0.07142857142857142,,,False,False,1,0,1237.96,0.0,0.0008077781330401797,,111510915.0,dotnet/dotnet-api-docs,C#
snippets/csharp/System.Reflection/Binder/Overview/binder.cs,4,callable,ok,MyBinder.ReorderArgumentArray,MyBinder.ReorderArgumentArray,13d97c7e536ce822c000883dba873a79d5d6e841,2022-01-25T15:59:58-08:00,13d97c7e536ce822c000883dba873a79d5d6e841,2022-01-25T15:59:58-08:00,1,1664,0.125,,,False,False,1,0,1237.96,0.0,0.0008077781330401797,,111510915.0,dotnet/dotnet-api-docs,C#
snippets/csharp/System.Reflection/Binder/Overview/binder.cs,5,callable,ok,MyBinder.SelectMethod,MyBinder.SelectMethod,13d97c7e536ce822c000883dba873a79d5d6e841,2022-01-25T15:59:58-08:00,13d97c7e536ce822c000883dba873a79d5d6e841,2022-01-25T15:59:58-08:00,1,1664,0.03333333333333333,,,False,False,1,0,1237.96,0.0,0.0008077781330401797,,111510915.0,dotnet/dotnet-api-docs,C#
snippets/csharp/System.Reflection/Binder/Overview/binder.cs,6,callable,ok,MyBinder.SelectProperty,MyBinder.SelectProperty,13d97c7e536ce822c000883dba873a79d5d6e841,2022-01-25T15:59:58-08:00,13d97c7e536ce822c000883dba873a79d5d6e841,2022-01-25T15:59:58-08:00,1,1664,0.02857142857142857,,,False,False,1,0,1237.96,0.0,0.0008077781330401797,,111510915.0,dotnet/dotnet-api-docs,C#
snippets/csharp/System.Reflection/Binder/Overview/binder.cs,7,callable,ok,MyBinder.CanConvertFrom,MyBinder.CanConvertFrom,13d97c7e536ce822c000883dba873a79d5d6e841,2022-01-25T15:59:58-08:00,13d97c7e536ce822c000883dba873a79d5d6e841,2022-01-25T15:59:58-08:00,1,1664,0.008695652173913044,,,False,False,1,0,1237.96,0.0,0.0008077781330401797,,111510915.0,dotnet/dotnet-api-docs,C#
snippets/csharp/System.Reflection/Binder/Overview/binder.cs,8,callable,ok,MyClass1.MyMethod,MyClass1.MyMethod,13d97c7e536ce822c000883dba873a79d5d6e841,2022-01-25T15:59:58-08:00,13d97c7e536ce822c000883dba873a79d5d6e841,2022-01-25T15:59:58-08:00,1,1664,0.25,,,False,False,1,0,1237.96,0.0,0.0008077781330401797,,111510915.0,dotnet/dotnet-api-docs,C#
snippets/csharp/System.Reflection/Binder/Overview/binder.cs,9,callable,ok,Binder_Example.Main,Binder_Example.Main,13d97c7e536ce822c000883dba873a79d5d6e841,2022-01-25T15:59:58-08:00,13d97c7e536ce822c000883dba873a79d5d6e841,2022-01-25T15:59:58-08:00,1,1664,0.07142857142857142,,,False,False,1,0,1237.96,0.0,0.0008077781330401797,,111510915.0,dotnet/dotnet-api-docs,C#
snippets/csharp/System.Reflection/ConstructorInfo/MemberType/source.cs,0,class,ok,Mymemberinfo,Mymemberinfo,13d97c7e536ce822c000883dba873a79d5d6e841,2022-01-25T15:59:58-08:00,13d97c7e536ce822c000883dba873a79d5d6e841,2022-01-25T15:59:58-08:00,1,1664,0.041666666666666664,,,False,False,1,0,1237.96,0.0,0.0008077781330401797,,111510915.0,dotnet/dotnet-api-docs,C#
snippets/csharp/System.Reflection/ConstructorInfo/MemberType/source.cs,0,callable,ok,Mymemberinfo.Main,Mymemberinfo.Main,13d97c7e536ce822c000883dba873a79d5d6e841,2022-01-25T15:59:58-08:00,13d97c7e536ce822c000883dba873a79d5d6e841,2022-01-25T15:59:58-08:00,1,1664,0.047619047619047616,,,False,False,1,0,1237.96,0.0,0.0008077781330401797,,111510915.0,dotnet/dotnet-api-docs,C#
snippets/csharp/System.Reflection/FieldInfo/SetValue/fieldinfo_setvalue.cs,0,class,ok,Example,Example,13d97c7e536ce822c000883dba873a79d5d6e841,2022-01-25T15:59:58-08:00,13d97c7e536ce822c000883dba873a79d5d6e841,2022-01-25T15:59:58-08:00,1,1664,0.0625,,,False,False,1,0,1237.96,0.0,0.0008077781330401797,,111510915.0,dotnet/dotnet-api-docs,C#
snippets/csharp/System.Reflection/FieldInfo/SetValue/fieldinfo_setvalue.cs,1,class,ok,FieldInfo_SetValue,FieldInfo_SetValue,13d97c7e536ce822c000883dba873a79d5d6e841,2022-01-25T15:59:58-08:00,13d97c7e536ce822c000883dba873a79d5d6e841,2022-01-25T15:59:58-08:00,1,1664,0.045454545454545456,,,False,False,1,0,1237.96,0.0,0.0008077781330401797,,111510915.0,dotnet/dotnet-api-docs,C#
snippets/csharp/System.Reflection/FieldInfo/SetValue/fieldinfo_setvalue.cs,0,callable,ok,Example.Example,Example.Example,13d97c7e536ce822c000883dba873a79d5d6e841,2022-01-25T15:59:58-08:00,13d97c7e536ce822c000883dba873a79d5d6e841,2022-01-25T15:59:58-08:00,1,1664,0.25,,,False,False,1,0,1237.96,0.0,0.0008077781330401797,,111510915.0,dotnet/dotnet-api-docs,C#
snippets/csharp/System.Reflection/FieldInfo/SetValue/fieldinfo_setvalue.cs,1,callable,ok,FieldInfo_SetValue.Main,FieldInfo_SetValue.Main,13d97c7e536ce822c000883dba873a79d5d6e841,2022-01-25T15:59:58-08:00,13d97c7e536ce822c000883dba873a79d5d6e841,2022-01-25T15:59:58-08:00,1,1664,0.05263157894736842,,,False,False,1,0,1237.96,0.0,0.0008077781330401797,,111510915.0,dotnet/dotnet-api-docs,C#
snippets/csharp/System.Reflection/Module/ToString/class1.cs,0,class,ok,ReflectionModule_Examples.MyMainClass,ReflectionModule_Examples.MyMainClass,13d97c7e536ce822c000883dba873a79d5d6e841,2022-01-25T15:59:58-08:00,13d97c7e536ce822c000883dba873a79d5d6e841,2022-01-25T15:59:58-08:00,1,1664,0.06666666666666667,,,False,False,1,0,1237.96,0.0,0.0008077781330401797,,111510915.0,dotnet/dotnet-api-docs,C#
snippets/csharp/System.Reflection/Module/ToString/class1.cs,0,callable,ok,ReflectionModule_Examples.MyMainClass.Main,ReflectionModule_Examples.MyMainClass.Main,13d97c7e536ce822c000883dba873a79d5d6e841,2022-01-25T15:59:58-08:00,13d97c7e536ce822c000883dba873a79d5d6e841,2022-01-25T15:59:58-08:00,1,1664,0.08333333333333333,,,False,False,1,0,1237.96,0.0,0.0008077781330401797,,111510915.0,dotnet/dotnet-api-docs,C#
snippets/csharp/System.Runtime.InteropServices/LCIDConversionAttribute/Overview/lcidattrsample.cs,0,class,ok,LCIDConversion.LCIDAttrSample,LCIDConversion.LCIDAttrSample,13d97c7e536ce822c000883dba873a79d5d6e841,2022-01-25T15:59:58-08:00,13d97c7e536ce822c000883dba873a79d5d6e841,2022-01-25T15:59:58-08:00,1,1664,0.029411764705882353,,,False,False,1,0,1237.96,0.0,0.0008077781330401797,,111510915.0,dotnet/dotnet-api-docs,C#
snippets/csharp/System.Runtime.InteropServices/LCIDConversionAttribute/Overview/lcidattrsample.cs,0,callable,ok,LCIDConversion.LCIDAttrSample.IsValidLocale,LCIDConversion.LCIDAttrSample.IsValidLocale,13d97c7e536ce822c000883dba873a79d5d6e841,2022-01-25T15:59:58-08:00,13d97c7e536ce822c000883dba873a79d5d6e841,2022-01-25T15:59:58-08:00,1,1664,0.2,,,False,False,1,0,1237.96,0.0,0.0008077781330401797,,111510915.0,dotnet/dotnet-api-docs,C#
snippets/csharp/System.Runtime.InteropServices/LCIDConversionAttribute/Overview/lcidattrsample.cs,1,callable,ok,LCIDConversion.LCIDAttrSample.CheckCurrentLCID,LCIDConversion.LCIDAttrSample.CheckCurrentLCID,13d97c7e536ce822c000883dba873a79d5d6e841,2022-01-25T15:59:58-08:00,13d97c7e536ce822c000883dba873a79d5d6e841,2022-01-25T15:59:58-08:00,1,1664,0.0625,,,False,False,1,0,1237.96,0.0,0.0008077781330401797,,111510915.0,dotnet/dotnet-api-docs,C#
snippets/csharp/System.Runtime.InteropServices/LCIDConversionAttribute/Overview/lcidattrsample.cs,2,callable,ok,LCIDConversion.LCIDAttrSample.Main,LCIDConversion.LCIDAttrSample.Main,13d97c7e536ce822c000883dba873a79d5d6e841,2022-01-25T15:59:58-08:00,13d97c7e536ce822c000883dba873a79d5d6e841,2022-01-25T15:59:58-08:00,1,1664,0.2,,,False,False,1,0,1237.96,0.0,0.0008077781330401797,,111510915.0,dotnet/dotnet-api-docs,C#
snippets/csharp/System.Runtime.InteropServices/Marshal/GetLastWin32Error/example.cs,0,class,ok,Win32,Win32,13d97c7e536ce822c000883dba873a79d5d6e841,2022-01-25T15:59:58-08:00,13d97c7e536ce822c000883dba873a79d5d6e841,2022-01-25T15:59:58-08:00,1,1664,0.125,,,False,False,1,0,1237.96,0.0,0.0008077781330401797,,111510915.0,dotnet/dotnet-api-docs,C#
snippets/csharp/System.Runtime.InteropServices/Marshal/GetLastWin32Error/example.cs,1,class,ok,Program,Program,13d97c7e536ce822c000883dba873a79d5d6e841,2022-01-25T15:59:58-08:00,13d97c7e536ce822c000883dba873a79d5d6e841,2022-01-25T15:59:58-08:00,1,1664,0.02857142857142857,,,False,False,1,0,1237.96,0.0,0.0008077781330401797,,111510915.0,dotnet/dotnet-api-docs,C#
snippets/csharp/System.Runtime.InteropServices/Marshal/GetLastWin32Error/example.cs,0,callable,ok,Win32.MessageBox,Win32.MessageBox,13d97c7e536ce822c000883dba873a79d5d6e841,2022-01-25T15:59:58-08:00,13d97c7e536ce822c000883dba873a79d5d6e841,2022-01-25T15:59:58-08:00,1,1664,0.5,,,False,False,1,0,1237.96,0.0,0.0008077781330401797,,111510915.0,dotnet/dotnet-api-docs,C#
snippets/csharp/System.Runtime.InteropServices/Marshal/GetLastWin32Error/example.cs,1,callable,ok,Program.Run,Program.Run,13d97c7e536ce822c000883dba873a79d5d6e841,2022-01-25T15:59:58-08:00,13d97c7e536ce822c000883dba873a79d5d6e841,2022-01-25T15:59:58-08:00,1,1664,0.038461538461538464,,,False,False,1,0,1237.96,0.0,0.0008077781330401797,,111510915.0,dotnet/dotnet-api-docs,C#
snippets/csharp/System.Runtime.InteropServices/Marshal/GetLastWin32Error/example.cs,2,callable,ok,Program.Main,Program.Main,13d97c7e536ce822c000883dba873a79d5d6e841,2022-01-25T15:59:58-08:00,13d97c7e536ce822c000883dba873a79d5d6e841,2022-01-25T15:59:58-08:00,1,1664,0.25,,,False,False,1,0,1237.96,0.0,0.0008077781330401797,,111510915.0,dotnet/dotnet-api-docs,C#
snippets/csharp/System.Security.Cryptography.Xml/XmlDsigC14NWithCommentsTransform/Overview/sampledetached.cs,0,class,ok,XMLDSIGDetached,XMLDSIGDetached,13d97c7e536ce822c000883dba873a79d5d6e841,2022-01-25T15:59:58-08:00,13d97c7e536ce822c000883dba873a79d5d6e841,2022-01-25T15:59:58-08:00,1,1664,0.009009009009009009,,,False,False,1,0,1237.96,0.0,0.0008077781330401797,,111510915.0,dotnet/dotnet-api-docs,C#
snippets/csharp/System.Security.Cryptography.Xml/XmlDsigC14NWithCommentsTransform/Overview/sampledetached.cs,0,callable,ok,XMLDSIGDetached.Main,XMLDSIGDetached.Main,13d97c7e536ce822c000883dba873a79d5d6e841,2022-01-25T15:59:58-08:00,13d97c7e536ce822c000883dba873a79d5d6e841,2022-01-25T15:59:58-08:00,1,1664,0.022727272727272728,,,False,False,1,0,1237.96,0.0,0.0008077781330401797,,111510915.0,dotnet/dotnet-api-docs,C#
snippets/csharp/System.Security.Cryptography.Xml/XmlDsigC14NWithCommentsTransform/Overview/sampledetached.cs,1,callable,ok,XMLDSIGDetached.SignDetachedResource,XMLDSIGDetached.SignDetachedResource,13d97c7e536ce822c000883dba873a79d5d6e841,2022-01-25T15:59:58-08:00,13d97c7e536ce822c000883dba873a79d5d6e841,2022-01-25T15:59:58-08:00,1,1664,0.02857142857142857,,,False,False,1,0,1237.96,0.0,0.0008077781330401797,,111510915.0,dotnet/dotnet-api-docs,C#
snippets/csharp/System.Security.Cryptography.Xml/XmlDsigC14NWithCommentsTransform/Overview/sampledetached.cs,2,callable,ok,XMLDSIGDetached.VerifyDetachedSignature,XMLDSIGDetached.VerifyDetachedSignature,13d97c7e536ce822c000883dba873a79d5d6e841,2022-01-25T15:59:58-08:00,13d97c7e536ce822c000883dba873a79d5d6e841,2022-01-25T15:59:58-08:00,1,1664,0.047619047619047616,,,False,False,1,0,1237.96,0.0,0.0008077781330401797,,111510915.0,dotnet/dotnet-api-docs,C#
snippets/csharp/System.Text.RegularExpressions/Regex/.ctor/ctor1.cs,0,class,ok,Example,Example,13d97c7e536ce822c000883dba873a79d5d6e841,2022-01-25T15:59:58-08:00,13d97c7e536ce822c000883dba873a79d5d6e841,2022-01-25T15:59:58-08:00,1,1664,0.01694915254237288,,,False,False,1,0,1237.96,0.0,0.0008077781330401797,,111510915.0,dotnet/dotnet-api-docs,C#
snippets/csharp/System.Text.RegularExpressions/Regex/.ctor/ctor1.cs,0,callable,ok,Example.Main,Example.Main,13d97c7e536ce822c000883dba873a79d5d6e841,2022-01-25T15:59:58-08:00,13d97c7e536ce822c000883dba873a79d5d6e841,2022-01-25T15:59:58-08:00,1,1664,0.018518518518518517,,,False,False,1,0,1237.96,0.0,0.0008077781330401797,,111510915.0,dotnet/dotnet-api-docs,C#
snippets/csharp/System.Text/StringBuilder/Overview/immutability2.cs,0,class,ok,Example,Example,13d97c7e536ce822c000883dba873a79d5d6e841,2022-01-25T15:59:58-08:00,13d97c7e536ce822c000883dba873a79d5d6e841,2022-01-25T15:59:58-08:00,1,1664,0.06666666666666667,,,False,False,1,0,1237.96,0.0,0.0008077781330401797,,111510915.0,dotnet/dotnet-api-docs,C#
snippets/csharp/System.Text/StringBuilder/Overview/immutability2.cs,0,callable,ok,Example.Main,Example.Main,13d97c7e536ce822c000883dba873a79d5d6e841,2022-01-25T15:59:58-08:00,13d97c7e536ce822c000883dba873a79d5d6e841,2022-01-25T15:59:58-08:00,1,1664,0.08333333333333333,,,False,False,1,0,1237.96,0.0,0.0008077781330401797,,111510915.0,dotnet/dotnet-api-docs,C#
snippets/csharp/System.Text/StringBuilder/Overview/pattern4.cs,0,class,ok,Example,Example,13d97c7e536ce822c000883dba873a79d5d6e841,2022-01-25T15:59:58-08:00,13d97c7e536ce822c000883dba873a79d5d6e841,2022-01-25T15:59:58-08:00,1,1664,0.03225806451612903,,,False,False,1,0,1237.96,0.0,0.0008077781330401797,,111510915.0,dotnet/dotnet-api-docs,C#
snippets/csharp/System.Text/StringBuilder/Overview/pattern4.cs,0,callable,ok,Example.Main,Example.Main,13d97c7e536ce822c000883dba873a79d5d6e841,2022-01-25T15:59:58-08:00,13d97c7e536ce822c000883dba873a79d5d6e841,2022-01-25T15:59:58-08:00,1,1664,0.03571428571428571,,,False,False,1,0,1237.96,0.0,0.0008077781330401797,,111510915.0,dotnet/dotnet-api-docs,C#
snippets/csharp/System.Text/UTF8Encoding/GetChars/getchars-byte[]-int32-int32-char[]-int32.cs,0,class,ok,UTF8EncodingExample,UTF8EncodingExample,13d97c7e536ce822c000883dba873a79d5d6e841,2022-01-25T15:59:58-08:00,13d97c7e536ce822c000883dba873a79d5d6e841,2022-01-25T15:59:58-08:00,1,1664,0.038461538461538464,,,False,False,1,0,1237.96,0.0,0.0008077781330401797,,111510915.0,dotnet/dotnet-api-docs,C#
snippets/csharp/System.Text/UTF8Encoding/GetChars/getchars-byte[]-int32-int32-char[]-int32.cs,0,callable,ok,UTF8EncodingExample.Main,UTF8EncodingExample.Main,13d97c7e536ce822c000883dba873a79d5d6e841,2022-01-25T15:59:58-08:00,13d97c7e536ce822c000883dba873a79d5d6e841,2022-01-25T15:59:58-08:00,1,1664,0.041666666666666664,,,False,False,1,0,1237.96,0.0,0.0008077781330401797,,111510915.0,dotnet/dotnet-api-docs,C#
snippets/csharp/System.Threading.Tasks/Parallel/Overview/threadlocalforwithoptions.cs,0,class,ok,ThreadLocalForWithOptions,ThreadLocalForWithOptions,13d97c7e536ce822c000883dba873a79d5d6e841,2022-01-25T15:59:58-08:00,13d97c7e536ce822c000883dba873a79d5d6e841,2022-01-25T15:59:58-08:00,1,1664,0.02631578947368421,,,False,False,1,0,1237.96,0.0,0.0008077781330401797,,111510915.0,dotnet/dotnet-api-docs,C#
snippets/csharp/System.Threading.Tasks/Parallel/Overview/threadlocalforwithoptions.cs,0,callable,ok,ThreadLocalForWithOptions.Main,ThreadLocalForWithOptions.Main,13d97c7e536ce822c000883dba873a79d5d6e841,2022-01-25T15:59:58-08:00,13d97c7e536ce822c000883dba873a79d5d6e841,2022-01-25T15:59:58-08:00,1,1664,0.04,,,False,False,1,0,1237.96,0.0,0.0008077781330401797,,111510915.0,dotnet/dotnet-api-docs,C#
snippets/csharp/System.Threading.Tasks/Parallel/Overview/threadlocalforwithoptions.cs,1,callable,ok,ThreadLocalForWithOptions.Compute,ThreadLocalForWithOptions.Compute,13d97c7e536ce822c000883dba873a79d5d6e841,2022-01-25T15:59:58-08:00,13d97c7e536ce822c000883dba873a79d5d6e841,2022-01-25T15:59:58-08:00,1,1664,0.2,,,False,False,1,0,1237.96,0.0,0.0008077781330401797,,111510915.0,dotnet/dotnet-api-docs,C#
snippets/csharp/System.Windows.Annotations.Storage/AnnotationStore/DeleteAnnotation/Util.cs,0,class,ok,SdkSample.Util,SdkSample.Util,a9609bb7852fb815b1b9ebff6b5889bfcf9b21da,2022-02-09T10:09:47-08:00,a9609bb7852fb815b1b9ebff6b5889bfcf9b21da,2022-02-09T10:09:47-08:00,1,1649,0.0011148272017837235,,,False,False,1,0,1223.21,0.0,0.0008175232010529699,,111510915.0,dotnet/dotnet-api-docs,C#
snippets/csharp/System.Windows.Annotations.Storage/AnnotationStore/DeleteAnnotation/Util.cs,0,callable,ok,SdkSample.Util.ConvertTextToStream,SdkSample.Util.ConvertTextToStream,a9609bb7852fb815b1b9ebff6b5889bfcf9b21da,2022-02-09T10:09:47-08:00,a9609bb7852fb815b1b9ebff6b5889bfcf9b21da,2022-02-09T10:09:47-08:00,1,1649,0.05,,,False,False,1,0,1223.21,0.0,0.0008175232010529699,,111510915.0,dotnet/dotnet-api-docs,C#
snippets/csharp/System.Windows.Annotations.Storage/AnnotationStore/DeleteAnnotation/Util.cs,1,callable,ok,SdkSample.Util.DeSerializeObjectTree,SdkSample.Util.DeSerializeObjectTree,a9609bb7852fb815b1b9ebff6b5889bfcf9b21da,2022-02-09T10:09:47-08:00,a9609bb7852fb815b1b9ebff6b5889bfcf9b21da,2022-02-09T10:09:47-08:00,1,1649,0.14285714285714285,,,False,False,1,0,1223.21,0.0,0.0008175232010529699,,111510915.0,dotnet/dotnet-api-docs,C#
snippets/csharp/System.Windows.Annotations.Storage/AnnotationStore/DeleteAnnotation/Util.cs,2,callable,ok,SdkSample.Util.SerializeObjectTree,SdkSample.Util.SerializeObjectTree,a9609bb7852fb815b1b9ebff6b5889bfcf9b21da,2022-02-09T10:09:47-08:00,a9609bb7852fb815b1b9ebff6b5889bfcf9b21da,2022-02-09T10:09:47-08:00,1,1649,0.04,,,False,False,1,0,1223.21,0.0,0.0008175232010529699,,111510915.0,dotnet/dotnet-api-docs,C#
snippets/csharp/System.Windows.Annotations.Storage/AnnotationStore/DeleteAnnotation/Util.cs,3,callable,ok,SdkSample.Util.GetSavedDataPath,SdkSample.Util.GetSavedDataPath,a9609bb7852fb815b1b9ebff6b5889bfcf9b21da,2022-02-09T10:09:47-08:00,a9609bb7852fb815b1b9ebff6b5889bfcf9b21da,2022-02-09T10:09:47-08:00,1,1649,0.1111111111111111,,,False,False,1,0,1223.21,0.0,0.0008175232010529699,,111510915.0,dotnet/dotnet-api-docs,C#
snippets/csharp/System.Windows.Annotations.Storage/AnnotationStore/DeleteAnnotation/Util.cs,4,callable,ok,SdkSample.Util.GetStreamForSavedXamlFile,SdkSample.Util.GetStreamForSavedXamlFile,a9609bb7852fb815b1b9ebff6b5889bfcf9b21da,2022-02-09T10:09:47-08:00,a9609bb7852fb815b1b9ebff6b5889bfcf9b21da,2022-02-09T10:09:47-08:00,1,1649,0.014084507042253521,,,False,False,1,0,1223.21,0.0,0.0008175232010529699,,111510915.0,dotnet/dotnet-api-docs,C#
snippets/csharp/System.Windows.Annotations.Storage/AnnotationStore/DeleteAnnotation/Util.cs,5,callable,ok,SdkSample.Util.FlushDispatcher,SdkSample.Util.FlushDispatcher,a9609bb7852fb815b1b9ebff6b5889bfcf9b21da,2022-02-09T10:09:47-08:00,a9609bb7852fb815b1b9ebff6b5889bfcf9b21da,2022-02-09T10:09:47-08:00,1,1649,0.25,,,False,False,1,0,1223.21,0.0,0.0008175232010529699,,111510915.0,dotnet/dotnet-api-docs,C#
snippets/csharp/System.Windows.Annotations.Storage/AnnotationStore/DeleteAnnotation/Util.cs,6,callable,ok,SdkSample.Util.GetIndentedXAML,SdkSample.Util.GetIndentedXAML,a9609bb7852fb815b1b9ebff6b5889bfcf9b21da,2022-02-09T10:09:47-08:00,a9609bb7852fb815b1b9ebff6b5889bfcf9b21da,2022-02-09T10:09:47-08:00,1,1649,0.014925373134328358,,,False,False,1,0,1223.21,0.0,0.0008175232010529699,,111510915.0,dotnet/dotnet-api-docs,C#
snippets/csharp/System.Windows.Annotations.Storage/AnnotationStore/DeleteAnnotation/Util.cs,7,callable,ok,SdkSample.Util.InsertBlockWithinParagraph,SdkSample.Util.InsertBlockWithinParagraph,a9609bb7852fb815b1b9ebff6b5889bfcf9b21da,2022-02-09T10:09:47-08:00,a9609bb7852fb815b1b9ebff6b5889bfcf9b21da,2022-02-09T10:09:47-08:00,1,1649,0.041666666666666664,,,False,False,1,0,1223.21,0.0,0.0008175232010529699,,111510915.0,dotnet/dotnet-api-docs,C#
snippets/csharp/System.Windows.Annotations.Storage/AnnotationStore/DeleteAnnotation/Util.cs,8,callable,ok,SdkSample.Util.GetFileName,SdkSample.Util.GetFileName,a9609bb7852fb815b1b9ebff6b5889bfcf9b21da,2022-02-09T10:09:47-08:00,a9609bb7852fb815b1b9ebff6b5889bfcf9b21da,2022-02-09T10:09:47-08:00,1,1649,0.07692307692307693,,,False,False,1,0,1223.21,0.0,0.0008175232010529699,,111510915.0,dotnet/dotnet-api-docs,C#
snippets/csharp/System.Windows.Annotations.Storage/AnnotationStore/DeleteAnnotation/Util.cs,9,callable,ok,SdkSample.Util.FindNumeric,SdkSample.Util.FindNumeric,a9609bb7852fb815b1b9ebff6b5889bfcf9b21da,2022-02-09T10:09:47-08:00,a9609bb7852fb815b1b9ebff6b5889bfcf9b21da,2022-02-09T10:09:47-08:00,1,1649,0.1,,,False,False,1,0,1223.21,0.0,0.0008175232010529699,,111510915.0,dotnet/dotnet-api-docs,C#
snippets/csharp/System.Windows.Annotations.Storage/AnnotationStore/DeleteAnnotation/Util.cs,10,callable,ok,SdkSample.Util.GetBrushesFromString,SdkSample.Util.GetBrushesFromString,a9609bb7852fb815b1b9ebff6b5889bfcf9b21da,2022-02-09T10:09:47-08:00,a9609bb7852fb815b1b9ebff6b5889bfcf9b21da,2022-02-09T10:09:47-08:00,1,1649,0.00684931506849315,,,False,False,1,0,1223.21,0.0,0.0008175232010529699,,111510915.0,dotnet/dotnet-api-docs,C#
snippets/csharp/System.Windows.Annotations.Storage/AnnotationStore/DeleteAnnotation/Util.cs,11,callable,ok,SdkSample.Util.ColorStringToBrushes,SdkSample.Util.ColorStringToBrushes,a9609bb7852fb815b1b9ebff6b5889bfcf9b21da,2022-02-09T10:09:47-08:00,a9609bb7852fb815b1b9ebff6b5889bfcf9b21da,2022-02-09T10:09:47-08:00,1,1649,0.002544529262086514,,,False,False,1,0,1223.21,0.0,0.0008175232010529699,,111510915.0,dotnet/dotnet-api-docs,C#
snippets/csharp/System.Windows.Annotations.Storage/AnnotationStore/DeleteAnnotation/Util.cs,12,callable,ok,SdkSample.Util.UIElementsInElement,SdkSample.Util.UIElementsInElement,a9609bb7852fb815b1b9ebff6b5889bfcf9b21da,2022-02-09T10:09:47-08:00,a9609bb7852fb815b1b9ebff6b5889bfcf9b21da,2022-02-09T10:09:47-08:00,1,1649,0.14285714285714285,,,False,False,1,0,1223.21,0.0,0.0008175232010529699,,111510915.0,dotnet/dotnet-api-docs,C#
snippets/csharp/System.Windows.Annotations.Storage/AnnotationStore/DeleteAnnotation/Util.cs,13,callable,ok,SdkSample.Util.GetUIElementsRecursively,SdkSample.Util.GetUIElementsRecursively,a9609bb7852fb815b1b9ebff6b5889bfcf9b21da,2022-02-09T10:09:47-08:00,a9609bb7852fb815b1b9ebff6b5889bfcf9b21da,2022-02-09T10:09:47-08:00,1,1649,0.05555555555555555,,,False,False,1,0,1223.21,0.0,0.0008175232010529699,,111510915.0,dotnet/dotnet-api-docs,C#
snippets/csharp/System.Windows.Annotations.Storage/AnnotationStore/DeleteAnnotation/Util.cs,14,callable,ok,SdkSample.Util.GetContentElementsRecursively,SdkSample.Util.GetContentElementsRecursively,a9609bb7852fb815b1b9ebff6b5889bfcf9b21da,2022-02-09T10:09:47-08:00,a9609bb7852fb815b1b9ebff6b5889bfcf9b21da,2022-02-09T10:09:47-08:00,1,1649,0.05555555555555555,,,False,False,1,0,1223.21,0.0,0.0008175232010529699,,111510915.0,dotnet/dotnet-api-docs,C#
snippets/csharp/System.Windows.Annotations.Storage/AnnotationStore/DeleteAnnotation/Util.cs,15,callable,ok,SdkSample.Util.IsParagraphEmpty,SdkSample.Util.IsParagraphEmpty,a9609bb7852fb815b1b9ebff6b5889bfcf9b21da,2022-02-09T10:09:47-08:00,a9609bb7852fb815b1b9ebff6b5889bfcf9b21da,2022-02-09T10:09:47-08:00,1,1649,0.05263157894736842,,,False,False,1,0,1223.21,0.0,0.0008175232010529699,,111510915.0,dotnet/dotnet-api-docs,C#
snippets/csharp/System.Windows.Annotations.Storage/AnnotationStore/DeleteAnnotation/Util.cs,16,callable,ok,SdkSample.Util.FindParentParagraph,SdkSample.Util.FindParentParagraph,a9609bb7852fb815b1b9ebff6b5889bfcf9b21da,2022-02-09T10:09:47-08:00,a9609bb7852fb815b1b9ebff6b5889bfcf9b21da,2022-02-09T10:09:47-08:00,1,1649,0.08333333333333333,,,False,False,1,0,1223.21,0.0,0.0008175232010529699,,111510915.0,dotnet/dotnet-api-docs,C#
snippets/csharp/System.Windows.Annotations.Storage/AnnotationStore/DeleteAnnotation/WordXmlSerialize/WordXmlWriter.cs,0,class,ok,SdkSample.WordXmlWriter,SdkSample.WordXmlWriter,a9609bb7852fb815b1b9ebff6b5889bfcf9b21da,2022-02-09T10:09:47-08:00,a9609bb7852fb815b1b9ebff6b5889bfcf9b21da,2022-02-09T10:09:47-08:00,1,1649,0.0021551724137931034,,,False,False,1,0,1223.21,0.0,0.0008175232010529699,,111510915.0,dotnet/dotnet-api-docs,C#
snippets/csharp/System.Windows.Annotations.Storage/AnnotationStore/DeleteAnnotation/WordXmlSerialize/WordXmlWriter.cs,0,callable,ok,SdkSample.WordXmlWriter.WordXmlWriter,SdkSample.WordXmlWriter.WordXmlWriter,a9609bb7852fb815b1b9ebff6b5889bfcf9b21da,2022-02-09T10:09:47-08:00,a9609bb7852fb815b1b9ebff6b5889bfcf9b21da,2022-02-09T10:09:47-08:00,1,1649,0.25,,,False,False,1,0,1223.21,0.0,0.0008175232010529699,,111510915.0,dotnet/dotnet-api-docs,C#
snippets/csharp/System.Windows.Annotations.Storage/AnnotationStore/DeleteAnnotation/WordXmlSerialize/WordXmlWriter.cs,1,callable,ok,SdkSample.WordXmlWriter.Write,SdkSample.WordXmlWriter.Write,a9609bb7852fb815b1b9ebff6b5889bfcf9b21da,2022-02-09T10:09:47-08:00,a9609bb7852fb815b1b9ebff6b5889bfcf9b21da,2022-02-09T10:09:47-08:00,1,1649,0.1111111111111111,,,False,False,1,0,1223.21,0.0,0.0008175232010529699,,111510915.0,dotnet/dotnet-api-docs,C#
snippets/csharp/System.Windows.Annotations.Storage/AnnotationStore/DeleteAnnotation/WordXmlSerialize/WordXmlWriter.cs,2,callable,ok,SdkSample.WordXmlWriter.IsParagraphProperty,SdkSample.WordXmlWriter.IsParagraphProperty,a9609bb7852fb815b1b9ebff6b5889bfcf9b21da,2022-02-09T10:09:47-08:00,a9609bb7852fb815b1b9ebff6b5889bfcf9b21da,2022-02-09T10:09:47-08:00,1,1649,0.125,,,False,False,1,0,1223.21,0.0,0.0008175232010529699,,111510915.0,dotnet/dotnet-api-docs,C#
snippets/csharp/System.Windows.Annotations.Storage/AnnotationStore/DeleteAnnotation/WordXmlSerialize/WordXmlWriter.cs,3,callable,ok,SdkSample.WordXmlWriter.IsRangeProperty,SdkSample.WordXmlWriter.IsRangeProperty,a9609bb7852fb815b1b9ebff6b5889bfcf9b21da,2022-02-09T10:09:47-08:00,a9609bb7852fb815b1b9ebff6b5889bfcf9b21da,2022-02-09T10:09:47-08:00,1,1649,0.07692307692307693,,,False,False,1,0,1223.21,0.0,0.0008175232010529699,,111510915.0,dotnet/dotnet-api-docs,C#
snippets/csharp/System.Windows.Annotations.Storage/AnnotationStore/DeleteAnnotation/WordXmlSerialize/WordXmlWriter.cs,4,callable,ok,SdkSample.WordXmlWriter.WriteContainer,SdkSample.WordXmlWriter.WriteContainer,a9609bb7852fb815b1b9ebff6b5889bfcf9b21da,2022-02-09T10:09:47-08:00,a9609bb7852fb815b1b9ebff6b5889bfcf9b21da,2022-02-09T10:09:47-08:00,1,1649,0.013513513513513514,,,False,False,1,0,1223.21,0.0,0.0008175232010529699,,111510915.0,dotnet/dotnet-api-docs,C#
snippets/csharp/System.Windows.Annotations.Storage/AnnotationStore/DeleteAnnotation/WordXmlSerialize/WordXmlWriter.cs,5,callable,ok,SdkSample.WordXmlWriter.WriteProperty,SdkSample.WordXmlWriter.WriteProperty,a9609bb7852fb815b1b9ebff6b5889bfcf9b21da,2022-02-09T10:09:47-08:00,a9609bb7852fb815b1b9ebff6b5889bfcf9b21da,2022-02-09T10:09:47-08:00,1,1649,0.015151515151515152,,,False,False,1,0,1223.21,0.0,0.0008175232010529699,,111510915.0,dotnet/dotnet-api-docs,C#
snippets/csharp/System.Windows.Annotations.Storage/AnnotationStore/DeleteAnnotation/WordXmlSerialize/WordXmlWriter.cs,6,callable,ok,SdkSample.WordXmlWriter.WriteRangeProperties,SdkSample.WordXmlWriter.WriteRangeProperties,a9609bb7852fb815b1b9ebff6b5889bfcf9b21da,2022-02-09T10:09:47-08:00,a9609bb7852fb815b1b9ebff6b5889bfcf9b21da,2022-02-09T10:09:47-08:00,1,1649,0.125,,,False,False,1,0,1223.21,0.0,0.0008175232010529699,,111510915.0,dotnet/dotnet-api-docs,C#
snippets/csharp/System.Windows.Annotations.Storage/AnnotationStore/DeleteAnnotation/WordXmlSerialize/WordXmlWriter.cs,7,callable,ok,SdkSample.WordXmlWriter.WriteParagraphProperties,SdkSample.WordXmlWriter.WriteParagraphProperties,a9609bb7852fb815b1b9ebff6b5889bfcf9b21da,2022-02-09T10:09:47-08:00,a9609bb7852fb815b1b9ebff6b5889bfcf9b21da,2022-02-09T10:09:47-08:00,1,1649,0.125,,,False,False,1,0,1223.21,0.0,0.0008175232010529699,,111510915.0,dotnet/dotnet-api-docs,C#
snippets/csharp/System.Windows.Annotations.Storage/AnnotationStore/DeleteAnnotation/WordXmlSerialize/WordXmlWriter.cs,8,callable,ok,SdkSample.WordXmlWriter.WriteProperties,SdkSample.WordXmlWriter.WriteProperties,a9609bb7852fb815b1b9ebff6b5889bfcf9b21da,2022-02-09T10:09:47-08:00,a9609bb7852fb815b1b9ebff6b5889bfcf9b21da,2022-02-09T10:09:47-08:00,1,1649,0.0625,,,False,False,1,0,1223.21,0.0,0.0008175232010529699,,111510915.0,dotnet/dotnet-api-docs,C#
snippets/csharp/System.Windows.Annotations.Storage/AnnotationStore/DeleteAnnotation/WordXmlSerialize/WordXmlWriter.cs,9,callable,ok,SdkSample.WordXmlWriter.WriteWordXmlHead,SdkSample.WordXmlWriter.WriteWordXmlHead,a9609bb7852fb815b1b9ebff6b5889bfcf9b21da,2022-02-09T10:09:47-08:00,a9609bb7852fb815b1b9ebff6b5889bfcf9b21da,2022-02-09T10:09:47-08:00,1,1649,0.045454545454545456,,,False,False,1,0,1223.21,0.0,0.0008175232010529699,,111510915.0,dotnet/dotnet-api-docs,C#
snippets/csharp/System.Windows.Annotations.Storage/AnnotationStore/DeleteAnnotation/WordXmlSerialize/WordXmlWriter.cs,10,callable,ok,SdkSample.WordXmlWriter.WriteWordXmlTail,SdkSample.WordXmlWriter.WriteWordXmlTail,a9609bb7852fb815b1b9ebff6b5889bfcf9b21da,2022-02-09T10:09:47-08:00,a9609bb7852fb815b1b9ebff6b5889bfcf9b21da,2022-02-09T10:09:47-08:00,1,1649,0.16666666666666666,,,False,False,1,0,1223.21,0.0,0.0008175232010529699,,111510915.0,dotnet/dotnet-api-docs,C#
snippets/csharp/System.Windows.Annotations.Storage/AnnotationStore/DeleteAnnotation/WordXmlSerialize/WordXmlWriter.cs,11,callable,ok,SdkSample.WordXmlWriter.RequireOpenRange,SdkSample.WordXmlWriter.RequireOpenRange,a9609bb7852fb815b1b9ebff6b5889bfcf9b21da,2022-02-09T10:09:47-08:00,a9609bb7852fb815b1b9ebff6b5889bfcf9b21da,2022-02-09T10:09:47-08:00,1,1649,0.1,,,False,False,1,0,1223.21,0.0,0.0008175232010529699,,111510915.0,dotnet/dotnet-api-docs,C#
snippets/csharp/System.Windows.Annotations.Storage/AnnotationStore/DeleteAnnotation/WordXmlSerialize/WordXmlWriter.cs,12,callable,ok,SdkSample.WordXmlWriter.RequireOpenParagraph,SdkSample.WordXmlWriter.RequireOpenParagraph,a9609bb7852fb815b1b9ebff6b5889bfcf9b21da,2022-02-09T10:09:47-08:00,a9609bb7852fb815b1b9ebff6b5889bfcf9b21da,2022-02-09T10:09:47-08:00,1,1649,0.1111111111111111,,,False,False,1,0,1223.21,0.0,0.0008175232010529699,,111510915.0,dotnet/dotnet-api-docs,C#
snippets/csharp/System.Windows.Annotations.Storage/AnnotationStore/DeleteAnnotation/WordXmlSerialize/WordXmlWriter.cs,13,callable,ok,SdkSample.WordXmlWriter.RequireClosedRange,SdkSample.WordXmlWriter.RequireClosedRange,a9609bb7852fb815b1b9ebff6b5889bfcf9b21da,2022-02-09T10:09:47-08:00,a9609bb7852fb815b1b9ebff6b5889bfcf9b21da,2022-02-09T10:09:47-08:00,1,1649,0.1111111111111111,,,False,False,1,0,1223.21,0.0,0.0008175232010529699,,111510915.0,dotnet/dotnet-api-docs,C#
snippets/csharp/System.Windows.Annotations.Storage/AnnotationStore/DeleteAnnotation/WordXmlSerialize/WordXmlWriter.cs,14,callable,ok,SdkSample.WordXmlWriter.RequireClosedParagraph,SdkSample.WordXmlWriter.RequireClosedParagraph,a9609bb7852fb815b1b9ebff6b5889bfcf9b21da,2022-02-09T10:09:47-08:00,a9609bb7852fb815b1b9ebff6b5889bfcf9b21da,2022-02-09T10:09:47-08:00,1,1649,0.1,,,False,False,1,0,1223.21,0.0,0.0008175232010529699,,111510915.0,dotnet/dotnet-api-docs,C#
snippets/csharp/System.Windows.Automation.Provider/ISelectionItemProvider/AddToSelection/ListItemFragment.cs,0,class,ok,CustomControls.ListItemProvider,CustomControls.ListItemProvider,a9609bb7852fb815b1b9ebff6b5889bfcf9b21da,2022-02-09T10:09:47-08:00,a9609bb7852fb815b1b9ebff6b5889bfcf9b21da,2022-02-09T10:09:47-08:00,1,1649,0.003257328990228013,,,False,False,1,0,1223.21,0.0,0.0008175232010529699,,111510915.0,dotnet/dotnet-api-docs,C#
snippets/csharp/System.Windows.Automation.Provider/ISelectionItemProvider/AddToSelection/ListItemFragment.cs,0,callable,ok,CustomControls.ListItemProvider.ListItemProvider,CustomControls.ListItemProvider.ListItemProvider,a9609bb7852fb815b1b9ebff6b5889bfcf9b21da,2022-02-09T10:09:47-08:00,a9609bb7852fb815b1b9ebff6b5889bfcf9b21da,2022-02-09T10:09:47-08:00,1,1649,0.16666666666666666,,,False,False,1,0,1223.21,0.0,0.0008175232010529699,,111510915.0,dotnet/dotnet-api-docs,C#
snippets/csharp/System.Windows.Automation.Provider/ISelectionItemProvider/AddToSelection/ListItemFragment.cs,1,callable,ok,CustomControls.ListItemProvider.GetPatternProvider,CustomControls.ListItemProvider.GetPatternProvider,a9609bb7852fb815b1b9ebff6b5889bfcf9b21da,2022-02-09T10:09:47-08:00,a9609bb7852fb815b1b9ebff6b5889bfcf9b21da,2022-02-09T10:09:47-08:00,1,1649,0.125,,,False,False,1,0,1223.21,0.0,0.0008175232010529699,,111510915.0,dotnet/dotnet-api-docs,C#
snippets/csharp/System.Windows.Automation.Provider/ISelectionItemProvider/AddToSelection/ListItemFragment.cs,2,callable,ok,CustomControls.ListItemProvider.GetPropertyValue,CustomControls.ListItemProvider.GetPropertyValue,a9609bb7852fb815b1b9ebff6b5889bfcf9b21da,2022-02-09T10:09:47-08:00,a9609bb7852fb815b1b9ebff6b5889bfcf9b21da,2022-02-09T10:09:47-08:00,1,1649,0.02127659574468085,,,False,False,1,0,1223.21,0.0,0.0008175232010529699,,111510915.0,dotnet/dotnet-api-docs,C#
snippets/csharp/System.Windows.Automation.Provider/ISelectionItemProvider/AddToSelection/ListItemFragment.cs,3,callable,ok,CustomControls.ListItemProvider.GetEmbeddedFragmentRoots,CustomControls.ListItemProvider.GetEmbeddedFragmentRoots,a9609bb7852fb815b1b9ebff6b5889bfcf9b21da,2022-02-09T10:09:47-08:00,a9609bb7852fb815b1b9ebff6b5889bfcf9b21da,2022-02-09T10:09:47-08:00,1,1649,0.25,,,False,False,1,0,1223.21,0.0,0.0008175232010529699,,111510915.0,dotnet/dotnet-api-docs,C#
snippets/csharp/System.Windows.Automation.Provider/ISelectionItemProvider/AddToSelection/ListItemFragment.cs,4,callable,ok,CustomControls.ListItemProvider.GetRuntimeId,CustomControls.ListItemProvider.GetRuntimeId,a9609bb7852fb815b1b9ebff6b5889bfcf9b21da,2022-02-09T10:09:47-08:00,a9609bb7852fb815b1b9ebff6b5889bfcf9b21da,2022-02-09T10:09:47-08:00,1,1649,0.25,,,False,False,1,0,1223.21,0.0,0.0008175232010529699,,111510915.0,dotnet/dotnet-api-docs,C#
snippets/csharp/System.Windows.Automation.Provider/ISelectionItemProvider/AddToSelection/ListItemFragment.cs,5,callable,ok,CustomControls.ListItemProvider.Navigate,CustomControls.ListItemProvider.Navigate,a9609bb7852fb815b1b9ebff6b5889bfcf9b21da,2022-02-09T10:09:47-08:00,a9609bb7852fb815b1b9ebff6b5889bfcf9b21da,2022-02-09T10:09:47-08:00,1,1649,0.05555555555555555,,,False,False,1,0,1223.21,0.0,0.0008175232010529699,,111510915.0,dotnet/dotnet-api-docs,C#
snippets/csharp/System.Windows.Automation.Provider/ISelectionItemProvider/AddToSelection/ListItemFragment.cs,6,callable,ok,CustomControls.ListItemProvider.SetFocus,CustomControls.ListItemProvider.SetFocus,a9609bb7852fb815b1b9ebff6b5889bfcf9b21da,2022-02-09T10:09:47-08:00,a9609bb7852fb815b1b9ebff6b5889bfcf9b21da,2022-02-09T10:09:47-08:00,1,1649,0.125,,,False,False,1,0,1223.21,0.0,0.0008175232010529699,,111510915.0,dotnet/dotnet-api-docs,C#
snippets/csharp/System.Windows.Automation.Provider/ISelectionItemProvider/AddToSelection/ListItemFragment.cs,7,callable,ok,CustomControls.ListItemProvider.AddToSelection,CustomControls.ListItemProvider.AddToSelection,a9609bb7852fb815b1b9ebff6b5889bfcf9b21da,2022-02-09T10:09:47-08:00,a9609bb7852fb815b1b9ebff6b5889bfcf9b21da,2022-02-09T10:09:47-08:00,1,1649,0.125,,,False,False,1,0,1223.21,0.0,0.0008175232010529699,,111510915.0,dotnet/dotnet-api-docs,C#
snippets/csharp/System.Windows.Automation.Provider/ISelectionItemProvider/AddToSelection/ListItemFragment.cs,8,callable,ok,CustomControls.ListItemProvider.RemoveFromSelection,CustomControls.ListItemProvider.RemoveFromSelection,a9609bb7852fb815b1b9ebff6b5889bfcf9b21da,2022-02-09T10:09:47-08:00,a9609bb7852fb815b1b9ebff6b5889bfcf9b21da,2022-02-09T10:09:47-08:00,1,1649,0.09090909090909091,,,False,False,1,0,1223.21,0.0,0.0008175232010529699,,111510915.0,dotnet/dotnet-api-docs,C#
snippets/csharp/System.Windows.Automation.Provider/ISelectionItemProvider/AddToSelection/ListItemFragment.cs,9,callable,ok,CustomControls.ListItemProvider.Select,CustomControls.ListItemProvider.Select,a9609bb7852fb815b1b9ebff6b5889bfcf9b21da,2022-02-09T10:09:47-08:00,a9609bb7852fb815b1b9ebff6b5889bfcf9b21da,2022-02-09T10:09:47-08:00,1,1649,0.16666666666666666,,,False,False,1,0,1223.21,0.0,0.0008175232010529699,,111510915.0,dotnet/dotnet-api-docs,C#
snippets/csharp/System.Windows.Controls.Primitives/IScrollInfo/CanHorizontallyScroll/Window1.xaml.cs,0,class,ok,ScrollViewer_Methods.Window1,ScrollViewer_Methods.Window1,a9609bb7852fb815b1b9ebff6b5889bfcf9b21da,2022-02-09T10:09:47-08:00,a9609bb7852fb815b1b9ebff6b5889bfcf9b21da,2022-02-09T10:09:47-08:00,1,1649,0.010869565217391304,,,False,False,1,0,1223.21,0.0,0.0008175232010529699,,111510915.0,dotnet/dotnet-api-docs,C#
snippets/csharp/System.Windows.Controls.Primitives/IScrollInfo/CanHorizontallyScroll/Window1.xaml.cs,0,callable,ok,ScrollViewer_Methods.Window1.onLoad,ScrollViewer_Methods.Window1.onLoad,a9609bb7852fb815b1b9ebff6b5889bfcf9b21da,2022-02-09T10:09:47-08:00,a9609bb7852fb815b1b9ebff6b5889bfcf9b21da,2022-02-09T10:09:47-08:00,1,1649,0.16666666666666666,,,False,False,1,0,1223.21,0.0,0.0008175232010529699,,111510915.0,dotnet/dotnet-api-docs,C#
snippets/csharp/System.Windows.Controls.Primitives/IScrollInfo/CanHorizontallyScroll/Window1.xaml.cs,1,callable,ok,ScrollViewer_Methods.Window1.spLineUp,ScrollViewer_Methods.Window1.spLineUp,a9609bb7852fb815b1b9ebff6b5889bfcf9b21da,2022-02-09T10:09:47-08:00,a9609bb7852fb815b1b9ebff6b5889bfcf9b21da,2022-02-09T10:09:47-08:00,1,1649,0.25,,,False,False,1,0,1223.21,0.0,0.0008175232010529699,,111510915.0,dotnet/dotnet-api-docs,C#
snippets/csharp/System.Windows.Controls.Primitives/IScrollInfo/CanHorizontallyScroll/Window1.xaml.cs,2,callable,ok,ScrollViewer_Methods.Window1.spLineDown,ScrollViewer_Methods.Window1.spLineDown,a9609bb7852fb815b1b9ebff6b5889bfcf9b21da,2022-02-09T10:09:47-08:00,a9609bb7852fb815b1b9ebff6b5889bfcf9b21da,2022-02-09T10:09:47-08:00,1,1649,0.25,,,False,False,1,0,1223.21,0.0,0.0008175232010529699,,111510915.0,dotnet/dotnet-api-docs,C#
snippets/csharp/System.Windows.Controls.Primitives/IScrollInfo/CanHorizontallyScroll/Window1.xaml.cs,3,callable,ok,ScrollViewer_Methods.Window1.spLineRight,ScrollViewer_Methods.Window1.spLineRight,a9609bb7852fb815b1b9ebff6b5889bfcf9b21da,2022-02-09T10:09:47-08:00,a9609bb7852fb815b1b9ebff6b5889bfcf9b21da,2022-02-09T10:09:47-08:00,1,1649,0.25,,,False,False,1,0,1223.21,0.0,0.0008175232010529699,,111510915.0,dotnet/dotnet-api-docs,C#
snippets/csharp/System.Windows.Controls.Primitives/IScrollInfo/CanHorizontallyScroll/Window1.xaml.cs,4,callable,ok,ScrollViewer_Methods.Window1.spLineLeft,ScrollViewer_Methods.Window1.spLineLeft,a9609bb7852fb815b1b9ebff6b5889bfcf9b21da,2022-02-09T10:09:47-08:00,a9609bb7852fb815b1b9ebff6b5889bfcf9b21da,2022-02-09T10:09:47-08:00,1,1649,0.25,,,False,False,1,0,1223.21,0.0,0.0008175232010529699,,111510915.0,dotnet/dotnet-api-docs,C#
snippets/csharp/System.Windows.Controls.Primitives/IScrollInfo/CanHorizontallyScroll/Window1.xaml.cs,5,callable,ok,ScrollViewer_Methods.Window1.spPageUp,ScrollViewer_Methods.Window1.spPageUp,a9609bb7852fb815b1b9ebff6b5889bfcf9b21da,2022-02-09T10:09:47-08:00,a9609bb7852fb815b1b9ebff6b5889bfcf9b21da,2022-02-09T10:09:47-08:00,1,1649,0.25,,,False,False,1,0,1223.21,0.0,0.0008175232010529699,,111510915.0,dotnet/dotnet-api-docs,C#
snippets/csharp/System.Windows.Controls.Primitives/IScrollInfo/CanHorizontallyScroll/Window1.xaml.cs,6,callable,ok,ScrollViewer_Methods.Window1.spPageDown,ScrollViewer_Methods.Window1.spPageDown,a9609bb7852fb815b1b9ebff6b5889bfcf9b21da,2022-02-09T10:09:47-08:00,a9609bb7852fb815b1b9ebff6b5889bfcf9b21da,2022-02-09T10:09:47-08:00,1,1649,0.25,,,False,False,1,0,1223.21,0.0,0.0008175232010529699,,111510915.0,dotnet/dotnet-api-docs,C#
snippets/csharp/System.Windows.Controls.Primitives/IScrollInfo/CanHorizontallyScroll/Window1.xaml.cs,7,callable,ok,ScrollViewer_Methods.Window1.spPageRight,ScrollViewer_Methods.Window1.spPageRight,a9609bb7852fb815b1b9ebff6b5889bfcf9b21da,2022-02-09T10:09:47-08:00,a9609bb7852fb815b1b9ebff6b5889bfcf9b21da,2022-02-09T10:09:47-08:00,1,1649,0.25,,,False,False,1,0,1223.21,0.0,0.0008175232010529699,,111510915.0,dotnet/dotnet-api-docs,C#
snippets/csharp/System.Windows.Controls.Primitives/IScrollInfo/CanHorizontallyScroll/Window1.xaml.cs,8,callable,ok,ScrollViewer_Methods.Window1.spPageLeft,ScrollViewer_Methods.Window1.spPageLeft,a9609bb7852fb815b1b9ebff6b5889bfcf9b21da,2022-02-09T10:09:47-08:00,a9609bb7852fb815b1b9ebff6b5889bfcf9b21da,2022-02-09T10:09:47-08:00,1,1649,0.25,,,False,False,1,0,1223.21,0.0,0.0008175232010529699,,111510915.0,dotnet/dotnet-api-docs,C#
snippets/csharp/System.Windows.Controls.Primitives/IScrollInfo/CanHorizontallyScroll/Window1.xaml.cs,9,callable,ok,ScrollViewer_Methods.Window1.spMouseWheelDown,ScrollViewer_Methods.Window1.spMouseWheelDown,a9609bb7852fb815b1b9ebff6b5889bfcf9b21da,2022-02-09T10:09:47-08:00,a9609bb7852fb815b1b9ebff6b5889bfcf9b21da,2022-02-09T10:09:47-08:00,1,1649,0.25,,,False,False,1,0,1223.21,0.0,0.0008175232010529699,,111510915.0,dotnet/dotnet-api-docs,C#
snippets/csharp/System.Windows.Controls.Primitives/IScrollInfo/CanHorizontallyScroll/Window1.xaml.cs,10,callable,ok,ScrollViewer_Methods.Window1.spMouseWheelUp,ScrollViewer_Methods.Window1.spMouseWheelUp,a9609bb7852fb815b1b9ebff6b5889bfcf9b21da,2022-02-09T10:09:47-08:00,a9609bb7852fb815b1b9ebff6b5889bfcf9b21da,2022-02-09T10:09:47-08:00,1,1649,0.25,,,False,False,1,0,1223.21,0.0,0.0008175232010529699,,111510915.0,dotnet/dotnet-api-docs,C#
snippets/csharp/System.Windows.Controls.Primitives/IScrollInfo/CanHorizontallyScroll/Window1.xaml.cs,11,callable,ok,ScrollViewer_Methods.Window1.spMouseWheelLeft,ScrollViewer_Methods.Window1.spMouseWheelLeft,a9609bb7852fb815b1b9ebff6b5889bfcf9b21da,2022-02-09T10:09:47-08:00,a9609bb7852fb815b1b9ebff6b5889bfcf9b21da,2022-02-09T10:09:47-08:00,1,1649,0.25,,,False,False,1,0,1223.21,0.0,0.0008175232010529699,,111510915.0,dotnet/dotnet-api-docs,C#
snippets/csharp/System.Windows.Controls.Primitives/IScrollInfo/CanHorizontallyScroll/Window1.xaml.cs,12,callable,ok,ScrollViewer_Methods.Window1.spMouseWheelRight,ScrollViewer_Methods.Window1.spMouseWheelRight,a9609bb7852fb815b1b9ebff6b5889bfcf9b21da,2022-02-09T10:09:47-08:00,a9609bb7852fb815b1b9ebff6b5889bfcf9b21da,2022-02-09T10:09:47-08:00,1,1649,0.25,,,False,False,1,0,1223.21,0.0,0.0008175232010529699,,111510915.0,dotnet/dotnet-api-docs,C#
snippets/csharp/System.Windows.Controls.Primitives/LayoutInformation/Overview/Window1.xaml.cs,0,class,ok,layout_information.Window1,layout_information.Window1,a9609bb7852fb815b1b9ebff6b5889bfcf9b21da,2022-02-09T10:09:47-08:00,a9609bb7852fb815b1b9ebff6b5889bfcf9b21da,2022-02-09T10:09:47-08:00,1,1649,0.05,,,False,False,1,0,1223.21,0.0,0.0008175232010529699,,111510915.0,dotnet/dotnet-api-docs,C#
snippets/csharp/System.Windows.Controls.Primitives/LayoutInformation/Overview/Window1.xaml.cs,0,callable,ok,layout_information.Window1.getLayoutSlot1,layout_information.Window1.getLayoutSlot1,a9609bb7852fb815b1b9ebff6b5889bfcf9b21da,2022-02-09T10:09:47-08:00,a9609bb7852fb815b1b9ebff6b5889bfcf9b21da,2022-02-09T10:09:47-08:00,1,1649,0.06666666666666667,,,False,False,1,0,1223.21,0.0,0.0008175232010529699,,111510915.0,dotnet/dotnet-api-docs,C#
snippets/csharp/System.Windows.Controls/ContentControl/ContentTemplateSelector/Window1.xaml.cs,0,class,ok,ContentControlNew.Window1,ContentControlNew.Window1,a9609bb7852fb815b1b9ebff6b5889bfcf9b21da,2022-02-09T10:09:47-08:00,a9609bb7852fb815b1b9ebff6b5889bfcf9b21da,2022-02-09T10:09:47-08:00,1,1649,0.125,,,False,False,1,0,1223.21,0.0,0.0008175232010529699,,111510915.0,dotnet/dotnet-api-docs,C#
snippets/csharp/System.Windows.Controls/ContentControl/ContentTemplateSelector/Window1.xaml.cs,1,class,ok,ContentControlNew.NumberDataTemplateSelector,ContentControlNew.NumberDataTemplateSelector,a9609bb7852fb815b1b9ebff6b5889bfcf9b21da,2022-02-09T10:09:47-08:00,a9609bb7852fb815b1b9ebff6b5889bfcf9b21da,2022-02-09T10:09:47-08:00,1,1649,0.041666666666666664,,,False,False,1,0,1223.21,0.0,0.0008175232010529699,,111510915.0,dotnet/dotnet-api-docs,C#
snippets/csharp/System.Windows.Controls/ContentControl/ContentTemplateSelector/Window1.xaml.cs,0,callable,ok,ContentControlNew.Window1.Window1,ContentControlNew.Window1.Window1,a9609bb7852fb815b1b9ebff6b5889bfcf9b21da,2022-02-09T10:09:47-08:00,a9609bb7852fb815b1b9ebff6b5889bfcf9b21da,2022-02-09T10:09:47-08:00,1,1649,0.25,,,False,False,1,0,1223.21,0.0,0.0008175232010529699,,111510915.0,dotnet/dotnet-api-docs,C#
snippets/csharp/System.Windows.Controls/ContentControl/ContentTemplateSelector/Window1.xaml.cs,1,callable,ok,ContentControlNew.NumberDataTemplateSelector.SelectTemplate,ContentControlNew.NumberDataTemplateSelector.SelectTemplate,a9609bb7852fb815b1b9ebff6b5889bfcf9b21da,2022-02-09T10:09:47-08:00,a9609bb7852fb815b1b9ebff6b5889bfcf9b21da,2022-02-09T10:09:47-08:00,1,1649,0.05555555555555555,,,False,False,1,0,1223.21,0.0,0.0008175232010529699,,111510915.0,dotnet/dotnet-api-docs,C#
snippets/csharp/System.Windows.Controls/Control/BorderThickness/MyApp.xaml.cs,0,class,ok,ControlProps.MyApp,ControlProps.MyApp,a9609bb7852fb815b1b9ebff6b5889bfcf9b21da,2022-02-09T10:09:47-08:00,a9609bb7852fb815b1b9ebff6b5889bfcf9b21da,2022-02-09T10:09:47-08:00,1,1649,0.3333333333333333,,,False,False,1,0,1223.21,0.0,0.0008175232010529699,,111510915.0,dotnet/dotnet-api-docs,C#
snippets/csharp/System.Windows.Controls/DataGrid/CellStyle/window1.xaml.cs,0,class,ok,DataGrid_CellStyle.Window1,DataGrid_CellStyle.Window1,a9609bb7852fb815b1b9ebff6b5889bfcf9b21da,2022-02-09T10:09:47-08:00,a9609bb7852fb815b1b9ebff6b5889bfcf9b21da,2022-02-09T10:09:47-08:00,1,1649,0.03333333333333333,,,False,False,1,0,1223.21,0.0,0.0008175232010529699,,111510915.0,dotnet/dotnet-api-docs,C#
snippets/csharp/System.Windows.Controls/DataGrid/CellStyle/window1.xaml.cs,1,class,ok,DataGrid_CellStyle.Window1.Animal,DataGrid_CellStyle.Window1.Animal,a9609bb7852fb815b1b9ebff6b5889bfcf9b21da,2022-02-09T10:09:47-08:00,a9609bb7852fb815b1b9ebff6b5889bfcf9b21da,2022-02-09T10:09:47-08:00,1,1649,0.07692307692307693,,,False,False,1,0,1223.21,0.0,0.0008175232010529699,,111510915.0,dotnet/dotnet-api-docs,C#
snippets/csharp/System.Windows.Controls/DataGrid/CellStyle/window1.xaml.cs,0,callable,ok,DataGrid_CellStyle.Window1.Window1,DataGrid_CellStyle.Window1.Window1,a9609bb7852fb815b1b9ebff6b5889bfcf9b21da,2022-02-09T10:09:47-08:00,a9609bb7852fb815b1b9ebff6b5889bfcf9b21da,2022-02-09T10:09:47-08:00,1,1649,0.07142857142857142,,,False,False,1,0,1223.21,0.0,0.0008175232010529699,,111510915.0,dotnet/dotnet-api-docs,C#
snippets/csharp/System.Windows.Controls/DataGrid/CellStyle/window1.xaml.cs,1,callable,ok,DataGrid_CellStyle.Window1.Animal.Animal,DataGrid_CellStyle.Window1.Animal.Animal,a9609bb7852fb815b1b9ebff6b5889bfcf9b21da,2022-02-09T10:09:47-08:00,a9609bb7852fb815b1b9ebff6b5889bfcf9b21da,2022-02-09T10:09:47-08:00,1,1649,0.25,,,False,False,1,0,1223.21,0.0,0.0008175232010529699,,111510915.0,dotnet/dotnet-api-docs,C#
snippets/csharp/System.Windows.Controls/GridSplitter/Overview/Window1.xaml.cs,0,class,ok,GridSplitterSnips.Window1,GridSplitterSnips.Window1,a9609bb7852fb815b1b9ebff6b5889bfcf9b21da,2022-02-09T10:09:47-08:00,a9609bb7852fb815b1b9ebff6b5889bfcf9b21da,2022-02-09T10:09:47-08:00,1,1649,0.023255813953488372,,,False,False,1,0,1223.21,0.0,0.0008175232010529699,,111510915.0,dotnet/dotnet-api-docs,C#
snippets/csharp/System.Windows.Controls/GridSplitter/Overview/Window1.xaml.cs,0,callable,ok,GridSplitterSnips.Window1.Window1,GridSplitterSnips.Window1.Window1,a9609bb7852fb815b1b9ebff6b5889bfcf9b21da,2022-02-09T10:09:47-08:00,a9609bb7852fb815b1b9ebff6b5889bfcf9b21da,2022-02-09T10:09:47-08:00,1,1649,0.25,,,False,False,1,0,1223.21,0.0,0.0008175232010529699,,111510915.0,dotnet/dotnet-api-docs,C#
snippets/csharp/System.Windows.Controls/GridSplitter/Overview/Window1.xaml.cs,1,callable,ok,GridSplitterSnips.Window1.InitializeGridSplitterSnip,GridSplitterSnips.Window1.InitializeGridSplitterSnip,a9609bb7852fb815b1b9ebff6b5889bfcf9b21da,2022-02-09T10:09:47-08:00,a9609bb7852fb815b1b9ebff6b5889bfcf9b21da,2022-02-09T10:09:47-08:00,1,1649,0.029411764705882353,,,False,False,1,0,1223.21,0.0,0.0008175232010529699,,111510915.0,dotnet/dotnet-api-docs,C#
snippets/csharp/System.Windows.Controls/Image/Stretch/MyApp.xaml.cs,0,class,ok,ImageElementExample.MyApp,ImageElementExample.MyApp,a9609bb7852fb815b1b9ebff6b5889bfcf9b21da,2022-02-09T10:09:47-08:00,a9609bb7852fb815b1b9ebff6b5889bfcf9b21da,2022-02-09T10:09:47-08:00,1,1649,0.125,,,False,False,1,0,1223.21,0.0,0.0008175232010529699,,111510915.0,dotnet/dotnet-api-docs,C#
snippets/csharp/System.Windows.Controls/Image/Stretch/MyApp.xaml.cs,0,callable,ok,ImageElementExample.MyApp.AppStartingUp,ImageElementExample.MyApp.AppStartingUp,a9609bb7852fb815b1b9ebff6b5889bfcf9b21da,2022-02-09T10:09:47-08:00,a9609bb7852fb815b1b9ebff6b5889bfcf9b21da,2022-02-09T10:09:47-08:00,1,1649,0.2,,,False,False,1,0,1223.21,0.0,0.0008175232010529699,,111510915.0,dotnet/dotnet-api-docs,C#
snippets/csharp/System.Windows.Controls/InkCanvas/Overview/Window1.xaml.cs,0,class,ok,DrawingAttributesSample.Window1,DrawingAttributesSample.Window1,a9609bb7852fb815b1b9ebff6b5889bfcf9b21da,2022-02-09T10:09:47-08:00,a9609bb7852fb815b1b9ebff6b5889bfcf9b21da,2022-02-09T10:09:47-08:00,1,1649,0.002824858757062147,,,False,False,1,0,1223.21,0.0,0.0008175232010529699,,111510915.0,dotnet/dotnet-api-docs,C#
snippets/csharp/System.Windows.Controls/InkCanvas/Overview/Window1.xaml.cs,0,callable,ok,DrawingAttributesSample.Window1.WindowLoaded,DrawingAttributesSample.Window1.WindowLoaded,a9609bb7852fb815b1b9ebff6b5889bfcf9b21da,2022-02-09T10:09:47-08:00,a9609bb7852fb815b1b9ebff6b5889bfcf9b21da,2022-02-09T10:09:47-08:00,1,1649,0.04,,,False,False,1,0,1223.21,0.0,0.0008175232010529699,,111510915.0,dotnet/dotnet-api-docs,C#
snippets/csharp/System.Windows.Controls/InkCanvas/Overview/Window1.xaml.cs,1,callable,ok,DrawingAttributesSample.Window1.SwitchHighlighter_Click,DrawingAttributesSample.Window1.SwitchHighlighter_Click,a9609bb7852fb815b1b9ebff6b5889bfcf9b21da,2022-02-09T10:09:47-08:00,a9609bb7852fb815b1b9ebff6b5889bfcf9b21da,2022-02-09T10:09:47-08:00,1,1649,0.06666666666666667,,,False,False,1,0,1223.21,0.0,0.0008175232010529699,,111510915.0,dotnet/dotnet-api-docs,C#
snippets/csharp/System.Windows.Controls/InkCanvas/Overview/Window1.xaml.cs,2,callable,ok,DrawingAttributesSample.Window1.Window1,DrawingAttributesSample.Window1.Window1,a9609bb7852fb815b1b9ebff6b5889bfcf9b21da,2022-02-09T10:09:47-08:00,a9609bb7852fb815b1b9ebff6b5889bfcf9b21da,2022-02-09T10:09:47-08:00,1,1649,0.07142857142857142,,,False,False,1,0,1223.21,0.0,0.0008175232010529699,,111510915.0,dotnet/dotnet-api-docs,C#
snippets/csharp/System.Windows.Controls/InkCanvas/Overview/Window1.xaml.cs,3,callable,ok,DrawingAttributesSample.Window1.inkCanvas1_DefaultDrawingAttributesReplaced,DrawingAttributesSample.Window1.inkCanvas1_DefaultDrawingAttributesReplaced,a9609bb7852fb815b1b9ebff6b5889bfcf9b21da,2022-02-09T10:09:47-08:00,a9609bb7852fb815b1b9ebff6b5889bfcf9b21da,2022-02-09T10:09:47-08:00,1,1649,0.09090909090909091,,,False,False,1,0,1223.21,0.0,0.0008175232010529699,,111510915.0,dotnet/dotnet-api-docs,C#
snippets/csharp/System.Windows.Controls/InkCanvas/Overview/Window1.xaml.cs,4,callable,ok,DrawingAttributesSample.Window1.inkCanvas1_StrokeErasing,DrawingAttributesSample.Window1.inkCanvas1_StrokeErasing,a9609bb7852fb815b1b9ebff6b5889bfcf9b21da,2022-02-09T10:09:47-08:00,a9609bb7852fb815b1b9ebff6b5889bfcf9b21da,2022-02-09T10:09:47-08:00,1,1649,0.14285714285714285,,,False,False,1,0,1223.21,0.0,0.0008175232010529699,,111510915.0,dotnet/dotnet-api-docs,C#
snippets/csharp/System.Windows.Controls/InkCanvas/Overview/Window1.xaml.cs,5,callable,ok,DrawingAttributesSample.Window1.ValidateHeightAndWidth,DrawingAttributesSample.Window1.ValidateHeightAndWidth,a9609bb7852fb815b1b9ebff6b5889bfcf9b21da,2022-02-09T10:09:47-08:00,a9609bb7852fb815b1b9ebff6b5889bfcf9b21da,2022-02-09T10:09:47-08:00,1,1649,0.03225806451612903,,,False,False,1,0,1223.21,0.0,0.0008175232010529699,,111510915.0,dotnet/dotnet-api-docs,C#
snippets/csharp/System.Windows.Controls/InkCanvas/Overview/Window1.xaml.cs,6,callable,ok,DrawingAttributesSample.Window1.InitializeAllProperties,DrawingAttributesSample.Window1.InitializeAllProperties,a9609bb7852fb815b1b9ebff6b5889bfcf9b21da,2022-02-09T10:09:47-08:00,a9609bb7852fb815b1b9ebff6b5889bfcf9b21da,2022-02-09T10:09:47-08:00,1,1649,0.043478260869565216,,,False,False,1,0,1223.21,0.0,0.0008175232010529699,,111510915.0,dotnet/dotnet-api-docs,C#
snippets/csharp/System.Windows.Controls/InkCanvas/Overview/Window1.xaml.cs,7,callable,ok,DrawingAttributesSample.Window1.inkDA_AttributeChanged,DrawingAttributesSample.Window1.inkDA_AttributeChanged,a9609bb7852fb815b1b9ebff6b5889bfcf9b21da,2022-02-09T10:09:47-08:00,a9609bb7852fb815b1b9ebff6b5889bfcf9b21da,2022-02-09T10:09:47-08:00,1,1649,0.14285714285714285,,,False,False,1,0,1223.21,0.0,0.0008175232010529699,,111510915.0,dotnet/dotnet-api-docs,C#
snippets/csharp/System.Windows.Controls/InkCanvas/Overview/Window1.xaml.cs,8,callable,ok,DrawingAttributesSample.Window1.DefaultDrawingAttributes_AttributeChanged,DrawingAttributesSample.Window1.DefaultDrawingAttributes_AttributeChanged,a9609bb7852fb815b1b9ebff6b5889bfcf9b21da,2022-02-09T10:09:47-08:00,a9609bb7852fb815b1b9ebff6b5889bfcf9b21da,2022-02-09T10:09:47-08:00,1,1649,0.25,,,False,False,1,0,1223.21,0.0,0.0008175232010529699,,111510915.0,dotnet/dotnet-api-docs,C#
snippets/csharp/System.Windows.Controls/InkCanvas/Overview/Window1.xaml.cs,9,callable,ok,DrawingAttributesSample.Window1.Strokes_StrokesChanged,DrawingAttributesSample.Window1.Strokes_StrokesChanged,a9609bb7852fb815b1b9ebff6b5889bfcf9b21da,2022-02-09T10:09:47-08:00,a9609bb7852fb815b1b9ebff6b5889bfcf9b21da,2022-02-09T10:09:47-08:00,1,1649,0.14285714285714285,,,False,False,1,0,1223.21,0.0,0.0008175232010529699,,111510915.0,dotnet/dotnet-api-docs,C#
snippets/csharp/System.Windows.Controls/InkCanvas/Overview/Window1.xaml.cs,10,callable,ok,DrawingAttributesSample.Window1.SaveStrokes_Click,DrawingAttributesSample.Window1.SaveStrokes_Click,a9609bb7852fb815b1b9ebff6b5889bfcf9b21da,2022-02-09T10:09:47-08:00,a9609bb7852fb815b1b9ebff6b5889bfcf9b21da,2022-02-09T10:09:47-08:00,1,1649,0.1,,,False,False,1,0,1223.21,0.0,0.0008175232010529699,,111510915.0,dotnet/dotnet-api-docs,C#
snippets/csharp/System.Windows.Controls/InkCanvas/Overview/Window1.xaml.cs,11,callable,ok,DrawingAttributesSample.Window1.LoadStrokes_Click,DrawingAttributesSample.Window1.LoadStrokes_Click,a9609bb7852fb815b1b9ebff6b5889bfcf9b21da,2022-02-09T10:09:47-08:00,a9609bb7852fb815b1b9ebff6b5889bfcf9b21da,2022-02-09T10:09:47-08:00,1,1649,0.05,,,False,False,1,0,1223.21,0.0,0.0008175232010529699,,111510915.0,dotnet/dotnet-api-docs,C#
snippets/csharp/System.Windows.Controls/InkCanvas/Overview/Window1.xaml.cs,12,callable,ok,DrawingAttributesSample.Window1.AssignDrawingAttributesInstrument,DrawingAttributesSample.Window1.AssignDrawingAttributesInstrument,a9609bb7852fb815b1b9ebff6b5889bfcf9b21da,2022-02-09T10:09:47-08:00,a9609bb7852fb815b1b9ebff6b5889bfcf9b21da,2022-02-09T10:09:47-08:00,1,1649,0.2,,,False,False,1,0,1223.21,0.0,0.0008175232010529699,,111510915.0,dotnet/dotnet-api-docs,C#
snippets/csharp/System.Windows.Controls/InkCanvas/Overview/Window1.xaml.cs,13,callable,ok,DrawingAttributesSample.Window1.ChangeColors_Click,DrawingAttributesSample.Window1.ChangeColors_Click,a9609bb7852fb815b1b9ebff6b5889bfcf9b21da,2022-02-09T10:09:47-08:00,a9609bb7852fb815b1b9ebff6b5889bfcf9b21da,2022-02-09T10:09:47-08:00,1,1649,0.06666666666666667,,,False,False,1,0,1223.21,0.0,0.0008175232010529699,,111510915.0,dotnet/dotnet-api-docs,C#
snippets/csharp/System.Windows.Controls/InkCanvas/Overview/Window1.xaml.cs,14,callable,ok,DrawingAttributesSample.Window1.ChangePenColors_Click,DrawingAttributesSample.Window1.ChangePenColors_Click,a9609bb7852fb815b1b9ebff6b5889bfcf9b21da,2022-02-09T10:09:47-08:00,a9609bb7852fb815b1b9ebff6b5889bfcf9b21da,2022-02-09T10:09:47-08:00,1,1649,0.09090909090909091,,,False,False,1,0,1223.21,0.0,0.0008175232010529699,,111510915.0,dotnet/dotnet-api-docs,C#
snippets/csharp/System.Windows.Controls/InkCanvas/Overview/Window1.xaml.cs,15,callable,ok,DrawingAttributesSample.Window1.ClearStrokes_Click,DrawingAttributesSample.Window1.ClearStrokes_Click,a9609bb7852fb815b1b9ebff6b5889bfcf9b21da,2022-02-09T10:09:47-08:00,a9609bb7852fb815b1b9ebff6b5889bfcf9b21da,2022-02-09T10:09:47-08:00,1,1649,0.2,,,False,False,1,0,1223.21,0.0,0.0008175232010529699,,111510915.0,dotnet/dotnet-api-docs,C#
snippets/csharp/System.Windows.Controls/InkCanvas/Overview/Window1.xaml.cs,16,callable,ok,DrawingAttributesSample.Window1.inkCanvas1_StrokeCollected,DrawingAttributesSample.Window1.inkCanvas1_StrokeCollected,a9609bb7852fb815b1b9ebff6b5889bfcf9b21da,2022-02-09T10:09:47-08:00,a9609bb7852fb815b1b9ebff6b5889bfcf9b21da,2022-02-09T10:09:47-08:00,1,1649,0.25,,,False,False,1,0,1223.21,0.0,0.0008175232010529699,,111510915.0,dotnet/dotnet-api-docs,C#
snippets/csharp/System.Windows.Controls/InkCanvas/Overview/Window1.xaml.cs,17,callable,ok,DrawingAttributesSample.Window1.GetPropertyIDs,DrawingAttributesSample.Window1.GetPropertyIDs,a9609bb7852fb815b1b9ebff6b5889bfcf9b21da,2022-02-09T10:09:47-08:00,a9609bb7852fb815b1b9ebff6b5889bfcf9b21da,2022-02-09T10:09:47-08:00,1,1649,0.16666666666666666,,,False,False,1,0,1223.21,0.0,0.0008175232010529699,,111510915.0,dotnet/dotnet-api-docs,C#
snippets/csharp/System.Windows.Controls/InkCanvas/Overview/Window1.xaml.cs,18,callable,ok,DrawingAttributesSample.Window1.CopyAttributes,DrawingAttributesSample.Window1.CopyAttributes,a9609bb7852fb815b1b9ebff6b5889bfcf9b21da,2022-02-09T10:09:47-08:00,a9609bb7852fb815b1b9ebff6b5889bfcf9b21da,2022-02-09T10:09:47-08:00,1,1649,0.16666666666666666,,,False,False,1,0,1223.21,0.0,0.0008175232010529699,,111510915.0,dotnet/dotnet-api-docs,C#
snippets/csharp/System.Windows.Controls/InkCanvas/Overview/Window1.xaml.cs,19,callable,ok,DrawingAttributesSample.Window1.RemovePropertyDataId,DrawingAttributesSample.Window1.RemovePropertyDataId,a9609bb7852fb815b1b9ebff6b5889bfcf9b21da,2022-02-09T10:09:47-08:00,a9609bb7852fb815b1b9ebff6b5889bfcf9b21da,2022-02-09T10:09:47-08:00,1,1649,0.14285714285714285,,,False,False,1,0,1223.21,0.0,0.0008175232010529699,,111510915.0,dotnet/dotnet-api-docs,C#
snippets/csharp/System.Windows.Controls/InkCanvas/Overview/Window1.xaml.cs,20,callable,ok,DrawingAttributesSample.Window1.AttributesEqual,DrawingAttributesSample.Window1.AttributesEqual,a9609bb7852fb815b1b9ebff6b5889bfcf9b21da,2022-02-09T10:09:47-08:00,a9609bb7852fb815b1b9ebff6b5889bfcf9b21da,2022-02-09T10:09:47-08:00,1,1649,0.02040816326530612,,,False,False,1,0,1223.21,0.0,0.0008175232010529699,,111510915.0,dotnet/dotnet-api-docs,C#
snippets/csharp/System.Windows.Controls/InkCanvas/Overview/Window1.xaml.cs,21,callable,ok,DrawingAttributesSample.Window1.CompareAttributes_Click,DrawingAttributesSample.Window1.CompareAttributes_Click,a9609bb7852fb815b1b9ebff6b5889bfcf9b21da,2022-02-09T10:09:47-08:00,a9609bb7852fb815b1b9ebff6b5889bfcf9b21da,2022-02-09T10:09:47-08:00,1,1649,0.25,,,False,False,1,0,1223.21,0.0,0.0008175232010529699,,111510915.0,dotnet/dotnet-api-docs,C#
snippets/csharp/System.Windows.Controls/InkPresenter/DetachVisuals/Window1.xaml.cs,0,class,ok,StrokeCollectionEraseMethods.Window1,StrokeCollectionEraseMethods.Window1,a9609bb7852fb815b1b9ebff6b5889bfcf9b21da,2022-02-09T10:09:47-08:00,a9609bb7852fb815b1b9ebff6b5889bfcf9b21da,2022-02-09T10:09:47-08:00,1,1649,0.009433962264150943,,,False,False,1,0,1223.21,0.0,0.0008175232010529699,,111510915.0,dotnet/dotnet-api-docs,C#
snippets/csharp/System.Windows.Controls/InkPresenter/DetachVisuals/Window1.xaml.cs,0,callable,ok,StrokeCollectionEraseMethods.Window1.Window1,StrokeCollectionEraseMethods.Window1.Window1,a9609bb7852fb815b1b9ebff6b5889bfcf9b21da,2022-02-09T10:09:47-08:00,a9609bb7852fb815b1b9ebff6b5889bfcf9b21da,2022-02-09T10:09:47-08:00,1,1649,0.1111111111111111,,,False,False,1,0,1223.21,0.0,0.0008175232010529699,,111510915.0,dotnet/dotnet-api-docs,C#
snippets/csharp/System.Windows.Controls/InkPresenter/DetachVisuals/Window1.xaml.cs,1,callable,ok,StrokeCollectionEraseMethods.Window1.Window1_KeyDown,StrokeCollectionEraseMethods.Window1.Window1_KeyDown,a9609bb7852fb815b1b9ebff6b5889bfcf9b21da,2022-02-09T10:09:47-08:00,a9609bb7852fb815b1b9ebff6b5889bfcf9b21da,2022-02-09T10:09:47-08:00,1,1649,0.14285714285714285,,,False,False,1,0,1223.21,0.0,0.0008175232010529699,,111510915.0,dotnet/dotnet-api-docs,C#
snippets/csharp/System.Windows.Controls/InkPresenter/DetachVisuals/Window1.xaml.cs,2,callable,ok,StrokeCollectionEraseMethods.Window1.HitTestWithEraser_Click,StrokeCollectionEraseMethods.Window1.HitTestWithEraser_Click,a9609bb7852fb815b1b9ebff6b5889bfcf9b21da,2022-02-09T10:09:47-08:00,a9609bb7852fb815b1b9ebff6b5889bfcf9b21da,2022-02-09T10:09:47-08:00,1,1649,0.25,,,False,False,1,0,1223.21,0.0,0.0008175232010529699,,111510915.0,dotnet/dotnet-api-docs,C#
snippets/csharp/System.Windows.Controls/InkPresenter/DetachVisuals/Window1.xaml.cs,3,callable,ok,StrokeCollectionEraseMethods.Window1.erasePath_Click,StrokeCollectionEraseMethods.Window1.erasePath_Click,a9609bb7852fb815b1b9ebff6b5889bfcf9b21da,2022-02-09T10:09:47-08:00,a9609bb7852fb815b1b9ebff6b5889bfcf9b21da,2022-02-09T10:09:47-08:00,1,1649,0.25,,,False,False,1,0,1223.21,0.0,0.0008175232010529699,,111510915.0,dotnet/dotnet-api-docs,C#
snippets/csharp/System.Windows.Controls/InkPresenter/DetachVisuals/Window1.xaml.cs,4,callable,ok,StrokeCollectionEraseMethods.Window1.ClipWithRect_Click,StrokeCollectionEraseMethods.Window1.ClipWithRect_Click,a9609bb7852fb815b1b9ebff6b5889bfcf9b21da,2022-02-09T10:09:47-08:00,a9609bb7852fb815b1b9ebff6b5889bfcf9b21da,2022-02-09T10:09:47-08:00,1,1649,0.25,,,False,False,1,0,1223.21,0.0,0.0008175232010529699,,111510915.0,dotnet/dotnet-api-docs,C#
snippets/csharp/System.Windows.Controls/InkPresenter/DetachVisuals/Window1.xaml.cs,5,callable,ok,StrokeCollectionEraseMethods.Window1.EraseWithRect_Click,StrokeCollectionEraseMethods.Window1.EraseWithRect_Click,a9609bb7852fb815b1b9ebff6b5889bfcf9b21da,2022-02-09T10:09:47-08:00,a9609bb7852fb815b1b9ebff6b5889bfcf9b21da,2022-02-09T10:09:47-08:00,1,1649,0.25,,,False,False,1,0,1223.21,0.0,0.0008175232010529699,,111510915.0,dotnet/dotnet-api-docs,C#
snippets/csharp/System.Windows.Controls/InkPresenter/DetachVisuals/Window1.xaml.cs,6,callable,ok,StrokeCollectionEraseMethods.Window1.RemoveFromRect_Click,StrokeCollectionEraseMethods.Window1.RemoveFromRect_Click,a9609bb7852fb815b1b9ebff6b5889bfcf9b21da,2022-02-09T10:09:47-08:00,a9609bb7852fb815b1b9ebff6b5889bfcf9b21da,2022-02-09T10:09:47-08:00,1,1649,0.25,,,False,False,1,0,1223.21,0.0,0.0008175232010529699,,111510915.0,dotnet/dotnet-api-docs,C#
snippets/csharp/System.Windows.Controls/InkPresenter/DetachVisuals/Window1.xaml.cs,7,callable,ok,StrokeCollectionEraseMethods.Window1.clipStrokes_Click,StrokeCollectionEraseMethods.Window1.clipStrokes_Click,a9609bb7852fb815b1b9ebff6b5889bfcf9b21da,2022-02-09T10:09:47-08:00,a9609bb7852fb815b1b9ebff6b5889bfcf9b21da,2022-02-09T10:09:47-08:00,1,1649,0.25,,,False,False,1,0,1223.21,0.0,0.0008175232010529699,,111510915.0,dotnet/dotnet-api-docs,C#
snippets/csharp/System.Windows.Controls/InkPresenter/DetachVisuals/Window1.xaml.cs,8,callable,ok,StrokeCollectionEraseMethods.Window1.eraseStrokes_Click,StrokeCollectionEraseMethods.Window1.eraseStrokes_Click,a9609bb7852fb815b1b9ebff6b5889bfcf9b21da,2022-02-09T10:09:47-08:00,a9609bb7852fb815b1b9ebff6b5889bfcf9b21da,2022-02-09T10:09:47-08:00,1,1649,0.25,,,False,False,1,0,1223.21,0.0,0.0008175232010529699,,111510915.0,dotnet/dotnet-api-docs,C#
snippets/csharp/System.Windows.Controls/InkPresenter/DetachVisuals/Window1.xaml.cs,9,callable,ok,StrokeCollectionEraseMethods.Window1.RemoveStrokes_Click,StrokeCollectionEraseMethods.Window1.RemoveStrokes_Click,a9609bb7852fb815b1b9ebff6b5889bfcf9b21da,2022-02-09T10:09:47-08:00,a9609bb7852fb815b1b9ebff6b5889bfcf9b21da,2022-02-09T10:09:47-08:00,1,1649,0.25,,,False,False,1,0,1223.21,0.0,0.0008175232010529699,,111510915.0,dotnet/dotnet-api-docs,C#
snippets/csharp/System.Windows.Controls/InkPresenter/DetachVisuals/Window1.xaml.cs,10,callable,ok,StrokeCollectionEraseMethods.Window1.CopyStrokes_Click,StrokeCollectionEraseMethods.Window1.CopyStrokes_Click,a9609bb7852fb815b1b9ebff6b5889bfcf9b21da,2022-02-09T10:09:47-08:00,a9609bb7852fb815b1b9ebff6b5889bfcf9b21da,2022-02-09T10:09:47-08:00,1,1649,0.25,,,False,False,1,0,1223.21,0.0,0.0008175232010529699,,111510915.0,dotnet/dotnet-api-docs,C#
snippets/csharp/System.Windows.Controls/InkPresenter/DetachVisuals/Window1.xaml.cs,11,callable,ok,StrokeCollectionEraseMethods.Window1.ToggleSelection,StrokeCollectionEraseMethods.Window1.ToggleSelection,a9609bb7852fb815b1b9ebff6b5889bfcf9b21da,2022-02-09T10:09:47-08:00,a9609bb7852fb815b1b9ebff6b5889bfcf9b21da,2022-02-09T10:09:47-08:00,1,1649,0.07142857142857142,,,False,False,1,0,1223.21,0.0,0.0008175232010529699,,111510915.0,dotnet/dotnet-api-docs,C#
snippets/csharp/System.Windows.Controls/InkPresenter/DetachVisuals/Window1.xaml.cs,12,callable,ok,StrokeCollectionEraseMethods.Window1.ClearCanvas_Click,StrokeCollectionEraseMethods.Window1.ClearCanvas_Click,a9609bb7852fb815b1b9ebff6b5889bfcf9b21da,2022-02-09T10:09:47-08:00,a9609bb7852fb815b1b9ebff6b5889bfcf9b21da,2022-02-09T10:09:47-08:00,1,1649,0.25,,,False,False,1,0,1223.21,0.0,0.0008175232010529699,,111510915.0,dotnet/dotnet-api-docs,C#
snippets/csharp/System.Windows.Controls/InkPresenter/DetachVisuals/Window1.xaml.cs,13,callable,ok,StrokeCollectionEraseMethods.Window1.SaveStrokes_Click,StrokeCollectionEraseMethods.Window1.SaveStrokes_Click,a9609bb7852fb815b1b9ebff6b5889bfcf9b21da,2022-02-09T10:09:47-08:00,a9609bb7852fb815b1b9ebff6b5889bfcf9b21da,2022-02-09T10:09:47-08:00,1,1649,0.25,,,False,False,1,0,1223.21,0.0,0.0008175232010529699,,111510915.0,dotnet/dotnet-api-docs,C#
snippets/csharp/System.Windows.Controls/InkPresenter/DetachVisuals/Window1.xaml.cs,14,callable,ok,StrokeCollectionEraseMethods.Window1.LoadStrokes_Click,StrokeCollectionEraseMethods.Window1.LoadStrokes_Click,a9609bb7852fb815b1b9ebff6b5889bfcf9b21da,2022-02-09T10:09:47-08:00,a9609bb7852fb815b1b9ebff6b5889bfcf9b21da,2022-02-09T10:09:47-08:00,1,1649,0.25,,,False,False,1,0,1223.21,0.0,0.0008175232010529699,,111510915.0,dotnet/dotnet-api-docs,C#
snippets/csharp/System.Windows.Controls/InkPresenter/DetachVisuals/Window1.xaml.cs,15,callable,ok,StrokeCollectionEraseMethods.Window1.GetIds_Click,StrokeCollectionEraseMethods.Window1.GetIds_Click,a9609bb7852fb815b1b9ebff6b5889bfcf9b21da,2022-02-09T10:09:47-08:00,a9609bb7852fb815b1b9ebff6b5889bfcf9b21da,2022-02-09T10:09:47-08:00,1,1649,0.25,,,False,False,1,0,1223.21,0.0,0.0008175232010529699,,111510915.0,dotnet/dotnet-api-docs,C#
snippets/csharp/System.Windows.Controls/Panel/IsItemsHost/window1.xaml.cs,0,class,ok,ListBox_Index.Window1,ListBox_Index.Window1,a9609bb7852fb815b1b9ebff6b5889bfcf9b21da,2022-02-09T10:09:47-08:00,a9609bb7852fb815b1b9ebff6b5889bfcf9b21da,2022-02-09T10:09:47-08:00,1,1649,0.06666666666666667,,,False,False,1,0,1223.21,0.0,0.0008175232010529699,,111510915.0,dotnet/dotnet-api-docs,C#
snippets/csharp/System.Windows.Controls/Panel/IsItemsHost/window1.xaml.cs,0,callable,ok,ListBox_Index.Window1.Window1,ListBox_Index.Window1.Window1,a9609bb7852fb815b1b9ebff6b5889bfcf9b21da,2022-02-09T10:09:47-08:00,a9609bb7852fb815b1b9ebff6b5889bfcf9b21da,2022-02-09T10:09:47-08:00,1,1649,0.25,,,False,False,1,0,1223.21,0.0,0.0008175232010529699,,111510915.0,dotnet/dotnet-api-docs,C#
snippets/csharp/System.Windows.Controls/Panel/IsItemsHost/window1.xaml.cs,1,callable,ok,ListBox_Index.Window1.PrintText,ListBox_Index.Window1.PrintText,a9609bb7852fb815b1b9ebff6b5889bfcf9b21da,2022-02-09T10:09:47-08:00,a9609bb7852fb815b1b9ebff6b5889bfcf9b21da,2022-02-09T10:09:47-08:00,1,1649,0.14285714285714285,,,False,False,1,0,1223.21,0.0,0.0008175232010529699,,111510915.0,dotnet/dotnet-api-docs,C#
snippets/csharp/System.Windows.Controls/TabItem/TabStripPlacement/Pane1.xaml.cs,0,class,ok,TabControl.Pane1,TabControl.Pane1,a9609bb7852fb815b1b9ebff6b5889bfcf9b21da,2022-02-09T10:09:47-08:00,a9609bb7852fb815b1b9ebff6b5889bfcf9b21da,2022-02-09T10:09:47-08:00,1,1649,0.030303030303030304,,,False,False,1,0,1223.21,0.0,0.0008175232010529699,,111510915.0,dotnet/dotnet-api-docs,C#
snippets/csharp/System.Windows.Controls/TabItem/TabStripPlacement/Pane1.xaml.cs,0,callable,ok,TabControl.Pane1.OnClick,TabControl.Pane1.OnClick,a9609bb7852fb815b1b9ebff6b5889bfcf9b21da,2022-02-09T10:09:47-08:00,a9609bb7852fb815b1b9ebff6b5889bfcf9b21da,2022-02-09T10:09:47-08:00,1,1649,0.058823529411764705,,,False,False,1,0,1223.21,0.0,0.0008175232010529699,,111510915.0,dotnet/dotnet-api-docs,C#
snippets/csharp/System.Windows.Controls/TabItem/TabStripPlacement/Pane1.xaml.cs,1,callable,ok,TabControl.Pane1.OnSelectionChanged,TabControl.Pane1.OnSelectionChanged,a9609bb7852fb815b1b9ebff6b5889bfcf9b21da,2022-02-09T10:09:47-08:00,a9609bb7852fb815b1b9ebff6b5889bfcf9b21da,2022-02-09T10:09:47-08:00,1,1649,0.1111111111111111,,,False,False,1,0,1223.21,0.0,0.0008175232010529699,,111510915.0,dotnet/dotnet-api-docs,C#
snippets/csharp/System.Windows.Controls/Viewport3D/.ctor/Viewport3DVisualExample.cs,0,class,ok,SDKSample.Viewport3dVisualExample,SDKSample.Viewport3dVisualExample,a9609bb7852fb815b1b9ebff6b5889bfcf9b21da,2022-02-09T10:09:47-08:00,a9609bb7852fb815b1b9ebff6b5889bfcf9b21da,2022-02-09T10:09:47-08:00,1,1649,0.07692307692307693,,,False,False,1,0,1223.21,0.0,0.0008175232010529699,,111510915.0,dotnet/dotnet-api-docs,C#
snippets/csharp/System.Windows.Controls/Viewport3D/.ctor/Viewport3DVisualExample.cs,1,class,ok,SDKSample.MyVisualHost,SDKSample.MyVisualHost,a9609bb7852fb815b1b9ebff6b5889bfcf9b21da,2022-02-09T10:09:47-08:00,a9609bb7852fb815b1b9ebff6b5889bfcf9b21da,2022-02-09T10:09:47-08:00,1,1649,0.005681818181818182,,,False,False,1,0,1223.21,0.0,0.0008175232010529699,,111510915.0,dotnet/dotnet-api-docs,C#
snippets/csharp/System.Windows.Controls/Viewport3D/.ctor/Viewport3DVisualExample.cs,0,callable,ok,SDKSample.Viewport3dVisualExample.Viewport3dVisualExample,SDKSample.Viewport3dVisualExample.Viewport3dVisualExample,a9609bb7852fb815b1b9ebff6b5889bfcf9b21da,2022-02-09T10:09:47-08:00,a9609bb7852fb815b1b9ebff6b5889bfcf9b21da,2022-02-09T10:09:47-08:00,1,1649,0.1,,,False,False,1,0,1223.21,0.0,0.0008175232010529699,,111510915.0,dotnet/dotnet-api-docs,C#
snippets/csharp/System.Windows.Controls/Viewport3D/.ctor/Viewport3DVisualExample.cs,1,callable,ok,SDKSample.MyVisualHost.MyVisualHost,SDKSample.MyVisualHost.MyVisualHost,a9609bb7852fb815b1b9ebff6b5889bfcf9b21da,2022-02-09T10:09:47-08:00,a9609bb7852fb815b1b9ebff6b5889bfcf9b21da,2022-02-09T10:09:47-08:00,1,1649,0.14285714285714285,,,False,False,1,0,1223.21,0.0,0.0008175232010529699,,111510915.0,dotnet/dotnet-api-docs,C#
snippets/csharp/System.Windows.Controls/Viewport3D/.ctor/Viewport3DVisualExample.cs,2,callable,ok,SDKSample.MyVisualHost.Create3DVisualObject,SDKSample.MyVisualHost.Create3DVisualObject,a9609bb7852fb815b1b9ebff6b5889bfcf9b21da,2022-02-09T10:09:47-08:00,a9609bb7852fb815b1b9ebff6b5889bfcf9b21da,2022-02-09T10:09:47-08:00,1,1649,0.007692307692307693,,,False,False,1,0,1223.21,0.0,0.0008175232010529699,,111510915.0,dotnet/dotnet-api-docs,C#
snippets/csharp/System.Windows.Controls/Viewport3D/.ctor/Viewport3DVisualExample.cs,3,callable,ok,SDKSample.MyVisualHost.GetVisualChild,SDKSample.MyVisualHost.GetVisualChild,a9609bb7852fb815b1b9ebff6b5889bfcf9b21da,2022-02-09T10:09:47-08:00,a9609bb7852fb815b1b9ebff6b5889bfcf9b21da,2022-02-09T10:09:47-08:00,1,1649,0.1111111111111111,,,False,False,1,0,1223.21,0.0,0.0008175232010529699,,111510915.0,dotnet/dotnet-api-docs,C#
snippets/csharp/System.Windows.Controls/Viewport3D/.ctor/Viewport3DVisualExample.cs,4,callable,ok,SDKSample.MyVisualHost.MeasureOverride,SDKSample.MyVisualHost.MeasureOverride,a9609bb7852fb815b1b9ebff6b5889bfcf9b21da,2022-02-09T10:09:47-08:00,a9609bb7852fb815b1b9ebff6b5889bfcf9b21da,2022-02-09T10:09:47-08:00,1,1649,0.2,,,False,False,1,0,1223.21,0.0,0.0008175232010529699,,111510915.0,dotnet/dotnet-api-docs,C#
snippets/csharp/System.Windows.Controls/Viewport3D/.ctor/Viewport3DVisualExample.cs,5,callable,ok,SDKSample.MyVisualHost.ArrangeOverride,SDKSample.MyVisualHost.ArrangeOverride,a9609bb7852fb815b1b9ebff6b5889bfcf9b21da,2022-02-09T10:09:47-08:00,a9609bb7852fb815b1b9ebff6b5889bfcf9b21da,2022-02-09T10:09:47-08:00,1,1649,0.2,,,False,False,1,0,1223.21,0.0,0.0008175232010529699,,111510915.0,dotnet/dotnet-api-docs,C#
snippets/csharp/System.Windows.Forms/Application/CompanyName/source.cs,0,class,ok,Form1,Form1,584b566db81e628370fc1a2712e2028d657bb235,2022-02-02T09:12:36-08:00,584b566db81e628370fc1a2712e2028d657bb235,2022-02-02T09:12:36-08:00,1,1656,0.09090909090909091,,,False,False,1,0,1230.25,0.0,0.0008128451740210731,,111510915.0,dotnet/dotnet-api-docs,C#
snippets/csharp/System.Windows.Forms/Application/CompanyName/source.cs,0,callable,ok,Form1.PrintCompanyName,Form1.PrintCompanyName,584b566db81e628370fc1a2712e2028d657bb235,2022-02-02T09:12:36-08:00,584b566db81e628370fc1a2712e2028d657bb235,2022-02-02T09:12:36-08:00,1,1656,0.25,,,False,False,1,0,1230.25,0.0,0.0008128451740210731,,111510915.0,dotnet/dotnet-api-docs,C#
snippets/csharp/System.Windows.Forms/Control/PreviewKeyDown/form1.cs,0,class,ok,PreviewKeyDownCS.Form1,PreviewKeyDownCS.Form1,584b566db81e628370fc1a2712e2028d657bb235,2022-02-02T09:12:36-08:00,584b566db81e628370fc1a2712e2028d657bb235,2022-02-02T09:12:36-08:00,1,1656,0.02040816326530612,,,False,False,1,0,1230.25,0.0,0.0008128451740210731,,111510915.0,dotnet/dotnet-api-docs,C#
snippets/csharp/System.Windows.Forms/Control/PreviewKeyDown/form1.cs,0,callable,ok,PreviewKeyDownCS.Form1.Form1,PreviewKeyDownCS.Form1.Form1,584b566db81e628370fc1a2712e2028d657bb235,2022-02-02T09:12:36-08:00,584b566db81e628370fc1a2712e2028d657bb235,2022-02-02T09:12:36-08:00,1,1656,0.07692307692307693,,,False,False,1,0,1230.25,0.0,0.0008128451740210731,,111510915.0,dotnet/dotnet-api-docs,C#
snippets/csharp/System.Windows.Forms/Control/PreviewKeyDown/form1.cs,1,callable,ok,PreviewKeyDownCS.Form1.button1_KeyDown,PreviewKeyDownCS.Form1.button1_KeyDown,584b566db81e628370fc1a2712e2028d657bb235,2022-02-02T09:12:36-08:00,584b566db81e628370fc1a2712e2028d657bb235,2022-02-02T09:12:36-08:00,1,1656,0.07142857142857142,,,False,False,1,0,1230.25,0.0,0.0008128451740210731,,111510915.0,dotnet/dotnet-api-docs,C#
snippets/csharp/System.Windows.Forms/Control/PreviewKeyDown/form1.cs,2,callable,ok,PreviewKeyDownCS.Form1.button1_PreviewKeyDown,PreviewKeyDownCS.Form1.button1_PreviewKeyDown,584b566db81e628370fc1a2712e2028d657bb235,2022-02-02T09:12:36-08:00,584b566db81e628370fc1a2712e2028d657bb235,2022-02-02T09:12:36-08:00,1,1656,0.1,,,False,False,1,0,1230.25,0.0,0.0008128451740210731,,111510915.0,dotnet/dotnet-api-docs,C#
snippets/csharp/System.Windows.Forms/DataGridBoolColumn/AllowNull/source.cs,0,class,ok,Form1,Form1,584b566db81e628370fc1a2712e2028d657bb235,2022-02-02T09:12:36-08:00,584b566db81e628370fc1a2712e2028d657bb235,2022-02-02T09:12:36-08:00,1,1656,0.09090909090909091,,,False,False,1,0,1230.25,0.0,0.0008128451740210731,,111510915.0,dotnet/dotnet-api-docs,C#
snippets/csharp/System.Windows.Forms/DataGridBoolColumn/AllowNull/source.cs,0,callable,ok,Form1.SetAllowNull,Form1.SetAllowNull,584b566db81e628370fc1a2712e2028d657bb235,2022-02-02T09:12:36-08:00,584b566db81e628370fc1a2712e2028d657bb235,2022-02-02T09:12:36-08:00,1,1656,0.25,,,False,False,1,0,1230.25,0.0,0.0008128451740210731,,111510915.0,dotnet/dotnet-api-docs,C#
snippets/csharp/System.Windows.Forms/DataGridColumnStyle/ReadOnlyChanged/datagridcolumnstyle_readonlychanged.cs,0,class,ok,MyDataGridColumnStyle.MyForm1,MyDataGridColumnStyle.MyForm1,584b566db81e628370fc1a2712e2028d657bb235,2022-02-02T09:12:36-08:00,584b566db81e628370fc1a2712e2028d657bb235,2022-02-02T09:12:36-08:00,1,1656,0.010101010101010102,,,False,False,1,0,1230.25,0.0,0.0008128451740210731,,111510915.0,dotnet/dotnet-api-docs,C#
snippets/csharp/System.Windows.Forms/DataGridColumnStyle/ReadOnlyChanged/datagridcolumnstyle_readonlychanged.cs,0,callable,ok,MyDataGridColumnStyle.MyForm1.MyForm1,MyDataGridColumnStyle.MyForm1.MyForm1,584b566db81e628370fc1a2712e2028d657bb235,2022-02-02T09:12:36-08:00,584b566db81e628370fc1a2712e2028d657bb235,2022-02-02T09:12:36-08:00,1,1656,0.2,,,False,False,1,0,1230.25,0.0,0.0008128451740210731,,111510915.0,dotnet/dotnet-api-docs,C#
snippets/csharp/System.Windows.Forms/DataGridColumnStyle/ReadOnlyChanged/datagridcolumnstyle_readonlychanged.cs,1,callable,ok,MyDataGridColumnStyle.MyForm1.InitializeComponent,MyDataGridColumnStyle.MyForm1.InitializeComponent,584b566db81e628370fc1a2712e2028d657bb235,2022-02-02T09:12:36-08:00,584b566db81e628370fc1a2712e2028d657bb235,2022-02-02T09:12:36-08:00,1,1656,0.0625,,,False,False,1,0,1230.25,0.0,0.0008128451740210731,,111510915.0,dotnet/dotnet-api-docs,C#
snippets/csharp/System.Windows.Forms/DataGridColumnStyle/ReadOnlyChanged/datagridcolumnstyle_readonlychanged.cs,2,callable,ok,MyDataGridColumnStyle.MyForm1.Main,MyDataGridColumnStyle.MyForm1.Main,584b566db81e628370fc1a2712e2028d657bb235,2022-02-02T09:12:36-08:00,584b566db81e628370fc1a2712e2028d657bb235,2022-02-02T09:12:36-08:00,1,1656,0.25,,,False,False,1,0,1230.25,0.0,0.0008128451740210731,,111510915.0,dotnet/dotnet-api-docs,C#
snippets/csharp/System.Windows.Forms/DataGridColumnStyle/ReadOnlyChanged/datagridcolumnstyle_readonlychanged.cs,3,callable,ok,MyDataGridColumnStyle.MyForm1.Button_Click,MyDataGridColumnStyle.MyForm1.Button_Click,584b566db81e628370fc1a2712e2028d657bb235,2022-02-02T09:12:36-08:00,584b566db81e628370fc1a2712e2028d657bb235,2022-02-02T09:12:36-08:00,1,1656,0.07692307692307693,,,False,False,1,0,1230.25,0.0,0.0008128451740210731,,111510915.0,dotnet/dotnet-api-docs,C#
snippets/csharp/System.Windows.Forms/DataGridColumnStyle/ReadOnlyChanged/datagridcolumnstyle_readonlychanged.cs,4,callable,ok,MyDataGridColumnStyle.MyForm1.AddCustomDataTableStyle,MyDataGridColumnStyle.MyForm1.AddCustomDataTableStyle,584b566db81e628370fc1a2712e2028d657bb235,2022-02-02T09:12:36-08:00,584b566db81e628370fc1a2712e2028d657bb235,2022-02-02T09:12:36-08:00,1,1656,0.07692307692307693,,,False,False,1,0,1230.25,0.0,0.0008128451740210731,,111510915.0,dotnet/dotnet-api-docs,C#
snippets/csharp/System.Windows.Forms/DataGridColumnStyle/ReadOnlyChanged/datagridcolumnstyle_readonlychanged.cs,5,callable,ok,MyDataGridColumnStyle.MyForm1.myDataGridColumnStyle_ReadOnlyChanged,MyDataGridColumnStyle.MyForm1.myDataGridColumnStyle_ReadOnlyChanged,584b566db81e628370fc1a2712e2028d657bb235,2022-02-02T09:12:36-08:00,584b566db81e628370fc1a2712e2028d657bb235,2022-02-02T09:12:36-08:00,1,1656,0.25,,,False,False,1,0,1230.25,0.0,0.0008128451740210731,,111510915.0,dotnet/dotnet-api-docs,C#
snippets/csharp/System.Windows.Forms/DataGridColumnStyle/ReadOnlyChanged/datagridcolumnstyle_readonlychanged.cs,6,callable,ok,MyDataGridColumnStyle.MyForm1.SetUp,MyDataGridColumnStyle.MyForm1.SetUp,584b566db81e628370fc1a2712e2028d657bb235,2022-02-02T09:12:36-08:00,584b566db81e628370fc1a2712e2028d657bb235,2022-02-02T09:12:36-08:00,1,1656,0.16666666666666666,,,False,False,1,0,1230.25,0.0,0.0008128451740210731,,111510915.0,dotnet/dotnet-api-docs,C#
snippets/csharp/System.Windows.Forms/DataGridColumnStyle/ReadOnlyChanged/datagridcolumnstyle_readonlychanged.cs,7,callable,ok,MyDataGridColumnStyle.MyForm1.MakeDataSet,MyDataGridColumnStyle.MyForm1.MakeDataSet,584b566db81e628370fc1a2712e2028d657bb235,2022-02-02T09:12:36-08:00,584b566db81e628370fc1a2712e2028d657bb235,2022-02-02T09:12:36-08:00,1,1656,0.05555555555555555,,,False,False,1,0,1230.25,0.0,0.0008128451740210731,,111510915.0,dotnet/dotnet-api-docs,C#
snippets/csharp/System.Windows.Forms/DataGridTextBoxColumn/Format/datagridtextboxcolumn format.cs,0,class,ok,Form1,Form1,584b566db81e628370fc1a2712e2028d657bb235,2022-02-02T09:12:36-08:00,584b566db81e628370fc1a2712e2028d657bb235,2022-02-02T09:12:36-08:00,1,1656,0.043478260869565216,,,False,False,1,0,1230.25,0.0,0.0008128451740210731,,111510915.0,dotnet/dotnet-api-docs,C#
snippets/csharp/System.Windows.Forms/DataGridTextBoxColumn/Format/datagridtextboxcolumn format.cs,0,callable,ok,Form1.Main,Form1.Main,584b566db81e628370fc1a2712e2028d657bb235,2022-02-02T09:12:36-08:00,584b566db81e628370fc1a2712e2028d657bb235,2022-02-02T09:12:36-08:00,1,1656,0.5,,,False,False,1,0,1230.25,0.0,0.0008128451740210731,,111510915.0,dotnet/dotnet-api-docs,C#
snippets/csharp/System.Windows.Forms/DataGridTextBoxColumn/Format/datagridtextboxcolumn format.cs,1,callable,ok,Form1.ChangeColumnCultureInfo,Form1.ChangeColumnCultureInfo,584b566db81e628370fc1a2712e2028d657bb235,2022-02-02T09:12:36-08:00,584b566db81e628370fc1a2712e2028d657bb235,2022-02-02T09:12:36-08:00,1,1656,0.06666666666666667,,,False,False,1,0,1230.25,0.0,0.0008128451740210731,,111510915.0,dotnet/dotnet-api-docs,C#
snippets/csharp/System.Windows.Forms/DataGridView/Sort/form1.cs,0,class,ok,Form1,Form1,584b566db81e628370fc1a2712e2028d657bb235,2022-02-02T09:12:36-08:00,584b566db81e628370fc1a2712e2028d657bb235,2022-02-02T09:12:36-08:00,1,1656,0.008,,,False,False,1,0,1230.25,0.0,0.0008128451740210731,,111510915.0,dotnet/dotnet-api-docs,C#
snippets/csharp/System.Windows.Forms/DataGridView/Sort/form1.cs,1,class,ok,Form1.RowComparer,Form1.RowComparer,584b566db81e628370fc1a2712e2028d657bb235,2022-02-02T09:12:36-08:00,584b566db81e628370fc1a2712e2028d657bb235,2022-02-02T09:12:36-08:00,1,1656,0.027777777777777776,,,False,False,1,0,1230.25,0.0,0.0008128451740210731,,111510915.0,dotnet/dotnet-api-docs,C#
snippets/csharp/System.Windows.Forms/DataGridView/Sort/form1.cs,0,callable,ok,Form1.Main,Form1.Main,584b566db81e628370fc1a2712e2028d657bb235,2022-02-02T09:12:36-08:00,584b566db81e628370fc1a2712e2028d657bb235,2022-02-02T09:12:36-08:00,1,1656,0.2,,,False,False,1,0,1230.25,0.0,0.0008128451740210731,,111510915.0,dotnet/dotnet-api-docs,C#
snippets/csharp/System.Windows.Forms/DataGridView/Sort/form1.cs,1,callable,ok,Form1.Form1,Form1.Form1,584b566db81e628370fc1a2712e2028d657bb235,2022-02-02T09:12:36-08:00,584b566db81e628370fc1a2712e2028d657bb235,2022-02-02T09:12:36-08:00,1,1656,0.043478260869565216,,,False,False,1,0,1230.25,0.0,0.0008128451740210731,,111510915.0,dotnet/dotnet-api-docs,C#
snippets/csharp/System.Windows.Forms/DataGridView/Sort/form1.cs,2,callable,ok,Form1.OnLoad,Form1.OnLoad,584b566db81e628370fc1a2712e2028d657bb235,2022-02-02T09:12:36-08:00,584b566db81e628370fc1a2712e2028d657bb235,2022-02-02T09:12:36-08:00,1,1656,0.14285714285714285,,,False,False,1,0,1230.25,0.0,0.0008128451740210731,,111510915.0,dotnet/dotnet-api-docs,C#
snippets/csharp/System.Windows.Forms/DataGridView/Sort/form1.cs,3,callable,ok,Form1.PopulateDataGridView,Form1.PopulateDataGridView,584b566db81e628370fc1a2712e2028d657bb235,2022-02-02T09:12:36-08:00,584b566db81e628370fc1a2712e2028d657bb235,2022-02-02T09:12:36-08:00,1,1656,0.04,,,False,False,1,0,1230.25,0.0,0.0008128451740210731,,111510915.0,dotnet/dotnet-api-docs,C#
snippets/csharp/System.Windows.Forms/DataGridView/Sort/form1.cs,4,callable,ok,Form1.Button1_Click,Form1.Button1_Click,584b566db81e628370fc1a2712e2028d657bb235,2022-02-02T09:12:36-08:00,584b566db81e628370fc1a2712e2028d657bb235,2022-02-02T09:12:36-08:00,1,1656,0.09090909090909091,,,False,False,1,0,1230.25,0.0,0.0008128451740210731,,111510915.0,dotnet/dotnet-api-docs,C#
snippets/csharp/System.Windows.Forms/DataGridView/Sort/form1.cs,5,callable,ok,Form1.RowComparer.RowComparer,Form1.RowComparer.RowComparer,584b566db81e628370fc1a2712e2028d657bb235,2022-02-02T09:12:36-08:00,584b566db81e628370fc1a2712e2028d657bb235,2022-02-02T09:12:36-08:00,1,1656,0.09090909090909091,,,False,False,1,0,1230.25,0.0,0.0008128451740210731,,111510915.0,dotnet/dotnet-api-docs,C#
snippets/csharp/System.Windows.Forms/DataGridView/Sort/form1.cs,6,callable,ok,Form1.RowComparer.Compare,Form1.RowComparer.Compare,584b566db81e628370fc1a2712e2028d657bb235,2022-02-02T09:12:36-08:00,584b566db81e628370fc1a2712e2028d657bb235,2022-02-02T09:12:36-08:00,1,1656,0.05263157894736842,,,False,False,1,0,1230.25,0.0,0.0008128451740210731,,111510915.0,dotnet/dotnet-api-docs,C#
snippets/csharp/System.Windows.Forms/ErrorBlinkStyle/Overview/errorproviderexample.cs,0,class,ok,ErrorProvider.Form1,ErrorProvider.Form1,584b566db81e628370fc1a2712e2028d657bb235,2022-02-02T09:12:36-08:00,584b566db81e628370fc1a2712e2028d657bb235,2022-02-02T09:12:36-08:00,1,1656,0.005319148936170213,,,False,False,1,0,1230.25,0.0,0.0008128451740210731,,111510915.0,dotnet/dotnet-api-docs,C#
snippets/csharp/System.Windows.Forms/ErrorBlinkStyle/Overview/errorproviderexample.cs,0,callable,ok,ErrorProvider.Form1.Main,ErrorProvider.Form1.Main,584b566db81e628370fc1a2712e2028d657bb235,2022-02-02T09:12:36-08:00,584b566db81e628370fc1a2712e2028d657bb235,2022-02-02T09:12:36-08:00,1,1656,0.2,,,False,False,1,0,1230.25,0.0,0.0008128451740210731,,111510915.0,dotnet/dotnet-api-docs,C#
snippets/csharp/System.Windows.Forms/ErrorBlinkStyle/Overview/errorproviderexample.cs,1,callable,ok,ErrorProvider.Form1.Form1,ErrorProvider.Form1.Form1,584b566db81e628370fc1a2712e2028d657bb235,2022-02-02T09:12:36-08:00,584b566db81e628370fc1a2712e2028d657bb235,2022-02-02T09:12:36-08:00,1,1656,0.01098901098901099,,,False,False,1,0,1230.25,0.0,0.0008128451740210731,,111510915.0,dotnet/dotnet-api-docs,C#
snippets/csharp/System.Windows.Forms/ErrorBlinkStyle/Overview/errorproviderexample.cs,2,callable,ok,ErrorProvider.Form1.nameTextBox1_Validated,ErrorProvider.Form1.nameTextBox1_Validated,584b566db81e628370fc1a2712e2028d657bb235,2022-02-02T09:12:36-08:00,584b566db81e628370fc1a2712e2028d657bb235,2022-02-02T09:12:36-08:00,1,1656,0.07692307692307693,,,False,False,1,0,1230.25,0.0,0.0008128451740210731,,111510915.0,dotnet/dotnet-api-docs,C#
snippets/csharp/System.Windows.Forms/ErrorBlinkStyle/Overview/errorproviderexample.cs,3,callable,ok,ErrorProvider.Form1.ageUpDownPicker_Validated,ErrorProvider.Form1.ageUpDownPicker_Validated,584b566db81e628370fc1a2712e2028d657bb235,2022-02-02T09:12:36-08:00,584b566db81e628370fc1a2712e2028d657bb235,2022-02-02T09:12:36-08:00,1,1656,0.05555555555555555,,,False,False,1,0,1230.25,0.0,0.0008128451740210731,,111510915.0,dotnet/dotnet-api-docs,C#
snippets/csharp/System.Windows.Forms/ErrorBlinkStyle/Overview/errorproviderexample.cs,4,callable,ok,ErrorProvider.Form1.favoriteColorComboBox_Validated,ErrorProvider.Form1.favoriteColorComboBox_Validated,584b566db81e628370fc1a2712e2028d657bb235,2022-02-02T09:12:36-08:00,584b566db81e628370fc1a2712e2028d657bb235,2022-02-02T09:12:36-08:00,1,1656,0.07692307692307693,,,False,False,1,0,1230.25,0.0,0.0008128451740210731,,111510915.0,dotnet/dotnet-api-docs,C#
snippets/csharp/System.Windows.Forms/ErrorBlinkStyle/Overview/errorproviderexample.cs,5,callable,ok,ErrorProvider.Form1.IsNameValid,ErrorProvider.Form1.IsNameValid,584b566db81e628370fc1a2712e2028d657bb235,2022-02-02T09:12:36-08:00,584b566db81e628370fc1a2712e2028d657bb235,2022-02-02T09:12:36-08:00,1,1656,0.2,,,False,False,1,0,1230.25,0.0,0.0008128451740210731,,111510915.0,dotnet/dotnet-api-docs,C#
snippets/csharp/System.Windows.Forms/ErrorBlinkStyle/Overview/errorproviderexample.cs,6,callable,ok,ErrorProvider.Form1.IsAgeTooYoung,ErrorProvider.Form1.IsAgeTooYoung,584b566db81e628370fc1a2712e2028d657bb235,2022-02-02T09:12:36-08:00,584b566db81e628370fc1a2712e2028d657bb235,2022-02-02T09:12:36-08:00,1,1656,0.2,,,False,False,1,0,1230.25,0.0,0.0008128451740210731,,111510915.0,dotnet/dotnet-api-docs,C#
snippets/csharp/System.Windows.Forms/ErrorBlinkStyle/Overview/errorproviderexample.cs,7,callable,ok,ErrorProvider.Form1.IsAgeTooOld,ErrorProvider.Form1.IsAgeTooOld,584b566db81e628370fc1a2712e2028d657bb235,2022-02-02T09:12:36-08:00,584b566db81e628370fc1a2712e2028d657bb235,2022-02-02T09:12:36-08:00,1,1656,0.2,,,False,False,1,0,1230.25,0.0,0.0008128451740210731,,111510915.0,dotnet/dotnet-api-docs,C#
snippets/csharp/System.Windows.Forms/ErrorBlinkStyle/Overview/errorproviderexample.cs,8,callable,ok,ErrorProvider.Form1.IsColorValid,ErrorProvider.Form1.IsColorValid,584b566db81e628370fc1a2712e2028d657bb235,2022-02-02T09:12:36-08:00,584b566db81e628370fc1a2712e2028d657bb235,2022-02-02T09:12:36-08:00,1,1656,0.16666666666666666,,,False,False,1,0,1230.25,0.0,0.0008128451740210731,,111510915.0,dotnet/dotnet-api-docs,C#
snippets/csharp/System.Windows.Forms/GroupBoxRenderer/Overview/form1.cs,0,class,ok,GroupBoxRendererSample.Form1,GroupBoxRendererSample.Form1,584b566db81e628370fc1a2712e2028d657bb235,2022-02-02T09:12:36-08:00,584b566db81e628370fc1a2712e2028d657bb235,2022-02-02T09:12:36-08:00,1,1656,0.016129032258064516,,,False,False,1,0,1230.25,0.0,0.0008128451740210731,,111510915.0,dotnet/dotnet-api-docs,C#
snippets/csharp/System.Windows.Forms/GroupBoxRenderer/Overview/form1.cs,1,class,ok,GroupBoxRendererSample.CustomGroupBox,GroupBoxRendererSample.CustomGroupBox,584b566db81e628370fc1a2712e2028d657bb235,2022-02-02T09:12:36-08:00,584b566db81e628370fc1a2712e2028d657bb235,2022-02-02T09:12:36-08:00,1,1656,0.017543859649122806,,,False,False,1,0,1230.25,0.0,0.0008128451740210731,,111510915.0,dotnet/dotnet-api-docs,C#
snippets/csharp/System.Windows.Forms/GroupBoxRenderer/Overview/form1.cs,0,callable,ok,GroupBoxRendererSample.Form1.Form1,GroupBoxRendererSample.Form1.Form1,584b566db81e628370fc1a2712e2028d657bb235,2022-02-02T09:12:36-08:00,584b566db81e628370fc1a2712e2028d657bb235,2022-02-02T09:12:36-08:00,1,1656,0.034482758620689655,,,False,False,1,0,1230.25,0.0,0.0008128451740210731,,111510915.0,dotnet/dotnet-api-docs,C#
snippets/csharp/System.Windows.Forms/GroupBoxRenderer/Overview/form1.cs,1,callable,ok,GroupBoxRendererSample.Form1.Main,GroupBoxRendererSample.Form1.Main,584b566db81e628370fc1a2712e2028d657bb235,2022-02-02T09:12:36-08:00,584b566db81e628370fc1a2712e2028d657bb235,2022-02-02T09:12:36-08:00,1,1656,0.1111111111111111,,,False,False,1,0,1230.25,0.0,0.0008128451740210731,,111510915.0,dotnet/dotnet-api-docs,C#
snippets/csharp/System.Windows.Forms/GroupBoxRenderer/Overview/form1.cs,2,callable,ok,GroupBoxRendererSample.Form1.button1_Click,GroupBoxRendererSample.Form1.button1_Click,584b566db81e628370fc1a2712e2028d657bb235,2022-02-02T09:12:36-08:00,584b566db81e628370fc1a2712e2028d657bb235,2022-02-02T09:12:36-08:00,1,1656,0.08333333333333333,,,False,False,1,0,1230.25,0.0,0.0008128451740210731,,111510915.0,dotnet/dotnet-api-docs,C#
snippets/csharp/System.Windows.Forms/GroupBoxRenderer/Overview/form1.cs,3,callable,ok,GroupBoxRendererSample.CustomGroupBox.CustomGroupBox,GroupBoxRendererSample.CustomGroupBox.CustomGroupBox,584b566db81e628370fc1a2712e2028d657bb235,2022-02-02T09:12:36-08:00,584b566db81e628370fc1a2712e2028d657bb235,2022-02-02T09:12:36-08:00,1,1656,0.05,,,False,False,1,0,1230.25,0.0,0.0008128451740210731,,111510915.0,dotnet/dotnet-api-docs,C#
snippets/csharp/System.Windows.Forms/GroupBoxRenderer/Overview/form1.cs,4,callable,ok,GroupBoxRendererSample.CustomGroupBox.OnPaint,GroupBoxRendererSample.CustomGroupBox.OnPaint,584b566db81e628370fc1a2712e2028d657bb235,2022-02-02T09:12:36-08:00,584b566db81e628370fc1a2712e2028d657bb235,2022-02-02T09:12:36-08:00,1,1656,0.07692307692307693,,,False,False,1,0,1230.25,0.0,0.0008128451740210731,,111510915.0,dotnet/dotnet-api-docs,C#
snippets/csharp/System.Windows.Forms/GroupBoxRenderer/Overview/form1.cs,5,callable,ok,GroupBoxRendererSample.CustomGroupBox.OnControlAdded,GroupBoxRendererSample.CustomGroupBox.OnControlAdded,584b566db81e628370fc1a2712e2028d657bb235,2022-02-02T09:12:36-08:00,584b566db81e628370fc1a2712e2028d657bb235,2022-02-02T09:12:36-08:00,1,1656,0.09090909090909091,,,False,False,1,0,1230.25,0.0,0.0008128451740210731,,111510915.0,dotnet/dotnet-api-docs,C#
snippets/csharp/System.Windows.Forms/ListView/ShowItemToolTips/form1.cs,0,class,ok,ListViewItemMembers.Form1,ListViewItemMembers.Form1,584b566db81e628370fc1a2712e2028d657bb235,2022-02-02T09:12:36-08:00,584b566db81e628370fc1a2712e2028d657bb235,2022-02-02T09:12:36-08:00,1,1656,0.00398406374501992,,,False,False,1,0,1230.25,0.0,0.0008128451740210731,,111510915.0,dotnet/dotnet-api-docs,C#
snippets/csharp/System.Windows.Forms/ListView/ShowItemToolTips/form1.cs,0,callable,ok,ListViewItemMembers.Form1.Form1,ListViewItemMembers.Form1.Form1,584b566db81e628370fc1a2712e2028d657bb235,2022-02-02T09:12:36-08:00,584b566db81e628370fc1a2712e2028d657bb235,2022-02-02T09:12:36-08:00,1,1656,0.1111111111111111,,,False,False,1,0,1230.25,0.0,0.0008128451740210731,,111510915.0,dotnet/dotnet-api-docs,C#
snippets/csharp/System.Windows.Forms/ListView/ShowItemToolTips/form1.cs,1,callable,ok,ListViewItemMembers.Form1.InitializeComponent,ListViewItemMembers.Form1.InitializeComponent,584b566db81e628370fc1a2712e2028d657bb235,2022-02-02T09:12:36-08:00,584b566db81e628370fc1a2712e2028d657bb235,2022-02-02T09:12:36-08:00,1,1656,0.1111111111111111,,,False,False,1,0,1230.25,0.0,0.0008128451740210731,,111510915.0,dotnet/dotnet-api-docs,C#
snippets/csharp/System.Windows.Forms/ListView/ShowItemToolTips/form1.cs,2,callable,ok,ListViewItemMembers.Form1.Main,ListViewItemMembers.Form1.Main,584b566db81e628370fc1a2712e2028d657bb235,2022-02-02T09:12:36-08:00,584b566db81e628370fc1a2712e2028d657bb235,2022-02-02T09:12:36-08:00,1,1656,0.16666666666666666,,,False,False,1,0,1230.25,0.0,0.0008128451740210731,,111510915.0,dotnet/dotnet-api-docs,C#
snippets/csharp/System.Windows.Forms/ListView/ShowItemToolTips/form1.cs,3,callable,ok,ListViewItemMembers.Form1.InitializeItemsWithToolTips,ListViewItemMembers.Form1.InitializeItemsWithToolTips,584b566db81e628370fc1a2712e2028d657bb235,2022-02-02T09:12:36-08:00,584b566db81e628370fc1a2712e2028d657bb235,2022-02-02T09:12:36-08:00,1,1656,0.03571428571428571,,,False,False,1,0,1230.25,0.0,0.0008128451740210731,,111510915.0,dotnet/dotnet-api-docs,C#
snippets/csharp/System.Windows.Forms/ListView/ShowItemToolTips/form1.cs,4,callable,ok,ListViewItemMembers.Form1.InitializeIndentedListViewItems,ListViewItemMembers.Form1.InitializeIndentedListViewItems,584b566db81e628370fc1a2712e2028d657bb235,2022-02-02T09:12:36-08:00,584b566db81e628370fc1a2712e2028d657bb235,2022-02-02T09:12:36-08:00,1,1656,0.037037037037037035,,,False,False,1,0,1230.25,0.0,0.0008128451740210731,,111510915.0,dotnet/dotnet-api-docs,C#
snippets/csharp/System.Windows.Forms/ListView/ShowItemToolTips/form1.cs,5,callable,ok,ListViewItemMembers.Form1.InitializeFindItemListView,ListViewItemMembers.Form1.InitializeFindItemListView,584b566db81e628370fc1a2712e2028d657bb235,2022-02-02T09:12:36-08:00,584b566db81e628370fc1a2712e2028d657bb235,2022-02-02T09:12:36-08:00,1,1656,0.041666666666666664,,,False,False,1,0,1230.25,0.0,0.0008128451740210731,,111510915.0,dotnet/dotnet-api-docs,C#
snippets/csharp/System.Windows.Forms/ListView/ShowItemToolTips/form1.cs,6,callable,ok,ListViewItemMembers.Form1.findListView_MouseDown,ListViewItemMembers.Form1.findListView_MouseDown,584b566db81e628370fc1a2712e2028d657bb235,2022-02-02T09:12:36-08:00,584b566db81e628370fc1a2712e2028d657bb235,2022-02-02T09:12:36-08:00,1,1656,0.08333333333333333,,,False,False,1,0,1230.25,0.0,0.0008128451740210731,,111510915.0,dotnet/dotnet-api-docs,C#
snippets/csharp/System.Windows.Forms/ListView/ShowItemToolTips/form1.cs,7,callable,ok,ListViewItemMembers.Form1.InitializePositionedListViewItems,ListViewItemMembers.Form1.InitializePositionedListViewItems,584b566db81e628370fc1a2712e2028d657bb235,2022-02-02T09:12:36-08:00,584b566db81e628370fc1a2712e2028d657bb235,2022-02-02T09:12:36-08:00,1,1656,0.04,,,False,False,1,0,1230.25,0.0,0.0008128451740210731,,111510915.0,dotnet/dotnet-api-docs,C#
snippets/csharp/System.Windows.Forms/ListView/ShowItemToolTips/form1.cs,8,callable,ok,ListViewItemMembers.Form1.button1_Click,ListViewItemMembers.Form1.button1_Click,584b566db81e628370fc1a2712e2028d657bb235,2022-02-02T09:12:36-08:00,584b566db81e628370fc1a2712e2028d657bb235,2022-02-02T09:12:36-08:00,1,1656,0.25,,,False,False,1,0,1230.25,0.0,0.0008128451740210731,,111510915.0,dotnet/dotnet-api-docs,C#
snippets/csharp/System.Windows.Forms/ListView/ShowItemToolTips/form1.cs,9,callable,ok,ListViewItemMembers.Form1.InitializeListView1,ListViewItemMembers.Form1.InitializeListView1,584b566db81e628370fc1a2712e2028d657bb235,2022-02-02T09:12:36-08:00,584b566db81e628370fc1a2712e2028d657bb235,2022-02-02T09:12:36-08:00,1,1656,0.038461538461538464,,,False,False,1,0,1230.25,0.0,0.0008128451740210731,,111510915.0,dotnet/dotnet-api-docs,C#
snippets/csharp/System.Windows.Forms/ListView/ShowItemToolTips/form1.cs,10,callable,ok,ListViewItemMembers.Form1.listView1_MouseDown,ListViewItemMembers.Form1.listView1_MouseDown,584b566db81e628370fc1a2712e2028d657bb235,2022-02-02T09:12:36-08:00,584b566db81e628370fc1a2712e2028d657bb235,2022-02-02T09:12:36-08:00,1,1656,0.0625,,,False,False,1,0,1230.25,0.0,0.0008128451740210731,,111510915.0,dotnet/dotnet-api-docs,C#
snippets/csharp/System.Windows.Forms/ListView/ShowItemToolTips/form1.cs,11,callable,ok,ListViewItemMembers.Form1.Form1_Load,ListViewItemMembers.Form1.Form1_Load,584b566db81e628370fc1a2712e2028d657bb235,2022-02-02T09:12:36-08:00,584b566db81e628370fc1a2712e2028d657bb235,2022-02-02T09:12:36-08:00,1,1656,0.25,,,False,False,1,0,1230.25,0.0,0.0008128451740210731,,111510915.0,dotnet/dotnet-api-docs,C#
snippets/csharp/System.Windows.Forms/MenuItem/PerformClick/form1.cs,0,class,ok,PerformClick.Form1,PerformClick.Form1,584b566db81e628370fc1a2712e2028d657bb235,2022-02-02T09:12:36-08:00,584b566db81e628370fc1a2712e2028d657bb235,2022-02-02T09:12:36-08:00,1,1656,0.01020408163265306,,,False,False,1,0,1230.25,0.0,0.0008128451740210731,,111510915.0,dotnet/dotnet-api-docs,C#
snippets/csharp/System.Windows.Forms/MenuItem/PerformClick/form1.cs,0,callable,ok,PerformClick.Form1.Form1,PerformClick.Form1.Form1,584b566db81e628370fc1a2712e2028d657bb235,2022-02-02T09:12:36-08:00,584b566db81e628370fc1a2712e2028d657bb235,2022-02-02T09:12:36-08:00,1,1656,0.16666666666666666,,,False,False,1,0,1230.25,0.0,0.0008128451740210731,,111510915.0,dotnet/dotnet-api-docs,C#
snippets/csharp/System.Windows.Forms/MenuItem/PerformClick/form1.cs,1,callable,ok,PerformClick.Form1.Dispose,PerformClick.Form1.Dispose,584b566db81e628370fc1a2712e2028d657bb235,2022-02-02T09:12:36-08:00,584b566db81e628370fc1a2712e2028d657bb235,2022-02-02T09:12:36-08:00,1,1656,0.09090909090909091,,,False,False,1,0,1230.25,0.0,0.0008128451740210731,,111510915.0,dotnet/dotnet-api-docs,C#
snippets/csharp/System.Windows.Forms/MenuItem/PerformClick/form1.cs,2,callable,ok,PerformClick.Form1.InitializeComponent,PerformClick.Form1.InitializeComponent,584b566db81e628370fc1a2712e2028d657bb235,2022-02-02T09:12:36-08:00,584b566db81e628370fc1a2712e2028d657bb235,2022-02-02T09:12:36-08:00,1,1656,0.1,,,False,False,1,0,1230.25,0.0,0.0008128451740210731,,111510915.0,dotnet/dotnet-api-docs,C#
snippets/csharp/System.Windows.Forms/MenuItem/PerformClick/form1.cs,3,callable,ok,PerformClick.Form1.CreateMyMenu,PerformClick.Form1.CreateMyMenu,584b566db81e628370fc1a2712e2028d657bb235,2022-02-02T09:12:36-08:00,584b566db81e628370fc1a2712e2028d657bb235,2022-02-02T09:12:36-08:00,1,1656,0.034482758620689655,,,False,False,1,0,1230.25,0.0,0.0008128451740210731,,111510915.0,dotnet/dotnet-api-docs,C#
snippets/csharp/System.Windows.Forms/MenuItem/PerformClick/form1.cs,4,callable,ok,PerformClick.Form1.menuItem1_Click,PerformClick.Form1.menuItem1_Click,584b566db81e628370fc1a2712e2028d657bb235,2022-02-02T09:12:36-08:00,584b566db81e628370fc1a2712e2028d657bb235,2022-02-02T09:12:36-08:00,1,1656,0.25,,,False,False,1,0,1230.25,0.0,0.0008128451740210731,,111510915.0,dotnet/dotnet-api-docs,C#
snippets/csharp/System.Windows.Forms/MenuItem/PerformClick/form1.cs,5,callable,ok,PerformClick.Form1.menuItem2_Click,PerformClick.Form1.menuItem2_Click,584b566db81e628370fc1a2712e2028d657bb235,2022-02-02T09:12:36-08:00,584b566db81e628370fc1a2712e2028d657bb235,2022-02-02T09:12:36-08:00,1,1656,0.25,,,False,False,1,0,1230.25,0.0,0.0008128451740210731,,111510915.0,dotnet/dotnet-api-docs,C#
snippets/csharp/System.Windows.Forms/MenuItem/PerformClick/form1.cs,6,callable,ok,PerformClick.Form1.Main,PerformClick.Form1.Main,584b566db81e628370fc1a2712e2028d657bb235,2022-02-02T09:12:36-08:00,584b566db81e628370fc1a2712e2028d657bb235,2022-02-02T09:12:36-08:00,1,1656,0.25,,,False,False,1,0,1230.25,0.0,0.0008128451740210731,,111510915.0,dotnet/dotnet-api-docs,C#
snippets/csharp/System.Windows.Forms/MenuItem/PerformClick/form1.cs,7,callable,ok,PerformClick.Form1.Form1_Load,PerformClick.Form1.Form1_Load,584b566db81e628370fc1a2712e2028d657bb235,2022-02-02T09:12:36-08:00,584b566db81e628370fc1a2712e2028d657bb235,2022-02-02T09:12:36-08:00,1,1656,0.3333333333333333,,,False,False,1,0,1230.25,0.0,0.0008128451740210731,,111510915.0,dotnet/dotnet-api-docs,C#
snippets/csharp/System.Windows.Forms/RichTextBox/SelectedText/form1.cs,0,class,ok,RichTextBoxSelectionEx.Form1,RichTextBoxSelectionEx.Form1,584b566db81e628370fc1a2712e2028d657bb235,2022-02-02T09:12:36-08:00,584b566db81e628370fc1a2712e2028d657bb235,2022-02-02T09:12:36-08:00,1,1656,0.008264462809917356,,,False,False,1,0,1230.25,0.0,0.0008128451740210731,,111510915.0,dotnet/dotnet-api-docs,C#
snippets/csharp/System.Windows.Forms/RichTextBox/SelectedText/form1.cs,0,callable,ok,RichTextBoxSelectionEx.Form1.Form1,RichTextBoxSelectionEx.Form1.Form1,584b566db81e628370fc1a2712e2028d657bb235,2022-02-02T09:12:36-08:00,584b566db81e628370fc1a2712e2028d657bb235,2022-02-02T09:12:36-08:00,1,1656,0.09090909090909091,,,False,False,1,0,1230.25,0.0,0.0008128451740210731,,111510915.0,dotnet/dotnet-api-docs,C#
snippets/csharp/System.Windows.Forms/RichTextBox/SelectedText/form1.cs,1,callable,ok,RichTextBoxSelectionEx.Form1.Dispose,RichTextBoxSelectionEx.Form1.Dispose,584b566db81e628370fc1a2712e2028d657bb235,2022-02-02T09:12:36-08:00,584b566db81e628370fc1a2712e2028d657bb235,2022-02-02T09:12:36-08:00,1,1656,0.09090909090909091,,,False,False,1,0,1230.25,0.0,0.0008128451740210731,,111510915.0,dotnet/dotnet-api-docs,C#
snippets/csharp/System.Windows.Forms/RichTextBox/SelectedText/form1.cs,2,callable,ok,RichTextBoxSelectionEx.Form1.InitializeComponent,RichTextBoxSelectionEx.Form1.InitializeComponent,584b566db81e628370fc1a2712e2028d657bb235,2022-02-02T09:12:36-08:00,584b566db81e628370fc1a2712e2028d657bb235,2022-02-02T09:12:36-08:00,1,1656,0.03125,,,False,False,1,0,1230.25,0.0,0.0008128451740210731,,111510915.0,dotnet/dotnet-api-docs,C#
snippets/csharp/System.Windows.Forms/RichTextBox/SelectedText/form1.cs,3,callable,ok,RichTextBoxSelectionEx.Form1.Main,RichTextBoxSelectionEx.Form1.Main,584b566db81e628370fc1a2712e2028d657bb235,2022-02-02T09:12:36-08:00,584b566db81e628370fc1a2712e2028d657bb235,2022-02-02T09:12:36-08:00,1,1656,0.2,,,False,False,1,0,1230.25,0.0,0.0008128451740210731,,111510915.0,dotnet/dotnet-api-docs,C#
snippets/csharp/System.Windows.Forms/RichTextBox/SelectedText/form1.cs,4,callable,ok,RichTextBoxSelectionEx.Form1.button1_Click,RichTextBoxSelectionEx.Form1.button1_Click,584b566db81e628370fc1a2712e2028d657bb235,2022-02-02T09:12:36-08:00,584b566db81e628370fc1a2712e2028d657bb235,2022-02-02T09:12:36-08:00,1,1656,0.25,,,False,False,1,0,1230.25,0.0,0.0008128451740210731,,111510915.0,dotnet/dotnet-api-docs,C#
snippets/csharp/System.Windows.Forms/RichTextBox/SelectedText/form1.cs,5,callable,ok,RichTextBoxSelectionEx.Form1.WriteTextToRichTextBox,RichTextBoxSelectionEx.Form1.WriteTextToRichTextBox,584b566db81e628370fc1a2712e2028d657bb235,2022-02-02T09:12:36-08:00,584b566db81e628370fc1a2712e2028d657bb235,2022-02-02T09:12:36-08:00,1,1656,0.034482758620689655,,,False,False,1,0,1230.25,0.0,0.0008128451740210731,,111510915.0,dotnet/dotnet-api-docs,C#
snippets/csharp/System.Windows.Forms/SaveFileDialog/Overview/source.cs,0,class,ok,Form1,Form1,584b566db81e628370fc1a2712e2028d657bb235,2022-02-02T09:12:36-08:00,584b566db81e628370fc1a2712e2028d657bb235,2022-02-02T09:12:36-08:00,1,1656,0.038461538461538464,,,False,False,1,0,1230.25,0.0,0.0008128451740210731,,111510915.0,dotnet/dotnet-api-docs,C#
snippets/csharp/System.Windows.Forms/SaveFileDialog/Overview/source.cs,0,callable,ok,Form1.button1_Click,Form1.button1_Click,584b566db81e628370fc1a2712e2028d657bb235,2022-02-02T09:12:36-08:00,584b566db81e628370fc1a2712e2028d657bb235,2022-02-02T09:12:36-08:00,1,1656,0.05555555555555555,,,False,False,1,0,1230.25,0.0,0.0008128451740210731,,111510915.0,dotnet/dotnet-api-docs,C#
snippets/csharp/System.Windows.Forms/TextBoxBase/SelectAll/source.cs,0,class,ok,Form1,Form1,584b566db81e628370fc1a2712e2028d657bb235,2022-02-02T09:12:36-08:00,584b566db81e628370fc1a2712e2028d657bb235,2022-02-02T09:12:36-08:00,1,1656,0.058823529411764705,,,False,False,1,0,1230.25,0.0,0.0008128451740210731,,111510915.0,dotnet/dotnet-api-docs,C#
snippets/csharp/System.Windows.Forms/TextBoxBase/SelectAll/source.cs,0,callable,ok,Form1.CopyAllMyText,Form1.CopyAllMyText,584b566db81e628370fc1a2712e2028d657bb235,2022-02-02T09:12:36-08:00,584b566db81e628370fc1a2712e2028d657bb235,2022-02-02T09:12:36-08:00,1,1656,0.1,,,False,False,1,0,1230.25,0.0,0.0008128451740210731,,111510915.0,dotnet/dotnet-api-docs,C#
snippets/csharp/System.Windows.Forms/TrackBar/Minimum/form1.cs,0,class,ok,Form1,Form1,584b566db81e628370fc1a2712e2028d657bb235,2022-02-02T09:12:36-08:00,584b566db81e628370fc1a2712e2028d657bb235,2022-02-02T09:12:36-08:00,1,1656,0.008620689655172414,,,False,False,1,0,1230.25,0.0,0.0008128451740210731,,111510915.0,dotnet/dotnet-api-docs,C#
snippets/csharp/System.Windows.Forms/TrackBar/Minimum/form1.cs,0,callable,ok,Form1.Form1,Form1.Form1,584b566db81e628370fc1a2712e2028d657bb235,2022-02-02T09:12:36-08:00,584b566db81e628370fc1a2712e2028d657bb235,2022-02-02T09:12:36-08:00,1,1656,0.125,,,False,False,1,0,1230.25,0.0,0.0008128451740210731,,111510915.0,dotnet/dotnet-api-docs,C#
snippets/csharp/System.Windows.Forms/TrackBar/Minimum/form1.cs,1,callable,ok,Form1.Dispose,Form1.Dispose,584b566db81e628370fc1a2712e2028d657bb235,2022-02-02T09:12:36-08:00,584b566db81e628370fc1a2712e2028d657bb235,2022-02-02T09:12:36-08:00,1,1656,0.09090909090909091,,,False,False,1,0,1230.25,0.0,0.0008128451740210731,,111510915.0,dotnet/dotnet-api-docs,C#
snippets/csharp/System.Windows.Forms/TrackBar/Minimum/form1.cs,2,callable,ok,Form1.InitializeComponent,Form1.InitializeComponent,584b566db81e628370fc1a2712e2028d657bb235,2022-02-02T09:12:36-08:00,584b566db81e628370fc1a2712e2028d657bb235,2022-02-02T09:12:36-08:00,1,1656,0.029411764705882353,,,False,False,1,0,1230.25,0.0,0.0008128451740210731,,111510915.0,dotnet/dotnet-api-docs,C#
snippets/csharp/System.Windows.Forms/TrackBar/Minimum/form1.cs,3,callable,ok,Form1.InitializeTrackBar,Form1.InitializeTrackBar,584b566db81e628370fc1a2712e2028d657bb235,2022-02-02T09:12:36-08:00,584b566db81e628370fc1a2712e2028d657bb235,2022-02-02T09:12:36-08:00,1,1656,0.045454545454545456,,,False,False,1,0,1230.25,0.0,0.0008128451740210731,,111510915.0,dotnet/dotnet-api-docs,C#
snippets/csharp/System.Windows.Forms/TrackBar/Minimum/form1.cs,4,callable,ok,Form1.TrackBar1_ValueChanged,Form1.TrackBar1_ValueChanged,584b566db81e628370fc1a2712e2028d657bb235,2022-02-02T09:12:36-08:00,584b566db81e628370fc1a2712e2028d657bb235,2022-02-02T09:12:36-08:00,1,1656,0.25,,,False,False,1,0,1230.25,0.0,0.0008128451740210731,,111510915.0,dotnet/dotnet-api-docs,C#
snippets/csharp/System.Windows.Forms/TrackBar/Minimum/form1.cs,5,callable,ok,Form1.Main,Form1.Main,584b566db81e628370fc1a2712e2028d657bb235,2022-02-02T09:12:36-08:00,584b566db81e628370fc1a2712e2028d657bb235,2022-02-02T09:12:36-08:00,1,1656,0.2,,,False,False,1,0,1230.25,0.0,0.0008128451740210731,,111510915.0,dotnet/dotnet-api-docs,C#
snippets/csharp/System.Windows.Forms/UserControl/Overview/source.cs,0,class,ok,UserControls.MyCustomerInfoUserControl,UserControls.MyCustomerInfoUserControl,584b566db81e628370fc1a2712e2028d657bb235,2022-02-02T09:12:36-08:00,584b566db81e628370fc1a2712e2028d657bb235,2022-02-02T09:12:36-08:00,1,1656,0.006172839506172839,,,False,False,1,0,1230.25,0.0,0.0008128451740210731,,111510915.0,dotnet/dotnet-api-docs,C#
snippets/csharp/System.Windows.Forms/UserControl/Overview/source.cs,0,callable,ok,UserControls.MyCustomerInfoUserControl.MyCustomerInfoUserControl,UserControls.MyCustomerInfoUserControl.MyCustomerInfoUserControl,584b566db81e628370fc1a2712e2028d657bb235,2022-02-02T09:12:36-08:00,584b566db81e628370fc1a2712e2028d657bb235,2022-02-02T09:12:36-08:00,1,1656,0.25,,,False,False,1,0,1230.25,0.0,0.0008128451740210731,,111510915.0,dotnet/dotnet-api-docs,C#
snippets/csharp/System.Windows.Forms/UserControl/Overview/source.cs,1,callable,ok,UserControls.MyCustomerInfoUserControl.InitializeComponent,UserControls.MyCustomerInfoUserControl.InitializeComponent,584b566db81e628370fc1a2712e2028d657bb235,2022-02-02T09:12:36-08:00,584b566db81e628370fc1a2712e2028d657bb235,2022-02-02T09:12:36-08:00,1,1656,0.010416666666666666,,,False,False,1,0,1230.25,0.0,0.0008128451740210731,,111510915.0,dotnet/dotnet-api-docs,C#
snippets/csharp/System.Windows.Forms/UserControl/Overview/source.cs,2,callable,ok,UserControls.MyCustomerInfoUserControl.MyValidatingCode,UserControls.MyCustomerInfoUserControl.MyValidatingCode,584b566db81e628370fc1a2712e2028d657bb235,2022-02-02T09:12:36-08:00,584b566db81e628370fc1a2712e2028d657bb235,2022-02-02T09:12:36-08:00,1,1656,0.07142857142857142,,,False,False,1,0,1230.25,0.0,0.0008128451740210731,,111510915.0,dotnet/dotnet-api-docs,C#
snippets/csharp/System.Windows.Forms/UserControl/Overview/source.cs,3,callable,ok,UserControls.MyCustomerInfoUserControl.textEmail_Validating,UserControls.MyCustomerInfoUserControl.textEmail_Validating,584b566db81e628370fc1a2712e2028d657bb235,2022-02-02T09:12:36-08:00,584b566db81e628370fc1a2712e2028d657bb235,2022-02-02T09:12:36-08:00,1,1656,0.058823529411764705,,,False,False,1,0,1230.25,0.0,0.0008128451740210731,,111510915.0,dotnet/dotnet-api-docs,C#
snippets/csharp/System.Windows.Forms/UserControl/Overview/source.cs,4,callable,ok,UserControls.MyCustomerInfoUserControl.textEmail_Validated,UserControls.MyCustomerInfoUserControl.textEmail_Validated,584b566db81e628370fc1a2712e2028d657bb235,2022-02-02T09:12:36-08:00,584b566db81e628370fc1a2712e2028d657bb235,2022-02-02T09:12:36-08:00,1,1656,0.2,,,False,False,1,0,1230.25,0.0,0.0008128451740210731,,111510915.0,dotnet/dotnet-api-docs,C#
snippets/csharp/System.Windows.Input/CanExecuteRoutedEventArgs/Parameter/Window1.xaml.cs,0,class,ok,SDKSamples.Window1,SDKSamples.Window1,a9609bb7852fb815b1b9ebff6b5889bfcf9b21da,2022-02-09T10:09:47-08:00,a9609bb7852fb815b1b9ebff6b5889bfcf9b21da,2022-02-09T10:09:47-08:00,1,1649,0.007751937984496124,,,False,False,1,0,1223.21,0.0,0.0008175232010529699,,111510915.0,dotnet/dotnet-api-docs,C#
snippets/csharp/System.Windows.Input/CanExecuteRoutedEventArgs/Parameter/Window1.xaml.cs,1,class,ok,SDKSamples.SliderValueConverter,SDKSamples.SliderValueConverter,a9609bb7852fb815b1b9ebff6b5889bfcf9b21da,2022-02-09T10:09:47-08:00,a9609bb7852fb815b1b9ebff6b5889bfcf9b21da,2022-02-09T10:09:47-08:00,1,1649,0.05263157894736842,,,False,False,1,0,1223.21,0.0,0.0008175232010529699,,111510915.0,dotnet/dotnet-api-docs,C#
snippets/csharp/System.Windows.Input/CanExecuteRoutedEventArgs/Parameter/Window1.xaml.cs,0,callable,ok,SDKSamples.Window1.Window1,SDKSamples.Window1.Window1,a9609bb7852fb815b1b9ebff6b5889bfcf9b21da,2022-02-09T10:09:47-08:00,a9609bb7852fb815b1b9ebff6b5889bfcf9b21da,2022-02-09T10:09:47-08:00,1,1649,0.08333333333333333,,,False,False,1,0,1223.21,0.0,0.0008175232010529699,,111510915.0,dotnet/dotnet-api-docs,C#
snippets/csharp/System.Windows.Input/CanExecuteRoutedEventArgs/Parameter/Window1.xaml.cs,1,callable,ok,SDKSamples.Window1.dispatcherTimer_Tick,SDKSamples.Window1.dispatcherTimer_Tick,a9609bb7852fb815b1b9ebff6b5889bfcf9b21da,2022-02-09T10:09:47-08:00,a9609bb7852fb815b1b9ebff6b5889bfcf9b21da,2022-02-09T10:09:47-08:00,1,1649,0.125,,,False,False,1,0,1223.21,0.0,0.0008175232010529699,,111510915.0,dotnet/dotnet-api-docs,C#
snippets/csharp/System.Windows.Input/CanExecuteRoutedEventArgs/Parameter/Window1.xaml.cs,2,callable,ok,SDKSamples.Window1.CustomCommandExecuted,SDKSamples.Window1.CustomCommandExecuted,a9609bb7852fb815b1b9ebff6b5889bfcf9b21da,2022-02-09T10:09:47-08:00,a9609bb7852fb815b1b9ebff6b5889bfcf9b21da,2022-02-09T10:09:47-08:00,1,1649,0.14285714285714285,,,False,False,1,0,1223.21,0.0,0.0008175232010529699,,111510915.0,dotnet/dotnet-api-docs,C#
snippets/csharp/System.Windows.Input/CanExecuteRoutedEventArgs/Parameter/Window1.xaml.cs,3,callable,ok,SDKSamples.Window1.CustomCommandCanExecute,SDKSamples.Window1.CustomCommandCanExecute,a9609bb7852fb815b1b9ebff6b5889bfcf9b21da,2022-02-09T10:09:47-08:00,a9609bb7852fb815b1b9ebff6b5889bfcf9b21da,2022-02-09T10:09:47-08:00,1,1649,0.05555555555555555,,,False,False,1,0,1223.21,0.0,0.0008175232010529699,,111510915.0,dotnet/dotnet-api-docs,C#
snippets/csharp/System.Windows.Input/CanExecuteRoutedEventArgs/Parameter/Window1.xaml.cs,4,callable,ok,SDKSamples.Window1.OnSliderMouseWheel,SDKSamples.Window1.OnSliderMouseWheel,a9609bb7852fb815b1b9ebff6b5889bfcf9b21da,2022-02-09T10:09:47-08:00,a9609bb7852fb815b1b9ebff6b5889bfcf9b21da,2022-02-09T10:09:47-08:00,1,1649,0.043478260869565216,,,False,False,1,0,1223.21,0.0,0.0008175232010529699,,111510915.0,dotnet/dotnet-api-docs,C#
snippets/csharp/System.Windows.Input/CanExecuteRoutedEventArgs/Parameter/Window1.xaml.cs,5,callable,ok,SDKSamples.Window1.OnSliderMouseUp,SDKSamples.Window1.OnSliderMouseUp,a9609bb7852fb815b1b9ebff6b5889bfcf9b21da,2022-02-09T10:09:47-08:00,a9609bb7852fb815b1b9ebff6b5889bfcf9b21da,2022-02-09T10:09:47-08:00,1,1649,0.043478260869565216,,,False,False,1,0,1223.21,0.0,0.0008175232010529699,,111510915.0,dotnet/dotnet-api-docs,C#
snippets/csharp/System.Windows.Input/CanExecuteRoutedEventArgs/Parameter/Window1.xaml.cs,6,callable,ok,SDKSamples.SliderValueConverter.Convert,SDKSamples.SliderValueConverter.Convert,a9609bb7852fb815b1b9ebff6b5889bfcf9b21da,2022-02-09T10:09:47-08:00,a9609bb7852fb815b1b9ebff6b5889bfcf9b21da,2022-02-09T10:09:47-08:00,1,1649,0.125,,,False,False,1,0,1223.21,0.0,0.0008175232010529699,,111510915.0,dotnet/dotnet-api-docs,C#
snippets/csharp/System.Windows.Input/CanExecuteRoutedEventArgs/Parameter/Window1.xaml.cs,7,callable,ok,SDKSamples.SliderValueConverter.ConvertBack,SDKSamples.SliderValueConverter.ConvertBack,a9609bb7852fb815b1b9ebff6b5889bfcf9b21da,2022-02-09T10:09:47-08:00,a9609bb7852fb815b1b9ebff6b5889bfcf9b21da,2022-02-09T10:09:47-08:00,1,1649,0.16666666666666666,,,False,False,1,0,1223.21,0.0,0.0008175232010529699,,111510915.0,dotnet/dotnet-api-docs,C#
snippets/csharp/System.Windows.Media.Animation/EasingDoubleKeyFrame/Overview/properties/resources.designer.cs,0,class,ok,EasingFunctionDoubleKeyFrame.Properties.Resources,EasingFunctionDoubleKeyFrame.Properties.Resources,a9609bb7852fb815b1b9ebff6b5889bfcf9b21da,2022-02-09T10:09:47-08:00,a9609bb7852fb815b1b9ebff6b5889bfcf9b21da,2022-02-09T10:09:47-08:00,1,1649,0.02040816326530612,,,False,False,1,0,1223.21,0.0,0.0008175232010529699,,111510915.0,dotnet/dotnet-api-docs,C#
snippets/csharp/System.Windows.Media.Animation/EasingDoubleKeyFrame/Overview/properties/resources.designer.cs,0,callable,ok,EasingFunctionDoubleKeyFrame.Properties.Resources.Resources,EasingFunctionDoubleKeyFrame.Properties.Resources.Resources,a9609bb7852fb815b1b9ebff6b5889bfcf9b21da,2022-02-09T10:09:47-08:00,a9609bb7852fb815b1b9ebff6b5889bfcf9b21da,2022-02-09T10:09:47-08:00,1,1649,0.25,,,False,False,1,0,1223.21,0.0,0.0008175232010529699,,111510915.0,dotnet/dotnet-api-docs,C#
snippets/csharp/System.Windows.Media.Animation/EasingFunctionBase/Overview/app.xaml.cs,0,class,ok,CustomEasingFunction.App,CustomEasingFunction.App,a9609bb7852fb815b1b9ebff6b5889bfcf9b21da,2022-02-09T10:09:47-08:00,a9609bb7852fb815b1b9ebff6b5889bfcf9b21da,2022-02-09T10:09:47-08:00,1,1649,0.3333333333333333,,,False,False,1,0,1223.21,0.0,0.0008175232010529699,,111510915.0,dotnet/dotnet-api-docs,C#
snippets/csharp/System.Windows.Media.Animation/QuinticEase/Overview/app.xaml.cs,0,class,ok,QuinticEase.App,QuinticEase.App,a9609bb7852fb815b1b9ebff6b5889bfcf9b21da,2022-02-09T10:09:47-08:00,a9609bb7852fb815b1b9ebff6b5889bfcf9b21da,2022-02-09T10:09:47-08:00,1,1649,0.3333333333333333,,,False,False,1,0,1223.21,0.0,0.0008175232010529699,,111510915.0,dotnet/dotnet-api-docs,C#
snippets/csharp/System.Windows.Media/PenLineJoin/Overview/ellipseexample.xaml.cs,0,class,ok,Microsoft.Samples.Graphics.EllipseExample,Microsoft.Samples.Graphics.EllipseExample,a9609bb7852fb815b1b9ebff6b5889bfcf9b21da,2022-02-09T10:09:47-08:00,a9609bb7852fb815b1b9ebff6b5889bfcf9b21da,2022-02-09T10:09:47-08:00,1,1649,0.14285714285714285,,,False,False,1,0,1223.21,0.0,0.0008175232010529699,,111510915.0,dotnet/dotnet-api-docs,C#
snippets/csharp/System.Windows.Media/PenLineJoin/Overview/ellipseexample.xaml.cs,0,callable,ok,Microsoft.Samples.Graphics.EllipseExample.EllipseExample,Microsoft.Samples.Graphics.EllipseExample.EllipseExample,a9609bb7852fb815b1b9ebff6b5889bfcf9b21da,2022-02-09T10:09:47-08:00,a9609bb7852fb815b1b9ebff6b5889bfcf9b21da,2022-02-09T10:09:47-08:00,1,1649,0.25,,,False,False,1,0,1223.21,0.0,0.0008175232010529699,,111510915.0,dotnet/dotnet-api-docs,C#
snippets/csharp/System.Windows.Navigation/NavigationService/Navigate/App.xaml.cs,0,class,ok,CSharp.App,CSharp.App,a9609bb7852fb815b1b9ebff6b5889bfcf9b21da,2022-02-09T10:09:47-08:00,a9609bb7852fb815b1b9ebff6b5889bfcf9b21da,2022-02-09T10:09:47-08:00,1,1649,0.3333333333333333,,,False,False,1,0,1223.21,0.0,0.0008175232010529699,,111510915.0,dotnet/dotnet-api-docs,C#
snippets/csharp/System.Windows.Navigation/PageFunctionT/OnReturn/GetStringPageFunctionCaller.xaml.cs,0,class,ok,CSharp.GetStringPageFunctionCaller,CSharp.GetStringPageFunctionCaller,a9609bb7852fb815b1b9ebff6b5889bfcf9b21da,2022-02-09T10:09:47-08:00,a9609bb7852fb815b1b9ebff6b5889bfcf9b21da,2022-02-09T10:09:47-08:00,1,1649,0.037037037037037035,,,False,False,1,0,1223.21,0.0,0.0008175232010529699,,111510915.0,dotnet/dotnet-api-docs,C#
snippets/csharp/System.Windows.Navigation/PageFunctionT/OnReturn/GetStringPageFunctionCaller.xaml.cs,0,callable,ok,CSharp.GetStringPageFunctionCaller.GetStringPageFunctionCaller,CSharp.GetStringPageFunctionCaller.GetStringPageFunctionCaller,a9609bb7852fb815b1b9ebff6b5889bfcf9b21da,2022-02-09T10:09:47-08:00,a9609bb7852fb815b1b9ebff6b5889bfcf9b21da,2022-02-09T10:09:47-08:00,1,1649,0.25,,,False,False,1,0,1223.21,0.0,0.0008175232010529699,,111510915.0,dotnet/dotnet-api-docs,C#
snippets/csharp/System.Windows.Navigation/PageFunctionT/OnReturn/GetStringPageFunctionCaller.xaml.cs,1,callable,ok,CSharp.GetStringPageFunctionCaller.callPageFunctionButton_Click,CSharp.GetStringPageFunctionCaller.callPageFunctionButton_Click,a9609bb7852fb815b1b9ebff6b5889bfcf9b21da,2022-02-09T10:09:47-08:00,a9609bb7852fb815b1b9ebff6b5889bfcf9b21da,2022-02-09T10:09:47-08:00,1,1649,0.09090909090909091,,,False,False,1,0,1223.21,0.0,0.0008175232010529699,,111510915.0,dotnet/dotnet-api-docs,C#
snippets/csharp/System.Windows.Navigation/PageFunctionT/OnReturn/GetStringPageFunctionCaller.xaml.cs,2,callable,ok,CSharp.GetStringPageFunctionCaller.PageFunction_Return,CSharp.GetStringPageFunctionCaller.PageFunction_Return,a9609bb7852fb815b1b9ebff6b5889bfcf9b21da,2022-02-09T10:09:47-08:00,a9609bb7852fb815b1b9ebff6b5889bfcf9b21da,2022-02-09T10:09:47-08:00,1,1649,0.2,,,False,False,1,0,1223.21,0.0,0.0008175232010529699,,111510915.0,dotnet/dotnet-api-docs,C#
snippets/csharp/System.Windows/Application/Properties/Properties/Resources.Designer.cs,0,class,ok,CSharp.Properties.Resources,CSharp.Properties.Resources,a9609bb7852fb815b1b9ebff6b5889bfcf9b21da,2022-02-09T10:09:47-08:00,a9609bb7852fb815b1b9ebff6b5889bfcf9b21da,2022-02-09T10:09:47-08:00,1,1649,0.024390243902439025,,,False,False,1,0,1223.21,0.0,0.0008175232010529699,,111510915.0,dotnet/dotnet-api-docs,C#
snippets/csharp/System.Windows/Application/Properties/Properties/Resources.Designer.cs,0,callable,ok,CSharp.Properties.Resources.Resources,CSharp.Properties.Resources.Resources,a9609bb7852fb815b1b9ebff6b5889bfcf9b21da,2022-02-09T10:09:47-08:00,a9609bb7852fb815b1b9ebff6b5889bfcf9b21da,2022-02-09T10:09:47-08:00,1,1649,0.3333333333333333,,,False,False,1,0,1223.21,0.0,0.0008175232010529699,,111510915.0,dotnet/dotnet-api-docs,C#
snippets/csharp/System.Windows/FrameworkElement/GetVisualChild/ResizingAdorner.cs,0,class,ok,SDKSample.ResizingAdorner,SDKSample.ResizingAdorner,a9609bb7852fb815b1b9ebff6b5889bfcf9b21da,2022-02-09T10:09:47-08:00,a9609bb7852fb815b1b9ebff6b5889bfcf9b21da,2022-02-09T10:09:47-08:00,1,1649,0.006172839506172839,,,False,False,1,0,1223.21,0.0,0.0008175232010529699,,111510915.0,dotnet/dotnet-api-docs,C#
snippets/csharp/System.Windows/FrameworkElement/GetVisualChild/ResizingAdorner.cs,0,callable,ok,SDKSample.ResizingAdorner.ResizingAdorner,SDKSample.ResizingAdorner.ResizingAdorner,a9609bb7852fb815b1b9ebff6b5889bfcf9b21da,2022-02-09T10:09:47-08:00,a9609bb7852fb815b1b9ebff6b5889bfcf9b21da,2022-02-09T10:09:47-08:00,1,1649,0.05555555555555555,,,False,False,1,0,1223.21,0.0,0.0008175232010529699,,111510915.0,dotnet/dotnet-api-docs,C#
snippets/csharp/System.Windows/FrameworkElement/GetVisualChild/ResizingAdorner.cs,1,callable,ok,SDKSample.ResizingAdorner.HandleBottomRight,SDKSample.ResizingAdorner.HandleBottomRight,a9609bb7852fb815b1b9ebff6b5889bfcf9b21da,2022-02-09T10:09:47-08:00,a9609bb7852fb815b1b9ebff6b5889bfcf9b21da,2022-02-09T10:09:47-08:00,1,1649,0.0625,,,False,False,1,0,1223.21,0.0,0.0008175232010529699,,111510915.0,dotnet/dotnet-api-docs,C#
snippets/csharp/System.Windows/FrameworkElement/GetVisualChild/ResizingAdorner.cs,2,callable,ok,SDKSample.ResizingAdorner.HandleBottomLeft,SDKSample.ResizingAdorner.HandleBottomLeft,a9609bb7852fb815b1b9ebff6b5889bfcf9b21da,2022-02-09T10:09:47-08:00,a9609bb7852fb815b1b9ebff6b5889bfcf9b21da,2022-02-09T10:09:47-08:00,1,1649,0.06666666666666667,,,False,False,1,0,1223.21,0.0,0.0008175232010529699,,111510915.0,dotnet/dotnet-api-docs,C#
snippets/csharp/System.Windows/FrameworkElement/GetVisualChild/ResizingAdorner.cs,3,callable,ok,SDKSample.ResizingAdorner.HandleTopRight,SDKSample.ResizingAdorner.HandleTopRight,a9609bb7852fb815b1b9ebff6b5889bfcf9b21da,2022-02-09T10:09:47-08:00,a9609bb7852fb815b1b9ebff6b5889bfcf9b21da,2022-02-09T10:09:47-08:00,1,1649,0.0625,,,False,False,1,0,1223.21,0.0,0.0008175232010529699,,111510915.0,dotnet/dotnet-api-docs,C#
snippets/csharp/System.Windows/FrameworkElement/GetVisualChild/ResizingAdorner.cs,4,callable,ok,SDKSample.ResizingAdorner.HandleTopLeft,SDKSample.ResizingAdorner.HandleTopLeft,a9609bb7852fb815b1b9ebff6b5889bfcf9b21da,2022-02-09T10:09:47-08:00,a9609bb7852fb815b1b9ebff6b5889bfcf9b21da,2022-02-09T10:09:47-08:00,1,1649,0.06666666666666667,,,False,False,1,0,1223.21,0.0,0.0008175232010529699,,111510915.0,dotnet/dotnet-api-docs,C#
snippets/csharp/System.Windows/FrameworkElement/GetVisualChild/ResizingAdorner.cs,5,callable,ok,SDKSample.ResizingAdorner.ArrangeOverride,SDKSample.ResizingAdorner.ArrangeOverride,a9609bb7852fb815b1b9ebff6b5889bfcf9b21da,2022-02-09T10:09:47-08:00,a9609bb7852fb815b1b9ebff6b5889bfcf9b21da,2022-02-09T10:09:47-08:00,1,1649,0.05555555555555555,,,False,False,1,0,1223.21,0.0,0.0008175232010529699,,111510915.0,dotnet/dotnet-api-docs,C#
snippets/csharp/System.Windows/FrameworkElement/GetVisualChild/ResizingAdorner.cs,6,callable,ok,SDKSample.ResizingAdorner.BuildAdornerCorner,SDKSample.ResizingAdorner.BuildAdornerCorner,a9609bb7852fb815b1b9ebff6b5889bfcf9b21da,2022-02-09T10:09:47-08:00,a9609bb7852fb815b1b9ebff6b5889bfcf9b21da,2022-02-09T10:09:47-08:00,1,1649,0.07142857142857142,,,False,False,1,0,1223.21,0.0,0.0008175232010529699,,111510915.0,dotnet/dotnet-api-docs,C#
snippets/csharp/System.Windows/FrameworkElement/GetVisualChild/ResizingAdorner.cs,7,callable,ok,SDKSample.ResizingAdorner.EnforceSize,SDKSample.ResizingAdorner.EnforceSize,a9609bb7852fb815b1b9ebff6b5889bfcf9b21da,2022-02-09T10:09:47-08:00,a9609bb7852fb815b1b9ebff6b5889bfcf9b21da,2022-02-09T10:09:47-08:00,1,1649,0.07142857142857142,,,False,False,1,0,1223.21,0.0,0.0008175232010529699,,111510915.0,dotnet/dotnet-api-docs,C#
snippets/csharp/System.Windows/FrameworkElement/GetVisualChild/ResizingAdorner.cs,8,callable,ok,SDKSample.ResizingAdorner.GetVisualChild,SDKSample.ResizingAdorner.GetVisualChild,a9609bb7852fb815b1b9ebff6b5889bfcf9b21da,2022-02-09T10:09:47-08:00,a9609bb7852fb815b1b9ebff6b5889bfcf9b21da,2022-02-09T10:09:47-08:00,1,1649,1.0,,,False,False,1,0,1223.21,0.0,0.0008175232010529699,,111510915.0,dotnet/dotnet-api-docs,C#
snippets/csharp/System.Windows/FrameworkElement/RegisterName/MultipleNameScopesExample.cs,0,class,ok,Microsoft.Samples.Animation.AnimatingWithStoryboards.MultipleNameScopesExample,Microsoft.Samples.Animation.AnimatingWithStoryboards.MultipleNameScopesExample,a9609bb7852fb815b1b9ebff6b5889bfcf9b21da,2022-02-09T10:09:47-08:00,a9609bb7852fb815b1b9ebff6b5889bfcf9b21da,2022-02-09T10:09:47-08:00,1,1649,0.008333333333333333,,,False,False,1,0,1223.21,0.0,0.0008175232010529699,,111510915.0,dotnet/dotnet-api-docs,C#
snippets/csharp/System.Windows/FrameworkElement/RegisterName/MultipleNameScopesExample.cs,0,callable,ok,Microsoft.Samples.Animation.AnimatingWithStoryboards.MultipleNameScopesExample.MultipleNameScopesExample,Microsoft.Samples.Animation.AnimatingWithStoryboards.MultipleNameScopesExample.MultipleNameScopesExample,a9609bb7852fb815b1b9ebff6b5889bfcf9b21da,2022-02-09T10:09:47-08:00,a9609bb7852fb815b1b9ebff6b5889bfcf9b21da,2022-02-09T10:09:47-08:00,1,1649,0.014705882352941176,,,False,False,1,0,1223.21,0.0,0.0008175232010529699,,111510915.0,dotnet/dotnet-api-docs,C#
snippets/csharp/System.Windows/FrameworkElement/RegisterName/MultipleNameScopesExample.cs,1,callable,ok,Microsoft.Samples.Animation.AnimatingWithStoryboards.MultipleNameScopesExample.startRectangle1AnimationButton_clicked,Microsoft.Samples.Animation.AnimatingWithStoryboards.MultipleNameScopesExample.startRectangle1AnimationButton_clicked,a9609bb7852fb815b1b9ebff6b5889bfcf9b21da,2022-02-09T10:09:47-08:00,a9609bb7852fb815b1b9ebff6b5889bfcf9b21da,2022-02-09T10:09:47-08:00,1,1649,0.16666666666666666,,,False,False,1,0,1223.21,0.0,0.0008175232010529699,,111510915.0,dotnet/dotnet-api-docs,C#
snippets/csharp/System.Windows/FrameworkElement/RegisterName/MultipleNameScopesExample.cs,2,callable,ok,Microsoft.Samples.Animation.AnimatingWithStoryboards.MultipleNameScopesExample.startRectangle2AnimationButton_clicked,Microsoft.Samples.Animation.AnimatingWithStoryboards.MultipleNameScopesExample.startRectangle2AnimationButton_clicked,a9609bb7852fb815b1b9ebff6b5889bfcf9b21da,2022-02-09T10:09:47-08:00,a9609bb7852fb815b1b9ebff6b5889bfcf9b21da,2022-02-09T10:09:47-08:00,1,1649,0.027777777777777776,,,False,False,1,0,1223.21,0.0,0.0008175232010529699,,111510915.0,dotnet/dotnet-api-docs,C#
snippets/csharp/System.Windows/HierarchicalDataTemplate/ItemContainerStyle/App.xaml.cs,0,class,ok,RecycleItemContainerShippets.App,RecycleItemContainerShippets.App,a9609bb7852fb815b1b9ebff6b5889bfcf9b21da,2022-02-09T10:09:47-08:00,a9609bb7852fb815b1b9ebff6b5889bfcf9b21da,2022-02-09T10:09:47-08:00,1,1649,0.3333333333333333,,,False,False,1,0,1223.21,0.0,0.0008175232010529699,,111510915.0,dotnet/dotnet-api-docs,C#
snippets/csharp/System.Xml.Serialization/XmlAttributeAttribute/Namespace/source.cs,0,class,ok,Car,Car,17c58dc9d579eba45f6f20bb08ad5ff0a63dec47,2022-01-28T09:08:15-08:00,17c58dc9d579eba45f6f20bb08ad5ff0a63dec47,2022-01-28T09:08:15-08:00,1,1661,0.125,,,False,False,1,0,1235.25,0.0,0.0008095529800235494,,111510915.0,dotnet/dotnet-api-docs,C#
snippets/csharp/System.Xml.Serialization/XmlSerializerNamespaces/ToArray/source.cs,0,class,ok,Sample,Sample,17c58dc9d579eba45f6f20bb08ad5ff0a63dec47,2022-01-28T09:08:15-08:00,17c58dc9d579eba45f6f20bb08ad5ff0a63dec47,2022-01-28T09:08:15-08:00,1,1661,0.05555555555555555,,,False,False,1,0,1235.25,0.0,0.0008095529800235494,,111510915.0,dotnet/dotnet-api-docs,C#
snippets/csharp/System.Xml.Serialization/XmlSerializerNamespaces/ToArray/source.cs,0,callable,ok,Sample.PrintNamespacePairs,Sample.PrintNamespacePairs,17c58dc9d579eba45f6f20bb08ad5ff0a63dec47,2022-01-28T09:08:15-08:00,17c58dc9d579eba45f6f20bb08ad5ff0a63dec47,2022-01-28T09:08:15-08:00,1,1661,0.08333333333333333,,,False,False,1,0,1235.25,0.0,0.0008095529800235494,,111510915.0,dotnet/dotnet-api-docs,C#
snippets/csharp/System.Xml.Serialization/XmlTypeAttribute/TypeName/source.cs,0,class,ok,Group,Group,17c58dc9d579eba45f6f20bb08ad5ff0a63dec47,2022-01-28T09:08:15-08:00,17c58dc9d579eba45f6f20bb08ad5ff0a63dec47,2022-01-28T09:08:15-08:00,1,1661,0.3333333333333333,,,False,False,1,0,1235.25,0.0,0.0008095529800235494,,111510915.0,dotnet/dotnet-api-docs,C#
snippets/csharp/System.Xml.Serialization/XmlTypeAttribute/TypeName/source.cs,1,class,ok,Person,Person,17c58dc9d579eba45f6f20bb08ad5ff0a63dec47,2022-01-28T09:08:15-08:00,17c58dc9d579eba45f6f20bb08ad5ff0a63dec47,2022-01-28T09:08:15-08:00,1,1661,0.16666666666666666,,,False,False,1,0,1235.25,0.0,0.0008095529800235494,,111510915.0,dotnet/dotnet-api-docs,C#
snippets/csharp/System.Xml.Serialization/XmlTypeAttribute/TypeName/source.cs,2,class,ok,Job,Job,17c58dc9d579eba45f6f20bb08ad5ff0a63dec47,2022-01-28T09:08:15-08:00,17c58dc9d579eba45f6f20bb08ad5ff0a63dec47,2022-01-28T09:08:15-08:00,1,1661,0.2,,,False,False,1,0,1235.25,0.0,0.0008095529800235494,,111510915.0,dotnet/dotnet-api-docs,C#
snippets/csharp/System.Xml/XmlConvert/ToDateTimeOffset/XmlConvert_ToDateTimeOffset_ex2.cs,0,class,ok,Example,Example,385ae5cf502a60420a92fcd9152a0d9800c236ba,2022-01-31T10:41:56-08:00,385ae5cf502a60420a92fcd9152a0d9800c236ba,2022-01-31T10:41:56-08:00,1,1658,0.04,,,False,False,1,0,1232.18,0.0,0.0008115667422766955,,111510915.0,dotnet/dotnet-api-docs,C#
snippets/csharp/System.Xml/XmlConvert/ToDateTimeOffset/XmlConvert_ToDateTimeOffset_ex2.cs,0,callable,ok,Example.Main,Example.Main,385ae5cf502a60420a92fcd9152a0d9800c236ba,2022-01-31T10:41:56-08:00,385ae5cf502a60420a92fcd9152a0d9800c236ba,2022-01-31T10:41:56-08:00,1,1658,0.045454545454545456,,,False,False,1,0,1232.18,0.0,0.0008115667422766955,,111510915.0,dotnet/dotnet-api-docs,C#
snippets/csharp/System.Xml/XmlDocument/CreateNode/source2.cs,0,class,ok,Sample,Sample,385ae5cf502a60420a92fcd9152a0d9800c236ba,2022-01-31T10:41:56-08:00,385ae5cf502a60420a92fcd9152a0d9800c236ba,2022-01-31T10:41:56-08:00,1,1658,0.03571428571428571,,,False,False,1,0,1232.18,0.0,0.0008115667422766955,,111510915.0,dotnet/dotnet-api-docs,C#
snippets/csharp/System.Xml/XmlDocument/CreateNode/source2.cs,0,callable,ok,Sample.Main,Sample.Main,385ae5cf502a60420a92fcd9152a0d9800c236ba,2022-01-31T10:41:56-08:00,385ae5cf502a60420a92fcd9152a0d9800c236ba,2022-01-31T10:41:56-08:00,1,1658,0.04,,,False,False,1,0,1232.18,0.0,0.0008115667422766955,,111510915.0,dotnet/dotnet-api-docs,C#
snippets/csharp/System.Xml/XmlDocument/CreateWhitespace/source.cs,0,class,ok,Sample,Sample,385ae5cf502a60420a92fcd9152a0d9800c236ba,2022-01-31T10:41:56-08:00,385ae5cf502a60420a92fcd9152a0d9800c236ba,2022-01-31T10:41:56-08:00,1,1658,0.043478260869565216,,,False,False,1,0,1232.18,0.0,0.0008115667422766955,,111510915.0,dotnet/dotnet-api-docs,C#
snippets/csharp/System.Xml/XmlDocument/CreateWhitespace/source.cs,0,callable,ok,Sample.Main,Sample.Main,385ae5cf502a60420a92fcd9152a0d9800c236ba,2022-01-31T10:41:56-08:00,385ae5cf502a60420a92fcd9152a0d9800c236ba,2022-01-31T10:41:56-08:00,1,1658,0.05,,,False,False,1,0,1232.18,0.0,0.0008115667422766955,,111510915.0,dotnet/dotnet-api-docs,C#
snippets/csharp/System.Xml/XmlElement/RemoveAttributeNode/source.cs,0,class,ok,Sample,Sample,385ae5cf502a60420a92fcd9152a0d9800c236ba,2022-01-31T10:41:56-08:00,385ae5cf502a60420a92fcd9152a0d9800c236ba,2022-01-31T10:41:56-08:00,1,1658,0.05263157894736842,,,False,False,1,0,1232.18,0.0,0.0008115667422766955,,111510915.0,dotnet/dotnet-api-docs,C#
snippets/csharp/System.Xml/XmlElement/RemoveAttributeNode/source.cs,0,callable,ok,Sample.Main,Sample.Main,385ae5cf502a60420a92fcd9152a0d9800c236ba,2022-01-31T10:41:56-08:00,385ae5cf502a60420a92fcd9152a0d9800c236ba,2022-01-31T10:41:56-08:00,1,1658,0.0625,,,False,False,1,0,1232.18,0.0,0.0008115667422766955,,111510915.0,dotnet/dotnet-api-docs,C#
snippets/csharp/System.Xml/XmlNode/WriteContentTo/source.cs,0,class,ok,Sample,Sample,385ae5cf502a60420a92fcd9152a0d9800c236ba,2022-01-31T10:41:56-08:00,385ae5cf502a60420a92fcd9152a0d9800c236ba,2022-01-31T10:41:56-08:00,1,1658,0.05263157894736842,,,False,False,1,0,1232.18,0.0,0.0008115667422766955,,111510915.0,dotnet/dotnet-api-docs,C#
snippets/csharp/System.Xml/XmlNode/WriteContentTo/source.cs,0,callable,ok,Sample.Main,Sample.Main,385ae5cf502a60420a92fcd9152a0d9800c236ba,2022-01-31T10:41:56-08:00,385ae5cf502a60420a92fcd9152a0d9800c236ba,2022-01-31T10:41:56-08:00,1,1658,0.0625,,,False,False,1,0,1232.18,0.0,0.0008115667422766955,,111510915.0,dotnet/dotnet-api-docs,C#
snippets/csharp/System.Xml/XmlNodeReader/IsEmptyElement/source.cs,0,class,ok,Sample,Sample,385ae5cf502a60420a92fcd9152a0d9800c236ba,2022-01-31T10:41:56-08:00,385ae5cf502a60420a92fcd9152a0d9800c236ba,2022-01-31T10:41:56-08:00,1,1658,0.022222222222222223,,,False,False,1,0,1232.18,0.0,0.0008115667422766955,,111510915.0,dotnet/dotnet-api-docs,C#
snippets/csharp/System.Xml/XmlNodeReader/IsEmptyElement/source.cs,0,callable,ok,Sample.Main,Sample.Main,385ae5cf502a60420a92fcd9152a0d9800c236ba,2022-01-31T10:41:56-08:00,385ae5cf502a60420a92fcd9152a0d9800c236ba,2022-01-31T10:41:56-08:00,1,1658,0.023809523809523808,,,False,False,1,0,1232.18,0.0,0.0008115667422766955,,111510915.0,dotnet/dotnet-api-docs,C#
snippets/csharp/System.Xml/XmlWriter/Create/writestream2.cs,0,class,ok,Sample,Sample,385ae5cf502a60420a92fcd9152a0d9800c236ba,2022-01-31T10:41:56-08:00,385ae5cf502a60420a92fcd9152a0d9800c236ba,2022-01-31T10:41:56-08:00,1,1658,0.045454545454545456,,,False,False,1,0,1232.18,0.0,0.0008115667422766955,,111510915.0,dotnet/dotnet-api-docs,C#
snippets/csharp/System.Xml/XmlWriter/Create/writestream2.cs,0,callable,ok,Sample.Main,Sample.Main,385ae5cf502a60420a92fcd9152a0d9800c236ba,2022-01-31T10:41:56-08:00,385ae5cf502a60420a92fcd9152a0d9800c236ba,2022-01-31T10:41:56-08:00,1,1658,0.05263157894736842,,,False,False,1,0,1232.18,0.0,0.0008115667422766955,,111510915.0,dotnet/dotnet-api-docs,C#
snippets/csharp/System.Xml/XmlWriter/WriteAttributeString/writeattrstring.cs,0,class,ok,Sample,Sample,385ae5cf502a60420a92fcd9152a0d9800c236ba,2022-01-31T10:41:56-08:00,385ae5cf502a60420a92fcd9152a0d9800c236ba,2022-01-31T10:41:56-08:00,1,1658,0.037037037037037035,,,False,False,1,0,1232.18,0.0,0.0008115667422766955,,111510915.0,dotnet/dotnet-api-docs,C#
snippets/csharp/System.Xml/XmlWriter/WriteAttributeString/writeattrstring.cs,0,callable,ok,Sample.Main,Sample.Main,385ae5cf502a60420a92fcd9152a0d9800c236ba,2022-01-31T10:41:56-08:00,385ae5cf502a60420a92fcd9152a0d9800c236ba,2022-01-31T10:41:56-08:00,1,1658,0.041666666666666664,,,False,False,1,0,1232.18,0.0,0.0008115667422766955,,111510915.0,dotnet/dotnet-api-docs,C#
snippets/csharp/System.Xml/XmlWriterSettings/Encoding/migration.cs,0,class,ok,XML_Migration_Samples,XML_Migration_Samples,385ae5cf502a60420a92fcd9152a0d9800c236ba,2022-01-31T10:41:56-08:00,385ae5cf502a60420a92fcd9152a0d9800c236ba,2022-01-31T10:41:56-08:00,1,1658,0.0033112582781456954,,,False,False,1,0,1232.18,0.0,0.0008115667422766955,,111510915.0,dotnet/dotnet-api-docs,C#
snippets/csharp/System.Xml/XmlWriterSettings/Encoding/migration.cs,0,callable,ok,XML_Migration_Samples.Main,XML_Migration_Samples.Main,385ae5cf502a60420a92fcd9152a0d9800c236ba,2022-01-31T10:41:56-08:00,385ae5cf502a60420a92fcd9152a0d9800c236ba,2022-01-31T10:41:56-08:00,1,1658,0.5,,,False,False,1,0,1232.18,0.0,0.0008115667422766955,,111510915.0,dotnet/dotnet-api-docs,C#
snippets/csharp/System.Xml/XmlWriterSettings/Encoding/migration.cs,1,callable,ok,XML_Migration_Samples.XmlReader_Creation_Old,XML_Migration_Samples.XmlReader_Creation_Old,385ae5cf502a60420a92fcd9152a0d9800c236ba,2022-01-31T10:41:56-08:00,385ae5cf502a60420a92fcd9152a0d9800c236ba,2022-01-31T10:41:56-08:00,1,1658,0.08333333333333333,,,False,False,1,0,1232.18,0.0,0.0008115667422766955,,111510915.0,dotnet/dotnet-api-docs,C#
snippets/csharp/System.Xml/XmlWriterSettings/Encoding/migration.cs,2,callable,ok,XML_Migration_Samples.XmlReader_Creation_New,XML_Migration_Samples.XmlReader_Creation_New,385ae5cf502a60420a92fcd9152a0d9800c236ba,2022-01-31T10:41:56-08:00,385ae5cf502a60420a92fcd9152a0d9800c236ba,2022-01-31T10:41:56-08:00,1,1658,0.07692307692307693,,,False,False,1,0,1232.18,0.0,0.0008115667422766955,,111510915.0,dotnet/dotnet-api-docs,C#
snippets/csharp/System.Xml/XmlWriterSettings/Encoding/migration.cs,3,callable,ok,XML_Migration_Samples.XML_Validation_Old,XML_Migration_Samples.XML_Validation_Old,385ae5cf502a60420a92fcd9152a0d9800c236ba,2022-01-31T10:41:56-08:00,385ae5cf502a60420a92fcd9152a0d9800c236ba,2022-01-31T10:41:56-08:00,1,1658,0.1111111111111111,,,False,False,1,0,1232.18,0.0,0.0008115667422766955,,111510915.0,dotnet/dotnet-api-docs,C#
snippets/csharp/System.Xml/XmlWriterSettings/Encoding/migration.cs,4,callable,ok,XML_Migration_Samples.ValidationCallBack,XML_Migration_Samples.ValidationCallBack,385ae5cf502a60420a92fcd9152a0d9800c236ba,2022-01-31T10:41:56-08:00,385ae5cf502a60420a92fcd9152a0d9800c236ba,2022-01-31T10:41:56-08:00,1,1658,0.3333333333333333,,,False,False,1,0,1232.18,0.0,0.0008115667422766955,,111510915.0,dotnet/dotnet-api-docs,C#
snippets/csharp/System.Xml/XmlWriterSettings/Encoding/migration.cs,5,callable,ok,XML_Migration_Samples.XML_Validation_New,XML_Migration_Samples.XML_Validation_New,385ae5cf502a60420a92fcd9152a0d9800c236ba,2022-01-31T10:41:56-08:00,385ae5cf502a60420a92fcd9152a0d9800c236ba,2022-01-31T10:41:56-08:00,1,1658,0.1,,,False,False,1,0,1232.18,0.0,0.0008115667422766955,,111510915.0,dotnet/dotnet-api-docs,C#
snippets/csharp/System.Xml/XmlWriterSettings/Encoding/migration.cs,6,callable,ok,XML_Migration_Samples.ValidationCallBack1,XML_Migration_Samples.ValidationCallBack1,385ae5cf502a60420a92fcd9152a0d9800c236ba,2022-01-31T10:41:56-08:00,385ae5cf502a60420a92fcd9152a0d9800c236ba,2022-01-31T10:41:56-08:00,1,1658,0.3333333333333333,,,False,False,1,0,1232.18,0.0,0.0008115667422766955,,111510915.0,dotnet/dotnet-api-docs,C#
snippets/csharp/System.Xml/XmlWriterSettings/Encoding/migration.cs,7,callable,ok,XML_Migration_Samples.XmlWriter_Creation_Old,XML_Migration_Samples.XmlWriter_Creation_Old,385ae5cf502a60420a92fcd9152a0d9800c236ba,2022-01-31T10:41:56-08:00,385ae5cf502a60420a92fcd9152a0d9800c236ba,2022-01-31T10:41:56-08:00,1,1658,0.16666666666666666,,,False,False,1,0,1232.18,0.0,0.0008115667422766955,,111510915.0,dotnet/dotnet-api-docs,C#
snippets/csharp/System.Xml/XmlWriterSettings/Encoding/migration.cs,8,callable,ok,XML_Migration_Samples.XmlWriter_Creation_New,XML_Migration_Samples.XmlWriter_Creation_New,385ae5cf502a60420a92fcd9152a0d9800c236ba,2022-01-31T10:41:56-08:00,385ae5cf502a60420a92fcd9152a0d9800c236ba,2022-01-31T10:41:56-08:00,1,1658,0.125,,,False,False,1,0,1232.18,0.0,0.0008115667422766955,,111510915.0,dotnet/dotnet-api-docs,C#
snippets/csharp/System.Xml/XmlWriterSettings/Encoding/migration.cs,9,callable,ok,XML_Migration_Samples.XSLT_Old,XML_Migration_Samples.XSLT_Old,385ae5cf502a60420a92fcd9152a0d9800c236ba,2022-01-31T10:41:56-08:00,385ae5cf502a60420a92fcd9152a0d9800c236ba,2022-01-31T10:41:56-08:00,1,1658,0.05263157894736842,,,False,False,1,0,1232.18,0.0,0.0008115667422766955,,111510915.0,dotnet/dotnet-api-docs,C#
snippets/csharp/System.Xml/XmlWriterSettings/Encoding/migration.cs,10,callable,ok,XML_Migration_Samples.XSLT_New,XML_Migration_Samples.XSLT_New,385ae5cf502a60420a92fcd9152a0d9800c236ba,2022-01-31T10:41:56-08:00,385ae5cf502a60420a92fcd9152a0d9800c236ba,2022-01-31T10:41:56-08:00,1,1658,0.058823529411764705,,,False,False,1,0,1232.18,0.0,0.0008115667422766955,,111510915.0,dotnet/dotnet-api-docs,C#
snippets/csharp/System.Xml/XmlWriterSettings/Encoding/migration.cs,11,callable,ok,XML_Migration_Samples.XSLT_URI_Old,XML_Migration_Samples.XSLT_URI_Old,385ae5cf502a60420a92fcd9152a0d9800c236ba,2022-01-31T10:41:56-08:00,385ae5cf502a60420a92fcd9152a0d9800c236ba,2022-01-31T10:41:56-08:00,1,1658,0.14285714285714285,,,False,False,1,0,1232.18,0.0,0.0008115667422766955,,111510915.0,dotnet/dotnet-api-docs,C#
snippets/csharp/System.Xml/XmlWriterSettings/Encoding/migration.cs,12,callable,ok,XML_Migration_Samples.XSLT_URI_New,XML_Migration_Samples.XSLT_URI_New,385ae5cf502a60420a92fcd9152a0d9800c236ba,2022-01-31T10:41:56-08:00,385ae5cf502a60420a92fcd9152a0d9800c236ba,2022-01-31T10:41:56-08:00,1,1658,0.14285714285714285,,,False,False,1,0,1232.18,0.0,0.0008115667422766955,,111510915.0,dotnet/dotnet-api-docs,C#
snippets/csharp/System.Xml/XmlWriterSettings/Encoding/migration.cs,13,callable,ok,XML_Migration_Samples.Stylesheet_Credentials_Old,XML_Migration_Samples.Stylesheet_Credentials_Old,385ae5cf502a60420a92fcd9152a0d9800c236ba,2022-01-31T10:41:56-08:00,385ae5cf502a60420a92fcd9152a0d9800c236ba,2022-01-31T10:41:56-08:00,1,1658,0.125,,,False,False,1,0,1232.18,0.0,0.0008115667422766955,,111510915.0,dotnet/dotnet-api-docs,C#
snippets/csharp/System.Xml/XmlWriterSettings/Encoding/migration.cs,14,callable,ok,XML_Migration_Samples.Stylesheet_Credentials_New,XML_Migration_Samples.Stylesheet_Credentials_New,385ae5cf502a60420a92fcd9152a0d9800c236ba,2022-01-31T10:41:56-08:00,385ae5cf502a60420a92fcd9152a0d9800c236ba,2022-01-31T10:41:56-08:00,1,1658,0.125,,,False,False,1,0,1232.18,0.0,0.0008115667422766955,,111510915.0,dotnet/dotnet-api-docs,C#
snippets/csharp/System.Xml/XmlWriterSettings/Encoding/migration.cs,15,callable,ok,XML_Migration_Samples.XSLT_Param_Old,XML_Migration_Samples.XSLT_Param_Old,385ae5cf502a60420a92fcd9152a0d9800c236ba,2022-01-31T10:41:56-08:00,385ae5cf502a60420a92fcd9152a0d9800c236ba,2022-01-31T10:41:56-08:00,1,1658,0.05,,,False,False,1,0,1232.18,0.0,0.0008115667422766955,,111510915.0,dotnet/dotnet-api-docs,C#
snippets/csharp/System.Xml/XmlWriterSettings/Encoding/migration.cs,16,callable,ok,XML_Migration_Samples.XSLT_Param_New,XML_Migration_Samples.XSLT_Param_New,385ae5cf502a60420a92fcd9152a0d9800c236ba,2022-01-31T10:41:56-08:00,385ae5cf502a60420a92fcd9152a0d9800c236ba,2022-01-31T10:41:56-08:00,1,1658,0.05,,,False,False,1,0,1232.18,0.0,0.0008115667422766955,,111510915.0,dotnet/dotnet-api-docs,C#
snippets/csharp/System.Xml/XmlWriterSettings/Encoding/migration.cs,17,callable,ok,XML_Migration_Samples.XSLT_Script_Old,XML_Migration_Samples.XSLT_Script_Old,385ae5cf502a60420a92fcd9152a0d9800c236ba,2022-01-31T10:41:56-08:00,385ae5cf502a60420a92fcd9152a0d9800c236ba,2022-01-31T10:41:56-08:00,1,1658,0.14285714285714285,,,False,False,1,0,1232.18,0.0,0.0008115667422766955,,111510915.0,dotnet/dotnet-api-docs,C#
snippets/csharp/System.Xml/XmlWriterSettings/Encoding/migration.cs,18,callable,ok,XML_Migration_Samples.XSLT_Script_New,XML_Migration_Samples.XSLT_Script_New,385ae5cf502a60420a92fcd9152a0d9800c236ba,2022-01-31T10:41:56-08:00,385ae5cf502a60420a92fcd9152a0d9800c236ba,2022-01-31T10:41:56-08:00,1,1658,0.09090909090909091,,,False,False,1,0,1232.18,0.0,0.0008115667422766955,,111510915.0,dotnet/dotnet-api-docs,C#
snippets/csharp/System.Xml/XmlWriterSettings/Encoding/migration.cs,19,callable,ok,XML_Migration_Samples.XSLT_Roundtrip_Old,XML_Migration_Samples.XSLT_Roundtrip_Old,385ae5cf502a60420a92fcd9152a0d9800c236ba,2022-01-31T10:41:56-08:00,385ae5cf502a60420a92fcd9152a0d9800c236ba,2022-01-31T10:41:56-08:00,1,1658,0.09090909090909091,,,False,False,1,0,1232.18,0.0,0.0008115667422766955,,111510915.0,dotnet/dotnet-api-docs,C#
snippets/csharp/System.Xml/XmlWriterSettings/Encoding/migration.cs,20,callable,ok,XML_Migration_Samples.XSLT_Roundtrip_New,XML_Migration_Samples.XSLT_Roundtrip_New,385ae5cf502a60420a92fcd9152a0d9800c236ba,2022-01-31T10:41:56-08:00,385ae5cf502a60420a92fcd9152a0d9800c236ba,2022-01-31T10:41:56-08:00,1,1658,0.07692307692307693,,,False,False,1,0,1232.18,0.0,0.0008115667422766955,,111510915.0,dotnet/dotnet-api-docs,C#
snippets/csharp/System.Xml/XmlWriterSettings/Encoding/migration.cs,21,callable,ok,XML_Migration_Samples.XSLT_DOM_Old,XML_Migration_Samples.XSLT_DOM_Old,385ae5cf502a60420a92fcd9152a0d9800c236ba,2022-01-31T10:41:56-08:00,385ae5cf502a60420a92fcd9152a0d9800c236ba,2022-01-31T10:41:56-08:00,1,1658,0.08333333333333333,,,False,False,1,0,1232.18,0.0,0.0008115667422766955,,111510915.0,dotnet/dotnet-api-docs,C#
snippets/csharp/System.Xml/XmlWriterSettings/Encoding/migration.cs,22,callable,ok,XML_Migration_Samples.XSLT_DOM_New,XML_Migration_Samples.XSLT_DOM_New,385ae5cf502a60420a92fcd9152a0d9800c236ba,2022-01-31T10:41:56-08:00,385ae5cf502a60420a92fcd9152a0d9800c236ba,2022-01-31T10:41:56-08:00,1,1658,0.08333333333333333,,,False,False,1,0,1232.18,0.0,0.0008115667422766955,,111510915.0,dotnet/dotnet-api-docs,C#
snippets/csharp/System/BadImageFormatException/Overview/targetplatform1.cs,0,class,ok,Example,Example,13d97c7e536ce822c000883dba873a79d5d6e841,2022-01-25T15:59:58-08:00,13d97c7e536ce822c000883dba873a79d5d6e841,2022-01-25T15:59:58-08:00,1,1664,0.02702702702702703,,,False,False,1,0,1237.96,0.0,0.0008077781330401797,,111510915.0,dotnet/dotnet-api-docs,C#
snippets/csharp/System/BadImageFormatException/Overview/targetplatform1.cs,0,callable,ok,Example.Main,Example.Main,13d97c7e536ce822c000883dba873a79d5d6e841,2022-01-25T15:59:58-08:00,13d97c7e536ce822c000883dba873a79d5d6e841,2022-01-25T15:59:58-08:00,1,1664,0.029411764705882353,,,False,False,1,0,1237.96,0.0,0.0008077781330401797,,111510915.0,dotnet/dotnet-api-docs,C#
snippets/csharp/System/BitConverter/GetBytes/bytesuint16.cs,0,class,ok,GetBytesUInt16Demo,GetBytesUInt16Demo,13d97c7e536ce822c000883dba873a79d5d6e841,2022-01-25T15:59:58-08:00,13d97c7e536ce822c000883dba873a79d5d6e841,2022-01-25T15:59:58-08:00,1,1664,0.034482758620689655,,,False,False,1,0,1237.96,0.0,0.0008077781330401797,,111510915.0,dotnet/dotnet-api-docs,C#
snippets/csharp/System/BitConverter/GetBytes/bytesuint16.cs,0,callable,ok,GetBytesUInt16Demo.GetBytesUInt16,GetBytesUInt16Demo.GetBytesUInt16,13d97c7e536ce822c000883dba873a79d5d6e841,2022-01-25T15:59:58-08:00,13d97c7e536ce822c000883dba873a79d5d6e841,2022-01-25T15:59:58-08:00,1,1664,0.16666666666666666,,,False,False,1,0,1237.96,0.0,0.0008077781330401797,,111510915.0,dotnet/dotnet-api-docs,C#
snippets/csharp/System/BitConverter/GetBytes/bytesuint16.cs,1,callable,ok,GetBytesUInt16Demo.Main,GetBytesUInt16Demo.Main,13d97c7e536ce822c000883dba873a79d5d6e841,2022-01-25T15:59:58-08:00,13d97c7e536ce822c000883dba873a79d5d6e841,2022-01-25T15:59:58-08:00,1,1664,0.0625,,,False,False,1,0,1237.96,0.0,0.0008077781330401797,,111510915.0,dotnet/dotnet-api-docs,C#
snippets/csharp/System/Boolean/Overview/size1.cs,0,class,ok,Example,Example,13d97c7e536ce822c000883dba873a79d5d6e841,2022-01-25T15:59:58-08:00,13d97c7e536ce822c000883dba873a79d5d6e841,2022-01-25T15:59:58-08:00,1,1664,0.058823529411764705,,,False,False,1,0,1237.96,0.0,0.0008077781330401797,,111510915.0,dotnet/dotnet-api-docs,C#
snippets/csharp/System/Boolean/Overview/size1.cs,0,callable,ok,Example.Main,Example.Main,13d97c7e536ce822c000883dba873a79d5d6e841,2022-01-25T15:59:58-08:00,13d97c7e536ce822c000883dba873a79d5d6e841,2022-01-25T15:59:58-08:00,1,1664,0.07142857142857142,,,False,False,1,0,1237.96,0.0,0.0008077781330401797,,111510915.0,dotnet/dotnet-api-docs,C#
snippets/csharp/System/Char/IsControl/IsControl1.cs,0,class,ok,ControlChars,ControlChars,13d97c7e536ce822c000883dba873a79d5d6e841,2022-01-25T15:59:58-08:00,13d97c7e536ce822c000883dba873a79d5d6e841,2022-01-25T15:59:58-08:00,1,1664,0.05263157894736842,,,False,False,1,0,1237.96,0.0,0.0008077781330401797,,111510915.0,dotnet/dotnet-api-docs,C#
snippets/csharp/System/Char/IsControl/IsControl1.cs,0,callable,ok,ControlChars.Main,ControlChars.Main,13d97c7e536ce822c000883dba873a79d5d6e841,2022-01-25T15:59:58-08:00,13d97c7e536ce822c000883dba873a79d5d6e841,2022-01-25T15:59:58-08:00,1,1664,0.0625,,,False,False,1,0,1237.96,0.0,0.0008077781330401797,,111510915.0,dotnet/dotnet-api-docs,C#
snippets/csharp/System/Char/ToString/tostring.cs,0,class,ok,ToStringSample,ToStringSample,13d97c7e536ce822c000883dba873a79d5d6e841,2022-01-25T15:59:58-08:00,13d97c7e536ce822c000883dba873a79d5d6e841,2022-01-25T15:59:58-08:00,1,1664,0.125,,,False,False,1,0,1237.96,0.0,0.0008077781330401797,,111510915.0,dotnet/dotnet-api-docs,C#
snippets/csharp/System/Char/ToString/tostring.cs,0,callable,ok,ToStringSample.Main,ToStringSample.Main,13d97c7e536ce822c000883dba873a79d5d6e841,2022-01-25T15:59:58-08:00,13d97c7e536ce822c000883dba873a79d5d6e841,2022-01-25T15:59:58-08:00,1,1664,0.16666666666666666,,,False,False,1,0,1237.96,0.0,0.0008077781330401797,,111510915.0,dotnet/dotnet-api-docs,C#
snippets/csharp/System/Console/BackgroundColor/foregroundcolor3.cs,0,class,ok,Example,Example,13d97c7e536ce822c000883dba873a79d5d6e841,2022-01-25T15:59:58-08:00,13d97c7e536ce822c000883dba873a79d5d6e841,2022-01-25T15:59:58-08:00,1,1664,0.02631578947368421,,,False,False,1,0,1237.96,0.0,0.0008077781330401797,,111510915.0,dotnet/dotnet-api-docs,C#
snippets/csharp/System/Console/BackgroundColor/foregroundcolor3.cs,0,callable,ok,Example.Main,Example.Main,13d97c7e536ce822c000883dba873a79d5d6e841,2022-01-25T15:59:58-08:00,13d97c7e536ce822c000883dba873a79d5d6e841,2022-01-25T15:59:58-08:00,1,1664,0.02857142857142857,,,False,False,1,0,1237.96,0.0,0.0008077781330401797,,111510915.0,dotnet/dotnet-api-docs,C#
snippets/csharp/System/Convert/Overview/NonDecimal1.cs,0,class,ok,Example,Example,13d97c7e536ce822c000883dba873a79d5d6e841,2022-01-25T15:59:58-08:00,13d97c7e536ce822c000883dba873a79d5d6e841,2022-01-25T15:59:58-08:00,1,1664,0.06666666666666667,,,False,False,1,0,1237.96,0.0,0.0008077781330401797,,111510915.0,dotnet/dotnet-api-docs,C#
snippets/csharp/System/Convert/Overview/NonDecimal1.cs,0,callable,ok,Example.Main,Example.Main,13d97c7e536ce822c000883dba873a79d5d6e841,2022-01-25T15:59:58-08:00,13d97c7e536ce822c000883dba873a79d5d6e841,2022-01-25T15:59:58-08:00,1,1664,0.08333333333333333,,,False,False,1,0,1237.96,0.0,0.0008077781330401797,,111510915.0,dotnet/dotnet-api-docs,C#
"snippets/csharp/System/ConverterTInput,TOutput/Overview/source.cs",0,class,ok,Example,Example,13d97c7e536ce822c000883dba873a79d5d6e841,2022-01-25T15:59:58-08:00,13d97c7e536ce822c000883dba873a79d5d6e841,2022-01-25T15:59:58-08:00,1,1664,0.03225806451612903,,,False,False,1,0,1237.96,0.0,0.0008077781330401797,,111510915.0,dotnet/dotnet-api-docs,C#
"snippets/csharp/System/ConverterTInput,TOutput/Overview/source.cs",0,callable,ok,Example.Main,Example.Main,13d97c7e536ce822c000883dba873a79d5d6e841,2022-01-25T15:59:58-08:00,13d97c7e536ce822c000883dba873a79d5d6e841,2022-01-25T15:59:58-08:00,1,1664,0.043478260869565216,,,False,False,1,0,1237.96,0.0,0.0008077781330401797,,111510915.0,dotnet/dotnet-api-docs,C#
"snippets/csharp/System/ConverterTInput,TOutput/Overview/source.cs",1,callable,ok,Example.PointFToPoint,Example.PointFToPoint,13d97c7e536ce822c000883dba873a79d5d6e841,2022-01-25T15:59:58-08:00,13d97c7e536ce822c000883dba873a79d5d6e841,2022-01-25T15:59:58-08:00,1,1664,0.25,,,False,False,1,0,1237.96,0.0,0.0008077781330401797,,111510915.0,dotnet/dotnet-api-docs,C#
snippets/csharp/System/DateTime/Equals/class1.cs,0,class,ok,Equals.Class1,Equals.Class1,13d97c7e536ce822c000883dba873a79d5d6e841,2022-01-25T15:59:58-08:00,13d97c7e536ce822c000883dba873a79d5d6e841,2022-01-25T15:59:58-08:00,1,1664,0.041666666666666664,,,False,False,1,0,1237.96,0.0,0.0008077781330401797,,111510915.0,dotnet/dotnet-api-docs,C#
snippets/csharp/System/DateTime/Equals/class1.cs,0,callable,ok,Equals.Class1.Main,Equals.Class1.Main,13d97c7e536ce822c000883dba873a79d5d6e841,2022-01-25T15:59:58-08:00,13d97c7e536ce822c000883dba873a79d5d6e841,2022-01-25T15:59:58-08:00,1,1664,0.047619047619047616,,,False,False,1,0,1237.96,0.0,0.0008077781330401797,,111510915.0,dotnet/dotnet-api-docs,C#
snippets/csharp/System/DateTime/FromFileTime/class1.cs,0,class,ok,FromFileTime.Class1,FromFileTime.Class1,13d97c7e536ce822c000883dba873a79d5d6e841,2022-01-25T15:59:58-08:00,13d97c7e536ce822c000883dba873a79d5d6e841,2022-01-25T15:59:58-08:00,1,1664,0.02564102564102564,,,False,False,1,0,1237.96,0.0,0.0008077781330401797,,111510915.0,dotnet/dotnet-api-docs,C#
snippets/csharp/System/DateTime/FromFileTime/class1.cs,0,callable,ok,FromFileTime.Class1.Main,FromFileTime.Class1.Main,13d97c7e536ce822c000883dba873a79d5d6e841,2022-01-25T15:59:58-08:00,13d97c7e536ce822c000883dba873a79d5d6e841,2022-01-25T15:59:58-08:00,1,1664,0.058823529411764705,,,False,False,1,0,1237.96,0.0,0.0008077781330401797,,111510915.0,dotnet/dotnet-api-docs,C#
snippets/csharp/System/DateTime/FromFileTime/class1.cs,1,callable,ok,FromFileTime.Class1.FileAge,FromFileTime.Class1.FileAge,13d97c7e536ce822c000883dba873a79d5d6e841,2022-01-25T15:59:58-08:00,13d97c7e536ce822c000883dba873a79d5d6e841,2022-01-25T15:59:58-08:00,1,1664,0.07142857142857142,,,False,False,1,0,1237.96,0.0,0.0008077781330401797,,111510915.0,dotnet/dotnet-api-docs,C#
snippets/csharp/System/Decimal/ToString/tostring.cs,0,class,ok,DecimalToStringDemo,DecimalToStringDemo,13d97c7e536ce822c000883dba873a79d5d6e841,2022-01-25T15:59:58-08:00,13d97c7e536ce822c000883dba873a79d5d6e841,2022-01-25T15:59:58-08:00,1,1664,0.01639344262295082,,,False,False,1,0,1237.96,0.0,0.0008077781330401797,,111510915.0,dotnet/dotnet-api-docs,C#
snippets/csharp/System/Decimal/ToString/tostring.cs,0,callable,ok,DecimalToStringDemo.Main,DecimalToStringDemo.Main,13d97c7e536ce822c000883dba873a79d5d6e841,2022-01-25T15:59:58-08:00,13d97c7e536ce822c000883dba873a79d5d6e841,2022-01-25T15:59:58-08:00,1,1664,0.017241379310344827,,,False,False,1,0,1237.96,0.0,0.0008077781330401797,,111510915.0,dotnet/dotnet-api-docs,C#
snippets/csharp/System/Double/CompareTo/compareto2.cs,0,class,ok,Example,Example,13d97c7e536ce822c000883dba873a79d5d6e841,2022-01-25T15:59:58-08:00,13d97c7e536ce822c000883dba873a79d5d6e841,2022-01-25T15:59:58-08:00,1,1664,0.08333333333333333,,,False,False,1,0,1237.96,0.0,0.0008077781330401797,,111510915.0,dotnet/dotnet-api-docs,C#
snippets/csharp/System/Double/CompareTo/compareto2.cs,0,callable,ok,Example.Main,Example.Main,13d97c7e536ce822c000883dba873a79d5d6e841,2022-01-25T15:59:58-08:00,13d97c7e536ce822c000883dba873a79d5d6e841,2022-01-25T15:59:58-08:00,1,1664,0.1111111111111111,,,False,False,1,0,1237.96,0.0,0.0008077781330401797,,111510915.0,dotnet/dotnet-api-docs,C#
snippets/csharp/System/Double/Epsilon/Equals_25051.cs,0,class,ok,Class1,Class1,13d97c7e536ce822c000883dba873a79d5d6e841,2022-01-25T15:59:58-08:00,13d97c7e536ce822c000883dba873a79d5d6e841,2022-01-25T15:59:58-08:00,1,1664,0.013888888888888888,,,False,False,1,0,1237.96,0.0,0.0008077781330401797,,111510915.0,dotnet/dotnet-api-docs,C#
snippets/csharp/System/Double/Epsilon/Equals_25051.cs,0,callable,ok,Class1.Main,Class1.Main,13d97c7e536ce822c000883dba873a79d5d6e841,2022-01-25T15:59:58-08:00,13d97c7e536ce822c000883dba873a79d5d6e841,2022-01-25T15:59:58-08:00,1,1664,0.1,,,False,False,1,0,1237.96,0.0,0.0008077781330401797,,111510915.0,dotnet/dotnet-api-docs,C#
snippets/csharp/System/Double/Epsilon/Equals_25051.cs,1,callable,ok,Class1.CompareUsingEquals,Class1.CompareUsingEquals,13d97c7e536ce822c000883dba873a79d5d6e841,2022-01-25T15:59:58-08:00,13d97c7e536ce822c000883dba873a79d5d6e841,2022-01-25T15:59:58-08:00,1,1664,0.1,,,False,False,1,0,1237.96,0.0,0.0008077781330401797,,111510915.0,dotnet/dotnet-api-docs,C#
snippets/csharp/System/Double/Epsilon/Equals_25051.cs,2,callable,ok,Class1.CompareApproximateValues,Class1.CompareApproximateValues,13d97c7e536ce822c000883dba873a79d5d6e841,2022-01-25T15:59:58-08:00,13d97c7e536ce822c000883dba873a79d5d6e841,2022-01-25T15:59:58-08:00,1,1664,0.05555555555555555,,,False,False,1,0,1237.96,0.0,0.0008077781330401797,,111510915.0,dotnet/dotnet-api-docs,C#
snippets/csharp/System/Double/Epsilon/Equals_25051.cs,3,callable,ok,Class1.CompareObjectsUsingEquals,Class1.CompareObjectsUsingEquals,13d97c7e536ce822c000883dba873a79d5d6e841,2022-01-25T15:59:58-08:00,13d97c7e536ce822c000883dba873a79d5d6e841,2022-01-25T15:59:58-08:00,1,1664,0.1,,,False,False,1,0,1237.96,0.0,0.0008077781330401797,,111510915.0,dotnet/dotnet-api-docs,C#
snippets/csharp/System/Double/Epsilon/Equals_25051.cs,4,callable,ok,Class1.CompareApproximateObjectValues,Class1.CompareApproximateObjectValues,13d97c7e536ce822c000883dba873a79d5d6e841,2022-01-25T15:59:58-08:00,13d97c7e536ce822c000883dba873a79d5d6e841,2022-01-25T15:59:58-08:00,1,1664,0.058823529411764705,,,False,False,1,0,1237.96,0.0,0.0008077781330401797,,111510915.0,dotnet/dotnet-api-docs,C#
snippets/csharp/System/Double/MaxValue/maxvalueex.cs,0,class,ok,Example,Example,13d97c7e536ce822c000883dba873a79d5d6e841,2022-01-25T15:59:58-08:00,13d97c7e536ce822c000883dba873a79d5d6e841,2022-01-25T15:59:58-08:00,1,1664,0.058823529411764705,,,False,False,1,0,1237.96,0.0,0.0008077781330401797,,111510915.0,dotnet/dotnet-api-docs,C#
snippets/csharp/System/Double/MaxValue/maxvalueex.cs,0,callable,ok,Example.Main,Example.Main,13d97c7e536ce822c000883dba873a79d5d6e841,2022-01-25T15:59:58-08:00,13d97c7e536ce822c000883dba873a79d5d6e841,2022-01-25T15:59:58-08:00,1,1664,0.07142857142857142,,,False,False,1,0,1237.96,0.0,0.0008077781330401797,,111510915.0,dotnet/dotnet-api-docs,C#
snippets/csharp/System/Exception/Overview/primenumbergenerator.cs,0,class,ok,PrimeNumberGenerator,PrimeNumberGenerator,13d97c7e536ce822c000883dba873a79d5d6e841,2022-01-25T15:59:58-08:00,13d97c7e536ce822c000883dba873a79d5d6e841,2022-01-25T15:59:58-08:00,1,1664,0.016666666666666666,,,False,False,1,0,1237.96,0.0,0.0008077781330401797,,111510915.0,dotnet/dotnet-api-docs,C#
snippets/csharp/System/Exception/Overview/primenumbergenerator.cs,0,callable,ok,PrimeNumberGenerator.PrimeNumberGenerator,PrimeNumberGenerator.PrimeNumberGenerator,13d97c7e536ce822c000883dba873a79d5d6e841,2022-01-25T15:59:58-08:00,13d97c7e536ce822c000883dba873a79d5d6e841,2022-01-25T15:59:58-08:00,1,1664,0.027777777777777776,,,False,False,1,0,1237.96,0.0,0.0008077781330401797,,111510915.0,dotnet/dotnet-api-docs,C#
snippets/csharp/System/Exception/Overview/primenumbergenerator.cs,1,callable,ok,PrimeNumberGenerator.GetAllPrimes,PrimeNumberGenerator.GetAllPrimes,13d97c7e536ce822c000883dba873a79d5d6e841,2022-01-25T15:59:58-08:00,13d97c7e536ce822c000883dba873a79d5d6e841,2022-01-25T15:59:58-08:00,1,1664,0.25,,,False,False,1,0,1237.96,0.0,0.0008077781330401797,,111510915.0,dotnet/dotnet-api-docs,C#
snippets/csharp/System/Exception/Overview/primenumbergenerator.cs,2,callable,ok,PrimeNumberGenerator.GetPrimesFrom,PrimeNumberGenerator.GetPrimesFrom,13d97c7e536ce822c000883dba873a79d5d6e841,2022-01-25T15:59:58-08:00,13d97c7e536ce822c000883dba873a79d5d6e841,2022-01-25T15:59:58-08:00,1,1664,0.125,,,False,False,1,0,1237.96,0.0,0.0008077781330401797,,111510915.0,dotnet/dotnet-api-docs,C#
snippets/csharp/System/FormatException/Overview/qa26.cs,0,class,ok,Example,Example,13d97c7e536ce822c000883dba873a79d5d6e841,2022-01-25T15:59:58-08:00,13d97c7e536ce822c000883dba873a79d5d6e841,2022-01-25T15:59:58-08:00,1,1664,0.047619047619047616,,,False,False,1,0,1237.96,0.0,0.0008077781330401797,,111510915.0,dotnet/dotnet-api-docs,C#
snippets/csharp/System/FormatException/Overview/qa26.cs,0,callable,ok,Example.Main,Example.Main,13d97c7e536ce822c000883dba873a79d5d6e841,2022-01-25T15:59:58-08:00,13d97c7e536ce822c000883dba873a79d5d6e841,2022-01-25T15:59:58-08:00,1,1664,0.05555555555555555,,,False,False,1,0,1237.96,0.0,0.0008077781330401797,,111510915.0,dotnet/dotnet-api-docs,C#
snippets/csharp/System/FormatException/Overview/starting3.cs,0,class,ok,Example,Example,13d97c7e536ce822c000883dba873a79d5d6e841,2022-01-25T15:59:58-08:00,13d97c7e536ce822c000883dba873a79d5d6e841,2022-01-25T15:59:58-08:00,1,1664,0.043478260869565216,,,False,False,1,0,1237.96,0.0,0.0008077781330401797,,111510915.0,dotnet/dotnet-api-docs,C#
snippets/csharp/System/FormatException/Overview/starting3.cs,0,callable,ok,Example.Main,Example.Main,13d97c7e536ce822c000883dba873a79d5d6e841,2022-01-25T15:59:58-08:00,13d97c7e536ce822c000883dba873a79d5d6e841,2022-01-25T15:59:58-08:00,1,1664,0.05,,,False,False,1,0,1237.96,0.0,0.0008077781330401797,,111510915.0,dotnet/dotnet-api-docs,C#
snippets/csharp/System/FuncTResult/Overview/Delegate.cs,0,class,ok,TestDelegate,TestDelegate,13d97c7e536ce822c000883dba873a79d5d6e841,2022-01-25T15:59:58-08:00,13d97c7e536ce822c000883dba873a79d5d6e841,2022-01-25T15:59:58-08:00,1,1664,0.08333333333333333,,,False,False,1,0,1237.96,0.0,0.0008077781330401797,,111510915.0,dotnet/dotnet-api-docs,C#
snippets/csharp/System/FuncTResult/Overview/Delegate.cs,1,class,ok,OutputTarget,OutputTarget,13d97c7e536ce822c000883dba873a79d5d6e841,2022-01-25T15:59:58-08:00,13d97c7e536ce822c000883dba873a79d5d6e841,2022-01-25T15:59:58-08:00,1,1664,0.05555555555555555,,,False,False,1,0,1237.96,0.0,0.0008077781330401797,,111510915.0,dotnet/dotnet-api-docs,C#
snippets/csharp/System/FuncTResult/Overview/Delegate.cs,0,callable,ok,TestDelegate.Main,TestDelegate.Main,13d97c7e536ce822c000883dba873a79d5d6e841,2022-01-25T15:59:58-08:00,13d97c7e536ce822c000883dba873a79d5d6e841,2022-01-25T15:59:58-08:00,1,1664,0.1111111111111111,,,False,False,1,0,1237.96,0.0,0.0008077781330401797,,111510915.0,dotnet/dotnet-api-docs,C#
snippets/csharp/System/FuncTResult/Overview/Delegate.cs,1,callable,ok,OutputTarget.SendToFile,OutputTarget.SendToFile,13d97c7e536ce822c000883dba873a79d5d6e841,2022-01-25T15:59:58-08:00,13d97c7e536ce822c000883dba873a79d5d6e841,2022-01-25T15:59:58-08:00,1,1664,0.06666666666666667,,,False,False,1,0,1237.96,0.0,0.0008077781330401797,,111510915.0,dotnet/dotnet-api-docs,C#
snippets/csharp/System/GC/Collect/collect4.cs,0,class,ok,Example,Example,13d97c7e536ce822c000883dba873a79d5d6e841,2022-01-25T15:59:58-08:00,13d97c7e536ce822c000883dba873a79d5d6e841,2022-01-25T15:59:58-08:00,1,1664,0.04,,,False,False,1,0,1237.96,0.0,0.0008077781330401797,,111510915.0,dotnet/dotnet-api-docs,C#
snippets/csharp/System/GC/Collect/collect4.cs,0,callable,ok,Example.Main,Example.Main,13d97c7e536ce822c000883dba873a79d5d6e841,2022-01-25T15:59:58-08:00,13d97c7e536ce822c000883dba873a79d5d6e841,2022-01-25T15:59:58-08:00,1,1664,0.08333333333333333,,,False,False,1,0,1237.96,0.0,0.0008077781330401797,,111510915.0,dotnet/dotnet-api-docs,C#
snippets/csharp/System/GC/Collect/collect4.cs,1,callable,ok,Example.CreateObjects,Example.CreateObjects,13d97c7e536ce822c000883dba873a79d5d6e841,2022-01-25T15:59:58-08:00,13d97c7e536ce822c000883dba873a79d5d6e841,2022-01-25T15:59:58-08:00,1,1664,0.1111111111111111,,,False,False,1,0,1237.96,0.0,0.0008077781330401797,,111510915.0,dotnet/dotnet-api-docs,C#
snippets/csharp/System/InvalidCastException/Overview/ToString1.cs,0,class,ok,Example,Example,13d97c7e536ce822c000883dba873a79d5d6e841,2022-01-25T15:59:58-08:00,13d97c7e536ce822c000883dba873a79d5d6e841,2022-01-25T15:59:58-08:00,1,1664,0.1111111111111111,,,False,False,1,0,1237.96,0.0,0.0008077781330401797,,111510915.0,dotnet/dotnet-api-docs,C#
snippets/csharp/System/InvalidCastException/Overview/ToString1.cs,0,callable,ok,Example.Main,Example.Main,13d97c7e536ce822c000883dba873a79d5d6e841,2022-01-25T15:59:58-08:00,13d97c7e536ce822c000883dba873a79d5d6e841,2022-01-25T15:59:58-08:00,1,1664,0.16666666666666666,,,False,False,1,0,1237.96,0.0,0.0008077781330401797,,111510915.0,dotnet/dotnet-api-docs,C#
snippets/csharp/System/Math/Round/round4.cs,0,class,ok,Example,Example,13d97c7e536ce822c000883dba873a79d5d6e841,2022-01-25T15:59:58-08:00,13d97c7e536ce822c000883dba873a79d5d6e841,2022-01-25T15:59:58-08:00,1,1664,0.05,,,False,False,1,0,1237.96,0.0,0.0008077781330401797,,111510915.0,dotnet/dotnet-api-docs,C#
snippets/csharp/System/Math/Round/round4.cs,0,callable,ok,Example.Main,Example.Main,13d97c7e536ce822c000883dba873a79d5d6e841,2022-01-25T15:59:58-08:00,13d97c7e536ce822c000883dba873a79d5d6e841,2022-01-25T15:59:58-08:00,1,1664,0.058823529411764705,,,False,False,1,0,1237.96,0.0,0.0008077781330401797,,111510915.0,dotnet/dotnet-api-docs,C#
snippets/csharp/System/Random/Overview/booleans2.cs,0,class,ok,Example,Example,13d97c7e536ce822c000883dba873a79d5d6e841,2022-01-25T15:59:58-08:00,13d97c7e536ce822c000883dba873a79d5d6e841,2022-01-25T15:59:58-08:00,1,1664,0.02857142857142857,,,False,False,1,0,1237.96,0.0,0.0008077781330401797,,111510915.0,dotnet/dotnet-api-docs,C#
snippets/csharp/System/Random/Overview/booleans2.cs,0,callable,ok,Example.Main,Example.Main,13d97c7e536ce822c000883dba873a79d5d6e841,2022-01-25T15:59:58-08:00,13d97c7e536ce822c000883dba873a79d5d6e841,2022-01-25T15:59:58-08:00,1,1664,0.03125,,,False,False,1,0,1237.96,0.0,0.0008077781330401797,,111510915.0,dotnet/dotnet-api-docs,C#
snippets/csharp/System/String/IndexOfAny/IndexOfAny1.cs,0,class,ok,Example,Example,13d97c7e536ce822c000883dba873a79d5d6e841,2022-01-25T15:59:58-08:00,13d97c7e536ce822c000883dba873a79d5d6e841,2022-01-25T15:59:58-08:00,1,1664,0.09090909090909091,,,False,False,1,0,1237.96,0.0,0.0008077781330401797,,111510915.0,dotnet/dotnet-api-docs,C#
snippets/csharp/System/String/IndexOfAny/IndexOfAny1.cs,0,callable,ok,Example.Main,Example.Main,13d97c7e536ce822c000883dba873a79d5d6e841,2022-01-25T15:59:58-08:00,13d97c7e536ce822c000883dba873a79d5d6e841,2022-01-25T15:59:58-08:00,1,1664,0.125,,,False,False,1,0,1237.96,0.0,0.0008077781330401797,,111510915.0,dotnet/dotnet-api-docs,C#
snippets/csharp/System/String/Join/join2.cs,0,class,ok,Sample,Sample,13d97c7e536ce822c000883dba873a79d5d6e841,2022-01-25T15:59:58-08:00,13d97c7e536ce822c000883dba873a79d5d6e841,2022-01-25T15:59:58-08:00,1,1664,0.047619047619047616,,,False,False,1,0,1237.96,0.0,0.0008077781330401797,,111510915.0,dotnet/dotnet-api-docs,C#
snippets/csharp/System/String/Join/join2.cs,0,callable,ok,Sample.Main,Sample.Main,13d97c7e536ce822c000883dba873a79d5d6e841,2022-01-25T15:59:58-08:00,13d97c7e536ce822c000883dba873a79d5d6e841,2022-01-25T15:59:58-08:00,1,1664,0.05555555555555555,,,False,False,1,0,1237.96,0.0,0.0008077781330401797,,111510915.0,dotnet/dotnet-api-docs,C#
snippets/csharp/System/String/StartsWith/StartsWith2.cs,0,class,ok,Example,Example,13d97c7e536ce822c000883dba873a79d5d6e841,2022-01-25T15:59:58-08:00,13d97c7e536ce822c000883dba873a79d5d6e841,2022-01-25T15:59:58-08:00,1,1664,0.05555555555555555,,,False,False,1,0,1237.96,0.0,0.0008077781330401797,,111510915.0,dotnet/dotnet-api-docs,C#
snippets/csharp/System/String/StartsWith/StartsWith2.cs,0,callable,ok,Example.Main,Example.Main,13d97c7e536ce822c000883dba873a79d5d6e841,2022-01-25T15:59:58-08:00,13d97c7e536ce822c000883dba873a79d5d6e841,2022-01-25T15:59:58-08:00,1,1664,0.06666666666666667,,,False,False,1,0,1237.96,0.0,0.0008077781330401797,,111510915.0,dotnet/dotnet-api-docs,C#
snippets/csharp/System/String/TrimStart/sample.cs,0,class,ok,TrimExample,TrimExample,13d97c7e536ce822c000883dba873a79d5d6e841,2022-01-25T15:59:58-08:00,13d97c7e536ce822c000883dba873a79d5d6e841,2022-01-25T15:59:58-08:00,1,1664,0.009900990099009901,,,False,False,1,0,1237.96,0.0,0.0008077781330401797,,111510915.0,dotnet/dotnet-api-docs,C#
snippets/csharp/System/String/TrimStart/sample.cs,0,callable,ok,TrimExample.Main,TrimExample.Main,13d97c7e536ce822c000883dba873a79d5d6e841,2022-01-25T15:59:58-08:00,13d97c7e536ce822c000883dba873a79d5d6e841,2022-01-25T15:59:58-08:00,1,1664,0.022727272727272728,,,False,False,1,0,1237.96,0.0,0.0008077781330401797,,111510915.0,dotnet/dotnet-api-docs,C#
snippets/csharp/System/String/TrimStart/sample.cs,1,callable,ok,TrimExample.StripComments,TrimExample.StripComments,13d97c7e536ce822c000883dba873a79d5d6e841,2022-01-25T15:59:58-08:00,13d97c7e536ce822c000883dba873a79d5d6e841,2022-01-25T15:59:58-08:00,1,1664,0.1,,,False,False,1,0,1237.96,0.0,0.0008077781330401797,,111510915.0,dotnet/dotnet-api-docs,C#
snippets/csharp/System/TimeSpan/TotalHours/totalhours.cs,0,class,ok,Example,Example,13d97c7e536ce822c000883dba873a79d5d6e841,2022-01-25T15:59:58-08:00,13d97c7e536ce822c000883dba873a79d5d6e841,2022-01-25T15:59:58-08:00,1,1664,0.038461538461538464,,,False,False,1,0,1237.96,0.0,0.0008077781330401797,,111510915.0,dotnet/dotnet-api-docs,C#
snippets/csharp/System/TimeSpan/TotalHours/totalhours.cs,0,callable,ok,Example.Main,Example.Main,13d97c7e536ce822c000883dba873a79d5d6e841,2022-01-25T15:59:58-08:00,13d97c7e536ce822c000883dba873a79d5d6e841,2022-01-25T15:59:58-08:00,1,1664,0.043478260869565216,,,False,False,1,0,1237.96,0.0,0.0008077781330401797,,111510915.0,dotnet/dotnet-api-docs,C#
snippets/csharp/System/TimeSpan/op_Addition/Subtraction1.cs,0,class,ok,Example,Example,13d97c7e536ce822c000883dba873a79d5d6e841,2022-01-25T15:59:58-08:00,13d97c7e536ce822c000883dba873a79d5d6e841,2022-01-25T15:59:58-08:00,1,1664,0.047619047619047616,,,False,False,1,0,1237.96,0.0,0.0008077781330401797,,111510915.0,dotnet/dotnet-api-docs,C#
snippets/csharp/System/TimeSpan/op_Addition/Subtraction1.cs,0,callable,ok,Example.Main,Example.Main,13d97c7e536ce822c000883dba873a79d5d6e841,2022-01-25T15:59:58-08:00,13d97c7e536ce822c000883dba873a79d5d6e841,2022-01-25T15:59:58-08:00,1,1664,0.05555555555555555,,,False,False,1,0,1237.96,0.0,0.0008077781330401797,,111510915.0,dotnet/dotnet-api-docs,C#
"snippets/csharp/System/TupleT1,T2,T3,T4,T5/System.Collections.IStructuralComparable.CompareTo/compareto1.cs",0,class,ok,Example,Example,13d97c7e536ce822c000883dba873a79d5d6e841,2022-01-25T15:59:58-08:00,13d97c7e536ce822c000883dba873a79d5d6e841,2022-01-25T15:59:58-08:00,1,1664,0.03125,,,False,False,1,0,1237.96,0.0,0.0008077781330401797,,111510915.0,dotnet/dotnet-api-docs,C#
"snippets/csharp/System/TupleT1,T2,T3,T4,T5/System.Collections.IStructuralComparable.CompareTo/compareto1.cs",0,callable,ok,Example.Main,Example.Main,13d97c7e536ce822c000883dba873a79d5d6e841,2022-01-25T15:59:58-08:00,13d97c7e536ce822c000883dba873a79d5d6e841,2022-01-25T15:59:58-08:00,1,1664,0.034482758620689655,,,False,False,1,0,1237.96,0.0,0.0008077781330401797,,111510915.0,dotnet/dotnet-api-docs,C#
"snippets/csharp/System/TupleT1,T2,T3,T4/Item1/item1.cs",0,class,ok,Example,Example,13d97c7e536ce822c000883dba873a79d5d6e841,2022-01-25T15:59:58-08:00,13d97c7e536ce822c000883dba873a79d5d6e841,2022-01-25T15:59:58-08:00,1,1664,0.045454545454545456,,,False,False,1,0,1237.96,0.0,0.0008077781330401797,,111510915.0,dotnet/dotnet-api-docs,C#
"snippets/csharp/System/TupleT1,T2,T3,T4/Item1/item1.cs",0,callable,ok,Example.Main,Example.Main,13d97c7e536ce822c000883dba873a79d5d6e841,2022-01-25T15:59:58-08:00,13d97c7e536ce822c000883dba873a79d5d6e841,2022-01-25T15:59:58-08:00,1,1664,0.05263157894736842,,,False,False,1,0,1237.96,0.0,0.0008077781330401797,,111510915.0,dotnet/dotnet-api-docs,C#
"snippets/csharp/System/TupleT1,T2,T3/Overview/example1.cs",0,class,ok,Example,Example,13d97c7e536ce822c000883dba873a79d5d6e841,2022-01-25T15:59:58-08:00,13d97c7e536ce822c000883dba873a79d5d6e841,2022-01-25T15:59:58-08:00,1,1664,0.024390243902439025,,,False,False,1,0,1237.96,0.0,0.0008077781330401797,,111510915.0,dotnet/dotnet-api-docs,C#
"snippets/csharp/System/TupleT1,T2,T3/Overview/example1.cs",0,callable,ok,Example.Main,Example.Main,13d97c7e536ce822c000883dba873a79d5d6e841,2022-01-25T15:59:58-08:00,13d97c7e536ce822c000883dba873a79d5d6e841,2022-01-25T15:59:58-08:00,1,1664,0.06666666666666667,,,False,False,1,0,1237.96,0.0,0.0008077781330401797,,111510915.0,dotnet/dotnet-api-docs,C#
"snippets/csharp/System/TupleT1,T2,T3/Overview/example1.cs",1,callable,ok,Example.ComputeStatistics,Example.ComputeStatistics,13d97c7e536ce822c000883dba873a79d5d6e841,2022-01-25T15:59:58-08:00,13d97c7e536ce822c000883dba873a79d5d6e841,2022-01-25T15:59:58-08:00,1,1664,0.045454545454545456,,,False,False,1,0,1237.96,0.0,0.0008077781330401797,,111510915.0,dotnet/dotnet-api-docs,C#
snippets/csharp/System/Type/FilterNameIgnoreCase/type_filternameignorecase.cs,0,class,ok,MyFilterNameIgnoreCaseSample,MyFilterNameIgnoreCaseSample,13d97c7e536ce822c000883dba873a79d5d6e841,2022-01-25T15:59:58-08:00,13d97c7e536ce822c000883dba873a79d5d6e841,2022-01-25T15:59:58-08:00,1,1664,0.03125,,,False,False,1,0,1237.96,0.0,0.0008077781330401797,,111510915.0,dotnet/dotnet-api-docs,C#
snippets/csharp/System/Type/FilterNameIgnoreCase/type_filternameignorecase.cs,0,callable,ok,MyFilterNameIgnoreCaseSample.Main,MyFilterNameIgnoreCaseSample.Main,13d97c7e536ce822c000883dba873a79d5d6e841,2022-01-25T15:59:58-08:00,13d97c7e536ce822c000883dba873a79d5d6e841,2022-01-25T15:59:58-08:00,1,1664,0.034482758620689655,,,False,False,1,0,1237.96,0.0,0.0008077781330401797,,111510915.0,dotnet/dotnet-api-docs,C#
snippets/csharp/System/UInt32/ToString/tostring2.cs,0,class,ok,Example,Example,13d97c7e536ce822c000883dba873a79d5d6e841,2022-01-25T15:59:58-08:00,13d97c7e536ce822c000883dba873a79d5d6e841,2022-01-25T15:59:58-08:00,1,1664,0.043478260869565216,,,False,False,1,0,1237.96,0.0,0.0008077781330401797,,111510915.0,dotnet/dotnet-api-docs,C#
snippets/csharp/System/UInt32/ToString/tostring2.cs,0,callable,ok,Example.Main,Example.Main,13d97c7e536ce822c000883dba873a79d5d6e841,2022-01-25T15:59:58-08:00,13d97c7e536ce822c000883dba873a79d5d6e841,2022-01-25T15:59:58-08:00,1,1664,0.08333333333333333,,,False,False,1,0,1237.96,0.0,0.0008077781330401797,,111510915.0,dotnet/dotnet-api-docs,C#
snippets/csharp/System/UInt32/ToString/tostring2.cs,1,callable,ok,Example.GetName,Example.GetName,13d97c7e536ce822c000883dba873a79d5d6e841,2022-01-25T15:59:58-08:00,13d97c7e536ce822c000883dba873a79d5d6e841,2022-01-25T15:59:58-08:00,1,1664,0.14285714285714285,,,False,False,1,0,1237.96,0.0,0.0008077781330401797,,111510915.0,dotnet/dotnet-api-docs,C#
snippets/csharp/System/UInt32/ToString/tostring4.cs,0,class,ok,Example,Example,13d97c7e536ce822c000883dba873a79d5d6e841,2022-01-25T15:59:58-08:00,13d97c7e536ce822c000883dba873a79d5d6e841,2022-01-25T15:59:58-08:00,1,1664,0.047619047619047616,,,False,False,1,0,1237.96,0.0,0.0008077781330401797,,111510915.0,dotnet/dotnet-api-docs,C#
snippets/csharp/System/UInt32/ToString/tostring4.cs,0,callable,ok,Example.Main,Example.Main,13d97c7e536ce822c000883dba873a79d5d6e841,2022-01-25T15:59:58-08:00,13d97c7e536ce822c000883dba873a79d5d6e841,2022-01-25T15:59:58-08:00,1,1664,0.05555555555555555,,,False,False,1,0,1237.96,0.0,0.0008077781330401797,,111510915.0,dotnet/dotnet-api-docs,C#
snippets/csharp/System/UInt64/Parse/parse1.cs,0,class,ok,Example,Example,13d97c7e536ce822c000883dba873a79d5d6e841,2022-01-25T15:59:58-08:00,13d97c7e536ce822c000883dba873a79d5d6e841,2022-01-25T15:59:58-08:00,1,1664,0.027777777777777776,,,False,False,1,0,1237.96,0.0,0.0008077781330401797,,111510915.0,dotnet/dotnet-api-docs,C#
snippets/csharp/System/UInt64/Parse/parse1.cs,0,callable,ok,Example.Main,Example.Main,13d97c7e536ce822c000883dba873a79d5d6e841,2022-01-25T15:59:58-08:00,13d97c7e536ce822c000883dba873a79d5d6e841,2022-01-25T15:59:58-08:00,1,1664,0.030303030303030304,,,False,False,1,0,1237.96,0.0,0.0008077781330401797,,111510915.0,dotnet/dotnet-api-docs,C#
snippets/csharp/VS_Snippets_ADO.NET/Classic WebData DataColumnCollection.Remove1 Example/CS/source.cs,0,class,ok,Form1,Form1,13d97c7e536ce822c000883dba873a79d5d6e841,2022-01-25T15:59:58-08:00,13d97c7e536ce822c000883dba873a79d5d6e841,2022-01-25T15:59:58-08:00,1,1664,0.058823529411764705,,,False,False,1,0,1237.96,0.0,0.0008077781330401797,,111510915.0,dotnet/dotnet-api-docs,C#
snippets/csharp/VS_Snippets_ADO.NET/Classic WebData DataColumnCollection.Remove1 Example/CS/source.cs,0,callable,ok,Form1.RemoveColumnByName,Form1.RemoveColumnByName,13d97c7e536ce822c000883dba873a79d5d6e841,2022-01-25T15:59:58-08:00,13d97c7e536ce822c000883dba873a79d5d6e841,2022-01-25T15:59:58-08:00,1,1664,0.1,,,False,False,1,0,1237.96,0.0,0.0008077781330401797,,111510915.0,dotnet/dotnet-api-docs,C#
snippets/csharp/VS_Snippets_ADO.NET/Classic WebData DataRow.GetChildRows3 Example/CS/source.cs,0,class,ok,Form1,Form1,13d97c7e536ce822c000883dba873a79d5d6e841,2022-01-25T15:59:58-08:00,13d97c7e536ce822c000883dba873a79d5d6e841,2022-01-25T15:59:58-08:00,1,1664,0.037037037037037035,,,False,False,1,0,1237.96,0.0,0.0008077781330401797,,111510915.0,dotnet/dotnet-api-docs,C#
snippets/csharp/VS_Snippets_ADO.NET/Classic WebData DataRow.GetChildRows3 Example/CS/source.cs,0,callable,ok,Form1.GetChildRowsFromDataRelation,Form1.GetChildRowsFromDataRelation,13d97c7e536ce822c000883dba873a79d5d6e841,2022-01-25T15:59:58-08:00,13d97c7e536ce822c000883dba873a79d5d6e841,2022-01-25T15:59:58-08:00,1,1664,0.05,,,False,False,1,0,1237.96,0.0,0.0008077781330401797,,111510915.0,dotnet/dotnet-api-docs,C#
snippets/csharp/VS_Snippets_ADO.NET/Classic WebData DataRowCollection.Find Example/CS/source.cs,0,class,ok,Form1,Form1,13d97c7e536ce822c000883dba873a79d5d6e841,2022-01-25T15:59:58-08:00,13d97c7e536ce822c000883dba873a79d5d6e841,2022-01-25T15:59:58-08:00,1,1664,0.05263157894736842,,,False,False,1,0,1237.96,0.0,0.0008077781330401797,,111510915.0,dotnet/dotnet-api-docs,C#
snippets/csharp/VS_Snippets_ADO.NET/Classic WebData DataRowCollection.Find Example/CS/source.cs,0,callable,ok,Form1.FindInPrimaryKeyColumn,Form1.FindInPrimaryKeyColumn,13d97c7e536ce822c000883dba873a79d5d6e841,2022-01-25T15:59:58-08:00,13d97c7e536ce822c000883dba873a79d5d6e841,2022-01-25T15:59:58-08:00,1,1664,0.09090909090909091,,,False,False,1,0,1237.96,0.0,0.0008077781330401797,,111510915.0,dotnet/dotnet-api-docs,C#
snippets/csharp/VS_Snippets_ADO.NET/Classic WebData IDbCommand.Parameters Example/CS/source.cs,0,class,ok,Form1,Form1,13d97c7e536ce822c000883dba873a79d5d6e841,2022-01-25T15:59:58-08:00,13d97c7e536ce822c000883dba873a79d5d6e841,2022-01-25T15:59:58-08:00,1,1664,0.041666666666666664,,,False,False,1,0,1237.96,0.0,0.0008077781330401797,,111510915.0,dotnet/dotnet-api-docs,C#
snippets/csharp/VS_Snippets_ADO.NET/Classic WebData IDbCommand.Parameters Example/CS/source.cs,0,callable,ok,Form1.CreateSqlCommand,Form1.CreateSqlCommand,13d97c7e536ce822c000883dba873a79d5d6e841,2022-01-25T15:59:58-08:00,13d97c7e536ce822c000883dba873a79d5d6e841,2022-01-25T15:59:58-08:00,1,1664,0.0625,,,False,False,1,0,1237.96,0.0,0.0008077781330401797,,111510915.0,dotnet/dotnet-api-docs,C#
snippets/csharp/VS_Snippets_ADO.NET/Classic WebData OdbcDataAdapter.OdbcDataAdapter2/CS/source.cs,0,class,ok,Program,Program,13d97c7e536ce822c000883dba873a79d5d6e841,2022-01-25T15:59:58-08:00,13d97c7e536ce822c000883dba873a79d5d6e841,2022-01-25T15:59:58-08:00,1,1664,0.018867924528301886,,,False,False,1,0,1237.96,0.0,0.0008077781330401797,,111510915.0,dotnet/dotnet-api-docs,C#
snippets/csharp/VS_Snippets_ADO.NET/Classic WebData OdbcDataAdapter.OdbcDataAdapter2/CS/source.cs,0,callable,ok,Program.Main,Program.Main,13d97c7e536ce822c000883dba873a79d5d6e841,2022-01-25T15:59:58-08:00,13d97c7e536ce822c000883dba873a79d5d6e841,2022-01-25T15:59:58-08:00,1,1664,0.2,,,False,False,1,0,1237.96,0.0,0.0008077781330401797,,111510915.0,dotnet/dotnet-api-docs,C#
snippets/csharp/VS_Snippets_ADO.NET/Classic WebData OdbcDataAdapter.OdbcDataAdapter2/CS/source.cs,1,callable,ok,Program.CreateDataAdapter,Program.CreateDataAdapter,13d97c7e536ce822c000883dba873a79d5d6e841,2022-01-25T15:59:58-08:00,13d97c7e536ce822c000883dba873a79d5d6e841,2022-01-25T15:59:58-08:00,1,1664,0.023809523809523808,,,False,False,1,0,1237.96,0.0,0.0008077781330401797,,111510915.0,dotnet/dotnet-api-docs,C#
snippets/csharp/VS_Snippets_ADO.NET/Classic WebData SqlCommand.ExecuteScalar/CS/mysample.cs,0,class,ok,Sample,Sample,13d97c7e536ce822c000883dba873a79d5d6e841,2022-01-25T15:59:58-08:00,13d97c7e536ce822c000883dba873a79d5d6e841,2022-01-25T15:59:58-08:00,1,1664,0.06666666666666667,,,False,False,1,0,1237.96,0.0,0.0008077781330401797,,111510915.0,dotnet/dotnet-api-docs,C#
snippets/csharp/VS_Snippets_ADO.NET/Classic WebData SqlCommand.ExecuteScalar/CS/mysample.cs,0,callable,ok,Sample.CreateSqlCommand,Sample.CreateSqlCommand,13d97c7e536ce822c000883dba873a79d5d6e841,2022-01-25T15:59:58-08:00,13d97c7e536ce822c000883dba873a79d5d6e841,2022-01-25T15:59:58-08:00,1,1664,0.1111111111111111,,,False,False,1,0,1237.96,0.0,0.0008077781330401797,,111510915.0,dotnet/dotnet-api-docs,C#
snippets/csharp/VS_Snippets_ADO.NET/Classic WebData SqlParameter.Precision Example/CS/source.cs,0,class,ok,Program,Program,13d97c7e536ce822c000883dba873a79d5d6e841,2022-01-25T15:59:58-08:00,13d97c7e536ce822c000883dba873a79d5d6e841,2022-01-25T15:59:58-08:00,1,1664,0.058823529411764705,,,False,False,1,0,1237.96,0.0,0.0008077781330401797,,111510915.0,dotnet/dotnet-api-docs,C#
snippets/csharp/VS_Snippets_ADO.NET/Classic WebData SqlParameter.Precision Example/CS/source.cs,0,callable,ok,Program.Main,Program.Main,13d97c7e536ce822c000883dba873a79d5d6e841,2022-01-25T15:59:58-08:00,13d97c7e536ce822c000883dba873a79d5d6e841,2022-01-25T15:59:58-08:00,1,1664,0.3333333333333333,,,False,False,1,0,1237.96,0.0,0.0008077781330401797,,111510915.0,dotnet/dotnet-api-docs,C#
snippets/csharp/VS_Snippets_ADO.NET/Classic WebData SqlParameter.Precision Example/CS/source.cs,1,callable,ok,Program.AddSqlParameter,Program.AddSqlParameter,13d97c7e536ce822c000883dba873a79d5d6e841,2022-01-25T15:59:58-08:00,13d97c7e536ce822c000883dba873a79d5d6e841,2022-01-25T15:59:58-08:00,1,1664,0.1111111111111111,,,False,False,1,0,1237.96,0.0,0.0008077781330401797,,111510915.0,dotnet/dotnet-api-docs,C#
snippets/csharp/VS_Snippets_ADO.NET/Classic WebData UniqueConstraint.UniqueConstraint2 Example/CS/source.cs,0,class,ok,UniqueConstraintUniqueConstraint2CS.Program,UniqueConstraintUniqueConstraint2CS.Program,13d97c7e536ce822c000883dba873a79d5d6e841,2022-01-25T15:59:58-08:00,13d97c7e536ce822c000883dba873a79d5d6e841,2022-01-25T15:59:58-08:00,1,1664,0.015151515151515152,,,False,False,1,0,1237.96,0.0,0.0008077781330401797,,111510915.0,dotnet/dotnet-api-docs,C#
snippets/csharp/VS_Snippets_ADO.NET/Classic WebData UniqueConstraint.UniqueConstraint2 Example/CS/source.cs,0,callable,ok,UniqueConstraintUniqueConstraint2CS.Program.Main,UniqueConstraintUniqueConstraint2CS.Program.Main,13d97c7e536ce822c000883dba873a79d5d6e841,2022-01-25T15:59:58-08:00,13d97c7e536ce822c000883dba873a79d5d6e841,2022-01-25T15:59:58-08:00,1,1664,0.2,,,False,False,1,0,1237.96,0.0,0.0008077781330401797,,111510915.0,dotnet/dotnet-api-docs,C#
snippets/csharp/VS_Snippets_ADO.NET/Classic WebData UniqueConstraint.UniqueConstraint2 Example/CS/source.cs,1,callable,ok,UniqueConstraintUniqueConstraint2CS.Program.MakeTableWithUniqueConstraint,UniqueConstraintUniqueConstraint2CS.Program.MakeTableWithUniqueConstraint,13d97c7e536ce822c000883dba873a79d5d6e841,2022-01-25T15:59:58-08:00,13d97c7e536ce822c000883dba873a79d5d6e841,2022-01-25T15:59:58-08:00,1,1664,0.023809523809523808,,,False,False,1,0,1237.96,0.0,0.0008077781330401797,,111510915.0,dotnet/dotnet-api-docs,C#
snippets/csharp/VS_Snippets_ADO.NET/Classic WebData UniqueConstraint.UniqueConstraint2 Example/CS/source.cs,2,callable,ok,UniqueConstraintUniqueConstraint2CS.Program.AddUniqueConstraint,UniqueConstraintUniqueConstraint2CS.Program.AddUniqueConstraint,13d97c7e536ce822c000883dba873a79d5d6e841,2022-01-25T15:59:58-08:00,13d97c7e536ce822c000883dba873a79d5d6e841,2022-01-25T15:59:58-08:00,1,1664,0.07692307692307693,,,False,False,1,0,1237.96,0.0,0.0008077781330401797,,111510915.0,dotnet/dotnet-api-docs,C#
snippets/csharp/VS_Snippets_ADO.NET/DataWorks DataTableReader.GetInt32/CS/source.cs,0,class,ok,DataTableReaderPrintCol,DataTableReaderPrintCol,13d97c7e536ce822c000883dba873a79d5d6e841,2022-01-25T15:59:58-08:00,13d97c7e536ce822c000883dba873a79d5d6e841,2022-01-25T15:59:58-08:00,1,1664,0.03125,,,False,False,1,0,1237.96,0.0,0.0008077781330401797,,111510915.0,dotnet/dotnet-api-docs,C#
snippets/csharp/VS_Snippets_ADO.NET/DataWorks DataTableReader.GetInt32/CS/source.cs,0,callable,ok,DataTableReaderPrintCol.Main,DataTableReaderPrintCol.Main,13d97c7e536ce822c000883dba873a79d5d6e841,2022-01-25T15:59:58-08:00,13d97c7e536ce822c000883dba873a79d5d6e841,2022-01-25T15:59:58-08:00,1,1664,0.25,,,False,False,1,0,1237.96,0.0,0.0008077781330401797,,111510915.0,dotnet/dotnet-api-docs,C#
snippets/csharp/VS_Snippets_ADO.NET/DataWorks DataTableReader.GetInt32/CS/source.cs,1,callable,ok,DataTableReaderPrintCol.PrintColumn,DataTableReaderPrintCol.PrintColumn,13d97c7e536ce822c000883dba873a79d5d6e841,2022-01-25T15:59:58-08:00,13d97c7e536ce822c000883dba873a79d5d6e841,2022-01-25T15:59:58-08:00,1,1664,0.043478260869565216,,,False,False,1,0,1237.96,0.0,0.0008077781330401797,,111510915.0,dotnet/dotnet-api-docs,C#
snippets/csharp/VS_Snippets_ADO.NET/DataWorks OdbcConnectionStringBuilder.ContainsKey/CS/source.cs,0,class,ok,Program,Program,13d97c7e536ce822c000883dba873a79d5d6e841,2022-01-25T15:59:58-08:00,13d97c7e536ce822c000883dba873a79d5d6e841,2022-01-25T15:59:58-08:00,1,1664,0.04,,,False,False,1,0,1237.96,0.0,0.0008077781330401797,,111510915.0,dotnet/dotnet-api-docs,C#
snippets/csharp/VS_Snippets_ADO.NET/DataWorks OdbcConnectionStringBuilder.ContainsKey/CS/source.cs,0,callable,ok,Program.Main,Program.Main,13d97c7e536ce822c000883dba873a79d5d6e841,2022-01-25T15:59:58-08:00,13d97c7e536ce822c000883dba873a79d5d6e841,2022-01-25T15:59:58-08:00,1,1664,0.045454545454545456,,,False,False,1,0,1237.96,0.0,0.0008077781330401797,,111510915.0,dotnet/dotnet-api-docs,C#
snippets/csharp/VS_Snippets_CFX/s_pox/cs/service.cs,0,class,ok,CustomHttpHeaderSample.Program,CustomHttpHeaderSample.Program,13d97c7e536ce822c000883dba873a79d5d6e841,2022-01-25T15:59:58-08:00,13d97c7e536ce822c000883dba873a79d5d6e841,2022-01-25T15:59:58-08:00,1,1664,0.007142857142857143,,,False,False,1,0,1237.96,0.0,0.0008077781330401797,,111510915.0,dotnet/dotnet-api-docs,C#
snippets/csharp/VS_Snippets_CFX/s_pox/cs/service.cs,0,callable,ok,CustomHttpHeaderSample.Program.Main,CustomHttpHeaderSample.Program.Main,13d97c7e536ce822c000883dba873a79d5d6e841,2022-01-25T15:59:58-08:00,13d97c7e536ce822c000883dba873a79d5d6e841,2022-01-25T15:59:58-08:00,1,1664,0.07142857142857142,,,False,False,1,0,1237.96,0.0,0.0008077781330401797,,111510915.0,dotnet/dotnet-api-docs,C#
snippets/csharp/VS_Snippets_CFX/s_pox/cs/service.cs,1,callable,ok,CustomHttpHeaderSample.Program.StartService,CustomHttpHeaderSample.Program.StartService,13d97c7e536ce822c000883dba873a79d5d6e841,2022-01-25T15:59:58-08:00,13d97c7e536ce822c000883dba873a79d5d6e841,2022-01-25T15:59:58-08:00,1,1664,0.0625,,,False,False,1,0,1237.96,0.0,0.0008077781330401797,,111510915.0,dotnet/dotnet-api-docs,C#
snippets/csharp/VS_Snippets_CFX/s_pox/cs/service.cs,2,callable,ok,CustomHttpHeaderSample.Program.StartUntypedClient,CustomHttpHeaderSample.Program.StartUntypedClient,13d97c7e536ce822c000883dba873a79d5d6e841,2022-01-25T15:59:58-08:00,13d97c7e536ce822c000883dba873a79d5d6e841,2022-01-25T15:59:58-08:00,1,1664,0.058823529411764705,,,False,False,1,0,1237.96,0.0,0.0008077781330401797,,111510915.0,dotnet/dotnet-api-docs,C#
snippets/csharp/VS_Snippets_CFX/s_pox/cs/service.cs,3,callable,ok,CustomHttpHeaderSample.Program.BuildMessage,CustomHttpHeaderSample.Program.BuildMessage,13d97c7e536ce822c000883dba873a79d5d6e841,2022-01-25T15:59:58-08:00,13d97c7e536ce822c000883dba873a79d5d6e841,2022-01-25T15:59:58-08:00,1,1664,0.045454545454545456,,,False,False,1,0,1237.96,0.0,0.0008077781330401797,,111510915.0,dotnet/dotnet-api-docs,C#
snippets/csharp/VS_Snippets_CFX/s_pox/cs/service.cs,4,callable,ok,CustomHttpHeaderSample.Program.StartTypedClient,CustomHttpHeaderSample.Program.StartTypedClient,13d97c7e536ce822c000883dba873a79d5d6e841,2022-01-25T15:59:58-08:00,13d97c7e536ce822c000883dba873a79d5d6e841,2022-01-25T15:59:58-08:00,1,1664,0.041666666666666664,,,False,False,1,0,1237.96,0.0,0.0008077781330401797,,111510915.0,dotnet/dotnet-api-docs,C#
snippets/csharp/VS_Snippets_CFX/s_pox/cs/service.cs,5,callable,ok,CustomHttpHeaderSample.Program.ProcessMessage,CustomHttpHeaderSample.Program.ProcessMessage,13d97c7e536ce822c000883dba873a79d5d6e841,2022-01-25T15:59:58-08:00,13d97c7e536ce822c000883dba873a79d5d6e841,2022-01-25T15:59:58-08:00,1,1664,0.0625,,,False,False,1,0,1237.96,0.0,0.0008077781330401797,,111510915.0,dotnet/dotnet-api-docs,C#
snippets/csharp/VS_Snippets_CFX/s_pox/cs/service.cs,6,callable,ok,CustomHttpHeaderSample.Program.ProcessTypedInput,CustomHttpHeaderSample.Program.ProcessTypedInput,13d97c7e536ce822c000883dba873a79d5d6e841,2022-01-25T15:59:58-08:00,13d97c7e536ce822c000883dba873a79d5d6e841,2022-01-25T15:59:58-08:00,1,1664,0.058823529411764705,,,False,False,1,0,1237.96,0.0,0.0008077781330401797,,111510915.0,dotnet/dotnet-api-docs,C#
snippets/csharp/VS_Snippets_CFX/s_serviceinstancecontext/cs/service.cs,0,class,ok,Microsoft.ServiceModel.Samples.CalculatorService,Microsoft.ServiceModel.Samples.CalculatorService,13d97c7e536ce822c000883dba873a79d5d6e841,2022-01-25T15:59:58-08:00,13d97c7e536ce822c000883dba873a79d5d6e841,2022-01-25T15:59:58-08:00,1,1664,0.012345679012345678,,,False,False,1,0,1237.96,0.0,0.0008077781330401797,,111510915.0,dotnet/dotnet-api-docs,C#
snippets/csharp/VS_Snippets_CFX/s_serviceinstancecontext/cs/service.cs,0,callable,ok,Microsoft.ServiceModel.Samples.CalculatorService.Add,Microsoft.ServiceModel.Samples.CalculatorService.Add,13d97c7e536ce822c000883dba873a79d5d6e841,2022-01-25T15:59:58-08:00,13d97c7e536ce822c000883dba873a79d5d6e841,2022-01-25T15:59:58-08:00,1,1664,0.25,,,False,False,1,0,1237.96,0.0,0.0008077781330401797,,111510915.0,dotnet/dotnet-api-docs,C#
snippets/csharp/VS_Snippets_CFX/s_serviceinstancecontext/cs/service.cs,1,callable,ok,Microsoft.ServiceModel.Samples.CalculatorService.Subtract,Microsoft.ServiceModel.Samples.CalculatorService.Subtract,13d97c7e536ce822c000883dba873a79d5d6e841,2022-01-25T15:59:58-08:00,13d97c7e536ce822c000883dba873a79d5d6e841,2022-01-25T15:59:58-08:00,1,1664,0.25,,,False,False,1,0,1237.96,0.0,0.0008077781330401797,,111510915.0,dotnet/dotnet-api-docs,C#
snippets/csharp/VS_Snippets_CFX/s_serviceinstancecontext/cs/service.cs,2,callable,ok,Microsoft.ServiceModel.Samples.CalculatorService.Multiply,Microsoft.ServiceModel.Samples.CalculatorService.Multiply,13d97c7e536ce822c000883dba873a79d5d6e841,2022-01-25T15:59:58-08:00,13d97c7e536ce822c000883dba873a79d5d6e841,2022-01-25T15:59:58-08:00,1,1664,0.25,,,False,False,1,0,1237.96,0.0,0.0008077781330401797,,111510915.0,dotnet/dotnet-api-docs,C#
snippets/csharp/VS_Snippets_CFX/s_serviceinstancecontext/cs/service.cs,3,callable,ok,Microsoft.ServiceModel.Samples.CalculatorService.Divide,Microsoft.ServiceModel.Samples.CalculatorService.Divide,13d97c7e536ce822c000883dba873a79d5d6e841,2022-01-25T15:59:58-08:00,13d97c7e536ce822c000883dba873a79d5d6e841,2022-01-25T15:59:58-08:00,1,1664,0.25,,,False,False,1,0,1237.96,0.0,0.0008077781330401797,,111510915.0,dotnet/dotnet-api-docs,C#
snippets/csharp/VS_Snippets_CFX/s_serviceinstancecontext/cs/service.cs,4,callable,ok,Microsoft.ServiceModel.Samples.CalculatorService.GetInstanceContextInfo,Microsoft.ServiceModel.Samples.CalculatorService.GetInstanceContextInfo,13d97c7e536ce822c000883dba873a79d5d6e841,2022-01-25T15:59:58-08:00,13d97c7e536ce822c000883dba873a79d5d6e841,2022-01-25T15:59:58-08:00,1,1664,0.06666666666666667,,,False,False,1,0,1237.96,0.0,0.0008077781330401797,,111510915.0,dotnet/dotnet-api-docs,C#
snippets/csharp/VS_Snippets_CFX/s_serviceinstancecontext/cs/service.cs,5,callable,ok,Microsoft.ServiceModel.Samples.CalculatorService.GetIncomingChannels,Microsoft.ServiceModel.Samples.CalculatorService.GetIncomingChannels,13d97c7e536ce822c000883dba873a79d5d6e841,2022-01-25T15:59:58-08:00,13d97c7e536ce822c000883dba873a79d5d6e841,2022-01-25T15:59:58-08:00,1,1664,0.125,,,False,False,1,0,1237.96,0.0,0.0008077781330401797,,111510915.0,dotnet/dotnet-api-docs,C#
snippets/csharp/VS_Snippets_CFX/s_serviceinstancecontext/cs/service.cs,6,callable,ok,Microsoft.ServiceModel.Samples.CalculatorService.GetOutgoingChannels,Microsoft.ServiceModel.Samples.CalculatorService.GetOutgoingChannels,13d97c7e536ce822c000883dba873a79d5d6e841,2022-01-25T15:59:58-08:00,13d97c7e536ce822c000883dba873a79d5d6e841,2022-01-25T15:59:58-08:00,1,1664,0.125,,,False,False,1,0,1237.96,0.0,0.0008077781330401797,,111510915.0,dotnet/dotnet-api-docs,C#
snippets/csharp/VS_Snippets_CFX/s_serviceinstancecontext/cs/service.cs,7,callable,ok,Microsoft.ServiceModel.Samples.CalculatorService.Main,Microsoft.ServiceModel.Samples.CalculatorService.Main,13d97c7e536ce822c000883dba873a79d5d6e841,2022-01-25T15:59:58-08:00,13d97c7e536ce822c000883dba873a79d5d6e841,2022-01-25T15:59:58-08:00,1,1664,0.045454545454545456,,,False,False,1,0,1237.96,0.0,0.0008077781330401797,,111510915.0,dotnet/dotnet-api-docs,C#
snippets/csharp/VS_Snippets_CFX/xmlserializerformatattribute/cs/xmlserializerformat_example.cs,0,class,ok,XmlSerializerFormatAttributeExample.Test,XmlSerializerFormatAttributeExample.Test,13d97c7e536ce822c000883dba873a79d5d6e841,2022-01-25T15:59:58-08:00,13d97c7e536ce822c000883dba873a79d5d6e841,2022-01-25T15:59:58-08:00,1,1664,0.2,,,False,False,1,0,1237.96,0.0,0.0008077781330401797,,111510915.0,dotnet/dotnet-api-docs,C#
snippets/csharp/VS_Snippets_CFX/xmlserializerformatattribute/cs/xmlserializerformat_example.cs,0,callable,ok,XmlSerializerFormatAttributeExample.Test.Test,XmlSerializerFormatAttributeExample.Test.Test,13d97c7e536ce822c000883dba873a79d5d6e841,2022-01-25T15:59:58-08:00,13d97c7e536ce822c000883dba873a79d5d6e841,2022-01-25T15:59:58-08:00,1,1664,1.0,,,False,False,1,0,1237.96,0.0,0.0008077781330401797,,111510915.0,dotnet/dotnet-api-docs,C#
snippets/csharp/VS_Snippets_CFX/xmlserializerformatattribute/cs/xmlserializerformat_example.cs,1,callable,ok,XmlSerializerFormatAttributeExample.Test.Main,XmlSerializerFormatAttributeExample.Test.Main,13d97c7e536ce822c000883dba873a79d5d6e841,2022-01-25T15:59:58-08:00,13d97c7e536ce822c000883dba873a79d5d6e841,2022-01-25T15:59:58-08:00,1,1664,1.0,,,False,False,1,0,1237.96,0.0,0.0008077781330401797,,111510915.0,dotnet/dotnet-api-docs,C#
snippets/csharp/VS_Snippets_WebNet/System.Configuration.CommaDelimitedStringCollection/CS/CommaDelimitedStringCollection.cs,0,class,ok,Samples.AspNet.Config.CommaDelimitedStrCollection,Samples.AspNet.Config.CommaDelimitedStrCollection,13d97c7e536ce822c000883dba873a79d5d6e841,2022-01-25T15:59:58-08:00,13d97c7e536ce822c000883dba873a79d5d6e841,2022-01-25T15:59:58-08:00,1,1664,0.00980392156862745,,,False,False,1,0,1237.96,0.0,0.0008077781330401797,,111510915.0,dotnet/dotnet-api-docs,C#
snippets/csharp/VS_Snippets_WebNet/System.Configuration.CommaDelimitedStringCollection/CS/CommaDelimitedStringCollection.cs,0,callable,ok,Samples.AspNet.Config.CommaDelimitedStrCollection.Main,Samples.AspNet.Config.CommaDelimitedStrCollection.Main,13d97c7e536ce822c000883dba873a79d5d6e841,2022-01-25T15:59:58-08:00,13d97c7e536ce822c000883dba873a79d5d6e841,2022-01-25T15:59:58-08:00,1,1664,0.010101010101010102,,,False,False,1,0,1237.96,0.0,0.0008077781330401797,,111510915.0,dotnet/dotnet-api-docs,C#
snippets/csharp/VS_Snippets_WindowsServer/wminet_ManagementClass_GetInstances/cs/ManagementClass_GetInstances.cs,0,class,ok,Sample,Sample,13d97c7e536ce822c000883dba873a79d5d6e841,2022-01-25T15:59:58-08:00,13d97c7e536ce822c000883dba873a79d5d6e841,2022-01-25T15:59:58-08:00,1,1664,0.1,,,False,False,1,0,1237.96,0.0,0.0008077781330401797,,111510915.0,dotnet/dotnet-api-docs,C#
snippets/csharp/VS_Snippets_WindowsServer/wminet_ManagementClass_GetInstances/cs/ManagementClass_GetInstances.cs,0,callable,ok,Sample.Main,Sample.Main,13d97c7e536ce822c000883dba873a79d5d6e841,2022-01-25T15:59:58-08:00,13d97c7e536ce822c000883dba873a79d5d6e841,2022-01-25T15:59:58-08:00,1,1664,0.14285714285714285,,,False,False,1,0,1237.96,0.0,0.0008077781330401797,,111510915.0,dotnet/dotnet-api-docs,C#
snippets/csharp/VS_Snippets_WindowsServer/wminet_ManagementEventWatcher_Stop/cs/ManagementEventWatcher_Stop.cs,0,class,ok,EventWatcherPolling,EventWatcherPolling,13d97c7e536ce822c000883dba873a79d5d6e841,2022-01-25T15:59:58-08:00,13d97c7e536ce822c000883dba873a79d5d6e841,2022-01-25T15:59:58-08:00,1,1664,0.02564102564102564,,,False,False,1,0,1237.96,0.0,0.0008077781330401797,,111510915.0,dotnet/dotnet-api-docs,C#
snippets/csharp/VS_Snippets_WindowsServer/wminet_ManagementEventWatcher_Stop/cs/ManagementEventWatcher_Stop.cs,0,callable,ok,EventWatcherPolling.Main,EventWatcherPolling.Main,13d97c7e536ce822c000883dba873a79d5d6e841,2022-01-25T15:59:58-08:00,13d97c7e536ce822c000883dba873a79d5d6e841,2022-01-25T15:59:58-08:00,1,1664,0.027777777777777776,,,False,False,1,0,1237.96,0.0,0.0008077781330401797,,111510915.0,dotnet/dotnet-api-docs,C#
snippets/csharp/VS_Snippets_WindowsServer/wminet_ManagementObjectSearcher-S_S/cs/ManagementObjectSearcher-S_S.cs,0,class,ok,Sample,Sample,13d97c7e536ce822c000883dba873a79d5d6e841,2022-01-25T15:59:58-08:00,13d97c7e536ce822c000883dba873a79d5d6e841,2022-01-25T15:59:58-08:00,1,1664,0.058823529411764705,,,False,False,1,0,1237.96,0.0,0.0008077781330401797,,111510915.0,dotnet/dotnet-api-docs,C#
snippets/csharp/VS_Snippets_WindowsServer/wminet_ManagementObjectSearcher-S_S/cs/ManagementObjectSearcher-S_S.cs,0,callable,ok,Sample.Main,Sample.Main,13d97c7e536ce822c000883dba873a79d5d6e841,2022-01-25T15:59:58-08:00,13d97c7e536ce822c000883dba873a79d5d6e841,2022-01-25T15:59:58-08:00,1,1664,0.07142857142857142,,,False,False,1,0,1237.96,0.0,0.0008077781330401797,,111510915.0,dotnet/dotnet-api-docs,C#
snippets/csharp/VS_Snippets_WindowsServer/wminet_QualifierDataEnumerator/cs/QualifierDataEnumerator.cs,0,class,ok,Sample_QualifierDataEnumerator,Sample_QualifierDataEnumerator,13d97c7e536ce822c000883dba873a79d5d6e841,2022-01-25T15:59:58-08:00,13d97c7e536ce822c000883dba873a79d5d6e841,2022-01-25T15:59:58-08:00,1,1664,0.047619047619047616,,,False,False,1,0,1237.96,0.0,0.0008077781330401797,,111510915.0,dotnet/dotnet-api-docs,C#
snippets/csharp/VS_Snippets_WindowsServer/wminet_QualifierDataEnumerator/cs/QualifierDataEnumerator.cs,0,callable,ok,Sample_QualifierDataEnumerator.Main,Sample_QualifierDataEnumerator.Main,13d97c7e536ce822c000883dba873a79d5d6e841,2022-01-25T15:59:58-08:00,13d97c7e536ce822c000883dba873a79d5d6e841,2022-01-25T15:59:58-08:00,1,1664,0.05555555555555555,,,False,False,1,0,1237.96,0.0,0.0008077781330401797,,111510915.0,dotnet/dotnet-api-docs,C#
snippets/csharp/VS_Snippets_WindowsServer/wminet_WqlEventQuery-S_T_S_T_S_S/cs/WqlEventQuery-S_T_S_T_S_S.cs,0,class,ok,EventSample,EventSample,13d97c7e536ce822c000883dba873a79d5d6e841,2022-01-25T15:59:58-08:00,13d97c7e536ce822c000883dba873a79d5d6e841,2022-01-25T15:59:58-08:00,1,1664,0.05,,,False,False,1,0,1237.96,0.0,0.0008077781330401797,,111510915.0,dotnet/dotnet-api-docs,C#
snippets/csharp/VS_Snippets_WindowsServer/wminet_WqlEventQuery-S_T_S_T_S_S/cs/WqlEventQuery-S_T_S_T_S_S.cs,0,callable,ok,EventSample.Main,EventSample.Main,13d97c7e536ce822c000883dba873a79d5d6e841,2022-01-25T15:59:58-08:00,13d97c7e536ce822c000883dba873a79d5d6e841,2022-01-25T15:59:58-08:00,1,1664,0.058823529411764705,,,False,False,1,0,1237.96,0.0,0.0008077781330401797,,111510915.0,dotnet/dotnet-api-docs,C#
snippets/xaml/VS_Snippets_Wpf/BrushesIntroduction_snip/XAML/SampleViewer.xaml.cs,0,class,ok,BrushesIntroduction.SampleViewer,BrushesIntroduction.SampleViewer,13d97c7e536ce822c000883dba873a79d5d6e841,2022-01-25T15:59:58-08:00,13d97c7e536ce822c000883dba873a79d5d6e841,2022-01-25T15:59:58-08:00,1,1664,0.14285714285714285,,,False,False,1,0,1237.96,0.0,0.0008077781330401797,,111510915.0,dotnet/dotnet-api-docs,C#
snippets/xaml/VS_Snippets_Wpf/BrushesIntroduction_snip/XAML/SampleViewer.xaml.cs,0,callable,ok,BrushesIntroduction.SampleViewer.SampleViewer,BrushesIntroduction.SampleViewer.SampleViewer,13d97c7e536ce822c000883dba873a79d5d6e841,2022-01-25T15:59:58-08:00,13d97c7e536ce822c000883dba873a79d5d6e841,2022-01-25T15:59:58-08:00,1,1664,0.25,,,False,False,1,0,1237.96,0.0,0.0008077781330401797,,111510915.0,dotnet/dotnet-api-docs,C#
