relpath,lineage_id,kind,status,first_qualified_name,last_qualified_name,first_commit,first_date,last_commit,last_date,modification_count,age_days,relative_churn,change_entropy,review_count,ended,had_rename_or_move,pre_touch_count,post_touch_count,pre_window_days,post_window_days,pre_churn_rate,post_churn_rate,repo_id,full_name,language
alfred/apps.py,0,callable,ok,alfred.apps.apps_update,alfred.apps.apps_update,0065949ae9e385152a47c307301a5ded42a9629d,2024-08-19T07:59:05+02:00,67c03d7e279b96a79509e789f0606d2b48ab33e7,2025-05-05T10:28:34+02:00,6,704,0.14285714285714285,0.9915543523988577,,False,False,6,0,271.81,0.0,0.022074407530609186,,460609164.0,writer/writer-framework,Python
alfred/build.py,0,callable,ok,alfred.build.build,alfred.build.build,1c7e542df3862c061c780c96d84211a15ae24512,2024-02-10T19:01:12+01:00,1c7e542df3862c061c780c96d84211a15ae24512,2024-02-10T19:01:12+01:00,1,894,0.125,,,False,False,1,0,462.31,0.0,0.0021630671210242564,,460609164.0,writer/writer-framework,Python
alfred/build.py,1,callable,ok,alfred.build.build_app_provisionning,alfred.build.build_app_provisionning,1c7e542df3862c061c780c96d84211a15ae24512,2024-02-10T19:01:12+01:00,16d740e2014d384d299b1f77319345348f03c5bd,2024-05-20T08:59:40Z,3,894,0.6,0.18456595635925788,,False,False,3,0,462.31,0.0,0.006489201363072769,,460609164.0,writer/writer-framework,Python
alfred/build.py,2,callable,ok,alfred.build.build_poetry,alfred.build.build_poetry,1c7e542df3862c061c780c96d84211a15ae24512,2024-02-10T19:01:12+01:00,1c7e542df3862c061c780c96d84211a15ae24512,2024-02-10T19:01:12+01:00,1,894,0.14285714285714285,,,False,False,1,0,462.31,0.0,0.0021630671210242564,,460609164.0,writer/writer-framework,Python
alfred/ci.py,3,callable,ok,alfred.ci.ci_codegen_ui_binding,alfred.ci.ci_codegen_ui_binding,ee06726f91517aa977cfb7b1c9f30044df55f0e5,2024-03-18T17:39:03+01:00,ee06726f91517aa977cfb7b1c9f30044df55f0e5,2024-03-18T17:39:03+01:00,1,0,0.125,,,True,False,1,0,425.36,0.0,0.002350930145239866,,460609164.0,writer/writer-framework,Python
alfred/ci.py,4,callable,ok,alfred.ci._preserve_files,alfred.ci._preserve_files,ee06726f91517aa977cfb7b1c9f30044df55f0e5,2024-03-18T17:39:03+01:00,ee06726f91517aa977cfb7b1c9f30044df55f0e5,2024-03-18T17:39:03+01:00,1,0,0.05555555555555555,,,True,False,1,0,425.36,0.0,0.002350930145239866,,460609164.0,writer/writer-framework,Python
alfred/ci.py,0,callable,ok,alfred.ci.ci,alfred.ci.ci,1c7e542df3862c061c780c96d84211a15ae24512,2024-02-10T19:01:12+01:00,acffe4bf985bf1abffbac53dccb35ff732ef95fd,2025-04-04T14:43:27+02:00,15,894,1.25,1.099976562046124,,False,False,15,0,462.31,0.0,0.032446006815363845,,460609164.0,writer/writer-framework,Python
alfred/ci.py,1,callable,ok,alfred.ci.ci_mypy,alfred.ci.ci_mypy,1c7e542df3862c061c780c96d84211a15ae24512,2024-02-10T19:01:12+01:00,1e206f5940edeb44823585336df0ab80153b7758,2024-05-17T13:54:16Z,2,894,1.0,,,False,False,2,0,462.31,0.0,0.004326134242048513,,460609164.0,writer/writer-framework,Python
alfred/ci.py,2,callable,ok,alfred.ci.ci_test,alfred.ci.ci_test,1c7e542df3862c061c780c96d84211a15ae24512,2024-02-10T19:01:12+01:00,1c7e542df3862c061c780c96d84211a15ae24512,2024-02-10T19:01:12+01:00,1,894,0.3333333333333333,,,False,False,1,0,462.31,0.0,0.0021630671210242564,,460609164.0,writer/writer-framework,Python
alfred/ci.py,5,callable,ok,alfred.ci.ci_ruff,alfred.ci.ci_ruff,d02417fc08df38b641307674cff7e7a90b7f7556,2024-04-02T11:16:51+02:00,b9b6896fc25a70b65cead4c59fe3baa1ab0854c9,2025-03-02T14:56:44Z,4,843,0.8,1.162392581440845,,False,False,4,0,410.67,0.0,0.009740165582251232,,460609164.0,writer/writer-framework,Python
alfred/ci.py,6,callable,ok,alfred.ci.ci_test_blocks,alfred.ci.ci_test_blocks,b9b6896fc25a70b65cead4c59fe3baa1ab0854c9,2025-03-02T14:56:44Z,b9b6896fc25a70b65cead4c59fe3baa1ab0854c9,2025-03-02T14:56:44Z,1,509,0.3333333333333333,,,False,False,1,0,76.43,0.0,0.013083079066316372,,460609164.0,writer/writer-framework,Python
alfred/github.py,0,callable,ok,alfred.github.notify_doc_changes,alfred.github.notify_doc_changes,1842abc716488690ab299854ada49acaa4aae2c4,2024-09-24T16:49:41+02:00,9f4af7b7f5c5bc247bc8174a900d6c98456ef529,2024-10-01T06:55:48+02:00,2,668,0.02702702702702703,,,False,False,2,0,235.44,0.0,0.008494751222017649,,460609164.0,writer/writer-framework,Python
alfred/github.py,1,callable,ok,alfred.github._build_slack_message_documentation,alfred.github._build_slack_message_documentation,1842abc716488690ab299854ada49acaa4aae2c4,2024-09-24T16:49:41+02:00,1842abc716488690ab299854ada49acaa4aae2c4,2024-09-24T16:49:41+02:00,1,668,0.02,,,False,False,1,0,235.44,0.0,0.0042473756110088245,,460609164.0,writer/writer-framework,Python
alfred/install.py,0,callable,ok,alfred.install.install_dev,alfred.install.install_dev,4b1a76b33a4787d27c2f3e3aa273ecc6eabf0bb9,2024-04-15T08:33:12+02:00,c69a5cf8436758e4a8ecc7f7798a68e06ee87045,2025-01-03T22:31:47+01:00,2,830,0.5,,,False,False,2,0,397.78,0.0,0.005027850743362494,,460609164.0,writer/writer-framework,Python
alfred/install.py,1,callable,ok,alfred.install.install_ci,alfred.install.install_ci,4b1a76b33a4787d27c2f3e3aa273ecc6eabf0bb9,2024-04-15T08:33:12+02:00,c69a5cf8436758e4a8ecc7f7798a68e06ee87045,2025-01-03T22:31:47+01:00,2,830,0.6666666666666666,,,False,False,2,0,397.78,0.0,0.005027850743362494,,460609164.0,writer/writer-framework,Python
alfred/npm.py,4,callable,ok,alfred.npm.npm_e2e,alfred.npm.npm_e2e,0aa5798251e8d33b31366510c2aba645127da5d9,2024-03-12T13:39:50+01:00,0aa5798251e8d33b31366510c2aba645127da5d9,2024-03-12T13:39:50+01:00,1,0,0.3333333333333333,,,True,False,1,0,431.53,0.0,0.0023173377308392915,,460609164.0,writer/writer-framework,Python
alfred/npm.py,1,callable,ok,alfred.npm.ui_build_custom,alfred.npm.ui_build_custom,1c7e542df3862c061c780c96d84211a15ae24512,2024-02-10T19:01:12+01:00,ee06726f91517aa977cfb7b1c9f30044df55f0e5,2024-03-18T17:39:03+01:00,5,36,2.5,1.3719178872710032,,True,False,5,0,462.31,0.0,0.010815335605121282,,460609164.0,writer/writer-framework,Python
alfred/npm.py,3,callable,ok,alfred.npm.npm_test,alfred.npm.npm_docs_test,7178168cfaaee619bc52375b146ce3a6c801cdb8,2024-02-27T16:19:03+01:00,4b1a76b33a4787d27c2f3e3aa273ecc6eabf0bb9,2024-04-15T08:33:12+02:00,13,47,6.5,2.716700462145956,,True,True,13,0,445.42,0.0,0.02918599526439557,,460609164.0,writer/writer-framework,Python
alfred/npm.py,8,callable,ok,alfred.npm.npm_docs,alfred.npm.npm_docs,4b1a76b33a4787d27c2f3e3aa273ecc6eabf0bb9,2024-04-15T08:33:12+02:00,4b1a76b33a4787d27c2f3e3aa273ecc6eabf0bb9,2024-04-15T08:33:12+02:00,1,0,0.5,,,True,False,1,0,397.78,0.0,0.002513925371681247,,460609164.0,writer/writer-framework,Python
alfred/npm.py,10,callable,ok,alfred.npm.npm_docs_test,alfred.npm.npm_docs_test,7de95b67ecc9ee9ca1c0ff20ab9d70f072e5c5fa,2024-05-26T11:20:02+02:00,7de95b67ecc9ee9ca1c0ff20ab9d70f072e5c5fa,2024-05-26T11:20:02+02:00,1,0,0.5,,,True,False,1,0,356.67,0.0,0.0028037244883786917,,460609164.0,writer/writer-framework,Python
alfred/npm.py,9,callable,ok,alfred.npm.npm_storybook,alfred.npm.npm_storybook,4b1a76b33a4787d27c2f3e3aa273ecc6eabf0bb9,2024-04-15T08:33:12+02:00,4b1a76b33a4787d27c2f3e3aa273ecc6eabf0bb9,2024-04-15T08:33:12+02:00,1,0,0.3333333333333333,,,True,False,1,0,397.78,0.0,0.002513925371681247,,460609164.0,writer/writer-framework,Python
alfred/npm.py,0,callable,ok,alfred.npm.npm_build,alfred.npm.npm_build,1c7e542df3862c061c780c96d84211a15ae24512,2024-02-10T19:01:12+01:00,1de57192b40f96d4661b67d233d717b6c1d29fd9,2024-03-29T11:36:31+01:00,7,894,3.5,1.7660552148493502,,False,False,7,0,462.31,0.0,0.015141469847169796,,460609164.0,writer/writer-framework,Python
alfred/npm.py,2,callable,ok,alfred.npm.npm_lint,alfred.npm.npm_lint,53861ffb8554e08b1324089e62ba105b87850248,2024-02-16T11:15:49+01:00,7f897140a5118b96a2e68920a910b9ccaee6ba7d,2024-09-16T14:26:08+02:00,6,889,2.0,0.9936945958349419,,False,False,6,0,456.63,0.0,0.013139750139438754,,460609164.0,writer/writer-framework,Python
alfred/npm.py,5,callable,ok,alfred.npm.npm_e2e,alfred.npm.npm_e2e,e64b332b74cf0dcaa23d7e731ee5f13f33bac5b0,2024-03-26T11:52:22+01:00,e64b332b74cf0dcaa23d7e731ee5f13f33bac5b0,2024-03-26T11:52:22+01:00,1,850,0.3333333333333333,,,False,False,1,0,417.6,0.0,0.002394611326312022,,460609164.0,writer/writer-framework,Python
alfred/npm.py,6,callable,ok,alfred.npm.npm_build_custom_components,alfred.npm.npm_build_custom_components,0d888326efae05db8fb7d7f1bc9470e51fba850b,2024-03-25T08:53:15+01:00,1de57192b40f96d4661b67d233d717b6c1d29fd9,2024-03-29T11:36:31+01:00,2,851,1.0,,,False,False,2,0,418.73,0.0,0.004776362445640199,,460609164.0,writer/writer-framework,Python
alfred/npm.py,7,callable,ok,alfred.npm.npm_codegen,alfred.npm.npm_codegen,0d888326efae05db8fb7d7f1bc9470e51fba850b,2024-03-25T08:53:15+01:00,acffe4bf985bf1abffbac53dccb35ff732ef95fd,2025-04-04T14:43:27+02:00,3,851,1.5,0.3106305580802252,,False,False,3,0,418.73,0.0,0.0071645436684603,,460609164.0,writer/writer-framework,Python
alfred/publish.py,0,callable,ok,alfred.publish.publish,alfred.publish.publish,2b550cbbbf60e5cb8126a810286d8b96ebca3f0f,2024-03-20T17:28:25+01:00,1e206f5940edeb44823585336df0ab80153b7758,2024-05-17T13:54:16Z,3,856,0.05555555555555555,0.128769385354736,,False,False,3,0,423.37,0.0,0.007085984734131638,,460609164.0,writer/writer-framework,Python
alfred/publish.py,1,callable,ok,alfred.publish.publish_pypi,alfred.publish.publish_pypi,2b550cbbbf60e5cb8126a810286d8b96ebca3f0f,2024-03-20T17:28:25+01:00,08c6c5b0d79f12cac81a41e0a2afbb126348212b,2024-03-28T17:10:27+01:00,2,856,0.125,,,False,False,2,0,423.37,0.0,0.004723989822754425,,460609164.0,writer/writer-framework,Python
apps/default/main.py,0,callable,ok,apps.default.main._update_message,apps.default.main._update_message,df6fa8d260ef8fd8cc8a50173b36e6943950ae43,2023-04-28T07:17:35+01:00,df6fa8d260ef8fd8cc8a50173b36e6943950ae43,2023-04-28T07:17:35+01:00,1,0,0.25,,,True,False,1,0,750.8,0.0,0.0013319212706886566,,460609164.0,writer/writer-framework,Python
apps/default/main.py,1,callable,ok,apps.default.main.decrement,apps.default.main.decrement,df6fa8d260ef8fd8cc8a50173b36e6943950ae43,2023-04-28T07:17:35+01:00,df6fa8d260ef8fd8cc8a50173b36e6943950ae43,2023-04-28T07:17:35+01:00,1,0,0.3333333333333333,,,True,False,1,0,750.8,0.0,0.0013319212706886566,,460609164.0,writer/writer-framework,Python
apps/default/main.py,2,callable,ok,apps.default.main.increment,apps.default.main.increment,df6fa8d260ef8fd8cc8a50173b36e6943950ae43,2023-04-28T07:17:35+01:00,d02417fc08df38b641307674cff7e7a90b7f7556,2024-04-02T11:16:51+02:00,2,340,0.4,,,True,False,2,0,750.8,0.0,0.0026638425413773132,,460609164.0,writer/writer-framework,Python
apps/hello/main.py,3,callable,ok,apps.hello.main.handle_open_streamsync_website,apps.hello.main.handle_open_streamsync_website,df6fa8d260ef8fd8cc8a50173b36e6943950ae43,2023-04-28T07:17:35+01:00,df6fa8d260ef8fd8cc8a50173b36e6943950ae43,2023-04-28T07:17:35+01:00,1,0,0.5,,,True,False,1,0,750.8,0.0,0.0013319212706886566,,460609164.0,writer/writer-framework,Python
apps/hello/main.py,14,callable,ok,apps.hello.main.chat_handler,apps.hello.main.handle_chat_message,a95da9835a00cf54a4a16ef21257a4d8f52f9db6,2024-03-26T17:20:57+01:00,97c36bf3c81384ed751f4c6e5bfabe56de12eba9,2024-03-27T11:40:25+01:00,2,0,0.06896551724137931,,,True,True,2,0,417.38,0.0,0.004791840959020415,,460609164.0,writer/writer-framework,Python
apps/hello/main.py,16,callable,ok,apps.hello.main.chat_action_handler,apps.hello.main.handle_chat_action,a95da9835a00cf54a4a16ef21257a4d8f52f9db6,2024-03-26T17:20:57+01:00,97c36bf3c81384ed751f4c6e5bfabe56de12eba9,2024-03-27T11:40:25+01:00,2,0,0.07142857142857142,,,True,True,2,0,417.38,0.0,0.004791840959020415,,460609164.0,writer/writer-framework,Python
apps/hello/main.py,15,callable,ok,apps.hello.main._show,apps.hello.main._show_chatbot_resource,a95da9835a00cf54a4a16ef21257a4d8f52f9db6,2024-03-26T17:20:57+01:00,97c36bf3c81384ed751f4c6e5bfabe56de12eba9,2024-03-27T11:40:25+01:00,2,0,0.2222222222222222,,,True,True,2,0,417.38,0.0,0.004791840959020415,,460609164.0,writer/writer-framework,Python
apps/hello/main.py,17,callable,ok,apps.hello.main.handle_chat_message,apps.hello.main.handle_chat_message,92e87f4ed2d83461cd0ef04a3addd2fdecfdff08,2024-03-27T11:41:26+01:00,92e87f4ed2d83461cd0ef04a3addd2fdecfdff08,2024-03-27T11:41:26+01:00,1,0,0.034482758620689655,,,True,False,1,0,416.61,0.0,0.0024003155081384585,,460609164.0,writer/writer-framework,Python
apps/hello/main.py,18,callable,ok,apps.hello.main._show_chatbot_resource,apps.hello.main._show_chatbot_resource,92e87f4ed2d83461cd0ef04a3addd2fdecfdff08,2024-03-27T11:41:26+01:00,92e87f4ed2d83461cd0ef04a3addd2fdecfdff08,2024-03-27T11:41:26+01:00,1,0,0.1111111111111111,,,True,False,1,0,416.61,0.0,0.0024003155081384585,,460609164.0,writer/writer-framework,Python
apps/hello/main.py,19,callable,ok,apps.hello.main.handle_chat_action,apps.hello.main.handle_chat_action,92e87f4ed2d83461cd0ef04a3addd2fdecfdff08,2024-03-27T11:41:26+01:00,92e87f4ed2d83461cd0ef04a3addd2fdecfdff08,2024-03-27T11:41:26+01:00,1,0,0.03571428571428571,,,True,False,1,0,416.61,0.0,0.0024003155081384585,,460609164.0,writer/writer-framework,Python
apps/hello/main.py,0,callable,ok,apps.hello.main.handle_timer_tick,apps.hello.main.handle_timer_tick,df6fa8d260ef8fd8cc8a50173b36e6943950ae43,2023-04-28T07:17:35+01:00,1e206f5940edeb44823585336df0ab80153b7758,2024-05-17T13:54:16Z,2,1183,0.4,,,False,False,2,0,750.8,0.0,0.0026638425413773132,,460609164.0,writer/writer-framework,Python
apps/hello/main.py,1,callable,ok,apps.hello.main.update,apps.hello.main.update,df6fa8d260ef8fd8cc8a50173b36e6943950ae43,2023-04-28T07:17:35+01:00,75a59e51c00add0d226504e773e6ffb7b41ef53b,2023-11-18T21:40:37+01:00,2,1183,0.16666666666666666,,,False,False,2,0,750.8,0.0,0.0026638425413773132,,460609164.0,writer/writer-framework,Python
apps/hello/main.py,2,callable,ok,apps.hello.main.handle_story_download,apps.hello.main.handle_story_download,df6fa8d260ef8fd8cc8a50173b36e6943950ae43,2023-04-28T07:17:35+01:00,1e206f5940edeb44823585336df0ab80153b7758,2024-05-17T13:54:16Z,2,1183,0.5,,,False,False,2,0,750.8,0.0,0.0026638425413773132,,460609164.0,writer/writer-framework,Python
apps/hello/main.py,4,callable,ok,apps.hello.main._generate_random_df,apps.hello.main._generate_random_df,df6fa8d260ef8fd8cc8a50173b36e6943950ae43,2023-04-28T07:17:35+01:00,df6fa8d260ef8fd8cc8a50173b36e6943950ae43,2023-04-28T07:17:35+01:00,1,1183,0.2,,,False,False,1,0,750.8,0.0,0.0013319212706886566,,460609164.0,writer/writer-framework,Python
apps/hello/main.py,5,callable,ok,apps.hello.main._get_main_df,apps.hello.main._get_main_df,df6fa8d260ef8fd8cc8a50173b36e6943950ae43,2023-04-28T07:17:35+01:00,fa916de2f026d31e67cb32a8e0de92816777fb5a,2023-11-20T21:48:47+01:00,3,1183,1.0,0.07884947416979271,,False,False,3,0,750.8,0.0,0.00399576381206597,,460609164.0,writer/writer-framework,Python
apps/hello/main.py,6,callable,ok,apps.hello.main._get_highlighted_members,apps.hello.main._get_highlighted_members,df6fa8d260ef8fd8cc8a50173b36e6943950ae43,2023-04-28T07:17:35+01:00,187279f4cc9211133ea628a656f3481e8aec1e60,2023-10-04T15:21:30Z,2,1183,0.5,,,False,False,2,0,750.8,0.0,0.0026638425413773132,,460609164.0,writer/writer-framework,Python
apps/hello/main.py,7,callable,ok,apps.hello.main._get_story_text,apps.hello.main._get_story_text,df6fa8d260ef8fd8cc8a50173b36e6943950ae43,2023-04-28T07:17:35+01:00,df6fa8d260ef8fd8cc8a50173b36e6943950ae43,2023-04-28T07:17:35+01:00,1,1183,0.3333333333333333,,,False,False,1,0,750.8,0.0,0.0013319212706886566,,460609164.0,writer/writer-framework,Python
apps/hello/main.py,8,callable,ok,apps.hello.main._update_metrics,apps.hello.main._update_metrics,df6fa8d260ef8fd8cc8a50173b36e6943950ae43,2023-04-28T07:17:35+01:00,df6fa8d260ef8fd8cc8a50173b36e6943950ae43,2023-04-28T07:17:35+01:00,1,1183,0.05263157894736842,,,False,False,1,0,750.8,0.0,0.0013319212706886566,,460609164.0,writer/writer-framework,Python
apps/hello/main.py,9,callable,ok,apps.hello.main._update_role_chart,apps.hello.main._update_role_chart,df6fa8d260ef8fd8cc8a50173b36e6943950ae43,2023-04-28T07:17:35+01:00,8529f5411e6e1afb9c2f164956d7034ce823af39,2024-05-10T10:47:21Z,4,1183,0.4,0.5682994704436085,,False,False,4,0,750.8,0.0,0.0053276850827546265,,460609164.0,writer/writer-framework,Python
apps/hello/main.py,10,callable,ok,apps.hello.main._update_scatter_chart,apps.hello.main._update_scatter_chart,df6fa8d260ef8fd8cc8a50173b36e6943950ae43,2023-04-28T07:17:35+01:00,8529f5411e6e1afb9c2f164956d7034ce823af39,2024-05-10T10:47:21Z,4,1183,0.36363636363636365,0.5682994704436085,,False,False,4,0,750.8,0.0,0.0053276850827546265,,460609164.0,writer/writer-framework,Python
apps/hello/main.py,11,callable,ok,apps.hello.main.handle_paginated_members_page_change,apps.hello.main.handle_paginated_members_page_change,75a59e51c00add0d226504e773e6ffb7b41ef53b,2023-11-18T21:40:37+01:00,75a59e51c00add0d226504e773e6ffb7b41ef53b,2023-11-18T21:40:37+01:00,1,978,0.1111111111111111,,,False,False,1,0,546.2,0.0,0.0018308452802874734,,460609164.0,writer/writer-framework,Python
apps/hello/main.py,12,callable,ok,apps.hello.main.handle_paginated_members_page_size_change,apps.hello.main.handle_paginated_members_page_size_change,75a59e51c00add0d226504e773e6ffb7b41ef53b,2023-11-18T21:40:37+01:00,75a59e51c00add0d226504e773e6ffb7b41ef53b,2023-11-18T21:40:37+01:00,1,978,0.3333333333333333,,,False,False,1,0,546.2,0.0,0.0018308452802874734,,460609164.0,writer/writer-framework,Python
apps/hello/main.py,13,callable,ok,apps.hello.main._get_paginated_members,apps.hello.main._get_paginated_members,75a59e51c00add0d226504e773e6ffb7b41ef53b,2023-11-18T21:40:37+01:00,75a59e51c00add0d226504e773e6ffb7b41ef53b,2023-11-18T21:40:37+01:00,1,978,0.25,,,False,False,1,0,546.2,0.0,0.0018308452802874734,,460609164.0,writer/writer-framework,Python
apps/hello/main.py,20,callable,ok,apps.hello.main._get_editable_df,apps.hello.main._get_editable_df,acc2a189f963d52073b90adc7803d579a27bfbac,2024-08-15T23:20:40+02:00,acc2a189f963d52073b90adc7803d579a27bfbac,2024-08-15T23:20:40+02:00,1,707,0.1111111111111111,,,False,False,1,0,275.17,0.0,0.0036341436884892784,,460609164.0,writer/writer-framework,Python
apps/hello/main.py,21,callable,ok,apps.hello.main.on_editable_df_record_add,apps.hello.main.on_editable_df_record_add,acc2a189f963d52073b90adc7803d579a27bfbac,2024-08-15T23:20:40+02:00,acc2a189f963d52073b90adc7803d579a27bfbac,2024-08-15T23:20:40+02:00,1,707,0.5,,,False,False,1,0,275.17,0.0,0.0036341436884892784,,460609164.0,writer/writer-framework,Python
apps/hello/main.py,22,callable,ok,apps.hello.main.on_editable_df_record_change,apps.hello.main.on_editable_df_record_change,acc2a189f963d52073b90adc7803d579a27bfbac,2024-08-15T23:20:40+02:00,acc2a189f963d52073b90adc7803d579a27bfbac,2024-08-15T23:20:40+02:00,1,707,0.3333333333333333,,,False,False,1,0,275.17,0.0,0.0036341436884892784,,460609164.0,writer/writer-framework,Python
apps/hello/main.py,23,callable,ok,apps.hello.main.on_editable_df_record_action,apps.hello.main.on_editable_df_record_action,acc2a189f963d52073b90adc7803d579a27bfbac,2024-08-15T23:20:40+02:00,acc2a189f963d52073b90adc7803d579a27bfbac,2024-08-15T23:20:40+02:00,1,707,0.125,,,False,False,1,0,275.17,0.0,0.0036341436884892784,,460609164.0,writer/writer-framework,Python
src/writer/__init__.py,0,callable,ok,src.writer.pack_file,src.writer.pack_file,1e206f5940edeb44823585336df0ab80153b7758,2024-05-17T13:54:16Z,1e206f5940edeb44823585336df0ab80153b7758,2024-05-17T13:54:16Z,1,798,0.14285714285714285,,,False,False,1,0,365.48,0.0,0.0027361429087441234,,460609164.0,writer/writer-framework,Python
src/writer/__init__.py,1,callable,ok,src.writer.pack_bytes,src.writer.pack_bytes,1e206f5940edeb44823585336df0ab80153b7758,2024-05-17T13:54:16Z,1e206f5940edeb44823585336df0ab80153b7758,2024-05-17T13:54:16Z,1,798,0.14285714285714285,,,False,False,1,0,365.48,0.0,0.0027361429087441234,,460609164.0,writer/writer-framework,Python
src/writer/__init__.py,2,callable,ok,src.writer.init_ui,src.writer.init_ui,1e206f5940edeb44823585336df0ab80153b7758,2024-05-17T13:54:16Z,1e206f5940edeb44823585336df0ab80153b7758,2024-05-17T13:54:16Z,1,798,0.045454545454545456,,,False,False,1,0,365.48,0.0,0.0027361429087441234,,460609164.0,writer/writer-framework,Python
src/writer/__init__.py,3,callable,ok,src.writer.init_state,src.writer.init_state,1e206f5940edeb44823585336df0ab80153b7758,2024-05-17T13:54:16Z,1e206f5940edeb44823585336df0ab80153b7758,2024-05-17T13:54:16Z,1,798,0.043478260869565216,,,False,False,1,0,365.48,0.0,0.0027361429087441234,,460609164.0,writer/writer-framework,Python
src/writer/__init__.py,4,callable,ok,src.writer.init_handlers,src.writer.init_handlers,1e206f5940edeb44823585336df0ab80153b7758,2024-05-17T13:54:16Z,1e206f5940edeb44823585336df0ab80153b7758,2024-05-17T13:54:16Z,1,798,0.030303030303030304,,,False,False,1,0,365.48,0.0,0.0027361429087441234,,460609164.0,writer/writer-framework,Python
src/writer/abstract.py,0,callable,ok,src.writer.abstract.register_abstract_template,src.writer.abstract.register_abstract_template,4836c3643899e0e707d2f10b059970d6a976e4a4,2024-08-26T20:21:32Z,4836c3643899e0e707d2f10b059970d6a976e4a4,2024-08-26T20:21:32Z,1,696,0.5,,,False,False,1,0,264.21,0.0,0.0037848816930967353,,460609164.0,writer/writer-framework,Python
src/writer/ai/__init__.py,0,class,ok,src.writer.ai.APIOptions,src.writer.ai.APIOptions,b244cac72903932e291bce404c9068d81b4218b1,2025-02-25T12:04:56+03:00,b244cac72903932e291bce404c9068d81b4218b1,2025-02-25T12:04:56+03:00,1,514,0.2,,,False,False,1,0,81.68,0.0,0.012243062193905732,,460609164.0,writer/writer-framework,Python
src/writer/ai/__init__.py,1,class,ok,src.writer.ai.ChatOptions,src.writer.ai.ChatOptions,b244cac72903932e291bce404c9068d81b4218b1,2025-02-25T12:04:56+03:00,b244cac72903932e291bce404c9068d81b4218b1,2025-02-25T12:04:56+03:00,1,514,0.1,,,False,False,1,0,81.68,0.0,0.012243062193905732,,460609164.0,writer/writer-framework,Python
src/writer/ai/__init__.py,2,class,ok,src.writer.ai.CreateOptions,src.writer.ai.CreateOptions,b244cac72903932e291bce404c9068d81b4218b1,2025-02-25T12:04:56+03:00,b244cac72903932e291bce404c9068d81b4218b1,2025-02-25T12:04:56+03:00,1,514,0.125,,,False,False,1,0,81.68,0.0,0.012243062193905732,,460609164.0,writer/writer-framework,Python
src/writer/ai/__init__.py,3,class,ok,src.writer.ai.APIListOptions,src.writer.ai.APIListOptions,b244cac72903932e291bce404c9068d81b4218b1,2025-02-25T12:04:56+03:00,b244cac72903932e291bce404c9068d81b4218b1,2025-02-25T12:04:56+03:00,1,514,0.2,,,False,False,1,0,81.68,0.0,0.012243062193905732,,460609164.0,writer/writer-framework,Python
src/writer/ai/__init__.py,4,class,ok,src.writer.ai.APIRetrieveJobsOptions,src.writer.ai.APIRetrieveJobsOptions,b244cac72903932e291bce404c9068d81b4218b1,2025-02-25T12:04:56+03:00,b244cac72903932e291bce404c9068d81b4218b1,2025-02-25T12:04:56+03:00,1,514,0.2,,,False,False,1,0,81.68,0.0,0.012243062193905732,,460609164.0,writer/writer-framework,Python
src/writer/ai/__init__.py,5,class,ok,src.writer.ai.Tool,src.writer.ai.Tool,b244cac72903932e291bce404c9068d81b4218b1,2025-02-25T12:04:56+03:00,b244cac72903932e291bce404c9068d81b4218b1,2025-02-25T12:04:56+03:00,1,514,0.5,,,False,False,1,0,81.68,0.0,0.012243062193905732,,460609164.0,writer/writer-framework,Python
src/writer/ai/__init__.py,6,class,ok,src.writer.ai.GraphTool,src.writer.ai.GraphTool,b244cac72903932e291bce404c9068d81b4218b1,2025-02-25T12:04:56+03:00,b244cac72903932e291bce404c9068d81b4218b1,2025-02-25T12:04:56+03:00,1,514,0.25,,,False,False,1,0,81.68,0.0,0.012243062193905732,,460609164.0,writer/writer-framework,Python
src/writer/ai/__init__.py,7,class,ok,src.writer.ai.FunctionToolParameterMeta,src.writer.ai.FunctionToolParameterMeta,b244cac72903932e291bce404c9068d81b4218b1,2025-02-25T12:04:56+03:00,b244cac72903932e291bce404c9068d81b4218b1,2025-02-25T12:04:56+03:00,1,514,0.07692307692307693,,,False,False,1,0,81.68,0.0,0.012243062193905732,,460609164.0,writer/writer-framework,Python
src/writer/ai/__init__.py,8,class,ok,src.writer.ai.FunctionTool,src.writer.ai.FunctionTool,b244cac72903932e291bce404c9068d81b4218b1,2025-02-25T12:04:56+03:00,b244cac72903932e291bce404c9068d81b4218b1,2025-02-25T12:04:56+03:00,1,514,0.2,,,False,False,1,0,81.68,0.0,0.012243062193905732,,460609164.0,writer/writer-framework,Python
src/writer/ai/__init__.py,9,class,ok,src.writer.ai.LLMTool,src.writer.ai.LLMTool,b244cac72903932e291bce404c9068d81b4218b1,2025-02-25T12:04:56+03:00,b244cac72903932e291bce404c9068d81b4218b1,2025-02-25T12:04:56+03:00,1,514,0.3333333333333333,,,False,False,1,0,81.68,0.0,0.012243062193905732,,460609164.0,writer/writer-framework,Python
src/writer/ai/__init__.py,10,class,ok,src.writer.ai.WriterAIManager,src.writer.ai.WriterAIManager,b244cac72903932e291bce404c9068d81b4218b1,2025-02-25T12:04:56+03:00,b244cac72903932e291bce404c9068d81b4218b1,2025-02-25T12:04:56+03:00,1,514,0.011627906976744186,,,False,False,1,0,81.68,0.0,0.012243062193905732,,460609164.0,writer/writer-framework,Python
src/writer/ai/__init__.py,11,class,ok,src.writer.ai.SDKWrapper,src.writer.ai.SDKWrapper,b244cac72903932e291bce404c9068d81b4218b1,2025-02-25T12:04:56+03:00,b244cac72903932e291bce404c9068d81b4218b1,2025-02-25T12:04:56+03:00,1,514,0.04,,,False,False,1,0,81.68,0.0,0.012243062193905732,,460609164.0,writer/writer-framework,Python
src/writer/ai/__init__.py,12,class,ok,src.writer.ai.Graph,src.writer.ai.Graph,b244cac72903932e291bce404c9068d81b4218b1,2025-02-25T12:04:56+03:00,b244cac72903932e291bce404c9068d81b4218b1,2025-02-25T12:04:56+03:00,1,514,0.0029154518950437317,,,False,False,1,0,81.68,0.0,0.012243062193905732,,460609164.0,writer/writer-framework,Python
src/writer/ai/__init__.py,13,class,ok,src.writer.ai.File,src.writer.ai.File,b244cac72903932e291bce404c9068d81b4218b1,2025-02-25T12:04:56+03:00,b244cac72903932e291bce404c9068d81b4218b1,2025-02-25T12:04:56+03:00,1,514,0.018867924528301886,,,False,False,1,0,81.68,0.0,0.012243062193905732,,460609164.0,writer/writer-framework,Python
src/writer/ai/__init__.py,14,class,ok,src.writer.ai.Conversation,src.writer.ai.Conversation,b244cac72903932e291bce404c9068d81b4218b1,2025-02-25T12:04:56+03:00,b244cac72903932e291bce404c9068d81b4218b1,2025-02-25T12:04:56+03:00,1,514,0.0007980845969672786,,,False,False,1,0,81.68,0.0,0.012243062193905732,,460609164.0,writer/writer-framework,Python
src/writer/ai/__init__.py,15,class,ok,src.writer.ai.Apps,src.writer.ai.Apps,b244cac72903932e291bce404c9068d81b4218b1,2025-02-25T12:04:56+03:00,b244cac72903932e291bce404c9068d81b4218b1,2025-02-25T12:04:56+03:00,1,514,0.0031645569620253164,,,False,False,1,0,81.68,0.0,0.012243062193905732,,460609164.0,writer/writer-framework,Python
src/writer/ai/__init__.py,16,class,ok,src.writer.ai.Tools,src.writer.ai.Tools,b244cac72903932e291bce404c9068d81b4218b1,2025-02-25T12:04:56+03:00,b244cac72903932e291bce404c9068d81b4218b1,2025-02-25T12:04:56+03:00,1,514,0.00980392156862745,,,False,False,1,0,81.68,0.0,0.012243062193905732,,460609164.0,writer/writer-framework,Python
src/writer/ai/__init__.py,0,callable,ok,src.writer.ai.create_function_tool,src.writer.ai.create_function_tool,b244cac72903932e291bce404c9068d81b4218b1,2025-02-25T12:04:56+03:00,b244cac72903932e291bce404c9068d81b4218b1,2025-02-25T12:04:56+03:00,1,514,0.07142857142857142,,,False,False,1,0,81.68,0.0,0.012243062193905732,,460609164.0,writer/writer-framework,Python
src/writer/ai/__init__.py,1,callable,ok,src.writer.ai._process_completion_data_chunk,src.writer.ai._process_completion_data_chunk,b244cac72903932e291bce404c9068d81b4218b1,2025-02-25T12:04:56+03:00,b244cac72903932e291bce404c9068d81b4218b1,2025-02-25T12:04:56+03:00,1,514,0.14285714285714285,,,False,False,1,0,81.68,0.0,0.012243062193905732,,460609164.0,writer/writer-framework,Python
src/writer/ai/__init__.py,2,callable,ok,src.writer.ai._process_chat_data_chunk,src.writer.ai._process_chat_data_chunk,b244cac72903932e291bce404c9068d81b4218b1,2025-02-25T12:04:56+03:00,b244cac72903932e291bce404c9068d81b4218b1,2025-02-25T12:04:56+03:00,1,514,0.058823529411764705,,,False,False,1,0,81.68,0.0,0.012243062193905732,,460609164.0,writer/writer-framework,Python
src/writer/ai/__init__.py,3,callable,ok,src.writer.ai.create_graph,src.writer.ai.create_graph,b244cac72903932e291bce404c9068d81b4218b1,2025-02-25T12:04:56+03:00,b244cac72903932e291bce404c9068d81b4218b1,2025-02-25T12:04:56+03:00,1,514,0.02702702702702703,,,False,False,1,0,81.68,0.0,0.012243062193905732,,460609164.0,writer/writer-framework,Python
src/writer/ai/__init__.py,4,callable,ok,src.writer.ai.retrieve_graph,src.writer.ai.retrieve_graph,b244cac72903932e291bce404c9068d81b4218b1,2025-02-25T12:04:56+03:00,b244cac72903932e291bce404c9068d81b4218b1,2025-02-25T12:04:56+03:00,1,514,0.034482758620689655,,,False,False,1,0,81.68,0.0,0.012243062193905732,,460609164.0,writer/writer-framework,Python
src/writer/ai/__init__.py,5,callable,ok,src.writer.ai.list_graphs,src.writer.ai.list_graphs,b244cac72903932e291bce404c9068d81b4218b1,2025-02-25T12:04:56+03:00,b244cac72903932e291bce404c9068d81b4218b1,2025-02-25T12:04:56+03:00,1,514,0.03225806451612903,,,False,False,1,0,81.68,0.0,0.012243062193905732,,460609164.0,writer/writer-framework,Python
src/writer/ai/__init__.py,6,callable,ok,src.writer.ai.delete_graph,src.writer.ai.delete_graph,b244cac72903932e291bce404c9068d81b4218b1,2025-02-25T12:04:56+03:00,b244cac72903932e291bce404c9068d81b4218b1,2025-02-25T12:04:56+03:00,1,514,0.043478260869565216,,,False,False,1,0,81.68,0.0,0.012243062193905732,,460609164.0,writer/writer-framework,Python
src/writer/ai/__init__.py,7,callable,ok,src.writer.ai.retrieve_file,src.writer.ai.retrieve_file,b244cac72903932e291bce404c9068d81b4218b1,2025-02-25T12:04:56+03:00,b244cac72903932e291bce404c9068d81b4218b1,2025-02-25T12:04:56+03:00,1,514,0.038461538461538464,,,False,False,1,0,81.68,0.0,0.012243062193905732,,460609164.0,writer/writer-framework,Python
src/writer/ai/__init__.py,8,callable,ok,src.writer.ai.list_files,src.writer.ai.list_files,b244cac72903932e291bce404c9068d81b4218b1,2025-02-25T12:04:56+03:00,b244cac72903932e291bce404c9068d81b4218b1,2025-02-25T12:04:56+03:00,1,514,0.03225806451612903,,,False,False,1,0,81.68,0.0,0.012243062193905732,,460609164.0,writer/writer-framework,Python
src/writer/ai/__init__.py,9,callable,ok,src.writer.ai.upload_file,src.writer.ai.upload_file,b244cac72903932e291bce404c9068d81b4218b1,2025-02-25T12:04:56+03:00,b244cac72903932e291bce404c9068d81b4218b1,2025-02-25T12:04:56+03:00,1,514,0.023255813953488372,,,False,False,1,0,81.68,0.0,0.012243062193905732,,460609164.0,writer/writer-framework,Python
src/writer/ai/__init__.py,10,callable,ok,src.writer.ai.delete_file,src.writer.ai.delete_file,b244cac72903932e291bce404c9068d81b4218b1,2025-02-25T12:04:56+03:00,b244cac72903932e291bce404c9068d81b4218b1,2025-02-25T12:04:56+03:00,1,514,0.025,,,False,False,1,0,81.68,0.0,0.012243062193905732,,460609164.0,writer/writer-framework,Python
src/writer/ai/__init__.py,11,callable,ok,src.writer.ai.complete,src.writer.ai.complete,b244cac72903932e291bce404c9068d81b4218b1,2025-02-25T12:04:56+03:00,b244cac72903932e291bce404c9068d81b4218b1,2025-02-25T12:04:56+03:00,1,514,0.022727272727272728,,,False,False,1,0,81.68,0.0,0.012243062193905732,,460609164.0,writer/writer-framework,Python
src/writer/ai/__init__.py,12,callable,ok,src.writer.ai.stream_complete,src.writer.ai.stream_complete,b244cac72903932e291bce404c9068d81b4218b1,2025-02-25T12:04:56+03:00,b244cac72903932e291bce404c9068d81b4218b1,2025-02-25T12:04:56+03:00,1,514,0.024390243902439025,,,False,False,1,0,81.68,0.0,0.012243062193905732,,460609164.0,writer/writer-framework,Python
src/writer/ai/__init__.py,13,callable,ok,src.writer.ai._gather_graph_ids,src.writer.ai._gather_graph_ids,b244cac72903932e291bce404c9068d81b4218b1,2025-02-25T12:04:56+03:00,b244cac72903932e291bce404c9068d81b4218b1,2025-02-25T12:04:56+03:00,1,514,0.07692307692307693,,,False,False,1,0,81.68,0.0,0.012243062193905732,,460609164.0,writer/writer-framework,Python
src/writer/ai/__init__.py,14,callable,ok,src.writer.ai.ask,src.writer.ai.ask,b244cac72903932e291bce404c9068d81b4218b1,2025-02-25T12:04:56+03:00,b244cac72903932e291bce404c9068d81b4218b1,2025-02-25T12:04:56+03:00,1,514,0.017241379310344827,,,False,False,1,0,81.68,0.0,0.012243062193905732,,460609164.0,writer/writer-framework,Python
src/writer/ai/__init__.py,15,callable,ok,src.writer.ai.stream_ask,src.writer.ai.stream_ask,b244cac72903932e291bce404c9068d81b4218b1,2025-02-25T12:04:56+03:00,b244cac72903932e291bce404c9068d81b4218b1,2025-02-25T12:04:56+03:00,1,514,0.014285714285714285,,,False,False,1,0,81.68,0.0,0.012243062193905732,,460609164.0,writer/writer-framework,Python
src/writer/ai/__init__.py,16,callable,ok,src.writer.ai.init,src.writer.ai.init,b244cac72903932e291bce404c9068d81b4218b1,2025-02-25T12:04:56+03:00,b244cac72903932e291bce404c9068d81b4218b1,2025-02-25T12:04:56+03:00,1,514,0.125,,,False,False,1,0,81.68,0.0,0.012243062193905732,,460609164.0,writer/writer-framework,Python
src/writer/ai/__init__.py,17,callable,ok,src.writer.ai.WriterAIManager.__init__,src.writer.ai.WriterAIManager.__init__,b244cac72903932e291bce404c9068d81b4218b1,2025-02-25T12:04:56+03:00,b244cac72903932e291bce404c9068d81b4218b1,2025-02-25T12:04:56+03:00,1,514,0.041666666666666664,,,False,False,1,0,81.68,0.0,0.012243062193905732,,460609164.0,writer/writer-framework,Python
src/writer/ai/__init__.py,18,callable,ok,src.writer.ai.WriterAIManager.acquire_instance,src.writer.ai.WriterAIManager.acquire_instance,b244cac72903932e291bce404c9068d81b4218b1,2025-02-25T12:04:56+03:00,b244cac72903932e291bce404c9068d81b4218b1,2025-02-25T12:04:56+03:00,1,514,0.05555555555555555,,,False,False,1,0,81.68,0.0,0.012243062193905732,,460609164.0,writer/writer-framework,Python
src/writer/ai/__init__.py,19,callable,ok,src.writer.ai.WriterAIManager.authorize,src.writer.ai.WriterAIManager.authorize,b244cac72903932e291bce404c9068d81b4218b1,2025-02-25T12:04:56+03:00,b244cac72903932e291bce404c9068d81b4218b1,2025-02-25T12:04:56+03:00,1,514,0.1,,,False,False,1,0,81.68,0.0,0.012243062193905732,,460609164.0,writer/writer-framework,Python
src/writer/ai/__init__.py,20,callable,ok,src.writer.ai.WriterAIManager.use_chat_model,src.writer.ai.WriterAIManager.use_chat_model,b244cac72903932e291bce404c9068d81b4218b1,2025-02-25T12:04:56+03:00,b244cac72903932e291bce404c9068d81b4218b1,2025-02-25T12:04:56+03:00,1,514,0.14285714285714285,,,False,False,1,0,81.68,0.0,0.012243062193905732,,460609164.0,writer/writer-framework,Python
src/writer/ai/__init__.py,21,callable,ok,src.writer.ai.WriterAIManager.use_completion_model,src.writer.ai.WriterAIManager.use_completion_model,b244cac72903932e291bce404c9068d81b4218b1,2025-02-25T12:04:56+03:00,b244cac72903932e291bce404c9068d81b4218b1,2025-02-25T12:04:56+03:00,1,514,0.14285714285714285,,,False,False,1,0,81.68,0.0,0.012243062193905732,,460609164.0,writer/writer-framework,Python
src/writer/ai/__init__.py,22,callable,ok,src.writer.ai.WriterAIManager.acquire_client,src.writer.ai.WriterAIManager.acquire_client,b244cac72903932e291bce404c9068d81b4218b1,2025-02-25T12:04:56+03:00,b244cac72903932e291bce404c9068d81b4218b1,2025-02-25T12:04:56+03:00,1,514,0.3333333333333333,,,False,False,1,0,81.68,0.0,0.012243062193905732,,460609164.0,writer/writer-framework,Python
src/writer/ai/__init__.py,23,callable,ok,src.writer.ai.SDKWrapper._get_property,src.writer.ai.SDKWrapper._get_property,b244cac72903932e291bce404c9068d81b4218b1,2025-02-25T12:04:56+03:00,b244cac72903932e291bce404c9068d81b4218b1,2025-02-25T12:04:56+03:00,1,514,0.0625,,,False,False,1,0,81.68,0.0,0.012243062193905732,,460609164.0,writer/writer-framework,Python
src/writer/ai/__init__.py,24,callable,ok,src.writer.ai.Graph.__init__,src.writer.ai.Graph.__init__,b244cac72903932e291bce404c9068d81b4218b1,2025-02-25T12:04:56+03:00,b244cac72903932e291bce404c9068d81b4218b1,2025-02-25T12:04:56+03:00,1,514,0.09090909090909091,,,False,False,1,0,81.68,0.0,0.012243062193905732,,460609164.0,writer/writer-framework,Python
src/writer/ai/__init__.py,25,callable,ok,src.writer.ai.Graph._retrieve_graphs_accessor,src.writer.ai.Graph._retrieve_graphs_accessor,b244cac72903932e291bce404c9068d81b4218b1,2025-02-25T12:04:56+03:00,b244cac72903932e291bce404c9068d81b4218b1,2025-02-25T12:04:56+03:00,1,514,0.1111111111111111,,,False,False,1,0,81.68,0.0,0.012243062193905732,,460609164.0,writer/writer-framework,Python
src/writer/ai/__init__.py,26,callable,ok,src.writer.ai.Graph.is_stale,src.writer.ai.Graph.is_stale,b244cac72903932e291bce404c9068d81b4218b1,2025-02-25T12:04:56+03:00,b244cac72903932e291bce404c9068d81b4218b1,2025-02-25T12:04:56+03:00,1,514,0.5,,,False,False,1,0,81.68,0.0,0.012243062193905732,,460609164.0,writer/writer-framework,Python
src/writer/ai/__init__.py,27,callable,ok,src.writer.ai.Graph.id,src.writer.ai.Graph.id,b244cac72903932e291bce404c9068d81b4218b1,2025-02-25T12:04:56+03:00,b244cac72903932e291bce404c9068d81b4218b1,2025-02-25T12:04:56+03:00,1,514,0.5,,,False,False,1,0,81.68,0.0,0.012243062193905732,,460609164.0,writer/writer-framework,Python
src/writer/ai/__init__.py,28,callable,ok,src.writer.ai.Graph.created_at,src.writer.ai.Graph.created_at,b244cac72903932e291bce404c9068d81b4218b1,2025-02-25T12:04:56+03:00,b244cac72903932e291bce404c9068d81b4218b1,2025-02-25T12:04:56+03:00,1,514,0.5,,,False,False,1,0,81.68,0.0,0.012243062193905732,,460609164.0,writer/writer-framework,Python
src/writer/ai/__init__.py,29,callable,ok,src.writer.ai.Graph._fetch_object_updates,src.writer.ai.Graph._fetch_object_updates,b244cac72903932e291bce404c9068d81b4218b1,2025-02-25T12:04:56+03:00,b244cac72903932e291bce404c9068d81b4218b1,2025-02-25T12:04:56+03:00,1,514,0.07692307692307693,,,False,False,1,0,81.68,0.0,0.012243062193905732,,460609164.0,writer/writer-framework,Python
src/writer/ai/__init__.py,30,callable,ok,src.writer.ai.Graph.name,src.writer.ai.Graph.name,b244cac72903932e291bce404c9068d81b4218b1,2025-02-25T12:04:56+03:00,b244cac72903932e291bce404c9068d81b4218b1,2025-02-25T12:04:56+03:00,1,514,0.3333333333333333,,,False,False,1,0,81.68,0.0,0.012243062193905732,,460609164.0,writer/writer-framework,Python
src/writer/ai/__init__.py,31,callable,ok,src.writer.ai.Graph.description,src.writer.ai.Graph.description,b244cac72903932e291bce404c9068d81b4218b1,2025-02-25T12:04:56+03:00,b244cac72903932e291bce404c9068d81b4218b1,2025-02-25T12:04:56+03:00,1,514,0.3333333333333333,,,False,False,1,0,81.68,0.0,0.012243062193905732,,460609164.0,writer/writer-framework,Python
src/writer/ai/__init__.py,32,callable,ok,src.writer.ai.Graph.file_status,src.writer.ai.Graph.file_status,b244cac72903932e291bce404c9068d81b4218b1,2025-02-25T12:04:56+03:00,b244cac72903932e291bce404c9068d81b4218b1,2025-02-25T12:04:56+03:00,1,514,0.3333333333333333,,,False,False,1,0,81.68,0.0,0.012243062193905732,,460609164.0,writer/writer-framework,Python
src/writer/ai/__init__.py,33,callable,ok,src.writer.ai.Graph.update,src.writer.ai.Graph.update,b244cac72903932e291bce404c9068d81b4218b1,2025-02-25T12:04:56+03:00,b244cac72903932e291bce404c9068d81b4218b1,2025-02-25T12:04:56+03:00,1,514,0.023809523809523808,,,False,False,1,0,81.68,0.0,0.012243062193905732,,460609164.0,writer/writer-framework,Python
src/writer/ai/__init__.py,34,callable,ok,src.writer.ai.Graph.add_file,src.writer.ai.Graph.add_file,b244cac72903932e291bce404c9068d81b4218b1,2025-02-25T12:04:56+03:00,b244cac72903932e291bce404c9068d81b4218b1,2025-02-25T12:04:56+03:00,1,514,0.021739130434782608,,,False,False,1,0,81.68,0.0,0.012243062193905732,,460609164.0,writer/writer-framework,Python
src/writer/ai/__init__.py,35,callable,ok,src.writer.ai.Graph.remove_file,src.writer.ai.Graph.remove_file,b244cac72903932e291bce404c9068d81b4218b1,2025-02-25T12:04:56+03:00,b244cac72903932e291bce404c9068d81b4218b1,2025-02-25T12:04:56+03:00,1,514,0.021739130434782608,,,False,False,1,0,81.68,0.0,0.012243062193905732,,460609164.0,writer/writer-framework,Python
src/writer/ai/__init__.py,36,callable,ok,src.writer.ai.Graph._question,src.writer.ai.Graph._question,b244cac72903932e291bce404c9068d81b4218b1,2025-02-25T12:04:56+03:00,b244cac72903932e291bce404c9068d81b4218b1,2025-02-25T12:04:56+03:00,1,514,0.043478260869565216,,,False,False,1,0,81.68,0.0,0.012243062193905732,,460609164.0,writer/writer-framework,Python
src/writer/ai/__init__.py,37,callable,ok,src.writer.ai.Graph.stream_ask,src.writer.ai.Graph.stream_ask,b244cac72903932e291bce404c9068d81b4218b1,2025-02-25T12:04:56+03:00,b244cac72903932e291bce404c9068d81b4218b1,2025-02-25T12:04:56+03:00,1,514,0.016129032258064516,,,False,False,1,0,81.68,0.0,0.012243062193905732,,460609164.0,writer/writer-framework,Python
src/writer/ai/__init__.py,38,callable,ok,src.writer.ai.Graph.ask,src.writer.ai.Graph.ask,b244cac72903932e291bce404c9068d81b4218b1,2025-02-25T12:04:56+03:00,b244cac72903932e291bce404c9068d81b4218b1,2025-02-25T12:04:56+03:00,1,514,0.022727272727272728,,,False,False,1,0,81.68,0.0,0.012243062193905732,,460609164.0,writer/writer-framework,Python
src/writer/ai/__init__.py,39,callable,ok,src.writer.ai.File.__init__,src.writer.ai.File.__init__,b244cac72903932e291bce404c9068d81b4218b1,2025-02-25T12:04:56+03:00,b244cac72903932e291bce404c9068d81b4218b1,2025-02-25T12:04:56+03:00,1,514,0.125,,,False,False,1,0,81.68,0.0,0.012243062193905732,,460609164.0,writer/writer-framework,Python
src/writer/ai/__init__.py,40,callable,ok,src.writer.ai.File._retrieve_files_accessor,src.writer.ai.File._retrieve_files_accessor,b244cac72903932e291bce404c9068d81b4218b1,2025-02-25T12:04:56+03:00,b244cac72903932e291bce404c9068d81b4218b1,2025-02-25T12:04:56+03:00,1,514,0.125,,,False,False,1,0,81.68,0.0,0.012243062193905732,,460609164.0,writer/writer-framework,Python
src/writer/ai/__init__.py,41,callable,ok,src.writer.ai.File.id,src.writer.ai.File.id,b244cac72903932e291bce404c9068d81b4218b1,2025-02-25T12:04:56+03:00,b244cac72903932e291bce404c9068d81b4218b1,2025-02-25T12:04:56+03:00,1,514,0.5,,,False,False,1,0,81.68,0.0,0.012243062193905732,,460609164.0,writer/writer-framework,Python
src/writer/ai/__init__.py,42,callable,ok,src.writer.ai.File.created_at,src.writer.ai.File.created_at,b244cac72903932e291bce404c9068d81b4218b1,2025-02-25T12:04:56+03:00,b244cac72903932e291bce404c9068d81b4218b1,2025-02-25T12:04:56+03:00,1,514,0.5,,,False,False,1,0,81.68,0.0,0.012243062193905732,,460609164.0,writer/writer-framework,Python
src/writer/ai/__init__.py,43,callable,ok,src.writer.ai.File.graph_ids,src.writer.ai.File.graph_ids,b244cac72903932e291bce404c9068d81b4218b1,2025-02-25T12:04:56+03:00,b244cac72903932e291bce404c9068d81b4218b1,2025-02-25T12:04:56+03:00,1,514,0.5,,,False,False,1,0,81.68,0.0,0.012243062193905732,,460609164.0,writer/writer-framework,Python
src/writer/ai/__init__.py,44,callable,ok,src.writer.ai.File.name,src.writer.ai.File.name,b244cac72903932e291bce404c9068d81b4218b1,2025-02-25T12:04:56+03:00,b244cac72903932e291bce404c9068d81b4218b1,2025-02-25T12:04:56+03:00,1,514,0.5,,,False,False,1,0,81.68,0.0,0.012243062193905732,,460609164.0,writer/writer-framework,Python
src/writer/ai/__init__.py,45,callable,ok,src.writer.ai.File.download,src.writer.ai.File.download,b244cac72903932e291bce404c9068d81b4218b1,2025-02-25T12:04:56+03:00,b244cac72903932e291bce404c9068d81b4218b1,2025-02-25T12:04:56+03:00,1,514,0.1111111111111111,,,False,False,1,0,81.68,0.0,0.012243062193905732,,460609164.0,writer/writer-framework,Python
src/writer/ai/__init__.py,46,callable,ok,src.writer.ai.Conversation.validate_message,src.writer.ai.Conversation.validate_message,b244cac72903932e291bce404c9068d81b4218b1,2025-02-25T12:04:56+03:00,b244cac72903932e291bce404c9068d81b4218b1,2025-02-25T12:04:56+03:00,1,514,0.03225806451612903,,,False,False,1,0,81.68,0.0,0.012243062193905732,,460609164.0,writer/writer-framework,Python
src/writer/ai/__init__.py,47,callable,ok,src.writer.ai.Conversation.__init__,src.writer.ai.Conversation.__init__,b244cac72903932e291bce404c9068d81b4218b1,2025-02-25T12:04:56+03:00,b244cac72903932e291bce404c9068d81b4218b1,2025-02-25T12:04:56+03:00,1,514,0.02040816326530612,,,False,False,1,0,81.68,0.0,0.012243062193905732,,460609164.0,writer/writer-framework,Python
src/writer/ai/__init__.py,48,callable,ok,src.writer.ai.Conversation._merge_chunk_to_last_message,src.writer.ai.Conversation._merge_chunk_to_last_message,b244cac72903932e291bce404c9068d81b4218b1,2025-02-25T12:04:56+03:00,b244cac72903932e291bce404c9068d81b4218b1,2025-02-25T12:04:56+03:00,1,514,0.013157894736842105,,,False,False,1,0,81.68,0.0,0.012243062193905732,,460609164.0,writer/writer-framework,Python
src/writer/ai/__init__.py,49,callable,ok,src.writer.ai.Conversation._prepare_message,src.writer.ai.Conversation._prepare_message,b244cac72903932e291bce404c9068d81b4218b1,2025-02-25T12:04:56+03:00,b244cac72903932e291bce404c9068d81b4218b1,2025-02-25T12:04:56+03:00,1,514,0.034482758620689655,,,False,False,1,0,81.68,0.0,0.012243062193905732,,460609164.0,writer/writer-framework,Python
src/writer/ai/__init__.py,50,callable,ok,src.writer.ai.Conversation._register_callable,src.writer.ai.Conversation._register_callable,b244cac72903932e291bce404c9068d81b4218b1,2025-02-25T12:04:56+03:00,b244cac72903932e291bce404c9068d81b4218b1,2025-02-25T12:04:56+03:00,1,514,0.05,,,False,False,1,0,81.68,0.0,0.012243062193905732,,460609164.0,writer/writer-framework,Python
src/writer/ai/__init__.py,51,callable,ok,src.writer.ai.Conversation._clear_callable_registry,src.writer.ai.Conversation._clear_callable_registry,b244cac72903932e291bce404c9068d81b4218b1,2025-02-25T12:04:56+03:00,b244cac72903932e291bce404c9068d81b4218b1,2025-02-25T12:04:56+03:00,1,514,0.2,,,False,False,1,0,81.68,0.0,0.012243062193905732,,460609164.0,writer/writer-framework,Python
src/writer/ai/__init__.py,52,callable,ok,src.writer.ai.Conversation._clear_ongoing_tool_calls,src.writer.ai.Conversation._clear_ongoing_tool_calls,b244cac72903932e291bce404c9068d81b4218b1,2025-02-25T12:04:56+03:00,b244cac72903932e291bce404c9068d81b4218b1,2025-02-25T12:04:56+03:00,1,514,0.2,,,False,False,1,0,81.68,0.0,0.012243062193905732,,460609164.0,writer/writer-framework,Python
src/writer/ai/__init__.py,53,callable,ok,src.writer.ai.Conversation._clear_tool_calls_helpers,src.writer.ai.Conversation._clear_tool_calls_helpers,b244cac72903932e291bce404c9068d81b4218b1,2025-02-25T12:04:56+03:00,b244cac72903932e291bce404c9068d81b4218b1,2025-02-25T12:04:56+03:00,1,514,0.3333333333333333,,,False,False,1,0,81.68,0.0,0.012243062193905732,,460609164.0,writer/writer-framework,Python
src/writer/ai/__init__.py,54,callable,ok,src.writer.ai.Conversation._tool_calls_ready,src.writer.ai.Conversation._tool_calls_ready,b244cac72903932e291bce404c9068d81b4218b1,2025-02-25T12:04:56+03:00,b244cac72903932e291bce404c9068d81b4218b1,2025-02-25T12:04:56+03:00,1,514,0.14285714285714285,,,False,False,1,0,81.68,0.0,0.012243062193905732,,460609164.0,writer/writer-framework,Python
src/writer/ai/__init__.py,55,callable,ok,src.writer.ai.Conversation._gather_tool_calls_messages,src.writer.ai.Conversation._gather_tool_calls_messages,b244cac72903932e291bce404c9068d81b4218b1,2025-02-25T12:04:56+03:00,b244cac72903932e291bce404c9068d81b4218b1,2025-02-25T12:04:56+03:00,1,514,0.0625,,,False,False,1,0,81.68,0.0,0.012243062193905732,,460609164.0,writer/writer-framework,Python
src/writer/ai/__init__.py,56,callable,ok,src.writer.ai.Conversation._gather_tool_calls_results,src.writer.ai.Conversation._gather_tool_calls_results,b244cac72903932e291bce404c9068d81b4218b1,2025-02-25T12:04:56+03:00,b244cac72903932e291bce404c9068d81b4218b1,2025-02-25T12:04:56+03:00,1,514,0.5,,,False,False,1,0,81.68,0.0,0.012243062193905732,,460609164.0,writer/writer-framework,Python
src/writer/ai/__init__.py,57,callable,ok,src.writer.ai.Conversation._prepare_tool,src.writer.ai.Conversation._prepare_tool,b244cac72903932e291bce404c9068d81b4218b1,2025-02-25T12:04:56+03:00,b244cac72903932e291bce404c9068d81b4218b1,2025-02-25T12:04:56+03:00,1,514,0.004149377593360996,,,False,False,1,0,81.68,0.0,0.012243062193905732,,460609164.0,writer/writer-framework,Python
src/writer/ai/__init__.py,58,callable,ok,src.writer.ai.Conversation.__add__,src.writer.ai.Conversation.__add__,b244cac72903932e291bce404c9068d81b4218b1,2025-02-25T12:04:56+03:00,b244cac72903932e291bce404c9068d81b4218b1,2025-02-25T12:04:56+03:00,1,514,0.03125,,,False,False,1,0,81.68,0.0,0.012243062193905732,,460609164.0,writer/writer-framework,Python
src/writer/ai/__init__.py,59,callable,ok,src.writer.ai.Conversation.add,src.writer.ai.Conversation.add,b244cac72903932e291bce404c9068d81b4218b1,2025-02-25T12:04:56+03:00,b244cac72903932e291bce404c9068d81b4218b1,2025-02-25T12:04:56+03:00,1,514,0.08333333333333333,,,False,False,1,0,81.68,0.0,0.012243062193905732,,460609164.0,writer/writer-framework,Python
src/writer/ai/__init__.py,60,callable,ok,src.writer.ai.Conversation._send_chat_request,src.writer.ai.Conversation._send_chat_request,b244cac72903932e291bce404c9068d81b4218b1,2025-02-25T12:04:56+03:00,b244cac72903932e291bce404c9068d81b4218b1,2025-02-25T12:04:56+03:00,1,514,0.023809523809523808,,,False,False,1,0,81.68,0.0,0.012243062193905732,,460609164.0,writer/writer-framework,Python
src/writer/ai/__init__.py,61,callable,ok,src.writer.ai.Conversation._convert_argument_to_type,src.writer.ai.Conversation._convert_argument_to_type,b244cac72903932e291bce404c9068d81b4218b1,2025-02-25T12:04:56+03:00,b244cac72903932e291bce404c9068d81b4218b1,2025-02-25T12:04:56+03:00,1,514,0.025,,,False,False,1,0,81.68,0.0,0.012243062193905732,,460609164.0,writer/writer-framework,Python
src/writer/ai/__init__.py,62,callable,ok,src.writer.ai.Conversation._check_if_arguments_are_required,src.writer.ai.Conversation._check_if_arguments_are_required,b244cac72903932e291bce404c9068d81b4218b1,2025-02-25T12:04:56+03:00,b244cac72903932e291bce404c9068d81b4218b1,2025-02-25T12:04:56+03:00,1,514,0.08333333333333333,,,False,False,1,0,81.68,0.0,0.012243062193905732,,460609164.0,writer/writer-framework,Python
src/writer/ai/__init__.py,63,callable,ok,src.writer.ai.Conversation._execute_function_tool_call,src.writer.ai.Conversation._execute_function_tool_call,b244cac72903932e291bce404c9068d81b4218b1,2025-02-25T12:04:56+03:00,b244cac72903932e291bce404c9068d81b4218b1,2025-02-25T12:04:56+03:00,1,514,0.011111111111111112,,,False,False,1,0,81.68,0.0,0.012243062193905732,,460609164.0,writer/writer-framework,Python
src/writer/ai/__init__.py,64,callable,ok,src.writer.ai.Conversation._process_tool_call,src.writer.ai.Conversation._process_tool_call,b244cac72903932e291bce404c9068d81b4218b1,2025-02-25T12:04:56+03:00,b244cac72903932e291bce404c9068d81b4218b1,2025-02-25T12:04:56+03:00,1,514,0.011764705882352941,,,False,False,1,0,81.68,0.0,0.012243062193905732,,460609164.0,writer/writer-framework,Python
src/writer/ai/__init__.py,65,callable,ok,src.writer.ai.Conversation._process_tool_calls,src.writer.ai.Conversation._process_tool_calls,b244cac72903932e291bce404c9068d81b4218b1,2025-02-25T12:04:56+03:00,b244cac72903932e291bce404c9068d81b4218b1,2025-02-25T12:04:56+03:00,1,514,0.07142857142857142,,,False,False,1,0,81.68,0.0,0.012243062193905732,,460609164.0,writer/writer-framework,Python
src/writer/ai/__init__.py,66,callable,ok,src.writer.ai.Conversation._process_streaming_tool_calls,src.writer.ai.Conversation._process_streaming_tool_calls,b244cac72903932e291bce404c9068d81b4218b1,2025-02-25T12:04:56+03:00,b244cac72903932e291bce404c9068d81b4218b1,2025-02-25T12:04:56+03:00,1,514,0.06666666666666667,,,False,False,1,0,81.68,0.0,0.012243062193905732,,460609164.0,writer/writer-framework,Python
src/writer/ai/__init__.py,67,callable,ok,src.writer.ai.Conversation._prepare_received_message_for_history,src.writer.ai.Conversation._prepare_received_message_for_history,b244cac72903932e291bce404c9068d81b4218b1,2025-02-25T12:04:56+03:00,b244cac72903932e291bce404c9068d81b4218b1,2025-02-25T12:04:56+03:00,1,514,0.07142857142857142,,,False,False,1,0,81.68,0.0,0.012243062193905732,,460609164.0,writer/writer-framework,Python
src/writer/ai/__init__.py,68,callable,ok,src.writer.ai.Conversation._process_response_data,src.writer.ai.Conversation._process_response_data,b244cac72903932e291bce404c9068d81b4218b1,2025-02-25T12:04:56+03:00,b244cac72903932e291bce404c9068d81b4218b1,2025-02-25T12:04:56+03:00,1,514,0.018867924528301886,,,False,False,1,0,81.68,0.0,0.012243062193905732,,460609164.0,writer/writer-framework,Python
src/writer/ai/__init__.py,69,callable,ok,src.writer.ai.Conversation._process_stream_response,src.writer.ai.Conversation._process_stream_response,b244cac72903932e291bce404c9068d81b4218b1,2025-02-25T12:04:56+03:00,b244cac72903932e291bce404c9068d81b4218b1,2025-02-25T12:04:56+03:00,1,514,0.015873015873015872,,,False,False,1,0,81.68,0.0,0.012243062193905732,,460609164.0,writer/writer-framework,Python
src/writer/ai/__init__.py,70,callable,ok,src.writer.ai.Conversation.complete,src.writer.ai.Conversation.complete,b244cac72903932e291bce404c9068d81b4218b1,2025-02-25T12:04:56+03:00,b244cac72903932e291bce404c9068d81b4218b1,2025-02-25T12:04:56+03:00,1,514,0.01639344262295082,,,False,False,1,0,81.68,0.0,0.012243062193905732,,460609164.0,writer/writer-framework,Python
src/writer/ai/__init__.py,71,callable,ok,src.writer.ai.Conversation.stream_complete,src.writer.ai.Conversation.stream_complete,b244cac72903932e291bce404c9068d81b4218b1,2025-02-25T12:04:56+03:00,b244cac72903932e291bce404c9068d81b4218b1,2025-02-25T12:04:56+03:00,1,514,0.017543859649122806,,,False,False,1,0,81.68,0.0,0.012243062193905732,,460609164.0,writer/writer-framework,Python
src/writer/ai/__init__.py,72,callable,ok,src.writer.ai.Conversation._is_serialized,src.writer.ai.Conversation._is_serialized,b244cac72903932e291bce404c9068d81b4218b1,2025-02-25T12:04:56+03:00,b244cac72903932e291bce404c9068d81b4218b1,2025-02-25T12:04:56+03:00,1,514,0.058823529411764705,,,False,False,1,0,81.68,0.0,0.012243062193905732,,460609164.0,writer/writer-framework,Python
src/writer/ai/__init__.py,73,callable,ok,src.writer.ai.Conversation._serialize_message,src.writer.ai.Conversation._serialize_message,b244cac72903932e291bce404c9068d81b4218b1,2025-02-25T12:04:56+03:00,b244cac72903932e291bce404c9068d81b4218b1,2025-02-25T12:04:56+03:00,1,514,0.16666666666666666,,,False,False,1,0,81.68,0.0,0.012243062193905732,,460609164.0,writer/writer-framework,Python
src/writer/ai/__init__.py,74,callable,ok,src.writer.ai.Conversation.serialized_messages,src.writer.ai.Conversation.serialized_messages,b244cac72903932e291bce404c9068d81b4218b1,2025-02-25T12:04:56+03:00,b244cac72903932e291bce404c9068d81b4218b1,2025-02-25T12:04:56+03:00,1,514,0.06666666666666667,,,False,False,1,0,81.68,0.0,0.012243062193905732,,460609164.0,writer/writer-framework,Python
src/writer/ai/__init__.py,75,callable,ok,src.writer.ai.Apps.list,src.writer.ai.Apps.list,b244cac72903932e291bce404c9068d81b4218b1,2025-02-25T12:04:56+03:00,b244cac72903932e291bce404c9068d81b4218b1,2025-02-25T12:04:56+03:00,1,514,0.038461538461538464,,,False,False,1,0,81.68,0.0,0.012243062193905732,,460609164.0,writer/writer-framework,Python
src/writer/ai/__init__.py,76,callable,ok,src.writer.ai.Apps.retrieve,src.writer.ai.Apps.retrieve,b244cac72903932e291bce404c9068d81b4218b1,2025-02-25T12:04:56+03:00,b244cac72903932e291bce404c9068d81b4218b1,2025-02-25T12:04:56+03:00,1,514,0.03225806451612903,,,False,False,1,0,81.68,0.0,0.012243062193905732,,460609164.0,writer/writer-framework,Python
src/writer/ai/__init__.py,77,callable,ok,src.writer.ai.Apps.generate_content,src.writer.ai.Apps.generate_content,b244cac72903932e291bce404c9068d81b4218b1,2025-02-25T12:04:56+03:00,b244cac72903932e291bce404c9068d81b4218b1,2025-02-25T12:04:56+03:00,1,514,0.010416666666666666,,,False,False,1,0,81.68,0.0,0.012243062193905732,,460609164.0,writer/writer-framework,Python
src/writer/ai/__init__.py,78,callable,ok,src.writer.ai.Apps.retry_job,src.writer.ai.Apps.retry_job,b244cac72903932e291bce404c9068d81b4218b1,2025-02-25T12:04:56+03:00,b244cac72903932e291bce404c9068d81b4218b1,2025-02-25T12:04:56+03:00,1,514,0.03333333333333333,,,False,False,1,0,81.68,0.0,0.012243062193905732,,460609164.0,writer/writer-framework,Python
src/writer/ai/__init__.py,79,callable,ok,src.writer.ai.Apps.retrieve_jobs,src.writer.ai.Apps.retrieve_jobs,b244cac72903932e291bce404c9068d81b4218b1,2025-02-25T12:04:56+03:00,b244cac72903932e291bce404c9068d81b4218b1,2025-02-25T12:04:56+03:00,1,514,0.03125,,,False,False,1,0,81.68,0.0,0.012243062193905732,,460609164.0,writer/writer-framework,Python
src/writer/ai/__init__.py,80,callable,ok,src.writer.ai.Apps.retrieve_job,src.writer.ai.Apps.retrieve_job,b244cac72903932e291bce404c9068d81b4218b1,2025-02-25T12:04:56+03:00,b244cac72903932e291bce404c9068d81b4218b1,2025-02-25T12:04:56+03:00,1,514,0.03333333333333333,,,False,False,1,0,81.68,0.0,0.012243062193905732,,460609164.0,writer/writer-framework,Python
src/writer/ai/__init__.py,81,callable,ok,src.writer.ai.Apps.retrieve_graphs,src.writer.ai.Apps.retrieve_graphs,b244cac72903932e291bce404c9068d81b4218b1,2025-02-25T12:04:56+03:00,b244cac72903932e291bce404c9068d81b4218b1,2025-02-25T12:04:56+03:00,1,514,0.03333333333333333,,,False,False,1,0,81.68,0.0,0.012243062193905732,,460609164.0,writer/writer-framework,Python
src/writer/ai/__init__.py,82,callable,ok,src.writer.ai.Apps.associate_graphs,src.writer.ai.Apps.associate_graphs,b244cac72903932e291bce404c9068d81b4218b1,2025-02-25T12:04:56+03:00,b244cac72903932e291bce404c9068d81b4218b1,2025-02-25T12:04:56+03:00,1,514,0.030303030303030304,,,False,False,1,0,81.68,0.0,0.012243062193905732,,460609164.0,writer/writer-framework,Python
src/writer/ai/__init__.py,83,callable,ok,src.writer.ai.Tools._retrieve_tools_accessor,src.writer.ai.Tools._retrieve_tools_accessor,b244cac72903932e291bce404c9068d81b4218b1,2025-02-25T12:04:56+03:00,b244cac72903932e291bce404c9068d81b4218b1,2025-02-25T12:04:56+03:00,1,514,0.5,,,False,False,1,0,81.68,0.0,0.012243062193905732,,460609164.0,writer/writer-framework,Python
src/writer/ai/__init__.py,84,callable,ok,src.writer.ai.Tools.parse_pdf,src.writer.ai.Tools.parse_pdf,b244cac72903932e291bce404c9068d81b4218b1,2025-02-25T12:04:56+03:00,b244cac72903932e291bce404c9068d81b4218b1,2025-02-25T12:04:56+03:00,1,514,0.022727272727272728,,,False,False,1,0,81.68,0.0,0.012243062193905732,,460609164.0,writer/writer-framework,Python
src/writer/ai/__init__.py,85,callable,ok,src.writer.ai.Tools.split,src.writer.ai.Tools.split,b244cac72903932e291bce404c9068d81b4218b1,2025-02-25T12:04:56+03:00,b244cac72903932e291bce404c9068d81b4218b1,2025-02-25T12:04:56+03:00,1,514,0.05555555555555555,,,False,False,1,0,81.68,0.0,0.012243062193905732,,460609164.0,writer/writer-framework,Python
src/writer/ai/__init__.py,86,callable,ok,src.writer.ai.Tools.comprehend_medical,src.writer.ai.Tools.comprehend_medical,b244cac72903932e291bce404c9068d81b4218b1,2025-02-25T12:04:56+03:00,b244cac72903932e291bce404c9068d81b4218b1,2025-02-25T12:04:56+03:00,1,514,0.05555555555555555,,,False,False,1,0,81.68,0.0,0.012243062193905732,,460609164.0,writer/writer-framework,Python
src/writer/app_runner.py,0,class,ok,src.writer.app_runner.MessageHandlingException,src.writer.app_runner.MessageHandlingException,1e206f5940edeb44823585336df0ab80153b7758,2024-05-17T13:54:16Z,1e206f5940edeb44823585336df0ab80153b7758,2024-05-17T13:54:16Z,1,798,0.5,,,False,False,1,0,365.48,0.0,0.0027361429087441234,,460609164.0,writer/writer-framework,Python
src/writer/app_runner.py,1,class,ok,src.writer.app_runner.SessionPruner,src.writer.app_runner.SessionPruner,1e206f5940edeb44823585336df0ab80153b7758,2024-05-17T13:54:16Z,1e206f5940edeb44823585336df0ab80153b7758,2024-05-17T13:54:16Z,1,798,0.045454545454545456,,,False,False,1,0,365.48,0.0,0.0027361429087441234,,460609164.0,writer/writer-framework,Python
src/writer/app_runner.py,2,class,ok,src.writer.app_runner.AppProcess,src.writer.app_runner.AppProcess,1e206f5940edeb44823585336df0ab80153b7758,2024-05-17T13:54:16Z,1e206f5940edeb44823585336df0ab80153b7758,2024-05-17T13:54:16Z,1,798,0.0027247956403269754,,,False,False,1,0,365.48,0.0,0.0027361429087441234,,460609164.0,writer/writer-framework,Python
src/writer/app_runner.py,3,class,ok,src.writer.app_runner.FileEventHandler,src.writer.app_runner.FileEventHandler,1e206f5940edeb44823585336df0ab80153b7758,2024-05-17T13:54:16Z,1e206f5940edeb44823585336df0ab80153b7758,2024-05-17T13:54:16Z,1,798,0.06666666666666667,,,False,False,1,0,365.48,0.0,0.0027361429087441234,,460609164.0,writer/writer-framework,Python
src/writer/app_runner.py,4,class,ok,src.writer.app_runner.ThreadSafeAsyncEvent,src.writer.app_runner.ThreadSafeAsyncEvent,1e206f5940edeb44823585336df0ab80153b7758,2024-05-17T13:54:16Z,1e206f5940edeb44823585336df0ab80153b7758,2024-05-17T13:54:16Z,1,798,0.09090909090909091,,,False,False,1,0,365.48,0.0,0.0027361429087441234,,460609164.0,writer/writer-framework,Python
src/writer/app_runner.py,5,class,ok,src.writer.app_runner.AppProcessListener,src.writer.app_runner.AppProcessListener,1e206f5940edeb44823585336df0ab80153b7758,2024-05-17T13:54:16Z,1e206f5940edeb44823585336df0ab80153b7758,2024-05-17T13:54:16Z,1,798,0.02631578947368421,,,False,False,1,0,365.48,0.0,0.0027361429087441234,,460609164.0,writer/writer-framework,Python
src/writer/app_runner.py,6,class,ok,src.writer.app_runner.LogListener,src.writer.app_runner.LogListener,1e206f5940edeb44823585336df0ab80153b7758,2024-05-17T13:54:16Z,1e206f5940edeb44823585336df0ab80153b7758,2024-05-17T13:54:16Z,1,798,0.047619047619047616,,,False,False,1,0,365.48,0.0,0.0027361429087441234,,460609164.0,writer/writer-framework,Python
src/writer/app_runner.py,7,class,ok,src.writer.app_runner.AppRunner,src.writer.app_runner.AppRunner,1e206f5940edeb44823585336df0ab80153b7758,2024-05-17T13:54:16Z,1e206f5940edeb44823585336df0ab80153b7758,2024-05-17T13:54:16Z,1,798,0.0033333333333333335,,,False,False,1,0,365.48,0.0,0.0027361429087441234,,460609164.0,writer/writer-framework,Python
src/writer/app_runner.py,0,callable,ok,src.writer.app_runner.SessionPruner.__init__,src.writer.app_runner.SessionPruner.__init__,1e206f5940edeb44823585336df0ab80153b7758,2024-05-17T13:54:16Z,1e206f5940edeb44823585336df0ab80153b7758,2024-05-17T13:54:16Z,1,798,0.25,,,False,False,1,0,365.48,0.0,0.0027361429087441234,,460609164.0,writer/writer-framework,Python
src/writer/app_runner.py,1,callable,ok,src.writer.app_runner.SessionPruner.run,src.writer.app_runner.SessionPruner.run,1e206f5940edeb44823585336df0ab80153b7758,2024-05-17T13:54:16Z,1e206f5940edeb44823585336df0ab80153b7758,2024-05-17T13:54:16Z,1,798,0.1111111111111111,,,False,False,1,0,365.48,0.0,0.0027361429087441234,,460609164.0,writer/writer-framework,Python
src/writer/app_runner.py,2,callable,ok,src.writer.app_runner.AppProcess.__init__,src.writer.app_runner.AppProcess.__init__,1e206f5940edeb44823585336df0ab80153b7758,2024-05-17T13:54:16Z,1e206f5940edeb44823585336df0ab80153b7758,2024-05-17T13:54:16Z,1,798,0.05,,,False,False,1,0,365.48,0.0,0.0027361429087441234,,460609164.0,writer/writer-framework,Python
src/writer/app_runner.py,3,callable,ok,src.writer.app_runner.AppProcess._load_module,src.writer.app_runner.AppProcess._load_module,1e206f5940edeb44823585336df0ab80153b7758,2024-05-17T13:54:16Z,1e206f5940edeb44823585336df0ab80153b7758,2024-05-17T13:54:16Z,1,798,0.07142857142857142,,,False,False,1,0,365.48,0.0,0.0027361429087441234,,460609164.0,writer/writer-framework,Python
src/writer/app_runner.py,4,callable,ok,src.writer.app_runner.AppProcess._get_user_functions,src.writer.app_runner.AppProcess._get_user_functions,1e206f5940edeb44823585336df0ab80153b7758,2024-05-17T13:54:16Z,1e206f5940edeb44823585336df0ab80153b7758,2024-05-17T13:54:16Z,1,798,0.16666666666666666,,,False,False,1,0,365.48,0.0,0.0027361429087441234,,460609164.0,writer/writer-framework,Python
src/writer/app_runner.py,5,callable,ok,src.writer.app_runner.AppProcess._handle_session_init,src.writer.app_runner.AppProcess._handle_session_init,1e206f5940edeb44823585336df0ab80153b7758,2024-05-17T13:54:16Z,1e206f5940edeb44823585336df0ab80153b7758,2024-05-17T13:54:16Z,1,798,0.030303030303030304,,,False,False,1,0,365.48,0.0,0.0027361429087441234,,460609164.0,writer/writer-framework,Python
src/writer/app_runner.py,6,callable,ok,src.writer.app_runner.AppProcess._handle_event,src.writer.app_runner.AppProcess._handle_event,1e206f5940edeb44823585336df0ab80153b7758,2024-05-17T13:54:16Z,1e206f5940edeb44823585336df0ab80153b7758,2024-05-17T13:54:16Z,1,798,0.038461538461538464,,,False,False,1,0,365.48,0.0,0.0027361429087441234,,460609164.0,writer/writer-framework,Python
src/writer/app_runner.py,7,callable,ok,src.writer.app_runner.AppProcess._handle_state_enquiry,src.writer.app_runner.AppProcess._handle_state_enquiry,1e206f5940edeb44823585336df0ab80153b7758,2024-05-17T13:54:16Z,1e206f5940edeb44823585336df0ab80153b7758,2024-05-17T13:54:16Z,1,798,0.043478260869565216,,,False,False,1,0,365.48,0.0,0.0027361429087441234,,460609164.0,writer/writer-framework,Python
src/writer/app_runner.py,8,callable,ok,src.writer.app_runner.AppProcess._handle_component_update,src.writer.app_runner.AppProcess._handle_component_update,1e206f5940edeb44823585336df0ab80153b7758,2024-05-17T13:54:16Z,1e206f5940edeb44823585336df0ab80153b7758,2024-05-17T13:54:16Z,1,798,0.25,,,False,False,1,0,365.48,0.0,0.0027361429087441234,,460609164.0,writer/writer-framework,Python
src/writer/app_runner.py,9,callable,ok,src.writer.app_runner.AppProcess._handle_message,src.writer.app_runner.AppProcess._handle_message,1e206f5940edeb44823585336df0ab80153b7758,2024-05-17T13:54:16Z,1e206f5940edeb44823585336df0ab80153b7758,2024-05-17T13:54:16Z,1,798,0.015625,,,False,False,1,0,365.48,0.0,0.0027361429087441234,,460609164.0,writer/writer-framework,Python
src/writer/app_runner.py,10,callable,ok,src.writer.app_runner.AppProcess._execute_user_code,src.writer.app_runner.AppProcess._execute_user_code,1e206f5940edeb44823585336df0ab80153b7758,2024-05-17T13:54:16Z,1e206f5940edeb44823585336df0ab80153b7758,2024-05-17T13:54:16Z,1,798,0.038461538461538464,,,False,False,1,0,365.48,0.0,0.0027361429087441234,,460609164.0,writer/writer-framework,Python
src/writer/app_runner.py,11,callable,ok,src.writer.app_runner.AppProcess._apply_configuration,src.writer.app_runner.AppProcess._apply_configuration,1e206f5940edeb44823585336df0ab80153b7758,2024-05-17T13:54:16Z,1e206f5940edeb44823585336df0ab80153b7758,2024-05-17T13:54:16Z,1,798,0.1,,,False,False,1,0,365.48,0.0,0.0027361429087441234,,460609164.0,writer/writer-framework,Python
src/writer/app_runner.py,12,callable,ok,src.writer.app_runner.AppProcess._terminate_early,src.writer.app_runner.AppProcess._terminate_early,1e206f5940edeb44823585336df0ab80153b7758,2024-05-17T13:54:16Z,1e206f5940edeb44823585336df0ab80153b7758,2024-05-17T13:54:16Z,1,798,0.2,,,False,False,1,0,365.48,0.0,0.0027361429087441234,,460609164.0,writer/writer-framework,Python
src/writer/app_runner.py,13,callable,ok,src.writer.app_runner.AppProcess._main,src.writer.app_runner.AppProcess._main,1e206f5940edeb44823585336df0ab80153b7758,2024-05-17T13:54:16Z,1e206f5940edeb44823585336df0ab80153b7758,2024-05-17T13:54:16Z,1,798,0.025,,,False,False,1,0,365.48,0.0,0.0027361429087441234,,460609164.0,writer/writer-framework,Python
src/writer/app_runner.py,14,callable,ok,src.writer.app_runner.AppProcess._handle_message_and_get_packet,src.writer.app_runner.AppProcess._handle_message_and_get_packet,1e206f5940edeb44823585336df0ab80153b7758,2024-05-17T13:54:16Z,1e206f5940edeb44823585336df0ab80153b7758,2024-05-17T13:54:16Z,1,798,0.07142857142857142,,,False,False,1,0,365.48,0.0,0.0027361429087441234,,460609164.0,writer/writer-framework,Python
src/writer/app_runner.py,15,callable,ok,src.writer.app_runner.AppProcess._send_packet,src.writer.app_runner.AppProcess._send_packet,1e206f5940edeb44823585336df0ab80153b7758,2024-05-17T13:54:16Z,1e206f5940edeb44823585336df0ab80153b7758,2024-05-17T13:54:16Z,1,798,0.2,,,False,False,1,0,365.48,0.0,0.0027361429087441234,,460609164.0,writer/writer-framework,Python
src/writer/app_runner.py,16,callable,ok,src.writer.app_runner.AppProcess._run_app_process_server,src.writer.app_runner.AppProcess._run_app_process_server,1e206f5940edeb44823585336df0ab80153b7758,2024-05-17T13:54:16Z,1e206f5940edeb44823585336df0ab80153b7758,2024-05-17T13:54:16Z,1,798,0.022727272727272728,,,False,False,1,0,365.48,0.0,0.0027361429087441234,,460609164.0,writer/writer-framework,Python
src/writer/app_runner.py,17,callable,ok,src.writer.app_runner.AppProcess._handle_app_process_server_packet,src.writer.app_runner.AppProcess._handle_app_process_server_packet,1e206f5940edeb44823585336df0ab80153b7758,2024-05-17T13:54:16Z,1e206f5940edeb44823585336df0ab80153b7758,2024-05-17T13:54:16Z,1,798,0.2,,,False,False,1,0,365.48,0.0,0.0027361429087441234,,460609164.0,writer/writer-framework,Python
src/writer/app_runner.py,18,callable,ok,src.writer.app_runner.AppProcess.run,src.writer.app_runner.AppProcess.run,1e206f5940edeb44823585336df0ab80153b7758,2024-05-17T13:54:16Z,1e206f5940edeb44823585336df0ab80153b7758,2024-05-17T13:54:16Z,1,798,0.25,,,False,False,1,0,365.48,0.0,0.0027361429087441234,,460609164.0,writer/writer-framework,Python
src/writer/app_runner.py,19,callable,ok,src.writer.app_runner.FileEventHandler.__init__,src.writer.app_runner.FileEventHandler.__init__,1e206f5940edeb44823585336df0ab80153b7758,2024-05-17T13:54:16Z,1e206f5940edeb44823585336df0ab80153b7758,2024-05-17T13:54:16Z,1,798,0.25,,,False,False,1,0,365.48,0.0,0.0027361429087441234,,460609164.0,writer/writer-framework,Python
src/writer/app_runner.py,20,callable,ok,src.writer.app_runner.FileEventHandler.on_any_event,src.writer.app_runner.FileEventHandler.on_any_event,1e206f5940edeb44823585336df0ab80153b7758,2024-05-17T13:54:16Z,1e206f5940edeb44823585336df0ab80153b7758,2024-05-17T13:54:16Z,1,798,0.25,,,False,False,1,0,365.48,0.0,0.0027361429087441234,,460609164.0,writer/writer-framework,Python
src/writer/app_runner.py,21,callable,ok,src.writer.app_runner.ThreadSafeAsyncEvent.__init__,src.writer.app_runner.ThreadSafeAsyncEvent.__init__,1e206f5940edeb44823585336df0ab80153b7758,2024-05-17T13:54:16Z,1e206f5940edeb44823585336df0ab80153b7758,2024-05-17T13:54:16Z,1,798,0.25,,,False,False,1,0,365.48,0.0,0.0027361429087441234,,460609164.0,writer/writer-framework,Python
src/writer/app_runner.py,22,callable,ok,src.writer.app_runner.ThreadSafeAsyncEvent.set,src.writer.app_runner.ThreadSafeAsyncEvent.set,1e206f5940edeb44823585336df0ab80153b7758,2024-05-17T13:54:16Z,1e206f5940edeb44823585336df0ab80153b7758,2024-05-17T13:54:16Z,1,798,0.5,,,False,False,1,0,365.48,0.0,0.0027361429087441234,,460609164.0,writer/writer-framework,Python
src/writer/app_runner.py,23,callable,ok,src.writer.app_runner.AppProcessListener.__init__,src.writer.app_runner.AppProcessListener.__init__,1e206f5940edeb44823585336df0ab80153b7758,2024-05-17T13:54:16Z,1e206f5940edeb44823585336df0ab80153b7758,2024-05-17T13:54:16Z,1,798,0.1,,,False,False,1,0,365.48,0.0,0.0027361429087441234,,460609164.0,writer/writer-framework,Python
src/writer/app_runner.py,24,callable,ok,src.writer.app_runner.AppProcessListener.run,src.writer.app_runner.AppProcessListener.run,1e206f5940edeb44823585336df0ab80153b7758,2024-05-17T13:54:16Z,1e206f5940edeb44823585336df0ab80153b7758,2024-05-17T13:54:16Z,1,798,0.05,,,False,False,1,0,365.48,0.0,0.0027361429087441234,,460609164.0,writer/writer-framework,Python
src/writer/app_runner.py,25,callable,ok,src.writer.app_runner.LogListener.__init__,src.writer.app_runner.LogListener.__init__,1e206f5940edeb44823585336df0ab80153b7758,2024-05-17T13:54:16Z,1e206f5940edeb44823585336df0ab80153b7758,2024-05-17T13:54:16Z,1,798,0.14285714285714285,,,False,False,1,0,365.48,0.0,0.0027361429087441234,,460609164.0,writer/writer-framework,Python
src/writer/app_runner.py,26,callable,ok,src.writer.app_runner.LogListener.run,src.writer.app_runner.LogListener.run,1e206f5940edeb44823585336df0ab80153b7758,2024-05-17T13:54:16Z,1e206f5940edeb44823585336df0ab80153b7758,2024-05-17T13:54:16Z,1,798,0.16666666666666666,,,False,False,1,0,365.48,0.0,0.0027361429087441234,,460609164.0,writer/writer-framework,Python
src/writer/app_runner.py,27,callable,ok,src.writer.app_runner.AppRunner.__init__,src.writer.app_runner.AppRunner.__init__,1e206f5940edeb44823585336df0ab80153b7758,2024-05-17T13:54:16Z,1e206f5940edeb44823585336df0ab80153b7758,2024-05-17T13:54:16Z,1,798,0.041666666666666664,,,False,False,1,0,365.48,0.0,0.0027361429087441234,,460609164.0,writer/writer-framework,Python
src/writer/app_runner.py,28,callable,ok,src.writer.app_runner.AppRunner.hook_to_running_event_loop,src.writer.app_runner.AppRunner.hook_to_running_event_loop,1e206f5940edeb44823585336df0ab80153b7758,2024-05-17T13:54:16Z,1e206f5940edeb44823585336df0ab80153b7758,2024-05-17T13:54:16Z,1,798,0.1111111111111111,,,False,False,1,0,365.48,0.0,0.0027361429087441234,,460609164.0,writer/writer-framework,Python
src/writer/app_runner.py,29,callable,ok,src.writer.app_runner.AppRunner._set_logger,src.writer.app_runner.AppRunner._set_logger,1e206f5940edeb44823585336df0ab80153b7758,2024-05-17T13:54:16Z,1e206f5940edeb44823585336df0ab80153b7758,2024-05-17T13:54:16Z,1,798,0.2,,,False,False,1,0,365.48,0.0,0.0027361429087441234,,460609164.0,writer/writer-framework,Python
src/writer/app_runner.py,30,callable,ok,src.writer.app_runner.AppRunner._set_observer,src.writer.app_runner.AppRunner._set_observer,1e206f5940edeb44823585336df0ab80153b7758,2024-05-17T13:54:16Z,1e206f5940edeb44823585336df0ab80153b7758,2024-05-17T13:54:16Z,1,798,0.25,,,False,False,1,0,365.48,0.0,0.0027361429087441234,,460609164.0,writer/writer-framework,Python
src/writer/app_runner.py,31,callable,ok,src.writer.app_runner.AppRunner.load,src.writer.app_runner.AppRunner.load,1e206f5940edeb44823585336df0ab80153b7758,2024-05-17T13:54:16Z,1e206f5940edeb44823585336df0ab80153b7758,2024-05-17T13:54:16Z,1,798,0.05263157894736842,,,False,False,1,0,365.48,0.0,0.0027361429087441234,,460609164.0,writer/writer-framework,Python
src/writer/app_runner.py,32,callable,ok,src.writer.app_runner.AppRunner.dispatch_message,src.writer.app_runner.AppRunner.dispatch_message,1e206f5940edeb44823585336df0ab80153b7758,2024-05-17T13:54:16Z,1e206f5940edeb44823585336df0ab80153b7758,2024-05-17T13:54:16Z,1,798,0.030303030303030304,,,False,False,1,0,365.48,0.0,0.0027361429087441234,,460609164.0,writer/writer-framework,Python
src/writer/app_runner.py,33,callable,ok,src.writer.app_runner.AppRunner._load_persisted_script,src.writer.app_runner.AppRunner._load_persisted_script,1e206f5940edeb44823585336df0ab80153b7758,2024-05-17T13:54:16Z,1e206f5940edeb44823585336df0ab80153b7758,2024-05-17T13:54:16Z,1,798,0.1,,,False,False,1,0,365.48,0.0,0.0027361429087441234,,460609164.0,writer/writer-framework,Python
src/writer/app_runner.py,34,callable,ok,src.writer.app_runner.AppRunner._load_persisted_components,src.writer.app_runner.AppRunner._load_persisted_components,1e206f5940edeb44823585336df0ab80153b7758,2024-05-17T13:54:16Z,1e206f5940edeb44823585336df0ab80153b7758,2024-05-17T13:54:16Z,1,798,0.0625,,,False,False,1,0,365.48,0.0,0.0027361429087441234,,460609164.0,writer/writer-framework,Python
src/writer/app_runner.py,35,callable,ok,src.writer.app_runner.AppRunner.check_session,src.writer.app_runner.AppRunner.check_session,1e206f5940edeb44823585336df0ab80153b7758,2024-05-17T13:54:16Z,1e206f5940edeb44823585336df0ab80153b7758,2024-05-17T13:54:16Z,1,798,0.14285714285714285,,,False,False,1,0,365.48,0.0,0.0027361429087441234,,460609164.0,writer/writer-framework,Python
src/writer/app_runner.py,36,callable,ok,src.writer.app_runner.AppRunner.init_session,src.writer.app_runner.AppRunner.init_session,1e206f5940edeb44823585336df0ab80153b7758,2024-05-17T13:54:16Z,1e206f5940edeb44823585336df0ab80153b7758,2024-05-17T13:54:16Z,1,798,0.2,,,False,False,1,0,365.48,0.0,0.0027361429087441234,,460609164.0,writer/writer-framework,Python
src/writer/app_runner.py,37,callable,ok,src.writer.app_runner.AppRunner.update_components,src.writer.app_runner.AppRunner.update_components,1e206f5940edeb44823585336df0ab80153b7758,2024-05-17T13:54:16Z,1e206f5940edeb44823585336df0ab80153b7758,2024-05-17T13:54:16Z,1,798,0.058823529411764705,,,False,False,1,0,365.48,0.0,0.0027361429087441234,,460609164.0,writer/writer-framework,Python
src/writer/app_runner.py,38,callable,ok,src.writer.app_runner.AppRunner.handle_event,src.writer.app_runner.AppRunner.handle_event,1e206f5940edeb44823585336df0ab80153b7758,2024-05-17T13:54:16Z,1e206f5940edeb44823585336df0ab80153b7758,2024-05-17T13:54:16Z,1,798,0.2,,,False,False,1,0,365.48,0.0,0.0027361429087441234,,460609164.0,writer/writer-framework,Python
src/writer/app_runner.py,39,callable,ok,src.writer.app_runner.AppRunner.handle_state_enquiry,src.writer.app_runner.AppRunner.handle_state_enquiry,1e206f5940edeb44823585336df0ab80153b7758,2024-05-17T13:54:16Z,1e206f5940edeb44823585336df0ab80153b7758,2024-05-17T13:54:16Z,1,798,0.25,,,False,False,1,0,365.48,0.0,0.0027361429087441234,,460609164.0,writer/writer-framework,Python
src/writer/app_runner.py,40,callable,ok,src.writer.app_runner.AppRunner.save_code,src.writer.app_runner.AppRunner.save_code,1e206f5940edeb44823585336df0ab80153b7758,2024-05-17T13:54:16Z,1e206f5940edeb44823585336df0ab80153b7758,2024-05-17T13:54:16Z,1,798,0.16666666666666666,,,False,False,1,0,365.48,0.0,0.0027361429087441234,,460609164.0,writer/writer-framework,Python
src/writer/app_runner.py,41,callable,ok,src.writer.app_runner.AppRunner._clean_process,src.writer.app_runner.AppRunner._clean_process,1e206f5940edeb44823585336df0ab80153b7758,2024-05-17T13:54:16Z,1e206f5940edeb44823585336df0ab80153b7758,2024-05-17T13:54:16Z,1,798,0.045454545454545456,,,False,False,1,0,365.48,0.0,0.0027361429087441234,,460609164.0,writer/writer-framework,Python
src/writer/app_runner.py,42,callable,ok,src.writer.app_runner.AppRunner.shut_down,src.writer.app_runner.AppRunner.shut_down,1e206f5940edeb44823585336df0ab80153b7758,2024-05-17T13:54:16Z,1e206f5940edeb44823585336df0ab80153b7758,2024-05-17T13:54:16Z,1,798,0.1111111111111111,,,False,False,1,0,365.48,0.0,0.0027361429087441234,,460609164.0,writer/writer-framework,Python
src/writer/app_runner.py,43,callable,ok,src.writer.app_runner.AppRunner._start_app_process,src.writer.app_runner.AppRunner._start_app_process,1e206f5940edeb44823585336df0ab80153b7758,2024-05-17T13:54:16Z,1e206f5940edeb44823585336df0ab80153b7758,2024-05-17T13:54:16Z,1,798,0.03225806451612903,,,False,False,1,0,365.48,0.0,0.0027361429087441234,,460609164.0,writer/writer-framework,Python
src/writer/app_runner.py,44,callable,ok,src.writer.app_runner.AppRunner.reload_code_from_saved,src.writer.app_runner.AppRunner.reload_code_from_saved,1e206f5940edeb44823585336df0ab80153b7758,2024-05-17T13:54:16Z,1e206f5940edeb44823585336df0ab80153b7758,2024-05-17T13:54:16Z,1,798,0.25,,,False,False,1,0,365.48,0.0,0.0027361429087441234,,460609164.0,writer/writer-framework,Python
src/writer/app_runner.py,45,callable,ok,src.writer.app_runner.AppRunner.update_code,src.writer.app_runner.AppRunner.update_code,1e206f5940edeb44823585336df0ab80153b7758,2024-05-17T13:54:16Z,1e206f5940edeb44823585336df0ab80153b7758,2024-05-17T13:54:16Z,1,798,0.05,,,False,False,1,0,365.48,0.0,0.0027361429087441234,,460609164.0,writer/writer-framework,Python
src/writer/app_runner.py,46,callable,ok,src.writer.app_runner.AppRunner.notify_of_code_update,src.writer.app_runner.AppRunner.notify_of_code_update,1e206f5940edeb44823585336df0ab80153b7758,2024-05-17T13:54:16Z,1e206f5940edeb44823585336df0ab80153b7758,2024-05-17T13:54:16Z,1,798,0.16666666666666666,,,False,False,1,0,365.48,0.0,0.0027361429087441234,,460609164.0,writer/writer-framework,Python
src/writer/app_runner.py,47,callable,ok,src.writer.app_runner.AppRunner.set_userinfo,src.writer.app_runner.AppRunner.set_userinfo,1e206f5940edeb44823585336df0ab80153b7758,2024-05-17T13:54:16Z,1e206f5940edeb44823585336df0ab80153b7758,2024-05-17T13:54:16Z,1,798,0.07692307692307693,,,False,False,1,0,365.48,0.0,0.0027361429087441234,,460609164.0,writer/writer-framework,Python
src/writer/audit_and_fix.py,0,callable,ok,src.writer.audit_and_fix.fix_components,src.writer.audit_and_fix.fix_components,e9f0ecca41ec4989a106c1d79ee84616d375b010,2024-08-13T05:54:51+02:00,e9f0ecca41ec4989a106c1d79ee84616d375b010,2024-08-13T05:54:51+02:00,1,710,0.16666666666666666,,,False,False,1,0,277.89,0.0,0.0035984911826345478,,460609164.0,writer/writer-framework,Python
src/writer/audit_and_fix.py,1,callable,ok,src.writer.audit_and_fix._fix_visible_fields,src.writer.audit_and_fix._fix_visible_fields,e9f0ecca41ec4989a106c1d79ee84616d375b010,2024-08-13T05:54:51+02:00,e9f0ecca41ec4989a106c1d79ee84616d375b010,2024-08-13T05:54:51+02:00,1,710,0.03125,,,False,False,1,0,277.89,0.0,0.0035984911826345478,,460609164.0,writer/writer-framework,Python
src/writer/auth.py,0,class,ok,src.writer.auth.Unauthorized,src.writer.auth.Unauthorized,1e206f5940edeb44823585336df0ab80153b7758,2024-05-17T13:54:16Z,1e206f5940edeb44823585336df0ab80153b7758,2024-05-17T13:54:16Z,1,798,0.1,,,False,False,1,0,365.48,0.0,0.0027361429087441234,,460609164.0,writer/writer-framework,Python
src/writer/auth.py,1,class,ok,src.writer.auth.Auth,src.writer.auth.Auth,1e206f5940edeb44823585336df0ab80153b7758,2024-05-17T13:54:16Z,1e206f5940edeb44823585336df0ab80153b7758,2024-05-17T13:54:16Z,1,798,0.07692307692307693,,,False,False,1,0,365.48,0.0,0.0027361429087441234,,460609164.0,writer/writer-framework,Python
src/writer/auth.py,2,class,ok,src.writer.auth.Oidc,src.writer.auth.Oidc,1e206f5940edeb44823585336df0ab80153b7758,2024-05-17T13:54:16Z,1e206f5940edeb44823585336df0ab80153b7758,2024-05-17T13:54:16Z,1,798,0.010101010101010102,,,False,False,1,0,365.48,0.0,0.0027361429087441234,,460609164.0,writer/writer-framework,Python
src/writer/auth.py,0,callable,ok,src.writer.auth.Google,src.writer.auth.Google,1e206f5940edeb44823585336df0ab80153b7758,2024-05-17T13:54:16Z,1e206f5940edeb44823585336df0ab80153b7758,2024-05-17T13:54:16Z,1,798,0.05555555555555555,,,False,False,1,0,365.48,0.0,0.0027361429087441234,,460609164.0,writer/writer-framework,Python
src/writer/auth.py,1,callable,ok,src.writer.auth.Github,src.writer.auth.Github,1e206f5940edeb44823585336df0ab80153b7758,2024-05-17T13:54:16Z,1e206f5940edeb44823585336df0ab80153b7758,2024-05-17T13:54:16Z,1,798,0.05555555555555555,,,False,False,1,0,365.48,0.0,0.0027361429087441234,,460609164.0,writer/writer-framework,Python
src/writer/auth.py,2,callable,ok,src.writer.auth.Auth0,src.writer.auth.Auth0,1e206f5940edeb44823585336df0ab80153b7758,2024-05-17T13:54:16Z,1e206f5940edeb44823585336df0ab80153b7758,2024-05-17T13:54:16Z,1,798,0.05263157894736842,,,False,False,1,0,365.48,0.0,0.0027361429087441234,,460609164.0,writer/writer-framework,Python
src/writer/auth.py,3,callable,ok,src.writer.auth._urlpath,src.writer.auth._urlpath,1e206f5940edeb44823585336df0ab80153b7758,2024-05-17T13:54:16Z,1e206f5940edeb44823585336df0ab80153b7758,2024-05-17T13:54:16Z,1,798,0.16666666666666666,,,False,False,1,0,365.48,0.0,0.0027361429087441234,,460609164.0,writer/writer-framework,Python
src/writer/auth.py,4,callable,ok,src.writer.auth._urljoin,src.writer.auth._urljoin,1e206f5940edeb44823585336df0ab80153b7758,2024-05-17T13:54:16Z,1e206f5940edeb44823585336df0ab80153b7758,2024-05-17T13:54:16Z,1,798,0.05,,,False,False,1,0,365.48,0.0,0.0027361429087441234,,460609164.0,writer/writer-framework,Python
src/writer/auth.py,5,callable,ok,src.writer.auth._urlstrip,src.writer.auth._urlstrip,1e206f5940edeb44823585336df0ab80153b7758,2024-05-17T13:54:16Z,1e206f5940edeb44823585336df0ab80153b7758,2024-05-17T13:54:16Z,1,798,0.07692307692307693,,,False,False,1,0,365.48,0.0,0.0027361429087441234,,460609164.0,writer/writer-framework,Python
src/writer/auth.py,6,callable,ok,src.writer.auth.Unauthorized.__init__,src.writer.auth.Unauthorized.__init__,1e206f5940edeb44823585336df0ab80153b7758,2024-05-17T13:54:16Z,1e206f5940edeb44823585336df0ab80153b7758,2024-05-17T13:54:16Z,1,798,0.25,,,False,False,1,0,365.48,0.0,0.0027361429087441234,,460609164.0,writer/writer-framework,Python
src/writer/auth.py,7,callable,ok,src.writer.auth.Auth.register,src.writer.auth.Auth.register,1e206f5940edeb44823585336df0ab80153b7758,2024-05-17T13:54:16Z,1e206f5940edeb44823585336df0ab80153b7758,2024-05-17T13:54:16Z,1,798,0.16666666666666666,,,False,False,1,0,365.48,0.0,0.0027361429087441234,,460609164.0,writer/writer-framework,Python
src/writer/auth.py,8,callable,ok,src.writer.auth.Oidc.register,src.writer.auth.Oidc.register,1e206f5940edeb44823585336df0ab80153b7758,2024-05-17T13:54:16Z,1e206f5940edeb44823585336df0ab80153b7758,2024-05-17T13:54:16Z,1,798,0.015625,,,False,False,1,0,365.48,0.0,0.0027361429087441234,,460609164.0,writer/writer-framework,Python
src/writer/autogen.py,0,callable,ok,src.writer.autogen.generate_workflow,src.writer.autogen.generate_workflow,1c4ff096d3b0139cda24f06ece5ea8f90139a519,2025-03-11T08:01:48Z,1c4ff096d3b0139cda24f06ece5ea8f90139a519,2025-03-11T08:01:48Z,1,0,0.018518518518518517,,,True,False,1,0,67.72,0.0,0.014766085719178444,,460609164.0,writer/writer-framework,Python
src/writer/autogen.py,1,callable,ok,src.writer.autogen._validate_blueprint_nodes,src.writer.autogen._validate_blueprint_nodes,eea86de7c11be4eee993a30633bdb783910e1c47,2025-03-19T17:34:53Z,ef692aa7abbb02918de7a866945d4e91524e4f88,2025-06-24T11:25:44+02:00,2,492,0.045454545454545456,,,False,False,1,1,59.32,37.34,0.01685636252573083,0.026784136599096658,460609164.0,writer/writer-framework,Python
src/writer/autogen.py,2,callable,ok,src.writer.autogen._get_block_definitions,src.writer.autogen._get_block_definitions,eea86de7c11be4eee993a30633bdb783910e1c47,2025-03-19T17:34:53Z,ef692aa7abbb02918de7a866945d4e91524e4f88,2025-06-24T11:25:44+02:00,2,492,0.030303030303030304,,,False,False,1,1,59.32,37.34,0.01685636252573083,0.026784136599096658,460609164.0,writer/writer-framework,Python
src/writer/autogen.py,3,callable,ok,src.writer.autogen._get_tools,src.writer.autogen._get_tools,eea86de7c11be4eee993a30633bdb783910e1c47,2025-03-19T17:34:53Z,eea86de7c11be4eee993a30633bdb783910e1c47,2025-03-19T17:34:53Z,1,492,0.030303030303030304,,,False,False,1,0,59.32,0.0,0.01685636252573083,,460609164.0,writer/writer-framework,Python
src/writer/autogen.py,4,callable,ok,src.writer.autogen._get_main_prompt,src.writer.autogen._get_main_prompt,eea86de7c11be4eee993a30633bdb783910e1c47,2025-03-19T17:34:53Z,ef692aa7abbb02918de7a866945d4e91524e4f88,2025-06-24T11:25:44+02:00,3,492,0.027777777777777776,0.6410741484020257,,False,False,2,1,59.32,37.34,0.03371272505146166,0.026784136599096658,460609164.0,writer/writer-framework,Python
src/writer/autogen.py,5,callable,ok,src.writer.autogen.generate_blueprint,src.writer.autogen.generate_blueprint,eea86de7c11be4eee993a30633bdb783910e1c47,2025-03-19T17:34:53Z,173938bc434bba43ce55cb761b894f2163acc485,2025-10-21T09:22:57+01:00,5,492,0.0684931506849315,0.5652394612333976,,False,False,4,1,59.32,156.29,0.06742545010292332,0.006398282890450955,460609164.0,writer/writer-framework,Python
src/writer/blocks/addtostatelist.py,0,class,ok,src.writer.blocks.addtostatelist.AddToStateList,src.writer.blocks.addtostatelist.AddToStateList,0d97d09890c4e9bdbe31ff7ae7330fdc44248b11,2024-11-19T09:32:20Z,0d97d09890c4e9bdbe31ff7ae7330fdc44248b11,2024-11-19T09:32:20Z,1,612,0.01818181818181818,,,False,False,1,0,179.66,0.0,0.005566072827682245,,460609164.0,writer/writer-framework,Python
src/writer/blocks/addtostatelist.py,0,callable,ok,src.writer.blocks.addtostatelist.AddToStateList.register,src.writer.blocks.addtostatelist.AddToStateList.register,0d97d09890c4e9bdbe31ff7ae7330fdc44248b11,2024-11-19T09:32:20Z,0d97d09890c4e9bdbe31ff7ae7330fdc44248b11,2024-11-19T09:32:20Z,1,612,0.030303030303030304,,,False,False,1,0,179.66,0.0,0.005566072827682245,,460609164.0,writer/writer-framework,Python
src/writer/blocks/addtostatelist.py,1,callable,ok,src.writer.blocks.addtostatelist.AddToStateList.run,src.writer.blocks.addtostatelist.AddToStateList.run,0d97d09890c4e9bdbe31ff7ae7330fdc44248b11,2024-11-19T09:32:20Z,0d97d09890c4e9bdbe31ff7ae7330fdc44248b11,2024-11-19T09:32:20Z,1,612,0.05555555555555555,,,False,False,1,0,179.66,0.0,0.005566072827682245,,460609164.0,writer/writer-framework,Python
src/writer/blocks/apitrigger.py,0,class,ok,src.writer.blocks.apitrigger.APITrigger,src.writer.blocks.apitrigger.APITrigger,a8a678358b4f3675ed0096ea4edc6eef4f3f9d0d,2025-06-10T15:19:21+03:00,73232e88b32e957679ee1b9b1426fd66bcfd2aed,2025-07-31T14:08:01+03:00,6,409,0.15,1.904387438009489,,False,False,0,6,0.0,74.41,,0.08063804855922486,460609164.0,writer/writer-framework,Python
src/writer/blocks/apitrigger.py,0,callable,ok,src.writer.blocks.apitrigger.APITrigger.register,src.writer.blocks.apitrigger.APITrigger.register,a8a678358b4f3675ed0096ea4edc6eef4f3f9d0d,2025-06-10T15:19:21+03:00,73232e88b32e957679ee1b9b1426fd66bcfd2aed,2025-07-31T14:08:01+03:00,6,409,0.17647058823529413,1.904387438009489,,False,False,0,6,0.0,74.41,,0.08063804855922486,460609164.0,writer/writer-framework,Python
src/writer/blocks/apitrigger.py,1,callable,ok,src.writer.blocks.apitrigger.APITrigger.run,src.writer.blocks.apitrigger.APITrigger.run,a8a678358b4f3675ed0096ea4edc6eef4f3f9d0d,2025-06-10T15:19:21+03:00,a8a678358b4f3675ed0096ea4edc6eef4f3f9d0d,2025-06-10T15:19:21+03:00,1,409,0.3333333333333333,,,False,False,0,1,0.0,23.46,,0.04263283409166158,460609164.0,writer/writer-framework,Python
src/writer/blocks/base_block.py,0,class,ok,src.writer.blocks.base_block.WorkflowBlock,src.writer.blocks.base_block.BlueprintBlock,59d9fb821b82212cc161fb9672ff29debc484014,2024-11-19T13:57:44Z,66f1882af22915fb82719006ed59b99aecf7cea6,2025-04-04T11:21:31Z,7,135,0.12280701754385964,0.7555084329599033,,True,True,7,0,179.48,0.0,0.039002520847453585,,460609164.0,writer/writer-framework,Python
src/writer/blocks/base_block.py,1,class,ok,src.writer.blocks.base_block.BlueprintBlock,src.writer.blocks.base_block.BlueprintBlock,e91bb95aa6d7a6bfbacad6b5a41454b4633c5872,2025-04-04T11:25:38Z,5c4a3c95fc7258fcd4f2881c05fe960dc439aca3,2025-11-25T16:59:38Z,8,476,0.02564102564102564,2.004306661020274,,False,False,2,6,43.58,191.65,0.04589134374528604,0.03130694917645331,460609164.0,writer/writer-framework,Python
src/writer/blocks/base_block.py,2,class,ok,src.writer.blocks.base_block.WriterBlock,src.writer.blocks.base_block.WriterBlock,35972a47ab70a4a78ce5c8c6097c90df95f124d0,2025-04-24T13:04:24+03:00,78395aff9439fe879cee1f29dc1ff37809b5633c,2025-12-08T11:13:43Z,3,456,0.08108108108108109,0.09375714026210205,,False,False,1,2,23.64,204.41,0.04230545123366417,0.009784232200213929,460609164.0,writer/writer-framework,Python
src/writer/blocks/base_block.py,0,callable,ok,src.writer.blocks.base_block.WorkflowBlock.register,src.writer.blocks.base_block.BlueprintBlock.register,59d9fb821b82212cc161fb9672ff29debc484014,2024-11-19T13:57:44Z,66f1882af22915fb82719006ed59b99aecf7cea6,2025-04-04T11:21:31Z,2,135,1.0,,,True,True,2,0,179.48,0.0,0.011143577384986739,,460609164.0,writer/writer-framework,Python
src/writer/blocks/base_block.py,2,callable,ok,src.writer.blocks.base_block.WorkflowBlock._get_field,src.writer.blocks.base_block.BlueprintBlock._get_field,59d9fb821b82212cc161fb9672ff29debc484014,2024-11-19T13:57:44Z,66f1882af22915fb82719006ed59b99aecf7cea6,2025-04-04T11:21:31Z,4,135,0.2857142857142857,0.11667369315235512,,True,True,4,0,179.48,0.0,0.022287154769973477,,460609164.0,writer/writer-framework,Python
src/writer/blocks/base_block.py,3,callable,ok,src.writer.blocks.base_block.WorkflowBlock._set_state,src.writer.blocks.base_block.BlueprintBlock._set_state,59d9fb821b82212cc161fb9672ff29debc484014,2024-11-19T13:57:44Z,66f1882af22915fb82719006ed59b99aecf7cea6,2025-04-04T11:21:31Z,3,135,0.75,0.005321635761622224,,True,True,3,0,179.48,0.0,0.016715366077480108,,460609164.0,writer/writer-framework,Python
src/writer/blocks/base_block.py,4,callable,ok,src.writer.blocks.base_block.WorkflowBlock.run,src.writer.blocks.base_block.BlueprintBlock.run,59d9fb821b82212cc161fb9672ff29debc484014,2024-11-19T13:57:44Z,66f1882af22915fb82719006ed59b99aecf7cea6,2025-04-04T11:21:31Z,2,135,1.0,,,True,True,2,0,179.48,0.0,0.011143577384986739,,460609164.0,writer/writer-framework,Python
src/writer/blocks/base_block.py,5,callable,ok,src.writer.blocks.base_block.WorkflowBlock._handle_missing_field,src.writer.blocks.base_block.BlueprintBlock._handle_missing_field,2f72d1282aea7adbcbfe65c6d493a1a01bf1d280,2024-11-21T15:42:54Z,66f1882af22915fb82719006ed59b99aecf7cea6,2025-04-04T11:21:31Z,3,133,0.3,0.6444003630613906,,True,True,3,0,177.4,0.0,0.016910693012204145,,460609164.0,writer/writer-framework,Python
src/writer/blocks/base_block.py,1,callable,ok,src.writer.blocks.base_block.WorkflowBlock.__init__,src.writer.blocks.base_block.BlueprintBlock.__init__,59d9fb821b82212cc161fb9672ff29debc484014,2024-11-19T13:57:44Z,66f1882af22915fb82719006ed59b99aecf7cea6,2025-04-04T11:21:31Z,7,135,0.3888888888888889,0.7555084329599033,,True,True,7,0,179.48,0.0,0.039002520847453585,,460609164.0,writer/writer-framework,Python
src/writer/blocks/base_block.py,20,callable,ok,src.writer.blocks.base_block.WriterBlock._retry_on_auth_error,src.writer.blocks.base_block.WriterBlock._retry_on_auth_error,089cf66daf709e2f2644e6e0a3f668fadeb2858b,2025-12-05T17:34:07Z,089cf66daf709e2f2644e6e0a3f668fadeb2858b,2025-12-05T17:34:07Z,1,0,0.041666666666666664,,,True,False,0,1,0.0,201.67,,0.004958480473658847,460609164.0,writer/writer-framework,Python
src/writer/blocks/base_block.py,21,callable,ok,src.writer.blocks.base_block.WriterBlock._retry_stream_on_auth_error,src.writer.blocks.base_block.WriterBlock._retry_stream_on_auth_error,089cf66daf709e2f2644e6e0a3f668fadeb2858b,2025-12-05T17:34:07Z,089cf66daf709e2f2644e6e0a3f668fadeb2858b,2025-12-05T17:34:07Z,1,0,0.030303030303030304,,,True,False,0,1,0.0,201.67,,0.004958480473658847,460609164.0,writer/writer-framework,Python
src/writer/blocks/base_block.py,6,callable,ok,src.writer.blocks.base_block.BlueprintBlock.register,src.writer.blocks.base_block.BlueprintBlock.register,e91bb95aa6d7a6bfbacad6b5a41454b4633c5872,2025-04-04T11:25:38Z,e91bb95aa6d7a6bfbacad6b5a41454b4633c5872,2025-04-04T11:25:38Z,1,476,0.5,,,False,False,1,0,43.58,0.0,0.02294567187264302,,460609164.0,writer/writer-framework,Python
src/writer/blocks/base_block.py,7,callable,ok,src.writer.blocks.base_block.BlueprintBlock.__init__,src.writer.blocks.base_block.BlueprintBlock.__init__,e91bb95aa6d7a6bfbacad6b5a41454b4633c5872,2025-04-04T11:25:38Z,5c4a3c95fc7258fcd4f2881c05fe960dc439aca3,2025-11-25T16:59:38Z,4,476,0.16,0.8183335706738447,,False,False,1,3,43.58,191.65,0.02294567187264302,0.015653474588226655,460609164.0,writer/writer-framework,Python
src/writer/blocks/base_block.py,8,callable,ok,src.writer.blocks.base_block.BlueprintBlock._handle_missing_field,src.writer.blocks.base_block.BlueprintBlock._handle_missing_field,e91bb95aa6d7a6bfbacad6b5a41454b4633c5872,2025-04-04T11:25:38Z,e91bb95aa6d7a6bfbacad6b5a41454b4633c5872,2025-04-04T11:25:38Z,1,476,0.1,,,False,False,1,0,43.58,0.0,0.02294567187264302,,460609164.0,writer/writer-framework,Python
src/writer/blocks/base_block.py,9,callable,ok,src.writer.blocks.base_block.BlueprintBlock._get_field,src.writer.blocks.base_block.BlueprintBlock._get_field,e91bb95aa6d7a6bfbacad6b5a41454b4633c5872,2025-04-04T11:25:38Z,e91bb95aa6d7a6bfbacad6b5a41454b4633c5872,2025-04-04T11:25:38Z,1,476,0.07142857142857142,,,False,False,1,0,43.58,0.0,0.02294567187264302,,460609164.0,writer/writer-framework,Python
src/writer/blocks/base_block.py,10,callable,ok,src.writer.blocks.base_block.BlueprintBlock._set_state,src.writer.blocks.base_block.BlueprintBlock._set_state,e91bb95aa6d7a6bfbacad6b5a41454b4633c5872,2025-04-04T11:25:38Z,e91bb95aa6d7a6bfbacad6b5a41454b4633c5872,2025-04-04T11:25:38Z,1,476,0.25,,,False,False,1,0,43.58,0.0,0.02294567187264302,,460609164.0,writer/writer-framework,Python
src/writer/blocks/base_block.py,11,callable,ok,src.writer.blocks.base_block.BlueprintBlock.run,src.writer.blocks.base_block.BlueprintBlock.run,e91bb95aa6d7a6bfbacad6b5a41454b4633c5872,2025-04-04T11:25:38Z,e91bb95aa6d7a6bfbacad6b5a41454b4633c5872,2025-04-04T11:25:38Z,1,476,0.5,,,False,False,1,0,43.58,0.0,0.02294567187264302,,460609164.0,writer/writer-framework,Python
src/writer/blocks/base_block.py,12,callable,ok,src.writer.blocks.base_block.BlueprintBlock.__init_subclass__,src.writer.blocks.base_block.BlueprintBlock.__init_subclass__,35972a47ab70a4a78ce5c8c6097c90df95f124d0,2025-04-24T13:04:24+03:00,35972a47ab70a4a78ce5c8c6097c90df95f124d0,2025-04-24T13:04:24+03:00,1,456,0.1111111111111111,,,False,False,1,0,23.64,0.0,0.04230545123366417,,460609164.0,writer/writer-framework,Python
src/writer/blocks/base_block.py,13,callable,ok,src.writer.blocks.base_block.BlueprintBlock.create_httpx_client,src.writer.blocks.base_block.BlueprintBlock.create_httpx_client,35972a47ab70a4a78ce5c8c6097c90df95f124d0,2025-04-24T13:04:24+03:00,fb9af3f17159be0328682f701e274d40115dc18f,2025-08-18T09:46:10+03:00,3,456,0.02564102564102564,0.32081901748761554,,False,False,1,2,23.64,92.22,0.04230545123366417,0.021686159110144605,460609164.0,writer/writer-framework,Python
src/writer/blocks/base_block.py,14,callable,ok,src.writer.blocks.base_block.BlueprintBlock.acquire_httpx_client,src.writer.blocks.base_block.BlueprintBlock.acquire_httpx_client,35972a47ab70a4a78ce5c8c6097c90df95f124d0,2025-04-24T13:04:24+03:00,35972a47ab70a4a78ce5c8c6097c90df95f124d0,2025-04-24T13:04:24+03:00,1,456,0.1111111111111111,,,False,False,1,0,23.64,0.0,0.04230545123366417,,460609164.0,writer/writer-framework,Python
src/writer/blocks/base_block.py,15,callable,ok,src.writer.blocks.base_block.BlueprintBlock.create_logger,src.writer.blocks.base_block.BlueprintBlock.create_logger,35972a47ab70a4a78ce5c8c6097c90df95f124d0,2025-04-24T13:04:24+03:00,c1c4a53e289ada280ce8636825d8e6137a8cf0fe,2025-08-20T13:34:58+03:00,3,456,0.02857142857142857,0.3863561144240961,,False,False,1,2,23.64,94.38,0.04230545123366417,0.021190119518160227,460609164.0,writer/writer-framework,Python
src/writer/blocks/base_block.py,16,callable,ok,src.writer.blocks.base_block.WriterBlock.__init__,src.writer.blocks.base_block.WriterBlock.__init__,35972a47ab70a4a78ce5c8c6097c90df95f124d0,2025-04-24T13:04:24+03:00,35972a47ab70a4a78ce5c8c6097c90df95f124d0,2025-04-24T13:04:24+03:00,1,456,0.07692307692307693,,,False,False,1,0,23.64,0.0,0.04230545123366417,,460609164.0,writer/writer-framework,Python
src/writer/blocks/base_block.py,17,callable,ok,src.writer.blocks.base_block.WriterBlock._acquire_writer_client,src.writer.blocks.base_block.WriterBlock._acquire_writer_client,35972a47ab70a4a78ce5c8c6097c90df95f124d0,2025-04-24T13:04:24+03:00,35972a47ab70a4a78ce5c8c6097c90df95f124d0,2025-04-24T13:04:24+03:00,1,456,0.1,,,False,False,1,0,23.64,0.0,0.04230545123366417,,460609164.0,writer/writer-framework,Python
src/writer/blocks/base_block.py,18,callable,ok,src.writer.blocks.base_block.WriterBlock.create_logger,src.writer.blocks.base_block.WriterBlock.create_logger,35972a47ab70a4a78ce5c8c6097c90df95f124d0,2025-04-24T13:04:24+03:00,35972a47ab70a4a78ce5c8c6097c90df95f124d0,2025-04-24T13:04:24+03:00,1,456,0.5,,,False,False,1,0,23.64,0.0,0.04230545123366417,,460609164.0,writer/writer-framework,Python
src/writer/blocks/base_block.py,19,callable,ok,src.writer.blocks.base_block.WriterBlock.writer_sdk_client,src.writer.blocks.base_block.WriterBlock.writer_sdk_client,35972a47ab70a4a78ce5c8c6097c90df95f124d0,2025-04-24T13:04:24+03:00,35972a47ab70a4a78ce5c8c6097c90df95f124d0,2025-04-24T13:04:24+03:00,1,456,0.5,,,False,False,1,0,23.64,0.0,0.04230545123366417,,460609164.0,writer/writer-framework,Python
src/writer/blocks/base_trigger.py,0,class,ok,src.writer.blocks.base_trigger.WorkflowTrigger,src.writer.blocks.base_trigger.BlueprintTrigger,3aceb1d3f66cd04ed25a48401bf569db138e703e,2025-02-19T11:24:36Z,66f1882af22915fb82719006ed59b99aecf7cea6,2025-04-04T11:21:31Z,3,43,0.3333333333333333,0.9736654334011339,,True,True,3,0,87.58,0.0,0.03425364453756126,,460609164.0,writer/writer-framework,Python
src/writer/blocks/base_trigger.py,0,callable,ok,src.writer.blocks.base_trigger.WorkflowTrigger.run,src.writer.blocks.base_trigger.BlueprintTrigger.run,3aceb1d3f66cd04ed25a48401bf569db138e703e,2025-02-19T11:24:36Z,66f1882af22915fb82719006ed59b99aecf7cea6,2025-04-04T11:21:31Z,3,43,0.375,0.9736654334011339,,True,True,3,0,87.58,0.0,0.03425364453756126,,460609164.0,writer/writer-framework,Python
src/writer/blocks/calleventhandler.py,0,class,ok,src.writer.blocks.calleventhandler.CallEventHandler,src.writer.blocks.calleventhandler.CallEventHandler,0d97d09890c4e9bdbe31ff7ae7330fdc44248b11,2024-11-19T09:32:20Z,0d97d09890c4e9bdbe31ff7ae7330fdc44248b11,2024-11-19T09:32:20Z,1,612,0.015384615384615385,,,False,False,1,0,179.66,0.0,0.005566072827682245,,460609164.0,writer/writer-framework,Python
src/writer/blocks/calleventhandler.py,0,callable,ok,src.writer.blocks.calleventhandler.CallEventHandler.register,src.writer.blocks.calleventhandler.CallEventHandler.register,0d97d09890c4e9bdbe31ff7ae7330fdc44248b11,2024-11-19T09:32:20Z,0d97d09890c4e9bdbe31ff7ae7330fdc44248b11,2024-11-19T09:32:20Z,1,612,0.027777777777777776,,,False,False,1,0,179.66,0.0,0.005566072827682245,,460609164.0,writer/writer-framework,Python
src/writer/blocks/calleventhandler.py,1,callable,ok,src.writer.blocks.calleventhandler.CallEventHandler.run,src.writer.blocks.calleventhandler.CallEventHandler.run,0d97d09890c4e9bdbe31ff7ae7330fdc44248b11,2024-11-19T09:32:20Z,0d97d09890c4e9bdbe31ff7ae7330fdc44248b11,2024-11-19T09:32:20Z,1,612,0.04,,,False,False,1,0,179.66,0.0,0.005566072827682245,,460609164.0,writer/writer-framework,Python
src/writer/blocks/changepage.py,0,class,ok,src.writer.blocks.changepage.ChangePage,src.writer.blocks.changepage.ChangePage,94a0d3ebc387435f51ba02dab4a7c5ea66e965b9,2025-03-02T14:57:00Z,0ecbfae8b57f03777ce1af0ab5d7fcf66a78ef47,2025-11-21T14:47:54-08:00,4,509,0.09302325581395349,0.5982460453845303,,False,False,3,1,76.43,187.89,0.03924933229193387,0.0053221895882202205,460609164.0,writer/writer-framework,Python
src/writer/blocks/changepage.py,0,callable,ok,src.writer.blocks.changepage.ChangePage.register,src.writer.blocks.changepage.ChangePage.register,94a0d3ebc387435f51ba02dab4a7c5ea66e965b9,2025-03-02T14:57:00Z,0ecbfae8b57f03777ce1af0ab5d7fcf66a78ef47,2025-11-21T14:47:54-08:00,4,509,0.125,0.5982460453845303,,False,False,3,1,76.43,187.89,0.03924933229193387,0.0053221895882202205,460609164.0,writer/writer-framework,Python
src/writer/blocks/changepage.py,1,callable,ok,src.writer.blocks.changepage.ChangePage.run,src.writer.blocks.changepage.ChangePage.run,94a0d3ebc387435f51ba02dab4a7c5ea66e965b9,2025-03-02T14:57:00Z,94a0d3ebc387435f51ba02dab4a7c5ea66e965b9,2025-03-02T14:57:00Z,1,509,0.125,,,False,False,1,0,76.43,0.0,0.013083110763977958,,460609164.0,writer/writer-framework,Python
src/writer/blocks/code.py,0,class,ok,src.writer.blocks.code.CallEventHandler,src.writer.blocks.code.CallEventHandler,7fdb201312743f3e9cf31ea1291cdef8c0c46f19,2025-02-20T13:36:49Z,7fdb201312743f3e9cf31ea1291cdef8c0c46f19,2025-02-20T13:36:49Z,1,0,0.015384615384615385,,,True,False,1,0,86.49,0.0,0.01156201636747942,,460609164.0,writer/writer-framework,Python
src/writer/blocks/code.py,1,class,ok,src.writer.blocks.code.CodeBlock,src.writer.blocks.code.CodeBlock,30ff8b8a191da317d318a310f603a357f6422920,2025-03-03T23:18:19Z,66f1882af22915fb82719006ed59b99aecf7cea6,2025-04-04T11:21:31Z,2,507,0.031746031746031744,,,False,False,2,0,75.09,0.0,0.026636022908829427,,460609164.0,writer/writer-framework,Python
src/writer/blocks/code.py,0,callable,ok,src.writer.blocks.code.CallEventHandler.register,src.writer.blocks.code.CallEventHandler.register,7fdb201312743f3e9cf31ea1291cdef8c0c46f19,2025-02-20T13:36:49Z,7fdb201312743f3e9cf31ea1291cdef8c0c46f19,2025-02-20T13:36:49Z,1,0,0.027777777777777776,,,True,False,1,0,86.49,0.0,0.01156201636747942,,460609164.0,writer/writer-framework,Python
src/writer/blocks/code.py,1,callable,ok,src.writer.blocks.code.CallEventHandler.run,src.writer.blocks.code.CallEventHandler.run,7fdb201312743f3e9cf31ea1291cdef8c0c46f19,2025-02-20T13:36:49Z,7fdb201312743f3e9cf31ea1291cdef8c0c46f19,2025-02-20T13:36:49Z,1,0,0.04,,,True,False,1,0,86.49,0.0,0.01156201636747942,,460609164.0,writer/writer-framework,Python
src/writer/blocks/code.py,2,callable,ok,src.writer.blocks.code.CodeBlock.register,src.writer.blocks.code.CodeBlock.register,30ff8b8a191da317d318a310f603a357f6422920,2025-03-03T23:18:19Z,66f1882af22915fb82719006ed59b99aecf7cea6,2025-04-04T11:21:31Z,2,507,0.058823529411764705,,,False,False,2,0,75.09,0.0,0.026636022908829427,,460609164.0,writer/writer-framework,Python
src/writer/blocks/code.py,3,callable,ok,src.writer.blocks.code.CodeBlock.run,src.writer.blocks.code.CodeBlock.run,30ff8b8a191da317d318a310f603a357f6422920,2025-03-03T23:18:19Z,66f1882af22915fb82719006ed59b99aecf7cea6,2025-04-04T11:21:31Z,2,507,0.08695652173913043,,,False,False,2,0,75.09,0.0,0.026636022908829427,,460609164.0,writer/writer-framework,Python
src/writer/blocks/code.py,4,callable,ok,src.writer.blocks.code.CodeBlock.set_output,src.writer.blocks.code.CodeBlock.set_output,66f1882af22915fb82719006ed59b99aecf7cea6,2025-04-04T11:21:31Z,66f1882af22915fb82719006ed59b99aecf7cea6,2025-04-04T11:21:31Z,1,476,0.5,,,False,False,1,0,43.58,0.0,0.022944166804092666,,460609164.0,writer/writer-framework,Python
src/writer/blocks/crontrigger.py,0,class,ok,src.writer.blocks.crontrigger.CronTrigger,src.writer.blocks.crontrigger.CronTrigger,38ff86d5ee0be8bda726c053d55927479e517e07,2025-11-12T13:25:32Z,38ff86d5ee0be8bda726c053d55927479e517e07,2025-11-12T13:25:32Z,1,254,0.022727272727272728,,,False,False,0,1,0.0,178.5,,0.005602176237980447,460609164.0,writer/writer-framework,Python
src/writer/blocks/crontrigger.py,0,callable,ok,src.writer.blocks.crontrigger.CronTrigger.register,src.writer.blocks.crontrigger.CronTrigger.register,38ff86d5ee0be8bda726c053d55927479e517e07,2025-11-12T13:25:32Z,38ff86d5ee0be8bda726c053d55927479e517e07,2025-11-12T13:25:32Z,1,254,0.02631578947368421,,,False,False,0,1,0.0,178.5,,0.005602176237980447,460609164.0,writer/writer-framework,Python
src/writer/blocks/crontrigger.py,1,callable,ok,src.writer.blocks.crontrigger.CronTrigger.run,src.writer.blocks.crontrigger.CronTrigger.run,38ff86d5ee0be8bda726c053d55927479e517e07,2025-11-12T13:25:32Z,38ff86d5ee0be8bda726c053d55927479e517e07,2025-11-12T13:25:32Z,1,254,0.3333333333333333,,,False,False,0,1,0.0,178.5,,0.005602176237980447,460609164.0,writer/writer-framework,Python
src/writer/blocks/foreach.py,0,class,ok,src.writer.blocks.foreach.ForEach,src.writer.blocks.foreach.ForEach,0d97d09890c4e9bdbe31ff7ae7330fdc44248b11,2024-11-19T09:32:20Z,0d97d09890c4e9bdbe31ff7ae7330fdc44248b11,2024-11-19T09:32:20Z,1,612,0.014084507042253521,,,False,False,1,0,179.66,0.0,0.005566072827682245,,460609164.0,writer/writer-framework,Python
src/writer/blocks/foreach.py,0,callable,ok,src.writer.blocks.foreach.ForEach.register,src.writer.blocks.foreach.ForEach.register,0d97d09890c4e9bdbe31ff7ae7330fdc44248b11,2024-11-19T09:32:20Z,0d97d09890c4e9bdbe31ff7ae7330fdc44248b11,2024-11-19T09:32:20Z,1,612,0.022727272727272728,,,False,False,1,0,179.66,0.0,0.005566072827682245,,460609164.0,writer/writer-framework,Python
src/writer/blocks/foreach.py,1,callable,ok,src.writer.blocks.foreach.ForEach._run_workflow_for_item,src.writer.blocks.foreach.ForEach._run_workflow_for_item,0d97d09890c4e9bdbe31ff7ae7330fdc44248b11,2024-11-19T09:32:20Z,0d97d09890c4e9bdbe31ff7ae7330fdc44248b11,2024-11-19T09:32:20Z,1,612,0.3333333333333333,,,False,False,1,0,179.66,0.0,0.005566072827682245,,460609164.0,writer/writer-framework,Python
src/writer/blocks/foreach.py,2,callable,ok,src.writer.blocks.foreach.ForEach.run,src.writer.blocks.foreach.ForEach.run,0d97d09890c4e9bdbe31ff7ae7330fdc44248b11,2024-11-19T09:32:20Z,0d97d09890c4e9bdbe31ff7ae7330fdc44248b11,2024-11-19T09:32:20Z,1,612,0.05263157894736842,,,False,False,1,0,179.66,0.0,0.005566072827682245,,460609164.0,writer/writer-framework,Python
src/writer/blocks/httprequest.py,0,class,ok,src.writer.blocks.httprequest.HTTPRequest,src.writer.blocks.httprequest.HTTPRequest,0d97d09890c4e9bdbe31ff7ae7330fdc44248b11,2024-11-19T09:32:20Z,0d97d09890c4e9bdbe31ff7ae7330fdc44248b11,2024-11-19T09:32:20Z,1,612,0.011363636363636364,,,False,False,1,0,179.66,0.0,0.005566072827682245,,460609164.0,writer/writer-framework,Python
src/writer/blocks/httprequest.py,0,callable,ok,src.writer.blocks.httprequest.HTTPRequest.register,src.writer.blocks.httprequest.HTTPRequest.register,0d97d09890c4e9bdbe31ff7ae7330fdc44248b11,2024-11-19T09:32:20Z,0d97d09890c4e9bdbe31ff7ae7330fdc44248b11,2024-11-19T09:32:20Z,1,612,0.01818181818181818,,,False,False,1,0,179.66,0.0,0.005566072827682245,,460609164.0,writer/writer-framework,Python
src/writer/blocks/httprequest.py,1,callable,ok,src.writer.blocks.httprequest.HTTPRequest.run,src.writer.blocks.httprequest.HTTPRequest.run,0d97d09890c4e9bdbe31ff7ae7330fdc44248b11,2024-11-19T09:32:20Z,0d97d09890c4e9bdbe31ff7ae7330fdc44248b11,2024-11-19T09:32:20Z,1,612,0.034482758620689655,,,False,False,1,0,179.66,0.0,0.005566072827682245,,460609164.0,writer/writer-framework,Python
src/writer/blocks/ifelse.py,0,class,ok,src.writer.blocks.ifelse.IfElseBlock,src.writer.blocks.ifelse.IfElseBlock,65c315f67223a1cc90573637e1e0d20914dcbe84,2025-11-21T17:47:54+01:00,fbe78af53cf533cde3e876b093711f9c2bb8072b,2025-11-24T13:53:35+01:00,2,245,0.031746031746031744,,,False,False,0,2,0.0,190.48,,0.010499797022153054,460609164.0,writer/writer-framework,Python
src/writer/blocks/ifelse.py,1,callable,ok,src.writer.blocks.ifelse.IfElseBlock.set_outcome,src.writer.blocks.ifelse.IfElseBlock.set_outcome,65c315f67223a1cc90573637e1e0d20914dcbe84,2025-11-21T17:47:54+01:00,65c315f67223a1cc90573637e1e0d20914dcbe84,2025-11-21T17:47:54+01:00,1,0,0.2,,,True,False,0,1,0.0,187.64,,0.00532928044844908,460609164.0,writer/writer-framework,Python
src/writer/blocks/ifelse.py,2,callable,ok,src.writer.blocks.ifelse.IfElseBlock._get_block_global_functions,src.writer.blocks.ifelse.IfElseBlock._get_block_global_functions,65c315f67223a1cc90573637e1e0d20914dcbe84,2025-11-21T17:47:54+01:00,65c315f67223a1cc90573637e1e0d20914dcbe84,2025-11-21T17:47:54+01:00,1,0,0.25,,,True,False,0,1,0.0,187.64,,0.00532928044844908,460609164.0,writer/writer-framework,Python
src/writer/blocks/ifelse.py,0,callable,ok,src.writer.blocks.ifelse.IfElseBlock.register,src.writer.blocks.ifelse.IfElseBlock.register,65c315f67223a1cc90573637e1e0d20914dcbe84,2025-11-21T17:47:54+01:00,fbe78af53cf533cde3e876b093711f9c2bb8072b,2025-11-24T13:53:35+01:00,2,245,0.05263157894736842,,,False,False,0,2,0.0,190.48,,0.010499797022153054,460609164.0,writer/writer-framework,Python
src/writer/blocks/ifelse.py,3,callable,ok,src.writer.blocks.ifelse.IfElseBlock.run,src.writer.blocks.ifelse.IfElseBlock.run,65c315f67223a1cc90573637e1e0d20914dcbe84,2025-11-21T17:47:54+01:00,fbe78af53cf533cde3e876b093711f9c2bb8072b,2025-11-24T13:53:35+01:00,2,245,0.09090909090909091,,,False,False,0,2,0.0,190.48,,0.010499797022153054,460609164.0,writer/writer-framework,Python
src/writer/blocks/logmessage.py,0,class,ok,src.writer.blocks.logmessage.LogMessage,src.writer.blocks.logmessage.LogMessage,0d97d09890c4e9bdbe31ff7ae7330fdc44248b11,2024-11-19T09:32:20Z,0d97d09890c4e9bdbe31ff7ae7330fdc44248b11,2024-11-19T09:32:20Z,1,612,0.017543859649122806,,,False,False,1,0,179.66,0.0,0.005566072827682245,,460609164.0,writer/writer-framework,Python
src/writer/blocks/logmessage.py,0,callable,ok,src.writer.blocks.logmessage.LogMessage.register,src.writer.blocks.logmessage.LogMessage.register,0d97d09890c4e9bdbe31ff7ae7330fdc44248b11,2024-11-19T09:32:20Z,0d97d09890c4e9bdbe31ff7ae7330fdc44248b11,2024-11-19T09:32:20Z,1,612,0.02631578947368421,,,False,False,1,0,179.66,0.0,0.005566072827682245,,460609164.0,writer/writer-framework,Python
src/writer/blocks/logmessage.py,1,callable,ok,src.writer.blocks.logmessage.LogMessage.run,src.writer.blocks.logmessage.LogMessage.run,0d97d09890c4e9bdbe31ff7ae7330fdc44248b11,2024-11-19T09:32:20Z,0d97d09890c4e9bdbe31ff7ae7330fdc44248b11,2024-11-19T09:32:20Z,1,612,0.06666666666666667,,,False,False,1,0,179.66,0.0,0.005566072827682245,,460609164.0,writer/writer-framework,Python
src/writer/blocks/parsejson.py,0,class,ok,src.writer.blocks.parsejson.ParseJSON,src.writer.blocks.parsejson.ParseJSON,0d97d09890c4e9bdbe31ff7ae7330fdc44248b11,2024-11-19T09:32:20Z,0d97d09890c4e9bdbe31ff7ae7330fdc44248b11,2024-11-19T09:32:20Z,1,612,0.024390243902439025,,,False,False,1,0,179.66,0.0,0.005566072827682245,,460609164.0,writer/writer-framework,Python
src/writer/blocks/parsejson.py,0,callable,ok,src.writer.blocks.parsejson.ParseJSON.register,src.writer.blocks.parsejson.ParseJSON.register,0d97d09890c4e9bdbe31ff7ae7330fdc44248b11,2024-11-19T09:32:20Z,0d97d09890c4e9bdbe31ff7ae7330fdc44248b11,2024-11-19T09:32:20Z,1,612,0.034482758620689655,,,False,False,1,0,179.66,0.0,0.005566072827682245,,460609164.0,writer/writer-framework,Python
src/writer/blocks/parsejson.py,1,callable,ok,src.writer.blocks.parsejson.ParseJSON.run,src.writer.blocks.parsejson.ParseJSON.run,0d97d09890c4e9bdbe31ff7ae7330fdc44248b11,2024-11-19T09:32:20Z,0d97d09890c4e9bdbe31ff7ae7330fdc44248b11,2024-11-19T09:32:20Z,1,612,0.125,,,False,False,1,0,179.66,0.0,0.005566072827682245,,460609164.0,writer/writer-framework,Python
src/writer/blocks/returnvalue.py,0,class,ok,src.writer.blocks.returnvalue.ReturnValue,src.writer.blocks.returnvalue.ReturnValue,0d97d09890c4e9bdbe31ff7ae7330fdc44248b11,2024-11-19T09:32:20Z,0d97d09890c4e9bdbe31ff7ae7330fdc44248b11,2024-11-19T09:32:20Z,1,612,0.022727272727272728,,,False,False,1,0,179.66,0.0,0.005566072827682245,,460609164.0,writer/writer-framework,Python
src/writer/blocks/returnvalue.py,0,callable,ok,src.writer.blocks.returnvalue.ReturnValue.register,src.writer.blocks.returnvalue.ReturnValue.register,0d97d09890c4e9bdbe31ff7ae7330fdc44248b11,2024-11-19T09:32:20Z,0d97d09890c4e9bdbe31ff7ae7330fdc44248b11,2024-11-19T09:32:20Z,1,612,0.034482758620689655,,,False,False,1,0,179.66,0.0,0.005566072827682245,,460609164.0,writer/writer-framework,Python
src/writer/blocks/returnvalue.py,1,callable,ok,src.writer.blocks.returnvalue.ReturnValue.run,src.writer.blocks.returnvalue.ReturnValue.run,0d97d09890c4e9bdbe31ff7ae7330fdc44248b11,2024-11-19T09:32:20Z,0d97d09890c4e9bdbe31ff7ae7330fdc44248b11,2024-11-19T09:32:20Z,1,612,0.09090909090909091,,,False,False,1,0,179.66,0.0,0.005566072827682245,,460609164.0,writer/writer-framework,Python
src/writer/blocks/runblueprint.py,0,class,ok,src.writer.blocks.runblueprint.RunWorkflow,src.writer.blocks.runblueprint.RunWorkflow,4c560df0d1b3c9454f877d7c4a6aedb0f5684153,2025-04-04T11:16:48Z,4c560df0d1b3c9454f877d7c4a6aedb0f5684153,2025-04-04T11:16:48Z,1,476,0.017241379310344827,,,False,False,1,0,43.59,0.0,0.02294244261601202,,460609164.0,writer/writer-framework,Python
src/writer/blocks/runblueprint.py,0,callable,ok,src.writer.blocks.runblueprint.RunWorkflow.register,src.writer.blocks.runblueprint.RunWorkflow.register,4c560df0d1b3c9454f877d7c4a6aedb0f5684153,2025-04-04T11:16:48Z,4c560df0d1b3c9454f877d7c4a6aedb0f5684153,2025-04-04T11:16:48Z,1,476,0.023809523809523808,,,False,False,1,0,43.59,0.0,0.02294244261601202,,460609164.0,writer/writer-framework,Python
src/writer/blocks/runblueprint.py,1,callable,ok,src.writer.blocks.runblueprint.RunWorkflow.run,src.writer.blocks.runblueprint.RunWorkflow.run,4c560df0d1b3c9454f877d7c4a6aedb0f5684153,2025-04-04T11:16:48Z,4c560df0d1b3c9454f877d7c4a6aedb0f5684153,2025-04-04T11:16:48Z,1,476,0.07692307692307693,,,False,False,1,0,43.59,0.0,0.02294244261601202,,460609164.0,writer/writer-framework,Python
src/writer/blocks/setstate.py,0,class,ok,src.writer.blocks.setstate.SetState,src.writer.blocks.setstate.SetState,0d97d09890c4e9bdbe31ff7ae7330fdc44248b11,2024-11-19T09:32:20Z,0d97d09890c4e9bdbe31ff7ae7330fdc44248b11,2024-11-19T09:32:20Z,1,612,0.02127659574468085,,,False,False,1,0,179.66,0.0,0.005566072827682245,,460609164.0,writer/writer-framework,Python
src/writer/blocks/setstate.py,0,callable,ok,src.writer.blocks.setstate.SetState.register,src.writer.blocks.setstate.SetState.register,0d97d09890c4e9bdbe31ff7ae7330fdc44248b11,2024-11-19T09:32:20Z,0d97d09890c4e9bdbe31ff7ae7330fdc44248b11,2024-11-19T09:32:20Z,1,612,0.030303030303030304,,,False,False,1,0,179.66,0.0,0.005566072827682245,,460609164.0,writer/writer-framework,Python
src/writer/blocks/setstate.py,1,callable,ok,src.writer.blocks.setstate.SetState.run,src.writer.blocks.setstate.SetState.run,0d97d09890c4e9bdbe31ff7ae7330fdc44248b11,2024-11-19T09:32:20Z,0d97d09890c4e9bdbe31ff7ae7330fdc44248b11,2024-11-19T09:32:20Z,1,612,0.1,,,False,False,1,0,179.66,0.0,0.005566072827682245,,460609164.0,writer/writer-framework,Python
src/writer/blocks/sharedblueprint.py,0,class,ok,src.writer.blocks.sharedblueprint.SharedBlueprint,src.writer.blocks.sharedblueprint.SharedBlueprint,c079472aeab63a44beb1bbb804b0430abc8a6300,2025-12-02T14:44:14Z,c079472aeab63a44beb1bbb804b0430abc8a6300,2025-12-02T14:44:14Z,1,234,0.013513513513513514,,,False,False,0,1,0.0,198.56,,0.005036344453317633,460609164.0,writer/writer-framework,Python
src/writer/blocks/sharedblueprint.py,0,callable,ok,src.writer.blocks.sharedblueprint.SharedBlueprint.register,src.writer.blocks.sharedblueprint.SharedBlueprint.register,c079472aeab63a44beb1bbb804b0430abc8a6300,2025-12-02T14:44:14Z,c079472aeab63a44beb1bbb804b0430abc8a6300,2025-12-02T14:44:14Z,1,234,0.02702702702702703,,,False,False,0,1,0.0,198.56,,0.005036344453317633,460609164.0,writer/writer-framework,Python
src/writer/blocks/sharedblueprint.py,1,callable,ok,src.writer.blocks.sharedblueprint.SharedBlueprint.run,src.writer.blocks.sharedblueprint.SharedBlueprint.run,c079472aeab63a44beb1bbb804b0430abc8a6300,2025-12-02T14:44:14Z,c079472aeab63a44beb1bbb804b0430abc8a6300,2025-12-02T14:44:14Z,1,234,0.03571428571428571,,,False,False,0,1,0.0,198.56,,0.005036344453317633,460609164.0,writer/writer-framework,Python
src/writer/blocks/uieventtrigger.py,0,class,ok,src.writer.blocks.uieventtrigger.UIEventTrigger,src.writer.blocks.uieventtrigger.UIEventTrigger,3aceb1d3f66cd04ed25a48401bf569db138e703e,2025-02-19T11:24:36Z,212812a0f2dbb5f94b785175eef8e5d0bcd36c8b,2025-04-10T14:55:44+02:00,9,520,0.20454545454545456,2.4342505557430543,,False,False,9,0,87.58,0.0,0.10276093361268378,,460609164.0,writer/writer-framework,Python
src/writer/blocks/uieventtrigger.py,0,callable,ok,src.writer.blocks.uieventtrigger.UIEventTrigger.register,src.writer.blocks.uieventtrigger.UIEventTrigger.register,3aceb1d3f66cd04ed25a48401bf569db138e703e,2025-02-19T11:24:36Z,212812a0f2dbb5f94b785175eef8e5d0bcd36c8b,2025-04-10T14:55:44+02:00,8,520,0.21052631578947367,2.3079329296103483,,False,False,8,0,87.58,0.0,0.09134305210016336,,460609164.0,writer/writer-framework,Python
src/writer/blocks/uieventtrigger.py,1,callable,ok,src.writer.blocks.uieventtrigger.UIEventTrigger.run,src.writer.blocks.uieventtrigger.UIEventTrigger.run,3aceb1d3f66cd04ed25a48401bf569db138e703e,2025-02-19T11:24:36Z,41fe947d627b130f3a7e0da7b363f040d25820bf,2025-03-17T16:57:21+01:00,3,520,1.0,0.41466212336734565,,False,False,3,0,87.58,0.0,0.03425364453756126,,460609164.0,writer/writer-framework,Python
src/writer/blocks/writeraddchatmessage.py,0,class,ok,src.writer.blocks.writeraddchatmessage.WriterAddChatMessage,src.writer.blocks.writeraddchatmessage.WriterAddChatMessage,0d97d09890c4e9bdbe31ff7ae7330fdc44248b11,2024-11-19T09:32:20Z,0d97d09890c4e9bdbe31ff7ae7330fdc44248b11,2024-11-19T09:32:20Z,1,612,0.0136986301369863,,,False,False,1,0,179.66,0.0,0.005566072827682245,,460609164.0,writer/writer-framework,Python
src/writer/blocks/writeraddchatmessage.py,0,callable,ok,src.writer.blocks.writeraddchatmessage.WriterAddChatMessage.register,src.writer.blocks.writeraddchatmessage.WriterAddChatMessage.register,0d97d09890c4e9bdbe31ff7ae7330fdc44248b11,2024-11-19T09:32:20Z,0d97d09890c4e9bdbe31ff7ae7330fdc44248b11,2024-11-19T09:32:20Z,1,612,0.029411764705882353,,,False,False,1,0,179.66,0.0,0.005566072827682245,,460609164.0,writer/writer-framework,Python
src/writer/blocks/writeraddchatmessage.py,1,callable,ok,src.writer.blocks.writeraddchatmessage.WriterAddChatMessage.run,src.writer.blocks.writeraddchatmessage.WriterAddChatMessage.run,0d97d09890c4e9bdbe31ff7ae7330fdc44248b11,2024-11-19T09:32:20Z,0d97d09890c4e9bdbe31ff7ae7330fdc44248b11,2024-11-19T09:32:20Z,1,612,0.02857142857142857,,,False,False,1,0,179.66,0.0,0.005566072827682245,,460609164.0,writer/writer-framework,Python
src/writer/blocks/writeraddtokg.py,0,class,ok,src.writer.blocks.writeraddtokg.WriterAddToKG,src.writer.blocks.writeraddtokg.WriterAddToKG,565e204ca7ad45d49919a50839d872bef8582d45,2024-11-22T13:27:28Z,78395aff9439fe879cee1f29dc1ff37809b5633c,2025-12-08T11:13:43Z,12,609,0.1111111111111111,2.7222109386852695,,False,False,8,4,176.5,204.41,0.045326652898171234,0.019568464400427858,460609164.0,writer/writer-framework,Python
src/writer/blocks/writeraddtokg.py,0,callable,ok,src.writer.blocks.writeraddtokg.WriterAddToKG.register,src.writer.blocks.writeraddtokg.WriterAddToKG.register,565e204ca7ad45d49919a50839d872bef8582d45,2024-11-22T13:27:28Z,1a951aa06cde399916a72b88c4ebccb99abdd791,2025-11-21T14:57:18-08:00,9,609,0.16363636363636364,2.3193239522189932,,False,False,7,2,176.5,187.9,0.03966082128589983,0.010644009381511601,460609164.0,writer/writer-framework,Python
src/writer/blocks/writeraddtokg.py,1,callable,ok,src.writer.blocks.writeraddtokg.WriterAddToKG.run,src.writer.blocks.writeraddtokg.WriterAddToKG.run,565e204ca7ad45d49919a50839d872bef8582d45,2024-11-22T13:27:28Z,78395aff9439fe879cee1f29dc1ff37809b5633c,2025-12-08T11:13:43Z,5,609,0.125,0.9101429240574848,,False,False,2,3,176.5,204.41,0.011331663224542808,0.014676348300320894,460609164.0,writer/writer-framework,Python
src/writer/blocks/writeraddtokg.py,2,callable,ok,src.writer.blocks.writeraddtokg.WriterAddToKG._get_prepared_file,src.writer.blocks.writeraddtokg.WriterAddToKG._get_prepared_file,50068bb0baf1b74b64a86f2e97035f1f3f781767,2024-11-22T14:25:47Z,50068bb0baf1b74b64a86f2e97035f1f3f781767,2024-11-22T14:25:47Z,1,609,0.125,,,False,False,1,0,176.46,0.0,0.005667131953067489,,460609164.0,writer/writer-framework,Python
src/writer/blocks/writeraskkg.py,0,class,ok,src.writer.blocks.writeraskkg.WriterAskGraphQuestion,src.writer.blocks.writeraskkg.WriterAskGraphQuestion,6247a4378def71a0151e83917e94aac610215f33,2025-04-24T13:04:38+03:00,d1a4b4eb12dd61f0187f2b136d43f6fefd26adc0,2026-01-26T15:05:54-05:00,13,456,0.08843537414965986,2.8282427687850857,,False,False,1,12,23.64,253.78,0.04230574124163434,0.04728503279122162,460609164.0,writer/writer-framework,Python
src/writer/blocks/writeraskkg.py,0,callable,ok,src.writer.blocks.writeraskkg.WriterAskGraphQuestion.register,src.writer.blocks.writeraskkg.WriterAskGraphQuestion.register,6247a4378def71a0151e83917e94aac610215f33,2025-04-24T13:04:38+03:00,d1a4b4eb12dd61f0187f2b136d43f6fefd26adc0,2026-01-26T15:05:54-05:00,10,456,0.14285714285714285,2.466129344251074,,False,False,1,9,23.64,253.78,0.04230574124163434,0.035463774593416215,460609164.0,writer/writer-framework,Python
src/writer/blocks/writeraskkg.py,1,callable,ok,src.writer.blocks.writeraskkg.WriterAskGraphQuestion.run,src.writer.blocks.writeraskkg.WriterAskGraphQuestion.run,6247a4378def71a0151e83917e94aac610215f33,2025-04-24T13:04:38+03:00,d1a4b4eb12dd61f0187f2b136d43f6fefd26adc0,2026-01-26T15:05:54-05:00,6,456,0.13636363636363635,1.6177503804809517,,False,False,1,5,23.64,253.78,0.04230574124163434,0.019702096996342344,460609164.0,writer/writer-framework,Python
src/writer/blocks/writeraskkg.py,2,callable,ok,src.writer.blocks.writeraskkg.WriterAskGraphQuestion._parse_response,src.writer.blocks.writeraskkg.WriterAskGraphQuestion._parse_response,d1a4b4eb12dd61f0187f2b136d43f6fefd26adc0,2026-01-26T15:05:54-05:00,d1a4b4eb12dd61f0187f2b136d43f6fefd26adc0,2026-01-26T15:05:54-05:00,1,178,0.037037037037037035,,,False,False,0,1,0.0,253.78,,0.003940419399268469,460609164.0,writer/writer-framework,Python
src/writer/blocks/writerchat.py,0,class,ok,src.writer.blocks.writerchat.WriterChat,src.writer.blocks.writerchat.WriterChat,0d97d09890c4e9bdbe31ff7ae7330fdc44248b11,2024-11-19T09:32:20Z,0d97d09890c4e9bdbe31ff7ae7330fdc44248b11,2024-11-19T09:32:20Z,1,612,0.007692307692307693,,,False,False,1,0,179.66,0.0,0.005566072827682245,,460609164.0,writer/writer-framework,Python
src/writer/blocks/writerchat.py,0,callable,ok,src.writer.blocks.writerchat.WriterChat.register,src.writer.blocks.writerchat.WriterChat.register,0d97d09890c4e9bdbe31ff7ae7330fdc44248b11,2024-11-19T09:32:20Z,0d97d09890c4e9bdbe31ff7ae7330fdc44248b11,2024-11-19T09:32:20Z,1,612,0.02,,,False,False,1,0,179.66,0.0,0.005566072827682245,,460609164.0,writer/writer-framework,Python
src/writer/blocks/writerchat.py,1,callable,ok,src.writer.blocks.writerchat.WriterChat._make_callable,src.writer.blocks.writerchat.WriterChat._make_callable,0d97d09890c4e9bdbe31ff7ae7330fdc44248b11,2024-11-19T09:32:20Z,0d97d09890c4e9bdbe31ff7ae7330fdc44248b11,2024-11-19T09:32:20Z,1,612,0.08333333333333333,,,False,False,1,0,179.66,0.0,0.005566072827682245,,460609164.0,writer/writer-framework,Python
src/writer/blocks/writerchat.py,2,callable,ok,src.writer.blocks.writerchat.WriterChat.run,src.writer.blocks.writerchat.WriterChat.run,0d97d09890c4e9bdbe31ff7ae7330fdc44248b11,2024-11-19T09:32:20Z,0d97d09890c4e9bdbe31ff7ae7330fdc44248b11,2024-11-19T09:32:20Z,1,612,0.015873015873015872,,,False,False,1,0,179.66,0.0,0.005566072827682245,,460609164.0,writer/writer-framework,Python
src/writer/blocks/writerchatreply.py,0,class,ok,src.writer.blocks.writerchatreply.WriterChatReply,src.writer.blocks.writerchatreply.WriterChatReply,db402c0952fd6b6678ecdc59c658aa14abac120b,2025-06-23T15:28:53Z,db402c0952fd6b6678ecdc59c658aa14abac120b,2025-06-23T15:28:53Z,1,396,0.004830917874396135,,,False,False,0,1,0.0,36.59,,0.027331574706778706,460609164.0,writer/writer-framework,Python
src/writer/blocks/writerchatreply.py,0,callable,ok,src.writer.blocks.writerchatreply.WriterChatReply.register,src.writer.blocks.writerchatreply.WriterChatReply.register,db402c0952fd6b6678ecdc59c658aa14abac120b,2025-06-23T15:28:53Z,db402c0952fd6b6678ecdc59c658aa14abac120b,2025-06-23T15:28:53Z,1,396,0.010101010101010102,,,False,False,0,1,0.0,36.59,,0.027331574706778706,460609164.0,writer/writer-framework,Python
src/writer/blocks/writerchatreply.py,1,callable,ok,src.writer.blocks.writerchatreply.WriterChatReply._make_callable,src.writer.blocks.writerchatreply.WriterChatReply._make_callable,db402c0952fd6b6678ecdc59c658aa14abac120b,2025-06-23T15:28:53Z,db402c0952fd6b6678ecdc59c658aa14abac120b,2025-06-23T15:28:53Z,1,396,0.05263157894736842,,,False,False,0,1,0.0,36.59,,0.027331574706778706,460609164.0,writer/writer-framework,Python
src/writer/blocks/writerchatreply.py,2,callable,ok,src.writer.blocks.writerchatreply.WriterChatReply.run,src.writer.blocks.writerchatreply.WriterChatReply.run,db402c0952fd6b6678ecdc59c658aa14abac120b,2025-06-23T15:28:53Z,db402c0952fd6b6678ecdc59c658aa14abac120b,2025-06-23T15:28:53Z,1,396,0.011764705882352941,,,False,False,0,1,0.0,36.59,,0.027331574706778706,460609164.0,writer/writer-framework,Python
src/writer/blocks/writerchatreplywithtoolconfig.py,0,class,ok,src.writer.blocks.writerchatreplywithtoolconfig.WriterChatReplyWithToolConfig,src.writer.blocks.writerchatreplywithtoolconfig.WriterChatReplyWithToolConfig,e018b076312df0a20120465f640ab50ea2be5a9a,2025-11-10T10:02:32+01:00,78395aff9439fe879cee1f29dc1ff37809b5633c,2025-12-08T11:13:43Z,4,256,0.010362694300518135,1.3583908050324147,,False,False,0,4,0.0,204.41,,0.019568464400427858,460609164.0,writer/writer-framework,Python
src/writer/blocks/writerchatreplywithtoolconfig.py,0,callable,ok,src.writer.blocks.writerchatreplywithtoolconfig.WriterChatReplyWithToolConfig.__init__,src.writer.blocks.writerchatreplywithtoolconfig.WriterChatReplyWithToolConfig.__init__,e018b076312df0a20120465f640ab50ea2be5a9a,2025-11-10T10:02:32+01:00,e018b076312df0a20120465f640ab50ea2be5a9a,2025-11-10T10:02:32+01:00,1,256,0.5,,,False,False,0,1,0.0,176.32,,0.005671524966722459,460609164.0,writer/writer-framework,Python
src/writer/blocks/writerchatreplywithtoolconfig.py,1,callable,ok,src.writer.blocks.writerchatreplywithtoolconfig.WriterChatReplyWithToolConfig.register,src.writer.blocks.writerchatreplywithtoolconfig.WriterChatReplyWithToolConfig.register,e018b076312df0a20120465f640ab50ea2be5a9a,2025-11-10T10:02:32+01:00,1a951aa06cde399916a72b88c4ebccb99abdd791,2025-11-21T14:57:18-08:00,2,256,0.012269938650306749,,,False,False,0,2,0.0,187.9,,0.010644009381511601,460609164.0,writer/writer-framework,Python
src/writer/blocks/writerchatreplywithtoolconfig.py,2,callable,ok,src.writer.blocks.writerchatreplywithtoolconfig.WriterChatReplyWithToolConfig._make_callable,src.writer.blocks.writerchatreplywithtoolconfig.WriterChatReplyWithToolConfig._make_callable,e018b076312df0a20120465f640ab50ea2be5a9a,2025-11-10T10:02:32+01:00,1a951aa06cde399916a72b88c4ebccb99abdd791,2025-11-21T14:57:18-08:00,2,256,0.021505376344086023,,,False,False,0,2,0.0,187.9,,0.010644009381511601,460609164.0,writer/writer-framework,Python
src/writer/blocks/writerchatreplywithtoolconfig.py,3,callable,ok,src.writer.blocks.writerchatreplywithtoolconfig.WriterChatReplyWithToolConfig.run,src.writer.blocks.writerchatreplywithtoolconfig.WriterChatReplyWithToolConfig.run,e018b076312df0a20120465f640ab50ea2be5a9a,2025-11-10T10:02:32+01:00,78395aff9439fe879cee1f29dc1ff37809b5633c,2025-12-08T11:13:43Z,4,256,0.032520325203252036,1.3583908050324147,,False,False,0,4,0.0,204.41,,0.019568464400427858,460609164.0,writer/writer-framework,Python
src/writer/blocks/writerclassification.py,0,class,ok,src.writer.blocks.writerclassification.WriterClassification,src.writer.blocks.writerclassification.WriterClassification,0d97d09890c4e9bdbe31ff7ae7330fdc44248b11,2024-11-19T09:32:20Z,0d97d09890c4e9bdbe31ff7ae7330fdc44248b11,2024-11-19T09:32:20Z,1,612,0.013513513513513514,,,False,False,1,0,179.66,0.0,0.005566072827682245,,460609164.0,writer/writer-framework,Python
src/writer/blocks/writerclassification.py,0,callable,ok,src.writer.blocks.writerclassification.WriterClassification.register,src.writer.blocks.writerclassification.WriterClassification.register,0d97d09890c4e9bdbe31ff7ae7330fdc44248b11,2024-11-19T09:32:20Z,0d97d09890c4e9bdbe31ff7ae7330fdc44248b11,2024-11-19T09:32:20Z,1,612,0.027777777777777776,,,False,False,1,0,179.66,0.0,0.005566072827682245,,460609164.0,writer/writer-framework,Python
src/writer/blocks/writerclassification.py,1,callable,ok,src.writer.blocks.writerclassification.WriterClassification.run,src.writer.blocks.writerclassification.WriterClassification.run,0d97d09890c4e9bdbe31ff7ae7330fdc44248b11,2024-11-19T09:32:20Z,0d97d09890c4e9bdbe31ff7ae7330fdc44248b11,2024-11-19T09:32:20Z,1,612,0.029411764705882353,,,False,False,1,0,179.66,0.0,0.005566072827682245,,460609164.0,writer/writer-framework,Python
src/writer/blocks/writercompletion.py,0,class,ok,src.writer.blocks.writercompletion.WriterCompletion,src.writer.blocks.writercompletion.WriterCompletion,0d97d09890c4e9bdbe31ff7ae7330fdc44248b11,2024-11-19T09:32:20Z,0d97d09890c4e9bdbe31ff7ae7330fdc44248b11,2024-11-19T09:32:20Z,1,612,0.017543859649122806,,,False,False,1,0,179.66,0.0,0.005566072827682245,,460609164.0,writer/writer-framework,Python
src/writer/blocks/writercompletion.py,0,callable,ok,src.writer.blocks.writercompletion.WriterCompletion.register,src.writer.blocks.writercompletion.WriterCompletion.register,0d97d09890c4e9bdbe31ff7ae7330fdc44248b11,2024-11-19T09:32:20Z,0d97d09890c4e9bdbe31ff7ae7330fdc44248b11,2024-11-19T09:32:20Z,1,612,0.02564102564102564,,,False,False,1,0,179.66,0.0,0.005566072827682245,,460609164.0,writer/writer-framework,Python
src/writer/blocks/writercompletion.py,1,callable,ok,src.writer.blocks.writercompletion.WriterCompletion.run,src.writer.blocks.writercompletion.WriterCompletion.run,0d97d09890c4e9bdbe31ff7ae7330fdc44248b11,2024-11-19T09:32:20Z,0d97d09890c4e9bdbe31ff7ae7330fdc44248b11,2024-11-19T09:32:20Z,1,612,0.07142857142857142,,,False,False,1,0,179.66,0.0,0.005566072827682245,,460609164.0,writer/writer-framework,Python
src/writer/blocks/writerfileapi.py,0,class,ok,src.writer.blocks.writerfileapi.WriterUploadFile,src.writer.blocks.writerfileapi.WriterUploadFile,df74245486986491ce2415ca55c3691cd0c2d742,2025-04-28T17:26:57+03:00,78395aff9439fe879cee1f29dc1ff37809b5633c,2025-12-08T11:13:43Z,7,452,0.08974358974358974,1.4455918699167836,,False,False,2,5,19.46,204.41,0.10279980748832347,0.02446058050053482,460609164.0,writer/writer-framework,Python
src/writer/blocks/writerfileapi.py,0,callable,ok,src.writer.blocks.writerfileapi.WriterUploadFile.register,src.writer.blocks.writerfileapi.WriterUploadFile.register,df74245486986491ce2415ca55c3691cd0c2d742,2025-04-28T17:26:57+03:00,1a951aa06cde399916a72b88c4ebccb99abdd791,2025-11-21T14:57:18-08:00,4,452,0.12121212121212122,0.8750144719281132,,False,False,2,2,19.46,187.9,0.10279980748832347,0.010644009381511601,460609164.0,writer/writer-framework,Python
src/writer/blocks/writerfileapi.py,1,callable,ok,src.writer.blocks.writerfileapi.WriterUploadFile.run,src.writer.blocks.writerfileapi.WriterUploadFile.run,df74245486986491ce2415ca55c3691cd0c2d742,2025-04-28T17:26:57+03:00,78395aff9439fe879cee1f29dc1ff37809b5633c,2025-12-08T11:13:43Z,4,452,0.0975609756097561,0.6467020711555853,,False,False,1,3,19.46,204.41,0.051399903744161736,0.014676348300320894,460609164.0,writer/writer-framework,Python
src/writer/blocks/writerinitchat.py,0,class,ok,src.writer.blocks.writerinitchat.WriterInitChat,src.writer.blocks.writerinitchat.WriterInitChat,0d97d09890c4e9bdbe31ff7ae7330fdc44248b11,2024-11-19T09:32:20Z,0d97d09890c4e9bdbe31ff7ae7330fdc44248b11,2024-11-19T09:32:20Z,1,612,0.014285714285714285,,,False,False,1,0,179.66,0.0,0.005566072827682245,,460609164.0,writer/writer-framework,Python
src/writer/blocks/writerinitchat.py,0,callable,ok,src.writer.blocks.writerinitchat.WriterInitChat.register,src.writer.blocks.writerinitchat.WriterInitChat.register,0d97d09890c4e9bdbe31ff7ae7330fdc44248b11,2024-11-19T09:32:20Z,0d97d09890c4e9bdbe31ff7ae7330fdc44248b11,2024-11-19T09:32:20Z,1,612,0.02564102564102564,,,False,False,1,0,179.66,0.0,0.005566072827682245,,460609164.0,writer/writer-framework,Python
src/writer/blocks/writerinitchat.py,1,callable,ok,src.writer.blocks.writerinitchat.WriterInitChat.run,src.writer.blocks.writerinitchat.WriterInitChat.run,0d97d09890c4e9bdbe31ff7ae7330fdc44248b11,2024-11-19T09:32:20Z,0d97d09890c4e9bdbe31ff7ae7330fdc44248b11,2024-11-19T09:32:20Z,1,612,0.037037037037037035,,,False,False,1,0,179.66,0.0,0.005566072827682245,,460609164.0,writer/writer-framework,Python
src/writer/blocks/writerkeyvaluestorage.py,0,class,ok,src.writer.blocks.writerkeyvaluestorage.WriterKeyValueStorage,src.writer.blocks.writerkeyvaluestorage.WriterKeyValueStorage,1c321dd2e5f878a95d0c5662b3944f892a3b8507,2025-10-24T13:39:11+02:00,0ecbfae8b57f03777ce1af0ab5d7fcf66a78ef47,2025-11-21T14:47:54-08:00,10,273,0.10204081632653061,2.21904119629664,,False,False,0,10,0.0,187.89,,0.053221895882202205,460609164.0,writer/writer-framework,Python
src/writer/blocks/writerkeyvaluestorage.py,0,callable,ok,src.writer.blocks.writerkeyvaluestorage.WriterKeyValueStorage.register,src.writer.blocks.writerkeyvaluestorage.WriterKeyValueStorage.register,1c321dd2e5f878a95d0c5662b3944f892a3b8507,2025-10-24T13:39:11+02:00,0ecbfae8b57f03777ce1af0ab5d7fcf66a78ef47,2025-11-21T14:47:54-08:00,9,273,0.15,1.8064746951324537,,False,False,0,9,0.0,187.89,,0.047899706293981985,460609164.0,writer/writer-framework,Python
src/writer/blocks/writerkeyvaluestorage.py,1,callable,ok,src.writer.blocks.writerkeyvaluestorage.WriterKeyValueStorage.run,src.writer.blocks.writerkeyvaluestorage.WriterKeyValueStorage.run,1c321dd2e5f878a95d0c5662b3944f892a3b8507,2025-10-24T13:39:11+02:00,522d3f98de1eb7fce4853994506a30c31ee485a6,2025-11-20T10:54:41+01:00,7,273,1.0,1.6919800106563303,,False,False,0,7,0.0,186.36,,0.03756258801014364,460609164.0,writer/writer-framework,Python
src/writer/blocks/writerkeyvaluestorage.py,2,callable,ok,src.writer.blocks.writerkeyvaluestorage.WriterKeyValueStorage._execute_action,src.writer.blocks.writerkeyvaluestorage.WriterKeyValueStorage._execute_action,522d3f98de1eb7fce4853994506a30c31ee485a6,2025-11-20T10:54:41+01:00,522d3f98de1eb7fce4853994506a30c31ee485a6,2025-11-20T10:54:41+01:00,1,246,0.037037037037037035,,,False,False,0,1,0.0,186.36,,0.005366084001449091,460609164.0,writer/writer-framework,Python
src/writer/blocks/writernocodeapp.py,0,class,ok,src.writer.blocks.writernocodeapp.WriterNoCodeApp,src.writer.blocks.writernocodeapp.WriterNoCodeApp,0d97d09890c4e9bdbe31ff7ae7330fdc44248b11,2024-11-19T09:32:20Z,0d97d09890c4e9bdbe31ff7ae7330fdc44248b11,2024-11-19T09:32:20Z,1,612,0.01818181818181818,,,False,False,1,0,179.66,0.0,0.005566072827682245,,460609164.0,writer/writer-framework,Python
src/writer/blocks/writernocodeapp.py,0,callable,ok,src.writer.blocks.writernocodeapp.WriterNoCodeApp.register,src.writer.blocks.writernocodeapp.WriterNoCodeApp.register,0d97d09890c4e9bdbe31ff7ae7330fdc44248b11,2024-11-19T09:32:20Z,0d97d09890c4e9bdbe31ff7ae7330fdc44248b11,2024-11-19T09:32:20Z,1,612,0.029411764705882353,,,False,False,1,0,179.66,0.0,0.005566072827682245,,460609164.0,writer/writer-framework,Python
src/writer/blocks/writernocodeapp.py,1,callable,ok,src.writer.blocks.writernocodeapp.WriterNoCodeApp.run,src.writer.blocks.writernocodeapp.WriterNoCodeApp.run,0d97d09890c4e9bdbe31ff7ae7330fdc44248b11,2024-11-19T09:32:20Z,0d97d09890c4e9bdbe31ff7ae7330fdc44248b11,2024-11-19T09:32:20Z,1,612,0.058823529411764705,,,False,False,1,0,179.66,0.0,0.005566072827682245,,460609164.0,writer/writer-framework,Python
src/writer/blocks/writerparsepdf.py,0,class,ok,src.writer.blocks.writerparsepdf.WriterParsePDFByFileID,src.writer.blocks.writerparsepdf.WriterParsePDFByFileID,bb7024cfeecbbbcc940784861bf46223fc07102c,2025-04-29T09:43:31+03:00,78395aff9439fe879cee1f29dc1ff37809b5633c,2025-12-08T11:13:43Z,6,451,0.08823529411764706,1.337648664829864,,False,False,1,5,18.78,204.41,0.05325630893097206,0.02446058050053482,460609164.0,writer/writer-framework,Python
src/writer/blocks/writerparsepdf.py,0,callable,ok,src.writer.blocks.writerparsepdf.WriterParsePDFByFileID.register,src.writer.blocks.writerparsepdf.WriterParsePDFByFileID.register,bb7024cfeecbbbcc940784861bf46223fc07102c,2025-04-29T09:43:31+03:00,1a951aa06cde399916a72b88c4ebccb99abdd791,2025-11-21T14:57:18-08:00,4,451,0.08888888888888889,0.981754317463196,,False,False,1,3,18.78,187.9,0.05325630893097206,0.0159660140722674,460609164.0,writer/writer-framework,Python
src/writer/blocks/writerparsepdf.py,1,callable,ok,src.writer.blocks.writerparsepdf.WriterParsePDFByFileID.run,src.writer.blocks.writerparsepdf.WriterParsePDFByFileID.run,bb7024cfeecbbbcc940784861bf46223fc07102c,2025-04-29T09:43:31+03:00,78395aff9439fe879cee1f29dc1ff37809b5633c,2025-12-08T11:13:43Z,3,451,0.15,0.09541562560849087,,False,False,1,2,18.78,204.41,0.05325630893097206,0.009784232200213929,460609164.0,writer/writer-framework,Python
src/writer/blocks/writerstructuredoutput.py,0,class,ok,src.writer.blocks.writerstructuredoutput.WriterStructuredOutput,src.writer.blocks.writerstructuredoutput.WriterStructuredOutput,d80869b31ee75a76b9e4b8013378af4b7c6d763c,2025-06-05T19:43:46+03:00,78395aff9439fe879cee1f29dc1ff37809b5633c,2025-12-08T11:13:43Z,7,414,0.07291666666666667,1.0206203329168178,,False,False,0,7,0.0,204.41,,0.03424481270074875,460609164.0,writer/writer-framework,Python
src/writer/blocks/writerstructuredoutput.py,0,callable,ok,src.writer.blocks.writerstructuredoutput.WriterStructuredOutput.register,src.writer.blocks.writerstructuredoutput.WriterStructuredOutput.register,d80869b31ee75a76b9e4b8013378af4b7c6d763c,2025-06-05T19:43:46+03:00,1a951aa06cde399916a72b88c4ebccb99abdd791,2025-11-21T14:57:18-08:00,5,414,0.10204081632653061,0.5820589897501249,,False,False,0,5,0.0,187.9,,0.026610023453779004,460609164.0,writer/writer-framework,Python
src/writer/blocks/writerstructuredoutput.py,1,callable,ok,src.writer.blocks.writerstructuredoutput.WriterStructuredOutput.run,src.writer.blocks.writerstructuredoutput.WriterStructuredOutput.run,d80869b31ee75a76b9e4b8013378af4b7c6d763c,2025-06-05T19:43:46+03:00,78395aff9439fe879cee1f29dc1ff37809b5633c,2025-12-08T11:13:43Z,5,414,0.11363636363636363,0.6525342523454367,,False,False,0,5,0.0,204.41,,0.02446058050053482,460609164.0,writer/writer-framework,Python
src/writer/blocks/writertoolcalling.py,0,class,ok,src.writer.blocks.writertoolcalling.WriterToolCalling,src.writer.blocks.writertoolcalling.WriterToolCalling,8c7ff64d7b3469f9e56b5e14bb9d16c2611d0ef1,2025-03-13T11:48:41Z,78395aff9439fe879cee1f29dc1ff37809b5633c,2025-12-08T11:13:43Z,15,498,0.06224066390041494,2.256601487608672,,False,False,7,8,65.57,204.41,0.10676395932589715,0.039136928800855716,460609164.0,writer/writer-framework,Python
src/writer/blocks/writertoolcalling.py,0,callable,ok,src.writer.blocks.writertoolcalling.WriterToolCalling.register,src.writer.blocks.writertoolcalling.WriterToolCalling.register,8c7ff64d7b3469f9e56b5e14bb9d16c2611d0ef1,2025-03-13T11:48:41Z,1a951aa06cde399916a72b88c4ebccb99abdd791,2025-11-21T14:57:18-08:00,6,498,0.11538461538461539,0.7656115761434513,,False,False,5,1,65.57,187.9,0.07625997094706939,0.005322004690755801,460609164.0,writer/writer-framework,Python
src/writer/blocks/writertoolcalling.py,1,callable,ok,src.writer.blocks.writertoolcalling.WriterToolCalling._make_callable,src.writer.blocks.writertoolcalling.WriterToolCalling._make_callable,8c7ff64d7b3469f9e56b5e14bb9d16c2611d0ef1,2025-03-13T11:48:41Z,838becbef57cf18be23c23de759e02ca5728d230,2025-09-02T16:53:37+03:00,4,498,0.10810810810810811,0.55034477806307,,False,False,2,2,65.57,107.52,0.030503988378827757,0.018600920164269376,460609164.0,writer/writer-framework,Python
src/writer/blocks/writertoolcalling.py,2,callable,ok,src.writer.blocks.writertoolcalling.WriterToolCalling._get_tools,src.writer.blocks.writertoolcalling.WriterToolCalling._get_tools,8c7ff64d7b3469f9e56b5e14bb9d16c2611d0ef1,2025-03-13T11:48:41Z,9a4c1d195542145a8a83298a73d678d159451c2a,2025-10-31T08:39:31Z,5,498,0.07462686567164178,1.3623943159916456,,False,False,3,2,65.57,166.3,0.045755982568241635,0.012026209620591878,460609164.0,writer/writer-framework,Python
src/writer/blocks/writertoolcalling.py,3,callable,ok,src.writer.blocks.writertoolcalling.WriterToolCalling.run,src.writer.blocks.writertoolcalling.WriterToolCalling.run,8c7ff64d7b3469f9e56b5e14bb9d16c2611d0ef1,2025-03-13T11:48:41Z,78395aff9439fe879cee1f29dc1ff37809b5633c,2025-12-08T11:13:43Z,8,498,0.20512820512820512,1.9532227378458906,,False,False,3,5,65.57,204.41,0.045755982568241635,0.02446058050053482,460609164.0,writer/writer-framework,Python
src/writer/blocks/writertoolcalling.py,4,callable,ok,src.writer.blocks.writertoolcalling.WriterToolCalling._get_react_prompt,src.writer.blocks.writertoolcalling.WriterToolCalling._get_react_prompt,f511ba3b5798743ae0ca68db0b4f9f2b96d7ac16,2025-04-17T14:10:56Z,af4edb0af69bb97cb0425359ffc6883baacb9aed,2025-10-31T08:53:28Z,4,463,0.12121212121212122,0.8805582681054499,,False,False,1,3,30.47,166.31,0.03282303143489073,0.018038263666803205,460609164.0,writer/writer-framework,Python
src/writer/blocks/writertoolcalling.py,5,callable,ok,src.writer.blocks.writertoolcalling.WriterToolCalling._project_common_tools_result,src.writer.blocks.writertoolcalling.WriterToolCalling._project_common_tools_result,342cb6fd8b5acb9f832ec5b218ebe6c28af6408b,2025-09-02T16:33:21+03:00,fece4b4dbb6ee57511f093aed21034c3b898b959,2025-09-02T16:37:34+03:00,2,325,0.3333333333333333,,,False,False,0,2,0.0,107.51,,0.01860284856118593,460609164.0,writer/writer-framework,Python
src/writer/blocks/writervision.py,0,class,ok,src.writer.blocks.writervision.WriterVision,src.writer.blocks.writervision.WriterVision,df2605b6a79256366c0e2ffeeb8211be4ecb0039,2025-06-10T10:52:37+03:00,78395aff9439fe879cee1f29dc1ff37809b5633c,2025-12-08T11:13:43Z,6,409,0.045454545454545456,0.8617747889868245,,False,False,0,6,0.0,204.41,,0.029352696600641787,460609164.0,writer/writer-framework,Python
src/writer/blocks/writervision.py,0,callable,ok,src.writer.blocks.writervision.WriterVision.register,src.writer.blocks.writervision.WriterVision.register,df2605b6a79256366c0e2ffeeb8211be4ecb0039,2025-06-10T10:52:37+03:00,1a951aa06cde399916a72b88c4ebccb99abdd791,2025-11-21T14:57:18-08:00,3,409,0.046875,0.35019123663642626,,False,False,0,3,0.0,187.9,,0.0159660140722674,460609164.0,writer/writer-framework,Python
src/writer/blocks/writervision.py,1,callable,ok,src.writer.blocks.writervision.WriterVision.run,src.writer.blocks.writervision.WriterVision.run,df2605b6a79256366c0e2ffeeb8211be4ecb0039,2025-06-10T10:52:37+03:00,78395aff9439fe879cee1f29dc1ff37809b5633c,2025-12-08T11:13:43Z,4,409,0.06153846153846154,0.20936449371059504,,False,False,0,4,0.0,204.41,,0.019568464400427858,460609164.0,writer/writer-framework,Python
src/writer/blocks/writerwebsearch.py,0,class,ok,src.writer.blocks.writerwebsearch.WriterWebSearch,src.writer.blocks.writerwebsearch.WriterWebSearch,62572a3d63821a0667d482529b0e5ed45eb47110,2025-08-22T13:34:15+03:00,78395aff9439fe879cee1f29dc1ff37809b5633c,2025-12-08T11:13:43Z,6,336,0.03571428571428571,1.219557466678179,,False,False,0,6,0.0,204.41,,0.029352696600641787,460609164.0,writer/writer-framework,Python
src/writer/blocks/writerwebsearch.py,0,callable,ok,src.writer.blocks.writerwebsearch.WriterWebSearch.register,src.writer.blocks.writerwebsearch.WriterWebSearch.register,62572a3d63821a0667d482529b0e5ed45eb47110,2025-08-22T13:34:15+03:00,1a951aa06cde399916a72b88c4ebccb99abdd791,2025-11-21T14:57:18-08:00,3,336,0.04225352112676056,0.4994365922465009,,False,False,0,3,0.0,187.9,,0.0159660140722674,460609164.0,writer/writer-framework,Python
src/writer/blocks/writerwebsearch.py,1,callable,ok,src.writer.blocks.writerwebsearch.WriterWebSearch.run,src.writer.blocks.writerwebsearch.WriterWebSearch.run,62572a3d63821a0667d482529b0e5ed45eb47110,2025-08-22T13:34:15+03:00,78395aff9439fe879cee1f29dc1ff37809b5633c,2025-12-08T11:13:43Z,4,336,0.0784313725490196,0.34722212692460086,,False,False,0,4,0.0,204.41,,0.019568464400427858,460609164.0,writer/writer-framework,Python
src/writer/blocks/writerwebsearch.py,2,callable,ok,src.writer.blocks.writerwebsearch.WriterWebSearch._normalize_domains,src.writer.blocks.writerwebsearch.WriterWebSearch._normalize_domains,a2a8c16a9e525e6a8a3c3051d0419f5620f07909,2025-08-25T10:56:16+03:00,a2a8c16a9e525e6a8a3c3051d0419f5620f07909,2025-08-25T10:56:16+03:00,1,333,0.023809523809523808,,,False,False,0,1,0.0,99.27,,0.010073191529844977,460609164.0,writer/writer-framework,Python
src/writer/blueprints.py,0,class,ok,src.writer.blueprints.WorkflowRunner,src.writer.blueprints.WorkflowRunner,4c560df0d1b3c9454f877d7c4a6aedb0f5684153,2025-04-04T11:16:48Z,4c560df0d1b3c9454f877d7c4a6aedb0f5684153,2025-04-04T11:16:48Z,1,476,0.002824858757062147,,,False,False,1,0,43.59,0.0,0.02294244261601202,,460609164.0,writer/writer-framework,Python
src/writer/blueprints.py,0,callable,ok,src.writer.blueprints.WorkflowRunner.__init__,src.writer.blueprints.WorkflowRunner.__init__,4c560df0d1b3c9454f877d7c4a6aedb0f5684153,2025-04-04T11:16:48Z,4c560df0d1b3c9454f877d7c4a6aedb0f5684153,2025-04-04T11:16:48Z,1,476,0.3333333333333333,,,False,False,1,0,43.59,0.0,0.02294244261601202,,460609164.0,writer/writer-framework,Python
src/writer/blueprints.py,1,callable,ok,src.writer.blueprints.WorkflowRunner._get_executor,src.writer.blueprints.WorkflowRunner._get_executor,4c560df0d1b3c9454f877d7c4a6aedb0f5684153,2025-04-04T11:16:48Z,4c560df0d1b3c9454f877d7c4a6aedb0f5684153,2025-04-04T11:16:48Z,1,476,0.06666666666666667,,,False,False,1,0,43.59,0.0,0.02294244261601202,,460609164.0,writer/writer-framework,Python
src/writer/blueprints.py,2,callable,ok,src.writer.blueprints.WorkflowRunner.execute_ui_trigger,src.writer.blueprints.WorkflowRunner.execute_ui_trigger,4c560df0d1b3c9454f877d7c4a6aedb0f5684153,2025-04-04T11:16:48Z,4c560df0d1b3c9454f877d7c4a6aedb0f5684153,2025-04-04T11:16:48Z,1,476,0.09090909090909091,,,False,False,1,0,43.59,0.0,0.02294244261601202,,460609164.0,writer/writer-framework,Python
src/writer/blueprints.py,3,callable,ok,src.writer.blueprints.WorkflowRunner.run_workflow_by_key,src.writer.blueprints.WorkflowRunner.run_workflow_by_key,4c560df0d1b3c9454f877d7c4a6aedb0f5684153,2025-04-04T11:16:48Z,4c560df0d1b3c9454f877d7c4a6aedb0f5684153,2025-04-04T11:16:48Z,1,476,0.07142857142857142,,,False,False,1,0,43.59,0.0,0.02294244261601202,,460609164.0,writer/writer-framework,Python
src/writer/blueprints.py,4,callable,ok,src.writer.blueprints.WorkflowRunner.run_workflow_pool,src.writer.blueprints.WorkflowRunner.run_workflow_pool,4c560df0d1b3c9454f877d7c4a6aedb0f5684153,2025-04-04T11:16:48Z,4c560df0d1b3c9454f877d7c4a6aedb0f5684153,2025-04-04T11:16:48Z,1,476,0.045454545454545456,,,False,False,1,0,43.59,0.0,0.02294244261601202,,460609164.0,writer/writer-framework,Python
src/writer/blueprints.py,5,callable,ok,src.writer.blueprints.WorkflowRunner._get_workflow_nodes,src.writer.blueprints.WorkflowRunner._get_workflow_nodes,4c560df0d1b3c9454f877d7c4a6aedb0f5684153,2025-04-04T11:16:48Z,4c560df0d1b3c9454f877d7c4a6aedb0f5684153,2025-04-04T11:16:48Z,1,476,0.1111111111111111,,,False,False,1,0,43.59,0.0,0.02294244261601202,,460609164.0,writer/writer-framework,Python
src/writer/blueprints.py,6,callable,ok,src.writer.blueprints.WorkflowRunner.run_branch,src.writer.blueprints.WorkflowRunner.run_branch,4c560df0d1b3c9454f877d7c4a6aedb0f5684153,2025-04-04T11:16:48Z,4c560df0d1b3c9454f877d7c4a6aedb0f5684153,2025-04-04T11:16:48Z,1,476,0.1,,,False,False,1,0,43.59,0.0,0.02294244261601202,,460609164.0,writer/writer-framework,Python
src/writer/blueprints.py,7,callable,ok,src.writer.blueprints.WorkflowRunner.run_branch_pool,src.writer.blueprints.WorkflowRunner.run_branch_pool,4c560df0d1b3c9454f877d7c4a6aedb0f5684153,2025-04-04T11:16:48Z,4c560df0d1b3c9454f877d7c4a6aedb0f5684153,2025-04-04T11:16:48Z,1,476,0.05,,,False,False,1,0,43.59,0.0,0.02294244261601202,,460609164.0,writer/writer-framework,Python
src/writer/blueprints.py,8,callable,ok,src.writer.blueprints.WorkflowRunner.run_workflow,src.writer.blueprints.WorkflowRunner.run_workflow,4c560df0d1b3c9454f877d7c4a6aedb0f5684153,2025-04-04T11:16:48Z,4c560df0d1b3c9454f877d7c4a6aedb0f5684153,2025-04-04T11:16:48Z,1,476,0.2,,,False,False,1,0,43.59,0.0,0.02294244261601202,,460609164.0,writer/writer-framework,Python
src/writer/blueprints.py,9,callable,ok,src.writer.blueprints.WorkflowRunner._generate_run_id,src.writer.blueprints.WorkflowRunner._generate_run_id,4c560df0d1b3c9454f877d7c4a6aedb0f5684153,2025-04-04T11:16:48Z,4c560df0d1b3c9454f877d7c4a6aedb0f5684153,2025-04-04T11:16:48Z,1,476,0.16666666666666666,,,False,False,1,0,43.59,0.0,0.02294244261601202,,460609164.0,writer/writer-framework,Python
src/writer/blueprints.py,10,callable,ok,src.writer.blueprints.WorkflowRunner._summarize_data_for_log,src.writer.blueprints.WorkflowRunner._summarize_data_for_log,4c560df0d1b3c9454f877d7c4a6aedb0f5684153,2025-04-04T11:16:48Z,4c560df0d1b3c9454f877d7c4a6aedb0f5684153,2025-04-04T11:16:48Z,1,476,0.047619047619047616,,,False,False,1,0,43.59,0.0,0.02294244261601202,,460609164.0,writer/writer-framework,Python
src/writer/blueprints.py,11,callable,ok,src.writer.blueprints.WorkflowRunner._generate_run_log,src.writer.blueprints.WorkflowRunner._generate_run_log,4c560df0d1b3c9454f877d7c4a6aedb0f5684153,2025-04-04T11:16:48Z,4c560df0d1b3c9454f877d7c4a6aedb0f5684153,2025-04-04T11:16:48Z,1,476,0.023255813953488372,,,False,False,1,0,43.59,0.0,0.02294244261601202,,460609164.0,writer/writer-framework,Python
src/writer/blueprints.py,12,callable,ok,src.writer.blueprints.WorkflowRunner.filter_branch,src.writer.blueprints.WorkflowRunner.filter_branch,4c560df0d1b3c9454f877d7c4a6aedb0f5684153,2025-04-04T11:16:48Z,4c560df0d1b3c9454f877d7c4a6aedb0f5684153,2025-04-04T11:16:48Z,1,476,0.029411764705882353,,,False,False,1,0,43.59,0.0,0.02294244261601202,,460609164.0,writer/writer-framework,Python
src/writer/blueprints.py,13,callable,ok,src.writer.blueprints.WorkflowRunner.execute_dag,src.writer.blueprints.WorkflowRunner.execute_dag,4c560df0d1b3c9454f877d7c4a6aedb0f5684153,2025-04-04T11:16:48Z,4c560df0d1b3c9454f877d7c4a6aedb0f5684153,2025-04-04T11:16:48Z,1,476,0.012658227848101266,,,False,False,1,0,43.59,0.0,0.02294244261601202,,460609164.0,writer/writer-framework,Python
src/writer/blueprints.py,14,callable,ok,src.writer.blueprints.WorkflowRunner._get_tool,src.writer.blueprints.WorkflowRunner._get_tool,4c560df0d1b3c9454f877d7c4a6aedb0f5684153,2025-04-04T11:16:48Z,4c560df0d1b3c9454f877d7c4a6aedb0f5684153,2025-04-04T11:16:48Z,1,476,0.16666666666666666,,,False,False,1,0,43.59,0.0,0.02294244261601202,,460609164.0,writer/writer-framework,Python
src/writer/blueprints.py,15,callable,ok,src.writer.blueprints.WorkflowRunner._is_outcome_managed,src.writer.blueprints.WorkflowRunner._is_outcome_managed,4c560df0d1b3c9454f877d7c4a6aedb0f5684153,2025-04-04T11:16:48Z,4c560df0d1b3c9454f877d7c4a6aedb0f5684153,2025-04-04T11:16:48Z,1,476,0.14285714285714285,,,False,False,1,0,43.59,0.0,0.02294244261601202,,460609164.0,writer/writer-framework,Python
src/writer/blueprints.py,16,callable,ok,src.writer.blueprints.WorkflowRunner.run_tool,src.writer.blueprints.WorkflowRunner.run_tool,4c560df0d1b3c9454f877d7c4a6aedb0f5684153,2025-04-04T11:16:48Z,4c560df0d1b3c9454f877d7c4a6aedb0f5684153,2025-04-04T11:16:48Z,1,476,0.034482758620689655,,,False,False,1,0,43.59,0.0,0.02294244261601202,,460609164.0,writer/writer-framework,Python
src/writer/command_line.py,0,callable,ok,src.writer.command_line.main,src.writer.command_line.main,1e206f5940edeb44823585336df0ab80153b7758,2024-05-17T13:54:16Z,1e206f5940edeb44823585336df0ab80153b7758,2024-05-17T13:54:16Z,1,798,0.034482758620689655,,,False,False,1,0,365.48,0.0,0.0027361429087441234,,460609164.0,writer/writer-framework,Python
src/writer/command_line.py,1,callable,ok,src.writer.command_line._perform_checks,src.writer.command_line._perform_checks,1e206f5940edeb44823585336df0ab80153b7758,2024-05-17T13:54:16Z,1e206f5940edeb44823585336df0ab80153b7758,2024-05-17T13:54:16Z,1,798,0.0625,,,False,False,1,0,365.48,0.0,0.0027361429087441234,,460609164.0,writer/writer-framework,Python
src/writer/command_line.py,2,callable,ok,src.writer.command_line._route,src.writer.command_line._route,1e206f5940edeb44823585336df0ab80153b7758,2024-05-17T13:54:16Z,1e206f5940edeb44823585336df0ab80153b7758,2024-05-17T13:54:16Z,1,798,0.041666666666666664,,,False,False,1,0,365.48,0.0,0.0027361429087441234,,460609164.0,writer/writer-framework,Python
src/writer/command_line.py,3,callable,ok,src.writer.command_line.create_app,src.writer.command_line.create_app,1e206f5940edeb44823585336df0ab80153b7758,2024-05-17T13:54:16Z,1e206f5940edeb44823585336df0ab80153b7758,2024-05-17T13:54:16Z,1,798,0.09090909090909091,,,False,False,1,0,365.48,0.0,0.0027361429087441234,,460609164.0,writer/writer-framework,Python
src/writer/command_line.py,4,callable,ok,src.writer.command_line._get_absolute_app_path,src.writer.command_line._get_absolute_app_path,1e206f5940edeb44823585336df0ab80153b7758,2024-05-17T13:54:16Z,1e206f5940edeb44823585336df0ab80153b7758,2024-05-17T13:54:16Z,1,798,0.16666666666666666,,,False,False,1,0,365.48,0.0,0.0027361429087441234,,460609164.0,writer/writer-framework,Python
src/writer/core.py,0,class,ok,src.writer.core.Config,src.writer.core.Config,1e206f5940edeb44823585336df0ab80153b7758,2024-05-17T13:54:16Z,1e206f5940edeb44823585336df0ab80153b7758,2024-05-17T13:54:16Z,1,798,0.2,,,False,False,1,0,365.48,0.0,0.0027361429087441234,,460609164.0,writer/writer-framework,Python
src/writer/core.py,1,class,ok,src.writer.core.FileWrapper,src.writer.core.FileWrapper,1e206f5940edeb44823585336df0ab80153b7758,2024-05-17T13:54:16Z,1e206f5940edeb44823585336df0ab80153b7758,2024-05-17T13:54:16Z,1,798,0.03125,,,False,False,1,0,365.48,0.0,0.0027361429087441234,,460609164.0,writer/writer-framework,Python
src/writer/core.py,2,class,ok,src.writer.core.BytesWrapper,src.writer.core.BytesWrapper,1e206f5940edeb44823585336df0ab80153b7758,2024-05-17T13:54:16Z,1e206f5940edeb44823585336df0ab80153b7758,2024-05-17T13:54:16Z,1,798,0.0625,,,False,False,1,0,365.48,0.0,0.0027361429087441234,,460609164.0,writer/writer-framework,Python
src/writer/core.py,3,class,ok,src.writer.core.StateSerialiserException,src.writer.core.StateSerialiserException,1e206f5940edeb44823585336df0ab80153b7758,2024-05-17T13:54:16Z,1e206f5940edeb44823585336df0ab80153b7758,2024-05-17T13:54:16Z,1,798,0.5,,,False,False,1,0,365.48,0.0,0.0027361429087441234,,460609164.0,writer/writer-framework,Python
src/writer/core.py,4,class,ok,src.writer.core.StateSerialiser,src.writer.core.StateSerialiser,1e206f5940edeb44823585336df0ab80153b7758,2024-05-17T13:54:16Z,1e206f5940edeb44823585336df0ab80153b7758,2024-05-17T13:54:16Z,1,798,0.008849557522123894,,,False,False,1,0,365.48,0.0,0.0027361429087441234,,460609164.0,writer/writer-framework,Python
src/writer/core.py,5,class,ok,src.writer.core.StateProxy,src.writer.core.StateProxy,1e206f5940edeb44823585336df0ab80153b7758,2024-05-17T13:54:16Z,1e206f5940edeb44823585336df0ab80153b7758,2024-05-17T13:54:16Z,1,798,0.006622516556291391,,,False,False,1,0,365.48,0.0,0.0027361429087441234,,460609164.0,writer/writer-framework,Python
src/writer/core.py,6,class,ok,src.writer.core.StateMeta,src.writer.core.StateMeta,1e206f5940edeb44823585336df0ab80153b7758,2024-05-17T13:54:16Z,1e206f5940edeb44823585336df0ab80153b7758,2024-05-17T13:54:16Z,1,798,0.02040816326530612,,,False,False,1,0,365.48,0.0,0.0027361429087441234,,460609164.0,writer/writer-framework,Python
src/writer/core.py,7,class,ok,src.writer.core.State,src.writer.core.State,1e206f5940edeb44823585336df0ab80153b7758,2024-05-17T13:54:16Z,1e206f5940edeb44823585336df0ab80153b7758,2024-05-17T13:54:16Z,1,798,0.008695652173913044,,,False,False,1,0,365.48,0.0,0.0027361429087441234,,460609164.0,writer/writer-framework,Python
src/writer/core.py,8,class,ok,src.writer.core.WriterState,src.writer.core.WriterState,1e206f5940edeb44823585336df0ab80153b7758,2024-05-17T13:54:16Z,1e206f5940edeb44823585336df0ab80153b7758,2024-05-17T13:54:16Z,1,798,0.006097560975609756,,,False,False,1,0,365.48,0.0,0.0027361429087441234,,460609164.0,writer/writer-framework,Python
src/writer/core.py,9,class,ok,src.writer.core.EventHandlerRegistry,src.writer.core.EventHandlerRegistry,1e206f5940edeb44823585336df0ab80153b7758,2024-05-17T13:54:16Z,1e206f5940edeb44823585336df0ab80153b7758,2024-05-17T13:54:16Z,1,798,0.012345679012345678,,,False,False,1,0,365.48,0.0,0.0027361429087441234,,460609164.0,writer/writer-framework,Python
src/writer/core.py,10,class,ok,src.writer.core.EventDeserialiser,src.writer.core.EventDeserialiser,1e206f5940edeb44823585336df0ab80153b7758,2024-05-17T13:54:16Z,1e206f5940edeb44823585336df0ab80153b7758,2024-05-17T13:54:16Z,1,798,0.005405405405405406,,,False,False,1,0,365.48,0.0,0.0027361429087441234,,460609164.0,writer/writer-framework,Python
src/writer/core.py,11,class,ok,src.writer.core.Evaluator,src.writer.core.Evaluator,1e206f5940edeb44823585336df0ab80153b7758,2024-05-17T13:54:16Z,1e206f5940edeb44823585336df0ab80153b7758,2024-05-17T13:54:16Z,1,798,0.0064516129032258064,,,False,False,1,0,365.48,0.0,0.0027361429087441234,,460609164.0,writer/writer-framework,Python
src/writer/core.py,12,class,ok,src.writer.core.WriterSession,src.writer.core.WriterSession,1e206f5940edeb44823585336df0ab80153b7758,2024-05-17T13:54:16Z,1e206f5940edeb44823585336df0ab80153b7758,2024-05-17T13:54:16Z,1,798,0.05,,,False,False,1,0,365.48,0.0,0.0027361429087441234,,460609164.0,writer/writer-framework,Python
src/writer/core.py,13,class,ok,src.writer.core.SessionManager,src.writer.core.SessionManager,1e206f5940edeb44823585336df0ab80153b7758,2024-05-17T13:54:16Z,1e206f5940edeb44823585336df0ab80153b7758,2024-05-17T13:54:16Z,1,798,0.010752688172043012,,,False,False,1,0,365.48,0.0,0.0027361429087441234,,460609164.0,writer/writer-framework,Python
src/writer/core.py,14,class,ok,src.writer.core.EventHandler,src.writer.core.EventHandler,1e206f5940edeb44823585336df0ab80153b7758,2024-05-17T13:54:16Z,1e206f5940edeb44823585336df0ab80153b7758,2024-05-17T13:54:16Z,1,798,0.008,,,False,False,1,0,365.48,0.0,0.0027361429087441234,,460609164.0,writer/writer-framework,Python
src/writer/core.py,15,class,ok,src.writer.core.DictPropertyProxy,src.writer.core.DictPropertyProxy,1e206f5940edeb44823585336df0ab80153b7758,2024-05-17T13:54:16Z,1e206f5940edeb44823585336df0ab80153b7758,2024-05-17T13:54:16Z,1,798,0.022727272727272728,,,False,False,1,0,365.48,0.0,0.0027361429087441234,,460609164.0,writer/writer-framework,Python
src/writer/core.py,0,callable,ok,src.writer.core.get_app_process,src.writer.core.get_app_process,1e206f5940edeb44823585336df0ab80153b7758,2024-05-17T13:54:16Z,1e206f5940edeb44823585336df0ab80153b7758,2024-05-17T13:54:16Z,1,798,0.1111111111111111,,,False,False,1,0,365.48,0.0,0.0027361429087441234,,460609164.0,writer/writer-framework,Python
src/writer/core.py,1,callable,ok,src.writer.core.get_annotations,src.writer.core.get_annotations,1e206f5940edeb44823585336df0ab80153b7758,2024-05-17T13:54:16Z,1e206f5940edeb44823585336df0ab80153b7758,2024-05-17T13:54:16Z,1,798,0.08333333333333333,,,False,False,1,0,365.48,0.0,0.0027361429087441234,,460609164.0,writer/writer-framework,Python
src/writer/core.py,2,callable,ok,src.writer.core.new_initial_state,src.writer.core.new_initial_state,1e206f5940edeb44823585336df0ab80153b7758,2024-05-17T13:54:16Z,1e206f5940edeb44823585336df0ab80153b7758,2024-05-17T13:54:16Z,1,798,0.05555555555555555,,,False,False,1,0,365.48,0.0,0.0027361429087441234,,460609164.0,writer/writer-framework,Python
src/writer/core.py,3,callable,ok,src.writer.core.session_verifier,src.writer.core.session_verifier,1e206f5940edeb44823585336df0ab80153b7758,2024-05-17T13:54:16Z,1e206f5940edeb44823585336df0ab80153b7758,2024-05-17T13:54:16Z,1,798,0.1,,,False,False,1,0,365.48,0.0,0.0027361429087441234,,460609164.0,writer/writer-framework,Python
src/writer/core.py,4,callable,ok,src.writer.core.reset_base_component_tree,src.writer.core.reset_base_component_tree,1e206f5940edeb44823585336df0ab80153b7758,2024-05-17T13:54:16Z,1e206f5940edeb44823585336df0ab80153b7758,2024-05-17T13:54:16Z,1,798,0.125,,,False,False,1,0,365.48,0.0,0.0027361429087441234,,460609164.0,writer/writer-framework,Python
src/writer/core.py,5,callable,ok,src.writer.core.FileWrapper.__init__,src.writer.core.FileWrapper.__init__,1e206f5940edeb44823585336df0ab80153b7758,2024-05-17T13:54:16Z,1e206f5940edeb44823585336df0ab80153b7758,2024-05-17T13:54:16Z,1,798,0.1,,,False,False,1,0,365.48,0.0,0.0027361429087441234,,460609164.0,writer/writer-framework,Python
src/writer/core.py,6,callable,ok,src.writer.core.FileWrapper._get_file_stream_as_dataurl,src.writer.core.FileWrapper._get_file_stream_as_dataurl,1e206f5940edeb44823585336df0ab80153b7758,2024-05-17T13:54:16Z,1e206f5940edeb44823585336df0ab80153b7758,2024-05-17T13:54:16Z,1,798,0.25,,,False,False,1,0,365.48,0.0,0.0027361429087441234,,460609164.0,writer/writer-framework,Python
src/writer/core.py,7,callable,ok,src.writer.core.FileWrapper.get_as_dataurl,src.writer.core.FileWrapper.get_as_dataurl,1e206f5940edeb44823585336df0ab80153b7758,2024-05-17T13:54:16Z,1e206f5940edeb44823585336df0ab80153b7758,2024-05-17T13:54:16Z,1,798,0.125,,,False,False,1,0,365.48,0.0,0.0027361429087441234,,460609164.0,writer/writer-framework,Python
src/writer/core.py,8,callable,ok,src.writer.core.BytesWrapper.__init__,src.writer.core.BytesWrapper.__init__,1e206f5940edeb44823585336df0ab80153b7758,2024-05-17T13:54:16Z,1e206f5940edeb44823585336df0ab80153b7758,2024-05-17T13:54:16Z,1,798,0.3333333333333333,,,False,False,1,0,365.48,0.0,0.0027361429087441234,,460609164.0,writer/writer-framework,Python
src/writer/core.py,9,callable,ok,src.writer.core.BytesWrapper.get_as_dataurl,src.writer.core.BytesWrapper.get_as_dataurl,1e206f5940edeb44823585336df0ab80153b7758,2024-05-17T13:54:16Z,1e206f5940edeb44823585336df0ab80153b7758,2024-05-17T13:54:16Z,1,798,0.25,,,False,False,1,0,365.48,0.0,0.0027361429087441234,,460609164.0,writer/writer-framework,Python
src/writer/core.py,10,callable,ok,src.writer.core.StateSerialiser.serialise,src.writer.core.StateSerialiser.serialise,1e206f5940edeb44823585336df0ab80153b7758,2024-05-17T13:54:16Z,1e206f5940edeb44823585336df0ab80153b7758,2024-05-17T13:54:16Z,1,798,0.017857142857142856,,,False,False,1,0,365.48,0.0,0.0027361429087441234,,460609164.0,writer/writer-framework,Python
src/writer/core.py,11,callable,ok,src.writer.core.StateSerialiser._serialise_dict_recursively,src.writer.core.StateSerialiser._serialise_dict_recursively,1e206f5940edeb44823585336df0ab80153b7758,2024-05-17T13:54:16Z,1e206f5940edeb44823585336df0ab80153b7758,2024-05-17T13:54:16Z,1,798,0.5,,,False,False,1,0,365.48,0.0,0.0027361429087441234,,460609164.0,writer/writer-framework,Python
src/writer/core.py,12,callable,ok,src.writer.core.StateSerialiser._serialise_list_recursively,src.writer.core.StateSerialiser._serialise_list_recursively,1e206f5940edeb44823585336df0ab80153b7758,2024-05-17T13:54:16Z,1e206f5940edeb44823585336df0ab80153b7758,2024-05-17T13:54:16Z,1,798,0.5,,,False,False,1,0,365.48,0.0,0.0027361429087441234,,460609164.0,writer/writer-framework,Python
src/writer/core.py,13,callable,ok,src.writer.core.StateSerialiser._serialise_ss_wrapper,src.writer.core.StateSerialiser._serialise_ss_wrapper,1e206f5940edeb44823585336df0ab80153b7758,2024-05-17T13:54:16Z,1e206f5940edeb44823585336df0ab80153b7758,2024-05-17T13:54:16Z,1,798,0.5,,,False,False,1,0,365.48,0.0,0.0027361429087441234,,460609164.0,writer/writer-framework,Python
src/writer/core.py,14,callable,ok,src.writer.core.StateSerialiser._serialise_matplotlib_fig,src.writer.core.StateSerialiser._serialise_matplotlib_fig,1e206f5940edeb44823585336df0ab80153b7758,2024-05-17T13:54:16Z,1e206f5940edeb44823585336df0ab80153b7758,2024-05-17T13:54:16Z,1,798,0.09090909090909091,,,False,False,1,0,365.48,0.0,0.0027361429087441234,,460609164.0,writer/writer-framework,Python
src/writer/core.py,15,callable,ok,src.writer.core.StateSerialiser._serialize_dataframe,src.writer.core.StateSerialiser._serialize_dataframe,1e206f5940edeb44823585336df0ab80153b7758,2024-05-17T13:54:16Z,1e206f5940edeb44823585336df0ab80153b7758,2024-05-17T13:54:16Z,1,798,0.09090909090909091,,,False,False,1,0,365.48,0.0,0.0027361429087441234,,460609164.0,writer/writer-framework,Python
src/writer/core.py,16,callable,ok,src.writer.core.StateSerialiser._serialise_pandas_dataframe,src.writer.core.StateSerialiser._serialise_pandas_dataframe,1e206f5940edeb44823585336df0ab80153b7758,2024-05-17T13:54:16Z,1e206f5940edeb44823585336df0ab80153b7758,2024-05-17T13:54:16Z,1,798,0.25,,,False,False,1,0,365.48,0.0,0.0027361429087441234,,460609164.0,writer/writer-framework,Python
src/writer/core.py,17,callable,ok,src.writer.core.StateSerialiser._serialise_pyarrow_table,src.writer.core.StateSerialiser._serialise_pyarrow_table,1e206f5940edeb44823585336df0ab80153b7758,2024-05-17T13:54:16Z,1e206f5940edeb44823585336df0ab80153b7758,2024-05-17T13:54:16Z,1,798,0.09090909090909091,,,False,False,1,0,365.48,0.0,0.0027361429087441234,,460609164.0,writer/writer-framework,Python
src/writer/core.py,18,callable,ok,src.writer.core.StateProxy.__init__,src.writer.core.StateProxy.__init__,1e206f5940edeb44823585336df0ab80153b7758,2024-05-17T13:54:16Z,1e206f5940edeb44823585336df0ab80153b7758,2024-05-17T13:54:16Z,1,798,0.2,,,False,False,1,0,365.48,0.0,0.0027361429087441234,,460609164.0,writer/writer-framework,Python
src/writer/core.py,19,callable,ok,src.writer.core.StateProxy.__repr__,src.writer.core.StateProxy.__repr__,1e206f5940edeb44823585336df0ab80153b7758,2024-05-17T13:54:16Z,1e206f5940edeb44823585336df0ab80153b7758,2024-05-17T13:54:16Z,1,798,0.5,,,False,False,1,0,365.48,0.0,0.0027361429087441234,,460609164.0,writer/writer-framework,Python
src/writer/core.py,20,callable,ok,src.writer.core.StateProxy.__contains__,src.writer.core.StateProxy.__contains__,1e206f5940edeb44823585336df0ab80153b7758,2024-05-17T13:54:16Z,1e206f5940edeb44823585336df0ab80153b7758,2024-05-17T13:54:16Z,1,798,0.5,,,False,False,1,0,365.48,0.0,0.0027361429087441234,,460609164.0,writer/writer-framework,Python
src/writer/core.py,21,callable,ok,src.writer.core.StateProxy.ingest,src.writer.core.StateProxy.ingest,1e206f5940edeb44823585336df0ab80153b7758,2024-05-17T13:54:16Z,1e206f5940edeb44823585336df0ab80153b7758,2024-05-17T13:54:16Z,1,798,0.3333333333333333,,,False,False,1,0,365.48,0.0,0.0027361429087441234,,460609164.0,writer/writer-framework,Python
src/writer/core.py,22,callable,ok,src.writer.core.StateProxy.items,src.writer.core.StateProxy.items,1e206f5940edeb44823585336df0ab80153b7758,2024-05-17T13:54:16Z,1e206f5940edeb44823585336df0ab80153b7758,2024-05-17T13:54:16Z,1,798,0.5,,,False,False,1,0,365.48,0.0,0.0027361429087441234,,460609164.0,writer/writer-framework,Python
src/writer/core.py,23,callable,ok,src.writer.core.StateProxy.get,src.writer.core.StateProxy.get,1e206f5940edeb44823585336df0ab80153b7758,2024-05-17T13:54:16Z,1e206f5940edeb44823585336df0ab80153b7758,2024-05-17T13:54:16Z,1,798,0.5,,,False,False,1,0,365.48,0.0,0.0027361429087441234,,460609164.0,writer/writer-framework,Python
src/writer/core.py,24,callable,ok,src.writer.core.StateProxy.__getitem__,src.writer.core.StateProxy.__getitem__,1e206f5940edeb44823585336df0ab80153b7758,2024-05-17T13:54:16Z,1e206f5940edeb44823585336df0ab80153b7758,2024-05-17T13:54:16Z,1,798,0.5,,,False,False,1,0,365.48,0.0,0.0027361429087441234,,460609164.0,writer/writer-framework,Python
src/writer/core.py,25,callable,ok,src.writer.core.StateProxy.__setitem__,src.writer.core.StateProxy.__setitem__,1e206f5940edeb44823585336df0ab80153b7758,2024-05-17T13:54:16Z,1e206f5940edeb44823585336df0ab80153b7758,2024-05-17T13:54:16Z,1,798,0.14285714285714285,,,False,False,1,0,365.48,0.0,0.0027361429087441234,,460609164.0,writer/writer-framework,Python
src/writer/core.py,26,callable,ok,src.writer.core.StateProxy.__delitem__,src.writer.core.StateProxy.__delitem__,1e206f5940edeb44823585336df0ab80153b7758,2024-05-17T13:54:16Z,1e206f5940edeb44823585336df0ab80153b7758,2024-05-17T13:54:16Z,1,798,0.25,,,False,False,1,0,365.48,0.0,0.0027361429087441234,,460609164.0,writer/writer-framework,Python
src/writer/core.py,27,callable,ok,src.writer.core.StateProxy.remove,src.writer.core.StateProxy.remove,1e206f5940edeb44823585336df0ab80153b7758,2024-05-17T13:54:16Z,1e206f5940edeb44823585336df0ab80153b7758,2024-05-17T13:54:16Z,1,798,0.5,,,False,False,1,0,365.48,0.0,0.0027361429087441234,,460609164.0,writer/writer-framework,Python
src/writer/core.py,28,callable,ok,src.writer.core.StateProxy._apply_raw,src.writer.core.StateProxy._apply_raw,1e206f5940edeb44823585336df0ab80153b7758,2024-05-17T13:54:16Z,1e206f5940edeb44823585336df0ab80153b7758,2024-05-17T13:54:16Z,1,798,0.5,,,False,False,1,0,365.48,0.0,0.0027361429087441234,,460609164.0,writer/writer-framework,Python
src/writer/core.py,29,callable,ok,src.writer.core.StateProxy.apply_mutation_marker,src.writer.core.StateProxy.apply_mutation_marker,1e206f5940edeb44823585336df0ab80153b7758,2024-05-17T13:54:16Z,1e206f5940edeb44823585336df0ab80153b7758,2024-05-17T13:54:16Z,1,798,0.045454545454545456,,,False,False,1,0,365.48,0.0,0.0027361429087441234,,460609164.0,writer/writer-framework,Python
src/writer/core.py,30,callable,ok,src.writer.core.StateProxy.escape_key,src.writer.core.StateProxy.escape_key,1e206f5940edeb44823585336df0ab80153b7758,2024-05-17T13:54:16Z,1e206f5940edeb44823585336df0ab80153b7758,2024-05-17T13:54:16Z,1,798,0.5,,,False,False,1,0,365.48,0.0,0.0027361429087441234,,460609164.0,writer/writer-framework,Python
src/writer/core.py,31,callable,ok,src.writer.core.StateProxy.get_mutations_as_dict,src.writer.core.StateProxy.get_mutations_as_dict,1e206f5940edeb44823585336df0ab80153b7758,2024-05-17T13:54:16Z,1e206f5940edeb44823585336df0ab80153b7758,2024-05-17T13:54:16Z,1,798,0.024390243902439025,,,False,False,1,0,365.48,0.0,0.0027361429087441234,,460609164.0,writer/writer-framework,Python
src/writer/core.py,32,callable,ok,src.writer.core.StateProxy.to_dict,src.writer.core.StateProxy.to_dict,1e206f5940edeb44823585336df0ab80153b7758,2024-05-17T13:54:16Z,1e206f5940edeb44823585336df0ab80153b7758,2024-05-17T13:54:16Z,1,798,0.07692307692307693,,,False,False,1,0,365.48,0.0,0.0027361429087441234,,460609164.0,writer/writer-framework,Python
src/writer/core.py,33,callable,ok,src.writer.core.StateProxy.to_raw_state,src.writer.core.StateProxy.to_raw_state,1e206f5940edeb44823585336df0ab80153b7758,2024-05-17T13:54:16Z,1e206f5940edeb44823585336df0ab80153b7758,2024-05-17T13:54:16Z,1,798,0.058823529411764705,,,False,False,1,0,365.48,0.0,0.0027361429087441234,,460609164.0,writer/writer-framework,Python
src/writer/core.py,34,callable,ok,src.writer.core.StateMeta.__new__,src.writer.core.StateMeta.__new__,1e206f5940edeb44823585336df0ab80153b7758,2024-05-17T13:54:16Z,1e206f5940edeb44823585336df0ab80153b7758,2024-05-17T13:54:16Z,1,798,0.25,,,False,False,1,0,365.48,0.0,0.0027361429087441234,,460609164.0,writer/writer-framework,Python
src/writer/core.py,35,callable,ok,src.writer.core.StateMeta.bind_annotations_to_state_proxy,src.writer.core.StateMeta.bind_annotations_to_state_proxy,1e206f5940edeb44823585336df0ab80153b7758,2024-05-17T13:54:16Z,1e206f5940edeb44823585336df0ab80153b7758,2024-05-17T13:54:16Z,1,798,0.02702702702702703,,,False,False,1,0,365.48,0.0,0.0027361429087441234,,460609164.0,writer/writer-framework,Python
src/writer/core.py,36,callable,ok,src.writer.core.State.__init__,src.writer.core.State.__init__,1e206f5940edeb44823585336df0ab80153b7758,2024-05-17T13:54:16Z,1e206f5940edeb44823585336df0ab80153b7758,2024-05-17T13:54:16Z,1,798,0.3333333333333333,,,False,False,1,0,365.48,0.0,0.0027361429087441234,,460609164.0,writer/writer-framework,Python
src/writer/core.py,37,callable,ok,src.writer.core.State.ingest,src.writer.core.State.ingest,1e206f5940edeb44823585336df0ab80153b7758,2024-05-17T13:54:16Z,1e206f5940edeb44823585336df0ab80153b7758,2024-05-17T13:54:16Z,1,798,0.07142857142857142,,,False,False,1,0,365.48,0.0,0.0027361429087441234,,460609164.0,writer/writer-framework,Python
src/writer/core.py,38,callable,ok,src.writer.core.State.to_dict,src.writer.core.State.to_dict,1e206f5940edeb44823585336df0ab80153b7758,2024-05-17T13:54:16Z,1e206f5940edeb44823585336df0ab80153b7758,2024-05-17T13:54:16Z,1,798,0.1,,,False,False,1,0,365.48,0.0,0.0027361429087441234,,460609164.0,writer/writer-framework,Python
src/writer/core.py,39,callable,ok,src.writer.core.State.to_raw_state,src.writer.core.State.to_raw_state,1e206f5940edeb44823585336df0ab80153b7758,2024-05-17T13:54:16Z,1e206f5940edeb44823585336df0ab80153b7758,2024-05-17T13:54:16Z,1,798,0.08333333333333333,,,False,False,1,0,365.48,0.0,0.0027361429087441234,,460609164.0,writer/writer-framework,Python
src/writer/core.py,40,callable,ok,src.writer.core.State.__repr__,src.writer.core.State.__repr__,1e206f5940edeb44823585336df0ab80153b7758,2024-05-17T13:54:16Z,1e206f5940edeb44823585336df0ab80153b7758,2024-05-17T13:54:16Z,1,798,0.5,,,False,False,1,0,365.48,0.0,0.0027361429087441234,,460609164.0,writer/writer-framework,Python
src/writer/core.py,41,callable,ok,src.writer.core.State.__getitem__,src.writer.core.State.__getitem__,1e206f5940edeb44823585336df0ab80153b7758,2024-05-17T13:54:16Z,1e206f5940edeb44823585336df0ab80153b7758,2024-05-17T13:54:16Z,1,798,0.1,,,False,False,1,0,365.48,0.0,0.0027361429087441234,,460609164.0,writer/writer-framework,Python
src/writer/core.py,42,callable,ok,src.writer.core.State.__setitem__,src.writer.core.State.__setitem__,1e206f5940edeb44823585336df0ab80153b7758,2024-05-17T13:54:16Z,1e206f5940edeb44823585336df0ab80153b7758,2024-05-17T13:54:16Z,1,798,0.25,,,False,False,1,0,365.48,0.0,0.0027361429087441234,,460609164.0,writer/writer-framework,Python
src/writer/core.py,43,callable,ok,src.writer.core.State.__delitem__,src.writer.core.State.__delitem__,1e206f5940edeb44823585336df0ab80153b7758,2024-05-17T13:54:16Z,1e206f5940edeb44823585336df0ab80153b7758,2024-05-17T13:54:16Z,1,798,0.5,,,False,False,1,0,365.48,0.0,0.0027361429087441234,,460609164.0,writer/writer-framework,Python
src/writer/core.py,44,callable,ok,src.writer.core.State.remove,src.writer.core.State.remove,1e206f5940edeb44823585336df0ab80153b7758,2024-05-17T13:54:16Z,1e206f5940edeb44823585336df0ab80153b7758,2024-05-17T13:54:16Z,1,798,0.5,,,False,False,1,0,365.48,0.0,0.0027361429087441234,,460609164.0,writer/writer-framework,Python
src/writer/core.py,45,callable,ok,src.writer.core.State.items,src.writer.core.State.items,1e206f5940edeb44823585336df0ab80153b7758,2024-05-17T13:54:16Z,1e206f5940edeb44823585336df0ab80153b7758,2024-05-17T13:54:16Z,1,798,0.125,,,False,False,1,0,365.48,0.0,0.0027361429087441234,,460609164.0,writer/writer-framework,Python
src/writer/core.py,46,callable,ok,src.writer.core.State.__contains__,src.writer.core.State.__contains__,1e206f5940edeb44823585336df0ab80153b7758,2024-05-17T13:54:16Z,1e206f5940edeb44823585336df0ab80153b7758,2024-05-17T13:54:16Z,1,798,0.5,,,False,False,1,0,365.48,0.0,0.0027361429087441234,,460609164.0,writer/writer-framework,Python
src/writer/core.py,47,callable,ok,src.writer.core.State._set_state_item,src.writer.core.State._set_state_item,1e206f5940edeb44823585336df0ab80153b7758,2024-05-17T13:54:16Z,1e206f5940edeb44823585336df0ab80153b7758,2024-05-17T13:54:16Z,1,798,0.034482758620689655,,,False,False,1,0,365.48,0.0,0.0027361429087441234,,460609164.0,writer/writer-framework,Python
src/writer/core.py,48,callable,ok,src.writer.core.WriterState.__init__,src.writer.core.WriterState.__init__,1e206f5940edeb44823585336df0ab80153b7758,2024-05-17T13:54:16Z,1e206f5940edeb44823585336df0ab80153b7758,2024-05-17T13:54:16Z,1,798,0.3333333333333333,,,False,False,1,0,365.48,0.0,0.0027361429087441234,,460609164.0,writer/writer-framework,Python
src/writer/core.py,49,callable,ok,src.writer.core.WriterState.user_state,src.writer.core.WriterState.user_state,1e206f5940edeb44823585336df0ab80153b7758,2024-05-17T13:54:16Z,1e206f5940edeb44823585336df0ab80153b7758,2024-05-17T13:54:16Z,1,798,0.5,,,False,False,1,0,365.48,0.0,0.0027361429087441234,,460609164.0,writer/writer-framework,Python
src/writer/core.py,50,callable,ok,src.writer.core.WriterState.get_new,src.writer.core.WriterState.get_new,1e206f5940edeb44823585336df0ab80153b7758,2024-05-17T13:54:16Z,1e206f5940edeb44823585336df0ab80153b7758,2024-05-17T13:54:16Z,1,798,0.25,,,False,False,1,0,365.48,0.0,0.0027361429087441234,,460609164.0,writer/writer-framework,Python
src/writer/core.py,51,callable,ok,src.writer.core.WriterState.get_clone,src.writer.core.WriterState.get_clone,1e206f5940edeb44823585336df0ab80153b7758,2024-05-17T13:54:16Z,1e206f5940edeb44823585336df0ab80153b7758,2024-05-17T13:54:16Z,1,798,0.041666666666666664,,,False,False,1,0,365.48,0.0,0.0027361429087441234,,460609164.0,writer/writer-framework,Python
src/writer/core.py,52,callable,ok,src.writer.core.WriterState.add_mail,src.writer.core.WriterState.add_mail,1e206f5940edeb44823585336df0ab80153b7758,2024-05-17T13:54:16Z,1e206f5940edeb44823585336df0ab80153b7758,2024-05-17T13:54:16Z,1,798,0.16666666666666666,,,False,False,1,0,365.48,0.0,0.0027361429087441234,,460609164.0,writer/writer-framework,Python
src/writer/core.py,53,callable,ok,src.writer.core.WriterState.add_notification,src.writer.core.WriterState.add_notification,1e206f5940edeb44823585336df0ab80153b7758,2024-05-17T13:54:16Z,1e206f5940edeb44823585336df0ab80153b7758,2024-05-17T13:54:16Z,1,798,0.16666666666666666,,,False,False,1,0,365.48,0.0,0.0027361429087441234,,460609164.0,writer/writer-framework,Python
src/writer/core.py,54,callable,ok,src.writer.core.WriterState._log_entry_in_logger,src.writer.core.WriterState._log_entry_in_logger,1e206f5940edeb44823585336df0ab80153b7758,2024-05-17T13:54:16Z,1e206f5940edeb44823585336df0ab80153b7758,2024-05-17T13:54:16Z,1,798,0.03125,,,False,False,1,0,365.48,0.0,0.0027361429087441234,,460609164.0,writer/writer-framework,Python
src/writer/core.py,55,callable,ok,src.writer.core.WriterState.add_log_entry,src.writer.core.WriterState.add_log_entry,1e206f5940edeb44823585336df0ab80153b7758,2024-05-17T13:54:16Z,1e206f5940edeb44823585336df0ab80153b7758,2024-05-17T13:54:16Z,1,798,0.06666666666666667,,,False,False,1,0,365.48,0.0,0.0027361429087441234,,460609164.0,writer/writer-framework,Python
src/writer/core.py,56,callable,ok,src.writer.core.WriterState.file_download,src.writer.core.WriterState.file_download,1e206f5940edeb44823585336df0ab80153b7758,2024-05-17T13:54:16Z,1e206f5940edeb44823585336df0ab80153b7758,2024-05-17T13:54:16Z,1,798,0.125,,,False,False,1,0,365.48,0.0,0.0027361429087441234,,460609164.0,writer/writer-framework,Python
src/writer/core.py,57,callable,ok,src.writer.core.WriterState.open_url,src.writer.core.WriterState.open_url,1e206f5940edeb44823585336df0ab80153b7758,2024-05-17T13:54:16Z,1e206f5940edeb44823585336df0ab80153b7758,2024-05-17T13:54:16Z,1,798,0.5,,,False,False,1,0,365.48,0.0,0.0027361429087441234,,460609164.0,writer/writer-framework,Python
src/writer/core.py,58,callable,ok,src.writer.core.WriterState.clear_mail,src.writer.core.WriterState.clear_mail,1e206f5940edeb44823585336df0ab80153b7758,2024-05-17T13:54:16Z,1e206f5940edeb44823585336df0ab80153b7758,2024-05-17T13:54:16Z,1,798,0.5,,,False,False,1,0,365.48,0.0,0.0027361429087441234,,460609164.0,writer/writer-framework,Python
src/writer/core.py,59,callable,ok,src.writer.core.WriterState.set_page,src.writer.core.WriterState.set_page,1e206f5940edeb44823585336df0ab80153b7758,2024-05-17T13:54:16Z,1e206f5940edeb44823585336df0ab80153b7758,2024-05-17T13:54:16Z,1,798,0.5,,,False,False,1,0,365.48,0.0,0.0027361429087441234,,460609164.0,writer/writer-framework,Python
src/writer/core.py,60,callable,ok,src.writer.core.WriterState.set_route_vars,src.writer.core.WriterState.set_route_vars,1e206f5940edeb44823585336df0ab80153b7758,2024-05-17T13:54:16Z,1e206f5940edeb44823585336df0ab80153b7758,2024-05-17T13:54:16Z,1,798,0.5,,,False,False,1,0,365.48,0.0,0.0027361429087441234,,460609164.0,writer/writer-framework,Python
src/writer/core.py,61,callable,ok,src.writer.core.WriterState.import_stylesheet,src.writer.core.WriterState.import_stylesheet,1e206f5940edeb44823585336df0ab80153b7758,2024-05-17T13:54:16Z,1e206f5940edeb44823585336df0ab80153b7758,2024-05-17T13:54:16Z,1,798,0.2,,,False,False,1,0,365.48,0.0,0.0027361429087441234,,460609164.0,writer/writer-framework,Python
src/writer/core.py,62,callable,ok,src.writer.core.WriterState.import_script,src.writer.core.WriterState.import_script,1e206f5940edeb44823585336df0ab80153b7758,2024-05-17T13:54:16Z,1e206f5940edeb44823585336df0ab80153b7758,2024-05-17T13:54:16Z,1,798,0.07142857142857142,,,False,False,1,0,365.48,0.0,0.0027361429087441234,,460609164.0,writer/writer-framework,Python
src/writer/core.py,63,callable,ok,src.writer.core.WriterState.import_frontend_module,src.writer.core.WriterState.import_frontend_module,1e206f5940edeb44823585336df0ab80153b7758,2024-05-17T13:54:16Z,1e206f5940edeb44823585336df0ab80153b7758,2024-05-17T13:54:16Z,1,798,0.2,,,False,False,1,0,365.48,0.0,0.0027361429087441234,,460609164.0,writer/writer-framework,Python
src/writer/core.py,64,callable,ok,src.writer.core.WriterState.call_frontend_function,src.writer.core.WriterState.call_frontend_function,1e206f5940edeb44823585336df0ab80153b7758,2024-05-17T13:54:16Z,1e206f5940edeb44823585336df0ab80153b7758,2024-05-17T13:54:16Z,1,798,0.16666666666666666,,,False,False,1,0,365.48,0.0,0.0027361429087441234,,460609164.0,writer/writer-framework,Python
src/writer/core.py,65,callable,ok,src.writer.core.EventHandlerRegistry.__init__,src.writer.core.EventHandlerRegistry.__init__,1e206f5940edeb44823585336df0ab80153b7758,2024-05-17T13:54:16Z,1e206f5940edeb44823585336df0ab80153b7758,2024-05-17T13:54:16Z,1,798,0.5,,,False,False,1,0,365.48,0.0,0.0027361429087441234,,460609164.0,writer/writer-framework,Python
src/writer/core.py,66,callable,ok,src.writer.core.EventHandlerRegistry.__iter__,src.writer.core.EventHandlerRegistry.__iter__,1e206f5940edeb44823585336df0ab80153b7758,2024-05-17T13:54:16Z,1e206f5940edeb44823585336df0ab80153b7758,2024-05-17T13:54:16Z,1,798,0.5,,,False,False,1,0,365.48,0.0,0.0027361429087441234,,460609164.0,writer/writer-framework,Python
src/writer/core.py,67,callable,ok,src.writer.core.EventHandlerRegistry.register_handler,src.writer.core.EventHandlerRegistry.register_handler,1e206f5940edeb44823585336df0ab80153b7758,2024-05-17T13:54:16Z,1e206f5940edeb44823585336df0ab80153b7758,2024-05-17T13:54:16Z,1,798,0.041666666666666664,,,False,False,1,0,365.48,0.0,0.0027361429087441234,,460609164.0,writer/writer-framework,Python
src/writer/core.py,68,callable,ok,src.writer.core.EventHandlerRegistry.register_module,src.writer.core.EventHandlerRegistry.register_module,1e206f5940edeb44823585336df0ab80153b7758,2024-05-17T13:54:16Z,1e206f5940edeb44823585336df0ab80153b7758,2024-05-17T13:54:16Z,1,798,0.0625,,,False,False,1,0,365.48,0.0,0.0027361429087441234,,460609164.0,writer/writer-framework,Python
src/writer/core.py,69,callable,ok,src.writer.core.EventHandlerRegistry.find_handler,src.writer.core.EventHandlerRegistry.find_handler,1e206f5940edeb44823585336df0ab80153b7758,2024-05-17T13:54:16Z,1e206f5940edeb44823585336df0ab80153b7758,2024-05-17T13:54:16Z,1,798,0.16666666666666666,,,False,False,1,0,365.48,0.0,0.0027361429087441234,,460609164.0,writer/writer-framework,Python
src/writer/core.py,70,callable,ok,src.writer.core.EventHandlerRegistry.get_handler_meta,src.writer.core.EventHandlerRegistry.get_handler_meta,1e206f5940edeb44823585336df0ab80153b7758,2024-05-17T13:54:16Z,1e206f5940edeb44823585336df0ab80153b7758,2024-05-17T13:54:16Z,1,798,0.1111111111111111,,,False,False,1,0,365.48,0.0,0.0027361429087441234,,460609164.0,writer/writer-framework,Python
src/writer/core.py,71,callable,ok,src.writer.core.EventHandlerRegistry.gather_handler_meta,src.writer.core.EventHandlerRegistry.gather_handler_meta,1e206f5940edeb44823585336df0ab80153b7758,2024-05-17T13:54:16Z,1e206f5940edeb44823585336df0ab80153b7758,2024-05-17T13:54:16Z,1,798,0.5,,,False,False,1,0,365.48,0.0,0.0027361429087441234,,460609164.0,writer/writer-framework,Python
src/writer/core.py,72,callable,ok,src.writer.core.EventDeserialiser.__init__,src.writer.core.EventDeserialiser.__init__,1e206f5940edeb44823585336df0ab80153b7758,2024-05-17T13:54:16Z,1e206f5940edeb44823585336df0ab80153b7758,2024-05-17T13:54:16Z,1,798,0.5,,,False,False,1,0,365.48,0.0,0.0027361429087441234,,460609164.0,writer/writer-framework,Python
src/writer/core.py,73,callable,ok,src.writer.core.EventDeserialiser.transform,src.writer.core.EventDeserialiser.transform,1e206f5940edeb44823585336df0ab80153b7758,2024-05-17T13:54:16Z,1e206f5940edeb44823585336df0ab80153b7758,2024-05-17T13:54:16Z,1,798,0.04,,,False,False,1,0,365.48,0.0,0.0027361429087441234,,460609164.0,writer/writer-framework,Python
src/writer/core.py,74,callable,ok,src.writer.core.EventDeserialiser._transform_tag_click,src.writer.core.EventDeserialiser._transform_tag_click,1e206f5940edeb44823585336df0ab80153b7758,2024-05-17T13:54:16Z,1e206f5940edeb44823585336df0ab80153b7758,2024-05-17T13:54:16Z,1,798,0.1,,,False,False,1,0,365.48,0.0,0.0027361429087441234,,460609164.0,writer/writer-framework,Python
src/writer/core.py,75,callable,ok,src.writer.core.EventDeserialiser._transform_option_change,src.writer.core.EventDeserialiser._transform_option_change,1e206f5940edeb44823585336df0ab80153b7758,2024-05-17T13:54:16Z,1e206f5940edeb44823585336df0ab80153b7758,2024-05-17T13:54:16Z,1,798,0.1,,,False,False,1,0,365.48,0.0,0.0027361429087441234,,460609164.0,writer/writer-framework,Python
src/writer/core.py,76,callable,ok,src.writer.core.EventDeserialiser._transform_options_change,src.writer.core.EventDeserialiser._transform_options_change,1e206f5940edeb44823585336df0ab80153b7758,2024-05-17T13:54:16Z,1e206f5940edeb44823585336df0ab80153b7758,2024-05-17T13:54:16Z,1,798,0.07692307692307693,,,False,False,1,0,365.48,0.0,0.0027361429087441234,,460609164.0,writer/writer-framework,Python
src/writer/core.py,77,callable,ok,src.writer.core.EventDeserialiser._transform_toggle,src.writer.core.EventDeserialiser._transform_toggle,1e206f5940edeb44823585336df0ab80153b7758,2024-05-17T13:54:16Z,1e206f5940edeb44823585336df0ab80153b7758,2024-05-17T13:54:16Z,1,798,0.3333333333333333,,,False,False,1,0,365.48,0.0,0.0027361429087441234,,460609164.0,writer/writer-framework,Python
src/writer/core.py,78,callable,ok,src.writer.core.EventDeserialiser._transform_keydown,src.writer.core.EventDeserialiser._transform_keydown,1e206f5940edeb44823585336df0ab80153b7758,2024-05-17T13:54:16Z,1e206f5940edeb44823585336df0ab80153b7758,2024-05-17T13:54:16Z,1,798,0.07692307692307693,,,False,False,1,0,365.48,0.0,0.0027361429087441234,,460609164.0,writer/writer-framework,Python
src/writer/core.py,79,callable,ok,src.writer.core.EventDeserialiser._transform_click,src.writer.core.EventDeserialiser._transform_click,1e206f5940edeb44823585336df0ab80153b7758,2024-05-17T13:54:16Z,1e206f5940edeb44823585336df0ab80153b7758,2024-05-17T13:54:16Z,1,798,0.09090909090909091,,,False,False,1,0,365.48,0.0,0.0027361429087441234,,460609164.0,writer/writer-framework,Python
src/writer/core.py,80,callable,ok,src.writer.core.EventDeserialiser._transform_hashchange,src.writer.core.EventDeserialiser._transform_hashchange,1e206f5940edeb44823585336df0ab80153b7758,2024-05-17T13:54:16Z,1e206f5940edeb44823585336df0ab80153b7758,2024-05-17T13:54:16Z,1,798,0.1111111111111111,,,False,False,1,0,365.48,0.0,0.0027361429087441234,,460609164.0,writer/writer-framework,Python
src/writer/core.py,81,callable,ok,src.writer.core.EventDeserialiser._transform_page_open,src.writer.core.EventDeserialiser._transform_page_open,1e206f5940edeb44823585336df0ab80153b7758,2024-05-17T13:54:16Z,1e206f5940edeb44823585336df0ab80153b7758,2024-05-17T13:54:16Z,1,798,0.3333333333333333,,,False,False,1,0,365.48,0.0,0.0027361429087441234,,460609164.0,writer/writer-framework,Python
src/writer/core.py,82,callable,ok,src.writer.core.EventDeserialiser._transform_chatbot_message,src.writer.core.EventDeserialiser._transform_chatbot_message,1e206f5940edeb44823585336df0ab80153b7758,2024-05-17T13:54:16Z,1e206f5940edeb44823585336df0ab80153b7758,2024-05-17T13:54:16Z,1,798,0.3333333333333333,,,False,False,1,0,365.48,0.0,0.0027361429087441234,,460609164.0,writer/writer-framework,Python
src/writer/core.py,83,callable,ok,src.writer.core.EventDeserialiser._transform_chatbot_action_click,src.writer.core.EventDeserialiser._transform_chatbot_action_click,1e206f5940edeb44823585336df0ab80153b7758,2024-05-17T13:54:16Z,1e206f5940edeb44823585336df0ab80153b7758,2024-05-17T13:54:16Z,1,798,0.3333333333333333,,,False,False,1,0,365.48,0.0,0.0027361429087441234,,460609164.0,writer/writer-framework,Python
src/writer/core.py,84,callable,ok,src.writer.core.EventDeserialiser._transform_change,src.writer.core.EventDeserialiser._transform_change,1e206f5940edeb44823585336df0ab80153b7758,2024-05-17T13:54:16Z,1e206f5940edeb44823585336df0ab80153b7758,2024-05-17T13:54:16Z,1,798,0.3333333333333333,,,False,False,1,0,365.48,0.0,0.0027361429087441234,,460609164.0,writer/writer-framework,Python
src/writer/core.py,85,callable,ok,src.writer.core.EventDeserialiser._transform_change_finish,src.writer.core.EventDeserialiser._transform_change_finish,1e206f5940edeb44823585336df0ab80153b7758,2024-05-17T13:54:16Z,1e206f5940edeb44823585336df0ab80153b7758,2024-05-17T13:54:16Z,1,798,0.5,,,False,False,1,0,365.48,0.0,0.0027361429087441234,,460609164.0,writer/writer-framework,Python
src/writer/core.py,86,callable,ok,src.writer.core.EventDeserialiser._transform_number_change,src.writer.core.EventDeserialiser._transform_number_change,1e206f5940edeb44823585336df0ab80153b7758,2024-05-17T13:54:16Z,1e206f5940edeb44823585336df0ab80153b7758,2024-05-17T13:54:16Z,1,798,0.2,,,False,False,1,0,365.48,0.0,0.0027361429087441234,,460609164.0,writer/writer-framework,Python
src/writer/core.py,87,callable,ok,src.writer.core.EventDeserialiser._transform_number_change_finish,src.writer.core.EventDeserialiser._transform_number_change_finish,1e206f5940edeb44823585336df0ab80153b7758,2024-05-17T13:54:16Z,1e206f5940edeb44823585336df0ab80153b7758,2024-05-17T13:54:16Z,1,798,0.5,,,False,False,1,0,365.48,0.0,0.0027361429087441234,,460609164.0,writer/writer-framework,Python
src/writer/core.py,88,callable,ok,src.writer.core.EventDeserialiser._transform_webcam,src.writer.core.EventDeserialiser._transform_webcam,1e206f5940edeb44823585336df0ab80153b7758,2024-05-17T13:54:16Z,1e206f5940edeb44823585336df0ab80153b7758,2024-05-17T13:54:16Z,1,798,0.5,,,False,False,1,0,365.48,0.0,0.0027361429087441234,,460609164.0,writer/writer-framework,Python
src/writer/core.py,89,callable,ok,src.writer.core.EventDeserialiser._file_item_transform,src.writer.core.EventDeserialiser._file_item_transform,1e206f5940edeb44823585336df0ab80153b7758,2024-05-17T13:54:16Z,1e206f5940edeb44823585336df0ab80153b7758,2024-05-17T13:54:16Z,1,798,0.1111111111111111,,,False,False,1,0,365.48,0.0,0.0027361429087441234,,460609164.0,writer/writer-framework,Python
src/writer/core.py,90,callable,ok,src.writer.core.EventDeserialiser._transform_file_change,src.writer.core.EventDeserialiser._transform_file_change,1e206f5940edeb44823585336df0ab80153b7758,2024-05-17T13:54:16Z,1e206f5940edeb44823585336df0ab80153b7758,2024-05-17T13:54:16Z,1,798,0.2,,,False,False,1,0,365.48,0.0,0.0027361429087441234,,460609164.0,writer/writer-framework,Python
src/writer/core.py,91,callable,ok,src.writer.core.EventDeserialiser._transform_date_change,src.writer.core.EventDeserialiser._transform_date_change,1e206f5940edeb44823585336df0ab80153b7758,2024-05-17T13:54:16Z,1e206f5940edeb44823585336df0ab80153b7758,2024-05-17T13:54:16Z,1,798,0.08333333333333333,,,False,False,1,0,365.48,0.0,0.0027361429087441234,,460609164.0,writer/writer-framework,Python
src/writer/core.py,92,callable,ok,src.writer.core.EventDeserialiser._transform_change_page_size,src.writer.core.EventDeserialiser._transform_change_page_size,1e206f5940edeb44823585336df0ab80153b7758,2024-05-17T13:54:16Z,1e206f5940edeb44823585336df0ab80153b7758,2024-05-17T13:54:16Z,1,798,0.2,,,False,False,1,0,365.48,0.0,0.0027361429087441234,,460609164.0,writer/writer-framework,Python
src/writer/core.py,93,callable,ok,src.writer.core.EventDeserialiser._transform_change_page,src.writer.core.EventDeserialiser._transform_change_page,1e206f5940edeb44823585336df0ab80153b7758,2024-05-17T13:54:16Z,1e206f5940edeb44823585336df0ab80153b7758,2024-05-17T13:54:16Z,1,798,0.2,,,False,False,1,0,365.48,0.0,0.0027361429087441234,,460609164.0,writer/writer-framework,Python
src/writer/core.py,94,callable,ok,src.writer.core.Evaluator.__init__,src.writer.core.Evaluator.__init__,1e206f5940edeb44823585336df0ab80153b7758,2024-05-17T13:54:16Z,1e206f5940edeb44823585336df0ab80153b7758,2024-05-17T13:54:16Z,1,798,0.3333333333333333,,,False,False,1,0,365.48,0.0,0.0027361429087441234,,460609164.0,writer/writer-framework,Python
src/writer/core.py,95,callable,ok,src.writer.core.Evaluator.evaluate_field,src.writer.core.Evaluator.evaluate_field,1e206f5940edeb44823585336df0ab80153b7758,2024-05-17T13:54:16Z,1e206f5940edeb44823585336df0ab80153b7758,2024-05-17T13:54:16Z,1,798,0.03333333333333333,,,False,False,1,0,365.48,0.0,0.0027361429087441234,,460609164.0,writer/writer-framework,Python
src/writer/core.py,96,callable,ok,src.writer.core.Evaluator.get_context_data,src.writer.core.Evaluator.get_context_data,1e206f5940edeb44823585336df0ab80153b7758,2024-05-17T13:54:16Z,1e206f5940edeb44823585336df0ab80153b7758,2024-05-17T13:54:16Z,1,798,0.02631578947368421,,,False,False,1,0,365.48,0.0,0.0027361429087441234,,460609164.0,writer/writer-framework,Python
src/writer/core.py,97,callable,ok,src.writer.core.Evaluator.set_state,src.writer.core.Evaluator.set_state,1e206f5940edeb44823585336df0ab80153b7758,2024-05-17T13:54:16Z,1e206f5940edeb44823585336df0ab80153b7758,2024-05-17T13:54:16Z,1,798,0.09090909090909091,,,False,False,1,0,365.48,0.0,0.0027361429087441234,,460609164.0,writer/writer-framework,Python
src/writer/core.py,98,callable,ok,src.writer.core.Evaluator.parse_expression,src.writer.core.Evaluator.parse_expression,1e206f5940edeb44823585336df0ab80153b7758,2024-05-17T13:54:16Z,1e206f5940edeb44823585336df0ab80153b7758,2024-05-17T13:54:16Z,1,798,0.02857142857142857,,,False,False,1,0,365.48,0.0,0.0027361429087441234,,460609164.0,writer/writer-framework,Python
src/writer/core.py,99,callable,ok,src.writer.core.Evaluator.evaluate_expression,src.writer.core.Evaluator.evaluate_expression,1e206f5940edeb44823585336df0ab80153b7758,2024-05-17T13:54:16Z,1e206f5940edeb44823585336df0ab80153b7758,2024-05-17T13:54:16Z,1,798,0.043478260869565216,,,False,False,1,0,365.48,0.0,0.0027361429087441234,,460609164.0,writer/writer-framework,Python
src/writer/core.py,100,callable,ok,src.writer.core.WriterSession.__init__,src.writer.core.WriterSession.__init__,1e206f5940edeb44823585336df0ab80153b7758,2024-05-17T13:54:16Z,1e206f5940edeb44823585336df0ab80153b7758,2024-05-17T13:54:16Z,1,798,0.09090909090909091,,,False,False,1,0,365.48,0.0,0.0027361429087441234,,460609164.0,writer/writer-framework,Python
src/writer/core.py,101,callable,ok,src.writer.core.WriterSession.update_last_active_timestamp,src.writer.core.WriterSession.update_last_active_timestamp,1e206f5940edeb44823585336df0ab80153b7758,2024-05-17T13:54:16Z,1e206f5940edeb44823585336df0ab80153b7758,2024-05-17T13:54:16Z,1,798,0.5,,,False,False,1,0,365.48,0.0,0.0027361429087441234,,460609164.0,writer/writer-framework,Python
src/writer/core.py,102,callable,ok,src.writer.core.SessionManager.__init__,src.writer.core.SessionManager.__init__,1e206f5940edeb44823585336df0ab80153b7758,2024-05-17T13:54:16Z,1e206f5940edeb44823585336df0ab80153b7758,2024-05-17T13:54:16Z,1,798,0.3333333333333333,,,False,False,1,0,365.48,0.0,0.0027361429087441234,,460609164.0,writer/writer-framework,Python
src/writer/core.py,103,callable,ok,src.writer.core.SessionManager.add_verifier,src.writer.core.SessionManager.add_verifier,1e206f5940edeb44823585336df0ab80153b7758,2024-05-17T13:54:16Z,1e206f5940edeb44823585336df0ab80153b7758,2024-05-17T13:54:16Z,1,798,0.5,,,False,False,1,0,365.48,0.0,0.0027361429087441234,,460609164.0,writer/writer-framework,Python
src/writer/core.py,104,callable,ok,src.writer.core.SessionManager._verify_before_new_session,src.writer.core.SessionManager._verify_before_new_session,1e206f5940edeb44823585336df0ab80153b7758,2024-05-17T13:54:16Z,1e206f5940edeb44823585336df0ab80153b7758,2024-05-17T13:54:16Z,1,798,0.05555555555555555,,,False,False,1,0,365.48,0.0,0.0027361429087441234,,460609164.0,writer/writer-framework,Python
src/writer/core.py,105,callable,ok,src.writer.core.SessionManager._check_proposed_session_id,src.writer.core.SessionManager._check_proposed_session_id,1e206f5940edeb44823585336df0ab80153b7758,2024-05-17T13:54:16Z,1e206f5940edeb44823585336df0ab80153b7758,2024-05-17T13:54:16Z,1,798,0.16666666666666666,,,False,False,1,0,365.48,0.0,0.0027361429087441234,,460609164.0,writer/writer-framework,Python
src/writer/core.py,106,callable,ok,src.writer.core.SessionManager.get_new_session,src.writer.core.SessionManager.get_new_session,1e206f5940edeb44823585336df0ab80153b7758,2024-05-17T13:54:16Z,1e206f5940edeb44823585336df0ab80153b7758,2024-05-17T13:54:16Z,1,798,0.07142857142857142,,,False,False,1,0,365.48,0.0,0.0027361429087441234,,460609164.0,writer/writer-framework,Python
src/writer/core.py,107,callable,ok,src.writer.core.SessionManager.get_session,src.writer.core.SessionManager.get_session,1e206f5940edeb44823585336df0ab80153b7758,2024-05-17T13:54:16Z,1e206f5940edeb44823585336df0ab80153b7758,2024-05-17T13:54:16Z,1,798,0.2,,,False,False,1,0,365.48,0.0,0.0027361429087441234,,460609164.0,writer/writer-framework,Python
src/writer/core.py,108,callable,ok,src.writer.core.SessionManager._generate_session_id,src.writer.core.SessionManager._generate_session_id,1e206f5940edeb44823585336df0ab80153b7758,2024-05-17T13:54:16Z,1e206f5940edeb44823585336df0ab80153b7758,2024-05-17T13:54:16Z,1,798,0.5,,,False,False,1,0,365.48,0.0,0.0027361429087441234,,460609164.0,writer/writer-framework,Python
src/writer/core.py,109,callable,ok,src.writer.core.SessionManager.clear_all,src.writer.core.SessionManager.clear_all,1e206f5940edeb44823585336df0ab80153b7758,2024-05-17T13:54:16Z,1e206f5940edeb44823585336df0ab80153b7758,2024-05-17T13:54:16Z,1,798,0.5,,,False,False,1,0,365.48,0.0,0.0027361429087441234,,460609164.0,writer/writer-framework,Python
src/writer/core.py,110,callable,ok,src.writer.core.SessionManager.close_session,src.writer.core.SessionManager.close_session,1e206f5940edeb44823585336df0ab80153b7758,2024-05-17T13:54:16Z,1e206f5940edeb44823585336df0ab80153b7758,2024-05-17T13:54:16Z,1,798,0.25,,,False,False,1,0,365.48,0.0,0.0027361429087441234,,460609164.0,writer/writer-framework,Python
src/writer/core.py,111,callable,ok,src.writer.core.SessionManager.prune_sessions,src.writer.core.SessionManager.prune_sessions,1e206f5940edeb44823585336df0ab80153b7758,2024-05-17T13:54:16Z,1e206f5940edeb44823585336df0ab80153b7758,2024-05-17T13:54:16Z,1,798,0.1111111111111111,,,False,False,1,0,365.48,0.0,0.0027361429087441234,,460609164.0,writer/writer-framework,Python
src/writer/core.py,112,callable,ok,src.writer.core.SessionManager.generate_session_id,src.writer.core.SessionManager.generate_session_id,1e206f5940edeb44823585336df0ab80153b7758,2024-05-17T13:54:16Z,1e206f5940edeb44823585336df0ab80153b7758,2024-05-17T13:54:16Z,1,798,0.16666666666666666,,,False,False,1,0,365.48,0.0,0.0027361429087441234,,460609164.0,writer/writer-framework,Python
src/writer/core.py,113,callable,ok,src.writer.core.EventHandler.__init__,src.writer.core.EventHandler.__init__,1e206f5940edeb44823585336df0ab80153b7758,2024-05-17T13:54:16Z,1e206f5940edeb44823585336df0ab80153b7758,2024-05-17T13:54:16Z,1,798,0.16666666666666666,,,False,False,1,0,365.48,0.0,0.0027361429087441234,,460609164.0,writer/writer-framework,Python
src/writer/core.py,114,callable,ok,src.writer.core.EventHandler._handle_binding,src.writer.core.EventHandler._handle_binding,1e206f5940edeb44823585336df0ab80153b7758,2024-05-17T13:54:16Z,1e206f5940edeb44823585336df0ab80153b7758,2024-05-17T13:54:16Z,1,798,0.14285714285714285,,,False,False,1,0,365.48,0.0,0.0027361429087441234,,460609164.0,writer/writer-framework,Python
src/writer/core.py,115,callable,ok,src.writer.core.EventHandler._async_handler_executor,src.writer.core.EventHandler._async_handler_executor,1e206f5940edeb44823585336df0ab80153b7758,2024-05-17T13:54:16Z,1e206f5940edeb44823585336df0ab80153b7758,2024-05-17T13:54:16Z,1,798,0.3333333333333333,,,False,False,1,0,365.48,0.0,0.0027361429087441234,,460609164.0,writer/writer-framework,Python
src/writer/core.py,116,callable,ok,src.writer.core.EventHandler._async_handler_executor_internal,src.writer.core.EventHandler._async_handler_executor_internal,1e206f5940edeb44823585336df0ab80153b7758,2024-05-17T13:54:16Z,1e206f5940edeb44823585336df0ab80153b7758,2024-05-17T13:54:16Z,1,798,0.2,,,False,False,1,0,365.48,0.0,0.0027361429087441234,,460609164.0,writer/writer-framework,Python
src/writer/core.py,117,callable,ok,src.writer.core.EventHandler._sync_handler_executor,src.writer.core.EventHandler._sync_handler_executor,1e206f5940edeb44823585336df0ab80153b7758,2024-05-17T13:54:16Z,1e206f5940edeb44823585336df0ab80153b7758,2024-05-17T13:54:16Z,1,798,0.2,,,False,False,1,0,365.48,0.0,0.0027361429087441234,,460609164.0,writer/writer-framework,Python
src/writer/core.py,118,callable,ok,src.writer.core.EventHandler._call_handler_callable,src.writer.core.EventHandler._call_handler_callable,1e206f5940edeb44823585336df0ab80153b7758,2024-05-17T13:54:16Z,1e206f5940edeb44823585336df0ab80153b7758,2024-05-17T13:54:16Z,1,798,0.017543859649122806,,,False,False,1,0,365.48,0.0,0.0027361429087441234,,460609164.0,writer/writer-framework,Python
src/writer/core.py,119,callable,ok,src.writer.core.EventHandler.handle,src.writer.core.EventHandler.handle,1e206f5940edeb44823585336df0ab80153b7758,2024-05-17T13:54:16Z,1e206f5940edeb44823585336df0ab80153b7758,2024-05-17T13:54:16Z,1,798,0.034482758620689655,,,False,False,1,0,365.48,0.0,0.0027361429087441234,,460609164.0,writer/writer-framework,Python
src/writer/core.py,120,callable,ok,src.writer.core.DictPropertyProxy.__init__,src.writer.core.DictPropertyProxy.__init__,1e206f5940edeb44823585336df0ab80153b7758,2024-05-17T13:54:16Z,1e206f5940edeb44823585336df0ab80153b7758,2024-05-17T13:54:16Z,1,798,0.3333333333333333,,,False,False,1,0,365.48,0.0,0.0027361429087441234,,460609164.0,writer/writer-framework,Python
src/writer/core.py,121,callable,ok,src.writer.core.DictPropertyProxy.__get__,src.writer.core.DictPropertyProxy.__get__,1e206f5940edeb44823585336df0ab80153b7758,2024-05-17T13:54:16Z,1e206f5940edeb44823585336df0ab80153b7758,2024-05-17T13:54:16Z,1,798,0.3333333333333333,,,False,False,1,0,365.48,0.0,0.0027361429087441234,,460609164.0,writer/writer-framework,Python
src/writer/core.py,122,callable,ok,src.writer.core.DictPropertyProxy.__set__,src.writer.core.DictPropertyProxy.__set__,1e206f5940edeb44823585336df0ab80153b7758,2024-05-17T13:54:16Z,1e206f5940edeb44823585336df0ab80153b7758,2024-05-17T13:54:16Z,1,798,0.3333333333333333,,,False,False,1,0,365.48,0.0,0.0027361429087441234,,460609164.0,writer/writer-framework,Python
src/writer/core_df.py,4,class,ok,src.writer.core_df.EditableDataframe,src.writer.core_df.EditableDataFrame,0e379de40b3649655def3c2a207f48f97801b7c1,2024-11-18T21:56:20+01:00,adbe3bed4cde50e3067547fce52cbe742460edcf,2024-12-17T12:33:11+01:00,2,28,0.0196078431372549,,,True,True,2,0,180.18,0.0,0.011099710212773993,,460609164.0,writer/writer-framework,Python
src/writer/core_df.py,0,class,ok,src.writer.core_df.DataframeRecordProcessor,src.writer.core_df.DataframeRecordProcessor,0e379de40b3649655def3c2a207f48f97801b7c1,2024-11-18T21:56:20+01:00,0e379de40b3649655def3c2a207f48f97801b7c1,2024-11-18T21:56:20+01:00,1,612,0.015625,,,False,False,1,0,180.18,0.0,0.005549855106386997,,460609164.0,writer/writer-framework,Python
src/writer/core_df.py,1,class,ok,src.writer.core_df.PandasRecordProcessor,src.writer.core_df.PandasRecordProcessor,0e379de40b3649655def3c2a207f48f97801b7c1,2024-11-18T21:56:20+01:00,0e379de40b3649655def3c2a207f48f97801b7c1,2024-11-18T21:56:20+01:00,1,612,0.010101010101010102,,,False,False,1,0,180.18,0.0,0.005549855106386997,,460609164.0,writer/writer-framework,Python
src/writer/core_df.py,2,class,ok,src.writer.core_df.PolarRecordProcessor,src.writer.core_df.PolarRecordProcessor,0e379de40b3649655def3c2a207f48f97801b7c1,2024-11-18T21:56:20+01:00,0e379de40b3649655def3c2a207f48f97801b7c1,2024-11-18T21:56:20+01:00,1,612,0.014492753623188406,,,False,False,1,0,180.18,0.0,0.005549855106386997,,460609164.0,writer/writer-framework,Python
src/writer/core_df.py,3,class,ok,src.writer.core_df.RecordListRecordProcessor,src.writer.core_df.RecordListRecordProcessor,0e379de40b3649655def3c2a207f48f97801b7c1,2024-11-18T21:56:20+01:00,0e379de40b3649655def3c2a207f48f97801b7c1,2024-11-18T21:56:20+01:00,1,612,0.01639344262295082,,,False,False,1,0,180.18,0.0,0.005549855106386997,,460609164.0,writer/writer-framework,Python
src/writer/core_df.py,5,class,ok,src.writer.core_df.EditableDataFrame,src.writer.core_df.EditableDataFrame,3093c36f4aeb0d7beb2974a202e99f154e118098,2024-12-17T13:55:30+01:00,3093c36f4aeb0d7beb2974a202e99f154e118098,2024-12-17T13:55:30+01:00,1,584,0.00980392156862745,,,False,False,1,0,151.52,0.0,0.006599841237152461,,460609164.0,writer/writer-framework,Python
src/writer/core_df.py,28,callable,ok,src.writer.core_df.EditableDataframe.__init__,src.writer.core_df.EditableDataFrame.__init__,0e379de40b3649655def3c2a207f48f97801b7c1,2024-11-18T21:56:20+01:00,adbe3bed4cde50e3067547fce52cbe742460edcf,2024-12-17T12:33:11+01:00,2,28,0.18181818181818182,,,True,True,2,0,180.18,0.0,0.011099710212773993,,460609164.0,writer/writer-framework,Python
src/writer/core_df.py,29,callable,ok,src.writer.core_df.EditableDataframe.df,src.writer.core_df.EditableDataFrame.df,0e379de40b3649655def3c2a207f48f97801b7c1,2024-11-18T21:56:20+01:00,adbe3bed4cde50e3067547fce52cbe742460edcf,2024-12-17T12:33:11+01:00,2,28,0.6666666666666666,,,True,True,2,0,180.18,0.0,0.011099710212773993,,460609164.0,writer/writer-framework,Python
src/writer/core_df.py,30,callable,ok,src.writer.core_df.EditableDataframe.record_add,src.writer.core_df.EditableDataFrame.record_add,0e379de40b3649655def3c2a207f48f97801b7c1,2024-11-18T21:56:20+01:00,adbe3bed4cde50e3067547fce52cbe742460edcf,2024-12-17T12:33:11+01:00,2,28,0.16666666666666666,,,True,True,2,0,180.18,0.0,0.011099710212773993,,460609164.0,writer/writer-framework,Python
src/writer/core_df.py,31,callable,ok,src.writer.core_df.EditableDataframe.record_update,src.writer.core_df.EditableDataFrame.record_update,0e379de40b3649655def3c2a207f48f97801b7c1,2024-11-18T21:56:20+01:00,adbe3bed4cde50e3067547fce52cbe742460edcf,2024-12-17T12:33:11+01:00,2,28,0.13333333333333333,,,True,True,2,0,180.18,0.0,0.011099710212773993,,460609164.0,writer/writer-framework,Python
src/writer/core_df.py,32,callable,ok,src.writer.core_df.EditableDataframe.record_remove,src.writer.core_df.EditableDataFrame.record_remove,0e379de40b3649655def3c2a207f48f97801b7c1,2024-11-18T21:56:20+01:00,adbe3bed4cde50e3067547fce52cbe742460edcf,2024-12-17T12:33:11+01:00,2,28,0.16666666666666666,,,True,True,2,0,180.18,0.0,0.011099710212773993,,460609164.0,writer/writer-framework,Python
src/writer/core_df.py,33,callable,ok,src.writer.core_df.EditableDataframe.pyarrow_table,src.writer.core_df.EditableDataFrame.pyarrow_table,0e379de40b3649655def3c2a207f48f97801b7c1,2024-11-18T21:56:20+01:00,adbe3bed4cde50e3067547fce52cbe742460edcf,2024-12-17T12:33:11+01:00,2,28,0.14285714285714285,,,True,True,2,0,180.18,0.0,0.011099710212773993,,460609164.0,writer/writer-framework,Python
src/writer/core_df.py,34,callable,ok,src.writer.core_df.EditableDataframe.record,src.writer.core_df.EditableDataFrame.record,0e379de40b3649655def3c2a207f48f97801b7c1,2024-11-18T21:56:20+01:00,adbe3bed4cde50e3067547fce52cbe742460edcf,2024-12-17T12:33:11+01:00,2,28,0.18181818181818182,,,True,True,2,0,180.18,0.0,0.011099710212773993,,460609164.0,writer/writer-framework,Python
src/writer/core_df.py,0,callable,ok,src.writer.core_df._assert_record_match_pandas_df,src.writer.core_df._assert_record_match_pandas_df,0e379de40b3649655def3c2a207f48f97801b7c1,2024-11-18T21:56:20+01:00,0e379de40b3649655def3c2a207f48f97801b7c1,2024-11-18T21:56:20+01:00,1,612,0.08333333333333333,,,False,False,1,0,180.18,0.0,0.005549855106386997,,460609164.0,writer/writer-framework,Python
src/writer/core_df.py,1,callable,ok,src.writer.core_df._assert_record_match_polar_df,src.writer.core_df._assert_record_match_polar_df,0e379de40b3649655def3c2a207f48f97801b7c1,2024-11-18T21:56:20+01:00,0e379de40b3649655def3c2a207f48f97801b7c1,2024-11-18T21:56:20+01:00,1,612,0.1,,,False,False,1,0,180.18,0.0,0.005549855106386997,,460609164.0,writer/writer-framework,Python
src/writer/core_df.py,2,callable,ok,src.writer.core_df._assert_record_match_list_of_records,src.writer.core_df._assert_record_match_list_of_records,0e379de40b3649655def3c2a207f48f97801b7c1,2024-11-18T21:56:20+01:00,0e379de40b3649655def3c2a207f48f97801b7c1,2024-11-18T21:56:20+01:00,1,612,0.07692307692307693,,,False,False,1,0,180.18,0.0,0.005549855106386997,,460609164.0,writer/writer-framework,Python
src/writer/core_df.py,3,callable,ok,src.writer.core_df._split_record_as_pandas_record_and_index,src.writer.core_df._split_record_as_pandas_record_and_index,0e379de40b3649655def3c2a207f48f97801b7c1,2024-11-18T21:56:20+01:00,0e379de40b3649655def3c2a207f48f97801b7c1,2024-11-18T21:56:20+01:00,1,612,0.05555555555555555,,,False,False,1,0,180.18,0.0,0.005549855106386997,,460609164.0,writer/writer-framework,Python
src/writer/core_df.py,4,callable,ok,src.writer.core_df.DataframeRecordProcessor.match,src.writer.core_df.DataframeRecordProcessor.match,0e379de40b3649655def3c2a207f48f97801b7c1,2024-11-18T21:56:20+01:00,0e379de40b3649655def3c2a207f48f97801b7c1,2024-11-18T21:56:20+01:00,1,612,0.2,,,False,False,1,0,180.18,0.0,0.005549855106386997,,460609164.0,writer/writer-framework,Python
src/writer/core_df.py,5,callable,ok,src.writer.core_df.DataframeRecordProcessor.record,src.writer.core_df.DataframeRecordProcessor.record,0e379de40b3649655def3c2a207f48f97801b7c1,2024-11-18T21:56:20+01:00,0e379de40b3649655def3c2a207f48f97801b7c1,2024-11-18T21:56:20+01:00,1,612,0.125,,,False,False,1,0,180.18,0.0,0.005549855106386997,,460609164.0,writer/writer-framework,Python
src/writer/core_df.py,6,callable,ok,src.writer.core_df.DataframeRecordProcessor.record_add,src.writer.core_df.DataframeRecordProcessor.record_add,0e379de40b3649655def3c2a207f48f97801b7c1,2024-11-18T21:56:20+01:00,0e379de40b3649655def3c2a207f48f97801b7c1,2024-11-18T21:56:20+01:00,1,612,0.125,,,False,False,1,0,180.18,0.0,0.005549855106386997,,460609164.0,writer/writer-framework,Python
src/writer/core_df.py,7,callable,ok,src.writer.core_df.DataframeRecordProcessor.record_update,src.writer.core_df.DataframeRecordProcessor.record_update,0e379de40b3649655def3c2a207f48f97801b7c1,2024-11-18T21:56:20+01:00,0e379de40b3649655def3c2a207f48f97801b7c1,2024-11-18T21:56:20+01:00,1,612,0.125,,,False,False,1,0,180.18,0.0,0.005549855106386997,,460609164.0,writer/writer-framework,Python
src/writer/core_df.py,8,callable,ok,src.writer.core_df.DataframeRecordProcessor.record_remove,src.writer.core_df.DataframeRecordProcessor.record_remove,0e379de40b3649655def3c2a207f48f97801b7c1,2024-11-18T21:56:20+01:00,0e379de40b3649655def3c2a207f48f97801b7c1,2024-11-18T21:56:20+01:00,1,612,0.125,,,False,False,1,0,180.18,0.0,0.005549855106386997,,460609164.0,writer/writer-framework,Python
src/writer/core_df.py,9,callable,ok,src.writer.core_df.DataframeRecordProcessor.pyarrow_table,src.writer.core_df.DataframeRecordProcessor.pyarrow_table,0e379de40b3649655def3c2a207f48f97801b7c1,2024-11-18T21:56:20+01:00,0e379de40b3649655def3c2a207f48f97801b7c1,2024-11-18T21:56:20+01:00,1,612,0.2,,,False,False,1,0,180.18,0.0,0.005549855106386997,,460609164.0,writer/writer-framework,Python
src/writer/core_df.py,10,callable,ok,src.writer.core_df.PandasRecordProcessor.match,src.writer.core_df.PandasRecordProcessor.match,0e379de40b3649655def3c2a207f48f97801b7c1,2024-11-18T21:56:20+01:00,0e379de40b3649655def3c2a207f48f97801b7c1,2024-11-18T21:56:20+01:00,1,612,0.3333333333333333,,,False,False,1,0,180.18,0.0,0.005549855106386997,,460609164.0,writer/writer-framework,Python
src/writer/core_df.py,11,callable,ok,src.writer.core_df.PandasRecordProcessor.record,src.writer.core_df.PandasRecordProcessor.record,0e379de40b3649655def3c2a207f48f97801b7c1,2024-11-18T21:56:20+01:00,0e379de40b3649655def3c2a207f48f97801b7c1,2024-11-18T21:56:20+01:00,1,612,0.05263157894736842,,,False,False,1,0,180.18,0.0,0.005549855106386997,,460609164.0,writer/writer-framework,Python
src/writer/core_df.py,12,callable,ok,src.writer.core_df.PandasRecordProcessor.record_add,src.writer.core_df.PandasRecordProcessor.record_add,0e379de40b3649655def3c2a207f48f97801b7c1,2024-11-18T21:56:20+01:00,0e379de40b3649655def3c2a207f48f97801b7c1,2024-11-18T21:56:20+01:00,1,612,0.058823529411764705,,,False,False,1,0,180.18,0.0,0.005549855106386997,,460609164.0,writer/writer-framework,Python
src/writer/core_df.py,13,callable,ok,src.writer.core_df.PandasRecordProcessor.record_update,src.writer.core_df.PandasRecordProcessor.record_update,0e379de40b3649655def3c2a207f48f97801b7c1,2024-11-18T21:56:20+01:00,0e379de40b3649655def3c2a207f48f97801b7c1,2024-11-18T21:56:20+01:00,1,612,0.043478260869565216,,,False,False,1,0,180.18,0.0,0.005549855106386997,,460609164.0,writer/writer-framework,Python
src/writer/core_df.py,14,callable,ok,src.writer.core_df.PandasRecordProcessor.record_remove,src.writer.core_df.PandasRecordProcessor.record_remove,0e379de40b3649655def3c2a207f48f97801b7c1,2024-11-18T21:56:20+01:00,0e379de40b3649655def3c2a207f48f97801b7c1,2024-11-18T21:56:20+01:00,1,612,0.1,,,False,False,1,0,180.18,0.0,0.005549855106386997,,460609164.0,writer/writer-framework,Python
src/writer/core_df.py,15,callable,ok,src.writer.core_df.PandasRecordProcessor.pyarrow_table,src.writer.core_df.PandasRecordProcessor.pyarrow_table,0e379de40b3649655def3c2a207f48f97801b7c1,2024-11-18T21:56:20+01:00,0e379de40b3649655def3c2a207f48f97801b7c1,2024-11-18T21:56:20+01:00,1,612,0.16666666666666666,,,False,False,1,0,180.18,0.0,0.005549855106386997,,460609164.0,writer/writer-framework,Python
src/writer/core_df.py,16,callable,ok,src.writer.core_df.PolarRecordProcessor.match,src.writer.core_df.PolarRecordProcessor.match,0e379de40b3649655def3c2a207f48f97801b7c1,2024-11-18T21:56:20+01:00,0e379de40b3649655def3c2a207f48f97801b7c1,2024-11-18T21:56:20+01:00,1,612,0.3333333333333333,,,False,False,1,0,180.18,0.0,0.005549855106386997,,460609164.0,writer/writer-framework,Python
src/writer/core_df.py,17,callable,ok,src.writer.core_df.PolarRecordProcessor.record,src.writer.core_df.PolarRecordProcessor.record,0e379de40b3649655def3c2a207f48f97801b7c1,2024-11-18T21:56:20+01:00,0e379de40b3649655def3c2a207f48f97801b7c1,2024-11-18T21:56:20+01:00,1,612,0.08333333333333333,,,False,False,1,0,180.18,0.0,0.005549855106386997,,460609164.0,writer/writer-framework,Python
src/writer/core_df.py,18,callable,ok,src.writer.core_df.PolarRecordProcessor.record_add,src.writer.core_df.PolarRecordProcessor.record_add,0e379de40b3649655def3c2a207f48f97801b7c1,2024-11-18T21:56:20+01:00,0e379de40b3649655def3c2a207f48f97801b7c1,2024-11-18T21:56:20+01:00,1,612,0.16666666666666666,,,False,False,1,0,180.18,0.0,0.005549855106386997,,460609164.0,writer/writer-framework,Python
src/writer/core_df.py,19,callable,ok,src.writer.core_df.PolarRecordProcessor.record_update,src.writer.core_df.PolarRecordProcessor.record_update,0e379de40b3649655def3c2a207f48f97801b7c1,2024-11-18T21:56:20+01:00,0e379de40b3649655def3c2a207f48f97801b7c1,2024-11-18T21:56:20+01:00,1,612,0.07692307692307693,,,False,False,1,0,180.18,0.0,0.005549855106386997,,460609164.0,writer/writer-framework,Python
src/writer/core_df.py,20,callable,ok,src.writer.core_df.PolarRecordProcessor.record_remove,src.writer.core_df.PolarRecordProcessor.record_remove,0e379de40b3649655def3c2a207f48f97801b7c1,2024-11-18T21:56:20+01:00,0e379de40b3649655def3c2a207f48f97801b7c1,2024-11-18T21:56:20+01:00,1,612,0.16666666666666666,,,False,False,1,0,180.18,0.0,0.005549855106386997,,460609164.0,writer/writer-framework,Python
src/writer/core_df.py,21,callable,ok,src.writer.core_df.PolarRecordProcessor.pyarrow_table,src.writer.core_df.PolarRecordProcessor.pyarrow_table,0e379de40b3649655def3c2a207f48f97801b7c1,2024-11-18T21:56:20+01:00,0e379de40b3649655def3c2a207f48f97801b7c1,2024-11-18T21:56:20+01:00,1,612,0.14285714285714285,,,False,False,1,0,180.18,0.0,0.005549855106386997,,460609164.0,writer/writer-framework,Python
src/writer/core_df.py,22,callable,ok,src.writer.core_df.RecordListRecordProcessor.match,src.writer.core_df.RecordListRecordProcessor.match,0e379de40b3649655def3c2a207f48f97801b7c1,2024-11-18T21:56:20+01:00,0e379de40b3649655def3c2a207f48f97801b7c1,2024-11-18T21:56:20+01:00,1,612,0.5,,,False,False,1,0,180.18,0.0,0.005549855106386997,,460609164.0,writer/writer-framework,Python
src/writer/core_df.py,23,callable,ok,src.writer.core_df.RecordListRecordProcessor.record,src.writer.core_df.RecordListRecordProcessor.record,0e379de40b3649655def3c2a207f48f97801b7c1,2024-11-18T21:56:20+01:00,0e379de40b3649655def3c2a207f48f97801b7c1,2024-11-18T21:56:20+01:00,1,612,0.125,,,False,False,1,0,180.18,0.0,0.005549855106386997,,460609164.0,writer/writer-framework,Python
src/writer/core_df.py,24,callable,ok,src.writer.core_df.RecordListRecordProcessor.record_add,src.writer.core_df.RecordListRecordProcessor.record_add,0e379de40b3649655def3c2a207f48f97801b7c1,2024-11-18T21:56:20+01:00,0e379de40b3649655def3c2a207f48f97801b7c1,2024-11-18T21:56:20+01:00,1,612,0.25,,,False,False,1,0,180.18,0.0,0.005549855106386997,,460609164.0,writer/writer-framework,Python
src/writer/core_df.py,25,callable,ok,src.writer.core_df.RecordListRecordProcessor.record_update,src.writer.core_df.RecordListRecordProcessor.record_update,0e379de40b3649655def3c2a207f48f97801b7c1,2024-11-18T21:56:20+01:00,0e379de40b3649655def3c2a207f48f97801b7c1,2024-11-18T21:56:20+01:00,1,612,0.125,,,False,False,1,0,180.18,0.0,0.005549855106386997,,460609164.0,writer/writer-framework,Python
src/writer/core_df.py,26,callable,ok,src.writer.core_df.RecordListRecordProcessor.record_remove,src.writer.core_df.RecordListRecordProcessor.record_remove,0e379de40b3649655def3c2a207f48f97801b7c1,2024-11-18T21:56:20+01:00,0e379de40b3649655def3c2a207f48f97801b7c1,2024-11-18T21:56:20+01:00,1,612,0.3333333333333333,,,False,False,1,0,180.18,0.0,0.005549855106386997,,460609164.0,writer/writer-framework,Python
src/writer/core_df.py,27,callable,ok,src.writer.core_df.RecordListRecordProcessor.pyarrow_table,src.writer.core_df.RecordListRecordProcessor.pyarrow_table,0e379de40b3649655def3c2a207f48f97801b7c1,2024-11-18T21:56:20+01:00,0e379de40b3649655def3c2a207f48f97801b7c1,2024-11-18T21:56:20+01:00,1,612,0.06666666666666667,,,False,False,1,0,180.18,0.0,0.005549855106386997,,460609164.0,writer/writer-framework,Python
src/writer/core_df.py,35,callable,ok,src.writer.core_df.EditableDataFrame.__init__,src.writer.core_df.EditableDataFrame.__init__,3093c36f4aeb0d7beb2974a202e99f154e118098,2024-12-17T13:55:30+01:00,3093c36f4aeb0d7beb2974a202e99f154e118098,2024-12-17T13:55:30+01:00,1,584,0.09090909090909091,,,False,False,1,0,151.52,0.0,0.006599841237152461,,460609164.0,writer/writer-framework,Python
src/writer/core_df.py,36,callable,ok,src.writer.core_df.EditableDataFrame.df,src.writer.core_df.EditableDataFrame.df,3093c36f4aeb0d7beb2974a202e99f154e118098,2024-12-17T13:55:30+01:00,3093c36f4aeb0d7beb2974a202e99f154e118098,2024-12-17T13:55:30+01:00,1,584,0.3333333333333333,,,False,False,1,0,151.52,0.0,0.006599841237152461,,460609164.0,writer/writer-framework,Python
src/writer/core_df.py,37,callable,ok,src.writer.core_df.EditableDataFrame.record_add,src.writer.core_df.EditableDataFrame.record_add,3093c36f4aeb0d7beb2974a202e99f154e118098,2024-12-17T13:55:30+01:00,3093c36f4aeb0d7beb2974a202e99f154e118098,2024-12-17T13:55:30+01:00,1,584,0.08333333333333333,,,False,False,1,0,151.52,0.0,0.006599841237152461,,460609164.0,writer/writer-framework,Python
src/writer/core_df.py,38,callable,ok,src.writer.core_df.EditableDataFrame.record_update,src.writer.core_df.EditableDataFrame.record_update,3093c36f4aeb0d7beb2974a202e99f154e118098,2024-12-17T13:55:30+01:00,3093c36f4aeb0d7beb2974a202e99f154e118098,2024-12-17T13:55:30+01:00,1,584,0.06666666666666667,,,False,False,1,0,151.52,0.0,0.006599841237152461,,460609164.0,writer/writer-framework,Python
src/writer/core_df.py,39,callable,ok,src.writer.core_df.EditableDataFrame.record_remove,src.writer.core_df.EditableDataFrame.record_remove,3093c36f4aeb0d7beb2974a202e99f154e118098,2024-12-17T13:55:30+01:00,3093c36f4aeb0d7beb2974a202e99f154e118098,2024-12-17T13:55:30+01:00,1,584,0.08333333333333333,,,False,False,1,0,151.52,0.0,0.006599841237152461,,460609164.0,writer/writer-framework,Python
src/writer/core_df.py,40,callable,ok,src.writer.core_df.EditableDataFrame.pyarrow_table,src.writer.core_df.EditableDataFrame.pyarrow_table,3093c36f4aeb0d7beb2974a202e99f154e118098,2024-12-17T13:55:30+01:00,3093c36f4aeb0d7beb2974a202e99f154e118098,2024-12-17T13:55:30+01:00,1,584,0.07142857142857142,,,False,False,1,0,151.52,0.0,0.006599841237152461,,460609164.0,writer/writer-framework,Python
src/writer/core_df.py,41,callable,ok,src.writer.core_df.EditableDataFrame.record,src.writer.core_df.EditableDataFrame.record,3093c36f4aeb0d7beb2974a202e99f154e118098,2024-12-17T13:55:30+01:00,3093c36f4aeb0d7beb2974a202e99f154e118098,2024-12-17T13:55:30+01:00,1,584,0.09090909090909091,,,False,False,1,0,151.52,0.0,0.006599841237152461,,460609164.0,writer/writer-framework,Python
src/writer/core_ui.py,0,class,ok,src.writer.core_ui.Branch,src.writer.core_ui.Branch,1e206f5940edeb44823585336df0ab80153b7758,2024-05-17T13:54:16Z,1e206f5940edeb44823585336df0ab80153b7758,2024-05-17T13:54:16Z,1,798,0.07692307692307693,,,False,False,1,0,365.48,0.0,0.0027361429087441234,,460609164.0,writer/writer-framework,Python
src/writer/core_ui.py,1,class,ok,src.writer.core_ui.Component,src.writer.core_ui.Component,1e206f5940edeb44823585336df0ab80153b7758,2024-05-17T13:54:16Z,1e206f5940edeb44823585336df0ab80153b7758,2024-05-17T13:54:16Z,1,798,0.043478260869565216,,,False,False,1,0,365.48,0.0,0.0027361429087441234,,460609164.0,writer/writer-framework,Python
src/writer/core_ui.py,2,class,ok,src.writer.core_ui.ComponentTreeBranch,src.writer.core_ui.ComponentTreeBranch,1e206f5940edeb44823585336df0ab80153b7758,2024-05-17T13:54:16Z,1e206f5940edeb44823585336df0ab80153b7758,2024-05-17T13:54:16Z,1,798,0.013333333333333334,,,False,False,1,0,365.48,0.0,0.0027361429087441234,,460609164.0,writer/writer-framework,Python
src/writer/core_ui.py,3,class,ok,src.writer.core_ui.ComponentTree,src.writer.core_ui.ComponentTree,1e206f5940edeb44823585336df0ab80153b7758,2024-05-17T13:54:16Z,1e206f5940edeb44823585336df0ab80153b7758,2024-05-17T13:54:16Z,1,798,0.005208333333333333,,,False,False,1,0,365.48,0.0,0.0027361429087441234,,460609164.0,writer/writer-framework,Python
src/writer/core_ui.py,4,class,ok,src.writer.core_ui.UIError,src.writer.core_ui.UIError,1e206f5940edeb44823585336df0ab80153b7758,2024-05-17T13:54:16Z,1e206f5940edeb44823585336df0ab80153b7758,2024-05-17T13:54:16Z,1,798,0.5,,,False,False,1,0,365.48,0.0,0.0027361429087441234,,460609164.0,writer/writer-framework,Python
src/writer/core_ui.py,0,callable,ok,src.writer.core_ui.generate_component_id,src.writer.core_ui.generate_component_id,1e206f5940edeb44823585336df0ab80153b7758,2024-05-17T13:54:16Z,1e206f5940edeb44823585336df0ab80153b7758,2024-05-17T13:54:16Z,1,798,0.5,,,False,False,1,0,365.48,0.0,0.0027361429087441234,,460609164.0,writer/writer-framework,Python
src/writer/core_ui.py,1,callable,ok,src.writer.core_ui.build_base_component_tree,src.writer.core_ui.build_base_component_tree,1e206f5940edeb44823585336df0ab80153b7758,2024-05-17T13:54:16Z,1e206f5940edeb44823585336df0ab80153b7758,2024-05-17T13:54:16Z,1,798,0.1,,,False,False,1,0,365.48,0.0,0.0027361429087441234,,460609164.0,writer/writer-framework,Python
src/writer/core_ui.py,2,callable,ok,src.writer.core_ui.build_session_component_tree,src.writer.core_ui.build_session_component_tree,1e206f5940edeb44823585336df0ab80153b7758,2024-05-17T13:54:16Z,1e206f5940edeb44823585336df0ab80153b7758,2024-05-17T13:54:16Z,1,798,0.058823529411764705,,,False,False,1,0,365.48,0.0,0.0027361429087441234,,460609164.0,writer/writer-framework,Python
src/writer/core_ui.py,3,callable,ok,src.writer.core_ui.ingest_bmc_component_tree,src.writer.core_ui.ingest_bmc_component_tree,1e206f5940edeb44823585336df0ab80153b7758,2024-05-17T13:54:16Z,1e206f5940edeb44823585336df0ab80153b7758,2024-05-17T13:54:16Z,1,798,0.07692307692307693,,,False,False,1,0,365.48,0.0,0.0027361429087441234,,460609164.0,writer/writer-framework,Python
src/writer/core_ui.py,4,callable,ok,src.writer.core_ui.cmc_components_list,src.writer.core_ui.cmc_components_list,1e206f5940edeb44823585336df0ab80153b7758,2024-05-17T13:54:16Z,1e206f5940edeb44823585336df0ab80153b7758,2024-05-17T13:54:16Z,1,798,0.14285714285714285,,,False,False,1,0,365.48,0.0,0.0027361429087441234,,460609164.0,writer/writer-framework,Python
src/writer/core_ui.py,5,callable,ok,src.writer.core_ui.session_components_list,src.writer.core_ui.session_components_list,1e206f5940edeb44823585336df0ab80153b7758,2024-05-17T13:54:16Z,1e206f5940edeb44823585336df0ab80153b7758,2024-05-17T13:54:16Z,1,798,0.14285714285714285,,,False,False,1,0,365.48,0.0,0.0027361429087441234,,460609164.0,writer/writer-framework,Python
src/writer/core_ui.py,6,callable,ok,src.writer.core_ui.use_component_tree,src.writer.core_ui.use_component_tree,1e206f5940edeb44823585336df0ab80153b7758,2024-05-17T13:54:16Z,1e206f5940edeb44823585336df0ab80153b7758,2024-05-17T13:54:16Z,1,798,0.06666666666666667,,,False,False,1,0,365.48,0.0,0.0027361429087441234,,460609164.0,writer/writer-framework,Python
src/writer/core_ui.py,7,callable,ok,src.writer.core_ui.current_component_tree,src.writer.core_ui.current_component_tree,1e206f5940edeb44823585336df0ab80153b7758,2024-05-17T13:54:16Z,1e206f5940edeb44823585336df0ab80153b7758,2024-05-17T13:54:16Z,1,798,0.07692307692307693,,,False,False,1,0,365.48,0.0,0.0027361429087441234,,460609164.0,writer/writer-framework,Python
src/writer/core_ui.py,8,callable,ok,src.writer.core_ui.Component.to_dict,src.writer.core_ui.Component.to_dict,1e206f5940edeb44823585336df0ab80153b7758,2024-05-17T13:54:16Z,1e206f5940edeb44823585336df0ab80153b7758,2024-05-17T13:54:16Z,1,798,0.2,,,False,False,1,0,365.48,0.0,0.0027361429087441234,,460609164.0,writer/writer-framework,Python
src/writer/core_ui.py,9,callable,ok,src.writer.core_ui.Component.__enter__,src.writer.core_ui.Component.__enter__,1e206f5940edeb44823585336df0ab80153b7758,2024-05-17T13:54:16Z,1e206f5940edeb44823585336df0ab80153b7758,2024-05-17T13:54:16Z,1,798,0.3333333333333333,,,False,False,1,0,365.48,0.0,0.0027361429087441234,,460609164.0,writer/writer-framework,Python
src/writer/core_ui.py,10,callable,ok,src.writer.core_ui.Component.__exit__,src.writer.core_ui.Component.__exit__,1e206f5940edeb44823585336df0ab80153b7758,2024-05-17T13:54:16Z,1e206f5940edeb44823585336df0ab80153b7758,2024-05-17T13:54:16Z,1,798,0.5,,,False,False,1,0,365.48,0.0,0.0027361429087441234,,460609164.0,writer/writer-framework,Python
src/writer/core_ui.py,11,callable,ok,src.writer.core_ui.ComponentTreeBranch.__init__,src.writer.core_ui.ComponentTreeBranch.__init__,1e206f5940edeb44823585336df0ab80153b7758,2024-05-17T13:54:16Z,1e206f5940edeb44823585336df0ab80153b7758,2024-05-17T13:54:16Z,1,798,0.08333333333333333,,,False,False,1,0,365.48,0.0,0.0027361429087441234,,460609164.0,writer/writer-framework,Python
src/writer/core_ui.py,12,callable,ok,src.writer.core_ui.ComponentTreeBranch.clone,src.writer.core_ui.ComponentTreeBranch.clone,1e206f5940edeb44823585336df0ab80153b7758,2024-05-17T13:54:16Z,1e206f5940edeb44823585336df0ab80153b7758,2024-05-17T13:54:16Z,1,798,0.07142857142857142,,,False,False,1,0,365.48,0.0,0.0027361429087441234,,460609164.0,writer/writer-framework,Python
src/writer/core_ui.py,13,callable,ok,src.writer.core_ui.ComponentTreeBranch.get_component,src.writer.core_ui.ComponentTreeBranch.get_component,1e206f5940edeb44823585336df0ab80153b7758,2024-05-17T13:54:16Z,1e206f5940edeb44823585336df0ab80153b7758,2024-05-17T13:54:16Z,1,798,0.5,,,False,False,1,0,365.48,0.0,0.0027361429087441234,,460609164.0,writer/writer-framework,Python
src/writer/core_ui.py,14,callable,ok,src.writer.core_ui.ComponentTreeBranch.attach,src.writer.core_ui.ComponentTreeBranch.attach,1e206f5940edeb44823585336df0ab80153b7758,2024-05-17T13:54:16Z,1e206f5940edeb44823585336df0ab80153b7758,2024-05-17T13:54:16Z,1,798,0.0625,,,False,False,1,0,365.48,0.0,0.0027361429087441234,,460609164.0,writer/writer-framework,Python
src/writer/core_ui.py,15,callable,ok,src.writer.core_ui.ComponentTreeBranch.ingest,src.writer.core_ui.ComponentTreeBranch.ingest,1e206f5940edeb44823585336df0ab80153b7758,2024-05-17T13:54:16Z,1e206f5940edeb44823585336df0ab80153b7758,2024-05-17T13:54:16Z,1,798,0.07142857142857142,,,False,False,1,0,365.48,0.0,0.0027361429087441234,,460609164.0,writer/writer-framework,Python
src/writer/core_ui.py,16,callable,ok,src.writer.core_ui.ComponentTreeBranch.to_dict,src.writer.core_ui.ComponentTreeBranch.to_dict,1e206f5940edeb44823585336df0ab80153b7758,2024-05-17T13:54:16Z,1e206f5940edeb44823585336df0ab80153b7758,2024-05-17T13:54:16Z,1,798,0.16666666666666666,,,False,False,1,0,365.48,0.0,0.0027361429087441234,,460609164.0,writer/writer-framework,Python
src/writer/core_ui.py,17,callable,ok,src.writer.core_ui.ComponentTree.__init__,src.writer.core_ui.ComponentTree.__init__,1e206f5940edeb44823585336df0ab80153b7758,2024-05-17T13:54:16Z,1e206f5940edeb44823585336df0ab80153b7758,2024-05-17T13:54:16Z,1,798,0.25,,,False,False,1,0,365.48,0.0,0.0027361429087441234,,460609164.0,writer/writer-framework,Python
src/writer/core_ui.py,18,callable,ok,src.writer.core_ui.ComponentTree.components,src.writer.core_ui.ComponentTree.components,1e206f5940edeb44823585336df0ab80153b7758,2024-05-17T13:54:16Z,1e206f5940edeb44823585336df0ab80153b7758,2024-05-17T13:54:16Z,1,798,0.16666666666666666,,,False,False,1,0,365.48,0.0,0.0027361429087441234,,460609164.0,writer/writer-framework,Python
src/writer/core_ui.py,19,callable,ok,src.writer.core_ui.ComponentTree.page_counter,src.writer.core_ui.ComponentTree.page_counter,1e206f5940edeb44823585336df0ab80153b7758,2024-05-17T13:54:16Z,1e206f5940edeb44823585336df0ab80153b7758,2024-05-17T13:54:16Z,1,798,0.5,,,False,False,1,0,365.48,0.0,0.0027361429087441234,,460609164.0,writer/writer-framework,Python
src/writer/core_ui.py,20,callable,ok,src.writer.core_ui.ComponentTree.get_component,src.writer.core_ui.ComponentTree.get_component,1e206f5940edeb44823585336df0ab80153b7758,2024-05-17T13:54:16Z,1e206f5940edeb44823585336df0ab80153b7758,2024-05-17T13:54:16Z,1,798,0.14285714285714285,,,False,False,1,0,365.48,0.0,0.0027361429087441234,,460609164.0,writer/writer-framework,Python
src/writer/core_ui.py,21,callable,ok,src.writer.core_ui.ComponentTree.attach,src.writer.core_ui.ComponentTree.attach,1e206f5940edeb44823585336df0ab80153b7758,2024-05-17T13:54:16Z,1e206f5940edeb44823585336df0ab80153b7758,2024-05-17T13:54:16Z,1,798,0.047619047619047616,,,False,False,1,0,365.48,0.0,0.0027361429087441234,,460609164.0,writer/writer-framework,Python
src/writer/core_ui.py,22,callable,ok,src.writer.core_ui.ComponentTree.ingest,src.writer.core_ui.ComponentTree.ingest,1e206f5940edeb44823585336df0ab80153b7758,2024-05-17T13:54:16Z,1e206f5940edeb44823585336df0ab80153b7758,2024-05-17T13:54:16Z,1,798,0.14285714285714285,,,False,False,1,0,365.48,0.0,0.0027361429087441234,,460609164.0,writer/writer-framework,Python
src/writer/core_ui.py,23,callable,ok,src.writer.core_ui.ComponentTree.delete_component,src.writer.core_ui.ComponentTree.delete_component,1e206f5940edeb44823585336df0ab80153b7758,2024-05-17T13:54:16Z,1e206f5940edeb44823585336df0ab80153b7758,2024-05-17T13:54:16Z,1,798,0.0625,,,False,False,1,0,365.48,0.0,0.0027361429087441234,,460609164.0,writer/writer-framework,Python
src/writer/core_ui.py,24,callable,ok,src.writer.core_ui.ComponentTree.clear_children,src.writer.core_ui.ComponentTree.clear_children,1e206f5940edeb44823585336df0ab80153b7758,2024-05-17T13:54:16Z,1e206f5940edeb44823585336df0ab80153b7758,2024-05-17T13:54:16Z,1,798,0.06666666666666667,,,False,False,1,0,365.48,0.0,0.0027361429087441234,,460609164.0,writer/writer-framework,Python
src/writer/core_ui.py,25,callable,ok,src.writer.core_ui.ComponentTree.to_dict,src.writer.core_ui.ComponentTree.to_dict,1e206f5940edeb44823585336df0ab80153b7758,2024-05-17T13:54:16Z,1e206f5940edeb44823585336df0ab80153b7758,2024-05-17T13:54:16Z,1,798,0.14285714285714285,,,False,False,1,0,365.48,0.0,0.0027361429087441234,,460609164.0,writer/writer-framework,Python
src/writer/core_ui.py,26,callable,ok,src.writer.core_ui.ComponentTree.next_page_id,src.writer.core_ui.ComponentTree.next_page_id,1e206f5940edeb44823585336df0ab80153b7758,2024-05-17T13:54:16Z,1e206f5940edeb44823585336df0ab80153b7758,2024-05-17T13:54:16Z,1,798,0.5,,,False,False,1,0,365.48,0.0,0.0027361429087441234,,460609164.0,writer/writer-framework,Python
src/writer/core_ui.py,27,callable,ok,src.writer.core_ui.ComponentTree.fetch_updates,src.writer.core_ui.ComponentTree.fetch_updates,1e206f5940edeb44823585336df0ab80153b7758,2024-05-17T13:54:16Z,1e206f5940edeb44823585336df0ab80153b7758,2024-05-17T13:54:16Z,1,798,0.16666666666666666,,,False,False,1,0,365.48,0.0,0.0027361429087441234,,460609164.0,writer/writer-framework,Python
src/writer/core_ui.py,28,callable,ok,src.writer.core_ui.ComponentTree.determine_position,src.writer.core_ui.ComponentTree.determine_position,1e206f5940edeb44823585336df0ab80153b7758,2024-05-17T13:54:16Z,1e206f5940edeb44823585336df0ab80153b7758,2024-05-17T13:54:16Z,1,798,0.08333333333333333,,,False,False,1,0,365.48,0.0,0.0027361429087441234,,460609164.0,writer/writer-framework,Python
src/writer/core_ui.py,29,callable,ok,src.writer.core_ui.ComponentTree.get_descendents,src.writer.core_ui.ComponentTree.get_descendents,1e206f5940edeb44823585336df0ab80153b7758,2024-05-17T13:54:16Z,1e206f5940edeb44823585336df0ab80153b7758,2024-05-17T13:54:16Z,1,798,0.14285714285714285,,,False,False,1,0,365.48,0.0,0.0027361429087441234,,460609164.0,writer/writer-framework,Python
src/writer/core_ui.py,30,callable,ok,src.writer.core_ui.ComponentTree.branch,src.writer.core_ui.ComponentTree.branch,1e206f5940edeb44823585336df0ab80153b7758,2024-05-17T13:54:16Z,1e206f5940edeb44823585336df0ab80153b7758,2024-05-17T13:54:16Z,1,798,0.16666666666666666,,,False,False,1,0,365.48,0.0,0.0027361429087441234,,460609164.0,writer/writer-framework,Python
src/writer/core_ui.py,31,callable,ok,src.writer.core_ui.ComponentTree.exists,src.writer.core_ui.ComponentTree.exists,1e206f5940edeb44823585336df0ab80153b7758,2024-05-17T13:54:16Z,1e206f5940edeb44823585336df0ab80153b7758,2024-05-17T13:54:16Z,1,798,0.16666666666666666,,,False,False,1,0,365.48,0.0,0.0027361429087441234,,460609164.0,writer/writer-framework,Python
src/writer/core_ui.py,32,callable,ok,src.writer.core_ui.ComponentTree.is_frozen,src.writer.core_ui.ComponentTree.is_frozen,1e206f5940edeb44823585336df0ab80153b7758,2024-05-17T13:54:16Z,1e206f5940edeb44823585336df0ab80153b7758,2024-05-17T13:54:16Z,1,798,0.1111111111111111,,,False,False,1,0,365.48,0.0,0.0027361429087441234,,460609164.0,writer/writer-framework,Python
src/writer/core_ui.py,33,callable,ok,src.writer.core_ui.ComponentTree._get_direct_descendents,src.writer.core_ui.ComponentTree._get_direct_descendents,1e206f5940edeb44823585336df0ab80153b7758,2024-05-17T13:54:16Z,1e206f5940edeb44823585336df0ab80153b7758,2024-05-17T13:54:16Z,1,798,0.25,,,False,False,1,0,365.48,0.0,0.0027361429087441234,,460609164.0,writer/writer-framework,Python
src/writer/core_ui.py,34,callable,ok,src.writer.core_ui.ComponentTree._tree_branch,src.writer.core_ui.ComponentTree._tree_branch,1e206f5940edeb44823585336df0ab80153b7758,2024-05-17T13:54:16Z,1e206f5940edeb44823585336df0ab80153b7758,2024-05-17T13:54:16Z,1,798,0.1111111111111111,,,False,False,1,0,365.48,0.0,0.0027361429087441234,,460609164.0,writer/writer-framework,Python
src/writer/core_ui.py,35,callable,ok,src.writer.core_ui.ComponentTree.get_parent,src.writer.core_ui.ComponentTree.get_parent,1e206f5940edeb44823585336df0ab80153b7758,2024-05-17T13:54:16Z,1e206f5940edeb44823585336df0ab80153b7758,2024-05-17T13:54:16Z,1,798,0.05263157894736842,,,False,False,1,0,365.48,0.0,0.0027361429087441234,,460609164.0,writer/writer-framework,Python
src/writer/crypto.py,1,callable,ok,src.writer.crypto.verify_hash_in_request,src.writer.crypto.verify_message_authorization_signature,e879f349f6c4969281aaa0b3b1e5a7d2acfa9c10,2024-12-05T13:39:47Z,0c47048728e014b5e18e7e903b3a65b8b65b76f3,2024-12-16T15:25:50Z,3,11,0.5,0.7384466331379891,,True,True,3,0,163.49,0.0,0.01834996570354597,,460609164.0,writer/writer-framework,Python
src/writer/crypto.py,0,callable,ok,src.writer.crypto.get_hash,src.writer.crypto.get_hash,e879f349f6c4969281aaa0b3b1e5a7d2acfa9c10,2024-12-05T13:39:47Z,cf7b8c21a22c2291b43087dd16b3479c40e2c642,2024-12-16T15:24:06Z,4,596,0.5,1.4436574822461519,,False,False,4,0,163.49,0.0,0.024466620938061293,,460609164.0,writer/writer-framework,Python
src/writer/deploy.py,6,callable,ok,src.writer.deploy.runtime_logs,src.writer.deploy.runtime_logs,8ce67b4e97a54c7538d3f8331c5eadd017e6acc4,2024-06-03T15:57:54+02:00,8ce67b4e97a54c7538d3f8331c5eadd017e6acc4,2024-06-03T15:57:54+02:00,1,0,0.034482758620689655,,,True,False,1,0,348.48,0.0,0.002869642503656801,,460609164.0,writer/writer-framework,Python
src/writer/deploy.py,9,callable,ok,src.writer.deploy.get_app_url,src.writer.deploy._get_app_url,b1188a7679a099599638b134bd459899da88ee8c,2024-06-19T15:26:50+02:00,0aef7a2dcae462c96193c487fe9d78bd2af41338,2024-07-23T17:20:22+02:00,2,34,0.2,,,True,True,2,0,332.5,0.0,0.006015091195465958,,460609164.0,writer/writer-framework,Python
src/writer/deploy.py,15,callable,ok,src.writer.deploy.deploy_app,src.writer.deploy.deploy_app,5b0d77a445f348151e0a5985cf7da3ad8dda7a80,2024-10-15T19:34:03+02:00,5b0d77a445f348151e0a5985cf7da3ad8dda7a80,2024-10-15T19:34:03+02:00,1,0,0.03571428571428571,,,True,False,1,0,214.33,0.0,0.004665803457025547,,460609164.0,writer/writer-framework,Python
src/writer/deploy.py,0,callable,ok,src.writer.deploy.deploy,src.writer.deploy.deploy,8e014f4c151b76eb2f9230febcd78964c78c68bc,2024-05-21T16:44:57+02:00,a318f2fda79ead916a04b9e0aebdd654ca0bbfb8,2024-10-21T18:08:43+02:00,6,794,0.21428571428571427,1.7627889325624302,,False,False,6,0,361.44,0.0,0.01660013749550613,,460609164.0,writer/writer-framework,Python
src/writer/deploy.py,1,callable,ok,src.writer.deploy.pack_project,src.writer.deploy.pack_project,8e014f4c151b76eb2f9230febcd78964c78c68bc,2024-05-21T16:44:57+02:00,c53fd068d743cba501d4cf67402293de6ada222d,2024-10-22T14:41:35+02:00,7,794,0.2,0.3676893456770107,,False,False,7,0,361.44,0.0,0.019366827078090485,,460609164.0,writer/writer-framework,Python
src/writer/deploy.py,2,callable,ok,src.writer.deploy.upload_package,src.writer.deploy.upload_package,8e014f4c151b76eb2f9230febcd78964c78c68bc,2024-05-21T16:44:57+02:00,ebbb031ae3d338d750047ba49458a241ecf73cbb,2024-12-16T15:25:14+01:00,9,794,0.21428571428571427,1.8806700204121223,,False,False,9,0,361.44,0.0,0.024900206243259195,,460609164.0,writer/writer-framework,Python
src/writer/deploy.py,3,callable,ok,src.writer.deploy.undeploy,src.writer.deploy.undeploy,469324a9b7315dd2a8b1c683442cd5e1a65cb968,2024-05-24T11:01:59+02:00,0aef7a2dcae462c96193c487fe9d78bd2af41338,2024-07-23T17:20:22+02:00,2,791,0.15384615384615385,,,False,False,2,0,358.68,0.0,0.005575985958066843,,460609164.0,writer/writer-framework,Python
src/writer/deploy.py,4,callable,ok,src.writer.deploy.get_logs,src.writer.deploy.get_logs,5c0344dbd6cdcb30a291469da70365ec18febc86,2024-05-29T14:14:13+02:00,0aef7a2dcae462c96193c487fe9d78bd2af41338,2024-07-23T17:20:22+02:00,3,786,0.23076923076923078,0.4431171126345791,,False,False,3,0,353.55,0.0,0.008485423584193815,,460609164.0,writer/writer-framework,Python
src/writer/deploy.py,5,callable,ok,src.writer.deploy.dictFromEnv,src.writer.deploy.dictFromEnv,320a5b944eaf964d88707a822a17cd69438ce711,2024-05-30T17:10:37+02:00,8ce67b4e97a54c7538d3f8331c5eadd017e6acc4,2024-06-03T15:57:54+02:00,2,785,0.2,,,False,False,2,0,352.42,0.0,0.005674966864006414,,460609164.0,writer/writer-framework,Python
src/writer/deploy.py,7,callable,ok,src.writer.deploy.check_service_status,src.writer.deploy.check_service_status,8ce67b4e97a54c7538d3f8331c5eadd017e6acc4,2024-06-03T15:57:54+02:00,0aef7a2dcae462c96193c487fe9d78bd2af41338,2024-07-23T17:20:22+02:00,2,781,0.14285714285714285,,,False,False,2,0,348.48,0.0,0.005739285007313602,,460609164.0,writer/writer-framework,Python
src/writer/deploy.py,8,callable,ok,src.writer.deploy.check_app,src.writer.deploy.check_app,b1188a7679a099599638b134bd459899da88ee8c,2024-06-19T15:26:50+02:00,0aef7a2dcae462c96193c487fe9d78bd2af41338,2024-07-23T17:20:22+02:00,2,765,0.25,,,False,False,2,0,332.5,0.0,0.006015091195465958,,460609164.0,writer/writer-framework,Python
src/writer/deploy.py,10,callable,ok,src.writer.deploy.cloud,src.writer.deploy.cloud,0aef7a2dcae462c96193c487fe9d78bd2af41338,2024-07-23T17:20:22+02:00,0aef7a2dcae462c96193c487fe9d78bd2af41338,2024-07-23T17:20:22+02:00,1,731,0.3333333333333333,,,False,False,1,0,298.42,0.0,0.0033510021125275815,,460609164.0,writer/writer-framework,Python
src/writer/deploy.py,11,callable,ok,src.writer.deploy._validate_env_vars,src.writer.deploy._validate_env_vars,0aef7a2dcae462c96193c487fe9d78bd2af41338,2024-07-23T17:20:22+02:00,0aef7a2dcae462c96193c487fe9d78bd2af41338,2024-07-23T17:20:22+02:00,1,731,0.1111111111111111,,,False,False,1,0,298.42,0.0,0.0033510021125275815,,460609164.0,writer/writer-framework,Python
src/writer/deploy.py,12,callable,ok,src.writer.deploy.logs,src.writer.deploy.logs,0aef7a2dcae462c96193c487fe9d78bd2af41338,2024-07-23T17:20:22+02:00,0aef7a2dcae462c96193c487fe9d78bd2af41338,2024-07-23T17:20:22+02:00,1,731,0.029411764705882353,,,False,False,1,0,298.42,0.0,0.0033510021125275815,,460609164.0,writer/writer-framework,Python
src/writer/deploy.py,13,callable,ok,src.writer.deploy.on_error_print_and_raise,src.writer.deploy.on_error_print_and_raise,0aef7a2dcae462c96193c487fe9d78bd2af41338,2024-07-23T17:20:22+02:00,0aef7a2dcae462c96193c487fe9d78bd2af41338,2024-07-23T17:20:22+02:00,1,731,0.14285714285714285,,,False,False,1,0,298.42,0.0,0.0033510021125275815,,460609164.0,writer/writer-framework,Python
src/writer/deploy.py,14,callable,ok,src.writer.deploy.unauthorized_error,src.writer.deploy.unauthorized_error,0aef7a2dcae462c96193c487fe9d78bd2af41338,2024-07-23T17:20:22+02:00,0aef7a2dcae462c96193c487fe9d78bd2af41338,2024-07-23T17:20:22+02:00,1,731,0.3333333333333333,,,False,False,1,0,298.42,0.0,0.0033510021125275815,,460609164.0,writer/writer-framework,Python
src/writer/deploy.py,16,callable,ok,src.writer.deploy._get_app_url,src.writer.deploy._get_app_url,5b0d77a445f348151e0a5985cf7da3ad8dda7a80,2024-10-15T19:34:03+02:00,5b0d77a445f348151e0a5985cf7da3ad8dda7a80,2024-10-15T19:34:03+02:00,1,647,0.1,,,False,False,1,0,214.33,0.0,0.004665803457025547,,460609164.0,writer/writer-framework,Python
src/writer/evaluator.py,0,class,ok,src.writer.evaluator.Evaluator,src.writer.evaluator.Evaluator,e7a82fb7263be4891dfadec83169e2c876846a52,2024-11-19T09:28:09Z,98e5114779aaf055b41e61b77a229b73aa5c4124,2025-07-10T18:15:04+02:00,13,612,0.05508474576271186,2.1187710186648347,,False,False,7,6,179.66,53.62,0.038961879781857285,0.11189898008742108,460609164.0,writer/writer-framework,Python
src/writer/evaluator.py,0,callable,ok,src.writer.evaluator.Evaluator.__init__,src.writer.evaluator.Evaluator.__init__,e7a82fb7263be4891dfadec83169e2c876846a52,2024-11-19T09:28:09Z,62da28f58b023b11220f1bf634e7b5ed76b78326,2025-06-03T17:19:49+02:00,5,612,1.25,0.023282822594082823,,False,False,3,2,179.66,16.58,0.016697948477938835,0.12061690521312127,460609164.0,writer/writer-framework,Python
src/writer/evaluator.py,1,callable,ok,src.writer.evaluator.Evaluator.evaluate_field,src.writer.evaluator.Evaluator.evaluate_field,e7a82fb7263be4891dfadec83169e2c876846a52,2024-11-19T09:28:09Z,8d712312a4cf7d3289bd2be23dbd7ca3416016d7,2025-06-16T16:28:41+02:00,7,612,0.1320754716981132,1.6347962066463304,,False,False,4,3,179.66,29.55,0.022263931303918447,0.10153688135266556,460609164.0,writer/writer-framework,Python
src/writer/evaluator.py,2,callable,ok,src.writer.evaluator.Evaluator.get_context_data,src.writer.evaluator.Evaluator.get_context_data,e7a82fb7263be4891dfadec83169e2c876846a52,2024-11-19T09:28:09Z,e7a82fb7263be4891dfadec83169e2c876846a52,2024-11-19T09:28:09Z,1,612,0.02631578947368421,,,False,False,1,0,179.66,0.0,0.005565982825979612,,460609164.0,writer/writer-framework,Python
src/writer/evaluator.py,3,callable,ok,src.writer.evaluator.Evaluator.set_state,src.writer.evaluator.Evaluator.set_state,e7a82fb7263be4891dfadec83169e2c876846a52,2024-11-19T09:28:09Z,2f72d1282aea7adbcbfe65c6d493a1a01bf1d280,2024-11-21T15:42:54Z,2,612,0.13333333333333333,,,False,False,2,0,179.66,0.0,0.011131965651959223,,460609164.0,writer/writer-framework,Python
src/writer/evaluator.py,4,callable,ok,src.writer.evaluator.Evaluator.parse_expression,src.writer.evaluator.Evaluator.parse_expression,e7a82fb7263be4891dfadec83169e2c876846a52,2024-11-19T09:28:09Z,2f72d1282aea7adbcbfe65c6d493a1a01bf1d280,2024-11-21T15:42:54Z,2,612,0.043478260869565216,,,False,False,2,0,179.66,0.0,0.011131965651959223,,460609164.0,writer/writer-framework,Python
src/writer/evaluator.py,5,callable,ok,src.writer.evaluator.Evaluator.get_env_variable_value,src.writer.evaluator.Evaluator.get_env_variable_value,e7a82fb7263be4891dfadec83169e2c876846a52,2024-11-19T09:28:09Z,e7a82fb7263be4891dfadec83169e2c876846a52,2024-11-19T09:28:09Z,1,612,0.5,,,False,False,1,0,179.66,0.0,0.005565982825979612,,460609164.0,writer/writer-framework,Python
src/writer/evaluator.py,6,callable,ok,src.writer.evaluator.Evaluator.evaluate_expression,src.writer.evaluator.Evaluator.evaluate_expression,e7a82fb7263be4891dfadec83169e2c876846a52,2024-11-19T09:28:09Z,98e5114779aaf055b41e61b77a229b73aa5c4124,2025-07-10T18:15:04+02:00,5,612,0.25,0.761695634375218,,False,False,1,4,179.66,53.62,0.005565982825979612,0.07459932005828072,460609164.0,writer/writer-framework,Python
src/writer/evaluator.py,7,callable,ok,src.writer.evaluator.Evaluator._apply_accessors,src.writer.evaluator.Evaluator._apply_accessors,98e5114779aaf055b41e61b77a229b73aa5c4124,2025-07-10T18:15:04+02:00,98e5114779aaf055b41e61b77a229b73aa5c4124,2025-07-10T18:15:04+02:00,1,379,0.07142857142857142,,,False,False,0,1,0.0,53.62,,0.01864983001457018,460609164.0,writer/writer-framework,Python
src/writer/evaluator.py,8,callable,ok,src.writer.evaluator.Evaluator._apply_accessor,src.writer.evaluator.Evaluator._apply_accessor,98e5114779aaf055b41e61b77a229b73aa5c4124,2025-07-10T18:15:04+02:00,98e5114779aaf055b41e61b77a229b73aa5c4124,2025-07-10T18:15:04+02:00,1,379,0.09090909090909091,,,False,False,0,1,0.0,53.62,,0.01864983001457018,460609164.0,writer/writer-framework,Python
src/writer/journal.py,0,class,ok,src.writer.journal.JournalRecord,src.writer.journal.JournalRecord,6b1a62ddbdc3cae89497879d9f6e465a32a7de52,2025-11-18T15:54:04+01:00,62a8c8efcfd9aafb0679f266fec07d5a96b6e9c5,2025-12-03T09:56:32+01:00,12,248,0.07100591715976332,2.261571298521622,,False,False,0,12,0.0,199.32,,0.06020612934167315,460609164.0,writer/writer-framework,Python
src/writer/journal.py,4,callable,ok,src.writer.journal.JournalRecord._get_block_name,src.writer.journal.JournalRecord._get_block_name,fd183c447682690f20210b9e30ad90d91cb76ad8,2025-11-20T14:35:07+01:00,fd183c447682690f20210b9e30ad90d91cb76ad8,2025-11-20T14:35:07+01:00,1,0,0.125,,,True,False,0,1,0.0,186.51,,0.005361679739794703,460609164.0,writer/writer-framework,Python
src/writer/journal.py,5,callable,ok,src.writer.journal.JournalRecord._get_block_name,src.writer.journal.JournalRecord._get_block_name,6b8d2436ca1b187877dd1770ffe09067ebfaa92d,2025-11-24T12:08:04Z,6b8d2436ca1b187877dd1770ffe09067ebfaa92d,2025-11-24T12:08:04Z,1,0,0.125,,,True,False,0,1,0.0,190.45,,0.005250769839432188,460609164.0,writer/writer-framework,Python
src/writer/journal.py,0,callable,ok,src.writer.journal.JournalRecord.__init__,src.writer.journal.JournalRecord.__init__,6b1a62ddbdc3cae89497879d9f6e465a32a7de52,2025-11-18T15:54:04+01:00,62a8c8efcfd9aafb0679f266fec07d5a96b6e9c5,2025-12-03T09:56:32+01:00,9,248,0.15254237288135594,2.1469644622442146,,False,False,0,9,0.0,199.32,,0.04515459700625486,460609164.0,writer/writer-framework,Python
src/writer/journal.py,1,callable,ok,src.writer.journal.JournalRecord.to_dict,src.writer.journal.JournalRecord.to_dict,6b1a62ddbdc3cae89497879d9f6e465a32a7de52,2025-11-18T15:54:04+01:00,62a8c8efcfd9aafb0679f266fec07d5a96b6e9c5,2025-12-03T09:56:32+01:00,7,248,0.3888888888888889,1.8018122943665293,,False,False,0,7,0.0,199.32,,0.035120242115976,460609164.0,writer/writer-framework,Python
src/writer/journal.py,2,callable,ok,src.writer.journal.JournalRecord.construct_key,src.writer.journal.JournalRecord.construct_key,6b1a62ddbdc3cae89497879d9f6e465a32a7de52,2025-11-18T15:54:04+01:00,522d3f98de1eb7fce4853994506a30c31ee485a6,2025-11-20T10:54:41+01:00,2,248,1.0,,,False,False,0,2,0.0,186.36,,0.010732168002898182,460609164.0,writer/writer-framework,Python
src/writer/journal.py,3,callable,ok,src.writer.journal.JournalRecord.save,src.writer.journal.JournalRecord.save,6b1a62ddbdc3cae89497879d9f6e465a32a7de52,2025-11-18T15:54:04+01:00,62a8c8efcfd9aafb0679f266fec07d5a96b6e9c5,2025-12-03T09:56:32+01:00,2,248,0.4,,,False,False,0,2,0.0,199.32,,0.010034354890278858,460609164.0,writer/writer-framework,Python
src/writer/journal.py,6,callable,ok,src.writer.journal.JournalRecord._sanitize_data,src.writer.journal.JournalRecord._sanitize_data,895234a0c80732c9d9dae5cc5fb64402655740cc,2025-11-25T16:02:38+01:00,895234a0c80732c9d9dae5cc5fb64402655740cc,2025-11-25T16:02:38+01:00,1,241,0.05263157894736842,,,False,False,0,1,0.0,191.57,,0.00522003788877501,460609164.0,writer/writer-framework,Python
src/writer/journal.py,7,callable,ok,src.writer.journal.JournalRecord._get_block_info,src.writer.journal.JournalRecord._get_block_info,856c2778cf29ff2f04336d6a85428beb027d8b49,2025-11-27T15:43:03Z,856c2778cf29ff2f04336d6a85428beb027d8b49,2025-11-27T15:43:03Z,1,239,0.038461538461538464,,,False,False,0,1,0.0,193.6,,0.005165354413559199,460609164.0,writer/writer-framework,Python
src/writer/journal.py,8,callable,ok,src.writer.journal.use_journal_record_context,src.writer.journal.use_journal_record_context,62a8c8efcfd9aafb0679f266fec07d5a96b6e9c5,2025-12-03T09:56:32+01:00,62a8c8efcfd9aafb0679f266fec07d5a96b6e9c5,2025-12-03T09:56:32+01:00,1,233,0.038461538461538464,,,False,False,0,1,0.0,199.32,,0.005017177445139429,460609164.0,writer/writer-framework,Python
src/writer/journal.py,9,callable,ok,src.writer.journal.get_current_journal_record,src.writer.journal.get_current_journal_record,62a8c8efcfd9aafb0679f266fec07d5a96b6e9c5,2025-12-03T09:56:32+01:00,62a8c8efcfd9aafb0679f266fec07d5a96b6e9c5,2025-12-03T09:56:32+01:00,1,233,0.5,,,False,False,0,1,0.0,199.32,,0.005017177445139429,460609164.0,writer/writer-framework,Python
src/writer/journal.py,10,callable,ok,src.writer.journal.JournalRecord.get_execution_data,src.writer.journal.JournalRecord.get_execution_data,62a8c8efcfd9aafb0679f266fec07d5a96b6e9c5,2025-12-03T09:56:32+01:00,62a8c8efcfd9aafb0679f266fec07d5a96b6e9c5,2025-12-03T09:56:32+01:00,1,233,0.041666666666666664,,,False,False,0,1,0.0,199.32,,0.005017177445139429,460609164.0,writer/writer-framework,Python
src/writer/journal.py,11,callable,ok,src.writer.journal.JournalRecord.set_result,src.writer.journal.JournalRecord.set_result,62a8c8efcfd9aafb0679f266fec07d5a96b6e9c5,2025-12-03T09:56:32+01:00,62a8c8efcfd9aafb0679f266fec07d5a96b6e9c5,2025-12-03T09:56:32+01:00,1,233,0.5,,,False,False,0,1,0.0,199.32,,0.005017177445139429,460609164.0,writer/writer-framework,Python
src/writer/journal.py,12,callable,ok,src.writer.journal.JournalRecord.add_nested_execution,src.writer.journal.JournalRecord.add_nested_execution,62a8c8efcfd9aafb0679f266fec07d5a96b6e9c5,2025-12-03T09:56:32+01:00,62a8c8efcfd9aafb0679f266fec07d5a96b6e9c5,2025-12-03T09:56:32+01:00,1,233,0.2,,,False,False,0,1,0.0,199.32,,0.005017177445139429,460609164.0,writer/writer-framework,Python
src/writer/keyvalue_storage.py,0,class,ok,src.writer.keyvalue_storage._WrappedRequestFunc,src.writer.keyvalue_storage._WrappedRequestFunc,1dd9a4f3174d78e353f80b24301a07c9d7e20292,2025-10-27T12:24:21+01:00,e3eac7f17c6bf6f14c7c37754b28d7cc0705bbbb,2025-10-29T12:02:26+01:00,2,270,0.3333333333333333,,,False,False,0,2,0.0,164.4,,0.012165251423644179,460609164.0,writer/writer-framework,Python
src/writer/keyvalue_storage.py,1,class,ok,src.writer.keyvalue_storage.KeyValueStorage,src.writer.keyvalue_storage.KeyValueStorage,1dd9a4f3174d78e353f80b24301a07c9d7e20292,2025-10-27T12:24:21+01:00,e3eac7f17c6bf6f14c7c37754b28d7cc0705bbbb,2025-10-29T12:02:26+01:00,2,270,0.031746031746031744,,,False,False,0,2,0.0,164.4,,0.012165251423644179,460609164.0,writer/writer-framework,Python
src/writer/keyvalue_storage.py,0,callable,ok,src.writer.keyvalue_storage._WrappedRequestFunc.__call__,src.writer.keyvalue_storage._WrappedRequestFunc.__call__,1dd9a4f3174d78e353f80b24301a07c9d7e20292,2025-10-27T12:24:21+01:00,e3eac7f17c6bf6f14c7c37754b28d7cc0705bbbb,2025-10-29T12:02:26+01:00,2,270,0.4,,,False,False,0,2,0.0,164.4,,0.012165251423644179,460609164.0,writer/writer-framework,Python
src/writer/keyvalue_storage.py,1,callable,ok,src.writer.keyvalue_storage.KeyValueStorage.__init__,src.writer.keyvalue_storage.KeyValueStorage.__init__,1dd9a4f3174d78e353f80b24301a07c9d7e20292,2025-10-27T12:24:21+01:00,e3eac7f17c6bf6f14c7c37754b28d7cc0705bbbb,2025-10-29T12:02:26+01:00,2,270,0.25,,,False,False,0,2,0.0,164.4,,0.012165251423644179,460609164.0,writer/writer-framework,Python
src/writer/keyvalue_storage.py,2,callable,ok,src.writer.keyvalue_storage.KeyValueStorage._get_agent_ids,src.writer.keyvalue_storage.KeyValueStorage._get_agent_ids,1dd9a4f3174d78e353f80b24301a07c9d7e20292,2025-10-27T12:24:21+01:00,1dd9a4f3174d78e353f80b24301a07c9d7e20292,2025-10-27T12:24:21+01:00,1,270,0.07692307692307693,,,False,False,0,1,0.0,162.42,,0.006156956644834887,460609164.0,writer/writer-framework,Python
src/writer/keyvalue_storage.py,3,callable,ok,src.writer.keyvalue_storage.KeyValueStorage.get,src.writer.keyvalue_storage.KeyValueStorage.get,1dd9a4f3174d78e353f80b24301a07c9d7e20292,2025-10-27T12:24:21+01:00,e3eac7f17c6bf6f14c7c37754b28d7cc0705bbbb,2025-10-29T12:02:26+01:00,2,270,1.0,,,False,False,0,2,0.0,164.4,,0.012165251423644179,460609164.0,writer/writer-framework,Python
src/writer/keyvalue_storage.py,4,callable,ok,src.writer.keyvalue_storage.KeyValueStorage.save,src.writer.keyvalue_storage.KeyValueStorage.save,1dd9a4f3174d78e353f80b24301a07c9d7e20292,2025-10-27T12:24:21+01:00,e3eac7f17c6bf6f14c7c37754b28d7cc0705bbbb,2025-10-29T12:02:26+01:00,2,270,0.2857142857142857,,,False,False,0,2,0.0,164.4,,0.012165251423644179,460609164.0,writer/writer-framework,Python
src/writer/keyvalue_storage.py,5,callable,ok,src.writer.keyvalue_storage.KeyValueStorage._create,src.writer.keyvalue_storage.KeyValueStorage._create,1dd9a4f3174d78e353f80b24301a07c9d7e20292,2025-10-27T12:24:21+01:00,e3eac7f17c6bf6f14c7c37754b28d7cc0705bbbb,2025-10-29T12:02:26+01:00,2,270,1.0,,,False,False,0,2,0.0,164.4,,0.012165251423644179,460609164.0,writer/writer-framework,Python
src/writer/keyvalue_storage.py,6,callable,ok,src.writer.keyvalue_storage.KeyValueStorage._update,src.writer.keyvalue_storage.KeyValueStorage._update,1dd9a4f3174d78e353f80b24301a07c9d7e20292,2025-10-27T12:24:21+01:00,e3eac7f17c6bf6f14c7c37754b28d7cc0705bbbb,2025-10-29T12:02:26+01:00,2,270,1.0,,,False,False,0,2,0.0,164.4,,0.012165251423644179,460609164.0,writer/writer-framework,Python
src/writer/keyvalue_storage.py,7,callable,ok,src.writer.keyvalue_storage.KeyValueStorage.delete,src.writer.keyvalue_storage.KeyValueStorage.delete,1dd9a4f3174d78e353f80b24301a07c9d7e20292,2025-10-27T12:24:21+01:00,e3eac7f17c6bf6f14c7c37754b28d7cc0705bbbb,2025-10-29T12:02:26+01:00,2,270,0.6666666666666666,,,False,False,0,2,0.0,164.4,,0.012165251423644179,460609164.0,writer/writer-framework,Python
src/writer/keyvalue_storage.py,8,callable,ok,src.writer.keyvalue_storage.KeyValueStorage._request,src.writer.keyvalue_storage.KeyValueStorage._request,1dd9a4f3174d78e353f80b24301a07c9d7e20292,2025-10-27T12:24:21+01:00,e3eac7f17c6bf6f14c7c37754b28d7cc0705bbbb,2025-10-29T12:02:26+01:00,2,270,0.1111111111111111,,,False,False,0,2,0.0,164.4,,0.012165251423644179,460609164.0,writer/writer-framework,Python
src/writer/launchdarkly_client.py,0,class,ok,src.writer.launchdarkly_client.LaunchDarklyClient,src.writer.launchdarkly_client.LaunchDarklyClient,bb92bec26c21ff086f6c3f0ec3d2b4b47cb8b903,2025-12-15T23:19:32+01:00,e568fa512a71e49f589c0c718d6502b7c7663c19,2025-12-22T11:53:44+01:00,5,220,0.023696682464454975,1.3477567253920282,,False,False,0,5,0.0,218.4,,0.022894124742242363,460609164.0,writer/writer-framework,Python
src/writer/launchdarkly_client.py,0,callable,ok,src.writer.launchdarkly_client.LaunchDarklyClient.get_client,src.writer.launchdarkly_client.LaunchDarklyClient.get_client,bb92bec26c21ff086f6c3f0ec3d2b4b47cb8b903,2025-12-15T23:19:32+01:00,e568fa512a71e49f589c0c718d6502b7c7663c19,2025-12-22T11:53:44+01:00,4,220,0.05555555555555555,0.5678789222035708,,False,False,0,4,0.0,218.4,,0.018315299793793892,460609164.0,writer/writer-framework,Python
src/writer/launchdarkly_client.py,1,callable,ok,src.writer.launchdarkly_client.LaunchDarklyClient.is_available,src.writer.launchdarkly_client.LaunchDarklyClient.is_available,bb92bec26c21ff086f6c3f0ec3d2b4b47cb8b903,2025-12-15T23:19:32+01:00,bb92bec26c21ff086f6c3f0ec3d2b4b47cb8b903,2025-12-15T23:19:32+01:00,1,220,0.5,,,False,False,0,1,0.0,211.87,,0.004719810936610427,460609164.0,writer/writer-framework,Python
src/writer/launchdarkly_client.py,2,callable,ok,src.writer.launchdarkly_client.LaunchDarklyClient.close,src.writer.launchdarkly_client.LaunchDarklyClient.close,bb92bec26c21ff086f6c3f0ec3d2b4b47cb8b903,2025-12-15T23:19:32+01:00,bb92bec26c21ff086f6c3f0ec3d2b4b47cb8b903,2025-12-15T23:19:32+01:00,1,220,0.1,,,False,False,0,1,0.0,211.87,,0.004719810936610427,460609164.0,writer/writer-framework,Python
src/writer/launchdarkly_client.py,3,callable,ok,src.writer.launchdarkly_client.LaunchDarklyClient.build_context,src.writer.launchdarkly_client.LaunchDarklyClient.build_context,bb92bec26c21ff086f6c3f0ec3d2b4b47cb8b903,2025-12-15T23:19:32+01:00,9c6150eb434e9a9f5d2187d643d8ffe98e6dfd44,2025-12-17T17:39:57+01:00,2,220,0.05555555555555555,,,False,False,0,2,0.0,213.64,,0.00936167109729783,460609164.0,writer/writer-framework,Python
src/writer/launchdarkly_client.py,4,callable,ok,src.writer.launchdarkly_client.LaunchDarklyClient.evaluate_flag,src.writer.launchdarkly_client.LaunchDarklyClient.evaluate_flag,bb92bec26c21ff086f6c3f0ec3d2b4b47cb8b903,2025-12-15T23:19:32+01:00,bb92bec26c21ff086f6c3f0ec3d2b4b47cb8b903,2025-12-15T23:19:32+01:00,1,220,0.045454545454545456,,,False,False,0,1,0.0,211.87,,0.004719810936610427,460609164.0,writer/writer-framework,Python
src/writer/launchdarkly_client.py,5,callable,ok,src.writer.launchdarkly_client.LaunchDarklyClient.evaluate_all_flags,src.writer.launchdarkly_client.LaunchDarklyClient.evaluate_all_flags,bb92bec26c21ff086f6c3f0ec3d2b4b47cb8b903,2025-12-15T23:19:32+01:00,bb92bec26c21ff086f6c3f0ec3d2b4b47cb8b903,2025-12-15T23:19:32+01:00,1,220,0.03225806451612903,,,False,False,0,1,0.0,211.87,,0.004719810936610427,460609164.0,writer/writer-framework,Python
src/writer/launchdarkly_client.py,6,callable,ok,src.writer.launchdarkly_client.LaunchDarklyClient.capture_error,src.writer.launchdarkly_client.LaunchDarklyClient.capture_error,bb92bec26c21ff086f6c3f0ec3d2b4b47cb8b903,2025-12-15T23:19:32+01:00,bb92bec26c21ff086f6c3f0ec3d2b4b47cb8b903,2025-12-15T23:19:32+01:00,1,220,0.047619047619047616,,,False,False,0,1,0.0,211.87,,0.004719810936610427,460609164.0,writer/writer-framework,Python
src/writer/launchdarkly_utils.py,0,callable,ok,src.writer.launchdarkly_utils.get_launchdarkly_sdk_key,src.writer.launchdarkly_utils.get_launchdarkly_sdk_key,bb92bec26c21ff086f6c3f0ec3d2b4b47cb8b903,2025-12-15T23:19:32+01:00,e568fa512a71e49f589c0c718d6502b7c7663c19,2025-12-22T11:53:44+01:00,3,220,0.6,0.5471967155845656,,False,False,0,3,0.0,218.4,,0.013736474845345417,460609164.0,writer/writer-framework,Python
src/writer/launchdarkly_utils.py,1,callable,ok,src.writer.launchdarkly_utils.is_launchdarkly_enabled,src.writer.launchdarkly_utils.is_launchdarkly_enabled,bb92bec26c21ff086f6c3f0ec3d2b4b47cb8b903,2025-12-15T23:19:32+01:00,e568fa512a71e49f589c0c718d6502b7c7663c19,2025-12-22T11:53:44+01:00,2,220,1.0,,,False,False,0,2,0.0,218.4,,0.009157649896896946,460609164.0,writer/writer-framework,Python
src/writer/launchdarkly_utils.py,2,callable,ok,src.writer.launchdarkly_utils.get_launchdarkly_environment,src.writer.launchdarkly_utils.get_launchdarkly_environment,bb92bec26c21ff086f6c3f0ec3d2b4b47cb8b903,2025-12-15T23:19:32+01:00,e568fa512a71e49f589c0c718d6502b7c7663c19,2025-12-22T11:53:44+01:00,3,220,0.21428571428571427,0.5471967155845656,,False,False,0,3,0.0,218.4,,0.013736474845345417,460609164.0,writer/writer-framework,Python
src/writer/launchdarkly_utils.py,3,callable,ok,src.writer.launchdarkly_utils.get_flag_override,src.writer.launchdarkly_utils.get_flag_override,bb92bec26c21ff086f6c3f0ec3d2b4b47cb8b903,2025-12-15T23:19:32+01:00,bb92bec26c21ff086f6c3f0ec3d2b4b47cb8b903,2025-12-15T23:19:32+01:00,1,220,0.047619047619047616,,,False,False,0,1,0.0,211.87,,0.004719810936610427,460609164.0,writer/writer-framework,Python
src/writer/launchdarkly_utils.py,4,callable,ok,src.writer.launchdarkly_utils.safe_flag_evaluation,src.writer.launchdarkly_utils.safe_flag_evaluation,bb92bec26c21ff086f6c3f0ec3d2b4b47cb8b903,2025-12-15T23:19:32+01:00,bb92bec26c21ff086f6c3f0ec3d2b4b47cb8b903,2025-12-15T23:19:32+01:00,1,220,0.06666666666666667,,,False,False,0,1,0.0,211.87,,0.004719810936610427,460609164.0,writer/writer-framework,Python
src/writer/launchdarkly_utils.py,5,callable,ok,src.writer.launchdarkly_utils.evaluate_flag_with_override,src.writer.launchdarkly_utils.evaluate_flag_with_override,bb92bec26c21ff086f6c3f0ec3d2b4b47cb8b903,2025-12-15T23:19:32+01:00,e568fa512a71e49f589c0c718d6502b7c7663c19,2025-12-22T11:53:44+01:00,2,220,0.09523809523809523,,,False,False,0,2,0.0,218.4,,0.009157649896896946,460609164.0,writer/writer-framework,Python
src/writer/logs.py,0,class,ok,src.writer.logs.RoutingKeyFilter,src.writer.logs.RoutingKeyFilter,e11259d21c0d48a3f454395ff9bf597120010e45,2025-06-06T08:04:52+02:00,e11259d21c0d48a3f454395ff9bf597120010e45,2025-06-06T08:04:52+02:00,1,0,0.0625,,,True,False,0,1,0.0,19.2,,0.05209407321387873,460609164.0,writer/writer-framework,Python
src/writer/logs.py,1,class,ok,src.writer.logs.LoggerProxy,src.writer.logs.LoggerProxy,e11259d21c0d48a3f454395ff9bf597120010e45,2025-06-06T08:04:52+02:00,e11259d21c0d48a3f454395ff9bf597120010e45,2025-06-06T08:04:52+02:00,1,0,0.045454545454545456,,,True,False,0,1,0.0,19.2,,0.05209407321387873,460609164.0,writer/writer-framework,Python
src/writer/logs.py,3,class,ok,src.writer.logs.LocalFormatter,src.writer.logs.LocalFormatter,dc7c94ea9bcef1161a8f42009dd66ad0791a8cf9,2025-06-26T11:58:50+02:00,dc7c94ea9bcef1161a8f42009dd66ad0791a8cf9,2025-06-26T11:58:50+02:00,1,0,0.25,,,True,False,0,1,0.0,39.36,,0.025407460383182146,460609164.0,writer/writer-framework,Python
src/writer/logs.py,2,class,ok,src.writer.logs.JSONFormatter,src.writer.logs.JSONFormatter,dc7c94ea9bcef1161a8f42009dd66ad0791a8cf9,2025-06-26T11:58:50+02:00,17d7336c65869c2be2bd8072a1a1dd9aea73d95a,2025-10-03T15:48:58+02:00,6,393,0.12,1.362221778503809,,False,False,0,6,0.0,138.52,,0.04331556592990097,460609164.0,writer/writer-framework,Python
src/writer/logs.py,4,class,ok,src.writer.logs.RoutingMap,src.writer.logs.RoutingMap,9731e93c5209ad32ef74c1663b6bde058bb22956,2025-06-26T16:21:04+02:00,32e52846861488e6c841f0560adc6c7a08d78b70,2025-06-27T17:07:36+02:00,2,393,0.058823529411764705,,,False,False,0,2,0.0,40.57,,0.0492939385001064,460609164.0,writer/writer-framework,Python
src/writer/logs.py,5,class,ok,src.writer.logs.RoutingStream,src.writer.logs.RoutingStream,9731e93c5209ad32ef74c1663b6bde058bb22956,2025-06-26T16:21:04+02:00,32e52846861488e6c841f0560adc6c7a08d78b70,2025-06-27T17:07:36+02:00,2,393,0.13333333333333333,,,False,False,0,2,0.0,40.57,,0.0492939385001064,460609164.0,writer/writer-framework,Python
src/writer/logs.py,6,class,ok,src.writer.logs.RoutingHandler,src.writer.logs.RoutingHandler,9731e93c5209ad32ef74c1663b6bde058bb22956,2025-06-26T16:21:04+02:00,32e52846861488e6c841f0560adc6c7a08d78b70,2025-06-27T17:07:36+02:00,2,393,0.07407407407407407,,,False,False,0,2,0.0,40.57,,0.0492939385001064,460609164.0,writer/writer-framework,Python
src/writer/logs.py,0,callable,ok,src.writer.logs._add_routing_key,src.writer.logs._add_routing_key,e11259d21c0d48a3f454395ff9bf597120010e45,2025-06-06T08:04:52+02:00,e11259d21c0d48a3f454395ff9bf597120010e45,2025-06-06T08:04:52+02:00,1,0,0.06666666666666667,,,True,False,0,1,0.0,19.2,,0.05209407321387873,460609164.0,writer/writer-framework,Python
src/writer/logs.py,1,callable,ok,src.writer.logs.capture_logs,src.writer.logs.capture_logs,e11259d21c0d48a3f454395ff9bf597120010e45,2025-06-06T08:04:52+02:00,dc7c94ea9bcef1161a8f42009dd66ad0791a8cf9,2025-06-26T11:58:50+02:00,2,20,0.06060606060606061,,,True,False,0,2,0.0,39.36,,0.05081492076636429,460609164.0,writer/writer-framework,Python
src/writer/logs.py,2,callable,ok,src.writer.logs.RoutingKeyFilter.__init__,src.writer.logs.RoutingKeyFilter.__init__,e11259d21c0d48a3f454395ff9bf597120010e45,2025-06-06T08:04:52+02:00,e11259d21c0d48a3f454395ff9bf597120010e45,2025-06-06T08:04:52+02:00,1,0,0.5,,,True,False,0,1,0.0,19.2,,0.05209407321387873,460609164.0,writer/writer-framework,Python
src/writer/logs.py,3,callable,ok,src.writer.logs.RoutingKeyFilter.filter,src.writer.logs.RoutingKeyFilter.filter,e11259d21c0d48a3f454395ff9bf597120010e45,2025-06-06T08:04:52+02:00,e11259d21c0d48a3f454395ff9bf597120010e45,2025-06-06T08:04:52+02:00,1,0,0.25,,,True,False,0,1,0.0,19.2,,0.05209407321387873,460609164.0,writer/writer-framework,Python
src/writer/logs.py,4,callable,ok,src.writer.logs.LoggerProxy.__init__,src.writer.logs.LoggerProxy.__init__,e11259d21c0d48a3f454395ff9bf597120010e45,2025-06-06T08:04:52+02:00,e11259d21c0d48a3f454395ff9bf597120010e45,2025-06-06T08:04:52+02:00,1,0,0.3333333333333333,,,True,False,0,1,0.0,19.2,,0.05209407321387873,460609164.0,writer/writer-framework,Python
src/writer/logs.py,5,callable,ok,src.writer.logs.LoggerProxy.__getattr__,src.writer.logs.LoggerProxy.__getattr__,e11259d21c0d48a3f454395ff9bf597120010e45,2025-06-06T08:04:52+02:00,e11259d21c0d48a3f454395ff9bf597120010e45,2025-06-06T08:04:52+02:00,1,0,0.2,,,True,False,0,1,0.0,19.2,,0.05209407321387873,460609164.0,writer/writer-framework,Python
src/writer/logs.py,6,callable,ok,src.writer.logs.LoggerProxy.__setattr__,src.writer.logs.LoggerProxy.__setattr__,e11259d21c0d48a3f454395ff9bf597120010e45,2025-06-06T08:04:52+02:00,e11259d21c0d48a3f454395ff9bf597120010e45,2025-06-06T08:04:52+02:00,1,0,0.2,,,True,False,0,1,0.0,19.2,,0.05209407321387873,460609164.0,writer/writer-framework,Python
src/writer/logs.py,7,callable,ok,src.writer.logs.get_formatter,src.writer.logs.get_formatter,dc7c94ea9bcef1161a8f42009dd66ad0791a8cf9,2025-06-26T11:58:50+02:00,9731e93c5209ad32ef74c1663b6bde058bb22956,2025-06-26T16:21:04+02:00,2,0,1.0,,,True,False,0,2,0.0,39.54,,0.05058088990753181,460609164.0,writer/writer-framework,Python
src/writer/logs.py,11,callable,ok,src.writer.logs.LocalFormatter.format,src.writer.logs.LocalFormatter.format,dc7c94ea9bcef1161a8f42009dd66ad0791a8cf9,2025-06-26T11:58:50+02:00,9731e93c5209ad32ef74c1663b6bde058bb22956,2025-06-26T16:21:04+02:00,2,0,0.6666666666666666,,,True,False,0,2,0.0,39.54,,0.05058088990753181,460609164.0,writer/writer-framework,Python
src/writer/logs.py,12,callable,ok,src.writer.logs.get_stdout_routing_key,src.writer.logs.get_stdout_routing_key,9731e93c5209ad32ef74c1663b6bde058bb22956,2025-06-26T16:21:04+02:00,9731e93c5209ad32ef74c1663b6bde058bb22956,2025-06-26T16:21:04+02:00,1,0,0.5,,,True,False,0,1,0.0,39.54,,0.025290444953765905,460609164.0,writer/writer-framework,Python
src/writer/logs.py,13,callable,ok,src.writer.logs.get_logging_routing_key,src.writer.logs.get_logging_routing_key,9731e93c5209ad32ef74c1663b6bde058bb22956,2025-06-26T16:21:04+02:00,9731e93c5209ad32ef74c1663b6bde058bb22956,2025-06-26T16:21:04+02:00,1,0,0.5,,,True,False,0,1,0.0,39.54,,0.025290444953765905,460609164.0,writer/writer-framework,Python
src/writer/logs.py,8,callable,ok,src.writer.logs.get_handler,src.writer.logs.get_handler,dc7c94ea9bcef1161a8f42009dd66ad0791a8cf9,2025-06-26T11:58:50+02:00,32e52846861488e6c841f0560adc6c7a08d78b70,2025-06-27T17:07:36+02:00,3,393,0.5,0.6097234266651785,,False,False,0,3,0.0,40.57,,0.0739409077501596,460609164.0,writer/writer-framework,Python
src/writer/logs.py,9,callable,ok,src.writer.logs.get_logger,src.writer.logs.get_logger,dc7c94ea9bcef1161a8f42009dd66ad0791a8cf9,2025-06-26T11:58:50+02:00,32e52846861488e6c841f0560adc6c7a08d78b70,2025-06-27T17:07:36+02:00,3,393,0.5,0.6097234266651785,,False,False,0,3,0.0,40.57,,0.0739409077501596,460609164.0,writer/writer-framework,Python
src/writer/logs.py,10,callable,ok,src.writer.logs.JSONFormatter.format,src.writer.logs.JSONFormatter.format,dc7c94ea9bcef1161a8f42009dd66ad0791a8cf9,2025-06-26T11:58:50+02:00,17d7336c65869c2be2bd8072a1a1dd9aea73d95a,2025-10-03T15:48:58+02:00,6,393,0.12244897959183673,1.362221778503809,,False,False,0,6,0.0,138.52,,0.04331556592990097,460609164.0,writer/writer-framework,Python
src/writer/logs.py,14,callable,ok,src.writer.logs.use_stdout_redirect,src.writer.logs.use_stdout_redirect,9731e93c5209ad32ef74c1663b6bde058bb22956,2025-06-26T16:21:04+02:00,5c4a3c95fc7258fcd4f2881c05fe960dc439aca3,2025-11-25T16:59:38Z,5,393,0.2631578947368421,0.6248127378481173,,False,False,0,5,0.0,191.65,,0.026089124313711094,460609164.0,writer/writer-framework,Python
src/writer/logs.py,15,callable,ok,src.writer.logs.use_logging_redirect,src.writer.logs.use_logging_redirect,9731e93c5209ad32ef74c1663b6bde058bb22956,2025-06-26T16:21:04+02:00,5c4a3c95fc7258fcd4f2881c05fe960dc439aca3,2025-11-25T16:59:38Z,5,393,0.2777777777777778,0.6248127378481173,,False,False,0,5,0.0,191.65,,0.026089124313711094,460609164.0,writer/writer-framework,Python
src/writer/logs.py,16,callable,ok,src.writer.logs.RoutingMap.__init__,src.writer.logs.RoutingMap.__init__,9731e93c5209ad32ef74c1663b6bde058bb22956,2025-06-26T16:21:04+02:00,32e52846861488e6c841f0560adc6c7a08d78b70,2025-06-27T17:07:36+02:00,2,393,0.3333333333333333,,,False,False,0,2,0.0,40.57,,0.0492939385001064,460609164.0,writer/writer-framework,Python
src/writer/logs.py,17,callable,ok,src.writer.logs.RoutingMap.get_buffer,src.writer.logs.RoutingMap.get_buffer,9731e93c5209ad32ef74c1663b6bde058bb22956,2025-06-26T16:21:04+02:00,32e52846861488e6c841f0560adc6c7a08d78b70,2025-06-27T17:07:36+02:00,2,393,0.2857142857142857,,,False,False,0,2,0.0,40.57,,0.0492939385001064,460609164.0,writer/writer-framework,Python
src/writer/logs.py,18,callable,ok,src.writer.logs.RoutingMap.add_buffer,src.writer.logs.RoutingMap.add_buffer,9731e93c5209ad32ef74c1663b6bde058bb22956,2025-06-26T16:21:04+02:00,32e52846861488e6c841f0560adc6c7a08d78b70,2025-06-27T17:07:36+02:00,2,393,0.2857142857142857,,,False,False,0,2,0.0,40.57,,0.0492939385001064,460609164.0,writer/writer-framework,Python
src/writer/logs.py,19,callable,ok,src.writer.logs.RoutingMap.remove_buffer,src.writer.logs.RoutingMap.remove_buffer,9731e93c5209ad32ef74c1663b6bde058bb22956,2025-06-26T16:21:04+02:00,32e52846861488e6c841f0560adc6c7a08d78b70,2025-06-27T17:07:36+02:00,2,393,0.4,,,False,False,0,2,0.0,40.57,,0.0492939385001064,460609164.0,writer/writer-framework,Python
src/writer/logs.py,20,callable,ok,src.writer.logs.RoutingStream.write,src.writer.logs.RoutingStream.write,9731e93c5209ad32ef74c1663b6bde058bb22956,2025-06-26T16:21:04+02:00,32e52846861488e6c841f0560adc6c7a08d78b70,2025-06-27T17:07:36+02:00,2,393,0.4,,,False,False,0,2,0.0,40.57,,0.0492939385001064,460609164.0,writer/writer-framework,Python
src/writer/logs.py,21,callable,ok,src.writer.logs.RoutingStream.getvalue,src.writer.logs.RoutingStream.getvalue,9731e93c5209ad32ef74c1663b6bde058bb22956,2025-06-26T16:21:04+02:00,32e52846861488e6c841f0560adc6c7a08d78b70,2025-06-27T17:07:36+02:00,2,393,0.6666666666666666,,,False,False,0,2,0.0,40.57,,0.0492939385001064,460609164.0,writer/writer-framework,Python
src/writer/logs.py,22,callable,ok,src.writer.logs.RoutingHandler.emit,src.writer.logs.RoutingHandler.emit,9731e93c5209ad32ef74c1663b6bde058bb22956,2025-06-26T16:21:04+02:00,32e52846861488e6c841f0560adc6c7a08d78b70,2025-06-27T17:07:36+02:00,2,393,0.18181818181818182,,,False,False,0,2,0.0,40.57,,0.0492939385001064,460609164.0,writer/writer-framework,Python
src/writer/logs.py,23,callable,ok,src.writer.logs.RoutingHandler.flush,src.writer.logs.RoutingHandler.flush,9731e93c5209ad32ef74c1663b6bde058bb22956,2025-06-26T16:21:04+02:00,32e52846861488e6c841f0560adc6c7a08d78b70,2025-06-27T17:07:36+02:00,2,393,0.3333333333333333,,,False,False,0,2,0.0,40.57,,0.0492939385001064,460609164.0,writer/writer-framework,Python
src/writer/logs.py,24,callable,ok,src.writer.logs.get_routing_key,src.writer.logs.get_routing_key,32e52846861488e6c841f0560adc6c7a08d78b70,2025-06-27T17:07:36+02:00,eb0f5e8218ea3e0625906d3606bb9e2c4212b900,2025-07-15T15:47:44+02:00,2,392,0.18181818181818182,,,False,False,0,2,0.0,58.52,,0.03417782357676462,460609164.0,writer/writer-framework,Python
src/writer/serve.py,0,class,ok,src.writer.serve.WriterState,src.writer.serve.WriterState,1e206f5940edeb44823585336df0ab80153b7758,2024-05-17T13:54:16Z,1e206f5940edeb44823585336df0ab80153b7758,2024-05-17T13:54:16Z,1,798,0.25,,,False,False,1,0,365.48,0.0,0.0027361429087441234,,460609164.0,writer/writer-framework,Python
src/writer/serve.py,1,class,ok,src.writer.serve.WriterAsgi,src.writer.serve.WriterAsgi,1e206f5940edeb44823585336df0ab80153b7758,2024-05-17T13:54:16Z,1e206f5940edeb44823585336df0ab80153b7758,2024-05-17T13:54:16Z,1,798,0.5,,,False,False,1,0,365.48,0.0,0.0027361429087441234,,460609164.0,writer/writer-framework,Python
src/writer/serve.py,2,class,ok,src.writer.serve.WriterFastAPI,src.writer.serve.WriterFastAPI,1e206f5940edeb44823585336df0ab80153b7758,2024-05-17T13:54:16Z,1e206f5940edeb44823585336df0ab80153b7758,2024-05-17T13:54:16Z,1,798,0.5,,,False,False,1,0,365.48,0.0,0.0027361429087441234,,460609164.0,writer/writer-framework,Python
src/writer/serve.py,0,callable,ok,src.writer.serve.get_asgi_app,src.writer.serve.get_asgi_app,1e206f5940edeb44823585336df0ab80153b7758,2024-05-17T13:54:16Z,1e206f5940edeb44823585336df0ab80153b7758,2024-05-17T13:54:16Z,1,798,0.0026041666666666665,,,False,False,1,0,365.48,0.0,0.0027361429087441234,,460609164.0,writer/writer-framework,Python
src/writer/serve.py,1,callable,ok,src.writer.serve.print_init_message,src.writer.serve.print_init_message,1e206f5940edeb44823585336df0ab80153b7758,2024-05-17T13:54:16Z,1e206f5940edeb44823585336df0ab80153b7758,2024-05-17T13:54:16Z,1,798,0.14285714285714285,,,False,False,1,0,365.48,0.0,0.0027361429087441234,,460609164.0,writer/writer-framework,Python
src/writer/serve.py,2,callable,ok,src.writer.serve.print_route_message,src.writer.serve.print_route_message,1e206f5940edeb44823585336df0ab80153b7758,2024-05-17T13:54:16Z,1e206f5940edeb44823585336df0ab80153b7758,2024-05-17T13:54:16Z,1,798,0.2,,,False,False,1,0,365.48,0.0,0.0027361429087441234,,460609164.0,writer/writer-framework,Python
src/writer/serve.py,3,callable,ok,src.writer.serve.register_auth,src.writer.serve.register_auth,1e206f5940edeb44823585336df0ab80153b7758,2024-05-17T13:54:16Z,1e206f5940edeb44823585336df0ab80153b7758,2024-05-17T13:54:16Z,1,798,0.16666666666666666,,,False,False,1,0,365.48,0.0,0.0027361429087441234,,460609164.0,writer/writer-framework,Python
src/writer/serve.py,4,callable,ok,src.writer.serve.serve,src.writer.serve.serve,1e206f5940edeb44823585336df0ab80153b7758,2024-05-17T13:54:16Z,1e206f5940edeb44823585336df0ab80153b7758,2024-05-17T13:54:16Z,1,798,0.058823529411764705,,,False,False,1,0,365.48,0.0,0.0027361429087441234,,460609164.0,writer/writer-framework,Python
src/writer/serve.py,5,callable,ok,src.writer.serve.lifespan,src.writer.serve.lifespan,1e206f5940edeb44823585336df0ab80153b7758,2024-05-17T13:54:16Z,1e206f5940edeb44823585336df0ab80153b7758,2024-05-17T13:54:16Z,1,798,0.037037037037037035,,,False,False,1,0,365.48,0.0,0.0027361429087441234,,460609164.0,writer/writer-framework,Python
src/writer/serve.py,6,callable,ok,src.writer.serve._lifespan_invoke,src.writer.serve._lifespan_invoke,1e206f5940edeb44823585336df0ab80153b7758,2024-05-17T13:54:16Z,1e206f5940edeb44823585336df0ab80153b7758,2024-05-17T13:54:16Z,1,798,0.043478260869565216,,,False,False,1,0,365.48,0.0,0.0027361429087441234,,460609164.0,writer/writer-framework,Python
src/writer/serve.py,7,callable,ok,src.writer.serve._fix_mimetype,src.writer.serve._fix_mimetype,1e206f5940edeb44823585336df0ab80153b7758,2024-05-17T13:54:16Z,1e206f5940edeb44823585336df0ab80153b7758,2024-05-17T13:54:16Z,1,798,0.14285714285714285,,,False,False,1,0,365.48,0.0,0.0027361429087441234,,460609164.0,writer/writer-framework,Python
src/writer/serve.py,8,callable,ok,src.writer.serve._mount_server_static_path,src.writer.serve._mount_server_static_path,1e206f5940edeb44823585336df0ab80153b7758,2024-05-17T13:54:16Z,1e206f5940edeb44823585336df0ab80153b7758,2024-05-17T13:54:16Z,1,798,0.058823529411764705,,,False,False,1,0,365.48,0.0,0.0027361429087441234,,460609164.0,writer/writer-framework,Python
src/writer/serve.py,9,callable,ok,src.writer.serve._execute_server_setup_hook,src.writer.serve._execute_server_setup_hook,1e206f5940edeb44823585336df0ab80153b7758,2024-05-17T13:54:16Z,1e206f5940edeb44823585336df0ab80153b7758,2024-05-17T13:54:16Z,1,798,0.1,,,False,False,1,0,365.48,0.0,0.0027361429087441234,,460609164.0,writer/writer-framework,Python
src/writer/serve.py,10,callable,ok,src.writer.serve.app_runner,src.writer.serve.app_runner,1e206f5940edeb44823585336df0ab80153b7758,2024-05-17T13:54:16Z,1e206f5940edeb44823585336df0ab80153b7758,2024-05-17T13:54:16Z,1,798,0.5,,,False,False,1,0,365.48,0.0,0.0027361429087441234,,460609164.0,writer/writer-framework,Python
src/writer/ss_types.py,0,class,ok,src.writer.ss_types.WriterFileItem,src.writer.ss_types.WriterFileItem,1e206f5940edeb44823585336df0ab80153b7758,2024-05-17T13:54:16Z,1e206f5940edeb44823585336df0ab80153b7758,2024-05-17T13:54:16Z,1,798,0.25,,,False,False,1,0,365.48,0.0,0.0027361429087441234,,460609164.0,writer/writer-framework,Python
src/writer/ss_types.py,1,class,ok,src.writer.ss_types.InstancePathItem,src.writer.ss_types.InstancePathItem,1e206f5940edeb44823585336df0ab80153b7758,2024-05-17T13:54:16Z,1e206f5940edeb44823585336df0ab80153b7758,2024-05-17T13:54:16Z,1,798,0.3333333333333333,,,False,False,1,0,365.48,0.0,0.0027361429087441234,,460609164.0,writer/writer-framework,Python
src/writer/ss_types.py,2,class,ok,src.writer.ss_types.Readable,src.writer.ss_types.Readable,1e206f5940edeb44823585336df0ab80153b7758,2024-05-17T13:54:16Z,1e206f5940edeb44823585336df0ab80153b7758,2024-05-17T13:54:16Z,1,798,0.3333333333333333,,,False,False,1,0,365.48,0.0,0.0027361429087441234,,460609164.0,writer/writer-framework,Python
src/writer/ss_types.py,3,class,ok,src.writer.ss_types.InitRequestBody,src.writer.ss_types.InitRequestBody,1e206f5940edeb44823585336df0ab80153b7758,2024-05-17T13:54:16Z,1e206f5940edeb44823585336df0ab80153b7758,2024-05-17T13:54:16Z,1,798,0.5,,,False,False,1,0,365.48,0.0,0.0027361429087441234,,460609164.0,writer/writer-framework,Python
src/writer/ss_types.py,4,class,ok,src.writer.ss_types.InitResponseBody,src.writer.ss_types.InitResponseBody,1e206f5940edeb44823585336df0ab80153b7758,2024-05-17T13:54:16Z,1e206f5940edeb44823585336df0ab80153b7758,2024-05-17T13:54:16Z,1,798,0.125,,,False,False,1,0,365.48,0.0,0.0027361429087441234,,460609164.0,writer/writer-framework,Python
src/writer/ss_types.py,5,class,ok,src.writer.ss_types.InitResponseBodyRun,src.writer.ss_types.InitResponseBodyRun,1e206f5940edeb44823585336df0ab80153b7758,2024-05-17T13:54:16Z,1e206f5940edeb44823585336df0ab80153b7758,2024-05-17T13:54:16Z,1,798,0.5,,,False,False,1,0,365.48,0.0,0.0027361429087441234,,460609164.0,writer/writer-framework,Python
src/writer/ss_types.py,6,class,ok,src.writer.ss_types.InitResponseBodyEdit,src.writer.ss_types.InitResponseBodyEdit,1e206f5940edeb44823585336df0ab80153b7758,2024-05-17T13:54:16Z,1e206f5940edeb44823585336df0ab80153b7758,2024-05-17T13:54:16Z,1,798,0.3333333333333333,,,False,False,1,0,365.48,0.0,0.0027361429087441234,,460609164.0,writer/writer-framework,Python
src/writer/ss_types.py,7,class,ok,src.writer.ss_types.WriterWebsocketIncoming,src.writer.ss_types.WriterWebsocketIncoming,1e206f5940edeb44823585336df0ab80153b7758,2024-05-17T13:54:16Z,1e206f5940edeb44823585336df0ab80153b7758,2024-05-17T13:54:16Z,1,798,0.25,,,False,False,1,0,365.48,0.0,0.0027361429087441234,,460609164.0,writer/writer-framework,Python
src/writer/ss_types.py,8,class,ok,src.writer.ss_types.WriterWebsocketOutgoing,src.writer.ss_types.WriterWebsocketOutgoing,1e206f5940edeb44823585336df0ab80153b7758,2024-05-17T13:54:16Z,1e206f5940edeb44823585336df0ab80153b7758,2024-05-17T13:54:16Z,1,798,0.25,,,False,False,1,0,365.48,0.0,0.0027361429087441234,,460609164.0,writer/writer-framework,Python
src/writer/ss_types.py,9,class,ok,src.writer.ss_types.AppProcessServerRequest,src.writer.ss_types.AppProcessServerRequest,1e206f5940edeb44823585336df0ab80153b7758,2024-05-17T13:54:16Z,1e206f5940edeb44823585336df0ab80153b7758,2024-05-17T13:54:16Z,1,798,0.3333333333333333,,,False,False,1,0,365.48,0.0,0.0027361429087441234,,460609164.0,writer/writer-framework,Python
src/writer/ss_types.py,10,class,ok,src.writer.ss_types.InitSessionRequestPayload,src.writer.ss_types.InitSessionRequestPayload,1e206f5940edeb44823585336df0ab80153b7758,2024-05-17T13:54:16Z,1e206f5940edeb44823585336df0ab80153b7758,2024-05-17T13:54:16Z,1,798,0.25,,,False,False,1,0,365.48,0.0,0.0027361429087441234,,460609164.0,writer/writer-framework,Python
src/writer/ss_types.py,11,class,ok,src.writer.ss_types.InitSessionRequest,src.writer.ss_types.InitSessionRequest,1e206f5940edeb44823585336df0ab80153b7758,2024-05-17T13:54:16Z,1e206f5940edeb44823585336df0ab80153b7758,2024-05-17T13:54:16Z,1,798,0.3333333333333333,,,False,False,1,0,365.48,0.0,0.0027361429087441234,,460609164.0,writer/writer-framework,Python
src/writer/ss_types.py,12,class,ok,src.writer.ss_types.ComponentUpdateRequestPayload,src.writer.ss_types.ComponentUpdateRequestPayload,1e206f5940edeb44823585336df0ab80153b7758,2024-05-17T13:54:16Z,1e206f5940edeb44823585336df0ab80153b7758,2024-05-17T13:54:16Z,1,798,0.5,,,False,False,1,0,365.48,0.0,0.0027361429087441234,,460609164.0,writer/writer-framework,Python
src/writer/ss_types.py,13,class,ok,src.writer.ss_types.ComponentUpdateRequest,src.writer.ss_types.ComponentUpdateRequest,1e206f5940edeb44823585336df0ab80153b7758,2024-05-17T13:54:16Z,1e206f5940edeb44823585336df0ab80153b7758,2024-05-17T13:54:16Z,1,798,0.3333333333333333,,,False,False,1,0,365.48,0.0,0.0027361429087441234,,460609164.0,writer/writer-framework,Python
src/writer/ss_types.py,14,class,ok,src.writer.ss_types.WriterEvent,src.writer.ss_types.WriterEvent,1e206f5940edeb44823585336df0ab80153b7758,2024-05-17T13:54:16Z,1e206f5940edeb44823585336df0ab80153b7758,2024-05-17T13:54:16Z,1,798,0.25,,,False,False,1,0,365.48,0.0,0.0027361429087441234,,460609164.0,writer/writer-framework,Python
src/writer/ss_types.py,15,class,ok,src.writer.ss_types.EventRequest,src.writer.ss_types.EventRequest,1e206f5940edeb44823585336df0ab80153b7758,2024-05-17T13:54:16Z,1e206f5940edeb44823585336df0ab80153b7758,2024-05-17T13:54:16Z,1,798,0.3333333333333333,,,False,False,1,0,365.48,0.0,0.0027361429087441234,,460609164.0,writer/writer-framework,Python
src/writer/ss_types.py,16,class,ok,src.writer.ss_types.StateEnquiryRequest,src.writer.ss_types.StateEnquiryRequest,1e206f5940edeb44823585336df0ab80153b7758,2024-05-17T13:54:16Z,1e206f5940edeb44823585336df0ab80153b7758,2024-05-17T13:54:16Z,1,798,0.5,,,False,False,1,0,365.48,0.0,0.0027361429087441234,,460609164.0,writer/writer-framework,Python
src/writer/ss_types.py,17,class,ok,src.writer.ss_types.AppProcessServerResponse,src.writer.ss_types.AppProcessServerResponse,1e206f5940edeb44823585336df0ab80153b7758,2024-05-17T13:54:16Z,1e206f5940edeb44823585336df0ab80153b7758,2024-05-17T13:54:16Z,1,798,0.25,,,False,False,1,0,365.48,0.0,0.0027361429087441234,,460609164.0,writer/writer-framework,Python
src/writer/ss_types.py,18,class,ok,src.writer.ss_types.InitSessionResponsePayload,src.writer.ss_types.InitSessionResponsePayload,1e206f5940edeb44823585336df0ab80153b7758,2024-05-17T13:54:16Z,1e206f5940edeb44823585336df0ab80153b7758,2024-05-17T13:54:16Z,1,798,0.16666666666666666,,,False,False,1,0,365.48,0.0,0.0027361429087441234,,460609164.0,writer/writer-framework,Python
src/writer/ss_types.py,19,class,ok,src.writer.ss_types.InitSessionResponse,src.writer.ss_types.InitSessionResponse,1e206f5940edeb44823585336df0ab80153b7758,2024-05-17T13:54:16Z,1e206f5940edeb44823585336df0ab80153b7758,2024-05-17T13:54:16Z,1,798,0.3333333333333333,,,False,False,1,0,365.48,0.0,0.0027361429087441234,,460609164.0,writer/writer-framework,Python
src/writer/ss_types.py,20,class,ok,src.writer.ss_types.EventResponsePayload,src.writer.ss_types.EventResponsePayload,1e206f5940edeb44823585336df0ab80153b7758,2024-05-17T13:54:16Z,1e206f5940edeb44823585336df0ab80153b7758,2024-05-17T13:54:16Z,1,798,0.2,,,False,False,1,0,365.48,0.0,0.0027361429087441234,,460609164.0,writer/writer-framework,Python
src/writer/ss_types.py,21,class,ok,src.writer.ss_types.StateEnquiryResponsePayload,src.writer.ss_types.StateEnquiryResponsePayload,1e206f5940edeb44823585336df0ab80153b7758,2024-05-17T13:54:16Z,1e206f5940edeb44823585336df0ab80153b7758,2024-05-17T13:54:16Z,1,798,0.3333333333333333,,,False,False,1,0,365.48,0.0,0.0027361429087441234,,460609164.0,writer/writer-framework,Python
src/writer/ss_types.py,22,class,ok,src.writer.ss_types.EventResponse,src.writer.ss_types.EventResponse,1e206f5940edeb44823585336df0ab80153b7758,2024-05-17T13:54:16Z,1e206f5940edeb44823585336df0ab80153b7758,2024-05-17T13:54:16Z,1,798,0.3333333333333333,,,False,False,1,0,365.48,0.0,0.0027361429087441234,,460609164.0,writer/writer-framework,Python
src/writer/ss_types.py,23,class,ok,src.writer.ss_types.StateEnquiryResponse,src.writer.ss_types.StateEnquiryResponse,1e206f5940edeb44823585336df0ab80153b7758,2024-05-17T13:54:16Z,1e206f5940edeb44823585336df0ab80153b7758,2024-05-17T13:54:16Z,1,798,0.3333333333333333,,,False,False,1,0,365.48,0.0,0.0027361429087441234,,460609164.0,writer/writer-framework,Python
src/writer/ss_types.py,24,class,ok,src.writer.ss_types.WriterEventResult,src.writer.ss_types.WriterEventResult,1e206f5940edeb44823585336df0ab80153b7758,2024-05-17T13:54:16Z,1e206f5940edeb44823585336df0ab80153b7758,2024-05-17T13:54:16Z,1,798,0.3333333333333333,,,False,False,1,0,365.48,0.0,0.0027361429087441234,,460609164.0,writer/writer-framework,Python
src/writer/ss_types.py,0,callable,ok,src.writer.ss_types.Readable.read,src.writer.ss_types.Readable.read,1e206f5940edeb44823585336df0ab80153b7758,2024-05-17T13:54:16Z,1e206f5940edeb44823585336df0ab80153b7758,2024-05-17T13:54:16Z,1,798,0.5,,,False,False,1,0,365.48,0.0,0.0027361429087441234,,460609164.0,writer/writer-framework,Python
src/writer/sync.py,0,class,ok,src.writer.sync.OperationQueues,src.writer.sync.OperationQueues,df08b8979987babf3a319bd1bcba32364bf5d5e8,2025-05-28T15:22:35+02:00,df08b8979987babf3a319bd1bcba32364bf5d5e8,2025-05-28T15:22:35+02:00,1,422,0.043478260869565216,,,False,False,0,1,0.0,10.5,,0.09523799025794724,460609164.0,writer/writer-framework,Python
src/writer/sync.py,1,class,ok,src.writer.sync.FolderSyncHandler,src.writer.sync.FolderSyncHandler,df08b8979987babf3a319bd1bcba32364bf5d5e8,2025-05-28T15:22:35+02:00,7e0df29edc8ab39ff426d38872762d00c5a7b92b,2025-06-02T19:16:54+02:00,3,422,0.05660377358490566,0.10116194341884951,,False,False,0,3,0.0,15.66,,0.1915374724738779,460609164.0,writer/writer-framework,Python
src/writer/sync.py,2,class,ok,src.writer.sync.FileBuffering,src.writer.sync.FileBuffering,df08b8979987babf3a319bd1bcba32364bf5d5e8,2025-05-28T15:22:35+02:00,7e0df29edc8ab39ff426d38872762d00c5a7b92b,2025-06-02T19:16:54+02:00,4,422,0.012307692307692308,0.17826595607708617,,False,False,0,4,0.0,15.66,,0.2553832966318372,460609164.0,writer/writer-framework,Python
src/writer/sync.py,27,callable,ok,src.writer.sync.FileBuffering.run,src.writer.sync.FileBuffering.run,df08b8979987babf3a319bd1bcba32364bf5d5e8,2025-05-28T15:22:35+02:00,df08b8979987babf3a319bd1bcba32364bf5d5e8,2025-05-28T15:22:35+02:00,1,0,0.09090909090909091,,,True,False,0,1,0.0,10.5,,0.09523799025794724,460609164.0,writer/writer-framework,Python
src/writer/sync.py,29,callable,ok,src.writer.sync.FolderSyncHandler.on_any_event,src.writer.sync.FolderSyncHandler.on_any_event,0b3462d4684646fece478bc3f025e2ee9830170e,2025-06-02T17:38:58+02:00,0b3462d4684646fece478bc3f025e2ee9830170e,2025-06-02T17:38:58+02:00,1,0,0.5,,,True,False,0,1,0.0,15.59,,0.06412425856326036,460609164.0,writer/writer-framework,Python
src/writer/sync.py,0,callable,ok,src.writer.sync.OperationQueues.__init__,src.writer.sync.OperationQueues.__init__,df08b8979987babf3a319bd1bcba32364bf5d5e8,2025-05-28T15:22:35+02:00,df08b8979987babf3a319bd1bcba32364bf5d5e8,2025-05-28T15:22:35+02:00,1,422,0.16666666666666666,,,False,False,0,1,0.0,10.5,,0.09523799025794724,460609164.0,writer/writer-framework,Python
src/writer/sync.py,1,callable,ok,src.writer.sync.OperationQueues.has_pending_operations,src.writer.sync.OperationQueues.has_pending_operations,df08b8979987babf3a319bd1bcba32364bf5d5e8,2025-05-28T15:22:35+02:00,df08b8979987babf3a319bd1bcba32364bf5d5e8,2025-05-28T15:22:35+02:00,1,422,0.125,,,False,False,0,1,0.0,10.5,,0.09523799025794724,460609164.0,writer/writer-framework,Python
src/writer/sync.py,2,callable,ok,src.writer.sync.OperationQueues.clear_all,src.writer.sync.OperationQueues.clear_all,df08b8979987babf3a319bd1bcba32364bf5d5e8,2025-05-28T15:22:35+02:00,df08b8979987babf3a319bd1bcba32364bf5d5e8,2025-05-28T15:22:35+02:00,1,422,0.16666666666666666,,,False,False,0,1,0.0,10.5,,0.09523799025794724,460609164.0,writer/writer-framework,Python
src/writer/sync.py,3,callable,ok,src.writer.sync.FolderSyncHandler.__init__,src.writer.sync.FolderSyncHandler.__init__,df08b8979987babf3a319bd1bcba32364bf5d5e8,2025-05-28T15:22:35+02:00,df08b8979987babf3a319bd1bcba32364bf5d5e8,2025-05-28T15:22:35+02:00,1,422,0.2,,,False,False,0,1,0.0,10.5,,0.09523799025794724,460609164.0,writer/writer-framework,Python
src/writer/sync.py,4,callable,ok,src.writer.sync.FolderSyncHandler.log,src.writer.sync.FolderSyncHandler.log,df08b8979987babf3a319bd1bcba32364bf5d5e8,2025-05-28T15:22:35+02:00,df08b8979987babf3a319bd1bcba32364bf5d5e8,2025-05-28T15:22:35+02:00,1,422,0.3333333333333333,,,False,False,0,1,0.0,10.5,,0.09523799025794724,460609164.0,writer/writer-framework,Python
src/writer/sync.py,5,callable,ok,src.writer.sync.FolderSyncHandler.rel,src.writer.sync.FolderSyncHandler.rel,df08b8979987babf3a319bd1bcba32364bf5d5e8,2025-05-28T15:22:35+02:00,df08b8979987babf3a319bd1bcba32364bf5d5e8,2025-05-28T15:22:35+02:00,1,422,0.5,,,False,False,0,1,0.0,10.5,,0.09523799025794724,460609164.0,writer/writer-framework,Python
src/writer/sync.py,6,callable,ok,src.writer.sync.FolderSyncHandler.dest_path,src.writer.sync.FolderSyncHandler.dest_path,df08b8979987babf3a319bd1bcba32364bf5d5e8,2025-05-28T15:22:35+02:00,df08b8979987babf3a319bd1bcba32364bf5d5e8,2025-05-28T15:22:35+02:00,1,422,0.3333333333333333,,,False,False,0,1,0.0,10.5,,0.09523799025794724,460609164.0,writer/writer-framework,Python
src/writer/sync.py,7,callable,ok,src.writer.sync.FolderSyncHandler.on_created,src.writer.sync.FolderSyncHandler.on_created,df08b8979987babf3a319bd1bcba32364bf5d5e8,2025-05-28T15:22:35+02:00,df08b8979987babf3a319bd1bcba32364bf5d5e8,2025-05-28T15:22:35+02:00,1,422,0.1,,,False,False,0,1,0.0,10.5,,0.09523799025794724,460609164.0,writer/writer-framework,Python
src/writer/sync.py,8,callable,ok,src.writer.sync.FolderSyncHandler.on_modified,src.writer.sync.FolderSyncHandler.on_modified,df08b8979987babf3a319bd1bcba32364bf5d5e8,2025-05-28T15:22:35+02:00,df08b8979987babf3a319bd1bcba32364bf5d5e8,2025-05-28T15:22:35+02:00,1,422,0.16666666666666666,,,False,False,0,1,0.0,10.5,,0.09523799025794724,460609164.0,writer/writer-framework,Python
src/writer/sync.py,9,callable,ok,src.writer.sync.FolderSyncHandler.on_deleted,src.writer.sync.FolderSyncHandler.on_deleted,df08b8979987babf3a319bd1bcba32364bf5d5e8,2025-05-28T15:22:35+02:00,df08b8979987babf3a319bd1bcba32364bf5d5e8,2025-05-28T15:22:35+02:00,1,422,0.08333333333333333,,,False,False,0,1,0.0,10.5,,0.09523799025794724,460609164.0,writer/writer-framework,Python
src/writer/sync.py,10,callable,ok,src.writer.sync.FolderSyncHandler.on_moved,src.writer.sync.FolderSyncHandler.on_moved,df08b8979987babf3a319bd1bcba32364bf5d5e8,2025-05-28T15:22:35+02:00,df08b8979987babf3a319bd1bcba32364bf5d5e8,2025-05-28T15:22:35+02:00,1,422,0.25,,,False,False,0,1,0.0,10.5,,0.09523799025794724,460609164.0,writer/writer-framework,Python
src/writer/sync.py,11,callable,ok,src.writer.sync.FileBuffering.__init__,src.writer.sync.FileBuffering.__init__,df08b8979987babf3a319bd1bcba32364bf5d5e8,2025-05-28T15:22:35+02:00,7e0df29edc8ab39ff426d38872762d00c5a7b92b,2025-06-02T19:16:54+02:00,3,422,0.21428571428571427,0.6758231844465536,,False,False,0,3,0.0,15.66,,0.1915374724738779,460609164.0,writer/writer-framework,Python
src/writer/sync.py,12,callable,ok,src.writer.sync.FileBuffering.log,src.writer.sync.FileBuffering.log,df08b8979987babf3a319bd1bcba32364bf5d5e8,2025-05-28T15:22:35+02:00,df08b8979987babf3a319bd1bcba32364bf5d5e8,2025-05-28T15:22:35+02:00,1,422,0.3333333333333333,,,False,False,0,1,0.0,10.5,,0.09523799025794724,460609164.0,writer/writer-framework,Python
src/writer/sync.py,13,callable,ok,src.writer.sync.FileBuffering.rel,src.writer.sync.FileBuffering.rel,df08b8979987babf3a319bd1bcba32364bf5d5e8,2025-05-28T15:22:35+02:00,df08b8979987babf3a319bd1bcba32364bf5d5e8,2025-05-28T15:22:35+02:00,1,422,0.5,,,False,False,0,1,0.0,10.5,,0.09523799025794724,460609164.0,writer/writer-framework,Python
src/writer/sync.py,14,callable,ok,src.writer.sync.FileBuffering.dest_path,src.writer.sync.FileBuffering.dest_path,df08b8979987babf3a319bd1bcba32364bf5d5e8,2025-05-28T15:22:35+02:00,df08b8979987babf3a319bd1bcba32364bf5d5e8,2025-05-28T15:22:35+02:00,1,422,0.3333333333333333,,,False,False,0,1,0.0,10.5,,0.09523799025794724,460609164.0,writer/writer-framework,Python
src/writer/sync.py,15,callable,ok,src.writer.sync.FileBuffering.should_copy,src.writer.sync.FileBuffering.should_copy,df08b8979987babf3a319bd1bcba32364bf5d5e8,2025-05-28T15:22:35+02:00,df08b8979987babf3a319bd1bcba32364bf5d5e8,2025-05-28T15:22:35+02:00,1,422,0.03571428571428571,,,False,False,0,1,0.0,10.5,,0.09523799025794724,460609164.0,writer/writer-framework,Python
src/writer/sync.py,16,callable,ok,src.writer.sync.FileBuffering.ensure_dir,src.writer.sync.FileBuffering.ensure_dir,df08b8979987babf3a319bd1bcba32364bf5d5e8,2025-05-28T15:22:35+02:00,df08b8979987babf3a319bd1bcba32364bf5d5e8,2025-05-28T15:22:35+02:00,1,422,0.5,,,False,False,0,1,0.0,10.5,,0.09523799025794724,460609164.0,writer/writer-framework,Python
src/writer/sync.py,17,callable,ok,src.writer.sync.FileBuffering.copy_file,src.writer.sync.FileBuffering.copy_file,df08b8979987babf3a319bd1bcba32364bf5d5e8,2025-05-28T15:22:35+02:00,0b3462d4684646fece478bc3f025e2ee9830170e,2025-06-02T17:38:58+02:00,2,422,0.5,,,False,False,0,2,0.0,15.59,,0.12824851712652072,460609164.0,writer/writer-framework,Python
src/writer/sync.py,18,callable,ok,src.writer.sync.FileBuffering.remove_path,src.writer.sync.FileBuffering.remove_path,df08b8979987babf3a319bd1bcba32364bf5d5e8,2025-05-28T15:22:35+02:00,df08b8979987babf3a319bd1bcba32364bf5d5e8,2025-05-28T15:22:35+02:00,1,422,0.14285714285714285,,,False,False,0,1,0.0,10.5,,0.09523799025794724,460609164.0,writer/writer-framework,Python
src/writer/sync.py,19,callable,ok,src.writer.sync.FileBuffering.init,src.writer.sync.FileBuffering.init,df08b8979987babf3a319bd1bcba32364bf5d5e8,2025-05-28T15:22:35+02:00,df08b8979987babf3a319bd1bcba32364bf5d5e8,2025-05-28T15:22:35+02:00,1,422,0.02857142857142857,,,False,False,0,1,0.0,10.5,,0.09523799025794724,460609164.0,writer/writer-framework,Python
src/writer/sync.py,20,callable,ok,src.writer.sync.FileBuffering.initial_sync,src.writer.sync.FileBuffering.initial_sync,df08b8979987babf3a319bd1bcba32364bf5d5e8,2025-05-28T15:22:35+02:00,df08b8979987babf3a319bd1bcba32364bf5d5e8,2025-05-28T15:22:35+02:00,1,422,0.03333333333333333,,,False,False,0,1,0.0,10.5,,0.09523799025794724,460609164.0,writer/writer-framework,Python
src/writer/sync.py,21,callable,ok,src.writer.sync.FileBuffering.process_batched_operations,src.writer.sync.FileBuffering.process_batched_operations,df08b8979987babf3a319bd1bcba32364bf5d5e8,2025-05-28T15:22:35+02:00,ce377faf084311a3a8c73db2fc22282e0e1b7aa2,2025-06-02T16:28:32+02:00,2,422,0.030303030303030304,,,False,False,0,2,0.0,15.55,,0.12865202753510754,460609164.0,writer/writer-framework,Python
src/writer/sync.py,22,callable,ok,src.writer.sync.FileBuffering.schedule_batch_processing,src.writer.sync.FileBuffering.schedule_batch_processing,df08b8979987babf3a319bd1bcba32364bf5d5e8,2025-05-28T15:22:35+02:00,df08b8979987babf3a319bd1bcba32364bf5d5e8,2025-05-28T15:22:35+02:00,1,422,0.1,,,False,False,0,1,0.0,10.5,,0.09523799025794724,460609164.0,writer/writer-framework,Python
src/writer/sync.py,23,callable,ok,src.writer.sync.FileBuffering.get_all_files,src.writer.sync.FileBuffering.get_all_files,df08b8979987babf3a319bd1bcba32364bf5d5e8,2025-05-28T15:22:35+02:00,df08b8979987babf3a319bd1bcba32364bf5d5e8,2025-05-28T15:22:35+02:00,1,422,0.05555555555555555,,,False,False,0,1,0.0,10.5,,0.09523799025794724,460609164.0,writer/writer-framework,Python
src/writer/sync.py,24,callable,ok,src.writer.sync.FileBuffering.files_have_same_content,src.writer.sync.FileBuffering.files_have_same_content,df08b8979987babf3a319bd1bcba32364bf5d5e8,2025-05-28T15:22:35+02:00,df08b8979987babf3a319bd1bcba32364bf5d5e8,2025-05-28T15:22:35+02:00,1,422,0.125,,,False,False,0,1,0.0,10.5,,0.09523799025794724,460609164.0,writer/writer-framework,Python
src/writer/sync.py,25,callable,ok,src.writer.sync.FileBuffering.compare_directories,src.writer.sync.FileBuffering.compare_directories,df08b8979987babf3a319bd1bcba32364bf5d5e8,2025-05-28T15:22:35+02:00,7e0df29edc8ab39ff426d38872762d00c5a7b92b,2025-06-02T19:16:54+02:00,2,422,0.04878048780487805,,,False,False,0,2,0.0,15.66,,0.1276916483159186,460609164.0,writer/writer-framework,Python
src/writer/sync.py,26,callable,ok,src.writer.sync.FileBuffering.watch_changes,src.writer.sync.FileBuffering.watch_changes,df08b8979987babf3a319bd1bcba32364bf5d5e8,2025-05-28T15:22:35+02:00,7e0df29edc8ab39ff426d38872762d00c5a7b92b,2025-06-02T19:16:54+02:00,2,422,0.1111111111111111,,,False,False,0,2,0.0,15.66,,0.1276916483159186,460609164.0,writer/writer-framework,Python
src/writer/sync.py,28,callable,ok,src.writer.sync.FileBuffering.stop,src.writer.sync.FileBuffering.stop,df08b8979987babf3a319bd1bcba32364bf5d5e8,2025-05-28T15:22:35+02:00,b81d96b8073d40705b37173ba61c7dba70a7e1b3,2025-06-24T11:55:14+02:00,2,422,0.15384615384615385,,,False,False,0,2,0.0,37.36,,0.05353889625599524,460609164.0,writer/writer-framework,Python
src/writer/sync.py,30,callable,ok,src.writer.sync.FileBuffering.schedule_sanity_check,src.writer.sync.FileBuffering.schedule_sanity_check,7e0df29edc8ab39ff426d38872762d00c5a7b92b,2025-06-02T19:16:54+02:00,7e0df29edc8ab39ff426d38872762d00c5a7b92b,2025-06-02T19:16:54+02:00,1,417,0.125,,,False,False,0,1,0.0,15.66,,0.0638458241579593,460609164.0,writer/writer-framework,Python
src/writer/ui_manager.py,0,class,ok,src.writer.ui_manager.WriterUI,src.writer.ui_manager.WriterUI,1e206f5940edeb44823585336df0ab80153b7758,2024-05-17T13:54:16Z,1e206f5940edeb44823585336df0ab80153b7758,2024-05-17T13:54:16Z,1,798,0.007874015748031496,,,False,False,1,0,365.48,0.0,0.0027361429087441234,,460609164.0,writer/writer-framework,Python
src/writer/ui_manager.py,0,callable,ok,src.writer.ui_manager._prepare_handlers,src.writer.ui_manager._prepare_handlers,1e206f5940edeb44823585336df0ab80153b7758,2024-05-17T13:54:16Z,1e206f5940edeb44823585336df0ab80153b7758,2024-05-17T13:54:16Z,1,798,0.07142857142857142,,,False,False,1,0,365.48,0.0,0.0027361429087441234,,460609164.0,writer/writer-framework,Python
src/writer/ui_manager.py,1,callable,ok,src.writer.ui_manager._prepare_binding,src.writer.ui_manager._prepare_binding,1e206f5940edeb44823585336df0ab80153b7758,2024-05-17T13:54:16Z,1e206f5940edeb44823585336df0ab80153b7758,2024-05-17T13:54:16Z,1,798,0.1,,,False,False,1,0,365.48,0.0,0.0027361429087441234,,460609164.0,writer/writer-framework,Python
src/writer/ui_manager.py,2,callable,ok,src.writer.ui_manager._prepare_value,src.writer.ui_manager._prepare_value,1e206f5940edeb44823585336df0ab80153b7758,2024-05-17T13:54:16Z,1e206f5940edeb44823585336df0ab80153b7758,2024-05-17T13:54:16Z,1,798,0.25,,,False,False,1,0,365.48,0.0,0.0027361429087441234,,460609164.0,writer/writer-framework,Python
src/writer/ui_manager.py,3,callable,ok,src.writer.ui_manager._create_component,src.writer.ui_manager._create_component,1e206f5940edeb44823585336df0ab80153b7758,2024-05-17T13:54:16Z,1e206f5940edeb44823585336df0ab80153b7758,2024-05-17T13:54:16Z,1,798,0.016666666666666666,,,False,False,1,0,365.48,0.0,0.0027361429087441234,,460609164.0,writer/writer-framework,Python
src/writer/ui_manager.py,4,callable,ok,src.writer.ui_manager.WriterUI.__enter__,src.writer.ui_manager.WriterUI.__enter__,1e206f5940edeb44823585336df0ab80153b7758,2024-05-17T13:54:16Z,1e206f5940edeb44823585336df0ab80153b7758,2024-05-17T13:54:16Z,1,798,0.5,,,False,False,1,0,365.48,0.0,0.0027361429087441234,,460609164.0,writer/writer-framework,Python
src/writer/ui_manager.py,5,callable,ok,src.writer.ui_manager.WriterUI.__exit__,src.writer.ui_manager.WriterUI.__exit__,1e206f5940edeb44823585336df0ab80153b7758,2024-05-17T13:54:16Z,1e206f5940edeb44823585336df0ab80153b7758,2024-05-17T13:54:16Z,1,798,0.5,,,False,False,1,0,365.48,0.0,0.0027361429087441234,,460609164.0,writer/writer-framework,Python
src/writer/ui_manager.py,6,callable,ok,src.writer.ui_manager.WriterUI.assert_in_container,src.writer.ui_manager.WriterUI.assert_in_container,1e206f5940edeb44823585336df0ab80153b7758,2024-05-17T13:54:16Z,1e206f5940edeb44823585336df0ab80153b7758,2024-05-17T13:54:16Z,1,798,0.25,,,False,False,1,0,365.48,0.0,0.0027361429087441234,,460609164.0,writer/writer-framework,Python
src/writer/ui_manager.py,7,callable,ok,src.writer.ui_manager.WriterUI.component_tree,src.writer.ui_manager.WriterUI.component_tree,1e206f5940edeb44823585336df0ab80153b7758,2024-05-17T13:54:16Z,1e206f5940edeb44823585336df0ab80153b7758,2024-05-17T13:54:16Z,1,798,0.14285714285714285,,,False,False,1,0,365.48,0.0,0.0027361429087441234,,460609164.0,writer/writer-framework,Python
src/writer/ui_manager.py,8,callable,ok,src.writer.ui_manager.WriterUI.root,src.writer.ui_manager.WriterUI.root,1e206f5940edeb44823585336df0ab80153b7758,2024-05-17T13:54:16Z,1e206f5940edeb44823585336df0ab80153b7758,2024-05-17T13:54:16Z,1,798,0.16666666666666666,,,False,False,1,0,365.48,0.0,0.0027361429087441234,,460609164.0,writer/writer-framework,Python
src/writer/ui_manager.py,9,callable,ok,src.writer.ui_manager.WriterUI.find,src.writer.ui_manager.WriterUI.find,1e206f5940edeb44823585336df0ab80153b7758,2024-05-17T13:54:16Z,1e206f5940edeb44823585336df0ab80153b7758,2024-05-17T13:54:16Z,1,798,0.04,,,False,False,1,0,365.48,0.0,0.0027361429087441234,,460609164.0,writer/writer-framework,Python
src/writer/ui_manager.py,10,callable,ok,src.writer.ui_manager.WriterUI.refresh_with,src.writer.ui_manager.WriterUI.refresh_with,1e206f5940edeb44823585336df0ab80153b7758,2024-05-17T13:54:16Z,1e206f5940edeb44823585336df0ab80153b7758,2024-05-17T13:54:16Z,1,798,0.03125,,,False,False,1,0,365.48,0.0,0.0027361429087441234,,460609164.0,writer/writer-framework,Python
src/writer/ui_manager.py,11,callable,ok,src.writer.ui_manager.WriterUI.parent,src.writer.ui_manager.WriterUI.parent,1e206f5940edeb44823585336df0ab80153b7758,2024-05-17T13:54:16Z,1e206f5940edeb44823585336df0ab80153b7758,2024-05-17T13:54:16Z,1,798,0.07142857142857142,,,False,False,1,0,365.48,0.0,0.0027361429087441234,,460609164.0,writer/writer-framework,Python
src/writer/ui_manager.py,12,callable,ok,src.writer.ui_manager.WriterUI.create_container_component,src.writer.ui_manager.WriterUI.create_container_component,1e206f5940edeb44823585336df0ab80153b7758,2024-05-17T13:54:16Z,1e206f5940edeb44823585336df0ab80153b7758,2024-05-17T13:54:16Z,1,798,0.2,,,False,False,1,0,365.48,0.0,0.0027361429087441234,,460609164.0,writer/writer-framework,Python
src/writer/ui_manager.py,13,callable,ok,src.writer.ui_manager.WriterUI.create_component,src.writer.ui_manager.WriterUI.create_component,1e206f5940edeb44823585336df0ab80153b7758,2024-05-17T13:54:16Z,1e206f5940edeb44823585336df0ab80153b7758,2024-05-17T13:54:16Z,1,798,0.16666666666666666,,,False,False,1,0,365.48,0.0,0.0027361429087441234,,460609164.0,writer/writer-framework,Python
src/writer/vault.py,1,class,ok,src.writer.vault._WrappedRequestFunc,src.writer.vault._WrappedRequestFunc,1c321dd2e5f878a95d0c5662b3944f892a3b8507,2025-10-24T13:39:11+02:00,1c321dd2e5f878a95d0c5662b3944f892a3b8507,2025-10-24T13:39:11+02:00,1,0,0.16666666666666666,,,True,False,0,1,0.0,159.43,,0.006272415810059634,460609164.0,writer/writer-framework,Python
src/writer/vault.py,2,class,ok,src.writer.vault.KeyValueStorage,src.writer.vault.KeyValueStorage,1c321dd2e5f878a95d0c5662b3944f892a3b8507,2025-10-24T13:39:11+02:00,1c321dd2e5f878a95d0c5662b3944f892a3b8507,2025-10-24T13:39:11+02:00,1,0,0.01639344262295082,,,True,False,0,1,0.0,159.43,,0.006272415810059634,460609164.0,writer/writer-framework,Python
src/writer/vault.py,0,class,ok,src.writer.vault.WriterVault,src.writer.vault.WriterVault,9a6351f8edb50409dbb68c41cca4a36117d0a27d,2025-06-04T11:54:09+02:00,e3eac7f17c6bf6f14c7c37754b28d7cc0705bbbb,2025-10-29T12:02:26+01:00,5,415,0.18518518518518517,0.6532440776738015,,False,False,0,5,0.0,164.4,,0.03041312855911045,460609164.0,writer/writer-framework,Python
src/writer/vault.py,4,callable,ok,src.writer.vault.WriterVault._get_agent_ids,src.writer.vault.KeyValueStorage._get_agent_ids,e3136ffd0c397e7e0a4818919bab95f57d01a228,2025-06-17T10:37:56Z,1c321dd2e5f878a95d0c5662b3944f892a3b8507,2025-10-24T13:39:11+02:00,2,129,0.15384615384615385,,,True,True,0,2,0.0,159.43,,0.012544831620119268,460609164.0,writer/writer-framework,Python
src/writer/vault.py,5,callable,ok,src.writer.vault._WrappedRequestFunc.__call__,src.writer.vault._WrappedRequestFunc.__call__,1c321dd2e5f878a95d0c5662b3944f892a3b8507,2025-10-24T13:39:11+02:00,1c321dd2e5f878a95d0c5662b3944f892a3b8507,2025-10-24T13:39:11+02:00,1,0,0.2,,,True,False,0,1,0.0,159.43,,0.006272415810059634,460609164.0,writer/writer-framework,Python
src/writer/vault.py,6,callable,ok,src.writer.vault.KeyValueStorage.__init__,src.writer.vault.KeyValueStorage.__init__,1c321dd2e5f878a95d0c5662b3944f892a3b8507,2025-10-24T13:39:11+02:00,1c321dd2e5f878a95d0c5662b3944f892a3b8507,2025-10-24T13:39:11+02:00,1,0,0.16666666666666666,,,True,False,0,1,0.0,159.43,,0.006272415810059634,460609164.0,writer/writer-framework,Python
src/writer/vault.py,7,callable,ok,src.writer.vault.KeyValueStorage.get,src.writer.vault.KeyValueStorage.get,1c321dd2e5f878a95d0c5662b3944f892a3b8507,2025-10-24T13:39:11+02:00,1c321dd2e5f878a95d0c5662b3944f892a3b8507,2025-10-24T13:39:11+02:00,1,0,0.5,,,True,False,0,1,0.0,159.43,,0.006272415810059634,460609164.0,writer/writer-framework,Python
src/writer/vault.py,8,callable,ok,src.writer.vault.KeyValueStorage.save,src.writer.vault.KeyValueStorage.save,1c321dd2e5f878a95d0c5662b3944f892a3b8507,2025-10-24T13:39:11+02:00,1c321dd2e5f878a95d0c5662b3944f892a3b8507,2025-10-24T13:39:11+02:00,1,0,0.14285714285714285,,,True,False,0,1,0.0,159.43,,0.006272415810059634,460609164.0,writer/writer-framework,Python
src/writer/vault.py,9,callable,ok,src.writer.vault.KeyValueStorage._create,src.writer.vault.KeyValueStorage._create,1c321dd2e5f878a95d0c5662b3944f892a3b8507,2025-10-24T13:39:11+02:00,1c321dd2e5f878a95d0c5662b3944f892a3b8507,2025-10-24T13:39:11+02:00,1,0,0.5,,,True,False,0,1,0.0,159.43,,0.006272415810059634,460609164.0,writer/writer-framework,Python
src/writer/vault.py,10,callable,ok,src.writer.vault.KeyValueStorage._update,src.writer.vault.KeyValueStorage._update,1c321dd2e5f878a95d0c5662b3944f892a3b8507,2025-10-24T13:39:11+02:00,1c321dd2e5f878a95d0c5662b3944f892a3b8507,2025-10-24T13:39:11+02:00,1,0,0.5,,,True,False,0,1,0.0,159.43,,0.006272415810059634,460609164.0,writer/writer-framework,Python
src/writer/vault.py,11,callable,ok,src.writer.vault.KeyValueStorage.delete,src.writer.vault.KeyValueStorage.delete,1c321dd2e5f878a95d0c5662b3944f892a3b8507,2025-10-24T13:39:11+02:00,1c321dd2e5f878a95d0c5662b3944f892a3b8507,2025-10-24T13:39:11+02:00,1,0,0.3333333333333333,,,True,False,0,1,0.0,159.43,,0.006272415810059634,460609164.0,writer/writer-framework,Python
src/writer/vault.py,12,callable,ok,src.writer.vault.KeyValueStorage._request,src.writer.vault.KeyValueStorage._request,1c321dd2e5f878a95d0c5662b3944f892a3b8507,2025-10-24T13:39:11+02:00,1c321dd2e5f878a95d0c5662b3944f892a3b8507,2025-10-24T13:39:11+02:00,1,0,0.05555555555555555,,,True,False,0,1,0.0,159.43,,0.006272415810059634,460609164.0,writer/writer-framework,Python
src/writer/vault.py,0,callable,ok,src.writer.vault.WriterVault.__init__,src.writer.vault.WriterVault.__init__,9a6351f8edb50409dbb68c41cca4a36117d0a27d,2025-06-04T11:54:09+02:00,a685a157dc3e8796664c71b6b12eee21869b6670,2025-06-04T18:18:55+02:00,2,415,0.6666666666666666,,,False,False,0,2,0.0,17.62,,0.1134914989744388,460609164.0,writer/writer-framework,Python
src/writer/vault.py,1,callable,ok,src.writer.vault.WriterVault.get_secrets,src.writer.vault.WriterVault.get_secrets,9a6351f8edb50409dbb68c41cca4a36117d0a27d,2025-06-04T11:54:09+02:00,a685a157dc3e8796664c71b6b12eee21869b6670,2025-06-04T18:18:55+02:00,2,415,0.4,,,False,False,0,2,0.0,17.62,,0.1134914989744388,460609164.0,writer/writer-framework,Python
src/writer/vault.py,2,callable,ok,src.writer.vault.WriterVault.refresh,src.writer.vault.WriterVault.refresh,9a6351f8edb50409dbb68c41cca4a36117d0a27d,2025-06-04T11:54:09+02:00,a685a157dc3e8796664c71b6b12eee21869b6670,2025-06-04T18:18:55+02:00,2,415,0.6666666666666666,,,False,False,0,2,0.0,17.62,,0.1134914989744388,460609164.0,writer/writer-framework,Python
src/writer/vault.py,3,callable,ok,src.writer.vault.WriterVault._fetch,src.writer.vault.WriterVault._fetch,9a6351f8edb50409dbb68c41cca4a36117d0a27d,2025-06-04T11:54:09+02:00,e3eac7f17c6bf6f14c7c37754b28d7cc0705bbbb,2025-10-29T12:02:26+01:00,5,415,0.5,0.6532440776738015,,False,False,0,5,0.0,164.4,,0.03041312855911045,460609164.0,writer/writer-framework,Python
src/writer/wf_project.py,0,class,ok,src.writer.wf_project.WfProjectContext,src.writer.wf_project.WfProjectContext,dd140483b1b2a86b48116e7e946405b1e1f04e67,2024-11-11T21:45:24+01:00,67c03d7e279b96a79509e789f0606d2b48ab33e7,2025-05-05T10:28:34+02:00,3,619,0.5,0.30427870152552977,,False,False,3,0,187.19,0.0,0.01602628508609491,,460609164.0,writer/writer-framework,Python
src/writer/wf_project.py,3,callable,ok,src.writer.wf_project.create_default_workflows_root,src.writer.wf_project.create_default_blueprints_root,cc6efb91ca95277c0ff0b191215d63dcc4bdf0b5,2024-10-08T17:36:24+02:00,66f1882af22915fb82719006ed59b99aecf7cea6,2025-04-04T11:21:31Z,2,177,0.4,,,True,True,2,0,221.41,0.0,0.009033135611516621,,460609164.0,writer/writer-framework,Python
src/writer/wf_project.py,2,callable,ok,src.writer.wf_project.migrate_obsolete_ui_json,src.writer.wf_project.migrate_obsolete_ui_json,7d287be9b6431913b7c08682a7f9a0a3aad37be4,2024-09-14T07:30:45+02:00,0faa083ef55383dc67a9acaa930ed7d90a602377,2024-10-14T07:11:26+02:00,2,29,0.08695652173913043,,,True,False,2,0,245.83,0.0,0.008135781293249293,,460609164.0,writer/writer-framework,Python
src/writer/wf_project.py,0,callable,ok,src.writer.wf_project.write_files,src.writer.wf_project.write_files,7d287be9b6431913b7c08682a7f9a0a3aad37be4,2024-09-14T07:30:45+02:00,67c03d7e279b96a79509e789f0606d2b48ab33e7,2025-05-05T10:28:34+02:00,8,678,0.27586206896551724,1.2387884246623415,,False,False,8,0,245.83,0.0,0.03254312517299717,,460609164.0,writer/writer-framework,Python
src/writer/wf_project.py,1,callable,ok,src.writer.wf_project.read_files,src.writer.wf_project.read_files,7d287be9b6431913b7c08682a7f9a0a3aad37be4,2024-09-14T07:30:45+02:00,66f1882af22915fb82719006ed59b99aecf7cea6,2025-04-04T11:21:31Z,3,678,0.06382978723404255,0.24126718408204628,,False,False,3,0,245.83,0.0,0.01220367193987394,,460609164.0,writer/writer-framework,Python
src/writer/wf_project.py,4,callable,ok,src.writer.wf_project._expected_component_fileinfos,src.writer.wf_project._expected_component_fileinfos,38de6fce0af7017fd2f0b15e40fcb1658d34b4cb,2024-10-10T20:21:29+02:00,38de6fce0af7017fd2f0b15e40fcb1658d34b4cb,2024-10-10T20:21:29+02:00,1,651,0.05555555555555555,,,False,False,1,0,219.29,0.0,0.004560121159885818,,460609164.0,writer/writer-framework,Python
src/writer/wf_project.py,5,callable,ok,src.writer.wf_project._list_component_files,src.writer.wf_project._list_component_files,38de6fce0af7017fd2f0b15e40fcb1658d34b4cb,2024-10-10T20:21:29+02:00,38de6fce0af7017fd2f0b15e40fcb1658d34b4cb,2024-10-10T20:21:29+02:00,1,651,0.125,,,False,False,1,0,219.29,0.0,0.004560121159885818,,460609164.0,writer/writer-framework,Python
src/writer/wf_project.py,6,callable,ok,src.writer.wf_project._remove_obsolete_component_files,src.writer.wf_project._remove_obsolete_component_files,38de6fce0af7017fd2f0b15e40fcb1658d34b4cb,2024-10-10T20:21:29+02:00,38de6fce0af7017fd2f0b15e40fcb1658d34b4cb,2024-10-10T20:21:29+02:00,1,651,0.1,,,False,False,1,0,219.29,0.0,0.004560121159885818,,460609164.0,writer/writer-framework,Python
src/writer/wf_project.py,7,callable,ok,src.writer.wf_project._write_component_files,src.writer.wf_project._write_component_files,38de6fce0af7017fd2f0b15e40fcb1658d34b4cb,2024-10-10T20:21:29+02:00,67c03d7e279b96a79509e789f0606d2b48ab33e7,2025-05-05T10:28:34+02:00,5,651,0.22727272727272727,0.16492815134126373,,False,False,5,0,219.29,0.0,0.022800605799429087,,460609164.0,writer/writer-framework,Python
src/writer/wf_project.py,8,callable,ok,src.writer.wf_project._write_root_files,src.writer.wf_project._write_root_files,38de6fce0af7017fd2f0b15e40fcb1658d34b4cb,2024-10-10T20:21:29+02:00,67c03d7e279b96a79509e789f0606d2b48ab33e7,2025-05-05T10:28:34+02:00,4,651,0.2857142857142857,0.16240073157080456,,False,False,4,0,219.29,0.0,0.01824048463954327,,460609164.0,writer/writer-framework,Python
src/writer/wf_project.py,9,callable,ok,src.writer.wf_project._sort_wf_component_keys,src.writer.wf_project._sort_wf_component_keys,a9e5b2f1168a8d56175b8d0984a2e79d514c1461,2024-10-10T20:59:12+02:00,4e661fb78e160223b797e76c56c656a7ca1cf1b4,2024-10-10T21:53:35+02:00,2,651,0.14285714285714285,,,False,False,2,0,219.27,0.0,0.009121331765111772,,460609164.0,writer/writer-framework,Python
src/writer/wf_project.py,10,callable,ok,src.writer.wf_project._order_components,src.writer.wf_project._order_components,4e661fb78e160223b797e76c56c656a7ca1cf1b4,2024-10-10T21:53:35+02:00,4e661fb78e160223b797e76c56c656a7ca1cf1b4,2024-10-10T21:53:35+02:00,1,651,0.0625,,,False,False,1,0,219.23,0.0,0.004561451542575739,,460609164.0,writer/writer-framework,Python
src/writer/wf_project.py,11,callable,ok,src.writer.wf_project.write_files_async,src.writer.wf_project.write_files_async,dd140483b1b2a86b48116e7e946405b1e1f04e67,2024-11-11T21:45:24+01:00,cc212baeceb09e89fe753b243991a0108558734b,2025-04-30T11:22:26Z,2,619,0.125,,,False,False,2,0,187.19,0.0,0.010684190057396606,,460609164.0,writer/writer-framework,Python
src/writer/wf_project.py,12,callable,ok,src.writer.wf_project.start_process_write_files_async,src.writer.wf_project.start_process_write_files_async,dd140483b1b2a86b48116e7e946405b1e1f04e67,2024-11-11T21:45:24+01:00,c3e71e451e85edfc1c3ee6cf6608ff58a40781cf,2024-11-21T09:02:14+01:00,2,619,0.125,,,False,False,2,0,187.19,0.0,0.010684190057396606,,460609164.0,writer/writer-framework,Python
src/writer/wf_project.py,13,callable,ok,src.writer.wf_project.shutdown_process_write_files_async,src.writer.wf_project.shutdown_process_write_files_async,dd140483b1b2a86b48116e7e946405b1e1f04e67,2024-11-11T21:45:24+01:00,c3e71e451e85edfc1c3ee6cf6608ff58a40781cf,2024-11-21T09:02:14+01:00,2,619,0.2,,,False,False,2,0,187.19,0.0,0.010684190057396606,,460609164.0,writer/writer-framework,Python
src/writer/wf_project.py,14,callable,ok,src.writer.wf_project._start_process_write_files_async_process,src.writer.wf_project._start_process_write_files_async_process,dd140483b1b2a86b48116e7e946405b1e1f04e67,2024-11-11T21:45:24+01:00,c3e71e451e85edfc1c3ee6cf6608ff58a40781cf,2024-11-21T09:02:14+01:00,2,619,0.13333333333333333,,,False,False,2,0,187.19,0.0,0.010684190057396606,,460609164.0,writer/writer-framework,Python
src/writer/wf_project.py,15,callable,ok,src.writer.wf_project.is_project,src.writer.wf_project.is_project,1fa4347ddf8fe8cfa07e33fe2ed0a7c67e67459a,2024-11-24T14:53:13+01:00,e8bca3efb97ba70a1372c670b28e8b7d75299e47,2025-05-05T10:25:13+02:00,2,607,0.2,,,False,False,2,0,174.48,0.0,0.011462716221952414,,460609164.0,writer/writer-framework,Python
src/writer/wf_project.py,16,callable,ok,src.writer.wf_project.can_create_project,src.writer.wf_project.can_create_project,1fa4347ddf8fe8cfa07e33fe2ed0a7c67e67459a,2024-11-24T14:53:13+01:00,1fa4347ddf8fe8cfa07e33fe2ed0a7c67e67459a,2024-11-24T14:53:13+01:00,1,607,0.07142857142857142,,,False,False,1,0,174.48,0.0,0.005731358110976207,,460609164.0,writer/writer-framework,Python
src/writer/wf_project.py,17,callable,ok,src.writer.wf_project.build_source_files,src.writer.wf_project.build_source_files,315296e684b976070cbf313fbaeebecca6b203bd,2025-01-07T13:06:06+01:00,6fd143efa25dc2d0e0dbbebe189b675e68c97342,2025-05-29T13:51:57-07:00,7,563,0.11666666666666667,1.4191878495956631,,False,False,5,2,130.55,11.81,0.038298592136660724,0.1693183076399987,460609164.0,writer/writer-framework,Python
src/writer/wf_project.py,18,callable,ok,src.writer.wf_project.create_default_blueprints_root,src.writer.wf_project.create_default_blueprints_root,cc212baeceb09e89fe753b243991a0108558734b,2025-04-30T11:22:26Z,e3773a58dc844650e00452f1e8e34b71a6c29bad,2025-04-30T12:02:16Z,2,450,0.2857142857142857,,,False,False,2,0,17.58,0.0,0.11374347686426085,,460609164.0,writer/writer-framework,Python
src/writer/wf_project.py,19,callable,ok,src.writer.wf_project._has_file_hash_changed,src.writer.wf_project._has_file_hash_changed,67c03d7e279b96a79509e789f0606d2b48ab33e7,2025-05-05T10:28:34+02:00,67c03d7e279b96a79509e789f0606d2b48ab33e7,2025-05-05T10:28:34+02:00,1,445,0.09090909090909091,,,False,False,1,0,12.7,0.0,0.0787143325680551,,460609164.0,writer/writer-framework,Python
tests/backend/blocks/conftest.py,1,class,ok,tests.backend.blocks.conftest.BlockTesterMockWorkflowRunner,tests.backend.blocks.conftest.BlockTesterMockWorkflowRunner,e43b97fc402fb6c9618a78b0e28ae43a95eadb39,2024-11-21T15:42:16Z,0221ce9d8728ee112c5d1bc8c4168e1547c79a96,2025-03-13T17:11:35Z,3,112,0.09090909090909091,0.6338296378325965,,True,False,3,0,177.4,0.0,0.016910651087468385,,460609164.0,writer/writer-framework,Python
tests/backend/blocks/conftest.py,0,class,ok,tests.backend.blocks.conftest.BlockTesterMockSession,tests.backend.blocks.conftest.BlockTesterMockSession,e43b97fc402fb6c9618a78b0e28ae43a95eadb39,2024-11-21T15:42:16Z,bc5f24ee4c2ee38681228739be8f6d8845ba0d73,2025-03-13T12:46:11Z,2,610,0.18181818181818182,,,False,False,2,0,177.4,0.0,0.01127376739164559,,460609164.0,writer/writer-framework,Python
tests/backend/blocks/conftest.py,2,class,ok,tests.backend.blocks.conftest.BlockTesterMockBlueprintRunner,tests.backend.blocks.conftest.BlockTesterMockBlueprintRunner,66f1882af22915fb82719006ed59b99aecf7cea6,2025-04-04T11:21:31Z,614ec538d7b42108c088f65a3f4f7e7e1e66f279,2025-06-16T15:27:59Z,2,476,0.06060606060606061,,,False,False,1,1,43.58,29.59,0.022944166804092666,0.033798519358845217,460609164.0,writer/writer-framework,Python
tests/backend/blocks/conftest.py,6,callable,ok,tests.backend.blocks.conftest.BlockTesterMockWorkflowRunner.run_workflow_by_key,tests.backend.blocks.conftest.BlockTesterMockWorkflowRunner.run_workflow_by_key,e43b97fc402fb6c9618a78b0e28ae43a95eadb39,2024-11-21T15:42:16Z,fd6c6d6211a2faf04137188d5c2fdb95f1893cfc,2024-12-09T14:29:00+01:00,2,17,0.13333333333333333,,,True,False,2,0,177.4,0.0,0.01127376739164559,,460609164.0,writer/writer-framework,Python
tests/backend/blocks/conftest.py,4,callable,ok,tests.backend.blocks.conftest.BlockTesterMockWorkflowRunner.__init__,tests.backend.blocks.conftest.BlockTesterMockBlueprintRunner.__init__,e43b97fc402fb6c9618a78b0e28ae43a95eadb39,2024-11-21T15:42:16Z,66f1882af22915fb82719006ed59b99aecf7cea6,2025-04-04T11:21:31Z,2,133,1.0,,,True,True,2,0,177.4,0.0,0.01127376739164559,,460609164.0,writer/writer-framework,Python
tests/backend/blocks/conftest.py,5,callable,ok,tests.backend.blocks.conftest.BlockTesterMockWorkflowRunner.run_branch,tests.backend.blocks.conftest.BlockTesterMockBlueprintRunner.run_branch,e43b97fc402fb6c9618a78b0e28ae43a95eadb39,2024-11-21T15:42:16Z,66f1882af22915fb82719006ed59b99aecf7cea6,2025-04-04T11:21:31Z,3,133,0.375,0.6404570746924105,,True,True,3,0,177.4,0.0,0.016910651087468385,,460609164.0,writer/writer-framework,Python
tests/backend/blocks/conftest.py,7,callable,ok,tests.backend.blocks.conftest.BlockTesterMockWorkflowRunner.run_branch_pool,tests.backend.blocks.conftest.BlockTesterMockBlueprintRunner.run_branch_pool,0221ce9d8728ee112c5d1bc8c4168e1547c79a96,2025-03-13T17:11:35Z,66f1882af22915fb82719006ed59b99aecf7cea6,2025-04-04T11:21:31Z,2,21,0.5,,,True,True,2,0,65.34,0.0,0.03060867150040413,,460609164.0,writer/writer-framework,Python
tests/backend/blocks/conftest.py,10,callable,ok,tests.backend.blocks.conftest.BlockTesterMockBlueprintRunner.run_branch_pool,tests.backend.blocks.conftest.BlockTesterMockBlueprintRunner.run_branch_batch,e91bb95aa6d7a6bfbacad6b5a41454b4633c5872,2025-04-04T11:25:38Z,614ec538d7b42108c088f65a3f4f7e7e1e66f279,2025-06-16T15:27:59Z,2,73,0.5,,,True,True,1,1,43.58,29.59,0.02294567187264302,0.033798519358845217,460609164.0,writer/writer-framework,Python
tests/backend/blocks/conftest.py,0,callable,ok,tests.backend.blocks.conftest.session,tests.backend.blocks.conftest.session,e43b97fc402fb6c9618a78b0e28ae43a95eadb39,2024-11-21T15:42:16Z,e43b97fc402fb6c9618a78b0e28ae43a95eadb39,2024-11-21T15:42:16Z,1,610,0.5,,,False,False,1,0,177.4,0.0,0.005636883695822795,,460609164.0,writer/writer-framework,Python
tests/backend/blocks/conftest.py,1,callable,ok,tests.backend.blocks.conftest.runner,tests.backend.blocks.conftest.runner,e43b97fc402fb6c9618a78b0e28ae43a95eadb39,2024-11-21T15:42:16Z,66f1882af22915fb82719006ed59b99aecf7cea6,2025-04-04T11:21:31Z,2,610,1.0,,,False,False,2,0,177.4,0.0,0.01127376739164559,,460609164.0,writer/writer-framework,Python
tests/backend/blocks/conftest.py,2,callable,ok,tests.backend.blocks.conftest.BlockTesterMockSession.__init__,tests.backend.blocks.conftest.BlockTesterMockSession.__init__,e43b97fc402fb6c9618a78b0e28ae43a95eadb39,2024-11-21T15:42:16Z,e43b97fc402fb6c9618a78b0e28ae43a95eadb39,2024-11-21T15:42:16Z,1,610,0.2,,,False,False,1,0,177.4,0.0,0.005636883695822795,,460609164.0,writer/writer-framework,Python
tests/backend/blocks/conftest.py,3,callable,ok,tests.backend.blocks.conftest.BlockTesterMockSession.add_fake_component,tests.backend.blocks.conftest.BlockTesterMockSession.add_fake_component,e43b97fc402fb6c9618a78b0e28ae43a95eadb39,2024-11-21T15:42:16Z,bc5f24ee4c2ee38681228739be8f6d8845ba0d73,2025-03-13T12:46:11Z,2,610,0.5,,,False,False,2,0,177.4,0.0,0.01127376739164559,,460609164.0,writer/writer-framework,Python
tests/backend/blocks/conftest.py,8,callable,ok,tests.backend.blocks.conftest.BlockTesterMockBlueprintRunner.run_blueprint_by_key,tests.backend.blocks.conftest.BlockTesterMockBlueprintRunner.run_blueprint_by_key,66f1882af22915fb82719006ed59b99aecf7cea6,2025-04-04T11:21:31Z,66f1882af22915fb82719006ed59b99aecf7cea6,2025-04-04T11:21:31Z,1,476,0.06666666666666667,,,False,False,1,0,43.58,0.0,0.022944166804092666,,460609164.0,writer/writer-framework,Python
tests/backend/blocks/conftest.py,9,callable,ok,tests.backend.blocks.conftest.BlockTesterMockBlueprintRunner.__init__,tests.backend.blocks.conftest.BlockTesterMockBlueprintRunner.__init__,e91bb95aa6d7a6bfbacad6b5a41454b4633c5872,2025-04-04T11:25:38Z,e91bb95aa6d7a6bfbacad6b5a41454b4633c5872,2025-04-04T11:25:38Z,1,476,0.5,,,False,False,1,0,43.58,0.0,0.02294567187264302,,460609164.0,writer/writer-framework,Python
tests/backend/blocks/conftest.py,11,callable,ok,tests.backend.blocks.conftest.BlockTesterMockBlueprintRunner.run_branch,tests.backend.blocks.conftest.BlockTesterMockBlueprintRunner.run_branch,e91bb95aa6d7a6bfbacad6b5a41454b4633c5872,2025-04-04T11:25:38Z,e91bb95aa6d7a6bfbacad6b5a41454b4633c5872,2025-04-04T11:25:38Z,1,476,0.125,,,False,False,1,0,43.58,0.0,0.02294567187264302,,460609164.0,writer/writer-framework,Python
tests/backend/blocks/conftest.py,12,callable,ok,tests.backend.blocks.conftest.fake_client,tests.backend.blocks.conftest.fake_client,35972a47ab70a4a78ce5c8c6097c90df95f124d0,2025-04-24T13:04:24+03:00,35972a47ab70a4a78ce5c8c6097c90df95f124d0,2025-04-24T13:04:24+03:00,1,456,0.07692307692307693,,,False,False,1,0,23.64,0.0,0.04230545123366417,,460609164.0,writer/writer-framework,Python
tests/backend/blocks/test_addtostatelist.py,0,callable,ok,tests.backend.blocks.test_addtostatelist.test_empty_list,tests.backend.blocks.test_addtostatelist.test_empty_list,e43b97fc402fb6c9618a78b0e28ae43a95eadb39,2024-11-21T15:42:16Z,bc5f24ee4c2ee38681228739be8f6d8845ba0d73,2025-03-13T12:46:11Z,2,610,0.3333333333333333,,,False,False,2,0,177.4,0.0,0.01127376739164559,,460609164.0,writer/writer-framework,Python
tests/backend/blocks/test_addtostatelist.py,1,callable,ok,tests.backend.blocks.test_addtostatelist.test_non_empty_list,tests.backend.blocks.test_addtostatelist.test_non_empty_list,e43b97fc402fb6c9618a78b0e28ae43a95eadb39,2024-11-21T15:42:16Z,bc5f24ee4c2ee38681228739be8f6d8845ba0d73,2025-03-13T12:46:11Z,2,610,0.2857142857142857,,,False,False,2,0,177.4,0.0,0.01127376739164559,,460609164.0,writer/writer-framework,Python
tests/backend/blocks/test_addtostatelist.py,2,callable,ok,tests.backend.blocks.test_addtostatelist.test_non_list_element,tests.backend.blocks.test_addtostatelist.test_non_list_element,e43b97fc402fb6c9618a78b0e28ae43a95eadb39,2024-11-21T15:42:16Z,bc5f24ee4c2ee38681228739be8f6d8845ba0d73,2025-03-13T12:46:11Z,2,610,0.2857142857142857,,,False,False,2,0,177.4,0.0,0.01127376739164559,,460609164.0,writer/writer-framework,Python
tests/backend/blocks/test_base_block.py,0,callable,ok,tests.backend.blocks.test_base_block.test_get_field,tests.backend.blocks.test_base_block.test_get_field,e43b97fc402fb6c9618a78b0e28ae43a95eadb39,2024-11-21T15:42:16Z,66f1882af22915fb82719006ed59b99aecf7cea6,2025-04-04T11:21:31Z,4,610,0.2222222222222222,0.6449117469063962,,False,False,4,0,177.4,0.0,0.02254753478329118,,460609164.0,writer/writer-framework,Python
tests/backend/blocks/test_base_block.py,1,callable,ok,tests.backend.blocks.test_base_block.test_set_state,tests.backend.blocks.test_base_block.test_set_state,e43b97fc402fb6c9618a78b0e28ae43a95eadb39,2024-11-21T15:42:16Z,66f1882af22915fb82719006ed59b99aecf7cea6,2025-04-04T11:21:31Z,4,610,0.17391304347826086,0.6449117469063962,,False,False,4,0,177.4,0.0,0.02254753478329118,,460609164.0,writer/writer-framework,Python
tests/backend/blocks/test_calleventhandler.py,0,class,ok,tests.backend.blocks.test_calleventhandler.MockHandlerRegistry,tests.backend.blocks.test_calleventhandler.MockHandlerRegistry,e43b97fc402fb6c9618a78b0e28ae43a95eadb39,2024-11-21T15:42:16Z,e43b97fc402fb6c9618a78b0e28ae43a95eadb39,2024-11-21T15:42:16Z,1,610,0.125,,,False,False,1,0,177.4,0.0,0.005636883695822795,,460609164.0,writer/writer-framework,Python
tests/backend/blocks/test_calleventhandler.py,1,class,ok,tests.backend.blocks.test_calleventhandler.MockAppProcess,tests.backend.blocks.test_calleventhandler.MockAppProcess,e43b97fc402fb6c9618a78b0e28ae43a95eadb39,2024-11-21T15:42:16Z,e43b97fc402fb6c9618a78b0e28ae43a95eadb39,2024-11-21T15:42:16Z,1,610,0.25,,,False,False,1,0,177.4,0.0,0.005636883695822795,,460609164.0,writer/writer-framework,Python
tests/backend/blocks/test_calleventhandler.py,0,callable,ok,tests.backend.blocks.test_calleventhandler.valid_handler,tests.backend.blocks.test_calleventhandler.valid_handler,e43b97fc402fb6c9618a78b0e28ae43a95eadb39,2024-11-21T15:42:16Z,e43b97fc402fb6c9618a78b0e28ae43a95eadb39,2024-11-21T15:42:16Z,1,610,0.3333333333333333,,,False,False,1,0,177.4,0.0,0.005636883695822795,,460609164.0,writer/writer-framework,Python
tests/backend/blocks/test_calleventhandler.py,1,callable,ok,tests.backend.blocks.test_calleventhandler.invalid_handler,tests.backend.blocks.test_calleventhandler.invalid_handler,e43b97fc402fb6c9618a78b0e28ae43a95eadb39,2024-11-21T15:42:16Z,e43b97fc402fb6c9618a78b0e28ae43a95eadb39,2024-11-21T15:42:16Z,1,610,0.3333333333333333,,,False,False,1,0,177.4,0.0,0.005636883695822795,,460609164.0,writer/writer-framework,Python
tests/backend/blocks/test_calleventhandler.py,2,callable,ok,tests.backend.blocks.test_calleventhandler.test_call_event_handler,tests.backend.blocks.test_calleventhandler.test_call_event_handler,e43b97fc402fb6c9618a78b0e28ae43a95eadb39,2024-11-21T15:42:16Z,bc5f24ee4c2ee38681228739be8f6d8845ba0d73,2025-03-13T12:46:11Z,3,610,0.375,0.6975121882727097,,False,False,3,0,177.4,0.0,0.016910651087468385,,460609164.0,writer/writer-framework,Python
tests/backend/blocks/test_calleventhandler.py,3,callable,ok,tests.backend.blocks.test_calleventhandler.test_invalid_json,tests.backend.blocks.test_calleventhandler.test_invalid_json,e43b97fc402fb6c9618a78b0e28ae43a95eadb39,2024-11-21T15:42:16Z,bc5f24ee4c2ee38681228739be8f6d8845ba0d73,2025-03-13T12:46:11Z,3,610,0.375,0.6975121882727097,,False,False,3,0,177.4,0.0,0.016910651087468385,,460609164.0,writer/writer-framework,Python
tests/backend/blocks/test_calleventhandler.py,4,callable,ok,tests.backend.blocks.test_calleventhandler.MockHandlerRegistry.find_handler_callable,tests.backend.blocks.test_calleventhandler.MockHandlerRegistry.find_handler_callable,e43b97fc402fb6c9618a78b0e28ae43a95eadb39,2024-11-21T15:42:16Z,e43b97fc402fb6c9618a78b0e28ae43a95eadb39,2024-11-21T15:42:16Z,1,610,0.16666666666666666,,,False,False,1,0,177.4,0.0,0.005636883695822795,,460609164.0,writer/writer-framework,Python
tests/backend/blocks/test_calleventhandler.py,5,callable,ok,tests.backend.blocks.test_calleventhandler.MockAppProcess.__init__,tests.backend.blocks.test_calleventhandler.MockAppProcess.__init__,e43b97fc402fb6c9618a78b0e28ae43a95eadb39,2024-11-21T15:42:16Z,e43b97fc402fb6c9618a78b0e28ae43a95eadb39,2024-11-21T15:42:16Z,1,610,0.5,,,False,False,1,0,177.4,0.0,0.005636883695822795,,460609164.0,writer/writer-framework,Python
tests/backend/blocks/test_changepage.py,0,callable,ok,tests.backend.blocks.test_changepage.test_change_page,tests.backend.blocks.test_changepage.test_change_page,94a0d3ebc387435f51ba02dab4a7c5ea66e965b9,2025-03-02T14:57:00Z,bc5f24ee4c2ee38681228739be8f6d8845ba0d73,2025-03-13T12:46:11Z,2,509,0.2,,,False,False,2,0,76.43,0.0,0.026166221527955915,,460609164.0,writer/writer-framework,Python
tests/backend/blocks/test_code.py,0,callable,ok,tests.backend.blocks.test_code.test_run_code,tests.backend.blocks.test_code.test_run_code,b0f32e40a7d957f327ad67f085ecef578a06ed03,2025-02-21T15:57:11Z,bc5f24ee4c2ee38681228739be8f6d8845ba0d73,2025-03-13T12:46:11Z,3,518,0.1875,0.9989236696948047,,False,False,3,0,85.39,0.0,0.035131838594683086,,460609164.0,writer/writer-framework,Python
tests/backend/blocks/test_code.py,1,callable,ok,tests.backend.blocks.test_code.test_run_invalid_code,tests.backend.blocks.test_code.test_run_invalid_code,b0f32e40a7d957f327ad67f085ecef578a06ed03,2025-02-21T15:57:11Z,bc5f24ee4c2ee38681228739be8f6d8845ba0d73,2025-03-13T12:46:11Z,2,518,0.125,,,False,False,2,0,85.39,0.0,0.023421225729788723,,460609164.0,writer/writer-framework,Python
tests/backend/blocks/test_foreach.py,1,callable,ok,tests.backend.blocks.test_foreach.test_list_of_dict,tests.backend.blocks.test_foreach.test_list_of_dict,e43b97fc402fb6c9618a78b0e28ae43a95eadb39,2024-11-21T15:42:16Z,bc5f24ee4c2ee38681228739be8f6d8845ba0d73,2025-03-13T12:46:11Z,2,111,0.3333333333333333,,,True,False,2,0,177.4,0.0,0.01127376739164559,,460609164.0,writer/writer-framework,Python
tests/backend/blocks/test_foreach.py,3,callable,ok,tests.backend.blocks.test_foreach.test_workflow_that_does_not_exist,tests.backend.blocks.test_foreach.test_workflow_that_does_not_exist,e43b97fc402fb6c9618a78b0e28ae43a95eadb39,2024-11-21T15:42:16Z,bc5f24ee4c2ee38681228739be8f6d8845ba0d73,2025-03-13T12:46:11Z,2,111,0.25,,,True,False,2,0,177.4,0.0,0.01127376739164559,,460609164.0,writer/writer-framework,Python
tests/backend/blocks/test_foreach.py,4,callable,ok,tests.backend.blocks.test_foreach.test_duplicator,tests.backend.blocks.test_foreach.test_duplicator,e43b97fc402fb6c9618a78b0e28ae43a95eadb39,2024-11-21T15:42:16Z,bc5f24ee4c2ee38681228739be8f6d8845ba0d73,2025-03-13T12:46:11Z,2,111,0.25,,,True,False,2,0,177.4,0.0,0.01127376739164559,,460609164.0,writer/writer-framework,Python
tests/backend/blocks/test_foreach.py,0,callable,ok,tests.backend.blocks.test_foreach.test_basic_list,tests.backend.blocks.test_foreach.test_basic_list,e43b97fc402fb6c9618a78b0e28ae43a95eadb39,2024-11-21T15:42:16Z,0221ce9d8728ee112c5d1bc8c4168e1547c79a96,2025-03-13T17:11:35Z,3,610,0.42857142857142855,0.017580731948887426,,False,False,3,0,177.4,0.0,0.016910651087468385,,460609164.0,writer/writer-framework,Python
tests/backend/blocks/test_foreach.py,2,callable,ok,tests.backend.blocks.test_foreach.test_basic_dict,tests.backend.blocks.test_foreach.test_basic_dict,e43b97fc402fb6c9618a78b0e28ae43a95eadb39,2024-11-21T15:42:16Z,0221ce9d8728ee112c5d1bc8c4168e1547c79a96,2025-03-13T17:11:35Z,3,610,0.42857142857142855,0.017580731948887426,,False,False,3,0,177.4,0.0,0.016910651087468385,,460609164.0,writer/writer-framework,Python
tests/backend/blocks/test_httprequest.py,0,class,ok,tests.backend.blocks.test_httprequest.FakeResponse,tests.backend.blocks.test_httprequest.FakeResponse,e43b97fc402fb6c9618a78b0e28ae43a95eadb39,2024-11-21T15:42:16Z,35972a47ab70a4a78ce5c8c6097c90df95f124d0,2025-04-24T13:04:24+03:00,3,610,0.3333333333333333,0.6979417136545545,,False,False,3,0,177.4,0.0,0.016910651087468385,,460609164.0,writer/writer-framework,Python
tests/backend/blocks/test_httprequest.py,1,class,ok,tests.backend.blocks.test_httprequest.FakeRequest,tests.backend.blocks.test_httprequest.FakeRequest,ca82cbeee03e4e9c6ffb13921ca2551931dc7114,2025-03-26T11:06:24Z,35972a47ab70a4a78ce5c8c6097c90df95f124d0,2025-04-24T13:04:24+03:00,2,485,0.3333333333333333,,,False,False,2,0,52.59,0.0,0.038026746358520915,,460609164.0,writer/writer-framework,Python
tests/backend/blocks/test_httprequest.py,0,callable,ok,tests.backend.blocks.test_httprequest.fake_request,tests.backend.blocks.test_httprequest.fake_request,e43b97fc402fb6c9618a78b0e28ae43a95eadb39,2024-11-21T15:42:16Z,35972a47ab70a4a78ce5c8c6097c90df95f124d0,2025-04-24T13:04:24+03:00,2,610,0.09523809523809523,,,False,False,2,0,177.4,0.0,0.01127376739164559,,460609164.0,writer/writer-framework,Python
tests/backend/blocks/test_httprequest.py,1,callable,ok,tests.backend.blocks.test_httprequest.test_actual_request,tests.backend.blocks.test_httprequest.test_actual_request,e43b97fc402fb6c9618a78b0e28ae43a95eadb39,2024-11-21T15:42:16Z,bc5f24ee4c2ee38681228739be8f6d8845ba0d73,2025-03-13T12:46:11Z,2,610,0.3333333333333333,,,False,False,2,0,177.4,0.0,0.01127376739164559,,460609164.0,writer/writer-framework,Python
tests/backend/blocks/test_httprequest.py,2,callable,ok,tests.backend.blocks.test_httprequest.test_actual_failing_request,tests.backend.blocks.test_httprequest.test_actual_failing_request,e43b97fc402fb6c9618a78b0e28ae43a95eadb39,2024-11-21T15:42:16Z,35972a47ab70a4a78ce5c8c6097c90df95f124d0,2025-04-24T13:04:24+03:00,3,610,0.375,0.8449055435713593,,False,False,3,0,177.4,0.0,0.016910651087468385,,460609164.0,writer/writer-framework,Python
tests/backend/blocks/test_httprequest.py,3,callable,ok,tests.backend.blocks.test_httprequest.test_actual_request_with_bad_path,tests.backend.blocks.test_httprequest.test_actual_request_with_bad_path,e43b97fc402fb6c9618a78b0e28ae43a95eadb39,2024-11-21T15:42:16Z,bc5f24ee4c2ee38681228739be8f6d8845ba0d73,2025-03-13T12:46:11Z,2,610,0.3333333333333333,,,False,False,2,0,177.4,0.0,0.01127376739164559,,460609164.0,writer/writer-framework,Python
tests/backend/blocks/test_httprequest.py,4,callable,ok,tests.backend.blocks.test_httprequest.test_patched_request,tests.backend.blocks.test_httprequest.test_patched_request,e43b97fc402fb6c9618a78b0e28ae43a95eadb39,2024-11-21T15:42:16Z,35972a47ab70a4a78ce5c8c6097c90df95f124d0,2025-04-24T13:04:24+03:00,4,610,0.5714285714285714,1.306873224979818,,False,False,4,0,177.4,0.0,0.02254753478329118,,460609164.0,writer/writer-framework,Python
tests/backend/blocks/test_httprequest.py,5,callable,ok,tests.backend.blocks.test_httprequest.test_patched_request_to_nowhere,tests.backend.blocks.test_httprequest.test_patched_request_to_nowhere,e43b97fc402fb6c9618a78b0e28ae43a95eadb39,2024-11-21T15:42:16Z,35972a47ab70a4a78ce5c8c6097c90df95f124d0,2025-04-24T13:04:24+03:00,4,610,0.5714285714285714,1.306873224979818,,False,False,4,0,177.4,0.0,0.02254753478329118,,460609164.0,writer/writer-framework,Python
tests/backend/blocks/test_httprequest.py,6,callable,ok,tests.backend.blocks.test_httprequest.test_patched_request_with_json,tests.backend.blocks.test_httprequest.test_patched_request_with_json,e43b97fc402fb6c9618a78b0e28ae43a95eadb39,2024-11-21T15:42:16Z,35972a47ab70a4a78ce5c8c6097c90df95f124d0,2025-04-24T13:04:24+03:00,4,610,0.4,1.306873224979818,,False,False,4,0,177.4,0.0,0.02254753478329118,,460609164.0,writer/writer-framework,Python
tests/backend/blocks/test_httprequest.py,7,callable,ok,tests.backend.blocks.test_httprequest.test_patched_request_with_json_and_bad_path,tests.backend.blocks.test_httprequest.test_patched_request_with_json_and_bad_path,e43b97fc402fb6c9618a78b0e28ae43a95eadb39,2024-11-21T15:42:16Z,35972a47ab70a4a78ce5c8c6097c90df95f124d0,2025-04-24T13:04:24+03:00,4,610,0.2857142857142857,1.306873224979818,,False,False,4,0,177.4,0.0,0.02254753478329118,,460609164.0,writer/writer-framework,Python
tests/backend/blocks/test_httprequest.py,8,callable,ok,tests.backend.blocks.test_httprequest.FakeResponse.__init__,tests.backend.blocks.test_httprequest.FakeResponse.__init__,e43b97fc402fb6c9618a78b0e28ae43a95eadb39,2024-11-21T15:42:16Z,35972a47ab70a4a78ce5c8c6097c90df95f124d0,2025-04-24T13:04:24+03:00,3,610,0.375,0.6979417136545545,,False,False,3,0,177.4,0.0,0.016910651087468385,,460609164.0,writer/writer-framework,Python
tests/backend/blocks/test_httprequest.py,9,callable,ok,tests.backend.blocks.test_httprequest.FakeRequest.__init__,tests.backend.blocks.test_httprequest.FakeRequest.__init__,ca82cbeee03e4e9c6ffb13921ca2551931dc7114,2025-03-26T11:06:24Z,35972a47ab70a4a78ce5c8c6097c90df95f124d0,2025-04-24T13:04:24+03:00,2,485,0.4,,,False,False,2,0,52.59,0.0,0.038026746358520915,,460609164.0,writer/writer-framework,Python
tests/backend/blocks/test_logmessage.py,0,callable,ok,tests.backend.blocks.test_logmessage.test_log_message,tests.backend.blocks.test_logmessage.test_log_message,e43b97fc402fb6c9618a78b0e28ae43a95eadb39,2024-11-21T15:42:16Z,bc5f24ee4c2ee38681228739be8f6d8845ba0d73,2025-03-13T12:46:11Z,2,610,0.125,,,False,False,2,0,177.4,0.0,0.01127376739164559,,460609164.0,writer/writer-framework,Python
tests/backend/blocks/test_logmessage.py,1,callable,ok,tests.backend.blocks.test_logmessage.test_log_message_with_template,tests.backend.blocks.test_logmessage.test_log_message_with_template,e43b97fc402fb6c9618a78b0e28ae43a95eadb39,2024-11-21T15:42:16Z,bc5f24ee4c2ee38681228739be8f6d8845ba0d73,2025-03-13T12:46:11Z,2,610,0.11764705882352941,,,False,False,2,0,177.4,0.0,0.01127376739164559,,460609164.0,writer/writer-framework,Python
tests/backend/blocks/test_logmessage.py,2,callable,ok,tests.backend.blocks.test_logmessage.test_log_error_message,tests.backend.blocks.test_logmessage.test_log_error_message,e43b97fc402fb6c9618a78b0e28ae43a95eadb39,2024-11-21T15:42:16Z,bc5f24ee4c2ee38681228739be8f6d8845ba0d73,2025-03-13T12:46:11Z,2,610,0.11764705882352941,,,False,False,2,0,177.4,0.0,0.01127376739164559,,460609164.0,writer/writer-framework,Python
tests/backend/blocks/test_logmessage.py,3,callable,ok,tests.backend.blocks.test_logmessage.test_empty_message,tests.backend.blocks.test_logmessage.test_empty_message,e43b97fc402fb6c9618a78b0e28ae43a95eadb39,2024-11-21T15:42:16Z,bc5f24ee4c2ee38681228739be8f6d8845ba0d73,2025-03-13T12:46:11Z,2,610,0.16666666666666666,,,False,False,2,0,177.4,0.0,0.01127376739164559,,460609164.0,writer/writer-framework,Python
tests/backend/blocks/test_parsejson.py,0,callable,ok,tests.backend.blocks.test_parsejson.test_valid_json,tests.backend.blocks.test_parsejson.test_valid_json,396b781cf95331536840a883ca7b98dceb871d7c,2024-11-19T09:35:34Z,bc5f24ee4c2ee38681228739be8f6d8845ba0d73,2025-03-13T12:46:11Z,3,612,0.5,0.14006112921863384,,False,False,3,0,179.66,0.0,0.016698427178236382,,460609164.0,writer/writer-framework,Python
tests/backend/blocks/test_parsejson.py,1,callable,ok,tests.backend.blocks.test_parsejson.test_invalid_json,tests.backend.blocks.test_parsejson.test_invalid_json,e43b97fc402fb6c9618a78b0e28ae43a95eadb39,2024-11-21T15:42:16Z,bc5f24ee4c2ee38681228739be8f6d8845ba0d73,2025-03-13T12:46:11Z,2,610,0.2857142857142857,,,False,False,2,0,177.4,0.0,0.01127376739164559,,460609164.0,writer/writer-framework,Python
tests/backend/blocks/test_returnvalue.py,0,callable,ok,tests.backend.blocks.test_returnvalue.test_basic_return,tests.backend.blocks.test_returnvalue.test_basic_return,e43b97fc402fb6c9618a78b0e28ae43a95eadb39,2024-11-21T15:42:16Z,bc5f24ee4c2ee38681228739be8f6d8845ba0d73,2025-03-13T12:46:11Z,2,610,0.16666666666666666,,,False,False,2,0,177.4,0.0,0.01127376739164559,,460609164.0,writer/writer-framework,Python
tests/backend/blocks/test_returnvalue.py,1,callable,ok,tests.backend.blocks.test_returnvalue.test_empty_return,tests.backend.blocks.test_returnvalue.test_empty_return,e43b97fc402fb6c9618a78b0e28ae43a95eadb39,2024-11-21T15:42:16Z,bc5f24ee4c2ee38681228739be8f6d8845ba0d73,2025-03-13T12:46:11Z,2,610,0.16666666666666666,,,False,False,2,0,177.4,0.0,0.01127376739164559,,460609164.0,writer/writer-framework,Python
tests/backend/blocks/test_runblueprint.py,0,callable,ok,tests.backend.blocks.test_runblueprint.test_workflow_that_does_not_exist,tests.backend.blocks.test_runblueprint.test_workflow_that_does_not_exist,4c560df0d1b3c9454f877d7c4a6aedb0f5684153,2025-04-04T11:16:48Z,4c560df0d1b3c9454f877d7c4a6aedb0f5684153,2025-04-04T11:16:48Z,1,476,0.1,,,False,False,1,0,43.59,0.0,0.02294244261601202,,460609164.0,writer/writer-framework,Python
tests/backend/blocks/test_runblueprint.py,1,callable,ok,tests.backend.blocks.test_runblueprint.test_duplicator,tests.backend.blocks.test_runblueprint.test_duplicator,4c560df0d1b3c9454f877d7c4a6aedb0f5684153,2025-04-04T11:16:48Z,4c560df0d1b3c9454f877d7c4a6aedb0f5684153,2025-04-04T11:16:48Z,1,476,0.14285714285714285,,,False,False,1,0,43.59,0.0,0.02294244261601202,,460609164.0,writer/writer-framework,Python
tests/backend/blocks/test_runblueprint.py,2,callable,ok,tests.backend.blocks.test_runblueprint.test_bad_workflow,tests.backend.blocks.test_runblueprint.test_bad_workflow,4c560df0d1b3c9454f877d7c4a6aedb0f5684153,2025-04-04T11:16:48Z,4c560df0d1b3c9454f877d7c4a6aedb0f5684153,2025-04-04T11:16:48Z,1,476,0.16666666666666666,,,False,False,1,0,43.59,0.0,0.02294244261601202,,460609164.0,writer/writer-framework,Python
tests/backend/blocks/test_setstate.py,0,callable,ok,tests.backend.blocks.test_setstate.test_basic_assignment,tests.backend.blocks.test_setstate.test_basic_assignment,e43b97fc402fb6c9618a78b0e28ae43a95eadb39,2024-11-21T15:42:16Z,66f1882af22915fb82719006ed59b99aecf7cea6,2025-04-04T11:21:31Z,3,610,0.42857142857142855,0.6437039639345894,,False,False,3,0,177.4,0.0,0.016910651087468385,,460609164.0,writer/writer-framework,Python
tests/backend/blocks/test_setstate.py,1,callable,ok,tests.backend.blocks.test_setstate.test_nested_assignment_without_parent,tests.backend.blocks.test_setstate.test_nested_assignment_without_parent,e43b97fc402fb6c9618a78b0e28ae43a95eadb39,2024-11-21T15:42:16Z,66f1882af22915fb82719006ed59b99aecf7cea6,2025-04-04T11:21:31Z,3,610,0.3333333333333333,0.6437039639345894,,False,False,3,0,177.4,0.0,0.016910651087468385,,460609164.0,writer/writer-framework,Python
tests/backend/blocks/test_setstate.py,2,callable,ok,tests.backend.blocks.test_setstate.test_nested_assignment_with_parent,tests.backend.blocks.test_setstate.test_nested_assignment_with_parent,e43b97fc402fb6c9618a78b0e28ae43a95eadb39,2024-11-21T15:42:16Z,bc5f24ee4c2ee38681228739be8f6d8845ba0d73,2025-03-13T12:46:11Z,2,610,0.2,,,False,False,2,0,177.4,0.0,0.01127376739164559,,460609164.0,writer/writer-framework,Python
tests/backend/blocks/test_setstate.py,3,callable,ok,tests.backend.blocks.test_setstate.test_assignment_with_empty_element,tests.backend.blocks.test_setstate.test_assignment_with_empty_element,e43b97fc402fb6c9618a78b0e28ae43a95eadb39,2024-11-21T15:42:16Z,66f1882af22915fb82719006ed59b99aecf7cea6,2025-04-04T11:21:31Z,3,610,0.42857142857142855,0.6437039639345894,,False,False,3,0,177.4,0.0,0.016910651087468385,,460609164.0,writer/writer-framework,Python
tests/backend/blocks/test_setstate.py,4,callable,ok,tests.backend.blocks.test_setstate.test_assignment_with_empty_value,tests.backend.blocks.test_setstate.test_assignment_with_empty_value,e43b97fc402fb6c9618a78b0e28ae43a95eadb39,2024-11-21T15:42:16Z,66f1882af22915fb82719006ed59b99aecf7cea6,2025-04-04T11:21:31Z,3,610,0.5,0.6437039639345894,,False,False,3,0,177.4,0.0,0.016910651087468385,,460609164.0,writer/writer-framework,Python
tests/backend/blocks/test_setstate.py,5,callable,ok,tests.backend.blocks.test_setstate.test_json_assignment,tests.backend.blocks.test_setstate.test_json_assignment,ca82cbeee03e4e9c6ffb13921ca2551931dc7114,2025-03-26T11:06:24Z,66f1882af22915fb82719006ed59b99aecf7cea6,2025-04-04T11:21:31Z,2,485,0.2,,,False,False,2,0,52.59,0.0,0.038026746358520915,,460609164.0,writer/writer-framework,Python
tests/backend/blocks/test_writeraddchatmessage.py,0,callable,ok,tests.backend.blocks.test_writeraddchatmessage.test_add_chat_message,tests.backend.blocks.test_writeraddchatmessage.test_add_chat_message,e43b97fc402fb6c9618a78b0e28ae43a95eadb39,2024-11-21T15:42:16Z,bc5f24ee4c2ee38681228739be8f6d8845ba0d73,2025-03-13T12:46:11Z,2,610,0.2222222222222222,,,False,False,2,0,177.4,0.0,0.01127376739164559,,460609164.0,writer/writer-framework,Python
tests/backend/blocks/test_writeraddchatmessage.py,1,callable,ok,tests.backend.blocks.test_writeraddchatmessage.test_add_chat_message_bad_template,tests.backend.blocks.test_writeraddchatmessage.test_add_chat_message_bad_template,e43b97fc402fb6c9618a78b0e28ae43a95eadb39,2024-11-21T15:42:16Z,bc5f24ee4c2ee38681228739be8f6d8845ba0d73,2025-03-13T12:46:11Z,2,610,0.18181818181818182,,,False,False,2,0,177.4,0.0,0.01127376739164559,,460609164.0,writer/writer-framework,Python
tests/backend/blocks/test_writeraddchatmessage.py,2,callable,ok,tests.backend.blocks.test_writeraddchatmessage.test_add_chat_message_bad_message,tests.backend.blocks.test_writeraddchatmessage.test_add_chat_message_bad_message,e43b97fc402fb6c9618a78b0e28ae43a95eadb39,2024-11-21T15:42:16Z,bc5f24ee4c2ee38681228739be8f6d8845ba0d73,2025-03-13T12:46:11Z,2,610,0.18181818181818182,,,False,False,2,0,177.4,0.0,0.01127376739164559,,460609164.0,writer/writer-framework,Python
tests/backend/blocks/test_writeraddchatmessage.py,3,callable,ok,tests.backend.blocks.test_writeraddchatmessage.test_add_chat_message_missing_convo,tests.backend.blocks.test_writeraddchatmessage.test_add_chat_message_missing_convo,e43b97fc402fb6c9618a78b0e28ae43a95eadb39,2024-11-21T15:42:16Z,bc5f24ee4c2ee38681228739be8f6d8845ba0d73,2025-03-13T12:46:11Z,2,610,0.25,,,False,False,2,0,177.4,0.0,0.01127376739164559,,460609164.0,writer/writer-framework,Python
tests/backend/blocks/test_writeraddtokg.py,0,class,ok,tests.backend.blocks.test_writeraddtokg.MockFile,tests.backend.blocks.test_writeraddtokg.MockFile,50068bb0baf1b74b64a86f2e97035f1f3f781767,2024-11-22T14:25:47Z,50068bb0baf1b74b64a86f2e97035f1f3f781767,2024-11-22T14:25:47Z,1,609,0.5,,,False,False,1,0,176.46,0.0,0.005667131953067489,,460609164.0,writer/writer-framework,Python
tests/backend/blocks/test_writeraddtokg.py,1,class,ok,tests.backend.blocks.test_writeraddtokg.MockGraph,tests.backend.blocks.test_writeraddtokg.MockGraph,50068bb0baf1b74b64a86f2e97035f1f3f781767,2024-11-22T14:25:47Z,62572a3d63821a0667d482529b0e5ed45eb47110,2025-08-22T13:34:15+03:00,2,609,0.2857142857142857,,,False,False,1,1,176.46,96.38,0.005667131953067489,0.01037526143797521,460609164.0,writer/writer-framework,Python
tests/backend/blocks/test_writeraddtokg.py,0,callable,ok,tests.backend.blocks.test_writeraddtokg.mock_retrieve_graph,tests.backend.blocks.test_writeraddtokg.mock_retrieve_graph,50068bb0baf1b74b64a86f2e97035f1f3f781767,2024-11-22T14:25:47Z,50068bb0baf1b74b64a86f2e97035f1f3f781767,2024-11-22T14:25:47Z,1,609,0.3333333333333333,,,False,False,1,0,176.46,0.0,0.005667131953067489,,460609164.0,writer/writer-framework,Python
tests/backend/blocks/test_writeraddtokg.py,1,callable,ok,tests.backend.blocks.test_writeraddtokg.mock_upload_file,tests.backend.blocks.test_writeraddtokg.mock_upload_file,50068bb0baf1b74b64a86f2e97035f1f3f781767,2024-11-22T14:25:47Z,62572a3d63821a0667d482529b0e5ed45eb47110,2025-08-22T13:34:15+03:00,2,609,0.4,,,False,False,1,1,176.46,96.38,0.005667131953067489,0.01037526143797521,460609164.0,writer/writer-framework,Python
tests/backend/blocks/test_writeraddtokg.py,2,callable,ok,tests.backend.blocks.test_writeraddtokg.test_add_to_kg,tests.backend.blocks.test_writeraddtokg.test_add_to_kg,50068bb0baf1b74b64a86f2e97035f1f3f781767,2024-11-22T14:25:47Z,62572a3d63821a0667d482529b0e5ed45eb47110,2025-08-22T13:34:15+03:00,5,609,0.4166666666666667,1.6404820727265903,,False,False,4,1,176.46,96.38,0.022668527812269957,0.01037526143797521,460609164.0,writer/writer-framework,Python
tests/backend/blocks/test_writeraddtokg.py,3,callable,ok,tests.backend.blocks.test_writeraddtokg.test_add_to_kg_missing_type,tests.backend.blocks.test_writeraddtokg.test_add_to_kg_missing_type,50068bb0baf1b74b64a86f2e97035f1f3f781767,2024-11-22T14:25:47Z,62572a3d63821a0667d482529b0e5ed45eb47110,2025-08-22T13:34:15+03:00,5,609,0.5,1.6404820727265903,,False,False,4,1,176.46,96.38,0.022668527812269957,0.01037526143797521,460609164.0,writer/writer-framework,Python
tests/backend/blocks/test_writeraddtokg.py,4,callable,ok,tests.backend.blocks.test_writeraddtokg.test_add_to_kg_wrong_type,tests.backend.blocks.test_writeraddtokg.test_add_to_kg_wrong_type,50068bb0baf1b74b64a86f2e97035f1f3f781767,2024-11-22T14:25:47Z,62572a3d63821a0667d482529b0e5ed45eb47110,2025-08-22T13:34:15+03:00,5,609,0.5,1.6404820727265903,,False,False,4,1,176.46,96.38,0.022668527812269957,0.01037526143797521,460609164.0,writer/writer-framework,Python
tests/backend/blocks/test_writeraddtokg.py,5,callable,ok,tests.backend.blocks.test_writeraddtokg.MockGraph.add_file,tests.backend.blocks.test_writeraddtokg.MockGraph.add_file,50068bb0baf1b74b64a86f2e97035f1f3f781767,2024-11-22T14:25:47Z,50068bb0baf1b74b64a86f2e97035f1f3f781767,2024-11-22T14:25:47Z,1,609,0.5,,,False,False,1,0,176.46,0.0,0.005667131953067489,,460609164.0,writer/writer-framework,Python
tests/backend/blocks/test_writeraddtokg.py,6,callable,ok,tests.backend.blocks.test_writeraddtokg.test_add_urls_to_kg,tests.backend.blocks.test_writeraddtokg.test_add_urls_to_kg,62572a3d63821a0667d482529b0e5ed45eb47110,2025-08-22T13:34:15+03:00,62572a3d63821a0667d482529b0e5ed45eb47110,2025-08-22T13:34:15+03:00,1,336,0.06666666666666667,,,False,False,0,1,0.0,96.38,,0.01037526143797521,460609164.0,writer/writer-framework,Python
tests/backend/blocks/test_writeraddtokg.py,7,callable,ok,tests.backend.blocks.test_writeraddtokg.test_add_mixed_files_and_urls,tests.backend.blocks.test_writeraddtokg.test_add_mixed_files_and_urls,62572a3d63821a0667d482529b0e5ed45eb47110,2025-08-22T13:34:15+03:00,62572a3d63821a0667d482529b0e5ed45eb47110,2025-08-22T13:34:15+03:00,1,336,0.058823529411764705,,,False,False,0,1,0.0,96.38,,0.01037526143797521,460609164.0,writer/writer-framework,Python
tests/backend/blocks/test_writeraddtokg.py,8,callable,ok,tests.backend.blocks.test_writeraddtokg.test_add_to_kg_no_content,tests.backend.blocks.test_writeraddtokg.test_add_to_kg_no_content,62572a3d63821a0667d482529b0e5ed45eb47110,2025-08-22T13:34:15+03:00,62572a3d63821a0667d482529b0e5ed45eb47110,2025-08-22T13:34:15+03:00,1,336,0.08333333333333333,,,False,False,0,1,0.0,96.38,,0.01037526143797521,460609164.0,writer/writer-framework,Python
tests/backend/blocks/test_writeraddtokg.py,9,callable,ok,tests.backend.blocks.test_writeraddtokg.test_add_to_kg_invalid_urls,tests.backend.blocks.test_writeraddtokg.test_add_to_kg_invalid_urls,62572a3d63821a0667d482529b0e5ed45eb47110,2025-08-22T13:34:15+03:00,62572a3d63821a0667d482529b0e5ed45eb47110,2025-08-22T13:34:15+03:00,1,336,0.07692307692307693,,,False,False,0,1,0.0,96.38,,0.01037526143797521,460609164.0,writer/writer-framework,Python
tests/backend/blocks/test_writeraddtokg.py,10,callable,ok,tests.backend.blocks.test_writeraddtokg.MockGraph.add_url,tests.backend.blocks.test_writeraddtokg.MockGraph.add_url,62572a3d63821a0667d482529b0e5ed45eb47110,2025-08-22T13:34:15+03:00,62572a3d63821a0667d482529b0e5ed45eb47110,2025-08-22T13:34:15+03:00,1,336,0.3333333333333333,,,False,False,0,1,0.0,96.38,,0.01037526143797521,460609164.0,writer/writer-framework,Python
tests/backend/blocks/test_writerchat.py,0,class,ok,tests.backend.blocks.test_writerchat.MockConversation,tests.backend.blocks.test_writerchat.MockConversation,e43b97fc402fb6c9618a78b0e28ae43a95eadb39,2024-11-21T15:42:16Z,e43b97fc402fb6c9618a78b0e28ae43a95eadb39,2024-11-21T15:42:16Z,1,610,0.0196078431372549,,,False,False,1,0,177.4,0.0,0.005636883695822795,,460609164.0,writer/writer-framework,Python
tests/backend/blocks/test_writerchat.py,0,callable,ok,tests.backend.blocks.test_writerchat.conversation,tests.backend.blocks.test_writerchat.conversation,e43b97fc402fb6c9618a78b0e28ae43a95eadb39,2024-11-21T15:42:16Z,e43b97fc402fb6c9618a78b0e28ae43a95eadb39,2024-11-21T15:42:16Z,1,610,0.5,,,False,False,1,0,177.4,0.0,0.005636883695822795,,460609164.0,writer/writer-framework,Python
tests/backend/blocks/test_writerchat.py,1,callable,ok,tests.backend.blocks.test_writerchat.test_chat_complete,tests.backend.blocks.test_writerchat.test_chat_complete,e43b97fc402fb6c9618a78b0e28ae43a95eadb39,2024-11-21T15:42:16Z,35972a47ab70a4a78ce5c8c6097c90df95f124d0,2025-04-24T13:04:24+03:00,3,610,0.3333333333333333,0.8449055435713593,,False,False,3,0,177.4,0.0,0.016910651087468385,,460609164.0,writer/writer-framework,Python
tests/backend/blocks/test_writerchat.py,2,callable,ok,tests.backend.blocks.test_writerchat.test_chat_stream_complete,tests.backend.blocks.test_writerchat.test_chat_stream_complete,e43b97fc402fb6c9618a78b0e28ae43a95eadb39,2024-11-21T15:42:16Z,35972a47ab70a4a78ce5c8c6097c90df95f124d0,2025-04-24T13:04:24+03:00,3,610,0.25,0.8449055435713593,,False,False,3,0,177.4,0.0,0.016910651087468385,,460609164.0,writer/writer-framework,Python
tests/backend/blocks/test_writerchat.py,3,callable,ok,tests.backend.blocks.test_writerchat.test_chat_stream_complete_with_tools,tests.backend.blocks.test_writerchat.test_chat_stream_complete_with_tools,e43b97fc402fb6c9618a78b0e28ae43a95eadb39,2024-11-21T15:42:16Z,35972a47ab70a4a78ce5c8c6097c90df95f124d0,2025-04-24T13:04:24+03:00,3,610,0.1111111111111111,0.8449055435713593,,False,False,3,0,177.4,0.0,0.016910651087468385,,460609164.0,writer/writer-framework,Python
tests/backend/blocks/test_writerchat.py,4,callable,ok,tests.backend.blocks.test_writerchat.test_chat_stream_complete_no_conversation,tests.backend.blocks.test_writerchat.test_chat_stream_complete_no_conversation,e43b97fc402fb6c9618a78b0e28ae43a95eadb39,2024-11-21T15:42:16Z,35972a47ab70a4a78ce5c8c6097c90df95f124d0,2025-04-24T13:04:24+03:00,3,610,0.25,0.8449055435713593,,False,False,3,0,177.4,0.0,0.016910651087468385,,460609164.0,writer/writer-framework,Python
tests/backend/blocks/test_writerchat.py,5,callable,ok,tests.backend.blocks.test_writerchat.MockConversation.__init__,tests.backend.blocks.test_writerchat.MockConversation.__init__,e43b97fc402fb6c9618a78b0e28ae43a95eadb39,2024-11-21T15:42:16Z,e43b97fc402fb6c9618a78b0e28ae43a95eadb39,2024-11-21T15:42:16Z,1,610,0.5,,,False,False,1,0,177.4,0.0,0.005636883695822795,,460609164.0,writer/writer-framework,Python
tests/backend/blocks/test_writerchat.py,6,callable,ok,tests.backend.blocks.test_writerchat.MockConversation._check_tools,tests.backend.blocks.test_writerchat.MockConversation._check_tools,e43b97fc402fb6c9618a78b0e28ae43a95eadb39,2024-11-21T15:42:16Z,e43b97fc402fb6c9618a78b0e28ae43a95eadb39,2024-11-21T15:42:16Z,1,610,0.058823529411764705,,,False,False,1,0,177.4,0.0,0.005636883695822795,,460609164.0,writer/writer-framework,Python
tests/backend/blocks/test_writerchat.py,7,callable,ok,tests.backend.blocks.test_writerchat.MockConversation.complete,tests.backend.blocks.test_writerchat.MockConversation.complete,e43b97fc402fb6c9618a78b0e28ae43a95eadb39,2024-11-21T15:42:16Z,e43b97fc402fb6c9618a78b0e28ae43a95eadb39,2024-11-21T15:42:16Z,1,610,0.16666666666666666,,,False,False,1,0,177.4,0.0,0.005636883695822795,,460609164.0,writer/writer-framework,Python
tests/backend/blocks/test_writerchat.py,8,callable,ok,tests.backend.blocks.test_writerchat.MockConversation.stream_complete,tests.backend.blocks.test_writerchat.MockConversation.stream_complete,e43b97fc402fb6c9618a78b0e28ae43a95eadb39,2024-11-21T15:42:16Z,e43b97fc402fb6c9618a78b0e28ae43a95eadb39,2024-11-21T15:42:16Z,1,610,0.047619047619047616,,,False,False,1,0,177.4,0.0,0.005636883695822795,,460609164.0,writer/writer-framework,Python
tests/backend/blocks/test_writerchatreply.py,0,class,ok,tests.backend.blocks.test_writerchatreply.MockConversation,tests.backend.blocks.test_writerchatreply.MockConversation,db402c0952fd6b6678ecdc59c658aa14abac120b,2025-06-23T15:28:53Z,db402c0952fd6b6678ecdc59c658aa14abac120b,2025-06-23T15:28:53Z,1,396,0.03225806451612903,,,False,False,0,1,0.0,36.59,,0.027331574706778706,460609164.0,writer/writer-framework,Python
tests/backend/blocks/test_writerchatreply.py,0,callable,ok,tests.backend.blocks.test_writerchatreply.conversation,tests.backend.blocks.test_writerchatreply.conversation,db402c0952fd6b6678ecdc59c658aa14abac120b,2025-06-23T15:28:53Z,db402c0952fd6b6678ecdc59c658aa14abac120b,2025-06-23T15:28:53Z,1,396,0.5,,,False,False,0,1,0.0,36.59,,0.027331574706778706,460609164.0,writer/writer-framework,Python
tests/backend/blocks/test_writerchatreply.py,1,callable,ok,tests.backend.blocks.test_writerchatreply.test_init_and_add_message,tests.backend.blocks.test_writerchatreply.test_init_and_add_message,db402c0952fd6b6678ecdc59c658aa14abac120b,2025-06-23T15:28:53Z,db402c0952fd6b6678ecdc59c658aa14abac120b,2025-06-23T15:28:53Z,1,396,0.08333333333333333,,,False,False,0,1,0.0,36.59,,0.027331574706778706,460609164.0,writer/writer-framework,Python
tests/backend/blocks/test_writerchatreply.py,2,callable,ok,tests.backend.blocks.test_writerchatreply.test_add_message_existing,tests.backend.blocks.test_writerchatreply.test_add_message_existing,db402c0952fd6b6678ecdc59c658aa14abac120b,2025-06-23T15:28:53Z,db402c0952fd6b6678ecdc59c658aa14abac120b,2025-06-23T15:28:53Z,1,396,0.08333333333333333,,,False,False,0,1,0.0,36.59,,0.027331574706778706,460609164.0,writer/writer-framework,Python
tests/backend/blocks/test_writerchatreply.py,3,callable,ok,tests.backend.blocks.test_writerchatreply.test_generate_complete,tests.backend.blocks.test_writerchatreply.test_generate_complete,db402c0952fd6b6678ecdc59c658aa14abac120b,2025-06-23T15:28:53Z,db402c0952fd6b6678ecdc59c658aa14abac120b,2025-06-23T15:28:53Z,1,396,0.07692307692307693,,,False,False,0,1,0.0,36.59,,0.027331574706778706,460609164.0,writer/writer-framework,Python
tests/backend/blocks/test_writerchatreply.py,4,callable,ok,tests.backend.blocks.test_writerchatreply.test_generate_stream,tests.backend.blocks.test_writerchatreply.test_generate_stream,db402c0952fd6b6678ecdc59c658aa14abac120b,2025-06-23T15:28:53Z,db402c0952fd6b6678ecdc59c658aa14abac120b,2025-06-23T15:28:53Z,1,396,0.03571428571428571,,,False,False,0,1,0.0,36.59,,0.027331574706778706,460609164.0,writer/writer-framework,Python
tests/backend/blocks/test_writerchatreply.py,5,callable,ok,tests.backend.blocks.test_writerchatreply.MockConversation.__init__,tests.backend.blocks.test_writerchatreply.MockConversation.__init__,db402c0952fd6b6678ecdc59c658aa14abac120b,2025-06-23T15:28:53Z,db402c0952fd6b6678ecdc59c658aa14abac120b,2025-06-23T15:28:53Z,1,396,0.5,,,False,False,0,1,0.0,36.59,,0.027331574706778706,460609164.0,writer/writer-framework,Python
tests/backend/blocks/test_writerchatreply.py,6,callable,ok,tests.backend.blocks.test_writerchatreply.MockConversation._check_tools,tests.backend.blocks.test_writerchatreply.MockConversation._check_tools,db402c0952fd6b6678ecdc59c658aa14abac120b,2025-06-23T15:28:53Z,db402c0952fd6b6678ecdc59c658aa14abac120b,2025-06-23T15:28:53Z,1,396,0.0625,,,False,False,0,1,0.0,36.59,,0.027331574706778706,460609164.0,writer/writer-framework,Python
tests/backend/blocks/test_writerchatreply.py,7,callable,ok,tests.backend.blocks.test_writerchatreply.MockConversation.complete,tests.backend.blocks.test_writerchatreply.MockConversation.complete,db402c0952fd6b6678ecdc59c658aa14abac120b,2025-06-23T15:28:53Z,db402c0952fd6b6678ecdc59c658aa14abac120b,2025-06-23T15:28:53Z,1,396,0.3333333333333333,,,False,False,0,1,0.0,36.59,,0.027331574706778706,460609164.0,writer/writer-framework,Python
tests/backend/blocks/test_writerchatreply.py,8,callable,ok,tests.backend.blocks.test_writerchatreply.MockConversation.stream_complete,tests.backend.blocks.test_writerchatreply.MockConversation.stream_complete,db402c0952fd6b6678ecdc59c658aa14abac120b,2025-06-23T15:28:53Z,db402c0952fd6b6678ecdc59c658aa14abac120b,2025-06-23T15:28:53Z,1,396,0.16666666666666666,,,False,False,0,1,0.0,36.59,,0.027331574706778706,460609164.0,writer/writer-framework,Python
tests/backend/blocks/test_writerclassification.py,0,callable,ok,tests.backend.blocks.test_writerclassification.fake_complete,tests.backend.blocks.test_writerclassification.fake_complete,e43b97fc402fb6c9618a78b0e28ae43a95eadb39,2024-11-21T15:42:16Z,e43b97fc402fb6c9618a78b0e28ae43a95eadb39,2024-11-21T15:42:16Z,1,0,0.14285714285714285,,,True,False,1,0,177.4,0.0,0.005636883695822795,,460609164.0,writer/writer-framework,Python
tests/backend/blocks/test_writerclassification.py,1,callable,ok,tests.backend.blocks.test_writerclassification.test_classify,tests.backend.blocks.test_writerclassification.test_classify,e43b97fc402fb6c9618a78b0e28ae43a95eadb39,2024-11-21T15:42:16Z,842b759e3a819a324e1c22e922600ff3a68618ea,2025-06-25T09:34:32Z,5,610,0.38461538461538464,1.7054337246752143,,False,False,4,1,177.4,38.34,0.02254753478329118,0.02608130242296507,460609164.0,writer/writer-framework,Python
tests/backend/blocks/test_writerclassification.py,2,callable,ok,tests.backend.blocks.test_writerclassification.test_classify_missing_categories,tests.backend.blocks.test_writerclassification.test_classify_missing_categories,e43b97fc402fb6c9618a78b0e28ae43a95eadb39,2024-11-21T15:42:16Z,842b759e3a819a324e1c22e922600ff3a68618ea,2025-06-25T09:34:32Z,5,610,0.7142857142857143,1.7054337246752143,,False,False,4,1,177.4,38.34,0.02254753478329118,0.02608130242296507,460609164.0,writer/writer-framework,Python
tests/backend/blocks/test_writerclassification.py,3,callable,ok,tests.backend.blocks.test_writerclassification.test_classify_invalid_category,tests.backend.blocks.test_writerclassification.test_classify_invalid_category,762033843f6f7e626713e866bddad29fb0e2dff9,2025-06-11T13:51:33+02:00,842b759e3a819a324e1c22e922600ff3a68618ea,2025-06-25T09:34:32Z,2,408,0.14285714285714285,,,False,False,0,2,0.0,38.34,,0.05216260484593014,460609164.0,writer/writer-framework,Python
tests/backend/blocks/test_writerclassification.py,4,callable,ok,tests.backend.blocks.test_writerclassification.fake_conversation_complete,tests.backend.blocks.test_writerclassification.fake_conversation_complete,842b759e3a819a324e1c22e922600ff3a68618ea,2025-06-25T09:34:32Z,04a25ddf4cd3216b415c7a2bc67c88d9948b6839,2026-01-16T09:13:45+01:00,2,394,1.0,,,False,False,0,2,0.0,243.29,,0.008220792601438896,460609164.0,writer/writer-framework,Python
tests/backend/blocks/test_writercompletion.py,0,callable,ok,tests.backend.blocks.test_writercompletion.test_complete,tests.backend.blocks.test_writercompletion.test_complete,e43b97fc402fb6c9618a78b0e28ae43a95eadb39,2024-11-21T15:42:16Z,35972a47ab70a4a78ce5c8c6097c90df95f124d0,2025-04-24T13:04:24+03:00,4,610,0.26666666666666666,1.1789369780662209,,False,False,4,0,177.4,0.0,0.02254753478329118,,460609164.0,writer/writer-framework,Python
tests/backend/blocks/test_writercompletion.py,1,callable,ok,tests.backend.blocks.test_writercompletion.test_complete_missing_text,tests.backend.blocks.test_writercompletion.test_complete_missing_text,e43b97fc402fb6c9618a78b0e28ae43a95eadb39,2024-11-21T15:42:16Z,35972a47ab70a4a78ce5c8c6097c90df95f124d0,2025-04-24T13:04:24+03:00,4,610,0.2222222222222222,1.1789369780662209,,False,False,4,0,177.4,0.0,0.02254753478329118,,460609164.0,writer/writer-framework,Python
tests/backend/blocks/test_writerfileapi.py,0,class,ok,tests.backend.blocks.test_writerfileapi.MockFile,tests.backend.blocks.test_writerfileapi.MockFile,df74245486986491ce2415ca55c3691cd0c2d742,2025-04-28T17:26:57+03:00,04bcbf1f987f04f92a6225dde5823bc59c89a5bc,2025-05-29T09:37:03+03:00,2,452,0.2857142857142857,,,False,False,1,1,19.46,11.22,0.051399903744161736,0.08913934109106966,460609164.0,writer/writer-framework,Python
tests/backend/blocks/test_writerfileapi.py,1,class,ok,tests.backend.blocks.test_writerfileapi.MockDownloadResponse,tests.backend.blocks.test_writerfileapi.MockDownloadResponse,df74245486986491ce2415ca55c3691cd0c2d742,2025-04-28T17:26:57+03:00,df74245486986491ce2415ca55c3691cd0c2d742,2025-04-28T17:26:57+03:00,1,452,0.3333333333333333,,,False,False,1,0,19.46,0.0,0.051399903744161736,,460609164.0,writer/writer-framework,Python
tests/backend/blocks/test_writerfileapi.py,0,callable,ok,tests.backend.blocks.test_writerfileapi.test_upload_file,tests.backend.blocks.test_writerfileapi.test_upload_file,df74245486986491ce2415ca55c3691cd0c2d742,2025-04-28T17:26:57+03:00,df74245486986491ce2415ca55c3691cd0c2d742,2025-04-28T17:26:57+03:00,1,452,0.05,,,False,False,1,0,19.46,0.0,0.051399903744161736,,460609164.0,writer/writer-framework,Python
tests/backend/blocks/test_writerfileapi.py,1,callable,ok,tests.backend.blocks.test_writerfileapi.test_upload_file_missing_field,tests.backend.blocks.test_writerfileapi.test_upload_file_missing_field,df74245486986491ce2415ca55c3691cd0c2d742,2025-04-28T17:26:57+03:00,df74245486986491ce2415ca55c3691cd0c2d742,2025-04-28T17:26:57+03:00,1,452,0.2,,,False,False,1,0,19.46,0.0,0.051399903744161736,,460609164.0,writer/writer-framework,Python
tests/backend/blocks/test_writerfileapi.py,2,callable,ok,tests.backend.blocks.test_writerfileapi.test_upload_file_sdk_error,tests.backend.blocks.test_writerfileapi.test_upload_file_sdk_error,df74245486986491ce2415ca55c3691cd0c2d742,2025-04-28T17:26:57+03:00,df74245486986491ce2415ca55c3691cd0c2d742,2025-04-28T17:26:57+03:00,1,452,0.0625,,,False,False,1,0,19.46,0.0,0.051399903744161736,,460609164.0,writer/writer-framework,Python
tests/backend/blocks/test_writerfileapi.py,3,callable,ok,tests.backend.blocks.test_writerfileapi.MockFile.__init__,tests.backend.blocks.test_writerfileapi.MockFile.__init__,df74245486986491ce2415ca55c3691cd0c2d742,2025-04-28T17:26:57+03:00,04bcbf1f987f04f92a6225dde5823bc59c89a5bc,2025-05-29T09:37:03+03:00,2,452,0.3333333333333333,,,False,False,1,1,19.46,11.22,0.051399903744161736,0.08913934109106966,460609164.0,writer/writer-framework,Python
tests/backend/blocks/test_writerfileapi.py,4,callable,ok,tests.backend.blocks.test_writerfileapi.MockDownloadResponse.read,tests.backend.blocks.test_writerfileapi.MockDownloadResponse.read,df74245486986491ce2415ca55c3691cd0c2d742,2025-04-28T17:26:57+03:00,df74245486986491ce2415ca55c3691cd0c2d742,2025-04-28T17:26:57+03:00,1,452,0.5,,,False,False,1,0,19.46,0.0,0.051399903744161736,,460609164.0,writer/writer-framework,Python
tests/backend/blocks/test_writerinitchat.py,0,callable,ok,tests.backend.blocks.test_writerinitchat.test_init_chat_already_initialized,tests.backend.blocks.test_writerinitchat.test_init_chat_already_initialized,e43b97fc402fb6c9618a78b0e28ae43a95eadb39,2024-11-21T15:42:16Z,35972a47ab70a4a78ce5c8c6097c90df95f124d0,2025-04-24T13:04:24+03:00,3,610,0.3,0.8449055435713593,,False,False,3,0,177.4,0.0,0.016910651087468385,,460609164.0,writer/writer-framework,Python
tests/backend/blocks/test_writerinitchat.py,1,callable,ok,tests.backend.blocks.test_writerinitchat.test_init_chat_already_initialized_with_rubbish,tests.backend.blocks.test_writerinitchat.test_init_chat_already_initialized_with_rubbish,e43b97fc402fb6c9618a78b0e28ae43a95eadb39,2024-11-21T15:42:16Z,35972a47ab70a4a78ce5c8c6097c90df95f124d0,2025-04-24T13:04:24+03:00,3,610,0.23076923076923078,0.8449055435713593,,False,False,3,0,177.4,0.0,0.016910651087468385,,460609164.0,writer/writer-framework,Python
tests/backend/blocks/test_writerinitchat.py,2,callable,ok,tests.backend.blocks.test_writerinitchat.test_init_chat_from_scratch,tests.backend.blocks.test_writerinitchat.test_init_chat_from_scratch,e43b97fc402fb6c9618a78b0e28ae43a95eadb39,2024-11-21T15:42:16Z,35972a47ab70a4a78ce5c8c6097c90df95f124d0,2025-04-24T13:04:24+03:00,3,610,0.3,0.8449055435713593,,False,False,3,0,177.4,0.0,0.016910651087468385,,460609164.0,writer/writer-framework,Python
tests/backend/blocks/test_writernocodeapp.py,0,callable,ok,tests.backend.blocks.test_writernocodeapp.fake_generate_content,tests.backend.blocks.test_writernocodeapp.fake_generate_content,e43b97fc402fb6c9618a78b0e28ae43a95eadb39,2024-11-21T15:42:16Z,e43b97fc402fb6c9618a78b0e28ae43a95eadb39,2024-11-21T15:42:16Z,1,0,0.14285714285714285,,,True,False,1,0,177.4,0.0,0.005636883695822795,,460609164.0,writer/writer-framework,Python
tests/backend/blocks/test_writernocodeapp.py,3,callable,ok,tests.backend.blocks.test_writernocodeapp.mock_app_content_generation,tests.backend.blocks.test_writernocodeapp.mock_app_content_generation,75c20702485d0a6d2f71d5d8b6c029ae8bbe0f6c,2024-11-29T18:57:07+03:00,75c20702485d0a6d2f71d5d8b6c029ae8bbe0f6c,2024-11-29T18:57:07+03:00,1,0,0.08333333333333333,,,True,False,1,0,169.39,0.0,0.0059034430396664225,,460609164.0,writer/writer-framework,Python
tests/backend/blocks/test_writernocodeapp.py,1,callable,ok,tests.backend.blocks.test_writernocodeapp.test_call_nocode_app,tests.backend.blocks.test_writernocodeapp.test_call_nocode_app,e43b97fc402fb6c9618a78b0e28ae43a95eadb39,2024-11-21T15:42:16Z,35972a47ab70a4a78ce5c8c6097c90df95f124d0,2025-04-24T13:04:24+03:00,5,610,0.5555555555555556,1.2373441803278469,,False,False,5,0,177.4,0.0,0.028184418479113973,,460609164.0,writer/writer-framework,Python
tests/backend/blocks/test_writernocodeapp.py,2,callable,ok,tests.backend.blocks.test_writernocodeapp.test_call_nocode_app_missing_appid,tests.backend.blocks.test_writernocodeapp.test_call_nocode_app_missing_appid,e43b97fc402fb6c9618a78b0e28ae43a95eadb39,2024-11-21T15:42:16Z,35972a47ab70a4a78ce5c8c6097c90df95f124d0,2025-04-24T13:04:24+03:00,5,610,0.5555555555555556,1.2373441803278469,,False,False,5,0,177.4,0.0,0.028184418479113973,,460609164.0,writer/writer-framework,Python
tests/backend/blocks/test_writernocodeapp.py,4,callable,ok,tests.backend.blocks.test_writernocodeapp.fake_generate_content,tests.backend.blocks.test_writernocodeapp.fake_generate_content,c14ac69e0d33799cb14eeaf5fba357bfa5a41c56,2024-12-02T11:53:25Z,c14ac69e0d33799cb14eeaf5fba357bfa5a41c56,2024-12-02T11:53:25Z,1,599,0.14285714285714285,,,False,False,1,0,166.56,0.0,0.006003773621878585,,460609164.0,writer/writer-framework,Python
tests/backend/blocks/test_writerparsepdf.py,0,callable,ok,tests.backend.blocks.test_writerparsepdf.test_parse_pdf_by_file_id_success_markdown,tests.backend.blocks.test_writerparsepdf.test_parse_pdf_by_file_id_success_markdown,bb7024cfeecbbbcc940784861bf46223fc07102c,2025-04-29T09:43:31+03:00,bb7024cfeecbbbcc940784861bf46223fc07102c,2025-04-29T09:43:31+03:00,1,451,0.058823529411764705,,,False,False,1,0,18.78,0.0,0.05325630893097206,,460609164.0,writer/writer-framework,Python
tests/backend/blocks/test_writerparsepdf.py,1,callable,ok,tests.backend.blocks.test_writerparsepdf.test_parse_pdf_by_file_id_success_plain_text,tests.backend.blocks.test_writerparsepdf.test_parse_pdf_by_file_id_success_plain_text,bb7024cfeecbbbcc940784861bf46223fc07102c,2025-04-29T09:43:31+03:00,bb7024cfeecbbbcc940784861bf46223fc07102c,2025-04-29T09:43:31+03:00,1,451,0.058823529411764705,,,False,False,1,0,18.78,0.0,0.05325630893097206,,460609164.0,writer/writer-framework,Python
tests/backend/blocks/test_writerparsepdf.py,2,callable,ok,tests.backend.blocks.test_writerparsepdf.test_parse_pdf_by_file_id_error,tests.backend.blocks.test_writerparsepdf.test_parse_pdf_by_file_id_error,bb7024cfeecbbbcc940784861bf46223fc07102c,2025-04-29T09:43:31+03:00,bb7024cfeecbbbcc940784861bf46223fc07102c,2025-04-29T09:43:31+03:00,1,451,0.07692307692307693,,,False,False,1,0,18.78,0.0,0.05325630893097206,,460609164.0,writer/writer-framework,Python
tests/backend/blocks/test_writerstructuredoutput.py,0,callable,ok,tests.backend.blocks.test_writerstructuredoutput.fake_conversation_complete,tests.backend.blocks.test_writerstructuredoutput.fake_conversation_complete,513700b3b12e2f0a396c85b9557fba75cc3d6dde,2025-06-09T11:24:05+03:00,513700b3b12e2f0a396c85b9557fba75cc3d6dde,2025-06-09T11:24:05+03:00,1,410,0.25,,,False,False,0,1,0.0,22.29,,0.044857693639604776,460609164.0,writer/writer-framework,Python
tests/backend/blocks/test_writerstructuredoutput.py,1,callable,ok,tests.backend.blocks.test_writerstructuredoutput.test_successful_run,tests.backend.blocks.test_writerstructuredoutput.test_successful_run,513700b3b12e2f0a396c85b9557fba75cc3d6dde,2025-06-09T11:24:05+03:00,513700b3b12e2f0a396c85b9557fba75cc3d6dde,2025-06-09T11:24:05+03:00,1,410,0.07692307692307693,,,False,False,0,1,0.0,22.29,,0.044857693639604776,460609164.0,writer/writer-framework,Python
tests/backend/blocks/test_writerstructuredoutput.py,2,callable,ok,tests.backend.blocks.test_writerstructuredoutput.test_error_on_no_content,tests.backend.blocks.test_writerstructuredoutput.test_error_on_no_content,513700b3b12e2f0a396c85b9557fba75cc3d6dde,2025-06-09T11:24:05+03:00,513700b3b12e2f0a396c85b9557fba75cc3d6dde,2025-06-09T11:24:05+03:00,1,410,0.07692307692307693,,,False,False,0,1,0.0,22.29,,0.044857693639604776,460609164.0,writer/writer-framework,Python
tests/backend/blocks/test_writerstructuredoutput.py,3,callable,ok,tests.backend.blocks.test_writerstructuredoutput.test_json_decode_error,tests.backend.blocks.test_writerstructuredoutput.test_json_decode_error,513700b3b12e2f0a396c85b9557fba75cc3d6dde,2025-06-09T11:24:05+03:00,513700b3b12e2f0a396c85b9557fba75cc3d6dde,2025-06-09T11:24:05+03:00,1,410,0.06666666666666667,,,False,False,0,1,0.0,22.29,,0.044857693639604776,460609164.0,writer/writer-framework,Python
tests/backend/blocks/test_writervision.py,0,class,ok,tests.backend.blocks.test_writervision.FakeVisionClient,tests.backend.blocks.test_writervision.FakeVisionClient,06c3cd64b081f089a91264a04155453dafff5f30,2025-06-11T16:12:33+03:00,06c3cd64b081f089a91264a04155453dafff5f30,2025-06-11T16:12:33+03:00,1,408,0.125,,,False,False,0,1,0.0,24.49,,0.040827918357394556,460609164.0,writer/writer-framework,Python
tests/backend/blocks/test_writervision.py,1,class,ok,tests.backend.blocks.test_writervision.FakeResponse,tests.backend.blocks.test_writervision.FakeResponse,06c3cd64b081f089a91264a04155453dafff5f30,2025-06-11T16:12:33+03:00,06c3cd64b081f089a91264a04155453dafff5f30,2025-06-11T16:12:33+03:00,1,408,0.3333333333333333,,,False,False,0,1,0.0,24.49,,0.040827918357394556,460609164.0,writer/writer-framework,Python
tests/backend/blocks/test_writervision.py,0,callable,ok,tests.backend.blocks.test_writervision.valid_images,tests.backend.blocks.test_writervision.valid_images,06c3cd64b081f089a91264a04155453dafff5f30,2025-06-11T16:12:33+03:00,06c3cd64b081f089a91264a04155453dafff5f30,2025-06-11T16:12:33+03:00,1,408,0.2,,,False,False,0,1,0.0,24.49,,0.040827918357394556,460609164.0,writer/writer-framework,Python
tests/backend/blocks/test_writervision.py,1,callable,ok,tests.backend.blocks.test_writervision.session_with_component,tests.backend.blocks.test_writervision.session_with_component,06c3cd64b081f089a91264a04155453dafff5f30,2025-06-11T16:12:33+03:00,06c3cd64b081f089a91264a04155453dafff5f30,2025-06-11T16:12:33+03:00,1,408,0.14285714285714285,,,False,False,0,1,0.0,24.49,,0.040827918357394556,460609164.0,writer/writer-framework,Python
tests/backend/blocks/test_writervision.py,2,callable,ok,tests.backend.blocks.test_writervision.test_successful_run,tests.backend.blocks.test_writervision.test_successful_run,06c3cd64b081f089a91264a04155453dafff5f30,2025-06-11T16:12:33+03:00,06c3cd64b081f089a91264a04155453dafff5f30,2025-06-11T16:12:33+03:00,1,408,0.14285714285714285,,,False,False,0,1,0.0,24.49,,0.040827918357394556,460609164.0,writer/writer-framework,Python
tests/backend/blocks/test_writervision.py,3,callable,ok,tests.backend.blocks.test_writervision.test_empty_prompt_error,tests.backend.blocks.test_writervision.test_empty_prompt_error,06c3cd64b081f089a91264a04155453dafff5f30,2025-06-11T16:12:33+03:00,06c3cd64b081f089a91264a04155453dafff5f30,2025-06-11T16:12:33+03:00,1,408,0.16666666666666666,,,False,False,0,1,0.0,24.49,,0.040827918357394556,460609164.0,writer/writer-framework,Python
tests/backend/blocks/test_writervision.py,4,callable,ok,tests.backend.blocks.test_writervision.test_missing_placeholder_error,tests.backend.blocks.test_writervision.test_missing_placeholder_error,06c3cd64b081f089a91264a04155453dafff5f30,2025-06-11T16:12:33+03:00,06c3cd64b081f089a91264a04155453dafff5f30,2025-06-11T16:12:33+03:00,1,408,0.16666666666666666,,,False,False,0,1,0.0,24.49,,0.040827918357394556,460609164.0,writer/writer-framework,Python
tests/backend/blocks/test_writervision.py,5,callable,ok,tests.backend.blocks.test_writervision.test_missing_image_placeholder_in_prompt,tests.backend.blocks.test_writervision.test_missing_image_placeholder_in_prompt,06c3cd64b081f089a91264a04155453dafff5f30,2025-06-11T16:12:33+03:00,06c3cd64b081f089a91264a04155453dafff5f30,2025-06-11T16:12:33+03:00,1,408,0.09090909090909091,,,False,False,0,1,0.0,24.49,,0.040827918357394556,460609164.0,writer/writer-framework,Python
tests/backend/blocks/test_writervision.py,6,callable,ok,tests.backend.blocks.test_writervision.test_empty_images_list,tests.backend.blocks.test_writervision.test_empty_images_list,06c3cd64b081f089a91264a04155453dafff5f30,2025-06-11T16:12:33+03:00,06c3cd64b081f089a91264a04155453dafff5f30,2025-06-11T16:12:33+03:00,1,408,0.1,,,False,False,0,1,0.0,24.49,,0.040827918357394556,460609164.0,writer/writer-framework,Python
tests/backend/blocks/test_writervision.py,7,callable,ok,tests.backend.blocks.test_writervision.test_invalid_images_type,tests.backend.blocks.test_writervision.test_invalid_images_type,06c3cd64b081f089a91264a04155453dafff5f30,2025-06-11T16:12:33+03:00,06c3cd64b081f089a91264a04155453dafff5f30,2025-06-11T16:12:33+03:00,1,408,0.1,,,False,False,0,1,0.0,24.49,,0.040827918357394556,460609164.0,writer/writer-framework,Python
tests/backend/blocks/test_writervision.py,8,callable,ok,tests.backend.blocks.test_writervision.test_invalid_image_dict,tests.backend.blocks.test_writervision.test_invalid_image_dict,06c3cd64b081f089a91264a04155453dafff5f30,2025-06-11T16:12:33+03:00,06c3cd64b081f089a91264a04155453dafff5f30,2025-06-11T16:12:33+03:00,1,408,0.1,,,False,False,0,1,0.0,24.49,,0.040827918357394556,460609164.0,writer/writer-framework,Python
tests/backend/blocks/test_writervision.py,9,callable,ok,tests.backend.blocks.test_writervision.FakeResponse.__init__,tests.backend.blocks.test_writervision.FakeResponse.__init__,06c3cd64b081f089a91264a04155453dafff5f30,2025-06-11T16:12:33+03:00,06c3cd64b081f089a91264a04155453dafff5f30,2025-06-11T16:12:33+03:00,1,408,0.5,,,False,False,0,1,0.0,24.49,,0.040827918357394556,460609164.0,writer/writer-framework,Python
tests/backend/blocks/test_writerwebsearch.py,0,class,ok,tests.backend.blocks.test_writerwebsearch.MockWebSearchResponse,tests.backend.blocks.test_writerwebsearch.MockWebSearchResponse,62572a3d63821a0667d482529b0e5ed45eb47110,2025-08-22T13:34:15+03:00,62572a3d63821a0667d482529b0e5ed45eb47110,2025-08-22T13:34:15+03:00,1,336,0.14285714285714285,,,False,False,0,1,0.0,96.38,,0.01037526143797521,460609164.0,writer/writer-framework,Python
tests/backend/blocks/test_writerwebsearch.py,1,class,ok,tests.backend.blocks.test_writerwebsearch.MockSource,tests.backend.blocks.test_writerwebsearch.MockSource,62572a3d63821a0667d482529b0e5ed45eb47110,2025-08-22T13:34:15+03:00,62572a3d63821a0667d482529b0e5ed45eb47110,2025-08-22T13:34:15+03:00,1,336,0.16666666666666666,,,False,False,0,1,0.0,96.38,,0.01037526143797521,460609164.0,writer/writer-framework,Python
tests/backend/blocks/test_writerwebsearch.py,2,class,ok,tests.backend.blocks.test_writerwebsearch.MockClient,tests.backend.blocks.test_writerwebsearch.MockClient,62572a3d63821a0667d482529b0e5ed45eb47110,2025-08-22T13:34:15+03:00,62572a3d63821a0667d482529b0e5ed45eb47110,2025-08-22T13:34:15+03:00,1,336,0.3333333333333333,,,False,False,0,1,0.0,96.38,,0.01037526143797521,460609164.0,writer/writer-framework,Python
tests/backend/blocks/test_writerwebsearch.py,3,class,ok,tests.backend.blocks.test_writerwebsearch.MockTools,tests.backend.blocks.test_writerwebsearch.MockTools,62572a3d63821a0667d482529b0e5ed45eb47110,2025-08-22T13:34:15+03:00,62572a3d63821a0667d482529b0e5ed45eb47110,2025-08-22T13:34:15+03:00,1,336,0.07692307692307693,,,False,False,0,1,0.0,96.38,,0.01037526143797521,460609164.0,writer/writer-framework,Python
tests/backend/blocks/test_writerwebsearch.py,0,callable,ok,tests.backend.blocks.test_writerwebsearch.test_web_search_basic,tests.backend.blocks.test_writerwebsearch.test_web_search_basic,62572a3d63821a0667d482529b0e5ed45eb47110,2025-08-22T13:34:15+03:00,62572a3d63821a0667d482529b0e5ed45eb47110,2025-08-22T13:34:15+03:00,1,336,0.05,,,False,False,0,1,0.0,96.38,,0.01037526143797521,460609164.0,writer/writer-framework,Python
tests/backend/blocks/test_writerwebsearch.py,1,callable,ok,tests.backend.blocks.test_writerwebsearch.test_web_search_with_domains,tests.backend.blocks.test_writerwebsearch.test_web_search_with_domains,62572a3d63821a0667d482529b0e5ed45eb47110,2025-08-22T13:34:15+03:00,62572a3d63821a0667d482529b0e5ed45eb47110,2025-08-22T13:34:15+03:00,1,336,0.05555555555555555,,,False,False,0,1,0.0,96.38,,0.01037526143797521,460609164.0,writer/writer-framework,Python
tests/backend/blocks/test_writerwebsearch.py,2,callable,ok,tests.backend.blocks.test_writerwebsearch.test_web_search_missing_query,tests.backend.blocks.test_writerwebsearch.test_web_search_missing_query,62572a3d63821a0667d482529b0e5ed45eb47110,2025-08-22T13:34:15+03:00,62572a3d63821a0667d482529b0e5ed45eb47110,2025-08-22T13:34:15+03:00,1,336,0.1,,,False,False,0,1,0.0,96.38,,0.01037526143797521,460609164.0,writer/writer-framework,Python
tests/backend/blocks/test_writerwebsearch.py,3,callable,ok,tests.backend.blocks.test_writerwebsearch.test_web_search_invalid_domains,tests.backend.blocks.test_writerwebsearch.test_web_search_invalid_domains,62572a3d63821a0667d482529b0e5ed45eb47110,2025-08-22T13:34:15+03:00,62572a3d63821a0667d482529b0e5ed45eb47110,2025-08-22T13:34:15+03:00,1,336,0.09090909090909091,,,False,False,0,1,0.0,96.38,,0.01037526143797521,460609164.0,writer/writer-framework,Python
tests/backend/blocks/test_writerwebsearch.py,4,callable,ok,tests.backend.blocks.test_writerwebsearch.MockWebSearchResponse.__init__,tests.backend.blocks.test_writerwebsearch.MockWebSearchResponse.__init__,62572a3d63821a0667d482529b0e5ed45eb47110,2025-08-22T13:34:15+03:00,62572a3d63821a0667d482529b0e5ed45eb47110,2025-08-22T13:34:15+03:00,1,336,0.16666666666666666,,,False,False,0,1,0.0,96.38,,0.01037526143797521,460609164.0,writer/writer-framework,Python
tests/backend/blocks/test_writerwebsearch.py,5,callable,ok,tests.backend.blocks.test_writerwebsearch.MockSource.__init__,tests.backend.blocks.test_writerwebsearch.MockSource.__init__,62572a3d63821a0667d482529b0e5ed45eb47110,2025-08-22T13:34:15+03:00,62572a3d63821a0667d482529b0e5ed45eb47110,2025-08-22T13:34:15+03:00,1,336,0.2,,,False,False,0,1,0.0,96.38,,0.01037526143797521,460609164.0,writer/writer-framework,Python
tests/backend/blocks/test_writerwebsearch.py,6,callable,ok,tests.backend.blocks.test_writerwebsearch.MockClient.__init__,tests.backend.blocks.test_writerwebsearch.MockClient.__init__,62572a3d63821a0667d482529b0e5ed45eb47110,2025-08-22T13:34:15+03:00,62572a3d63821a0667d482529b0e5ed45eb47110,2025-08-22T13:34:15+03:00,1,336,0.5,,,False,False,0,1,0.0,96.38,,0.01037526143797521,460609164.0,writer/writer-framework,Python
tests/backend/blocks/test_writerwebsearch.py,7,callable,ok,tests.backend.blocks.test_writerwebsearch.MockTools.web_search,tests.backend.blocks.test_writerwebsearch.MockTools.web_search,62572a3d63821a0667d482529b0e5ed45eb47110,2025-08-22T13:34:15+03:00,62572a3d63821a0667d482529b0e5ed45eb47110,2025-08-22T13:34:15+03:00,1,336,0.08333333333333333,,,False,False,0,1,0.0,96.38,,0.01037526143797521,460609164.0,writer/writer-framework,Python
tests/backend/blocks/test_writerwebsearch.py,8,callable,ok,tests.backend.blocks.test_writerwebsearch.test_normalize_domains,tests.backend.blocks.test_writerwebsearch.test_normalize_domains,a2a8c16a9e525e6a8a3c3051d0419f5620f07909,2025-08-25T10:56:16+03:00,a2a8c16a9e525e6a8a3c3051d0419f5620f07909,2025-08-25T10:56:16+03:00,1,333,0.025,,,False,False,0,1,0.0,99.27,,0.010073191529844977,460609164.0,writer/writer-framework,Python
tests/backend/blocks/test_writerwebsearch.py,9,callable,ok,tests.backend.blocks.test_writerwebsearch.test_normalize_domains_invalid_input,tests.backend.blocks.test_writerwebsearch.test_normalize_domains_invalid_input,a2a8c16a9e525e6a8a3c3051d0419f5620f07909,2025-08-25T10:56:16+03:00,a2a8c16a9e525e6a8a3c3051d0419f5620f07909,2025-08-25T10:56:16+03:00,1,333,0.1111111111111111,,,False,False,0,1,0.0,99.27,,0.010073191529844977,460609164.0,writer/writer-framework,Python
tests/backend/fixtures/app_runner_fixtures.py,0,callable,ok,tests.backend.fixtures.app_runner_fixtures.setup_app_process,tests.backend.fixtures.app_runner_fixtures.setup_app_process,4585eda51ec6b89d8c047421fe5f069b312022a6,2024-06-10T12:46:54+02:00,4585eda51ec6b89d8c047421fe5f069b312022a6,2024-06-10T12:46:54+02:00,1,0,0.3333333333333333,,,True,False,1,0,341.61,0.0,0.0029273310398056033,,460609164.0,writer/writer-framework,Python
tests/backend/fixtures/app_runner_fixtures.py,1,callable,ok,tests.backend.fixtures.app_runner_fixtures.init_app_session,tests.backend.fixtures.app_runner_fixtures.init_app_session,e7a8a290527b5ccaf79b9cbbd10f1b3e3d4fb6f4,2024-06-19T08:14:07+02:00,01712b7fa9838d5a3b739ed217a2e2ad15a74f58,2024-06-20T00:07:46+02:00,2,765,0.07407407407407407,,,False,False,2,0,332.8,0.0,0.006009659902286686,,460609164.0,writer/writer-framework,Python
tests/backend/fixtures/cloud_deploy_fixtures.py,0,class,ok,tests.backend.fixtures.cloud_deploy_fixtures.Server,tests.backend.fixtures.cloud_deploy_fixtures.Server,0aef7a2dcae462c96193c487fe9d78bd2af41338,2024-07-23T17:20:22+02:00,0aef7a2dcae462c96193c487fe9d78bd2af41338,2024-07-23T17:20:22+02:00,1,731,0.05,,,False,False,1,0,298.42,0.0,0.0033510021125275815,,460609164.0,writer/writer-framework,Python
tests/backend/fixtures/cloud_deploy_fixtures.py,0,callable,ok,tests.backend.fixtures.cloud_deploy_fixtures.create_app,tests.backend.fixtures.cloud_deploy_fixtures.create_app,0aef7a2dcae462c96193c487fe9d78bd2af41338,2024-07-23T17:20:22+02:00,0aef7a2dcae462c96193c487fe9d78bd2af41338,2024-07-23T17:20:22+02:00,1,731,0.011627906976744186,,,False,False,1,0,298.42,0.0,0.0033510021125275815,,460609164.0,writer/writer-framework,Python
tests/backend/fixtures/cloud_deploy_fixtures.py,1,callable,ok,tests.backend.fixtures.cloud_deploy_fixtures.use_fake_cloud_deploy_server,tests.backend.fixtures.cloud_deploy_fixtures.use_fake_cloud_deploy_server,0aef7a2dcae462c96193c487fe9d78bd2af41338,2024-07-23T17:20:22+02:00,0aef7a2dcae462c96193c487fe9d78bd2af41338,2024-07-23T17:20:22+02:00,1,731,0.25,,,False,False,1,0,298.42,0.0,0.0033510021125275815,,460609164.0,writer/writer-framework,Python
tests/backend/fixtures/cloud_deploy_fixtures.py,2,callable,ok,tests.backend.fixtures.cloud_deploy_fixtures.Server.__init__,tests.backend.fixtures.cloud_deploy_fixtures.Server.__init__,0aef7a2dcae462c96193c487fe9d78bd2af41338,2024-07-23T17:20:22+02:00,0aef7a2dcae462c96193c487fe9d78bd2af41338,2024-07-23T17:20:22+02:00,1,731,0.25,,,False,False,1,0,298.42,0.0,0.0033510021125275815,,460609164.0,writer/writer-framework,Python
tests/backend/fixtures/cloud_deploy_fixtures.py,3,callable,ok,tests.backend.fixtures.cloud_deploy_fixtures.Server.install_signal_handlers,tests.backend.fixtures.cloud_deploy_fixtures.Server.install_signal_handlers,0aef7a2dcae462c96193c487fe9d78bd2af41338,2024-07-23T17:20:22+02:00,0aef7a2dcae462c96193c487fe9d78bd2af41338,2024-07-23T17:20:22+02:00,1,731,0.5,,,False,False,1,0,298.42,0.0,0.0033510021125275815,,460609164.0,writer/writer-framework,Python
tests/backend/fixtures/cloud_deploy_fixtures.py,4,callable,ok,tests.backend.fixtures.cloud_deploy_fixtures.Server.run_in_thread,tests.backend.fixtures.cloud_deploy_fixtures.Server.run_in_thread,0aef7a2dcae462c96193c487fe9d78bd2af41338,2024-07-23T17:20:22+02:00,0aef7a2dcae462c96193c487fe9d78bd2af41338,2024-07-23T17:20:22+02:00,1,731,0.1,,,False,False,1,0,298.42,0.0,0.0033510021125275815,,460609164.0,writer/writer-framework,Python
tests/backend/fixtures/core_ui_fixtures.py,0,callable,ok,tests.backend.fixtures.core_ui_fixtures.build_fake_component_tree,tests.backend.fixtures.core_ui_fixtures.build_fake_component_tree,bf659e648e70d7b37784635eca9c56220bbef9cb,2024-04-01T18:55:22+02:00,59ffe57f7d499d8b43f3498b3220e5e4ab2072f7,2024-04-06T14:49:51+02:00,3,844,0.2,-1.9969096626901934,,False,False,3,0,411.35,0.0,0.007293020039598397,,460609164.0,writer/writer-framework,Python
tests/backend/fixtures/file_fixtures.py,0,class,ok,tests.backend.fixtures.file_fixtures.FileFormat,tests.backend.fixtures.file_fixtures.FileFormat,fd6cb84a17ca50b618e892edf28dd4b94977d4c7,2024-08-19T06:48:38+02:00,fd6cb84a17ca50b618e892edf28dd4b94977d4c7,2024-08-19T06:48:38+02:00,1,704,0.2,,,False,False,1,0,271.86,0.0,0.0036784058334067026,,460609164.0,writer/writer-framework,Python
tests/backend/fixtures/file_fixtures.py,0,callable,ok,tests.backend.fixtures.file_fixtures.read,tests.backend.fixtures.file_fixtures.read,fd6cb84a17ca50b618e892edf28dd4b94977d4c7,2024-08-19T06:48:38+02:00,fd6cb84a17ca50b618e892edf28dd4b94977d4c7,2024-08-19T06:48:38+02:00,1,704,0.02564102564102564,,,False,False,1,0,271.86,0.0,0.0036784058334067026,,460609164.0,writer/writer-framework,Python
tests/backend/fixtures/writer_fixtures.py,0,callable,ok,tests.backend.fixtures.writer_fixtures.new_app_context,tests.backend.fixtures.writer_fixtures.new_app_context,1162809a333817596e86aa0e461e91930ee04ad2,2024-07-26T08:38:28+02:00,1162809a333817596e86aa0e461e91930ee04ad2,2024-07-26T08:38:28+02:00,1,728,0.03125,,,False,False,1,0,295.78,0.0,0.003380884058920357,,460609164.0,writer/writer-framework,Python
tests/backend/test_ai.py,0,class,ok,tests.backend.test_ai.FakeAppProcessForAIManager,tests.backend.test_ai.FakeAppProcessForAIManager,f0eac0244f2deba776166d55abd85a52ed9f153f,2024-05-28T13:34:52+03:00,f0eac0244f2deba776166d55abd85a52ed9f153f,2024-05-28T13:34:52+03:00,1,787,0.3333333333333333,,,False,False,1,0,354.62,0.0,0.002819948077706019,,460609164.0,writer/writer-framework,Python
tests/backend/test_ai.py,53,callable,ok,tests.backend.test_ai.mock_writer_client,tests.backend.test_ai.mock_writer_client,47932bb366b60adb021c8c9132213dcbe1c9699b,2024-11-18T13:21:55+03:00,47932bb366b60adb021c8c9132213dcbe1c9699b,2024-11-18T13:21:55+03:00,1,0,0.02,,,True,False,1,0,180.63,0.0,0.005536318344456272,,460609164.0,writer/writer-framework,Python
tests/backend/test_ai.py,54,callable,ok,tests.backend.test_ai.mock_tool_calls_client,tests.backend.test_ai.mock_tool_calls_client,47932bb366b60adb021c8c9132213dcbe1c9699b,2024-11-18T13:21:55+03:00,47932bb366b60adb021c8c9132213dcbe1c9699b,2024-11-18T13:21:55+03:00,1,0,0.037037037037037035,,,True,False,1,0,180.63,0.0,0.005536318344456272,,460609164.0,writer/writer-framework,Python
tests/backend/test_ai.py,55,callable,ok,tests.backend.test_ai.mock_streaming_tool_calls_client,tests.backend.test_ai.mock_streaming_tool_calls_client,47932bb366b60adb021c8c9132213dcbe1c9699b,2024-11-18T13:21:55+03:00,47932bb366b60adb021c8c9132213dcbe1c9699b,2024-11-18T13:21:55+03:00,1,0,0.023809523809523808,,,True,False,1,0,180.63,0.0,0.005536318344456272,,460609164.0,writer/writer-framework,Python
tests/backend/test_ai.py,56,callable,ok,tests.backend.test_ai.test_conversation_with_tool_call,tests.backend.test_ai.test_conversation_with_tool_call,47932bb366b60adb021c8c9132213dcbe1c9699b,2024-11-18T13:21:55+03:00,47932bb366b60adb021c8c9132213dcbe1c9699b,2024-11-18T13:21:55+03:00,1,0,0.05555555555555555,,,True,False,1,0,180.63,0.0,0.005536318344456272,,460609164.0,writer/writer-framework,Python
tests/backend/test_ai.py,57,callable,ok,tests.backend.test_ai.test_conversation_with_stream_tool_call,tests.backend.test_ai.test_conversation_with_stream_tool_call,47932bb366b60adb021c8c9132213dcbe1c9699b,2024-11-18T13:21:55+03:00,47932bb366b60adb021c8c9132213dcbe1c9699b,2024-11-18T13:21:55+03:00,1,0,0.047619047619047616,,,True,False,1,0,180.63,0.0,0.005536318344456272,,460609164.0,writer/writer-framework,Python
tests/backend/test_ai.py,58,callable,ok,tests.backend.test_ai.test_conversation_with_bad_tool_call,tests.backend.test_ai.test_conversation_with_bad_tool_call,47932bb366b60adb021c8c9132213dcbe1c9699b,2024-11-18T13:21:55+03:00,47932bb366b60adb021c8c9132213dcbe1c9699b,2024-11-18T13:21:55+03:00,1,0,0.04,,,True,False,1,0,180.63,0.0,0.005536318344456272,,460609164.0,writer/writer-framework,Python
tests/backend/test_ai.py,59,callable,ok,tests.backend.test_ai.test_conversation_with_stream_bad_tool_call,tests.backend.test_ai.test_conversation_with_stream_bad_tool_call,47932bb366b60adb021c8c9132213dcbe1c9699b,2024-11-18T13:21:55+03:00,47932bb366b60adb021c8c9132213dcbe1c9699b,2024-11-18T13:21:55+03:00,1,0,0.03571428571428571,,,True,False,1,0,180.63,0.0,0.005536318344456272,,460609164.0,writer/writer-framework,Python
tests/backend/test_ai.py,60,callable,ok,tests.backend.test_ai.test_conversation_with_tool_call_max_depth,tests.backend.test_ai.test_conversation_with_tool_call_max_depth,47932bb366b60adb021c8c9132213dcbe1c9699b,2024-11-18T13:21:55+03:00,47932bb366b60adb021c8c9132213dcbe1c9699b,2024-11-18T13:21:55+03:00,1,0,0.06666666666666667,,,True,False,1,0,180.63,0.0,0.005536318344456272,,460609164.0,writer/writer-framework,Python
tests/backend/test_ai.py,61,callable,ok,tests.backend.test_ai.test_conversation_with_stream_tool_call_max_depth,tests.backend.test_ai.test_conversation_with_stream_tool_call_max_depth,47932bb366b60adb021c8c9132213dcbe1c9699b,2024-11-18T13:21:55+03:00,47932bb366b60adb021c8c9132213dcbe1c9699b,2024-11-18T13:21:55+03:00,1,0,0.05555555555555555,,,True,False,1,0,180.63,0.0,0.005536318344456272,,460609164.0,writer/writer-framework,Python
tests/backend/test_ai.py,62,callable,ok,tests.backend.test_ai.test_explicit_conversation_complete_tool_calls,tests.backend.test_ai.test_explicit_conversation_complete_tool_calls,47932bb366b60adb021c8c9132213dcbe1c9699b,2024-11-18T13:21:55+03:00,47932bb366b60adb021c8c9132213dcbe1c9699b,2024-11-18T13:21:55+03:00,1,0,0.011235955056179775,,,True,False,1,0,180.63,0.0,0.005536318344456272,,460609164.0,writer/writer-framework,Python
tests/backend/test_ai.py,63,callable,ok,tests.backend.test_ai.test_explicit_conversation_stream_complete_tool_calls,tests.backend.test_ai.test_explicit_conversation_stream_complete_tool_calls,47932bb366b60adb021c8c9132213dcbe1c9699b,2024-11-18T13:21:55+03:00,47932bb366b60adb021c8c9132213dcbe1c9699b,2024-11-18T13:21:55+03:00,1,0,0.010526315789473684,,,True,False,1,0,180.63,0.0,0.005536318344456272,,460609164.0,writer/writer-framework,Python
tests/backend/test_ai.py,64,callable,ok,tests.backend.test_ai.mock_tools_accessor,tests.backend.test_ai.mock_tools_accessor,ea8ae6cd513d299663e580d6f3b7e8e40d0c0263,2024-12-12T12:10:40+03:00,ea8ae6cd513d299663e580d6f3b7e8e40d0c0263,2024-12-12T12:10:40+03:00,1,0,0.043478260869565216,,,True,False,1,0,156.67,0.0,0.00638264205035284,,460609164.0,writer/writer-framework,Python
tests/backend/test_ai.py,65,callable,ok,tests.backend.test_ai.test_tools_parse_pdf_file_id,tests.backend.test_ai.test_tools_parse_pdf_file_id,ea8ae6cd513d299663e580d6f3b7e8e40d0c0263,2024-12-12T12:10:40+03:00,ea8ae6cd513d299663e580d6f3b7e8e40d0c0263,2024-12-12T12:10:40+03:00,1,0,0.3333333333333333,,,True,False,1,0,156.67,0.0,0.00638264205035284,,460609164.0,writer/writer-framework,Python
tests/backend/test_ai.py,66,callable,ok,tests.backend.test_ai.test_tools_parse_pdf_file_payload_valid,tests.backend.test_ai.test_tools_parse_pdf_file_payload_valid,ea8ae6cd513d299663e580d6f3b7e8e40d0c0263,2024-12-12T12:10:40+03:00,ea8ae6cd513d299663e580d6f3b7e8e40d0c0263,2024-12-12T12:10:40+03:00,1,0,0.09090909090909091,,,True,False,1,0,156.67,0.0,0.00638264205035284,,460609164.0,writer/writer-framework,Python
tests/backend/test_ai.py,67,callable,ok,tests.backend.test_ai.test_tools_parse_pdf_file_payload_missing_name,tests.backend.test_ai.test_tools_parse_pdf_file_payload_missing_name,ea8ae6cd513d299663e580d6f3b7e8e40d0c0263,2024-12-12T12:10:40+03:00,ea8ae6cd513d299663e580d6f3b7e8e40d0c0263,2024-12-12T12:10:40+03:00,1,0,0.06666666666666667,,,True,False,1,0,156.67,0.0,0.00638264205035284,,460609164.0,writer/writer-framework,Python
tests/backend/test_ai.py,68,callable,ok,tests.backend.test_ai.test_tools_split,tests.backend.test_ai.test_tools_split,ea8ae6cd513d299663e580d6f3b7e8e40d0c0263,2024-12-12T12:10:40+03:00,ea8ae6cd513d299663e580d6f3b7e8e40d0c0263,2024-12-12T12:10:40+03:00,1,0,0.3333333333333333,,,True,False,1,0,156.67,0.0,0.00638264205035284,,460609164.0,writer/writer-framework,Python
tests/backend/test_ai.py,69,callable,ok,tests.backend.test_ai.test_tools_split_empty,tests.backend.test_ai.test_tools_split_empty,ea8ae6cd513d299663e580d6f3b7e8e40d0c0263,2024-12-12T12:10:40+03:00,ea8ae6cd513d299663e580d6f3b7e8e40d0c0263,2024-12-12T12:10:40+03:00,1,0,0.3333333333333333,,,True,False,1,0,156.67,0.0,0.00638264205035284,,460609164.0,writer/writer-framework,Python
tests/backend/test_ai.py,70,callable,ok,tests.backend.test_ai.test_tools_comprehend_medical,tests.backend.test_ai.test_tools_comprehend_medical,ea8ae6cd513d299663e580d6f3b7e8e40d0c0263,2024-12-12T12:10:40+03:00,ea8ae6cd513d299663e580d6f3b7e8e40d0c0263,2024-12-12T12:10:40+03:00,1,0,0.2,,,True,False,1,0,156.67,0.0,0.00638264205035284,,460609164.0,writer/writer-framework,Python
tests/backend/test_ai.py,71,callable,ok,tests.backend.test_ai.test_tools_comprehend_medical_empty,tests.backend.test_ai.test_tools_comprehend_medical_empty,ea8ae6cd513d299663e580d6f3b7e8e40d0c0263,2024-12-12T12:10:40+03:00,ea8ae6cd513d299663e580d6f3b7e8e40d0c0263,2024-12-12T12:10:40+03:00,1,0,0.16666666666666666,,,True,False,1,0,156.67,0.0,0.00638264205035284,,460609164.0,writer/writer-framework,Python
tests/backend/test_ai.py,72,callable,ok,tests.backend.test_ai.test_explicit_tools_parse_pdf,tests.backend.test_ai.test_explicit_tools_parse_pdf,ea8ae6cd513d299663e580d6f3b7e8e40d0c0263,2024-12-12T12:10:40+03:00,ea8ae6cd513d299663e580d6f3b7e8e40d0c0263,2024-12-12T12:10:40+03:00,1,0,0.1,,,True,False,1,0,156.67,0.0,0.00638264205035284,,460609164.0,writer/writer-framework,Python
tests/backend/test_ai.py,73,callable,ok,tests.backend.test_ai.test_explicit_tools_split_llm,tests.backend.test_ai.test_explicit_tools_split_llm,ea8ae6cd513d299663e580d6f3b7e8e40d0c0263,2024-12-12T12:10:40+03:00,ea8ae6cd513d299663e580d6f3b7e8e40d0c0263,2024-12-12T12:10:40+03:00,1,0,0.16666666666666666,,,True,False,1,0,156.67,0.0,0.00638264205035284,,460609164.0,writer/writer-framework,Python
tests/backend/test_ai.py,74,callable,ok,tests.backend.test_ai.test_explicit_tools_split_fast,tests.backend.test_ai.test_explicit_tools_split_fast,ea8ae6cd513d299663e580d6f3b7e8e40d0c0263,2024-12-12T12:10:40+03:00,ea8ae6cd513d299663e580d6f3b7e8e40d0c0263,2024-12-12T12:10:40+03:00,1,0,0.14285714285714285,,,True,False,1,0,156.67,0.0,0.00638264205035284,,460609164.0,writer/writer-framework,Python
tests/backend/test_ai.py,75,callable,ok,tests.backend.test_ai.test_explicit_tools_split_hybrid,tests.backend.test_ai.test_explicit_tools_split_hybrid,ea8ae6cd513d299663e580d6f3b7e8e40d0c0263,2024-12-12T12:10:40+03:00,ea8ae6cd513d299663e580d6f3b7e8e40d0c0263,2024-12-12T12:10:40+03:00,1,0,0.125,,,True,False,1,0,156.67,0.0,0.00638264205035284,,460609164.0,writer/writer-framework,Python
tests/backend/test_ai.py,76,callable,ok,tests.backend.test_ai.test_explicit_tools_comprehend_medical_entities,tests.backend.test_ai.test_explicit_tools_comprehend_medical_entities,ea8ae6cd513d299663e580d6f3b7e8e40d0c0263,2024-12-12T12:10:40+03:00,ea8ae6cd513d299663e580d6f3b7e8e40d0c0263,2024-12-12T12:10:40+03:00,1,0,0.037037037037037035,,,True,False,1,0,156.67,0.0,0.00638264205035284,,460609164.0,writer/writer-framework,Python
tests/backend/test_ai.py,77,callable,ok,tests.backend.test_ai.test_explicit_tools_comprehend_medical_rxnorm,tests.backend.test_ai.test_explicit_tools_comprehend_medical_rxnorm,ea8ae6cd513d299663e580d6f3b7e8e40d0c0263,2024-12-12T12:10:40+03:00,ea8ae6cd513d299663e580d6f3b7e8e40d0c0263,2024-12-12T12:10:40+03:00,1,0,0.027777777777777776,,,True,False,1,0,156.67,0.0,0.00638264205035284,,460609164.0,writer/writer-framework,Python
tests/backend/test_ai.py,78,callable,ok,tests.backend.test_ai.test_explicit_tools_comprehend_medical_icd10,tests.backend.test_ai.test_explicit_tools_comprehend_medical_icd10,ea8ae6cd513d299663e580d6f3b7e8e40d0c0263,2024-12-12T12:10:40+03:00,ea8ae6cd513d299663e580d6f3b7e8e40d0c0263,2024-12-12T12:10:40+03:00,1,0,0.041666666666666664,,,True,False,1,0,156.67,0.0,0.00638264205035284,,460609164.0,writer/writer-framework,Python
tests/backend/test_ai.py,79,callable,ok,tests.backend.test_ai.test_explicit_tools_comprehend_medical_snomed,tests.backend.test_ai.test_explicit_tools_comprehend_medical_snomed,ea8ae6cd513d299663e580d6f3b7e8e40d0c0263,2024-12-12T12:10:40+03:00,ea8ae6cd513d299663e580d6f3b7e8e40d0c0263,2024-12-12T12:10:40+03:00,1,0,0.02631578947368421,,,True,False,1,0,156.67,0.0,0.00638264205035284,,460609164.0,writer/writer-framework,Python
tests/backend/test_ai.py,80,callable,ok,tests.backend.test_ai.mock_writer_client,tests.backend.test_ai.mock_writer_client,4be4fcffe6f56011d3faae0f3e85d0431461356d,2025-02-03T14:21:19+03:00,4be4fcffe6f56011d3faae0f3e85d0431461356d,2025-02-03T14:21:19+03:00,1,0,0.02,,,True,False,1,0,103.58,0.0,0.009653981848502878,,460609164.0,writer/writer-framework,Python
tests/backend/test_ai.py,81,callable,ok,tests.backend.test_ai.mock_tool_calls_client,tests.backend.test_ai.mock_tool_calls_client,4be4fcffe6f56011d3faae0f3e85d0431461356d,2025-02-03T14:21:19+03:00,4be4fcffe6f56011d3faae0f3e85d0431461356d,2025-02-03T14:21:19+03:00,1,0,0.037037037037037035,,,True,False,1,0,103.58,0.0,0.009653981848502878,,460609164.0,writer/writer-framework,Python
tests/backend/test_ai.py,82,callable,ok,tests.backend.test_ai.mock_streaming_tool_calls_client,tests.backend.test_ai.mock_streaming_tool_calls_client,4be4fcffe6f56011d3faae0f3e85d0431461356d,2025-02-03T14:21:19+03:00,4be4fcffe6f56011d3faae0f3e85d0431461356d,2025-02-03T14:21:19+03:00,1,0,0.023809523809523808,,,True,False,1,0,103.58,0.0,0.009653981848502878,,460609164.0,writer/writer-framework,Python
tests/backend/test_ai.py,83,callable,ok,tests.backend.test_ai.test_conversation_with_tool_call,tests.backend.test_ai.test_conversation_with_tool_call,4be4fcffe6f56011d3faae0f3e85d0431461356d,2025-02-03T14:21:19+03:00,4be4fcffe6f56011d3faae0f3e85d0431461356d,2025-02-03T14:21:19+03:00,1,0,0.05555555555555555,,,True,False,1,0,103.58,0.0,0.009653981848502878,,460609164.0,writer/writer-framework,Python
tests/backend/test_ai.py,84,callable,ok,tests.backend.test_ai.test_conversation_with_stream_tool_call,tests.backend.test_ai.test_conversation_with_stream_tool_call,4be4fcffe6f56011d3faae0f3e85d0431461356d,2025-02-03T14:21:19+03:00,4be4fcffe6f56011d3faae0f3e85d0431461356d,2025-02-03T14:21:19+03:00,1,0,0.047619047619047616,,,True,False,1,0,103.58,0.0,0.009653981848502878,,460609164.0,writer/writer-framework,Python
tests/backend/test_ai.py,85,callable,ok,tests.backend.test_ai.test_conversation_with_bad_tool_call,tests.backend.test_ai.test_conversation_with_bad_tool_call,4be4fcffe6f56011d3faae0f3e85d0431461356d,2025-02-03T14:21:19+03:00,4be4fcffe6f56011d3faae0f3e85d0431461356d,2025-02-03T14:21:19+03:00,1,0,0.04,,,True,False,1,0,103.58,0.0,0.009653981848502878,,460609164.0,writer/writer-framework,Python
tests/backend/test_ai.py,86,callable,ok,tests.backend.test_ai.test_conversation_with_stream_bad_tool_call,tests.backend.test_ai.test_conversation_with_stream_bad_tool_call,4be4fcffe6f56011d3faae0f3e85d0431461356d,2025-02-03T14:21:19+03:00,4be4fcffe6f56011d3faae0f3e85d0431461356d,2025-02-03T14:21:19+03:00,1,0,0.03571428571428571,,,True,False,1,0,103.58,0.0,0.009653981848502878,,460609164.0,writer/writer-framework,Python
tests/backend/test_ai.py,87,callable,ok,tests.backend.test_ai.test_conversation_with_tool_call_max_depth,tests.backend.test_ai.test_conversation_with_tool_call_max_depth,4be4fcffe6f56011d3faae0f3e85d0431461356d,2025-02-03T14:21:19+03:00,4be4fcffe6f56011d3faae0f3e85d0431461356d,2025-02-03T14:21:19+03:00,1,0,0.06666666666666667,,,True,False,1,0,103.58,0.0,0.009653981848502878,,460609164.0,writer/writer-framework,Python
tests/backend/test_ai.py,88,callable,ok,tests.backend.test_ai.test_conversation_with_stream_tool_call_max_depth,tests.backend.test_ai.test_conversation_with_stream_tool_call_max_depth,4be4fcffe6f56011d3faae0f3e85d0431461356d,2025-02-03T14:21:19+03:00,4be4fcffe6f56011d3faae0f3e85d0431461356d,2025-02-03T14:21:19+03:00,1,0,0.05555555555555555,,,True,False,1,0,103.58,0.0,0.009653981848502878,,460609164.0,writer/writer-framework,Python
tests/backend/test_ai.py,0,callable,ok,tests.backend.test_ai.mock_non_streaming_client,tests.backend.test_ai.mock_non_streaming_client,f0eac0244f2deba776166d55abd85a52ed9f153f,2024-05-28T13:34:52+03:00,dfda2682f8653bfe35cacc290a899c32065c623b,2025-02-06T10:06:58+03:00,8,787,2.0,1.7708869857398821,,False,False,8,0,354.62,0.0,0.022559584621648154,,460609164.0,writer/writer-framework,Python
tests/backend/test_ai.py,1,callable,ok,tests.backend.test_ai.mock_streaming_client,tests.backend.test_ai.mock_streaming_client,f0eac0244f2deba776166d55abd85a52ed9f153f,2024-05-28T13:34:52+03:00,b244cac72903932e291bce404c9068d81b4218b1,2025-02-25T12:04:56+03:00,9,787,0.36,2.012678141719168,,False,False,9,0,354.62,0.0,0.02537953269935417,,460609164.0,writer/writer-framework,Python
tests/backend/test_ai.py,2,callable,ok,tests.backend.test_ai.create_fake_app_process,tests.backend.test_ai.create_fake_app_process,f0eac0244f2deba776166d55abd85a52ed9f153f,2024-05-28T13:34:52+03:00,f0eac0244f2deba776166d55abd85a52ed9f153f,2024-05-28T13:34:52+03:00,1,787,0.1111111111111111,,,False,False,1,0,354.62,0.0,0.002819948077706019,,460609164.0,writer/writer-framework,Python
tests/backend/test_ai.py,3,callable,ok,tests.backend.test_ai.emulate_app_process,tests.backend.test_ai.emulate_app_process,f0eac0244f2deba776166d55abd85a52ed9f153f,2024-05-28T13:34:52+03:00,a56aa5401d0a13d5620d1d48c6e398240b2dd8c7,2025-04-10T10:01:50+03:00,2,787,0.2,,,False,False,2,0,354.62,0.0,0.005639896155412038,,460609164.0,writer/writer-framework,Python
tests/backend/test_ai.py,4,callable,ok,tests.backend.test_ai.test_conversation_init_with_prompt,tests.backend.test_ai.test_conversation_init_with_prompt,f0eac0244f2deba776166d55abd85a52ed9f153f,2024-05-28T13:34:52+03:00,f0eac0244f2deba776166d55abd85a52ed9f153f,2024-05-28T13:34:52+03:00,1,787,0.09090909090909091,,,False,False,1,0,354.62,0.0,0.002819948077706019,,460609164.0,writer/writer-framework,Python
tests/backend/test_ai.py,5,callable,ok,tests.backend.test_ai.test_conversation_init_with_history,tests.backend.test_ai.test_conversation_init_with_history,f0eac0244f2deba776166d55abd85a52ed9f153f,2024-05-28T13:34:52+03:00,f0eac0244f2deba776166d55abd85a52ed9f153f,2024-05-28T13:34:52+03:00,1,787,0.09090909090909091,,,False,False,1,0,354.62,0.0,0.002819948077706019,,460609164.0,writer/writer-framework,Python
tests/backend/test_ai.py,6,callable,ok,tests.backend.test_ai.test_conversation_add_message,tests.backend.test_ai.test_conversation_add_message,f0eac0244f2deba776166d55abd85a52ed9f153f,2024-05-28T13:34:52+03:00,f0eac0244f2deba776166d55abd85a52ed9f153f,2024-05-28T13:34:52+03:00,1,787,0.08333333333333333,,,False,False,1,0,354.62,0.0,0.002819948077706019,,460609164.0,writer/writer-framework,Python
tests/backend/test_ai.py,7,callable,ok,tests.backend.test_ai.test_conversation_add_chunk_to_last_message,tests.backend.test_ai.test_conversation_add_chunk_to_last_message,f0eac0244f2deba776166d55abd85a52ed9f153f,2024-05-28T13:34:52+03:00,f0eac0244f2deba776166d55abd85a52ed9f153f,2024-05-28T13:34:52+03:00,1,787,0.047619047619047616,,,False,False,1,0,354.62,0.0,0.002819948077706019,,460609164.0,writer/writer-framework,Python
tests/backend/test_ai.py,8,callable,ok,tests.backend.test_ai.test_conversation_validate_message,tests.backend.test_ai.test_conversation_validate_message,f0eac0244f2deba776166d55abd85a52ed9f153f,2024-05-28T13:34:52+03:00,f0eac0244f2deba776166d55abd85a52ed9f153f,2024-05-28T13:34:52+03:00,1,787,0.05,,,False,False,1,0,354.62,0.0,0.002819948077706019,,460609164.0,writer/writer-framework,Python
tests/backend/test_ai.py,9,callable,ok,tests.backend.test_ai.test_conversation_serialized_messages_excludes_system,tests.backend.test_ai.test_conversation_serialized_messages_excludes_system,f0eac0244f2deba776166d55abd85a52ed9f153f,2024-05-28T13:34:52+03:00,f0eac0244f2deba776166d55abd85a52ed9f153f,2024-05-28T13:34:52+03:00,1,787,0.05263157894736842,,,False,False,1,0,354.62,0.0,0.002819948077706019,,460609164.0,writer/writer-framework,Python
tests/backend/test_ai.py,10,callable,ok,tests.backend.test_ai.test_conversation_complete,tests.backend.test_ai.test_conversation_complete,f0eac0244f2deba776166d55abd85a52ed9f153f,2024-05-28T13:34:52+03:00,f0eac0244f2deba776166d55abd85a52ed9f153f,2024-05-28T13:34:52+03:00,1,787,0.16666666666666666,,,False,False,1,0,354.62,0.0,0.002819948077706019,,460609164.0,writer/writer-framework,Python
tests/backend/test_ai.py,11,callable,ok,tests.backend.test_ai.test_conversation_stream_complete,tests.backend.test_ai.test_conversation_stream_complete,f0eac0244f2deba776166d55abd85a52ed9f153f,2024-05-28T13:34:52+03:00,f0eac0244f2deba776166d55abd85a52ed9f153f,2024-05-28T13:34:52+03:00,1,787,0.1,,,False,False,1,0,354.62,0.0,0.002819948077706019,,460609164.0,writer/writer-framework,Python
tests/backend/test_ai.py,12,callable,ok,tests.backend.test_ai.test_complete,tests.backend.test_ai.test_complete,f0eac0244f2deba776166d55abd85a52ed9f153f,2024-05-28T13:34:52+03:00,f0eac0244f2deba776166d55abd85a52ed9f153f,2024-05-28T13:34:52+03:00,1,787,0.25,,,False,False,1,0,354.62,0.0,0.002819948077706019,,460609164.0,writer/writer-framework,Python
tests/backend/test_ai.py,13,callable,ok,tests.backend.test_ai.test_stream_complete,tests.backend.test_ai.test_stream_complete,f0eac0244f2deba776166d55abd85a52ed9f153f,2024-05-28T13:34:52+03:00,f0eac0244f2deba776166d55abd85a52ed9f153f,2024-05-28T13:34:52+03:00,1,787,0.25,,,False,False,1,0,354.62,0.0,0.002819948077706019,,460609164.0,writer/writer-framework,Python
tests/backend/test_ai.py,14,callable,ok,tests.backend.test_ai.test_init_writer_ai_manager,tests.backend.test_ai.test_init_writer_ai_manager,f0eac0244f2deba776166d55abd85a52ed9f153f,2024-05-28T13:34:52+03:00,a56aa5401d0a13d5620d1d48c6e398240b2dd8c7,2025-04-10T10:01:50+03:00,2,787,0.5,,,False,False,2,0,354.62,0.0,0.005639896155412038,,460609164.0,writer/writer-framework,Python
tests/backend/test_ai.py,15,callable,ok,tests.backend.test_ai.test_explicit_conversation_complete,tests.backend.test_ai.test_explicit_conversation_complete,f0eac0244f2deba776166d55abd85a52ed9f153f,2024-05-28T13:34:52+03:00,f0eac0244f2deba776166d55abd85a52ed9f153f,2024-05-28T13:34:52+03:00,1,787,0.125,,,False,False,1,0,354.62,0.0,0.002819948077706019,,460609164.0,writer/writer-framework,Python
tests/backend/test_ai.py,16,callable,ok,tests.backend.test_ai.test_explicit_conversation_stream_complete,tests.backend.test_ai.test_explicit_conversation_stream_complete,f0eac0244f2deba776166d55abd85a52ed9f153f,2024-05-28T13:34:52+03:00,f0eac0244f2deba776166d55abd85a52ed9f153f,2024-05-28T13:34:52+03:00,1,787,0.1,,,False,False,1,0,354.62,0.0,0.002819948077706019,,460609164.0,writer/writer-framework,Python
tests/backend/test_ai.py,17,callable,ok,tests.backend.test_ai.test_explicit_complete,tests.backend.test_ai.test_explicit_complete,f0eac0244f2deba776166d55abd85a52ed9f153f,2024-05-28T13:34:52+03:00,f0eac0244f2deba776166d55abd85a52ed9f153f,2024-05-28T13:34:52+03:00,1,787,0.14285714285714285,,,False,False,1,0,354.62,0.0,0.002819948077706019,,460609164.0,writer/writer-framework,Python
tests/backend/test_ai.py,18,callable,ok,tests.backend.test_ai.test_explicit_stream_complete,tests.backend.test_ai.test_explicit_stream_complete,f0eac0244f2deba776166d55abd85a52ed9f153f,2024-05-28T13:34:52+03:00,f0eac0244f2deba776166d55abd85a52ed9f153f,2024-05-28T13:34:52+03:00,1,787,0.1111111111111111,,,False,False,1,0,354.62,0.0,0.002819948077706019,,460609164.0,writer/writer-framework,Python
tests/backend/test_ai.py,19,callable,ok,tests.backend.test_ai.FakeAppProcessForAIManager.__init__,tests.backend.test_ai.FakeAppProcessForAIManager.__init__,f0eac0244f2deba776166d55abd85a52ed9f153f,2024-05-28T13:34:52+03:00,f0eac0244f2deba776166d55abd85a52ed9f153f,2024-05-28T13:34:52+03:00,1,787,0.5,,,False,False,1,0,354.62,0.0,0.002819948077706019,,460609164.0,writer/writer-framework,Python
tests/backend/test_ai.py,20,callable,ok,tests.backend.test_ai.sdk_graph_mock,tests.backend.test_ai.sdk_graph_mock,122f0aae6b552f383f77dc131cd9a0edfab5d2e2,2024-07-23T10:38:24+03:00,b244cac72903932e291bce404c9068d81b4218b1,2025-02-25T12:04:56+03:00,2,731,0.14285714285714285,,,False,False,2,0,298.74,0.0,0.0066948070690653816,,460609164.0,writer/writer-framework,Python
tests/backend/test_ai.py,21,callable,ok,tests.backend.test_ai.sdk_file_mock,tests.backend.test_ai.sdk_file_mock,122f0aae6b552f383f77dc131cd9a0edfab5d2e2,2024-07-23T10:38:24+03:00,a8de0530a4ca9c02b324c737825117bb1bc75bbe,2024-10-10T12:00:09+04:00,2,731,0.25,,,False,False,2,0,298.74,0.0,0.0066948070690653816,,460609164.0,writer/writer-framework,Python
tests/backend/test_ai.py,22,callable,ok,tests.backend.test_ai.mock_graphs_accessor,tests.backend.test_ai.mock_graphs_accessor,122f0aae6b552f383f77dc131cd9a0edfab5d2e2,2024-07-23T10:38:24+03:00,122f0aae6b552f383f77dc131cd9a0edfab5d2e2,2024-07-23T10:38:24+03:00,1,731,0.07142857142857142,,,False,False,1,0,298.74,0.0,0.0033474035345326908,,460609164.0,writer/writer-framework,Python
tests/backend/test_ai.py,23,callable,ok,tests.backend.test_ai.mock_files_accessor,tests.backend.test_ai.mock_files_accessor,122f0aae6b552f383f77dc131cd9a0edfab5d2e2,2024-07-23T10:38:24+03:00,122f0aae6b552f383f77dc131cd9a0edfab5d2e2,2024-07-23T10:38:24+03:00,1,731,0.1,,,False,False,1,0,298.74,0.0,0.0033474035345326908,,460609164.0,writer/writer-framework,Python
tests/backend/test_ai.py,24,callable,ok,tests.backend.test_ai.created_graphs,tests.backend.test_ai.created_graphs,122f0aae6b552f383f77dc131cd9a0edfab5d2e2,2024-07-23T10:38:24+03:00,122f0aae6b552f383f77dc131cd9a0edfab5d2e2,2024-07-23T10:38:24+03:00,1,731,0.2,,,False,False,1,0,298.74,0.0,0.0033474035345326908,,460609164.0,writer/writer-framework,Python
tests/backend/test_ai.py,25,callable,ok,tests.backend.test_ai.created_files,tests.backend.test_ai.created_files,122f0aae6b552f383f77dc131cd9a0edfab5d2e2,2024-07-23T10:38:24+03:00,122f0aae6b552f383f77dc131cd9a0edfab5d2e2,2024-07-23T10:38:24+03:00,1,731,0.2,,,False,False,1,0,298.74,0.0,0.0033474035345326908,,460609164.0,writer/writer-framework,Python
tests/backend/test_ai.py,26,callable,ok,tests.backend.test_ai.test_create_graph,tests.backend.test_ai.test_create_graph,122f0aae6b552f383f77dc131cd9a0edfab5d2e2,2024-07-23T10:38:24+03:00,122f0aae6b552f383f77dc131cd9a0edfab5d2e2,2024-07-23T10:38:24+03:00,1,731,0.14285714285714285,,,False,False,1,0,298.74,0.0,0.0033474035345326908,,460609164.0,writer/writer-framework,Python
tests/backend/test_ai.py,27,callable,ok,tests.backend.test_ai.test_retrieve_graph,tests.backend.test_ai.test_retrieve_graph,122f0aae6b552f383f77dc131cd9a0edfab5d2e2,2024-07-23T10:38:24+03:00,122f0aae6b552f383f77dc131cd9a0edfab5d2e2,2024-07-23T10:38:24+03:00,1,731,0.14285714285714285,,,False,False,1,0,298.74,0.0,0.0033474035345326908,,460609164.0,writer/writer-framework,Python
tests/backend/test_ai.py,28,callable,ok,tests.backend.test_ai.test_list_graphs,tests.backend.test_ai.test_list_graphs,122f0aae6b552f383f77dc131cd9a0edfab5d2e2,2024-07-23T10:38:24+03:00,122f0aae6b552f383f77dc131cd9a0edfab5d2e2,2024-07-23T10:38:24+03:00,1,731,0.125,,,False,False,1,0,298.74,0.0,0.0033474035345326908,,460609164.0,writer/writer-framework,Python
tests/backend/test_ai.py,29,callable,ok,tests.backend.test_ai.test_delete_graph,tests.backend.test_ai.test_delete_graph,122f0aae6b552f383f77dc131cd9a0edfab5d2e2,2024-07-23T10:38:24+03:00,122f0aae6b552f383f77dc131cd9a0edfab5d2e2,2024-07-23T10:38:24+03:00,1,731,0.16666666666666666,,,False,False,1,0,298.74,0.0,0.0033474035345326908,,460609164.0,writer/writer-framework,Python
tests/backend/test_ai.py,30,callable,ok,tests.backend.test_ai.test_add_file_to_graph,tests.backend.test_ai.test_add_file_to_graph,122f0aae6b552f383f77dc131cd9a0edfab5d2e2,2024-07-23T10:38:24+03:00,122f0aae6b552f383f77dc131cd9a0edfab5d2e2,2024-07-23T10:38:24+03:00,1,731,0.09090909090909091,,,False,False,1,0,298.74,0.0,0.0033474035345326908,,460609164.0,writer/writer-framework,Python
tests/backend/test_ai.py,31,callable,ok,tests.backend.test_ai.test_retrieve_file,tests.backend.test_ai.test_retrieve_file,122f0aae6b552f383f77dc131cd9a0edfab5d2e2,2024-07-23T10:38:24+03:00,122f0aae6b552f383f77dc131cd9a0edfab5d2e2,2024-07-23T10:38:24+03:00,1,731,0.14285714285714285,,,False,False,1,0,298.74,0.0,0.0033474035345326908,,460609164.0,writer/writer-framework,Python
tests/backend/test_ai.py,32,callable,ok,tests.backend.test_ai.test_list_files,tests.backend.test_ai.test_list_files,122f0aae6b552f383f77dc131cd9a0edfab5d2e2,2024-07-23T10:38:24+03:00,122f0aae6b552f383f77dc131cd9a0edfab5d2e2,2024-07-23T10:38:24+03:00,1,731,0.125,,,False,False,1,0,298.74,0.0,0.0033474035345326908,,460609164.0,writer/writer-framework,Python
tests/backend/test_ai.py,33,callable,ok,tests.backend.test_ai.test_upload_file,tests.backend.test_ai.test_upload_file,122f0aae6b552f383f77dc131cd9a0edfab5d2e2,2024-07-23T10:38:24+03:00,122f0aae6b552f383f77dc131cd9a0edfab5d2e2,2024-07-23T10:38:24+03:00,1,731,0.125,,,False,False,1,0,298.74,0.0,0.0033474035345326908,,460609164.0,writer/writer-framework,Python
tests/backend/test_ai.py,34,callable,ok,tests.backend.test_ai.test_delete_file,tests.backend.test_ai.test_delete_file,122f0aae6b552f383f77dc131cd9a0edfab5d2e2,2024-07-23T10:38:24+03:00,122f0aae6b552f383f77dc131cd9a0edfab5d2e2,2024-07-23T10:38:24+03:00,1,731,0.16666666666666666,,,False,False,1,0,298.74,0.0,0.0033474035345326908,,460609164.0,writer/writer-framework,Python
tests/backend/test_ai.py,35,callable,ok,tests.backend.test_ai.test_explicit_create_graph,tests.backend.test_ai.test_explicit_create_graph,122f0aae6b552f383f77dc131cd9a0edfab5d2e2,2024-07-23T10:38:24+03:00,122f0aae6b552f383f77dc131cd9a0edfab5d2e2,2024-07-23T10:38:24+03:00,1,731,0.2,,,False,False,1,0,298.74,0.0,0.0033474035345326908,,460609164.0,writer/writer-framework,Python
tests/backend/test_ai.py,36,callable,ok,tests.backend.test_ai.test_explicit_retrieve_graph,tests.backend.test_ai.test_explicit_retrieve_graph,122f0aae6b552f383f77dc131cd9a0edfab5d2e2,2024-07-23T10:38:24+03:00,122f0aae6b552f383f77dc131cd9a0edfab5d2e2,2024-07-23T10:38:24+03:00,1,731,0.14285714285714285,,,False,False,1,0,298.74,0.0,0.0033474035345326908,,460609164.0,writer/writer-framework,Python
tests/backend/test_ai.py,37,callable,ok,tests.backend.test_ai.test_explicit_list_graphs,tests.backend.test_ai.test_explicit_list_graphs,122f0aae6b552f383f77dc131cd9a0edfab5d2e2,2024-07-23T10:38:24+03:00,122f0aae6b552f383f77dc131cd9a0edfab5d2e2,2024-07-23T10:38:24+03:00,1,731,0.1111111111111111,,,False,False,1,0,298.74,0.0,0.0033474035345326908,,460609164.0,writer/writer-framework,Python
tests/backend/test_ai.py,38,callable,ok,tests.backend.test_ai.test_explicit_delete_graph,tests.backend.test_ai.test_explicit_delete_graph,122f0aae6b552f383f77dc131cd9a0edfab5d2e2,2024-07-23T10:38:24+03:00,122f0aae6b552f383f77dc131cd9a0edfab5d2e2,2024-07-23T10:38:24+03:00,1,731,0.1111111111111111,,,False,False,1,0,298.74,0.0,0.0033474035345326908,,460609164.0,writer/writer-framework,Python
tests/backend/test_ai.py,39,callable,ok,tests.backend.test_ai.test_explicit_upload_file,tests.backend.test_ai.test_explicit_upload_file,122f0aae6b552f383f77dc131cd9a0edfab5d2e2,2024-07-23T10:38:24+03:00,122f0aae6b552f383f77dc131cd9a0edfab5d2e2,2024-07-23T10:38:24+03:00,1,731,0.14285714285714285,,,False,False,1,0,298.74,0.0,0.0033474035345326908,,460609164.0,writer/writer-framework,Python
tests/backend/test_ai.py,40,callable,ok,tests.backend.test_ai.test_explicit_retrieve_file,tests.backend.test_ai.test_explicit_retrieve_file,122f0aae6b552f383f77dc131cd9a0edfab5d2e2,2024-07-23T10:38:24+03:00,122f0aae6b552f383f77dc131cd9a0edfab5d2e2,2024-07-23T10:38:24+03:00,1,731,0.14285714285714285,,,False,False,1,0,298.74,0.0,0.0033474035345326908,,460609164.0,writer/writer-framework,Python
tests/backend/test_ai.py,41,callable,ok,tests.backend.test_ai.test_explicit_list_files,tests.backend.test_ai.test_explicit_list_files,122f0aae6b552f383f77dc131cd9a0edfab5d2e2,2024-07-23T10:38:24+03:00,122f0aae6b552f383f77dc131cd9a0edfab5d2e2,2024-07-23T10:38:24+03:00,1,731,0.1,,,False,False,1,0,298.74,0.0,0.0033474035345326908,,460609164.0,writer/writer-framework,Python
tests/backend/test_ai.py,42,callable,ok,tests.backend.test_ai.test_explicit_delete_file,tests.backend.test_ai.test_explicit_delete_file,122f0aae6b552f383f77dc131cd9a0edfab5d2e2,2024-07-23T10:38:24+03:00,122f0aae6b552f383f77dc131cd9a0edfab5d2e2,2024-07-23T10:38:24+03:00,1,731,0.1111111111111111,,,False,False,1,0,298.74,0.0,0.0033474035345326908,,460609164.0,writer/writer-framework,Python
tests/backend/test_ai.py,43,callable,ok,tests.backend.test_ai.mock_app_content_generation,tests.backend.test_ai.mock_app_content_generation,9ba58b04ba573e1504e9c0f905067008b9f0dd5e,2024-08-16T15:07:33Z,f1d2f5d933ffdcb5a96014d5f644883b37782bec,2025-03-11T14:53:57+03:00,3,707,0.034482758620689655,0.3593368921850924,,False,False,3,0,274.43,0.0,0.010931865168095772,,460609164.0,writer/writer-framework,Python
tests/backend/test_ai.py,44,callable,ok,tests.backend.test_ai.test_generate_content_from_app,tests.backend.test_ai.test_generate_content_from_app,9ba58b04ba573e1504e9c0f905067008b9f0dd5e,2024-08-16T15:07:33Z,9ba58b04ba573e1504e9c0f905067008b9f0dd5e,2024-08-16T15:07:33Z,1,707,0.14285714285714285,,,False,False,1,0,274.43,0.0,0.0036439550560319243,,460609164.0,writer/writer-framework,Python
tests/backend/test_ai.py,45,callable,ok,tests.backend.test_ai.test_ask,tests.backend.test_ai.test_ask,7a7d919adf132f90a7332d523f961772bc652a33,2024-11-18T10:47:18+03:00,7a7d919adf132f90a7332d523f961772bc652a33,2024-11-18T10:47:18+03:00,1,613,0.07142857142857142,,,False,False,1,0,180.73,0.0,0.0055330292387294625,,460609164.0,writer/writer-framework,Python
tests/backend/test_ai.py,46,callable,ok,tests.backend.test_ai.test_stream_ask,tests.backend.test_ai.test_stream_ask,7a7d919adf132f90a7332d523f961772bc652a33,2024-11-18T10:47:18+03:00,7a7d919adf132f90a7332d523f961772bc652a33,2024-11-18T10:47:18+03:00,1,613,0.07142857142857142,,,False,False,1,0,180.73,0.0,0.0055330292387294625,,460609164.0,writer/writer-framework,Python
tests/backend/test_ai.py,47,callable,ok,tests.backend.test_ai.test_ask_graph_class,tests.backend.test_ai.test_ask_graph_class,7a7d919adf132f90a7332d523f961772bc652a33,2024-11-18T10:47:18+03:00,7a7d919adf132f90a7332d523f961772bc652a33,2024-11-18T10:47:18+03:00,1,613,0.07142857142857142,,,False,False,1,0,180.73,0.0,0.0055330292387294625,,460609164.0,writer/writer-framework,Python
tests/backend/test_ai.py,48,callable,ok,tests.backend.test_ai.test_stream_ask_graph_class,tests.backend.test_ai.test_stream_ask_graph_class,7a7d919adf132f90a7332d523f961772bc652a33,2024-11-18T10:47:18+03:00,7a7d919adf132f90a7332d523f961772bc652a33,2024-11-18T10:47:18+03:00,1,613,0.07142857142857142,,,False,False,1,0,180.73,0.0,0.0055330292387294625,,460609164.0,writer/writer-framework,Python
tests/backend/test_ai.py,49,callable,ok,tests.backend.test_ai.test_explicit_ask_graph_class,tests.backend.test_ai.test_explicit_ask_graph_class,7a7d919adf132f90a7332d523f961772bc652a33,2024-11-18T10:47:18+03:00,dfda2682f8653bfe35cacc290a899c32065c623b,2025-02-06T10:06:58+03:00,2,613,0.05128205128205128,,,False,False,2,0,180.73,0.0,0.011066058477458925,,460609164.0,writer/writer-framework,Python
tests/backend/test_ai.py,50,callable,ok,tests.backend.test_ai.test_explicit_stream_ask_graph_class,tests.backend.test_ai.test_explicit_stream_ask_graph_class,7a7d919adf132f90a7332d523f961772bc652a33,2024-11-18T10:47:18+03:00,dfda2682f8653bfe35cacc290a899c32065c623b,2025-02-06T10:06:58+03:00,2,613,0.047619047619047616,,,False,False,2,0,180.73,0.0,0.011066058477458925,,460609164.0,writer/writer-framework,Python
tests/backend/test_ai.py,51,callable,ok,tests.backend.test_ai.test_explicit_ask,tests.backend.test_ai.test_explicit_ask,7a7d919adf132f90a7332d523f961772bc652a33,2024-11-18T10:47:18+03:00,dfda2682f8653bfe35cacc290a899c32065c623b,2025-02-06T10:06:58+03:00,2,613,0.04878048780487805,,,False,False,2,0,180.73,0.0,0.011066058477458925,,460609164.0,writer/writer-framework,Python
tests/backend/test_ai.py,52,callable,ok,tests.backend.test_ai.test_explicit_stream_ask,tests.backend.test_ai.test_explicit_stream_ask,7a7d919adf132f90a7332d523f961772bc652a33,2024-11-18T10:47:18+03:00,dfda2682f8653bfe35cacc290a899c32065c623b,2025-02-06T10:06:58+03:00,2,613,0.045454545454545456,,,False,False,2,0,180.73,0.0,0.011066058477458925,,460609164.0,writer/writer-framework,Python
tests/backend/test_ai.py,89,callable,ok,tests.backend.test_ai.test_explicit_conversation_complete_tool_calls,tests.backend.test_ai.test_explicit_conversation_complete_tool_calls,4be4fcffe6f56011d3faae0f3e85d0431461356d,2025-02-03T14:21:19+03:00,4be4fcffe6f56011d3faae0f3e85d0431461356d,2025-02-03T14:21:19+03:00,1,536,0.010869565217391304,,,False,False,1,0,103.58,0.0,0.009653981848502878,,460609164.0,writer/writer-framework,Python
tests/backend/test_ai.py,90,callable,ok,tests.backend.test_ai.test_explicit_conversation_stream_complete_tool_calls,tests.backend.test_ai.test_explicit_conversation_stream_complete_tool_calls,4be4fcffe6f56011d3faae0f3e85d0431461356d,2025-02-03T14:21:19+03:00,4be4fcffe6f56011d3faae0f3e85d0431461356d,2025-02-03T14:21:19+03:00,1,536,0.01020408163265306,,,False,False,1,0,103.58,0.0,0.009653981848502878,,460609164.0,writer/writer-framework,Python
tests/backend/test_ai.py,91,callable,ok,tests.backend.test_ai.mock_tools_accessor,tests.backend.test_ai.mock_tools_accessor,15856313621a7f7ac497af94714563e0c3655dbd,2025-02-03T14:48:39+03:00,15856313621a7f7ac497af94714563e0c3655dbd,2025-02-03T14:48:39+03:00,1,536,0.043478260869565216,,,False,False,1,0,103.57,0.0,0.009655751234768304,,460609164.0,writer/writer-framework,Python
tests/backend/test_ai.py,92,callable,ok,tests.backend.test_ai.test_tools_parse_pdf_file_id,tests.backend.test_ai.test_tools_parse_pdf_file_id,15856313621a7f7ac497af94714563e0c3655dbd,2025-02-03T14:48:39+03:00,15856313621a7f7ac497af94714563e0c3655dbd,2025-02-03T14:48:39+03:00,1,536,0.3333333333333333,,,False,False,1,0,103.57,0.0,0.009655751234768304,,460609164.0,writer/writer-framework,Python
tests/backend/test_ai.py,93,callable,ok,tests.backend.test_ai.test_tools_parse_pdf_file_payload_valid,tests.backend.test_ai.test_tools_parse_pdf_file_payload_valid,15856313621a7f7ac497af94714563e0c3655dbd,2025-02-03T14:48:39+03:00,15856313621a7f7ac497af94714563e0c3655dbd,2025-02-03T14:48:39+03:00,1,536,0.09090909090909091,,,False,False,1,0,103.57,0.0,0.009655751234768304,,460609164.0,writer/writer-framework,Python
tests/backend/test_ai.py,94,callable,ok,tests.backend.test_ai.test_tools_parse_pdf_file_payload_missing_name,tests.backend.test_ai.test_tools_parse_pdf_file_payload_missing_name,15856313621a7f7ac497af94714563e0c3655dbd,2025-02-03T14:48:39+03:00,15856313621a7f7ac497af94714563e0c3655dbd,2025-02-03T14:48:39+03:00,1,536,0.06666666666666667,,,False,False,1,0,103.57,0.0,0.009655751234768304,,460609164.0,writer/writer-framework,Python
tests/backend/test_ai.py,95,callable,ok,tests.backend.test_ai.test_tools_split,tests.backend.test_ai.test_tools_split,15856313621a7f7ac497af94714563e0c3655dbd,2025-02-03T14:48:39+03:00,15856313621a7f7ac497af94714563e0c3655dbd,2025-02-03T14:48:39+03:00,1,536,0.3333333333333333,,,False,False,1,0,103.57,0.0,0.009655751234768304,,460609164.0,writer/writer-framework,Python
tests/backend/test_ai.py,96,callable,ok,tests.backend.test_ai.test_tools_split_empty,tests.backend.test_ai.test_tools_split_empty,15856313621a7f7ac497af94714563e0c3655dbd,2025-02-03T14:48:39+03:00,15856313621a7f7ac497af94714563e0c3655dbd,2025-02-03T14:48:39+03:00,1,536,0.3333333333333333,,,False,False,1,0,103.57,0.0,0.009655751234768304,,460609164.0,writer/writer-framework,Python
tests/backend/test_ai.py,97,callable,ok,tests.backend.test_ai.test_tools_comprehend_medical,tests.backend.test_ai.test_tools_comprehend_medical,15856313621a7f7ac497af94714563e0c3655dbd,2025-02-03T14:48:39+03:00,15856313621a7f7ac497af94714563e0c3655dbd,2025-02-03T14:48:39+03:00,1,536,0.2,,,False,False,1,0,103.57,0.0,0.009655751234768304,,460609164.0,writer/writer-framework,Python
tests/backend/test_ai.py,98,callable,ok,tests.backend.test_ai.test_tools_comprehend_medical_empty,tests.backend.test_ai.test_tools_comprehend_medical_empty,15856313621a7f7ac497af94714563e0c3655dbd,2025-02-03T14:48:39+03:00,15856313621a7f7ac497af94714563e0c3655dbd,2025-02-03T14:48:39+03:00,1,536,0.16666666666666666,,,False,False,1,0,103.57,0.0,0.009655751234768304,,460609164.0,writer/writer-framework,Python
tests/backend/test_ai.py,99,callable,ok,tests.backend.test_ai.test_explicit_tools_parse_pdf,tests.backend.test_ai.test_explicit_tools_parse_pdf,15856313621a7f7ac497af94714563e0c3655dbd,2025-02-03T14:48:39+03:00,15856313621a7f7ac497af94714563e0c3655dbd,2025-02-03T14:48:39+03:00,1,536,0.1,,,False,False,1,0,103.57,0.0,0.009655751234768304,,460609164.0,writer/writer-framework,Python
tests/backend/test_ai.py,100,callable,ok,tests.backend.test_ai.test_explicit_tools_split_llm,tests.backend.test_ai.test_explicit_tools_split_llm,15856313621a7f7ac497af94714563e0c3655dbd,2025-02-03T14:48:39+03:00,15856313621a7f7ac497af94714563e0c3655dbd,2025-02-03T14:48:39+03:00,1,536,0.16666666666666666,,,False,False,1,0,103.57,0.0,0.009655751234768304,,460609164.0,writer/writer-framework,Python
tests/backend/test_ai.py,101,callable,ok,tests.backend.test_ai.test_explicit_tools_split_fast,tests.backend.test_ai.test_explicit_tools_split_fast,15856313621a7f7ac497af94714563e0c3655dbd,2025-02-03T14:48:39+03:00,15856313621a7f7ac497af94714563e0c3655dbd,2025-02-03T14:48:39+03:00,1,536,0.14285714285714285,,,False,False,1,0,103.57,0.0,0.009655751234768304,,460609164.0,writer/writer-framework,Python
tests/backend/test_ai.py,102,callable,ok,tests.backend.test_ai.test_explicit_tools_split_hybrid,tests.backend.test_ai.test_explicit_tools_split_hybrid,15856313621a7f7ac497af94714563e0c3655dbd,2025-02-03T14:48:39+03:00,15856313621a7f7ac497af94714563e0c3655dbd,2025-02-03T14:48:39+03:00,1,536,0.125,,,False,False,1,0,103.57,0.0,0.009655751234768304,,460609164.0,writer/writer-framework,Python
tests/backend/test_ai.py,103,callable,ok,tests.backend.test_ai.test_explicit_tools_comprehend_medical_entities,tests.backend.test_ai.test_explicit_tools_comprehend_medical_entities,15856313621a7f7ac497af94714563e0c3655dbd,2025-02-03T14:48:39+03:00,15856313621a7f7ac497af94714563e0c3655dbd,2025-02-03T14:48:39+03:00,1,536,0.037037037037037035,,,False,False,1,0,103.57,0.0,0.009655751234768304,,460609164.0,writer/writer-framework,Python
tests/backend/test_ai.py,104,callable,ok,tests.backend.test_ai.test_explicit_tools_comprehend_medical_rxnorm,tests.backend.test_ai.test_explicit_tools_comprehend_medical_rxnorm,15856313621a7f7ac497af94714563e0c3655dbd,2025-02-03T14:48:39+03:00,15856313621a7f7ac497af94714563e0c3655dbd,2025-02-03T14:48:39+03:00,1,536,0.027777777777777776,,,False,False,1,0,103.57,0.0,0.009655751234768304,,460609164.0,writer/writer-framework,Python
tests/backend/test_ai.py,105,callable,ok,tests.backend.test_ai.test_explicit_tools_comprehend_medical_icd10,tests.backend.test_ai.test_explicit_tools_comprehend_medical_icd10,15856313621a7f7ac497af94714563e0c3655dbd,2025-02-03T14:48:39+03:00,15856313621a7f7ac497af94714563e0c3655dbd,2025-02-03T14:48:39+03:00,1,536,0.041666666666666664,,,False,False,1,0,103.57,0.0,0.009655751234768304,,460609164.0,writer/writer-framework,Python
tests/backend/test_ai.py,106,callable,ok,tests.backend.test_ai.test_explicit_tools_comprehend_medical_snomed,tests.backend.test_ai.test_explicit_tools_comprehend_medical_snomed,15856313621a7f7ac497af94714563e0c3655dbd,2025-02-03T14:48:39+03:00,15856313621a7f7ac497af94714563e0c3655dbd,2025-02-03T14:48:39+03:00,1,536,0.02631578947368421,,,False,False,1,0,103.57,0.0,0.009655751234768304,,460609164.0,writer/writer-framework,Python
tests/backend/test_ai.py,107,callable,ok,tests.backend.test_ai.mock_writer_client,tests.backend.test_ai.mock_writer_client,dfda2682f8653bfe35cacc290a899c32065c623b,2025-02-06T10:06:58+03:00,b244cac72903932e291bce404c9068d81b4218b1,2025-02-25T12:04:56+03:00,2,533,0.04,,,False,False,2,0,100.76,0.0,0.01984898232613532,,460609164.0,writer/writer-framework,Python
tests/backend/test_ai.py,108,callable,ok,tests.backend.test_ai.mock_tool_calls_client,tests.backend.test_ai.mock_tool_calls_client,dfda2682f8653bfe35cacc290a899c32065c623b,2025-02-06T10:06:58+03:00,dfda2682f8653bfe35cacc290a899c32065c623b,2025-02-06T10:06:58+03:00,1,533,0.037037037037037035,,,False,False,1,0,100.76,0.0,0.00992449116306766,,460609164.0,writer/writer-framework,Python
tests/backend/test_ai.py,109,callable,ok,tests.backend.test_ai.mock_streaming_tool_calls_client,tests.backend.test_ai.mock_streaming_tool_calls_client,dfda2682f8653bfe35cacc290a899c32065c623b,2025-02-06T10:06:58+03:00,b244cac72903932e291bce404c9068d81b4218b1,2025-02-25T12:04:56+03:00,2,533,0.047619047619047616,,,False,False,2,0,100.76,0.0,0.01984898232613532,,460609164.0,writer/writer-framework,Python
tests/backend/test_ai.py,110,callable,ok,tests.backend.test_ai.test_conversation_with_tool_call,tests.backend.test_ai.test_conversation_with_tool_call,dfda2682f8653bfe35cacc290a899c32065c623b,2025-02-06T10:06:58+03:00,dfda2682f8653bfe35cacc290a899c32065c623b,2025-02-06T10:06:58+03:00,1,533,0.05555555555555555,,,False,False,1,0,100.76,0.0,0.00992449116306766,,460609164.0,writer/writer-framework,Python
tests/backend/test_ai.py,111,callable,ok,tests.backend.test_ai.test_conversation_with_stream_tool_call,tests.backend.test_ai.test_conversation_with_stream_tool_call,dfda2682f8653bfe35cacc290a899c32065c623b,2025-02-06T10:06:58+03:00,dfda2682f8653bfe35cacc290a899c32065c623b,2025-02-06T10:06:58+03:00,1,533,0.047619047619047616,,,False,False,1,0,100.76,0.0,0.00992449116306766,,460609164.0,writer/writer-framework,Python
tests/backend/test_ai.py,112,callable,ok,tests.backend.test_ai.test_conversation_with_bad_tool_call,tests.backend.test_ai.test_conversation_with_bad_tool_call,dfda2682f8653bfe35cacc290a899c32065c623b,2025-02-06T10:06:58+03:00,dfda2682f8653bfe35cacc290a899c32065c623b,2025-02-06T10:06:58+03:00,1,533,0.04,,,False,False,1,0,100.76,0.0,0.00992449116306766,,460609164.0,writer/writer-framework,Python
tests/backend/test_ai.py,113,callable,ok,tests.backend.test_ai.test_conversation_with_stream_bad_tool_call,tests.backend.test_ai.test_conversation_with_stream_bad_tool_call,dfda2682f8653bfe35cacc290a899c32065c623b,2025-02-06T10:06:58+03:00,dfda2682f8653bfe35cacc290a899c32065c623b,2025-02-06T10:06:58+03:00,1,533,0.03571428571428571,,,False,False,1,0,100.76,0.0,0.00992449116306766,,460609164.0,writer/writer-framework,Python
tests/backend/test_ai.py,114,callable,ok,tests.backend.test_ai.test_conversation_with_tool_call_max_depth,tests.backend.test_ai.test_conversation_with_tool_call_max_depth,dfda2682f8653bfe35cacc290a899c32065c623b,2025-02-06T10:06:58+03:00,dfda2682f8653bfe35cacc290a899c32065c623b,2025-02-06T10:06:58+03:00,1,533,0.06666666666666667,,,False,False,1,0,100.76,0.0,0.00992449116306766,,460609164.0,writer/writer-framework,Python
tests/backend/test_ai.py,115,callable,ok,tests.backend.test_ai.test_conversation_with_stream_tool_call_max_depth,tests.backend.test_ai.test_conversation_with_stream_tool_call_max_depth,dfda2682f8653bfe35cacc290a899c32065c623b,2025-02-06T10:06:58+03:00,dfda2682f8653bfe35cacc290a899c32065c623b,2025-02-06T10:06:58+03:00,1,533,0.05555555555555555,,,False,False,1,0,100.76,0.0,0.00992449116306766,,460609164.0,writer/writer-framework,Python
tests/backend/test_ai.py,116,callable,ok,tests.backend.test_ai.test_apps_list,tests.backend.test_ai.test_apps_list,b244cac72903932e291bce404c9068d81b4218b1,2025-02-25T12:04:56+03:00,b244cac72903932e291bce404c9068d81b4218b1,2025-02-25T12:04:56+03:00,1,514,0.09090909090909091,,,False,False,1,0,81.68,0.0,0.012243062193905732,,460609164.0,writer/writer-framework,Python
tests/backend/test_ai.py,117,callable,ok,tests.backend.test_ai.test_apps_retrieve,tests.backend.test_ai.test_apps_retrieve,f1d2f5d933ffdcb5a96014d5f644883b37782bec,2025-03-11T14:53:57+03:00,f1d2f5d933ffdcb5a96014d5f644883b37782bec,2025-03-11T14:53:57+03:00,1,500,0.1,,,False,False,1,0,67.56,0.0,0.014801320538185609,,460609164.0,writer/writer-framework,Python
tests/backend/test_ai.py,118,callable,ok,tests.backend.test_ai.test_generate_content_from_app_async,tests.backend.test_ai.test_generate_content_from_app_async,f1d2f5d933ffdcb5a96014d5f644883b37782bec,2025-03-11T14:53:57+03:00,f1d2f5d933ffdcb5a96014d5f644883b37782bec,2025-03-11T14:53:57+03:00,1,500,0.07142857142857142,,,False,False,1,0,67.56,0.0,0.014801320538185609,,460609164.0,writer/writer-framework,Python
tests/backend/test_ai.py,119,callable,ok,tests.backend.test_ai.test_apps_retry_job,tests.backend.test_ai.test_apps_retry_job,f1d2f5d933ffdcb5a96014d5f644883b37782bec,2025-03-11T14:53:57+03:00,f1d2f5d933ffdcb5a96014d5f644883b37782bec,2025-03-11T14:53:57+03:00,1,500,0.1111111111111111,,,False,False,1,0,67.56,0.0,0.014801320538185609,,460609164.0,writer/writer-framework,Python
tests/backend/test_ai.py,120,callable,ok,tests.backend.test_ai.test_apps_retrieve_jobs,tests.backend.test_ai.test_apps_retrieve_jobs,f1d2f5d933ffdcb5a96014d5f644883b37782bec,2025-03-11T14:53:57+03:00,f1d2f5d933ffdcb5a96014d5f644883b37782bec,2025-03-11T14:53:57+03:00,1,500,0.07142857142857142,,,False,False,1,0,67.56,0.0,0.014801320538185609,,460609164.0,writer/writer-framework,Python
tests/backend/test_ai.py,121,callable,ok,tests.backend.test_ai.test_apps_retrieve_job,tests.backend.test_ai.test_apps_retrieve_job,f1d2f5d933ffdcb5a96014d5f644883b37782bec,2025-03-11T14:53:57+03:00,f1d2f5d933ffdcb5a96014d5f644883b37782bec,2025-03-11T14:53:57+03:00,1,500,0.1,,,False,False,1,0,67.56,0.0,0.014801320538185609,,460609164.0,writer/writer-framework,Python
tests/backend/test_ai.py,122,callable,ok,tests.backend.test_ai.test_apps_retrieve_graphs,tests.backend.test_ai.test_apps_retrieve_graphs,f1d2f5d933ffdcb5a96014d5f644883b37782bec,2025-03-11T14:53:57+03:00,f1d2f5d933ffdcb5a96014d5f644883b37782bec,2025-03-11T14:53:57+03:00,1,500,0.125,,,False,False,1,0,67.56,0.0,0.014801320538185609,,460609164.0,writer/writer-framework,Python
tests/backend/test_ai.py,123,callable,ok,tests.backend.test_ai.test_apps_associate_graphs,tests.backend.test_ai.test_apps_associate_graphs,f1d2f5d933ffdcb5a96014d5f644883b37782bec,2025-03-11T14:53:57+03:00,f1d2f5d933ffdcb5a96014d5f644883b37782bec,2025-03-11T14:53:57+03:00,1,500,0.1,,,False,False,1,0,67.56,0.0,0.014801320538185609,,460609164.0,writer/writer-framework,Python
tests/backend/test_ai.py,124,callable,ok,tests.backend.test_ai.test_explicit_conversation_complete_llm_tool,tests.backend.test_ai.test_explicit_conversation_complete_llm_tool,f1d2f5d933ffdcb5a96014d5f644883b37782bec,2025-03-11T14:53:57+03:00,f1d2f5d933ffdcb5a96014d5f644883b37782bec,2025-03-11T14:53:57+03:00,1,500,0.043478260869565216,,,False,False,1,0,67.56,0.0,0.014801320538185609,,460609164.0,writer/writer-framework,Python
tests/backend/test_ai.py,125,callable,ok,tests.backend.test_ai.test_conversation_validate_message_with_images,tests.backend.test_ai.test_conversation_validate_message_with_images,62572a3d63821a0667d482529b0e5ed45eb47110,2025-08-22T13:34:15+03:00,62572a3d63821a0667d482529b0e5ed45eb47110,2025-08-22T13:34:15+03:00,1,336,0.023255813953488372,,,False,False,0,1,0.0,96.38,,0.01037526143797521,460609164.0,writer/writer-framework,Python
tests/backend/test_ai.py,126,callable,ok,tests.backend.test_ai.test_conversation_add_with_images,tests.backend.test_ai.test_conversation_add_with_images,62572a3d63821a0667d482529b0e5ed45eb47110,2025-08-22T13:34:15+03:00,62572a3d63821a0667d482529b0e5ed45eb47110,2025-08-22T13:34:15+03:00,1,336,0.038461538461538464,,,False,False,0,1,0.0,96.38,,0.01037526143797521,460609164.0,writer/writer-framework,Python
tests/backend/test_ai.py,127,callable,ok,tests.backend.test_ai.test_explicit_conversation_chat_with_images,tests.backend.test_ai.test_explicit_conversation_chat_with_images,62572a3d63821a0667d482529b0e5ed45eb47110,2025-08-22T13:34:15+03:00,62572a3d63821a0667d482529b0e5ed45eb47110,2025-08-22T13:34:15+03:00,1,336,0.016129032258064516,,,False,False,0,1,0.0,96.38,,0.01037526143797521,460609164.0,writer/writer-framework,Python
tests/backend/test_ai.py,128,callable,ok,tests.backend.test_ai.test_explicit_conversation_multiple_images,tests.backend.test_ai.test_explicit_conversation_multiple_images,62572a3d63821a0667d482529b0e5ed45eb47110,2025-08-22T13:34:15+03:00,62572a3d63821a0667d482529b0e5ed45eb47110,2025-08-22T13:34:15+03:00,1,336,0.029411764705882353,,,False,False,0,1,0.0,96.38,,0.01037526143797521,460609164.0,writer/writer-framework,Python
tests/backend/test_ai.py,129,callable,ok,tests.backend.test_ai.test_explicit_conversation_web_image_url,tests.backend.test_ai.test_explicit_conversation_web_image_url,62572a3d63821a0667d482529b0e5ed45eb47110,2025-08-22T13:34:15+03:00,62572a3d63821a0667d482529b0e5ed45eb47110,2025-08-22T13:34:15+03:00,1,336,0.027777777777777776,,,False,False,0,1,0.0,96.38,,0.01037526143797521,460609164.0,writer/writer-framework,Python
tests/backend/test_ai.py,130,callable,ok,tests.backend.test_ai.test_catch_guardrail_error,tests.backend.test_ai.test_catch_guardrail_error,16fd1fc19135e7ec397e617ca8fce958a78c4e3c,2025-11-28T16:13:19+01:00,16fd1fc19135e7ec397e617ca8fce958a78c4e3c,2025-11-28T16:13:19+01:00,1,238,0.06666666666666667,,,False,False,0,1,0.0,194.58,,0.005139355956611701,460609164.0,writer/writer-framework,Python
tests/backend/test_app_runner.py,0,class,ok,tests.backend.test_app_runner.TestAppRunner,tests.backend.test_app_runner.TestAppRunner,c6591eff793db24ded0e99287c5f2ee22f87ecc7,2024-03-28T14:47:52+01:00,c6591eff793db24ded0e99287c5f2ee22f87ecc7,2024-03-28T14:47:52+01:00,1,848,0.004739336492890996,,,False,False,1,0,415.48,0.0,0.0024068406422453684,,460609164.0,writer/writer-framework,Python
tests/backend/test_app_runner.py,0,callable,ok,tests.backend.test_app_runner.setup_app_runner,tests.backend.test_app_runner.setup_app_runner,c6591eff793db24ded0e99287c5f2ee22f87ecc7,2024-03-28T14:47:52+01:00,c6591eff793db24ded0e99287c5f2ee22f87ecc7,2024-03-28T14:47:52+01:00,1,848,0.1111111111111111,,,False,False,1,0,415.48,0.0,0.0024068406422453684,,460609164.0,writer/writer-framework,Python
tests/backend/test_app_runner.py,1,callable,ok,tests.backend.test_app_runner.TestAppRunner.test_init_wrong_path,tests.backend.test_app_runner.TestAppRunner.test_init_wrong_path,c6591eff793db24ded0e99287c5f2ee22f87ecc7,2024-03-28T14:47:52+01:00,c6591eff793db24ded0e99287c5f2ee22f87ecc7,2024-03-28T14:47:52+01:00,1,848,0.2,,,False,False,1,0,415.48,0.0,0.0024068406422453684,,460609164.0,writer/writer-framework,Python
tests/backend/test_app_runner.py,2,callable,ok,tests.backend.test_app_runner.TestAppRunner.test_init_wrong_mode,tests.backend.test_app_runner.TestAppRunner.test_init_wrong_mode,c6591eff793db24ded0e99287c5f2ee22f87ecc7,2024-03-28T14:47:52+01:00,c6591eff793db24ded0e99287c5f2ee22f87ecc7,2024-03-28T14:47:52+01:00,1,848,0.3333333333333333,,,False,False,1,0,415.48,0.0,0.0024068406422453684,,460609164.0,writer/writer-framework,Python
tests/backend/test_app_runner.py,3,callable,ok,tests.backend.test_app_runner.TestAppRunner.test_pre_session,tests.backend.test_app_runner.TestAppRunner.test_pre_session,c6591eff793db24ded0e99287c5f2ee22f87ecc7,2024-03-28T14:47:52+01:00,c6591eff793db24ded0e99287c5f2ee22f87ecc7,2024-03-28T14:47:52+01:00,1,848,0.06666666666666667,,,False,False,1,0,415.48,0.0,0.0024068406422453684,,460609164.0,writer/writer-framework,Python
tests/backend/test_app_runner.py,4,callable,ok,tests.backend.test_app_runner.TestAppRunner.test_valid_session_invalid_event,tests.backend.test_app_runner.TestAppRunner.test_valid_session_invalid_event,c6591eff793db24ded0e99287c5f2ee22f87ecc7,2024-03-28T14:47:52+01:00,c6591eff793db24ded0e99287c5f2ee22f87ecc7,2024-03-28T14:47:52+01:00,1,848,0.043478260869565216,,,False,False,1,0,415.48,0.0,0.0024068406422453684,,460609164.0,writer/writer-framework,Python
tests/backend/test_app_runner.py,5,callable,ok,tests.backend.test_app_runner.TestAppRunner.test_valid_event,tests.backend.test_app_runner.TestAppRunner.test_valid_event,c6591eff793db24ded0e99287c5f2ee22f87ecc7,2024-03-28T14:47:52+01:00,c6591eff793db24ded0e99287c5f2ee22f87ecc7,2024-03-28T14:47:52+01:00,1,848,0.038461538461538464,,,False,False,1,0,415.48,0.0,0.0024068406422453684,,460609164.0,writer/writer-framework,Python
tests/backend/test_app_runner.py,6,callable,ok,tests.backend.test_app_runner.TestAppRunner.test_async_handler,tests.backend.test_app_runner.TestAppRunner.test_async_handler,c6591eff793db24ded0e99287c5f2ee22f87ecc7,2024-03-28T14:47:52+01:00,c6591eff793db24ded0e99287c5f2ee22f87ecc7,2024-03-28T14:47:52+01:00,1,848,0.03225806451612903,,,False,False,1,0,415.48,0.0,0.0024068406422453684,,460609164.0,writer/writer-framework,Python
tests/backend/test_app_runner.py,7,callable,ok,tests.backend.test_app_runner.TestAppRunner.test_bad_event_handler,tests.backend.test_app_runner.TestAppRunner.test_bad_event_handler,c6591eff793db24ded0e99287c5f2ee22f87ecc7,2024-03-28T14:47:52+01:00,c6591eff793db24ded0e99287c5f2ee22f87ecc7,2024-03-28T14:47:52+01:00,1,848,0.038461538461538464,,,False,False,1,0,415.48,0.0,0.0024068406422453684,,460609164.0,writer/writer-framework,Python
tests/backend/test_app_runner.py,8,callable,ok,tests.backend.test_app_runner.TestAppRunner.test_run_code_edit,tests.backend.test_app_runner.TestAppRunner.test_run_code_edit,c6591eff793db24ded0e99287c5f2ee22f87ecc7,2024-03-28T14:47:52+01:00,c6591eff793db24ded0e99287c5f2ee22f87ecc7,2024-03-28T14:47:52+01:00,1,848,0.16666666666666666,,,False,False,1,0,415.48,0.0,0.0024068406422453684,,460609164.0,writer/writer-framework,Python
tests/backend/test_app_runner.py,9,callable,ok,tests.backend.test_app_runner.TestAppRunner.run_loader_thread,tests.backend.test_app_runner.TestAppRunner.run_loader_thread,c6591eff793db24ded0e99287c5f2ee22f87ecc7,2024-03-28T14:47:52+01:00,c6591eff793db24ded0e99287c5f2ee22f87ecc7,2024-03-28T14:47:52+01:00,1,848,0.5,,,False,False,1,0,415.48,0.0,0.0024068406422453684,,460609164.0,writer/writer-framework,Python
tests/backend/test_app_runner.py,10,callable,ok,tests.backend.test_app_runner.TestAppRunner.wait_for_code_update,tests.backend.test_app_runner.TestAppRunner.wait_for_code_update,c6591eff793db24ded0e99287c5f2ee22f87ecc7,2024-03-28T14:47:52+01:00,c6591eff793db24ded0e99287c5f2ee22f87ecc7,2024-03-28T14:47:52+01:00,1,848,0.14285714285714285,,,False,False,1,0,415.48,0.0,0.0024068406422453684,,460609164.0,writer/writer-framework,Python
tests/backend/test_app_runner.py,11,callable,ok,tests.backend.test_app_runner.TestAppRunner.test_code_update,tests.backend.test_app_runner.TestAppRunner.test_code_update,c6591eff793db24ded0e99287c5f2ee22f87ecc7,2024-03-28T14:47:52+01:00,c6591eff793db24ded0e99287c5f2ee22f87ecc7,2024-03-28T14:47:52+01:00,1,848,0.041666666666666664,,,False,False,1,0,415.48,0.0,0.0024068406422453684,,460609164.0,writer/writer-framework,Python
tests/backend/test_audit_and_fix.py,0,callable,ok,tests.backend.test_audit_and_fix.test_fix_components_should_fix_visible_fields,tests.backend.test_audit_and_fix.test_fix_components_should_fix_visible_fields,e9f0ecca41ec4989a106c1d79ee84616d375b010,2024-08-13T05:54:51+02:00,fd6cb84a17ca50b618e892edf28dd4b94977d4c7,2024-08-19T06:48:38+02:00,2,710,0.10526315789473684,,,False,False,2,0,277.89,0.0,0.0071969823652690956,,460609164.0,writer/writer-framework,Python
tests/backend/test_auth.py,0,class,ok,tests.backend.test_auth.TestAuth,tests.backend.test_auth.TestAuth,9144e6c4b0acb126721f5cc678b05254d77c02ce,2024-05-27T21:42:05+02:00,1120e3ae561884335d43ae1552c6da99b71d2d6f,2024-08-05T10:00:30+02:00,3,787,0.04838709677419355,0.9899929635776856,,False,False,3,0,355.24,0.0,0.00844507940378391,,460609164.0,writer/writer-framework,Python
tests/backend/test_auth.py,0,callable,ok,tests.backend.test_auth.TestAuth.test_basicauth_authentication_module_should_ask_user_to_write_basic_auth,tests.backend.test_auth.TestAuth.test_basicauth_authentication_module_should_ask_user_to_write_basic_auth,9144e6c4b0acb126721f5cc678b05254d77c02ce,2024-05-27T21:42:05+02:00,fc43724c9927d91d453fb6c63ec08ca10be58f4c,2024-06-27T13:43:12+02:00,2,787,0.2222222222222222,,,False,False,2,0,355.24,0.0,0.0056300529358559405,,460609164.0,writer/writer-framework,Python
tests/backend/test_auth.py,1,callable,ok,tests.backend.test_auth.TestAuth.test_basicauth_authentication_module_should_accept_user_using_authorization,tests.backend.test_auth.TestAuth.test_basicauth_authentication_module_should_accept_user_using_authorization,9144e6c4b0acb126721f5cc678b05254d77c02ce,2024-05-27T21:42:05+02:00,fc43724c9927d91d453fb6c63ec08ca10be58f4c,2024-06-27T13:43:12+02:00,2,787,0.2222222222222222,,,False,False,2,0,355.24,0.0,0.0056300529358559405,,460609164.0,writer/writer-framework,Python
tests/backend/test_auth.py,2,callable,ok,tests.backend.test_auth.TestAuth.test_basicauth_authentication_module_disabled_when_server_setup_hook_is_disabled,tests.backend.test_auth.TestAuth.test_basicauth_authentication_module_disabled_when_server_setup_hook_is_disabled,fc43724c9927d91d453fb6c63ec08ca10be58f4c,2024-06-27T13:43:12+02:00,fc43724c9927d91d453fb6c63ec08ca10be58f4c,2024-06-27T13:43:12+02:00,1,757,0.125,,,False,False,1,0,324.57,0.0,0.0030810089248698115,,460609164.0,writer/writer-framework,Python
tests/backend/test_auth.py,3,callable,ok,tests.backend.test_auth.TestAuth.test_url_path_scenarios,tests.backend.test_auth.TestAuth.test_url_path_scenarios,1120e3ae561884335d43ae1552c6da99b71d2d6f,2024-08-05T10:00:30+02:00,1120e3ae561884335d43ae1552c6da99b71d2d6f,2024-08-05T10:00:30+02:00,1,718,0.5,,,False,False,1,0,285.72,0.0,0.003499885200524788,,460609164.0,writer/writer-framework,Python
tests/backend/test_auth.py,4,callable,ok,tests.backend.test_auth.TestAuth.test_url_split_scenarios,tests.backend.test_auth.TestAuth.test_url_split_scenarios,1120e3ae561884335d43ae1552c6da99b71d2d6f,2024-08-05T10:00:30+02:00,1120e3ae561884335d43ae1552c6da99b71d2d6f,2024-08-05T10:00:30+02:00,1,718,0.5,,,False,False,1,0,285.72,0.0,0.003499885200524788,,460609164.0,writer/writer-framework,Python
tests/backend/test_auth.py,5,callable,ok,tests.backend.test_auth.TestAuth.test_urljoin_scenarios,tests.backend.test_auth.TestAuth.test_urljoin_scenarios,1120e3ae561884335d43ae1552c6da99b71d2d6f,2024-08-05T10:00:30+02:00,1120e3ae561884335d43ae1552c6da99b71d2d6f,2024-08-05T10:00:30+02:00,1,718,0.5,,,False,False,1,0,285.72,0.0,0.003499885200524788,,460609164.0,writer/writer-framework,Python
tests/backend/test_blueprints.py,2,class,ok,tests.backend.test_blueprints.MockReturnBlock,tests.backend.test_blueprints.MockReturnBlock,600656dd5704b37643c03e240ca4c6dc6593bf8e,2025-06-20T09:05:30+02:00,600656dd5704b37643c03e240ca4c6dc6593bf8e,2025-06-20T09:05:30+02:00,1,0,0.125,,,True,False,0,1,0.0,33.24,,0.030085911993135955,460609164.0,writer/writer-framework,Python
tests/backend/test_blueprints.py,3,class,ok,tests.backend.test_blueprints.MockPassBlock,tests.backend.test_blueprints.MockPassBlock,600656dd5704b37643c03e240ca4c6dc6593bf8e,2025-06-20T09:05:30+02:00,600656dd5704b37643c03e240ca4c6dc6593bf8e,2025-06-20T09:05:30+02:00,1,0,0.08333333333333333,,,True,False,0,1,0.0,33.24,,0.030085911993135955,460609164.0,writer/writer-framework,Python
tests/backend/test_blueprints.py,4,class,ok,tests.backend.test_blueprints.CodeBlock,tests.backend.test_blueprints.CodeBlock,600656dd5704b37643c03e240ca4c6dc6593bf8e,2025-06-20T09:05:30+02:00,600656dd5704b37643c03e240ca4c6dc6593bf8e,2025-06-20T09:05:30+02:00,1,0,0.058823529411764705,,,True,False,0,1,0.0,33.24,,0.030085911993135955,460609164.0,writer/writer-framework,Python
tests/backend/test_blueprints.py,5,class,ok,tests.backend.test_blueprints.MockFailingBlock,tests.backend.test_blueprints.MockFailingBlock,600656dd5704b37643c03e240ca4c6dc6593bf8e,2025-06-20T09:05:30+02:00,600656dd5704b37643c03e240ca4c6dc6593bf8e,2025-06-20T09:05:30+02:00,1,0,0.14285714285714285,,,True,False,0,1,0.0,33.24,,0.030085911993135955,460609164.0,writer/writer-framework,Python
tests/backend/test_blueprints.py,12,class,ok,tests.backend.test_blueprints.TestCancellation,tests.backend.test_blueprints.TestCancellation,629270e2d796c48273ca195dca692d13aae6c782,2025-06-30T16:35:04+02:00,9ef35c6896b7765f7a586e330f31406c9a7da0d9,2025-07-02T17:42:57+02:00,3,2,0.014423076923076924,0.9934488337616997,,True,False,0,3,0.0,45.6,,0.06579309746135607,460609164.0,writer/writer-framework,Python
tests/backend/test_blueprints.py,0,class,ok,tests.backend.test_blueprints.MockState,tests.backend.test_blueprints.MockState,600656dd5704b37643c03e240ca4c6dc6593bf8e,2025-06-20T09:05:30+02:00,600656dd5704b37643c03e240ca4c6dc6593bf8e,2025-06-20T09:05:30+02:00,1,399,0.16666666666666666,,,False,False,0,1,0.0,33.24,,0.030085911993135955,460609164.0,writer/writer-framework,Python
tests/backend/test_blueprints.py,1,class,ok,tests.backend.test_blueprints.MockBlock,tests.backend.test_blueprints.MockBlock,600656dd5704b37643c03e240ca4c6dc6593bf8e,2025-06-20T09:05:30+02:00,629270e2d796c48273ca195dca692d13aae6c782,2025-06-30T16:35:04+02:00,2,399,0.03508771929824561,,,False,False,0,2,0.0,43.55,,0.045923858879808654,460609164.0,writer/writer-framework,Python
tests/backend/test_blueprints.py,6,class,ok,tests.backend.test_blueprints.MockRunner,tests.backend.test_blueprints.MockRunner,600656dd5704b37643c03e240ca4c6dc6593bf8e,2025-06-20T09:05:30+02:00,629270e2d796c48273ca195dca692d13aae6c782,2025-06-30T16:35:04+02:00,2,399,0.08695652173913043,,,False,False,0,2,0.0,43.55,,0.045923858879808654,460609164.0,writer/writer-framework,Python
tests/backend/test_blueprints.py,7,class,ok,tests.backend.test_blueprints.TestBasicExecution,tests.backend.test_blueprints.TestBasicExecution,629270e2d796c48273ca195dca692d13aae6c782,2025-06-30T16:35:04+02:00,629270e2d796c48273ca195dca692d13aae6c782,2025-06-30T16:35:04+02:00,1,389,0.02040816326530612,,,False,False,0,1,0.0,43.55,,0.022961929439904327,460609164.0,writer/writer-framework,Python
tests/backend/test_blueprints.py,8,class,ok,tests.backend.test_blueprints.TestDataFlow,tests.backend.test_blueprints.TestDataFlow,629270e2d796c48273ca195dca692d13aae6c782,2025-06-30T16:35:04+02:00,629270e2d796c48273ca195dca692d13aae6c782,2025-06-30T16:35:04+02:00,1,389,0.016666666666666666,,,False,False,0,1,0.0,43.55,,0.022961929439904327,460609164.0,writer/writer-framework,Python
tests/backend/test_blueprints.py,9,class,ok,tests.backend.test_blueprints.TestErrorHandling,tests.backend.test_blueprints.TestErrorHandling,629270e2d796c48273ca195dca692d13aae6c782,2025-06-30T16:35:04+02:00,3c95ea9032c0dce47a09be83555a987707a7a9e7,2025-07-01T14:48:39+02:00,2,389,0.025974025974025976,,,False,False,0,2,0.0,44.48,,0.0449676209708374,460609164.0,writer/writer-framework,Python
tests/backend/test_blueprints.py,10,class,ok,tests.backend.test_blueprints.TestComplexGraphs,tests.backend.test_blueprints.TestComplexGraphs,629270e2d796c48273ca195dca692d13aae6c782,2025-06-30T16:35:04+02:00,629270e2d796c48273ca195dca692d13aae6c782,2025-06-30T16:35:04+02:00,1,389,0.008849557522123894,,,False,False,0,1,0.0,43.55,,0.022961929439904327,460609164.0,writer/writer-framework,Python
tests/backend/test_blueprints.py,11,class,ok,tests.backend.test_blueprints.TestBranchExecution,tests.backend.test_blueprints.TestBranchExecution,629270e2d796c48273ca195dca692d13aae6c782,2025-06-30T16:35:04+02:00,629270e2d796c48273ca195dca692d13aae6c782,2025-06-30T16:35:04+02:00,1,389,0.012345679012345678,,,False,False,0,1,0.0,43.55,,0.022961929439904327,460609164.0,writer/writer-framework,Python
tests/backend/test_blueprints.py,2,callable,ok,tests.backend.test_blueprints.test_single_component_execution,tests.backend.test_blueprints.test_single_component_execution,600656dd5704b37643c03e240ca4c6dc6593bf8e,2025-06-20T09:05:30+02:00,600656dd5704b37643c03e240ca4c6dc6593bf8e,2025-06-20T09:05:30+02:00,1,0,0.1,,,True,False,0,1,0.0,33.24,,0.030085911993135955,460609164.0,writer/writer-framework,Python
tests/backend/test_blueprints.py,3,callable,ok,tests.backend.test_blueprints.test_multiple_start_components,tests.backend.test_blueprints.test_multiple_start_components,600656dd5704b37643c03e240ca4c6dc6593bf8e,2025-06-20T09:05:30+02:00,600656dd5704b37643c03e240ca4c6dc6593bf8e,2025-06-20T09:05:30+02:00,1,0,0.0625,,,True,False,0,1,0.0,33.24,,0.030085911993135955,460609164.0,writer/writer-framework,Python
tests/backend/test_blueprints.py,4,callable,ok,tests.backend.test_blueprints.test_component_with_output,tests.backend.test_blueprints.test_component_with_output,600656dd5704b37643c03e240ca4c6dc6593bf8e,2025-06-20T09:05:30+02:00,600656dd5704b37643c03e240ca4c6dc6593bf8e,2025-06-20T09:05:30+02:00,1,0,0.0625,,,True,False,0,1,0.0,33.24,,0.030085911993135955,460609164.0,writer/writer-framework,Python
tests/backend/test_blueprints.py,5,callable,ok,tests.backend.test_blueprints.test_result_passing,tests.backend.test_blueprints.test_result_passing,600656dd5704b37643c03e240ca4c6dc6593bf8e,2025-06-20T09:05:30+02:00,600656dd5704b37643c03e240ca4c6dc6593bf8e,2025-06-20T09:05:30+02:00,1,0,0.058823529411764705,,,True,False,0,1,0.0,33.24,,0.030085911993135955,460609164.0,writer/writer-framework,Python
tests/backend/test_blueprints.py,6,callable,ok,tests.backend.test_blueprints.test_all_results,tests.backend.test_blueprints.test_all_results,600656dd5704b37643c03e240ca4c6dc6593bf8e,2025-06-20T09:05:30+02:00,600656dd5704b37643c03e240ca4c6dc6593bf8e,2025-06-20T09:05:30+02:00,1,0,0.1,,,True,False,0,1,0.0,33.24,,0.030085911993135955,460609164.0,writer/writer-framework,Python
tests/backend/test_blueprints.py,7,callable,ok,tests.backend.test_blueprints.test_code_block_execution,tests.backend.test_blueprints.test_code_block_execution,600656dd5704b37643c03e240ca4c6dc6593bf8e,2025-06-20T09:05:30+02:00,600656dd5704b37643c03e240ca4c6dc6593bf8e,2025-06-20T09:05:30+02:00,1,0,0.08333333333333333,,,True,False,0,1,0.0,33.24,,0.030085911993135955,460609164.0,writer/writer-framework,Python
tests/backend/test_blueprints.py,8,callable,ok,tests.backend.test_blueprints.test_error_handling,tests.backend.test_blueprints.test_error_handling,600656dd5704b37643c03e240ca4c6dc6593bf8e,2025-06-20T09:05:30+02:00,600656dd5704b37643c03e240ca4c6dc6593bf8e,2025-06-20T09:05:30+02:00,1,0,0.08333333333333333,,,True,False,0,1,0.0,33.24,,0.030085911993135955,460609164.0,writer/writer-framework,Python
tests/backend/test_blueprints.py,9,callable,ok,tests.backend.test_blueprints.test_error_unhandled,tests.backend.test_blueprints.test_error_unhandled,600656dd5704b37643c03e240ca4c6dc6593bf8e,2025-06-20T09:05:30+02:00,600656dd5704b37643c03e240ca4c6dc6593bf8e,2025-06-20T09:05:30+02:00,1,0,0.09090909090909091,,,True,False,0,1,0.0,33.24,,0.030085911993135955,460609164.0,writer/writer-framework,Python
tests/backend/test_blueprints.py,10,callable,ok,tests.backend.test_blueprints.test_two_inputs_from_one_node,tests.backend.test_blueprints.test_two_inputs_from_one_node,600656dd5704b37643c03e240ca4c6dc6593bf8e,2025-06-20T09:05:30+02:00,600656dd5704b37643c03e240ca4c6dc6593bf8e,2025-06-20T09:05:30+02:00,1,0,0.06666666666666667,,,True,False,0,1,0.0,33.24,,0.030085911993135955,460609164.0,writer/writer-framework,Python
tests/backend/test_blueprints.py,12,callable,ok,tests.backend.test_blueprints.test_two_routes_of_different_length,tests.backend.test_blueprints.test_two_routes_of_different_length,600656dd5704b37643c03e240ca4c6dc6593bf8e,2025-06-20T09:05:30+02:00,600656dd5704b37643c03e240ca4c6dc6593bf8e,2025-06-20T09:05:30+02:00,1,0,0.05,,,True,False,0,1,0.0,33.24,,0.030085911993135955,460609164.0,writer/writer-framework,Python
tests/backend/test_blueprints.py,13,callable,ok,tests.backend.test_blueprints.test_return_value,tests.backend.test_blueprints.test_return_value,600656dd5704b37643c03e240ca4c6dc6593bf8e,2025-06-20T09:05:30+02:00,600656dd5704b37643c03e240ca4c6dc6593bf8e,2025-06-20T09:05:30+02:00,1,0,0.09090909090909091,,,True,False,0,1,0.0,33.24,,0.030085911993135955,460609164.0,writer/writer-framework,Python
tests/backend/test_blueprints.py,14,callable,ok,tests.backend.test_blueprints.test_node_requirements_not_met,tests.backend.test_blueprints.test_node_requirements_not_met,600656dd5704b37643c03e240ca4c6dc6593bf8e,2025-06-20T09:05:30+02:00,600656dd5704b37643c03e240ca4c6dc6593bf8e,2025-06-20T09:05:30+02:00,1,0,0.07692307692307693,,,True,False,0,1,0.0,33.24,,0.030085911993135955,460609164.0,writer/writer-framework,Python
tests/backend/test_blueprints.py,15,callable,ok,tests.backend.test_blueprints.test_deep_tree,tests.backend.test_blueprints.test_deep_tree,600656dd5704b37643c03e240ca4c6dc6593bf8e,2025-06-20T09:05:30+02:00,600656dd5704b37643c03e240ca4c6dc6593bf8e,2025-06-20T09:05:30+02:00,1,0,0.05,,,True,False,0,1,0.0,33.24,,0.030085911993135955,460609164.0,writer/writer-framework,Python
tests/backend/test_blueprints.py,16,callable,ok,tests.backend.test_blueprints.test_run_branch_deep_tree,tests.backend.test_blueprints.test_run_branch_deep_tree,600656dd5704b37643c03e240ca4c6dc6593bf8e,2025-06-20T09:05:30+02:00,600656dd5704b37643c03e240ca4c6dc6593bf8e,2025-06-20T09:05:30+02:00,1,0,0.037037037037037035,,,True,False,0,1,0.0,33.24,,0.030085911993135955,460609164.0,writer/writer-framework,Python
tests/backend/test_blueprints.py,17,callable,ok,tests.backend.test_blueprints.test_run_branch,tests.backend.test_blueprints.test_run_branch,600656dd5704b37643c03e240ca4c6dc6593bf8e,2025-06-20T09:05:30+02:00,600656dd5704b37643c03e240ca4c6dc6593bf8e,2025-06-20T09:05:30+02:00,1,0,0.038461538461538464,,,True,False,0,1,0.0,33.24,,0.030085911993135955,460609164.0,writer/writer-framework,Python
tests/backend/test_blueprints.py,18,callable,ok,tests.backend.test_blueprints.test_run_branch_with_out_id,tests.backend.test_blueprints.test_run_branch_with_out_id,600656dd5704b37643c03e240ca4c6dc6593bf8e,2025-06-20T09:05:30+02:00,600656dd5704b37643c03e240ca4c6dc6593bf8e,2025-06-20T09:05:30+02:00,1,0,0.043478260869565216,,,True,False,0,1,0.0,33.24,,0.030085911993135955,460609164.0,writer/writer-framework,Python
tests/backend/test_blueprints.py,19,callable,ok,tests.backend.test_blueprints.test_error_deep_in_branch,tests.backend.test_blueprints.test_error_deep_in_branch,600656dd5704b37643c03e240ca4c6dc6593bf8e,2025-06-20T09:05:30+02:00,600656dd5704b37643c03e240ca4c6dc6593bf8e,2025-06-20T09:05:30+02:00,1,0,0.037037037037037035,,,True,False,0,1,0.0,33.24,,0.030085911993135955,460609164.0,writer/writer-framework,Python
tests/backend/test_blueprints.py,26,callable,ok,tests.backend.test_blueprints.MockReturnBlock.register,tests.backend.test_blueprints.MockReturnBlock.register,600656dd5704b37643c03e240ca4c6dc6593bf8e,2025-06-20T09:05:30+02:00,600656dd5704b37643c03e240ca4c6dc6593bf8e,2025-06-20T09:05:30+02:00,1,0,0.5,,,True,False,0,1,0.0,33.24,,0.030085911993135955,460609164.0,writer/writer-framework,Python
tests/backend/test_blueprints.py,27,callable,ok,tests.backend.test_blueprints.MockReturnBlock.run,tests.backend.test_blueprints.MockReturnBlock.run,600656dd5704b37643c03e240ca4c6dc6593bf8e,2025-06-20T09:05:30+02:00,600656dd5704b37643c03e240ca4c6dc6593bf8e,2025-06-20T09:05:30+02:00,1,0,0.3333333333333333,,,True,False,0,1,0.0,33.24,,0.030085911993135955,460609164.0,writer/writer-framework,Python
tests/backend/test_blueprints.py,28,callable,ok,tests.backend.test_blueprints.MockPassBlock.register,tests.backend.test_blueprints.MockPassBlock.register,600656dd5704b37643c03e240ca4c6dc6593bf8e,2025-06-20T09:05:30+02:00,600656dd5704b37643c03e240ca4c6dc6593bf8e,2025-06-20T09:05:30+02:00,1,0,0.5,,,True,False,0,1,0.0,33.24,,0.030085911993135955,460609164.0,writer/writer-framework,Python
tests/backend/test_blueprints.py,29,callable,ok,tests.backend.test_blueprints.MockPassBlock.run,tests.backend.test_blueprints.MockPassBlock.run,600656dd5704b37643c03e240ca4c6dc6593bf8e,2025-06-20T09:05:30+02:00,600656dd5704b37643c03e240ca4c6dc6593bf8e,2025-06-20T09:05:30+02:00,1,0,0.14285714285714285,,,True,False,0,1,0.0,33.24,,0.030085911993135955,460609164.0,writer/writer-framework,Python
tests/backend/test_blueprints.py,30,callable,ok,tests.backend.test_blueprints.CodeBlock.register,tests.backend.test_blueprints.CodeBlock.register,600656dd5704b37643c03e240ca4c6dc6593bf8e,2025-06-20T09:05:30+02:00,600656dd5704b37643c03e240ca4c6dc6593bf8e,2025-06-20T09:05:30+02:00,1,0,0.5,,,True,False,0,1,0.0,33.24,,0.030085911993135955,460609164.0,writer/writer-framework,Python
tests/backend/test_blueprints.py,31,callable,ok,tests.backend.test_blueprints.CodeBlock.run,tests.backend.test_blueprints.CodeBlock.run,600656dd5704b37643c03e240ca4c6dc6593bf8e,2025-06-20T09:05:30+02:00,600656dd5704b37643c03e240ca4c6dc6593bf8e,2025-06-20T09:05:30+02:00,1,0,0.1111111111111111,,,True,False,0,1,0.0,33.24,,0.030085911993135955,460609164.0,writer/writer-framework,Python
tests/backend/test_blueprints.py,33,callable,ok,tests.backend.test_blueprints.MockFailingBlock.register,tests.backend.test_blueprints.MockFailingBlock.register,600656dd5704b37643c03e240ca4c6dc6593bf8e,2025-06-20T09:05:30+02:00,600656dd5704b37643c03e240ca4c6dc6593bf8e,2025-06-20T09:05:30+02:00,1,0,0.5,,,True,False,0,1,0.0,33.24,,0.030085911993135955,460609164.0,writer/writer-framework,Python
tests/backend/test_blueprints.py,34,callable,ok,tests.backend.test_blueprints.MockFailingBlock.run,tests.backend.test_blueprints.MockFailingBlock.run,600656dd5704b37643c03e240ca4c6dc6593bf8e,2025-06-20T09:05:30+02:00,600656dd5704b37643c03e240ca4c6dc6593bf8e,2025-06-20T09:05:30+02:00,1,0,0.5,,,True,False,0,1,0.0,33.24,,0.030085911993135955,460609164.0,writer/writer-framework,Python
tests/backend/test_blueprints.py,32,callable,ok,tests.backend.test_blueprints.CodeBlock.set_output,tests.backend.test_blueprints.MockBlock.set_output,600656dd5704b37643c03e240ca4c6dc6593bf8e,2025-06-20T09:05:30+02:00,629270e2d796c48273ca195dca692d13aae6c782,2025-06-30T16:35:04+02:00,2,10,1.0,,,True,True,0,2,0.0,43.55,,0.045923858879808654,460609164.0,writer/writer-framework,Python
tests/backend/test_blueprints.py,21,callable,ok,tests.backend.test_blueprints.test_max_dag_deplth,tests.backend.test_blueprints.TestErrorHandling.test_max_dag_deplth,600656dd5704b37643c03e240ca4c6dc6593bf8e,2025-06-20T09:05:30+02:00,629270e2d796c48273ca195dca692d13aae6c782,2025-06-30T16:35:04+02:00,2,10,0.125,,,True,True,0,2,0.0,43.55,,0.045923858879808654,460609164.0,writer/writer-framework,Python
tests/backend/test_blueprints.py,11,callable,ok,tests.backend.test_blueprints.test_two_inputs,tests.backend.test_blueprints.TestComplexGraphs.test_two_inputs,600656dd5704b37643c03e240ca4c6dc6593bf8e,2025-06-20T09:05:30+02:00,629270e2d796c48273ca195dca692d13aae6c782,2025-06-30T16:35:04+02:00,2,10,0.09523809523809523,,,True,True,0,2,0.0,43.55,,0.045923858879808654,460609164.0,writer/writer-framework,Python
tests/backend/test_blueprints.py,20,callable,ok,tests.backend.test_blueprints.test_circular_dependency,tests.backend.test_blueprints.TestErrorHandling.test_circular_dependency,600656dd5704b37643c03e240ca4c6dc6593bf8e,2025-06-20T09:05:30+02:00,629270e2d796c48273ca195dca692d13aae6c782,2025-06-30T16:35:04+02:00,2,10,0.13333333333333333,,,True,True,0,2,0.0,43.55,,0.045923858879808654,460609164.0,writer/writer-framework,Python
tests/backend/test_blueprints.py,57,callable,ok,tests.backend.test_blueprints.TestCancellation.test_cancellation_simple,tests.backend.test_blueprints.TestCancellation.test_cancellation_simple,629270e2d796c48273ca195dca692d13aae6c782,2025-06-30T16:35:04+02:00,629270e2d796c48273ca195dca692d13aae6c782,2025-06-30T16:35:04+02:00,1,0,0.047619047619047616,,,True,False,0,1,0.0,43.55,,0.022961929439904327,460609164.0,writer/writer-framework,Python
tests/backend/test_blueprints.py,58,callable,ok,tests.backend.test_blueprints.TestCancellation.test_cancel_nodes_on_error,tests.backend.test_blueprints.TestCancellation.test_cancel_nodes_on_error,629270e2d796c48273ca195dca692d13aae6c782,2025-06-30T16:35:04+02:00,3c95ea9032c0dce47a09be83555a987707a7a9e7,2025-07-01T14:48:39+02:00,2,0,0.07407407407407407,,,True,False,0,2,0.0,44.48,,0.0449676209708374,460609164.0,writer/writer-framework,Python
tests/backend/test_blueprints.py,59,callable,ok,tests.backend.test_blueprints.TestCancellation.test_cancelation_of_nested_workflows_on_error,tests.backend.test_blueprints.TestCancellation.test_cancelation_of_nested_workflows_on_error,629270e2d796c48273ca195dca692d13aae6c782,2025-06-30T16:35:04+02:00,3c95ea9032c0dce47a09be83555a987707a7a9e7,2025-07-01T14:48:39+02:00,2,0,0.0625,,,True,False,0,2,0.0,44.48,,0.0449676209708374,460609164.0,writer/writer-framework,Python
tests/backend/test_blueprints.py,60,callable,ok,tests.backend.test_blueprints.TestCancellation.test_cancelation_on_nested_workflows_error,tests.backend.test_blueprints.TestCancellation.test_cancelation_on_nested_workflows_error,629270e2d796c48273ca195dca692d13aae6c782,2025-06-30T16:35:04+02:00,3c95ea9032c0dce47a09be83555a987707a7a9e7,2025-07-01T14:48:39+02:00,2,0,0.07142857142857142,,,True,False,0,2,0.0,44.48,,0.0449676209708374,460609164.0,writer/writer-framework,Python
tests/backend/test_blueprints.py,61,callable,ok,tests.backend.test_blueprints.TestCancellation.test_nested_cancel,tests.backend.test_blueprints.TestCancellation.test_nested_cancel,629270e2d796c48273ca195dca692d13aae6c782,2025-06-30T16:35:04+02:00,3c95ea9032c0dce47a09be83555a987707a7a9e7,2025-07-01T14:48:39+02:00,2,0,0.05714285714285714,,,True,False,0,2,0.0,44.48,,0.0449676209708374,460609164.0,writer/writer-framework,Python
tests/backend/test_blueprints.py,66,callable,ok,tests.backend.test_blueprints.TestCancellation.test_cancellation_simple,tests.backend.test_blueprints.TestCancellation.test_cancellation_simple,d809d9911771ab35153debb8d40eae038299a0a0,2025-07-01T15:39:20+02:00,d809d9911771ab35153debb8d40eae038299a0a0,2025-07-01T15:39:20+02:00,1,0,0.05,,,True,False,0,1,0.0,44.51,,0.022466031827918516,460609164.0,writer/writer-framework,Python
tests/backend/test_blueprints.py,67,callable,ok,tests.backend.test_blueprints.TestCancellation.test_cancellation_after_return,tests.backend.test_blueprints.TestCancellation.test_cancellation_after_return,9ef35c6896b7765f7a586e330f31406c9a7da0d9,2025-07-02T17:42:57+02:00,9ef35c6896b7765f7a586e330f31406c9a7da0d9,2025-07-02T17:42:57+02:00,1,0,0.034482758620689655,,,True,False,0,1,0.0,45.6,,0.021931032487118692,460609164.0,writer/writer-framework,Python
tests/backend/test_blueprints.py,68,callable,ok,tests.backend.test_blueprints.TestCancellation.test_nested_return,tests.backend.test_blueprints.TestCancellation.test_nested_return,9ef35c6896b7765f7a586e330f31406c9a7da0d9,2025-07-02T17:42:57+02:00,9ef35c6896b7765f7a586e330f31406c9a7da0d9,2025-07-02T17:42:57+02:00,1,0,0.03571428571428571,,,True,False,0,1,0.0,45.6,,0.021931032487118692,460609164.0,writer/writer-framework,Python
tests/backend/test_blueprints.py,0,callable,ok,tests.backend.test_blueprints.run_graph,tests.backend.test_blueprints.run_graph,600656dd5704b37643c03e240ca4c6dc6593bf8e,2025-06-20T09:05:30+02:00,629270e2d796c48273ca195dca692d13aae6c782,2025-06-30T16:35:04+02:00,2,399,0.3333333333333333,,,False,False,0,2,0.0,43.55,,0.045923858879808654,460609164.0,writer/writer-framework,Python
tests/backend/test_blueprints.py,1,callable,ok,tests.backend.test_blueprints.create_component,tests.backend.test_blueprints.create_component,600656dd5704b37643c03e240ca4c6dc6593bf8e,2025-06-20T09:05:30+02:00,629270e2d796c48273ca195dca692d13aae6c782,2025-06-30T16:35:04+02:00,2,399,0.2857142857142857,,,False,False,0,2,0.0,43.55,,0.045923858879808654,460609164.0,writer/writer-framework,Python
tests/backend/test_blueprints.py,22,callable,ok,tests.backend.test_blueprints.MockState.__init__,tests.backend.test_blueprints.MockState.__init__,600656dd5704b37643c03e240ca4c6dc6593bf8e,2025-06-20T09:05:30+02:00,600656dd5704b37643c03e240ca4c6dc6593bf8e,2025-06-20T09:05:30+02:00,1,399,0.5,,,False,False,0,1,0.0,33.24,,0.030085911993135955,460609164.0,writer/writer-framework,Python
tests/backend/test_blueprints.py,23,callable,ok,tests.backend.test_blueprints.MockState.add_log_entry,tests.backend.test_blueprints.MockState.add_log_entry,600656dd5704b37643c03e240ca4c6dc6593bf8e,2025-06-20T09:05:30+02:00,600656dd5704b37643c03e240ca4c6dc6593bf8e,2025-06-20T09:05:30+02:00,1,399,0.5,,,False,False,0,1,0.0,33.24,,0.030085911993135955,460609164.0,writer/writer-framework,Python
tests/backend/test_blueprints.py,24,callable,ok,tests.backend.test_blueprints.MockBlock.register,tests.backend.test_blueprints.MockBlock.register,600656dd5704b37643c03e240ca4c6dc6593bf8e,2025-06-20T09:05:30+02:00,600656dd5704b37643c03e240ca4c6dc6593bf8e,2025-06-20T09:05:30+02:00,1,399,0.5,,,False,False,0,1,0.0,33.24,,0.030085911993135955,460609164.0,writer/writer-framework,Python
tests/backend/test_blueprints.py,25,callable,ok,tests.backend.test_blueprints.MockBlock.run,tests.backend.test_blueprints.MockBlock.run,600656dd5704b37643c03e240ca4c6dc6593bf8e,2025-06-20T09:05:30+02:00,629270e2d796c48273ca195dca692d13aae6c782,2025-06-30T16:35:04+02:00,2,399,0.04081632653061224,,,False,False,0,2,0.0,43.55,,0.045923858879808654,460609164.0,writer/writer-framework,Python
tests/backend/test_blueprints.py,35,callable,ok,tests.backend.test_blueprints.MockRunner.__init__,tests.backend.test_blueprints.MockRunner.__init__,600656dd5704b37643c03e240ca4c6dc6593bf8e,2025-06-20T09:05:30+02:00,629270e2d796c48273ca195dca692d13aae6c782,2025-06-30T16:35:04+02:00,2,399,0.4,,,False,False,0,2,0.0,43.55,,0.045923858879808654,460609164.0,writer/writer-framework,Python
tests/backend/test_blueprints.py,36,callable,ok,tests.backend.test_blueprints.MockRunner._generate_run_id,tests.backend.test_blueprints.MockRunner._generate_run_id,600656dd5704b37643c03e240ca4c6dc6593bf8e,2025-06-20T09:05:30+02:00,600656dd5704b37643c03e240ca4c6dc6593bf8e,2025-06-20T09:05:30+02:00,1,399,0.5,,,False,False,0,1,0.0,33.24,,0.030085911993135955,460609164.0,writer/writer-framework,Python
tests/backend/test_blueprints.py,37,callable,ok,tests.backend.test_blueprints.MockRunner._get_executor,tests.backend.test_blueprints.MockRunner._get_executor,600656dd5704b37643c03e240ca4c6dc6593bf8e,2025-06-20T09:05:30+02:00,600656dd5704b37643c03e240ca4c6dc6593bf8e,2025-06-20T09:05:30+02:00,1,399,0.1,,,False,False,0,1,0.0,33.24,,0.030085911993135955,460609164.0,writer/writer-framework,Python
tests/backend/test_blueprints.py,38,callable,ok,tests.backend.test_blueprints.run_graph_async,tests.backend.test_blueprints.run_graph_async,629270e2d796c48273ca195dca692d13aae6c782,2025-06-30T16:35:04+02:00,629270e2d796c48273ca195dca692d13aae6c782,2025-06-30T16:35:04+02:00,1,389,0.16666666666666666,,,False,False,0,1,0.0,43.55,,0.022961929439904327,460609164.0,writer/writer-framework,Python
tests/backend/test_blueprints.py,39,callable,ok,tests.backend.test_blueprints.MockRunner.cancel_blueprint_execution,tests.backend.test_blueprints.MockRunner.cancel_blueprint_execution,629270e2d796c48273ca195dca692d13aae6c782,2025-06-30T16:35:04+02:00,629270e2d796c48273ca195dca692d13aae6c782,2025-06-30T16:35:04+02:00,1,389,0.5,,,False,False,0,1,0.0,43.55,,0.022961929439904327,460609164.0,writer/writer-framework,Python
tests/backend/test_blueprints.py,40,callable,ok,tests.backend.test_blueprints.TestBasicExecution.test_single_component_execution,tests.backend.test_blueprints.TestBasicExecution.test_single_component_execution,629270e2d796c48273ca195dca692d13aae6c782,2025-06-30T16:35:04+02:00,629270e2d796c48273ca195dca692d13aae6c782,2025-06-30T16:35:04+02:00,1,389,0.1,,,False,False,0,1,0.0,43.55,,0.022961929439904327,460609164.0,writer/writer-framework,Python
tests/backend/test_blueprints.py,41,callable,ok,tests.backend.test_blueprints.TestBasicExecution.test_multiple_start_components,tests.backend.test_blueprints.TestBasicExecution.test_multiple_start_components,629270e2d796c48273ca195dca692d13aae6c782,2025-06-30T16:35:04+02:00,629270e2d796c48273ca195dca692d13aae6c782,2025-06-30T16:35:04+02:00,1,389,0.058823529411764705,,,False,False,0,1,0.0,43.55,,0.022961929439904327,460609164.0,writer/writer-framework,Python
tests/backend/test_blueprints.py,42,callable,ok,tests.backend.test_blueprints.TestBasicExecution.test_component_with_output,tests.backend.test_blueprints.TestBasicExecution.test_component_with_output,629270e2d796c48273ca195dca692d13aae6c782,2025-06-30T16:35:04+02:00,629270e2d796c48273ca195dca692d13aae6c782,2025-06-30T16:35:04+02:00,1,389,0.058823529411764705,,,False,False,0,1,0.0,43.55,,0.022961929439904327,460609164.0,writer/writer-framework,Python
tests/backend/test_blueprints.py,43,callable,ok,tests.backend.test_blueprints.TestDataFlow.test_result_passing,tests.backend.test_blueprints.TestDataFlow.test_result_passing,629270e2d796c48273ca195dca692d13aae6c782,2025-06-30T16:35:04+02:00,629270e2d796c48273ca195dca692d13aae6c782,2025-06-30T16:35:04+02:00,1,389,0.05555555555555555,,,False,False,0,1,0.0,43.55,,0.022961929439904327,460609164.0,writer/writer-framework,Python
tests/backend/test_blueprints.py,44,callable,ok,tests.backend.test_blueprints.TestDataFlow.test_all_results,tests.backend.test_blueprints.TestDataFlow.test_all_results,629270e2d796c48273ca195dca692d13aae6c782,2025-06-30T16:35:04+02:00,629270e2d796c48273ca195dca692d13aae6c782,2025-06-30T16:35:04+02:00,1,389,0.09090909090909091,,,False,False,0,1,0.0,43.55,,0.022961929439904327,460609164.0,writer/writer-framework,Python
tests/backend/test_blueprints.py,45,callable,ok,tests.backend.test_blueprints.TestDataFlow.test_code_block_execution,tests.backend.test_blueprints.TestDataFlow.test_code_block_execution,629270e2d796c48273ca195dca692d13aae6c782,2025-06-30T16:35:04+02:00,629270e2d796c48273ca195dca692d13aae6c782,2025-06-30T16:35:04+02:00,1,389,0.07692307692307693,,,False,False,0,1,0.0,43.55,,0.022961929439904327,460609164.0,writer/writer-framework,Python
tests/backend/test_blueprints.py,46,callable,ok,tests.backend.test_blueprints.TestDataFlow.test_return_value,tests.backend.test_blueprints.TestDataFlow.test_return_value,629270e2d796c48273ca195dca692d13aae6c782,2025-06-30T16:35:04+02:00,629270e2d796c48273ca195dca692d13aae6c782,2025-06-30T16:35:04+02:00,1,389,0.08333333333333333,,,False,False,0,1,0.0,43.55,,0.022961929439904327,460609164.0,writer/writer-framework,Python
tests/backend/test_blueprints.py,47,callable,ok,tests.backend.test_blueprints.TestErrorHandling.test_error_handling,tests.backend.test_blueprints.TestErrorHandling.test_error_handling,629270e2d796c48273ca195dca692d13aae6c782,2025-06-30T16:35:04+02:00,629270e2d796c48273ca195dca692d13aae6c782,2025-06-30T16:35:04+02:00,1,389,0.07692307692307693,,,False,False,0,1,0.0,43.55,,0.022961929439904327,460609164.0,writer/writer-framework,Python
tests/backend/test_blueprints.py,48,callable,ok,tests.backend.test_blueprints.TestErrorHandling.test_error_unhandled,tests.backend.test_blueprints.TestErrorHandling.test_error_unhandled,629270e2d796c48273ca195dca692d13aae6c782,2025-06-30T16:35:04+02:00,3c95ea9032c0dce47a09be83555a987707a7a9e7,2025-07-01T14:48:39+02:00,2,389,0.16666666666666666,,,False,False,0,2,0.0,44.48,,0.0449676209708374,460609164.0,writer/writer-framework,Python
tests/backend/test_blueprints.py,49,callable,ok,tests.backend.test_blueprints.TestErrorHandling.test_node_requirements_not_met,tests.backend.test_blueprints.TestErrorHandling.test_node_requirements_not_met,629270e2d796c48273ca195dca692d13aae6c782,2025-06-30T16:35:04+02:00,629270e2d796c48273ca195dca692d13aae6c782,2025-06-30T16:35:04+02:00,1,389,0.07142857142857142,,,False,False,0,1,0.0,43.55,,0.022961929439904327,460609164.0,writer/writer-framework,Python
tests/backend/test_blueprints.py,50,callable,ok,tests.backend.test_blueprints.TestComplexGraphs.test_two_inputs_from_one_node,tests.backend.test_blueprints.TestComplexGraphs.test_two_inputs_from_one_node,629270e2d796c48273ca195dca692d13aae6c782,2025-06-30T16:35:04+02:00,629270e2d796c48273ca195dca692d13aae6c782,2025-06-30T16:35:04+02:00,1,389,0.0625,,,False,False,0,1,0.0,43.55,,0.022961929439904327,460609164.0,writer/writer-framework,Python
tests/backend/test_blueprints.py,51,callable,ok,tests.backend.test_blueprints.TestComplexGraphs.test_two_routes_of_different_length,tests.backend.test_blueprints.TestComplexGraphs.test_two_routes_of_different_length,629270e2d796c48273ca195dca692d13aae6c782,2025-06-30T16:35:04+02:00,629270e2d796c48273ca195dca692d13aae6c782,2025-06-30T16:35:04+02:00,1,389,0.047619047619047616,,,False,False,0,1,0.0,43.55,,0.022961929439904327,460609164.0,writer/writer-framework,Python
tests/backend/test_blueprints.py,52,callable,ok,tests.backend.test_blueprints.TestComplexGraphs.test_deep_tree,tests.backend.test_blueprints.TestComplexGraphs.test_deep_tree,629270e2d796c48273ca195dca692d13aae6c782,2025-06-30T16:35:04+02:00,629270e2d796c48273ca195dca692d13aae6c782,2025-06-30T16:35:04+02:00,1,389,0.047619047619047616,,,False,False,0,1,0.0,43.55,,0.022961929439904327,460609164.0,writer/writer-framework,Python
tests/backend/test_blueprints.py,53,callable,ok,tests.backend.test_blueprints.TestComplexGraphs.test_error_deep_in_branch,tests.backend.test_blueprints.TestComplexGraphs.test_error_deep_in_branch,629270e2d796c48273ca195dca692d13aae6c782,2025-06-30T16:35:04+02:00,629270e2d796c48273ca195dca692d13aae6c782,2025-06-30T16:35:04+02:00,1,389,0.037037037037037035,,,False,False,0,1,0.0,43.55,,0.022961929439904327,460609164.0,writer/writer-framework,Python
tests/backend/test_blueprints.py,54,callable,ok,tests.backend.test_blueprints.TestBranchExecution.test_run_branch_deep_tree,tests.backend.test_blueprints.TestBranchExecution.test_run_branch_deep_tree,629270e2d796c48273ca195dca692d13aae6c782,2025-06-30T16:35:04+02:00,629270e2d796c48273ca195dca692d13aae6c782,2025-06-30T16:35:04+02:00,1,389,0.037037037037037035,,,False,False,0,1,0.0,43.55,,0.022961929439904327,460609164.0,writer/writer-framework,Python
tests/backend/test_blueprints.py,55,callable,ok,tests.backend.test_blueprints.TestBranchExecution.test_run_branch,tests.backend.test_blueprints.TestBranchExecution.test_run_branch,629270e2d796c48273ca195dca692d13aae6c782,2025-06-30T16:35:04+02:00,629270e2d796c48273ca195dca692d13aae6c782,2025-06-30T16:35:04+02:00,1,389,0.038461538461538464,,,False,False,0,1,0.0,43.55,,0.022961929439904327,460609164.0,writer/writer-framework,Python
tests/backend/test_blueprints.py,56,callable,ok,tests.backend.test_blueprints.TestBranchExecution.test_run_branch_with_out_id,tests.backend.test_blueprints.TestBranchExecution.test_run_branch_with_out_id,629270e2d796c48273ca195dca692d13aae6c782,2025-06-30T16:35:04+02:00,629270e2d796c48273ca195dca692d13aae6c782,2025-06-30T16:35:04+02:00,1,389,0.043478260869565216,,,False,False,0,1,0.0,43.55,,0.022961929439904327,460609164.0,writer/writer-framework,Python
tests/backend/test_blueprints.py,62,callable,ok,tests.backend.test_blueprints.MockBlock.set_output,tests.backend.test_blueprints.MockBlock.set_output,f0a436da8b01d7c2d06b71add9618fad87c0be0f,2025-06-30T18:51:23+02:00,f0a436da8b01d7c2d06b71add9618fad87c0be0f,2025-06-30T18:51:23+02:00,1,389,0.5,,,False,False,0,1,0.0,43.65,,0.02291212589788882,460609164.0,writer/writer-framework,Python
tests/backend/test_blueprints.py,63,callable,ok,tests.backend.test_blueprints.TestErrorHandling.test_circular_dependency,tests.backend.test_blueprints.TestErrorHandling.test_circular_dependency,f0a436da8b01d7c2d06b71add9618fad87c0be0f,2025-06-30T18:51:23+02:00,f0a436da8b01d7c2d06b71add9618fad87c0be0f,2025-06-30T18:51:23+02:00,1,389,0.06666666666666667,,,False,False,0,1,0.0,43.65,,0.02291212589788882,460609164.0,writer/writer-framework,Python
tests/backend/test_blueprints.py,64,callable,ok,tests.backend.test_blueprints.TestErrorHandling.test_max_dag_deplth,tests.backend.test_blueprints.TestErrorHandling.test_max_dag_deplth,f0a436da8b01d7c2d06b71add9618fad87c0be0f,2025-06-30T18:51:23+02:00,3c95ea9032c0dce47a09be83555a987707a7a9e7,2025-07-01T14:48:39+02:00,2,389,0.125,,,False,False,0,2,0.0,44.48,,0.0449676209708374,460609164.0,writer/writer-framework,Python
tests/backend/test_blueprints.py,65,callable,ok,tests.backend.test_blueprints.TestComplexGraphs.test_two_inputs,tests.backend.test_blueprints.TestComplexGraphs.test_two_inputs,f0a436da8b01d7c2d06b71add9618fad87c0be0f,2025-06-30T18:51:23+02:00,f0a436da8b01d7c2d06b71add9618fad87c0be0f,2025-06-30T18:51:23+02:00,1,389,0.047619047619047616,,,False,False,0,1,0.0,43.65,,0.02291212589788882,460609164.0,writer/writer-framework,Python
tests/backend/test_cli.py,0,callable,ok,tests.backend.test_cli.test_version,tests.backend.test_cli.test_version,0aef7a2dcae462c96193c487fe9d78bd2af41338,2024-07-23T17:20:22+02:00,0aef7a2dcae462c96193c487fe9d78bd2af41338,2024-07-23T17:20:22+02:00,1,731,0.16666666666666666,,,False,False,1,0,298.42,0.0,0.0033510021125275815,,460609164.0,writer/writer-framework,Python
tests/backend/test_cli.py,1,callable,ok,tests.backend.test_cli.test_create_default,tests.backend.test_cli.test_create_default,0aef7a2dcae462c96193c487fe9d78bd2af41338,2024-07-23T17:20:22+02:00,a8f42dea7d5c0157a2d12b9a7038a00a85d4e918,2024-11-22T23:24:36+01:00,3,731,0.3333333333333333,0.7557444946714826,,False,False,3,0,298.42,0.0,0.010053006337582744,,460609164.0,writer/writer-framework,Python
tests/backend/test_cli.py,2,callable,ok,tests.backend.test_cli.test_create_specific_template,tests.backend.test_cli.test_create_specific_template,0aef7a2dcae462c96193c487fe9d78bd2af41338,2024-07-23T17:20:22+02:00,a8f42dea7d5c0157a2d12b9a7038a00a85d4e918,2024-11-22T23:24:36+01:00,3,731,0.3333333333333333,0.7557444946714826,,False,False,3,0,298.42,0.0,0.010053006337582744,,460609164.0,writer/writer-framework,Python
tests/backend/test_cli.py,3,callable,ok,tests.backend.test_cli.test_run,tests.backend.test_cli.test_run,0aef7a2dcae462c96193c487fe9d78bd2af41338,2024-07-23T17:20:22+02:00,0aef7a2dcae462c96193c487fe9d78bd2af41338,2024-07-23T17:20:22+02:00,1,731,0.037037037037037035,,,False,False,1,0,298.42,0.0,0.0033510021125275815,,460609164.0,writer/writer-framework,Python
tests/backend/test_cli.py,4,callable,ok,tests.backend.test_cli.test_edit,tests.backend.test_cli.test_edit,0aef7a2dcae462c96193c487fe9d78bd2af41338,2024-07-23T17:20:22+02:00,0aef7a2dcae462c96193c487fe9d78bd2af41338,2024-07-23T17:20:22+02:00,1,731,0.037037037037037035,,,False,False,1,0,298.42,0.0,0.0033510021125275815,,460609164.0,writer/writer-framework,Python
tests/backend/test_core.py,0,class,ok,tests.backend.test_core.TestStateProxy,tests.backend.test_core.TestStateProxy,c6591eff793db24ded0e99287c5f2ee22f87ecc7,2024-03-28T14:47:52+01:00,c6591eff793db24ded0e99287c5f2ee22f87ecc7,2024-03-28T14:47:52+01:00,1,848,0.007874015748031496,,,False,False,1,0,415.48,0.0,0.0024068406422453684,,460609164.0,writer/writer-framework,Python
tests/backend/test_core.py,1,class,ok,tests.backend.test_core.TestState,tests.backend.test_core.TestState,c6591eff793db24ded0e99287c5f2ee22f87ecc7,2024-03-28T14:47:52+01:00,c6591eff793db24ded0e99287c5f2ee22f87ecc7,2024-03-28T14:47:52+01:00,1,848,0.007692307692307693,,,False,False,1,0,415.48,0.0,0.0024068406422453684,,460609164.0,writer/writer-framework,Python
tests/backend/test_core.py,2,class,ok,tests.backend.test_core.TestStreamsyncState,tests.backend.test_core.TestStreamsyncState,c6591eff793db24ded0e99287c5f2ee22f87ecc7,2024-03-28T14:47:52+01:00,c6591eff793db24ded0e99287c5f2ee22f87ecc7,2024-03-28T14:47:52+01:00,1,848,0.013333333333333334,,,False,False,1,0,415.48,0.0,0.0024068406422453684,,460609164.0,writer/writer-framework,Python
tests/backend/test_core.py,3,class,ok,tests.backend.test_core.TestEventDeserialiser,tests.backend.test_core.TestEventDeserialiser,c6591eff793db24ded0e99287c5f2ee22f87ecc7,2024-03-28T14:47:52+01:00,c6591eff793db24ded0e99287c5f2ee22f87ecc7,2024-03-28T14:47:52+01:00,1,848,0.005235602094240838,,,False,False,1,0,415.48,0.0,0.0024068406422453684,,460609164.0,writer/writer-framework,Python
tests/backend/test_core.py,4,class,ok,tests.backend.test_core.TestFileWrapper,tests.backend.test_core.TestFileWrapper,c6591eff793db24ded0e99287c5f2ee22f87ecc7,2024-03-28T14:47:52+01:00,c6591eff793db24ded0e99287c5f2ee22f87ecc7,2024-03-28T14:47:52+01:00,1,848,0.14285714285714285,,,False,False,1,0,415.48,0.0,0.0024068406422453684,,460609164.0,writer/writer-framework,Python
tests/backend/test_core.py,5,class,ok,tests.backend.test_core.TestBytesWrapper,tests.backend.test_core.TestBytesWrapper,c6591eff793db24ded0e99287c5f2ee22f87ecc7,2024-03-28T14:47:52+01:00,c6591eff793db24ded0e99287c5f2ee22f87ecc7,2024-03-28T14:47:52+01:00,1,848,0.2,,,False,False,1,0,415.48,0.0,0.0024068406422453684,,460609164.0,writer/writer-framework,Python
tests/backend/test_core.py,6,class,ok,tests.backend.test_core.TestStateSerialiser,tests.backend.test_core.TestStateSerialiser,c6591eff793db24ded0e99287c5f2ee22f87ecc7,2024-03-28T14:47:52+01:00,c6591eff793db24ded0e99287c5f2ee22f87ecc7,2024-03-28T14:47:52+01:00,1,848,0.006369426751592357,,,False,False,1,0,415.48,0.0,0.0024068406422453684,,460609164.0,writer/writer-framework,Python
tests/backend/test_core.py,7,class,ok,tests.backend.test_core.TestEvaluator,tests.backend.test_core.TestEvaluator,c6591eff793db24ded0e99287c5f2ee22f87ecc7,2024-03-28T14:47:52+01:00,c6591eff793db24ded0e99287c5f2ee22f87ecc7,2024-03-28T14:47:52+01:00,1,848,0.014285714285714285,,,False,False,1,0,415.48,0.0,0.0024068406422453684,,460609164.0,writer/writer-framework,Python
tests/backend/test_core.py,8,class,ok,tests.backend.test_core.TestSessionManager,tests.backend.test_core.TestSessionManager,c6591eff793db24ded0e99287c5f2ee22f87ecc7,2024-03-28T14:47:52+01:00,c6591eff793db24ded0e99287c5f2ee22f87ecc7,2024-03-28T14:47:52+01:00,1,848,0.012195121951219513,,,False,False,1,0,415.48,0.0,0.0024068406422453684,,460609164.0,writer/writer-framework,Python
tests/backend/test_core.py,0,callable,ok,tests.backend.test_core.TestStateProxy.setUp,tests.backend.test_core.TestStateProxy.setUp,c6591eff793db24ded0e99287c5f2ee22f87ecc7,2024-03-28T14:47:52+01:00,c6591eff793db24ded0e99287c5f2ee22f87ecc7,2024-03-28T14:47:52+01:00,1,848,0.3333333333333333,,,False,False,1,0,415.48,0.0,0.0024068406422453684,,460609164.0,writer/writer-framework,Python
tests/backend/test_core.py,1,callable,ok,tests.backend.test_core.TestStateProxy.count_initial_mutations,tests.backend.test_core.TestStateProxy.count_initial_mutations,c6591eff793db24ded0e99287c5f2ee22f87ecc7,2024-03-28T14:47:52+01:00,c6591eff793db24ded0e99287c5f2ee22f87ecc7,2024-03-28T14:47:52+01:00,1,848,0.08333333333333333,,,False,False,1,0,415.48,0.0,0.0024068406422453684,,460609164.0,writer/writer-framework,Python
tests/backend/test_core.py,2,callable,ok,tests.backend.test_core.TestStateProxy.test_read,tests.backend.test_core.TestStateProxy.test_read,c6591eff793db24ded0e99287c5f2ee22f87ecc7,2024-03-28T14:47:52+01:00,c6591eff793db24ded0e99287c5f2ee22f87ecc7,2024-03-28T14:47:52+01:00,1,848,0.16666666666666666,,,False,False,1,0,415.48,0.0,0.0024068406422453684,,460609164.0,writer/writer-framework,Python
tests/backend/test_core.py,3,callable,ok,tests.backend.test_core.TestStateProxy.test_mutations,tests.backend.test_core.TestStateProxy.test_mutations,c6591eff793db24ded0e99287c5f2ee22f87ecc7,2024-03-28T14:47:52+01:00,c6591eff793db24ded0e99287c5f2ee22f87ecc7,2024-03-28T14:47:52+01:00,1,848,0.03125,,,False,False,1,0,415.48,0.0,0.0024068406422453684,,460609164.0,writer/writer-framework,Python
tests/backend/test_core.py,4,callable,ok,tests.backend.test_core.TestStateProxy.test_apply_mutation_marker,tests.backend.test_core.TestStateProxy.test_apply_mutation_marker,c6591eff793db24ded0e99287c5f2ee22f87ecc7,2024-03-28T14:47:52+01:00,c6591eff793db24ded0e99287c5f2ee22f87ecc7,2024-03-28T14:47:52+01:00,1,848,0.021739130434782608,,,False,False,1,0,415.48,0.0,0.0024068406422453684,,460609164.0,writer/writer-framework,Python
tests/backend/test_core.py,5,callable,ok,tests.backend.test_core.TestStateProxy.test_dictionary_removal,tests.backend.test_core.TestStateProxy.test_dictionary_removal,c6591eff793db24ded0e99287c5f2ee22f87ecc7,2024-03-28T14:47:52+01:00,c6591eff793db24ded0e99287c5f2ee22f87ecc7,2024-03-28T14:47:52+01:00,1,848,0.16666666666666666,,,False,False,1,0,415.48,0.0,0.0024068406422453684,,460609164.0,writer/writer-framework,Python
tests/backend/test_core.py,6,callable,ok,tests.backend.test_core.TestStateProxy.test_private_members,tests.backend.test_core.TestStateProxy.test_private_members,c6591eff793db24ded0e99287c5f2ee22f87ecc7,2024-03-28T14:47:52+01:00,c6591eff793db24ded0e99287c5f2ee22f87ecc7,2024-03-28T14:47:52+01:00,1,848,0.25,,,False,False,1,0,415.48,0.0,0.0024068406422453684,,460609164.0,writer/writer-framework,Python
tests/backend/test_core.py,7,callable,ok,tests.backend.test_core.TestStateProxy.test_to_raw_state,tests.backend.test_core.TestStateProxy.test_to_raw_state,c6591eff793db24ded0e99287c5f2ee22f87ecc7,2024-03-28T14:47:52+01:00,c6591eff793db24ded0e99287c5f2ee22f87ecc7,2024-03-28T14:47:52+01:00,1,848,0.16666666666666666,,,False,False,1,0,415.48,0.0,0.0024068406422453684,,460609164.0,writer/writer-framework,Python
tests/backend/test_core.py,8,callable,ok,tests.backend.test_core.TestState.test_set_dictionary_in_a_state_should_transform_it_in_state_proxy_and_trigger_mutation,tests.backend.test_core.TestState.test_set_dictionary_in_a_state_should_transform_it_in_state_proxy_and_trigger_mutation,c6591eff793db24ded0e99287c5f2ee22f87ecc7,2024-03-28T14:47:52+01:00,c6591eff793db24ded0e99287c5f2ee22f87ecc7,2024-03-28T14:47:52+01:00,1,848,0.05555555555555555,,,False,False,1,0,415.48,0.0,0.0024068406422453684,,460609164.0,writer/writer-framework,Python
tests/backend/test_core.py,9,callable,ok,tests.backend.test_core.TestState.test_set_dictionary_in_a_state_with_schema_should_transform_it_in_state_proxy_and_trigger_mutation,tests.backend.test_core.TestState.test_set_dictionary_in_a_state_with_schema_should_transform_it_in_state_proxy_and_trigger_mutation,c6591eff793db24ded0e99287c5f2ee22f87ecc7,2024-03-28T14:47:52+01:00,c6591eff793db24ded0e99287c5f2ee22f87ecc7,2024-03-28T14:47:52+01:00,1,848,0.07692307692307693,,,False,False,1,0,415.48,0.0,0.0024068406422453684,,460609164.0,writer/writer-framework,Python
tests/backend/test_core.py,10,callable,ok,tests.backend.test_core.TestState.test_replace_dictionary_content_in_a_state_with_schema_should_transform_it_in_state_proxy_and_trigger_mutation,tests.backend.test_core.TestState.test_replace_dictionary_content_in_a_state_with_schema_should_transform_it_in_state_proxy_and_trigger_mutation,c6591eff793db24ded0e99287c5f2ee22f87ecc7,2024-03-28T14:47:52+01:00,c6591eff793db24ded0e99287c5f2ee22f87ecc7,2024-03-28T14:47:52+01:00,1,848,0.022222222222222223,,,False,False,1,0,415.48,0.0,0.0024068406422453684,,460609164.0,writer/writer-framework,Python
tests/backend/test_core.py,11,callable,ok,tests.backend.test_core.TestState.test_changing_a_value_in_substate_is_accessible_and_mutations_are_present,tests.backend.test_core.TestState.test_changing_a_value_in_substate_is_accessible_and_mutations_are_present,c6591eff793db24ded0e99287c5f2ee22f87ecc7,2024-03-28T14:47:52+01:00,c6591eff793db24ded0e99287c5f2ee22f87ecc7,2024-03-28T14:47:52+01:00,1,848,0.03571428571428571,,,False,False,1,0,415.48,0.0,0.0024068406422453684,,460609164.0,writer/writer-framework,Python
tests/backend/test_core.py,12,callable,ok,tests.backend.test_core.TestState.test_remove_then_replace_nested_dictionary_should_trigger_mutation,tests.backend.test_core.TestState.test_remove_then_replace_nested_dictionary_should_trigger_mutation,c6591eff793db24ded0e99287c5f2ee22f87ecc7,2024-03-28T14:47:52+01:00,c6591eff793db24ded0e99287c5f2ee22f87ecc7,2024-03-28T14:47:52+01:00,1,848,0.05,,,False,False,1,0,415.48,0.0,0.0024068406422453684,,460609164.0,writer/writer-framework,Python
tests/backend/test_core.py,13,callable,ok,tests.backend.test_core.TestStreamsyncState.test_dict_json_serialisable,tests.backend.test_core.TestStreamsyncState.test_dict_json_serialisable,c6591eff793db24ded0e99287c5f2ee22f87ecc7,2024-03-28T14:47:52+01:00,c6591eff793db24ded0e99287c5f2ee22f87ecc7,2024-03-28T14:47:52+01:00,1,848,0.3333333333333333,,,False,False,1,0,415.48,0.0,0.0024068406422453684,,460609164.0,writer/writer-framework,Python
tests/backend/test_core.py,14,callable,ok,tests.backend.test_core.TestStreamsyncState.test_read,tests.backend.test_core.TestStreamsyncState.test_read,c6591eff793db24ded0e99287c5f2ee22f87ecc7,2024-03-28T14:47:52+01:00,c6591eff793db24ded0e99287c5f2ee22f87ecc7,2024-03-28T14:47:52+01:00,1,848,0.2,,,False,False,1,0,415.48,0.0,0.0024068406422453684,,460609164.0,writer/writer-framework,Python
tests/backend/test_core.py,15,callable,ok,tests.backend.test_core.TestStreamsyncState.test_get_clone,tests.backend.test_core.TestStreamsyncState.test_get_clone,c6591eff793db24ded0e99287c5f2ee22f87ecc7,2024-03-28T14:47:52+01:00,c6591eff793db24ded0e99287c5f2ee22f87ecc7,2024-03-28T14:47:52+01:00,1,848,0.16666666666666666,,,False,False,1,0,415.48,0.0,0.0024068406422453684,,460609164.0,writer/writer-framework,Python
tests/backend/test_core.py,16,callable,ok,tests.backend.test_core.TestStreamsyncState.test_get_new,tests.backend.test_core.TestStreamsyncState.test_get_new,c6591eff793db24ded0e99287c5f2ee22f87ecc7,2024-03-28T14:47:52+01:00,c6591eff793db24ded0e99287c5f2ee22f87ecc7,2024-03-28T14:47:52+01:00,1,848,0.0625,,,False,False,1,0,415.48,0.0,0.0024068406422453684,,460609164.0,writer/writer-framework,Python
tests/backend/test_core.py,17,callable,ok,tests.backend.test_core.TestStreamsyncState.test_mail,tests.backend.test_core.TestStreamsyncState.test_mail,c6591eff793db24ded0e99287c5f2ee22f87ecc7,2024-03-28T14:47:52+01:00,c6591eff793db24ded0e99287c5f2ee22f87ecc7,2024-03-28T14:47:52+01:00,1,848,0.07692307692307693,,,False,False,1,0,415.48,0.0,0.0024068406422453684,,460609164.0,writer/writer-framework,Python
tests/backend/test_core.py,18,callable,ok,tests.backend.test_core.TestStreamsyncState.test_non_str_keys,tests.backend.test_core.TestStreamsyncState.test_non_str_keys,c6591eff793db24ded0e99287c5f2ee22f87ecc7,2024-03-28T14:47:52+01:00,c6591eff793db24ded0e99287c5f2ee22f87ecc7,2024-03-28T14:47:52+01:00,1,848,0.16666666666666666,,,False,False,1,0,415.48,0.0,0.0024068406422453684,,460609164.0,writer/writer-framework,Python
tests/backend/test_core.py,19,callable,ok,tests.backend.test_core.TestStreamsyncState.test_unpickable_members,tests.backend.test_core.TestStreamsyncState.test_unpickable_members,c6591eff793db24ded0e99287c5f2ee22f87ecc7,2024-03-28T14:47:52+01:00,c6591eff793db24ded0e99287c5f2ee22f87ecc7,2024-03-28T14:47:52+01:00,1,848,0.07142857142857142,,,False,False,1,0,415.48,0.0,0.0024068406422453684,,460609164.0,writer/writer-framework,Python
tests/backend/test_core.py,20,callable,ok,tests.backend.test_core.TestEventDeserialiser.test_unknown_no_payload,tests.backend.test_core.TestEventDeserialiser.test_unknown_no_payload,c6591eff793db24ded0e99287c5f2ee22f87ecc7,2024-03-28T14:47:52+01:00,c6591eff793db24ded0e99287c5f2ee22f87ecc7,2024-03-28T14:47:52+01:00,1,848,0.125,,,False,False,1,0,415.48,0.0,0.0024068406422453684,,460609164.0,writer/writer-framework,Python
tests/backend/test_core.py,21,callable,ok,tests.backend.test_core.TestEventDeserialiser.test_unknown_with_payload,tests.backend.test_core.TestEventDeserialiser.test_unknown_with_payload,c6591eff793db24ded0e99287c5f2ee22f87ecc7,2024-03-28T14:47:52+01:00,c6591eff793db24ded0e99287c5f2ee22f87ecc7,2024-03-28T14:47:52+01:00,1,848,0.14285714285714285,,,False,False,1,0,415.48,0.0,0.0024068406422453684,,460609164.0,writer/writer-framework,Python
tests/backend/test_core.py,22,callable,ok,tests.backend.test_core.TestEventDeserialiser.test_unknown_native_with_payload,tests.backend.test_core.TestEventDeserialiser.test_unknown_native_with_payload,c6591eff793db24ded0e99287c5f2ee22f87ecc7,2024-03-28T14:47:52+01:00,c6591eff793db24ded0e99287c5f2ee22f87ecc7,2024-03-28T14:47:52+01:00,1,848,0.1111111111111111,,,False,False,1,0,415.48,0.0,0.0024068406422453684,,460609164.0,writer/writer-framework,Python
tests/backend/test_core.py,23,callable,ok,tests.backend.test_core.TestEventDeserialiser.test_number_change,tests.backend.test_core.TestEventDeserialiser.test_number_change,c6591eff793db24ded0e99287c5f2ee22f87ecc7,2024-03-28T14:47:52+01:00,c6591eff793db24ded0e99287c5f2ee22f87ecc7,2024-03-28T14:47:52+01:00,1,848,0.125,,,False,False,1,0,415.48,0.0,0.0024068406422453684,,460609164.0,writer/writer-framework,Python
tests/backend/test_core.py,24,callable,ok,tests.backend.test_core.TestEventDeserialiser.test_change,tests.backend.test_core.TestEventDeserialiser.test_change,c6591eff793db24ded0e99287c5f2ee22f87ecc7,2024-03-28T14:47:52+01:00,c6591eff793db24ded0e99287c5f2ee22f87ecc7,2024-03-28T14:47:52+01:00,1,848,0.125,,,False,False,1,0,415.48,0.0,0.0024068406422453684,,460609164.0,writer/writer-framework,Python
tests/backend/test_core.py,25,callable,ok,tests.backend.test_core.TestEventDeserialiser.test_option_change_default,tests.backend.test_core.TestEventDeserialiser.test_option_change_default,c6591eff793db24ded0e99287c5f2ee22f87ecc7,2024-03-28T14:47:52+01:00,c6591eff793db24ded0e99287c5f2ee22f87ecc7,2024-03-28T14:47:52+01:00,1,848,0.04,,,False,False,1,0,415.48,0.0,0.0024068406422453684,,460609164.0,writer/writer-framework,Python
tests/backend/test_core.py,26,callable,ok,tests.backend.test_core.TestEventDeserialiser.test_option_change,tests.backend.test_core.TestEventDeserialiser.test_option_change,c6591eff793db24ded0e99287c5f2ee22f87ecc7,2024-03-28T14:47:52+01:00,c6591eff793db24ded0e99287c5f2ee22f87ecc7,2024-03-28T14:47:52+01:00,1,848,0.04,,,False,False,1,0,415.48,0.0,0.0024068406422453684,,460609164.0,writer/writer-framework,Python
tests/backend/test_core.py,27,callable,ok,tests.backend.test_core.TestEventDeserialiser.test_options_change_default,tests.backend.test_core.TestEventDeserialiser.test_options_change_default,c6591eff793db24ded0e99287c5f2ee22f87ecc7,2024-03-28T14:47:52+01:00,c6591eff793db24ded0e99287c5f2ee22f87ecc7,2024-03-28T14:47:52+01:00,1,848,0.04,,,False,False,1,0,415.48,0.0,0.0024068406422453684,,460609164.0,writer/writer-framework,Python
tests/backend/test_core.py,28,callable,ok,tests.backend.test_core.TestEventDeserialiser.test_hashchange,tests.backend.test_core.TestEventDeserialiser.test_hashchange,c6591eff793db24ded0e99287c5f2ee22f87ecc7,2024-03-28T14:47:52+01:00,c6591eff793db24ded0e99287c5f2ee22f87ecc7,2024-03-28T14:47:52+01:00,1,848,0.05263157894736842,,,False,False,1,0,415.48,0.0,0.0024068406422453684,,460609164.0,writer/writer-framework,Python
tests/backend/test_core.py,29,callable,ok,tests.backend.test_core.TestEventDeserialiser.test_webcam,tests.backend.test_core.TestEventDeserialiser.test_webcam,c6591eff793db24ded0e99287c5f2ee22f87ecc7,2024-03-28T14:47:52+01:00,c6591eff793db24ded0e99287c5f2ee22f87ecc7,2024-03-28T14:47:52+01:00,1,848,0.125,,,False,False,1,0,415.48,0.0,0.0024068406422453684,,460609164.0,writer/writer-framework,Python
tests/backend/test_core.py,30,callable,ok,tests.backend.test_core.TestEventDeserialiser.test_file_change,tests.backend.test_core.TestEventDeserialiser.test_file_change,c6591eff793db24ded0e99287c5f2ee22f87ecc7,2024-03-28T14:47:52+01:00,c6591eff793db24ded0e99287c5f2ee22f87ecc7,2024-03-28T14:47:52+01:00,1,848,0.06666666666666667,,,False,False,1,0,415.48,0.0,0.0024068406422453684,,460609164.0,writer/writer-framework,Python
tests/backend/test_core.py,31,callable,ok,tests.backend.test_core.TestEventDeserialiser.test_date_change,tests.backend.test_core.TestEventDeserialiser.test_date_change,c6591eff793db24ded0e99287c5f2ee22f87ecc7,2024-03-28T14:47:52+01:00,c6591eff793db24ded0e99287c5f2ee22f87ecc7,2024-03-28T14:47:52+01:00,1,848,0.0625,,,False,False,1,0,415.48,0.0,0.0024068406422453684,,460609164.0,writer/writer-framework,Python
tests/backend/test_core.py,32,callable,ok,tests.backend.test_core.TestFileWrapper.test_get_as_dataurl,tests.backend.test_core.TestFileWrapper.test_get_as_dataurl,c6591eff793db24ded0e99287c5f2ee22f87ecc7,2024-03-28T14:47:52+01:00,c6591eff793db24ded0e99287c5f2ee22f87ecc7,2024-03-28T14:47:52+01:00,1,848,0.3333333333333333,,,False,False,1,0,415.48,0.0,0.0024068406422453684,,460609164.0,writer/writer-framework,Python
tests/backend/test_core.py,33,callable,ok,tests.backend.test_core.TestBytesWrapper.test_get_as_dataurl,tests.backend.test_core.TestBytesWrapper.test_get_as_dataurl,c6591eff793db24ded0e99287c5f2ee22f87ecc7,2024-03-28T14:47:52+01:00,c6591eff793db24ded0e99287c5f2ee22f87ecc7,2024-03-28T14:47:52+01:00,1,848,0.3333333333333333,,,False,False,1,0,415.48,0.0,0.0024068406422453684,,460609164.0,writer/writer-framework,Python
tests/backend/test_core.py,34,callable,ok,tests.backend.test_core.TestStateSerialiser.test_nested_dict,tests.backend.test_core.TestStateSerialiser.test_nested_dict,c6591eff793db24ded0e99287c5f2ee22f87ecc7,2024-03-28T14:47:52+01:00,c6591eff793db24ded0e99287c5f2ee22f87ecc7,2024-03-28T14:47:52+01:00,1,848,0.125,,,False,False,1,0,415.48,0.0,0.0024068406422453684,,460609164.0,writer/writer-framework,Python
tests/backend/test_core.py,35,callable,ok,tests.backend.test_core.TestStateSerialiser.test_non_str_keys_in_dict,tests.backend.test_core.TestStateSerialiser.test_non_str_keys_in_dict,c6591eff793db24ded0e99287c5f2ee22f87ecc7,2024-03-28T14:47:52+01:00,c6591eff793db24ded0e99287c5f2ee22f87ecc7,2024-03-28T14:47:52+01:00,1,848,0.16666666666666666,,,False,False,1,0,415.48,0.0,0.0024068406422453684,,460609164.0,writer/writer-framework,Python
tests/backend/test_core.py,36,callable,ok,tests.backend.test_core.TestStateSerialiser.test_bytes,tests.backend.test_core.TestStateSerialiser.test_bytes,c6591eff793db24ded0e99287c5f2ee22f87ecc7,2024-03-28T14:47:52+01:00,c6591eff793db24ded0e99287c5f2ee22f87ecc7,2024-03-28T14:47:52+01:00,1,848,0.1,,,False,False,1,0,415.48,0.0,0.0024068406422453684,,460609164.0,writer/writer-framework,Python
tests/backend/test_core.py,37,callable,ok,tests.backend.test_core.TestStateSerialiser.test_wrappers,tests.backend.test_core.TestStateSerialiser.test_wrappers,c6591eff793db24ded0e99287c5f2ee22f87ecc7,2024-03-28T14:47:52+01:00,c6591eff793db24ded0e99287c5f2ee22f87ecc7,2024-03-28T14:47:52+01:00,1,848,0.1,,,False,False,1,0,415.48,0.0,0.0024068406422453684,,460609164.0,writer/writer-framework,Python
tests/backend/test_core.py,38,callable,ok,tests.backend.test_core.TestStateSerialiser.test_numbers,tests.backend.test_core.TestStateSerialiser.test_numbers,c6591eff793db24ded0e99287c5f2ee22f87ecc7,2024-03-28T14:47:52+01:00,c6591eff793db24ded0e99287c5f2ee22f87ecc7,2024-03-28T14:47:52+01:00,1,848,0.07142857142857142,,,False,False,1,0,415.48,0.0,0.0024068406422453684,,460609164.0,writer/writer-framework,Python
tests/backend/test_core.py,39,callable,ok,tests.backend.test_core.TestStateSerialiser.test_invalid,tests.backend.test_core.TestStateSerialiser.test_invalid,c6591eff793db24ded0e99287c5f2ee22f87ecc7,2024-03-28T14:47:52+01:00,c6591eff793db24ded0e99287c5f2ee22f87ecc7,2024-03-28T14:47:52+01:00,1,848,0.1,,,False,False,1,0,415.48,0.0,0.0024068406422453684,,460609164.0,writer/writer-framework,Python
tests/backend/test_core.py,40,callable,ok,tests.backend.test_core.TestStateSerialiser.test_numpy_array_and_int,tests.backend.test_core.TestStateSerialiser.test_numpy_array_and_int,c6591eff793db24ded0e99287c5f2ee22f87ecc7,2024-03-28T14:47:52+01:00,c6591eff793db24ded0e99287c5f2ee22f87ecc7,2024-03-28T14:47:52+01:00,1,848,0.125,,,False,False,1,0,415.48,0.0,0.0024068406422453684,,460609164.0,writer/writer-framework,Python
tests/backend/test_core.py,41,callable,ok,tests.backend.test_core.TestStateSerialiser.test_numpy_array_with_complex,tests.backend.test_core.TestStateSerialiser.test_numpy_array_with_complex,c6591eff793db24ded0e99287c5f2ee22f87ecc7,2024-03-28T14:47:52+01:00,c6591eff793db24ded0e99287c5f2ee22f87ecc7,2024-03-28T14:47:52+01:00,1,848,0.14285714285714285,,,False,False,1,0,415.48,0.0,0.0024068406422453684,,460609164.0,writer/writer-framework,Python
tests/backend/test_core.py,42,callable,ok,tests.backend.test_core.TestStateSerialiser.test_nans_in_dataframe,tests.backend.test_core.TestStateSerialiser.test_nans_in_dataframe,c6591eff793db24ded0e99287c5f2ee22f87ecc7,2024-03-28T14:47:52+01:00,c6591eff793db24ded0e99287c5f2ee22f87ecc7,2024-03-28T14:47:52+01:00,1,848,0.1,,,False,False,1,0,415.48,0.0,0.0024068406422453684,,460609164.0,writer/writer-framework,Python
tests/backend/test_core.py,43,callable,ok,tests.backend.test_core.TestStateSerialiser.test_unserialisable_altair,tests.backend.test_core.TestStateSerialiser.test_unserialisable_altair,c6591eff793db24ded0e99287c5f2ee22f87ecc7,2024-03-28T14:47:52+01:00,c6591eff793db24ded0e99287c5f2ee22f87ecc7,2024-03-28T14:47:52+01:00,1,848,0.09090909090909091,,,False,False,1,0,415.48,0.0,0.0024068406422453684,,460609164.0,writer/writer-framework,Python
tests/backend/test_core.py,44,callable,ok,tests.backend.test_core.TestStateSerialiser.test_plotly_should_be_serialize_to_json,tests.backend.test_core.TestStateSerialiser.test_plotly_should_be_serialize_to_json,c6591eff793db24ded0e99287c5f2ee22f87ecc7,2024-03-28T14:47:52+01:00,c6591eff793db24ded0e99287c5f2ee22f87ecc7,2024-03-28T14:47:52+01:00,1,848,0.05263157894736842,,,False,False,1,0,415.48,0.0,0.0024068406422453684,,460609164.0,writer/writer-framework,Python
tests/backend/test_core.py,45,callable,ok,tests.backend.test_core.TestStateSerialiser.test_pandas_df,tests.backend.test_core.TestStateSerialiser.test_pandas_df,c6591eff793db24ded0e99287c5f2ee22f87ecc7,2024-03-28T14:47:52+01:00,c6591eff793db24ded0e99287c5f2ee22f87ecc7,2024-03-28T14:47:52+01:00,1,848,0.07692307692307693,,,False,False,1,0,415.48,0.0,0.0024068406422453684,,460609164.0,writer/writer-framework,Python
tests/backend/test_core.py,46,callable,ok,tests.backend.test_core.TestStateSerialiser.test_polars_df,tests.backend.test_core.TestStateSerialiser.test_polars_df,c6591eff793db24ded0e99287c5f2ee22f87ecc7,2024-03-28T14:47:52+01:00,c6591eff793db24ded0e99287c5f2ee22f87ecc7,2024-03-28T14:47:52+01:00,1,848,0.07692307692307693,,,False,False,1,0,415.48,0.0,0.0024068406422453684,,460609164.0,writer/writer-framework,Python
tests/backend/test_core.py,47,callable,ok,tests.backend.test_core.TestEvaluator.test_evaluate_field_simple,tests.backend.test_core.TestEvaluator.test_evaluate_field_simple,c6591eff793db24ded0e99287c5f2ee22f87ecc7,2024-03-28T14:47:52+01:00,c6591eff793db24ded0e99287c5f2ee22f87ecc7,2024-03-28T14:47:52+01:00,1,848,0.06666666666666667,,,False,False,1,0,415.48,0.0,0.0024068406422453684,,460609164.0,writer/writer-framework,Python
tests/backend/test_core.py,48,callable,ok,tests.backend.test_core.TestEvaluator.test_evaluate_field_repeater,tests.backend.test_core.TestEvaluator.test_evaluate_field_repeater,c6591eff793db24ded0e99287c5f2ee22f87ecc7,2024-03-28T14:47:52+01:00,c6591eff793db24ded0e99287c5f2ee22f87ecc7,2024-03-28T14:47:52+01:00,1,848,0.038461538461538464,,,False,False,1,0,415.48,0.0,0.0024068406422453684,,460609164.0,writer/writer-framework,Python
tests/backend/test_core.py,49,callable,ok,tests.backend.test_core.TestEvaluator.test_set_state,tests.backend.test_core.TestEvaluator.test_set_state,c6591eff793db24ded0e99287c5f2ee22f87ecc7,2024-03-28T14:47:52+01:00,c6591eff793db24ded0e99287c5f2ee22f87ecc7,2024-03-28T14:47:52+01:00,1,848,0.07142857142857142,,,False,False,1,0,415.48,0.0,0.0024068406422453684,,460609164.0,writer/writer-framework,Python
tests/backend/test_core.py,50,callable,ok,tests.backend.test_core.TestEvaluator.test_evaluate_expression,tests.backend.test_core.TestEvaluator.test_evaluate_expression,c6591eff793db24ded0e99287c5f2ee22f87ecc7,2024-03-28T14:47:52+01:00,c6591eff793db24ded0e99287c5f2ee22f87ecc7,2024-03-28T14:47:52+01:00,1,848,0.1,,,False,False,1,0,415.48,0.0,0.0024068406422453684,,460609164.0,writer/writer-framework,Python
tests/backend/test_core.py,51,callable,ok,tests.backend.test_core.TestSessionManager.test_get_new_session_proposed,tests.backend.test_core.TestSessionManager.test_get_new_session_proposed,c6591eff793db24ded0e99287c5f2ee22f87ecc7,2024-03-28T14:47:52+01:00,c6591eff793db24ded0e99287c5f2ee22f87ecc7,2024-03-28T14:47:52+01:00,1,848,0.08333333333333333,,,False,False,1,0,415.48,0.0,0.0024068406422453684,,460609164.0,writer/writer-framework,Python
tests/backend/test_core.py,52,callable,ok,tests.backend.test_core.TestSessionManager.test_get_new_session_generate_id,tests.backend.test_core.TestSessionManager.test_get_new_session_generate_id,c6591eff793db24ded0e99287c5f2ee22f87ecc7,2024-03-28T14:47:52+01:00,c6591eff793db24ded0e99287c5f2ee22f87ecc7,2024-03-28T14:47:52+01:00,1,848,0.1,,,False,False,1,0,415.48,0.0,0.0024068406422453684,,460609164.0,writer/writer-framework,Python
tests/backend/test_core.py,53,callable,ok,tests.backend.test_core.TestSessionManager.test_close_session,tests.backend.test_core.TestSessionManager.test_close_session,c6591eff793db24ded0e99287c5f2ee22f87ecc7,2024-03-28T14:47:52+01:00,c6591eff793db24ded0e99287c5f2ee22f87ecc7,2024-03-28T14:47:52+01:00,1,848,0.125,,,False,False,1,0,415.48,0.0,0.0024068406422453684,,460609164.0,writer/writer-framework,Python
tests/backend/test_core.py,54,callable,ok,tests.backend.test_core.TestSessionManager.test_session_timeout,tests.backend.test_core.TestSessionManager.test_session_timeout,c6591eff793db24ded0e99287c5f2ee22f87ecc7,2024-03-28T14:47:52+01:00,c6591eff793db24ded0e99287c5f2ee22f87ecc7,2024-03-28T14:47:52+01:00,1,848,0.07692307692307693,,,False,False,1,0,415.48,0.0,0.0024068406422453684,,460609164.0,writer/writer-framework,Python
tests/backend/test_core.py,55,callable,ok,tests.backend.test_core.TestSessionManager.test_session_verifiers,tests.backend.test_core.TestSessionManager.test_session_verifiers,c6591eff793db24ded0e99287c5f2ee22f87ecc7,2024-03-28T14:47:52+01:00,c6591eff793db24ded0e99287c5f2ee22f87ecc7,2024-03-28T14:47:52+01:00,1,848,0.03333333333333333,,,False,False,1,0,415.48,0.0,0.0024068406422453684,,460609164.0,writer/writer-framework,Python
tests/backend/test_core_ui.py,0,callable,ok,tests.backend.test_core_ui.test_lookup_page_for_component_should_retrieve_the_page_for_a_specific_component_id,tests.backend.test_core_ui.test_lookup_parent_type_for_component_should_retrieve_the_page_for_a_specific_component_id,7d287be9b6431913b7c08682a7f9a0a3aad37be4,2024-09-14T07:30:45+02:00,02137a2c857011328177dbc2f0c1ea3a8449ba9f,2024-09-22T08:34:56+02:00,2,8,0.2,,,True,True,2,0,245.83,0.0,0.008135781293249293,,460609164.0,writer/writer-framework,Python
tests/backend/test_core_ui.py,1,callable,ok,tests.backend.test_core_ui.test_lookup_page_for_component_should_return_nothing_when_the_component_match_nothing,tests.backend.test_core_ui.test_lookup_parent_type_for_component_should_return_nothing_when_the_component_match_nothing,7d287be9b6431913b7c08682a7f9a0a3aad37be4,2024-09-14T07:30:45+02:00,02137a2c857011328177dbc2f0c1ea3a8449ba9f,2024-09-22T08:34:56+02:00,2,8,0.2,,,True,True,2,0,245.83,0.0,0.008135781293249293,,460609164.0,writer/writer-framework,Python
tests/backend/test_core_ui.py,2,callable,ok,tests.backend.test_core_ui.test_filter_components_by_should_retrieve_a_list_of_components_that_fit_the_parent,tests.backend.test_core_ui.test_filter_components_by_should_retrieve_a_list_of_components_that_fit_the_parent,bc111378044b31868ffbd0944336bbd784b51a0f,2024-10-10T20:40:40+02:00,bc111378044b31868ffbd0944336bbd784b51a0f,2024-10-10T20:40:40+02:00,1,651,0.1,,,False,False,1,0,219.28,0.0,0.004560398198769389,,460609164.0,writer/writer-framework,Python
tests/backend/test_deploy.py,0,callable,ok,tests.backend.test_deploy._assert_warning,tests.backend.test_deploy._assert_warning,0aef7a2dcae462c96193c487fe9d78bd2af41338,2024-07-23T17:20:22+02:00,0aef7a2dcae462c96193c487fe9d78bd2af41338,2024-07-23T17:20:22+02:00,1,731,0.25,,,False,False,1,0,298.42,0.0,0.0033510021125275815,,460609164.0,writer/writer-framework,Python
tests/backend/test_deploy.py,1,callable,ok,tests.backend.test_deploy._assert_url,tests.backend.test_deploy._assert_url,0aef7a2dcae462c96193c487fe9d78bd2af41338,2024-07-23T17:20:22+02:00,0aef7a2dcae462c96193c487fe9d78bd2af41338,2024-07-23T17:20:22+02:00,1,731,0.3333333333333333,,,False,False,1,0,298.42,0.0,0.0033510021125275815,,460609164.0,writer/writer-framework,Python
tests/backend/test_deploy.py,2,callable,ok,tests.backend.test_deploy._extract_envs,tests.backend.test_deploy._extract_envs,0aef7a2dcae462c96193c487fe9d78bd2af41338,2024-07-23T17:20:22+02:00,0aef7a2dcae462c96193c487fe9d78bd2af41338,2024-07-23T17:20:22+02:00,1,731,0.25,,,False,False,1,0,298.42,0.0,0.0033510021125275815,,460609164.0,writer/writer-framework,Python
tests/backend/test_deploy.py,3,callable,ok,tests.backend.test_deploy.test_deploy,tests.backend.test_deploy.test_deploy,0aef7a2dcae462c96193c487fe9d78bd2af41338,2024-07-23T17:20:22+02:00,0aef7a2dcae462c96193c487fe9d78bd2af41338,2024-07-23T17:20:22+02:00,1,731,0.07692307692307693,,,False,False,1,0,298.42,0.0,0.0033510021125275815,,460609164.0,writer/writer-framework,Python
tests/backend/test_deploy.py,4,callable,ok,tests.backend.test_deploy.test_deploy_force_flag,tests.backend.test_deploy.test_deploy_force_flag,0aef7a2dcae462c96193c487fe9d78bd2af41338,2024-07-23T17:20:22+02:00,0aef7a2dcae462c96193c487fe9d78bd2af41338,2024-07-23T17:20:22+02:00,1,731,0.06666666666666667,,,False,False,1,0,298.42,0.0,0.0033510021125275815,,460609164.0,writer/writer-framework,Python
tests/backend/test_deploy.py,5,callable,ok,tests.backend.test_deploy.test_deploy_api_key_option,tests.backend.test_deploy.test_deploy_api_key_option,0aef7a2dcae462c96193c487fe9d78bd2af41338,2024-07-23T17:20:22+02:00,0aef7a2dcae462c96193c487fe9d78bd2af41338,2024-07-23T17:20:22+02:00,1,731,0.07142857142857142,,,False,False,1,0,298.42,0.0,0.0033510021125275815,,460609164.0,writer/writer-framework,Python
tests/backend/test_deploy.py,6,callable,ok,tests.backend.test_deploy.test_deploy_api_key_prompt,tests.backend.test_deploy.test_deploy_api_key_prompt,0aef7a2dcae462c96193c487fe9d78bd2af41338,2024-07-23T17:20:22+02:00,0aef7a2dcae462c96193c487fe9d78bd2af41338,2024-07-23T17:20:22+02:00,1,731,0.07692307692307693,,,False,False,1,0,298.42,0.0,0.0033510021125275815,,460609164.0,writer/writer-framework,Python
tests/backend/test_deploy.py,7,callable,ok,tests.backend.test_deploy.test_deploy_warning,tests.backend.test_deploy.test_deploy_warning,0aef7a2dcae462c96193c487fe9d78bd2af41338,2024-07-23T17:20:22+02:00,0aef7a2dcae462c96193c487fe9d78bd2af41338,2024-07-23T17:20:22+02:00,1,731,0.08333333333333333,,,False,False,1,0,298.42,0.0,0.0033510021125275815,,460609164.0,writer/writer-framework,Python
tests/backend/test_deploy.py,8,callable,ok,tests.backend.test_deploy.test_deploy_env,tests.backend.test_deploy.test_deploy_env,0aef7a2dcae462c96193c487fe9d78bd2af41338,2024-07-23T17:20:22+02:00,0aef7a2dcae462c96193c487fe9d78bd2af41338,2024-07-23T17:20:22+02:00,1,731,0.041666666666666664,,,False,False,1,0,298.42,0.0,0.0033510021125275815,,460609164.0,writer/writer-framework,Python
tests/backend/test_deploy.py,9,callable,ok,tests.backend.test_deploy.test_deploy_full_flow,tests.backend.test_deploy.test_deploy_full_flow,0aef7a2dcae462c96193c487fe9d78bd2af41338,2024-07-23T17:20:22+02:00,0aef7a2dcae462c96193c487fe9d78bd2af41338,2024-07-23T17:20:22+02:00,1,731,0.034482758620689655,,,False,False,1,0,298.42,0.0,0.0033510021125275815,,460609164.0,writer/writer-framework,Python
tests/backend/test_deploy.py,10,callable,ok,tests.backend.test_deploy.test_undeploy,tests.backend.test_deploy.test_undeploy,0aef7a2dcae462c96193c487fe9d78bd2af41338,2024-07-23T17:20:22+02:00,0aef7a2dcae462c96193c487fe9d78bd2af41338,2024-07-23T17:20:22+02:00,1,731,0.0625,,,False,False,1,0,298.42,0.0,0.0033510021125275815,,460609164.0,writer/writer-framework,Python
tests/backend/test_evaluator.py,0,class,ok,tests.backend.test_evaluator.TestEvaluator,tests.backend.test_evaluator.TestEvaluator,e7a82fb7263be4891dfadec83169e2c876846a52,2024-11-19T09:28:09Z,cb70937239d184f98d3ab251f04d6a9a72e64eb1,2025-07-11T17:52:03+02:00,10,612,0.049019607843137254,0.7116854894233784,,False,False,3,7,179.66,54.6,0.016697948477938835,0.12819618764716967,460609164.0,writer/writer-framework,Python
tests/backend/test_evaluator.py,0,callable,ok,tests.backend.test_evaluator.TestEvaluator.test_evaluate_field_simple,tests.backend.test_evaluator.TestEvaluator.test_evaluate_field_simple,e7a82fb7263be4891dfadec83169e2c876846a52,2024-11-19T09:28:09Z,5479b24f45122dcc427444fd37f6ca2263916bec,2024-11-19T15:02:37Z,3,612,0.21428571428571427,0.15348214934497656,,False,False,3,0,179.66,0.0,0.016697948477938835,,460609164.0,writer/writer-framework,Python
tests/backend/test_evaluator.py,1,callable,ok,tests.backend.test_evaluator.TestEvaluator.test_evaluate_field_repeater,tests.backend.test_evaluator.TestEvaluator.test_evaluate_field_repeater,e7a82fb7263be4891dfadec83169e2c876846a52,2024-11-19T09:28:09Z,5479b24f45122dcc427444fd37f6ca2263916bec,2024-11-19T15:02:37Z,3,612,0.12,0.15348214934497656,,False,False,3,0,179.66,0.0,0.016697948477938835,,460609164.0,writer/writer-framework,Python
tests/backend/test_evaluator.py,2,callable,ok,tests.backend.test_evaluator.TestEvaluator.test_set_state,tests.backend.test_evaluator.TestEvaluator.test_set_state,e7a82fb7263be4891dfadec83169e2c876846a52,2024-11-19T09:28:09Z,5479b24f45122dcc427444fd37f6ca2263916bec,2024-11-19T15:02:37Z,3,612,0.23076923076923078,0.15348214934497656,,False,False,3,0,179.66,0.0,0.016697948477938835,,460609164.0,writer/writer-framework,Python
tests/backend/test_evaluator.py,3,callable,ok,tests.backend.test_evaluator.TestEvaluator.test_evaluate_expression,tests.backend.test_evaluator.TestEvaluator.test_evaluate_expression,e7a82fb7263be4891dfadec83169e2c876846a52,2024-11-19T09:28:09Z,cb70937239d184f98d3ab251f04d6a9a72e64eb1,2025-07-11T17:52:03+02:00,6,612,0.18181818181818182,0.2717098628829336,,False,False,3,3,179.66,54.6,0.016697948477938835,0.05494122327735843,460609164.0,writer/writer-framework,Python
tests/backend/test_evaluator.py,4,callable,ok,tests.backend.test_evaluator.TestEvaluator.test_get_context_data_should_return_the_target_of_event,tests.backend.test_evaluator.TestEvaluator.test_get_context_data_should_return_the_target_of_event,e7a82fb7263be4891dfadec83169e2c876846a52,2024-11-19T09:28:09Z,5479b24f45122dcc427444fd37f6ca2263916bec,2024-11-19T15:02:37Z,3,612,0.13636363636363635,0.15348214934497656,,False,False,3,0,179.66,0.0,0.016697948477938835,,460609164.0,writer/writer-framework,Python
tests/backend/test_evaluator.py,5,callable,ok,tests.backend.test_evaluator.TestEvaluator.test_get_context_data_should_return_the_repeater_position_and_the_target_inside_the_repeater,tests.backend.test_evaluator.TestEvaluator.test_get_context_data_should_return_the_repeater_position_and_the_target_inside_the_repeater,e7a82fb7263be4891dfadec83169e2c876846a52,2024-11-19T09:28:09Z,5479b24f45122dcc427444fd37f6ca2263916bec,2024-11-19T15:02:37Z,4,612,0.16,1.1158349343351348,,False,False,4,0,179.66,0.0,0.022263931303918447,,460609164.0,writer/writer-framework,Python
tests/backend/test_evaluator.py,6,callable,ok,tests.backend.test_evaluator.TestEvaluator.test_evaluate_field_json,tests.backend.test_evaluator.TestEvaluator.test_evaluate_field_json,2cbb9833a0022b691d398ebb24ff408140432d51,2025-06-16T15:58:59+02:00,e27d6c006b5a2786439909d23438123a5db898d8,2025-06-25T11:01:12+02:00,3,403,0.06818181818181818,0.02387042844183649,,False,False,0,3,0.0,38.32,,0.07829117430116367,460609164.0,writer/writer-framework,Python
tests/backend/test_evaluator.py,7,callable,ok,tests.backend.test_evaluator.TestEvaluator.test_evaluate_field_full_match,tests.backend.test_evaluator.TestEvaluator.test_evaluate_field_full_match,89a9ca0dad05e6b26f4900b8dfddb741955ebe7a,2025-06-23T18:39:04+02:00,89a9ca0dad05e6b26f4900b8dfddb741955ebe7a,2025-06-23T18:39:04+02:00,1,396,0.05263157894736842,,,False,False,0,1,0.0,36.64,,0.027295214807654036,460609164.0,writer/writer-framework,Python
tests/backend/test_init_state.py,0,callable,ok,tests.backend.test_init_state.use_dedicated_streamsync_initial_state,tests.backend.test_init_state.use_dedicated_streamsync_initial_state,c6591eff793db24ded0e99287c5f2ee22f87ecc7,2024-03-28T14:47:52+01:00,c6591eff793db24ded0e99287c5f2ee22f87ecc7,2024-03-28T14:47:52+01:00,1,848,0.1,,,False,False,1,0,415.48,0.0,0.0024068406422453684,,460609164.0,writer/writer-framework,Python
tests/backend/test_init_state.py,1,callable,ok,tests.backend.test_init_state.test_init_state_should_build_simple_streamsync_state_without_schema,tests.backend.test_init_state.test_init_state_should_build_simple_streamsync_state_without_schema,c6591eff793db24ded0e99287c5f2ee22f87ecc7,2024-03-28T14:47:52+01:00,c6591eff793db24ded0e99287c5f2ee22f87ecc7,2024-03-28T14:47:52+01:00,1,848,0.1,,,False,False,1,0,415.48,0.0,0.0024068406422453684,,460609164.0,writer/writer-framework,Python
tests/backend/test_init_state.py,2,callable,ok,tests.backend.test_init_state.test_init_state_with_schema_should_inherits_streamsync_state,tests.backend.test_init_state.test_init_state_with_schema_should_inherits_streamsync_state,c6591eff793db24ded0e99287c5f2ee22f87ecc7,2024-03-28T14:47:52+01:00,c6591eff793db24ded0e99287c5f2ee22f87ecc7,2024-03-28T14:47:52+01:00,1,848,0.058823529411764705,,,False,False,1,0,415.48,0.0,0.0024068406422453684,,460609164.0,writer/writer-framework,Python
tests/backend/test_init_state.py,3,callable,ok,tests.backend.test_init_state.test_init_state_should_build_a_state_with_a_schema_that_contains_a_substate,tests.backend.test_init_state.test_init_state_should_build_a_state_with_a_schema_that_contains_a_substate,c6591eff793db24ded0e99287c5f2ee22f87ecc7,2024-03-28T14:47:52+01:00,c6591eff793db24ded0e99287c5f2ee22f87ecc7,2024-03-28T14:47:52+01:00,1,848,0.041666666666666664,,,False,False,1,0,415.48,0.0,0.0024068406422453684,,460609164.0,writer/writer-framework,Python
tests/backend/test_init_state.py,4,callable,ok,tests.backend.test_init_state.test_init_state_with_state_accept_raw_values_that_deviates_from_the_expected_type,tests.backend.test_init_state.test_init_state_with_state_accept_raw_values_that_deviates_from_the_expected_type,c6591eff793db24ded0e99287c5f2ee22f87ecc7,2024-03-28T14:47:52+01:00,c6591eff793db24ded0e99287c5f2ee22f87ecc7,2024-03-28T14:47:52+01:00,1,848,0.045454545454545456,,,False,False,1,0,415.48,0.0,0.0024068406422453684,,460609164.0,writer/writer-framework,Python
tests/backend/test_journal.py,0,class,ok,tests.backend.test_journal.TestJournal,tests.backend.test_journal.TestJournal,a107d5f3fb73e664b90c926e2ac96ee42d4a2e36,2025-11-25T11:05:58+01:00,62a8c8efcfd9aafb0679f266fec07d5a96b6e9c5,2025-12-03T09:56:32+01:00,4,241,0.013468013468013467,0.9814416256139816,,False,False,0,4,0.0,199.32,,0.020068709780557716,460609164.0,writer/writer-framework,Python
tests/backend/test_journal.py,0,callable,ok,tests.backend.test_journal.TestJournal.test_api_entry,tests.backend.test_journal.TestJournal.test_api_entry,a107d5f3fb73e664b90c926e2ac96ee42d4a2e36,2025-11-25T11:05:58+01:00,62a8c8efcfd9aafb0679f266fec07d5a96b6e9c5,2025-12-03T09:56:32+01:00,4,241,0.06451612903225806,0.9814416256139816,,False,False,0,4,0.0,199.32,,0.020068709780557716,460609164.0,writer/writer-framework,Python
tests/backend/test_journal.py,1,callable,ok,tests.backend.test_journal.TestJournal.test_cron_entry,tests.backend.test_journal.TestJournal.test_cron_entry,a107d5f3fb73e664b90c926e2ac96ee42d4a2e36,2025-11-25T11:05:58+01:00,856c2778cf29ff2f04336d6a85428beb027d8b49,2025-11-27T15:43:03Z,3,241,0.08823529411764706,0.4438237135458004,,False,False,0,3,0.0,193.6,,0.015496063240677597,460609164.0,writer/writer-framework,Python
tests/backend/test_journal.py,2,callable,ok,tests.backend.test_journal.TestJournal.test_ui_entry,tests.backend.test_journal.TestJournal.test_ui_entry,a107d5f3fb73e664b90c926e2ac96ee42d4a2e36,2025-11-25T11:05:58+01:00,856c2778cf29ff2f04336d6a85428beb027d8b49,2025-11-27T15:43:03Z,3,241,0.07894736842105263,0.4438237135458004,,False,False,0,3,0.0,193.6,,0.015496063240677597,460609164.0,writer/writer-framework,Python
tests/backend/test_journal.py,3,callable,ok,tests.backend.test_journal.TestJournal.test_ui_entry_return_value,tests.backend.test_journal.TestJournal.test_ui_entry_return_value,a107d5f3fb73e664b90c926e2ac96ee42d4a2e36,2025-11-25T11:05:58+01:00,856c2778cf29ff2f04336d6a85428beb027d8b49,2025-11-27T15:43:03Z,3,241,0.07894736842105263,0.4438237135458004,,False,False,0,3,0.0,193.6,,0.015496063240677597,460609164.0,writer/writer-framework,Python
tests/backend/test_journal.py,4,callable,ok,tests.backend.test_journal.TestJournal.test_on_demand_branch,tests.backend.test_journal.TestJournal.test_on_demand_branch,a107d5f3fb73e664b90c926e2ac96ee42d4a2e36,2025-11-25T11:05:58+01:00,856c2778cf29ff2f04336d6a85428beb027d8b49,2025-11-27T15:43:03Z,3,241,0.09090909090909091,0.4438237135458004,,False,False,0,3,0.0,193.6,,0.015496063240677597,460609164.0,writer/writer-framework,Python
tests/backend/test_journal.py,5,callable,ok,tests.backend.test_journal.TestJournal.test_on_demand_blueprint,tests.backend.test_journal.TestJournal.test_on_demand_blueprint,a107d5f3fb73e664b90c926e2ac96ee42d4a2e36,2025-11-25T11:05:58+01:00,856c2778cf29ff2f04336d6a85428beb027d8b49,2025-11-27T15:43:03Z,3,241,0.08108108108108109,0.4438237135458004,,False,False,0,3,0.0,193.6,,0.015496063240677597,460609164.0,writer/writer-framework,Python
tests/backend/test_journal.py,6,callable,ok,tests.backend.test_journal.TestJournal.test_on_demand_blueprint_error,tests.backend.test_journal.TestJournal.test_on_demand_blueprint_error,a107d5f3fb73e664b90c926e2ac96ee42d4a2e36,2025-11-25T11:05:58+01:00,856c2778cf29ff2f04336d6a85428beb027d8b49,2025-11-27T15:43:03Z,3,241,0.08333333333333333,0.4438237135458004,,False,False,0,3,0.0,193.6,,0.015496063240677597,460609164.0,writer/writer-framework,Python
tests/backend/test_middleware.py,0,callable,ok,tests.backend.test_middleware.test_middleware_should_apply_on_every_event_handler_invocation,tests.backend.test_middleware.test_middleware_should_apply_on_every_event_handler_invocation,4585eda51ec6b89d8c047421fe5f069b312022a6,2024-06-10T12:46:54+02:00,894607add2f9a6f91c6f98f4a70c02472e660572,2024-06-19T11:39:03+02:00,3,774,0.14285714285714285,0.11773136259329611,,False,False,3,0,341.61,0.0,0.00878199311941681,,460609164.0,writer/writer-framework,Python
tests/backend/test_middleware.py,1,callable,ok,tests.backend.test_middleware.test_middleware_should_apply_on_multi_event_handler_invocation,tests.backend.test_middleware.test_middleware_should_apply_on_multi_event_handler_invocation,894607add2f9a6f91c6f98f4a70c02472e660572,2024-06-19T11:39:03+02:00,894607add2f9a6f91c6f98f4a70c02472e660572,2024-06-19T11:39:03+02:00,1,765,0.037037037037037035,,,False,False,1,0,332.66,0.0,0.003006115461763516,,460609164.0,writer/writer-framework,Python
tests/backend/test_middleware.py,2,callable,ok,tests.backend.test_middleware.test_middleware_should_apply_after_event_handler_invocation,tests.backend.test_middleware.test_middleware_should_apply_after_event_handler_invocation,894607add2f9a6f91c6f98f4a70c02472e660572,2024-06-19T11:39:03+02:00,894607add2f9a6f91c6f98f4a70c02472e660572,2024-06-19T11:39:03+02:00,1,765,0.047619047619047616,,,False,False,1,0,332.66,0.0,0.003006115461763516,,460609164.0,writer/writer-framework,Python
tests/backend/test_middleware.py,3,callable,ok,tests.backend.test_middleware.test_middleware_should_apply_on_middleware_without_yield,tests.backend.test_middleware.test_middleware_should_apply_on_middleware_without_yield,01712b7fa9838d5a3b739ed217a2e2ad15a74f58,2024-06-20T00:07:46+02:00,01712b7fa9838d5a3b739ed217a2e2ad15a74f58,2024-06-20T00:07:46+02:00,1,764,0.05,,,False,False,1,0,332.14,0.0,0.003010821393893218,,460609164.0,writer/writer-framework,Python
tests/backend/test_serve.py,0,class,ok,tests.backend.test_serve.TestServe,tests.backend.test_serve.TestServe,c6591eff793db24ded0e99287c5f2ee22f87ecc7,2024-03-28T14:47:52+01:00,c6591eff793db24ded0e99287c5f2ee22f87ecc7,2024-03-28T14:47:52+01:00,1,848,0.0072992700729927005,,,False,False,1,0,415.48,0.0,0.0024068406422453684,,460609164.0,writer/writer-framework,Python
tests/backend/test_serve.py,0,callable,ok,tests.backend.test_serve.TestServe.test_valid,tests.backend.test_serve.TestServe.test_valid,c6591eff793db24ded0e99287c5f2ee22f87ecc7,2024-03-28T14:47:52+01:00,c6591eff793db24ded0e99287c5f2ee22f87ecc7,2024-03-28T14:47:52+01:00,1,848,0.029411764705882353,,,False,False,1,0,415.48,0.0,0.0024068406422453684,,460609164.0,writer/writer-framework,Python
tests/backend/test_serve.py,1,callable,ok,tests.backend.test_serve.TestServe.test_bad_session,tests.backend.test_serve.TestServe.test_bad_session,c6591eff793db24ded0e99287c5f2ee22f87ecc7,2024-03-28T14:47:52+01:00,c6591eff793db24ded0e99287c5f2ee22f87ecc7,2024-03-28T14:47:52+01:00,1,848,0.07142857142857142,,,False,False,1,0,415.48,0.0,0.0024068406422453684,,460609164.0,writer/writer-framework,Python
tests/backend/test_serve.py,2,callable,ok,tests.backend.test_serve.TestServe.test_session_verifier_header,tests.backend.test_serve.TestServe.test_session_verifier_header,c6591eff793db24ded0e99287c5f2ee22f87ecc7,2024-03-28T14:47:52+01:00,c6591eff793db24ded0e99287c5f2ee22f87ecc7,2024-03-28T14:47:52+01:00,1,848,0.09090909090909091,,,False,False,1,0,415.48,0.0,0.0024068406422453684,,460609164.0,writer/writer-framework,Python
tests/backend/test_serve.py,3,callable,ok,tests.backend.test_serve.TestServe.test_session_verifier_cookies,tests.backend.test_serve.TestServe.test_session_verifier_cookies,c6591eff793db24ded0e99287c5f2ee22f87ecc7,2024-03-28T14:47:52+01:00,c6591eff793db24ded0e99287c5f2ee22f87ecc7,2024-03-28T14:47:52+01:00,1,848,0.08333333333333333,,,False,False,1,0,415.48,0.0,0.0024068406422453684,,460609164.0,writer/writer-framework,Python
tests/backend/test_serve.py,4,callable,ok,tests.backend.test_serve.TestServe.test_session_verifier_pass,tests.backend.test_serve.TestServe.test_session_verifier_pass,c6591eff793db24ded0e99287c5f2ee22f87ecc7,2024-03-28T14:47:52+01:00,c6591eff793db24ded0e99287c5f2ee22f87ecc7,2024-03-28T14:47:52+01:00,1,848,0.07692307692307693,,,False,False,1,0,415.48,0.0,0.0024068406422453684,,460609164.0,writer/writer-framework,Python
tests/backend/test_serve.py,5,callable,ok,tests.backend.test_serve.TestServe.test_serve_javascript_file_with_a_valid_content_type,tests.backend.test_serve.TestServe.test_serve_javascript_file_with_a_valid_content_type,c6591eff793db24ded0e99287c5f2ee22f87ecc7,2024-03-28T14:47:52+01:00,c6591eff793db24ded0e99287c5f2ee22f87ecc7,2024-03-28T14:47:52+01:00,1,848,0.08333333333333333,,,False,False,1,0,415.48,0.0,0.0024068406422453684,,460609164.0,writer/writer-framework,Python
tests/backend/test_serve.py,6,callable,ok,tests.backend.test_serve.TestServe.test_multiapp_should_run_the_lifespan_of_all_streamsync_app,tests.backend.test_serve.TestServe.test_multiapp_should_run_the_lifespan_of_all_streamsync_app,c6591eff793db24ded0e99287c5f2ee22f87ecc7,2024-03-28T14:47:52+01:00,c6591eff793db24ded0e99287c5f2ee22f87ecc7,2024-03-28T14:47:52+01:00,1,848,0.030303030303030304,,,False,False,1,0,415.48,0.0,0.0024068406422453684,,460609164.0,writer/writer-framework,Python
tests/backend/test_sync.py,0,class,ok,tests.backend.test_sync.TestOperationQueues,tests.backend.test_sync.TestOperationQueues,df08b8979987babf3a319bd1bcba32364bf5d5e8,2025-05-28T15:22:35+02:00,df08b8979987babf3a319bd1bcba32364bf5d5e8,2025-05-28T15:22:35+02:00,1,422,0.017857142857142856,,,False,False,0,1,0.0,10.5,,0.09523799025794724,460609164.0,writer/writer-framework,Python
tests/backend/test_sync.py,1,class,ok,tests.backend.test_sync.TestFolderSyncHandler,tests.backend.test_sync.TestFolderSyncHandler,df08b8979987babf3a319bd1bcba32364bf5d5e8,2025-05-28T15:22:35+02:00,df08b8979987babf3a319bd1bcba32364bf5d5e8,2025-05-28T15:22:35+02:00,1,422,0.005649717514124294,,,False,False,0,1,0.0,10.5,,0.09523799025794724,460609164.0,writer/writer-framework,Python
tests/backend/test_sync.py,2,class,ok,tests.backend.test_sync.TestFileBuffering,tests.backend.test_sync.TestFileBuffering,df08b8979987babf3a319bd1bcba32364bf5d5e8,2025-05-28T15:22:35+02:00,df08b8979987babf3a319bd1bcba32364bf5d5e8,2025-05-28T15:22:35+02:00,1,422,0.005,,,False,False,0,1,0.0,10.5,,0.09523799025794724,460609164.0,writer/writer-framework,Python
tests/backend/test_sync.py,0,callable,ok,tests.backend.test_sync.TestOperationQueues.setUp,tests.backend.test_sync.TestOperationQueues.setUp,df08b8979987babf3a319bd1bcba32364bf5d5e8,2025-05-28T15:22:35+02:00,df08b8979987babf3a319bd1bcba32364bf5d5e8,2025-05-28T15:22:35+02:00,1,422,0.5,,,False,False,0,1,0.0,10.5,,0.09523799025794724,460609164.0,writer/writer-framework,Python
tests/backend/test_sync.py,1,callable,ok,tests.backend.test_sync.TestOperationQueues.test_init,tests.backend.test_sync.TestOperationQueues.test_init,df08b8979987babf3a319bd1bcba32364bf5d5e8,2025-05-28T15:22:35+02:00,df08b8979987babf3a319bd1bcba32364bf5d5e8,2025-05-28T15:22:35+02:00,1,422,0.16666666666666666,,,False,False,0,1,0.0,10.5,,0.09523799025794724,460609164.0,writer/writer-framework,Python
tests/backend/test_sync.py,2,callable,ok,tests.backend.test_sync.TestOperationQueues.test_has_pending_operations,tests.backend.test_sync.TestOperationQueues.test_has_pending_operations,df08b8979987babf3a319bd1bcba32364bf5d5e8,2025-05-28T15:22:35+02:00,df08b8979987babf3a319bd1bcba32364bf5d5e8,2025-05-28T15:22:35+02:00,1,422,0.04,,,False,False,0,1,0.0,10.5,,0.09523799025794724,460609164.0,writer/writer-framework,Python
tests/backend/test_sync.py,3,callable,ok,tests.backend.test_sync.TestOperationQueues.test_clear_all,tests.backend.test_sync.TestOperationQueues.test_clear_all,df08b8979987babf3a319bd1bcba32364bf5d5e8,2025-05-28T15:22:35+02:00,df08b8979987babf3a319bd1bcba32364bf5d5e8,2025-05-28T15:22:35+02:00,1,422,0.05263157894736842,,,False,False,0,1,0.0,10.5,,0.09523799025794724,460609164.0,writer/writer-framework,Python
tests/backend/test_sync.py,4,callable,ok,tests.backend.test_sync.TestFolderSyncHandler.setup_method,tests.backend.test_sync.TestFolderSyncHandler.setup_method,df08b8979987babf3a319bd1bcba32364bf5d5e8,2025-05-28T15:22:35+02:00,df08b8979987babf3a319bd1bcba32364bf5d5e8,2025-05-28T15:22:35+02:00,1,422,0.05555555555555555,,,False,False,0,1,0.0,10.5,,0.09523799025794724,460609164.0,writer/writer-framework,Python
tests/backend/test_sync.py,5,callable,ok,tests.backend.test_sync.TestFolderSyncHandler.teardown_method,tests.backend.test_sync.TestFolderSyncHandler.teardown_method,df08b8979987babf3a319bd1bcba32364bf5d5e8,2025-05-28T15:22:35+02:00,df08b8979987babf3a319bd1bcba32364bf5d5e8,2025-05-28T15:22:35+02:00,1,422,0.3333333333333333,,,False,False,0,1,0.0,10.5,,0.09523799025794724,460609164.0,writer/writer-framework,Python
tests/backend/test_sync.py,6,callable,ok,tests.backend.test_sync.TestFolderSyncHandler.test_rel_path,tests.backend.test_sync.TestFolderSyncHandler.test_rel_path,df08b8979987babf3a319bd1bcba32364bf5d5e8,2025-05-28T15:22:35+02:00,df08b8979987babf3a319bd1bcba32364bf5d5e8,2025-05-28T15:22:35+02:00,1,422,0.07142857142857142,,,False,False,0,1,0.0,10.5,,0.09523799025794724,460609164.0,writer/writer-framework,Python
tests/backend/test_sync.py,7,callable,ok,tests.backend.test_sync.TestFolderSyncHandler.test_dest_path,tests.backend.test_sync.TestFolderSyncHandler.test_dest_path,df08b8979987babf3a319bd1bcba32364bf5d5e8,2025-05-28T15:22:35+02:00,df08b8979987babf3a319bd1bcba32364bf5d5e8,2025-05-28T15:22:35+02:00,1,422,0.07142857142857142,,,False,False,0,1,0.0,10.5,,0.09523799025794724,460609164.0,writer/writer-framework,Python
tests/backend/test_sync.py,8,callable,ok,tests.backend.test_sync.TestFolderSyncHandler.test_on_created_file,tests.backend.test_sync.TestFolderSyncHandler.test_on_created_file,df08b8979987babf3a319bd1bcba32364bf5d5e8,2025-05-28T15:22:35+02:00,df08b8979987babf3a319bd1bcba32364bf5d5e8,2025-05-28T15:22:35+02:00,1,422,0.043478260869565216,,,False,False,0,1,0.0,10.5,,0.09523799025794724,460609164.0,writer/writer-framework,Python
tests/backend/test_sync.py,9,callable,ok,tests.backend.test_sync.TestFolderSyncHandler.test_on_created_directory,tests.backend.test_sync.TestFolderSyncHandler.test_on_created_directory,df08b8979987babf3a319bd1bcba32364bf5d5e8,2025-05-28T15:22:35+02:00,df08b8979987babf3a319bd1bcba32364bf5d5e8,2025-05-28T15:22:35+02:00,1,422,0.06666666666666667,,,False,False,0,1,0.0,10.5,,0.09523799025794724,460609164.0,writer/writer-framework,Python
tests/backend/test_sync.py,10,callable,ok,tests.backend.test_sync.TestFolderSyncHandler.test_on_modified_file,tests.backend.test_sync.TestFolderSyncHandler.test_on_modified_file,df08b8979987babf3a319bd1bcba32364bf5d5e8,2025-05-28T15:22:35+02:00,df08b8979987babf3a319bd1bcba32364bf5d5e8,2025-05-28T15:22:35+02:00,1,422,0.043478260869565216,,,False,False,0,1,0.0,10.5,,0.09523799025794724,460609164.0,writer/writer-framework,Python
tests/backend/test_sync.py,11,callable,ok,tests.backend.test_sync.TestFolderSyncHandler.test_on_deleted_file,tests.backend.test_sync.TestFolderSyncHandler.test_on_deleted_file,df08b8979987babf3a319bd1bcba32364bf5d5e8,2025-05-28T15:22:35+02:00,df08b8979987babf3a319bd1bcba32364bf5d5e8,2025-05-28T15:22:35+02:00,1,422,0.06666666666666667,,,False,False,0,1,0.0,10.5,,0.09523799025794724,460609164.0,writer/writer-framework,Python
tests/backend/test_sync.py,12,callable,ok,tests.backend.test_sync.TestFolderSyncHandler.test_on_deleted_directory,tests.backend.test_sync.TestFolderSyncHandler.test_on_deleted_directory,df08b8979987babf3a319bd1bcba32364bf5d5e8,2025-05-28T15:22:35+02:00,df08b8979987babf3a319bd1bcba32364bf5d5e8,2025-05-28T15:22:35+02:00,1,422,0.06666666666666667,,,False,False,0,1,0.0,10.5,,0.09523799025794724,460609164.0,writer/writer-framework,Python
tests/backend/test_sync.py,13,callable,ok,tests.backend.test_sync.TestFolderSyncHandler.test_on_moved,tests.backend.test_sync.TestFolderSyncHandler.test_on_moved,df08b8979987babf3a319bd1bcba32364bf5d5e8,2025-05-28T15:22:35+02:00,df08b8979987babf3a319bd1bcba32364bf5d5e8,2025-05-28T15:22:35+02:00,1,422,0.037037037037037035,,,False,False,0,1,0.0,10.5,,0.09523799025794724,460609164.0,writer/writer-framework,Python
tests/backend/test_sync.py,14,callable,ok,tests.backend.test_sync.TestFileBuffering.setup_method,tests.backend.test_sync.TestFileBuffering.setup_method,df08b8979987babf3a319bd1bcba32364bf5d5e8,2025-05-28T15:22:35+02:00,df08b8979987babf3a319bd1bcba32364bf5d5e8,2025-05-28T15:22:35+02:00,1,422,0.07692307692307693,,,False,False,0,1,0.0,10.5,,0.09523799025794724,460609164.0,writer/writer-framework,Python
tests/backend/test_sync.py,15,callable,ok,tests.backend.test_sync.TestFileBuffering.teardown_method,tests.backend.test_sync.TestFileBuffering.teardown_method,df08b8979987babf3a319bd1bcba32364bf5d5e8,2025-05-28T15:22:35+02:00,df08b8979987babf3a319bd1bcba32364bf5d5e8,2025-05-28T15:22:35+02:00,1,422,0.14285714285714285,,,False,False,0,1,0.0,10.5,,0.09523799025794724,460609164.0,writer/writer-framework,Python
tests/backend/test_sync.py,16,callable,ok,tests.backend.test_sync.TestFileBuffering.test_init_method,tests.backend.test_sync.TestFileBuffering.test_init_method,df08b8979987babf3a319bd1bcba32364bf5d5e8,2025-05-28T15:22:35+02:00,df08b8979987babf3a319bd1bcba32364bf5d5e8,2025-05-28T15:22:35+02:00,1,422,0.058823529411764705,,,False,False,0,1,0.0,10.5,,0.09523799025794724,460609164.0,writer/writer-framework,Python
tests/backend/test_sync.py,17,callable,ok,tests.backend.test_sync.TestFileBuffering.test_should_copy,tests.backend.test_sync.TestFileBuffering.test_should_copy,df08b8979987babf3a319bd1bcba32364bf5d5e8,2025-05-28T15:22:35+02:00,df08b8979987babf3a319bd1bcba32364bf5d5e8,2025-05-28T15:22:35+02:00,1,422,0.045454545454545456,,,False,False,0,1,0.0,10.5,,0.09523799025794724,460609164.0,writer/writer-framework,Python
tests/backend/test_sync.py,18,callable,ok,tests.backend.test_sync.TestFileBuffering.test_ensure_dir,tests.backend.test_sync.TestFileBuffering.test_ensure_dir,df08b8979987babf3a319bd1bcba32364bf5d5e8,2025-05-28T15:22:35+02:00,df08b8979987babf3a319bd1bcba32364bf5d5e8,2025-05-28T15:22:35+02:00,1,422,0.2,,,False,False,0,1,0.0,10.5,,0.09523799025794724,460609164.0,writer/writer-framework,Python
tests/backend/test_sync.py,19,callable,ok,tests.backend.test_sync.TestFileBuffering.test_copy_file,tests.backend.test_sync.TestFileBuffering.test_copy_file,df08b8979987babf3a319bd1bcba32364bf5d5e8,2025-05-28T15:22:35+02:00,df08b8979987babf3a319bd1bcba32364bf5d5e8,2025-05-28T15:22:35+02:00,1,422,0.07142857142857142,,,False,False,0,1,0.0,10.5,,0.09523799025794724,460609164.0,writer/writer-framework,Python
tests/backend/test_sync.py,20,callable,ok,tests.backend.test_sync.TestFileBuffering.test_remove_path_file,tests.backend.test_sync.TestFileBuffering.test_remove_path_file,df08b8979987babf3a319bd1bcba32364bf5d5e8,2025-05-28T15:22:35+02:00,df08b8979987babf3a319bd1bcba32364bf5d5e8,2025-05-28T15:22:35+02:00,1,422,0.1111111111111111,,,False,False,0,1,0.0,10.5,,0.09523799025794724,460609164.0,writer/writer-framework,Python
tests/backend/test_sync.py,21,callable,ok,tests.backend.test_sync.TestFileBuffering.test_remove_path_directory,tests.backend.test_sync.TestFileBuffering.test_remove_path_directory,df08b8979987babf3a319bd1bcba32364bf5d5e8,2025-05-28T15:22:35+02:00,df08b8979987babf3a319bd1bcba32364bf5d5e8,2025-05-28T15:22:35+02:00,1,422,0.1,,,False,False,0,1,0.0,10.5,,0.09523799025794724,460609164.0,writer/writer-framework,Python
tests/backend/test_sync.py,22,callable,ok,tests.backend.test_sync.TestFileBuffering.test_process_batched_operations,tests.backend.test_sync.TestFileBuffering.test_process_batched_operations,df08b8979987babf3a319bd1bcba32364bf5d5e8,2025-05-28T15:22:35+02:00,df08b8979987babf3a319bd1bcba32364bf5d5e8,2025-05-28T15:22:35+02:00,1,422,0.029411764705882353,,,False,False,0,1,0.0,10.5,,0.09523799025794724,460609164.0,writer/writer-framework,Python
tests/backend/test_sync.py,23,callable,ok,tests.backend.test_sync.TestFileBuffering.test_initial_sync,tests.backend.test_sync.TestFileBuffering.test_initial_sync,df08b8979987babf3a319bd1bcba32364bf5d5e8,2025-05-28T15:22:35+02:00,df08b8979987babf3a319bd1bcba32364bf5d5e8,2025-05-28T15:22:35+02:00,1,422,0.047619047619047616,,,False,False,0,1,0.0,10.5,,0.09523799025794724,460609164.0,writer/writer-framework,Python
tests/backend/test_sync.py,24,callable,ok,tests.backend.test_sync.TestFileBuffering.test_files_have_same_content,tests.backend.test_sync.TestFileBuffering.test_files_have_same_content,df08b8979987babf3a319bd1bcba32364bf5d5e8,2025-05-28T15:22:35+02:00,df08b8979987babf3a319bd1bcba32364bf5d5e8,2025-05-28T15:22:35+02:00,1,422,0.058823529411764705,,,False,False,0,1,0.0,10.5,,0.09523799025794724,460609164.0,writer/writer-framework,Python
tests/backend/test_sync.py,25,callable,ok,tests.backend.test_sync.TestFileBuffering.test_watch_changes,tests.backend.test_sync.TestFileBuffering.test_watch_changes,df08b8979987babf3a319bd1bcba32364bf5d5e8,2025-05-28T15:22:35+02:00,df08b8979987babf3a319bd1bcba32364bf5d5e8,2025-05-28T15:22:35+02:00,1,422,0.05555555555555555,,,False,False,0,1,0.0,10.5,,0.09523799025794724,460609164.0,writer/writer-framework,Python
tests/backend/test_ui.py,0,class,ok,tests.backend.test_ui.TestComponentTree,tests.backend.test_ui.TestComponentTree,c6591eff793db24ded0e99287c5f2ee22f87ecc7,2024-03-28T14:47:52+01:00,c6591eff793db24ded0e99287c5f2ee22f87ecc7,2024-03-28T14:47:52+01:00,1,848,0.058823529411764705,,,False,False,1,0,415.48,0.0,0.0024068406422453684,,460609164.0,writer/writer-framework,Python
tests/backend/test_ui.py,1,class,ok,tests.backend.test_ui.TestUIManager,tests.backend.test_ui.TestUIManager,c6591eff793db24ded0e99287c5f2ee22f87ecc7,2024-03-28T14:47:52+01:00,c6591eff793db24ded0e99287c5f2ee22f87ecc7,2024-03-28T14:47:52+01:00,1,848,0.01282051282051282,,,False,False,1,0,415.48,0.0,0.0024068406422453684,,460609164.0,writer/writer-framework,Python
tests/backend/test_ui.py,0,callable,ok,tests.backend.test_ui.use_new_ss_session,tests.backend.test_ui.use_new_ss_session,c6591eff793db24ded0e99287c5f2ee22f87ecc7,2024-03-28T14:47:52+01:00,c6591eff793db24ded0e99287c5f2ee22f87ecc7,2024-03-28T14:47:52+01:00,1,848,0.25,,,False,False,1,0,415.48,0.0,0.0024068406422453684,,460609164.0,writer/writer-framework,Python
tests/backend/test_ui.py,1,callable,ok,tests.backend.test_ui.use_ui_manager,tests.backend.test_ui.use_ui_manager,c6591eff793db24ded0e99287c5f2ee22f87ecc7,2024-03-28T14:47:52+01:00,c6591eff793db24ded0e99287c5f2ee22f87ecc7,2024-03-28T14:47:52+01:00,1,848,0.25,,,False,False,1,0,415.48,0.0,0.0024068406422453684,,460609164.0,writer/writer-framework,Python
tests/backend/test_ui.py,2,callable,ok,tests.backend.test_ui.TestComponentTree.test_ingest,tests.backend.test_ui.TestComponentTree.test_ingest,c6591eff793db24ded0e99287c5f2ee22f87ecc7,2024-03-28T14:47:52+01:00,c6591eff793db24ded0e99287c5f2ee22f87ecc7,2024-03-28T14:47:52+01:00,1,848,0.2,,,False,False,1,0,415.48,0.0,0.0024068406422453684,,460609164.0,writer/writer-framework,Python
tests/backend/test_ui.py,3,callable,ok,tests.backend.test_ui.TestComponentTree.test_descendents,tests.backend.test_ui.TestComponentTree.test_descendents,c6591eff793db24ded0e99287c5f2ee22f87ecc7,2024-03-28T14:47:52+01:00,c6591eff793db24ded0e99287c5f2ee22f87ecc7,2024-03-28T14:47:52+01:00,1,848,0.14285714285714285,,,False,False,1,0,415.48,0.0,0.0024068406422453684,,460609164.0,writer/writer-framework,Python
tests/backend/test_ui.py,4,callable,ok,tests.backend.test_ui.TestUIManager.test_find_component,tests.backend.test_ui.TestUIManager.test_find_component,c6591eff793db24ded0e99287c5f2ee22f87ecc7,2024-03-28T14:47:52+01:00,c6591eff793db24ded0e99287c5f2ee22f87ecc7,2024-03-28T14:47:52+01:00,1,848,0.14285714285714285,,,False,False,1,0,415.48,0.0,0.0024068406422453684,,460609164.0,writer/writer-framework,Python
tests/backend/test_ui.py,5,callable,ok,tests.backend.test_ui.TestUIManager.test_find_component_no_context,tests.backend.test_ui.TestUIManager.test_find_component_no_context,c6591eff793db24ded0e99287c5f2ee22f87ecc7,2024-03-28T14:47:52+01:00,c6591eff793db24ded0e99287c5f2ee22f87ecc7,2024-03-28T14:47:52+01:00,1,848,0.14285714285714285,,,False,False,1,0,415.48,0.0,0.0024068406422453684,,460609164.0,writer/writer-framework,Python
tests/backend/test_ui.py,6,callable,ok,tests.backend.test_ui.TestUIManager.test_assert_in_container_context,tests.backend.test_ui.TestUIManager.test_assert_in_container_context,c6591eff793db24ded0e99287c5f2ee22f87ecc7,2024-03-28T14:47:52+01:00,c6591eff793db24ded0e99287c5f2ee22f87ecc7,2024-03-28T14:47:52+01:00,1,848,0.05,,,False,False,1,0,415.48,0.0,0.0024068406422453684,,460609164.0,writer/writer-framework,Python
tests/backend/test_ui.py,7,callable,ok,tests.backend.test_ui.TestUIManager.test_column_container_creation,tests.backend.test_ui.TestUIManager.test_column_container_creation,c6591eff793db24ded0e99287c5f2ee22f87ecc7,2024-03-28T14:47:52+01:00,c6591eff793db24ded0e99287c5f2ee22f87ecc7,2024-03-28T14:47:52+01:00,1,848,0.16666666666666666,,,False,False,1,0,415.48,0.0,0.0024068406422453684,,460609164.0,writer/writer-framework,Python
tests/backend/test_ui.py,8,callable,ok,tests.backend.test_ui.TestUIManager.test_column_container_creation_no_context,tests.backend.test_ui.TestUIManager.test_column_container_creation_no_context,c6591eff793db24ded0e99287c5f2ee22f87ecc7,2024-03-28T14:47:52+01:00,c6591eff793db24ded0e99287c5f2ee22f87ecc7,2024-03-28T14:47:52+01:00,1,848,0.16666666666666666,,,False,False,1,0,415.48,0.0,0.0024068406422453684,,460609164.0,writer/writer-framework,Python
tests/backend/test_ui.py,9,callable,ok,tests.backend.test_ui.TestUIManager.test_column_container_creation_no_id,tests.backend.test_ui.TestUIManager.test_column_container_creation_no_id,c6591eff793db24ded0e99287c5f2ee22f87ecc7,2024-03-28T14:47:52+01:00,c6591eff793db24ded0e99287c5f2ee22f87ecc7,2024-03-28T14:47:52+01:00,1,848,0.14285714285714285,,,False,False,1,0,415.48,0.0,0.0024068406422453684,,460609164.0,writer/writer-framework,Python
tests/backend/test_ui.py,10,callable,ok,tests.backend.test_ui.TestUIManager.test_column_creation,tests.backend.test_ui.TestUIManager.test_column_creation,c6591eff793db24ded0e99287c5f2ee22f87ecc7,2024-03-28T14:47:52+01:00,c6591eff793db24ded0e99287c5f2ee22f87ecc7,2024-03-28T14:47:52+01:00,1,848,0.16666666666666666,,,False,False,1,0,415.48,0.0,0.0024068406422453684,,460609164.0,writer/writer-framework,Python
tests/backend/test_ui.py,11,callable,ok,tests.backend.test_ui.TestUIManager.test_text_creation,tests.backend.test_ui.TestUIManager.test_text_creation,c6591eff793db24ded0e99287c5f2ee22f87ecc7,2024-03-28T14:47:52+01:00,c6591eff793db24ded0e99287c5f2ee22f87ecc7,2024-03-28T14:47:52+01:00,1,848,0.1,,,False,False,1,0,415.48,0.0,0.0024068406422453684,,460609164.0,writer/writer-framework,Python
tests/backend/test_wf_project.py,4,callable,ok,tests.backend.test_wf_project.test_wf_project_migrate_obsolete_ui_json_should_migrate_ui_json_into_wf_directory,tests.backend.test_wf_project.test_wf_project_migrate_obsolete_ui_json_should_migrate_ui_json_into_wf_directory,7d287be9b6431913b7c08682a7f9a0a3aad37be4,2024-09-14T07:30:45+02:00,0faa083ef55383dc67a9acaa930ed7d90a602377,2024-10-14T07:11:26+02:00,2,29,0.18181818181818182,,,True,False,2,0,245.83,0.0,0.008135781293249293,,460609164.0,writer/writer-framework,Python
tests/backend/test_wf_project.py,6,callable,ok,tests.backend.test_wf_project.test_wf_project_is_project_work_on_current_project,tests.backend.test_wf_project.test_wf_project_is_project_work_on_current_project,1fa4347ddf8fe8cfa07e33fe2ed0a7c67e67459a,2024-11-24T14:53:13+01:00,1fa4347ddf8fe8cfa07e33fe2ed0a7c67e67459a,2024-11-24T14:53:13+01:00,1,0,0.1111111111111111,,,True,False,1,0,174.48,0.0,0.005731358110976207,,460609164.0,writer/writer-framework,Python
tests/backend/test_wf_project.py,7,callable,ok,tests.backend.test_wf_project.test_wf_project_is_project_work_on_obsolete_project,tests.backend.test_wf_project.test_wf_project_is_project_work_on_obsolete_project,1fa4347ddf8fe8cfa07e33fe2ed0a7c67e67459a,2024-11-24T14:53:13+01:00,1fa4347ddf8fe8cfa07e33fe2ed0a7c67e67459a,2024-11-24T14:53:13+01:00,1,0,0.1111111111111111,,,True,False,1,0,174.48,0.0,0.005731358110976207,,460609164.0,writer/writer-framework,Python
tests/backend/test_wf_project.py,8,callable,ok,tests.backend.test_wf_project.test_wf_project_can_create_project_does_not_work_on_project_with_ui_json,tests.backend.test_wf_project.test_wf_project_can_create_project_does_not_work_on_project_with_ui_json,1fa4347ddf8fe8cfa07e33fe2ed0a7c67e67459a,2024-11-24T14:53:13+01:00,1fa4347ddf8fe8cfa07e33fe2ed0a7c67e67459a,2024-11-24T14:53:13+01:00,1,0,0.08333333333333333,,,True,False,1,0,174.48,0.0,0.005731358110976207,,460609164.0,writer/writer-framework,Python
tests/backend/test_wf_project.py,0,callable,ok,tests.backend.test_wf_project.test_wf_project_write_files_should_write_metadatajson_in_wf_directory,tests.backend.test_wf_project.test_wf_project_write_files_should_write_metadatajson_in_wf_directory,7d287be9b6431913b7c08682a7f9a0a3aad37be4,2024-09-14T07:30:45+02:00,67c03d7e279b96a79509e789f0606d2b48ab33e7,2025-05-05T10:28:34+02:00,2,678,0.08695652173913043,,,False,False,2,0,245.83,0.0,0.008135781293249293,,460609164.0,writer/writer-framework,Python
tests/backend/test_wf_project.py,1,callable,ok,tests.backend.test_wf_project.test_wf_project_write_files_should_write_components_files_in_wf_directory,tests.backend.test_wf_project.test_wf_project_write_files_should_write_components_files_in_wf_directory,7d287be9b6431913b7c08682a7f9a0a3aad37be4,2024-09-14T07:30:45+02:00,67c03d7e279b96a79509e789f0606d2b48ab33e7,2025-05-05T10:28:34+02:00,2,678,0.06451612903225806,,,False,False,2,0,245.83,0.0,0.008135781293249293,,460609164.0,writer/writer-framework,Python
tests/backend/test_wf_project.py,2,callable,ok,tests.backend.test_wf_project.test_wf_project_write_files_should_write_preserve_page_order_in_wf_directory,tests.backend.test_wf_project.test_wf_project_write_files_should_write_preserve_page_order_in_wf_directory,7d287be9b6431913b7c08682a7f9a0a3aad37be4,2024-09-14T07:30:45+02:00,67c03d7e279b96a79509e789f0606d2b48ab33e7,2025-05-05T10:28:34+02:00,2,678,0.05714285714285714,,,False,False,2,0,245.83,0.0,0.008135781293249293,,460609164.0,writer/writer-framework,Python
tests/backend/test_wf_project.py,3,callable,ok,tests.backend.test_wf_project.test_wf_project_read_files_should_read_files_in_wf_directory,tests.backend.test_wf_project.test_wf_project_read_files_should_read_files_in_wf_directory,7d287be9b6431913b7c08682a7f9a0a3aad37be4,2024-09-14T07:30:45+02:00,7d287be9b6431913b7c08682a7f9a0a3aad37be4,2024-09-14T07:30:45+02:00,1,678,0.125,,,False,False,1,0,245.83,0.0,0.004067890646624646,,460609164.0,writer/writer-framework,Python
tests/backend/test_wf_project.py,5,callable,ok,tests.backend.test_wf_project.test_wf_project_should_remove_obsolete_pages_in_wf_directory,tests.backend.test_wf_project.test_wf_project_should_remove_obsolete_pages_in_wf_directory,bc111378044b31868ffbd0944336bbd784b51a0f,2024-10-10T20:40:40+02:00,67c03d7e279b96a79509e789f0606d2b48ab33e7,2025-05-05T10:28:34+02:00,2,651,0.1,,,False,False,2,0,219.28,0.0,0.009120796397538778,,460609164.0,writer/writer-framework,Python
tests/backend/test_wf_project.py,9,callable,ok,tests.backend.test_wf_project.test_wf_project_can_create_project_does_not_work_on_project_with_a_directory,tests.backend.test_wf_project.test_wf_project_can_create_project_does_not_work_on_project_with_a_directory,1fa4347ddf8fe8cfa07e33fe2ed0a7c67e67459a,2024-11-24T14:53:13+01:00,1fa4347ddf8fe8cfa07e33fe2ed0a7c67e67459a,2024-11-24T14:53:13+01:00,1,607,0.09090909090909091,,,False,False,1,0,174.48,0.0,0.005731358110976207,,460609164.0,writer/writer-framework,Python
tests/backend/test_wf_project.py,10,callable,ok,tests.backend.test_wf_project.test_wf_project_can_create_project_on_empty_directory,tests.backend.test_wf_project.test_wf_project_can_create_project_on_empty_directory,1fa4347ddf8fe8cfa07e33fe2ed0a7c67e67459a,2024-11-24T14:53:13+01:00,1fa4347ddf8fe8cfa07e33fe2ed0a7c67e67459a,2024-11-24T14:53:13+01:00,1,607,0.1111111111111111,,,False,False,1,0,174.48,0.0,0.005731358110976207,,460609164.0,writer/writer-framework,Python
tests/backend/test_wf_project.py,11,callable,ok,tests.backend.test_wf_project.test_wf_project_write_files_updates_context,tests.backend.test_wf_project.test_wf_project_write_files_updates_context,67c03d7e279b96a79509e789f0606d2b48ab33e7,2025-05-05T10:28:34+02:00,67c03d7e279b96a79509e789f0606d2b48ab33e7,2025-05-05T10:28:34+02:00,1,445,0.038461538461538464,,,False,False,1,0,12.7,0.0,0.0787143325680551,,460609164.0,writer/writer-framework,Python
tests/backend/testapp/main.py,0,callable,ok,tests.backend.testapp.main.check_headers,tests.backend.testapp.main.check_headers,c6591eff793db24ded0e99287c5f2ee22f87ecc7,2024-03-28T14:47:52+01:00,c6591eff793db24ded0e99287c5f2ee22f87ecc7,2024-03-28T14:47:52+01:00,1,848,0.25,,,False,False,1,0,415.48,0.0,0.0024068406422453684,,460609164.0,writer/writer-framework,Python
tests/backend/testapp/main.py,1,callable,ok,tests.backend.testapp.main.check_cookies,tests.backend.testapp.main.check_cookies,c6591eff793db24ded0e99287c5f2ee22f87ecc7,2024-03-28T14:47:52+01:00,c6591eff793db24ded0e99287c5f2ee22f87ecc7,2024-03-28T14:47:52+01:00,1,848,0.25,,,False,False,1,0,415.48,0.0,0.0024068406422453684,,460609164.0,writer/writer-framework,Python
tests/backend/testapp/main.py,2,callable,ok,tests.backend.testapp.main.update_cities,tests.backend.testapp.main.update_cities,c6591eff793db24ded0e99287c5f2ee22f87ecc7,2024-03-28T14:47:52+01:00,c6591eff793db24ded0e99287c5f2ee22f87ecc7,2024-03-28T14:47:52+01:00,1,848,0.09090909090909091,,,False,False,1,0,415.48,0.0,0.0024068406422453684,,460609164.0,writer/writer-framework,Python
tests/backend/testapp/main.py,3,callable,ok,tests.backend.testapp.main.increment,tests.backend.testapp.main.increment,c6591eff793db24ded0e99287c5f2ee22f87ecc7,2024-03-28T14:47:52+01:00,c6591eff793db24ded0e99287c5f2ee22f87ecc7,2024-03-28T14:47:52+01:00,1,848,0.5,,,False,False,1,0,415.48,0.0,0.0024068406422453684,,460609164.0,writer/writer-framework,Python
tests/backend/testapp/main.py,4,callable,ok,tests.backend.testapp.main.file_change_handler,tests.backend.testapp.main.file_change_handler,c6591eff793db24ded0e99287c5f2ee22f87ecc7,2024-03-28T14:47:52+01:00,c6591eff793db24ded0e99287c5f2ee22f87ecc7,2024-03-28T14:47:52+01:00,1,848,0.14285714285714285,,,False,False,1,0,415.48,0.0,0.0024068406422453684,,460609164.0,writer/writer-framework,Python
tests/backend/testapp/main.py,5,callable,ok,tests.backend.testapp.main.handle_timer_tick,tests.backend.testapp.main.handle_timer_tick,c6591eff793db24ded0e99287c5f2ee22f87ecc7,2024-03-28T14:47:52+01:00,c6591eff793db24ded0e99287c5f2ee22f87ecc7,2024-03-28T14:47:52+01:00,1,848,0.5,,,False,False,1,0,415.48,0.0,0.0024068406422453684,,460609164.0,writer/writer-framework,Python
tests/backend/testapp/main.py,6,callable,ok,tests.backend.testapp.main.handle_file_download,tests.backend.testapp.main.handle_file_download,c6591eff793db24ded0e99287c5f2ee22f87ecc7,2024-03-28T14:47:52+01:00,c6591eff793db24ded0e99287c5f2ee22f87ecc7,2024-03-28T14:47:52+01:00,1,848,0.25,,,False,False,1,0,415.48,0.0,0.0024068406422453684,,460609164.0,writer/writer-framework,Python
tests/backend/testapp/main.py,7,callable,ok,tests.backend.testapp.main.add_notification,tests.backend.testapp.main.add_notification,c6591eff793db24ded0e99287c5f2ee22f87ecc7,2024-03-28T14:47:52+01:00,c6591eff793db24ded0e99287c5f2ee22f87ecc7,2024-03-28T14:47:52+01:00,1,848,0.2,,,False,False,1,0,415.48,0.0,0.0024068406422453684,,460609164.0,writer/writer-framework,Python
tests/backend/testapp/main.py,8,callable,ok,tests.backend.testapp.main.bad_event_handler,tests.backend.testapp.main.bad_event_handler,c6591eff793db24ded0e99287c5f2ee22f87ecc7,2024-03-28T14:47:52+01:00,c6591eff793db24ded0e99287c5f2ee22f87ecc7,2024-03-28T14:47:52+01:00,1,848,0.5,,,False,False,1,0,415.48,0.0,0.0024068406422453684,,460609164.0,writer/writer-framework,Python
tests/backend/testapp/main.py,9,callable,ok,tests.backend.testapp.main.payload_inspector,tests.backend.testapp.main.payload_inspector,c6591eff793db24ded0e99287c5f2ee22f87ecc7,2024-03-28T14:47:52+01:00,c6591eff793db24ded0e99287c5f2ee22f87ecc7,2024-03-28T14:47:52+01:00,1,848,0.25,,,False,False,1,0,415.48,0.0,0.0024068406422453684,,460609164.0,writer/writer-framework,Python
tests/backend/testapp/main.py,10,callable,ok,tests.backend.testapp.main.handle_webcam,tests.backend.testapp.main.handle_webcam,c6591eff793db24ded0e99287c5f2ee22f87ecc7,2024-03-28T14:47:52+01:00,c6591eff793db24ded0e99287c5f2ee22f87ecc7,2024-03-28T14:47:52+01:00,1,848,0.5,,,False,False,1,0,415.48,0.0,0.0024068406422453684,,460609164.0,writer/writer-framework,Python
tests/backend/testapp/main.py,11,callable,ok,tests.backend.testapp.main.handle_form_submit,tests.backend.testapp.main.handle_form_submit,c6591eff793db24ded0e99287c5f2ee22f87ecc7,2024-03-28T14:47:52+01:00,c6591eff793db24ded0e99287c5f2ee22f87ecc7,2024-03-28T14:47:52+01:00,1,848,0.125,,,False,False,1,0,415.48,0.0,0.0024068406422453684,,460609164.0,writer/writer-framework,Python
tests/backend/testapp/main.py,12,callable,ok,tests.backend.testapp.main.handle_add_to_list,tests.backend.testapp.main.handle_add_to_list,c6591eff793db24ded0e99287c5f2ee22f87ecc7,2024-03-28T14:47:52+01:00,c6591eff793db24ded0e99287c5f2ee22f87ecc7,2024-03-28T14:47:52+01:00,1,848,0.5,,,False,False,1,0,415.48,0.0,0.0024068406422453684,,460609164.0,writer/writer-framework,Python
tests/backend/testapp/main.py,13,callable,ok,tests.backend.testapp.main.test_async_handler,tests.backend.testapp.main.test_async_handler,c6591eff793db24ded0e99287c5f2ee22f87ecc7,2024-03-28T14:47:52+01:00,c6591eff793db24ded0e99287c5f2ee22f87ecc7,2024-03-28T14:47:52+01:00,1,848,0.3333333333333333,,,False,False,1,0,415.48,0.0,0.0024068406422453684,,460609164.0,writer/writer-framework,Python
tests/backend/testapp/main.py,14,callable,ok,tests.backend.testapp.main.update,tests.backend.testapp.main.update,c6591eff793db24ded0e99287c5f2ee22f87ecc7,2024-03-28T14:47:52+01:00,c6591eff793db24ded0e99287c5f2ee22f87ecc7,2024-03-28T14:47:52+01:00,1,848,0.1111111111111111,,,False,False,1,0,415.48,0.0,0.0024068406422453684,,460609164.0,writer/writer-framework,Python
tests/backend/testapp/main.py,15,callable,ok,tests.backend.testapp.main.test_context,tests.backend.testapp.main.test_context,c6591eff793db24ded0e99287c5f2ee22f87ecc7,2024-03-28T14:47:52+01:00,c6591eff793db24ded0e99287c5f2ee22f87ecc7,2024-03-28T14:47:52+01:00,1,848,0.5,,,False,False,1,0,415.48,0.0,0.0024068406422453684,,460609164.0,writer/writer-framework,Python
tests/backend/testapp/main.py,16,callable,ok,tests.backend.testapp.main._generate_random_df,tests.backend.testapp.main._generate_random_df,c6591eff793db24ded0e99287c5f2ee22f87ecc7,2024-03-28T14:47:52+01:00,c6591eff793db24ded0e99287c5f2ee22f87ecc7,2024-03-28T14:47:52+01:00,1,848,0.2,,,False,False,1,0,415.48,0.0,0.0024068406422453684,,460609164.0,writer/writer-framework,Python
tests/backend/testapp/main.py,17,callable,ok,tests.backend.testapp.main._get_main_df,tests.backend.testapp.main._get_main_df,c6591eff793db24ded0e99287c5f2ee22f87ecc7,2024-03-28T14:47:52+01:00,c6591eff793db24ded0e99287c5f2ee22f87ecc7,2024-03-28T14:47:52+01:00,1,848,0.3333333333333333,,,False,False,1,0,415.48,0.0,0.0024068406422453684,,460609164.0,writer/writer-framework,Python
tests/backend/testapp/main.py,18,callable,ok,tests.backend.testapp.main._get_highlighted_members_dict,tests.backend.testapp.main._get_highlighted_members_dict,c6591eff793db24ded0e99287c5f2ee22f87ecc7,2024-03-28T14:47:52+01:00,c6591eff793db24ded0e99287c5f2ee22f87ecc7,2024-03-28T14:47:52+01:00,1,848,0.25,,,False,False,1,0,415.48,0.0,0.0024068406422453684,,460609164.0,writer/writer-framework,Python
tests/backend/testapp/main.py,19,callable,ok,tests.backend.testapp.main._get_story_text,tests.backend.testapp.main._get_story_text,c6591eff793db24ded0e99287c5f2ee22f87ecc7,2024-03-28T14:47:52+01:00,c6591eff793db24ded0e99287c5f2ee22f87ecc7,2024-03-28T14:47:52+01:00,1,848,0.3333333333333333,,,False,False,1,0,415.48,0.0,0.0024068406422453684,,460609164.0,writer/writer-framework,Python
tests/backend/testapp/main.py,20,callable,ok,tests.backend.testapp.main._update_metrics,tests.backend.testapp.main._update_metrics,c6591eff793db24ded0e99287c5f2ee22f87ecc7,2024-03-28T14:47:52+01:00,c6591eff793db24ded0e99287c5f2ee22f87ecc7,2024-03-28T14:47:52+01:00,1,848,0.05555555555555555,,,False,False,1,0,415.48,0.0,0.0024068406422453684,,460609164.0,writer/writer-framework,Python
tests/backend/testapp/main.py,21,callable,ok,tests.backend.testapp.main._update_role_chart,tests.backend.testapp.main._update_role_chart,c6591eff793db24ded0e99287c5f2ee22f87ecc7,2024-03-28T14:47:52+01:00,c6591eff793db24ded0e99287c5f2ee22f87ecc7,2024-03-28T14:47:52+01:00,1,848,0.07692307692307693,,,False,False,1,0,415.48,0.0,0.0024068406422453684,,460609164.0,writer/writer-framework,Python
tests/backend/testapp/main.py,22,callable,ok,tests.backend.testapp.main._update_scatter_chart,tests.backend.testapp.main._update_scatter_chart,c6591eff793db24ded0e99287c5f2ee22f87ecc7,2024-03-28T14:47:52+01:00,c6591eff793db24ded0e99287c5f2ee22f87ecc7,2024-03-28T14:47:52+01:00,1,848,0.09090909090909091,,,False,False,1,0,415.48,0.0,0.0024068406422453684,,460609164.0,writer/writer-framework,Python
tests/backend/testapp/main.py,23,callable,ok,tests.backend.testapp.main._get_altair_chart,tests.backend.testapp.main._get_altair_chart,c6591eff793db24ded0e99287c5f2ee22f87ecc7,2024-03-28T14:47:52+01:00,c6591eff793db24ded0e99287c5f2ee22f87ecc7,2024-03-28T14:47:52+01:00,1,848,0.1,,,False,False,1,0,415.48,0.0,0.0024068406422453684,,460609164.0,writer/writer-framework,Python
tests/backend/testapp/server_setup.py,0,callable,ok,tests.backend.testapp.server_setup.hello,tests.backend.testapp.server_setup.hello,e9683c7c1226cbab9443ca00693877e9ea0c288b,2024-05-01T17:29:25+02:00,e9683c7c1226cbab9443ca00693877e9ea0c288b,2024-05-01T17:29:25+02:00,1,814,0.5,,,False,False,1,0,381.41,0.0,0.0026218373745284674,,460609164.0,writer/writer-framework,Python
tests/backend/testmultiapp/app1/main.py,0,callable,ok,tests.backend.testmultiapp.app1.main._update_message,tests.backend.testmultiapp.app1.main._update_message,c6591eff793db24ded0e99287c5f2ee22f87ecc7,2024-03-28T14:47:52+01:00,c6591eff793db24ded0e99287c5f2ee22f87ecc7,2024-03-28T14:47:52+01:00,1,848,0.25,,,False,False,1,0,415.48,0.0,0.0024068406422453684,,460609164.0,writer/writer-framework,Python
tests/backend/testmultiapp/app1/main.py,1,callable,ok,tests.backend.testmultiapp.app1.main.decrement,tests.backend.testmultiapp.app1.main.decrement,c6591eff793db24ded0e99287c5f2ee22f87ecc7,2024-03-28T14:47:52+01:00,c6591eff793db24ded0e99287c5f2ee22f87ecc7,2024-03-28T14:47:52+01:00,1,848,0.3333333333333333,,,False,False,1,0,415.48,0.0,0.0024068406422453684,,460609164.0,writer/writer-framework,Python
tests/backend/testmultiapp/app1/main.py,2,callable,ok,tests.backend.testmultiapp.app1.main.increment,tests.backend.testmultiapp.app1.main.increment,c6591eff793db24ded0e99287c5f2ee22f87ecc7,2024-03-28T14:47:52+01:00,c6591eff793db24ded0e99287c5f2ee22f87ecc7,2024-03-28T14:47:52+01:00,1,848,0.2,,,False,False,1,0,415.48,0.0,0.0024068406422453684,,460609164.0,writer/writer-framework,Python
tests/backend/testmultiapp/app2/main.py,0,callable,ok,tests.backend.testmultiapp.app2.main._update_message,tests.backend.testmultiapp.app2.main._update_message,c6591eff793db24ded0e99287c5f2ee22f87ecc7,2024-03-28T14:47:52+01:00,c6591eff793db24ded0e99287c5f2ee22f87ecc7,2024-03-28T14:47:52+01:00,1,848,0.25,,,False,False,1,0,415.48,0.0,0.0024068406422453684,,460609164.0,writer/writer-framework,Python
tests/backend/testmultiapp/app2/main.py,1,callable,ok,tests.backend.testmultiapp.app2.main.decrement,tests.backend.testmultiapp.app2.main.decrement,c6591eff793db24ded0e99287c5f2ee22f87ecc7,2024-03-28T14:47:52+01:00,c6591eff793db24ded0e99287c5f2ee22f87ecc7,2024-03-28T14:47:52+01:00,1,848,0.3333333333333333,,,False,False,1,0,415.48,0.0,0.0024068406422453684,,460609164.0,writer/writer-framework,Python
tests/backend/testmultiapp/app2/main.py,2,callable,ok,tests.backend.testmultiapp.app2.main.increment,tests.backend.testmultiapp.app2.main.increment,c6591eff793db24ded0e99287c5f2ee22f87ecc7,2024-03-28T14:47:52+01:00,c6591eff793db24ded0e99287c5f2ee22f87ecc7,2024-03-28T14:47:52+01:00,1,848,0.2,,,False,False,1,0,415.48,0.0,0.0024068406422453684,,460609164.0,writer/writer-framework,Python
tests/conftest.py,0,class,ok,tests.conftest.MockKeyValueStorage,tests.conftest.MockKeyValueStorage,a107d5f3fb73e664b90c926e2ac96ee42d4a2e36,2025-11-25T11:05:58+01:00,a107d5f3fb73e664b90c926e2ac96ee42d4a2e36,2025-11-25T11:05:58+01:00,1,241,0.041666666666666664,,,False,False,0,1,0.0,191.36,,0.0052256576889383715,460609164.0,writer/writer-framework,Python
tests/conftest.py,0,callable,ok,tests.conftest.pytest_collection_modifyitems,tests.conftest.pytest_collection_modifyitems,f0eac0244f2deba776166d55abd85a52ed9f153f,2024-05-28T13:34:52+03:00,f0eac0244f2deba776166d55abd85a52ed9f153f,2024-05-28T13:34:52+03:00,1,787,0.09090909090909091,,,False,False,1,0,354.62,0.0,0.002819948077706019,,460609164.0,writer/writer-framework,Python
tests/conftest.py,1,callable,ok,tests.conftest.pytest_addoption,tests.conftest.pytest_addoption,f0eac0244f2deba776166d55abd85a52ed9f153f,2024-05-28T13:34:52+03:00,f0eac0244f2deba776166d55abd85a52ed9f153f,2024-05-28T13:34:52+03:00,1,787,0.25,,,False,False,1,0,354.62,0.0,0.002819948077706019,,460609164.0,writer/writer-framework,Python
tests/conftest.py,2,callable,ok,tests.conftest.setup_app_runner,tests.conftest.setup_app_runner,e7a8a290527b5ccaf79b9cbbd10f1b3e3d4fb6f4,2024-06-19T08:14:07+02:00,e7a8a290527b5ccaf79b9cbbd10f1b3e3d4fb6f4,2024-06-19T08:14:07+02:00,1,765,0.037037037037037035,,,False,False,1,0,332.8,0.0,0.003004829951143343,,460609164.0,writer/writer-framework,Python
tests/conftest.py,3,callable,ok,tests.conftest.build_app_provisionning,tests.conftest.build_app_provisionning,0aef7a2dcae462c96193c487fe9d78bd2af41338,2024-07-23T17:20:22+02:00,0aef7a2dcae462c96193c487fe9d78bd2af41338,2024-07-23T17:20:22+02:00,1,731,0.1,,,False,False,1,0,298.42,0.0,0.0033510021125275815,,460609164.0,writer/writer-framework,Python
tests/conftest.py,4,callable,ok,tests.conftest.mock_kv_storage,tests.conftest.mock_kv_storage,a107d5f3fb73e664b90c926e2ac96ee42d4a2e36,2025-11-25T11:05:58+01:00,a107d5f3fb73e664b90c926e2ac96ee42d4a2e36,2025-11-25T11:05:58+01:00,1,241,0.25,,,False,False,0,1,0.0,191.36,,0.0052256576889383715,460609164.0,writer/writer-framework,Python
tests/conftest.py,5,callable,ok,tests.conftest.MockKeyValueStorage.__init__,tests.conftest.MockKeyValueStorage.__init__,a107d5f3fb73e664b90c926e2ac96ee42d4a2e36,2025-11-25T11:05:58+01:00,a107d5f3fb73e664b90c926e2ac96ee42d4a2e36,2025-11-25T11:05:58+01:00,1,241,0.2,,,False,False,0,1,0.0,191.36,,0.0052256576889383715,460609164.0,writer/writer-framework,Python
tests/conftest.py,6,callable,ok,tests.conftest.MockKeyValueStorage.get,tests.conftest.MockKeyValueStorage.get,a107d5f3fb73e664b90c926e2ac96ee42d4a2e36,2025-11-25T11:05:58+01:00,a107d5f3fb73e664b90c926e2ac96ee42d4a2e36,2025-11-25T11:05:58+01:00,1,241,0.3333333333333333,,,False,False,0,1,0.0,191.36,,0.0052256576889383715,460609164.0,writer/writer-framework,Python
tests/conftest.py,7,callable,ok,tests.conftest.MockKeyValueStorage.get_data_keys,tests.conftest.MockKeyValueStorage.get_data_keys,a107d5f3fb73e664b90c926e2ac96ee42d4a2e36,2025-11-25T11:05:58+01:00,a107d5f3fb73e664b90c926e2ac96ee42d4a2e36,2025-11-25T11:05:58+01:00,1,241,0.5,,,False,False,0,1,0.0,191.36,,0.0052256576889383715,460609164.0,writer/writer-framework,Python
tests/conftest.py,8,callable,ok,tests.conftest.MockKeyValueStorage.save,tests.conftest.MockKeyValueStorage.save,a107d5f3fb73e664b90c926e2ac96ee42d4a2e36,2025-11-25T11:05:58+01:00,a107d5f3fb73e664b90c926e2ac96ee42d4a2e36,2025-11-25T11:05:58+01:00,1,241,0.3333333333333333,,,False,False,0,1,0.0,191.36,,0.0052256576889383715,460609164.0,writer/writer-framework,Python
tests/conftest.py,9,callable,ok,tests.conftest.MockKeyValueStorage.delete,tests.conftest.MockKeyValueStorage.delete,a107d5f3fb73e664b90c926e2ac96ee42d4a2e36,2025-11-25T11:05:58+01:00,a107d5f3fb73e664b90c926e2ac96ee42d4a2e36,2025-11-25T11:05:58+01:00,1,241,0.3333333333333333,,,False,False,0,1,0.0,191.36,,0.0052256576889383715,460609164.0,writer/writer-framework,Python
tests/conftest.py,10,callable,ok,tests.conftest.MockKeyValueStorage.is_accessible,tests.conftest.MockKeyValueStorage.is_accessible,a107d5f3fb73e664b90c926e2ac96ee42d4a2e36,2025-11-25T11:05:58+01:00,a107d5f3fb73e664b90c926e2ac96ee42d4a2e36,2025-11-25T11:05:58+01:00,1,241,0.5,,,False,False,0,1,0.0,191.36,,0.0052256576889383715,460609164.0,writer/writer-framework,Python
tests/e2e/presets/low_code/main.py,0,callable,ok,tests.e2e.presets.low_code.main.update_value,tests.e2e.presets.low_code.main.update_value,c6591eff793db24ded0e99287c5f2ee22f87ecc7,2024-03-28T14:47:52+01:00,c6591eff793db24ded0e99287c5f2ee22f87ecc7,2024-03-28T14:47:52+01:00,1,848,0.5,,,False,False,1,0,415.48,0.0,0.0024068406422453684,,460609164.0,writer/writer-framework,Python
tests/e2e/presets/low_code/main.py,1,callable,ok,tests.e2e.presets.low_code.main.execute_test,tests.e2e.presets.low_code.main.execute_test,c6591eff793db24ded0e99287c5f2ee22f87ecc7,2024-03-28T14:47:52+01:00,c6591eff793db24ded0e99287c5f2ee22f87ecc7,2024-03-28T14:47:52+01:00,1,848,0.5,,,False,False,1,0,415.48,0.0,0.0024068406422453684,,460609164.0,writer/writer-framework,Python
tests/e2e/presets/state/main.py,0,callable,ok,tests.e2e.presets.state.main.execute_test,tests.e2e.presets.state.main.execute_test,c6591eff793db24ded0e99287c5f2ee22f87ecc7,2024-03-28T14:47:52+01:00,c6591eff793db24ded0e99287c5f2ee22f87ecc7,2024-03-28T14:47:52+01:00,1,848,0.5,,,False,False,1,0,415.48,0.0,0.0024068406422453684,,460609164.0,writer/writer-framework,Python
