relpath,lineage_id,kind,status,first_qualified_name,last_qualified_name,first_commit,first_date,last_commit,last_date,modification_count,age_days,relative_churn,change_entropy,review_count,ended,had_rename_or_move,pre_touch_count,post_touch_count,pre_window_days,post_window_days,pre_churn_rate,post_churn_rate,repo_id,full_name,language
examples/alpaca-lora/hf_lora_inference.py,0,callable,ok,examples.alpaca-lora.hf_lora_inference.format_prompt,examples.alpaca-lora.hf_lora_inference.format_prompt,1d19395ed1c3ba74a6031dca957b65ff25273448,2023-10-23T23:07:35-07:00,1d19395ed1c3ba74a6031dca957b65ff25273448,2023-10-23T23:07:35-07:00,1,745,0.5,,,False,False,1,0,601.99,0.0,0.0016611510619436887,,496005961.0,stanford-crfm/levanter,Python
examples/alpaca-lora/hf_lora_inference.py,1,callable,ok,examples.alpaca-lora.hf_lora_inference.main,examples.alpaca-lora.hf_lora_inference.main,1d19395ed1c3ba74a6031dca957b65ff25273448,2023-10-23T23:07:35-07:00,1d19395ed1c3ba74a6031dca957b65ff25273448,2023-10-23T23:07:35-07:00,1,745,0.041666666666666664,,,False,False,1,0,601.99,0.0,0.0016611510619436887,,496005961.0,stanford-crfm/levanter,Python
examples/alpaca/alpaca.py,0,class,ok,examples.alpaca.alpaca.TrainArgs,examples.alpaca.alpaca.TrainArgs,1d19395ed1c3ba74a6031dca957b65ff25273448,2023-10-23T23:07:35-07:00,1d19395ed1c3ba74a6031dca957b65ff25273448,2023-10-23T23:07:35-07:00,1,745,0.058823529411764705,,,False,False,1,0,601.99,0.0,0.0016611510619436887,,496005961.0,stanford-crfm/levanter,Python
examples/alpaca/alpaca.py,1,class,ok,examples.alpaca.alpaca.SupervisedDataset,examples.alpaca.alpaca.SupervisedDataset,1d19395ed1c3ba74a6031dca957b65ff25273448,2023-10-23T23:07:35-07:00,1d19395ed1c3ba74a6031dca957b65ff25273448,2023-10-23T23:07:35-07:00,1,745,0.043478260869565216,,,False,False,1,0,601.99,0.0,0.0016611510619436887,,496005961.0,stanford-crfm/levanter,Python
examples/alpaca/alpaca.py,0,callable,ok,examples.alpaca.alpaca._get_data_source,examples.alpaca.alpaca._get_data_source,1d19395ed1c3ba74a6031dca957b65ff25273448,2023-10-23T23:07:35-07:00,1d19395ed1c3ba74a6031dca957b65ff25273448,2023-10-23T23:07:35-07:00,1,745,0.14285714285714285,,,False,False,1,0,601.99,0.0,0.0016611510619436887,,496005961.0,stanford-crfm/levanter,Python
examples/alpaca/alpaca.py,1,callable,ok,examples.alpaca.alpaca.mk_dataset,examples.alpaca.alpaca.mk_dataset,1d19395ed1c3ba74a6031dca957b65ff25273448,2023-10-23T23:07:35-07:00,1d19395ed1c3ba74a6031dca957b65ff25273448,2023-10-23T23:07:35-07:00,1,745,0.034482758620689655,,,False,False,1,0,601.99,0.0,0.0016611510619436887,,496005961.0,stanford-crfm/levanter,Python
examples/alpaca/alpaca.py,2,callable,ok,examples.alpaca.alpaca.get_prompts,examples.alpaca.alpaca.get_prompts,1d19395ed1c3ba74a6031dca957b65ff25273448,2023-10-23T23:07:35-07:00,1d19395ed1c3ba74a6031dca957b65ff25273448,2023-10-23T23:07:35-07:00,1,745,0.16666666666666666,,,False,False,1,0,601.99,0.0,0.0016611510619436887,,496005961.0,stanford-crfm/levanter,Python
examples/alpaca/alpaca.py,3,callable,ok,examples.alpaca.alpaca.train,examples.alpaca.alpaca.train,1d19395ed1c3ba74a6031dca957b65ff25273448,2023-10-23T23:07:35-07:00,1d19395ed1c3ba74a6031dca957b65ff25273448,2023-10-23T23:07:35-07:00,1,745,0.013513513513513514,,,False,False,1,0,601.99,0.0,0.0016611510619436887,,496005961.0,stanford-crfm/levanter,Python
examples/alpaca/alpaca.py,4,callable,ok,examples.alpaca.alpaca.add_special_tokens,examples.alpaca.alpaca.add_special_tokens,1d19395ed1c3ba74a6031dca957b65ff25273448,2023-10-23T23:07:35-07:00,1d19395ed1c3ba74a6031dca957b65ff25273448,2023-10-23T23:07:35-07:00,1,745,0.05555555555555555,,,False,False,1,0,601.99,0.0,0.0016611510619436887,,496005961.0,stanford-crfm/levanter,Python
examples/alpaca/alpaca.py,5,callable,ok,examples.alpaca.alpaca.SupervisedDataset.__init__,examples.alpaca.alpaca.SupervisedDataset.__init__,1d19395ed1c3ba74a6031dca957b65ff25273448,2023-10-23T23:07:35-07:00,1d19395ed1c3ba74a6031dca957b65ff25273448,2023-10-23T23:07:35-07:00,1,745,0.3333333333333333,,,False,False,1,0,601.99,0.0,0.0016611510619436887,,496005961.0,stanford-crfm/levanter,Python
examples/alpaca/alpaca.py,6,callable,ok,examples.alpaca.alpaca.SupervisedDataset.__iter__,examples.alpaca.alpaca.SupervisedDataset.__iter__,1d19395ed1c3ba74a6031dca957b65ff25273448,2023-10-23T23:07:35-07:00,1d19395ed1c3ba74a6031dca957b65ff25273448,2023-10-23T23:07:35-07:00,1,745,0.05555555555555555,,,False,False,1,0,601.99,0.0,0.0016611510619436887,,496005961.0,stanford-crfm/levanter,Python
examples/gsm8k-lora/gsm8k_lora.py,1,class,ok,examples.gsm8k-lora.gsm8k_lora.SupervisedDataset,examples.gsm8k-lora.gsm8k_lora.SupervisedDataset,5a53c45cfc09bab1a420ab6e1b7774592c06c14b,2023-12-01T12:28:55-08:00,da630ff003e9134b937526dcf039a99f27ae65bc,2024-02-28T23:23:13-08:00,2,89,0.07407407407407407,,,True,False,2,0,563.39,0.0,0.003549913165795921,,496005961.0,stanford-crfm/levanter,Python
examples/gsm8k-lora/gsm8k_lora.py,0,class,ok,examples.gsm8k-lora.gsm8k_lora.TrainArgs,examples.gsm8k-lora.gsm8k_lora.TrainArgs,5a53c45cfc09bab1a420ab6e1b7774592c06c14b,2023-12-01T12:28:55-08:00,9fde0781a1737e088535c392cf239aba5e1143e2,2025-09-11T17:44:59-07:00,3,706,0.10714285714285714,0.8906570294409537,,False,False,2,1,563.39,86.78,0.003549913165795921,0.011522893014339466,496005961.0,stanford-crfm/levanter,Python
examples/gsm8k-lora/gsm8k_lora.py,2,callable,ok,examples.gsm8k-lora.gsm8k_lora.SupervisedDataset.__init__,examples.gsm8k-lora.gsm8k_lora.SupervisedDataset.__init__,5a53c45cfc09bab1a420ab6e1b7774592c06c14b,2023-12-01T12:28:55-08:00,5a53c45cfc09bab1a420ab6e1b7774592c06c14b,2023-12-01T12:28:55-08:00,1,0,0.25,,,True,False,1,0,563.39,0.0,0.0017749565828979604,,496005961.0,stanford-crfm/levanter,Python
examples/gsm8k-lora/gsm8k_lora.py,3,callable,ok,examples.gsm8k-lora.gsm8k_lora.SupervisedDataset.__iter__,examples.gsm8k-lora.gsm8k_lora.SupervisedDataset.__iter__,5a53c45cfc09bab1a420ab6e1b7774592c06c14b,2023-12-01T12:28:55-08:00,da630ff003e9134b937526dcf039a99f27ae65bc,2024-02-28T23:23:13-08:00,2,89,0.09523809523809523,,,True,False,2,0,563.39,0.0,0.003549913165795921,,496005961.0,stanford-crfm/levanter,Python
examples/gsm8k-lora/gsm8k_lora.py,0,callable,ok,examples.gsm8k-lora.gsm8k_lora.mk_dataset,examples.gsm8k-lora.gsm8k_lora.mk_dataset,5a53c45cfc09bab1a420ab6e1b7774592c06c14b,2023-12-01T12:28:55-08:00,9fde0781a1737e088535c392cf239aba5e1143e2,2025-09-11T17:44:59-07:00,4,706,0.07017543859649122,1.353732514948563,,False,False,3,1,563.39,86.78,0.0053248697486938815,0.011522893014339466,496005961.0,stanford-crfm/levanter,Python
examples/gsm8k-lora/gsm8k_lora.py,1,callable,ok,examples.gsm8k-lora.gsm8k_lora.train,examples.gsm8k-lora.gsm8k_lora.train,5a53c45cfc09bab1a420ab6e1b7774592c06c14b,2023-12-01T12:28:55-08:00,fbe27bc7f3591a6403fef3b2b6c805114e9215f4,2024-09-05T11:10:11-07:00,11,706,0.11827956989247312,2.394018190419413,,False,False,11,0,563.39,0.0,0.019524522411877566,,496005961.0,stanford-crfm/levanter,Python
infra/launch.py,0,callable,ok,infra.launch.setup_vm_docker,infra.launch.setup_vm_docker,87a8b816d270949b0bd0b9cad3446f69a317fe53,2024-06-11T19:37:42-04:00,2e64f14d01a1a191a63df0a3e480397ed24808ff,2024-07-25T17:53:20-07:00,3,44,0.12,0.18314085995778323,,True,False,3,0,370.26,0.0,0.00810234968140761,,496005961.0,stanford-crfm/levanter,Python
infra/launch.py,1,callable,ok,infra.launch.list_tpus,infra.launch.list_tpus,87a8b816d270949b0bd0b9cad3446f69a317fe53,2024-06-11T19:37:42-04:00,2e64f14d01a1a191a63df0a3e480397ed24808ff,2024-07-25T17:53:20-07:00,2,44,0.13333333333333333,,,True,False,2,0,370.26,0.0,0.005401566454271739,,496005961.0,stanford-crfm/levanter,Python
infra/launch.py,2,callable,ok,infra.launch.start_tpu_vm,infra.launch.start_tpu_vm,87a8b816d270949b0bd0b9cad3446f69a317fe53,2024-06-11T19:37:42-04:00,2e64f14d01a1a191a63df0a3e480397ed24808ff,2024-07-25T17:53:20-07:00,3,44,0.04,0.9932491161671992,,True,False,3,0,370.26,0.0,0.00810234968140761,,496005961.0,stanford-crfm/levanter,Python
infra/launch.py,3,callable,ok,infra.launch._default_run_id,infra.launch._default_run_id,3ac1041bef12da2561d72bedf913153770a82ed3,2024-06-13T15:44:53-04:00,3ac1041bef12da2561d72bedf913153770a82ed3,2024-06-13T15:44:53-04:00,1,0,0.08333333333333333,,,True,False,1,0,368.42,0.0,0.0027142592762873733,,496005961.0,stanford-crfm/levanter,Python
infra/launch.py,4,callable,ok,infra.launch.describe_tpu,infra.launch.describe_tpu,2e64f14d01a1a191a63df0a3e480397ed24808ff,2024-07-25T17:53:20-07:00,2e64f14d01a1a191a63df0a3e480397ed24808ff,2024-07-25T17:53:20-07:00,1,0,0.05263157894736842,,,True,False,1,0,326.21,0.0,0.0030655058144910576,,496005961.0,stanford-crfm/levanter,Python
infra/launch.py,5,callable,ok,infra.launch.main,infra.launch.main,20faff32516ecf5d6c459db382f12aa0a4405e0d,2024-08-26T11:02:06-07:00,2ce11050e684cbdf8fd385b10073a143a649f1a8,2025-09-25T00:31:42-07:00,6,438,0.037037037037037035,1.8703913367673204,,False,False,5,1,294.5,100.07,0.01697815822826002,0.00999338400966027,496005961.0,stanford-crfm/levanter,Python
infra/launch_on_ray.py,2,callable,ok,infra.launch_on_ray._make_unique_job_id,infra.launch_on_ray._make_unique_job_id,2b42bfbeb9362e86b49da4997a8ac17a50c9bf35,2024-09-24T13:56:54-07:00,2b42bfbeb9362e86b49da4997a8ac17a50c9bf35,2024-09-24T13:56:54-07:00,1,0,0.09090909090909091,,,True,False,1,0,265.37,0.0,0.003768257732081062,,496005961.0,stanford-crfm/levanter,Python
infra/launch_on_ray.py,0,callable,ok,infra.launch_on_ray.main,infra.launch_on_ray.main,2b42bfbeb9362e86b49da4997a8ac17a50c9bf35,2024-09-24T13:56:54-07:00,2ce11050e684cbdf8fd385b10073a143a649f1a8,2025-09-25T00:31:42-07:00,4,408,0.026143790849673203,1.0000692627857157,,False,False,2,2,265.37,100.07,0.007536515464162124,0.01998676801932054,496005961.0,stanford-crfm/levanter,Python
infra/launch_on_ray.py,1,callable,ok,infra.launch_on_ray.wait_until_status,infra.launch_on_ray.wait_until_status,2b42bfbeb9362e86b49da4997a8ac17a50c9bf35,2024-09-24T13:56:54-07:00,d9678f5c943183195189fd7a2e64f926ba677db8,2024-12-19T23:33:58-08:00,2,408,0.2,,,False,False,2,0,265.37,0.0,0.007536515464162124,,496005961.0,stanford-crfm/levanter,Python
infra/push_docker.py,0,callable,ok,infra.push_docker._run,infra.push_docker._run,87a8b816d270949b0bd0b9cad3446f69a317fe53,2024-06-11T19:37:42-04:00,5da810ea00c8a6a877b343c410f3f466eab85ddf,2024-06-18T20:00:07-04:00,3,7,0.42857142857142855,0.6677765690146318,,True,False,3,0,370.26,0.0,0.00810234968140761,,496005961.0,stanford-crfm/levanter,Python
infra/push_docker.py,1,callable,ok,infra.push_docker.configure_gcp_docker,infra.push_docker.configure_gcp_docker,87a8b816d270949b0bd0b9cad3446f69a317fe53,2024-06-11T19:37:42-04:00,5da810ea00c8a6a877b343c410f3f466eab85ddf,2024-06-18T20:00:07-04:00,2,7,0.024390243902439025,,,True,False,2,0,370.26,0.0,0.005401566454271739,,496005961.0,stanford-crfm/levanter,Python
infra/push_docker.py,2,callable,ok,infra.push_docker.build_docker,infra.push_docker.build_docker,87a8b816d270949b0bd0b9cad3446f69a317fe53,2024-06-11T19:37:42-04:00,ef6349c7bfaccfb7d591886b327ce7fee02d2402,2024-08-15T09:54:26-07:00,2,64,0.07142857142857142,,,True,False,2,0,370.26,0.0,0.005401566454271739,,496005961.0,stanford-crfm/levanter,Python
infra/push_docker.py,3,callable,ok,infra.push_docker.push_to_github,infra.push_docker.push_to_github,87a8b816d270949b0bd0b9cad3446f69a317fe53,2024-06-11T19:37:42-04:00,ef6349c7bfaccfb7d591886b327ce7fee02d2402,2024-08-15T09:54:26-07:00,2,64,0.125,,,True,False,2,0,370.26,0.0,0.005401566454271739,,496005961.0,stanford-crfm/levanter,Python
infra/push_docker.py,4,callable,ok,infra.push_docker.push_to_gcp,infra.push_docker.push_to_gcp,87a8b816d270949b0bd0b9cad3446f69a317fe53,2024-06-11T19:37:42-04:00,ef6349c7bfaccfb7d591886b327ce7fee02d2402,2024-08-15T09:54:26-07:00,2,64,0.16666666666666666,,,True,False,2,0,370.26,0.0,0.005401566454271739,,496005961.0,stanford-crfm/levanter,Python
infra/push_docker.py,5,callable,ok,infra.push_docker._rm,infra.push_docker._rm,ef6349c7bfaccfb7d591886b327ce7fee02d2402,2024-08-15T09:54:26-07:00,ef6349c7bfaccfb7d591886b327ce7fee02d2402,2024-08-15T09:54:26-07:00,1,0,0.14285714285714285,,,True,False,1,0,305.54,0.0,0.00327286165841052,,496005961.0,stanford-crfm/levanter,Python
infra/push_docker.py,6,callable,ok,infra.push_docker._cp,infra.push_docker._cp,ef6349c7bfaccfb7d591886b327ce7fee02d2402,2024-08-15T09:54:26-07:00,ef6349c7bfaccfb7d591886b327ce7fee02d2402,2024-08-15T09:54:26-07:00,1,0,0.1,,,True,False,1,0,305.54,0.0,0.00327286165841052,,496005961.0,stanford-crfm/levanter,Python
scripts/loss_history.py,0,callable,ok,scripts.loss_history.fetch_metric_for_sha,scripts.loss_history.fetch_metric_for_sha,2bdd927ebbbe701b5f05029f783620ae9218a580,2023-08-09T23:51:13-07:00,2bdd927ebbbe701b5f05029f783620ae9218a580,2023-08-09T23:51:13-07:00,1,820,0.041666666666666664,,,False,False,1,0,676.96,0.0,0.0014771879859685605,,496005961.0,stanford-crfm/levanter,Python
scripts/loss_history.py,1,callable,ok,scripts.loss_history.visualize_git_tree_with_metric,scripts.loss_history.visualize_git_tree_with_metric,2bdd927ebbbe701b5f05029f783620ae9218a580,2023-08-09T23:51:13-07:00,2bdd927ebbbe701b5f05029f783620ae9218a580,2023-08-09T23:51:13-07:00,1,820,0.07142857142857142,,,False,False,1,0,676.96,0.0,0.0014771879859685605,,496005961.0,stanford-crfm/levanter,Python
scripts/preproc/split-pile-shards.py,0,callable,ok,scripts.preproc.split-pile-shards.format_category,scripts.preproc.split-pile-shards.format_category,157db95dfc1dbe4513804ee98614750db7e5ca9c,2024-02-06T11:23:20-08:00,157db95dfc1dbe4513804ee98614750db7e5ca9c,2024-02-06T11:23:20-08:00,1,639,0.5,,,False,False,1,0,496.44,0.0,0.0020143437125967963,,496005961.0,stanford-crfm/levanter,Python
scripts/preproc/split-pile-shards.py,1,callable,ok,scripts.preproc.split-pile-shards.process_file,scripts.preproc.split-pile-shards.process_file,157db95dfc1dbe4513804ee98614750db7e5ca9c,2024-02-06T11:23:20-08:00,157db95dfc1dbe4513804ee98614750db7e5ca9c,2024-02-06T11:23:20-08:00,1,639,0.034482758620689655,,,False,False,1,0,496.44,0.0,0.0020143437125967963,,496005961.0,stanford-crfm/levanter,Python
src/levanter/analysis/entropy.py,0,callable,ok,src.levanter.analysis.entropy.entropy_from_logits,src.levanter.analysis.entropy.entropy_from_logits,e9b463e5262e1e279c9c328e24280022732c7cd2,2025-03-26T13:01:11-07:00,e9b463e5262e1e279c9c328e24280022732c7cd2,2025-03-26T13:01:11-07:00,1,225,0.125,,,False,False,1,0,82.41,0.0,0.012133960610411247,,496005961.0,stanford-crfm/levanter,Python
src/levanter/analysis/entropy.py,1,callable,ok,src.levanter.analysis.entropy.top2_gap_from_logits,src.levanter.analysis.entropy.top2_gap_from_logits,e9b463e5262e1e279c9c328e24280022732c7cd2,2025-03-26T13:01:11-07:00,aff6f5610fe65fc5acc761e6a534082efcbd73df,2025-04-10T16:20:30-07:00,2,225,0.09090909090909091,,,False,False,2,0,82.41,0.0,0.024267921220822494,,496005961.0,stanford-crfm/levanter,Python
src/levanter/analysis/entropy.py,2,callable,ok,src.levanter.analysis.entropy.compute_entropy_histogram,src.levanter.analysis.entropy.compute_entropy_histogram,e9b463e5262e1e279c9c328e24280022732c7cd2,2025-03-26T13:01:11-07:00,aff6f5610fe65fc5acc761e6a534082efcbd73df,2025-04-10T16:20:30-07:00,2,225,0.0625,,,False,False,2,0,82.41,0.0,0.024267921220822494,,496005961.0,stanford-crfm/levanter,Python
src/levanter/analysis/entropy.py,3,callable,ok,src.levanter.analysis.entropy._compute_entropy_on_device,src.levanter.analysis.entropy._compute_entropy_on_device,e9b463e5262e1e279c9c328e24280022732c7cd2,2025-03-26T13:01:11-07:00,e9b463e5262e1e279c9c328e24280022732c7cd2,2025-03-26T13:01:11-07:00,1,225,0.2,,,False,False,1,0,82.41,0.0,0.012133960610411247,,496005961.0,stanford-crfm/levanter,Python
src/levanter/analysis/entropy.py,4,callable,ok,src.levanter.analysis.entropy.cb_compute_entropies,src.levanter.analysis.entropy.cb_compute_entropies,e9b463e5262e1e279c9c328e24280022732c7cd2,2025-03-26T13:01:11-07:00,0fc5ac869ee3afb77564b1502fa5836193980066,2025-03-30T10:30:21-07:00,2,225,0.04081632653061224,,,False,False,2,0,82.41,0.0,0.024267921220822494,,496005961.0,stanford-crfm/levanter,Python
src/levanter/analysis/entropy.py,5,callable,ok,src.levanter.analysis.entropy.compute_top2_gap_histogram,src.levanter.analysis.entropy.compute_top2_gap_histogram,aff6f5610fe65fc5acc761e6a534082efcbd73df,2025-04-10T16:20:30-07:00,aff6f5610fe65fc5acc761e6a534082efcbd73df,2025-04-10T16:20:30-07:00,1,210,0.05,,,False,False,1,0,67.27,0.0,0.014864383148744303,,496005961.0,stanford-crfm/levanter,Python
src/levanter/analysis/entropy.py,6,callable,ok,src.levanter.analysis.entropy._compute_top2_gap_on_device,src.levanter.analysis.entropy._compute_top2_gap_on_device,aff6f5610fe65fc5acc761e6a534082efcbd73df,2025-04-10T16:20:30-07:00,aff6f5610fe65fc5acc761e6a534082efcbd73df,2025-04-10T16:20:30-07:00,1,210,0.2,,,False,False,1,0,67.27,0.0,0.014864383148744303,,496005961.0,stanford-crfm/levanter,Python
src/levanter/analysis/entropy.py,7,callable,ok,src.levanter.analysis.entropy.cb_compute_top2_gap,src.levanter.analysis.entropy.cb_compute_top2_gap,aff6f5610fe65fc5acc761e6a534082efcbd73df,2025-04-10T16:20:30-07:00,aff6f5610fe65fc5acc761e6a534082efcbd73df,2025-04-10T16:20:30-07:00,1,210,0.030303030303030304,,,False,False,1,0,67.27,0.0,0.014864383148744303,,496005961.0,stanford-crfm/levanter,Python
src/levanter/analysis/tree_stats.py,0,callable,ok,src.levanter.analysis.tree_stats.summary_statistics_for_tree,src.levanter.analysis.tree_stats.summary_statistics_for_tree,aff6f5610fe65fc5acc761e6a534082efcbd73df,2025-04-10T16:20:30-07:00,6e2d938a369f248c48c19b06971a844b8153926f,2025-05-28T23:08:25-07:00,2,210,0.023255813953488372,,,False,False,2,0,67.27,0.0,0.029728766297488607,,496005961.0,stanford-crfm/levanter,Python
src/levanter/analysis/visualization.py,0,callable,ok,src.levanter.analysis.visualization.visualize_log_probs,src.levanter.analysis.visualization.visualize_log_probs,e9b463e5262e1e279c9c328e24280022732c7cd2,2025-03-26T13:01:11-07:00,e9b463e5262e1e279c9c328e24280022732c7cd2,2025-03-26T13:01:11-07:00,1,225,0.0196078431372549,,,False,False,1,0,82.41,0.0,0.012133960610411247,,496005961.0,stanford-crfm/levanter,Python
src/levanter/analysis/visualization.py,1,callable,ok,src.levanter.analysis.visualization._escape,src.levanter.analysis.visualization._escape,e9b463e5262e1e279c9c328e24280022732c7cd2,2025-03-26T13:01:11-07:00,e9b463e5262e1e279c9c328e24280022732c7cd2,2025-03-26T13:01:11-07:00,1,225,0.14285714285714285,,,False,False,1,0,82.41,0.0,0.012133960610411247,,496005961.0,stanford-crfm/levanter,Python
src/levanter/analysis/visualization.py,2,callable,ok,src.levanter.analysis.visualization.compute_and_visualize_log_probs,src.levanter.analysis.visualization.compute_and_visualize_log_probs,e9b463e5262e1e279c9c328e24280022732c7cd2,2025-03-26T13:01:11-07:00,e9b463e5262e1e279c9c328e24280022732c7cd2,2025-03-26T13:01:11-07:00,1,225,0.019230769230769232,,,False,False,1,0,82.41,0.0,0.012133960610411247,,496005961.0,stanford-crfm/levanter,Python
src/levanter/analysis/visualization.py,3,callable,ok,src.levanter.analysis.visualization.visualize_log_prob_diff,src.levanter.analysis.visualization.visualize_log_prob_diff,e9b463e5262e1e279c9c328e24280022732c7cd2,2025-03-26T13:01:11-07:00,9fde0781a1737e088535c392cf239aba5e1143e2,2025-09-11T17:44:59-07:00,2,225,0.017857142857142856,,,False,False,1,1,82.41,86.78,0.012133960610411247,0.011522893014339466,496005961.0,stanford-crfm/levanter,Python
src/levanter/analysis/visualization.py,4,callable,ok,src.levanter.analysis.visualization.compute_and_diff_log_probs,src.levanter.analysis.visualization.compute_and_diff_log_probs,e9b463e5262e1e279c9c328e24280022732c7cd2,2025-03-26T13:01:11-07:00,9fde0781a1737e088535c392cf239aba5e1143e2,2025-09-11T17:44:59-07:00,2,225,0.0425531914893617,,,False,False,1,1,82.41,86.78,0.012133960610411247,0.011522893014339466,496005961.0,stanford-crfm/levanter,Python
src/levanter/analysis/visualization.py,5,callable,ok,src.levanter.analysis.visualization._concatenate,src.levanter.analysis.visualization._concatenate,e9b463e5262e1e279c9c328e24280022732c7cd2,2025-03-26T13:01:11-07:00,e9b463e5262e1e279c9c328e24280022732c7cd2,2025-03-26T13:01:11-07:00,1,225,0.25,,,False,False,1,0,82.41,0.0,0.012133960610411247,,496005961.0,stanford-crfm/levanter,Python
src/levanter/analysis/visualization.py,6,callable,ok,src.levanter.analysis.visualization._decode_tokens_pretty,src.levanter.analysis.visualization._decode_tokens_pretty,e9b463e5262e1e279c9c328e24280022732c7cd2,2025-03-26T13:01:11-07:00,e9b463e5262e1e279c9c328e24280022732c7cd2,2025-03-26T13:01:11-07:00,1,225,0.14285714285714285,,,False,False,1,0,82.41,0.0,0.012133960610411247,,496005961.0,stanford-crfm/levanter,Python
src/levanter/analysis/visualization.py,7,callable,ok,src.levanter.analysis.visualization.cb_compute_and_visualize_log_probs,src.levanter.analysis.visualization.cb_compute_and_visualize_log_probs,e9b463e5262e1e279c9c328e24280022732c7cd2,2025-03-26T13:01:11-07:00,e9b463e5262e1e279c9c328e24280022732c7cd2,2025-03-26T13:01:11-07:00,1,225,0.034482758620689655,,,False,False,1,0,82.41,0.0,0.012133960610411247,,496005961.0,stanford-crfm/levanter,Python
src/levanter/callbacks/_core.py,0,class,ok,src.levanter.callbacks._core.StepInfo,src.levanter.callbacks._core.StepInfo,8ab490184433bd3e2590035e78f47eba1efbbe43,2025-04-01T12:37:52-07:00,8ab490184433bd3e2590035e78f47eba1efbbe43,2025-04-01T12:37:52-07:00,1,219,0.045454545454545456,,,False,False,1,0,76.43,0.0,0.013083950807979392,,496005961.0,stanford-crfm/levanter,Python
src/levanter/callbacks/_core.py,1,class,ok,src.levanter.callbacks._core.Callback,src.levanter.callbacks._core.Callback,8ab490184433bd3e2590035e78f47eba1efbbe43,2025-04-01T12:37:52-07:00,8ab490184433bd3e2590035e78f47eba1efbbe43,2025-04-01T12:37:52-07:00,1,219,0.125,,,False,False,1,0,76.43,0.0,0.013083950807979392,,496005961.0,stanford-crfm/levanter,Python
src/levanter/callbacks/_core.py,2,class,ok,src.levanter.callbacks._core.LambdaCallback,src.levanter.callbacks._core.LambdaCallback,8ab490184433bd3e2590035e78f47eba1efbbe43,2025-04-01T12:37:52-07:00,8ab490184433bd3e2590035e78f47eba1efbbe43,2025-04-01T12:37:52-07:00,1,219,0.16666666666666666,,,False,False,1,0,76.43,0.0,0.013083950807979392,,496005961.0,stanford-crfm/levanter,Python
src/levanter/callbacks/_core.py,3,class,ok,src.levanter.callbacks._core.JitCallback,src.levanter.callbacks._core.JitCallback,8ab490184433bd3e2590035e78f47eba1efbbe43,2025-04-01T12:37:52-07:00,8ab490184433bd3e2590035e78f47eba1efbbe43,2025-04-01T12:37:52-07:00,1,219,0.02702702702702703,,,False,False,1,0,76.43,0.0,0.013083950807979392,,496005961.0,stanford-crfm/levanter,Python
src/levanter/callbacks/_core.py,0,callable,ok,src.levanter.callbacks._core.Callback.on_step,src.levanter.callbacks._core.Callback.on_step,8ab490184433bd3e2590035e78f47eba1efbbe43,2025-04-01T12:37:52-07:00,8ab490184433bd3e2590035e78f47eba1efbbe43,2025-04-01T12:37:52-07:00,1,219,0.5,,,False,False,1,0,76.43,0.0,0.013083950807979392,,496005961.0,stanford-crfm/levanter,Python
src/levanter/callbacks/_core.py,1,callable,ok,src.levanter.callbacks._core.LambdaCallback.__init__,src.levanter.callbacks._core.LambdaCallback.__init__,8ab490184433bd3e2590035e78f47eba1efbbe43,2025-04-01T12:37:52-07:00,8ab490184433bd3e2590035e78f47eba1efbbe43,2025-04-01T12:37:52-07:00,1,219,0.5,,,False,False,1,0,76.43,0.0,0.013083950807979392,,496005961.0,stanford-crfm/levanter,Python
src/levanter/callbacks/_core.py,2,callable,ok,src.levanter.callbacks._core.LambdaCallback.on_step,src.levanter.callbacks._core.LambdaCallback.on_step,8ab490184433bd3e2590035e78f47eba1efbbe43,2025-04-01T12:37:52-07:00,8ab490184433bd3e2590035e78f47eba1efbbe43,2025-04-01T12:37:52-07:00,1,219,0.5,,,False,False,1,0,76.43,0.0,0.013083950807979392,,496005961.0,stanford-crfm/levanter,Python
src/levanter/callbacks/_core.py,3,callable,ok,src.levanter.callbacks._core.JitCallback.inside_step,src.levanter.callbacks._core.JitCallback.inside_step,8ab490184433bd3e2590035e78f47eba1efbbe43,2025-04-01T12:37:52-07:00,8ab490184433bd3e2590035e78f47eba1efbbe43,2025-04-01T12:37:52-07:00,1,219,0.08333333333333333,,,False,False,1,0,76.43,0.0,0.013083950807979392,,496005961.0,stanford-crfm/levanter,Python
src/levanter/callbacks/_core.py,4,callable,ok,src.levanter.callbacks._core.JitCallback.on_step,src.levanter.callbacks._core.JitCallback.on_step,8ab490184433bd3e2590035e78f47eba1efbbe43,2025-04-01T12:37:52-07:00,8ab490184433bd3e2590035e78f47eba1efbbe43,2025-04-01T12:37:52-07:00,1,219,0.14285714285714285,,,False,False,1,0,76.43,0.0,0.013083950807979392,,496005961.0,stanford-crfm/levanter,Python
src/levanter/checkpoint.py,0,callable,ok,src.levanter.checkpoint.save_checkpoint,src.levanter.checkpoint.save_checkpoint,507a11db028dbf21ffb09b9278c535ab9f6b48be,2022-08-03T17:07:46-07:00,507a11db028dbf21ffb09b9278c535ab9f6b48be,2022-08-03T17:07:46-07:00,1,1191,0.045454545454545456,,,False,False,1,0,1048.24,0.0,0.0009539781085873532,,496005961.0,stanford-crfm/levanter,Python
src/levanter/checkpoint.py,1,callable,ok,src.levanter.checkpoint.load_checkpoint,src.levanter.checkpoint.load_checkpoint,507a11db028dbf21ffb09b9278c535ab9f6b48be,2022-08-03T17:07:46-07:00,507a11db028dbf21ffb09b9278c535ab9f6b48be,2022-08-03T17:07:46-07:00,1,1191,0.05555555555555555,,,False,False,1,0,1048.24,0.0,0.0009539781085873532,,496005961.0,stanford-crfm/levanter,Python
src/levanter/checkpoint.py,2,callable,ok,src.levanter.checkpoint.discover_latest_checkpoint,src.levanter.checkpoint.discover_latest_checkpoint,507a11db028dbf21ffb09b9278c535ab9f6b48be,2022-08-03T17:07:46-07:00,507a11db028dbf21ffb09b9278c535ab9f6b48be,2022-08-03T17:07:46-07:00,1,1191,0.05555555555555555,,,False,False,1,0,1048.24,0.0,0.0009539781085873532,,496005961.0,stanford-crfm/levanter,Python
src/levanter/checkpoint.py,3,callable,ok,src.levanter.checkpoint.tree_serialise_leaves,src.levanter.checkpoint.tree_serialise_leaves,507a11db028dbf21ffb09b9278c535ab9f6b48be,2022-08-03T17:07:46-07:00,507a11db028dbf21ffb09b9278c535ab9f6b48be,2022-08-03T17:07:46-07:00,1,1191,0.058823529411764705,,,False,False,1,0,1048.24,0.0,0.0009539781085873532,,496005961.0,stanford-crfm/levanter,Python
src/levanter/checkpoint.py,4,callable,ok,src.levanter.checkpoint.tree_deserialise_leaves,src.levanter.checkpoint.tree_deserialise_leaves,507a11db028dbf21ffb09b9278c535ab9f6b48be,2022-08-03T17:07:46-07:00,507a11db028dbf21ffb09b9278c535ab9f6b48be,2022-08-03T17:07:46-07:00,1,1191,0.05,,,False,False,1,0,1048.24,0.0,0.0009539781085873532,,496005961.0,stanford-crfm/levanter,Python
src/levanter/compat/hf_checkpoints.py,0,callable,ok,src.levanter.compat.hf_checkpoints.load_hf_model_checkpoint,src.levanter.compat.hf_checkpoints.load_hf_model_checkpoint,6b55e1e35a37c8774863f7765eadabe332efd6d4,2022-10-21T10:32:41-07:00,6b55e1e35a37c8774863f7765eadabe332efd6d4,2022-10-21T10:32:41-07:00,1,1113,0.05,,,False,False,1,0,969.52,0.0,0.001031442017660078,,496005961.0,stanford-crfm/levanter,Python
src/levanter/compat/hf_checkpoints.py,1,callable,ok,src.levanter.compat.hf_checkpoints.hf_gpt2_config_to_levanter,src.levanter.compat.hf_checkpoints.hf_gpt2_config_to_levanter,6b55e1e35a37c8774863f7765eadabe332efd6d4,2022-10-21T10:32:41-07:00,6b55e1e35a37c8774863f7765eadabe332efd6d4,2022-10-21T10:32:41-07:00,1,1113,0.058823529411764705,,,False,False,1,0,969.52,0.0,0.001031442017660078,,496005961.0,stanford-crfm/levanter,Python
src/levanter/compat/hf_checkpoints.py,2,callable,ok,src.levanter.compat.hf_checkpoints.gpt2_config_to_hf,src.levanter.compat.hf_checkpoints.gpt2_config_to_hf,6b55e1e35a37c8774863f7765eadabe332efd6d4,2022-10-21T10:32:41-07:00,6b55e1e35a37c8774863f7765eadabe332efd6d4,2022-10-21T10:32:41-07:00,1,1113,0.058823529411764705,,,False,False,1,0,969.52,0.0,0.001031442017660078,,496005961.0,stanford-crfm/levanter,Python
src/levanter/compat/hf_checkpoints.py,3,callable,ok,src.levanter.compat.hf_checkpoints.load_hf_gpt2_checkpoint,src.levanter.compat.hf_checkpoints.load_hf_gpt2_checkpoint,6b55e1e35a37c8774863f7765eadabe332efd6d4,2022-10-21T10:32:41-07:00,6b55e1e35a37c8774863f7765eadabe332efd6d4,2022-10-21T10:32:41-07:00,1,1113,0.041666666666666664,,,False,False,1,0,969.52,0.0,0.001031442017660078,,496005961.0,stanford-crfm/levanter,Python
src/levanter/compat/hf_checkpoints.py,4,callable,ok,src.levanter.compat.hf_checkpoints.save_hf_gpt2_checkpoint,src.levanter.compat.hf_checkpoints.save_hf_gpt2_checkpoint,6b55e1e35a37c8774863f7765eadabe332efd6d4,2022-10-21T10:32:41-07:00,6b55e1e35a37c8774863f7765eadabe332efd6d4,2022-10-21T10:32:41-07:00,1,1113,0.14285714285714285,,,False,False,1,0,969.52,0.0,0.001031442017660078,,496005961.0,stanford-crfm/levanter,Python
src/levanter/config.py,0,class,ok,src.levanter.config.WandbConfig,src.levanter.config.WandbConfig,507a11db028dbf21ffb09b9278c535ab9f6b48be,2022-08-03T17:07:46-07:00,507a11db028dbf21ffb09b9278c535ab9f6b48be,2022-08-03T17:07:46-07:00,1,1191,0.02564102564102564,,,False,False,1,0,1048.24,0.0,0.0009539781085873532,,496005961.0,stanford-crfm/levanter,Python
src/levanter/config.py,1,class,ok,src.levanter.config.TrainerConfig,src.levanter.config.TrainerConfig,507a11db028dbf21ffb09b9278c535ab9f6b48be,2022-08-03T17:07:46-07:00,507a11db028dbf21ffb09b9278c535ab9f6b48be,2022-08-03T17:07:46-07:00,1,1191,0.007692307692307693,,,False,False,1,0,1048.24,0.0,0.0009539781085873532,,496005961.0,stanford-crfm/levanter,Python
src/levanter/config.py,0,callable,ok,src.levanter.config.register_codecs,src.levanter.config.register_codecs,507a11db028dbf21ffb09b9278c535ab9f6b48be,2022-08-03T17:07:46-07:00,507a11db028dbf21ffb09b9278c535ab9f6b48be,2022-08-03T17:07:46-07:00,1,1191,0.25,,,False,False,1,0,1048.24,0.0,0.0009539781085873532,,496005961.0,stanford-crfm/levanter,Python
src/levanter/config.py,1,callable,ok,src.levanter.config.WandbConfig.init,src.levanter.config.WandbConfig.init,507a11db028dbf21ffb09b9278c535ab9f6b48be,2022-08-03T17:07:46-07:00,507a11db028dbf21ffb09b9278c535ab9f6b48be,2022-08-03T17:07:46-07:00,1,1191,0.037037037037037035,,,False,False,1,0,1048.24,0.0,0.0009539781085873532,,496005961.0,stanford-crfm/levanter,Python
src/levanter/config.py,2,callable,ok,src.levanter.config.TrainerConfig.device_mesh,src.levanter.config.TrainerConfig.device_mesh,507a11db028dbf21ffb09b9278c535ab9f6b48be,2022-08-03T17:07:46-07:00,507a11db028dbf21ffb09b9278c535ab9f6b48be,2022-08-03T17:07:46-07:00,1,1191,0.25,,,False,False,1,0,1048.24,0.0,0.0009539781085873532,,496005961.0,stanford-crfm/levanter,Python
src/levanter/config.py,3,callable,ok,src.levanter.config.TrainerConfig.train_mesh_info,src.levanter.config.TrainerConfig.train_mesh_info,507a11db028dbf21ffb09b9278c535ab9f6b48be,2022-08-03T17:07:46-07:00,507a11db028dbf21ffb09b9278c535ab9f6b48be,2022-08-03T17:07:46-07:00,1,1191,0.5,,,False,False,1,0,1048.24,0.0,0.0009539781085873532,,496005961.0,stanford-crfm/levanter,Python
src/levanter/config.py,4,callable,ok,src.levanter.config.TrainerConfig.eval_mesh_info,src.levanter.config.TrainerConfig.eval_mesh_info,507a11db028dbf21ffb09b9278c535ab9f6b48be,2022-08-03T17:07:46-07:00,507a11db028dbf21ffb09b9278c535ab9f6b48be,2022-08-03T17:07:46-07:00,1,1191,0.5,,,False,False,1,0,1048.24,0.0,0.0009539781085873532,,496005961.0,stanford-crfm/levanter,Python
src/levanter/config.py,5,callable,ok,src.levanter.config.TrainerConfig.data_axis_size,src.levanter.config.TrainerConfig.data_axis_size,507a11db028dbf21ffb09b9278c535ab9f6b48be,2022-08-03T17:07:46-07:00,507a11db028dbf21ffb09b9278c535ab9f6b48be,2022-08-03T17:07:46-07:00,1,1191,0.25,,,False,False,1,0,1048.24,0.0,0.0009539781085873532,,496005961.0,stanford-crfm/levanter,Python
src/levanter/config.py,6,callable,ok,src.levanter.config.TrainerConfig.local_eval_batch_size,src.levanter.config.TrainerConfig.local_eval_batch_size,507a11db028dbf21ffb09b9278c535ab9f6b48be,2022-08-03T17:07:46-07:00,507a11db028dbf21ffb09b9278c535ab9f6b48be,2022-08-03T17:07:46-07:00,1,1191,0.3333333333333333,,,False,False,1,0,1048.24,0.0,0.0009539781085873532,,496005961.0,stanford-crfm/levanter,Python
src/levanter/config.py,7,callable,ok,src.levanter.config.TrainerConfig.train_total_microbatches,src.levanter.config.TrainerConfig.train_total_microbatches,507a11db028dbf21ffb09b9278c535ab9f6b48be,2022-08-03T17:07:46-07:00,507a11db028dbf21ffb09b9278c535ab9f6b48be,2022-08-03T17:07:46-07:00,1,1191,0.5,,,False,False,1,0,1048.24,0.0,0.0009539781085873532,,496005961.0,stanford-crfm/levanter,Python
src/levanter/config.py,8,callable,ok,src.levanter.config.TrainerConfig.optimizer,src.levanter.config.TrainerConfig.optimizer,507a11db028dbf21ffb09b9278c535ab9f6b48be,2022-08-03T17:07:46-07:00,507a11db028dbf21ffb09b9278c535ab9f6b48be,2022-08-03T17:07:46-07:00,1,1191,0.038461538461538464,,,False,False,1,0,1048.24,0.0,0.0009539781085873532,,496005961.0,stanford-crfm/levanter,Python
src/levanter/config.py,9,callable,ok,src.levanter.config.TrainerConfig.lr_scheduler,src.levanter.config.TrainerConfig.lr_scheduler,507a11db028dbf21ffb09b9278c535ab9f6b48be,2022-08-03T17:07:46-07:00,507a11db028dbf21ffb09b9278c535ab9f6b48be,2022-08-03T17:07:46-07:00,1,1191,0.05263157894736842,,,False,False,1,0,1048.24,0.0,0.0009539781085873532,,496005961.0,stanford-crfm/levanter,Python
src/levanter/config.py,10,callable,ok,src.levanter.config.TrainerConfig.__post_init__,src.levanter.config.TrainerConfig.__post_init__,507a11db028dbf21ffb09b9278c535ab9f6b48be,2022-08-03T17:07:46-07:00,507a11db028dbf21ffb09b9278c535ab9f6b48be,2022-08-03T17:07:46-07:00,1,1191,0.043478260869565216,,,False,False,1,0,1048.24,0.0,0.0009539781085873532,,496005961.0,stanford-crfm/levanter,Python
src/levanter/data/__init__.py,0,class,ok,src.levanter.data.LMDatasetConfig,src.levanter.data.LMDatasetConfig,507a11db028dbf21ffb09b9278c535ab9f6b48be,2022-08-03T17:07:46-07:00,507a11db028dbf21ffb09b9278c535ab9f6b48be,2022-08-03T17:07:46-07:00,1,1191,0.022727272727272728,,,False,False,1,0,1048.24,0.0,0.0009539781085873532,,496005961.0,stanford-crfm/levanter,Python
src/levanter/data/__init__.py,1,class,ok,src.levanter.data.CachedLMDatasetConfig,src.levanter.data.CachedLMDatasetConfig,507a11db028dbf21ffb09b9278c535ab9f6b48be,2022-08-03T17:07:46-07:00,507a11db028dbf21ffb09b9278c535ab9f6b48be,2022-08-03T17:07:46-07:00,1,1191,0.06666666666666667,,,False,False,1,0,1048.24,0.0,0.0009539781085873532,,496005961.0,stanford-crfm/levanter,Python
src/levanter/data/__init__.py,0,callable,ok,src.levanter.data.LMDatasetConfig.the_tokenizer,src.levanter.data.LMDatasetConfig.the_tokenizer,507a11db028dbf21ffb09b9278c535ab9f6b48be,2022-08-03T17:07:46-07:00,507a11db028dbf21ffb09b9278c535ab9f6b48be,2022-08-03T17:07:46-07:00,1,1191,0.5,,,False,False,1,0,1048.24,0.0,0.0009539781085873532,,496005961.0,stanford-crfm/levanter,Python
src/levanter/data/__init__.py,1,callable,ok,src.levanter.data.LMDatasetConfig.doc_iterator,src.levanter.data.LMDatasetConfig.doc_iterator,507a11db028dbf21ffb09b9278c535ab9f6b48be,2022-08-03T17:07:46-07:00,507a11db028dbf21ffb09b9278c535ab9f6b48be,2022-08-03T17:07:46-07:00,1,1191,0.038461538461538464,,,False,False,1,0,1048.24,0.0,0.0009539781085873532,,496005961.0,stanford-crfm/levanter,Python
src/levanter/data/__init__.py,2,callable,ok,src.levanter.data.CachedLMDatasetConfig.build_or_load_document_cache,src.levanter.data.CachedLMDatasetConfig.build_or_load_document_cache,507a11db028dbf21ffb09b9278c535ab9f6b48be,2022-08-03T17:07:46-07:00,507a11db028dbf21ffb09b9278c535ab9f6b48be,2022-08-03T17:07:46-07:00,1,1191,0.1,,,False,False,1,0,1048.24,0.0,0.0009539781085873532,,496005961.0,stanford-crfm/levanter,Python
src/levanter/data/_preprocessor.py,5,class,ok,src.levanter.data._preprocessor.BatchProcessorPool,src.levanter.data._preprocessor.BatchProcessorPool,adf4b6d46545f1f95b5eba41dfddcaec68b553c4,2024-10-10T10:53:08-05:00,51f9bf1a012a82115aa650adce83f8142c8f3cc0,2024-10-10T23:54:48-07:00,2,0,0.09523809523809523,,,True,False,2,0,249.59,0.0,0.008013283501344868,,496005961.0,stanford-crfm/levanter,Python
src/levanter/data/_preprocessor.py,6,class,ok,src.levanter.data._preprocessor._BatchProcessorActor,src.levanter.data._preprocessor._BatchProcessorActor,adf4b6d46545f1f95b5eba41dfddcaec68b553c4,2024-10-10T10:53:08-05:00,adf4b6d46545f1f95b5eba41dfddcaec68b553c4,2024-10-10T10:53:08-05:00,1,0,0.08333333333333333,,,True,False,1,0,249.59,0.0,0.004006641750672434,,496005961.0,stanford-crfm/levanter,Python
src/levanter/data/_preprocessor.py,0,class,ok,src.levanter.data._preprocessor.BatchProcessor,src.levanter.data._preprocessor.BatchProcessor,75739f45c7cc16580f7dbe898d12e555d7ecd40e,2023-10-12T11:36:42-07:00,b12d7345824657c401735954cb5a8bb06de903c6,2025-04-20T22:49:45-07:00,4,757,0.08888888888888889,1.198358969380874,,False,False,4,0,613.47,0.0,0.006520265081980637,,496005961.0,stanford-crfm/levanter,Python
src/levanter/data/_preprocessor.py,1,class,ok,src.levanter.data._preprocessor._DatasetTransform,src.levanter.data._preprocessor._DatasetTransform,75739f45c7cc16580f7dbe898d12e555d7ecd40e,2023-10-12T11:36:42-07:00,75739f45c7cc16580f7dbe898d12e555d7ecd40e,2023-10-12T11:36:42-07:00,1,757,0.5,,,False,False,1,0,613.47,0.0,0.0016300662704951592,,496005961.0,stanford-crfm/levanter,Python
src/levanter/data/_preprocessor.py,2,class,ok,src.levanter.data._preprocessor._MapTransform,src.levanter.data._preprocessor._MapTransform,75739f45c7cc16580f7dbe898d12e555d7ecd40e,2023-10-12T11:36:42-07:00,75739f45c7cc16580f7dbe898d12e555d7ecd40e,2023-10-12T11:36:42-07:00,1,757,0.2,,,False,False,1,0,613.47,0.0,0.0016300662704951592,,496005961.0,stanford-crfm/levanter,Python
src/levanter/data/_preprocessor.py,3,class,ok,src.levanter.data._preprocessor._BatchMapTransform,src.levanter.data._preprocessor._BatchMapTransform,75739f45c7cc16580f7dbe898d12e555d7ecd40e,2023-10-12T11:36:42-07:00,adf4b6d46545f1f95b5eba41dfddcaec68b553c4,2024-10-10T10:53:08-05:00,4,757,0.26666666666666666,0.2838790435536396,,False,False,4,0,613.47,0.0,0.006520265081980637,,496005961.0,stanford-crfm/levanter,Python
src/levanter/data/_preprocessor.py,4,class,ok,src.levanter.data._preprocessor._CompositeBatchProcessor,src.levanter.data._preprocessor._CompositeBatchProcessor,75739f45c7cc16580f7dbe898d12e555d7ecd40e,2023-10-12T11:36:42-07:00,63f2f3aa02dcf211a9067e69f7ca6b1a675ac3ee,2024-11-13T15:33:14-08:00,5,757,0.08333333333333333,1.016725812453974,,False,False,5,0,613.47,0.0,0.008150331352475795,,496005961.0,stanford-crfm/levanter,Python
src/levanter/data/_preprocessor.py,7,class,ok,src.levanter.data._preprocessor.IdentityProcessor,src.levanter.data._preprocessor.IdentityProcessor,ad85dfa47ec9920fefe355b0459b46b839fb3145,2025-05-18T10:11:30-07:00,ad85dfa47ec9920fefe355b0459b46b839fb3145,2025-05-18T10:11:30-07:00,1,173,0.05555555555555555,,,False,False,1,0,29.53,0.0,0.033862540035398896,,496005961.0,stanford-crfm/levanter,Python
src/levanter/data/_preprocessor.py,7,callable,ok,src.levanter.data._preprocessor.BatchProcessor.batch_size,src.levanter.data._preprocessor.BatchProcessor.batch_size,75739f45c7cc16580f7dbe898d12e555d7ecd40e,2023-10-12T11:36:42-07:00,75739f45c7cc16580f7dbe898d12e555d7ecd40e,2023-10-12T11:36:42-07:00,1,0,0.5,,,True,False,1,0,613.47,0.0,0.0016300662704951592,,496005961.0,stanford-crfm/levanter,Python
src/levanter/data/_preprocessor.py,20,callable,ok,src.levanter.data._preprocessor._create_batch_processor_actor,src.levanter.data._preprocessor._create_batch_processor_actor,adf4b6d46545f1f95b5eba41dfddcaec68b553c4,2024-10-10T10:53:08-05:00,adf4b6d46545f1f95b5eba41dfddcaec68b553c4,2024-10-10T10:53:08-05:00,1,0,0.14285714285714285,,,True,False,1,0,249.59,0.0,0.004006641750672434,,496005961.0,stanford-crfm/levanter,Python
src/levanter/data/_preprocessor.py,23,callable,ok,src.levanter.data._preprocessor.BatchProcessorPool.__init__,src.levanter.data._preprocessor.BatchProcessorPool.__init__,adf4b6d46545f1f95b5eba41dfddcaec68b553c4,2024-10-10T10:53:08-05:00,adf4b6d46545f1f95b5eba41dfddcaec68b553c4,2024-10-10T10:53:08-05:00,1,0,0.16666666666666666,,,True,False,1,0,249.59,0.0,0.004006641750672434,,496005961.0,stanford-crfm/levanter,Python
src/levanter/data/_preprocessor.py,24,callable,ok,src.levanter.data._preprocessor.BatchProcessorPool.process_batch,src.levanter.data._preprocessor.BatchProcessorPool.process_batch,adf4b6d46545f1f95b5eba41dfddcaec68b553c4,2024-10-10T10:53:08-05:00,adf4b6d46545f1f95b5eba41dfddcaec68b553c4,2024-10-10T10:53:08-05:00,1,0,0.25,,,True,False,1,0,249.59,0.0,0.004006641750672434,,496005961.0,stanford-crfm/levanter,Python
src/levanter/data/_preprocessor.py,25,callable,ok,src.levanter.data._preprocessor.BatchProcessorPool.num_pending_tasks,src.levanter.data._preprocessor.BatchProcessorPool.num_pending_tasks,adf4b6d46545f1f95b5eba41dfddcaec68b553c4,2024-10-10T10:53:08-05:00,adf4b6d46545f1f95b5eba41dfddcaec68b553c4,2024-10-10T10:53:08-05:00,1,0,0.5,,,True,False,1,0,249.59,0.0,0.004006641750672434,,496005961.0,stanford-crfm/levanter,Python
src/levanter/data/_preprocessor.py,26,callable,ok,src.levanter.data._preprocessor._BatchProcessorActor.__init__,src.levanter.data._preprocessor._BatchProcessorActor.__init__,adf4b6d46545f1f95b5eba41dfddcaec68b553c4,2024-10-10T10:53:08-05:00,adf4b6d46545f1f95b5eba41dfddcaec68b553c4,2024-10-10T10:53:08-05:00,1,0,0.2,,,True,False,1,0,249.59,0.0,0.004006641750672434,,496005961.0,stanford-crfm/levanter,Python
src/levanter/data/_preprocessor.py,27,callable,ok,src.levanter.data._preprocessor._BatchProcessorActor.process_batch,src.levanter.data._preprocessor._BatchProcessorActor.process_batch,adf4b6d46545f1f95b5eba41dfddcaec68b553c4,2024-10-10T10:53:08-05:00,adf4b6d46545f1f95b5eba41dfddcaec68b553c4,2024-10-10T10:53:08-05:00,1,0,0.2,,,True,False,1,0,249.59,0.0,0.004006641750672434,,496005961.0,stanford-crfm/levanter,Python
src/levanter/data/_preprocessor.py,28,callable,ok,src.levanter.data._preprocessor.BatchProcessorPool.resize_pool,src.levanter.data._preprocessor.BatchProcessorPool.resize_pool,51f9bf1a012a82115aa650adce83f8142c8f3cc0,2024-10-10T23:54:48-07:00,51f9bf1a012a82115aa650adce83f8142c8f3cc0,2024-10-10T23:54:48-07:00,1,0,0.5,,,True,False,1,0,248.96,0.0,0.004016718848369514,,496005961.0,stanford-crfm/levanter,Python
src/levanter/data/_preprocessor.py,29,callable,ok,src.levanter.data._preprocessor.BatchProcessorPool.ensure_max_at_least,src.levanter.data._preprocessor.BatchProcessorPool.ensure_max_at_least,51f9bf1a012a82115aa650adce83f8142c8f3cc0,2024-10-10T23:54:48-07:00,51f9bf1a012a82115aa650adce83f8142c8f3cc0,2024-10-10T23:54:48-07:00,1,0,0.5,,,True,False,1,0,248.96,0.0,0.004016718848369514,,496005961.0,stanford-crfm/levanter,Python
src/levanter/data/_preprocessor.py,0,callable,ok,src.levanter.data._preprocessor.as_record_batch,src.levanter.data._preprocessor.as_record_batch,75739f45c7cc16580f7dbe898d12e555d7ecd40e,2023-10-12T11:36:42-07:00,75739f45c7cc16580f7dbe898d12e555d7ecd40e,2023-10-12T11:36:42-07:00,1,757,0.041666666666666664,,,False,False,1,0,613.47,0.0,0.0016300662704951592,,496005961.0,stanford-crfm/levanter,Python
src/levanter/data/_preprocessor.py,1,callable,ok,src.levanter.data._preprocessor._construct_composite_batch_processor,src.levanter.data._preprocessor._construct_composite_batch_processor,75739f45c7cc16580f7dbe898d12e555d7ecd40e,2023-10-12T11:36:42-07:00,fbe27bc7f3591a6403fef3b2b6c805114e9215f4,2024-09-05T11:10:11-07:00,2,757,0.06060606060606061,,,False,False,2,0,613.47,0.0,0.0032601325409903183,,496005961.0,stanford-crfm/levanter,Python
src/levanter/data/_preprocessor.py,2,callable,ok,src.levanter.data._preprocessor.dict_from_record_batch,src.levanter.data._preprocessor.dict_from_record_batch,75739f45c7cc16580f7dbe898d12e555d7ecd40e,2023-10-12T11:36:42-07:00,fbe27bc7f3591a6403fef3b2b6c805114e9215f4,2024-09-05T11:10:11-07:00,2,757,0.125,,,False,False,2,0,613.47,0.0,0.0032601325409903183,,496005961.0,stanford-crfm/levanter,Python
src/levanter/data/_preprocessor.py,3,callable,ok,src.levanter.data._preprocessor.BatchProcessor.__call__,src.levanter.data._preprocessor.BatchProcessor.__call__,75739f45c7cc16580f7dbe898d12e555d7ecd40e,2023-10-12T11:36:42-07:00,b12d7345824657c401735954cb5a8bb06de903c6,2025-04-20T22:49:45-07:00,4,757,0.5,1.198358969380874,,False,False,4,0,613.47,0.0,0.006520265081980637,,496005961.0,stanford-crfm/levanter,Python
src/levanter/data/_preprocessor.py,4,callable,ok,src.levanter.data._preprocessor.BatchProcessor.resources,src.levanter.data._preprocessor.BatchProcessor.resources,75739f45c7cc16580f7dbe898d12e555d7ecd40e,2023-10-12T11:36:42-07:00,75739f45c7cc16580f7dbe898d12e555d7ecd40e,2023-10-12T11:36:42-07:00,1,757,0.3333333333333333,,,False,False,1,0,613.47,0.0,0.0016300662704951592,,496005961.0,stanford-crfm/levanter,Python
src/levanter/data/_preprocessor.py,5,callable,ok,src.levanter.data._preprocessor.BatchProcessor.num_cpus,src.levanter.data._preprocessor.BatchProcessor.num_cpus,75739f45c7cc16580f7dbe898d12e555d7ecd40e,2023-10-12T11:36:42-07:00,ad85dfa47ec9920fefe355b0459b46b839fb3145,2025-05-18T10:11:30-07:00,2,757,0.6666666666666666,,,False,False,2,0,613.47,0.0,0.0032601325409903183,,496005961.0,stanford-crfm/levanter,Python
src/levanter/data/_preprocessor.py,6,callable,ok,src.levanter.data._preprocessor.BatchProcessor.num_gpus,src.levanter.data._preprocessor.BatchProcessor.num_gpus,75739f45c7cc16580f7dbe898d12e555d7ecd40e,2023-10-12T11:36:42-07:00,75739f45c7cc16580f7dbe898d12e555d7ecd40e,2023-10-12T11:36:42-07:00,1,757,0.5,,,False,False,1,0,613.47,0.0,0.0016300662704951592,,496005961.0,stanford-crfm/levanter,Python
src/levanter/data/_preprocessor.py,8,callable,ok,src.levanter.data._preprocessor._MapTransform.__init__,src.levanter.data._preprocessor._MapTransform.__init__,75739f45c7cc16580f7dbe898d12e555d7ecd40e,2023-10-12T11:36:42-07:00,75739f45c7cc16580f7dbe898d12e555d7ecd40e,2023-10-12T11:36:42-07:00,1,757,0.5,,,False,False,1,0,613.47,0.0,0.0016300662704951592,,496005961.0,stanford-crfm/levanter,Python
src/levanter/data/_preprocessor.py,9,callable,ok,src.levanter.data._preprocessor._BatchMapTransform.__init__,src.levanter.data._preprocessor._BatchMapTransform.__init__,75739f45c7cc16580f7dbe898d12e555d7ecd40e,2023-10-12T11:36:42-07:00,adf4b6d46545f1f95b5eba41dfddcaec68b553c4,2024-10-10T10:53:08-05:00,4,757,0.5714285714285714,0.2838790435536396,,False,False,4,0,613.47,0.0,0.006520265081980637,,496005961.0,stanford-crfm/levanter,Python
src/levanter/data/_preprocessor.py,10,callable,ok,src.levanter.data._preprocessor._CompositeBatchProcessor.__init__,src.levanter.data._preprocessor._CompositeBatchProcessor.__init__,75739f45c7cc16580f7dbe898d12e555d7ecd40e,2023-10-12T11:36:42-07:00,adf4b6d46545f1f95b5eba41dfddcaec68b553c4,2024-10-10T10:53:08-05:00,3,757,0.6,0.1278905123627197,,False,False,3,0,613.47,0.0,0.004890198811485478,,496005961.0,stanford-crfm/levanter,Python
src/levanter/data/_preprocessor.py,11,callable,ok,src.levanter.data._preprocessor._CompositeBatchProcessor.batch_size,src.levanter.data._preprocessor._CompositeBatchProcessor.batch_size,75739f45c7cc16580f7dbe898d12e555d7ecd40e,2023-10-12T11:36:42-07:00,75739f45c7cc16580f7dbe898d12e555d7ecd40e,2023-10-12T11:36:42-07:00,1,757,0.5,,,False,False,1,0,613.47,0.0,0.0016300662704951592,,496005961.0,stanford-crfm/levanter,Python
src/levanter/data/_preprocessor.py,12,callable,ok,src.levanter.data._preprocessor._CompositeBatchProcessor.num_cpus,src.levanter.data._preprocessor._CompositeBatchProcessor.num_cpus,75739f45c7cc16580f7dbe898d12e555d7ecd40e,2023-10-12T11:36:42-07:00,75739f45c7cc16580f7dbe898d12e555d7ecd40e,2023-10-12T11:36:42-07:00,1,757,0.5,,,False,False,1,0,613.47,0.0,0.0016300662704951592,,496005961.0,stanford-crfm/levanter,Python
src/levanter/data/_preprocessor.py,13,callable,ok,src.levanter.data._preprocessor._CompositeBatchProcessor.num_gpus,src.levanter.data._preprocessor._CompositeBatchProcessor.num_gpus,75739f45c7cc16580f7dbe898d12e555d7ecd40e,2023-10-12T11:36:42-07:00,75739f45c7cc16580f7dbe898d12e555d7ecd40e,2023-10-12T11:36:42-07:00,1,757,0.5,,,False,False,1,0,613.47,0.0,0.0016300662704951592,,496005961.0,stanford-crfm/levanter,Python
src/levanter/data/_preprocessor.py,14,callable,ok,src.levanter.data._preprocessor._CompositeBatchProcessor.resources,src.levanter.data._preprocessor._CompositeBatchProcessor.resources,75739f45c7cc16580f7dbe898d12e555d7ecd40e,2023-10-12T11:36:42-07:00,75739f45c7cc16580f7dbe898d12e555d7ecd40e,2023-10-12T11:36:42-07:00,1,757,0.5,,,False,False,1,0,613.47,0.0,0.0016300662704951592,,496005961.0,stanford-crfm/levanter,Python
src/levanter/data/_preprocessor.py,15,callable,ok,src.levanter.data._preprocessor._CompositeBatchProcessor.__call__,src.levanter.data._preprocessor._CompositeBatchProcessor.__call__,75739f45c7cc16580f7dbe898d12e555d7ecd40e,2023-10-12T11:36:42-07:00,63f2f3aa02dcf211a9067e69f7ca6b1a675ac3ee,2024-11-13T15:33:14-08:00,3,757,0.10344827586206896,0.18848366699243704,,False,False,3,0,613.47,0.0,0.004890198811485478,,496005961.0,stanford-crfm/levanter,Python
src/levanter/data/_preprocessor.py,16,callable,ok,src.levanter.data._preprocessor.BatchProcessor.output_exemplar,src.levanter.data._preprocessor.BatchProcessor.output_exemplar,fbe27bc7f3591a6403fef3b2b6c805114e9215f4,2024-09-05T11:10:11-07:00,fbe27bc7f3591a6403fef3b2b6c805114e9215f4,2024-09-05T11:10:11-07:00,1,428,0.2,,,False,False,1,0,284.49,0.0,0.003515057035665339,,496005961.0,stanford-crfm/levanter,Python
src/levanter/data/_preprocessor.py,17,callable,ok,src.levanter.data._preprocessor._CompositeBatchProcessor.output_exemplar,src.levanter.data._preprocessor._CompositeBatchProcessor.output_exemplar,fbe27bc7f3591a6403fef3b2b6c805114e9215f4,2024-09-05T11:10:11-07:00,fbe27bc7f3591a6403fef3b2b6c805114e9215f4,2024-09-05T11:10:11-07:00,1,428,0.5,,,False,False,1,0,284.49,0.0,0.003515057035665339,,496005961.0,stanford-crfm/levanter,Python
src/levanter/data/_preprocessor.py,18,callable,ok,src.levanter.data._preprocessor.BatchProcessor.metadata,src.levanter.data._preprocessor.BatchProcessor.metadata,b41838f35b6ecda8cb9dbdd3c408e14bcb75b0ad,2024-10-03T22:57:36-07:00,b41838f35b6ecda8cb9dbdd3c408e14bcb75b0ad,2024-10-03T22:57:36-07:00,1,399,0.3333333333333333,,,False,False,1,0,256.0,0.0,0.003906263068913986,,496005961.0,stanford-crfm/levanter,Python
src/levanter/data/_preprocessor.py,19,callable,ok,src.levanter.data._preprocessor._CompositeBatchProcessor.metadata,src.levanter.data._preprocessor._CompositeBatchProcessor.metadata,b41838f35b6ecda8cb9dbdd3c408e14bcb75b0ad,2024-10-03T22:57:36-07:00,b41838f35b6ecda8cb9dbdd3c408e14bcb75b0ad,2024-10-03T22:57:36-07:00,1,399,0.5,,,False,False,1,0,256.0,0.0,0.003906263068913986,,496005961.0,stanford-crfm/levanter,Python
src/levanter/data/_preprocessor.py,21,callable,ok,src.levanter.data._preprocessor._canonicalize_batch,src.levanter.data._preprocessor._canonicalize_batch,adf4b6d46545f1f95b5eba41dfddcaec68b553c4,2024-10-10T10:53:08-05:00,adf4b6d46545f1f95b5eba41dfddcaec68b553c4,2024-10-10T10:53:08-05:00,1,393,0.125,,,False,False,1,0,249.59,0.0,0.004006641750672434,,496005961.0,stanford-crfm/levanter,Python
src/levanter/data/_preprocessor.py,22,callable,ok,src.levanter.data._preprocessor._to_list_of_dicts,src.levanter.data._preprocessor._to_list_of_dicts,adf4b6d46545f1f95b5eba41dfddcaec68b553c4,2024-10-10T10:53:08-05:00,adf4b6d46545f1f95b5eba41dfddcaec68b553c4,2024-10-10T10:53:08-05:00,1,393,0.125,,,False,False,1,0,249.59,0.0,0.004006641750672434,,496005961.0,stanford-crfm/levanter,Python
src/levanter/data/_preprocessor.py,30,callable,ok,src.levanter.data._preprocessor.IdentityProcessor.__init__,src.levanter.data._preprocessor.IdentityProcessor.__init__,ad85dfa47ec9920fefe355b0459b46b839fb3145,2025-05-18T10:11:30-07:00,ad85dfa47ec9920fefe355b0459b46b839fb3145,2025-05-18T10:11:30-07:00,1,173,0.5,,,False,False,1,0,29.53,0.0,0.033862540035398896,,496005961.0,stanford-crfm/levanter,Python
src/levanter/data/_preprocessor.py,31,callable,ok,src.levanter.data._preprocessor.IdentityProcessor.__call__,src.levanter.data._preprocessor.IdentityProcessor.__call__,ad85dfa47ec9920fefe355b0459b46b839fb3145,2025-05-18T10:11:30-07:00,ad85dfa47ec9920fefe355b0459b46b839fb3145,2025-05-18T10:11:30-07:00,1,173,0.5,,,False,False,1,0,29.53,0.0,0.033862540035398896,,496005961.0,stanford-crfm/levanter,Python
src/levanter/data/_preprocessor.py,32,callable,ok,src.levanter.data._preprocessor.IdentityProcessor.output_exemplar,src.levanter.data._preprocessor.IdentityProcessor.output_exemplar,ad85dfa47ec9920fefe355b0459b46b839fb3145,2025-05-18T10:11:30-07:00,ad85dfa47ec9920fefe355b0459b46b839fb3145,2025-05-18T10:11:30-07:00,1,173,0.5,,,False,False,1,0,29.53,0.0,0.033862540035398896,,496005961.0,stanford-crfm/levanter,Python
src/levanter/data/_preprocessor.py,33,callable,ok,src.levanter.data._preprocessor.IdentityProcessor.num_cpus,src.levanter.data._preprocessor.IdentityProcessor.num_cpus,ad85dfa47ec9920fefe355b0459b46b839fb3145,2025-05-18T10:11:30-07:00,ad85dfa47ec9920fefe355b0459b46b839fb3145,2025-05-18T10:11:30-07:00,1,173,0.5,,,False,False,1,0,29.53,0.0,0.033862540035398896,,496005961.0,stanford-crfm/levanter,Python
src/levanter/data/_preprocessor.py,34,callable,ok,src.levanter.data._preprocessor.IdentityProcessor.metadata,src.levanter.data._preprocessor.IdentityProcessor.metadata,ad85dfa47ec9920fefe355b0459b46b839fb3145,2025-05-18T10:11:30-07:00,ad85dfa47ec9920fefe355b0459b46b839fb3145,2025-05-18T10:11:30-07:00,1,173,0.5,,,False,False,1,0,29.53,0.0,0.033862540035398896,,496005961.0,stanford-crfm/levanter,Python
src/levanter/data/audio.py,5,class,ok,src.levanter.data.audio.AudioTextExample,src.levanter.data.audio.AudioTextExample,cde114d1629c7224167d2cfc300d94406f12cefd,2024-03-11T14:31:32-04:00,cde114d1629c7224167d2cfc300d94406f12cefd,2024-03-11T14:31:32-04:00,1,0,0.030303030303030304,,,True,False,1,0,462.48,0.0,0.002162276336413159,,496005961.0,stanford-crfm/levanter,Python
src/levanter/data/audio.py,0,class,ok,src.levanter.data.audio.BatchAudioProcessor,src.levanter.data.audio.BatchAudioProcessor,cde114d1629c7224167d2cfc300d94406f12cefd,2024-03-11T14:31:32-04:00,b12d7345824657c401735954cb5a8bb06de903c6,2025-04-20T22:49:45-07:00,5,606,0.0641025641025641,1.365156747098691,,False,False,5,0,462.48,0.0,0.010811381682065795,,496005961.0,stanford-crfm/levanter,Python
src/levanter/data/audio.py,1,class,ok,src.levanter.data.audio.AudioDatasetSourceConfig,src.levanter.data.audio.AudioDatasetSourceConfig,cde114d1629c7224167d2cfc300d94406f12cefd,2024-03-11T14:31:32-04:00,36b29fd56c8191ee8e906ddd0b95eac17964e902,2024-10-08T20:49:34-04:00,4,606,0.0547945205479452,0.8313603954439361,,False,False,4,0,462.48,0.0,0.008649105345652636,,496005961.0,stanford-crfm/levanter,Python
src/levanter/data/audio.py,2,class,ok,src.levanter.data.audio.AudioTaskConfig,src.levanter.data.audio.AudioTaskConfig,cde114d1629c7224167d2cfc300d94406f12cefd,2024-03-11T14:31:32-04:00,36b29fd56c8191ee8e906ddd0b95eac17964e902,2024-10-08T20:49:34-04:00,6,606,0.14634146341463414,0.9008449327185458,,False,False,6,0,462.48,0.0,0.012973658018478954,,496005961.0,stanford-crfm/levanter,Python
src/levanter/data/audio.py,3,class,ok,src.levanter.data.audio.ProcessedAudioCache,src.levanter.data.audio.ProcessedAudioCache,cde114d1629c7224167d2cfc300d94406f12cefd,2024-03-11T14:31:32-04:00,74b4108e7f4f45eb9e2c262f21232458554255f2,2024-11-07T21:42:57-08:00,7,606,0.08139534883720931,2.029060053035062,,False,False,7,0,462.48,0.0,0.015135934354892112,,496005961.0,stanford-crfm/levanter,Python
src/levanter/data/audio.py,4,class,ok,src.levanter.data.audio.AudioIODatasetConfig,src.levanter.data.audio.AudioIODatasetConfig,cde114d1629c7224167d2cfc300d94406f12cefd,2024-03-11T14:31:32-04:00,36b29fd56c8191ee8e906ddd0b95eac17964e902,2024-10-08T20:49:34-04:00,5,606,0.05952380952380952,0.8574048820558846,,False,False,5,0,462.48,0.0,0.010811381682065795,,496005961.0,stanford-crfm/levanter,Python
src/levanter/data/audio.py,6,class,ok,src.levanter.data.audio.AudioTextDataset,src.levanter.data.audio.AudioTextDataset,cde114d1629c7224167d2cfc300d94406f12cefd,2024-03-11T14:31:32-04:00,a1508101db0b6f274c5fecd7cf90d6d4eecba246,2025-09-25T12:03:12-07:00,5,606,0.17857142857142858,1.4170705430392414,,False,False,4,1,462.48,100.55,0.008649105345652636,0.009945655739875056,496005961.0,stanford-crfm/levanter,Python
src/levanter/data/audio.py,7,class,ok,src.levanter.data.audio.AudioMixtureDatasetConfig,src.levanter.data.audio.AudioMixtureDatasetConfig,36b29fd56c8191ee8e906ddd0b95eac17964e902,2024-10-08T20:49:34-04:00,36b29fd56c8191ee8e906ddd0b95eac17964e902,2024-10-08T20:49:34-04:00,1,394,0.007462686567164179,,,False,False,1,0,251.21,0.0,0.0039806848325956165,,496005961.0,stanford-crfm/levanter,Python
src/levanter/data/audio.py,24,callable,ok,src.levanter.data.audio.AudioTextExample.init,src.levanter.data.audio.AudioTextExample.init,cde114d1629c7224167d2cfc300d94406f12cefd,2024-03-11T14:31:32-04:00,cde114d1629c7224167d2cfc300d94406f12cefd,2024-03-11T14:31:32-04:00,1,0,0.038461538461538464,,,True,False,1,0,462.48,0.0,0.002162276336413159,,496005961.0,stanford-crfm/levanter,Python
src/levanter/data/audio.py,14,callable,ok,src.levanter.data.audio.ProcessedAudioCache.__iter__,src.levanter.data.audio.ProcessedAudioCache.__iter__,cde114d1629c7224167d2cfc300d94406f12cefd,2024-03-11T14:31:32-04:00,cde114d1629c7224167d2cfc300d94406f12cefd,2024-03-11T14:31:32-04:00,1,0,0.125,,,True,False,1,0,462.48,0.0,0.002162276336413159,,496005961.0,stanford-crfm/levanter,Python
src/levanter/data/audio.py,15,callable,ok,src.levanter.data.audio.ProcessedAudioCache._chunks,src.levanter.data.audio.ProcessedAudioCache._chunks,cde114d1629c7224167d2cfc300d94406f12cefd,2024-03-11T14:31:32-04:00,cde114d1629c7224167d2cfc300d94406f12cefd,2024-03-11T14:31:32-04:00,1,0,0.5,,,True,False,1,0,462.48,0.0,0.002162276336413159,,496005961.0,stanford-crfm/levanter,Python
src/levanter/data/audio.py,18,callable,ok,src.levanter.data.audio.ProcessedAudioCache.shard,src.levanter.data.audio.ProcessedAudioCache.shard,cde114d1629c7224167d2cfc300d94406f12cefd,2024-03-11T14:31:32-04:00,cde114d1629c7224167d2cfc300d94406f12cefd,2024-03-11T14:31:32-04:00,1,0,0.125,,,True,False,1,0,462.48,0.0,0.002162276336413159,,496005961.0,stanford-crfm/levanter,Python
src/levanter/data/audio.py,26,callable,ok,src.levanter.data.audio.AudioTextDataset.shard,src.levanter.data.audio.AudioTextDataset.shard,cde114d1629c7224167d2cfc300d94406f12cefd,2024-03-11T14:31:32-04:00,cde114d1629c7224167d2cfc300d94406f12cefd,2024-03-11T14:31:32-04:00,1,0,0.1111111111111111,,,True,False,1,0,462.48,0.0,0.002162276336413159,,496005961.0,stanford-crfm/levanter,Python
src/levanter/data/audio.py,27,callable,ok,src.levanter.data.audio.AudioTextDataset.__iter__,src.levanter.data.audio.AudioTextDataset.__iter__,cde114d1629c7224167d2cfc300d94406f12cefd,2024-03-11T14:31:32-04:00,19829c2c360cc1b8e7975f540e612845e4877a69,2024-03-15T19:01:24-04:00,2,4,0.13333333333333333,,,True,False,2,0,462.48,0.0,0.004324552672826318,,496005961.0,stanford-crfm/levanter,Python
src/levanter/data/audio.py,4,callable,ok,src.levanter.data.audio.BatchAudioProcessor.batch_size,src.levanter.data.audio.BatchAudioProcessor.batch_size,cde114d1629c7224167d2cfc300d94406f12cefd,2024-03-11T14:31:32-04:00,cde114d1629c7224167d2cfc300d94406f12cefd,2024-03-11T14:31:32-04:00,1,0,0.5,,,True,False,1,0,462.48,0.0,0.002162276336413159,,496005961.0,stanford-crfm/levanter,Python
src/levanter/data/audio.py,0,callable,ok,src.levanter.data.audio.BatchAudioProcessor.__init__,src.levanter.data.audio.BatchAudioProcessor.__init__,cde114d1629c7224167d2cfc300d94406f12cefd,2024-03-11T14:31:32-04:00,b12d7345824657c401735954cb5a8bb06de903c6,2025-04-20T22:49:45-07:00,4,606,0.17391304347826086,1.0725796031527053,,False,False,4,0,462.48,0.0,0.008649105345652636,,496005961.0,stanford-crfm/levanter,Python
src/levanter/data/audio.py,1,callable,ok,src.levanter.data.audio.BatchAudioProcessor.__call__,src.levanter.data.audio.BatchAudioProcessor.__call__,cde114d1629c7224167d2cfc300d94406f12cefd,2024-03-11T14:31:32-04:00,fbe27bc7f3591a6403fef3b2b6c805114e9215f4,2024-09-05T11:10:11-07:00,2,606,0.06896551724137931,,,False,False,2,0,462.48,0.0,0.004324552672826318,,496005961.0,stanford-crfm/levanter,Python
src/levanter/data/audio.py,2,callable,ok,src.levanter.data.audio.BatchAudioProcessor.num_cpus,src.levanter.data.audio.BatchAudioProcessor.num_cpus,cde114d1629c7224167d2cfc300d94406f12cefd,2024-03-11T14:31:32-04:00,cde114d1629c7224167d2cfc300d94406f12cefd,2024-03-11T14:31:32-04:00,1,606,0.3333333333333333,,,False,False,1,0,462.48,0.0,0.002162276336413159,,496005961.0,stanford-crfm/levanter,Python
src/levanter/data/audio.py,3,callable,ok,src.levanter.data.audio.BatchAudioProcessor.num_gpus,src.levanter.data.audio.BatchAudioProcessor.num_gpus,cde114d1629c7224167d2cfc300d94406f12cefd,2024-03-11T14:31:32-04:00,cde114d1629c7224167d2cfc300d94406f12cefd,2024-03-11T14:31:32-04:00,1,606,0.5,,,False,False,1,0,462.48,0.0,0.002162276336413159,,496005961.0,stanford-crfm/levanter,Python
src/levanter/data/audio.py,5,callable,ok,src.levanter.data.audio.AudioDatasetSourceConfig.get_shard_source,src.levanter.data.audio.AudioDatasetSourceConfig.get_shard_source,cde114d1629c7224167d2cfc300d94406f12cefd,2024-03-11T14:31:32-04:00,fbe27bc7f3591a6403fef3b2b6c805114e9215f4,2024-09-05T11:10:11-07:00,2,606,0.07407407407407407,,,False,False,2,0,462.48,0.0,0.004324552672826318,,496005961.0,stanford-crfm/levanter,Python
src/levanter/data/audio.py,6,callable,ok,src.levanter.data.audio.AudioDatasetSourceConfig.doc_iterator,src.levanter.data.audio.AudioDatasetSourceConfig.doc_iterator,cde114d1629c7224167d2cfc300d94406f12cefd,2024-03-11T14:31:32-04:00,fbe27bc7f3591a6403fef3b2b6c805114e9215f4,2024-09-05T11:10:11-07:00,2,606,0.2222222222222222,,,False,False,2,0,462.48,0.0,0.004324552672826318,,496005961.0,stanford-crfm/levanter,Python
src/levanter/data/audio.py,7,callable,ok,src.levanter.data.audio.AudioDatasetSourceConfig.urls_for_split,src.levanter.data.audio.AudioDatasetSourceConfig.urls_for_split,cde114d1629c7224167d2cfc300d94406f12cefd,2024-03-11T14:31:32-04:00,cde114d1629c7224167d2cfc300d94406f12cefd,2024-03-11T14:31:32-04:00,1,606,0.058823529411764705,,,False,False,1,0,462.48,0.0,0.002162276336413159,,496005961.0,stanford-crfm/levanter,Python
src/levanter/data/audio.py,8,callable,ok,src.levanter.data.audio.AudioTaskConfig.the_processor,src.levanter.data.audio.AudioTaskConfig.the_processor,cde114d1629c7224167d2cfc300d94406f12cefd,2024-03-11T14:31:32-04:00,ea4ea25e40814f3761b16f58074e5bfe3f1b0599,2024-09-04T10:12:20-07:00,2,606,1.0,,,False,False,2,0,462.48,0.0,0.004324552672826318,,496005961.0,stanford-crfm/levanter,Python
src/levanter/data/audio.py,9,callable,ok,src.levanter.data.audio.AudioTaskConfig.the_tokenizer,src.levanter.data.audio.AudioTaskConfig.the_tokenizer,cde114d1629c7224167d2cfc300d94406f12cefd,2024-03-11T14:31:32-04:00,19829c2c360cc1b8e7975f540e612845e4877a69,2024-03-15T19:01:24-04:00,2,606,0.4,,,False,False,2,0,462.48,0.0,0.004324552672826318,,496005961.0,stanford-crfm/levanter,Python
src/levanter/data/audio.py,10,callable,ok,src.levanter.data.audio.AudioTaskConfig.the_feature_extractor,src.levanter.data.audio.AudioTaskConfig.the_feature_extractor,cde114d1629c7224167d2cfc300d94406f12cefd,2024-03-11T14:31:32-04:00,fbe27bc7f3591a6403fef3b2b6c805114e9215f4,2024-09-05T11:10:11-07:00,2,606,1.0,,,False,False,2,0,462.48,0.0,0.004324552672826318,,496005961.0,stanford-crfm/levanter,Python
src/levanter/data/audio.py,11,callable,ok,src.levanter.data.audio.AudioTaskConfig.train_set,src.levanter.data.audio.AudioTaskConfig.train_set,cde114d1629c7224167d2cfc300d94406f12cefd,2024-03-11T14:31:32-04:00,36b29fd56c8191ee8e906ddd0b95eac17964e902,2024-10-08T20:49:34-04:00,4,606,0.5,0.7219263409169616,,False,False,4,0,462.48,0.0,0.008649105345652636,,496005961.0,stanford-crfm/levanter,Python
src/levanter/data/audio.py,12,callable,ok,src.levanter.data.audio.AudioTaskConfig.validation_sets,src.levanter.data.audio.AudioTaskConfig.validation_sets,cde114d1629c7224167d2cfc300d94406f12cefd,2024-03-11T14:31:32-04:00,fbe27bc7f3591a6403fef3b2b6c805114e9215f4,2024-09-05T11:10:11-07:00,2,606,0.5,,,False,False,2,0,462.48,0.0,0.004324552672826318,,496005961.0,stanford-crfm/levanter,Python
src/levanter/data/audio.py,13,callable,ok,src.levanter.data.audio.ProcessedAudioCache.__init__,src.levanter.data.audio.ProcessedAudioCache.__init__,cde114d1629c7224167d2cfc300d94406f12cefd,2024-03-11T14:31:32-04:00,74b4108e7f4f45eb9e2c262f21232458554255f2,2024-11-07T21:42:57-08:00,3,606,1.0,0.8310886409226974,,False,False,3,0,462.48,0.0,0.006486829009239477,,496005961.0,stanford-crfm/levanter,Python
src/levanter/data/audio.py,16,callable,ok,src.levanter.data.audio.ProcessedAudioCache.build_or_load,src.levanter.data.audio.ProcessedAudioCache.build_or_load,cde114d1629c7224167d2cfc300d94406f12cefd,2024-03-11T14:31:32-04:00,adf4b6d46545f1f95b5eba41dfddcaec68b553c4,2024-10-10T10:53:08-05:00,6,606,0.17647058823529413,1.7064220477484857,,False,False,6,0,462.48,0.0,0.012973658018478954,,496005961.0,stanford-crfm/levanter,Python
src/levanter/data/audio.py,17,callable,ok,src.levanter.data.audio.ProcessedAudioCache.load,src.levanter.data.audio.ProcessedAudioCache.load,cde114d1629c7224167d2cfc300d94406f12cefd,2024-03-11T14:31:32-04:00,b41838f35b6ecda8cb9dbdd3c408e14bcb75b0ad,2024-10-03T22:57:36-07:00,3,606,0.15,0.578945101389581,,False,False,3,0,462.48,0.0,0.006486829009239477,,496005961.0,stanford-crfm/levanter,Python
src/levanter/data/audio.py,19,callable,ok,src.levanter.data.audio.AudioIODatasetConfig.train_set,src.levanter.data.audio.AudioIODatasetConfig.train_set,cde114d1629c7224167d2cfc300d94406f12cefd,2024-03-11T14:31:32-04:00,36b29fd56c8191ee8e906ddd0b95eac17964e902,2024-10-08T20:49:34-04:00,3,606,0.2727272727272727,0.15609706404602444,,False,False,3,0,462.48,0.0,0.006486829009239477,,496005961.0,stanford-crfm/levanter,Python
src/levanter/data/audio.py,20,callable,ok,src.levanter.data.audio.AudioIODatasetConfig.validation_set,src.levanter.data.audio.AudioIODatasetConfig.validation_set,cde114d1629c7224167d2cfc300d94406f12cefd,2024-03-11T14:31:32-04:00,fbe27bc7f3591a6403fef3b2b6c805114e9215f4,2024-09-05T11:10:11-07:00,2,606,1.0,,,False,False,2,0,462.48,0.0,0.004324552672826318,,496005961.0,stanford-crfm/levanter,Python
src/levanter/data/audio.py,21,callable,ok,src.levanter.data.audio.AudioIODatasetConfig.validation_sets,src.levanter.data.audio.AudioIODatasetConfig.validation_sets,cde114d1629c7224167d2cfc300d94406f12cefd,2024-03-11T14:31:32-04:00,fbe27bc7f3591a6403fef3b2b6c805114e9215f4,2024-09-05T11:10:11-07:00,2,606,0.3333333333333333,,,False,False,2,0,462.48,0.0,0.004324552672826318,,496005961.0,stanford-crfm/levanter,Python
src/levanter/data/audio.py,22,callable,ok,src.levanter.data.audio.AudioIODatasetConfig._has_validation_set,src.levanter.data.audio.AudioIODatasetConfig._has_validation_set,cde114d1629c7224167d2cfc300d94406f12cefd,2024-03-11T14:31:32-04:00,19829c2c360cc1b8e7975f540e612845e4877a69,2024-03-15T19:01:24-04:00,2,606,0.13333333333333333,,,False,False,2,0,462.48,0.0,0.004324552672826318,,496005961.0,stanford-crfm/levanter,Python
src/levanter/data/audio.py,23,callable,ok,src.levanter.data.audio.AudioIODatasetConfig.build_or_load_cache,src.levanter.data.audio.AudioIODatasetConfig.build_or_load_cache,cde114d1629c7224167d2cfc300d94406f12cefd,2024-03-11T14:31:32-04:00,b41838f35b6ecda8cb9dbdd3c408e14bcb75b0ad,2024-10-03T22:57:36-07:00,4,606,0.09523809523809523,0.7175640116190651,,False,False,4,0,462.48,0.0,0.008649105345652636,,496005961.0,stanford-crfm/levanter,Python
src/levanter/data/audio.py,25,callable,ok,src.levanter.data.audio.AudioTextDataset.__init__,src.levanter.data.audio.AudioTextDataset.__init__,cde114d1629c7224167d2cfc300d94406f12cefd,2024-03-11T14:31:32-04:00,a1508101db0b6f274c5fecd7cf90d6d4eecba246,2025-09-25T12:03:12-07:00,4,606,0.14814814814814814,1.36623498260974,,False,False,3,1,462.48,100.55,0.006486829009239477,0.009945655739875056,496005961.0,stanford-crfm/levanter,Python
src/levanter/data/audio.py,28,callable,ok,src.levanter.data.audio.AudioTaskConfig.pad_token_id,src.levanter.data.audio.AudioTaskConfig.pad_token_id,19829c2c360cc1b8e7975f540e612845e4877a69,2024-03-15T19:01:24-04:00,19829c2c360cc1b8e7975f540e612845e4877a69,2024-03-15T19:01:24-04:00,1,601,0.5,,,False,False,1,0,458.29,0.0,0.0021820331892299085,,496005961.0,stanford-crfm/levanter,Python
src/levanter/data/audio.py,29,callable,ok,src.levanter.data.audio.BatchAudioProcessor.output_exemplar,src.levanter.data.audio.BatchAudioProcessor.output_exemplar,fbe27bc7f3591a6403fef3b2b6c805114e9215f4,2024-09-05T11:10:11-07:00,fbe27bc7f3591a6403fef3b2b6c805114e9215f4,2024-09-05T11:10:11-07:00,1,428,0.5,,,False,False,1,0,284.49,0.0,0.003515057035665339,,496005961.0,stanford-crfm/levanter,Python
src/levanter/data/audio.py,30,callable,ok,src.levanter.data.audio.ProcessedAudioCache.async_len,src.levanter.data.audio.ProcessedAudioCache.async_len,fbe27bc7f3591a6403fef3b2b6c805114e9215f4,2024-09-05T11:10:11-07:00,fbe27bc7f3591a6403fef3b2b6c805114e9215f4,2024-09-05T11:10:11-07:00,1,428,0.5,,,False,False,1,0,284.49,0.0,0.003515057035665339,,496005961.0,stanford-crfm/levanter,Python
src/levanter/data/audio.py,31,callable,ok,src.levanter.data.audio.ProcessedAudioCache.final_length_is_known,src.levanter.data.audio.ProcessedAudioCache.final_length_is_known,fbe27bc7f3591a6403fef3b2b6c805114e9215f4,2024-09-05T11:10:11-07:00,fbe27bc7f3591a6403fef3b2b6c805114e9215f4,2024-09-05T11:10:11-07:00,1,428,0.5,,,False,False,1,0,284.49,0.0,0.003515057035665339,,496005961.0,stanford-crfm/levanter,Python
src/levanter/data/audio.py,32,callable,ok,src.levanter.data.audio.ProcessedAudioCache.is_finite,src.levanter.data.audio.ProcessedAudioCache.is_finite,fbe27bc7f3591a6403fef3b2b6c805114e9215f4,2024-09-05T11:10:11-07:00,fbe27bc7f3591a6403fef3b2b6c805114e9215f4,2024-09-05T11:10:11-07:00,1,428,0.5,,,False,False,1,0,284.49,0.0,0.003515057035665339,,496005961.0,stanford-crfm/levanter,Python
src/levanter/data/audio.py,33,callable,ok,src.levanter.data.audio.ProcessedAudioCache.current_len,src.levanter.data.audio.ProcessedAudioCache.current_len,fbe27bc7f3591a6403fef3b2b6c805114e9215f4,2024-09-05T11:10:11-07:00,fbe27bc7f3591a6403fef3b2b6c805114e9215f4,2024-09-05T11:10:11-07:00,1,428,0.5,,,False,False,1,0,284.49,0.0,0.003515057035665339,,496005961.0,stanford-crfm/levanter,Python
src/levanter/data/audio.py,34,callable,ok,src.levanter.data.audio.ProcessedAudioCache.get_batch,src.levanter.data.audio.ProcessedAudioCache.get_batch,fbe27bc7f3591a6403fef3b2b6c805114e9215f4,2024-09-05T11:10:11-07:00,fbe27bc7f3591a6403fef3b2b6c805114e9215f4,2024-09-05T11:10:11-07:00,1,428,0.5,,,False,False,1,0,284.49,0.0,0.003515057035665339,,496005961.0,stanford-crfm/levanter,Python
src/levanter/data/audio.py,35,callable,ok,src.levanter.data.audio.BatchAudioProcessor.metadata,src.levanter.data.audio.BatchAudioProcessor.metadata,b41838f35b6ecda8cb9dbdd3c408e14bcb75b0ad,2024-10-03T22:57:36-07:00,b41838f35b6ecda8cb9dbdd3c408e14bcb75b0ad,2024-10-03T22:57:36-07:00,1,399,0.2,,,False,False,1,0,256.0,0.0,0.003906263068913986,,496005961.0,stanford-crfm/levanter,Python
src/levanter/data/audio.py,36,callable,ok,src.levanter.data.audio.AudioMixtureDatasetConfig.__post_init__,src.levanter.data.audio.AudioMixtureDatasetConfig.__post_init__,36b29fd56c8191ee8e906ddd0b95eac17964e902,2024-10-08T20:49:34-04:00,36b29fd56c8191ee8e906ddd0b95eac17964e902,2024-10-08T20:49:34-04:00,1,394,0.1111111111111111,,,False,False,1,0,251.21,0.0,0.0039806848325956165,,496005961.0,stanford-crfm/levanter,Python
src/levanter/data/audio.py,37,callable,ok,src.levanter.data.audio.AudioMixtureDatasetConfig.train_set,src.levanter.data.audio.AudioMixtureDatasetConfig.train_set,36b29fd56c8191ee8e906ddd0b95eac17964e902,2024-10-08T20:49:34-04:00,36b29fd56c8191ee8e906ddd0b95eac17964e902,2024-10-08T20:49:34-04:00,1,394,0.025,,,False,False,1,0,251.21,0.0,0.0039806848325956165,,496005961.0,stanford-crfm/levanter,Python
src/levanter/data/audio.py,38,callable,ok,src.levanter.data.audio.AudioMixtureDatasetConfig.training_sets,src.levanter.data.audio.AudioMixtureDatasetConfig.training_sets,36b29fd56c8191ee8e906ddd0b95eac17964e902,2024-10-08T20:49:34-04:00,36b29fd56c8191ee8e906ddd0b95eac17964e902,2024-10-08T20:49:34-04:00,1,394,0.3333333333333333,,,False,False,1,0,251.21,0.0,0.0039806848325956165,,496005961.0,stanford-crfm/levanter,Python
src/levanter/data/audio.py,39,callable,ok,src.levanter.data.audio.AudioMixtureDatasetConfig.validation_sets,src.levanter.data.audio.AudioMixtureDatasetConfig.validation_sets,36b29fd56c8191ee8e906ddd0b95eac17964e902,2024-10-08T20:49:34-04:00,36b29fd56c8191ee8e906ddd0b95eac17964e902,2024-10-08T20:49:34-04:00,1,394,0.2,,,False,False,1,0,251.21,0.0,0.0039806848325956165,,496005961.0,stanford-crfm/levanter,Python
src/levanter/data/audio.py,40,callable,ok,src.levanter.data.audio.AudioMixtureDatasetConfig.build_caches,src.levanter.data.audio.AudioMixtureDatasetConfig.build_caches,36b29fd56c8191ee8e906ddd0b95eac17964e902,2024-10-08T20:49:34-04:00,36b29fd56c8191ee8e906ddd0b95eac17964e902,2024-10-08T20:49:34-04:00,1,394,0.019230769230769232,,,False,False,1,0,251.21,0.0,0.0039806848325956165,,496005961.0,stanford-crfm/levanter,Python
src/levanter/data/audio.py,41,callable,ok,src.levanter.data.audio.AudioMixtureDatasetConfig.sources,src.levanter.data.audio.AudioMixtureDatasetConfig.sources,36b29fd56c8191ee8e906ddd0b95eac17964e902,2024-10-08T20:49:34-04:00,36b29fd56c8191ee8e906ddd0b95eac17964e902,2024-10-08T20:49:34-04:00,1,394,0.5,,,False,False,1,0,251.21,0.0,0.0039806848325956165,,496005961.0,stanford-crfm/levanter,Python
src/levanter/data/loader.py,0,class,ok,src.levanter.data.loader.BatchLoader,src.levanter.data.loader.BatchLoader,6d4d9eb89888765ba560eb2739d18edb09986c9e,2023-06-08T16:40:46-07:00,6d4d9eb89888765ba560eb2739d18edb09986c9e,2023-06-08T16:40:46-07:00,1,882,0.1111111111111111,,,False,False,1,0,739.26,0.0,0.001352702530568259,,496005961.0,stanford-crfm/levanter,Python
src/levanter/data/loader.py,1,class,ok,src.levanter.data.loader.ShardedBatchLoader,src.levanter.data.loader.ShardedBatchLoader,6d4d9eb89888765ba560eb2739d18edb09986c9e,2023-06-08T16:40:46-07:00,6d4d9eb89888765ba560eb2739d18edb09986c9e,2023-06-08T16:40:46-07:00,1,882,0.006622516556291391,,,False,False,1,0,739.26,0.0,0.001352702530568259,,496005961.0,stanford-crfm/levanter,Python
src/levanter/data/loader.py,2,class,ok,src.levanter.data.loader.ReplicatedBatchLoader,src.levanter.data.loader.ReplicatedBatchLoader,6d4d9eb89888765ba560eb2739d18edb09986c9e,2023-06-08T16:40:46-07:00,6d4d9eb89888765ba560eb2739d18edb09986c9e,2023-06-08T16:40:46-07:00,1,882,0.017241379310344827,,,False,False,1,0,739.26,0.0,0.001352702530568259,,496005961.0,stanford-crfm/levanter,Python
src/levanter/data/loader.py,0,callable,ok,src.levanter.data.loader._batchify_item_shape,src.levanter.data.loader._batchify_item_shape,6d4d9eb89888765ba560eb2739d18edb09986c9e,2023-06-08T16:40:46-07:00,6d4d9eb89888765ba560eb2739d18edb09986c9e,2023-06-08T16:40:46-07:00,1,882,0.1,,,False,False,1,0,739.26,0.0,0.001352702530568259,,496005961.0,stanford-crfm/levanter,Python
src/levanter/data/loader.py,1,callable,ok,src.levanter.data.loader.check_sharded_consistency,src.levanter.data.loader.check_sharded_consistency,6d4d9eb89888765ba560eb2739d18edb09986c9e,2023-06-08T16:40:46-07:00,6d4d9eb89888765ba560eb2739d18edb09986c9e,2023-06-08T16:40:46-07:00,1,882,0.016666666666666666,,,False,False,1,0,739.26,0.0,0.001352702530568259,,496005961.0,stanford-crfm/levanter,Python
src/levanter/data/loader.py,2,callable,ok,src.levanter.data.loader.BatchLoader.__iter__,src.levanter.data.loader.BatchLoader.__iter__,6d4d9eb89888765ba560eb2739d18edb09986c9e,2023-06-08T16:40:46-07:00,6d4d9eb89888765ba560eb2739d18edb09986c9e,2023-06-08T16:40:46-07:00,1,882,0.5,,,False,False,1,0,739.26,0.0,0.001352702530568259,,496005961.0,stanford-crfm/levanter,Python
src/levanter/data/loader.py,3,callable,ok,src.levanter.data.loader.BatchLoader.batch_size,src.levanter.data.loader.BatchLoader.batch_size,6d4d9eb89888765ba560eb2739d18edb09986c9e,2023-06-08T16:40:46-07:00,6d4d9eb89888765ba560eb2739d18edb09986c9e,2023-06-08T16:40:46-07:00,1,882,0.5,,,False,False,1,0,739.26,0.0,0.001352702530568259,,496005961.0,stanford-crfm/levanter,Python
src/levanter/data/loader.py,4,callable,ok,src.levanter.data.loader.ShardedBatchLoader.__init__,src.levanter.data.loader.ShardedBatchLoader.__init__,6d4d9eb89888765ba560eb2739d18edb09986c9e,2023-06-08T16:40:46-07:00,6d4d9eb89888765ba560eb2739d18edb09986c9e,2023-06-08T16:40:46-07:00,1,882,0.04,,,False,False,1,0,739.26,0.0,0.001352702530568259,,496005961.0,stanford-crfm/levanter,Python
src/levanter/data/loader.py,5,callable,ok,src.levanter.data.loader.ShardedBatchLoader.__iter__,src.levanter.data.loader.ShardedBatchLoader.__iter__,6d4d9eb89888765ba560eb2739d18edb09986c9e,2023-06-08T16:40:46-07:00,6d4d9eb89888765ba560eb2739d18edb09986c9e,2023-06-08T16:40:46-07:00,1,882,0.015384615384615385,,,False,False,1,0,739.26,0.0,0.001352702530568259,,496005961.0,stanford-crfm/levanter,Python
src/levanter/data/loader.py,6,callable,ok,src.levanter.data.loader.ShardedBatchLoader._pspec_for,src.levanter.data.loader.ShardedBatchLoader._pspec_for,6d4d9eb89888765ba560eb2739d18edb09986c9e,2023-06-08T16:40:46-07:00,6d4d9eb89888765ba560eb2739d18edb09986c9e,2023-06-08T16:40:46-07:00,1,882,0.16666666666666666,,,False,False,1,0,739.26,0.0,0.001352702530568259,,496005961.0,stanford-crfm/levanter,Python
src/levanter/data/loader.py,7,callable,ok,src.levanter.data.loader.ShardedBatchLoader._get_begin_end_for_slice,src.levanter.data.loader.ShardedBatchLoader._get_begin_end_for_slice,6d4d9eb89888765ba560eb2739d18edb09986c9e,2023-06-08T16:40:46-07:00,6d4d9eb89888765ba560eb2739d18edb09986c9e,2023-06-08T16:40:46-07:00,1,882,0.14285714285714285,,,False,False,1,0,739.26,0.0,0.001352702530568259,,496005961.0,stanford-crfm/levanter,Python
src/levanter/data/loader.py,8,callable,ok,src.levanter.data.loader.ShardedBatchLoader.item_shape,src.levanter.data.loader.ShardedBatchLoader.item_shape,6d4d9eb89888765ba560eb2739d18edb09986c9e,2023-06-08T16:40:46-07:00,6d4d9eb89888765ba560eb2739d18edb09986c9e,2023-06-08T16:40:46-07:00,1,882,0.5,,,False,False,1,0,739.26,0.0,0.001352702530568259,,496005961.0,stanford-crfm/levanter,Python
src/levanter/data/loader.py,9,callable,ok,src.levanter.data.loader.ShardedBatchLoader.batch_size,src.levanter.data.loader.ShardedBatchLoader.batch_size,6d4d9eb89888765ba560eb2739d18edb09986c9e,2023-06-08T16:40:46-07:00,6d4d9eb89888765ba560eb2739d18edb09986c9e,2023-06-08T16:40:46-07:00,1,882,0.3333333333333333,,,False,False,1,0,739.26,0.0,0.001352702530568259,,496005961.0,stanford-crfm/levanter,Python
src/levanter/data/loader.py,10,callable,ok,src.levanter.data.loader.ShardedBatchLoader.local_batch_size,src.levanter.data.loader.ShardedBatchLoader.local_batch_size,6d4d9eb89888765ba560eb2739d18edb09986c9e,2023-06-08T16:40:46-07:00,6d4d9eb89888765ba560eb2739d18edb09986c9e,2023-06-08T16:40:46-07:00,1,882,0.3333333333333333,,,False,False,1,0,739.26,0.0,0.001352702530568259,,496005961.0,stanford-crfm/levanter,Python
src/levanter/data/loader.py,11,callable,ok,src.levanter.data.loader.ShardedBatchLoader._stack_leaves_unchecked,src.levanter.data.loader.ShardedBatchLoader._stack_leaves_unchecked,6d4d9eb89888765ba560eb2739d18edb09986c9e,2023-06-08T16:40:46-07:00,6d4d9eb89888765ba560eb2739d18edb09986c9e,2023-06-08T16:40:46-07:00,1,882,0.1111111111111111,,,False,False,1,0,739.26,0.0,0.001352702530568259,,496005961.0,stanford-crfm/levanter,Python
src/levanter/data/loader.py,12,callable,ok,src.levanter.data.loader.ReplicatedBatchLoader.__init__,src.levanter.data.loader.ReplicatedBatchLoader.__init__,6d4d9eb89888765ba560eb2739d18edb09986c9e,2023-06-08T16:40:46-07:00,6d4d9eb89888765ba560eb2739d18edb09986c9e,2023-06-08T16:40:46-07:00,1,882,0.09090909090909091,,,False,False,1,0,739.26,0.0,0.001352702530568259,,496005961.0,stanford-crfm/levanter,Python
src/levanter/data/loader.py,13,callable,ok,src.levanter.data.loader.ReplicatedBatchLoader.__iter__,src.levanter.data.loader.ReplicatedBatchLoader.__iter__,6d4d9eb89888765ba560eb2739d18edb09986c9e,2023-06-08T16:40:46-07:00,6d4d9eb89888765ba560eb2739d18edb09986c9e,2023-06-08T16:40:46-07:00,1,882,0.2,,,False,False,1,0,739.26,0.0,0.001352702530568259,,496005961.0,stanford-crfm/levanter,Python
src/levanter/data/loader.py,14,callable,ok,src.levanter.data.loader.ReplicatedBatchLoader._batched,src.levanter.data.loader.ReplicatedBatchLoader._batched,6d4d9eb89888765ba560eb2739d18edb09986c9e,2023-06-08T16:40:46-07:00,6d4d9eb89888765ba560eb2739d18edb09986c9e,2023-06-08T16:40:46-07:00,1,882,0.16666666666666666,,,False,False,1,0,739.26,0.0,0.001352702530568259,,496005961.0,stanford-crfm/levanter,Python
src/levanter/data/loader.py,15,callable,ok,src.levanter.data.loader.ReplicatedBatchLoader._stack_leaves,src.levanter.data.loader.ReplicatedBatchLoader._stack_leaves,6d4d9eb89888765ba560eb2739d18edb09986c9e,2023-06-08T16:40:46-07:00,6d4d9eb89888765ba560eb2739d18edb09986c9e,2023-06-08T16:40:46-07:00,1,882,0.14285714285714285,,,False,False,1,0,739.26,0.0,0.001352702530568259,,496005961.0,stanford-crfm/levanter,Python
src/levanter/data/loader.py,16,callable,ok,src.levanter.data.loader.ReplicatedBatchLoader._shard,src.levanter.data.loader.ReplicatedBatchLoader._shard,6d4d9eb89888765ba560eb2739d18edb09986c9e,2023-06-08T16:40:46-07:00,6d4d9eb89888765ba560eb2739d18edb09986c9e,2023-06-08T16:40:46-07:00,1,882,0.14285714285714285,,,False,False,1,0,739.26,0.0,0.001352702530568259,,496005961.0,stanford-crfm/levanter,Python
src/levanter/data/loader.py,17,callable,ok,src.levanter.data.loader.ReplicatedBatchLoader.item_shape,src.levanter.data.loader.ReplicatedBatchLoader.item_shape,6d4d9eb89888765ba560eb2739d18edb09986c9e,2023-06-08T16:40:46-07:00,6d4d9eb89888765ba560eb2739d18edb09986c9e,2023-06-08T16:40:46-07:00,1,882,0.5,,,False,False,1,0,739.26,0.0,0.001352702530568259,,496005961.0,stanford-crfm/levanter,Python
src/levanter/data/loader.py,18,callable,ok,src.levanter.data.loader.ReplicatedBatchLoader._pspec_for,src.levanter.data.loader.ReplicatedBatchLoader._pspec_for,6d4d9eb89888765ba560eb2739d18edb09986c9e,2023-06-08T16:40:46-07:00,6d4d9eb89888765ba560eb2739d18edb09986c9e,2023-06-08T16:40:46-07:00,1,882,0.16666666666666666,,,False,False,1,0,739.26,0.0,0.001352702530568259,,496005961.0,stanford-crfm/levanter,Python
src/levanter/data/metrics_monitor.py,2,class,ok,src.levanter.data.metrics_monitor.RichMetricsMonitor,src.levanter.data.metrics_monitor.RichMetricsMonitor,15268af2b68ed93979c311021675a58de1876abe,2024-07-10T23:33:22-07:00,fbe27bc7f3591a6403fef3b2b6c805114e9215f4,2024-09-05T11:10:11-07:00,2,56,0.044444444444444446,,,True,False,2,0,340.97,0.0,0.005865544609707069,,496005961.0,stanford-crfm/levanter,Python
src/levanter/data/metrics_monitor.py,5,class,ok,src.levanter.data.metrics_monitor.WaitTimeReportingThread,src.levanter.data.metrics_monitor.WaitTimeReportingThread,15268af2b68ed93979c311021675a58de1876abe,2024-07-10T23:33:22-07:00,15268af2b68ed93979c311021675a58de1876abe,2024-07-10T23:33:22-07:00,1,0,0.05555555555555555,,,True,False,1,0,340.97,0.0,0.0029327723048535345,,496005961.0,stanford-crfm/levanter,Python
src/levanter/data/metrics_monitor.py,0,class,ok,src.levanter.data.metrics_monitor.InProgressCacheMetrics,src.levanter.data.metrics_monitor.InProgressCacheMetrics,15268af2b68ed93979c311021675a58de1876abe,2024-07-10T23:33:22-07:00,fbe27bc7f3591a6403fef3b2b6c805114e9215f4,2024-09-05T11:10:11-07:00,2,484,0.4,,,False,False,2,0,340.97,0.0,0.005865544609707069,,496005961.0,stanford-crfm/levanter,Python
src/levanter/data/metrics_monitor.py,1,class,ok,src.levanter.data.metrics_monitor.MetricsMonitor,src.levanter.data.metrics_monitor.MetricsMonitor,15268af2b68ed93979c311021675a58de1876abe,2024-07-10T23:33:22-07:00,15268af2b68ed93979c311021675a58de1876abe,2024-07-10T23:33:22-07:00,1,484,0.3333333333333333,,,False,False,1,0,340.97,0.0,0.0029327723048535345,,496005961.0,stanford-crfm/levanter,Python
src/levanter/data/metrics_monitor.py,3,class,ok,src.levanter.data.metrics_monitor.LoggingMetricsMonitor,src.levanter.data.metrics_monitor.LoggingMetricsMonitor,15268af2b68ed93979c311021675a58de1876abe,2024-07-10T23:33:22-07:00,eeab5be8cc499df6445050f9d92cd78cb7ccad79,2024-12-04T23:15:13-08:00,4,484,0.12903225806451613,1.0127451076335707,,False,False,4,0,340.97,0.0,0.011731089219414138,,496005961.0,stanford-crfm/levanter,Python
src/levanter/data/metrics_monitor.py,4,class,ok,src.levanter.data.metrics_monitor.LoggerMetricsMonitor,src.levanter.data.metrics_monitor.LoggerMetricsMonitor,15268af2b68ed93979c311021675a58de1876abe,2024-07-10T23:33:22-07:00,fbe27bc7f3591a6403fef3b2b6c805114e9215f4,2024-09-05T11:10:11-07:00,2,484,0.07142857142857142,,,False,False,2,0,340.97,0.0,0.005865544609707069,,496005961.0,stanford-crfm/levanter,Python
src/levanter/data/metrics_monitor.py,1,callable,ok,src.levanter.data.metrics_monitor.RichMetricsMonitor.__init__,src.levanter.data.metrics_monitor.RichMetricsMonitor.__init__,15268af2b68ed93979c311021675a58de1876abe,2024-07-10T23:33:22-07:00,15268af2b68ed93979c311021675a58de1876abe,2024-07-10T23:33:22-07:00,1,0,0.16666666666666666,,,True,False,1,0,340.97,0.0,0.0029327723048535345,,496005961.0,stanford-crfm/levanter,Python
src/levanter/data/metrics_monitor.py,2,callable,ok,src.levanter.data.metrics_monitor.RichMetricsMonitor.__call__,src.levanter.data.metrics_monitor.RichMetricsMonitor.__call__,15268af2b68ed93979c311021675a58de1876abe,2024-07-10T23:33:22-07:00,15268af2b68ed93979c311021675a58de1876abe,2024-07-10T23:33:22-07:00,1,0,0.1,,,True,False,1,0,340.97,0.0,0.0029327723048535345,,496005961.0,stanford-crfm/levanter,Python
src/levanter/data/metrics_monitor.py,3,callable,ok,src.levanter.data.metrics_monitor.RichMetricsMonitor._init_progress,src.levanter.data.metrics_monitor.RichMetricsMonitor._init_progress,15268af2b68ed93979c311021675a58de1876abe,2024-07-10T23:33:22-07:00,fbe27bc7f3591a6403fef3b2b6c805114e9215f4,2024-09-05T11:10:11-07:00,2,56,0.09090909090909091,,,True,False,2,0,340.97,0.0,0.005865544609707069,,496005961.0,stanford-crfm/levanter,Python
src/levanter/data/metrics_monitor.py,8,callable,ok,src.levanter.data.metrics_monitor.WaitTimeReportingThread.__init__,src.levanter.data.metrics_monitor.WaitTimeReportingThread.__init__,15268af2b68ed93979c311021675a58de1876abe,2024-07-10T23:33:22-07:00,15268af2b68ed93979c311021675a58de1876abe,2024-07-10T23:33:22-07:00,1,0,0.2,,,True,False,1,0,340.97,0.0,0.0029327723048535345,,496005961.0,stanford-crfm/levanter,Python
src/levanter/data/metrics_monitor.py,9,callable,ok,src.levanter.data.metrics_monitor.WaitTimeReportingThread.run,src.levanter.data.metrics_monitor.WaitTimeReportingThread.run,15268af2b68ed93979c311021675a58de1876abe,2024-07-10T23:33:22-07:00,15268af2b68ed93979c311021675a58de1876abe,2024-07-10T23:33:22-07:00,1,0,0.125,,,True,False,1,0,340.97,0.0,0.0029327723048535345,,496005961.0,stanford-crfm/levanter,Python
src/levanter/data/metrics_monitor.py,10,callable,ok,src.levanter.data.metrics_monitor.WaitTimeReportingThread.shutdown,src.levanter.data.metrics_monitor.WaitTimeReportingThread.shutdown,15268af2b68ed93979c311021675a58de1876abe,2024-07-10T23:33:22-07:00,15268af2b68ed93979c311021675a58de1876abe,2024-07-10T23:33:22-07:00,1,0,0.5,,,True,False,1,0,340.97,0.0,0.0029327723048535345,,496005961.0,stanford-crfm/levanter,Python
src/levanter/data/metrics_monitor.py,0,callable,ok,src.levanter.data.metrics_monitor.MetricsMonitor.__call__,src.levanter.data.metrics_monitor.MetricsMonitor.__call__,15268af2b68ed93979c311021675a58de1876abe,2024-07-10T23:33:22-07:00,15268af2b68ed93979c311021675a58de1876abe,2024-07-10T23:33:22-07:00,1,484,0.5,,,False,False,1,0,340.97,0.0,0.0029327723048535345,,496005961.0,stanford-crfm/levanter,Python
src/levanter/data/metrics_monitor.py,4,callable,ok,src.levanter.data.metrics_monitor.LoggingMetricsMonitor.__init__,src.levanter.data.metrics_monitor.LoggingMetricsMonitor.__init__,15268af2b68ed93979c311021675a58de1876abe,2024-07-10T23:33:22-07:00,15268af2b68ed93979c311021675a58de1876abe,2024-07-10T23:33:22-07:00,1,484,0.1,,,False,False,1,0,340.97,0.0,0.0029327723048535345,,496005961.0,stanford-crfm/levanter,Python
src/levanter/data/metrics_monitor.py,5,callable,ok,src.levanter.data.metrics_monitor.LoggingMetricsMonitor.__call__,src.levanter.data.metrics_monitor.LoggingMetricsMonitor.__call__,15268af2b68ed93979c311021675a58de1876abe,2024-07-10T23:33:22-07:00,eeab5be8cc499df6445050f9d92cd78cb7ccad79,2024-12-04T23:15:13-08:00,4,484,0.25,1.0127451076335707,,False,False,4,0,340.97,0.0,0.011731089219414138,,496005961.0,stanford-crfm/levanter,Python
src/levanter/data/metrics_monitor.py,6,callable,ok,src.levanter.data.metrics_monitor.LoggerMetricsMonitor.__init__,src.levanter.data.metrics_monitor.LoggerMetricsMonitor.__init__,15268af2b68ed93979c311021675a58de1876abe,2024-07-10T23:33:22-07:00,fbe27bc7f3591a6403fef3b2b6c805114e9215f4,2024-09-05T11:10:11-07:00,2,484,0.16666666666666666,,,False,False,2,0,340.97,0.0,0.005865544609707069,,496005961.0,stanford-crfm/levanter,Python
src/levanter/data/metrics_monitor.py,7,callable,ok,src.levanter.data.metrics_monitor.LoggerMetricsMonitor.__call__,src.levanter.data.metrics_monitor.LoggerMetricsMonitor.__call__,15268af2b68ed93979c311021675a58de1876abe,2024-07-10T23:33:22-07:00,fbe27bc7f3591a6403fef3b2b6c805114e9215f4,2024-09-05T11:10:11-07:00,2,484,0.16666666666666666,,,False,False,2,0,340.97,0.0,0.005865544609707069,,496005961.0,stanford-crfm/levanter,Python
src/levanter/data/mixture.py,0,class,ok,src.levanter.data.mixture.StopStrategy,src.levanter.data.mixture.StopStrategy,e6c1ae3d127daa5c34486c836e4fb477b7c7c1ef,2023-10-27T16:12:16-07:00,2bb125272b19c026f86dc17e38297ca8404399ab,2024-05-27T22:49:59-07:00,2,741,0.5,,,False,False,2,0,598.28,0.0,0.0033429128680207555,,496005961.0,stanford-crfm/levanter,Python
src/levanter/data/mixture.py,1,class,ok,src.levanter.data.mixture.MixtureDataset,src.levanter.data.mixture.MixtureDataset,e6c1ae3d127daa5c34486c836e4fb477b7c7c1ef,2023-10-27T16:12:16-07:00,524c1a2d180028a076d2915421f7551a0687403d,2025-10-06T23:15:01-07:00,11,741,0.040145985401459854,2.975661030475532,,False,False,10,1,598.28,112.01,0.016714564340103776,0.008927539071157755,496005961.0,stanford-crfm/levanter,Python
src/levanter/data/mixture.py,2,callable,ok,src.levanter.data.mixture.MixtureDataset.shard,src.levanter.data.mixture.MixtureDataset.shard,e6c1ae3d127daa5c34486c836e4fb477b7c7c1ef,2023-10-27T16:12:16-07:00,a54ad0092fb81d3d277f85050ab7b1e2fe776f3c,2024-05-29T14:37:03-07:00,3,214,0.6,0.9863317201854058,,True,False,3,0,598.28,0.0,0.005014369302031133,,496005961.0,stanford-crfm/levanter,Python
src/levanter/data/mixture.py,3,callable,ok,src.levanter.data.mixture.MixtureDataset.__iter__,src.levanter.data.mixture.MixtureDataset.__iter__,e6c1ae3d127daa5c34486c836e4fb477b7c7c1ef,2023-10-27T16:12:16-07:00,2bb125272b19c026f86dc17e38297ca8404399ab,2024-05-27T22:49:59-07:00,2,213,0.09090909090909091,,,True,False,2,0,598.28,0.0,0.0033429128680207555,,496005961.0,stanford-crfm/levanter,Python
src/levanter/data/mixture.py,0,callable,ok,src.levanter.data.mixture.MixtureDataset.__init__,src.levanter.data.mixture.MixtureDataset.__init__,e6c1ae3d127daa5c34486c836e4fb477b7c7c1ef,2023-10-27T16:12:16-07:00,524c1a2d180028a076d2915421f7551a0687403d,2025-10-06T23:15:01-07:00,8,741,0.11594202898550725,2.76942466509743,,False,False,7,1,598.28,112.01,0.011700195038072644,0.008927539071157755,496005961.0,stanford-crfm/levanter,Python
src/levanter/data/mixture.py,1,callable,ok,src.levanter.data.mixture.MixtureDataset._normalize_weights,src.levanter.data.mixture.MixtureDataset._normalize_weights,e6c1ae3d127daa5c34486c836e4fb477b7c7c1ef,2023-10-27T16:12:16-07:00,83f3f34640122476e4fd3955d66b603c82d1e1e3,2025-02-20T22:58:35-08:00,3,741,0.21428571428571427,0.1707565443887912,,False,False,3,0,598.28,0.0,0.005014369302031133,,496005961.0,stanford-crfm/levanter,Python
src/levanter/data/mixture.py,4,callable,ok,src.levanter.data.mixture._compute_block_assignment,src.levanter.data.mixture._compute_block_assignment,fbe27bc7f3591a6403fef3b2b6c805114e9215f4,2024-09-05T11:10:11-07:00,fbe27bc7f3591a6403fef3b2b6c805114e9215f4,2024-09-05T11:10:11-07:00,1,428,0.25,,,False,False,1,0,284.49,0.0,0.003515057035665339,,496005961.0,stanford-crfm/levanter,Python
src/levanter/data/mixture.py,5,callable,ok,src.levanter.data.mixture.MixtureDataset._compute_expected_counts_per_block,src.levanter.data.mixture.MixtureDataset._compute_expected_counts_per_block,fbe27bc7f3591a6403fef3b2b6c805114e9215f4,2024-09-05T11:10:11-07:00,d9a0d57cf14c5beb6f76601ec49bef90a4554927,2025-01-28T22:36:19-08:00,2,428,0.1111111111111111,,,False,False,2,0,284.49,0.0,0.007030114071330678,,496005961.0,stanford-crfm/levanter,Python
src/levanter/data/mixture.py,6,callable,ok,src.levanter.data.mixture.MixtureDataset._compute_unpermuted_ids,src.levanter.data.mixture.MixtureDataset._compute_unpermuted_ids,fbe27bc7f3591a6403fef3b2b6c805114e9215f4,2024-09-05T11:10:11-07:00,fbe27bc7f3591a6403fef3b2b6c805114e9215f4,2024-09-05T11:10:11-07:00,1,428,0.125,,,False,False,1,0,284.49,0.0,0.003515057035665339,,496005961.0,stanford-crfm/levanter,Python
src/levanter/data/mixture.py,7,callable,ok,src.levanter.data.mixture.MixtureDataset.async_len,src.levanter.data.mixture.MixtureDataset.async_len,fbe27bc7f3591a6403fef3b2b6c805114e9215f4,2024-09-05T11:10:11-07:00,fbe27bc7f3591a6403fef3b2b6c805114e9215f4,2024-09-05T11:10:11-07:00,1,428,0.2,,,False,False,1,0,284.49,0.0,0.003515057035665339,,496005961.0,stanford-crfm/levanter,Python
src/levanter/data/mixture.py,8,callable,ok,src.levanter.data.mixture.MixtureDataset.final_length_is_known,src.levanter.data.mixture.MixtureDataset.final_length_is_known,fbe27bc7f3591a6403fef3b2b6c805114e9215f4,2024-09-05T11:10:11-07:00,fbe27bc7f3591a6403fef3b2b6c805114e9215f4,2024-09-05T11:10:11-07:00,1,428,0.2,,,False,False,1,0,284.49,0.0,0.003515057035665339,,496005961.0,stanford-crfm/levanter,Python
src/levanter/data/mixture.py,9,callable,ok,src.levanter.data.mixture.MixtureDataset.is_finite,src.levanter.data.mixture.MixtureDataset.is_finite,fbe27bc7f3591a6403fef3b2b6c805114e9215f4,2024-09-05T11:10:11-07:00,fbe27bc7f3591a6403fef3b2b6c805114e9215f4,2024-09-05T11:10:11-07:00,1,428,0.2,,,False,False,1,0,284.49,0.0,0.003515057035665339,,496005961.0,stanford-crfm/levanter,Python
src/levanter/data/mixture.py,10,callable,ok,src.levanter.data.mixture.MixtureDataset.current_len,src.levanter.data.mixture.MixtureDataset.current_len,fbe27bc7f3591a6403fef3b2b6c805114e9215f4,2024-09-05T11:10:11-07:00,fbe27bc7f3591a6403fef3b2b6c805114e9215f4,2024-09-05T11:10:11-07:00,1,428,0.2,,,False,False,1,0,284.49,0.0,0.003515057035665339,,496005961.0,stanford-crfm/levanter,Python
src/levanter/data/mixture.py,11,callable,ok,src.levanter.data.mixture.MixtureDataset._get_block,src.levanter.data.mixture.MixtureDataset._get_block,fbe27bc7f3591a6403fef3b2b6c805114e9215f4,2024-09-05T11:10:11-07:00,d9a0d57cf14c5beb6f76601ec49bef90a4554927,2025-01-28T22:36:19-08:00,2,428,0.3333333333333333,,,False,False,2,0,284.49,0.0,0.007030114071330678,,496005961.0,stanford-crfm/levanter,Python
src/levanter/data/mixture.py,12,callable,ok,src.levanter.data.mixture.MixtureDataset._index_into_dataset_for_id,src.levanter.data.mixture.MixtureDataset._index_into_dataset_for_id,fbe27bc7f3591a6403fef3b2b6c805114e9215f4,2024-09-05T11:10:11-07:00,d9a0d57cf14c5beb6f76601ec49bef90a4554927,2025-01-28T22:36:19-08:00,2,428,0.16666666666666666,,,False,False,2,0,284.49,0.0,0.007030114071330678,,496005961.0,stanford-crfm/levanter,Python
src/levanter/data/mixture.py,13,callable,ok,src.levanter.data.mixture.MixtureDataset.get_batch,src.levanter.data.mixture.MixtureDataset.get_batch,fbe27bc7f3591a6403fef3b2b6c805114e9215f4,2024-09-05T11:10:11-07:00,fbe27bc7f3591a6403fef3b2b6c805114e9215f4,2024-09-05T11:10:11-07:00,1,428,0.025,,,False,False,1,0,284.49,0.0,0.003515057035665339,,496005961.0,stanford-crfm/levanter,Python
src/levanter/data/mixture.py,14,callable,ok,src.levanter.data.mixture.MixtureDataset.getitem_async,src.levanter.data.mixture.MixtureDataset.getitem_async,fbe27bc7f3591a6403fef3b2b6c805114e9215f4,2024-09-05T11:10:11-07:00,fbe27bc7f3591a6403fef3b2b6c805114e9215f4,2024-09-05T11:10:11-07:00,1,428,0.09090909090909091,,,False,False,1,0,284.49,0.0,0.003515057035665339,,496005961.0,stanford-crfm/levanter,Python
src/levanter/data/mixture.py,15,callable,ok,src.levanter.data.mixture.MixtureDataset._remap_indices,src.levanter.data.mixture.MixtureDataset._remap_indices,fbe27bc7f3591a6403fef3b2b6c805114e9215f4,2024-09-05T11:10:11-07:00,fbe27bc7f3591a6403fef3b2b6c805114e9215f4,2024-09-05T11:10:11-07:00,1,428,0.07692307692307693,,,False,False,1,0,284.49,0.0,0.003515057035665339,,496005961.0,stanford-crfm/levanter,Python
src/levanter/data/mixture.py,16,callable,ok,src.levanter.data.mixture.MixtureDataset._dataset_of_id,src.levanter.data.mixture.MixtureDataset._dataset_of_id,fbe27bc7f3591a6403fef3b2b6c805114e9215f4,2024-09-05T11:10:11-07:00,fbe27bc7f3591a6403fef3b2b6c805114e9215f4,2024-09-05T11:10:11-07:00,1,428,0.5,,,False,False,1,0,284.49,0.0,0.003515057035665339,,496005961.0,stanford-crfm/levanter,Python
src/levanter/data/mixture.py,17,callable,ok,src.levanter.data.mixture.MixtureDataset._initialize_stage_counts,src.levanter.data.mixture.MixtureDataset._initialize_stage_counts,d9a0d57cf14c5beb6f76601ec49bef90a4554927,2025-01-28T22:36:19-08:00,d9a0d57cf14c5beb6f76601ec49bef90a4554927,2025-01-28T22:36:19-08:00,1,282,0.05,,,False,False,1,0,138.97,0.0,0.0071956807926042395,,496005961.0,stanford-crfm/levanter,Python
src/levanter/data/mixture.py,18,callable,ok,src.levanter.data.mixture.MixtureDataset._get_stage_for_block,src.levanter.data.mixture.MixtureDataset._get_stage_for_block,d9a0d57cf14c5beb6f76601ec49bef90a4554927,2025-01-28T22:36:19-08:00,d9a0d57cf14c5beb6f76601ec49bef90a4554927,2025-01-28T22:36:19-08:00,1,282,0.25,,,False,False,1,0,138.97,0.0,0.0071956807926042395,,496005961.0,stanford-crfm/levanter,Python
src/levanter/data/mixture.py,19,callable,ok,src.levanter.data.mixture.rescale_mixture_schedule_for_batch_schedule,src.levanter.data.mixture.rescale_mixture_schedule_for_batch_schedule,83f3f34640122476e4fd3955d66b603c82d1e1e3,2025-02-20T22:58:35-08:00,83f3f34640122476e4fd3955d66b603c82d1e1e3,2025-02-20T22:58:35-08:00,1,259,0.03225806451612903,,,False,False,1,0,115.96,0.0,0.008623901762579793,,496005961.0,stanford-crfm/levanter,Python
src/levanter/data/packing.py,0,class,ok,src.levanter.data.packing.SequencePacker,src.levanter.data.packing.SequencePacker,93a8aa95a06e312439bd457ae326e661fbfc52e2,2025-01-08T10:32:31-08:00,93a8aa95a06e312439bd457ae326e661fbfc52e2,2025-01-08T10:32:31-08:00,1,303,0.017857142857142856,,,False,False,1,0,159.47,0.0,0.006270579421134073,,496005961.0,stanford-crfm/levanter,Python
src/levanter/data/packing.py,1,class,ok,src.levanter.data.packing.PromptCompletion,src.levanter.data.packing.PromptCompletion,93a8aa95a06e312439bd457ae326e661fbfc52e2,2025-01-08T10:32:31-08:00,55810626fe2df6c44a65cc432034839b1f9821b2,2025-01-15T10:01:57-08:00,2,303,0.13333333333333333,,,False,False,2,0,159.47,0.0,0.012541158842268146,,496005961.0,stanford-crfm/levanter,Python
src/levanter/data/packing.py,2,class,ok,src.levanter.data.packing.GreedyPrepackedDataset,src.levanter.data.packing.GreedyPrepackedDataset,8446aac0147043d0aa3d64580b2e887acbc49f24,2025-04-11T12:07:38-07:00,558c84d8fab57a56783e943a479205ee9dde4f36,2025-04-17T11:26:12-07:00,9,209,0.054878048780487805,0.3034335928243223,,False,False,9,0,66.45,0.0,0.13543914260891737,,496005961.0,stanford-crfm/levanter,Python
src/levanter/data/packing.py,15,callable,ok,src.levanter.data.packing.GreedyPrepackedDataset._build_pack,src.levanter.data.packing.GreedyPrepackedDataset._pack,8446aac0147043d0aa3d64580b2e887acbc49f24,2025-04-11T12:07:38-07:00,234a7182c6cc5646110d326459bfc4fd1aea2320,2025-04-11T16:05:19-07:00,3,0,0.0410958904109589,0.6861777525227659,,True,True,3,0,66.45,0.0,0.045146380869639124,,496005961.0,stanford-crfm/levanter,Python
src/levanter/data/packing.py,16,callable,ok,src.levanter.data.packing.GreedyPrepackedDataset._validate_inputs,src.levanter.data.packing.GreedyPrepackedDataset._validate_inputs,234a7182c6cc5646110d326459bfc4fd1aea2320,2025-04-11T16:05:19-07:00,234a7182c6cc5646110d326459bfc4fd1aea2320,2025-04-11T16:05:19-07:00,1,0,0.05263157894736842,,,True,False,1,0,66.29,0.0,0.015086266730434082,,496005961.0,stanford-crfm/levanter,Python
src/levanter/data/packing.py,0,callable,ok,src.levanter.data.packing.pack_prompt_completions,src.levanter.data.packing.pack_prompt_completions,93a8aa95a06e312439bd457ae326e661fbfc52e2,2025-01-08T10:32:31-08:00,93a8aa95a06e312439bd457ae326e661fbfc52e2,2025-01-08T10:32:31-08:00,1,303,0.02702702702702703,,,False,False,1,0,159.47,0.0,0.006270579421134073,,496005961.0,stanford-crfm/levanter,Python
src/levanter/data/packing.py,1,callable,ok,src.levanter.data.packing.per_segment_loss,src.levanter.data.packing.per_segment_loss,93a8aa95a06e312439bd457ae326e661fbfc52e2,2025-01-08T10:32:31-08:00,e5b6be6f1f360f2ca28a696bac2ff4ce8283c95f,2025-09-11T15:39:27-07:00,2,303,0.05405405405405406,,,False,False,1,1,159.47,86.7,0.006270579421134073,0.011534479616745556,496005961.0,stanford-crfm/levanter,Python
src/levanter/data/packing.py,2,callable,ok,src.levanter.data.packing._unique_segment_ids,src.levanter.data.packing._unique_segment_ids,93a8aa95a06e312439bd457ae326e661fbfc52e2,2025-01-08T10:32:31-08:00,93a8aa95a06e312439bd457ae326e661fbfc52e2,2025-01-08T10:32:31-08:00,1,303,0.16666666666666666,,,False,False,1,0,159.47,0.0,0.006270579421134073,,496005961.0,stanford-crfm/levanter,Python
src/levanter/data/packing.py,3,callable,ok,src.levanter.data.packing.per_segment_correct,src.levanter.data.packing.per_segment_correct,93a8aa95a06e312439bd457ae326e661fbfc52e2,2025-01-08T10:32:31-08:00,e5b6be6f1f360f2ca28a696bac2ff4ce8283c95f,2025-09-11T15:39:27-07:00,2,303,0.04878048780487805,,,False,False,1,1,159.47,86.7,0.006270579421134073,0.011534479616745556,496005961.0,stanford-crfm/levanter,Python
src/levanter/data/packing.py,4,callable,ok,src.levanter.data.packing.SequencePacker.__init__,src.levanter.data.packing.SequencePacker.__init__,93a8aa95a06e312439bd457ae326e661fbfc52e2,2025-01-08T10:32:31-08:00,93a8aa95a06e312439bd457ae326e661fbfc52e2,2025-01-08T10:32:31-08:00,1,303,0.1111111111111111,,,False,False,1,0,159.47,0.0,0.006270579421134073,,496005961.0,stanford-crfm/levanter,Python
src/levanter/data/packing.py,5,callable,ok,src.levanter.data.packing.SequencePacker.can_pack,src.levanter.data.packing.SequencePacker.can_pack,93a8aa95a06e312439bd457ae326e661fbfc52e2,2025-01-08T10:32:31-08:00,93a8aa95a06e312439bd457ae326e661fbfc52e2,2025-01-08T10:32:31-08:00,1,303,0.5,,,False,False,1,0,159.47,0.0,0.006270579421134073,,496005961.0,stanford-crfm/levanter,Python
src/levanter/data/packing.py,6,callable,ok,src.levanter.data.packing.SequencePacker.add_example,src.levanter.data.packing.SequencePacker.add_example,93a8aa95a06e312439bd457ae326e661fbfc52e2,2025-01-08T10:32:31-08:00,93a8aa95a06e312439bd457ae326e661fbfc52e2,2025-01-08T10:32:31-08:00,1,303,0.045454545454545456,,,False,False,1,0,159.47,0.0,0.006270579421134073,,496005961.0,stanford-crfm/levanter,Python
src/levanter/data/packing.py,7,callable,ok,src.levanter.data.packing.SequencePacker.pack,src.levanter.data.packing.SequencePacker.pack,93a8aa95a06e312439bd457ae326e661fbfc52e2,2025-01-08T10:32:31-08:00,93a8aa95a06e312439bd457ae326e661fbfc52e2,2025-01-08T10:32:31-08:00,1,303,0.06666666666666667,,,False,False,1,0,159.47,0.0,0.006270579421134073,,496005961.0,stanford-crfm/levanter,Python
src/levanter/data/packing.py,8,callable,ok,src.levanter.data.packing.PromptCompletion.__post_init__,src.levanter.data.packing.PromptCompletion.__post_init__,55810626fe2df6c44a65cc432034839b1f9821b2,2025-01-15T10:01:57-08:00,55810626fe2df6c44a65cc432034839b1f9821b2,2025-01-15T10:01:57-08:00,1,296,0.1,,,False,False,1,0,152.5,0.0,0.00655754377483034,,496005961.0,stanford-crfm/levanter,Python
src/levanter/data/packing.py,9,callable,ok,src.levanter.data.packing.GreedyPrepackedDataset.__init__,src.levanter.data.packing.GreedyPrepackedDataset.__init__,8446aac0147043d0aa3d64580b2e887acbc49f24,2025-04-11T12:07:38-07:00,558c84d8fab57a56783e943a479205ee9dde4f36,2025-04-17T11:26:12-07:00,7,209,0.16279069767441862,0.296462615883476,,False,False,7,0,66.45,0.0,0.10534155536249129,,496005961.0,stanford-crfm/levanter,Python
src/levanter/data/packing.py,10,callable,ok,src.levanter.data.packing.GreedyPrepackedDataset.is_finite,src.levanter.data.packing.GreedyPrepackedDataset.is_finite,8446aac0147043d0aa3d64580b2e887acbc49f24,2025-04-11T12:07:38-07:00,8446aac0147043d0aa3d64580b2e887acbc49f24,2025-04-11T12:07:38-07:00,1,209,0.5,,,False,False,1,0,66.45,0.0,0.015048793623213041,,496005961.0,stanford-crfm/levanter,Python
src/levanter/data/packing.py,11,callable,ok,src.levanter.data.packing.GreedyPrepackedDataset.async_len,src.levanter.data.packing.GreedyPrepackedDataset.async_len,8446aac0147043d0aa3d64580b2e887acbc49f24,2025-04-11T12:07:38-07:00,8446aac0147043d0aa3d64580b2e887acbc49f24,2025-04-11T12:07:38-07:00,1,209,0.5,,,False,False,1,0,66.45,0.0,0.015048793623213041,,496005961.0,stanford-crfm/levanter,Python
src/levanter/data/packing.py,12,callable,ok,src.levanter.data.packing.GreedyPrepackedDataset.final_length_is_known,src.levanter.data.packing.GreedyPrepackedDataset.final_length_is_known,8446aac0147043d0aa3d64580b2e887acbc49f24,2025-04-11T12:07:38-07:00,8446aac0147043d0aa3d64580b2e887acbc49f24,2025-04-11T12:07:38-07:00,1,209,0.5,,,False,False,1,0,66.45,0.0,0.015048793623213041,,496005961.0,stanford-crfm/levanter,Python
src/levanter/data/packing.py,13,callable,ok,src.levanter.data.packing.GreedyPrepackedDataset.current_len,src.levanter.data.packing.GreedyPrepackedDataset.current_len,8446aac0147043d0aa3d64580b2e887acbc49f24,2025-04-11T12:07:38-07:00,8446aac0147043d0aa3d64580b2e887acbc49f24,2025-04-11T12:07:38-07:00,1,209,0.5,,,False,False,1,0,66.45,0.0,0.015048793623213041,,496005961.0,stanford-crfm/levanter,Python
src/levanter/data/packing.py,14,callable,ok,src.levanter.data.packing.GreedyPrepackedDataset.get_batch,src.levanter.data.packing.GreedyPrepackedDataset.get_batch,8446aac0147043d0aa3d64580b2e887acbc49f24,2025-04-11T12:07:38-07:00,558c84d8fab57a56783e943a479205ee9dde4f36,2025-04-17T11:26:12-07:00,6,209,0.06593406593406594,0.20836462227008457,,False,False,6,0,66.45,0.0,0.09029276173927825,,496005961.0,stanford-crfm/levanter,Python
src/levanter/data/packing.py,17,callable,ok,src.levanter.data.packing.pack_documents,src.levanter.data.packing.pack_documents,2fed92adee9926783201cbcadd654064d36e2a60,2025-04-11T17:30:47-07:00,09a0c88b30df3b6a0ea62db92638263b4f0b6705,2025-04-12T12:29:06-07:00,5,209,0.05263157894736842,0.6878422142229919,,False,False,5,0,66.23,0.0,0.07549893523781727,,496005961.0,stanford-crfm/levanter,Python
src/levanter/data/packing.py,18,callable,ok,src.levanter.data.packing.greedy_pack_prompt_completions,src.levanter.data.packing.greedy_pack_prompt_completions,d889974613ce4b8b959dd435c6e79097517b3779,2025-04-11T20:29:30-07:00,09a0c88b30df3b6a0ea62db92638263b4f0b6705,2025-04-12T12:29:06-07:00,2,209,0.028985507246376812,,,False,False,2,0,66.1,0.0,0.030256274850241942,,496005961.0,stanford-crfm/levanter,Python
src/levanter/data/packing.py,19,callable,ok,src.levanter.data.packing._segment_ids_from_lengths,src.levanter.data.packing._segment_ids_from_lengths,d889974613ce4b8b959dd435c6e79097517b3779,2025-04-11T20:29:30-07:00,d889974613ce4b8b959dd435c6e79097517b3779,2025-04-11T20:29:30-07:00,1,209,0.2,,,False,False,1,0,66.1,0.0,0.015128137425120971,,496005961.0,stanford-crfm/levanter,Python
src/levanter/data/passthrough_tokenizer.py,0,class,ok,src.levanter.data.passthrough_tokenizer.PassthroughTokenizer,src.levanter.data.passthrough_tokenizer.PassthroughTokenizer,a8cf3960a281ccca329c1b55bba4abff13d8dfdd,2025-04-16T11:26:53-07:00,a8cf3960a281ccca329c1b55bba4abff13d8dfdd,2025-04-16T11:26:53-07:00,1,205,0.034482758620689655,,,False,False,1,0,61.48,0.0,0.016265767581383907,,496005961.0,stanford-crfm/levanter,Python
src/levanter/data/passthrough_tokenizer.py,0,callable,ok,src.levanter.data.passthrough_tokenizer.PassthroughTokenizer.__init__,src.levanter.data.passthrough_tokenizer.PassthroughTokenizer.__init__,a8cf3960a281ccca329c1b55bba4abff13d8dfdd,2025-04-16T11:26:53-07:00,a8cf3960a281ccca329c1b55bba4abff13d8dfdd,2025-04-16T11:26:53-07:00,1,205,0.25,,,False,False,1,0,61.48,0.0,0.016265767581383907,,496005961.0,stanford-crfm/levanter,Python
src/levanter/data/passthrough_tokenizer.py,1,callable,ok,src.levanter.data.passthrough_tokenizer.PassthroughTokenizer.vocab_size,src.levanter.data.passthrough_tokenizer.PassthroughTokenizer.vocab_size,a8cf3960a281ccca329c1b55bba4abff13d8dfdd,2025-04-16T11:26:53-07:00,a8cf3960a281ccca329c1b55bba4abff13d8dfdd,2025-04-16T11:26:53-07:00,1,205,0.5,,,False,False,1,0,61.48,0.0,0.016265767581383907,,496005961.0,stanford-crfm/levanter,Python
src/levanter/data/passthrough_tokenizer.py,2,callable,ok,src.levanter.data.passthrough_tokenizer.PassthroughTokenizer.get_vocab,src.levanter.data.passthrough_tokenizer.PassthroughTokenizer.get_vocab,a8cf3960a281ccca329c1b55bba4abff13d8dfdd,2025-04-16T11:26:53-07:00,a8cf3960a281ccca329c1b55bba4abff13d8dfdd,2025-04-16T11:26:53-07:00,1,205,0.5,,,False,False,1,0,61.48,0.0,0.016265767581383907,,496005961.0,stanford-crfm/levanter,Python
src/levanter/data/passthrough_tokenizer.py,3,callable,ok,src.levanter.data.passthrough_tokenizer.PassthroughTokenizer.save_vocabulary,src.levanter.data.passthrough_tokenizer.PassthroughTokenizer.save_vocabulary,a8cf3960a281ccca329c1b55bba4abff13d8dfdd,2025-04-16T11:26:53-07:00,a8cf3960a281ccca329c1b55bba4abff13d8dfdd,2025-04-16T11:26:53-07:00,1,205,0.5,,,False,False,1,0,61.48,0.0,0.016265767581383907,,496005961.0,stanford-crfm/levanter,Python
src/levanter/data/passthrough_tokenizer.py,4,callable,ok,src.levanter.data.passthrough_tokenizer.PassthroughTokenizer._tokenize,src.levanter.data.passthrough_tokenizer.PassthroughTokenizer._tokenize,a8cf3960a281ccca329c1b55bba4abff13d8dfdd,2025-04-16T11:26:53-07:00,a8cf3960a281ccca329c1b55bba4abff13d8dfdd,2025-04-16T11:26:53-07:00,1,205,0.3333333333333333,,,False,False,1,0,61.48,0.0,0.016265767581383907,,496005961.0,stanford-crfm/levanter,Python
src/levanter/data/passthrough_tokenizer.py,5,callable,ok,src.levanter.data.passthrough_tokenizer.PassthroughTokenizer._convert_token_to_id,src.levanter.data.passthrough_tokenizer.PassthroughTokenizer._convert_token_to_id,a8cf3960a281ccca329c1b55bba4abff13d8dfdd,2025-04-16T11:26:53-07:00,a8cf3960a281ccca329c1b55bba4abff13d8dfdd,2025-04-16T11:26:53-07:00,1,205,0.5,,,False,False,1,0,61.48,0.0,0.016265767581383907,,496005961.0,stanford-crfm/levanter,Python
src/levanter/data/passthrough_tokenizer.py,6,callable,ok,src.levanter.data.passthrough_tokenizer.PassthroughTokenizer._convert_id_to_token,src.levanter.data.passthrough_tokenizer.PassthroughTokenizer._convert_id_to_token,a8cf3960a281ccca329c1b55bba4abff13d8dfdd,2025-04-16T11:26:53-07:00,a8cf3960a281ccca329c1b55bba4abff13d8dfdd,2025-04-16T11:26:53-07:00,1,205,0.5,,,False,False,1,0,61.48,0.0,0.016265767581383907,,496005961.0,stanford-crfm/levanter,Python
src/levanter/data/sharded_datasource.py,0,class,ok,src.levanter.data.sharded_datasource.ShardedDataSource,src.levanter.data.sharded_datasource.ShardedDataSource,fbe27bc7f3591a6403fef3b2b6c805114e9215f4,2024-09-05T11:10:11-07:00,fbe27bc7f3591a6403fef3b2b6c805114e9215f4,2024-09-05T11:10:11-07:00,1,428,0.011235955056179775,,,False,False,1,0,284.49,0.0,0.003515057035665339,,496005961.0,stanford-crfm/levanter,Python
src/levanter/data/sharded_datasource.py,1,class,ok,src.levanter.data.sharded_datasource.WrappedHFDataSource,src.levanter.data.sharded_datasource.WrappedHFDataSource,fbe27bc7f3591a6403fef3b2b6c805114e9215f4,2024-09-05T11:10:11-07:00,fbe27bc7f3591a6403fef3b2b6c805114e9215f4,2024-09-05T11:10:11-07:00,1,428,0.020833333333333332,,,False,False,1,0,284.49,0.0,0.003515057035665339,,496005961.0,stanford-crfm/levanter,Python
src/levanter/data/sharded_datasource.py,2,class,ok,src.levanter.data.sharded_datasource.TextUrlDataSource,src.levanter.data.sharded_datasource.TextUrlDataSource,fbe27bc7f3591a6403fef3b2b6c805114e9215f4,2024-09-05T11:10:11-07:00,fbe27bc7f3591a6403fef3b2b6c805114e9215f4,2024-09-05T11:10:11-07:00,1,428,0.024390243902439025,,,False,False,1,0,284.49,0.0,0.003515057035665339,,496005961.0,stanford-crfm/levanter,Python
src/levanter/data/sharded_datasource.py,3,class,ok,src.levanter.data.sharded_datasource.AudioTextUrlDataSource,src.levanter.data.sharded_datasource.AudioTextUrlDataSource,fbe27bc7f3591a6403fef3b2b6c805114e9215f4,2024-09-05T11:10:11-07:00,fbe27bc7f3591a6403fef3b2b6c805114e9215f4,2024-09-05T11:10:11-07:00,1,428,0.014705882352941176,,,False,False,1,0,284.49,0.0,0.003515057035665339,,496005961.0,stanford-crfm/levanter,Python
src/levanter/data/sharded_datasource.py,4,class,ok,src.levanter.data.sharded_datasource.JsonlDataSource,src.levanter.data.sharded_datasource.JsonlDataSource,fbe27bc7f3591a6403fef3b2b6c805114e9215f4,2024-09-05T11:10:11-07:00,fbe27bc7f3591a6403fef3b2b6c805114e9215f4,2024-09-05T11:10:11-07:00,1,428,0.05263157894736842,,,False,False,1,0,284.49,0.0,0.003515057035665339,,496005961.0,stanford-crfm/levanter,Python
src/levanter/data/sharded_datasource.py,5,class,ok,src.levanter.data.sharded_datasource.TextDataSource,src.levanter.data.sharded_datasource.TextDataSource,fbe27bc7f3591a6403fef3b2b6c805114e9215f4,2024-09-05T11:10:11-07:00,fbe27bc7f3591a6403fef3b2b6c805114e9215f4,2024-09-05T11:10:11-07:00,1,428,0.058823529411764705,,,False,False,1,0,284.49,0.0,0.003515057035665339,,496005961.0,stanford-crfm/levanter,Python
src/levanter/data/sharded_datasource.py,6,class,ok,src.levanter.data.sharded_datasource.JsonDataSource,src.levanter.data.sharded_datasource.JsonDataSource,fbe27bc7f3591a6403fef3b2b6c805114e9215f4,2024-09-05T11:10:11-07:00,fbe27bc7f3591a6403fef3b2b6c805114e9215f4,2024-09-05T11:10:11-07:00,1,428,0.06666666666666667,,,False,False,1,0,284.49,0.0,0.003515057035665339,,496005961.0,stanford-crfm/levanter,Python
src/levanter/data/sharded_datasource.py,7,class,ok,src.levanter.data.sharded_datasource._TransformedDataset,src.levanter.data.sharded_datasource._TransformedDataset,fbe27bc7f3591a6403fef3b2b6c805114e9215f4,2024-09-05T11:10:11-07:00,fbe27bc7f3591a6403fef3b2b6c805114e9215f4,2024-09-05T11:10:11-07:00,1,428,0.3333333333333333,,,False,False,1,0,284.49,0.0,0.003515057035665339,,496005961.0,stanford-crfm/levanter,Python
src/levanter/data/sharded_datasource.py,8,class,ok,src.levanter.data.sharded_datasource._MappedShardedDataSource,src.levanter.data.sharded_datasource._MappedShardedDataSource,fbe27bc7f3591a6403fef3b2b6c805114e9215f4,2024-09-05T11:10:11-07:00,fbe27bc7f3591a6403fef3b2b6c805114e9215f4,2024-09-05T11:10:11-07:00,1,428,0.08333333333333333,,,False,False,1,0,284.49,0.0,0.003515057035665339,,496005961.0,stanford-crfm/levanter,Python
src/levanter/data/sharded_datasource.py,9,class,ok,src.levanter.data.sharded_datasource._BatchMappedShardedDataSource,src.levanter.data.sharded_datasource._BatchMappedShardedDataSource,fbe27bc7f3591a6403fef3b2b6c805114e9215f4,2024-09-05T11:10:11-07:00,fbe27bc7f3591a6403fef3b2b6c805114e9215f4,2024-09-05T11:10:11-07:00,1,428,0.030303030303030304,,,False,False,1,0,284.49,0.0,0.003515057035665339,,496005961.0,stanford-crfm/levanter,Python
src/levanter/data/sharded_datasource.py,0,callable,ok,src.levanter.data.sharded_datasource.datasource_from_hf,src.levanter.data.sharded_datasource.datasource_from_hf,fbe27bc7f3591a6403fef3b2b6c805114e9215f4,2024-09-05T11:10:11-07:00,fbe27bc7f3591a6403fef3b2b6c805114e9215f4,2024-09-05T11:10:11-07:00,1,428,0.2,,,False,False,1,0,284.49,0.0,0.003515057035665339,,496005961.0,stanford-crfm/levanter,Python
src/levanter/data/sharded_datasource.py,1,callable,ok,src.levanter.data.sharded_datasource.datasource_from_jsonl,src.levanter.data.sharded_datasource.datasource_from_jsonl,fbe27bc7f3591a6403fef3b2b6c805114e9215f4,2024-09-05T11:10:11-07:00,fbe27bc7f3591a6403fef3b2b6c805114e9215f4,2024-09-05T11:10:11-07:00,1,428,0.5,,,False,False,1,0,284.49,0.0,0.003515057035665339,,496005961.0,stanford-crfm/levanter,Python
src/levanter/data/sharded_datasource.py,2,callable,ok,src.levanter.data.sharded_datasource.datasource_from_json,src.levanter.data.sharded_datasource.datasource_from_json,fbe27bc7f3591a6403fef3b2b6c805114e9215f4,2024-09-05T11:10:11-07:00,fbe27bc7f3591a6403fef3b2b6c805114e9215f4,2024-09-05T11:10:11-07:00,1,428,0.5,,,False,False,1,0,284.49,0.0,0.003515057035665339,,496005961.0,stanford-crfm/levanter,Python
src/levanter/data/sharded_datasource.py,3,callable,ok,src.levanter.data.sharded_datasource._sniff_format_for_dataset,src.levanter.data.sharded_datasource._sniff_format_for_dataset,fbe27bc7f3591a6403fef3b2b6c805114e9215f4,2024-09-05T11:10:11-07:00,fbe27bc7f3591a6403fef3b2b6c805114e9215f4,2024-09-05T11:10:11-07:00,1,428,0.021739130434782608,,,False,False,1,0,284.49,0.0,0.003515057035665339,,496005961.0,stanford-crfm/levanter,Python
src/levanter/data/sharded_datasource.py,4,callable,ok,src.levanter.data.sharded_datasource._mk_shard_name_mapping,src.levanter.data.sharded_datasource._mk_shard_name_mapping,fbe27bc7f3591a6403fef3b2b6c805114e9215f4,2024-09-05T11:10:11-07:00,fbe27bc7f3591a6403fef3b2b6c805114e9215f4,2024-09-05T11:10:11-07:00,1,428,0.03125,,,False,False,1,0,284.49,0.0,0.003515057035665339,,496005961.0,stanford-crfm/levanter,Python
src/levanter/data/sharded_datasource.py,5,callable,ok,src.levanter.data.sharded_datasource.ShardedDataSource.shard_names,src.levanter.data.sharded_datasource.ShardedDataSource.shard_names,fbe27bc7f3591a6403fef3b2b6c805114e9215f4,2024-09-05T11:10:11-07:00,fbe27bc7f3591a6403fef3b2b6c805114e9215f4,2024-09-05T11:10:11-07:00,1,428,0.5,,,False,False,1,0,284.49,0.0,0.003515057035665339,,496005961.0,stanford-crfm/levanter,Python
src/levanter/data/sharded_datasource.py,6,callable,ok,src.levanter.data.sharded_datasource.ShardedDataSource.num_shards,src.levanter.data.sharded_datasource.ShardedDataSource.num_shards,fbe27bc7f3591a6403fef3b2b6c805114e9215f4,2024-09-05T11:10:11-07:00,fbe27bc7f3591a6403fef3b2b6c805114e9215f4,2024-09-05T11:10:11-07:00,1,428,0.5,,,False,False,1,0,284.49,0.0,0.003515057035665339,,496005961.0,stanford-crfm/levanter,Python
src/levanter/data/sharded_datasource.py,7,callable,ok,src.levanter.data.sharded_datasource.ShardedDataSource.open_shard,src.levanter.data.sharded_datasource.ShardedDataSource.open_shard,fbe27bc7f3591a6403fef3b2b6c805114e9215f4,2024-09-05T11:10:11-07:00,fbe27bc7f3591a6403fef3b2b6c805114e9215f4,2024-09-05T11:10:11-07:00,1,428,0.5,,,False,False,1,0,284.49,0.0,0.003515057035665339,,496005961.0,stanford-crfm/levanter,Python
src/levanter/data/sharded_datasource.py,8,callable,ok,src.levanter.data.sharded_datasource.ShardedDataSource.open_shard_at_row,src.levanter.data.sharded_datasource.ShardedDataSource.open_shard_at_row,fbe27bc7f3591a6403fef3b2b6c805114e9215f4,2024-09-05T11:10:11-07:00,fbe27bc7f3591a6403fef3b2b6c805114e9215f4,2024-09-05T11:10:11-07:00,1,428,0.5,,,False,False,1,0,284.49,0.0,0.003515057035665339,,496005961.0,stanford-crfm/levanter,Python
src/levanter/data/sharded_datasource.py,9,callable,ok,src.levanter.data.sharded_datasource.ShardedDataSource.__iter__,src.levanter.data.sharded_datasource.ShardedDataSource.__iter__,fbe27bc7f3591a6403fef3b2b6c805114e9215f4,2024-09-05T11:10:11-07:00,fbe27bc7f3591a6403fef3b2b6c805114e9215f4,2024-09-05T11:10:11-07:00,1,428,0.14285714285714285,,,False,False,1,0,284.49,0.0,0.003515057035665339,,496005961.0,stanford-crfm/levanter,Python
src/levanter/data/sharded_datasource.py,10,callable,ok,src.levanter.data.sharded_datasource.ShardedDataSource.build_or_load_cache,src.levanter.data.sharded_datasource.ShardedDataSource.build_or_load_cache,fbe27bc7f3591a6403fef3b2b6c805114e9215f4,2024-09-05T11:10:11-07:00,fbe27bc7f3591a6403fef3b2b6c805114e9215f4,2024-09-05T11:10:11-07:00,1,428,0.030303030303030304,,,False,False,1,0,284.49,0.0,0.003515057035665339,,496005961.0,stanford-crfm/levanter,Python
src/levanter/data/sharded_datasource.py,11,callable,ok,src.levanter.data.sharded_datasource.ShardedDataSource.map,src.levanter.data.sharded_datasource.ShardedDataSource.map,fbe27bc7f3591a6403fef3b2b6c805114e9215f4,2024-09-05T11:10:11-07:00,fbe27bc7f3591a6403fef3b2b6c805114e9215f4,2024-09-05T11:10:11-07:00,1,428,0.5,,,False,False,1,0,284.49,0.0,0.003515057035665339,,496005961.0,stanford-crfm/levanter,Python
src/levanter/data/sharded_datasource.py,12,callable,ok,src.levanter.data.sharded_datasource.ShardedDataSource.map_batches,src.levanter.data.sharded_datasource.ShardedDataSource.map_batches,fbe27bc7f3591a6403fef3b2b6c805114e9215f4,2024-09-05T11:10:11-07:00,fbe27bc7f3591a6403fef3b2b6c805114e9215f4,2024-09-05T11:10:11-07:00,1,428,0.05,,,False,False,1,0,284.49,0.0,0.003515057035665339,,496005961.0,stanford-crfm/levanter,Python
src/levanter/data/sharded_datasource.py,13,callable,ok,src.levanter.data.sharded_datasource.WrappedHFDataSource.__init__,src.levanter.data.sharded_datasource.WrappedHFDataSource.__init__,fbe27bc7f3591a6403fef3b2b6c805114e9215f4,2024-09-05T11:10:11-07:00,fbe27bc7f3591a6403fef3b2b6c805114e9215f4,2024-09-05T11:10:11-07:00,1,428,0.16666666666666666,,,False,False,1,0,284.49,0.0,0.003515057035665339,,496005961.0,stanford-crfm/levanter,Python
src/levanter/data/sharded_datasource.py,14,callable,ok,src.levanter.data.sharded_datasource.WrappedHFDataSource.shard_names,src.levanter.data.sharded_datasource.WrappedHFDataSource.shard_names,fbe27bc7f3591a6403fef3b2b6c805114e9215f4,2024-09-05T11:10:11-07:00,fbe27bc7f3591a6403fef3b2b6c805114e9215f4,2024-09-05T11:10:11-07:00,1,428,0.5,,,False,False,1,0,284.49,0.0,0.003515057035665339,,496005961.0,stanford-crfm/levanter,Python
src/levanter/data/sharded_datasource.py,15,callable,ok,src.levanter.data.sharded_datasource.WrappedHFDataSource._compute_shard_names,src.levanter.data.sharded_datasource.WrappedHFDataSource._compute_shard_names,fbe27bc7f3591a6403fef3b2b6c805114e9215f4,2024-09-05T11:10:11-07:00,fbe27bc7f3591a6403fef3b2b6c805114e9215f4,2024-09-05T11:10:11-07:00,1,428,0.1111111111111111,,,False,False,1,0,284.49,0.0,0.003515057035665339,,496005961.0,stanford-crfm/levanter,Python
src/levanter/data/sharded_datasource.py,16,callable,ok,src.levanter.data.sharded_datasource.WrappedHFDataSource.open_shard_at_row,src.levanter.data.sharded_datasource.WrappedHFDataSource.open_shard_at_row,fbe27bc7f3591a6403fef3b2b6c805114e9215f4,2024-09-05T11:10:11-07:00,fbe27bc7f3591a6403fef3b2b6c805114e9215f4,2024-09-05T11:10:11-07:00,1,428,0.07692307692307693,,,False,False,1,0,284.49,0.0,0.003515057035665339,,496005961.0,stanford-crfm/levanter,Python
src/levanter/data/sharded_datasource.py,17,callable,ok,src.levanter.data.sharded_datasource.WrappedHFDataSource._load_dataset,src.levanter.data.sharded_datasource.WrappedHFDataSource._load_dataset,fbe27bc7f3591a6403fef3b2b6c805114e9215f4,2024-09-05T11:10:11-07:00,fbe27bc7f3591a6403fef3b2b6c805114e9215f4,2024-09-05T11:10:11-07:00,1,428,0.25,,,False,False,1,0,284.49,0.0,0.003515057035665339,,496005961.0,stanford-crfm/levanter,Python
src/levanter/data/sharded_datasource.py,18,callable,ok,src.levanter.data.sharded_datasource.TextUrlDataSource.__init__,src.levanter.data.sharded_datasource.TextUrlDataSource.__init__,fbe27bc7f3591a6403fef3b2b6c805114e9215f4,2024-09-05T11:10:11-07:00,fbe27bc7f3591a6403fef3b2b6c805114e9215f4,2024-09-05T11:10:11-07:00,1,428,0.25,,,False,False,1,0,284.49,0.0,0.003515057035665339,,496005961.0,stanford-crfm/levanter,Python
src/levanter/data/sharded_datasource.py,19,callable,ok,src.levanter.data.sharded_datasource.TextUrlDataSource.shard_names,src.levanter.data.sharded_datasource.TextUrlDataSource.shard_names,fbe27bc7f3591a6403fef3b2b6c805114e9215f4,2024-09-05T11:10:11-07:00,fbe27bc7f3591a6403fef3b2b6c805114e9215f4,2024-09-05T11:10:11-07:00,1,428,0.5,,,False,False,1,0,284.49,0.0,0.003515057035665339,,496005961.0,stanford-crfm/levanter,Python
src/levanter/data/sharded_datasource.py,20,callable,ok,src.levanter.data.sharded_datasource.TextUrlDataSource.open_shard_at_row,src.levanter.data.sharded_datasource.TextUrlDataSource.open_shard_at_row,fbe27bc7f3591a6403fef3b2b6c805114e9215f4,2024-09-05T11:10:11-07:00,fbe27bc7f3591a6403fef3b2b6c805114e9215f4,2024-09-05T11:10:11-07:00,1,428,0.037037037037037035,,,False,False,1,0,284.49,0.0,0.003515057035665339,,496005961.0,stanford-crfm/levanter,Python
src/levanter/data/sharded_datasource.py,21,callable,ok,src.levanter.data.sharded_datasource.AudioTextUrlDataSource.__init__,src.levanter.data.sharded_datasource.AudioTextUrlDataSource.__init__,fbe27bc7f3591a6403fef3b2b6c805114e9215f4,2024-09-05T11:10:11-07:00,fbe27bc7f3591a6403fef3b2b6c805114e9215f4,2024-09-05T11:10:11-07:00,1,428,0.16666666666666666,,,False,False,1,0,284.49,0.0,0.003515057035665339,,496005961.0,stanford-crfm/levanter,Python
src/levanter/data/sharded_datasource.py,22,callable,ok,src.levanter.data.sharded_datasource.AudioTextUrlDataSource.shard_names,src.levanter.data.sharded_datasource.AudioTextUrlDataSource.shard_names,fbe27bc7f3591a6403fef3b2b6c805114e9215f4,2024-09-05T11:10:11-07:00,fbe27bc7f3591a6403fef3b2b6c805114e9215f4,2024-09-05T11:10:11-07:00,1,428,0.5,,,False,False,1,0,284.49,0.0,0.003515057035665339,,496005961.0,stanford-crfm/levanter,Python
src/levanter/data/sharded_datasource.py,23,callable,ok,src.levanter.data.sharded_datasource.AudioTextUrlDataSource.resolve_audio_pointer,src.levanter.data.sharded_datasource.AudioTextUrlDataSource.resolve_audio_pointer,fbe27bc7f3591a6403fef3b2b6c805114e9215f4,2024-09-05T11:10:11-07:00,fbe27bc7f3591a6403fef3b2b6c805114e9215f4,2024-09-05T11:10:11-07:00,1,428,0.038461538461538464,,,False,False,1,0,284.49,0.0,0.003515057035665339,,496005961.0,stanford-crfm/levanter,Python
src/levanter/data/sharded_datasource.py,24,callable,ok,src.levanter.data.sharded_datasource.AudioTextUrlDataSource.open_shard_at_row,src.levanter.data.sharded_datasource.AudioTextUrlDataSource.open_shard_at_row,fbe27bc7f3591a6403fef3b2b6c805114e9215f4,2024-09-05T11:10:11-07:00,fbe27bc7f3591a6403fef3b2b6c805114e9215f4,2024-09-05T11:10:11-07:00,1,428,0.041666666666666664,,,False,False,1,0,284.49,0.0,0.003515057035665339,,496005961.0,stanford-crfm/levanter,Python
src/levanter/data/sharded_datasource.py,25,callable,ok,src.levanter.data.sharded_datasource.JsonlDataSource.__init__,src.levanter.data.sharded_datasource.JsonlDataSource.__init__,fbe27bc7f3591a6403fef3b2b6c805114e9215f4,2024-09-05T11:10:11-07:00,fbe27bc7f3591a6403fef3b2b6c805114e9215f4,2024-09-05T11:10:11-07:00,1,428,0.3333333333333333,,,False,False,1,0,284.49,0.0,0.003515057035665339,,496005961.0,stanford-crfm/levanter,Python
src/levanter/data/sharded_datasource.py,26,callable,ok,src.levanter.data.sharded_datasource.JsonlDataSource.shard_names,src.levanter.data.sharded_datasource.JsonlDataSource.shard_names,fbe27bc7f3591a6403fef3b2b6c805114e9215f4,2024-09-05T11:10:11-07:00,fbe27bc7f3591a6403fef3b2b6c805114e9215f4,2024-09-05T11:10:11-07:00,1,428,0.5,,,False,False,1,0,284.49,0.0,0.003515057035665339,,496005961.0,stanford-crfm/levanter,Python
src/levanter/data/sharded_datasource.py,27,callable,ok,src.levanter.data.sharded_datasource.JsonlDataSource.open_shard_at_row,src.levanter.data.sharded_datasource.JsonlDataSource.open_shard_at_row,fbe27bc7f3591a6403fef3b2b6c805114e9215f4,2024-09-05T11:10:11-07:00,fbe27bc7f3591a6403fef3b2b6c805114e9215f4,2024-09-05T11:10:11-07:00,1,428,0.1,,,False,False,1,0,284.49,0.0,0.003515057035665339,,496005961.0,stanford-crfm/levanter,Python
src/levanter/data/sharded_datasource.py,28,callable,ok,src.levanter.data.sharded_datasource.TextDataSource.__init__,src.levanter.data.sharded_datasource.TextDataSource.__init__,fbe27bc7f3591a6403fef3b2b6c805114e9215f4,2024-09-05T11:10:11-07:00,fbe27bc7f3591a6403fef3b2b6c805114e9215f4,2024-09-05T11:10:11-07:00,1,428,0.3333333333333333,,,False,False,1,0,284.49,0.0,0.003515057035665339,,496005961.0,stanford-crfm/levanter,Python
src/levanter/data/sharded_datasource.py,29,callable,ok,src.levanter.data.sharded_datasource.TextDataSource.shard_names,src.levanter.data.sharded_datasource.TextDataSource.shard_names,fbe27bc7f3591a6403fef3b2b6c805114e9215f4,2024-09-05T11:10:11-07:00,fbe27bc7f3591a6403fef3b2b6c805114e9215f4,2024-09-05T11:10:11-07:00,1,428,0.5,,,False,False,1,0,284.49,0.0,0.003515057035665339,,496005961.0,stanford-crfm/levanter,Python
src/levanter/data/sharded_datasource.py,30,callable,ok,src.levanter.data.sharded_datasource.TextDataSource.open_shard_at_row,src.levanter.data.sharded_datasource.TextDataSource.open_shard_at_row,fbe27bc7f3591a6403fef3b2b6c805114e9215f4,2024-09-05T11:10:11-07:00,fbe27bc7f3591a6403fef3b2b6c805114e9215f4,2024-09-05T11:10:11-07:00,1,428,0.125,,,False,False,1,0,284.49,0.0,0.003515057035665339,,496005961.0,stanford-crfm/levanter,Python
src/levanter/data/sharded_datasource.py,31,callable,ok,src.levanter.data.sharded_datasource.JsonDataSource.__init__,src.levanter.data.sharded_datasource.JsonDataSource.__init__,fbe27bc7f3591a6403fef3b2b6c805114e9215f4,2024-09-05T11:10:11-07:00,fbe27bc7f3591a6403fef3b2b6c805114e9215f4,2024-09-05T11:10:11-07:00,1,428,0.3333333333333333,,,False,False,1,0,284.49,0.0,0.003515057035665339,,496005961.0,stanford-crfm/levanter,Python
src/levanter/data/sharded_datasource.py,32,callable,ok,src.levanter.data.sharded_datasource.JsonDataSource.shard_names,src.levanter.data.sharded_datasource.JsonDataSource.shard_names,fbe27bc7f3591a6403fef3b2b6c805114e9215f4,2024-09-05T11:10:11-07:00,fbe27bc7f3591a6403fef3b2b6c805114e9215f4,2024-09-05T11:10:11-07:00,1,428,0.5,,,False,False,1,0,284.49,0.0,0.003515057035665339,,496005961.0,stanford-crfm/levanter,Python
src/levanter/data/sharded_datasource.py,33,callable,ok,src.levanter.data.sharded_datasource.JsonDataSource.open_shard_at_row,src.levanter.data.sharded_datasource.JsonDataSource.open_shard_at_row,fbe27bc7f3591a6403fef3b2b6c805114e9215f4,2024-09-05T11:10:11-07:00,fbe27bc7f3591a6403fef3b2b6c805114e9215f4,2024-09-05T11:10:11-07:00,1,428,0.16666666666666666,,,False,False,1,0,284.49,0.0,0.003515057035665339,,496005961.0,stanford-crfm/levanter,Python
src/levanter/data/sharded_datasource.py,34,callable,ok,src.levanter.data.sharded_datasource._MappedShardedDataSource.__init__,src.levanter.data.sharded_datasource._MappedShardedDataSource.__init__,fbe27bc7f3591a6403fef3b2b6c805114e9215f4,2024-09-05T11:10:11-07:00,fbe27bc7f3591a6403fef3b2b6c805114e9215f4,2024-09-05T11:10:11-07:00,1,428,0.25,,,False,False,1,0,284.49,0.0,0.003515057035665339,,496005961.0,stanford-crfm/levanter,Python
src/levanter/data/sharded_datasource.py,35,callable,ok,src.levanter.data.sharded_datasource._MappedShardedDataSource.shard_names,src.levanter.data.sharded_datasource._MappedShardedDataSource.shard_names,fbe27bc7f3591a6403fef3b2b6c805114e9215f4,2024-09-05T11:10:11-07:00,fbe27bc7f3591a6403fef3b2b6c805114e9215f4,2024-09-05T11:10:11-07:00,1,428,0.5,,,False,False,1,0,284.49,0.0,0.003515057035665339,,496005961.0,stanford-crfm/levanter,Python
src/levanter/data/sharded_datasource.py,36,callable,ok,src.levanter.data.sharded_datasource._MappedShardedDataSource.open_shard_at_row,src.levanter.data.sharded_datasource._MappedShardedDataSource.open_shard_at_row,fbe27bc7f3591a6403fef3b2b6c805114e9215f4,2024-09-05T11:10:11-07:00,fbe27bc7f3591a6403fef3b2b6c805114e9215f4,2024-09-05T11:10:11-07:00,1,428,0.5,,,False,False,1,0,284.49,0.0,0.003515057035665339,,496005961.0,stanford-crfm/levanter,Python
src/levanter/data/sharded_datasource.py,37,callable,ok,src.levanter.data.sharded_datasource._BatchMappedShardedDataSource.__init__,src.levanter.data.sharded_datasource._BatchMappedShardedDataSource.__init__,fbe27bc7f3591a6403fef3b2b6c805114e9215f4,2024-09-05T11:10:11-07:00,fbe27bc7f3591a6403fef3b2b6c805114e9215f4,2024-09-05T11:10:11-07:00,1,428,0.09090909090909091,,,False,False,1,0,284.49,0.0,0.003515057035665339,,496005961.0,stanford-crfm/levanter,Python
src/levanter/data/sharded_datasource.py,38,callable,ok,src.levanter.data.sharded_datasource._BatchMappedShardedDataSource.shard_names,src.levanter.data.sharded_datasource._BatchMappedShardedDataSource.shard_names,fbe27bc7f3591a6403fef3b2b6c805114e9215f4,2024-09-05T11:10:11-07:00,fbe27bc7f3591a6403fef3b2b6c805114e9215f4,2024-09-05T11:10:11-07:00,1,428,0.5,,,False,False,1,0,284.49,0.0,0.003515057035665339,,496005961.0,stanford-crfm/levanter,Python
src/levanter/data/sharded_datasource.py,39,callable,ok,src.levanter.data.sharded_datasource._BatchMappedShardedDataSource.open_shard_at_row,src.levanter.data.sharded_datasource._BatchMappedShardedDataSource.open_shard_at_row,fbe27bc7f3591a6403fef3b2b6c805114e9215f4,2024-09-05T11:10:11-07:00,fbe27bc7f3591a6403fef3b2b6c805114e9215f4,2024-09-05T11:10:11-07:00,1,428,0.0625,,,False,False,1,0,284.49,0.0,0.003515057035665339,,496005961.0,stanford-crfm/levanter,Python
src/levanter/data/text.py,0,class,ok,src.levanter.data.text.IndexedDataset,src.levanter.data.text.IndexedDataset,507a11db028dbf21ffb09b9278c535ab9f6b48be,2022-08-03T17:07:46-07:00,507a11db028dbf21ffb09b9278c535ab9f6b48be,2022-08-03T17:07:46-07:00,1,1191,0.038461538461538464,,,False,False,1,0,1048.24,0.0,0.0009539781085873532,,496005961.0,stanford-crfm/levanter,Python
src/levanter/data/text.py,1,class,ok,src.levanter.data.text.TokenizedDocumentCache,src.levanter.data.text.TokenizedDocumentCache,507a11db028dbf21ffb09b9278c535ab9f6b48be,2022-08-03T17:07:46-07:00,507a11db028dbf21ffb09b9278c535ab9f6b48be,2022-08-03T17:07:46-07:00,1,1191,0.03125,,,False,False,1,0,1048.24,0.0,0.0009539781085873532,,496005961.0,stanford-crfm/levanter,Python
src/levanter/data/text.py,0,callable,ok,src.levanter.data.text._load_ledger,src.levanter.data.text._load_ledger,507a11db028dbf21ffb09b9278c535ab9f6b48be,2022-08-03T17:07:46-07:00,507a11db028dbf21ffb09b9278c535ab9f6b48be,2022-08-03T17:07:46-07:00,1,1191,0.1111111111111111,,,False,False,1,0,1048.24,0.0,0.0009539781085873532,,496005961.0,stanford-crfm/levanter,Python
src/levanter/data/text.py,1,callable,ok,src.levanter.data.text.read_cache_file,src.levanter.data.text.read_cache_file,507a11db028dbf21ffb09b9278c535ab9f6b48be,2022-08-03T17:07:46-07:00,507a11db028dbf21ffb09b9278c535ab9f6b48be,2022-08-03T17:07:46-07:00,1,1191,0.0625,,,False,False,1,0,1048.24,0.0,0.0009539781085873532,,496005961.0,stanford-crfm/levanter,Python
src/levanter/data/text.py,2,callable,ok,src.levanter.data.text._as_record_batch,src.levanter.data.text._as_record_batch,507a11db028dbf21ffb09b9278c535ab9f6b48be,2022-08-03T17:07:46-07:00,507a11db028dbf21ffb09b9278c535ab9f6b48be,2022-08-03T17:07:46-07:00,1,1191,0.09090909090909091,,,False,False,1,0,1048.24,0.0,0.0009539781085873532,,496005961.0,stanford-crfm/levanter,Python
src/levanter/data/text.py,3,callable,ok,src.levanter.data.text.build_cache,src.levanter.data.text.build_cache,507a11db028dbf21ffb09b9278c535ab9f6b48be,2022-08-03T17:07:46-07:00,507a11db028dbf21ffb09b9278c535ab9f6b48be,2022-08-03T17:07:46-07:00,1,1191,0.016129032258064516,,,False,False,1,0,1048.24,0.0,0.0009539781085873532,,496005961.0,stanford-crfm/levanter,Python
src/levanter/data/text.py,4,callable,ok,src.levanter.data.text.tokenize_batch,src.levanter.data.text.tokenize_batch,507a11db028dbf21ffb09b9278c535ab9f6b48be,2022-08-03T17:07:46-07:00,507a11db028dbf21ffb09b9278c535ab9f6b48be,2022-08-03T17:07:46-07:00,1,1191,0.14285714285714285,,,False,False,1,0,1048.24,0.0,0.0009539781085873532,,496005961.0,stanford-crfm/levanter,Python
src/levanter/data/text.py,5,callable,ok,src.levanter.data.text.preprocess_dataset,src.levanter.data.text.preprocess_dataset,507a11db028dbf21ffb09b9278c535ab9f6b48be,2022-08-03T17:07:46-07:00,507a11db028dbf21ffb09b9278c535ab9f6b48be,2022-08-03T17:07:46-07:00,1,1191,0.2,,,False,False,1,0,1048.24,0.0,0.0009539781085873532,,496005961.0,stanford-crfm/levanter,Python
src/levanter/data/text.py,6,callable,ok,src.levanter.data.text.concatenate_and_group_texts,src.levanter.data.text.concatenate_and_group_texts,507a11db028dbf21ffb09b9278c535ab9f6b48be,2022-08-03T17:07:46-07:00,507a11db028dbf21ffb09b9278c535ab9f6b48be,2022-08-03T17:07:46-07:00,1,1191,0.02564102564102564,,,False,False,1,0,1048.24,0.0,0.0009539781085873532,,496005961.0,stanford-crfm/levanter,Python
src/levanter/data/text.py,7,callable,ok,src.levanter.data.text._mask_overlap,src.levanter.data.text._mask_overlap,507a11db028dbf21ffb09b9278c535ab9f6b48be,2022-08-03T17:07:46-07:00,507a11db028dbf21ffb09b9278c535ab9f6b48be,2022-08-03T17:07:46-07:00,1,1191,0.09090909090909091,,,False,False,1,0,1048.24,0.0,0.0009539781085873532,,496005961.0,stanford-crfm/levanter,Python
src/levanter/data/text.py,8,callable,ok,src.levanter.data.text.IndexedDataset.__init__,src.levanter.data.text.IndexedDataset.__init__,507a11db028dbf21ffb09b9278c535ab9f6b48be,2022-08-03T17:07:46-07:00,507a11db028dbf21ffb09b9278c535ab9f6b48be,2022-08-03T17:07:46-07:00,1,1191,0.25,,,False,False,1,0,1048.24,0.0,0.0009539781085873532,,496005961.0,stanford-crfm/levanter,Python
src/levanter/data/text.py,9,callable,ok,src.levanter.data.text.IndexedDataset.shard,src.levanter.data.text.IndexedDataset.shard,507a11db028dbf21ffb09b9278c535ab9f6b48be,2022-08-03T17:07:46-07:00,507a11db028dbf21ffb09b9278c535ab9f6b48be,2022-08-03T17:07:46-07:00,1,1191,0.2,,,False,False,1,0,1048.24,0.0,0.0009539781085873532,,496005961.0,stanford-crfm/levanter,Python
src/levanter/data/text.py,10,callable,ok,src.levanter.data.text.IndexedDataset.__iter__,src.levanter.data.text.IndexedDataset.__iter__,507a11db028dbf21ffb09b9278c535ab9f6b48be,2022-08-03T17:07:46-07:00,507a11db028dbf21ffb09b9278c535ab9f6b48be,2022-08-03T17:07:46-07:00,1,1191,0.3333333333333333,,,False,False,1,0,1048.24,0.0,0.0009539781085873532,,496005961.0,stanford-crfm/levanter,Python
src/levanter/data/text.py,11,callable,ok,src.levanter.data.text.IndexedDataset.build_or_load,src.levanter.data.text.IndexedDataset.build_or_load,507a11db028dbf21ffb09b9278c535ab9f6b48be,2022-08-03T17:07:46-07:00,507a11db028dbf21ffb09b9278c535ab9f6b48be,2022-08-03T17:07:46-07:00,1,1191,0.1111111111111111,,,False,False,1,0,1048.24,0.0,0.0009539781085873532,,496005961.0,stanford-crfm/levanter,Python
src/levanter/data/text.py,12,callable,ok,src.levanter.data.text.TokenizedDocumentCache.__init__,src.levanter.data.text.TokenizedDocumentCache.__init__,507a11db028dbf21ffb09b9278c535ab9f6b48be,2022-08-03T17:07:46-07:00,507a11db028dbf21ffb09b9278c535ab9f6b48be,2022-08-03T17:07:46-07:00,1,1191,0.25,,,False,False,1,0,1048.24,0.0,0.0009539781085873532,,496005961.0,stanford-crfm/levanter,Python
src/levanter/data/text.py,13,callable,ok,src.levanter.data.text.TokenizedDocumentCache.__iter__,src.levanter.data.text.TokenizedDocumentCache.__iter__,507a11db028dbf21ffb09b9278c535ab9f6b48be,2022-08-03T17:07:46-07:00,507a11db028dbf21ffb09b9278c535ab9f6b48be,2022-08-03T17:07:46-07:00,1,1191,0.2,,,False,False,1,0,1048.24,0.0,0.0009539781085873532,,496005961.0,stanford-crfm/levanter,Python
src/levanter/data/text.py,14,callable,ok,src.levanter.data.text.TokenizedDocumentCache.load,src.levanter.data.text.TokenizedDocumentCache.load,507a11db028dbf21ffb09b9278c535ab9f6b48be,2022-08-03T17:07:46-07:00,507a11db028dbf21ffb09b9278c535ab9f6b48be,2022-08-03T17:07:46-07:00,1,1191,0.3333333333333333,,,False,False,1,0,1048.24,0.0,0.0009539781085873532,,496005961.0,stanford-crfm/levanter,Python
src/levanter/data/text.py,15,callable,ok,src.levanter.data.text.TokenizedDocumentCache.build_or_load,src.levanter.data.text.TokenizedDocumentCache.build_or_load,507a11db028dbf21ffb09b9278c535ab9f6b48be,2022-08-03T17:07:46-07:00,507a11db028dbf21ffb09b9278c535ab9f6b48be,2022-08-03T17:07:46-07:00,1,1191,0.3333333333333333,,,False,False,1,0,1048.24,0.0,0.0009539781085873532,,496005961.0,stanford-crfm/levanter,Python
src/levanter/data/text.py,16,callable,ok,src.levanter.data.text.TokenizedDocumentCache.shard,src.levanter.data.text.TokenizedDocumentCache.shard,507a11db028dbf21ffb09b9278c535ab9f6b48be,2022-08-03T17:07:46-07:00,507a11db028dbf21ffb09b9278c535ab9f6b48be,2022-08-03T17:07:46-07:00,1,1191,0.1,,,False,False,1,0,1048.24,0.0,0.0009539781085873532,,496005961.0,stanford-crfm/levanter,Python
src/levanter/data/utils.py,0,callable,ok,src.levanter.data.utils.batched,src.levanter.data.utils.batched,507a11db028dbf21ffb09b9278c535ab9f6b48be,2022-08-03T17:07:46-07:00,507a11db028dbf21ffb09b9278c535ab9f6b48be,2022-08-03T17:07:46-07:00,1,1191,0.125,,,False,False,1,0,1048.24,0.0,0.0009539781085873532,,496005961.0,stanford-crfm/levanter,Python
src/levanter/eval.py,0,class,ok,src.levanter.eval.EvalResult,src.levanter.eval.EvalResult,e827864329db3613913680f917b7039cec0baab6,2024-04-17T12:58:30-07:00,07b3f1639ec4b2f05779733109a2906378e1af5a,2024-09-17T22:28:09-07:00,3,568,0.3,0.9493759555818513,,False,False,3,0,425.42,0.0,0.0070519344500927636,,496005961.0,stanford-crfm/levanter,Python
src/levanter/eval.py,1,class,ok,src.levanter.eval.DomainTaggedDataset,src.levanter.eval.DomainTaggedDataset,e827864329db3613913680f917b7039cec0baab6,2024-04-17T12:58:30-07:00,e9b463e5262e1e279c9c328e24280022732c7cd2,2025-03-26T13:01:11-07:00,6,568,0.05825242718446602,1.8661281009131694,,False,False,6,0,425.42,0.0,0.014103868900185527,,496005961.0,stanford-crfm/levanter,Python
src/levanter/eval.py,2,class,ok,src.levanter.eval.TaggedEvaluator,src.levanter.eval.TaggedEvaluator,e827864329db3613913680f917b7039cec0baab6,2024-04-17T12:58:30-07:00,e9b463e5262e1e279c9c328e24280022732c7cd2,2025-03-26T13:01:11-07:00,9,568,0.046875,2.416813243275448,,False,False,9,0,425.42,0.0,0.02115580335027829,,496005961.0,stanford-crfm/levanter,Python
src/levanter/eval.py,3,class,ok,src.levanter.eval._EvalRunningMeans,src.levanter.eval._EvalRunningMeans,07b3f1639ec4b2f05779733109a2906378e1af5a,2024-09-17T22:28:09-07:00,07b3f1639ec4b2f05779733109a2906378e1af5a,2024-09-17T22:28:09-07:00,1,415,0.09090909090909091,,,False,False,1,0,272.02,0.0,0.003676205754002352,,496005961.0,stanford-crfm/levanter,Python
src/levanter/eval.py,4,callable,ok,src.levanter.eval.DomainTaggedDataset.__iter__,src.levanter.eval.DomainTaggedDataset.__iter__,e827864329db3613913680f917b7039cec0baab6,2024-04-17T12:58:30-07:00,e827864329db3613913680f917b7039cec0baab6,2024-04-17T12:58:30-07:00,1,0,0.07692307692307693,,,True,False,1,0,425.42,0.0,0.002350644816697588,,496005961.0,stanford-crfm/levanter,Python
src/levanter/eval.py,0,callable,ok,src.levanter.eval._join_prefix,src.levanter.eval._join_prefix,e827864329db3613913680f917b7039cec0baab6,2024-04-17T12:58:30-07:00,e827864329db3613913680f917b7039cec0baab6,2024-04-17T12:58:30-07:00,1,568,0.25,,,False,False,1,0,425.42,0.0,0.002350644816697588,,496005961.0,stanford-crfm/levanter,Python
src/levanter/eval.py,1,callable,ok,src.levanter.eval.cb_tagged_lm_evaluate,src.levanter.eval.cb_tagged_lm_evaluate,e827864329db3613913680f917b7039cec0baab6,2024-04-17T12:58:30-07:00,e9b463e5262e1e279c9c328e24280022732c7cd2,2025-03-26T13:01:11-07:00,10,568,0.16666666666666666,3.0019880675256623,,False,False,10,0,425.42,0.0,0.023506448166975877,,496005961.0,stanford-crfm/levanter,Python
src/levanter/eval.py,2,callable,ok,src.levanter.eval.DomainTaggedDataset.tags,src.levanter.eval.DomainTaggedDataset.tags,e827864329db3613913680f917b7039cec0baab6,2024-04-17T12:58:30-07:00,e827864329db3613913680f917b7039cec0baab6,2024-04-17T12:58:30-07:00,1,568,0.5,,,False,False,1,0,425.42,0.0,0.002350644816697588,,496005961.0,stanford-crfm/levanter,Python
src/levanter/eval.py,3,callable,ok,src.levanter.eval.DomainTaggedDataset.__init__,src.levanter.eval.DomainTaggedDataset.__init__,e827864329db3613913680f917b7039cec0baab6,2024-04-17T12:58:30-07:00,e9b463e5262e1e279c9c328e24280022732c7cd2,2025-03-26T13:01:11-07:00,5,568,0.2,1.543524868197964,,False,False,5,0,425.42,0.0,0.011753224083487938,,496005961.0,stanford-crfm/levanter,Python
src/levanter/eval.py,5,callable,ok,src.levanter.eval.TaggedEvaluator.__init__,src.levanter.eval.TaggedEvaluator.__init__,e827864329db3613913680f917b7039cec0baab6,2024-04-17T12:58:30-07:00,e9b463e5262e1e279c9c328e24280022732c7cd2,2025-03-26T13:01:11-07:00,7,568,0.07865168539325842,2.224891535540421,,False,False,7,0,425.42,0.0,0.016454513716883116,,496005961.0,stanford-crfm/levanter,Python
src/levanter/eval.py,6,callable,ok,src.levanter.eval.TaggedEvaluator.evaluate,src.levanter.eval.TaggedEvaluator.evaluate,e827864329db3613913680f917b7039cec0baab6,2024-04-17T12:58:30-07:00,83f3f34640122476e4fd3955d66b603c82d1e1e3,2025-02-20T22:58:35-08:00,6,568,0.07792207792207792,1.6599271018920247,,False,False,6,0,425.42,0.0,0.014103868900185527,,496005961.0,stanford-crfm/levanter,Python
src/levanter/eval.py,7,callable,ok,src.levanter.eval.DomainTaggedDataset._get_offsets,src.levanter.eval.DomainTaggedDataset._get_offsets,fbe27bc7f3591a6403fef3b2b6c805114e9215f4,2024-09-05T11:10:11-07:00,e9b463e5262e1e279c9c328e24280022732c7cd2,2025-03-26T13:01:11-07:00,3,428,0.375,0.6484569044503452,,False,False,3,0,284.49,0.0,0.010545171106996017,,496005961.0,stanford-crfm/levanter,Python
src/levanter/eval.py,8,callable,ok,src.levanter.eval.DomainTaggedDataset._compute_tag_arrays,src.levanter.eval.DomainTaggedDataset._compute_tag_arrays,fbe27bc7f3591a6403fef3b2b6c805114e9215f4,2024-09-05T11:10:11-07:00,fbe27bc7f3591a6403fef3b2b6c805114e9215f4,2024-09-05T11:10:11-07:00,1,428,0.1,,,False,False,1,0,284.49,0.0,0.003515057035665339,,496005961.0,stanford-crfm/levanter,Python
src/levanter/eval.py,9,callable,ok,src.levanter.eval.DomainTaggedDataset.async_len,src.levanter.eval.DomainTaggedDataset.async_len,fbe27bc7f3591a6403fef3b2b6c805114e9215f4,2024-09-05T11:10:11-07:00,fbe27bc7f3591a6403fef3b2b6c805114e9215f4,2024-09-05T11:10:11-07:00,1,428,0.5,,,False,False,1,0,284.49,0.0,0.003515057035665339,,496005961.0,stanford-crfm/levanter,Python
src/levanter/eval.py,10,callable,ok,src.levanter.eval.DomainTaggedDataset.getitem_async,src.levanter.eval.DomainTaggedDataset.getitem_async,fbe27bc7f3591a6403fef3b2b6c805114e9215f4,2024-09-05T11:10:11-07:00,fbe27bc7f3591a6403fef3b2b6c805114e9215f4,2024-09-05T11:10:11-07:00,1,428,0.16666666666666666,,,False,False,1,0,284.49,0.0,0.003515057035665339,,496005961.0,stanford-crfm/levanter,Python
src/levanter/eval.py,11,callable,ok,src.levanter.eval.DomainTaggedDataset.get_batch,src.levanter.eval.DomainTaggedDataset.get_batch,fbe27bc7f3591a6403fef3b2b6c805114e9215f4,2024-09-05T11:10:11-07:00,e9b463e5262e1e279c9c328e24280022732c7cd2,2025-03-26T13:01:11-07:00,3,428,0.10714285714285714,0.6484569044503452,,False,False,3,0,284.49,0.0,0.010545171106996017,,496005961.0,stanford-crfm/levanter,Python
src/levanter/eval.py,12,callable,ok,src.levanter.eval.DomainTaggedDataset.final_length_is_known,src.levanter.eval.DomainTaggedDataset.final_length_is_known,fbe27bc7f3591a6403fef3b2b6c805114e9215f4,2024-09-05T11:10:11-07:00,fbe27bc7f3591a6403fef3b2b6c805114e9215f4,2024-09-05T11:10:11-07:00,1,428,0.5,,,False,False,1,0,284.49,0.0,0.003515057035665339,,496005961.0,stanford-crfm/levanter,Python
src/levanter/eval.py,13,callable,ok,src.levanter.eval.DomainTaggedDataset.is_finite,src.levanter.eval.DomainTaggedDataset.is_finite,fbe27bc7f3591a6403fef3b2b6c805114e9215f4,2024-09-05T11:10:11-07:00,fbe27bc7f3591a6403fef3b2b6c805114e9215f4,2024-09-05T11:10:11-07:00,1,428,0.5,,,False,False,1,0,284.49,0.0,0.003515057035665339,,496005961.0,stanford-crfm/levanter,Python
src/levanter/eval.py,14,callable,ok,src.levanter.eval.DomainTaggedDataset.current_len,src.levanter.eval.DomainTaggedDataset.current_len,fbe27bc7f3591a6403fef3b2b6c805114e9215f4,2024-09-05T11:10:11-07:00,fbe27bc7f3591a6403fef3b2b6c805114e9215f4,2024-09-05T11:10:11-07:00,1,428,0.3333333333333333,,,False,False,1,0,284.49,0.0,0.003515057035665339,,496005961.0,stanford-crfm/levanter,Python
src/levanter/eval.py,15,callable,ok,src.levanter.eval.TaggedEvaluator._calculate_bytes_per_token_type,src.levanter.eval.TaggedEvaluator._calculate_bytes_per_token_type,07b3f1639ec4b2f05779733109a2906378e1af5a,2024-09-17T22:28:09-07:00,07b3f1639ec4b2f05779733109a2906378e1af5a,2024-09-17T22:28:09-07:00,1,415,0.08333333333333333,,,False,False,1,0,272.02,0.0,0.003676205754002352,,496005961.0,stanford-crfm/levanter,Python
src/levanter/eval.py,16,callable,ok,src.levanter.eval._EvalRunningMeans.zeros_like,src.levanter.eval._EvalRunningMeans.zeros_like,07b3f1639ec4b2f05779733109a2906378e1af5a,2024-09-17T22:28:09-07:00,07b3f1639ec4b2f05779733109a2906378e1af5a,2024-09-17T22:28:09-07:00,1,415,0.25,,,False,False,1,0,272.02,0.0,0.003676205754002352,,496005961.0,stanford-crfm/levanter,Python
src/levanter/eval.py,17,callable,ok,src.levanter.eval.eval_model,src.levanter.eval.eval_model,e9b463e5262e1e279c9c328e24280022732c7cd2,2025-03-26T13:01:11-07:00,e9b463e5262e1e279c9c328e24280022732c7cd2,2025-03-26T13:01:11-07:00,1,225,0.2,,,False,False,1,0,82.41,0.0,0.012133960610411247,,496005961.0,stanford-crfm/levanter,Python
src/levanter/eval.py,18,callable,ok,src.levanter.eval._construct_log_dict,src.levanter.eval._construct_log_dict,e9b463e5262e1e279c9c328e24280022732c7cd2,2025-03-26T13:01:11-07:00,e9b463e5262e1e279c9c328e24280022732c7cd2,2025-03-26T13:01:11-07:00,1,225,0.024390243902439025,,,False,False,1,0,82.41,0.0,0.012133960610411247,,496005961.0,stanford-crfm/levanter,Python
src/levanter/inference/engine.py,0,class,ok,src.levanter.inference.engine.Request,src.levanter.inference.engine.Request,144f065846b52b5be5c3426ca8db713189e72796,2025-09-16T10:32:39-07:00,144f065846b52b5be5c3426ca8db713189e72796,2025-09-16T10:32:39-07:00,1,52,0.14285714285714285,,,False,False,0,1,0.0,91.48,,0.0109309293048473,496005961.0,stanford-crfm/levanter,Python
src/levanter/inference/engine.py,1,class,ok,src.levanter.inference.engine.DecodeResult,src.levanter.inference.engine.DecodeResult,144f065846b52b5be5c3426ca8db713189e72796,2025-09-16T10:32:39-07:00,144f065846b52b5be5c3426ca8db713189e72796,2025-09-16T10:32:39-07:00,1,52,0.09090909090909091,,,False,False,0,1,0.0,91.48,,0.0109309293048473,496005961.0,stanford-crfm/levanter,Python
src/levanter/inference/engine.py,2,class,ok,src.levanter.inference.engine.InferenceEngineConfig,src.levanter.inference.engine.InferenceEngineConfig,144f065846b52b5be5c3426ca8db713189e72796,2025-09-16T10:32:39-07:00,144f065846b52b5be5c3426ca8db713189e72796,2025-09-16T10:32:39-07:00,1,52,0.020833333333333332,,,False,False,0,1,0.0,91.48,,0.0109309293048473,496005961.0,stanford-crfm/levanter,Python
src/levanter/inference/engine.py,3,class,ok,src.levanter.inference.engine.GenState,src.levanter.inference.engine.GenState,144f065846b52b5be5c3426ca8db713189e72796,2025-09-16T10:32:39-07:00,144f065846b52b5be5c3426ca8db713189e72796,2025-09-16T10:32:39-07:00,1,52,0.013333333333333334,,,False,False,0,1,0.0,91.48,,0.0109309293048473,496005961.0,stanford-crfm/levanter,Python
src/levanter/inference/engine.py,4,class,ok,src.levanter.inference.engine.InferenceEngine,src.levanter.inference.engine.InferenceEngine,144f065846b52b5be5c3426ca8db713189e72796,2025-09-16T10:32:39-07:00,144f065846b52b5be5c3426ca8db713189e72796,2025-09-16T10:32:39-07:00,1,52,0.0020161290322580645,,,False,False,0,1,0.0,91.48,,0.0109309293048473,496005961.0,stanford-crfm/levanter,Python
src/levanter/inference/engine.py,0,callable,ok,src.levanter.inference.engine._compute_sample_indices,src.levanter.inference.engine._compute_sample_indices,144f065846b52b5be5c3426ca8db713189e72796,2025-09-16T10:32:39-07:00,144f065846b52b5be5c3426ca8db713189e72796,2025-09-16T10:32:39-07:00,1,52,0.07142857142857142,,,False,False,0,1,0.0,91.48,,0.0109309293048473,496005961.0,stanford-crfm/levanter,Python
src/levanter/inference/engine.py,1,callable,ok,src.levanter.inference.engine._release_finished_device,src.levanter.inference.engine._release_finished_device,144f065846b52b5be5c3426ca8db713189e72796,2025-09-16T10:32:39-07:00,144f065846b52b5be5c3426ca8db713189e72796,2025-09-16T10:32:39-07:00,1,52,0.07142857142857142,,,False,False,0,1,0.0,91.48,,0.0109309293048473,496005961.0,stanford-crfm/levanter,Python
src/levanter/inference/engine.py,2,callable,ok,src.levanter.inference.engine._run_prefill,src.levanter.inference.engine._run_prefill,144f065846b52b5be5c3426ca8db713189e72796,2025-09-16T10:32:39-07:00,144f065846b52b5be5c3426ca8db713189e72796,2025-09-16T10:32:39-07:00,1,52,0.014705882352941176,,,False,False,0,1,0.0,91.48,,0.0109309293048473,496005961.0,stanford-crfm/levanter,Python
src/levanter/inference/engine.py,3,callable,ok,src.levanter.inference.engine._handle_clones,src.levanter.inference.engine._handle_clones,144f065846b52b5be5c3426ca8db713189e72796,2025-09-16T10:32:39-07:00,144f065846b52b5be5c3426ca8db713189e72796,2025-09-16T10:32:39-07:00,1,52,0.008849557522123894,,,False,False,0,1,0.0,91.48,,0.0109309293048473,496005961.0,stanford-crfm/levanter,Python
src/levanter/inference/engine.py,4,callable,ok,src.levanter.inference.engine._run_generation_loop,src.levanter.inference.engine._run_generation_loop,144f065846b52b5be5c3426ca8db713189e72796,2025-09-16T10:32:39-07:00,144f065846b52b5be5c3426ca8db713189e72796,2025-09-16T10:32:39-07:00,1,52,0.012195121951219513,,,False,False,0,1,0.0,91.48,,0.0109309293048473,496005961.0,stanford-crfm/levanter,Python
src/levanter/inference/engine.py,5,callable,ok,src.levanter.inference.engine.InferenceEngineConfig.imputed_max_pages,src.levanter.inference.engine.InferenceEngineConfig.imputed_max_pages,144f065846b52b5be5c3426ca8db713189e72796,2025-09-16T10:32:39-07:00,144f065846b52b5be5c3426ca8db713189e72796,2025-09-16T10:32:39-07:00,1,52,0.3333333333333333,,,False,False,0,1,0.0,91.48,,0.0109309293048473,496005961.0,stanford-crfm/levanter,Python
src/levanter/inference/engine.py,6,callable,ok,src.levanter.inference.engine.GenState.clone_sequence,src.levanter.inference.engine.GenState.clone_sequence,144f065846b52b5be5c3426ca8db713189e72796,2025-09-16T10:32:39-07:00,144f065846b52b5be5c3426ca8db713189e72796,2025-09-16T10:32:39-07:00,1,52,0.015625,,,False,False,0,1,0.0,91.48,,0.0109309293048473,496005961.0,stanford-crfm/levanter,Python
src/levanter/inference/engine.py,7,callable,ok,src.levanter.inference.engine.InferenceEngine.__init__,src.levanter.inference.engine.InferenceEngine.__init__,144f065846b52b5be5c3426ca8db713189e72796,2025-09-16T10:32:39-07:00,144f065846b52b5be5c3426ca8db713189e72796,2025-09-16T10:32:39-07:00,1,52,0.03333333333333333,,,False,False,0,1,0.0,91.48,,0.0109309293048473,496005961.0,stanford-crfm/levanter,Python
src/levanter/inference/engine.py,8,callable,ok,src.levanter.inference.engine.InferenceEngine.from_model,src.levanter.inference.engine.InferenceEngine.from_model,144f065846b52b5be5c3426ca8db713189e72796,2025-09-16T10:32:39-07:00,144f065846b52b5be5c3426ca8db713189e72796,2025-09-16T10:32:39-07:00,1,52,0.038461538461538464,,,False,False,0,1,0.0,91.48,,0.0109309293048473,496005961.0,stanford-crfm/levanter,Python
src/levanter/inference/engine.py,9,callable,ok,src.levanter.inference.engine.InferenceEngine.from_model_with_config,src.levanter.inference.engine.InferenceEngine.from_model_with_config,144f065846b52b5be5c3426ca8db713189e72796,2025-09-16T10:32:39-07:00,144f065846b52b5be5c3426ca8db713189e72796,2025-09-16T10:32:39-07:00,1,52,0.04,,,False,False,0,1,0.0,91.48,,0.0109309293048473,496005961.0,stanford-crfm/levanter,Python
src/levanter/inference/engine.py,10,callable,ok,src.levanter.inference.engine.InferenceEngine.reset,src.levanter.inference.engine.InferenceEngine.reset,144f065846b52b5be5c3426ca8db713189e72796,2025-09-16T10:32:39-07:00,144f065846b52b5be5c3426ca8db713189e72796,2025-09-16T10:32:39-07:00,1,52,0.06666666666666667,,,False,False,0,1,0.0,91.48,,0.0109309293048473,496005961.0,stanford-crfm/levanter,Python
src/levanter/inference/engine.py,11,callable,ok,src.levanter.inference.engine.InferenceEngine._release_finished_sequences,src.levanter.inference.engine.InferenceEngine._release_finished_sequences,144f065846b52b5be5c3426ca8db713189e72796,2025-09-16T10:32:39-07:00,144f065846b52b5be5c3426ca8db713189e72796,2025-09-16T10:32:39-07:00,1,52,0.043478260869565216,,,False,False,0,1,0.0,91.48,,0.0109309293048473,496005961.0,stanford-crfm/levanter,Python
src/levanter/inference/engine.py,12,callable,ok,src.levanter.inference.engine.InferenceEngine.enqueue_requests,src.levanter.inference.engine.InferenceEngine.enqueue_requests,144f065846b52b5be5c3426ca8db713189e72796,2025-09-16T10:32:39-07:00,144f065846b52b5be5c3426ca8db713189e72796,2025-09-16T10:32:39-07:00,1,52,0.3333333333333333,,,False,False,0,1,0.0,91.48,,0.0109309293048473,496005961.0,stanford-crfm/levanter,Python
src/levanter/inference/engine.py,13,callable,ok,src.levanter.inference.engine.InferenceEngine._admit_from_queue,src.levanter.inference.engine.InferenceEngine._admit_from_queue,144f065846b52b5be5c3426ca8db713189e72796,2025-09-16T10:32:39-07:00,144f065846b52b5be5c3426ca8db713189e72796,2025-09-16T10:32:39-07:00,1,52,0.022727272727272728,,,False,False,0,1,0.0,91.48,,0.0109309293048473,496005961.0,stanford-crfm/levanter,Python
src/levanter/inference/engine.py,14,callable,ok,src.levanter.inference.engine.InferenceEngine._free_page_count,src.levanter.inference.engine.InferenceEngine._free_page_count,144f065846b52b5be5c3426ca8db713189e72796,2025-09-16T10:32:39-07:00,144f065846b52b5be5c3426ca8db713189e72796,2025-09-16T10:32:39-07:00,1,52,0.25,,,False,False,0,1,0.0,91.48,,0.0109309293048473,496005961.0,stanford-crfm/levanter,Python
src/levanter/inference/engine.py,15,callable,ok,src.levanter.inference.engine.InferenceEngine._pages_needed_for_prompt,src.levanter.inference.engine.InferenceEngine._pages_needed_for_prompt,144f065846b52b5be5c3426ca8db713189e72796,2025-09-16T10:32:39-07:00,144f065846b52b5be5c3426ca8db713189e72796,2025-09-16T10:32:39-07:00,1,52,0.3333333333333333,,,False,False,0,1,0.0,91.48,,0.0109309293048473,496005961.0,stanford-crfm/levanter,Python
src/levanter/inference/engine.py,16,callable,ok,src.levanter.inference.engine.InferenceEngine._prefill_prompts,src.levanter.inference.engine.InferenceEngine._prefill_prompts,144f065846b52b5be5c3426ca8db713189e72796,2025-09-16T10:32:39-07:00,144f065846b52b5be5c3426ca8db713189e72796,2025-09-16T10:32:39-07:00,1,52,0.011494252873563218,,,False,False,0,1,0.0,91.48,,0.0109309293048473,496005961.0,stanford-crfm/levanter,Python
src/levanter/inference/engine.py,17,callable,ok,src.levanter.inference.engine.InferenceEngine.generate,src.levanter.inference.engine.InferenceEngine.generate,144f065846b52b5be5c3426ca8db713189e72796,2025-09-16T10:32:39-07:00,144f065846b52b5be5c3426ca8db713189e72796,2025-09-16T10:32:39-07:00,1,52,0.006369426751592357,,,False,False,0,1,0.0,91.48,,0.0109309293048473,496005961.0,stanford-crfm/levanter,Python
src/levanter/inference/engine.py,18,callable,ok,src.levanter.inference.engine.InferenceEngine._extract_outputs,src.levanter.inference.engine.InferenceEngine._extract_outputs,144f065846b52b5be5c3426ca8db713189e72796,2025-09-16T10:32:39-07:00,144f065846b52b5be5c3426ca8db713189e72796,2025-09-16T10:32:39-07:00,1,52,0.022222222222222223,,,False,False,0,1,0.0,91.48,,0.0109309293048473,496005961.0,stanford-crfm/levanter,Python
src/levanter/inference/engine.py,19,callable,ok,src.levanter.inference.engine.InferenceEngine._ingest_outputs,src.levanter.inference.engine.InferenceEngine._ingest_outputs,144f065846b52b5be5c3426ca8db713189e72796,2025-09-16T10:32:39-07:00,144f065846b52b5be5c3426ca8db713189e72796,2025-09-16T10:32:39-07:00,1,52,0.1,,,False,False,0,1,0.0,91.48,,0.0109309293048473,496005961.0,stanford-crfm/levanter,Python
src/levanter/inference/page_table.py,2,class,ok,src.levanter.inference.page_table.PageTableSpec,src.levanter.inference.page_table.PageTableSpec,cc11732af0fe375b958aeee7cf23f385d337cb9e,2025-10-15T11:39:32-07:00,cc11732af0fe375b958aeee7cf23f385d337cb9e,2025-10-15T11:39:32-07:00,1,0,0.2,,,True,False,0,1,0.0,120.53,,0.008296691214245725,496005961.0,stanford-crfm/levanter,Python
src/levanter/inference/page_table.py,0,class,ok,src.levanter.inference.page_table.PageTable,src.levanter.inference.page_table.PageTable,e5b6be6f1f360f2ca28a696bac2ff4ce8283c95f,2025-09-11T15:39:27-07:00,43751a79f661f6e114cbf4a271ee4d48ff65a328,2025-11-03T15:37:45-08:00,7,56,0.2,1.5733295654254706,,False,False,0,7,0.0,139.74,,0.05009407963020497,496005961.0,stanford-crfm/levanter,Python
src/levanter/inference/page_table.py,1,class,ok,src.levanter.inference.page_table.PageBatchInfo,src.levanter.inference.page_table.PageBatchInfo,e5b6be6f1f360f2ca28a696bac2ff4ce8283c95f,2025-09-11T15:39:27-07:00,34ed673a46faa36846dcb5219f667ec6b8141f22,2025-10-15T16:59:36-07:00,6,56,0.18181818181818182,1.189093359782646,,False,False,0,6,0.0,120.75,,0.04968851702588921,496005961.0,stanford-crfm/levanter,Python
src/levanter/inference/page_table.py,3,class,ok,src.levanter.inference.page_table.PageTableSpec,src.levanter.inference.page_table.PageTableSpec,34ed673a46faa36846dcb5219f667ec6b8141f22,2025-10-15T16:59:36-07:00,34ed673a46faa36846dcb5219f667ec6b8141f22,2025-10-15T16:59:36-07:00,1,22,0.2,,,False,False,0,1,0.0,120.75,,0.00828141950431487,496005961.0,stanford-crfm/levanter,Python
src/levanter/inference/page_table.py,0,callable,ok,src.levanter.inference.page_table._relative_positions,src.levanter.inference.page_table._relative_positions,e5b6be6f1f360f2ca28a696bac2ff4ce8283c95f,2025-09-11T15:39:27-07:00,e5b6be6f1f360f2ca28a696bac2ff4ce8283c95f,2025-09-11T15:39:27-07:00,1,0,0.14285714285714285,,,True,False,0,1,0.0,86.7,,0.011534479616745556,496005961.0,stanford-crfm/levanter,Python
src/levanter/inference/page_table.py,5,callable,ok,src.levanter.inference.page_table.PageTable.current_num_seqs,src.levanter.inference.page_table.PageTable.current_num_seqs,e5b6be6f1f360f2ca28a696bac2ff4ce8283c95f,2025-09-11T15:39:27-07:00,144f065846b52b5be5c3426ca8db713189e72796,2025-09-16T10:32:39-07:00,3,4,1.0,0.6779537588678372,,True,False,0,3,0.0,91.48,,0.0327927879145419,496005961.0,stanford-crfm/levanter,Python
src/levanter/inference/page_table.py,6,callable,ok,src.levanter.inference.page_table.PageTable.max_Seq,src.levanter.inference.page_table.PageTable.max_Seq,e5b6be6f1f360f2ca28a696bac2ff4ce8283c95f,2025-09-11T15:39:27-07:00,e5b6be6f1f360f2ca28a696bac2ff4ce8283c95f,2025-09-11T15:39:27-07:00,1,0,0.3333333333333333,,,True,False,0,1,0.0,86.7,,0.011534479616745556,496005961.0,stanford-crfm/levanter,Python
src/levanter/inference/page_table.py,8,callable,ok,src.levanter.inference.page_table.PageTable.assign_seq_id_to_seq,src.levanter.inference.page_table.PageTable.assign_seq_id_to_seq,e5b6be6f1f360f2ca28a696bac2ff4ce8283c95f,2025-09-11T15:39:27-07:00,c3d7b685a99099cd3990c7c190ee15a0e251019d,2025-09-18T17:49:12-07:00,3,7,0.15,0.9095688577751527,,True,False,0,3,0.0,93.79,,0.031987481442447833,496005961.0,stanford-crfm/levanter,Python
src/levanter/inference/page_table.py,9,callable,ok,src.levanter.inference.page_table.PageTable.allocate_for_seq,src.levanter.inference.page_table.PageTable.allocate_for_seq,e5b6be6f1f360f2ca28a696bac2ff4ce8283c95f,2025-09-11T15:39:27-07:00,c3d7b685a99099cd3990c7c190ee15a0e251019d,2025-09-18T17:49:12-07:00,3,7,0.022556390977443608,0.9095688577751527,,True,False,0,3,0.0,93.79,,0.031987481442447833,496005961.0,stanford-crfm/levanter,Python
src/levanter/inference/page_table.py,10,callable,ok,src.levanter.inference.page_table.PageTable._slice_batch_info,src.levanter.inference.page_table.PageTable._slice_batch_info,e5b6be6f1f360f2ca28a696bac2ff4ce8283c95f,2025-09-11T15:39:27-07:00,c3d7b685a99099cd3990c7c190ee15a0e251019d,2025-09-18T17:49:12-07:00,3,7,0.0625,0.9095688577751527,,True,False,0,3,0.0,93.79,,0.031987481442447833,496005961.0,stanford-crfm/levanter,Python
src/levanter/inference/page_table.py,11,callable,ok,src.levanter.inference.page_table.PageTable.free_pages,src.levanter.inference.page_table.PageTable.free_pages,e5b6be6f1f360f2ca28a696bac2ff4ce8283c95f,2025-09-11T15:39:27-07:00,144f065846b52b5be5c3426ca8db713189e72796,2025-09-16T10:32:39-07:00,2,4,0.06451612903225806,,,True,False,0,2,0.0,91.48,,0.0218618586096946,496005961.0,stanford-crfm/levanter,Python
src/levanter/inference/page_table.py,12,callable,ok,src.levanter.inference.page_table.PageTable.increment_ref_counts_for_pages,src.levanter.inference.page_table.PageTable.increment_ref_counts_for_pages,e5b6be6f1f360f2ca28a696bac2ff4ce8283c95f,2025-09-11T15:39:27-07:00,e5b6be6f1f360f2ca28a696bac2ff4ce8283c95f,2025-09-11T15:39:27-07:00,1,0,0.05555555555555555,,,True,False,0,1,0.0,86.7,,0.011534479616745556,496005961.0,stanford-crfm/levanter,Python
src/levanter/inference/page_table.py,13,callable,ok,src.levanter.inference.page_table.PageTable.clone_pages_from,src.levanter.inference.page_table.PageTable.clone_pages_from,e5b6be6f1f360f2ca28a696bac2ff4ce8283c95f,2025-09-11T15:39:27-07:00,144f065846b52b5be5c3426ca8db713189e72796,2025-09-16T10:32:39-07:00,2,4,0.030303030303030304,,,True,False,0,2,0.0,91.48,,0.0218618586096946,496005961.0,stanford-crfm/levanter,Python
src/levanter/inference/page_table.py,14,callable,ok,src.levanter.inference.page_table.PageTable.bump_seq_len_to_next_page,src.levanter.inference.page_table.PageTable.bump_seq_len_to_next_page,e5b6be6f1f360f2ca28a696bac2ff4ce8283c95f,2025-09-11T15:39:27-07:00,e5b6be6f1f360f2ca28a696bac2ff4ce8283c95f,2025-09-11T15:39:27-07:00,1,0,0.1,,,True,False,0,1,0.0,86.7,,0.011534479616745556,496005961.0,stanford-crfm/levanter,Python
src/levanter/inference/page_table.py,17,callable,ok,src.levanter.inference.page_table.PageTable.free_pages_for_finished,src.levanter.inference.page_table.PageTable.free_pages_for_finished,144f065846b52b5be5c3426ca8db713189e72796,2025-09-16T10:32:39-07:00,144f065846b52b5be5c3426ca8db713189e72796,2025-09-16T10:32:39-07:00,1,0,0.022727272727272728,,,True,False,0,1,0.0,91.48,,0.0109309293048473,496005961.0,stanford-crfm/levanter,Python
src/levanter/inference/page_table.py,18,callable,ok,src.levanter.inference.page_table.PageTable._assign_seq_id_to_seq_jit,src.levanter.inference.page_table.PageTable._assign_seq_id_to_seq_jit,c3d7b685a99099cd3990c7c190ee15a0e251019d,2025-09-18T17:49:12-07:00,c3d7b685a99099cd3990c7c190ee15a0e251019d,2025-09-18T17:49:12-07:00,1,0,0.030303030303030304,,,True,False,0,1,0.0,93.79,,0.010662493814149276,496005961.0,stanford-crfm/levanter,Python
src/levanter/inference/page_table.py,20,callable,ok,src.levanter.inference.page_table.PageTable.spec,src.levanter.inference.page_table.PageTable.spec,cc11732af0fe375b958aeee7cf23f385d337cb9e,2025-10-15T11:39:32-07:00,cc11732af0fe375b958aeee7cf23f385d337cb9e,2025-10-15T11:39:32-07:00,1,0,0.5,,,True,False,0,1,0.0,120.53,,0.008296691214245725,496005961.0,stanford-crfm/levanter,Python
src/levanter/inference/page_table.py,21,callable,ok,src.levanter.inference.page_table._relative_positions,src.levanter.inference.page_table._relative_positions,5f7de5d8572f501747ff620a488dbbce3e4f81c4,2025-10-15T16:28:59-07:00,5f7de5d8572f501747ff620a488dbbce3e4f81c4,2025-10-15T16:28:59-07:00,1,0,0.16666666666666666,,,True,False,0,1,0.0,120.73,,0.00828287792044545,496005961.0,stanford-crfm/levanter,Python
src/levanter/inference/page_table.py,22,callable,ok,src.levanter.inference.page_table.PageTable.current_num_seqs,src.levanter.inference.page_table.PageTable.current_num_seqs,5f7de5d8572f501747ff620a488dbbce3e4f81c4,2025-10-15T16:28:59-07:00,5f7de5d8572f501747ff620a488dbbce3e4f81c4,2025-10-15T16:28:59-07:00,1,0,0.3333333333333333,,,True,False,0,1,0.0,120.73,,0.00828287792044545,496005961.0,stanford-crfm/levanter,Python
src/levanter/inference/page_table.py,23,callable,ok,src.levanter.inference.page_table.PageTable.max_Seq,src.levanter.inference.page_table.PageTable.max_Seq,5f7de5d8572f501747ff620a488dbbce3e4f81c4,2025-10-15T16:28:59-07:00,5f7de5d8572f501747ff620a488dbbce3e4f81c4,2025-10-15T16:28:59-07:00,1,0,0.3333333333333333,,,True,False,0,1,0.0,120.73,,0.00828287792044545,496005961.0,stanford-crfm/levanter,Python
src/levanter/inference/page_table.py,24,callable,ok,src.levanter.inference.page_table.PageTable.assign_seq_id_to_seq,src.levanter.inference.page_table.PageTable.assign_seq_id_to_seq,5f7de5d8572f501747ff620a488dbbce3e4f81c4,2025-10-15T16:28:59-07:00,5f7de5d8572f501747ff620a488dbbce3e4f81c4,2025-10-15T16:28:59-07:00,1,0,0.05,,,True,False,0,1,0.0,120.73,,0.00828287792044545,496005961.0,stanford-crfm/levanter,Python
src/levanter/inference/page_table.py,25,callable,ok,src.levanter.inference.page_table.PageTable._assign_seq_id_to_seq_jit,src.levanter.inference.page_table.PageTable._assign_seq_id_to_seq_jit,5f7de5d8572f501747ff620a488dbbce3e4f81c4,2025-10-15T16:28:59-07:00,5f7de5d8572f501747ff620a488dbbce3e4f81c4,2025-10-15T16:28:59-07:00,1,0,0.030303030303030304,,,True,False,0,1,0.0,120.73,,0.00828287792044545,496005961.0,stanford-crfm/levanter,Python
src/levanter/inference/page_table.py,26,callable,ok,src.levanter.inference.page_table.PageTable.allocate_for_seq,src.levanter.inference.page_table.PageTable.allocate_for_seq,5f7de5d8572f501747ff620a488dbbce3e4f81c4,2025-10-15T16:28:59-07:00,5f7de5d8572f501747ff620a488dbbce3e4f81c4,2025-10-15T16:28:59-07:00,1,0,0.007518796992481203,,,True,False,0,1,0.0,120.73,,0.00828287792044545,496005961.0,stanford-crfm/levanter,Python
src/levanter/inference/page_table.py,27,callable,ok,src.levanter.inference.page_table.PageTable._slice_batch_info,src.levanter.inference.page_table.PageTable._slice_batch_info,5f7de5d8572f501747ff620a488dbbce3e4f81c4,2025-10-15T16:28:59-07:00,5f7de5d8572f501747ff620a488dbbce3e4f81c4,2025-10-15T16:28:59-07:00,1,0,0.020833333333333332,,,True,False,0,1,0.0,120.73,,0.00828287792044545,496005961.0,stanford-crfm/levanter,Python
src/levanter/inference/page_table.py,28,callable,ok,src.levanter.inference.page_table.PageTable.free_pages,src.levanter.inference.page_table.PageTable.free_pages,5f7de5d8572f501747ff620a488dbbce3e4f81c4,2025-10-15T16:28:59-07:00,5f7de5d8572f501747ff620a488dbbce3e4f81c4,2025-10-15T16:28:59-07:00,1,0,0.03225806451612903,,,True,False,0,1,0.0,120.73,,0.00828287792044545,496005961.0,stanford-crfm/levanter,Python
src/levanter/inference/page_table.py,29,callable,ok,src.levanter.inference.page_table.PageTable.free_pages_for_finished,src.levanter.inference.page_table.PageTable.free_pages_for_finished,5f7de5d8572f501747ff620a488dbbce3e4f81c4,2025-10-15T16:28:59-07:00,5f7de5d8572f501747ff620a488dbbce3e4f81c4,2025-10-15T16:28:59-07:00,1,0,0.022727272727272728,,,True,False,0,1,0.0,120.73,,0.00828287792044545,496005961.0,stanford-crfm/levanter,Python
src/levanter/inference/page_table.py,30,callable,ok,src.levanter.inference.page_table.PageTable.increment_ref_counts_for_pages,src.levanter.inference.page_table.PageTable.increment_ref_counts_for_pages,5f7de5d8572f501747ff620a488dbbce3e4f81c4,2025-10-15T16:28:59-07:00,5f7de5d8572f501747ff620a488dbbce3e4f81c4,2025-10-15T16:28:59-07:00,1,0,0.05263157894736842,,,True,False,0,1,0.0,120.73,,0.00828287792044545,496005961.0,stanford-crfm/levanter,Python
src/levanter/inference/page_table.py,31,callable,ok,src.levanter.inference.page_table.PageTable.clone_pages_from,src.levanter.inference.page_table.PageTable.clone_pages_from,5f7de5d8572f501747ff620a488dbbce3e4f81c4,2025-10-15T16:28:59-07:00,5f7de5d8572f501747ff620a488dbbce3e4f81c4,2025-10-15T16:28:59-07:00,1,0,0.015151515151515152,,,True,False,0,1,0.0,120.73,,0.00828287792044545,496005961.0,stanford-crfm/levanter,Python
src/levanter/inference/page_table.py,32,callable,ok,src.levanter.inference.page_table.PageTable.bump_seq_len_to_next_page,src.levanter.inference.page_table.PageTable.bump_seq_len_to_next_page,5f7de5d8572f501747ff620a488dbbce3e4f81c4,2025-10-15T16:28:59-07:00,5f7de5d8572f501747ff620a488dbbce3e4f81c4,2025-10-15T16:28:59-07:00,1,0,0.1,,,True,False,0,1,0.0,120.73,,0.00828287792044545,496005961.0,stanford-crfm/levanter,Python
src/levanter/inference/page_table.py,1,callable,ok,src.levanter.inference.page_table.PageTable.num_pages,src.levanter.inference.page_table.PageTable.num_pages,e5b6be6f1f360f2ca28a696bac2ff4ce8283c95f,2025-09-11T15:39:27-07:00,e5b6be6f1f360f2ca28a696bac2ff4ce8283c95f,2025-09-11T15:39:27-07:00,1,56,0.5,,,False,False,0,1,0.0,86.7,,0.011534479616745556,496005961.0,stanford-crfm/levanter,Python
src/levanter/inference/page_table.py,2,callable,ok,src.levanter.inference.page_table.PageTable.pages_per_seq,src.levanter.inference.page_table.PageTable.pages_per_seq,e5b6be6f1f360f2ca28a696bac2ff4ce8283c95f,2025-09-11T15:39:27-07:00,34ed673a46faa36846dcb5219f667ec6b8141f22,2025-10-15T16:59:36-07:00,4,56,2.0,0.0597349341766646,,False,False,0,4,0.0,120.75,,0.03312567801725948,496005961.0,stanford-crfm/levanter,Python
src/levanter/inference/page_table.py,3,callable,ok,src.levanter.inference.page_table.PageTable.max_seqs,src.levanter.inference.page_table.PageTable.max_seqs,e5b6be6f1f360f2ca28a696bac2ff4ce8283c95f,2025-09-11T15:39:27-07:00,34ed673a46faa36846dcb5219f667ec6b8141f22,2025-10-15T16:59:36-07:00,4,56,2.0,0.0597349341766646,,False,False,0,4,0.0,120.75,,0.03312567801725948,496005961.0,stanford-crfm/levanter,Python
src/levanter/inference/page_table.py,4,callable,ok,src.levanter.inference.page_table.PageTable.max_len_per_seq,src.levanter.inference.page_table.PageTable.max_len_per_seq,e5b6be6f1f360f2ca28a696bac2ff4ce8283c95f,2025-09-11T15:39:27-07:00,e5b6be6f1f360f2ca28a696bac2ff4ce8283c95f,2025-09-11T15:39:27-07:00,1,56,0.5,,,False,False,0,1,0.0,86.7,,0.011534479616745556,496005961.0,stanford-crfm/levanter,Python
src/levanter/inference/page_table.py,7,callable,ok,src.levanter.inference.page_table.PageTable.init,src.levanter.inference.page_table.PageTable.init,e5b6be6f1f360f2ca28a696bac2ff4ce8283c95f,2025-09-11T15:39:27-07:00,34ed673a46faa36846dcb5219f667ec6b8141f22,2025-10-15T16:59:36-07:00,5,56,1.6666666666666667,0.6440133186889668,,False,False,0,5,0.0,120.75,,0.04140709752157434,496005961.0,stanford-crfm/levanter,Python
src/levanter/inference/page_table.py,15,callable,ok,src.levanter.inference.page_table.PageBatchInfo.__post_init__,src.levanter.inference.page_table.PageBatchInfo.__post_init__,e5b6be6f1f360f2ca28a696bac2ff4ce8283c95f,2025-09-11T15:39:27-07:00,e5b6be6f1f360f2ca28a696bac2ff4ce8283c95f,2025-09-11T15:39:27-07:00,1,56,0.5,,,False,False,0,1,0.0,86.7,,0.011534479616745556,496005961.0,stanford-crfm/levanter,Python
src/levanter/inference/page_table.py,16,callable,ok,src.levanter.inference.page_table.PageBatchInfo.pages_and_slots,src.levanter.inference.page_table.PageBatchInfo.pages_and_slots,e5b6be6f1f360f2ca28a696bac2ff4ce8283c95f,2025-09-11T15:39:27-07:00,34ed673a46faa36846dcb5219f667ec6b8141f22,2025-10-15T16:59:36-07:00,5,56,0.7142857142857143,0.7955407053688682,,False,False,0,5,0.0,120.75,,0.04140709752157434,496005961.0,stanford-crfm/levanter,Python
src/levanter/inference/page_table.py,19,callable,ok,src.levanter.inference.page_table.PageBatchInfo.num_new_tokens,src.levanter.inference.page_table.PageBatchInfo.num_new_tokens,843ce720831e3651163cd0878e47c3f691d15006,2025-10-12T12:47:29-07:00,843ce720831e3651163cd0878e47c3f691d15006,2025-10-12T12:47:29-07:00,1,25,0.5,,,False,False,0,1,0.0,117.58,,0.008505052877508436,496005961.0,stanford-crfm/levanter,Python
src/levanter/inference/page_table.py,33,callable,ok,src.levanter.inference.page_table.PageTable.spec,src.levanter.inference.page_table.PageTable.spec,34ed673a46faa36846dcb5219f667ec6b8141f22,2025-10-15T16:59:36-07:00,34ed673a46faa36846dcb5219f667ec6b8141f22,2025-10-15T16:59:36-07:00,1,22,0.5,,,False,False,0,1,0.0,120.75,,0.00828141950431487,496005961.0,stanford-crfm/levanter,Python
src/levanter/inference/page_table.py,34,callable,ok,src.levanter.inference.page_table.PageTable.reset,src.levanter.inference.page_table.PageTable.reset,43751a79f661f6e114cbf4a271ee4d48ff65a328,2025-11-03T15:37:45-08:00,43751a79f661f6e114cbf4a271ee4d48ff65a328,2025-11-03T15:37:45-08:00,1,3,0.3333333333333333,,,False,False,0,1,0.0,139.74,,0.007156297090029282,496005961.0,stanford-crfm/levanter,Python
src/levanter/inference/utils.py,0,callable,ok,src.levanter.inference.utils.is_invalid,src.levanter.inference.utils.is_invalid,e5b6be6f1f360f2ca28a696bac2ff4ce8283c95f,2025-09-11T15:39:27-07:00,e5b6be6f1f360f2ca28a696bac2ff4ce8283c95f,2025-09-11T15:39:27-07:00,1,56,0.5,,,False,False,0,1,0.0,86.7,,0.011534479616745556,496005961.0,stanford-crfm/levanter,Python
src/levanter/inference/utils.py,1,callable,ok,src.levanter.inference.utils.is_valid,src.levanter.inference.utils.is_valid,e5b6be6f1f360f2ca28a696bac2ff4ce8283c95f,2025-09-11T15:39:27-07:00,e5b6be6f1f360f2ca28a696bac2ff4ce8283c95f,2025-09-11T15:39:27-07:00,1,56,0.16666666666666666,,,False,False,0,1,0.0,86.7,,0.011534479616745556,496005961.0,stanford-crfm/levanter,Python
src/levanter/inference/utils.py,2,callable,ok,src.levanter.inference.utils.masked_set,src.levanter.inference.utils.masked_set,e5b6be6f1f360f2ca28a696bac2ff4ce8283c95f,2025-09-11T15:39:27-07:00,e5b6be6f1f360f2ca28a696bac2ff4ce8283c95f,2025-09-11T15:39:27-07:00,1,56,0.058823529411764705,,,False,False,0,1,0.0,86.7,,0.011534479616745556,496005961.0,stanford-crfm/levanter,Python
src/levanter/inference/utils.py,3,callable,ok,src.levanter.inference.utils.is_stop_signal,src.levanter.inference.utils.is_stop_signal,e5b6be6f1f360f2ca28a696bac2ff4ce8283c95f,2025-09-11T15:39:27-07:00,e5b6be6f1f360f2ca28a696bac2ff4ce8283c95f,2025-09-11T15:39:27-07:00,1,56,0.058823529411764705,,,False,False,0,1,0.0,86.7,,0.011534479616745556,496005961.0,stanford-crfm/levanter,Python
src/levanter/inference/utils.py,4,callable,ok,src.levanter.inference.utils.purge_raw,src.levanter.inference.utils.purge_raw,e5b6be6f1f360f2ca28a696bac2ff4ce8283c95f,2025-09-11T15:39:27-07:00,e5b6be6f1f360f2ca28a696bac2ff4ce8283c95f,2025-09-11T15:39:27-07:00,1,56,0.043478260869565216,,,False,False,0,1,0.0,86.7,,0.011534479616745556,496005961.0,stanford-crfm/levanter,Python
src/levanter/inference/utils.py,5,callable,ok,src.levanter.inference.utils.purge,src.levanter.inference.utils.purge,e5b6be6f1f360f2ca28a696bac2ff4ce8283c95f,2025-09-11T15:39:27-07:00,e5b6be6f1f360f2ca28a696bac2ff4ce8283c95f,2025-09-11T15:39:27-07:00,1,56,0.058823529411764705,,,False,False,0,1,0.0,86.7,,0.011534479616745556,496005961.0,stanford-crfm/levanter,Python
src/levanter/inference/utils.py,6,callable,ok,src.levanter.inference.utils.pad_to_standard_length,src.levanter.inference.utils.pad_to_standard_length,3c5ce193aa2329b1e234485cf93982a0d76f334c,2025-09-12T12:13:33-07:00,3c5ce193aa2329b1e234485cf93982a0d76f334c,2025-09-12T12:13:33-07:00,1,55,0.07142857142857142,,,False,False,0,1,0.0,87.55,,0.011421574958514171,496005961.0,stanford-crfm/levanter,Python
src/levanter/inference/utils.py,7,callable,ok,src.levanter.inference.utils.get_unique_in_order,src.levanter.inference.utils.get_unique_in_order,c3d7b685a99099cd3990c7c190ee15a0e251019d,2025-09-18T17:49:12-07:00,c3d7b685a99099cd3990c7c190ee15a0e251019d,2025-09-18T17:49:12-07:00,1,49,0.030303030303030304,,,False,False,0,1,0.0,93.79,,0.010662493814149276,496005961.0,stanford-crfm/levanter,Python
src/levanter/infra/cli_helpers.py,0,class,ok,src.levanter.infra.cli_helpers.CliConfig,src.levanter.infra.cli_helpers.CliConfig,d9678f5c943183195189fd7a2e64f926ba677db8,2024-12-19T23:33:58-08:00,d9678f5c943183195189fd7a2e64f926ba677db8,2024-12-19T23:33:58-08:00,1,322,0.024390243902439025,,,False,False,1,0,178.93,0.0,0.005588708325312502,,496005961.0,stanford-crfm/levanter,Python
src/levanter/infra/cli_helpers.py,5,callable,ok,src.levanter.infra.cli_helpers.make_docker_run_command,src.levanter.infra.cli_helpers.make_docker_run_command,20faff32516ecf5d6c459db382f12aa0a4405e0d,2024-08-26T11:02:06-07:00,5ebf8ce14eec52376fb3c785095397e59822f665,2024-10-29T21:50:55-07:00,4,64,0.14285714285714285,1.3668747998916013,,True,False,4,0,294.5,0.0,0.013582526582608017,,496005961.0,stanford-crfm/levanter,Python
src/levanter/infra/cli_helpers.py,0,callable,ok,src.levanter.infra.cli_helpers.gcloud_config,src.levanter.infra.cli_helpers.gcloud_config,20faff32516ecf5d6c459db382f12aa0a4405e0d,2024-08-26T11:02:06-07:00,20faff32516ecf5d6c459db382f12aa0a4405e0d,2024-08-26T11:02:06-07:00,1,438,0.09090909090909091,,,False,False,1,0,294.5,0.0,0.003395631645652004,,496005961.0,stanford-crfm/levanter,Python
src/levanter/infra/cli_helpers.py,1,callable,ok,src.levanter.infra.cli_helpers.get_default_zone,src.levanter.infra.cli_helpers.get_default_zone,20faff32516ecf5d6c459db382f12aa0a4405e0d,2024-08-26T11:02:06-07:00,20faff32516ecf5d6c459db382f12aa0a4405e0d,2024-08-26T11:02:06-07:00,1,438,0.16666666666666666,,,False,False,1,0,294.5,0.0,0.003395631645652004,,496005961.0,stanford-crfm/levanter,Python
src/levanter/infra/cli_helpers.py,2,callable,ok,src.levanter.infra.cli_helpers.add_arg,src.levanter.infra.cli_helpers.add_arg,20faff32516ecf5d6c459db382f12aa0a4405e0d,2024-08-26T11:02:06-07:00,d9678f5c943183195189fd7a2e64f926ba677db8,2024-12-19T23:33:58-08:00,2,438,0.13333333333333333,,,False,False,2,0,294.5,0.0,0.006791263291304008,,496005961.0,stanford-crfm/levanter,Python
src/levanter/infra/cli_helpers.py,3,callable,ok,src.levanter.infra.cli_helpers.load_config,src.levanter.infra.cli_helpers.load_config,20faff32516ecf5d6c459db382f12aa0a4405e0d,2024-08-26T11:02:06-07:00,d9678f5c943183195189fd7a2e64f926ba677db8,2024-12-19T23:33:58-08:00,2,438,0.2,,,False,False,2,0,294.5,0.0,0.006791263291304008,,496005961.0,stanford-crfm/levanter,Python
src/levanter/infra/cli_helpers.py,4,callable,ok,src.levanter.infra.cli_helpers.get_git_commit,src.levanter.infra.cli_helpers.get_git_commit,20faff32516ecf5d6c459db382f12aa0a4405e0d,2024-08-26T11:02:06-07:00,20faff32516ecf5d6c459db382f12aa0a4405e0d,2024-08-26T11:02:06-07:00,1,438,0.3333333333333333,,,False,False,1,0,294.5,0.0,0.003395631645652004,,496005961.0,stanford-crfm/levanter,Python
src/levanter/infra/cli_helpers.py,6,callable,ok,src.levanter.infra.cli_helpers.default_run_id,src.levanter.infra.cli_helpers.default_run_id,20faff32516ecf5d6c459db382f12aa0a4405e0d,2024-08-26T11:02:06-07:00,20faff32516ecf5d6c459db382f12aa0a4405e0d,2024-08-26T11:02:06-07:00,1,438,0.08333333333333333,,,False,False,1,0,294.5,0.0,0.003395631645652004,,496005961.0,stanford-crfm/levanter,Python
src/levanter/infra/cli_helpers.py,7,callable,ok,src.levanter.infra.cli_helpers.add_capacity_type_args,src.levanter.infra.cli_helpers.add_capacity_type_args,20faff32516ecf5d6c459db382f12aa0a4405e0d,2024-08-26T11:02:06-07:00,20faff32516ecf5d6c459db382f12aa0a4405e0d,2024-08-26T11:02:06-07:00,1,438,0.029411764705882353,,,False,False,1,0,294.5,0.0,0.003395631645652004,,496005961.0,stanford-crfm/levanter,Python
src/levanter/infra/cli_helpers.py,8,callable,ok,src.levanter.infra.cli_helpers.CliConfig.env_for_accel,src.levanter.infra.cli_helpers.CliConfig.env_for_accel,d9678f5c943183195189fd7a2e64f926ba677db8,2024-12-19T23:33:58-08:00,d9678f5c943183195189fd7a2e64f926ba677db8,2024-12-19T23:33:58-08:00,1,322,0.09090909090909091,,,False,False,1,0,178.93,0.0,0.005588708325312502,,496005961.0,stanford-crfm/levanter,Python
src/levanter/infra/cli_helpers.py,9,callable,ok,src.levanter.infra.cli_helpers.CliConfig.as_dict,src.levanter.infra.cli_helpers.CliConfig.as_dict,d9678f5c943183195189fd7a2e64f926ba677db8,2024-12-19T23:33:58-08:00,d9678f5c943183195189fd7a2e64f926ba677db8,2024-12-19T23:33:58-08:00,1,322,0.25,,,False,False,1,0,178.93,0.0,0.005588708325312502,,496005961.0,stanford-crfm/levanter,Python
src/levanter/infra/ray_tpu.py,6,class,ok,src.levanter.infra.ray_tpu.RunOnPodConfig,src.levanter.infra.ray_tpu.RunDockerOnPodConfig,2b42bfbeb9362e86b49da4997a8ac17a50c9bf35,2024-09-24T13:56:54-07:00,71bd6964ff4bb18551f0405b0ab74991b0555831,2024-09-26T15:53:42-07:00,2,2,0.2857142857142857,,,True,True,2,0,265.37,0.0,0.007536515464162124,,496005961.0,stanford-crfm/levanter,Python
src/levanter/infra/ray_tpu.py,0,class,ok,src.levanter.infra.ray_tpu._TpuInfo,src.levanter.infra.ray_tpu._TpuInfo,2b42bfbeb9362e86b49da4997a8ac17a50c9bf35,2024-09-24T13:56:54-07:00,2b42bfbeb9362e86b49da4997a8ac17a50c9bf35,2024-09-24T13:56:54-07:00,1,0,0.16666666666666666,,,True,False,1,0,265.37,0.0,0.003768257732081062,,496005961.0,stanford-crfm/levanter,Python
src/levanter/infra/ray_tpu.py,8,class,ok,src.levanter.infra.ray_tpu.HostInfo,src.levanter.infra.ray_tpu.HostInfo,ea8f4c8252d21c3d2aaf1c72e113d6aeaa8cc601,2025-06-06T22:51:01-07:00,ea8f4c8252d21c3d2aaf1c72e113d6aeaa8cc601,2025-06-06T22:51:01-07:00,1,0,0.09090909090909091,,,True,False,1,0,10.0,0.0,0.09996286102038479,,496005961.0,stanford-crfm/levanter,Python
src/levanter/infra/ray_tpu.py,16,class,ok,src.levanter.infra.ray_tpu.TPUHostResource,src.levanter.infra.ray_tpu.TPUHostResource,b41b7f1beba08ce9c7bc9f5c42fedc4be108efda,2025-07-24T13:59:13-07:00,b41b7f1beba08ce9c7bc9f5c42fedc4be108efda,2025-07-24T13:59:13-07:00,1,0,0.14285714285714285,,,True,False,0,1,0.0,37.63,,0.026576675091841792,496005961.0,stanford-crfm/levanter,Python
src/levanter/infra/ray_tpu.py,13,class,ok,src.levanter.infra.ray_tpu.SliceResource,src.levanter.infra.ray_tpu.SliceResource,956d850b2aa58699b437f65810aa9ebcb1f5504c,2025-07-22T14:34:27-07:00,b41b7f1beba08ce9c7bc9f5c42fedc4be108efda,2025-07-24T13:59:13-07:00,3,1,0.375,0.05879483295070697,,True,False,0,3,0.0,37.63,,0.07973002527552538,496005961.0,stanford-crfm/levanter,Python
src/levanter/infra/ray_tpu.py,1,class,ok,src.levanter.infra.ray_tpu._TpuRunResult,src.levanter.infra.ray_tpu._TpuRunResult,2b42bfbeb9362e86b49da4997a8ac17a50c9bf35,2024-09-24T13:56:54-07:00,ea8f4c8252d21c3d2aaf1c72e113d6aeaa8cc601,2025-06-06T22:51:01-07:00,2,408,0.5,,,False,False,2,0,265.37,0.0,0.007536515464162124,,496005961.0,stanford-crfm/levanter,Python
src/levanter/infra/ray_tpu.py,2,class,ok,src.levanter.infra.ray_tpu.TpuSuccess,src.levanter.infra.ray_tpu.TpuSuccess,2b42bfbeb9362e86b49da4997a8ac17a50c9bf35,2024-09-24T13:56:54-07:00,2b42bfbeb9362e86b49da4997a8ac17a50c9bf35,2024-09-24T13:56:54-07:00,1,408,0.5,,,False,False,1,0,265.37,0.0,0.003768257732081062,,496005961.0,stanford-crfm/levanter,Python
src/levanter/infra/ray_tpu.py,3,class,ok,src.levanter.infra.ray_tpu.TpuPreempted,src.levanter.infra.ray_tpu.TpuPreempted,2b42bfbeb9362e86b49da4997a8ac17a50c9bf35,2024-09-24T13:56:54-07:00,2b42bfbeb9362e86b49da4997a8ac17a50c9bf35,2024-09-24T13:56:54-07:00,1,408,0.5,,,False,False,1,0,265.37,0.0,0.003768257732081062,,496005961.0,stanford-crfm/levanter,Python
src/levanter/infra/ray_tpu.py,4,class,ok,src.levanter.infra.ray_tpu.TpuFailed,src.levanter.infra.ray_tpu.TpuFailed,2b42bfbeb9362e86b49da4997a8ac17a50c9bf35,2024-09-24T13:56:54-07:00,2b42bfbeb9362e86b49da4997a8ac17a50c9bf35,2024-09-24T13:56:54-07:00,1,408,0.5,,,False,False,1,0,265.37,0.0,0.003768257732081062,,496005961.0,stanford-crfm/levanter,Python
src/levanter/infra/ray_tpu.py,5,class,ok,src.levanter.infra.ray_tpu.TpuRunError,src.levanter.infra.ray_tpu.TpuRunError,2b42bfbeb9362e86b49da4997a8ac17a50c9bf35,2024-09-24T13:56:54-07:00,2b42bfbeb9362e86b49da4997a8ac17a50c9bf35,2024-09-24T13:56:54-07:00,1,408,0.5,,,False,False,1,0,265.37,0.0,0.003768257732081062,,496005961.0,stanford-crfm/levanter,Python
src/levanter/infra/ray_tpu.py,7,class,ok,src.levanter.infra.ray_tpu.RunDockerOnPodConfig,src.levanter.infra.ray_tpu.RunDockerOnPodConfig,0f2f326968c11ead449136207d9a6612a6224ea4,2024-10-23T12:40:10-07:00,5ebf8ce14eec52376fb3c785095397e59822f665,2024-10-29T21:50:55-07:00,2,379,0.25,,,False,False,2,0,236.43,0.0,0.008459237928403125,,496005961.0,stanford-crfm/levanter,Python
src/levanter/infra/ray_tpu.py,9,class,ok,src.levanter.infra.ray_tpu.TpuCancelled,src.levanter.infra.ray_tpu.TpuCancelled,ea8f4c8252d21c3d2aaf1c72e113d6aeaa8cc601,2025-06-06T22:51:01-07:00,ea8f4c8252d21c3d2aaf1c72e113d6aeaa8cc601,2025-06-06T22:51:01-07:00,1,153,0.5,,,False,False,1,0,10.0,0.0,0.09996286102038479,,496005961.0,stanford-crfm/levanter,Python
src/levanter/infra/ray_tpu.py,10,class,ok,src.levanter.infra.ray_tpu.MultisliceInfo,src.levanter.infra.ray_tpu.MultisliceInfo,ea8f4c8252d21c3d2aaf1c72e113d6aeaa8cc601,2025-06-06T22:51:01-07:00,ea8f4c8252d21c3d2aaf1c72e113d6aeaa8cc601,2025-06-06T22:51:01-07:00,1,153,0.09090909090909091,,,False,False,1,0,10.0,0.0,0.09996286102038479,,496005961.0,stanford-crfm/levanter,Python
src/levanter/infra/ray_tpu.py,11,class,ok,src.levanter.infra.ray_tpu.SliceInfo,src.levanter.infra.ray_tpu.SliceInfo,ea8f4c8252d21c3d2aaf1c72e113d6aeaa8cc601,2025-06-06T22:51:01-07:00,f6bbf5fbe8b495258805e7cb4f109f18984710b4,2025-09-24T20:50:07-07:00,7,153,0.6363636363636364,1.384139513184043,,False,False,2,5,10.0,99.91,0.19992572204076958,0.05004387527259142,496005961.0,stanford-crfm/levanter,Python
src/levanter/infra/ray_tpu.py,12,class,ok,src.levanter.infra.ray_tpu.SliceActor,src.levanter.infra.ray_tpu.SliceActor,ea8f4c8252d21c3d2aaf1c72e113d6aeaa8cc601,2025-06-06T22:51:01-07:00,b9581e65526eb9d8076f4abd892fe9b9d05db084,2025-09-27T23:50:12-07:00,23,153,0.32857142857142857,3.206406046627742,,False,False,2,21,10.0,103.04,0.19992572204076958,0.20380952166992608,496005961.0,stanford-crfm/levanter,Python
src/levanter/infra/ray_tpu.py,14,class,ok,src.levanter.infra.ray_tpu.TPUHostActor,src.levanter.infra.ray_tpu.TPUHostActor,b41b7f1beba08ce9c7bc9f5c42fedc4be108efda,2025-07-24T13:59:13-07:00,98a01051b3329642638b26aeb4409bf21e36f977,2025-10-01T11:03:44-07:00,13,105,0.20634920634920634,2.4047425558832067,,False,False,0,13,0.0,106.51,,0.12205986453876216,496005961.0,stanford-crfm/levanter,Python
src/levanter/infra/ray_tpu.py,15,class,ok,src.levanter.infra.ray_tpu.TPUHostInfo,src.levanter.infra.ray_tpu.TPUHostInfo,b41b7f1beba08ce9c7bc9f5c42fedc4be108efda,2025-07-24T13:59:13-07:00,b41b7f1beba08ce9c7bc9f5c42fedc4be108efda,2025-07-24T13:59:13-07:00,1,105,0.2,,,False,False,0,1,0.0,37.63,,0.026576675091841792,496005961.0,stanford-crfm/levanter,Python
src/levanter/infra/ray_tpu.py,17,class,ok,src.levanter.infra.ray_tpu.ActorPoolMember,src.levanter.infra.ray_tpu.ActorPoolMember,082cfc04591a56f75f0bcc1725be040938d1b796,2025-07-25T11:36:51-07:00,082cfc04591a56f75f0bcc1725be040938d1b796,2025-07-25T11:36:51-07:00,1,105,0.3333333333333333,,,False,False,0,1,0.0,38.53,,0.02595507309026688,496005961.0,stanford-crfm/levanter,Python
src/levanter/infra/ray_tpu.py,18,class,ok,src.levanter.infra.ray_tpu.ResourcePoolManager,src.levanter.infra.ray_tpu.ResourcePoolManager,082cfc04591a56f75f0bcc1725be040938d1b796,2025-07-25T11:36:51-07:00,6ca4686fd799630aa6d800140fe9a4614af00ada,2025-08-15T13:43:44-07:00,10,105,0.10869565217391304,2.1510012798493463,,False,False,0,10,0.0,59.62,,0.16773956568654214,496005961.0,stanford-crfm/levanter,Python
src/levanter/infra/ray_tpu.py,19,class,ok,src.levanter.infra.ray_tpu.SlicePoolManager,src.levanter.infra.ray_tpu.SlicePoolManager,909bea3d396f82f15e4e61cc179bcca14b647e40,2025-07-25T13:05:53-07:00,6ca4686fd799630aa6d800140fe9a4614af00ada,2025-08-15T13:43:44-07:00,12,104,0.11764705882352941,2.187737521664224,,False,False,0,12,0.0,59.62,,0.20128747882385056,496005961.0,stanford-crfm/levanter,Python
src/levanter/infra/ray_tpu.py,20,class,ok,src.levanter.infra.ray_tpu.TPUConfig,src.levanter.infra.ray_tpu.TPUConfig,9263f81e8b453241332c2c0b2d2001bfb2d2241c,2025-09-26T12:04:00-07:00,9263f81e8b453241332c2c0b2d2001bfb2d2241c,2025-09-26T12:04:00-07:00,1,41,0.16666666666666666,,,False,False,0,1,0.0,101.55,,0.009847659892829194,496005961.0,stanford-crfm/levanter,Python
src/levanter/infra/ray_tpu.py,9,callable,ok,src.levanter.infra.ray_tpu._redecorate_remote_fn_for_tpu,src.levanter.infra.ray_tpu._redecorate_remote_fn_for_tpu,71bd6964ff4bb18551f0405b0ab74991b0555831,2024-09-26T15:53:42-07:00,a7e42ecc5972c88abde51231239a981c2ebb4fce,2024-11-06T09:49:56-08:00,4,40,0.13793103448275862,0.8210632661410155,,True,False,4,0,263.29,0.0,0.015192170405511383,,496005961.0,stanford-crfm/levanter,Python
src/levanter/infra/ray_tpu.py,10,callable,ok,src.levanter.infra.ray_tpu._forkify_remote_fn,src.levanter.infra.ray_tpu._forkify_remote_fn,71bd6964ff4bb18551f0405b0ab74991b0555831,2024-09-26T15:53:42-07:00,71bd6964ff4bb18551f0405b0ab74991b0555831,2024-09-26T15:53:42-07:00,1,0,0.02857142857142857,,,True,False,1,0,263.29,0.0,0.0037980426013778457,,496005961.0,stanford-crfm/levanter,Python
src/levanter/infra/ray_tpu.py,11,callable,ok,src.levanter.infra.ray_tpu._separate_process_fn,src.levanter.infra.ray_tpu._separate_process_fn,71bd6964ff4bb18551f0405b0ab74991b0555831,2024-09-26T15:53:42-07:00,0fa750da9797d36e4600855874a4bf7563f3cd96,2025-04-30T10:28:36-07:00,3,215,0.09090909090909091,0.9695694193785791,,True,False,3,0,263.29,0.0,0.011394127804133536,,496005961.0,stanford-crfm/levanter,Python
src/levanter/infra/ray_tpu.py,26,callable,ok,src.levanter.infra.ray_tpu.SliceInfo.reserve,src.levanter.infra.ray_tpu.SliceInfo.reserve,ea8f4c8252d21c3d2aaf1c72e113d6aeaa8cc601,2025-06-06T22:51:01-07:00,ea8f4c8252d21c3d2aaf1c72e113d6aeaa8cc601,2025-06-06T22:51:01-07:00,1,0,0.041666666666666664,,,True,False,1,0,10.0,0.0,0.09996286102038479,,496005961.0,stanford-crfm/levanter,Python
src/levanter/infra/ray_tpu.py,28,callable,ok,src.levanter.infra.ray_tpu.SliceActor.get_pg,src.levanter.infra.ray_tpu.SliceActor.get_pg,ea8f4c8252d21c3d2aaf1c72e113d6aeaa8cc601,2025-06-06T22:51:01-07:00,ea8f4c8252d21c3d2aaf1c72e113d6aeaa8cc601,2025-06-06T22:51:01-07:00,1,0,0.14285714285714285,,,True,False,1,0,10.0,0.0,0.09996286102038479,,496005961.0,stanford-crfm/levanter,Python
src/levanter/infra/ray_tpu.py,33,callable,ok,src.levanter.infra.ray_tpu._ensure_pg,src.levanter.infra.ray_tpu._create_placement_group,a05b26da303d02ae9a245878817da0e6bb9db711,2025-06-12T13:01:46-07:00,956d850b2aa58699b437f65810aa9ebcb1f5504c,2025-07-22T14:34:27-07:00,3,40,0.10344827586206896,0.8819402927952962,,True,True,1,2,4.41,35.65,0.22660749693135682,0.05609870515228299,496005961.0,stanford-crfm/levanter,Python
src/levanter/infra/ray_tpu.py,16,callable,ok,src.levanter.infra.ray_tpu._cancel_all_futures,src.levanter.infra.ray_tpu._cancel_all_futures,59d21380a5790b00e3fb34b3029f2b36fae84e12,2025-02-03T14:07:35-08:00,59d21380a5790b00e3fb34b3029f2b36fae84e12,2025-02-03T14:07:35-08:00,1,0,0.16666666666666666,,,True,False,1,0,133.33,0.0,0.007500438176640007,,496005961.0,stanford-crfm/levanter,Python
src/levanter/infra/ray_tpu.py,21,callable,ok,src.levanter.infra.ray_tpu._cleanup_lockfiles,src.levanter.infra.ray_tpu._cleanup_lockfiles,ea8f4c8252d21c3d2aaf1c72e113d6aeaa8cc601,2025-06-06T22:51:01-07:00,956d850b2aa58699b437f65810aa9ebcb1f5504c,2025-07-22T14:34:27-07:00,2,45,0.3333333333333333,,,True,False,1,1,10.0,35.65,0.09996286102038479,0.028049352576141495,496005961.0,stanford-crfm/levanter,Python
src/levanter/infra/ray_tpu.py,23,callable,ok,src.levanter.infra.ray_tpu._hacky_remove_tpu_lockfile_ray,src.levanter.infra.ray_tpu._hacky_remove_tpu_lockfile_ray,ea8f4c8252d21c3d2aaf1c72e113d6aeaa8cc601,2025-06-06T22:51:01-07:00,ea8f4c8252d21c3d2aaf1c72e113d6aeaa8cc601,2025-06-06T22:51:01-07:00,1,0,0.5,,,True,False,1,0,10.0,0.0,0.09996286102038479,,496005961.0,stanford-crfm/levanter,Python
src/levanter/infra/ray_tpu.py,24,callable,ok,src.levanter.infra.ray_tpu.SliceInfo.resources_per_job,src.levanter.infra.ray_tpu.SliceInfo.resources_per_job,ea8f4c8252d21c3d2aaf1c72e113d6aeaa8cc601,2025-06-06T22:51:01-07:00,ea8f4c8252d21c3d2aaf1c72e113d6aeaa8cc601,2025-06-06T22:51:01-07:00,1,0,0.09090909090909091,,,True,False,1,0,10.0,0.0,0.09996286102038479,,496005961.0,stanford-crfm/levanter,Python
src/levanter/infra/ray_tpu.py,37,callable,ok,src.levanter.infra.ray_tpu._create_placement_group,src.levanter.infra.ray_tpu._create_placement_group,f72dee32876f4996aa33ef5dd5c27ded2d5370f8,2025-07-22T14:53:49-07:00,f72dee32876f4996aa33ef5dd5c27ded2d5370f8,2025-07-22T14:53:49-07:00,1,0,0.034482758620689655,,,True,False,0,1,0.0,35.66,,0.028038775289660995,496005961.0,stanford-crfm/levanter,Python
src/levanter/infra/ray_tpu.py,38,callable,ok,src.levanter.infra.ray_tpu._scale_host_pool,src.levanter.infra.ray_tpu._scale_host_pool,b41b7f1beba08ce9c7bc9f5c42fedc4be108efda,2025-07-24T13:59:13-07:00,9d6ba3a0c78409fa5c898620111c1d150f582057,2025-07-24T14:51:32-07:00,2,0,0.04878048780487805,,,True,False,0,2,0.0,37.66,,0.053102077065618564,496005961.0,stanford-crfm/levanter,Python
src/levanter/infra/ray_tpu.py,39,callable,ok,src.levanter.infra.ray_tpu._prune_dead_hosts,src.levanter.infra.ray_tpu._prune_dead_hosts,b41b7f1beba08ce9c7bc9f5c42fedc4be108efda,2025-07-24T13:59:13-07:00,b41b7f1beba08ce9c7bc9f5c42fedc4be108efda,2025-07-24T13:59:13-07:00,1,0,0.04,,,True,False,0,1,0.0,37.63,,0.026576675091841792,496005961.0,stanford-crfm/levanter,Python
src/levanter/infra/ray_tpu.py,22,callable,ok,src.levanter.infra.ray_tpu._prune_dead_slices,src.levanter.infra.ray_tpu._prune_dead_slices,ea8f4c8252d21c3d2aaf1c72e113d6aeaa8cc601,2025-06-06T22:51:01-07:00,8ce6f528d913f75b2b803e418a355ec7d937e37a,2025-07-23T15:13:10-07:00,5,46,0.2,0.15678033358725724,,True,False,1,4,10.0,36.68,0.09996286102038479,0.10905620938792202,496005961.0,stanford-crfm/levanter,Python
src/levanter/infra/ray_tpu.py,25,callable,ok,src.levanter.infra.ray_tpu.SliceInfo.as_ray_resources_kwargs,src.levanter.infra.ray_tpu.SliceInfo.as_ray_resources_kwargs,ea8f4c8252d21c3d2aaf1c72e113d6aeaa8cc601,2025-06-06T22:51:01-07:00,ea8f4c8252d21c3d2aaf1c72e113d6aeaa8cc601,2025-06-06T22:51:01-07:00,1,0,0.09090909090909091,,,True,False,1,0,10.0,0.0,0.09996286102038479,,496005961.0,stanford-crfm/levanter,Python
src/levanter/infra/ray_tpu.py,34,callable,ok,src.levanter.infra.ray_tpu._scale_slice_pool,src.levanter.infra.ray_tpu._scale_slice_pool,a05b26da303d02ae9a245878817da0e6bb9db711,2025-06-12T13:01:46-07:00,b41b7f1beba08ce9c7bc9f5c42fedc4be108efda,2025-07-24T13:59:13-07:00,7,42,0.18421052631578946,0.3409248016081602,,True,False,1,6,4.41,37.63,0.22660749693135682,0.15946005055105075,496005961.0,stanford-crfm/levanter,Python
src/levanter/infra/ray_tpu.py,36,callable,ok,src.levanter.infra.ray_tpu._release_slice_resource,src.levanter.infra.ray_tpu._release_slice_resource,956d850b2aa58699b437f65810aa9ebcb1f5504c,2025-07-22T14:34:27-07:00,b41b7f1beba08ce9c7bc9f5c42fedc4be108efda,2025-07-24T13:59:13-07:00,3,1,1.5,0.10023142917255876,,True,False,0,3,0.0,37.63,,0.07973002527552538,496005961.0,stanford-crfm/levanter,Python
src/levanter/infra/ray_tpu.py,52,callable,ok,src.levanter.infra.ray_tpu.ResourcePoolManager.get_actor_info_future,src.levanter.infra.ray_tpu.ResourcePoolManager.get_actor_info_future,082cfc04591a56f75f0bcc1725be040938d1b796,2025-07-25T11:36:51-07:00,082cfc04591a56f75f0bcc1725be040938d1b796,2025-07-25T11:36:51-07:00,1,0,0.5,,,True,False,0,1,0.0,38.53,,0.02595507309026688,496005961.0,stanford-crfm/levanter,Python
src/levanter/infra/ray_tpu.py,60,callable,ok,src.levanter.infra.ray_tpu.SliceActor.get_actor_info_future,src.levanter.infra.ray_tpu.SliceActor.get_actor_info_future,082cfc04591a56f75f0bcc1725be040938d1b796,2025-07-25T11:36:51-07:00,082cfc04591a56f75f0bcc1725be040938d1b796,2025-07-25T11:36:51-07:00,1,0,0.5,,,True,False,0,1,0.0,38.53,,0.02595507309026688,496005961.0,stanford-crfm/levanter,Python
src/levanter/infra/ray_tpu.py,67,callable,ok,src.levanter.infra.ray_tpu.SlicePoolManager.get_actor_info_future,src.levanter.infra.ray_tpu.SlicePoolManager.get_actor_info_future,909bea3d396f82f15e4e61cc179bcca14b647e40,2025-07-25T13:05:53-07:00,909bea3d396f82f15e4e61cc179bcca14b647e40,2025-07-25T13:05:53-07:00,1,0,0.5,,,True,False,0,1,0.0,38.59,,0.02591348794048056,496005961.0,stanford-crfm/levanter,Python
src/levanter/infra/ray_tpu.py,69,callable,ok,src.levanter.infra.ray_tpu.SlicePoolManager.should_increase_slice_pool_size,src.levanter.infra.ray_tpu.SlicePoolManager.should_increase_slice_pool_size,646887c53a9a7782313fd79c72492a86ecfe4ea1,2025-07-30T11:35:21-07:00,646887c53a9a7782313fd79c72492a86ecfe4ea1,2025-07-30T11:35:21-07:00,1,0,0.3333333333333333,,,True,False,0,1,0.0,43.53,,0.022974207994758477,496005961.0,stanford-crfm/levanter,Python
src/levanter/infra/ray_tpu.py,31,callable,ok,src.levanter.infra.ray_tpu.SliceActor.get_slice_info,src.levanter.infra.ray_tpu.SliceActor.setup,ea8f4c8252d21c3d2aaf1c72e113d6aeaa8cc601,2025-06-06T22:51:01-07:00,646806e0e8934c768d00efcefa5110c6b7d95da0,2025-07-30T13:26:24-07:00,8,53,0.42105263157894735,2.2234792717772933,,True,True,2,6,10.0,43.6,0.19992572204076958,0.13760145585737862,496005961.0,stanford-crfm/levanter,Python
src/levanter/infra/ray_tpu.py,45,callable,ok,src.levanter.infra.ray_tpu.TPUHostActor.get_host_info,src.levanter.infra.ray_tpu.TPUHostActor.setup,b41b7f1beba08ce9c7bc9f5c42fedc4be108efda,2025-07-24T13:59:13-07:00,646806e0e8934c768d00efcefa5110c6b7d95da0,2025-07-30T13:26:24-07:00,3,5,0.2727272727272727,0.9429093327702036,,True,True,0,3,0.0,43.6,,0.06880072792868931,496005961.0,stanford-crfm/levanter,Python
src/levanter/infra/ray_tpu.py,74,callable,ok,src.levanter.infra.ray_tpu.SlicePoolManager._add_members_to_actor_pool,src.levanter.infra.ray_tpu.SlicePoolManager._add_members_to_actor_pool,83d7effaf6d73cd5ac35e6e8236c6fc8601ffe1c,2025-08-06T16:14:51-07:00,83d7effaf6d73cd5ac35e6e8236c6fc8601ffe1c,2025-08-06T16:14:51-07:00,1,0,0.16666666666666666,,,True,False,0,1,0.0,50.72,,0.019715633927228773,496005961.0,stanford-crfm/levanter,Python
src/levanter/infra/ray_tpu.py,68,callable,ok,src.levanter.infra.ray_tpu.ResourcePoolManager._remove_members_from_actor_pool,src.levanter.infra.ray_tpu.ResourcePoolManager._remove_members_from_actor_pool,646887c53a9a7782313fd79c72492a86ecfe4ea1,2025-07-30T11:35:21-07:00,d117382589f015d7a4ee6c62f451e6f1be84cec8,2025-08-06T15:06:29-07:00,2,7,0.25,,,True,False,0,2,0.0,50.67,,0.039468211530427864,496005961.0,stanford-crfm/levanter,Python
src/levanter/infra/ray_tpu.py,70,callable,ok,src.levanter.infra.ray_tpu.SlicePoolManager.scale_multislice,src.levanter.infra.ray_tpu.SlicePoolManager.scale_multislice,646806e0e8934c768d00efcefa5110c6b7d95da0,2025-07-30T13:26:24-07:00,bdc32b0bdecbfa68b97f1ae0a3398f260b21504b,2025-08-08T14:23:06-07:00,4,9,0.10256410256410256,0.7920683536374875,,True,False,0,4,0.0,52.64,,0.0759826963479937,496005961.0,stanford-crfm/levanter,Python
src/levanter/infra/ray_tpu.py,71,callable,ok,src.levanter.infra.ray_tpu.SlicePoolManager.check_should_scale_up_multislice,src.levanter.infra.ray_tpu.SlicePoolManager.check_should_scale_up_multislice,646806e0e8934c768d00efcefa5110c6b7d95da0,2025-07-30T13:26:24-07:00,83d7effaf6d73cd5ac35e6e8236c6fc8601ffe1c,2025-08-06T16:14:51-07:00,4,7,0.1111111111111111,0.08499844326094252,,True,False,0,4,0.0,50.72,,0.07886253570891509,496005961.0,stanford-crfm/levanter,Python
src/levanter/infra/ray_tpu.py,72,callable,ok,src.levanter.infra.ray_tpu.SliceActor.get_info,src.levanter.infra.ray_tpu.SliceActor.get_slice_info,ea77bc898ecbd8e4e4b97d6b97ec8834b62c7c18,2025-07-30T13:54:25-07:00,9283b48f1d69c20435b0748a9ce5b72bc747cd33,2025-08-08T15:44:32-07:00,2,9,0.10526315789473684,,,True,True,0,2,0.0,52.7,,0.0379505807888362,496005961.0,stanford-crfm/levanter,Python
src/levanter/infra/ray_tpu.py,73,callable,ok,src.levanter.infra.ray_tpu.TPUHostActor.get_info,src.levanter.infra.ray_tpu.TPUHostActor.get_host_info,ea77bc898ecbd8e4e4b97d6b97ec8834b62c7c18,2025-07-30T13:54:25-07:00,9283b48f1d69c20435b0748a9ce5b72bc747cd33,2025-08-08T15:44:32-07:00,2,9,0.18181818181818182,,,True,True,0,2,0.0,52.7,,0.0379505807888362,496005961.0,stanford-crfm/levanter,Python
src/levanter/infra/ray_tpu.py,75,callable,ok,src.levanter.infra.ray_tpu.ResourcePoolManager.get_actor_info_future,src.levanter.infra.ray_tpu.ResourcePoolManager.get_actor_info_future,9283b48f1d69c20435b0748a9ce5b72bc747cd33,2025-08-08T15:44:32-07:00,9283b48f1d69c20435b0748a9ce5b72bc747cd33,2025-08-08T15:44:32-07:00,1,0,0.5,,,True,False,0,1,0.0,52.7,,0.0189752903944181,496005961.0,stanford-crfm/levanter,Python
src/levanter/infra/ray_tpu.py,76,callable,ok,src.levanter.infra.ray_tpu.SlicePoolManager.get_actor_info_future,src.levanter.infra.ray_tpu.SlicePoolManager.get_actor_info_future,9283b48f1d69c20435b0748a9ce5b72bc747cd33,2025-08-08T15:44:32-07:00,9283b48f1d69c20435b0748a9ce5b72bc747cd33,2025-08-08T15:44:32-07:00,1,0,0.5,,,True,False,0,1,0.0,52.7,,0.0189752903944181,496005961.0,stanford-crfm/levanter,Python
src/levanter/infra/ray_tpu.py,77,callable,ok,src.levanter.infra.ray_tpu.SliceActor.get_actor_info_future,src.levanter.infra.ray_tpu.SliceActor.get_actor_info_future,9283b48f1d69c20435b0748a9ce5b72bc747cd33,2025-08-08T15:44:32-07:00,9283b48f1d69c20435b0748a9ce5b72bc747cd33,2025-08-08T15:44:32-07:00,1,0,0.5,,,True,False,0,1,0.0,52.7,,0.0189752903944181,496005961.0,stanford-crfm/levanter,Python
src/levanter/infra/ray_tpu.py,78,callable,ok,src.levanter.infra.ray_tpu._cancel_tasks_and_wait,src.levanter.infra.ray_tpu._cancel_tasks_and_wait,8d205b1e3cfdb70449e81d074207b36db41bbae8,2025-08-12T12:23:02-07:00,45faf7238f71abd3da718d62b061ec1cba15e950,2025-08-12T12:29:02-07:00,3,0,0.15,0.9037762882345832,,True,False,0,3,0.0,56.56,,0.053036937607935895,496005961.0,stanford-crfm/levanter,Python
src/levanter/infra/ray_tpu.py,79,callable,ok,src.levanter.infra.ray_tpu.SliceActor.get_slice_info,src.levanter.infra.ray_tpu.SliceActor.get_info,8d205b1e3cfdb70449e81d074207b36db41bbae8,2025-08-12T12:23:02-07:00,0ff246f01ad2a1b9a33ceca7ca73a481c691fcfe,2025-08-14T09:38:41-07:00,2,1,0.10526315789473684,,,True,True,0,2,0.0,58.45,,0.034219590359026476,496005961.0,stanford-crfm/levanter,Python
src/levanter/infra/ray_tpu.py,80,callable,ok,src.levanter.infra.ray_tpu.TPUHostActor.get_host_info,src.levanter.infra.ray_tpu.TPUHostActor.get_info,8d205b1e3cfdb70449e81d074207b36db41bbae8,2025-08-12T12:23:02-07:00,0ff246f01ad2a1b9a33ceca7ca73a481c691fcfe,2025-08-14T09:38:41-07:00,2,1,0.18181818181818182,,,True,True,0,2,0.0,58.45,,0.034219590359026476,496005961.0,stanford-crfm/levanter,Python
src/levanter/infra/ray_tpu.py,56,callable,ok,src.levanter.infra.ray_tpu.ResourcePoolManager.scale_actor_pool,src.levanter.infra.ray_tpu.ResourcePoolManager._scale_actor_pool,082cfc04591a56f75f0bcc1725be040938d1b796,2025-07-25T11:36:51-07:00,6ca4686fd799630aa6d800140fe9a4614af00ada,2025-08-15T13:43:44-07:00,7,21,0.5,2.117809426535765,,True,True,0,7,0.0,59.62,,0.1174176959805795,496005961.0,stanford-crfm/levanter,Python
src/levanter/infra/ray_tpu.py,89,callable,ok,src.levanter.infra.ray_tpu._parse_tpu_type,src.levanter.infra.ray_tpu._parse_tpu_type,f6bbf5fbe8b495258805e7cb4f109f18984710b4,2025-09-24T20:50:07-07:00,0b56b364702482b86389f3ed08f908e0239dfe89,2025-09-25T22:20:29-04:00,2,0,0.125,,,True,False,0,2,0.0,100.85,,0.019831416889320608,496005961.0,stanford-crfm/levanter,Python
src/levanter/infra/ray_tpu.py,90,callable,ok,src.levanter.infra.ray_tpu._get_tpu_config,src.levanter.infra.ray_tpu._get_tpu_config,f6bbf5fbe8b495258805e7cb4f109f18984710b4,2025-09-24T20:50:07-07:00,f6bbf5fbe8b495258805e7cb4f109f18984710b4,2025-09-24T20:50:07-07:00,1,0,0.08333333333333333,,,True,False,0,1,0.0,99.91,,0.010008775054518285,496005961.0,stanford-crfm/levanter,Python
src/levanter/infra/ray_tpu.py,0,callable,ok,src.levanter.infra.ray_tpu.run_on_pod,src.levanter.infra.ray_tpu.run_on_pod,2b42bfbeb9362e86b49da4997a8ac17a50c9bf35,2024-09-24T13:56:54-07:00,0ff246f01ad2a1b9a33ceca7ca73a481c691fcfe,2025-08-14T09:38:41-07:00,8,408,0.2962962962962963,2.0789995433331585,,False,False,5,3,265.37,58.45,0.01884128866040531,0.05132938553853972,496005961.0,stanford-crfm/levanter,Python
src/levanter/infra/ray_tpu.py,1,callable,ok,src.levanter.infra.ray_tpu.run_on_pod_resumable,src.levanter.infra.ray_tpu.run_on_pod_resumable,2b42bfbeb9362e86b49da4997a8ac17a50c9bf35,2024-09-24T13:56:54-07:00,956d850b2aa58699b437f65810aa9ebcb1f5504c,2025-07-22T14:34:27-07:00,5,408,0.23809523809523808,1.0824578557676428,,False,False,4,1,265.37,35.65,0.015073030928324248,0.028049352576141495,496005961.0,stanford-crfm/levanter,Python
src/levanter/infra/ray_tpu.py,2,callable,ok,src.levanter.infra.ray_tpu._run_command,src.levanter.infra.ray_tpu._run_command,2b42bfbeb9362e86b49da4997a8ac17a50c9bf35,2024-09-24T13:56:54-07:00,2b42bfbeb9362e86b49da4997a8ac17a50c9bf35,2024-09-24T13:56:54-07:00,1,408,0.5,,,False,False,1,0,265.37,0.0,0.003768257732081062,,496005961.0,stanford-crfm/levanter,Python
src/levanter/infra/ray_tpu.py,3,callable,ok,src.levanter.infra.ray_tpu.run_docker_on_pod,src.levanter.infra.ray_tpu.run_docker_on_pod,2b42bfbeb9362e86b49da4997a8ac17a50c9bf35,2024-09-24T13:56:54-07:00,ea8f4c8252d21c3d2aaf1c72e113d6aeaa8cc601,2025-06-06T22:51:01-07:00,3,408,0.13636363636363635,0.5798869051679999,,False,False,3,0,265.37,0.0,0.011304773196243187,,496005961.0,stanford-crfm/levanter,Python
src/levanter/infra/ray_tpu.py,4,callable,ok,src.levanter.infra.ray_tpu._kill_old_container,src.levanter.infra.ray_tpu._kill_old_container,2b42bfbeb9362e86b49da4997a8ac17a50c9bf35,2024-09-24T13:56:54-07:00,71bd6964ff4bb18551f0405b0ab74991b0555831,2024-09-26T15:53:42-07:00,2,408,0.3333333333333333,,,False,False,2,0,265.37,0.0,0.007536515464162124,,496005961.0,stanford-crfm/levanter,Python
src/levanter/infra/ray_tpu.py,5,callable,ok,src.levanter.infra.ray_tpu._handle_ray_error,src.levanter.infra.ray_tpu._handle_ray_error,2b42bfbeb9362e86b49da4997a8ac17a50c9bf35,2024-09-24T13:56:54-07:00,ea8f4c8252d21c3d2aaf1c72e113d6aeaa8cc601,2025-06-06T22:51:01-07:00,5,408,0.1388888888888889,1.487657794319915,,False,False,5,0,265.37,0.0,0.01884128866040531,,496005961.0,stanford-crfm/levanter,Python
src/levanter/infra/ray_tpu.py,6,callable,ok,src.levanter.infra.ray_tpu.main,src.levanter.infra.ray_tpu.main,2b42bfbeb9362e86b49da4997a8ac17a50c9bf35,2024-09-24T13:56:54-07:00,5ebf8ce14eec52376fb3c785095397e59822f665,2024-10-29T21:50:55-07:00,3,408,0.12,0.3230879451128466,,False,False,3,0,265.37,0.0,0.011304773196243187,,496005961.0,stanford-crfm/levanter,Python
src/levanter/infra/ray_tpu.py,7,callable,ok,src.levanter.infra.ray_tpu._hacky_remove_tpu_lockfile,src.levanter.infra.ray_tpu._hacky_remove_tpu_lockfile,2b42bfbeb9362e86b49da4997a8ac17a50c9bf35,2024-09-24T13:56:54-07:00,ea8f4c8252d21c3d2aaf1c72e113d6aeaa8cc601,2025-06-06T22:51:01-07:00,2,408,0.09523809523809523,,,False,False,2,0,265.37,0.0,0.007536515464162124,,496005961.0,stanford-crfm/levanter,Python
src/levanter/infra/ray_tpu.py,8,callable,ok,src.levanter.infra.ray_tpu._massage_env,src.levanter.infra.ray_tpu._massage_env,2b42bfbeb9362e86b49da4997a8ac17a50c9bf35,2024-09-24T13:56:54-07:00,ea8f4c8252d21c3d2aaf1c72e113d6aeaa8cc601,2025-06-06T22:51:01-07:00,2,408,0.15384615384615385,,,False,False,2,0,265.37,0.0,0.007536515464162124,,496005961.0,stanford-crfm/levanter,Python
src/levanter/infra/ray_tpu.py,12,callable,ok,src.levanter.infra.ray_tpu.submit_tpu_job_on_ray,src.levanter.infra.ray_tpu.submit_tpu_job_on_ray,71bd6964ff4bb18551f0405b0ab74991b0555831,2024-09-26T15:53:42-07:00,71bd6964ff4bb18551f0405b0ab74991b0555831,2024-09-26T15:53:42-07:00,1,406,0.037037037037037035,,,False,False,1,0,263.29,0.0,0.0037980426013778457,,496005961.0,stanford-crfm/levanter,Python
src/levanter/infra/ray_tpu.py,13,callable,ok,src.levanter.infra.ray_tpu._make_unique_job_id,src.levanter.infra.ray_tpu._make_unique_job_id,71bd6964ff4bb18551f0405b0ab74991b0555831,2024-09-26T15:53:42-07:00,71bd6964ff4bb18551f0405b0ab74991b0555831,2024-09-26T15:53:42-07:00,1,406,0.09090909090909091,,,False,False,1,0,263.29,0.0,0.0037980426013778457,,496005961.0,stanford-crfm/levanter,Python
src/levanter/infra/ray_tpu.py,14,callable,ok,src.levanter.infra.ray_tpu.run_on_pod_multislice,src.levanter.infra.ray_tpu.run_on_pod_multislice,5ebf8ce14eec52376fb3c785095397e59822f665,2024-10-29T21:50:55-07:00,0ff246f01ad2a1b9a33ceca7ca73a481c691fcfe,2025-08-14T09:38:41-07:00,4,373,0.26666666666666666,1.5451382655587007,,False,False,3,1,230.05,58.45,0.013040901186646539,0.017109795179513238,496005961.0,stanford-crfm/levanter,Python
src/levanter/infra/ray_tpu.py,15,callable,ok,src.levanter.infra.ray_tpu.run_on_pod_multislice_resumable,src.levanter.infra.ray_tpu.run_on_pod_multislice_resumable,5ebf8ce14eec52376fb3c785095397e59822f665,2024-10-29T21:50:55-07:00,0ff246f01ad2a1b9a33ceca7ca73a481c691fcfe,2025-08-14T09:38:41-07:00,5,373,0.20833333333333334,1.7629440945647514,,False,False,3,2,230.05,58.45,0.013040901186646539,0.034219590359026476,496005961.0,stanford-crfm/levanter,Python
src/levanter/infra/ray_tpu.py,17,callable,ok,src.levanter.infra.ray_tpu._multislice_info_from_head,src.levanter.infra.ray_tpu._multislice_info_from_head,ea8f4c8252d21c3d2aaf1c72e113d6aeaa8cc601,2025-06-06T22:51:01-07:00,ea8f4c8252d21c3d2aaf1c72e113d6aeaa8cc601,2025-06-06T22:51:01-07:00,1,153,0.1,,,False,False,1,0,10.0,0.0,0.09996286102038479,,496005961.0,stanford-crfm/levanter,Python
src/levanter/infra/ray_tpu.py,18,callable,ok,src.levanter.infra.ray_tpu._multislice_info_to_env_vars,src.levanter.infra.ray_tpu._multislice_info_to_env_vars,ea8f4c8252d21c3d2aaf1c72e113d6aeaa8cc601,2025-06-06T22:51:01-07:00,956d850b2aa58699b437f65810aa9ebcb1f5504c,2025-07-22T14:34:27-07:00,2,153,0.18181818181818182,,,False,False,1,1,10.0,35.65,0.09996286102038479,0.028049352576141495,496005961.0,stanford-crfm/levanter,Python
src/levanter/infra/ray_tpu.py,19,callable,ok,src.levanter.infra.ray_tpu.run_on_pod_ray,src.levanter.infra.ray_tpu.run_on_pod_ray,ea8f4c8252d21c3d2aaf1c72e113d6aeaa8cc601,2025-06-06T22:51:01-07:00,c4b3769ff745f792ec19f49d69a640e8df540234,2025-08-24T13:18:44-07:00,17,153,0.07657657657657657,2.777383324975293,,False,False,2,15,10.0,68.6,0.19992572204076958,0.2186625075797941,496005961.0,stanford-crfm/levanter,Python
src/levanter/infra/ray_tpu.py,20,callable,ok,src.levanter.infra.ray_tpu._start_fn_on_slice,src.levanter.infra.ray_tpu._start_fn_on_slice,ea8f4c8252d21c3d2aaf1c72e113d6aeaa8cc601,2025-06-06T22:51:01-07:00,909bea3d396f82f15e4e61cc179bcca14b647e40,2025-07-25T13:05:53-07:00,5,153,0.5,0.3890874257940595,,False,False,1,4,10.0,38.59,0.09996286102038479,0.10365395176192224,496005961.0,stanford-crfm/levanter,Python
src/levanter/infra/ray_tpu.py,27,callable,ok,src.levanter.infra.ray_tpu.SliceActor.__init__,src.levanter.infra.ray_tpu.SliceActor.__init__,ea8f4c8252d21c3d2aaf1c72e113d6aeaa8cc601,2025-06-06T22:51:01-07:00,7656a5e334d6b64fde95a61630c4d3385ba360a1,2025-07-28T10:00:35-07:00,7,153,1.75,1.1512604092530658,,False,False,2,5,10.0,41.46,0.19992572204076958,0.12059449737358026,496005961.0,stanford-crfm/levanter,Python
src/levanter/infra/ray_tpu.py,29,callable,ok,src.levanter.infra.ray_tpu.SliceActor.healthy,src.levanter.infra.ray_tpu.SliceActor.healthy,ea8f4c8252d21c3d2aaf1c72e113d6aeaa8cc601,2025-06-06T22:51:01-07:00,8ce6f528d913f75b2b803e418a355ec7d937e37a,2025-07-23T15:13:10-07:00,3,153,1.5,0.15251343270823836,,False,False,1,2,10.0,36.68,0.09996286102038479,0.05452810469396101,496005961.0,stanford-crfm/levanter,Python
src/levanter/infra/ray_tpu.py,30,callable,ok,src.levanter.infra.ray_tpu.SliceActor.is_being_preempted,src.levanter.infra.ray_tpu.SliceActor.is_being_preempted,ea8f4c8252d21c3d2aaf1c72e113d6aeaa8cc601,2025-06-06T22:51:01-07:00,956d850b2aa58699b437f65810aa9ebcb1f5504c,2025-07-22T14:34:27-07:00,2,153,0.25,,,False,False,1,1,10.0,35.65,0.09996286102038479,0.028049352576141495,496005961.0,stanford-crfm/levanter,Python
src/levanter/infra/ray_tpu.py,32,callable,ok,src.levanter.infra.ray_tpu._separate_process_fn,src.levanter.infra.ray_tpu._separate_process_fn,134f8ddb61f1df26eae59b5810a04ceb74ffac60,2025-06-10T15:17:53-07:00,134f8ddb61f1df26eae59b5810a04ceb74ffac60,2025-06-10T15:17:53-07:00,1,149,0.030303030303030304,,,False,False,1,0,6.32,0.0,0.15826813626446898,,496005961.0,stanford-crfm/levanter,Python
src/levanter/infra/ray_tpu.py,35,callable,ok,src.levanter.infra.ray_tpu._stop_actor,src.levanter.infra.ray_tpu._stop_actor,956d850b2aa58699b437f65810aa9ebcb1f5504c,2025-07-22T14:34:27-07:00,d117382589f015d7a4ee6c62f451e6f1be84cec8,2025-08-06T15:06:29-07:00,6,107,0.3157894736842105,0.7061748721096929,,False,False,0,6,0.0,50.67,,0.1184046345912836,496005961.0,stanford-crfm/levanter,Python
src/levanter/infra/ray_tpu.py,40,callable,ok,src.levanter.infra.ray_tpu.SliceActor.run_remote_fn,src.levanter.infra.ray_tpu.SliceActor.run_remote_fn,b41b7f1beba08ce9c7bc9f5c42fedc4be108efda,2025-07-24T13:59:13-07:00,f6bbf5fbe8b495258805e7cb4f109f18984710b4,2025-09-24T20:50:07-07:00,4,105,0.3076923076923077,0.11266044896673691,,False,False,0,4,0.0,99.91,,0.04003510021807314,496005961.0,stanford-crfm/levanter,Python
src/levanter/infra/ray_tpu.py,41,callable,ok,src.levanter.infra.ray_tpu.SliceActor.teardown,src.levanter.infra.ray_tpu.SliceActor.teardown,b41b7f1beba08ce9c7bc9f5c42fedc4be108efda,2025-07-24T13:59:13-07:00,5b6859e2b0944e8bf196e9929acbf58ee5a73137,2025-07-25T11:44:26-07:00,3,105,1.0,0.051510100234388595,,False,False,0,3,0.0,38.53,,0.07785457774103982,496005961.0,stanford-crfm/levanter,Python
src/levanter/infra/ray_tpu.py,42,callable,ok,src.levanter.infra.ray_tpu.TPUHostActor.__init__,src.levanter.infra.ray_tpu.TPUHostActor.__init__,b41b7f1beba08ce9c7bc9f5c42fedc4be108efda,2025-07-24T13:59:13-07:00,7656a5e334d6b64fde95a61630c4d3385ba360a1,2025-07-28T10:00:35-07:00,3,105,0.75,0.02725106731245533,,False,False,0,3,0.0,41.46,,0.07235669842414816,496005961.0,stanford-crfm/levanter,Python
src/levanter/infra/ray_tpu.py,43,callable,ok,src.levanter.infra.ray_tpu.TPUHostActor.healthy,src.levanter.infra.ray_tpu.TPUHostActor.healthy,b41b7f1beba08ce9c7bc9f5c42fedc4be108efda,2025-07-24T13:59:13-07:00,b41b7f1beba08ce9c7bc9f5c42fedc4be108efda,2025-07-24T13:59:13-07:00,1,105,0.5,,,False,False,0,1,0.0,37.63,,0.026576675091841792,496005961.0,stanford-crfm/levanter,Python
src/levanter/infra/ray_tpu.py,44,callable,ok,src.levanter.infra.ray_tpu.TPUHostActor.is_being_preempted,src.levanter.infra.ray_tpu.TPUHostActor.is_being_preempted,b41b7f1beba08ce9c7bc9f5c42fedc4be108efda,2025-07-24T13:59:13-07:00,b41b7f1beba08ce9c7bc9f5c42fedc4be108efda,2025-07-24T13:59:13-07:00,1,105,0.25,,,False,False,0,1,0.0,37.63,,0.026576675091841792,496005961.0,stanford-crfm/levanter,Python
src/levanter/infra/ray_tpu.py,46,callable,ok,src.levanter.infra.ray_tpu.TPUHostActor.run_remote_fn,src.levanter.infra.ray_tpu.TPUHostActor.run_remote_fn,b41b7f1beba08ce9c7bc9f5c42fedc4be108efda,2025-07-24T13:59:13-07:00,c4b3769ff745f792ec19f49d69a640e8df540234,2025-08-24T13:18:44-07:00,5,105,0.21739130434782608,1.219647721138655,,False,False,0,5,0.0,68.6,,0.07288750252659804,496005961.0,stanford-crfm/levanter,Python
src/levanter/infra/ray_tpu.py,47,callable,ok,src.levanter.infra.ray_tpu.TPUHostActor.teardown,src.levanter.infra.ray_tpu.TPUHostActor.teardown,b41b7f1beba08ce9c7bc9f5c42fedc4be108efda,2025-07-24T13:59:13-07:00,c4b3769ff745f792ec19f49d69a640e8df540234,2025-08-24T13:18:44-07:00,6,105,1.2,1.208872117904536,,False,False,0,6,0.0,68.6,,0.08746500303191765,496005961.0,stanford-crfm/levanter,Python
src/levanter/infra/ray_tpu.py,48,callable,ok,src.levanter.infra.ray_tpu.ResourcePoolManager.__init__,src.levanter.infra.ray_tpu.ResourcePoolManager.__init__,082cfc04591a56f75f0bcc1725be040938d1b796,2025-07-25T11:36:51-07:00,082cfc04591a56f75f0bcc1725be040938d1b796,2025-07-25T11:36:51-07:00,1,105,0.5,,,False,False,0,1,0.0,38.53,,0.02595507309026688,496005961.0,stanford-crfm/levanter,Python
src/levanter/infra/ray_tpu.py,49,callable,ok,src.levanter.infra.ray_tpu.ResourcePoolManager.get_actor_pool_name,src.levanter.infra.ray_tpu.ResourcePoolManager.get_actor_pool_name,082cfc04591a56f75f0bcc1725be040938d1b796,2025-07-25T11:36:51-07:00,082cfc04591a56f75f0bcc1725be040938d1b796,2025-07-25T11:36:51-07:00,1,105,0.5,,,False,False,0,1,0.0,38.53,,0.02595507309026688,496005961.0,stanford-crfm/levanter,Python
src/levanter/infra/ray_tpu.py,50,callable,ok,src.levanter.infra.ray_tpu.ResourcePoolManager.get_actor_name_from_actor_info,src.levanter.infra.ray_tpu.ResourcePoolManager.get_actor_name_from_actor_info,082cfc04591a56f75f0bcc1725be040938d1b796,2025-07-25T11:36:51-07:00,082cfc04591a56f75f0bcc1725be040938d1b796,2025-07-25T11:36:51-07:00,1,105,0.5,,,False,False,0,1,0.0,38.53,,0.02595507309026688,496005961.0,stanford-crfm/levanter,Python
src/levanter/infra/ray_tpu.py,51,callable,ok,src.levanter.infra.ray_tpu.ResourcePoolManager.create_actor,src.levanter.infra.ray_tpu.ResourcePoolManager.create_actor,082cfc04591a56f75f0bcc1725be040938d1b796,2025-07-25T11:36:51-07:00,082cfc04591a56f75f0bcc1725be040938d1b796,2025-07-25T11:36:51-07:00,1,105,0.5,,,False,False,0,1,0.0,38.53,,0.02595507309026688,496005961.0,stanford-crfm/levanter,Python
src/levanter/infra/ray_tpu.py,53,callable,ok,src.levanter.infra.ray_tpu.ResourcePoolManager.get_all_actors_in_pool,src.levanter.infra.ray_tpu.ResourcePoolManager.get_all_actors_in_pool,082cfc04591a56f75f0bcc1725be040938d1b796,2025-07-25T11:36:51-07:00,082cfc04591a56f75f0bcc1725be040938d1b796,2025-07-25T11:36:51-07:00,1,105,0.5,,,False,False,0,1,0.0,38.53,,0.02595507309026688,496005961.0,stanford-crfm/levanter,Python
src/levanter/infra/ray_tpu.py,54,callable,ok,src.levanter.infra.ray_tpu.ResourcePoolManager._remove_unhealthy_members_from_actor_pool,src.levanter.infra.ray_tpu.ResourcePoolManager._remove_unhealthy_members_from_actor_pool,082cfc04591a56f75f0bcc1725be040938d1b796,2025-07-25T11:36:51-07:00,0ff246f01ad2a1b9a33ceca7ca73a481c691fcfe,2025-08-14T09:38:41-07:00,4,105,0.16666666666666666,1.2879773023231542,,False,False,0,4,0.0,58.45,,0.06843918071805295,496005961.0,stanford-crfm/levanter,Python
src/levanter/infra/ray_tpu.py,55,callable,ok,src.levanter.infra.ray_tpu.ResourcePoolManager._add_members_to_actor_pool,src.levanter.infra.ray_tpu.ResourcePoolManager._add_members_to_actor_pool,082cfc04591a56f75f0bcc1725be040938d1b796,2025-07-25T11:36:51-07:00,0ff246f01ad2a1b9a33ceca7ca73a481c691fcfe,2025-08-14T09:38:41-07:00,7,105,0.4375,1.9245013884162097,,False,False,0,7,0.0,58.45,,0.11976856625659267,496005961.0,stanford-crfm/levanter,Python
src/levanter/infra/ray_tpu.py,57,callable,ok,src.levanter.infra.ray_tpu.SliceActor.get_actor_pool_name,src.levanter.infra.ray_tpu.SliceActor.get_actor_pool_name,082cfc04591a56f75f0bcc1725be040938d1b796,2025-07-25T11:36:51-07:00,2c5423004e557755a291225ce50389640e181791,2025-07-25T14:55:45-07:00,2,105,0.6666666666666666,,,False,False,0,2,0.0,38.67,,0.05172471079211546,496005961.0,stanford-crfm/levanter,Python
src/levanter/infra/ray_tpu.py,58,callable,ok,src.levanter.infra.ray_tpu.SliceActor.get_actor_name_from_actor_info,src.levanter.infra.ray_tpu.SliceActor.get_actor_name_from_actor_info,082cfc04591a56f75f0bcc1725be040938d1b796,2025-07-25T11:36:51-07:00,5b6859e2b0944e8bf196e9929acbf58ee5a73137,2025-07-25T11:44:26-07:00,2,105,1.0,,,False,False,0,2,0.0,38.53,,0.05190305182735988,496005961.0,stanford-crfm/levanter,Python
src/levanter/infra/ray_tpu.py,59,callable,ok,src.levanter.infra.ray_tpu.SliceActor.create_actor,src.levanter.infra.ray_tpu.SliceActor.create_actor,082cfc04591a56f75f0bcc1725be040938d1b796,2025-07-25T11:36:51-07:00,2c5423004e557755a291225ce50389640e181791,2025-07-25T14:55:45-07:00,3,105,0.75,0.9920715300060035,,False,False,0,3,0.0,38.67,,0.07758706618817318,496005961.0,stanford-crfm/levanter,Python
src/levanter/infra/ray_tpu.py,61,callable,ok,src.levanter.infra.ray_tpu.ResourcePoolManager.drain_actor_pool,src.levanter.infra.ray_tpu.ResourcePoolManager.drain_actor_pool,5b6859e2b0944e8bf196e9929acbf58ee5a73137,2025-07-25T11:44:26-07:00,0ff246f01ad2a1b9a33ceca7ca73a481c691fcfe,2025-08-14T09:38:41-07:00,4,105,1.0,1.5329567702605322,,False,False,0,4,0.0,58.45,,0.06843918071805295,496005961.0,stanford-crfm/levanter,Python
src/levanter/infra/ray_tpu.py,62,callable,ok,src.levanter.infra.ray_tpu.ResourcePoolManager.get_all_pool_members,src.levanter.infra.ray_tpu.ResourcePoolManager.get_all_pool_members,909bea3d396f82f15e4e61cc179bcca14b647e40,2025-07-25T13:05:53-07:00,909bea3d396f82f15e4e61cc179bcca14b647e40,2025-07-25T13:05:53-07:00,1,104,0.5,,,False,False,0,1,0.0,38.59,,0.02591348794048056,496005961.0,stanford-crfm/levanter,Python
src/levanter/infra/ray_tpu.py,63,callable,ok,src.levanter.infra.ray_tpu.SlicePoolManager.__init__,src.levanter.infra.ray_tpu.SlicePoolManager.__init__,909bea3d396f82f15e4e61cc179bcca14b647e40,2025-07-25T13:05:53-07:00,0ff246f01ad2a1b9a33ceca7ca73a481c691fcfe,2025-08-14T09:38:41-07:00,4,104,0.8,1.5350255633209586,,False,False,0,4,0.0,58.45,,0.06843918071805295,496005961.0,stanford-crfm/levanter,Python
src/levanter/infra/ray_tpu.py,64,callable,ok,src.levanter.infra.ray_tpu.SlicePoolManager.get_actor_pool_name,src.levanter.infra.ray_tpu.SlicePoolManager.get_actor_pool_name,909bea3d396f82f15e4e61cc179bcca14b647e40,2025-07-25T13:05:53-07:00,909bea3d396f82f15e4e61cc179bcca14b647e40,2025-07-25T13:05:53-07:00,1,104,0.5,,,False,False,0,1,0.0,38.59,,0.02591348794048056,496005961.0,stanford-crfm/levanter,Python
src/levanter/infra/ray_tpu.py,65,callable,ok,src.levanter.infra.ray_tpu.SlicePoolManager.get_actor_name_from_actor_info,src.levanter.infra.ray_tpu.SlicePoolManager.get_actor_name_from_actor_info,909bea3d396f82f15e4e61cc179bcca14b647e40,2025-07-25T13:05:53-07:00,909bea3d396f82f15e4e61cc179bcca14b647e40,2025-07-25T13:05:53-07:00,1,104,0.5,,,False,False,0,1,0.0,38.59,,0.02591348794048056,496005961.0,stanford-crfm/levanter,Python
src/levanter/infra/ray_tpu.py,66,callable,ok,src.levanter.infra.ray_tpu.SlicePoolManager.create_actor,src.levanter.infra.ray_tpu.SlicePoolManager.create_actor,909bea3d396f82f15e4e61cc179bcca14b647e40,2025-07-25T13:05:53-07:00,2c5423004e557755a291225ce50389640e181791,2025-07-25T14:55:45-07:00,2,104,1.0,,,False,False,0,2,0.0,38.67,,0.05172471079211546,496005961.0,stanford-crfm/levanter,Python
src/levanter/infra/ray_tpu.py,81,callable,ok,src.levanter.infra.ray_tpu._validate_num_slices,src.levanter.infra.ray_tpu._validate_num_slices,0ff246f01ad2a1b9a33ceca7ca73a481c691fcfe,2025-08-14T09:38:41-07:00,0ff246f01ad2a1b9a33ceca7ca73a481c691fcfe,2025-08-14T09:38:41-07:00,1,85,0.09090909090909091,,,False,False,0,1,0.0,58.45,,0.017109795179513238,496005961.0,stanford-crfm/levanter,Python
src/levanter/infra/ray_tpu.py,82,callable,ok,src.levanter.infra.ray_tpu.ResourcePoolManager._remove_members_from_actor_pool,src.levanter.infra.ray_tpu.ResourcePoolManager._remove_members_from_actor_pool,0ff246f01ad2a1b9a33ceca7ca73a481c691fcfe,2025-08-14T09:38:41-07:00,0ff246f01ad2a1b9a33ceca7ca73a481c691fcfe,2025-08-14T09:38:41-07:00,1,85,0.125,,,False,False,0,1,0.0,58.45,,0.017109795179513238,496005961.0,stanford-crfm/levanter,Python
src/levanter/infra/ray_tpu.py,83,callable,ok,src.levanter.infra.ray_tpu.SlicePoolManager.scale_multislice,src.levanter.infra.ray_tpu.SlicePoolManager.scale_multislice,0ff246f01ad2a1b9a33ceca7ca73a481c691fcfe,2025-08-14T09:38:41-07:00,6ca4686fd799630aa6d800140fe9a4614af00ada,2025-08-15T13:43:44-07:00,2,85,0.05128205128205128,,,False,False,0,2,0.0,59.62,,0.03354791313730843,496005961.0,stanford-crfm/levanter,Python
src/levanter/infra/ray_tpu.py,84,callable,ok,src.levanter.infra.ray_tpu.SlicePoolManager.check_should_scale_up_multislice,src.levanter.infra.ray_tpu.SlicePoolManager.check_should_scale_up_multislice,0ff246f01ad2a1b9a33ceca7ca73a481c691fcfe,2025-08-14T09:38:41-07:00,aa08d174a4c61f57d1241689d48d20863cc94089,2025-08-14T09:40:04-07:00,2,85,0.05555555555555555,,,False,False,0,2,0.0,58.45,,0.03421902791821177,496005961.0,stanford-crfm/levanter,Python
src/levanter/infra/ray_tpu.py,85,callable,ok,src.levanter.infra.ray_tpu.SliceActor.get_info,src.levanter.infra.ray_tpu.SliceActor.get_info,aa08d174a4c61f57d1241689d48d20863cc94089,2025-08-14T09:40:04-07:00,b9581e65526eb9d8076f4abd892fe9b9d05db084,2025-09-27T23:50:12-07:00,7,85,0.3888888888888889,1.4420788382002638,,False,False,0,7,0.0,103.04,,0.0679365072233087,496005961.0,stanford-crfm/levanter,Python
src/levanter/infra/ray_tpu.py,86,callable,ok,src.levanter.infra.ray_tpu.TPUHostActor.get_info,src.levanter.infra.ray_tpu.TPUHostActor.get_info,aa08d174a4c61f57d1241689d48d20863cc94089,2025-08-14T09:40:04-07:00,98a01051b3329642638b26aeb4409bf21e36f977,2025-10-01T11:03:44-07:00,3,85,0.21428571428571427,0.5768154484616473,,False,False,0,3,0.0,106.51,,0.028167661047406655,496005961.0,stanford-crfm/levanter,Python
src/levanter/infra/ray_tpu.py,87,callable,ok,src.levanter.infra.ray_tpu._cancel_tasks_and_wait,src.levanter.infra.ray_tpu._cancel_tasks_and_wait,c4b3769ff745f792ec19f49d69a640e8df540234,2025-08-24T13:18:44-07:00,c4b3769ff745f792ec19f49d69a640e8df540234,2025-08-24T13:18:44-07:00,1,74,0.05,,,False,False,0,1,0.0,68.6,,0.014577500505319608,496005961.0,stanford-crfm/levanter,Python
src/levanter/infra/ray_tpu.py,88,callable,ok,src.levanter.infra.ray_tpu.ResourcePoolManager._scale_actor_pool,src.levanter.infra.ray_tpu.ResourcePoolManager._scale_actor_pool,c4b3769ff745f792ec19f49d69a640e8df540234,2025-08-24T13:18:44-07:00,c4b3769ff745f792ec19f49d69a640e8df540234,2025-08-24T13:18:44-07:00,1,74,0.07142857142857142,,,False,False,0,1,0.0,68.6,,0.014577500505319608,496005961.0,stanford-crfm/levanter,Python
src/levanter/infra/ray_tpu.py,91,callable,ok,src.levanter.infra.ray_tpu.get_tpu_config,src.levanter.infra.ray_tpu.get_tpu_config,9263f81e8b453241332c2c0b2d2001bfb2d2241c,2025-09-26T12:04:00-07:00,9263f81e8b453241332c2c0b2d2001bfb2d2241c,2025-09-26T12:04:00-07:00,1,41,0.16666666666666666,,,False,False,0,1,0.0,101.55,,0.009847659892829194,496005961.0,stanford-crfm/levanter,Python
src/levanter/infra/ray_tpu.py,92,callable,ok,src.levanter.infra.ray_tpu._get_current_tpu_pod_type,src.levanter.infra.ray_tpu._get_current_tpu_pod_type,b9581e65526eb9d8076f4abd892fe9b9d05db084,2025-09-27T23:50:12-07:00,b9581e65526eb9d8076f4abd892fe9b9d05db084,2025-09-27T23:50:12-07:00,1,40,0.125,,,False,False,0,1,0.0,103.04,,0.009705215317615527,496005961.0,stanford-crfm/levanter,Python
src/levanter/infra/ray_tpu.py,93,callable,ok,src.levanter.infra.ray_tpu._get_current_node_tpu_worker_id,src.levanter.infra.ray_tpu._get_current_node_tpu_worker_id,98a01051b3329642638b26aeb4409bf21e36f977,2025-10-01T11:03:44-07:00,98a01051b3329642638b26aeb4409bf21e36f977,2025-10-01T11:03:44-07:00,1,37,0.14285714285714285,,,False,False,0,1,0.0,106.51,,0.00938922034913555,496005961.0,stanford-crfm/levanter,Python
src/levanter/infra/tpus.py,3,callable,ok,src.levanter.infra.tpus.start_tpu_vm,src.levanter.infra.tpus.start_tpu_vm_queued_resources,20faff32516ecf5d6c459db382f12aa0a4405e0d,2024-08-26T11:02:06-07:00,2b42bfbeb9362e86b49da4997a8ac17a50c9bf35,2024-09-24T13:56:54-07:00,4,29,0.05128205128205128,0.9992308816620569,,True,True,4,0,294.5,0.0,0.013582526582608017,,496005961.0,stanford-crfm/levanter,Python
src/levanter/infra/tpus.py,2,callable,ok,src.levanter.infra.tpus.describe_tpu,src.levanter.infra.tpus.describe_tpu_queued_resource,20faff32516ecf5d6c459db382f12aa0a4405e0d,2024-08-26T11:02:06-07:00,2b42bfbeb9362e86b49da4997a8ac17a50c9bf35,2024-09-24T13:56:54-07:00,4,29,0.19047619047619047,1.213252103289774,,True,True,4,0,294.5,0.0,0.013582526582608017,,496005961.0,stanford-crfm/levanter,Python
src/levanter/infra/tpus.py,0,callable,ok,src.levanter.infra.tpus.setup_vm_docker,src.levanter.infra.tpus.setup_vm_docker,20faff32516ecf5d6c459db382f12aa0a4405e0d,2024-08-26T11:02:06-07:00,20faff32516ecf5d6c459db382f12aa0a4405e0d,2024-08-26T11:02:06-07:00,1,438,0.04,,,False,False,1,0,294.5,0.0,0.003395631645652004,,496005961.0,stanford-crfm/levanter,Python
src/levanter/infra/tpus.py,1,callable,ok,src.levanter.infra.tpus.list_tpus,src.levanter.infra.tpus.list_tpus,20faff32516ecf5d6c459db382f12aa0a4405e0d,2024-08-26T11:02:06-07:00,5fc4084c4d0cfe040f88102e6240c46096698644,2024-09-13T16:19:26-07:00,2,438,0.125,,,False,False,2,0,294.5,0.0,0.006791263291304008,,496005961.0,stanford-crfm/levanter,Python
src/levanter/infra/tpus.py,4,callable,ok,src.levanter.infra.tpus.launch_job,src.levanter.infra.tpus.launch_job,20faff32516ecf5d6c459db382f12aa0a4405e0d,2024-08-26T11:02:06-07:00,2b42bfbeb9362e86b49da4997a8ac17a50c9bf35,2024-09-24T13:56:54-07:00,2,438,0.06060606060606061,,,False,False,2,0,294.5,0.0,0.006791263291304008,,496005961.0,stanford-crfm/levanter,Python
src/levanter/infra/tpus.py,5,callable,ok,src.levanter.infra.tpus.run_command,src.levanter.infra.tpus.run_command,20faff32516ecf5d6c459db382f12aa0a4405e0d,2024-08-26T11:02:06-07:00,20faff32516ecf5d6c459db382f12aa0a4405e0d,2024-08-26T11:02:06-07:00,1,438,0.3333333333333333,,,False,False,1,0,294.5,0.0,0.003395631645652004,,496005961.0,stanford-crfm/levanter,Python
src/levanter/infra/tpus.py,6,callable,ok,src.levanter.infra.tpus.add_ssh_key,src.levanter.infra.tpus.add_ssh_key,20faff32516ecf5d6c459db382f12aa0a4405e0d,2024-08-26T11:02:06-07:00,050d27578e04af78dacabe0cd8ad27653848901a,2025-09-11T17:45:40-07:00,3,438,0.15,0.2769223388997251,,False,False,2,1,294.5,86.78,0.006791263291304008,0.011522830007049732,496005961.0,stanford-crfm/levanter,Python
src/levanter/infra/tpus.py,7,callable,ok,src.levanter.infra.tpus.tpu_ssh,src.levanter.infra.tpus.tpu_ssh,20faff32516ecf5d6c459db382f12aa0a4405e0d,2024-08-26T11:02:06-07:00,5fc4084c4d0cfe040f88102e6240c46096698644,2024-09-13T16:19:26-07:00,2,438,0.06896551724137931,,,False,False,2,0,294.5,0.0,0.006791263291304008,,496005961.0,stanford-crfm/levanter,Python
src/levanter/infra/tpus.py,8,callable,ok,src.levanter.infra.tpus._tpu_ssh_multislice,src.levanter.infra.tpus._tpu_ssh_multislice,20faff32516ecf5d6c459db382f12aa0a4405e0d,2024-08-26T11:02:06-07:00,5fc4084c4d0cfe040f88102e6240c46096698644,2024-09-13T16:19:26-07:00,2,438,0.07142857142857142,,,False,False,2,0,294.5,0.0,0.006791263291304008,,496005961.0,stanford-crfm/levanter,Python
src/levanter/infra/tpus.py,9,callable,ok,src.levanter.infra.tpus.describe_tpu_vm,src.levanter.infra.tpus.describe_tpu_vm,2b42bfbeb9362e86b49da4997a8ac17a50c9bf35,2024-09-24T13:56:54-07:00,2b42bfbeb9362e86b49da4997a8ac17a50c9bf35,2024-09-24T13:56:54-07:00,1,408,0.047619047619047616,,,False,False,1,0,265.37,0.0,0.003768257732081062,,496005961.0,stanford-crfm/levanter,Python
src/levanter/infra/tpus.py,10,callable,ok,src.levanter.infra.tpus.get_current_tpu_metadata,src.levanter.infra.tpus.get_current_tpu_metadata,2b42bfbeb9362e86b49da4997a8ac17a50c9bf35,2024-09-24T13:56:54-07:00,2b42bfbeb9362e86b49da4997a8ac17a50c9bf35,2024-09-24T13:56:54-07:00,1,408,0.05263157894736842,,,False,False,1,0,265.37,0.0,0.003768257732081062,,496005961.0,stanford-crfm/levanter,Python
src/levanter/infra/tpus.py,11,callable,ok,src.levanter.infra.tpus.get_current_tpu_is_preempted,src.levanter.infra.tpus.get_current_tpu_is_preempted,2b42bfbeb9362e86b49da4997a8ac17a50c9bf35,2024-09-24T13:56:54-07:00,2b42bfbeb9362e86b49da4997a8ac17a50c9bf35,2024-09-24T13:56:54-07:00,1,408,0.05263157894736842,,,False,False,1,0,265.37,0.0,0.003768257732081062,,496005961.0,stanford-crfm/levanter,Python
src/levanter/infra/tpus.py,12,callable,ok,src.levanter.infra.tpus.describe_tpu_queued_resource,src.levanter.infra.tpus.describe_tpu_queued_resource,d9678f5c943183195189fd7a2e64f926ba677db8,2024-12-19T23:33:58-08:00,d9678f5c943183195189fd7a2e64f926ba677db8,2024-12-19T23:33:58-08:00,1,322,0.047619047619047616,,,False,False,1,0,178.93,0.0,0.005588708325312502,,496005961.0,stanford-crfm/levanter,Python
src/levanter/infra/tpus.py,13,callable,ok,src.levanter.infra.tpus.start_tpu_vm_queued_resources,src.levanter.infra.tpus.start_tpu_vm_queued_resources,d9678f5c943183195189fd7a2e64f926ba677db8,2024-12-19T23:33:58-08:00,46514b056a8aea850d9a4731d958c4c4fb4ec276,2025-07-20T23:08:07-07:00,2,322,0.024691358024691357,,,False,False,1,1,178.93,34.01,0.005588708325312502,0.029404707816240994,496005961.0,stanford-crfm/levanter,Python
src/levanter/layers/attention.py,0,class,ok,src.levanter.layers.attention.AttentionBackend,src.levanter.layers.attention.AttentionBackend,64a2a5c46a24143f19e2cefa171f822292f20cec,2025-06-17T17:50:11-07:00,64a2a5c46a24143f19e2cefa171f822292f20cec,2025-06-17T17:50:11-07:00,1,142,0.16666666666666666,,,False,False,0,1,0.0,0.79,,1.2700465977744784,496005961.0,stanford-crfm/levanter,Python
src/levanter/layers/attention.py,1,class,ok,src.levanter.layers.attention.AttentionMask,src.levanter.layers.attention.AttentionMask,64a2a5c46a24143f19e2cefa171f822292f20cec,2025-06-17T17:50:11-07:00,64a2a5c46a24143f19e2cefa171f822292f20cec,2025-06-17T17:50:11-07:00,1,142,0.009708737864077669,,,False,False,0,1,0.0,0.79,,1.2700465977744784,496005961.0,stanford-crfm/levanter,Python
src/levanter/layers/attention.py,2,class,ok,src.levanter.layers.attention.AttentionConfig,src.levanter.layers.attention.AttentionConfig,64a2a5c46a24143f19e2cefa171f822292f20cec,2025-06-17T17:50:11-07:00,64a2a5c46a24143f19e2cefa171f822292f20cec,2025-06-17T17:50:11-07:00,1,142,0.01639344262295082,,,False,False,0,1,0.0,0.79,,1.2700465977744784,496005961.0,stanford-crfm/levanter,Python
src/levanter/layers/attention.py,3,class,ok,src.levanter.layers.attention.Attention,src.levanter.layers.attention.Attention,64a2a5c46a24143f19e2cefa171f822292f20cec,2025-06-17T17:50:11-07:00,64a2a5c46a24143f19e2cefa171f822292f20cec,2025-06-17T17:50:11-07:00,1,142,0.010638297872340425,,,False,False,0,1,0.0,0.79,,1.2700465977744784,496005961.0,stanford-crfm/levanter,Python
src/levanter/layers/attention.py,0,callable,ok,src.levanter.layers.attention.default_attention_type,src.levanter.layers.attention.default_attention_type,64a2a5c46a24143f19e2cefa171f822292f20cec,2025-06-17T17:50:11-07:00,64a2a5c46a24143f19e2cefa171f822292f20cec,2025-06-17T17:50:11-07:00,1,142,0.125,,,False,False,0,1,0.0,0.79,,1.2700465977744784,496005961.0,stanford-crfm/levanter,Python
src/levanter/layers/attention.py,1,callable,ok,src.levanter.layers.attention.dot_product_attention,src.levanter.layers.attention.dot_product_attention,64a2a5c46a24143f19e2cefa171f822292f20cec,2025-06-17T17:50:11-07:00,64a2a5c46a24143f19e2cefa171f822292f20cec,2025-06-17T17:50:11-07:00,1,142,0.005847953216374269,,,False,False,0,1,0.0,0.79,,1.2700465977744784,496005961.0,stanford-crfm/levanter,Python
src/levanter/layers/attention.py,2,callable,ok,src.levanter.layers.attention.simple_attention_with_dropout,src.levanter.layers.attention.simple_attention_with_dropout,64a2a5c46a24143f19e2cefa171f822292f20cec,2025-06-17T17:50:11-07:00,64a2a5c46a24143f19e2cefa171f822292f20cec,2025-06-17T17:50:11-07:00,1,142,0.02,,,False,False,0,1,0.0,0.79,,1.2700465977744784,496005961.0,stanford-crfm/levanter,Python
src/levanter/layers/attention.py,3,callable,ok,src.levanter.layers.attention._try_te_attention,src.levanter.layers.attention._try_te_attention,64a2a5c46a24143f19e2cefa171f822292f20cec,2025-06-17T17:50:11-07:00,64a2a5c46a24143f19e2cefa171f822292f20cec,2025-06-17T17:50:11-07:00,1,142,0.013333333333333334,,,False,False,0,1,0.0,0.79,,1.2700465977744784,496005961.0,stanford-crfm/levanter,Python
src/levanter/layers/attention.py,4,callable,ok,src.levanter.layers.attention._te_flash_attention,src.levanter.layers.attention._te_flash_attention,64a2a5c46a24143f19e2cefa171f822292f20cec,2025-06-17T17:50:11-07:00,64a2a5c46a24143f19e2cefa171f822292f20cec,2025-06-17T17:50:11-07:00,1,142,0.008928571428571428,,,False,False,0,1,0.0,0.79,,1.2700465977744784,496005961.0,stanford-crfm/levanter,Python
src/levanter/layers/attention.py,5,callable,ok,src.levanter.layers.attention._te_materialize_mask,src.levanter.layers.attention._te_materialize_mask,64a2a5c46a24143f19e2cefa171f822292f20cec,2025-06-17T17:50:11-07:00,64a2a5c46a24143f19e2cefa171f822292f20cec,2025-06-17T17:50:11-07:00,1,142,0.03571428571428571,,,False,False,0,1,0.0,0.79,,1.2700465977744784,496005961.0,stanford-crfm/levanter,Python
src/levanter/layers/attention.py,6,callable,ok,src.levanter.layers.attention._bin_and_group_axes_by_function,src.levanter.layers.attention._bin_and_group_axes_by_function,64a2a5c46a24143f19e2cefa171f822292f20cec,2025-06-17T17:50:11-07:00,64a2a5c46a24143f19e2cefa171f822292f20cec,2025-06-17T17:50:11-07:00,1,142,0.012658227848101266,,,False,False,0,1,0.0,0.79,,1.2700465977744784,496005961.0,stanford-crfm/levanter,Python
src/levanter/layers/attention.py,7,callable,ok,src.levanter.layers.attention._reshape_axes_for_bshd_bins,src.levanter.layers.attention._reshape_axes_for_bshd_bins,64a2a5c46a24143f19e2cefa171f822292f20cec,2025-06-17T17:50:11-07:00,64a2a5c46a24143f19e2cefa171f822292f20cec,2025-06-17T17:50:11-07:00,1,142,0.05555555555555555,,,False,False,0,1,0.0,0.79,,1.2700465977744784,496005961.0,stanford-crfm/levanter,Python
src/levanter/layers/attention.py,8,callable,ok,src.levanter.layers.attention._unflatten_bshd,src.levanter.layers.attention._unflatten_bshd,64a2a5c46a24143f19e2cefa171f822292f20cec,2025-06-17T17:50:11-07:00,64a2a5c46a24143f19e2cefa171f822292f20cec,2025-06-17T17:50:11-07:00,1,142,0.16666666666666666,,,False,False,0,1,0.0,0.79,,1.2700465977744784,496005961.0,stanford-crfm/levanter,Python
src/levanter/layers/attention.py,9,callable,ok,src.levanter.layers.attention._materialize_segment_mask,src.levanter.layers.attention._materialize_segment_mask,64a2a5c46a24143f19e2cefa171f822292f20cec,2025-06-17T17:50:11-07:00,64a2a5c46a24143f19e2cefa171f822292f20cec,2025-06-17T17:50:11-07:00,1,142,0.1111111111111111,,,False,False,0,1,0.0,0.79,,1.2700465977744784,496005961.0,stanford-crfm/levanter,Python
src/levanter/layers/attention.py,10,callable,ok,src.levanter.layers.attention.materialize_mask,src.levanter.layers.attention.materialize_mask,64a2a5c46a24143f19e2cefa171f822292f20cec,2025-06-17T17:50:11-07:00,64a2a5c46a24143f19e2cefa171f822292f20cec,2025-06-17T17:50:11-07:00,1,142,0.04,,,False,False,0,1,0.0,0.79,,1.2700465977744784,496005961.0,stanford-crfm/levanter,Python
src/levanter/layers/attention.py,11,callable,ok,src.levanter.layers.attention._try_tpu_splash_attention,src.levanter.layers.attention._try_tpu_splash_attention,64a2a5c46a24143f19e2cefa171f822292f20cec,2025-06-17T17:50:11-07:00,64a2a5c46a24143f19e2cefa171f822292f20cec,2025-06-17T17:50:11-07:00,1,142,0.014925373134328358,,,False,False,0,1,0.0,0.79,,1.2700465977744784,496005961.0,stanford-crfm/levanter,Python
src/levanter/layers/attention.py,12,callable,ok,src.levanter.layers.attention._tpu_splash_attention,src.levanter.layers.attention._tpu_splash_attention,64a2a5c46a24143f19e2cefa171f822292f20cec,2025-06-17T17:50:11-07:00,64a2a5c46a24143f19e2cefa171f822292f20cec,2025-06-17T17:50:11-07:00,1,142,0.004830917874396135,,,False,False,0,1,0.0,0.79,,1.2700465977744784,496005961.0,stanford-crfm/levanter,Python
src/levanter/layers/attention.py,13,callable,ok,src.levanter.layers.attention.AttentionMask.materialize,src.levanter.layers.attention.AttentionMask.materialize,64a2a5c46a24143f19e2cefa171f822292f20cec,2025-06-17T17:50:11-07:00,64a2a5c46a24143f19e2cefa171f822292f20cec,2025-06-17T17:50:11-07:00,1,142,0.034482758620689655,,,False,False,0,1,0.0,0.79,,1.2700465977744784,496005961.0,stanford-crfm/levanter,Python
src/levanter/layers/attention.py,14,callable,ok,src.levanter.layers.attention.AttentionMask.causal,src.levanter.layers.attention.AttentionMask.causal,64a2a5c46a24143f19e2cefa171f822292f20cec,2025-06-17T17:50:11-07:00,64a2a5c46a24143f19e2cefa171f822292f20cec,2025-06-17T17:50:11-07:00,1,142,0.5,,,False,False,0,1,0.0,0.79,,1.2700465977744784,496005961.0,stanford-crfm/levanter,Python
src/levanter/layers/attention.py,15,callable,ok,src.levanter.layers.attention.AttentionMask.explicit,src.levanter.layers.attention.AttentionMask.explicit,64a2a5c46a24143f19e2cefa171f822292f20cec,2025-06-17T17:50:11-07:00,64a2a5c46a24143f19e2cefa171f822292f20cec,2025-06-17T17:50:11-07:00,1,142,0.5,,,False,False,0,1,0.0,0.79,,1.2700465977744784,496005961.0,stanford-crfm/levanter,Python
src/levanter/layers/attention.py,16,callable,ok,src.levanter.layers.attention.AttentionMask.with_segment_ids,src.levanter.layers.attention.AttentionMask.with_segment_ids,64a2a5c46a24143f19e2cefa171f822292f20cec,2025-06-17T17:50:11-07:00,64a2a5c46a24143f19e2cefa171f822292f20cec,2025-06-17T17:50:11-07:00,1,142,0.5,,,False,False,0,1,0.0,0.79,,1.2700465977744784,496005961.0,stanford-crfm/levanter,Python
src/levanter/layers/attention.py,17,callable,ok,src.levanter.layers.attention.AttentionMask.__and__,src.levanter.layers.attention.AttentionMask.__and__,64a2a5c46a24143f19e2cefa171f822292f20cec,2025-06-17T17:50:11-07:00,64a2a5c46a24143f19e2cefa171f822292f20cec,2025-06-17T17:50:11-07:00,1,142,0.16666666666666666,,,False,False,0,1,0.0,0.79,,1.2700465977744784,496005961.0,stanford-crfm/levanter,Python
src/levanter/layers/attention.py,18,callable,ok,src.levanter.layers.attention.AttentionMask.__or__,src.levanter.layers.attention.AttentionMask.__or__,64a2a5c46a24143f19e2cefa171f822292f20cec,2025-06-17T17:50:11-07:00,64a2a5c46a24143f19e2cefa171f822292f20cec,2025-06-17T17:50:11-07:00,1,142,0.2,,,False,False,0,1,0.0,0.79,,1.2700465977744784,496005961.0,stanford-crfm/levanter,Python
src/levanter/layers/attention.py,19,callable,ok,src.levanter.layers.attention.AttentionMask._check_for_same_segment_ids,src.levanter.layers.attention.AttentionMask._check_for_same_segment_ids,64a2a5c46a24143f19e2cefa171f822292f20cec,2025-06-17T17:50:11-07:00,64a2a5c46a24143f19e2cefa171f822292f20cec,2025-06-17T17:50:11-07:00,1,142,0.0625,,,False,False,0,1,0.0,0.79,,1.2700465977744784,496005961.0,stanford-crfm/levanter,Python
src/levanter/layers/attention.py,20,callable,ok,src.levanter.layers.attention.AttentionConfig.__post_init__,src.levanter.layers.attention.AttentionConfig.__post_init__,64a2a5c46a24143f19e2cefa171f822292f20cec,2025-06-17T17:50:11-07:00,64a2a5c46a24143f19e2cefa171f822292f20cec,2025-06-17T17:50:11-07:00,1,142,0.25,,,False,False,0,1,0.0,0.79,,1.2700465977744784,496005961.0,stanford-crfm/levanter,Python
src/levanter/layers/attention.py,21,callable,ok,src.levanter.layers.attention.AttentionConfig.head_size,src.levanter.layers.attention.AttentionConfig.head_size,64a2a5c46a24143f19e2cefa171f822292f20cec,2025-06-17T17:50:11-07:00,64a2a5c46a24143f19e2cefa171f822292f20cec,2025-06-17T17:50:11-07:00,1,142,0.5,,,False,False,0,1,0.0,0.79,,1.2700465977744784,496005961.0,stanford-crfm/levanter,Python
src/levanter/layers/attention.py,22,callable,ok,src.levanter.layers.attention.AttentionConfig.q_heads_per_group,src.levanter.layers.attention.AttentionConfig.q_heads_per_group,64a2a5c46a24143f19e2cefa171f822292f20cec,2025-06-17T17:50:11-07:00,64a2a5c46a24143f19e2cefa171f822292f20cec,2025-06-17T17:50:11-07:00,1,142,0.5,,,False,False,0,1,0.0,0.79,,1.2700465977744784,496005961.0,stanford-crfm/levanter,Python
src/levanter/layers/attention.py,23,callable,ok,src.levanter.layers.attention.AttentionConfig.KVHeads,src.levanter.layers.attention.AttentionConfig.KVHeads,64a2a5c46a24143f19e2cefa171f822292f20cec,2025-06-17T17:50:11-07:00,64a2a5c46a24143f19e2cefa171f822292f20cec,2025-06-17T17:50:11-07:00,1,142,0.5,,,False,False,0,1,0.0,0.79,,1.2700465977744784,496005961.0,stanford-crfm/levanter,Python
src/levanter/layers/attention.py,24,callable,ok,src.levanter.layers.attention.AttentionConfig.Heads,src.levanter.layers.attention.AttentionConfig.Heads,64a2a5c46a24143f19e2cefa171f822292f20cec,2025-06-17T17:50:11-07:00,64a2a5c46a24143f19e2cefa171f822292f20cec,2025-06-17T17:50:11-07:00,1,142,0.5,,,False,False,0,1,0.0,0.79,,1.2700465977744784,496005961.0,stanford-crfm/levanter,Python
src/levanter/layers/attention.py,25,callable,ok,src.levanter.layers.attention.AttentionConfig.HeadSize,src.levanter.layers.attention.AttentionConfig.HeadSize,64a2a5c46a24143f19e2cefa171f822292f20cec,2025-06-17T17:50:11-07:00,64a2a5c46a24143f19e2cefa171f822292f20cec,2025-06-17T17:50:11-07:00,1,142,0.5,,,False,False,0,1,0.0,0.79,,1.2700465977744784,496005961.0,stanford-crfm/levanter,Python
src/levanter/layers/attention.py,26,callable,ok,src.levanter.layers.attention.AttentionConfig.use_flash_attention,src.levanter.layers.attention.AttentionConfig.use_flash_attention,64a2a5c46a24143f19e2cefa171f822292f20cec,2025-06-17T17:50:11-07:00,64a2a5c46a24143f19e2cefa171f822292f20cec,2025-06-17T17:50:11-07:00,1,142,0.2,,,False,False,0,1,0.0,0.79,,1.2700465977744784,496005961.0,stanford-crfm/levanter,Python
src/levanter/layers/attention.py,27,callable,ok,src.levanter.layers.attention.Attention.init,src.levanter.layers.attention.Attention.init,64a2a5c46a24143f19e2cefa171f822292f20cec,2025-06-17T17:50:11-07:00,64a2a5c46a24143f19e2cefa171f822292f20cec,2025-06-17T17:50:11-07:00,1,142,0.047619047619047616,,,False,False,0,1,0.0,0.79,,1.2700465977744784,496005961.0,stanford-crfm/levanter,Python
src/levanter/layers/attention.py,28,callable,ok,src.levanter.layers.attention.Attention.__call__,src.levanter.layers.attention.Attention.__call__,64a2a5c46a24143f19e2cefa171f822292f20cec,2025-06-17T17:50:11-07:00,64a2a5c46a24143f19e2cefa171f822292f20cec,2025-06-17T17:50:11-07:00,1,142,0.01818181818181818,,,False,False,0,1,0.0,0.79,,1.2700465977744784,496005961.0,stanford-crfm/levanter,Python
src/levanter/layers/kv_cache.py,0,class,ok,src.levanter.layers.kv_cache.PageCache,src.levanter.layers.kv_cache.PageCache,843ce720831e3651163cd0878e47c3f691d15006,2025-10-12T12:47:29-07:00,43751a79f661f6e114cbf4a271ee4d48ff65a328,2025-11-03T15:37:45-08:00,2,25,0.2,,,False,False,0,2,0.0,139.74,,0.014312594180058563,496005961.0,stanford-crfm/levanter,Python
src/levanter/layers/kv_cache.py,1,class,ok,src.levanter.layers.kv_cache.KvPageCache,src.levanter.layers.kv_cache.KvPageCache,843ce720831e3651163cd0878e47c3f691d15006,2025-10-12T12:47:29-07:00,43751a79f661f6e114cbf4a271ee4d48ff65a328,2025-11-03T15:37:45-08:00,5,25,0.07352941176470588,0.6497622682565016,,False,False,0,5,0.0,139.74,,0.03578148545014641,496005961.0,stanford-crfm/levanter,Python
src/levanter/layers/kv_cache.py,2,class,ok,src.levanter.layers.kv_cache.ListCache,src.levanter.layers.kv_cache.ListCache,843ce720831e3651163cd0878e47c3f691d15006,2025-10-12T12:47:29-07:00,43751a79f661f6e114cbf4a271ee4d48ff65a328,2025-11-03T15:37:45-08:00,2,25,0.06451612903225806,,,False,False,0,2,0.0,139.74,,0.014312594180058563,496005961.0,stanford-crfm/levanter,Python
src/levanter/layers/kv_cache.py,0,callable,ok,src.levanter.layers.kv_cache._interleave_kv,src.levanter.layers.kv_cache._interleave_kv,843ce720831e3651163cd0878e47c3f691d15006,2025-10-12T12:47:29-07:00,843ce720831e3651163cd0878e47c3f691d15006,2025-10-12T12:47:29-07:00,1,25,0.25,,,False,False,0,1,0.0,117.58,,0.008505052877508436,496005961.0,stanford-crfm/levanter,Python
src/levanter/layers/kv_cache.py,1,callable,ok,src.levanter.layers.kv_cache.kv_update_unified_prefix,src.levanter.layers.kv_cache.kv_update_unified_prefix,843ce720831e3651163cd0878e47c3f691d15006,2025-10-12T12:47:29-07:00,843ce720831e3651163cd0878e47c3f691d15006,2025-10-12T12:47:29-07:00,1,25,0.05555555555555555,,,False,False,0,1,0.0,117.58,,0.008505052877508436,496005961.0,stanford-crfm/levanter,Python
src/levanter/layers/kv_cache.py,2,callable,ok,src.levanter.layers.kv_cache.PageCache.copy_page,src.levanter.layers.kv_cache.PageCache.copy_page,843ce720831e3651163cd0878e47c3f691d15006,2025-10-12T12:47:29-07:00,843ce720831e3651163cd0878e47c3f691d15006,2025-10-12T12:47:29-07:00,1,25,0.3333333333333333,,,False,False,0,1,0.0,117.58,,0.008505052877508436,496005961.0,stanford-crfm/levanter,Python
src/levanter/layers/kv_cache.py,3,callable,ok,src.levanter.layers.kv_cache.KvPageCache.init,src.levanter.layers.kv_cache.KvPageCache.init,843ce720831e3651163cd0878e47c3f691d15006,2025-10-12T12:47:29-07:00,34ed673a46faa36846dcb5219f667ec6b8141f22,2025-10-15T16:59:36-07:00,4,25,0.2,0.39779590816443944,,False,False,0,4,0.0,120.75,,0.03312567801725948,496005961.0,stanford-crfm/levanter,Python
src/levanter/layers/kv_cache.py,4,callable,ok,src.levanter.layers.kv_cache.KvPageCache.update,src.levanter.layers.kv_cache.KvPageCache.update,843ce720831e3651163cd0878e47c3f691d15006,2025-10-12T12:47:29-07:00,34ed673a46faa36846dcb5219f667ec6b8141f22,2025-10-15T16:59:36-07:00,4,25,0.14814814814814814,0.39779590816443944,,False,False,0,4,0.0,120.75,,0.03312567801725948,496005961.0,stanford-crfm/levanter,Python
src/levanter/layers/kv_cache.py,5,callable,ok,src.levanter.layers.kv_cache.KvPageCache.copy_page,src.levanter.layers.kv_cache.KvPageCache.copy_page,843ce720831e3651163cd0878e47c3f691d15006,2025-10-12T12:47:29-07:00,34ed673a46faa36846dcb5219f667ec6b8141f22,2025-10-15T16:59:36-07:00,4,25,0.5714285714285714,0.39779590816443944,,False,False,0,4,0.0,120.75,,0.03312567801725948,496005961.0,stanford-crfm/levanter,Python
src/levanter/layers/kv_cache.py,6,callable,ok,src.levanter.layers.kv_cache.ListCache.__post_init__,src.levanter.layers.kv_cache.ListCache.__post_init__,843ce720831e3651163cd0878e47c3f691d15006,2025-10-12T12:47:29-07:00,843ce720831e3651163cd0878e47c3f691d15006,2025-10-12T12:47:29-07:00,1,25,0.5,,,False,False,0,1,0.0,117.58,,0.008505052877508436,496005961.0,stanford-crfm/levanter,Python
src/levanter/layers/kv_cache.py,7,callable,ok,src.levanter.layers.kv_cache.ListCache.from_iterable,src.levanter.layers.kv_cache.ListCache.from_iterable,843ce720831e3651163cd0878e47c3f691d15006,2025-10-12T12:47:29-07:00,843ce720831e3651163cd0878e47c3f691d15006,2025-10-12T12:47:29-07:00,1,25,0.5,,,False,False,0,1,0.0,117.58,,0.008505052877508436,496005961.0,stanford-crfm/levanter,Python
src/levanter/layers/kv_cache.py,8,callable,ok,src.levanter.layers.kv_cache.ListCache.__len__,src.levanter.layers.kv_cache.ListCache.__len__,843ce720831e3651163cd0878e47c3f691d15006,2025-10-12T12:47:29-07:00,843ce720831e3651163cd0878e47c3f691d15006,2025-10-12T12:47:29-07:00,1,25,0.5,,,False,False,0,1,0.0,117.58,,0.008505052877508436,496005961.0,stanford-crfm/levanter,Python
src/levanter/layers/kv_cache.py,9,callable,ok,src.levanter.layers.kv_cache.ListCache.__iter__,src.levanter.layers.kv_cache.ListCache.__iter__,843ce720831e3651163cd0878e47c3f691d15006,2025-10-12T12:47:29-07:00,843ce720831e3651163cd0878e47c3f691d15006,2025-10-12T12:47:29-07:00,1,25,0.5,,,False,False,0,1,0.0,117.58,,0.008505052877508436,496005961.0,stanford-crfm/levanter,Python
src/levanter/layers/kv_cache.py,10,callable,ok,src.levanter.layers.kv_cache.ListCache.__getitem__,src.levanter.layers.kv_cache.ListCache.__getitem__,843ce720831e3651163cd0878e47c3f691d15006,2025-10-12T12:47:29-07:00,843ce720831e3651163cd0878e47c3f691d15006,2025-10-12T12:47:29-07:00,1,25,0.5,,,False,False,0,1,0.0,117.58,,0.008505052877508436,496005961.0,stanford-crfm/levanter,Python
src/levanter/layers/kv_cache.py,11,callable,ok,src.levanter.layers.kv_cache.ListCache.copy_page,src.levanter.layers.kv_cache.ListCache.copy_page,843ce720831e3651163cd0878e47c3f691d15006,2025-10-12T12:47:29-07:00,843ce720831e3651163cd0878e47c3f691d15006,2025-10-12T12:47:29-07:00,1,25,0.5,,,False,False,0,1,0.0,117.58,,0.008505052877508436,496005961.0,stanford-crfm/levanter,Python
src/levanter/layers/kv_cache.py,12,callable,ok,src.levanter.layers.kv_cache.ListCache.replace,src.levanter.layers.kv_cache.ListCache.replace,843ce720831e3651163cd0878e47c3f691d15006,2025-10-12T12:47:29-07:00,843ce720831e3651163cd0878e47c3f691d15006,2025-10-12T12:47:29-07:00,1,25,0.25,,,False,False,0,1,0.0,117.58,,0.008505052877508436,496005961.0,stanford-crfm/levanter,Python
src/levanter/layers/kv_cache.py,13,callable,ok,src.levanter.layers.kv_cache.PageCache.reset,src.levanter.layers.kv_cache.PageCache.reset,43751a79f661f6e114cbf4a271ee4d48ff65a328,2025-11-03T15:37:45-08:00,43751a79f661f6e114cbf4a271ee4d48ff65a328,2025-11-03T15:37:45-08:00,1,3,0.3333333333333333,,,False,False,0,1,0.0,139.74,,0.007156297090029282,496005961.0,stanford-crfm/levanter,Python
src/levanter/layers/kv_cache.py,14,callable,ok,src.levanter.layers.kv_cache.KvPageCache.reset,src.levanter.layers.kv_cache.KvPageCache.reset,43751a79f661f6e114cbf4a271ee4d48ff65a328,2025-11-03T15:37:45-08:00,43751a79f661f6e114cbf4a271ee4d48ff65a328,2025-11-03T15:37:45-08:00,1,3,0.25,,,False,False,0,1,0.0,139.74,,0.007156297090029282,496005961.0,stanford-crfm/levanter,Python
src/levanter/layers/kv_cache.py,15,callable,ok,src.levanter.layers.kv_cache.ListCache.reset,src.levanter.layers.kv_cache.ListCache.reset,43751a79f661f6e114cbf4a271ee4d48ff65a328,2025-11-03T15:37:45-08:00,43751a79f661f6e114cbf4a271ee4d48ff65a328,2025-11-03T15:37:45-08:00,1,3,0.5,,,False,False,0,1,0.0,139.74,,0.007156297090029282,496005961.0,stanford-crfm/levanter,Python
src/levanter/layers/normalization.py,0,class,ok,src.levanter.layers.normalization.LayerNormConfigBase,src.levanter.layers.normalization.LayerNormConfigBase,64a2a5c46a24143f19e2cefa171f822292f20cec,2025-06-17T17:50:11-07:00,64a2a5c46a24143f19e2cefa171f822292f20cec,2025-06-17T17:50:11-07:00,1,142,0.06666666666666667,,,False,False,0,1,0.0,0.79,,1.2700465977744784,496005961.0,stanford-crfm/levanter,Python
src/levanter/layers/normalization.py,1,class,ok,src.levanter.layers.normalization.RmsNormConfig,src.levanter.layers.normalization.RmsNormConfig,64a2a5c46a24143f19e2cefa171f822292f20cec,2025-06-17T17:50:11-07:00,64a2a5c46a24143f19e2cefa171f822292f20cec,2025-06-17T17:50:11-07:00,1,142,0.2,,,False,False,0,1,0.0,0.79,,1.2700465977744784,496005961.0,stanford-crfm/levanter,Python
src/levanter/layers/normalization.py,2,class,ok,src.levanter.layers.normalization.LayerNormConfig,src.levanter.layers.normalization.LayerNormConfig,64a2a5c46a24143f19e2cefa171f822292f20cec,2025-06-17T17:50:11-07:00,64a2a5c46a24143f19e2cefa171f822292f20cec,2025-06-17T17:50:11-07:00,1,142,0.2,,,False,False,0,1,0.0,0.79,,1.2700465977744784,496005961.0,stanford-crfm/levanter,Python
src/levanter/layers/normalization.py,0,callable,ok,src.levanter.layers.normalization.LayerNormConfigBase.default_choice_name,src.levanter.layers.normalization.LayerNormConfigBase.default_choice_name,64a2a5c46a24143f19e2cefa171f822292f20cec,2025-06-17T17:50:11-07:00,64a2a5c46a24143f19e2cefa171f822292f20cec,2025-06-17T17:50:11-07:00,1,142,0.5,,,False,False,0,1,0.0,0.79,,1.2700465977744784,496005961.0,stanford-crfm/levanter,Python
src/levanter/layers/normalization.py,1,callable,ok,src.levanter.layers.normalization.LayerNormConfigBase.build,src.levanter.layers.normalization.LayerNormConfigBase.build,64a2a5c46a24143f19e2cefa171f822292f20cec,2025-06-17T17:50:11-07:00,64a2a5c46a24143f19e2cefa171f822292f20cec,2025-06-17T17:50:11-07:00,1,142,0.3333333333333333,,,False,False,0,1,0.0,0.79,,1.2700465977744784,496005961.0,stanford-crfm/levanter,Python
src/levanter/layers/normalization.py,2,callable,ok,src.levanter.layers.normalization.RmsNormConfig.build,src.levanter.layers.normalization.RmsNormConfig.build,64a2a5c46a24143f19e2cefa171f822292f20cec,2025-06-17T17:50:11-07:00,64a2a5c46a24143f19e2cefa171f822292f20cec,2025-06-17T17:50:11-07:00,1,142,0.5,,,False,False,0,1,0.0,0.79,,1.2700465977744784,496005961.0,stanford-crfm/levanter,Python
src/levanter/layers/normalization.py,3,callable,ok,src.levanter.layers.normalization.LayerNormConfig.build,src.levanter.layers.normalization.LayerNormConfig.build,64a2a5c46a24143f19e2cefa171f822292f20cec,2025-06-17T17:50:11-07:00,64a2a5c46a24143f19e2cefa171f822292f20cec,2025-06-17T17:50:11-07:00,1,142,0.5,,,False,False,0,1,0.0,0.79,,1.2700465977744784,496005961.0,stanford-crfm/levanter,Python
src/levanter/layers/rotary.py,0,class,ok,src.levanter.layers.rotary.RotaryEmbeddings,src.levanter.layers.rotary.RotaryEmbeddings,64a2a5c46a24143f19e2cefa171f822292f20cec,2025-06-17T17:50:11-07:00,64a2a5c46a24143f19e2cefa171f822292f20cec,2025-06-17T17:50:11-07:00,1,0,0.0625,,,True,False,0,1,0.0,0.79,,1.2700465977744784,496005961.0,stanford-crfm/levanter,Python
src/levanter/layers/rotary.py,1,class,ok,src.levanter.layers.rotary.RotaryEmbeddingsConfig,src.levanter.layers.rotary.RotaryEmbeddingsConfig,64a2a5c46a24143f19e2cefa171f822292f20cec,2025-06-17T17:50:11-07:00,64a2a5c46a24143f19e2cefa171f822292f20cec,2025-06-17T17:50:11-07:00,1,0,0.043478260869565216,,,True,False,0,1,0.0,0.79,,1.2700465977744784,496005961.0,stanford-crfm/levanter,Python
src/levanter/layers/rotary.py,2,class,ok,src.levanter.layers.rotary.DefaultRotaryEmbeddingsConfig,src.levanter.layers.rotary.DefaultRotaryEmbeddingsConfig,64a2a5c46a24143f19e2cefa171f822292f20cec,2025-06-17T17:50:11-07:00,64a2a5c46a24143f19e2cefa171f822292f20cec,2025-06-17T17:50:11-07:00,1,0,0.038461538461538464,,,True,False,0,1,0.0,0.79,,1.2700465977744784,496005961.0,stanford-crfm/levanter,Python
src/levanter/layers/rotary.py,3,class,ok,src.levanter.layers.rotary.Llama3RotaryEmbeddingsConfig,src.levanter.layers.rotary.Llama3RotaryEmbeddingsConfig,64a2a5c46a24143f19e2cefa171f822292f20cec,2025-06-17T17:50:11-07:00,64a2a5c46a24143f19e2cefa171f822292f20cec,2025-06-17T17:50:11-07:00,1,0,0.015625,,,True,False,0,1,0.0,0.79,,1.2700465977744784,496005961.0,stanford-crfm/levanter,Python
src/levanter/layers/rotary.py,4,class,ok,src.levanter.layers.rotary.RotaryEmbeddings,src.levanter.layers.rotary.RotaryEmbeddings,7ecc20b4c26233d5b37aca8b7e11f0b43b30d78d,2025-06-29T17:24:22-07:00,7ecc20b4c26233d5b37aca8b7e11f0b43b30d78d,2025-06-29T17:24:22-07:00,1,130,0.3333333333333333,,,False,False,0,1,0.0,12.77,,0.07831194257124212,496005961.0,stanford-crfm/levanter,Python
src/levanter/layers/rotary.py,5,class,ok,src.levanter.layers.rotary.DefaultRotaryEmbeddings,src.levanter.layers.rotary.DefaultRotaryEmbeddings,7ecc20b4c26233d5b37aca8b7e11f0b43b30d78d,2025-06-29T17:24:22-07:00,7ecc20b4c26233d5b37aca8b7e11f0b43b30d78d,2025-06-29T17:24:22-07:00,1,130,0.058823529411764705,,,False,False,0,1,0.0,12.77,,0.07831194257124212,496005961.0,stanford-crfm/levanter,Python
src/levanter/layers/rotary.py,6,class,ok,src.levanter.layers.rotary.RotaryEmbeddingsConfig,src.levanter.layers.rotary.RotaryEmbeddingsConfig,7ecc20b4c26233d5b37aca8b7e11f0b43b30d78d,2025-06-29T17:24:22-07:00,7ecc20b4c26233d5b37aca8b7e11f0b43b30d78d,2025-06-29T17:24:22-07:00,1,130,0.043478260869565216,,,False,False,0,1,0.0,12.77,,0.07831194257124212,496005961.0,stanford-crfm/levanter,Python
src/levanter/layers/rotary.py,7,class,ok,src.levanter.layers.rotary.DefaultRotaryEmbeddingsConfig,src.levanter.layers.rotary.DefaultRotaryEmbeddingsConfig,7ecc20b4c26233d5b37aca8b7e11f0b43b30d78d,2025-06-29T17:24:22-07:00,7ecc20b4c26233d5b37aca8b7e11f0b43b30d78d,2025-06-29T17:24:22-07:00,1,130,0.06666666666666667,,,False,False,0,1,0.0,12.77,,0.07831194257124212,496005961.0,stanford-crfm/levanter,Python
src/levanter/layers/rotary.py,8,class,ok,src.levanter.layers.rotary.Llama3RotaryEmbeddings,src.levanter.layers.rotary.Llama3RotaryEmbeddings,7ecc20b4c26233d5b37aca8b7e11f0b43b30d78d,2025-06-29T17:24:22-07:00,7ecc20b4c26233d5b37aca8b7e11f0b43b30d78d,2025-06-29T17:24:22-07:00,1,130,0.025,,,False,False,0,1,0.0,12.77,,0.07831194257124212,496005961.0,stanford-crfm/levanter,Python
src/levanter/layers/rotary.py,9,class,ok,src.levanter.layers.rotary.Llama3RotaryEmbeddingsConfig,src.levanter.layers.rotary.Llama3RotaryEmbeddingsConfig,7ecc20b4c26233d5b37aca8b7e11f0b43b30d78d,2025-06-29T17:24:22-07:00,7ecc20b4c26233d5b37aca8b7e11f0b43b30d78d,2025-06-29T17:24:22-07:00,1,130,0.024390243902439025,,,False,False,0,1,0.0,12.77,,0.07831194257124212,496005961.0,stanford-crfm/levanter,Python
src/levanter/layers/rotary.py,10,class,ok,src.levanter.layers.rotary.YarnRotaryEmbeddings,src.levanter.layers.rotary.YarnRotaryEmbeddings,7ecc20b4c26233d5b37aca8b7e11f0b43b30d78d,2025-06-29T17:24:22-07:00,7ecc20b4c26233d5b37aca8b7e11f0b43b30d78d,2025-06-29T17:24:22-07:00,1,130,0.023809523809523808,,,False,False,0,1,0.0,12.77,,0.07831194257124212,496005961.0,stanford-crfm/levanter,Python
src/levanter/layers/rotary.py,11,class,ok,src.levanter.layers.rotary.YarnRotaryEmbeddingsConfig,src.levanter.layers.rotary.YarnRotaryEmbeddingsConfig,7ecc20b4c26233d5b37aca8b7e11f0b43b30d78d,2025-06-29T17:24:22-07:00,7ecc20b4c26233d5b37aca8b7e11f0b43b30d78d,2025-06-29T17:24:22-07:00,1,130,0.03225806451612903,,,False,False,0,1,0.0,12.77,,0.07831194257124212,496005961.0,stanford-crfm/levanter,Python
src/levanter/layers/rotary.py,0,callable,ok,src.levanter.layers.rotary._rotate_half,src.levanter.layers.rotary._rotate_half,64a2a5c46a24143f19e2cefa171f822292f20cec,2025-06-17T17:50:11-07:00,64a2a5c46a24143f19e2cefa171f822292f20cec,2025-06-17T17:50:11-07:00,1,0,0.16666666666666666,,,True,False,0,1,0.0,0.79,,1.2700465977744784,496005961.0,stanford-crfm/levanter,Python
src/levanter/layers/rotary.py,1,callable,ok,src.levanter.layers.rotary.rotary_pos_emb,src.levanter.layers.rotary.rotary_pos_emb,64a2a5c46a24143f19e2cefa171f822292f20cec,2025-06-17T17:50:11-07:00,64a2a5c46a24143f19e2cefa171f822292f20cec,2025-06-17T17:50:11-07:00,1,0,0.058823529411764705,,,True,False,0,1,0.0,0.79,,1.2700465977744784,496005961.0,stanford-crfm/levanter,Python
src/levanter/layers/rotary.py,2,callable,ok,src.levanter.layers.rotary.RotaryEmbeddings.nograd_cos,src.levanter.layers.rotary.RotaryEmbeddings.nograd_cos,64a2a5c46a24143f19e2cefa171f822292f20cec,2025-06-17T17:50:11-07:00,64a2a5c46a24143f19e2cefa171f822292f20cec,2025-06-17T17:50:11-07:00,1,0,0.5,,,True,False,0,1,0.0,0.79,,1.2700465977744784,496005961.0,stanford-crfm/levanter,Python
src/levanter/layers/rotary.py,3,callable,ok,src.levanter.layers.rotary.RotaryEmbeddings.nograd_sin,src.levanter.layers.rotary.RotaryEmbeddings.nograd_sin,64a2a5c46a24143f19e2cefa171f822292f20cec,2025-06-17T17:50:11-07:00,64a2a5c46a24143f19e2cefa171f822292f20cec,2025-06-17T17:50:11-07:00,1,0,0.5,,,True,False,0,1,0.0,0.79,,1.2700465977744784,496005961.0,stanford-crfm/levanter,Python
src/levanter/layers/rotary.py,4,callable,ok,src.levanter.layers.rotary.RotaryEmbeddings.__call__,src.levanter.layers.rotary.RotaryEmbeddings.__call__,64a2a5c46a24143f19e2cefa171f822292f20cec,2025-06-17T17:50:11-07:00,64a2a5c46a24143f19e2cefa171f822292f20cec,2025-06-17T17:50:11-07:00,1,0,0.25,,,True,False,0,1,0.0,0.79,,1.2700465977744784,496005961.0,stanford-crfm/levanter,Python
src/levanter/layers/rotary.py,5,callable,ok,src.levanter.layers.rotary.RotaryEmbeddingsConfig.build,src.levanter.layers.rotary.RotaryEmbeddingsConfig.build,64a2a5c46a24143f19e2cefa171f822292f20cec,2025-06-17T17:50:11-07:00,64a2a5c46a24143f19e2cefa171f822292f20cec,2025-06-17T17:50:11-07:00,1,0,0.5,,,True,False,0,1,0.0,0.79,,1.2700465977744784,496005961.0,stanford-crfm/levanter,Python
src/levanter/layers/rotary.py,6,callable,ok,src.levanter.layers.rotary.RotaryEmbeddingsConfig.from_hf_config,src.levanter.layers.rotary.RotaryEmbeddingsConfig.from_hf_config,64a2a5c46a24143f19e2cefa171f822292f20cec,2025-06-17T17:50:11-07:00,64a2a5c46a24143f19e2cefa171f822292f20cec,2025-06-17T17:50:11-07:00,1,0,0.2,,,True,False,0,1,0.0,0.79,,1.2700465977744784,496005961.0,stanford-crfm/levanter,Python
src/levanter/layers/rotary.py,7,callable,ok,src.levanter.layers.rotary.RotaryEmbeddingsConfig.make_from_hf_config,src.levanter.layers.rotary.RotaryEmbeddingsConfig.make_from_hf_config,64a2a5c46a24143f19e2cefa171f822292f20cec,2025-06-17T17:50:11-07:00,64a2a5c46a24143f19e2cefa171f822292f20cec,2025-06-17T17:50:11-07:00,1,0,0.5,,,True,False,0,1,0.0,0.79,,1.2700465977744784,496005961.0,stanford-crfm/levanter,Python
src/levanter/layers/rotary.py,8,callable,ok,src.levanter.layers.rotary.RotaryEmbeddingsConfig.to_hf_config,src.levanter.layers.rotary.RotaryEmbeddingsConfig.to_hf_config,64a2a5c46a24143f19e2cefa171f822292f20cec,2025-06-17T17:50:11-07:00,64a2a5c46a24143f19e2cefa171f822292f20cec,2025-06-17T17:50:11-07:00,1,0,0.3333333333333333,,,True,False,0,1,0.0,0.79,,1.2700465977744784,496005961.0,stanford-crfm/levanter,Python
src/levanter/layers/rotary.py,9,callable,ok,src.levanter.layers.rotary.DefaultRotaryEmbeddingsConfig.build,src.levanter.layers.rotary.DefaultRotaryEmbeddingsConfig.build,64a2a5c46a24143f19e2cefa171f822292f20cec,2025-06-17T17:50:11-07:00,64a2a5c46a24143f19e2cefa171f822292f20cec,2025-06-17T17:50:11-07:00,1,0,0.07692307692307693,,,True,False,0,1,0.0,0.79,,1.2700465977744784,496005961.0,stanford-crfm/levanter,Python
src/levanter/layers/rotary.py,10,callable,ok,src.levanter.layers.rotary.DefaultRotaryEmbeddingsConfig.make_from_hf_config,src.levanter.layers.rotary.DefaultRotaryEmbeddingsConfig.make_from_hf_config,64a2a5c46a24143f19e2cefa171f822292f20cec,2025-06-17T17:50:11-07:00,64a2a5c46a24143f19e2cefa171f822292f20cec,2025-06-17T17:50:11-07:00,1,0,0.5,,,True,False,0,1,0.0,0.79,,1.2700465977744784,496005961.0,stanford-crfm/levanter,Python
src/levanter/layers/rotary.py,11,callable,ok,src.levanter.layers.rotary.DefaultRotaryEmbeddingsConfig.to_hf_config,src.levanter.layers.rotary.DefaultRotaryEmbeddingsConfig.to_hf_config,64a2a5c46a24143f19e2cefa171f822292f20cec,2025-06-17T17:50:11-07:00,64a2a5c46a24143f19e2cefa171f822292f20cec,2025-06-17T17:50:11-07:00,1,0,0.25,,,True,False,0,1,0.0,0.79,,1.2700465977744784,496005961.0,stanford-crfm/levanter,Python
src/levanter/layers/rotary.py,12,callable,ok,src.levanter.layers.rotary.Llama3RotaryEmbeddingsConfig.build,src.levanter.layers.rotary.Llama3RotaryEmbeddingsConfig.build,64a2a5c46a24143f19e2cefa171f822292f20cec,2025-06-17T17:50:11-07:00,64a2a5c46a24143f19e2cefa171f822292f20cec,2025-06-17T17:50:11-07:00,1,0,0.037037037037037035,,,True,False,0,1,0.0,0.79,,1.2700465977744784,496005961.0,stanford-crfm/levanter,Python
src/levanter/layers/rotary.py,13,callable,ok,src.levanter.layers.rotary.Llama3RotaryEmbeddingsConfig.make_from_hf_config,src.levanter.layers.rotary.Llama3RotaryEmbeddingsConfig.make_from_hf_config,64a2a5c46a24143f19e2cefa171f822292f20cec,2025-06-17T17:50:11-07:00,64a2a5c46a24143f19e2cefa171f822292f20cec,2025-06-17T17:50:11-07:00,1,0,0.125,,,True,False,0,1,0.0,0.79,,1.2700465977744784,496005961.0,stanford-crfm/levanter,Python
src/levanter/layers/rotary.py,14,callable,ok,src.levanter.layers.rotary.Llama3RotaryEmbeddingsConfig.to_hf_config,src.levanter.layers.rotary.Llama3RotaryEmbeddingsConfig.to_hf_config,64a2a5c46a24143f19e2cefa171f822292f20cec,2025-06-17T17:50:11-07:00,64a2a5c46a24143f19e2cefa171f822292f20cec,2025-06-17T17:50:11-07:00,1,0,0.125,,,True,False,0,1,0.0,0.79,,1.2700465977744784,496005961.0,stanford-crfm/levanter,Python
src/levanter/layers/rotary.py,15,callable,ok,src.levanter.layers.rotary._rotate_half,src.levanter.layers.rotary._rotate_half,7ecc20b4c26233d5b37aca8b7e11f0b43b30d78d,2025-06-29T17:24:22-07:00,7ecc20b4c26233d5b37aca8b7e11f0b43b30d78d,2025-06-29T17:24:22-07:00,1,130,0.16666666666666666,,,False,False,0,1,0.0,12.77,,0.07831194257124212,496005961.0,stanford-crfm/levanter,Python
src/levanter/layers/rotary.py,16,callable,ok,src.levanter.layers.rotary.rotary_pos_emb,src.levanter.layers.rotary.rotary_pos_emb,7ecc20b4c26233d5b37aca8b7e11f0b43b30d78d,2025-06-29T17:24:22-07:00,7ecc20b4c26233d5b37aca8b7e11f0b43b30d78d,2025-06-29T17:24:22-07:00,1,130,0.058823529411764705,,,False,False,0,1,0.0,12.77,,0.07831194257124212,496005961.0,stanford-crfm/levanter,Python
src/levanter/layers/rotary.py,17,callable,ok,src.levanter.layers.rotary.RotaryEmbeddings.__call__,src.levanter.layers.rotary.RotaryEmbeddings.__call__,7ecc20b4c26233d5b37aca8b7e11f0b43b30d78d,2025-06-29T17:24:22-07:00,7ecc20b4c26233d5b37aca8b7e11f0b43b30d78d,2025-06-29T17:24:22-07:00,1,130,0.5,,,False,False,0,1,0.0,12.77,,0.07831194257124212,496005961.0,stanford-crfm/levanter,Python
src/levanter/layers/rotary.py,18,callable,ok,src.levanter.layers.rotary.DefaultRotaryEmbeddings.__call__,src.levanter.layers.rotary.DefaultRotaryEmbeddings.__call__,7ecc20b4c26233d5b37aca8b7e11f0b43b30d78d,2025-06-29T17:24:22-07:00,7ecc20b4c26233d5b37aca8b7e11f0b43b30d78d,2025-06-29T17:24:22-07:00,1,130,0.07692307692307693,,,False,False,0,1,0.0,12.77,,0.07831194257124212,496005961.0,stanford-crfm/levanter,Python
src/levanter/layers/rotary.py,19,callable,ok,src.levanter.layers.rotary.RotaryEmbeddingsConfig.build,src.levanter.layers.rotary.RotaryEmbeddingsConfig.build,7ecc20b4c26233d5b37aca8b7e11f0b43b30d78d,2025-06-29T17:24:22-07:00,7ecc20b4c26233d5b37aca8b7e11f0b43b30d78d,2025-06-29T17:24:22-07:00,1,130,0.5,,,False,False,0,1,0.0,12.77,,0.07831194257124212,496005961.0,stanford-crfm/levanter,Python
src/levanter/layers/rotary.py,20,callable,ok,src.levanter.layers.rotary.RotaryEmbeddingsConfig.from_hf_config,src.levanter.layers.rotary.RotaryEmbeddingsConfig.from_hf_config,7ecc20b4c26233d5b37aca8b7e11f0b43b30d78d,2025-06-29T17:24:22-07:00,7ecc20b4c26233d5b37aca8b7e11f0b43b30d78d,2025-06-29T17:24:22-07:00,1,130,0.2,,,False,False,0,1,0.0,12.77,,0.07831194257124212,496005961.0,stanford-crfm/levanter,Python
src/levanter/layers/rotary.py,21,callable,ok,src.levanter.layers.rotary.RotaryEmbeddingsConfig.make_from_hf_config,src.levanter.layers.rotary.RotaryEmbeddingsConfig.make_from_hf_config,7ecc20b4c26233d5b37aca8b7e11f0b43b30d78d,2025-06-29T17:24:22-07:00,7ecc20b4c26233d5b37aca8b7e11f0b43b30d78d,2025-06-29T17:24:22-07:00,1,130,0.5,,,False,False,0,1,0.0,12.77,,0.07831194257124212,496005961.0,stanford-crfm/levanter,Python
src/levanter/layers/rotary.py,22,callable,ok,src.levanter.layers.rotary.RotaryEmbeddingsConfig.to_hf_config,src.levanter.layers.rotary.RotaryEmbeddingsConfig.to_hf_config,7ecc20b4c26233d5b37aca8b7e11f0b43b30d78d,2025-06-29T17:24:22-07:00,7ecc20b4c26233d5b37aca8b7e11f0b43b30d78d,2025-06-29T17:24:22-07:00,1,130,0.3333333333333333,,,False,False,0,1,0.0,12.77,,0.07831194257124212,496005961.0,stanford-crfm/levanter,Python
src/levanter/layers/rotary.py,23,callable,ok,src.levanter.layers.rotary.DefaultRotaryEmbeddingsConfig.build,src.levanter.layers.rotary.DefaultRotaryEmbeddingsConfig.build,7ecc20b4c26233d5b37aca8b7e11f0b43b30d78d,2025-06-29T17:24:22-07:00,7ecc20b4c26233d5b37aca8b7e11f0b43b30d78d,2025-06-29T17:24:22-07:00,1,130,0.5,,,False,False,0,1,0.0,12.77,,0.07831194257124212,496005961.0,stanford-crfm/levanter,Python
src/levanter/layers/rotary.py,24,callable,ok,src.levanter.layers.rotary.DefaultRotaryEmbeddingsConfig.make_from_hf_config,src.levanter.layers.rotary.DefaultRotaryEmbeddingsConfig.make_from_hf_config,7ecc20b4c26233d5b37aca8b7e11f0b43b30d78d,2025-06-29T17:24:22-07:00,7ecc20b4c26233d5b37aca8b7e11f0b43b30d78d,2025-06-29T17:24:22-07:00,1,130,0.5,,,False,False,0,1,0.0,12.77,,0.07831194257124212,496005961.0,stanford-crfm/levanter,Python
src/levanter/layers/rotary.py,25,callable,ok,src.levanter.layers.rotary.DefaultRotaryEmbeddingsConfig.to_hf_config,src.levanter.layers.rotary.DefaultRotaryEmbeddingsConfig.to_hf_config,7ecc20b4c26233d5b37aca8b7e11f0b43b30d78d,2025-06-29T17:24:22-07:00,7ecc20b4c26233d5b37aca8b7e11f0b43b30d78d,2025-06-29T17:24:22-07:00,1,130,0.25,,,False,False,0,1,0.0,12.77,,0.07831194257124212,496005961.0,stanford-crfm/levanter,Python
src/levanter/layers/rotary.py,26,callable,ok,src.levanter.layers.rotary.Llama3RotaryEmbeddings.__call__,src.levanter.layers.rotary.Llama3RotaryEmbeddings.__call__,7ecc20b4c26233d5b37aca8b7e11f0b43b30d78d,2025-06-29T17:24:22-07:00,7ecc20b4c26233d5b37aca8b7e11f0b43b30d78d,2025-06-29T17:24:22-07:00,1,130,0.1111111111111111,,,False,False,0,1,0.0,12.77,,0.07831194257124212,496005961.0,stanford-crfm/levanter,Python
src/levanter/layers/rotary.py,27,callable,ok,src.levanter.layers.rotary.Llama3RotaryEmbeddings.init,src.levanter.layers.rotary.Llama3RotaryEmbeddings.init,7ecc20b4c26233d5b37aca8b7e11f0b43b30d78d,2025-06-29T17:24:22-07:00,7ecc20b4c26233d5b37aca8b7e11f0b43b30d78d,2025-06-29T17:24:22-07:00,1,130,0.5,,,False,False,0,1,0.0,12.77,,0.07831194257124212,496005961.0,stanford-crfm/levanter,Python
src/levanter/layers/rotary.py,28,callable,ok,src.levanter.layers.rotary.Llama3RotaryEmbeddings._compute_inv_freq_llama,src.levanter.layers.rotary.Llama3RotaryEmbeddings._compute_inv_freq_llama,7ecc20b4c26233d5b37aca8b7e11f0b43b30d78d,2025-06-29T17:24:22-07:00,7ecc20b4c26233d5b37aca8b7e11f0b43b30d78d,2025-06-29T17:24:22-07:00,1,130,0.045454545454545456,,,False,False,0,1,0.0,12.77,,0.07831194257124212,496005961.0,stanford-crfm/levanter,Python
src/levanter/layers/rotary.py,29,callable,ok,src.levanter.layers.rotary.Llama3RotaryEmbeddingsConfig.build,src.levanter.layers.rotary.Llama3RotaryEmbeddingsConfig.build,7ecc20b4c26233d5b37aca8b7e11f0b43b30d78d,2025-06-29T17:24:22-07:00,7ecc20b4c26233d5b37aca8b7e11f0b43b30d78d,2025-06-29T17:24:22-07:00,1,130,0.25,,,False,False,0,1,0.0,12.77,,0.07831194257124212,496005961.0,stanford-crfm/levanter,Python
src/levanter/layers/rotary.py,30,callable,ok,src.levanter.layers.rotary.Llama3RotaryEmbeddingsConfig.make_from_hf_config,src.levanter.layers.rotary.Llama3RotaryEmbeddingsConfig.make_from_hf_config,7ecc20b4c26233d5b37aca8b7e11f0b43b30d78d,2025-06-29T17:24:22-07:00,7ecc20b4c26233d5b37aca8b7e11f0b43b30d78d,2025-06-29T17:24:22-07:00,1,130,0.125,,,False,False,0,1,0.0,12.77,,0.07831194257124212,496005961.0,stanford-crfm/levanter,Python
src/levanter/layers/rotary.py,31,callable,ok,src.levanter.layers.rotary.Llama3RotaryEmbeddingsConfig.to_hf_config,src.levanter.layers.rotary.Llama3RotaryEmbeddingsConfig.to_hf_config,7ecc20b4c26233d5b37aca8b7e11f0b43b30d78d,2025-06-29T17:24:22-07:00,7ecc20b4c26233d5b37aca8b7e11f0b43b30d78d,2025-06-29T17:24:22-07:00,1,130,0.125,,,False,False,0,1,0.0,12.77,,0.07831194257124212,496005961.0,stanford-crfm/levanter,Python
src/levanter/layers/rotary.py,32,callable,ok,src.levanter.layers.rotary.YarnRotaryEmbeddings.__call__,src.levanter.layers.rotary.YarnRotaryEmbeddings.__call__,7ecc20b4c26233d5b37aca8b7e11f0b43b30d78d,2025-06-29T17:24:22-07:00,7ecc20b4c26233d5b37aca8b7e11f0b43b30d78d,2025-06-29T17:24:22-07:00,1,130,0.029411764705882353,,,False,False,0,1,0.0,12.77,,0.07831194257124212,496005961.0,stanford-crfm/levanter,Python
src/levanter/layers/rotary.py,33,callable,ok,src.levanter.layers.rotary.YarnRotaryEmbeddings.init,src.levanter.layers.rotary.YarnRotaryEmbeddings.init,7ecc20b4c26233d5b37aca8b7e11f0b43b30d78d,2025-06-29T17:24:22-07:00,7ecc20b4c26233d5b37aca8b7e11f0b43b30d78d,2025-06-29T17:24:22-07:00,1,130,0.5,,,False,False,0,1,0.0,12.77,,0.07831194257124212,496005961.0,stanford-crfm/levanter,Python
src/levanter/layers/rotary.py,34,callable,ok,src.levanter.layers.rotary.YarnRotaryEmbeddingsConfig.build,src.levanter.layers.rotary.YarnRotaryEmbeddingsConfig.build,7ecc20b4c26233d5b37aca8b7e11f0b43b30d78d,2025-06-29T17:24:22-07:00,7ecc20b4c26233d5b37aca8b7e11f0b43b30d78d,2025-06-29T17:24:22-07:00,1,130,0.5,,,False,False,0,1,0.0,12.77,,0.07831194257124212,496005961.0,stanford-crfm/levanter,Python
src/levanter/layers/rotary.py,35,callable,ok,src.levanter.layers.rotary.YarnRotaryEmbeddingsConfig.make_from_hf_config,src.levanter.layers.rotary.YarnRotaryEmbeddingsConfig.make_from_hf_config,7ecc20b4c26233d5b37aca8b7e11f0b43b30d78d,2025-06-29T17:24:22-07:00,7ecc20b4c26233d5b37aca8b7e11f0b43b30d78d,2025-06-29T17:24:22-07:00,1,130,0.1111111111111111,,,False,False,0,1,0.0,12.77,,0.07831194257124212,496005961.0,stanford-crfm/levanter,Python
src/levanter/layers/rotary.py,36,callable,ok,src.levanter.layers.rotary.YarnRotaryEmbeddingsConfig.to_hf_config,src.levanter.layers.rotary.YarnRotaryEmbeddingsConfig.to_hf_config,7ecc20b4c26233d5b37aca8b7e11f0b43b30d78d,2025-06-29T17:24:22-07:00,7ecc20b4c26233d5b37aca8b7e11f0b43b30d78d,2025-06-29T17:24:22-07:00,1,130,0.1111111111111111,,,False,False,0,1,0.0,12.77,,0.07831194257124212,496005961.0,stanford-crfm/levanter,Python
src/levanter/lora.py,0,class,ok,src.levanter.lora.LoraConfig,src.levanter.lora.LoraConfig,5264c8a739872d7a329f9c078c10c5a71a113608,2023-08-09T23:22:39-07:00,77c8f42471c3a44fb3c45acc488cecbee553d730,2023-09-05T10:57:22-07:00,3,820,0.1875,0.7637098050009585,,False,False,3,0,676.98,0.0,0.0044314340973858595,,496005961.0,stanford-crfm/levanter,Python
src/levanter/lora.py,1,class,ok,src.levanter.lora.LowRankLinear,src.levanter.lora.LowRankLinear,5264c8a739872d7a329f9c078c10c5a71a113608,2023-08-09T23:22:39-07:00,77c8f42471c3a44fb3c45acc488cecbee553d730,2023-09-05T10:57:22-07:00,2,820,0.05128205128205128,,,False,False,2,0,676.98,0.0,0.0029542893982572394,,496005961.0,stanford-crfm/levanter,Python
src/levanter/lora.py,2,class,ok,src.levanter.lora.LoraLinear,src.levanter.lora.LoraLinear,5264c8a739872d7a329f9c078c10c5a71a113608,2023-08-09T23:22:39-07:00,3d5677e5b68cb0e9b05e1c42b659c1d54e2d90c7,2024-11-16T20:09:00-08:00,3,820,0.1,0.3152687115037444,,False,False,3,0,676.98,0.0,0.0044314340973858595,,496005961.0,stanford-crfm/levanter,Python
src/levanter/lora.py,0,callable,ok,src.levanter.lora.loraize,src.levanter.lora.loraize,5264c8a739872d7a329f9c078c10c5a71a113608,2023-08-09T23:22:39-07:00,5264c8a739872d7a329f9c078c10c5a71a113608,2023-08-09T23:22:39-07:00,1,820,0.2,,,False,False,1,0,676.98,0.0,0.0014771446991286197,,496005961.0,stanford-crfm/levanter,Python
src/levanter/lora.py,1,callable,ok,src.levanter.lora._is_lora_compatible_module,src.levanter.lora._is_lora_compatible_module,5264c8a739872d7a329f9c078c10c5a71a113608,2023-08-09T23:22:39-07:00,5264c8a739872d7a329f9c078c10c5a71a113608,2023-08-09T23:22:39-07:00,1,820,0.3333333333333333,,,False,False,1,0,676.98,0.0,0.0014771446991286197,,496005961.0,stanford-crfm/levanter,Python
src/levanter/lora.py,2,callable,ok,src.levanter.lora.filter_lora_params,src.levanter.lora.filter_lora_params,5264c8a739872d7a329f9c078c10c5a71a113608,2023-08-09T23:22:39-07:00,da967eccdf6ce3898d1a1ebeb1d4e66ecc2c8e1a,2025-03-19T23:32:14-07:00,2,820,0.3333333333333333,,,False,False,2,0,676.98,0.0,0.0029542893982572394,,496005961.0,stanford-crfm/levanter,Python
src/levanter/lora.py,3,callable,ok,src.levanter.lora.partition_lora_params,src.levanter.lora.partition_lora_params,5264c8a739872d7a329f9c078c10c5a71a113608,2023-08-09T23:22:39-07:00,77c8f42471c3a44fb3c45acc488cecbee553d730,2023-09-05T10:57:22-07:00,3,820,0.3333333333333333,0.7637098050009585,,False,False,3,0,676.98,0.0,0.0044314340973858595,,496005961.0,stanford-crfm/levanter,Python
src/levanter/lora.py,4,callable,ok,src.levanter.lora.combine_lora_params,src.levanter.lora.combine_lora_params,5264c8a739872d7a329f9c078c10c5a71a113608,2023-08-09T23:22:39-07:00,5264c8a739872d7a329f9c078c10c5a71a113608,2023-08-09T23:22:39-07:00,1,820,0.2,,,False,False,1,0,676.98,0.0,0.0014771446991286197,,496005961.0,stanford-crfm/levanter,Python
src/levanter/lora.py,5,callable,ok,src.levanter.lora.is_lora_param,src.levanter.lora.is_lora_param,5264c8a739872d7a329f9c078c10c5a71a113608,2023-08-09T23:22:39-07:00,5264c8a739872d7a329f9c078c10c5a71a113608,2023-08-09T23:22:39-07:00,1,820,0.5,,,False,False,1,0,676.98,0.0,0.0014771446991286197,,496005961.0,stanford-crfm/levanter,Python
src/levanter/lora.py,6,callable,ok,src.levanter.lora._loraize,src.levanter.lora._loraize,5264c8a739872d7a329f9c078c10c5a71a113608,2023-08-09T23:22:39-07:00,77c8f42471c3a44fb3c45acc488cecbee553d730,2023-09-05T10:57:22-07:00,3,820,0.06521739130434782,0.7637098050009585,,False,False,3,0,676.98,0.0,0.0044314340973858595,,496005961.0,stanford-crfm/levanter,Python
src/levanter/lora.py,7,callable,ok,src.levanter.lora.merge_lora_modules,src.levanter.lora.merge_lora_modules,5264c8a739872d7a329f9c078c10c5a71a113608,2023-08-09T23:22:39-07:00,5264c8a739872d7a329f9c078c10c5a71a113608,2023-08-09T23:22:39-07:00,1,820,0.07692307692307693,,,False,False,1,0,676.98,0.0,0.0014771446991286197,,496005961.0,stanford-crfm/levanter,Python
src/levanter/lora.py,8,callable,ok,src.levanter.lora.save_peft_pretrained,src.levanter.lora.save_peft_pretrained,5264c8a739872d7a329f9c078c10c5a71a113608,2023-08-09T23:22:39-07:00,cb0faf1cede4f60c6b65f7f070c50e50101c2a5f,2023-10-17T13:26:23-07:00,3,820,0.07142857142857142,0.8727902659303313,,False,False,3,0,676.98,0.0,0.0044314340973858595,,496005961.0,stanford-crfm/levanter,Python
src/levanter/lora.py,9,callable,ok,src.levanter.lora.save_peft_checkpoint_callback,src.levanter.lora.save_peft_checkpoint_callback,5264c8a739872d7a329f9c078c10c5a71a113608,2023-08-09T23:22:39-07:00,b60fc9603442c35838a4bbba2f87d81768277ac9,2025-01-21T21:41:47-08:00,4,820,0.0851063829787234,0.6678980207692025,,False,False,4,0,676.98,0.0,0.005908578796514479,,496005961.0,stanford-crfm/levanter,Python
src/levanter/lora.py,10,callable,ok,src.levanter.lora.to_hf_config,src.levanter.lora.to_hf_config,5264c8a739872d7a329f9c078c10c5a71a113608,2023-08-09T23:22:39-07:00,5264c8a739872d7a329f9c078c10c5a71a113608,2023-08-09T23:22:39-07:00,1,820,0.024390243902439025,,,False,False,1,0,676.98,0.0,0.0014771446991286197,,496005961.0,stanford-crfm/levanter,Python
src/levanter/lora.py,11,callable,ok,src.levanter.lora.lora_state_dict,src.levanter.lora.lora_state_dict,5264c8a739872d7a329f9c078c10c5a71a113608,2023-08-09T23:22:39-07:00,3d5677e5b68cb0e9b05e1c42b659c1d54e2d90c7,2024-11-16T20:09:00-08:00,2,820,0.2857142857142857,,,False,False,2,0,676.98,0.0,0.0029542893982572394,,496005961.0,stanford-crfm/levanter,Python
src/levanter/lora.py,12,callable,ok,src.levanter.lora.LowRankLinear.__call__,src.levanter.lora.LowRankLinear.__call__,5264c8a739872d7a329f9c078c10c5a71a113608,2023-08-09T23:22:39-07:00,77c8f42471c3a44fb3c45acc488cecbee553d730,2023-09-05T10:57:22-07:00,2,820,0.2,,,False,False,2,0,676.98,0.0,0.0029542893982572394,,496005961.0,stanford-crfm/levanter,Python
src/levanter/lora.py,13,callable,ok,src.levanter.lora.LowRankLinear.init,src.levanter.lora.LowRankLinear.init,5264c8a739872d7a329f9c078c10c5a71a113608,2023-08-09T23:22:39-07:00,77c8f42471c3a44fb3c45acc488cecbee553d730,2023-09-05T10:57:22-07:00,2,820,0.16666666666666666,,,False,False,2,0,676.98,0.0,0.0029542893982572394,,496005961.0,stanford-crfm/levanter,Python
src/levanter/lora.py,14,callable,ok,src.levanter.lora.LowRankLinear.merge,src.levanter.lora.LowRankLinear.merge,5264c8a739872d7a329f9c078c10c5a71a113608,2023-08-09T23:22:39-07:00,194aee1563306a011dfb24e807a2acdc4cf6c5d8,2024-05-20T10:53:26-07:00,2,820,1.0,,,False,False,2,0,676.98,0.0,0.0029542893982572394,,496005961.0,stanford-crfm/levanter,Python
src/levanter/lora.py,15,callable,ok,src.levanter.lora.LoraLinear.__call__,src.levanter.lora.LoraLinear.__call__,5264c8a739872d7a329f9c078c10c5a71a113608,2023-08-09T23:22:39-07:00,77c8f42471c3a44fb3c45acc488cecbee553d730,2023-09-05T10:57:22-07:00,2,820,0.2857142857142857,,,False,False,2,0,676.98,0.0,0.0029542893982572394,,496005961.0,stanford-crfm/levanter,Python
src/levanter/lora.py,16,callable,ok,src.levanter.lora.LoraLinear.merge,src.levanter.lora.LoraLinear.merge,5264c8a739872d7a329f9c078c10c5a71a113608,2023-08-09T23:22:39-07:00,5264c8a739872d7a329f9c078c10c5a71a113608,2023-08-09T23:22:39-07:00,1,820,0.3333333333333333,,,False,False,1,0,676.98,0.0,0.0014771446991286197,,496005961.0,stanford-crfm/levanter,Python
src/levanter/lora.py,17,callable,ok,src.levanter.lora.LoraLinear.init,src.levanter.lora.LoraLinear.init,5264c8a739872d7a329f9c078c10c5a71a113608,2023-08-09T23:22:39-07:00,77c8f42471c3a44fb3c45acc488cecbee553d730,2023-09-05T10:57:22-07:00,2,820,0.3333333333333333,,,False,False,2,0,676.98,0.0,0.0029542893982572394,,496005961.0,stanford-crfm/levanter,Python
src/levanter/lora.py,18,callable,ok,src.levanter.lora.LoraLinear._state_dict_key_map,src.levanter.lora.LoraLinear._state_dict_key_map,5264c8a739872d7a329f9c078c10c5a71a113608,2023-08-09T23:22:39-07:00,5264c8a739872d7a329f9c078c10c5a71a113608,2023-08-09T23:22:39-07:00,1,820,0.5,,,False,False,1,0,676.98,0.0,0.0014771446991286197,,496005961.0,stanford-crfm/levanter,Python
src/levanter/lora.py,19,callable,ok,src.levanter.lora.LoraConfig.matches_target,src.levanter.lora.LoraConfig.matches_target,eaaa0d5b3c16d2d8f6c387100c625198ee9b8989,2023-08-30T13:53:25-07:00,eaaa0d5b3c16d2d8f6c387100c625198ee9b8989,2023-08-30T13:53:25-07:00,1,799,0.125,,,False,False,1,0,656.38,0.0,0.0015235145746122483,,496005961.0,stanford-crfm/levanter,Python
src/levanter/lora.py,20,callable,ok,src.levanter.lora.save_merged_hf_checkpoint_callback,src.levanter.lora.save_merged_hf_checkpoint_callback,ac12e7940fe577c0f32d45cd7f1d8fd1a06126d8,2023-08-31T14:37:01-07:00,b60fc9603442c35838a4bbba2f87d81768277ac9,2025-01-21T21:41:47-08:00,4,798,0.09090909090909091,0.334058332254072,,False,False,4,0,655.35,0.0,0.006103638833702704,,496005961.0,stanford-crfm/levanter,Python
src/levanter/lora.py,21,callable,ok,src.levanter.lora.lora_trainable_params_filter,src.levanter.lora.lora_trainable_params_filter,f71df4f2275e0244e1034457912396615db41086,2023-09-27T10:51:06-07:00,f71df4f2275e0244e1034457912396615db41086,2023-09-27T10:51:06-07:00,1,772,0.05,,,False,False,1,0,628.5,0.0,0.0015910806376609227,,496005961.0,stanford-crfm/levanter,Python
src/levanter/lora.py,22,callable,ok,src.levanter.lora.save_merged_hf_model,src.levanter.lora.save_merged_hf_model,f71df4f2275e0244e1034457912396615db41086,2023-09-27T10:51:06-07:00,f71df4f2275e0244e1034457912396615db41086,2023-09-27T10:51:06-07:00,1,772,0.05,,,False,False,1,0,628.5,0.0,0.0015910806376609227,,496005961.0,stanford-crfm/levanter,Python
src/levanter/main/export_hf_to_lm.py,0,class,ok,src.levanter.main.export_hf_to_lm.ImportHfConfig,src.levanter.main.export_hf_to_lm.ImportHfConfig,ec2e13b4490b0c1603296947a319fc318e7ccf7e,2025-09-17T11:03:15-07:00,ec2e13b4490b0c1603296947a319fc318e7ccf7e,2025-09-17T11:03:15-07:00,1,51,0.043478260869565216,,,False,False,0,1,0.0,92.5,,0.010810252172904478,496005961.0,stanford-crfm/levanter,Python
src/levanter/main/export_hf_to_lm.py,0,callable,ok,src.levanter.main.export_hf_to_lm._coerce_to_repo_ref,src.levanter.main.export_hf_to_lm._coerce_to_repo_ref,ec2e13b4490b0c1603296947a319fc318e7ccf7e,2025-09-17T11:03:15-07:00,ec2e13b4490b0c1603296947a319fc318e7ccf7e,2025-09-17T11:03:15-07:00,1,51,0.2,,,False,False,0,1,0.0,92.5,,0.010810252172904478,496005961.0,stanford-crfm/levanter,Python
src/levanter/main/export_hf_to_lm.py,1,callable,ok,src.levanter.main.export_hf_to_lm.main,src.levanter.main.export_hf_to_lm.main,ec2e13b4490b0c1603296947a319fc318e7ccf7e,2025-09-17T11:03:15-07:00,ec2e13b4490b0c1603296947a319fc318e7ccf7e,2025-09-17T11:03:15-07:00,1,51,0.017241379310344827,,,False,False,0,1,0.0,92.5,,0.010810252172904478,496005961.0,stanford-crfm/levanter,Python
src/levanter/main/export_lm_to_hf.py,0,class,ok,src.levanter.main.export_lm_to_hf.ConvertLmConfig,src.levanter.main.export_lm_to_hf.ConvertLmConfig,c4ca904c0144ab6758d9368697557e8c207bdc0d,2023-06-14T21:03:42-07:00,c4ca904c0144ab6758d9368697557e8c207bdc0d,2023-06-14T21:03:42-07:00,1,876,0.05555555555555555,,,False,False,1,0,733.08,0.0,0.0013641108744266472,,496005961.0,stanford-crfm/levanter,Python
src/levanter/main/export_lm_to_hf.py,0,callable,ok,src.levanter.main.export_lm_to_hf.main,src.levanter.main.export_lm_to_hf.main,c4ca904c0144ab6758d9368697557e8c207bdc0d,2023-06-14T21:03:42-07:00,c4ca904c0144ab6758d9368697557e8c207bdc0d,2023-06-14T21:03:42-07:00,1,876,0.043478260869565216,,,False,False,1,0,733.08,0.0,0.0013641108744266472,,496005961.0,stanford-crfm/levanter,Python
src/levanter/main/export_lm_to_hf.py,1,callable,ok,src.levanter.main.export_lm_to_hf.ConvertLmConfig.the_tokenizer,src.levanter.main.export_lm_to_hf.ConvertLmConfig.the_tokenizer,c4ca904c0144ab6758d9368697557e8c207bdc0d,2023-06-14T21:03:42-07:00,c4ca904c0144ab6758d9368697557e8c207bdc0d,2023-06-14T21:03:42-07:00,1,876,0.5,,,False,False,1,0,733.08,0.0,0.0013641108744266472,,496005961.0,stanford-crfm/levanter,Python
src/levanter/main/inference_repl.py,1,class,ok,src.levanter.main.inference_repl.Commands,src.levanter.main.inference_repl.ReplContext,27207e5d142addda0f5b5c39a283399fa3ffb550,2025-09-22T12:21:27-07:00,f6bbf5fbe8b495258805e7cb4f109f18984710b4,2025-09-24T20:50:07-07:00,3,2,0.012048192771084338,0.9994713183372809,,True,True,0,3,0.0,99.91,,0.030026325163554853,496005961.0,stanford-crfm/levanter,Python
src/levanter/main/inference_repl.py,0,class,ok,src.levanter.main.inference_repl.InferenceReplConfig,src.levanter.main.inference_repl.InferenceReplConfig,27207e5d142addda0f5b5c39a283399fa3ffb550,2025-09-22T12:21:27-07:00,ea119f996bd52f3f1eb9862c5c274a7750d86962,2025-10-28T09:36:12-07:00,6,45,0.11764705882352941,1.8868916147435164,,False,False,0,6,0.0,133.44,,0.04496257022149097,496005961.0,stanford-crfm/levanter,Python
src/levanter/main/inference_repl.py,2,class,ok,src.levanter.main.inference_repl.ReplContext,src.levanter.main.inference_repl.ReplContext,7ad2d8c450afe789f83e042a3573dd6072e202f7,2025-09-24T21:29:29-07:00,c6d120099c0ad14a84f962ecf6da2d29ba234003,2025-10-16T11:13:28-07:00,5,43,0.01773049645390071,1.7051847883211804,,False,False,0,5,0.0,121.51,,0.041148241684197534,496005961.0,stanford-crfm/levanter,Python
src/levanter/main/inference_repl.py,4,callable,ok,src.levanter.main.inference_repl.Commands.__init__,src.levanter.main.inference_repl.Commands.__init__,27207e5d142addda0f5b5c39a283399fa3ffb550,2025-09-22T12:21:27-07:00,4404a52dbe05bc592fbb06993d486c9b071716e8,2025-09-23T15:49:55-07:00,2,1,0.15384615384615385,,,True,False,0,2,0.0,98.7,,0.020262633276942704,496005961.0,stanford-crfm/levanter,Python
src/levanter/main/inference_repl.py,6,callable,ok,src.levanter.main.inference_repl.Commands.load_model,src.levanter.main.inference_repl.Commands.load_model,27207e5d142addda0f5b5c39a283399fa3ffb550,2025-09-22T12:21:27-07:00,27207e5d142addda0f5b5c39a283399fa3ffb550,2025-09-22T12:21:27-07:00,1,0,0.022727272727272728,,,True,False,0,1,0.0,97.56,,0.010250198567938114,496005961.0,stanford-crfm/levanter,Python
src/levanter/main/inference_repl.py,10,callable,ok,src.levanter.main.inference_repl.Commands.complete,src.levanter.main.inference_repl.Commands.complete,27207e5d142addda0f5b5c39a283399fa3ffb550,2025-09-22T12:21:27-07:00,27207e5d142addda0f5b5c39a283399fa3ffb550,2025-09-22T12:21:27-07:00,1,0,0.047619047619047616,,,True,False,0,1,0.0,97.56,,0.010250198567938114,496005961.0,stanford-crfm/levanter,Python
src/levanter/main/inference_repl.py,11,callable,ok,src.levanter.main.inference_repl.Commands.reload,src.levanter.main.inference_repl.Commands.reload,27207e5d142addda0f5b5c39a283399fa3ffb550,2025-09-22T12:21:27-07:00,27207e5d142addda0f5b5c39a283399fa3ffb550,2025-09-22T12:21:27-07:00,1,0,0.041666666666666664,,,True,False,0,1,0.0,97.56,,0.010250198567938114,496005961.0,stanford-crfm/levanter,Python
src/levanter/main/inference_repl.py,12,callable,ok,src.levanter.main.inference_repl.Commands.info,src.levanter.main.inference_repl.Commands.info,27207e5d142addda0f5b5c39a283399fa3ffb550,2025-09-22T12:21:27-07:00,4404a52dbe05bc592fbb06993d486c9b071716e8,2025-09-23T15:49:55-07:00,2,1,0.14285714285714285,,,True,False,0,2,0.0,98.7,,0.020262633276942704,496005961.0,stanford-crfm/levanter,Python
src/levanter/main/inference_repl.py,14,callable,ok,src.levanter.main.inference_repl.Commands.show_config,src.levanter.main.inference_repl.Commands.show_config,27207e5d142addda0f5b5c39a283399fa3ffb550,2025-09-22T12:21:27-07:00,27207e5d142addda0f5b5c39a283399fa3ffb550,2025-09-22T12:21:27-07:00,1,0,0.14285714285714285,,,True,False,0,1,0.0,97.56,,0.010250198567938114,496005961.0,stanford-crfm/levanter,Python
src/levanter/main/inference_repl.py,17,callable,ok,src.levanter.main.inference_repl.Commands.batch,src.levanter.main.inference_repl.Commands.batch,4404a52dbe05bc592fbb06993d486c9b071716e8,2025-09-23T15:49:55-07:00,4404a52dbe05bc592fbb06993d486c9b071716e8,2025-09-23T15:49:55-07:00,1,0,0.009708737864077669,,,True,False,0,1,0.0,98.7,,0.010131316638471352,496005961.0,stanford-crfm/levanter,Python
src/levanter/main/inference_repl.py,5,callable,ok,src.levanter.main.inference_repl.Commands.execute,src.levanter.main.inference_repl.ReplContext.execute,27207e5d142addda0f5b5c39a283399fa3ffb550,2025-09-22T12:21:27-07:00,f6bbf5fbe8b495258805e7cb4f109f18984710b4,2025-09-24T20:50:07-07:00,2,2,0.3333333333333333,,,True,True,0,2,0.0,99.91,,0.02001755010903657,496005961.0,stanford-crfm/levanter,Python
src/levanter/main/inference_repl.py,9,callable,ok,src.levanter.main.inference_repl.Commands._run_chat_session,src.levanter.main.inference_repl.ReplContext._run_chat_session,27207e5d142addda0f5b5c39a283399fa3ffb550,2025-09-22T12:21:27-07:00,f6bbf5fbe8b495258805e7cb4f109f18984710b4,2025-09-24T20:50:07-07:00,2,2,0.058823529411764705,,,True,True,0,2,0.0,99.91,,0.02001755010903657,496005961.0,stanford-crfm/levanter,Python
src/levanter/main/inference_repl.py,16,callable,ok,src.levanter.main.inference_repl.Commands._print_completion_response,src.levanter.main.inference_repl.ReplContext._print_completion_response,27207e5d142addda0f5b5c39a283399fa3ffb550,2025-09-22T12:21:27-07:00,f6bbf5fbe8b495258805e7cb4f109f18984710b4,2025-09-24T20:50:07-07:00,2,2,0.1111111111111111,,,True,True,0,2,0.0,99.91,,0.02001755010903657,496005961.0,stanford-crfm/levanter,Python
src/levanter/main/inference_repl.py,15,callable,ok,src.levanter.main.inference_repl.Commands._run_chat_completion,src.levanter.main.inference_repl.ReplContext._run_chat_completion,27207e5d142addda0f5b5c39a283399fa3ffb550,2025-09-22T12:21:27-07:00,f6bbf5fbe8b495258805e7cb4f109f18984710b4,2025-09-24T20:50:07-07:00,2,2,0.1,,,True,True,0,2,0.0,99.91,,0.02001755010903657,496005961.0,stanford-crfm/levanter,Python
src/levanter/main/inference_repl.py,7,callable,ok,src.levanter.main.inference_repl.Commands.unload_model,src.levanter.main.inference_repl.ReplContext.unload,27207e5d142addda0f5b5c39a283399fa3ffb550,2025-09-22T12:21:27-07:00,f6bbf5fbe8b495258805e7cb4f109f18984710b4,2025-09-24T20:50:07-07:00,2,2,0.2222222222222222,,,True,True,0,2,0.0,99.91,,0.02001755010903657,496005961.0,stanford-crfm/levanter,Python
src/levanter/main/inference_repl.py,8,callable,ok,src.levanter.main.inference_repl.Commands.chat,src.levanter.main.inference_repl.ReplContext.chat,27207e5d142addda0f5b5c39a283399fa3ffb550,2025-09-22T12:21:27-07:00,f6bbf5fbe8b495258805e7cb4f109f18984710b4,2025-09-24T20:50:07-07:00,2,2,0.18181818181818182,,,True,True,0,2,0.0,99.91,,0.02001755010903657,496005961.0,stanford-crfm/levanter,Python
src/levanter/main/inference_repl.py,13,callable,ok,src.levanter.main.inference_repl.Commands.show_help,src.levanter.main.inference_repl.ReplContext.show_help,27207e5d142addda0f5b5c39a283399fa3ffb550,2025-09-22T12:21:27-07:00,f6bbf5fbe8b495258805e7cb4f109f18984710b4,2025-09-24T20:50:07-07:00,3,2,0.2727272727272727,0.9994713183372809,,True,True,0,3,0.0,99.91,,0.030026325163554853,496005961.0,stanford-crfm/levanter,Python
src/levanter/main/inference_repl.py,0,callable,ok,src.levanter.main.inference_repl.weight_loader,src.levanter.main.inference_repl.weight_loader,27207e5d142addda0f5b5c39a283399fa3ffb550,2025-09-22T12:21:27-07:00,f6bbf5fbe8b495258805e7cb4f109f18984710b4,2025-09-24T20:50:07-07:00,2,45,0.2222222222222222,,,False,False,0,2,0.0,99.91,,0.02001755010903657,496005961.0,stanford-crfm/levanter,Python
src/levanter/main/inference_repl.py,1,callable,ok,src.levanter.main.inference_repl.repl_mode,src.levanter.main.inference_repl.repl_mode,27207e5d142addda0f5b5c39a283399fa3ffb550,2025-09-22T12:21:27-07:00,5bbc29dc12a5f704003138def0ffefe8ff33e4a4,2025-10-06T23:38:47-07:00,4,45,0.057971014492753624,0.8030908368625325,,False,False,0,4,0.0,112.03,,0.03570489532091273,496005961.0,stanford-crfm/levanter,Python
src/levanter/main/inference_repl.py,2,callable,ok,src.levanter.main.inference_repl.cli_mode,src.levanter.main.inference_repl.cli_mode,27207e5d142addda0f5b5c39a283399fa3ffb550,2025-09-22T12:21:27-07:00,f6bbf5fbe8b495258805e7cb4f109f18984710b4,2025-09-24T20:50:07-07:00,3,45,0.1111111111111111,0.9994713183372809,,False,False,0,3,0.0,99.91,,0.030026325163554853,496005961.0,stanford-crfm/levanter,Python
src/levanter/main/inference_repl.py,3,callable,ok,src.levanter.main.inference_repl.main,src.levanter.main.inference_repl.main,27207e5d142addda0f5b5c39a283399fa3ffb550,2025-09-22T12:21:27-07:00,c6d120099c0ad14a84f962ecf6da2d29ba234003,2025-10-16T11:13:28-07:00,3,45,0.3,0.4634074192885266,,False,False,0,3,0.0,121.51,,0.024688945010518517,496005961.0,stanford-crfm/levanter,Python
src/levanter/main/inference_repl.py,18,callable,ok,src.levanter.main.inference_repl.ReplContext.__init__,src.levanter.main.inference_repl.ReplContext.__init__,f6bbf5fbe8b495258805e7cb4f109f18984710b4,2025-09-24T20:50:07-07:00,5bbc29dc12a5f704003138def0ffefe8ff33e4a4,2025-10-06T23:38:47-07:00,2,43,0.14285714285714285,,,False,False,0,2,0.0,112.03,,0.017852447660456364,496005961.0,stanford-crfm/levanter,Python
src/levanter/main/inference_repl.py,19,callable,ok,src.levanter.main.inference_repl.ReplContext.serve,src.levanter.main.inference_repl.ReplContext.serve,f6bbf5fbe8b495258805e7cb4f109f18984710b4,2025-09-24T20:50:07-07:00,f6bbf5fbe8b495258805e7cb4f109f18984710b4,2025-09-24T20:50:07-07:00,1,43,0.14285714285714285,,,False,False,0,1,0.0,99.91,,0.010008775054518285,496005961.0,stanford-crfm/levanter,Python
src/levanter/main/inference_repl.py,20,callable,ok,src.levanter.main.inference_repl.ReplContext.load,src.levanter.main.inference_repl.ReplContext.load,f6bbf5fbe8b495258805e7cb4f109f18984710b4,2025-09-24T20:50:07-07:00,c6d120099c0ad14a84f962ecf6da2d29ba234003,2025-10-16T11:13:28-07:00,3,43,0.075,0.7540414580175376,,False,False,0,3,0.0,121.51,,0.024688945010518517,496005961.0,stanford-crfm/levanter,Python
src/levanter/main/inference_repl.py,21,callable,ok,src.levanter.main.inference_repl.ReplContext.batch,src.levanter.main.inference_repl.ReplContext.batch,f6bbf5fbe8b495258805e7cb4f109f18984710b4,2025-09-24T20:50:07-07:00,5bbc29dc12a5f704003138def0ffefe8ff33e4a4,2025-10-06T23:38:47-07:00,3,43,0.04285714285714286,0.9623229070532371,,False,False,0,3,0.0,112.03,,0.026778671490684545,496005961.0,stanford-crfm/levanter,Python
src/levanter/main/inference_repl.py,22,callable,ok,src.levanter.main.inference_repl.ReplContext.execute,src.levanter.main.inference_repl.ReplContext.execute,7ad2d8c450afe789f83e042a3573dd6072e202f7,2025-09-24T21:29:29-07:00,7ad2d8c450afe789f83e042a3573dd6072e202f7,2025-09-24T21:29:29-07:00,1,43,0.16666666666666666,,,False,False,0,1,0.0,99.94,,0.010006037207403033,496005961.0,stanford-crfm/levanter,Python
src/levanter/main/inference_repl.py,23,callable,ok,src.levanter.main.inference_repl.ReplContext.unload,src.levanter.main.inference_repl.ReplContext.unload,7ad2d8c450afe789f83e042a3573dd6072e202f7,2025-09-24T21:29:29-07:00,7ad2d8c450afe789f83e042a3573dd6072e202f7,2025-09-24T21:29:29-07:00,1,43,0.1111111111111111,,,False,False,0,1,0.0,99.94,,0.010006037207403033,496005961.0,stanford-crfm/levanter,Python
src/levanter/main/inference_repl.py,24,callable,ok,src.levanter.main.inference_repl.ReplContext.chat,src.levanter.main.inference_repl.ReplContext.chat,7ad2d8c450afe789f83e042a3573dd6072e202f7,2025-09-24T21:29:29-07:00,7ad2d8c450afe789f83e042a3573dd6072e202f7,2025-09-24T21:29:29-07:00,1,43,0.09090909090909091,,,False,False,0,1,0.0,99.94,,0.010006037207403033,496005961.0,stanford-crfm/levanter,Python
src/levanter/main/inference_repl.py,25,callable,ok,src.levanter.main.inference_repl.ReplContext.show_help,src.levanter.main.inference_repl.ReplContext.show_help,7ad2d8c450afe789f83e042a3573dd6072e202f7,2025-09-24T21:29:29-07:00,5bbc29dc12a5f704003138def0ffefe8ff33e4a4,2025-10-06T23:38:47-07:00,2,43,0.16666666666666666,,,False,False,0,2,0.0,112.03,,0.017852447660456364,496005961.0,stanford-crfm/levanter,Python
src/levanter/main/inference_repl.py,26,callable,ok,src.levanter.main.inference_repl.ReplContext._run_chat_session,src.levanter.main.inference_repl.ReplContext._run_chat_session,7ad2d8c450afe789f83e042a3573dd6072e202f7,2025-09-24T21:29:29-07:00,7ad2d8c450afe789f83e042a3573dd6072e202f7,2025-09-24T21:29:29-07:00,1,43,0.029411764705882353,,,False,False,0,1,0.0,99.94,,0.010006037207403033,496005961.0,stanford-crfm/levanter,Python
src/levanter/main/inference_repl.py,27,callable,ok,src.levanter.main.inference_repl.ReplContext._run_chat_completion,src.levanter.main.inference_repl.ReplContext._run_chat_completion,7ad2d8c450afe789f83e042a3573dd6072e202f7,2025-09-24T21:29:29-07:00,8d457ce7944b383454989bf943268063f7c9073c,2025-09-29T13:09:18-07:00,2,43,0.1,,,False,False,0,2,0.0,104.59,,0.019121863815148233,496005961.0,stanford-crfm/levanter,Python
src/levanter/main/inference_repl.py,28,callable,ok,src.levanter.main.inference_repl.ReplContext._print_completion_response,src.levanter.main.inference_repl.ReplContext._print_completion_response,7ad2d8c450afe789f83e042a3573dd6072e202f7,2025-09-24T21:29:29-07:00,34ed673a46faa36846dcb5219f667ec6b8141f22,2025-10-15T16:59:36-07:00,2,43,0.11764705882352941,,,False,False,0,2,0.0,120.75,,0.01656283900862974,496005961.0,stanford-crfm/levanter,Python
src/levanter/main/inference_repl.py,29,callable,ok,src.levanter.main.inference_repl._load_model,src.levanter.main.inference_repl._load_model,8d457ce7944b383454989bf943268063f7c9073c,2025-09-29T13:09:18-07:00,153ec2e4cfbe14da3874020aa29c5e8f97883821,2025-10-01T14:54:28-07:00,3,38,0.05555555555555555,0.44447151992574296,,False,False,0,3,0.0,106.67,,0.028125347904694134,496005961.0,stanford-crfm/levanter,Python
src/levanter/main/inference_repl.py,30,callable,ok,src.levanter.main.inference_repl.ReplContext.complete,src.levanter.main.inference_repl.ReplContext.complete,5bbc29dc12a5f704003138def0ffefe8ff33e4a4,2025-10-06T23:38:47-07:00,5bbc29dc12a5f704003138def0ffefe8ff33e4a4,2025-10-06T23:38:47-07:00,1,31,0.041666666666666664,,,False,False,0,1,0.0,112.03,,0.008926223830228182,496005961.0,stanford-crfm/levanter,Python
src/levanter/main/lora_lm.py,0,class,ok,src.levanter.main.lora_lm.LoraLmConfig,src.levanter.main.lora_lm.LoraLmConfig,5264c8a739872d7a329f9c078c10c5a71a113608,2023-08-09T23:22:39-07:00,b12d7345824657c401735954cb5a8bb06de903c6,2025-04-20T22:49:45-07:00,5,820,0.3125,1.2695485314604031,,False,False,5,0,676.98,0.0,0.007385723495643099,,496005961.0,stanford-crfm/levanter,Python
src/levanter/main/lora_lm.py,0,callable,ok,src.levanter.main.lora_lm.main,src.levanter.main.lora_lm.main,5264c8a739872d7a329f9c078c10c5a71a113608,2023-08-09T23:22:39-07:00,759a9861abb3bf672ca129cd629d3a1825a3662d,2025-03-13T23:49:18-07:00,28,820,0.22950819672131148,3.66985414348848,,False,False,28,0,676.98,0.0,0.04136005157560135,,496005961.0,stanford-crfm/levanter,Python
src/levanter/main/sft.py,0,class,ok,src.levanter.main.sft.DatasetType,src.levanter.main.sft.DatasetType,f8ab21abd070436d5c9e3a0fcafb561e4ae8e1a5,2024-11-14T09:39:09-08:00,f8ab21abd070436d5c9e3a0fcafb561e4ae8e1a5,2024-11-14T09:39:09-08:00,1,358,0.2,,,False,False,1,0,214.51,0.0,0.004661744820944486,,496005961.0,stanford-crfm/levanter,Python
src/levanter/main/sft.py,1,class,ok,src.levanter.main.sft.SFTConfig,src.levanter.main.sft.SFTConfig,f8ab21abd070436d5c9e3a0fcafb561e4ae8e1a5,2024-11-14T09:39:09-08:00,f8ab21abd070436d5c9e3a0fcafb561e4ae8e1a5,2024-11-14T09:39:09-08:00,1,358,0.03571428571428571,,,False,False,1,0,214.51,0.0,0.004661744820944486,,496005961.0,stanford-crfm/levanter,Python
src/levanter/main/sft.py,0,callable,ok,src.levanter.main.sft.train,src.levanter.main.sft.train,f8ab21abd070436d5c9e3a0fcafb561e4ae8e1a5,2024-11-14T09:39:09-08:00,f8ab21abd070436d5c9e3a0fcafb561e4ae8e1a5,2024-11-14T09:39:09-08:00,1,358,0.007142857142857143,,,False,False,1,0,214.51,0.0,0.004661744820944486,,496005961.0,stanford-crfm/levanter,Python
src/levanter/main/sft.py,1,callable,ok,src.levanter.main.sft.add_special_tokens,src.levanter.main.sft.add_special_tokens,f8ab21abd070436d5c9e3a0fcafb561e4ae8e1a5,2024-11-14T09:39:09-08:00,f8ab21abd070436d5c9e3a0fcafb561e4ae8e1a5,2024-11-14T09:39:09-08:00,1,358,0.05555555555555555,,,False,False,1,0,214.51,0.0,0.004661744820944486,,496005961.0,stanford-crfm/levanter,Python
src/levanter/main/sft_mixture.py,0,class,ok,src.levanter.main.sft_mixture.DatasetType,src.levanter.main.sft_mixture.DatasetType,ff737dde98a8bbab915ef1137f9e81c76566d789,2025-02-10T18:04:04-08:00,ff737dde98a8bbab915ef1137f9e81c76566d789,2025-02-10T18:04:04-08:00,1,269,0.25,,,False,False,1,0,126.16,0.0,0.007926359714717104,,496005961.0,stanford-crfm/levanter,Python
src/levanter/main/sft_mixture.py,1,class,ok,src.levanter.main.sft_mixture.SFTMixtureConfig,src.levanter.main.sft_mixture.SFTMixtureConfig,ff737dde98a8bbab915ef1137f9e81c76566d789,2025-02-10T18:04:04-08:00,23ac6d3c178514d33196077525cfde372fe2c4b6,2025-07-22T23:04:06-07:00,5,269,0.13157894736842105,1.4488215163120686,,False,False,2,3,126.16,36.01,0.015852719429434208,0.08332090377464267,496005961.0,stanford-crfm/levanter,Python
src/levanter/main/sft_mixture.py,0,callable,ok,src.levanter.main.sft_mixture.train,src.levanter.main.sft_mixture.train,ff737dde98a8bbab915ef1137f9e81c76566d789,2025-02-10T18:04:04-08:00,b12d7345824657c401735954cb5a8bb06de903c6,2025-04-20T22:49:45-07:00,4,269,0.021621621621621623,1.0753541567837845,,False,False,4,0,126.16,0.0,0.031705438858868416,,496005961.0,stanford-crfm/levanter,Python
src/levanter/main/sft_mixture.py,1,callable,ok,src.levanter.main.sft_mixture.create_prompt_completion_iterator,src.levanter.main.sft_mixture.create_prompt_completion_iterator,ff737dde98a8bbab915ef1137f9e81c76566d789,2025-02-10T18:04:04-08:00,ff737dde98a8bbab915ef1137f9e81c76566d789,2025-02-10T18:04:04-08:00,1,269,0.02564102564102564,,,False,False,1,0,126.16,0.0,0.007926359714717104,,496005961.0,stanford-crfm/levanter,Python
src/levanter/main/sft_mixture.py,2,callable,ok,src.levanter.main.sft_mixture.add_special_tokens,src.levanter.main.sft_mixture.add_special_tokens,ff737dde98a8bbab915ef1137f9e81c76566d789,2025-02-10T18:04:04-08:00,ff737dde98a8bbab915ef1137f9e81c76566d789,2025-02-10T18:04:04-08:00,1,269,0.05555555555555555,,,False,False,1,0,126.16,0.0,0.007926359714717104,,496005961.0,stanford-crfm/levanter,Python
src/levanter/main/sft_mixture.py,3,callable,ok,src.levanter.main.sft_mixture.reinitialize_some_tokens,src.levanter.main.sft_mixture.reinitialize_some_tokens,7f7783bcc416300348177a6804db8eccb7d59216,2025-04-16T11:26:17-07:00,432dc3b7271c674f25b07d4365808f2b4493b2fc,2025-06-29T17:52:17-07:00,4,205,0.08695652173913043,0.9044614267134253,,False,False,2,2,61.48,12.79,0.0325313146849329,0.15638645917707056,496005961.0,stanford-crfm/levanter,Python
src/levanter/main/sft_mixture.py,4,callable,ok,src.levanter.main.sft_mixture._reinit_embed_vectors,src.levanter.main.sft_mixture._reinit_embed_vectors,7f7783bcc416300348177a6804db8eccb7d59216,2025-04-16T11:26:17-07:00,7f7783bcc416300348177a6804db8eccb7d59216,2025-04-16T11:26:17-07:00,1,205,0.125,,,False,False,1,0,61.48,0.0,0.01626565734246645,,496005961.0,stanford-crfm/levanter,Python
src/levanter/main/train_asr.py,0,class,ok,src.levanter.main.train_asr.TrainASRConfig,src.levanter.main.train_asr.TrainASRConfig,19829c2c360cc1b8e7975f540e612845e4877a69,2024-03-15T19:01:24-04:00,234a945669354ec85d3b985c7c3cde4d39ef2e0b,2024-10-15T20:32:03-07:00,2,601,0.10526315789473684,,,False,False,2,0,458.29,0.0,0.004364066378459817,,496005961.0,stanford-crfm/levanter,Python
src/levanter/main/train_asr.py,0,callable,ok,src.levanter.main.train_asr.main,src.levanter.main.train_asr.main,19829c2c360cc1b8e7975f540e612845e4877a69,2024-03-15T19:01:24-04:00,234a945669354ec85d3b985c7c3cde4d39ef2e0b,2024-10-15T20:32:03-07:00,7,601,0.046357615894039736,2.4406387665176283,,False,False,7,0,458.29,0.0,0.015274232324609359,,496005961.0,stanford-crfm/levanter,Python
src/levanter/main/viz_logprobs.py,0,class,ok,src.levanter.main.viz_logprobs.VizGpt2Config,src.levanter.main.viz_logprobs.VizGpt2Config,c4ca904c0144ab6758d9368697557e8c207bdc0d,2023-06-14T21:03:42-07:00,c4ca904c0144ab6758d9368697557e8c207bdc0d,2023-06-14T21:03:42-07:00,1,876,0.125,,,False,False,1,0,733.08,0.0,0.0013641108744266472,,496005961.0,stanford-crfm/levanter,Python
src/levanter/main/viz_logprobs.py,0,callable,ok,src.levanter.main.viz_logprobs.main,src.levanter.main.viz_logprobs.main,c4ca904c0144ab6758d9368697557e8c207bdc0d,2023-06-14T21:03:42-07:00,c4ca904c0144ab6758d9368697557e8c207bdc0d,2023-06-14T21:03:42-07:00,1,876,0.015384615384615385,,,False,False,1,0,733.08,0.0,0.0013641108744266472,,496005961.0,stanford-crfm/levanter,Python
src/levanter/models/flash_attention.py,0,callable,ok,src.levanter.models.flash_attention.flash_attention,src.levanter.models.flash_attention.flash_attention,f72a4c9018b90344dce56c25b39b69ee100f63a8,2023-08-14T15:35:58-07:00,2103d48d7f24401e8cab7c70990c5b155056eb53,2025-10-06T23:55:27-07:00,6,815,0.06896551724137931,1.5619605237507075,,False,False,4,2,672.31,112.04,0.005949673201804238,0.017850603465062453,496005961.0,stanford-crfm/levanter,Python
src/levanter/models/flash_attention.py,1,callable,ok,src.levanter.models.flash_attention._flash_attention,src.levanter.models.flash_attention._flash_attention,f72a4c9018b90344dce56c25b39b69ee100f63a8,2023-08-14T15:35:58-07:00,2103d48d7f24401e8cab7c70990c5b155056eb53,2025-10-06T23:55:27-07:00,4,815,0.13333333333333333,1.0022121344986272,,False,False,2,2,672.31,112.04,0.002974836600902119,0.017850603465062453,496005961.0,stanford-crfm/levanter,Python
src/levanter/models/flash_attention.py,2,callable,ok,src.levanter.models.flash_attention._flash_attention_forward,src.levanter.models.flash_attention._flash_attention_forward,f72a4c9018b90344dce56c25b39b69ee100f63a8,2023-08-14T15:35:58-07:00,2103d48d7f24401e8cab7c70990c5b155056eb53,2025-10-06T23:55:27-07:00,9,815,0.061224489795918366,1.7550757227251101,,False,False,6,3,672.31,112.04,0.008924509802706357,0.02677590519759368,496005961.0,stanford-crfm/levanter,Python
src/levanter/models/flash_attention.py,3,callable,ok,src.levanter.models.flash_attention._flash_attention_backward,src.levanter.models.flash_attention._flash_attention_backward,f72a4c9018b90344dce56c25b39b69ee100f63a8,2023-08-14T15:35:58-07:00,2103d48d7f24401e8cab7c70990c5b155056eb53,2025-10-06T23:55:27-07:00,8,815,0.05714285714285714,1.7705584542115125,,False,False,5,3,672.31,112.04,0.007437091502255298,0.02677590519759368,496005961.0,stanford-crfm/levanter,Python
src/levanter/models/flash_attention.py,4,callable,ok,src.levanter.models.flash_attention._infer_attention_output_block_shape,src.levanter.models.flash_attention._infer_attention_output_block_shape,f72a4c9018b90344dce56c25b39b69ee100f63a8,2023-08-14T15:35:58-07:00,12212fe726d81e67985841652890492f0b0ad9c3,2023-10-23T15:10:45-07:00,2,815,0.6666666666666666,,,False,False,2,0,672.31,0.0,0.002974836600902119,,496005961.0,stanford-crfm/levanter,Python
src/levanter/models/flash_attention.py,5,callable,ok,src.levanter.models.flash_attention._materialize_mask_slice,src.levanter.models.flash_attention._materialize_mask_slice,f72a4c9018b90344dce56c25b39b69ee100f63a8,2023-08-14T15:35:58-07:00,12212fe726d81e67985841652890492f0b0ad9c3,2023-10-23T15:10:45-07:00,2,815,1.0,,,False,False,2,0,672.31,0.0,0.002974836600902119,,496005961.0,stanford-crfm/levanter,Python
src/levanter/models/flash_attention.py,6,callable,ok,src.levanter.models.flash_attention._strip_sizes,src.levanter.models.flash_attention._strip_sizes,152e1fc8550986100ceb12e2f66f95baed0e0998,2025-07-01T12:48:15-07:00,152e1fc8550986100ceb12e2f66f95baed0e0998,2025-07-01T12:48:15-07:00,1,128,0.2,,,False,False,0,1,0.0,14.58,,0.06859794222052491,496005961.0,stanford-crfm/levanter,Python
src/levanter/models/gemma.py,0,class,ok,src.levanter.models.gemma.GemmaConfig,src.levanter.models.gemma.GemmaConfig,4bc4b420f545acd94f61e9648e3f352f809772d3,2024-05-16T22:30:41-07:00,f6bbf5fbe8b495258805e7cb4f109f18984710b4,2025-09-24T20:50:07-07:00,16,539,0.08163265306122448,2.8665243425358082,,False,False,12,4,396.02,99.91,0.03030166553069518,0.04003510021807314,496005961.0,stanford-crfm/levanter,Python
src/levanter/models/gemma.py,1,class,ok,src.levanter.models.gemma.GemmaRMSNorm,src.levanter.models.gemma.GemmaRMSNorm,4bc4b420f545acd94f61e9648e3f352f809772d3,2024-05-16T22:30:41-07:00,64a2a5c46a24143f19e2cefa171f822292f20cec,2025-06-17T17:50:11-07:00,4,539,0.12121212121212122,0.7743536582029412,,False,False,2,2,396.02,0.79,0.005050277588449197,2.5400931955489567,496005961.0,stanford-crfm/levanter,Python
src/levanter/models/gemma.py,2,class,ok,src.levanter.models.gemma.GemmaDecoderLayer,src.levanter.models.gemma.GemmaDecoderLayer,4bc4b420f545acd94f61e9648e3f352f809772d3,2024-05-16T22:30:41-07:00,8f6619e4a3553ab42031fb5bc961216390c43855,2025-06-24T23:58:07-07:00,8,539,0.19047619047619047,1.8725376604046817,,False,False,5,3,396.02,8.04,0.012625693971122991,0.3730006259848469,496005961.0,stanford-crfm/levanter,Python
src/levanter/models/gemma.py,3,class,ok,src.levanter.models.gemma.GemmaTransformer,src.levanter.models.gemma.GemmaTransformer,4bc4b420f545acd94f61e9648e3f352f809772d3,2024-05-16T22:30:41-07:00,8f6619e4a3553ab42031fb5bc961216390c43855,2025-06-24T23:58:07-07:00,6,539,0.2,1.8145841787522539,,False,False,4,2,396.02,8.04,0.010100555176898394,0.24866708398989792,496005961.0,stanford-crfm/levanter,Python
src/levanter/models/gemma.py,4,class,ok,src.levanter.models.gemma.GemmaLMHeadModel,src.levanter.models.gemma.GemmaLMHeadModel,4bc4b420f545acd94f61e9648e3f352f809772d3,2024-05-16T22:30:41-07:00,8f6619e4a3553ab42031fb5bc961216390c43855,2025-06-24T23:58:07-07:00,5,539,0.06756756756756757,1.4404458694615974,,False,False,4,1,396.02,8.04,0.010100555176898394,0.12433354199494896,496005961.0,stanford-crfm/levanter,Python
src/levanter/models/gemma.py,5,class,ok,src.levanter.models.gemma.GemmaNormConfig,src.levanter.models.gemma.GemmaNormConfig,64a2a5c46a24143f19e2cefa171f822292f20cec,2025-06-17T17:50:11-07:00,64a2a5c46a24143f19e2cefa171f822292f20cec,2025-06-17T17:50:11-07:00,1,142,0.2,,,False,False,0,1,0.0,0.79,,1.2700465977744784,496005961.0,stanford-crfm/levanter,Python
src/levanter/models/gemma.py,6,class,ok,src.levanter.models.gemma.Gemma2Config,src.levanter.models.gemma.Gemma2Config,64a2a5c46a24143f19e2cefa171f822292f20cec,2025-06-17T17:50:11-07:00,88a3482f9b0723cf8066bbe76c61982e845ac185,2025-08-15T13:13:21-07:00,2,142,0.014598540145985401,,,False,False,0,2,0.0,59.6,,0.0335597907096478,496005961.0,stanford-crfm/levanter,Python
src/levanter/models/gemma.py,7,class,ok,src.levanter.models.gemma.Gemma2DecoderLayer,src.levanter.models.gemma.Gemma2DecoderLayer,64a2a5c46a24143f19e2cefa171f822292f20cec,2025-06-17T17:50:11-07:00,8f6619e4a3553ab42031fb5bc961216390c43855,2025-06-24T23:58:07-07:00,2,142,0.027777777777777776,,,False,False,0,2,0.0,8.04,,0.24866708398989792,496005961.0,stanford-crfm/levanter,Python
src/levanter/models/gemma.py,8,class,ok,src.levanter.models.gemma.Gemma2Transformer,src.levanter.models.gemma.Gemma2Transformer,64a2a5c46a24143f19e2cefa171f822292f20cec,2025-06-17T17:50:11-07:00,8f6619e4a3553ab42031fb5bc961216390c43855,2025-06-24T23:58:07-07:00,2,142,0.06451612903225806,,,False,False,0,2,0.0,8.04,,0.24866708398989792,496005961.0,stanford-crfm/levanter,Python
src/levanter/models/gemma.py,9,class,ok,src.levanter.models.gemma.Gemma2LMHeadModel,src.levanter.models.gemma.Gemma2LMHeadModel,64a2a5c46a24143f19e2cefa171f822292f20cec,2025-06-17T17:50:11-07:00,8f6619e4a3553ab42031fb5bc961216390c43855,2025-06-24T23:58:07-07:00,2,142,0.029411764705882353,,,False,False,0,2,0.0,8.04,,0.24866708398989792,496005961.0,stanford-crfm/levanter,Python
src/levanter/models/gemma.py,10,class,ok,src.levanter.models.gemma.Gemma3Config,src.levanter.models.gemma.Gemma3Config,64a2a5c46a24143f19e2cefa171f822292f20cec,2025-06-17T17:50:11-07:00,88a3482f9b0723cf8066bbe76c61982e845ac185,2025-08-15T13:13:21-07:00,2,142,0.014492753623188406,,,False,False,0,2,0.0,59.6,,0.0335597907096478,496005961.0,stanford-crfm/levanter,Python
src/levanter/models/gemma.py,11,class,ok,src.levanter.models.gemma.Gemma3LMHeadModel,src.levanter.models.gemma.Gemma3LMHeadModel,64a2a5c46a24143f19e2cefa171f822292f20cec,2025-06-17T17:50:11-07:00,8f6619e4a3553ab42031fb5bc961216390c43855,2025-06-24T23:58:07-07:00,2,142,0.029411764705882353,,,False,False,0,2,0.0,8.04,,0.24866708398989792,496005961.0,stanford-crfm/levanter,Python
src/levanter/models/gemma.py,1,callable,ok,src.levanter.models.gemma.GemmaConfig.default_hf_checkpoint_converter,src.levanter.models.gemma.GemmaConfig.hf_checkpoint_converter,4bc4b420f545acd94f61e9648e3f352f809772d3,2024-05-16T22:30:41-07:00,5da810ea00c8a6a877b343c410f3f466eab85ddf,2024-06-18T20:00:07-04:00,2,32,0.2857142857142857,,,True,True,2,0,396.02,0.0,0.005050277588449197,,496005961.0,stanford-crfm/levanter,Python
src/levanter/models/gemma.py,17,callable,ok,src.levanter.models.gemma.GemmaLMHeadModel.__call__,src.levanter.models.gemma.GemmaLMHeadModel.activations,4bc4b420f545acd94f61e9648e3f352f809772d3,2024-05-16T22:30:41-07:00,a7e42ecc5972c88abde51231239a981c2ebb4fce,2024-11-06T09:49:56-08:00,2,173,0.1111111111111111,,,True,True,2,0,396.02,0.0,0.005050277588449197,,496005961.0,stanford-crfm/levanter,Python
src/levanter/models/gemma.py,11,callable,ok,src.levanter.models.gemma.GemmaTransformer.from_state_dict,src.levanter.models.gemma.GemmaTransformer.from_state_dict,4bc4b420f545acd94f61e9648e3f352f809772d3,2024-05-16T22:30:41-07:00,4bc4b420f545acd94f61e9648e3f352f809772d3,2024-05-16T22:30:41-07:00,1,0,0.16666666666666666,,,True,False,1,0,396.02,0.0,0.0025251387942245985,,496005961.0,stanford-crfm/levanter,Python
src/levanter/models/gemma.py,12,callable,ok,src.levanter.models.gemma.GemmaTransformer.update_state_dict,src.levanter.models.gemma.GemmaTransformer.update_state_dict,4bc4b420f545acd94f61e9648e3f352f809772d3,2024-05-16T22:30:41-07:00,4bc4b420f545acd94f61e9648e3f352f809772d3,2024-05-16T22:30:41-07:00,1,0,0.1111111111111111,,,True,False,1,0,396.02,0.0,0.0025251387942245985,,496005961.0,stanford-crfm/levanter,Python
src/levanter/models/gemma.py,20,callable,ok,src.levanter.models.gemma.GemmaLMHeadModel.from_state_dict,src.levanter.models.gemma.GemmaLMHeadModel.from_state_dict,4bc4b420f545acd94f61e9648e3f352f809772d3,2024-05-16T22:30:41-07:00,4bc4b420f545acd94f61e9648e3f352f809772d3,2024-05-16T22:30:41-07:00,1,0,0.5,,,True,False,1,0,396.02,0.0,0.0025251387942245985,,496005961.0,stanford-crfm/levanter,Python
src/levanter/models/gemma.py,21,callable,ok,src.levanter.models.gemma.GemmaLMHeadModel.update_state_dict,src.levanter.models.gemma.GemmaLMHeadModel.update_state_dict,4bc4b420f545acd94f61e9648e3f352f809772d3,2024-05-16T22:30:41-07:00,4bc4b420f545acd94f61e9648e3f352f809772d3,2024-05-16T22:30:41-07:00,1,0,0.2,,,True,False,1,0,396.02,0.0,0.0025251387942245985,,496005961.0,stanford-crfm/levanter,Python
src/levanter/models/gemma.py,24,callable,ok,src.levanter.models.gemma.GemmaConfig.rope,src.levanter.models.gemma.GemmaConfig.rope,9fa3aaa4096e6843d18b901b9e3e73adf3fa814e,2024-09-24T00:48:36-07:00,9fa3aaa4096e6843d18b901b9e3e73adf3fa814e,2024-09-24T00:48:36-07:00,1,0,0.5,,,True,False,1,0,265.92,0.0,0.003760500348499147,,496005961.0,stanford-crfm/levanter,Python
src/levanter/models/gemma.py,27,callable,ok,src.levanter.models.gemma.GemmaConfig.to_attention_config,src.levanter.models.gemma.GemmaConfig.to_attention_config,5340e8d911051e57aeae753b0b17354bd72b0c36,2025-06-17T15:16:24-07:00,5340e8d911051e57aeae753b0b17354bd72b0c36,2025-06-17T15:16:24-07:00,1,0,0.08333333333333333,,,True,False,0,1,0.0,0.68,,1.4693377776266114,496005961.0,stanford-crfm/levanter,Python
src/levanter/models/gemma.py,0,callable,ok,src.levanter.models.gemma.GemmaConfig.__post_init__,src.levanter.models.gemma.GemmaConfig.__post_init__,4bc4b420f545acd94f61e9648e3f352f809772d3,2024-05-16T22:30:41-07:00,4bc4b420f545acd94f61e9648e3f352f809772d3,2024-05-16T22:30:41-07:00,1,539,0.25,,,False,False,1,0,396.02,0.0,0.0025251387942245985,,496005961.0,stanford-crfm/levanter,Python
src/levanter/models/gemma.py,2,callable,ok,src.levanter.models.gemma.GemmaConfig.from_hf_config,src.levanter.models.gemma.GemmaConfig.from_hf_config,4bc4b420f545acd94f61e9648e3f352f809772d3,2024-05-16T22:30:41-07:00,f6bbf5fbe8b495258805e7cb4f109f18984710b4,2025-09-24T20:50:07-07:00,8,539,0.23529411764705882,2.3913645649874953,,False,False,6,2,396.02,99.91,0.01515083276534759,0.02001755010903657,496005961.0,stanford-crfm/levanter,Python
src/levanter/models/gemma.py,3,callable,ok,src.levanter.models.gemma.GemmaConfig.to_hf_config,src.levanter.models.gemma.GemmaConfig.to_hf_config,4bc4b420f545acd94f61e9648e3f352f809772d3,2024-05-16T22:30:41-07:00,88a3482f9b0723cf8066bbe76c61982e845ac185,2025-08-15T13:13:21-07:00,5,539,0.125,1.0959816756500054,,False,False,3,2,396.02,59.6,0.007575416382673795,0.0335597907096478,496005961.0,stanford-crfm/levanter,Python
src/levanter/models/gemma.py,4,callable,ok,src.levanter.models.gemma.GemmaConfig.model_type,src.levanter.models.gemma.GemmaConfig.model_type,4bc4b420f545acd94f61e9648e3f352f809772d3,2024-05-16T22:30:41-07:00,64a2a5c46a24143f19e2cefa171f822292f20cec,2025-06-17T17:50:11-07:00,2,539,1.0,,,False,False,1,1,396.02,0.79,0.0025251387942245985,1.2700465977744784,496005961.0,stanford-crfm/levanter,Python
src/levanter/models/gemma.py,5,callable,ok,src.levanter.models.gemma.GemmaRMSNorm.init,src.levanter.models.gemma.GemmaRMSNorm.init,4bc4b420f545acd94f61e9648e3f352f809772d3,2024-05-16T22:30:41-07:00,da967eccdf6ce3898d1a1ebeb1d4e66ecc2c8e1a,2025-03-19T23:32:14-07:00,2,539,0.25,,,False,False,2,0,396.02,0.0,0.005050277588449197,,496005961.0,stanford-crfm/levanter,Python
src/levanter/models/gemma.py,6,callable,ok,src.levanter.models.gemma.GemmaRMSNorm.__call__,src.levanter.models.gemma.GemmaRMSNorm.__call__,4bc4b420f545acd94f61e9648e3f352f809772d3,2024-05-16T22:30:41-07:00,5340e8d911051e57aeae753b0b17354bd72b0c36,2025-06-17T15:16:24-07:00,2,539,0.15384615384615385,,,False,False,1,1,396.02,0.68,0.0025251387942245985,1.4693377776266114,496005961.0,stanford-crfm/levanter,Python
src/levanter/models/gemma.py,7,callable,ok,src.levanter.models.gemma.GemmaDecoderLayer.init,src.levanter.models.gemma.GemmaDecoderLayer.init,4bc4b420f545acd94f61e9648e3f352f809772d3,2024-05-16T22:30:41-07:00,64a2a5c46a24143f19e2cefa171f822292f20cec,2025-06-17T17:50:11-07:00,4,539,0.25,0.06874374540248349,,False,False,2,2,396.02,0.79,0.005050277588449197,2.5400931955489567,496005961.0,stanford-crfm/levanter,Python
src/levanter/models/gemma.py,8,callable,ok,src.levanter.models.gemma.GemmaDecoderLayer.__call__,src.levanter.models.gemma.GemmaDecoderLayer.__call__,4bc4b420f545acd94f61e9648e3f352f809772d3,2024-05-16T22:30:41-07:00,8f6619e4a3553ab42031fb5bc961216390c43855,2025-06-24T23:58:07-07:00,3,539,0.1875,0.36832790819498534,,False,False,2,1,396.02,8.04,0.005050277588449197,0.12433354199494896,496005961.0,stanford-crfm/levanter,Python
src/levanter/models/gemma.py,9,callable,ok,src.levanter.models.gemma.GemmaTransformer.init,src.levanter.models.gemma.GemmaTransformer.init,4bc4b420f545acd94f61e9648e3f352f809772d3,2024-05-16T22:30:41-07:00,64a2a5c46a24143f19e2cefa171f822292f20cec,2025-06-17T17:50:11-07:00,2,539,0.14285714285714285,,,False,False,1,1,396.02,0.79,0.0025251387942245985,1.2700465977744784,496005961.0,stanford-crfm/levanter,Python
src/levanter/models/gemma.py,10,callable,ok,src.levanter.models.gemma.GemmaTransformer.__call__,src.levanter.models.gemma.GemmaTransformer.__call__,4bc4b420f545acd94f61e9648e3f352f809772d3,2024-05-16T22:30:41-07:00,8f6619e4a3553ab42031fb5bc961216390c43855,2025-06-24T23:58:07-07:00,3,539,0.375,0.36832790819498534,,False,False,2,1,396.02,8.04,0.005050277588449197,0.12433354199494896,496005961.0,stanford-crfm/levanter,Python
src/levanter/models/gemma.py,13,callable,ok,src.levanter.models.gemma.GemmaLMHeadModel.config,src.levanter.models.gemma.GemmaLMHeadModel.config,4bc4b420f545acd94f61e9648e3f352f809772d3,2024-05-16T22:30:41-07:00,4bc4b420f545acd94f61e9648e3f352f809772d3,2024-05-16T22:30:41-07:00,1,539,0.5,,,False,False,1,0,396.02,0.0,0.0025251387942245985,,496005961.0,stanford-crfm/levanter,Python
src/levanter/models/gemma.py,14,callable,ok,src.levanter.models.gemma.GemmaLMHeadModel.vocab_size,src.levanter.models.gemma.GemmaLMHeadModel.vocab_size,4bc4b420f545acd94f61e9648e3f352f809772d3,2024-05-16T22:30:41-07:00,4bc4b420f545acd94f61e9648e3f352f809772d3,2024-05-16T22:30:41-07:00,1,539,0.5,,,False,False,1,0,396.02,0.0,0.0025251387942245985,,496005961.0,stanford-crfm/levanter,Python
src/levanter/models/gemma.py,15,callable,ok,src.levanter.models.gemma.GemmaLMHeadModel.Vocab,src.levanter.models.gemma.GemmaLMHeadModel.Vocab,4bc4b420f545acd94f61e9648e3f352f809772d3,2024-05-16T22:30:41-07:00,4bc4b420f545acd94f61e9648e3f352f809772d3,2024-05-16T22:30:41-07:00,1,539,0.5,,,False,False,1,0,396.02,0.0,0.0025251387942245985,,496005961.0,stanford-crfm/levanter,Python
src/levanter/models/gemma.py,16,callable,ok,src.levanter.models.gemma.GemmaLMHeadModel.init,src.levanter.models.gemma.GemmaLMHeadModel.init,4bc4b420f545acd94f61e9648e3f352f809772d3,2024-05-16T22:30:41-07:00,f0a7d2f477a1896875cec3c6b19486a205d4ef4e,2025-05-27T10:53:13-07:00,2,539,0.2222222222222222,,,False,False,2,0,396.02,0.0,0.005050277588449197,,496005961.0,stanford-crfm/levanter,Python
src/levanter/models/gemma.py,18,callable,ok,src.levanter.models.gemma.GemmaLMHeadModel.resize_vocab,src.levanter.models.gemma.GemmaLMHeadModel.resize_vocab,4bc4b420f545acd94f61e9648e3f352f809772d3,2024-05-16T22:30:41-07:00,f0a7d2f477a1896875cec3c6b19486a205d4ef4e,2025-05-27T10:53:13-07:00,2,539,0.2,,,False,False,2,0,396.02,0.0,0.005050277588449197,,496005961.0,stanford-crfm/levanter,Python
src/levanter/models/gemma.py,19,callable,ok,src.levanter.models.gemma.GemmaLMHeadModel._state_dict_key_map,src.levanter.models.gemma.GemmaLMHeadModel._state_dict_key_map,4bc4b420f545acd94f61e9648e3f352f809772d3,2024-05-16T22:30:41-07:00,f0a7d2f477a1896875cec3c6b19486a205d4ef4e,2025-05-27T10:53:13-07:00,2,539,0.6666666666666666,,,False,False,2,0,396.02,0.0,0.005050277588449197,,496005961.0,stanford-crfm/levanter,Python
src/levanter/models/gemma.py,22,callable,ok,src.levanter.models.gemma.GemmaConfig.flops_per_token,src.levanter.models.gemma.GemmaConfig.flops_per_token,b16db86e9b1d80abb63a4976714c21dc6496b8e3,2024-06-16T14:39:12+09:00,f0a7d2f477a1896875cec3c6b19486a205d4ef4e,2025-05-27T10:53:13-07:00,2,509,0.18181818181818182,,,False,False,2,0,366.01,0.0,0.00546430289187479,,496005961.0,stanford-crfm/levanter,Python
src/levanter/models/gemma.py,23,callable,ok,src.levanter.models.gemma.GemmaConfig.hf_checkpoint_converter,src.levanter.models.gemma.GemmaConfig.hf_checkpoint_converter,38d31bd90f3aa3488b176f5cbbc5c84324bc7197,2024-07-03T10:28:07-07:00,daa5a097e16095525dcb8a883fdc7e916fd34890,2025-05-28T06:38:08+01:00,2,492,0.2222222222222222,,,False,False,2,0,348.52,0.0,0.005738557878487033,,496005961.0,stanford-crfm/levanter,Python
src/levanter/models/gemma.py,25,callable,ok,src.levanter.models.gemma.GemmaLMHeadModel.get_lm_head,src.levanter.models.gemma.GemmaLMHeadModel.get_lm_head,a7e42ecc5972c88abde51231239a981c2ebb4fce,2024-11-06T09:49:56-08:00,f0a7d2f477a1896875cec3c6b19486a205d4ef4e,2025-05-27T10:53:13-07:00,2,366,0.4,,,False,False,2,0,222.5,0.0,0.008988583562564755,,496005961.0,stanford-crfm/levanter,Python
src/levanter/models/gemma.py,26,callable,ok,src.levanter.models.gemma.GemmaLMHeadModel.activations,src.levanter.models.gemma.GemmaLMHeadModel.activations,3d5677e5b68cb0e9b05e1c42b659c1d54e2d90c7,2024-11-16T20:09:00-08:00,8f6619e4a3553ab42031fb5bc961216390c43855,2025-06-24T23:58:07-07:00,3,355,0.14285714285714285,0.5565629193065699,,False,False,2,1,212.07,8.04,0.009430645515678938,0.12433354199494896,496005961.0,stanford-crfm/levanter,Python
src/levanter/models/gemma.py,28,callable,ok,src.levanter.models.gemma.GemmaNormConfig.build,src.levanter.models.gemma.GemmaNormConfig.build,64a2a5c46a24143f19e2cefa171f822292f20cec,2025-06-17T17:50:11-07:00,64a2a5c46a24143f19e2cefa171f822292f20cec,2025-06-17T17:50:11-07:00,1,142,0.5,,,False,False,0,1,0.0,0.79,,1.2700465977744784,496005961.0,stanford-crfm/levanter,Python
src/levanter/models/gemma.py,29,callable,ok,src.levanter.models.gemma.GemmaConfig.attention_config,src.levanter.models.gemma.GemmaConfig.attention_config,64a2a5c46a24143f19e2cefa171f822292f20cec,2025-06-17T17:50:11-07:00,64a2a5c46a24143f19e2cefa171f822292f20cec,2025-06-17T17:50:11-07:00,1,142,0.07692307692307693,,,False,False,0,1,0.0,0.79,,1.2700465977744784,496005961.0,stanford-crfm/levanter,Python
src/levanter/models/gemma.py,30,callable,ok,src.levanter.models.gemma.GemmaConfig.norm_config,src.levanter.models.gemma.GemmaConfig.norm_config,64a2a5c46a24143f19e2cefa171f822292f20cec,2025-06-17T17:50:11-07:00,64a2a5c46a24143f19e2cefa171f822292f20cec,2025-06-17T17:50:11-07:00,1,142,0.14285714285714285,,,False,False,0,1,0.0,0.79,,1.2700465977744784,496005961.0,stanford-crfm/levanter,Python
src/levanter/models/gemma.py,31,callable,ok,src.levanter.models.gemma.GemmaConfig.mk_LayerNorm,src.levanter.models.gemma.GemmaConfig.mk_LayerNorm,64a2a5c46a24143f19e2cefa171f822292f20cec,2025-06-17T17:50:11-07:00,64a2a5c46a24143f19e2cefa171f822292f20cec,2025-06-17T17:50:11-07:00,1,142,0.3333333333333333,,,False,False,0,1,0.0,0.79,,1.2700465977744784,496005961.0,stanford-crfm/levanter,Python
src/levanter/models/gemma.py,32,callable,ok,src.levanter.models.gemma.Gemma2Config.model_type,src.levanter.models.gemma.Gemma2Config.model_type,64a2a5c46a24143f19e2cefa171f822292f20cec,2025-06-17T17:50:11-07:00,64a2a5c46a24143f19e2cefa171f822292f20cec,2025-06-17T17:50:11-07:00,1,142,0.3333333333333333,,,False,False,0,1,0.0,0.79,,1.2700465977744784,496005961.0,stanford-crfm/levanter,Python
src/levanter/models/gemma.py,33,callable,ok,src.levanter.models.gemma.Gemma2Config.hf_checkpoint_converter,src.levanter.models.gemma.Gemma2Config.hf_checkpoint_converter,64a2a5c46a24143f19e2cefa171f822292f20cec,2025-06-17T17:50:11-07:00,64a2a5c46a24143f19e2cefa171f822292f20cec,2025-06-17T17:50:11-07:00,1,142,0.1111111111111111,,,False,False,0,1,0.0,0.79,,1.2700465977744784,496005961.0,stanford-crfm/levanter,Python
src/levanter/models/gemma.py,34,callable,ok,src.levanter.models.gemma.Gemma2Config.to_hf_config,src.levanter.models.gemma.Gemma2Config.to_hf_config,64a2a5c46a24143f19e2cefa171f822292f20cec,2025-06-17T17:50:11-07:00,88a3482f9b0723cf8066bbe76c61982e845ac185,2025-08-15T13:13:21-07:00,2,142,0.038461538461538464,,,False,False,0,2,0.0,59.6,,0.0335597907096478,496005961.0,stanford-crfm/levanter,Python
src/levanter/models/gemma.py,35,callable,ok,src.levanter.models.gemma.Gemma2Config.from_hf_config,src.levanter.models.gemma.Gemma2Config.from_hf_config,64a2a5c46a24143f19e2cefa171f822292f20cec,2025-06-17T17:50:11-07:00,64a2a5c46a24143f19e2cefa171f822292f20cec,2025-06-17T17:50:11-07:00,1,142,0.03225806451612903,,,False,False,0,1,0.0,0.79,,1.2700465977744784,496005961.0,stanford-crfm/levanter,Python
src/levanter/models/gemma.py,36,callable,ok,src.levanter.models.gemma.Gemma2Config.attention_config,src.levanter.models.gemma.Gemma2Config.attention_config,64a2a5c46a24143f19e2cefa171f822292f20cec,2025-06-17T17:50:11-07:00,64a2a5c46a24143f19e2cefa171f822292f20cec,2025-06-17T17:50:11-07:00,1,142,0.07142857142857142,,,False,False,0,1,0.0,0.79,,1.2700465977744784,496005961.0,stanford-crfm/levanter,Python
src/levanter/models/gemma.py,37,callable,ok,src.levanter.models.gemma.Gemma2DecoderLayer.init,src.levanter.models.gemma.Gemma2DecoderLayer.init,64a2a5c46a24143f19e2cefa171f822292f20cec,2025-06-17T17:50:11-07:00,64a2a5c46a24143f19e2cefa171f822292f20cec,2025-06-17T17:50:11-07:00,1,142,0.038461538461538464,,,False,False,0,1,0.0,0.79,,1.2700465977744784,496005961.0,stanford-crfm/levanter,Python
src/levanter/models/gemma.py,38,callable,ok,src.levanter.models.gemma.Gemma2DecoderLayer.__call__,src.levanter.models.gemma.Gemma2DecoderLayer.__call__,64a2a5c46a24143f19e2cefa171f822292f20cec,2025-06-17T17:50:11-07:00,8f6619e4a3553ab42031fb5bc961216390c43855,2025-06-24T23:58:07-07:00,2,142,0.1,,,False,False,0,2,0.0,8.04,,0.24866708398989792,496005961.0,stanford-crfm/levanter,Python
src/levanter/models/gemma.py,39,callable,ok,src.levanter.models.gemma.Gemma2Transformer.init,src.levanter.models.gemma.Gemma2Transformer.init,64a2a5c46a24143f19e2cefa171f822292f20cec,2025-06-17T17:50:11-07:00,64a2a5c46a24143f19e2cefa171f822292f20cec,2025-06-17T17:50:11-07:00,1,142,0.07142857142857142,,,False,False,0,1,0.0,0.79,,1.2700465977744784,496005961.0,stanford-crfm/levanter,Python
src/levanter/models/gemma.py,40,callable,ok,src.levanter.models.gemma.Gemma2Transformer.__call__,src.levanter.models.gemma.Gemma2Transformer.__call__,64a2a5c46a24143f19e2cefa171f822292f20cec,2025-06-17T17:50:11-07:00,8f6619e4a3553ab42031fb5bc961216390c43855,2025-06-24T23:58:07-07:00,2,142,0.2857142857142857,,,False,False,0,2,0.0,8.04,,0.24866708398989792,496005961.0,stanford-crfm/levanter,Python
src/levanter/models/gemma.py,41,callable,ok,src.levanter.models.gemma.Gemma2LMHeadModel.config,src.levanter.models.gemma.Gemma2LMHeadModel.config,64a2a5c46a24143f19e2cefa171f822292f20cec,2025-06-17T17:50:11-07:00,64a2a5c46a24143f19e2cefa171f822292f20cec,2025-06-17T17:50:11-07:00,1,142,0.5,,,False,False,0,1,0.0,0.79,,1.2700465977744784,496005961.0,stanford-crfm/levanter,Python
src/levanter/models/gemma.py,42,callable,ok,src.levanter.models.gemma.Gemma2LMHeadModel.vocab_size,src.levanter.models.gemma.Gemma2LMHeadModel.vocab_size,64a2a5c46a24143f19e2cefa171f822292f20cec,2025-06-17T17:50:11-07:00,64a2a5c46a24143f19e2cefa171f822292f20cec,2025-06-17T17:50:11-07:00,1,142,0.5,,,False,False,0,1,0.0,0.79,,1.2700465977744784,496005961.0,stanford-crfm/levanter,Python
src/levanter/models/gemma.py,43,callable,ok,src.levanter.models.gemma.Gemma2LMHeadModel.Vocab,src.levanter.models.gemma.Gemma2LMHeadModel.Vocab,64a2a5c46a24143f19e2cefa171f822292f20cec,2025-06-17T17:50:11-07:00,64a2a5c46a24143f19e2cefa171f822292f20cec,2025-06-17T17:50:11-07:00,1,142,0.5,,,False,False,0,1,0.0,0.79,,1.2700465977744784,496005961.0,stanford-crfm/levanter,Python
src/levanter/models/gemma.py,44,callable,ok,src.levanter.models.gemma.Gemma2LMHeadModel.get_lm_head,src.levanter.models.gemma.Gemma2LMHeadModel.get_lm_head,64a2a5c46a24143f19e2cefa171f822292f20cec,2025-06-17T17:50:11-07:00,64a2a5c46a24143f19e2cefa171f822292f20cec,2025-06-17T17:50:11-07:00,1,142,0.2,,,False,False,0,1,0.0,0.79,,1.2700465977744784,496005961.0,stanford-crfm/levanter,Python
src/levanter/models/gemma.py,45,callable,ok,src.levanter.models.gemma.Gemma2LMHeadModel.init,src.levanter.models.gemma.Gemma2LMHeadModel.init,64a2a5c46a24143f19e2cefa171f822292f20cec,2025-06-17T17:50:11-07:00,64a2a5c46a24143f19e2cefa171f822292f20cec,2025-06-17T17:50:11-07:00,1,142,0.1111111111111111,,,False,False,0,1,0.0,0.79,,1.2700465977744784,496005961.0,stanford-crfm/levanter,Python
src/levanter/models/gemma.py,46,callable,ok,src.levanter.models.gemma.Gemma2LMHeadModel.activations,src.levanter.models.gemma.Gemma2LMHeadModel.activations,64a2a5c46a24143f19e2cefa171f822292f20cec,2025-06-17T17:50:11-07:00,8f6619e4a3553ab42031fb5bc961216390c43855,2025-06-24T23:58:07-07:00,2,142,0.15384615384615385,,,False,False,0,2,0.0,8.04,,0.24866708398989792,496005961.0,stanford-crfm/levanter,Python
src/levanter/models/gemma.py,47,callable,ok,src.levanter.models.gemma.Gemma2LMHeadModel.resize_vocab,src.levanter.models.gemma.Gemma2LMHeadModel.resize_vocab,64a2a5c46a24143f19e2cefa171f822292f20cec,2025-06-17T17:50:11-07:00,64a2a5c46a24143f19e2cefa171f822292f20cec,2025-06-17T17:50:11-07:00,1,142,0.1,,,False,False,0,1,0.0,0.79,,1.2700465977744784,496005961.0,stanford-crfm/levanter,Python
src/levanter/models/gemma.py,48,callable,ok,src.levanter.models.gemma.Gemma2LMHeadModel._state_dict_key_map,src.levanter.models.gemma.Gemma2LMHeadModel._state_dict_key_map,64a2a5c46a24143f19e2cefa171f822292f20cec,2025-06-17T17:50:11-07:00,64a2a5c46a24143f19e2cefa171f822292f20cec,2025-06-17T17:50:11-07:00,1,142,0.5,,,False,False,0,1,0.0,0.79,,1.2700465977744784,496005961.0,stanford-crfm/levanter,Python
src/levanter/models/gemma.py,49,callable,ok,src.levanter.models.gemma.Gemma3Config.local_rope,src.levanter.models.gemma.Gemma3Config.local_rope,64a2a5c46a24143f19e2cefa171f822292f20cec,2025-06-17T17:50:11-07:00,64a2a5c46a24143f19e2cefa171f822292f20cec,2025-06-17T17:50:11-07:00,1,142,0.3333333333333333,,,False,False,0,1,0.0,0.79,,1.2700465977744784,496005961.0,stanford-crfm/levanter,Python
src/levanter/models/gemma.py,50,callable,ok,src.levanter.models.gemma.Gemma3Config.model_type,src.levanter.models.gemma.Gemma3Config.model_type,64a2a5c46a24143f19e2cefa171f822292f20cec,2025-06-17T17:50:11-07:00,64a2a5c46a24143f19e2cefa171f822292f20cec,2025-06-17T17:50:11-07:00,1,142,0.5,,,False,False,0,1,0.0,0.79,,1.2700465977744784,496005961.0,stanford-crfm/levanter,Python
src/levanter/models/gemma.py,51,callable,ok,src.levanter.models.gemma.Gemma3Config.hf_checkpoint_converter,src.levanter.models.gemma.Gemma3Config.hf_checkpoint_converter,64a2a5c46a24143f19e2cefa171f822292f20cec,2025-06-17T17:50:11-07:00,64a2a5c46a24143f19e2cefa171f822292f20cec,2025-06-17T17:50:11-07:00,1,142,0.1111111111111111,,,False,False,0,1,0.0,0.79,,1.2700465977744784,496005961.0,stanford-crfm/levanter,Python
src/levanter/models/gemma.py,52,callable,ok,src.levanter.models.gemma.Gemma3Config.to_hf_config,src.levanter.models.gemma.Gemma3Config.to_hf_config,64a2a5c46a24143f19e2cefa171f822292f20cec,2025-06-17T17:50:11-07:00,88a3482f9b0723cf8066bbe76c61982e845ac185,2025-08-15T13:13:21-07:00,2,142,0.041666666666666664,,,False,False,0,2,0.0,59.6,,0.0335597907096478,496005961.0,stanford-crfm/levanter,Python
src/levanter/models/gemma.py,53,callable,ok,src.levanter.models.gemma.Gemma3Config.from_hf_config,src.levanter.models.gemma.Gemma3Config.from_hf_config,64a2a5c46a24143f19e2cefa171f822292f20cec,2025-06-17T17:50:11-07:00,64a2a5c46a24143f19e2cefa171f822292f20cec,2025-06-17T17:50:11-07:00,1,142,0.030303030303030304,,,False,False,0,1,0.0,0.79,,1.2700465977744784,496005961.0,stanford-crfm/levanter,Python
src/levanter/models/gemma.py,54,callable,ok,src.levanter.models.gemma.Gemma3Config.attention_config,src.levanter.models.gemma.Gemma3Config.attention_config,64a2a5c46a24143f19e2cefa171f822292f20cec,2025-06-17T17:50:11-07:00,64a2a5c46a24143f19e2cefa171f822292f20cec,2025-06-17T17:50:11-07:00,1,142,0.07692307692307693,,,False,False,0,1,0.0,0.79,,1.2700465977744784,496005961.0,stanford-crfm/levanter,Python
src/levanter/models/gemma.py,55,callable,ok,src.levanter.models.gemma.Gemma3LMHeadModel.config,src.levanter.models.gemma.Gemma3LMHeadModel.config,64a2a5c46a24143f19e2cefa171f822292f20cec,2025-06-17T17:50:11-07:00,64a2a5c46a24143f19e2cefa171f822292f20cec,2025-06-17T17:50:11-07:00,1,142,0.5,,,False,False,0,1,0.0,0.79,,1.2700465977744784,496005961.0,stanford-crfm/levanter,Python
src/levanter/models/gemma.py,56,callable,ok,src.levanter.models.gemma.Gemma3LMHeadModel.vocab_size,src.levanter.models.gemma.Gemma3LMHeadModel.vocab_size,64a2a5c46a24143f19e2cefa171f822292f20cec,2025-06-17T17:50:11-07:00,64a2a5c46a24143f19e2cefa171f822292f20cec,2025-06-17T17:50:11-07:00,1,142,0.5,,,False,False,0,1,0.0,0.79,,1.2700465977744784,496005961.0,stanford-crfm/levanter,Python
src/levanter/models/gemma.py,57,callable,ok,src.levanter.models.gemma.Gemma3LMHeadModel.Vocab,src.levanter.models.gemma.Gemma3LMHeadModel.Vocab,64a2a5c46a24143f19e2cefa171f822292f20cec,2025-06-17T17:50:11-07:00,64a2a5c46a24143f19e2cefa171f822292f20cec,2025-06-17T17:50:11-07:00,1,142,0.5,,,False,False,0,1,0.0,0.79,,1.2700465977744784,496005961.0,stanford-crfm/levanter,Python
src/levanter/models/gemma.py,58,callable,ok,src.levanter.models.gemma.Gemma3LMHeadModel.get_lm_head,src.levanter.models.gemma.Gemma3LMHeadModel.get_lm_head,64a2a5c46a24143f19e2cefa171f822292f20cec,2025-06-17T17:50:11-07:00,64a2a5c46a24143f19e2cefa171f822292f20cec,2025-06-17T17:50:11-07:00,1,142,0.2,,,False,False,0,1,0.0,0.79,,1.2700465977744784,496005961.0,stanford-crfm/levanter,Python
src/levanter/models/gemma.py,59,callable,ok,src.levanter.models.gemma.Gemma3LMHeadModel.init,src.levanter.models.gemma.Gemma3LMHeadModel.init,64a2a5c46a24143f19e2cefa171f822292f20cec,2025-06-17T17:50:11-07:00,64a2a5c46a24143f19e2cefa171f822292f20cec,2025-06-17T17:50:11-07:00,1,142,0.1111111111111111,,,False,False,0,1,0.0,0.79,,1.2700465977744784,496005961.0,stanford-crfm/levanter,Python
src/levanter/models/gemma.py,60,callable,ok,src.levanter.models.gemma.Gemma3LMHeadModel.activations,src.levanter.models.gemma.Gemma3LMHeadModel.activations,64a2a5c46a24143f19e2cefa171f822292f20cec,2025-06-17T17:50:11-07:00,8f6619e4a3553ab42031fb5bc961216390c43855,2025-06-24T23:58:07-07:00,2,142,0.15384615384615385,,,False,False,0,2,0.0,8.04,,0.24866708398989792,496005961.0,stanford-crfm/levanter,Python
src/levanter/models/gemma.py,61,callable,ok,src.levanter.models.gemma.Gemma3LMHeadModel.resize_vocab,src.levanter.models.gemma.Gemma3LMHeadModel.resize_vocab,64a2a5c46a24143f19e2cefa171f822292f20cec,2025-06-17T17:50:11-07:00,64a2a5c46a24143f19e2cefa171f822292f20cec,2025-06-17T17:50:11-07:00,1,142,0.1,,,False,False,0,1,0.0,0.79,,1.2700465977744784,496005961.0,stanford-crfm/levanter,Python
src/levanter/models/gemma.py,62,callable,ok,src.levanter.models.gemma.Gemma3LMHeadModel._state_dict_key_map,src.levanter.models.gemma.Gemma3LMHeadModel._state_dict_key_map,64a2a5c46a24143f19e2cefa171f822292f20cec,2025-06-17T17:50:11-07:00,64a2a5c46a24143f19e2cefa171f822292f20cec,2025-06-17T17:50:11-07:00,1,142,0.5,,,False,False,0,1,0.0,0.79,,1.2700465977744784,496005961.0,stanford-crfm/levanter,Python
src/levanter/models/gpt2.py,0,class,ok,src.levanter.models.gpt2.Gpt2Config,src.levanter.models.gpt2.Gpt2Config,507a11db028dbf21ffb09b9278c535ab9f6b48be,2022-08-03T17:07:46-07:00,507a11db028dbf21ffb09b9278c535ab9f6b48be,2022-08-03T17:07:46-07:00,1,1191,0.041666666666666664,,,False,False,1,0,1048.24,0.0,0.0009539781085873532,,496005961.0,stanford-crfm/levanter,Python
src/levanter/models/gpt2.py,1,class,ok,src.levanter.models.gpt2.NamedLinear,src.levanter.models.gpt2.NamedLinear,507a11db028dbf21ffb09b9278c535ab9f6b48be,2022-08-03T17:07:46-07:00,507a11db028dbf21ffb09b9278c535ab9f6b48be,2022-08-03T17:07:46-07:00,1,1191,0.045454545454545456,,,False,False,1,0,1048.24,0.0,0.0009539781085873532,,496005961.0,stanford-crfm/levanter,Python
src/levanter/models/gpt2.py,2,class,ok,src.levanter.models.gpt2.Gpt2Mlp,src.levanter.models.gpt2.Gpt2Mlp,507a11db028dbf21ffb09b9278c535ab9f6b48be,2022-08-03T17:07:46-07:00,507a11db028dbf21ffb09b9278c535ab9f6b48be,2022-08-03T17:07:46-07:00,1,1191,0.058823529411764705,,,False,False,1,0,1048.24,0.0,0.0009539781085873532,,496005961.0,stanford-crfm/levanter,Python
src/levanter/models/gpt2.py,3,class,ok,src.levanter.models.gpt2.Gpt2Attention,src.levanter.models.gpt2.Gpt2Attention,507a11db028dbf21ffb09b9278c535ab9f6b48be,2022-08-03T17:07:46-07:00,507a11db028dbf21ffb09b9278c535ab9f6b48be,2022-08-03T17:07:46-07:00,1,1191,0.01282051282051282,,,False,False,1,0,1048.24,0.0,0.0009539781085873532,,496005961.0,stanford-crfm/levanter,Python
src/levanter/models/gpt2.py,4,class,ok,src.levanter.models.gpt2.Gpt2Block,src.levanter.models.gpt2.Gpt2Block,507a11db028dbf21ffb09b9278c535ab9f6b48be,2022-08-03T17:07:46-07:00,507a11db028dbf21ffb09b9278c535ab9f6b48be,2022-08-03T17:07:46-07:00,1,1191,0.023255813953488372,,,False,False,1,0,1048.24,0.0,0.0009539781085873532,,496005961.0,stanford-crfm/levanter,Python
src/levanter/models/gpt2.py,5,class,ok,src.levanter.models.gpt2.Gpt2Transformer,src.levanter.models.gpt2.Gpt2Transformer,507a11db028dbf21ffb09b9278c535ab9f6b48be,2022-08-03T17:07:46-07:00,507a11db028dbf21ffb09b9278c535ab9f6b48be,2022-08-03T17:07:46-07:00,1,1191,0.03125,,,False,False,1,0,1048.24,0.0,0.0009539781085873532,,496005961.0,stanford-crfm/levanter,Python
src/levanter/models/gpt2.py,6,class,ok,src.levanter.models.gpt2.Gpt2Embeddings,src.levanter.models.gpt2.Gpt2Embeddings,507a11db028dbf21ffb09b9278c535ab9f6b48be,2022-08-03T17:07:46-07:00,507a11db028dbf21ffb09b9278c535ab9f6b48be,2022-08-03T17:07:46-07:00,1,1191,0.019230769230769232,,,False,False,1,0,1048.24,0.0,0.0009539781085873532,,496005961.0,stanford-crfm/levanter,Python
src/levanter/models/gpt2.py,7,class,ok,src.levanter.models.gpt2.Gpt2LMHeadModel,src.levanter.models.gpt2.Gpt2LMHeadModel,507a11db028dbf21ffb09b9278c535ab9f6b48be,2022-08-03T17:07:46-07:00,507a11db028dbf21ffb09b9278c535ab9f6b48be,2022-08-03T17:07:46-07:00,1,1191,0.038461538461538464,,,False,False,1,0,1048.24,0.0,0.0009539781085873532,,496005961.0,stanford-crfm/levanter,Python
src/levanter/models/gpt2.py,0,callable,ok,src.levanter.models.gpt2.recursive_checkpoint,src.levanter.models.gpt2.recursive_checkpoint,507a11db028dbf21ffb09b9278c535ab9f6b48be,2022-08-03T17:07:46-07:00,507a11db028dbf21ffb09b9278c535ab9f6b48be,2022-08-03T17:07:46-07:00,1,1191,0.08333333333333333,,,False,False,1,0,1048.24,0.0,0.0009539781085873532,,496005961.0,stanford-crfm/levanter,Python
src/levanter/models/gpt2.py,1,callable,ok,src.levanter.models.gpt2.Gpt2Config.seqlen,src.levanter.models.gpt2.Gpt2Config.seqlen,507a11db028dbf21ffb09b9278c535ab9f6b48be,2022-08-03T17:07:46-07:00,507a11db028dbf21ffb09b9278c535ab9f6b48be,2022-08-03T17:07:46-07:00,1,1191,0.5,,,False,False,1,0,1048.24,0.0,0.0009539781085873532,,496005961.0,stanford-crfm/levanter,Python
src/levanter/models/gpt2.py,2,callable,ok,src.levanter.models.gpt2.Gpt2Config.hidden,src.levanter.models.gpt2.Gpt2Config.hidden,507a11db028dbf21ffb09b9278c535ab9f6b48be,2022-08-03T17:07:46-07:00,507a11db028dbf21ffb09b9278c535ab9f6b48be,2022-08-03T17:07:46-07:00,1,1191,0.5,,,False,False,1,0,1048.24,0.0,0.0009539781085873532,,496005961.0,stanford-crfm/levanter,Python
src/levanter/models/gpt2.py,3,callable,ok,src.levanter.models.gpt2.NamedLinear.__init__,src.levanter.models.gpt2.NamedLinear.__init__,507a11db028dbf21ffb09b9278c535ab9f6b48be,2022-08-03T17:07:46-07:00,507a11db028dbf21ffb09b9278c535ab9f6b48be,2022-08-03T17:07:46-07:00,1,1191,0.1111111111111111,,,False,False,1,0,1048.24,0.0,0.0009539781085873532,,496005961.0,stanford-crfm/levanter,Python
src/levanter/models/gpt2.py,4,callable,ok,src.levanter.models.gpt2.NamedLinear.__call__,src.levanter.models.gpt2.NamedLinear.__call__,507a11db028dbf21ffb09b9278c535ab9f6b48be,2022-08-03T17:07:46-07:00,507a11db028dbf21ffb09b9278c535ab9f6b48be,2022-08-03T17:07:46-07:00,1,1191,0.2,,,False,False,1,0,1048.24,0.0,0.0009539781085873532,,496005961.0,stanford-crfm/levanter,Python
src/levanter/models/gpt2.py,5,callable,ok,src.levanter.models.gpt2.Gpt2Mlp.__init__,src.levanter.models.gpt2.Gpt2Mlp.__init__,507a11db028dbf21ffb09b9278c535ab9f6b48be,2022-08-03T17:07:46-07:00,507a11db028dbf21ffb09b9278c535ab9f6b48be,2022-08-03T17:07:46-07:00,1,1191,0.16666666666666666,,,False,False,1,0,1048.24,0.0,0.0009539781085873532,,496005961.0,stanford-crfm/levanter,Python
src/levanter/models/gpt2.py,6,callable,ok,src.levanter.models.gpt2.Gpt2Mlp.__call__,src.levanter.models.gpt2.Gpt2Mlp.__call__,507a11db028dbf21ffb09b9278c535ab9f6b48be,2022-08-03T17:07:46-07:00,507a11db028dbf21ffb09b9278c535ab9f6b48be,2022-08-03T17:07:46-07:00,1,1191,0.2,,,False,False,1,0,1048.24,0.0,0.0009539781085873532,,496005961.0,stanford-crfm/levanter,Python
src/levanter/models/gpt2.py,7,callable,ok,src.levanter.models.gpt2.Gpt2Attention.total_head_dim,src.levanter.models.gpt2.Gpt2Attention.total_head_dim,507a11db028dbf21ffb09b9278c535ab9f6b48be,2022-08-03T17:07:46-07:00,507a11db028dbf21ffb09b9278c535ab9f6b48be,2022-08-03T17:07:46-07:00,1,1191,0.5,,,False,False,1,0,1048.24,0.0,0.0009539781085873532,,496005961.0,stanford-crfm/levanter,Python
src/levanter/models/gpt2.py,8,callable,ok,src.levanter.models.gpt2.Gpt2Attention.__init__,src.levanter.models.gpt2.Gpt2Attention.__init__,507a11db028dbf21ffb09b9278c535ab9f6b48be,2022-08-03T17:07:46-07:00,507a11db028dbf21ffb09b9278c535ab9f6b48be,2022-08-03T17:07:46-07:00,1,1191,0.08333333333333333,,,False,False,1,0,1048.24,0.0,0.0009539781085873532,,496005961.0,stanford-crfm/levanter,Python
src/levanter/models/gpt2.py,9,callable,ok,src.levanter.models.gpt2.Gpt2Attention.__call__,src.levanter.models.gpt2.Gpt2Attention.__call__,507a11db028dbf21ffb09b9278c535ab9f6b48be,2022-08-03T17:07:46-07:00,507a11db028dbf21ffb09b9278c535ab9f6b48be,2022-08-03T17:07:46-07:00,1,1191,0.024390243902439025,,,False,False,1,0,1048.24,0.0,0.0009539781085873532,,496005961.0,stanford-crfm/levanter,Python
src/levanter/models/gpt2.py,10,callable,ok,src.levanter.models.gpt2.Gpt2Attention._split_heads,src.levanter.models.gpt2.Gpt2Attention._split_heads,507a11db028dbf21ffb09b9278c535ab9f6b48be,2022-08-03T17:07:46-07:00,507a11db028dbf21ffb09b9278c535ab9f6b48be,2022-08-03T17:07:46-07:00,1,1191,0.5,,,False,False,1,0,1048.24,0.0,0.0009539781085873532,,496005961.0,stanford-crfm/levanter,Python
src/levanter/models/gpt2.py,11,callable,ok,src.levanter.models.gpt2.Gpt2Attention._merge_heads,src.levanter.models.gpt2.Gpt2Attention._merge_heads,507a11db028dbf21ffb09b9278c535ab9f6b48be,2022-08-03T17:07:46-07:00,507a11db028dbf21ffb09b9278c535ab9f6b48be,2022-08-03T17:07:46-07:00,1,1191,0.5,,,False,False,1,0,1048.24,0.0,0.0009539781085873532,,496005961.0,stanford-crfm/levanter,Python
src/levanter/models/gpt2.py,12,callable,ok,src.levanter.models.gpt2.Gpt2Block.__init__,src.levanter.models.gpt2.Gpt2Block.__init__,507a11db028dbf21ffb09b9278c535ab9f6b48be,2022-08-03T17:07:46-07:00,507a11db028dbf21ffb09b9278c535ab9f6b48be,2022-08-03T17:07:46-07:00,1,1191,0.058823529411764705,,,False,False,1,0,1048.24,0.0,0.0009539781085873532,,496005961.0,stanford-crfm/levanter,Python
src/levanter/models/gpt2.py,13,callable,ok,src.levanter.models.gpt2.Gpt2Block.__call__,src.levanter.models.gpt2.Gpt2Block.__call__,507a11db028dbf21ffb09b9278c535ab9f6b48be,2022-08-03T17:07:46-07:00,507a11db028dbf21ffb09b9278c535ab9f6b48be,2022-08-03T17:07:46-07:00,1,1191,0.058823529411764705,,,False,False,1,0,1048.24,0.0,0.0009539781085873532,,496005961.0,stanford-crfm/levanter,Python
src/levanter/models/gpt2.py,14,callable,ok,src.levanter.models.gpt2.Gpt2Transformer.__init__,src.levanter.models.gpt2.Gpt2Transformer.__init__,507a11db028dbf21ffb09b9278c535ab9f6b48be,2022-08-03T17:07:46-07:00,507a11db028dbf21ffb09b9278c535ab9f6b48be,2022-08-03T17:07:46-07:00,1,1191,0.125,,,False,False,1,0,1048.24,0.0,0.0009539781085873532,,496005961.0,stanford-crfm/levanter,Python
src/levanter/models/gpt2.py,15,callable,ok,src.levanter.models.gpt2.Gpt2Transformer.__call__,src.levanter.models.gpt2.Gpt2Transformer.__call__,507a11db028dbf21ffb09b9278c535ab9f6b48be,2022-08-03T17:07:46-07:00,507a11db028dbf21ffb09b9278c535ab9f6b48be,2022-08-03T17:07:46-07:00,1,1191,0.058823529411764705,,,False,False,1,0,1048.24,0.0,0.0009539781085873532,,496005961.0,stanford-crfm/levanter,Python
src/levanter/models/gpt2.py,16,callable,ok,src.levanter.models.gpt2.Gpt2Embeddings.__init__,src.levanter.models.gpt2.Gpt2Embeddings.__init__,507a11db028dbf21ffb09b9278c535ab9f6b48be,2022-08-03T17:07:46-07:00,507a11db028dbf21ffb09b9278c535ab9f6b48be,2022-08-03T17:07:46-07:00,1,1191,0.04,,,False,False,1,0,1048.24,0.0,0.0009539781085873532,,496005961.0,stanford-crfm/levanter,Python
src/levanter/models/gpt2.py,17,callable,ok,src.levanter.models.gpt2.Gpt2Embeddings.embed,src.levanter.models.gpt2.Gpt2Embeddings.embed,507a11db028dbf21ffb09b9278c535ab9f6b48be,2022-08-03T17:07:46-07:00,507a11db028dbf21ffb09b9278c535ab9f6b48be,2022-08-03T17:07:46-07:00,1,1191,0.1,,,False,False,1,0,1048.24,0.0,0.0009539781085873532,,496005961.0,stanford-crfm/levanter,Python
src/levanter/models/gpt2.py,18,callable,ok,src.levanter.models.gpt2.Gpt2Embeddings.unembed,src.levanter.models.gpt2.Gpt2Embeddings.unembed,507a11db028dbf21ffb09b9278c535ab9f6b48be,2022-08-03T17:07:46-07:00,507a11db028dbf21ffb09b9278c535ab9f6b48be,2022-08-03T17:07:46-07:00,1,1191,0.25,,,False,False,1,0,1048.24,0.0,0.0009539781085873532,,496005961.0,stanford-crfm/levanter,Python
src/levanter/models/gpt2.py,19,callable,ok,src.levanter.models.gpt2.Gpt2LMHeadModel.config,src.levanter.models.gpt2.Gpt2LMHeadModel.config,507a11db028dbf21ffb09b9278c535ab9f6b48be,2022-08-03T17:07:46-07:00,507a11db028dbf21ffb09b9278c535ab9f6b48be,2022-08-03T17:07:46-07:00,1,1191,0.5,,,False,False,1,0,1048.24,0.0,0.0009539781085873532,,496005961.0,stanford-crfm/levanter,Python
src/levanter/models/gpt2.py,20,callable,ok,src.levanter.models.gpt2.Gpt2LMHeadModel.__init__,src.levanter.models.gpt2.Gpt2LMHeadModel.__init__,507a11db028dbf21ffb09b9278c535ab9f6b48be,2022-08-03T17:07:46-07:00,507a11db028dbf21ffb09b9278c535ab9f6b48be,2022-08-03T17:07:46-07:00,1,1191,0.1,,,False,False,1,0,1048.24,0.0,0.0009539781085873532,,496005961.0,stanford-crfm/levanter,Python
src/levanter/models/gpt2.py,21,callable,ok,src.levanter.models.gpt2.Gpt2LMHeadModel.__call__,src.levanter.models.gpt2.Gpt2LMHeadModel.__call__,507a11db028dbf21ffb09b9278c535ab9f6b48be,2022-08-03T17:07:46-07:00,507a11db028dbf21ffb09b9278c535ab9f6b48be,2022-08-03T17:07:46-07:00,1,1191,0.14285714285714285,,,False,False,1,0,1048.24,0.0,0.0009539781085873532,,496005961.0,stanford-crfm/levanter,Python
src/levanter/models/gpt2_hyena.py,0,class,ok,src.levanter.models.gpt2_hyena.Gpt2HyenaConfig,src.levanter.models.gpt2_hyena.Gpt2HyenaConfig,c136d3e66decca7a58a0f41cb03323064f4c2232,2025-03-27T21:45:34-07:00,c136d3e66decca7a58a0f41cb03323064f4c2232,2025-03-27T21:45:34-07:00,1,224,0.029411764705882353,,,False,False,1,0,81.05,0.0,0.012338189781922497,,496005961.0,stanford-crfm/levanter,Python
src/levanter/models/gpt2_hyena.py,1,class,ok,src.levanter.models.gpt2_hyena.Gpt2HyenaBlock,src.levanter.models.gpt2_hyena.Gpt2HyenaBlock,c136d3e66decca7a58a0f41cb03323064f4c2232,2025-03-27T21:45:34-07:00,c136d3e66decca7a58a0f41cb03323064f4c2232,2025-03-27T21:45:34-07:00,1,224,0.02631578947368421,,,False,False,1,0,81.05,0.0,0.012338189781922497,,496005961.0,stanford-crfm/levanter,Python
src/levanter/models/gpt2_hyena.py,2,class,ok,src.levanter.models.gpt2_hyena.Gpt2HyenaBackbone,src.levanter.models.gpt2_hyena.Gpt2HyenaBackbone,c136d3e66decca7a58a0f41cb03323064f4c2232,2025-03-27T21:45:34-07:00,c136d3e66decca7a58a0f41cb03323064f4c2232,2025-03-27T21:45:34-07:00,1,224,0.038461538461538464,,,False,False,1,0,81.05,0.0,0.012338189781922497,,496005961.0,stanford-crfm/levanter,Python
src/levanter/models/gpt2_hyena.py,3,class,ok,src.levanter.models.gpt2_hyena.Gpt2HyenaModel,src.levanter.models.gpt2_hyena.Gpt2HyenaModel,c136d3e66decca7a58a0f41cb03323064f4c2232,2025-03-27T21:45:34-07:00,8f6619e4a3553ab42031fb5bc961216390c43855,2025-06-24T23:58:07-07:00,2,224,0.03571428571428571,,,False,False,1,1,81.05,8.04,0.012338189781922497,0.12433354199494896,496005961.0,stanford-crfm/levanter,Python
src/levanter/models/gpt2_hyena.py,0,callable,ok,src.levanter.models.gpt2_hyena.Gpt2HyenaConfig.model_type,src.levanter.models.gpt2_hyena.Gpt2HyenaConfig.model_type,c136d3e66decca7a58a0f41cb03323064f4c2232,2025-03-27T21:45:34-07:00,c136d3e66decca7a58a0f41cb03323064f4c2232,2025-03-27T21:45:34-07:00,1,224,0.5,,,False,False,1,0,81.05,0.0,0.012338189781922497,,496005961.0,stanford-crfm/levanter,Python
src/levanter/models/gpt2_hyena.py,1,callable,ok,src.levanter.models.gpt2_hyena.Gpt2HyenaConfig.flops_per_token,src.levanter.models.gpt2_hyena.Gpt2HyenaConfig.flops_per_token,c136d3e66decca7a58a0f41cb03323064f4c2232,2025-03-27T21:45:34-07:00,c136d3e66decca7a58a0f41cb03323064f4c2232,2025-03-27T21:45:34-07:00,1,224,0.3333333333333333,,,False,False,1,0,81.05,0.0,0.012338189781922497,,496005961.0,stanford-crfm/levanter,Python
src/levanter/models/gpt2_hyena.py,2,callable,ok,src.levanter.models.gpt2_hyena.Gpt2HyenaBlock.init,src.levanter.models.gpt2_hyena.Gpt2HyenaBlock.init,c136d3e66decca7a58a0f41cb03323064f4c2232,2025-03-27T21:45:34-07:00,c136d3e66decca7a58a0f41cb03323064f4c2232,2025-03-27T21:45:34-07:00,1,224,0.07142857142857142,,,False,False,1,0,81.05,0.0,0.012338189781922497,,496005961.0,stanford-crfm/levanter,Python
src/levanter/models/gpt2_hyena.py,3,callable,ok,src.levanter.models.gpt2_hyena.Gpt2HyenaBlock.__call__,src.levanter.models.gpt2_hyena.Gpt2HyenaBlock.__call__,c136d3e66decca7a58a0f41cb03323064f4c2232,2025-03-27T21:45:34-07:00,c136d3e66decca7a58a0f41cb03323064f4c2232,2025-03-27T21:45:34-07:00,1,224,0.07692307692307693,,,False,False,1,0,81.05,0.0,0.012338189781922497,,496005961.0,stanford-crfm/levanter,Python
src/levanter/models/gpt2_hyena.py,4,callable,ok,src.levanter.models.gpt2_hyena.Gpt2HyenaBackbone.init,src.levanter.models.gpt2_hyena.Gpt2HyenaBackbone.init,c136d3e66decca7a58a0f41cb03323064f4c2232,2025-03-27T21:45:34-07:00,c136d3e66decca7a58a0f41cb03323064f4c2232,2025-03-27T21:45:34-07:00,1,224,0.1111111111111111,,,False,False,1,0,81.05,0.0,0.012338189781922497,,496005961.0,stanford-crfm/levanter,Python
src/levanter/models/gpt2_hyena.py,5,callable,ok,src.levanter.models.gpt2_hyena.Gpt2HyenaBackbone.__call__,src.levanter.models.gpt2_hyena.Gpt2HyenaBackbone.__call__,c136d3e66decca7a58a0f41cb03323064f4c2232,2025-03-27T21:45:34-07:00,c136d3e66decca7a58a0f41cb03323064f4c2232,2025-03-27T21:45:34-07:00,1,224,0.16666666666666666,,,False,False,1,0,81.05,0.0,0.012338189781922497,,496005961.0,stanford-crfm/levanter,Python
src/levanter/models/gpt2_hyena.py,6,callable,ok,src.levanter.models.gpt2_hyena.Gpt2HyenaBackbone._state_dict_key_map,src.levanter.models.gpt2_hyena.Gpt2HyenaBackbone._state_dict_key_map,c136d3e66decca7a58a0f41cb03323064f4c2232,2025-03-27T21:45:34-07:00,c136d3e66decca7a58a0f41cb03323064f4c2232,2025-03-27T21:45:34-07:00,1,224,0.5,,,False,False,1,0,81.05,0.0,0.012338189781922497,,496005961.0,stanford-crfm/levanter,Python
src/levanter/models/gpt2_hyena.py,7,callable,ok,src.levanter.models.gpt2_hyena.Gpt2HyenaModel.config,src.levanter.models.gpt2_hyena.Gpt2HyenaModel.config,c136d3e66decca7a58a0f41cb03323064f4c2232,2025-03-27T21:45:34-07:00,c136d3e66decca7a58a0f41cb03323064f4c2232,2025-03-27T21:45:34-07:00,1,224,0.5,,,False,False,1,0,81.05,0.0,0.012338189781922497,,496005961.0,stanford-crfm/levanter,Python
src/levanter/models/gpt2_hyena.py,8,callable,ok,src.levanter.models.gpt2_hyena.Gpt2HyenaModel.Vocab,src.levanter.models.gpt2_hyena.Gpt2HyenaModel.Vocab,c136d3e66decca7a58a0f41cb03323064f4c2232,2025-03-27T21:45:34-07:00,c136d3e66decca7a58a0f41cb03323064f4c2232,2025-03-27T21:45:34-07:00,1,224,0.5,,,False,False,1,0,81.05,0.0,0.012338189781922497,,496005961.0,stanford-crfm/levanter,Python
src/levanter/models/gpt2_hyena.py,9,callable,ok,src.levanter.models.gpt2_hyena.Gpt2HyenaModel.Pos,src.levanter.models.gpt2_hyena.Gpt2HyenaModel.Pos,c136d3e66decca7a58a0f41cb03323064f4c2232,2025-03-27T21:45:34-07:00,c136d3e66decca7a58a0f41cb03323064f4c2232,2025-03-27T21:45:34-07:00,1,224,0.5,,,False,False,1,0,81.05,0.0,0.012338189781922497,,496005961.0,stanford-crfm/levanter,Python
src/levanter/models/gpt2_hyena.py,10,callable,ok,src.levanter.models.gpt2_hyena.Gpt2HyenaModel.init,src.levanter.models.gpt2_hyena.Gpt2HyenaModel.init,c136d3e66decca7a58a0f41cb03323064f4c2232,2025-03-27T21:45:34-07:00,c136d3e66decca7a58a0f41cb03323064f4c2232,2025-03-27T21:45:34-07:00,1,224,0.09090909090909091,,,False,False,1,0,81.05,0.0,0.012338189781922497,,496005961.0,stanford-crfm/levanter,Python
src/levanter/models/gpt2_hyena.py,11,callable,ok,src.levanter.models.gpt2_hyena.Gpt2HyenaModel.activations,src.levanter.models.gpt2_hyena.Gpt2HyenaModel.activations,c136d3e66decca7a58a0f41cb03323064f4c2232,2025-03-27T21:45:34-07:00,8f6619e4a3553ab42031fb5bc961216390c43855,2025-06-24T23:58:07-07:00,2,224,0.11764705882352941,,,False,False,1,1,81.05,8.04,0.012338189781922497,0.12433354199494896,496005961.0,stanford-crfm/levanter,Python
src/levanter/models/gpt2_hyena.py,12,callable,ok,src.levanter.models.gpt2_hyena.Gpt2HyenaModel.get_lm_head,src.levanter.models.gpt2_hyena.Gpt2HyenaModel.get_lm_head,c136d3e66decca7a58a0f41cb03323064f4c2232,2025-03-27T21:45:34-07:00,c136d3e66decca7a58a0f41cb03323064f4c2232,2025-03-27T21:45:34-07:00,1,224,0.5,,,False,False,1,0,81.05,0.0,0.012338189781922497,,496005961.0,stanford-crfm/levanter,Python
src/levanter/models/gpt2_hyena.py,13,callable,ok,src.levanter.models.gpt2_hyena.Gpt2HyenaModel.resize_vocab,src.levanter.models.gpt2_hyena.Gpt2HyenaModel.resize_vocab,c136d3e66decca7a58a0f41cb03323064f4c2232,2025-03-27T21:45:34-07:00,c136d3e66decca7a58a0f41cb03323064f4c2232,2025-03-27T21:45:34-07:00,1,224,0.3333333333333333,,,False,False,1,0,81.05,0.0,0.012338189781922497,,496005961.0,stanford-crfm/levanter,Python
src/levanter/models/gpt2_hyena.py,14,callable,ok,src.levanter.models.gpt2_hyena.Gpt2HyenaModel._state_dict_key_map,src.levanter.models.gpt2_hyena.Gpt2HyenaModel._state_dict_key_map,c136d3e66decca7a58a0f41cb03323064f4c2232,2025-03-27T21:45:34-07:00,c136d3e66decca7a58a0f41cb03323064f4c2232,2025-03-27T21:45:34-07:00,1,224,0.5,,,False,False,1,0,81.05,0.0,0.012338189781922497,,496005961.0,stanford-crfm/levanter,Python
src/levanter/models/hyena.py,0,class,ok,src.levanter.models.hyena.HyenaConfig,src.levanter.models.hyena.HyenaConfig,c136d3e66decca7a58a0f41cb03323064f4c2232,2025-03-27T21:45:34-07:00,c136d3e66decca7a58a0f41cb03323064f4c2232,2025-03-27T21:45:34-07:00,1,224,0.019230769230769232,,,False,False,1,0,81.05,0.0,0.012338189781922497,,496005961.0,stanford-crfm/levanter,Python
src/levanter/models/hyena.py,1,class,ok,src.levanter.models.hyena.PositionalEmbedding,src.levanter.models.hyena.PositionalEmbedding,c136d3e66decca7a58a0f41cb03323064f4c2232,2025-03-27T21:45:34-07:00,c136d3e66decca7a58a0f41cb03323064f4c2232,2025-03-27T21:45:34-07:00,1,224,0.016666666666666666,,,False,False,1,0,81.05,0.0,0.012338189781922497,,496005961.0,stanford-crfm/levanter,Python
src/levanter/models/hyena.py,2,class,ok,src.levanter.models.hyena.ExponentialModulation,src.levanter.models.hyena.ExponentialModulation,c136d3e66decca7a58a0f41cb03323064f4c2232,2025-03-27T21:45:34-07:00,c136d3e66decca7a58a0f41cb03323064f4c2232,2025-03-27T21:45:34-07:00,1,224,0.01818181818181818,,,False,False,1,0,81.05,0.0,0.012338189781922497,,496005961.0,stanford-crfm/levanter,Python
src/levanter/models/hyena.py,3,class,ok,src.levanter.models.hyena.MLPTrainableActivation,src.levanter.models.hyena.MLPTrainableActivation,c136d3e66decca7a58a0f41cb03323064f4c2232,2025-03-27T21:45:34-07:00,c136d3e66decca7a58a0f41cb03323064f4c2232,2025-03-27T21:45:34-07:00,1,224,0.01098901098901099,,,False,False,1,0,81.05,0.0,0.012338189781922497,,496005961.0,stanford-crfm/levanter,Python
src/levanter/models/hyena.py,4,class,ok,src.levanter.models.hyena.Sin,src.levanter.models.hyena.Sin,c136d3e66decca7a58a0f41cb03323064f4c2232,2025-03-27T21:45:34-07:00,c136d3e66decca7a58a0f41cb03323064f4c2232,2025-03-27T21:45:34-07:00,1,224,0.09090909090909091,,,False,False,1,0,81.05,0.0,0.012338189781922497,,496005961.0,stanford-crfm/levanter,Python
src/levanter/models/hyena.py,5,class,ok,src.levanter.models.hyena.HyenaFilter,src.levanter.models.hyena.HyenaFilter,c136d3e66decca7a58a0f41cb03323064f4c2232,2025-03-27T21:45:34-07:00,c136d3e66decca7a58a0f41cb03323064f4c2232,2025-03-27T21:45:34-07:00,1,224,0.009900990099009901,,,False,False,1,0,81.05,0.0,0.012338189781922497,,496005961.0,stanford-crfm/levanter,Python
src/levanter/models/hyena.py,6,class,ok,src.levanter.models.hyena.HyenaOperator,src.levanter.models.hyena.HyenaOperator,c136d3e66decca7a58a0f41cb03323064f4c2232,2025-03-27T21:45:34-07:00,c136d3e66decca7a58a0f41cb03323064f4c2232,2025-03-27T21:45:34-07:00,1,224,0.008928571428571428,,,False,False,1,0,81.05,0.0,0.012338189781922497,,496005961.0,stanford-crfm/levanter,Python
src/levanter/models/hyena.py,0,callable,ok,src.levanter.models.hyena._get_width,src.levanter.models.hyena._get_width,c136d3e66decca7a58a0f41cb03323064f4c2232,2025-03-27T21:45:34-07:00,c136d3e66decca7a58a0f41cb03323064f4c2232,2025-03-27T21:45:34-07:00,1,224,0.2,,,False,False,1,0,81.05,0.0,0.012338189781922497,,496005961.0,stanford-crfm/levanter,Python
src/levanter/models/hyena.py,1,callable,ok,src.levanter.models.hyena.fft_conv,src.levanter.models.hyena.fft_conv,c136d3e66decca7a58a0f41cb03323064f4c2232,2025-03-27T21:45:34-07:00,c136d3e66decca7a58a0f41cb03323064f4c2232,2025-03-27T21:45:34-07:00,1,224,0.07142857142857142,,,False,False,1,0,81.05,0.0,0.012338189781922497,,496005961.0,stanford-crfm/levanter,Python
src/levanter/models/hyena.py,2,callable,ok,src.levanter.models.hyena.HyenaConfig.__post_init__,src.levanter.models.hyena.HyenaConfig.__post_init__,c136d3e66decca7a58a0f41cb03323064f4c2232,2025-03-27T21:45:34-07:00,c136d3e66decca7a58a0f41cb03323064f4c2232,2025-03-27T21:45:34-07:00,1,224,0.2,,,False,False,1,0,81.05,0.0,0.012338189781922497,,496005961.0,stanford-crfm/levanter,Python
src/levanter/models/hyena.py,3,callable,ok,src.levanter.models.hyena.PositionalEmbedding.init,src.levanter.models.hyena.PositionalEmbedding.init,c136d3e66decca7a58a0f41cb03323064f4c2232,2025-03-27T21:45:34-07:00,c136d3e66decca7a58a0f41cb03323064f4c2232,2025-03-27T21:45:34-07:00,1,224,0.02631578947368421,,,False,False,1,0,81.05,0.0,0.012338189781922497,,496005961.0,stanford-crfm/levanter,Python
src/levanter/models/hyena.py,4,callable,ok,src.levanter.models.hyena.PositionalEmbedding.__call__,src.levanter.models.hyena.PositionalEmbedding.__call__,c136d3e66decca7a58a0f41cb03323064f4c2232,2025-03-27T21:45:34-07:00,c136d3e66decca7a58a0f41cb03323064f4c2232,2025-03-27T21:45:34-07:00,1,224,0.07692307692307693,,,False,False,1,0,81.05,0.0,0.012338189781922497,,496005961.0,stanford-crfm/levanter,Python
src/levanter/models/hyena.py,5,callable,ok,src.levanter.models.hyena.ExponentialModulation.init,src.levanter.models.hyena.ExponentialModulation.init,c136d3e66decca7a58a0f41cb03323064f4c2232,2025-03-27T21:45:34-07:00,c136d3e66decca7a58a0f41cb03323064f4c2232,2025-03-27T21:45:34-07:00,1,224,0.03333333333333333,,,False,False,1,0,81.05,0.0,0.012338189781922497,,496005961.0,stanford-crfm/levanter,Python
src/levanter/models/hyena.py,6,callable,ok,src.levanter.models.hyena.ExponentialModulation.__call__,src.levanter.models.hyena.ExponentialModulation.__call__,c136d3e66decca7a58a0f41cb03323064f4c2232,2025-03-27T21:45:34-07:00,c136d3e66decca7a58a0f41cb03323064f4c2232,2025-03-27T21:45:34-07:00,1,224,0.06666666666666667,,,False,False,1,0,81.05,0.0,0.012338189781922497,,496005961.0,stanford-crfm/levanter,Python
src/levanter/models/hyena.py,7,callable,ok,src.levanter.models.hyena.MLPTrainableActivation.init,src.levanter.models.hyena.MLPTrainableActivation.init,c136d3e66decca7a58a0f41cb03323064f4c2232,2025-03-27T21:45:34-07:00,c136d3e66decca7a58a0f41cb03323064f4c2232,2025-03-27T21:45:34-07:00,1,224,0.017857142857142856,,,False,False,1,0,81.05,0.0,0.012338189781922497,,496005961.0,stanford-crfm/levanter,Python
src/levanter/models/hyena.py,8,callable,ok,src.levanter.models.hyena.MLPTrainableActivation.In,src.levanter.models.hyena.MLPTrainableActivation.In,c136d3e66decca7a58a0f41cb03323064f4c2232,2025-03-27T21:45:34-07:00,c136d3e66decca7a58a0f41cb03323064f4c2232,2025-03-27T21:45:34-07:00,1,224,0.5,,,False,False,1,0,81.05,0.0,0.012338189781922497,,496005961.0,stanford-crfm/levanter,Python
src/levanter/models/hyena.py,9,callable,ok,src.levanter.models.hyena.MLPTrainableActivation.Out,src.levanter.models.hyena.MLPTrainableActivation.Out,c136d3e66decca7a58a0f41cb03323064f4c2232,2025-03-27T21:45:34-07:00,c136d3e66decca7a58a0f41cb03323064f4c2232,2025-03-27T21:45:34-07:00,1,224,0.5,,,False,False,1,0,81.05,0.0,0.012338189781922497,,496005961.0,stanford-crfm/levanter,Python
src/levanter/models/hyena.py,10,callable,ok,src.levanter.models.hyena.MLPTrainableActivation.__call__,src.levanter.models.hyena.MLPTrainableActivation.__call__,c136d3e66decca7a58a0f41cb03323064f4c2232,2025-03-27T21:45:34-07:00,c136d3e66decca7a58a0f41cb03323064f4c2232,2025-03-27T21:45:34-07:00,1,224,0.07142857142857142,,,False,False,1,0,81.05,0.0,0.012338189781922497,,496005961.0,stanford-crfm/levanter,Python
src/levanter/models/hyena.py,11,callable,ok,src.levanter.models.hyena.Sin.init,src.levanter.models.hyena.Sin.init,c136d3e66decca7a58a0f41cb03323064f4c2232,2025-03-27T21:45:34-07:00,c136d3e66decca7a58a0f41cb03323064f4c2232,2025-03-27T21:45:34-07:00,1,224,0.5,,,False,False,1,0,81.05,0.0,0.012338189781922497,,496005961.0,stanford-crfm/levanter,Python
src/levanter/models/hyena.py,12,callable,ok,src.levanter.models.hyena.Sin.__call__,src.levanter.models.hyena.Sin.__call__,c136d3e66decca7a58a0f41cb03323064f4c2232,2025-03-27T21:45:34-07:00,c136d3e66decca7a58a0f41cb03323064f4c2232,2025-03-27T21:45:34-07:00,1,224,0.5,,,False,False,1,0,81.05,0.0,0.012338189781922497,,496005961.0,stanford-crfm/levanter,Python
src/levanter/models/hyena.py,13,callable,ok,src.levanter.models.hyena.HyenaFilter.init,src.levanter.models.hyena.HyenaFilter.init,c136d3e66decca7a58a0f41cb03323064f4c2232,2025-03-27T21:45:34-07:00,c136d3e66decca7a58a0f41cb03323064f4c2232,2025-03-27T21:45:34-07:00,1,224,0.030303030303030304,,,False,False,1,0,81.05,0.0,0.012338189781922497,,496005961.0,stanford-crfm/levanter,Python
src/levanter/models/hyena.py,14,callable,ok,src.levanter.models.hyena.HyenaFilter.generate_filters,src.levanter.models.hyena.HyenaFilter.generate_filters,c136d3e66decca7a58a0f41cb03323064f4c2232,2025-03-27T21:45:34-07:00,c136d3e66decca7a58a0f41cb03323064f4c2232,2025-03-27T21:45:34-07:00,1,224,0.047619047619047616,,,False,False,1,0,81.05,0.0,0.012338189781922497,,496005961.0,stanford-crfm/levanter,Python
src/levanter/models/hyena.py,15,callable,ok,src.levanter.models.hyena.HyenaFilter.__call__,src.levanter.models.hyena.HyenaFilter.__call__,c136d3e66decca7a58a0f41cb03323064f4c2232,2025-03-27T21:45:34-07:00,c136d3e66decca7a58a0f41cb03323064f4c2232,2025-03-27T21:45:34-07:00,1,224,0.03125,,,False,False,1,0,81.05,0.0,0.012338189781922497,,496005961.0,stanford-crfm/levanter,Python
src/levanter/models/hyena.py,16,callable,ok,src.levanter.models.hyena.HyenaOperator.init,src.levanter.models.hyena.HyenaOperator.init,c136d3e66decca7a58a0f41cb03323064f4c2232,2025-03-27T21:45:34-07:00,c136d3e66decca7a58a0f41cb03323064f4c2232,2025-03-27T21:45:34-07:00,1,224,0.02564102564102564,,,False,False,1,0,81.05,0.0,0.012338189781922497,,496005961.0,stanford-crfm/levanter,Python
src/levanter/models/hyena.py,17,callable,ok,src.levanter.models.hyena.HyenaOperator.__call__,src.levanter.models.hyena.HyenaOperator.__call__,c136d3e66decca7a58a0f41cb03323064f4c2232,2025-03-27T21:45:34-07:00,c136d3e66decca7a58a0f41cb03323064f4c2232,2025-03-27T21:45:34-07:00,1,224,0.01694915254237288,,,False,False,1,0,81.05,0.0,0.012338189781922497,,496005961.0,stanford-crfm/levanter,Python
src/levanter/models/llama.py,2,class,ok,src.levanter.models.llama.LlamaRotaryEmbedding,src.levanter.models.llama.LlamaRotaryEmbedding,d07ff37376ae310dad460ff37884512c0533c1c1,2023-08-30T12:59:55-07:00,9ade4fa6a5820a224d5f945fcb1c57ac845eec9f,2023-09-05T21:21:13-07:00,2,6,0.047619047619047616,,,True,False,2,0,656.41,0.0,0.003046856688609501,,496005961.0,stanford-crfm/levanter,Python
src/levanter/models/llama.py,4,class,ok,src.levanter.models.llama.LlamaRMSNorm,src.levanter.models.llama.LlamaRMSNorm,d07ff37376ae310dad460ff37884512c0533c1c1,2023-08-30T12:59:55-07:00,9a4f1e0654b020615e9f2ad1ad9fc67d8559fa29,2025-03-19T15:24:58-07:00,9,567,0.21428571428571427,1.1000508814570296,,True,False,9,0,656.41,0.0,0.013710855098742755,,496005961.0,stanford-crfm/levanter,Python
src/levanter/models/llama.py,3,class,ok,src.levanter.models.llama.LlamaAttention,src.levanter.models.llama.LlamaAttention,d07ff37376ae310dad460ff37884512c0533c1c1,2023-08-30T12:59:55-07:00,ac30099a25e3689a230a63c510ba361b23f72d04,2025-05-12T13:06:23-07:00,19,621,0.2638888888888889,3.394249149658121,,True,False,19,0,656.41,0.0,0.02894513854179026,,496005961.0,stanford-crfm/levanter,Python
src/levanter/models/llama.py,0,class,ok,src.levanter.models.llama.LlamaConfig,src.levanter.models.llama.LlamaConfig,d07ff37376ae310dad460ff37884512c0533c1c1,2023-08-30T12:59:55-07:00,43d98cdd415536cd7d18fd393ad5fdfc88fcdd13,2025-06-29T17:06:47-07:00,25,669,0.15822784810126583,3.619493572418921,,True,False,20,5,656.41,12.76,0.03046856688609501,0.3919344961328223,496005961.0,stanford-crfm/levanter,Python
src/levanter/models/llama.py,1,class,ok,src.levanter.models.llama.LlamaMlp,src.levanter.models.llama.LlamaMlp,d07ff37376ae310dad460ff37884512c0533c1c1,2023-08-30T12:59:55-07:00,5214bc34e0b95baa6e8eb3ba1cdd4855c681c1c0,2025-06-29T17:05:42-07:00,11,669,0.3333333333333333,2.2517765359981974,,True,False,10,1,656.41,12.76,0.015234283443047504,0.07839152210205415,496005961.0,stanford-crfm/levanter,Python
src/levanter/models/llama.py,5,class,ok,src.levanter.models.llama.LlamaDecoderLayer,src.levanter.models.llama.LlamaDecoderLayer,d07ff37376ae310dad460ff37884512c0533c1c1,2023-08-30T12:59:55-07:00,5214bc34e0b95baa6e8eb3ba1cdd4855c681c1c0,2025-06-29T17:05:42-07:00,14,669,0.2857142857142857,2.6510725987900203,,True,False,10,4,656.41,12.76,0.015234283443047504,0.3135660884082166,496005961.0,stanford-crfm/levanter,Python
src/levanter/models/llama.py,6,class,ok,src.levanter.models.llama.LlamaTransformer,src.levanter.models.llama.LlamaTransformer,d07ff37376ae310dad460ff37884512c0533c1c1,2023-08-30T12:59:55-07:00,5214bc34e0b95baa6e8eb3ba1cdd4855c681c1c0,2025-06-29T17:05:42-07:00,10,669,0.35714285714285715,2.4814977733256716,,True,False,8,2,656.41,12.76,0.012187426754438005,0.1567830442041083,496005961.0,stanford-crfm/levanter,Python
src/levanter/models/llama.py,7,class,ok,src.levanter.models.llama.LlamaEmbedding,src.levanter.models.llama.LlamaEmbedding,d07ff37376ae310dad460ff37884512c0533c1c1,2023-08-30T12:59:55-07:00,5214bc34e0b95baa6e8eb3ba1cdd4855c681c1c0,2025-06-29T17:05:42-07:00,13,669,0.3170731707317073,2.429672069649179,,True,False,12,1,656.41,12.76,0.018281140131657006,0.07839152210205415,496005961.0,stanford-crfm/levanter,Python
src/levanter/models/llama.py,8,class,ok,src.levanter.models.llama.LlamaLMHeadModel,src.levanter.models.llama.LlamaLMHeadModel,d07ff37376ae310dad460ff37884512c0533c1c1,2023-08-30T12:59:55-07:00,5214bc34e0b95baa6e8eb3ba1cdd4855c681c1c0,2025-06-29T17:05:42-07:00,11,669,0.12087912087912088,1.804756028517633,,True,False,9,2,656.41,12.76,0.013710855098742755,0.1567830442041083,496005961.0,stanford-crfm/levanter,Python
src/levanter/models/llama.py,9,class,ok,src.levanter.models.llama.LlamaAttention,src.levanter.models.llama.LlamaAttention,5214bc34e0b95baa6e8eb3ba1cdd4855c681c1c0,2025-06-29T17:05:42-07:00,5214bc34e0b95baa6e8eb3ba1cdd4855c681c1c0,2025-06-29T17:05:42-07:00,1,0,0.015873015873015872,,,True,False,0,1,0.0,12.76,,0.07839152210205415,496005961.0,stanford-crfm/levanter,Python
src/levanter/models/llama.py,10,class,ok,src.levanter.models.llama.LlamaConfig,src.levanter.models.llama.LlamaConfig,e8a6b287f000497e99cbf5f16e9feeae62fa4709,2025-06-29T18:07:06-07:00,c30de5b9ad706da1ddb5e95cf82ed767692f7f7c,2025-10-17T23:17:37-07:00,7,130,0.03333333333333333,2.1833417482012556,,False,False,0,7,0.0,123.01,,0.05690374207024056,496005961.0,stanford-crfm/levanter,Python
src/levanter/models/llama.py,11,class,ok,src.levanter.models.llama.LlamaMlp,src.levanter.models.llama.LlamaMlp,e8a6b287f000497e99cbf5f16e9feeae62fa4709,2025-06-29T18:07:06-07:00,e8a6b287f000497e99cbf5f16e9feeae62fa4709,2025-06-29T18:07:06-07:00,1,130,0.02631578947368421,,,False,False,0,1,0.0,12.8,,0.07813036920216594,496005961.0,stanford-crfm/levanter,Python
src/levanter/models/llama.py,12,class,ok,src.levanter.models.llama.LlamaDecoderLayer,src.levanter.models.llama.LlamaDecoderLayer,e8a6b287f000497e99cbf5f16e9feeae62fa4709,2025-06-29T18:07:06-07:00,34ed673a46faa36846dcb5219f667ec6b8141f22,2025-10-15T16:59:36-07:00,5,130,0.056818181818181816,0.9182282224566933,,False,False,0,5,0.0,120.75,,0.04140709752157434,496005961.0,stanford-crfm/levanter,Python
src/levanter/models/llama.py,13,class,ok,src.levanter.models.llama.LlamaTransformer,src.levanter.models.llama.LlamaTransformer,e8a6b287f000497e99cbf5f16e9feeae62fa4709,2025-06-29T18:07:06-07:00,34ed673a46faa36846dcb5219f667ec6b8141f22,2025-10-15T16:59:36-07:00,7,130,0.08333333333333333,1.1772592306734861,,False,False,0,7,0.0,120.75,,0.05796993653020408,496005961.0,stanford-crfm/levanter,Python
src/levanter/models/llama.py,14,class,ok,src.levanter.models.llama.LlamaEmbedding,src.levanter.models.llama.LlamaEmbedding,e8a6b287f000497e99cbf5f16e9feeae62fa4709,2025-06-29T18:07:06-07:00,13c6f65fcba96893f5f9a08da2d223c13ad793a6,2025-07-09T16:42:39-04:00,2,130,0.04878048780487805,,,False,False,0,2,0.0,22.62,,0.08843502252073591,496005961.0,stanford-crfm/levanter,Python
src/levanter/models/llama.py,15,class,ok,src.levanter.models.llama.LlamaLMHeadModel,src.levanter.models.llama.LlamaLMHeadModel,e8a6b287f000497e99cbf5f16e9feeae62fa4709,2025-06-29T18:07:06-07:00,34ed673a46faa36846dcb5219f667ec6b8141f22,2025-10-15T16:59:36-07:00,6,130,0.03821656050955414,1.0521501794592976,,False,False,0,6,0.0,120.75,,0.04968851702588921,496005961.0,stanford-crfm/levanter,Python
src/levanter/models/llama.py,10,callable,ok,src.levanter.models.llama.LlamaRotaryEmbedding.__init__,src.levanter.models.llama.LlamaRotaryEmbedding.__init__,d07ff37376ae310dad460ff37884512c0533c1c1,2023-08-30T12:59:55-07:00,d07ff37376ae310dad460ff37884512c0533c1c1,2023-08-30T12:59:55-07:00,1,0,0.2,,,True,False,1,0,656.41,0.0,0.0015234283443047506,,496005961.0,stanford-crfm/levanter,Python
src/levanter/models/llama.py,12,callable,ok,src.levanter.models.llama.LlamaRotaryEmbedding.__call__,src.levanter.models.llama.LlamaRotaryEmbedding.__call__,d07ff37376ae310dad460ff37884512c0533c1c1,2023-08-30T12:59:55-07:00,9ade4fa6a5820a224d5f945fcb1c57ac845eec9f,2023-09-05T21:21:13-07:00,2,6,0.2857142857142857,,,True,False,2,0,656.41,0.0,0.003046856688609501,,496005961.0,stanford-crfm/levanter,Python
src/levanter/models/llama.py,39,callable,ok,src.levanter.models.llama.LlamaRotaryEmbedding.from_state_dict,src.levanter.models.llama.LlamaRotaryEmbedding.from_state_dict,9ade4fa6a5820a224d5f945fcb1c57ac845eec9f,2023-09-05T21:21:13-07:00,9ade4fa6a5820a224d5f945fcb1c57ac845eec9f,2023-09-05T21:21:13-07:00,1,0,0.5,,,True,False,1,0,650.07,0.0,0.0015383051605384346,,496005961.0,stanford-crfm/levanter,Python
src/levanter/models/llama.py,40,callable,ok,src.levanter.models.llama.LlamaRotaryEmbedding.update_state_dict,src.levanter.models.llama.LlamaRotaryEmbedding.update_state_dict,9ade4fa6a5820a224d5f945fcb1c57ac845eec9f,2023-09-05T21:21:13-07:00,9ade4fa6a5820a224d5f945fcb1c57ac845eec9f,2023-09-05T21:21:13-07:00,1,0,0.5,,,True,False,1,0,650.07,0.0,0.0015383051605384346,,496005961.0,stanford-crfm/levanter,Python
src/levanter/models/llama.py,11,callable,ok,src.levanter.models.llama.LlamaRotaryEmbedding._get_cos_sin_cache,src.levanter.models.llama.llama_rotary_pos_emb,d07ff37376ae310dad460ff37884512c0533c1c1,2023-08-30T12:59:55-07:00,7bb2da3e599690d9189795422c8278ee64f1acef,2024-03-01T16:37:41-08:00,2,184,0.13333333333333333,,,True,True,2,0,656.41,0.0,0.003046856688609501,,496005961.0,stanford-crfm/levanter,Python
src/levanter/models/llama.py,2,callable,ok,src.levanter.models.llama.LlamaConfig.default_hf_checkpoint_converter,src.levanter.models.llama.LlamaConfig.default_hf_checkpoint_converter,d07ff37376ae310dad460ff37884512c0533c1c1,2023-08-30T12:59:55-07:00,d07ff37376ae310dad460ff37884512c0533c1c1,2023-08-30T12:59:55-07:00,1,0,0.125,,,True,False,1,0,656.41,0.0,0.0015234283443047506,,496005961.0,stanford-crfm/levanter,Python
src/levanter/models/llama.py,0,callable,ok,src.levanter.models.llama._rotate_half,src.levanter.models.llama._rotate_half,d07ff37376ae310dad460ff37884512c0533c1c1,2023-08-30T12:59:55-07:00,d07ff37376ae310dad460ff37884512c0533c1c1,2023-08-30T12:59:55-07:00,1,0,0.14285714285714285,,,True,False,1,0,656.41,0.0,0.0015234283443047506,,496005961.0,stanford-crfm/levanter,Python
src/levanter/models/llama.py,1,callable,ok,src.levanter.models.llama._apply_rotary_pos_emb,src.levanter.models.llama._apply_rotary_pos_emb,d07ff37376ae310dad460ff37884512c0533c1c1,2023-08-30T12:59:55-07:00,4806ff40d01445aad8408430b12c6fa9a4c2e32a,2024-01-12T13:05:41-08:00,2,135,0.2,,,True,False,2,0,656.41,0.0,0.003046856688609501,,496005961.0,stanford-crfm/levanter,Python
src/levanter/models/llama.py,42,callable,ok,src.levanter.models.llama.llama_rotary_pos_emb,src.levanter.models.llama.llama_rotary_pos_emb,cc87009631dedb5aecbc49150fec329c8410b85e,2024-03-05T09:47:16-08:00,a68dad75ba5717170fe21371329d36e19a0be784,2024-07-03T02:26:47+09:00,3,118,0.17647058823529413,0.7081475709276773,,True,False,3,0,468.51,0.0,0.006403328782325508,,496005961.0,stanford-crfm/levanter,Python
src/levanter/models/llama.py,44,callable,ok,src.levanter.models.llama.LlamaAttention._rope_scale_factor,src.levanter.models.llama.LlamaAttention._rope_scale_factor,0d74d37777edeb222ea27b6510bf51c54c2eec79,2024-06-09T10:41:31-07:00,0d74d37777edeb222ea27b6510bf51c54c2eec79,2024-06-09T10:41:31-07:00,1,0,0.16666666666666666,,,True,False,1,0,372.51,0.0,0.002684489439470216,,496005961.0,stanford-crfm/levanter,Python
src/levanter/models/llama.py,8,callable,ok,src.levanter.models.llama.LlamaMlp.from_state_dict,src.levanter.models.llama.LlamaMlp.from_state_dict,d07ff37376ae310dad460ff37884512c0533c1c1,2023-08-30T12:59:55-07:00,d07ff37376ae310dad460ff37884512c0533c1c1,2023-08-30T12:59:55-07:00,1,0,0.05,,,True,False,1,0,656.41,0.0,0.0015234283443047506,,496005961.0,stanford-crfm/levanter,Python
src/levanter/models/llama.py,9,callable,ok,src.levanter.models.llama.LlamaMlp.update_state_dict,src.levanter.models.llama.LlamaMlp.update_state_dict,d07ff37376ae310dad460ff37884512c0533c1c1,2023-08-30T12:59:55-07:00,d07ff37376ae310dad460ff37884512c0533c1c1,2023-08-30T12:59:55-07:00,1,0,0.0625,,,True,False,1,0,656.41,0.0,0.0015234283443047506,,496005961.0,stanford-crfm/levanter,Python
src/levanter/models/llama.py,15,callable,ok,src.levanter.models.llama.LlamaAttention.from_state_dict,src.levanter.models.llama.LlamaAttention.from_state_dict,d07ff37376ae310dad460ff37884512c0533c1c1,2023-08-30T12:59:55-07:00,d07ff37376ae310dad460ff37884512c0533c1c1,2023-08-30T12:59:55-07:00,1,0,0.1111111111111111,,,True,False,1,0,656.41,0.0,0.0015234283443047506,,496005961.0,stanford-crfm/levanter,Python
src/levanter/models/llama.py,16,callable,ok,src.levanter.models.llama.LlamaAttention.update_state_dict,src.levanter.models.llama.LlamaAttention.update_state_dict,d07ff37376ae310dad460ff37884512c0533c1c1,2023-08-30T12:59:55-07:00,d07ff37376ae310dad460ff37884512c0533c1c1,2023-08-30T12:59:55-07:00,1,0,0.08333333333333333,,,True,False,1,0,656.41,0.0,0.0015234283443047506,,496005961.0,stanford-crfm/levanter,Python
src/levanter/models/llama.py,23,callable,ok,src.levanter.models.llama.LlamaTransformer.from_state_dict,src.levanter.models.llama.LlamaTransformer.from_state_dict,d07ff37376ae310dad460ff37884512c0533c1c1,2023-08-30T12:59:55-07:00,9f2f584f1e67c9321c38d7cb956f2613ebc5905f,2024-03-12T12:58:48-07:00,2,194,0.3333333333333333,,,True,False,2,0,656.41,0.0,0.003046856688609501,,496005961.0,stanford-crfm/levanter,Python
src/levanter/models/llama.py,24,callable,ok,src.levanter.models.llama.LlamaTransformer.update_state_dict,src.levanter.models.llama.LlamaTransformer.update_state_dict,d07ff37376ae310dad460ff37884512c0533c1c1,2023-08-30T12:59:55-07:00,4cce13c95aa9b775857b269c6bc2f654b2d33b23,2024-06-21T09:33:10-07:00,3,295,0.2727272727272727,0.9256765182757838,,True,False,3,0,656.41,0.0,0.0045702850329142515,,496005961.0,stanford-crfm/levanter,Python
src/levanter/models/llama.py,37,callable,ok,src.levanter.models.llama.LlamaLMHeadModel.from_state_dict,src.levanter.models.llama.LlamaLMHeadModel.from_state_dict,d07ff37376ae310dad460ff37884512c0533c1c1,2023-08-30T12:59:55-07:00,331c0aa02eec635fa220fc44267cede455b1bca2,2024-10-25T13:00:10-04:00,2,421,0.2,,,True,False,2,0,656.41,0.0,0.003046856688609501,,496005961.0,stanford-crfm/levanter,Python
src/levanter/models/llama.py,38,callable,ok,src.levanter.models.llama.LlamaLMHeadModel.update_state_dict,src.levanter.models.llama.LlamaLMHeadModel.update_state_dict,d07ff37376ae310dad460ff37884512c0533c1c1,2023-08-30T12:59:55-07:00,331c0aa02eec635fa220fc44267cede455b1bca2,2024-10-25T13:00:10-04:00,2,421,0.18181818181818182,,,True,False,2,0,656.41,0.0,0.003046856688609501,,496005961.0,stanford-crfm/levanter,Python
src/levanter/models/llama.py,49,callable,ok,src.levanter.models.llama.LlamaRMSNorm.to_state_dict,src.levanter.models.llama.LlamaRMSNorm.to_state_dict,02be56f672de25fe1fcc572313248f0c6d13f3cc,2025-03-17T14:26:42-07:00,d4b071929cbdcf5a81365a6c74d8d62a3102e396,2025-03-18T22:12:58-07:00,2,1,0.125,,,True,False,2,0,91.35,0.0,0.02189287189375876,,496005961.0,stanford-crfm/levanter,Python
src/levanter/models/llama.py,50,callable,ok,src.levanter.models.llama.LlamaRMSNorm.from_state_dict,src.levanter.models.llama.LlamaRMSNorm.from_state_dict,02be56f672de25fe1fcc572313248f0c6d13f3cc,2025-03-17T14:26:42-07:00,d4b071929cbdcf5a81365a6c74d8d62a3102e396,2025-03-18T22:12:58-07:00,2,1,0.125,,,True,False,2,0,91.35,0.0,0.02189287189375876,,496005961.0,stanford-crfm/levanter,Python
src/levanter/models/llama.py,51,callable,ok,src.levanter.models.llama.LlamaRMSNorm.to_state_dict,src.levanter.models.llama.LlamaRMSNorm.to_state_dict,91419b3664db234f970c07bcbc780333c3f1feb9,2025-03-19T14:45:14-07:00,91419b3664db234f970c07bcbc780333c3f1feb9,2025-03-19T14:45:14-07:00,1,0,0.0625,,,True,False,1,0,89.34,0.0,0.011193061131214287,,496005961.0,stanford-crfm/levanter,Python
src/levanter/models/llama.py,52,callable,ok,src.levanter.models.llama.LlamaRMSNorm.from_state_dict,src.levanter.models.llama.LlamaRMSNorm.from_state_dict,91419b3664db234f970c07bcbc780333c3f1feb9,2025-03-19T14:45:14-07:00,91419b3664db234f970c07bcbc780333c3f1feb9,2025-03-19T14:45:14-07:00,1,0,0.0625,,,True,False,1,0,89.34,0.0,0.011193061131214287,,496005961.0,stanford-crfm/levanter,Python
src/levanter/models/llama.py,17,callable,ok,src.levanter.models.llama.LlamaRMSNorm.init,src.levanter.models.llama.LlamaRMSNorm.init,d07ff37376ae310dad460ff37884512c0533c1c1,2023-08-30T12:59:55-07:00,dae12f61ce92f24d7682b4af27598d4a5d8b003b,2024-05-31T15:05:52-07:00,2,275,0.18181818181818182,,,True,False,2,0,656.41,0.0,0.003046856688609501,,496005961.0,stanford-crfm/levanter,Python
src/levanter/models/llama.py,18,callable,ok,src.levanter.models.llama.LlamaRMSNorm.__call__,src.levanter.models.llama.LlamaRMSNorm.__call__,d07ff37376ae310dad460ff37884512c0533c1c1,2023-08-30T12:59:55-07:00,dae12f61ce92f24d7682b4af27598d4a5d8b003b,2024-05-31T15:05:52-07:00,2,275,0.11764705882352941,,,True,False,2,0,656.41,0.0,0.003046856688609501,,496005961.0,stanford-crfm/levanter,Python
src/levanter/models/llama.py,13,callable,ok,src.levanter.models.llama.LlamaAttention.init,src.levanter.models.llama.LlamaAttention.init,d07ff37376ae310dad460ff37884512c0533c1c1,2023-08-30T12:59:55-07:00,d4ab4b5d67e616bdfcd15c15d488363bf5303877,2024-06-07T15:53:47-07:00,4,282,0.21052631578947367,1.4778457067567143,,True,False,4,0,656.41,0.0,0.006093713377219002,,496005961.0,stanford-crfm/levanter,Python
src/levanter/models/llama.py,14,callable,ok,src.levanter.models.llama.LlamaAttention.__call__,src.levanter.models.llama.LlamaAttention.__call__,d07ff37376ae310dad460ff37884512c0533c1c1,2023-08-30T12:59:55-07:00,ac30099a25e3689a230a63c510ba361b23f72d04,2025-05-12T13:06:23-07:00,16,621,0.37209302325581395,2.8397314388704262,,True,False,16,0,656.41,0.0,0.02437485350887601,,496005961.0,stanford-crfm/levanter,Python
src/levanter/models/llama.py,56,callable,ok,src.levanter.models.llama.LlamaConfig.to_attention_config,src.levanter.models.llama.LlamaConfig.attention_config,5340e8d911051e57aeae753b0b17354bd72b0c36,2025-06-17T15:16:24-07:00,64a2a5c46a24143f19e2cefa171f822292f20cec,2025-06-17T17:50:11-07:00,2,0,0.16666666666666666,,,True,True,0,2,0.0,0.79,,2.5400931955489567,496005961.0,stanford-crfm/levanter,Python
src/levanter/models/llama.py,55,callable,ok,src.levanter.models.llama.LlamaConfig.total_trainable_params,src.levanter.models.llama.LlamaConfig.total_trainable_params,88f98cbbee66045e7f369203b722076038ee334a,2025-05-18T02:04:35-07:00,88f98cbbee66045e7f369203b722076038ee334a,2025-05-18T02:04:35-07:00,1,0,0.05,,,True,False,1,0,29.87,0.0,0.033479197754723806,,496005961.0,stanford-crfm/levanter,Python
src/levanter/models/llama.py,57,callable,ok,src.levanter.models.llama.LlamaConfig.norm_config,src.levanter.models.llama.LlamaConfig.norm_config,64a2a5c46a24143f19e2cefa171f822292f20cec,2025-06-17T17:50:11-07:00,64a2a5c46a24143f19e2cefa171f822292f20cec,2025-06-17T17:50:11-07:00,1,0,0.16666666666666666,,,True,False,0,1,0.0,0.79,,1.2700465977744784,496005961.0,stanford-crfm/levanter,Python
src/levanter/models/llama.py,58,callable,ok,src.levanter.models.llama.LlamaConfig.attention_config,src.levanter.models.llama.LlamaConfig.attention_config,edd2b39d4edd61521ff883e8baa3cd78662301e6,2025-06-18T12:29:18-07:00,edd2b39d4edd61521ff883e8baa3cd78662301e6,2025-06-18T12:29:18-07:00,1,0,0.07692307692307693,,,True,False,0,1,0.0,1.56,,0.6391667159850861,496005961.0,stanford-crfm/levanter,Python
src/levanter/models/llama.py,3,callable,ok,src.levanter.models.llama.LlamaConfig.from_hf_config,src.levanter.models.llama.LlamaConfig.from_hf_config,d07ff37376ae310dad460ff37884512c0533c1c1,2023-08-30T12:59:55-07:00,5214bc34e0b95baa6e8eb3ba1cdd4855c681c1c0,2025-06-29T17:05:42-07:00,7,669,0.4375,2.429611331314934,,True,False,6,1,656.41,12.76,0.009140570065828503,0.07839152210205415,496005961.0,stanford-crfm/levanter,Python
src/levanter/models/llama.py,4,callable,ok,src.levanter.models.llama.LlamaConfig.to_hf_config,src.levanter.models.llama.LlamaConfig.to_hf_config,d07ff37376ae310dad460ff37884512c0533c1c1,2023-08-30T12:59:55-07:00,5214bc34e0b95baa6e8eb3ba1cdd4855c681c1c0,2025-06-29T17:05:42-07:00,8,669,0.16666666666666666,2.57441428805639,,True,False,7,1,656.41,12.76,0.010663998410133253,0.07839152210205415,496005961.0,stanford-crfm/levanter,Python
src/levanter/models/llama.py,5,callable,ok,src.levanter.models.llama.LlamaConfig.model_type,src.levanter.models.llama.LlamaConfig.model_type,d07ff37376ae310dad460ff37884512c0533c1c1,2023-08-30T12:59:55-07:00,5da810ea00c8a6a877b343c410f3f466eab85ddf,2024-06-18T20:00:07-04:00,2,293,1.0,,,True,False,2,0,656.41,0.0,0.003046856688609501,,496005961.0,stanford-crfm/levanter,Python
src/levanter/models/llama.py,6,callable,ok,src.levanter.models.llama.LlamaMlp.init,src.levanter.models.llama.LlamaMlp.init,d07ff37376ae310dad460ff37884512c0533c1c1,2023-08-30T12:59:55-07:00,5214bc34e0b95baa6e8eb3ba1cdd4855c681c1c0,2025-06-29T17:05:42-07:00,8,669,0.6666666666666666,1.6484640732487041,,True,False,7,1,656.41,12.76,0.010663998410133253,0.07839152210205415,496005961.0,stanford-crfm/levanter,Python
src/levanter/models/llama.py,7,callable,ok,src.levanter.models.llama.LlamaMlp.__call__,src.levanter.models.llama.LlamaMlp.__call__,d07ff37376ae310dad460ff37884512c0533c1c1,2023-08-30T12:59:55-07:00,77c8f42471c3a44fb3c45acc488cecbee553d730,2023-09-05T10:57:22-07:00,2,5,0.2857142857142857,,,True,False,2,0,656.41,0.0,0.003046856688609501,,496005961.0,stanford-crfm/levanter,Python
src/levanter/models/llama.py,19,callable,ok,src.levanter.models.llama.LlamaDecoderLayer.init,src.levanter.models.llama.LlamaDecoderLayer.init,d07ff37376ae310dad460ff37884512c0533c1c1,2023-08-30T12:59:55-07:00,5214bc34e0b95baa6e8eb3ba1cdd4855c681c1c0,2025-06-29T17:05:42-07:00,8,669,0.42105263157894735,1.4107619231602893,,True,False,5,3,656.41,12.76,0.007617141721523752,0.23517456630616246,496005961.0,stanford-crfm/levanter,Python
src/levanter/models/llama.py,20,callable,ok,src.levanter.models.llama.LlamaDecoderLayer.__call__,src.levanter.models.llama.LlamaDecoderLayer.__call__,d07ff37376ae310dad460ff37884512c0533c1c1,2023-08-30T12:59:55-07:00,5214bc34e0b95baa6e8eb3ba1cdd4855c681c1c0,2025-06-29T17:05:42-07:00,8,669,0.4444444444444444,1.3424499561028989,,True,False,6,2,656.41,12.76,0.009140570065828503,0.1567830442041083,496005961.0,stanford-crfm/levanter,Python
src/levanter/models/llama.py,21,callable,ok,src.levanter.models.llama.LlamaTransformer.init,src.levanter.models.llama.LlamaTransformer.init,d07ff37376ae310dad460ff37884512c0533c1c1,2023-08-30T12:59:55-07:00,55b204ded9b7bb55298b0980b848828c7d92a45e,2024-06-05T22:26:48-07:00,3,280,0.21428571428571427,0.8867842228512115,,True,False,3,0,656.41,0.0,0.0045702850329142515,,496005961.0,stanford-crfm/levanter,Python
src/levanter/models/llama.py,22,callable,ok,src.levanter.models.llama.LlamaTransformer.__call__,src.levanter.models.llama.LlamaTransformer.__call__,d07ff37376ae310dad460ff37884512c0533c1c1,2023-08-30T12:59:55-07:00,5214bc34e0b95baa6e8eb3ba1cdd4855c681c1c0,2025-06-29T17:05:42-07:00,5,669,0.8333333333333334,0.9703232840292182,,True,False,3,2,656.41,12.76,0.0045702850329142515,0.1567830442041083,496005961.0,stanford-crfm/levanter,Python
src/levanter/models/llama.py,25,callable,ok,src.levanter.models.llama.LlamaEmbedding.init,src.levanter.models.llama.LlamaEmbedding.init,d07ff37376ae310dad460ff37884512c0533c1c1,2023-08-30T12:59:55-07:00,1cf28a569bb85da03dc9bc5899d25070802c7d73,2025-05-12T09:08:52-07:00,6,620,1.0,1.2102968654680366,,True,False,6,0,656.41,0.0,0.009140570065828503,,496005961.0,stanford-crfm/levanter,Python
src/levanter/models/llama.py,26,callable,ok,src.levanter.models.llama.LlamaEmbedding.embed,src.levanter.models.llama.LlamaEmbedding.embed,d07ff37376ae310dad460ff37884512c0533c1c1,2023-08-30T12:59:55-07:00,1cf28a569bb85da03dc9bc5899d25070802c7d73,2025-05-12T09:08:52-07:00,5,620,1.0,1.053424327842542,,True,False,5,0,656.41,0.0,0.007617141721523752,,496005961.0,stanford-crfm/levanter,Python
src/levanter/models/llama.py,27,callable,ok,src.levanter.models.llama.LlamaEmbedding.unembed,src.levanter.models.llama.LlamaEmbedding.unembed,d07ff37376ae310dad460ff37884512c0533c1c1,2023-08-30T12:59:55-07:00,d4ab4b5d67e616bdfcd15c15d488363bf5303877,2024-06-07T15:53:47-07:00,3,282,1.5,0.3452162899940491,,True,False,3,0,656.41,0.0,0.0045702850329142515,,496005961.0,stanford-crfm/levanter,Python
src/levanter/models/llama.py,28,callable,ok,src.levanter.models.llama.LlamaEmbedding._state_dict_key_map,src.levanter.models.llama.LlamaEmbedding._state_dict_key_map,d07ff37376ae310dad460ff37884512c0533c1c1,2023-08-30T12:59:55-07:00,0d74d37777edeb222ea27b6510bf51c54c2eec79,2024-06-09T10:41:31-07:00,2,283,1.0,,,True,False,2,0,656.41,0.0,0.003046856688609501,,496005961.0,stanford-crfm/levanter,Python
src/levanter/models/llama.py,29,callable,ok,src.levanter.models.llama.LlamaEmbedding.resize_embeddings,src.levanter.models.llama.LlamaEmbedding.resize_embeddings,d07ff37376ae310dad460ff37884512c0533c1c1,2023-08-30T12:59:55-07:00,5214bc34e0b95baa6e8eb3ba1cdd4855c681c1c0,2025-06-29T17:05:42-07:00,8,669,2.6666666666666665,1.5861303032692673,,True,False,7,1,656.41,12.76,0.010663998410133253,0.07839152210205415,496005961.0,stanford-crfm/levanter,Python
src/levanter/models/llama.py,30,callable,ok,src.levanter.models.llama.LlamaLMHeadModel.config,src.levanter.models.llama.LlamaLMHeadModel.config,d07ff37376ae310dad460ff37884512c0533c1c1,2023-08-30T12:59:55-07:00,d07ff37376ae310dad460ff37884512c0533c1c1,2023-08-30T12:59:55-07:00,1,0,0.5,,,True,False,1,0,656.41,0.0,0.0015234283443047506,,496005961.0,stanford-crfm/levanter,Python
src/levanter/models/llama.py,31,callable,ok,src.levanter.models.llama.LlamaLMHeadModel.vocab_size,src.levanter.models.llama.LlamaLMHeadModel.vocab_size,d07ff37376ae310dad460ff37884512c0533c1c1,2023-08-30T12:59:55-07:00,d07ff37376ae310dad460ff37884512c0533c1c1,2023-08-30T12:59:55-07:00,1,0,0.5,,,True,False,1,0,656.41,0.0,0.0015234283443047506,,496005961.0,stanford-crfm/levanter,Python
src/levanter/models/llama.py,32,callable,ok,src.levanter.models.llama.LlamaLMHeadModel.Vocab,src.levanter.models.llama.LlamaLMHeadModel.Vocab,d07ff37376ae310dad460ff37884512c0533c1c1,2023-08-30T12:59:55-07:00,d07ff37376ae310dad460ff37884512c0533c1c1,2023-08-30T12:59:55-07:00,1,0,0.5,,,True,False,1,0,656.41,0.0,0.0015234283443047506,,496005961.0,stanford-crfm/levanter,Python
src/levanter/models/llama.py,33,callable,ok,src.levanter.models.llama.LlamaLMHeadModel.init,src.levanter.models.llama.LlamaLMHeadModel.init,d07ff37376ae310dad460ff37884512c0533c1c1,2023-08-30T12:59:55-07:00,331c0aa02eec635fa220fc44267cede455b1bca2,2024-10-25T13:00:10-04:00,2,421,0.2,,,True,False,2,0,656.41,0.0,0.003046856688609501,,496005961.0,stanford-crfm/levanter,Python
src/levanter/models/llama.py,34,callable,ok,src.levanter.models.llama.LlamaLMHeadModel.__call__,src.levanter.models.llama.LlamaLMHeadModel.__call__,d07ff37376ae310dad460ff37884512c0533c1c1,2023-08-30T12:59:55-07:00,5214bc34e0b95baa6e8eb3ba1cdd4855c681c1c0,2025-06-29T17:05:42-07:00,8,669,0.34782608695652173,1.3379334439602037,,True,False,6,2,656.41,12.76,0.009140570065828503,0.1567830442041083,496005961.0,stanford-crfm/levanter,Python
src/levanter/models/llama.py,35,callable,ok,src.levanter.models.llama.LlamaLMHeadModel.resize_vocab,src.levanter.models.llama.LlamaLMHeadModel.resize_vocab,d07ff37376ae310dad460ff37884512c0533c1c1,2023-08-30T12:59:55-07:00,331c0aa02eec635fa220fc44267cede455b1bca2,2024-10-25T13:00:10-04:00,2,421,0.2,,,True,False,2,0,656.41,0.0,0.003046856688609501,,496005961.0,stanford-crfm/levanter,Python
src/levanter/models/llama.py,36,callable,ok,src.levanter.models.llama.LlamaLMHeadModel._state_dict_key_map,src.levanter.models.llama.LlamaLMHeadModel._state_dict_key_map,d07ff37376ae310dad460ff37884512c0533c1c1,2023-08-30T12:59:55-07:00,d07ff37376ae310dad460ff37884512c0533c1c1,2023-08-30T12:59:55-07:00,1,0,0.5,,,True,False,1,0,656.41,0.0,0.0015234283443047506,,496005961.0,stanford-crfm/levanter,Python
src/levanter/models/llama.py,41,callable,ok,src.levanter.models.llama.LlamaConfig.__post_init__,src.levanter.models.llama.LlamaConfig.__post_init__,4806ff40d01445aad8408430b12c6fa9a4c2e32a,2024-01-12T13:05:41-08:00,4806ff40d01445aad8408430b12c6fa9a4c2e32a,2024-01-12T13:05:41-08:00,1,0,0.25,,,True,False,1,0,521.37,0.0,0.001918029075944428,,496005961.0,stanford-crfm/levanter,Python
src/levanter/models/llama.py,43,callable,ok,src.levanter.models.llama.LlamaConfig.mk_LayerNorm,src.levanter.models.llama.LlamaConfig.mk_LayerNorm,55b204ded9b7bb55298b0980b848828c7d92a45e,2024-06-05T22:26:48-07:00,5214bc34e0b95baa6e8eb3ba1cdd4855c681c1c0,2025-06-29T17:05:42-07:00,4,388,1.0,0.9660007624771418,,True,False,2,2,376.02,12.76,0.005318858486783529,0.1567830442041083,496005961.0,stanford-crfm/levanter,Python
src/levanter/models/llama.py,45,callable,ok,src.levanter.models.llama.LlamaConfig.flops_per_token,src.levanter.models.llama.LlamaConfig.flops_per_token,b16db86e9b1d80abb63a4976714c21dc6496b8e3,2024-06-16T14:39:12+09:00,b16db86e9b1d80abb63a4976714c21dc6496b8e3,2024-06-16T14:39:12+09:00,1,0,0.09090909090909091,,,True,False,1,0,366.01,0.0,0.002732151445937395,,496005961.0,stanford-crfm/levanter,Python
src/levanter/models/llama.py,46,callable,ok,src.levanter.models.llama.LlamaConfig.hf_checkpoint_converter,src.levanter.models.llama.LlamaConfig.hf_checkpoint_converter,5da810ea00c8a6a877b343c410f3f466eab85ddf,2024-06-18T20:00:07-04:00,5214bc34e0b95baa6e8eb3ba1cdd4855c681c1c0,2025-06-29T17:05:42-07:00,3,376,0.375,0.4268883124248285,,True,False,2,1,363.25,12.76,0.005505889437725379,0.07839152210205415,496005961.0,stanford-crfm/levanter,Python
src/levanter/models/llama.py,47,callable,ok,src.levanter.models.llama.LlamaLMHeadModel.activations,src.levanter.models.llama.LlamaLMHeadModel.activations,a7e42ecc5972c88abde51231239a981c2ebb4fce,2024-11-06T09:49:56-08:00,5214bc34e0b95baa6e8eb3ba1cdd4855c681c1c0,2025-06-29T17:05:42-07:00,4,235,0.2222222222222222,1.11534926330439,,True,False,2,2,222.5,12.76,0.008988583562564755,0.1567830442041083,496005961.0,stanford-crfm/levanter,Python
src/levanter/models/llama.py,48,callable,ok,src.levanter.models.llama.LlamaLMHeadModel.get_lm_head,src.levanter.models.llama.LlamaLMHeadModel.get_lm_head,a7e42ecc5972c88abde51231239a981c2ebb4fce,2024-11-06T09:49:56-08:00,a7e42ecc5972c88abde51231239a981c2ebb4fce,2024-11-06T09:49:56-08:00,1,0,0.2,,,True,False,1,0,222.5,0.0,0.004494291781282377,,496005961.0,stanford-crfm/levanter,Python
src/levanter/models/llama.py,53,callable,ok,src.levanter.models.llama.LlamaEmbedding.Vocab,src.levanter.models.llama.LlamaEmbedding.Vocab,177b499a74d4944c66cde4e8e12a645680e9c7b1,2025-04-10T15:42:10-07:00,177b499a74d4944c66cde4e8e12a645680e9c7b1,2025-04-10T15:42:10-07:00,1,0,0.5,,,True,False,1,0,67.3,0.0,0.014858503707403043,,496005961.0,stanford-crfm/levanter,Python
src/levanter/models/llama.py,54,callable,ok,src.levanter.models.llama.LlamaEmbedding.Embed,src.levanter.models.llama.LlamaEmbedding.Embed,177b499a74d4944c66cde4e8e12a645680e9c7b1,2025-04-10T15:42:10-07:00,177b499a74d4944c66cde4e8e12a645680e9c7b1,2025-04-10T15:42:10-07:00,1,0,0.5,,,True,False,1,0,67.3,0.0,0.014858503707403043,,496005961.0,stanford-crfm/levanter,Python
src/levanter/models/llama.py,59,callable,ok,src.levanter.models.llama.LlamaAttention.init,src.levanter.models.llama.LlamaAttention.init,5214bc34e0b95baa6e8eb3ba1cdd4855c681c1c0,2025-06-29T17:05:42-07:00,5214bc34e0b95baa6e8eb3ba1cdd4855c681c1c0,2025-06-29T17:05:42-07:00,1,0,0.05263157894736842,,,True,False,0,1,0.0,12.76,,0.07839152210205415,496005961.0,stanford-crfm/levanter,Python
src/levanter/models/llama.py,60,callable,ok,src.levanter.models.llama.LlamaAttention.__call__,src.levanter.models.llama.LlamaAttention.__call__,5214bc34e0b95baa6e8eb3ba1cdd4855c681c1c0,2025-06-29T17:05:42-07:00,5214bc34e0b95baa6e8eb3ba1cdd4855c681c1c0,2025-06-29T17:05:42-07:00,1,0,0.029411764705882353,,,True,False,0,1,0.0,12.76,,0.07839152210205415,496005961.0,stanford-crfm/levanter,Python
src/levanter/models/llama.py,61,callable,ok,src.levanter.models.llama.LlamaConfig.__post_init__,src.levanter.models.llama.LlamaConfig.__post_init__,e8a6b287f000497e99cbf5f16e9feeae62fa4709,2025-06-29T18:07:06-07:00,e8a6b287f000497e99cbf5f16e9feeae62fa4709,2025-06-29T18:07:06-07:00,1,130,0.25,,,False,False,0,1,0.0,12.8,,0.07813036920216594,496005961.0,stanford-crfm/levanter,Python
src/levanter/models/llama.py,62,callable,ok,src.levanter.models.llama.LlamaConfig.hf_checkpoint_converter,src.levanter.models.llama.LlamaConfig.hf_checkpoint_converter,e8a6b287f000497e99cbf5f16e9feeae62fa4709,2025-06-29T18:07:06-07:00,e8a6b287f000497e99cbf5f16e9feeae62fa4709,2025-06-29T18:07:06-07:00,1,130,0.1,,,False,False,0,1,0.0,12.8,,0.07813036920216594,496005961.0,stanford-crfm/levanter,Python
src/levanter/models/llama.py,63,callable,ok,src.levanter.models.llama.LlamaConfig.from_hf_config,src.levanter.models.llama.LlamaConfig.from_hf_config,e8a6b287f000497e99cbf5f16e9feeae62fa4709,2025-06-29T18:07:06-07:00,e8a6b287f000497e99cbf5f16e9feeae62fa4709,2025-06-29T18:07:06-07:00,1,130,0.0625,,,False,False,0,1,0.0,12.8,,0.07813036920216594,496005961.0,stanford-crfm/levanter,Python
src/levanter/models/llama.py,64,callable,ok,src.levanter.models.llama.LlamaConfig.to_hf_config,src.levanter.models.llama.LlamaConfig.to_hf_config,e8a6b287f000497e99cbf5f16e9feeae62fa4709,2025-06-29T18:07:06-07:00,c30de5b9ad706da1ddb5e95cf82ed767692f7f7c,2025-10-17T23:17:37-07:00,5,130,0.10204081632653061,1.3763426690209795,,False,False,0,5,0.0,123.01,,0.040645530050171824,496005961.0,stanford-crfm/levanter,Python
src/levanter/models/llama.py,65,callable,ok,src.levanter.models.llama.LlamaConfig.model_type,src.levanter.models.llama.LlamaConfig.model_type,e8a6b287f000497e99cbf5f16e9feeae62fa4709,2025-06-29T18:07:06-07:00,e8a6b287f000497e99cbf5f16e9feeae62fa4709,2025-06-29T18:07:06-07:00,1,130,0.5,,,False,False,0,1,0.0,12.8,,0.07813036920216594,496005961.0,stanford-crfm/levanter,Python
src/levanter/models/llama.py,66,callable,ok,src.levanter.models.llama.LlamaConfig.norm_config,src.levanter.models.llama.LlamaConfig.norm_config,e8a6b287f000497e99cbf5f16e9feeae62fa4709,2025-06-29T18:07:06-07:00,e8a6b287f000497e99cbf5f16e9feeae62fa4709,2025-06-29T18:07:06-07:00,1,130,0.16666666666666666,,,False,False,0,1,0.0,12.8,,0.07813036920216594,496005961.0,stanford-crfm/levanter,Python
src/levanter/models/llama.py,67,callable,ok,src.levanter.models.llama.LlamaConfig.mk_LayerNorm,src.levanter.models.llama.LlamaConfig.mk_LayerNorm,e8a6b287f000497e99cbf5f16e9feeae62fa4709,2025-06-29T18:07:06-07:00,e8a6b287f000497e99cbf5f16e9feeae62fa4709,2025-06-29T18:07:06-07:00,1,130,0.5,,,False,False,0,1,0.0,12.8,,0.07813036920216594,496005961.0,stanford-crfm/levanter,Python
src/levanter/models/llama.py,68,callable,ok,src.levanter.models.llama.LlamaConfig.flops_per_token,src.levanter.models.llama.LlamaConfig.flops_per_token,e8a6b287f000497e99cbf5f16e9feeae62fa4709,2025-06-29T18:07:06-07:00,e8a6b287f000497e99cbf5f16e9feeae62fa4709,2025-06-29T18:07:06-07:00,1,130,0.09090909090909091,,,False,False,0,1,0.0,12.8,,0.07813036920216594,496005961.0,stanford-crfm/levanter,Python
src/levanter/models/llama.py,69,callable,ok,src.levanter.models.llama.LlamaConfig.total_trainable_params,src.levanter.models.llama.LlamaConfig.total_trainable_params,e8a6b287f000497e99cbf5f16e9feeae62fa4709,2025-06-29T18:07:06-07:00,70f8744ffce680ccc933e0cfdab9d9e7930c22ce,2025-09-17T10:11:36-07:00,2,130,0.09523809523809523,,,False,False,0,2,0.0,92.47,,0.02162889079087391,496005961.0,stanford-crfm/levanter,Python
src/levanter/models/llama.py,70,callable,ok,src.levanter.models.llama.LlamaConfig.attention_config,src.levanter.models.llama.LlamaConfig.attention_config,e8a6b287f000497e99cbf5f16e9feeae62fa4709,2025-06-29T18:07:06-07:00,c30de5b9ad706da1ddb5e95cf82ed767692f7f7c,2025-10-17T23:17:37-07:00,2,130,0.14285714285714285,,,False,False,0,2,0.0,123.01,,0.01625821202006873,496005961.0,stanford-crfm/levanter,Python
src/levanter/models/llama.py,71,callable,ok,src.levanter.models.llama.LlamaMlp.init,src.levanter.models.llama.LlamaMlp.init,e8a6b287f000497e99cbf5f16e9feeae62fa4709,2025-06-29T18:07:06-07:00,e8a6b287f000497e99cbf5f16e9feeae62fa4709,2025-06-29T18:07:06-07:00,1,130,0.058823529411764705,,,False,False,0,1,0.0,12.8,,0.07813036920216594,496005961.0,stanford-crfm/levanter,Python
src/levanter/models/llama.py,72,callable,ok,src.levanter.models.llama.LlamaMlp.__call__,src.levanter.models.llama.LlamaMlp.__call__,e8a6b287f000497e99cbf5f16e9feeae62fa4709,2025-06-29T18:07:06-07:00,e8a6b287f000497e99cbf5f16e9feeae62fa4709,2025-06-29T18:07:06-07:00,1,130,0.14285714285714285,,,False,False,0,1,0.0,12.8,,0.07813036920216594,496005961.0,stanford-crfm/levanter,Python
src/levanter/models/llama.py,73,callable,ok,src.levanter.models.llama.LlamaDecoderLayer.init,src.levanter.models.llama.LlamaDecoderLayer.init,e8a6b287f000497e99cbf5f16e9feeae62fa4709,2025-06-29T18:07:06-07:00,e8a6b287f000497e99cbf5f16e9feeae62fa4709,2025-06-29T18:07:06-07:00,1,130,0.05,,,False,False,0,1,0.0,12.8,,0.07813036920216594,496005961.0,stanford-crfm/levanter,Python
src/levanter/models/llama.py,74,callable,ok,src.levanter.models.llama.LlamaDecoderLayer.__call__,src.levanter.models.llama.LlamaDecoderLayer.__call__,e8a6b287f000497e99cbf5f16e9feeae62fa4709,2025-06-29T18:07:06-07:00,e8a6b287f000497e99cbf5f16e9feeae62fa4709,2025-06-29T18:07:06-07:00,1,130,0.05,,,False,False,0,1,0.0,12.8,,0.07813036920216594,496005961.0,stanford-crfm/levanter,Python
src/levanter/models/llama.py,75,callable,ok,src.levanter.models.llama.LlamaTransformer.init,src.levanter.models.llama.LlamaTransformer.init,e8a6b287f000497e99cbf5f16e9feeae62fa4709,2025-06-29T18:07:06-07:00,e8a6b287f000497e99cbf5f16e9feeae62fa4709,2025-06-29T18:07:06-07:00,1,130,0.07142857142857142,,,False,False,0,1,0.0,12.8,,0.07813036920216594,496005961.0,stanford-crfm/levanter,Python
src/levanter/models/llama.py,76,callable,ok,src.levanter.models.llama.LlamaTransformer.__call__,src.levanter.models.llama.LlamaTransformer.__call__,e8a6b287f000497e99cbf5f16e9feeae62fa4709,2025-06-29T18:07:06-07:00,e8a6b287f000497e99cbf5f16e9feeae62fa4709,2025-06-29T18:07:06-07:00,1,130,0.125,,,False,False,0,1,0.0,12.8,,0.07813036920216594,496005961.0,stanford-crfm/levanter,Python
src/levanter/models/llama.py,77,callable,ok,src.levanter.models.llama.LlamaEmbedding.init,src.levanter.models.llama.LlamaEmbedding.init,e8a6b287f000497e99cbf5f16e9feeae62fa4709,2025-06-29T18:07:06-07:00,e8a6b287f000497e99cbf5f16e9feeae62fa4709,2025-06-29T18:07:06-07:00,1,130,0.16666666666666666,,,False,False,0,1,0.0,12.8,,0.07813036920216594,496005961.0,stanford-crfm/levanter,Python
src/levanter/models/llama.py,78,callable,ok,src.levanter.models.llama.LlamaEmbedding.Vocab,src.levanter.models.llama.LlamaEmbedding.Vocab,e8a6b287f000497e99cbf5f16e9feeae62fa4709,2025-06-29T18:07:06-07:00,e8a6b287f000497e99cbf5f16e9feeae62fa4709,2025-06-29T18:07:06-07:00,1,130,0.5,,,False,False,0,1,0.0,12.8,,0.07813036920216594,496005961.0,stanford-crfm/levanter,Python
src/levanter/models/llama.py,79,callable,ok,src.levanter.models.llama.LlamaEmbedding.Embed,src.levanter.models.llama.LlamaEmbedding.Embed,e8a6b287f000497e99cbf5f16e9feeae62fa4709,2025-06-29T18:07:06-07:00,e8a6b287f000497e99cbf5f16e9feeae62fa4709,2025-06-29T18:07:06-07:00,1,130,0.5,,,False,False,0,1,0.0,12.8,,0.07813036920216594,496005961.0,stanford-crfm/levanter,Python
src/levanter/models/llama.py,80,callable,ok,src.levanter.models.llama.LlamaEmbedding.embed,src.levanter.models.llama.LlamaEmbedding.embed,e8a6b287f000497e99cbf5f16e9feeae62fa4709,2025-06-29T18:07:06-07:00,e8a6b287f000497e99cbf5f16e9feeae62fa4709,2025-06-29T18:07:06-07:00,1,130,0.2,,,False,False,0,1,0.0,12.8,,0.07813036920216594,496005961.0,stanford-crfm/levanter,Python
src/levanter/models/llama.py,81,callable,ok,src.levanter.models.llama.LlamaEmbedding.unembed,src.levanter.models.llama.LlamaEmbedding.unembed,e8a6b287f000497e99cbf5f16e9feeae62fa4709,2025-06-29T18:07:06-07:00,e8a6b287f000497e99cbf5f16e9feeae62fa4709,2025-06-29T18:07:06-07:00,1,130,0.5,,,False,False,0,1,0.0,12.8,,0.07813036920216594,496005961.0,stanford-crfm/levanter,Python
src/levanter/models/llama.py,82,callable,ok,src.levanter.models.llama.LlamaEmbedding._state_dict_key_map,src.levanter.models.llama.LlamaEmbedding._state_dict_key_map,e8a6b287f000497e99cbf5f16e9feeae62fa4709,2025-06-29T18:07:06-07:00,e8a6b287f000497e99cbf5f16e9feeae62fa4709,2025-06-29T18:07:06-07:00,1,130,0.5,,,False,False,0,1,0.0,12.8,,0.07813036920216594,496005961.0,stanford-crfm/levanter,Python
src/levanter/models/llama.py,83,callable,ok,src.levanter.models.llama.LlamaEmbedding.resize_embeddings,src.levanter.models.llama.LlamaEmbedding.resize_embeddings,e8a6b287f000497e99cbf5f16e9feeae62fa4709,2025-06-29T18:07:06-07:00,13c6f65fcba96893f5f9a08da2d223c13ad793a6,2025-07-09T16:42:39-04:00,2,130,0.6666666666666666,,,False,False,0,2,0.0,22.62,,0.08843502252073591,496005961.0,stanford-crfm/levanter,Python
src/levanter/models/llama.py,84,callable,ok,src.levanter.models.llama.LlamaLMHeadModel.config,src.levanter.models.llama.LlamaLMHeadModel.config,e8a6b287f000497e99cbf5f16e9feeae62fa4709,2025-06-29T18:07:06-07:00,e8a6b287f000497e99cbf5f16e9feeae62fa4709,2025-06-29T18:07:06-07:00,1,130,0.5,,,False,False,0,1,0.0,12.8,,0.07813036920216594,496005961.0,stanford-crfm/levanter,Python
src/levanter/models/llama.py,85,callable,ok,src.levanter.models.llama.LlamaLMHeadModel.vocab_size,src.levanter.models.llama.LlamaLMHeadModel.vocab_size,e8a6b287f000497e99cbf5f16e9feeae62fa4709,2025-06-29T18:07:06-07:00,e8a6b287f000497e99cbf5f16e9feeae62fa4709,2025-06-29T18:07:06-07:00,1,130,0.5,,,False,False,0,1,0.0,12.8,,0.07813036920216594,496005961.0,stanford-crfm/levanter,Python
src/levanter/models/llama.py,86,callable,ok,src.levanter.models.llama.LlamaLMHeadModel.Vocab,src.levanter.models.llama.LlamaLMHeadModel.Vocab,e8a6b287f000497e99cbf5f16e9feeae62fa4709,2025-06-29T18:07:06-07:00,e8a6b287f000497e99cbf5f16e9feeae62fa4709,2025-06-29T18:07:06-07:00,1,130,0.5,,,False,False,0,1,0.0,12.8,,0.07813036920216594,496005961.0,stanford-crfm/levanter,Python
src/levanter/models/llama.py,87,callable,ok,src.levanter.models.llama.LlamaLMHeadModel.init,src.levanter.models.llama.LlamaLMHeadModel.init,e8a6b287f000497e99cbf5f16e9feeae62fa4709,2025-06-29T18:07:06-07:00,e8a6b287f000497e99cbf5f16e9feeae62fa4709,2025-06-29T18:07:06-07:00,1,130,0.1,,,False,False,0,1,0.0,12.8,,0.07813036920216594,496005961.0,stanford-crfm/levanter,Python
src/levanter/models/llama.py,88,callable,ok,src.levanter.models.llama.LlamaLMHeadModel.__call__,src.levanter.models.llama.LlamaLMHeadModel.__call__,e8a6b287f000497e99cbf5f16e9feeae62fa4709,2025-06-29T18:07:06-07:00,e8a6b287f000497e99cbf5f16e9feeae62fa4709,2025-06-29T18:07:06-07:00,1,130,0.03571428571428571,,,False,False,0,1,0.0,12.8,,0.07813036920216594,496005961.0,stanford-crfm/levanter,Python
src/levanter/models/llama.py,89,callable,ok,src.levanter.models.llama.LlamaLMHeadModel.activations,src.levanter.models.llama.LlamaLMHeadModel.activations,e8a6b287f000497e99cbf5f16e9feeae62fa4709,2025-06-29T18:07:06-07:00,e8a6b287f000497e99cbf5f16e9feeae62fa4709,2025-06-29T18:07:06-07:00,1,130,0.041666666666666664,,,False,False,0,1,0.0,12.8,,0.07813036920216594,496005961.0,stanford-crfm/levanter,Python
src/levanter/models/llama.py,90,callable,ok,src.levanter.models.llama.LlamaLMHeadModel.get_lm_head,src.levanter.models.llama.LlamaLMHeadModel.get_lm_head,e8a6b287f000497e99cbf5f16e9feeae62fa4709,2025-06-29T18:07:06-07:00,e8a6b287f000497e99cbf5f16e9feeae62fa4709,2025-06-29T18:07:06-07:00,1,130,0.2,,,False,False,0,1,0.0,12.8,,0.07813036920216594,496005961.0,stanford-crfm/levanter,Python
src/levanter/models/llama.py,91,callable,ok,src.levanter.models.llama.LlamaLMHeadModel.resize_vocab,src.levanter.models.llama.LlamaLMHeadModel.resize_vocab,e8a6b287f000497e99cbf5f16e9feeae62fa4709,2025-06-29T18:07:06-07:00,e8a6b287f000497e99cbf5f16e9feeae62fa4709,2025-06-29T18:07:06-07:00,1,130,0.1,,,False,False,0,1,0.0,12.8,,0.07813036920216594,496005961.0,stanford-crfm/levanter,Python
src/levanter/models/llama.py,92,callable,ok,src.levanter.models.llama.LlamaLMHeadModel._state_dict_key_map,src.levanter.models.llama.LlamaLMHeadModel._state_dict_key_map,e8a6b287f000497e99cbf5f16e9feeae62fa4709,2025-06-29T18:07:06-07:00,e8a6b287f000497e99cbf5f16e9feeae62fa4709,2025-06-29T18:07:06-07:00,1,130,0.5,,,False,False,0,1,0.0,12.8,,0.07813036920216594,496005961.0,stanford-crfm/levanter,Python
src/levanter/models/llama.py,93,callable,ok,src.levanter.models.llama.LlamaConfig.actual_head_size,src.levanter.models.llama.LlamaConfig.actual_head_size,e5b6be6f1f360f2ca28a696bac2ff4ce8283c95f,2025-09-11T15:39:27-07:00,e5b6be6f1f360f2ca28a696bac2ff4ce8283c95f,2025-09-11T15:39:27-07:00,1,56,0.2,,,False,False,0,1,0.0,86.7,,0.011534479616745556,496005961.0,stanford-crfm/levanter,Python
src/levanter/models/llama.py,94,callable,ok,src.levanter.models.llama.LlamaDecoderLayer.decode,src.levanter.models.llama.LlamaDecoderLayer.decode,e5b6be6f1f360f2ca28a696bac2ff4ce8283c95f,2025-09-11T15:39:27-07:00,e5b6be6f1f360f2ca28a696bac2ff4ce8283c95f,2025-09-11T15:39:27-07:00,1,56,0.034482758620689655,,,False,False,0,1,0.0,86.7,,0.011534479616745556,496005961.0,stanford-crfm/levanter,Python
src/levanter/models/llama.py,95,callable,ok,src.levanter.models.llama.LlamaDecoderLayer.initial_cache,src.levanter.models.llama.LlamaDecoderLayer.initial_cache,e5b6be6f1f360f2ca28a696bac2ff4ce8283c95f,2025-09-11T15:39:27-07:00,34ed673a46faa36846dcb5219f667ec6b8141f22,2025-10-15T16:59:36-07:00,4,56,0.6666666666666666,0.0597349341766646,,False,False,0,4,0.0,120.75,,0.03312567801725948,496005961.0,stanford-crfm/levanter,Python
src/levanter/models/llama.py,96,callable,ok,src.levanter.models.llama.LlamaTransformer.decode,src.levanter.models.llama.LlamaTransformer.decode,e5b6be6f1f360f2ca28a696bac2ff4ce8283c95f,2025-09-11T15:39:27-07:00,843ce720831e3651163cd0878e47c3f691d15006,2025-10-12T12:47:29-07:00,3,56,0.07142857142857142,0.43735945410689037,,False,False,0,3,0.0,117.58,,0.025515158632525313,496005961.0,stanford-crfm/levanter,Python
src/levanter/models/llama.py,97,callable,ok,src.levanter.models.llama.LlamaTransformer.initial_cache,src.levanter.models.llama.LlamaTransformer.initial_cache,e5b6be6f1f360f2ca28a696bac2ff4ce8283c95f,2025-09-11T15:39:27-07:00,34ed673a46faa36846dcb5219f667ec6b8141f22,2025-10-15T16:59:36-07:00,5,56,0.5555555555555556,0.48425449663614595,,False,False,0,5,0.0,120.75,,0.04140709752157434,496005961.0,stanford-crfm/levanter,Python
src/levanter/models/llama.py,98,callable,ok,src.levanter.models.llama.LlamaLMHeadModel.initial_cache,src.levanter.models.llama.LlamaLMHeadModel.initial_cache,e5b6be6f1f360f2ca28a696bac2ff4ce8283c95f,2025-09-11T15:39:27-07:00,34ed673a46faa36846dcb5219f667ec6b8141f22,2025-10-15T16:59:36-07:00,5,56,0.8333333333333334,0.48425449663614595,,False,False,0,5,0.0,120.75,,0.04140709752157434,496005961.0,stanford-crfm/levanter,Python
src/levanter/models/llama.py,99,callable,ok,src.levanter.models.llama.LlamaLMHeadModel.decode,src.levanter.models.llama.LlamaLMHeadModel.decode,e5b6be6f1f360f2ca28a696bac2ff4ce8283c95f,2025-09-11T15:39:27-07:00,843ce720831e3651163cd0878e47c3f691d15006,2025-10-12T12:47:29-07:00,2,56,0.043478260869565216,,,False,False,0,2,0.0,117.58,,0.017010105755016873,496005961.0,stanford-crfm/levanter,Python
src/levanter/models/mistral.py,0,class,ok,src.levanter.models.mistral.MistralConfig,src.levanter.models.mistral.MistralConfig,7c9257f08713be8e893a7be1907d373fa2c4f549,2024-01-30T13:28:05-08:00,abd0c1fdc6b1df569305dc5cf67113ba5e8f796a,2025-07-06T16:19:37-07:00,10,646,0.07142857142857142,1.966312384216938,,False,False,7,3,503.35,19.72,0.01390674209571982,0.15209527078767396,496005961.0,stanford-crfm/levanter,Python
src/levanter/models/mistral.py,1,class,ok,src.levanter.models.mistral.MistralLMHeadModel,src.levanter.models.mistral.MistralLMHeadModel,7c9257f08713be8e893a7be1907d373fa2c4f549,2024-01-30T13:28:05-08:00,8f6619e4a3553ab42031fb5bc961216390c43855,2025-06-24T23:58:07-07:00,4,646,0.06557377049180328,1.112847094248213,,False,False,3,1,503.35,8.04,0.005960032326737066,0.12433354199494896,496005961.0,stanford-crfm/levanter,Python
src/levanter/models/mistral.py,0,callable,ok,src.levanter.models.mistral.MistralConfig.default_hf_checkpoint_converter,src.levanter.models.mistral.MistralConfig.hf_checkpoint_converter,7c9257f08713be8e893a7be1907d373fa2c4f549,2024-01-30T13:28:05-08:00,5da810ea00c8a6a877b343c410f3f466eab85ddf,2024-06-18T20:00:07-04:00,2,140,0.25,,,True,True,2,0,503.35,0.0,0.003973354884491378,,496005961.0,stanford-crfm/levanter,Python
src/levanter/models/mistral.py,8,callable,ok,src.levanter.models.mistral.MistralLMHeadModel.__call__,src.levanter.models.mistral.MistralLMHeadModel.activations,7c9257f08713be8e893a7be1907d373fa2c4f549,2024-01-30T13:28:05-08:00,a7e42ecc5972c88abde51231239a981c2ebb4fce,2024-11-06T09:49:56-08:00,2,280,0.10526315789473684,,,True,True,2,0,503.35,0.0,0.003973354884491378,,496005961.0,stanford-crfm/levanter,Python
src/levanter/models/mistral.py,11,callable,ok,src.levanter.models.mistral.MistralLMHeadModel.from_state_dict,src.levanter.models.mistral.MistralLMHeadModel.from_state_dict,7c9257f08713be8e893a7be1907d373fa2c4f549,2024-01-30T13:28:05-08:00,7c9257f08713be8e893a7be1907d373fa2c4f549,2024-01-30T13:28:05-08:00,1,0,0.1111111111111111,,,True,False,1,0,503.35,0.0,0.001986677442245689,,496005961.0,stanford-crfm/levanter,Python
src/levanter/models/mistral.py,12,callable,ok,src.levanter.models.mistral.MistralLMHeadModel.update_state_dict,src.levanter.models.mistral.MistralLMHeadModel.update_state_dict,7c9257f08713be8e893a7be1907d373fa2c4f549,2024-01-30T13:28:05-08:00,7c9257f08713be8e893a7be1907d373fa2c4f549,2024-01-30T13:28:05-08:00,1,0,0.1,,,True,False,1,0,503.35,0.0,0.001986677442245689,,496005961.0,stanford-crfm/levanter,Python
src/levanter/models/mistral.py,17,callable,ok,src.levanter.models.mistral.MistralConfig.to_attention_config,src.levanter.models.mistral.MistralConfig.attention_config,5340e8d911051e57aeae753b0b17354bd72b0c36,2025-06-17T15:16:24-07:00,64a2a5c46a24143f19e2cefa171f822292f20cec,2025-06-17T17:50:11-07:00,2,0,0.16666666666666666,,,True,True,0,2,0.0,0.79,,2.5400931955489567,496005961.0,stanford-crfm/levanter,Python
src/levanter/models/mistral.py,1,callable,ok,src.levanter.models.mistral.MistralConfig.from_hf_config,src.levanter.models.mistral.MistralConfig.from_hf_config,7c9257f08713be8e893a7be1907d373fa2c4f549,2024-01-30T13:28:05-08:00,abd0c1fdc6b1df569305dc5cf67113ba5e8f796a,2025-07-06T16:19:37-07:00,4,646,0.25,0.8156989542688104,,False,False,2,2,503.35,19.72,0.003973354884491378,0.10139684719178264,496005961.0,stanford-crfm/levanter,Python
src/levanter/models/mistral.py,2,callable,ok,src.levanter.models.mistral.MistralConfig.to_hf_config,src.levanter.models.mistral.MistralConfig.to_hf_config,7c9257f08713be8e893a7be1907d373fa2c4f549,2024-01-30T13:28:05-08:00,abd0c1fdc6b1df569305dc5cf67113ba5e8f796a,2025-07-06T16:19:37-07:00,4,646,0.125,0.8385958259211284,,False,False,2,2,503.35,19.72,0.003973354884491378,0.10139684719178264,496005961.0,stanford-crfm/levanter,Python
src/levanter/models/mistral.py,3,callable,ok,src.levanter.models.mistral.MistralConfig.model_type,src.levanter.models.mistral.MistralConfig.model_type,7c9257f08713be8e893a7be1907d373fa2c4f549,2024-01-30T13:28:05-08:00,7c9257f08713be8e893a7be1907d373fa2c4f549,2024-01-30T13:28:05-08:00,1,646,0.5,,,False,False,1,0,503.35,0.0,0.001986677442245689,,496005961.0,stanford-crfm/levanter,Python
src/levanter/models/mistral.py,4,callable,ok,src.levanter.models.mistral.MistralLMHeadModel.config,src.levanter.models.mistral.MistralLMHeadModel.config,7c9257f08713be8e893a7be1907d373fa2c4f549,2024-01-30T13:28:05-08:00,7c9257f08713be8e893a7be1907d373fa2c4f549,2024-01-30T13:28:05-08:00,1,646,0.5,,,False,False,1,0,503.35,0.0,0.001986677442245689,,496005961.0,stanford-crfm/levanter,Python
src/levanter/models/mistral.py,5,callable,ok,src.levanter.models.mistral.MistralLMHeadModel.vocab_size,src.levanter.models.mistral.MistralLMHeadModel.vocab_size,7c9257f08713be8e893a7be1907d373fa2c4f549,2024-01-30T13:28:05-08:00,7c9257f08713be8e893a7be1907d373fa2c4f549,2024-01-30T13:28:05-08:00,1,646,0.5,,,False,False,1,0,503.35,0.0,0.001986677442245689,,496005961.0,stanford-crfm/levanter,Python
src/levanter/models/mistral.py,6,callable,ok,src.levanter.models.mistral.MistralLMHeadModel.Vocab,src.levanter.models.mistral.MistralLMHeadModel.Vocab,7c9257f08713be8e893a7be1907d373fa2c4f549,2024-01-30T13:28:05-08:00,7c9257f08713be8e893a7be1907d373fa2c4f549,2024-01-30T13:28:05-08:00,1,646,0.5,,,False,False,1,0,503.35,0.0,0.001986677442245689,,496005961.0,stanford-crfm/levanter,Python
src/levanter/models/mistral.py,7,callable,ok,src.levanter.models.mistral.MistralLMHeadModel.init,src.levanter.models.mistral.MistralLMHeadModel.init,7c9257f08713be8e893a7be1907d373fa2c4f549,2024-01-30T13:28:05-08:00,7c9257f08713be8e893a7be1907d373fa2c4f549,2024-01-30T13:28:05-08:00,1,646,0.16666666666666666,,,False,False,1,0,503.35,0.0,0.001986677442245689,,496005961.0,stanford-crfm/levanter,Python
src/levanter/models/mistral.py,9,callable,ok,src.levanter.models.mistral.MistralLMHeadModel.resize_vocab,src.levanter.models.mistral.MistralLMHeadModel.resize_vocab,7c9257f08713be8e893a7be1907d373fa2c4f549,2024-01-30T13:28:05-08:00,7c9257f08713be8e893a7be1907d373fa2c4f549,2024-01-30T13:28:05-08:00,1,646,0.125,,,False,False,1,0,503.35,0.0,0.001986677442245689,,496005961.0,stanford-crfm/levanter,Python
src/levanter/models/mistral.py,10,callable,ok,src.levanter.models.mistral.MistralLMHeadModel._state_dict_key_map,src.levanter.models.mistral.MistralLMHeadModel._state_dict_key_map,7c9257f08713be8e893a7be1907d373fa2c4f549,2024-01-30T13:28:05-08:00,7c9257f08713be8e893a7be1907d373fa2c4f549,2024-01-30T13:28:05-08:00,1,646,0.5,,,False,False,1,0,503.35,0.0,0.001986677442245689,,496005961.0,stanford-crfm/levanter,Python
src/levanter/models/mistral.py,13,callable,ok,src.levanter.models.mistral.MistralConfig.flops_per_token,src.levanter.models.mistral.MistralConfig.flops_per_token,b16db86e9b1d80abb63a4976714c21dc6496b8e3,2024-06-16T14:39:12+09:00,b16db86e9b1d80abb63a4976714c21dc6496b8e3,2024-06-16T14:39:12+09:00,1,509,0.09090909090909091,,,False,False,1,0,366.01,0.0,0.002732151445937395,,496005961.0,stanford-crfm/levanter,Python
src/levanter/models/mistral.py,14,callable,ok,src.levanter.models.mistral.MistralConfig.hf_checkpoint_converter,src.levanter.models.mistral.MistralConfig.hf_checkpoint_converter,a7e42ecc5972c88abde51231239a981c2ebb4fce,2024-11-06T09:49:56-08:00,daa5a097e16095525dcb8a883fdc7e916fd34890,2025-05-28T06:38:08+01:00,2,366,0.16666666666666666,,,False,False,2,0,222.5,0.0,0.008988583562564755,,496005961.0,stanford-crfm/levanter,Python
src/levanter/models/mistral.py,15,callable,ok,src.levanter.models.mistral.MistralLMHeadModel.get_lm_head,src.levanter.models.mistral.MistralLMHeadModel.get_lm_head,a7e42ecc5972c88abde51231239a981c2ebb4fce,2024-11-06T09:49:56-08:00,a7e42ecc5972c88abde51231239a981c2ebb4fce,2024-11-06T09:49:56-08:00,1,366,0.3333333333333333,,,False,False,1,0,222.5,0.0,0.004494291781282377,,496005961.0,stanford-crfm/levanter,Python
src/levanter/models/mistral.py,16,callable,ok,src.levanter.models.mistral.MistralLMHeadModel.activations,src.levanter.models.mistral.MistralLMHeadModel.activations,3d5677e5b68cb0e9b05e1c42b659c1d54e2d90c7,2024-11-16T20:09:00-08:00,8f6619e4a3553ab42031fb5bc961216390c43855,2025-06-24T23:58:07-07:00,2,355,0.1,,,False,False,1,1,212.07,8.04,0.004715322757839469,0.12433354199494896,496005961.0,stanford-crfm/levanter,Python
src/levanter/models/mistral.py,18,callable,ok,src.levanter.models.mistral.MistralConfig.attention_config,src.levanter.models.mistral.MistralConfig.attention_config,8f6619e4a3553ab42031fb5bc961216390c43855,2025-06-24T23:58:07-07:00,8f6619e4a3553ab42031fb5bc961216390c43855,2025-06-24T23:58:07-07:00,1,135,0.08333333333333333,,,False,False,0,1,0.0,8.04,,0.12433354199494896,496005961.0,stanford-crfm/levanter,Python
src/levanter/models/mixtral.py,0,class,ok,src.levanter.models.mixtral.MixtralConfig,src.levanter.models.mixtral.MixtralConfig,162ef5f321cfc2e14b1b9c1652e2cffd42b395e2,2025-05-07T16:55:19-07:00,64a2a5c46a24143f19e2cefa171f822292f20cec,2025-06-17T17:50:11-07:00,5,183,0.025510204081632654,1.5163154612223633,,False,False,3,2,40.25,0.79,0.07453281125859522,2.5400931955489567,496005961.0,stanford-crfm/levanter,Python
src/levanter/models/mixtral.py,1,class,ok,src.levanter.models.mixtral.MixtralMoEMlp,src.levanter.models.mixtral.MixtralMoEMlp,162ef5f321cfc2e14b1b9c1652e2cffd42b395e2,2025-05-07T16:55:19-07:00,162ef5f321cfc2e14b1b9c1652e2cffd42b395e2,2025-05-07T16:55:19-07:00,1,183,0.015384615384615385,,,False,False,1,0,40.25,0.0,0.024844270419531737,,496005961.0,stanford-crfm/levanter,Python
src/levanter/models/mixtral.py,2,class,ok,src.levanter.models.mixtral.MixtralSparseMoeBlock,src.levanter.models.mixtral.MixtralSparseMoeBlock,162ef5f321cfc2e14b1b9c1652e2cffd42b395e2,2025-05-07T16:55:19-07:00,162ef5f321cfc2e14b1b9c1652e2cffd42b395e2,2025-05-07T16:55:19-07:00,1,183,0.00625,,,False,False,1,0,40.25,0.0,0.024844270419531737,,496005961.0,stanford-crfm/levanter,Python
src/levanter/models/mixtral.py,3,class,ok,src.levanter.models.mixtral.MixtralDecoderLayer,src.levanter.models.mixtral.MixtralDecoderLayer,162ef5f321cfc2e14b1b9c1652e2cffd42b395e2,2025-05-07T16:55:19-07:00,64a2a5c46a24143f19e2cefa171f822292f20cec,2025-06-17T17:50:11-07:00,3,183,0.06818181818181818,0.026092886738331194,,False,False,1,2,40.25,0.79,0.024844270419531737,2.5400931955489567,496005961.0,stanford-crfm/levanter,Python
src/levanter/models/mixtral.py,4,class,ok,src.levanter.models.mixtral.MixtralTransformer,src.levanter.models.mixtral.MixtralTransformer,162ef5f321cfc2e14b1b9c1652e2cffd42b395e2,2025-05-07T16:55:19-07:00,8f6619e4a3553ab42031fb5bc961216390c43855,2025-06-24T23:58:07-07:00,2,183,0.04081632653061224,,,False,False,1,1,40.25,8.04,0.024844270419531737,0.12433354199494896,496005961.0,stanford-crfm/levanter,Python
src/levanter/models/mixtral.py,5,class,ok,src.levanter.models.mixtral.MixtralLMHeadModel,src.levanter.models.mixtral.MixtralLMHeadModel,162ef5f321cfc2e14b1b9c1652e2cffd42b395e2,2025-05-07T16:55:19-07:00,8f6619e4a3553ab42031fb5bc961216390c43855,2025-06-24T23:58:07-07:00,2,183,0.0196078431372549,,,False,False,1,1,40.25,8.04,0.024844270419531737,0.12433354199494896,496005961.0,stanford-crfm/levanter,Python
src/levanter/models/mixtral.py,30,callable,ok,src.levanter.models.mixtral.MixtralConfig.to_attention_config,src.levanter.models.mixtral.MixtralConfig.attention_config,5340e8d911051e57aeae753b0b17354bd72b0c36,2025-06-17T15:16:24-07:00,64a2a5c46a24143f19e2cefa171f822292f20cec,2025-06-17T17:50:11-07:00,2,0,0.16666666666666666,,,True,True,0,2,0.0,0.79,,2.5400931955489567,496005961.0,stanford-crfm/levanter,Python
src/levanter/models/mixtral.py,0,callable,ok,src.levanter.models.mixtral.MixtralConfig.__post_init__,src.levanter.models.mixtral.MixtralConfig.__post_init__,162ef5f321cfc2e14b1b9c1652e2cffd42b395e2,2025-05-07T16:55:19-07:00,162ef5f321cfc2e14b1b9c1652e2cffd42b395e2,2025-05-07T16:55:19-07:00,1,183,0.2,,,False,False,1,0,40.25,0.0,0.024844270419531737,,496005961.0,stanford-crfm/levanter,Python
src/levanter/models/mixtral.py,1,callable,ok,src.levanter.models.mixtral.MixtralConfig.hf_checkpoint_converter,src.levanter.models.mixtral.MixtralConfig.hf_checkpoint_converter,162ef5f321cfc2e14b1b9c1652e2cffd42b395e2,2025-05-07T16:55:19-07:00,daa5a097e16095525dcb8a883fdc7e916fd34890,2025-05-28T06:38:08+01:00,2,183,0.2,,,False,False,2,0,40.25,0.0,0.049688540839063475,,496005961.0,stanford-crfm/levanter,Python
src/levanter/models/mixtral.py,2,callable,ok,src.levanter.models.mixtral.MixtralConfig.from_hf_config,src.levanter.models.mixtral.MixtralConfig.from_hf_config,162ef5f321cfc2e14b1b9c1652e2cffd42b395e2,2025-05-07T16:55:19-07:00,162ef5f321cfc2e14b1b9c1652e2cffd42b395e2,2025-05-07T16:55:19-07:00,1,183,0.05263157894736842,,,False,False,1,0,40.25,0.0,0.024844270419531737,,496005961.0,stanford-crfm/levanter,Python
src/levanter/models/mixtral.py,3,callable,ok,src.levanter.models.mixtral.MixtralConfig.to_hf_config,src.levanter.models.mixtral.MixtralConfig.to_hf_config,162ef5f321cfc2e14b1b9c1652e2cffd42b395e2,2025-05-07T16:55:19-07:00,162ef5f321cfc2e14b1b9c1652e2cffd42b395e2,2025-05-07T16:55:19-07:00,1,183,0.029411764705882353,,,False,False,1,0,40.25,0.0,0.024844270419531737,,496005961.0,stanford-crfm/levanter,Python
src/levanter/models/mixtral.py,4,callable,ok,src.levanter.models.mixtral.MixtralConfig.model_type,src.levanter.models.mixtral.MixtralConfig.model_type,162ef5f321cfc2e14b1b9c1652e2cffd42b395e2,2025-05-07T16:55:19-07:00,162ef5f321cfc2e14b1b9c1652e2cffd42b395e2,2025-05-07T16:55:19-07:00,1,183,0.5,,,False,False,1,0,40.25,0.0,0.024844270419531737,,496005961.0,stanford-crfm/levanter,Python
src/levanter/models/mixtral.py,5,callable,ok,src.levanter.models.mixtral.MixtralConfig.mk_LayerNorm,src.levanter.models.mixtral.MixtralConfig.mk_LayerNorm,162ef5f321cfc2e14b1b9c1652e2cffd42b395e2,2025-05-07T16:55:19-07:00,162ef5f321cfc2e14b1b9c1652e2cffd42b395e2,2025-05-07T16:55:19-07:00,1,183,0.25,,,False,False,1,0,40.25,0.0,0.024844270419531737,,496005961.0,stanford-crfm/levanter,Python
src/levanter/models/mixtral.py,6,callable,ok,src.levanter.models.mixtral.MixtralConfig.flops_per_token,src.levanter.models.mixtral.MixtralConfig.flops_per_token,162ef5f321cfc2e14b1b9c1652e2cffd42b395e2,2025-05-07T16:55:19-07:00,162ef5f321cfc2e14b1b9c1652e2cffd42b395e2,2025-05-07T16:55:19-07:00,1,183,0.07142857142857142,,,False,False,1,0,40.25,0.0,0.024844270419531737,,496005961.0,stanford-crfm/levanter,Python
src/levanter/models/mixtral.py,7,callable,ok,src.levanter.models.mixtral.MixtralMoEMlp.init,src.levanter.models.mixtral.MixtralMoEMlp.init,162ef5f321cfc2e14b1b9c1652e2cffd42b395e2,2025-05-07T16:55:19-07:00,162ef5f321cfc2e14b1b9c1652e2cffd42b395e2,2025-05-07T16:55:19-07:00,1,183,0.0625,,,False,False,1,0,40.25,0.0,0.024844270419531737,,496005961.0,stanford-crfm/levanter,Python
src/levanter/models/mixtral.py,8,callable,ok,src.levanter.models.mixtral.MixtralMoEMlp.__call__,src.levanter.models.mixtral.MixtralMoEMlp.__call__,162ef5f321cfc2e14b1b9c1652e2cffd42b395e2,2025-05-07T16:55:19-07:00,162ef5f321cfc2e14b1b9c1652e2cffd42b395e2,2025-05-07T16:55:19-07:00,1,183,0.14285714285714285,,,False,False,1,0,40.25,0.0,0.024844270419531737,,496005961.0,stanford-crfm/levanter,Python
src/levanter/models/mixtral.py,9,callable,ok,src.levanter.models.mixtral.MixtralMoEMlp.to_state_dict,src.levanter.models.mixtral.MixtralMoEMlp.to_state_dict,162ef5f321cfc2e14b1b9c1652e2cffd42b395e2,2025-05-07T16:55:19-07:00,162ef5f321cfc2e14b1b9c1652e2cffd42b395e2,2025-05-07T16:55:19-07:00,1,183,0.07692307692307693,,,False,False,1,0,40.25,0.0,0.024844270419531737,,496005961.0,stanford-crfm/levanter,Python
src/levanter/models/mixtral.py,10,callable,ok,src.levanter.models.mixtral.MixtralMoEMlp.from_state_dict,src.levanter.models.mixtral.MixtralMoEMlp.from_state_dict,162ef5f321cfc2e14b1b9c1652e2cffd42b395e2,2025-05-07T16:55:19-07:00,162ef5f321cfc2e14b1b9c1652e2cffd42b395e2,2025-05-07T16:55:19-07:00,1,183,0.07142857142857142,,,False,False,1,0,40.25,0.0,0.024844270419531737,,496005961.0,stanford-crfm/levanter,Python
src/levanter/models/mixtral.py,11,callable,ok,src.levanter.models.mixtral.MixtralSparseMoeBlock.init,src.levanter.models.mixtral.MixtralSparseMoeBlock.init,162ef5f321cfc2e14b1b9c1652e2cffd42b395e2,2025-05-07T16:55:19-07:00,162ef5f321cfc2e14b1b9c1652e2cffd42b395e2,2025-05-07T16:55:19-07:00,1,183,0.07142857142857142,,,False,False,1,0,40.25,0.0,0.024844270419531737,,496005961.0,stanford-crfm/levanter,Python
src/levanter/models/mixtral.py,12,callable,ok,src.levanter.models.mixtral.MixtralSparseMoeBlock._route,src.levanter.models.mixtral.MixtralSparseMoeBlock._route,162ef5f321cfc2e14b1b9c1652e2cffd42b395e2,2025-05-07T16:55:19-07:00,162ef5f321cfc2e14b1b9c1652e2cffd42b395e2,2025-05-07T16:55:19-07:00,1,183,0.041666666666666664,,,False,False,1,0,40.25,0.0,0.024844270419531737,,496005961.0,stanford-crfm/levanter,Python
src/levanter/models/mixtral.py,13,callable,ok,src.levanter.models.mixtral.MixtralSparseMoeBlock._permute,src.levanter.models.mixtral.MixtralSparseMoeBlock._permute,162ef5f321cfc2e14b1b9c1652e2cffd42b395e2,2025-05-07T16:55:19-07:00,162ef5f321cfc2e14b1b9c1652e2cffd42b395e2,2025-05-07T16:55:19-07:00,1,183,0.03225806451612903,,,False,False,1,0,40.25,0.0,0.024844270419531737,,496005961.0,stanford-crfm/levanter,Python
src/levanter/models/mixtral.py,14,callable,ok,src.levanter.models.mixtral.MixtralSparseMoeBlock._unpermute,src.levanter.models.mixtral.MixtralSparseMoeBlock._unpermute,162ef5f321cfc2e14b1b9c1652e2cffd42b395e2,2025-05-07T16:55:19-07:00,162ef5f321cfc2e14b1b9c1652e2cffd42b395e2,2025-05-07T16:55:19-07:00,1,183,0.030303030303030304,,,False,False,1,0,40.25,0.0,0.024844270419531737,,496005961.0,stanford-crfm/levanter,Python
src/levanter/models/mixtral.py,15,callable,ok,src.levanter.models.mixtral.MixtralSparseMoeBlock.__call__,src.levanter.models.mixtral.MixtralSparseMoeBlock.__call__,162ef5f321cfc2e14b1b9c1652e2cffd42b395e2,2025-05-07T16:55:19-07:00,162ef5f321cfc2e14b1b9c1652e2cffd42b395e2,2025-05-07T16:55:19-07:00,1,183,0.022222222222222223,,,False,False,1,0,40.25,0.0,0.024844270419531737,,496005961.0,stanford-crfm/levanter,Python
src/levanter/models/mixtral.py,16,callable,ok,src.levanter.models.mixtral.MixtralDecoderLayer.init,src.levanter.models.mixtral.MixtralDecoderLayer.init,162ef5f321cfc2e14b1b9c1652e2cffd42b395e2,2025-05-07T16:55:19-07:00,64a2a5c46a24143f19e2cefa171f822292f20cec,2025-06-17T17:50:11-07:00,3,183,0.16666666666666666,0.026092886738331194,,False,False,1,2,40.25,0.79,0.024844270419531737,2.5400931955489567,496005961.0,stanford-crfm/levanter,Python
src/levanter/models/mixtral.py,17,callable,ok,src.levanter.models.mixtral.MixtralDecoderLayer.__call__,src.levanter.models.mixtral.MixtralDecoderLayer.__call__,162ef5f321cfc2e14b1b9c1652e2cffd42b395e2,2025-05-07T16:55:19-07:00,162ef5f321cfc2e14b1b9c1652e2cffd42b395e2,2025-05-07T16:55:19-07:00,1,183,0.06666666666666667,,,False,False,1,0,40.25,0.0,0.024844270419531737,,496005961.0,stanford-crfm/levanter,Python
src/levanter/models/mixtral.py,18,callable,ok,src.levanter.models.mixtral.MixtralTransformer.init,src.levanter.models.mixtral.MixtralTransformer.init,162ef5f321cfc2e14b1b9c1652e2cffd42b395e2,2025-05-07T16:55:19-07:00,162ef5f321cfc2e14b1b9c1652e2cffd42b395e2,2025-05-07T16:55:19-07:00,1,183,0.07142857142857142,,,False,False,1,0,40.25,0.0,0.024844270419531737,,496005961.0,stanford-crfm/levanter,Python
src/levanter/models/mixtral.py,19,callable,ok,src.levanter.models.mixtral.MixtralTransformer.__call__,src.levanter.models.mixtral.MixtralTransformer.__call__,162ef5f321cfc2e14b1b9c1652e2cffd42b395e2,2025-05-07T16:55:19-07:00,8f6619e4a3553ab42031fb5bc961216390c43855,2025-06-24T23:58:07-07:00,2,183,0.07407407407407407,,,False,False,1,1,40.25,8.04,0.024844270419531737,0.12433354199494896,496005961.0,stanford-crfm/levanter,Python
src/levanter/models/mixtral.py,20,callable,ok,src.levanter.models.mixtral.MixtralLMHeadModel.config,src.levanter.models.mixtral.MixtralLMHeadModel.config,162ef5f321cfc2e14b1b9c1652e2cffd42b395e2,2025-05-07T16:55:19-07:00,162ef5f321cfc2e14b1b9c1652e2cffd42b395e2,2025-05-07T16:55:19-07:00,1,183,0.5,,,False,False,1,0,40.25,0.0,0.024844270419531737,,496005961.0,stanford-crfm/levanter,Python
src/levanter/models/mixtral.py,21,callable,ok,src.levanter.models.mixtral.MixtralLMHeadModel.vocab_size,src.levanter.models.mixtral.MixtralLMHeadModel.vocab_size,162ef5f321cfc2e14b1b9c1652e2cffd42b395e2,2025-05-07T16:55:19-07:00,162ef5f321cfc2e14b1b9c1652e2cffd42b395e2,2025-05-07T16:55:19-07:00,1,183,0.5,,,False,False,1,0,40.25,0.0,0.024844270419531737,,496005961.0,stanford-crfm/levanter,Python
src/levanter/models/mixtral.py,22,callable,ok,src.levanter.models.mixtral.MixtralLMHeadModel.Vocab,src.levanter.models.mixtral.MixtralLMHeadModel.Vocab,162ef5f321cfc2e14b1b9c1652e2cffd42b395e2,2025-05-07T16:55:19-07:00,162ef5f321cfc2e14b1b9c1652e2cffd42b395e2,2025-05-07T16:55:19-07:00,1,183,0.5,,,False,False,1,0,40.25,0.0,0.024844270419531737,,496005961.0,stanford-crfm/levanter,Python
src/levanter/models/mixtral.py,23,callable,ok,src.levanter.models.mixtral.MixtralLMHeadModel.init,src.levanter.models.mixtral.MixtralLMHeadModel.init,162ef5f321cfc2e14b1b9c1652e2cffd42b395e2,2025-05-07T16:55:19-07:00,162ef5f321cfc2e14b1b9c1652e2cffd42b395e2,2025-05-07T16:55:19-07:00,1,183,0.1,,,False,False,1,0,40.25,0.0,0.024844270419531737,,496005961.0,stanford-crfm/levanter,Python
src/levanter/models/mixtral.py,24,callable,ok,src.levanter.models.mixtral.MixtralLMHeadModel.__call__,src.levanter.models.mixtral.MixtralLMHeadModel.__call__,162ef5f321cfc2e14b1b9c1652e2cffd42b395e2,2025-05-07T16:55:19-07:00,8f6619e4a3553ab42031fb5bc961216390c43855,2025-06-24T23:58:07-07:00,2,183,0.08333333333333333,,,False,False,1,1,40.25,8.04,0.024844270419531737,0.12433354199494896,496005961.0,stanford-crfm/levanter,Python
src/levanter/models/mixtral.py,25,callable,ok,src.levanter.models.mixtral.MixtralLMHeadModel.activations,src.levanter.models.mixtral.MixtralLMHeadModel.activations,162ef5f321cfc2e14b1b9c1652e2cffd42b395e2,2025-05-07T16:55:19-07:00,8f6619e4a3553ab42031fb5bc961216390c43855,2025-06-24T23:58:07-07:00,2,183,0.07142857142857142,,,False,False,1,1,40.25,8.04,0.024844270419531737,0.12433354199494896,496005961.0,stanford-crfm/levanter,Python
src/levanter/models/mixtral.py,26,callable,ok,src.levanter.models.mixtral.MixtralLMHeadModel.get_lm_head,src.levanter.models.mixtral.MixtralLMHeadModel.get_lm_head,162ef5f321cfc2e14b1b9c1652e2cffd42b395e2,2025-05-07T16:55:19-07:00,162ef5f321cfc2e14b1b9c1652e2cffd42b395e2,2025-05-07T16:55:19-07:00,1,183,0.2,,,False,False,1,0,40.25,0.0,0.024844270419531737,,496005961.0,stanford-crfm/levanter,Python
src/levanter/models/mixtral.py,27,callable,ok,src.levanter.models.mixtral.MixtralLMHeadModel.resize_vocab,src.levanter.models.mixtral.MixtralLMHeadModel.resize_vocab,162ef5f321cfc2e14b1b9c1652e2cffd42b395e2,2025-05-07T16:55:19-07:00,162ef5f321cfc2e14b1b9c1652e2cffd42b395e2,2025-05-07T16:55:19-07:00,1,183,0.1,,,False,False,1,0,40.25,0.0,0.024844270419531737,,496005961.0,stanford-crfm/levanter,Python
src/levanter/models/mixtral.py,28,callable,ok,src.levanter.models.mixtral.MixtralLMHeadModel._state_dict_key_map,src.levanter.models.mixtral.MixtralLMHeadModel._state_dict_key_map,162ef5f321cfc2e14b1b9c1652e2cffd42b395e2,2025-05-07T16:55:19-07:00,162ef5f321cfc2e14b1b9c1652e2cffd42b395e2,2025-05-07T16:55:19-07:00,1,183,0.5,,,False,False,1,0,40.25,0.0,0.024844270419531737,,496005961.0,stanford-crfm/levanter,Python
src/levanter/models/mixtral.py,29,callable,ok,src.levanter.models.mixtral.MixtralConfig.total_trainable_params,src.levanter.models.mixtral.MixtralConfig.total_trainable_params,88f98cbbee66045e7f369203b722076038ee334a,2025-05-18T02:04:35-07:00,88f98cbbee66045e7f369203b722076038ee334a,2025-05-18T02:04:35-07:00,1,173,0.05555555555555555,,,False,False,1,0,29.87,0.0,0.033479197754723806,,496005961.0,stanford-crfm/levanter,Python
src/levanter/models/mixtral.py,31,callable,ok,src.levanter.models.mixtral.MixtralConfig.attention_config,src.levanter.models.mixtral.MixtralConfig.attention_config,8f6619e4a3553ab42031fb5bc961216390c43855,2025-06-24T23:58:07-07:00,8f6619e4a3553ab42031fb5bc961216390c43855,2025-06-24T23:58:07-07:00,1,135,0.08333333333333333,,,False,False,0,1,0.0,8.04,,0.12433354199494896,496005961.0,stanford-crfm/levanter,Python
src/levanter/models/rotary.py,0,class,ok,src.levanter.models.rotary.RotaryEmbeddings,src.levanter.models.rotary.RotaryEmbeddings,9fa3aaa4096e6843d18b901b9e3e73adf3fa814e,2024-09-24T00:48:36-07:00,9fa3aaa4096e6843d18b901b9e3e73adf3fa814e,2024-09-24T00:48:36-07:00,1,409,0.0625,,,False,False,1,0,265.92,0.0,0.003760500348499147,,496005961.0,stanford-crfm/levanter,Python
src/levanter/models/rotary.py,1,class,ok,src.levanter.models.rotary.RotaryEmbeddingsConfig,src.levanter.models.rotary.RotaryEmbeddingsConfig,9fa3aaa4096e6843d18b901b9e3e73adf3fa814e,2024-09-24T00:48:36-07:00,9fa3aaa4096e6843d18b901b9e3e73adf3fa814e,2024-09-24T00:48:36-07:00,1,409,0.047619047619047616,,,False,False,1,0,265.92,0.0,0.003760500348499147,,496005961.0,stanford-crfm/levanter,Python
src/levanter/models/rotary.py,2,class,ok,src.levanter.models.rotary.DefaultRotaryEmbeddingsConfig,src.levanter.models.rotary.DefaultRotaryEmbeddingsConfig,9fa3aaa4096e6843d18b901b9e3e73adf3fa814e,2024-09-24T00:48:36-07:00,9fa3aaa4096e6843d18b901b9e3e73adf3fa814e,2024-09-24T00:48:36-07:00,1,409,0.038461538461538464,,,False,False,1,0,265.92,0.0,0.003760500348499147,,496005961.0,stanford-crfm/levanter,Python
src/levanter/models/rotary.py,3,class,ok,src.levanter.models.rotary.Llama3RotaryEmbeddingsConfig,src.levanter.models.rotary.Llama3RotaryEmbeddingsConfig,9fa3aaa4096e6843d18b901b9e3e73adf3fa814e,2024-09-24T00:48:36-07:00,9fa3aaa4096e6843d18b901b9e3e73adf3fa814e,2024-09-24T00:48:36-07:00,1,409,0.015873015873015872,,,False,False,1,0,265.92,0.0,0.003760500348499147,,496005961.0,stanford-crfm/levanter,Python
src/levanter/models/rotary.py,0,callable,ok,src.levanter.models.rotary._rotate_half,src.levanter.models.rotary._rotate_half,9fa3aaa4096e6843d18b901b9e3e73adf3fa814e,2024-09-24T00:48:36-07:00,9fa3aaa4096e6843d18b901b9e3e73adf3fa814e,2024-09-24T00:48:36-07:00,1,409,0.16666666666666666,,,False,False,1,0,265.92,0.0,0.003760500348499147,,496005961.0,stanford-crfm/levanter,Python
src/levanter/models/rotary.py,1,callable,ok,src.levanter.models.rotary.rotary_pos_emb,src.levanter.models.rotary.rotary_pos_emb,9fa3aaa4096e6843d18b901b9e3e73adf3fa814e,2024-09-24T00:48:36-07:00,9fa3aaa4096e6843d18b901b9e3e73adf3fa814e,2024-09-24T00:48:36-07:00,1,409,0.058823529411764705,,,False,False,1,0,265.92,0.0,0.003760500348499147,,496005961.0,stanford-crfm/levanter,Python
src/levanter/models/rotary.py,2,callable,ok,src.levanter.models.rotary.RotaryEmbeddings.nograd_cos,src.levanter.models.rotary.RotaryEmbeddings.nograd_cos,9fa3aaa4096e6843d18b901b9e3e73adf3fa814e,2024-09-24T00:48:36-07:00,9fa3aaa4096e6843d18b901b9e3e73adf3fa814e,2024-09-24T00:48:36-07:00,1,409,0.5,,,False,False,1,0,265.92,0.0,0.003760500348499147,,496005961.0,stanford-crfm/levanter,Python
src/levanter/models/rotary.py,3,callable,ok,src.levanter.models.rotary.RotaryEmbeddings.nograd_sin,src.levanter.models.rotary.RotaryEmbeddings.nograd_sin,9fa3aaa4096e6843d18b901b9e3e73adf3fa814e,2024-09-24T00:48:36-07:00,9fa3aaa4096e6843d18b901b9e3e73adf3fa814e,2024-09-24T00:48:36-07:00,1,409,0.5,,,False,False,1,0,265.92,0.0,0.003760500348499147,,496005961.0,stanford-crfm/levanter,Python
src/levanter/models/rotary.py,4,callable,ok,src.levanter.models.rotary.RotaryEmbeddings.__call__,src.levanter.models.rotary.RotaryEmbeddings.__call__,9fa3aaa4096e6843d18b901b9e3e73adf3fa814e,2024-09-24T00:48:36-07:00,9fa3aaa4096e6843d18b901b9e3e73adf3fa814e,2024-09-24T00:48:36-07:00,1,409,0.25,,,False,False,1,0,265.92,0.0,0.003760500348499147,,496005961.0,stanford-crfm/levanter,Python
src/levanter/models/rotary.py,5,callable,ok,src.levanter.models.rotary.RotaryEmbeddingsConfig.build,src.levanter.models.rotary.RotaryEmbeddingsConfig.build,9fa3aaa4096e6843d18b901b9e3e73adf3fa814e,2024-09-24T00:48:36-07:00,9fa3aaa4096e6843d18b901b9e3e73adf3fa814e,2024-09-24T00:48:36-07:00,1,409,0.5,,,False,False,1,0,265.92,0.0,0.003760500348499147,,496005961.0,stanford-crfm/levanter,Python
src/levanter/models/rotary.py,6,callable,ok,src.levanter.models.rotary.RotaryEmbeddingsConfig.from_hf_config,src.levanter.models.rotary.RotaryEmbeddingsConfig.from_hf_config,9fa3aaa4096e6843d18b901b9e3e73adf3fa814e,2024-09-24T00:48:36-07:00,9fa3aaa4096e6843d18b901b9e3e73adf3fa814e,2024-09-24T00:48:36-07:00,1,409,0.2,,,False,False,1,0,265.92,0.0,0.003760500348499147,,496005961.0,stanford-crfm/levanter,Python
src/levanter/models/rotary.py,7,callable,ok,src.levanter.models.rotary.RotaryEmbeddingsConfig.make_from_hf_config,src.levanter.models.rotary.RotaryEmbeddingsConfig.make_from_hf_config,9fa3aaa4096e6843d18b901b9e3e73adf3fa814e,2024-09-24T00:48:36-07:00,9fa3aaa4096e6843d18b901b9e3e73adf3fa814e,2024-09-24T00:48:36-07:00,1,409,0.5,,,False,False,1,0,265.92,0.0,0.003760500348499147,,496005961.0,stanford-crfm/levanter,Python
src/levanter/models/rotary.py,8,callable,ok,src.levanter.models.rotary.RotaryEmbeddingsConfig.to_hf_config,src.levanter.models.rotary.RotaryEmbeddingsConfig.to_hf_config,9fa3aaa4096e6843d18b901b9e3e73adf3fa814e,2024-09-24T00:48:36-07:00,9fa3aaa4096e6843d18b901b9e3e73adf3fa814e,2024-09-24T00:48:36-07:00,1,409,0.3333333333333333,,,False,False,1,0,265.92,0.0,0.003760500348499147,,496005961.0,stanford-crfm/levanter,Python
src/levanter/models/rotary.py,9,callable,ok,src.levanter.models.rotary.DefaultRotaryEmbeddingsConfig.build,src.levanter.models.rotary.DefaultRotaryEmbeddingsConfig.build,9fa3aaa4096e6843d18b901b9e3e73adf3fa814e,2024-09-24T00:48:36-07:00,9fa3aaa4096e6843d18b901b9e3e73adf3fa814e,2024-09-24T00:48:36-07:00,1,409,0.07692307692307693,,,False,False,1,0,265.92,0.0,0.003760500348499147,,496005961.0,stanford-crfm/levanter,Python
src/levanter/models/rotary.py,10,callable,ok,src.levanter.models.rotary.DefaultRotaryEmbeddingsConfig.make_from_hf_config,src.levanter.models.rotary.DefaultRotaryEmbeddingsConfig.make_from_hf_config,9fa3aaa4096e6843d18b901b9e3e73adf3fa814e,2024-09-24T00:48:36-07:00,9fa3aaa4096e6843d18b901b9e3e73adf3fa814e,2024-09-24T00:48:36-07:00,1,409,0.5,,,False,False,1,0,265.92,0.0,0.003760500348499147,,496005961.0,stanford-crfm/levanter,Python
src/levanter/models/rotary.py,11,callable,ok,src.levanter.models.rotary.DefaultRotaryEmbeddingsConfig.to_hf_config,src.levanter.models.rotary.DefaultRotaryEmbeddingsConfig.to_hf_config,9fa3aaa4096e6843d18b901b9e3e73adf3fa814e,2024-09-24T00:48:36-07:00,9fa3aaa4096e6843d18b901b9e3e73adf3fa814e,2024-09-24T00:48:36-07:00,1,409,0.25,,,False,False,1,0,265.92,0.0,0.003760500348499147,,496005961.0,stanford-crfm/levanter,Python
src/levanter/models/rotary.py,12,callable,ok,src.levanter.models.rotary.Llama3RotaryEmbeddingsConfig.build,src.levanter.models.rotary.Llama3RotaryEmbeddingsConfig.build,9fa3aaa4096e6843d18b901b9e3e73adf3fa814e,2024-09-24T00:48:36-07:00,9fa3aaa4096e6843d18b901b9e3e73adf3fa814e,2024-09-24T00:48:36-07:00,1,409,0.037037037037037035,,,False,False,1,0,265.92,0.0,0.003760500348499147,,496005961.0,stanford-crfm/levanter,Python
src/levanter/models/rotary.py,13,callable,ok,src.levanter.models.rotary.Llama3RotaryEmbeddingsConfig.make_from_hf_config,src.levanter.models.rotary.Llama3RotaryEmbeddingsConfig.make_from_hf_config,9fa3aaa4096e6843d18b901b9e3e73adf3fa814e,2024-09-24T00:48:36-07:00,9fa3aaa4096e6843d18b901b9e3e73adf3fa814e,2024-09-24T00:48:36-07:00,1,409,0.125,,,False,False,1,0,265.92,0.0,0.003760500348499147,,496005961.0,stanford-crfm/levanter,Python
src/levanter/models/rotary.py,14,callable,ok,src.levanter.models.rotary.Llama3RotaryEmbeddingsConfig.to_hf_config,src.levanter.models.rotary.Llama3RotaryEmbeddingsConfig.to_hf_config,9fa3aaa4096e6843d18b901b9e3e73adf3fa814e,2024-09-24T00:48:36-07:00,45d3e70f3a61fadf693da75fd322072947caf3f1,2024-11-05T12:21:15-05:00,2,409,0.25,,,False,False,2,0,265.92,0.0,0.007521000696998294,,496005961.0,stanford-crfm/levanter,Python
src/levanter/models/whisper.py,0,class,ok,src.levanter.models.whisper.WhisperConfig,src.levanter.models.whisper.WhisperConfig,4228d63e9f4dbfde05bbc01f44c594b57588a57f,2024-03-05T20:53:43Z,daa5a097e16095525dcb8a883fdc7e916fd34890,2025-05-28T06:38:08+01:00,8,611,0.08888888888888889,1.6523101536444325,,False,False,8,0,468.38,0.0,0.017080263821873606,,496005961.0,stanford-crfm/levanter,Python
src/levanter/models/whisper.py,1,class,ok,src.levanter.models.whisper.WhisperMlp,src.levanter.models.whisper.WhisperMlp,4228d63e9f4dbfde05bbc01f44c594b57588a57f,2024-03-05T20:53:43Z,6835c64b6e46913f12dac01337685a77a36faa87,2025-03-28T14:16:25-07:00,5,611,0.22727272727272727,1.7014371795435839,,False,False,5,0,468.38,0.0,0.010675164888671004,,496005961.0,stanford-crfm/levanter,Python
src/levanter/models/whisper.py,2,class,ok,src.levanter.models.whisper.WhisperAttention,src.levanter.models.whisper.WhisperAttention,4228d63e9f4dbfde05bbc01f44c594b57588a57f,2024-03-05T20:53:43Z,22356c08e535670d3e067ec311a03acf18e82ff8,2025-03-12T11:09:17-07:00,4,611,0.07407407407407407,1.5477351778631463,,False,False,4,0,468.38,0.0,0.008540131910936803,,496005961.0,stanford-crfm/levanter,Python
src/levanter/models/whisper.py,3,class,ok,src.levanter.models.whisper.WhisperLayer,src.levanter.models.whisper.WhisperLayer,4228d63e9f4dbfde05bbc01f44c594b57588a57f,2024-03-05T20:53:43Z,3d5677e5b68cb0e9b05e1c42b659c1d54e2d90c7,2024-11-16T20:09:00-08:00,2,611,0.03571428571428571,,,False,False,2,0,468.38,0.0,0.004270065955468401,,496005961.0,stanford-crfm/levanter,Python
src/levanter/models/whisper.py,4,class,ok,src.levanter.models.whisper.WhisperTransformer,src.levanter.models.whisper.WhisperTransformer,4228d63e9f4dbfde05bbc01f44c594b57588a57f,2024-03-05T20:53:43Z,3d5677e5b68cb0e9b05e1c42b659c1d54e2d90c7,2024-11-16T20:09:00-08:00,2,611,0.058823529411764705,,,False,False,2,0,468.38,0.0,0.004270065955468401,,496005961.0,stanford-crfm/levanter,Python
src/levanter/models/whisper.py,5,class,ok,src.levanter.models.whisper.WhisperEncoder,src.levanter.models.whisper.WhisperEncoder,4228d63e9f4dbfde05bbc01f44c594b57588a57f,2024-03-05T20:53:43Z,6835c64b6e46913f12dac01337685a77a36faa87,2025-03-28T14:16:25-07:00,5,611,0.10416666666666667,1.2644866018286083,,False,False,5,0,468.38,0.0,0.010675164888671004,,496005961.0,stanford-crfm/levanter,Python
src/levanter/models/whisper.py,6,class,ok,src.levanter.models.whisper.WhisperDecoderEmbeddings,src.levanter.models.whisper.WhisperDecoderEmbeddings,4228d63e9f4dbfde05bbc01f44c594b57588a57f,2024-03-05T20:53:43Z,22356c08e535670d3e067ec311a03acf18e82ff8,2025-03-12T11:09:17-07:00,2,611,0.05263157894736842,,,False,False,2,0,468.38,0.0,0.004270065955468401,,496005961.0,stanford-crfm/levanter,Python
src/levanter/models/whisper.py,7,class,ok,src.levanter.models.whisper.WhisperDecoder,src.levanter.models.whisper.WhisperDecoder,4228d63e9f4dbfde05bbc01f44c594b57588a57f,2024-03-05T20:53:43Z,3d5677e5b68cb0e9b05e1c42b659c1d54e2d90c7,2024-11-16T20:09:00-08:00,2,611,0.03571428571428571,,,False,False,2,0,468.38,0.0,0.004270065955468401,,496005961.0,stanford-crfm/levanter,Python
src/levanter/models/whisper.py,8,class,ok,src.levanter.models.whisper.WhisperModel,src.levanter.models.whisper.WhisperModel,4228d63e9f4dbfde05bbc01f44c594b57588a57f,2024-03-05T20:53:43Z,19829c2c360cc1b8e7975f540e612845e4877a69,2024-03-15T19:01:24-04:00,2,611,0.046511627906976744,,,False,False,2,0,468.38,0.0,0.004270065955468401,,496005961.0,stanford-crfm/levanter,Python
src/levanter/models/whisper.py,9,class,ok,src.levanter.models.whisper.WhisperASRModel,src.levanter.models.whisper.WhisperASRModel,19829c2c360cc1b8e7975f540e612845e4877a69,2024-03-15T19:01:24-04:00,19829c2c360cc1b8e7975f540e612845e4877a69,2024-03-15T19:01:24-04:00,1,601,0.5,,,False,False,1,0,458.29,0.0,0.0021820331892299085,,496005961.0,stanford-crfm/levanter,Python
src/levanter/models/whisper.py,2,callable,ok,src.levanter.models.whisper.WhisperConfig.default_hf_checkpoint_converter,src.levanter.models.whisper.WhisperConfig.default_hf_checkpoint_converter,4228d63e9f4dbfde05bbc01f44c594b57588a57f,2024-03-05T20:53:43Z,4228d63e9f4dbfde05bbc01f44c594b57588a57f,2024-03-05T20:53:43Z,1,0,0.5,,,True,False,1,0,468.38,0.0,0.0021350329777342007,,496005961.0,stanford-crfm/levanter,Python
src/levanter/models/whisper.py,7,callable,ok,src.levanter.models.whisper.WhisperMlp.from_state_dict,src.levanter.models.whisper.WhisperMlp.from_state_dict,4228d63e9f4dbfde05bbc01f44c594b57588a57f,2024-03-05T20:53:43Z,4228d63e9f4dbfde05bbc01f44c594b57588a57f,2024-03-05T20:53:43Z,1,0,0.1,,,True,False,1,0,468.38,0.0,0.0021350329777342007,,496005961.0,stanford-crfm/levanter,Python
src/levanter/models/whisper.py,8,callable,ok,src.levanter.models.whisper.WhisperMlp.update_state_dict,src.levanter.models.whisper.WhisperMlp.update_state_dict,4228d63e9f4dbfde05bbc01f44c594b57588a57f,2024-03-05T20:53:43Z,4228d63e9f4dbfde05bbc01f44c594b57588a57f,2024-03-05T20:53:43Z,1,0,0.1111111111111111,,,True,False,1,0,468.38,0.0,0.0021350329777342007,,496005961.0,stanford-crfm/levanter,Python
src/levanter/models/whisper.py,11,callable,ok,src.levanter.models.whisper.WhisperAttention.from_state_dict,src.levanter.models.whisper.WhisperAttention.from_state_dict,4228d63e9f4dbfde05bbc01f44c594b57588a57f,2024-03-05T20:53:43Z,4228d63e9f4dbfde05bbc01f44c594b57588a57f,2024-03-05T20:53:43Z,1,0,0.1111111111111111,,,True,False,1,0,468.38,0.0,0.0021350329777342007,,496005961.0,stanford-crfm/levanter,Python
src/levanter/models/whisper.py,12,callable,ok,src.levanter.models.whisper.WhisperAttention.update_state_dict,src.levanter.models.whisper.WhisperAttention.update_state_dict,4228d63e9f4dbfde05bbc01f44c594b57588a57f,2024-03-05T20:53:43Z,4228d63e9f4dbfde05bbc01f44c594b57588a57f,2024-03-05T20:53:43Z,1,0,0.08333333333333333,,,True,False,1,0,468.38,0.0,0.0021350329777342007,,496005961.0,stanford-crfm/levanter,Python
src/levanter/models/whisper.py,18,callable,ok,src.levanter.models.whisper.WhisperTransformer.from_state_dict,src.levanter.models.whisper.WhisperTransformer.from_state_dict,4228d63e9f4dbfde05bbc01f44c594b57588a57f,2024-03-05T20:53:43Z,4228d63e9f4dbfde05bbc01f44c594b57588a57f,2024-03-05T20:53:43Z,1,0,0.25,,,True,False,1,0,468.38,0.0,0.0021350329777342007,,496005961.0,stanford-crfm/levanter,Python
src/levanter/models/whisper.py,19,callable,ok,src.levanter.models.whisper.WhisperTransformer.update_state_dict,src.levanter.models.whisper.WhisperTransformer.update_state_dict,4228d63e9f4dbfde05bbc01f44c594b57588a57f,2024-03-05T20:53:43Z,4228d63e9f4dbfde05bbc01f44c594b57588a57f,2024-03-05T20:53:43Z,1,0,0.125,,,True,False,1,0,468.38,0.0,0.0021350329777342007,,496005961.0,stanford-crfm/levanter,Python
src/levanter/models/whisper.py,0,callable,ok,src.levanter.models.whisper.whisper_sinusoids,src.levanter.models.whisper.whisper_sinusoids,4228d63e9f4dbfde05bbc01f44c594b57588a57f,2024-03-05T20:53:43Z,4228d63e9f4dbfde05bbc01f44c594b57588a57f,2024-03-05T20:53:43Z,1,611,0.09090909090909091,,,False,False,1,0,468.38,0.0,0.0021350329777342007,,496005961.0,stanford-crfm/levanter,Python
src/levanter/models/whisper.py,1,callable,ok,src.levanter.models.whisper.WhisperConfig.model_type,src.levanter.models.whisper.WhisperConfig.model_type,4228d63e9f4dbfde05bbc01f44c594b57588a57f,2024-03-05T20:53:43Z,4228d63e9f4dbfde05bbc01f44c594b57588a57f,2024-03-05T20:53:43Z,1,611,0.5,,,False,False,1,0,468.38,0.0,0.0021350329777342007,,496005961.0,stanford-crfm/levanter,Python
src/levanter/models/whisper.py,3,callable,ok,src.levanter.models.whisper.WhisperConfig.to_hf_config,src.levanter.models.whisper.WhisperConfig.to_hf_config,4228d63e9f4dbfde05bbc01f44c594b57588a57f,2024-03-05T20:53:43Z,6835c64b6e46913f12dac01337685a77a36faa87,2025-03-28T14:16:25-07:00,2,611,0.11764705882352941,,,False,False,2,0,468.38,0.0,0.004270065955468401,,496005961.0,stanford-crfm/levanter,Python
src/levanter/models/whisper.py,4,callable,ok,src.levanter.models.whisper.WhisperConfig.from_hf_config,src.levanter.models.whisper.WhisperConfig.from_hf_config,4228d63e9f4dbfde05bbc01f44c594b57588a57f,2024-03-05T20:53:43Z,df31bd17d3f5a0ff3e5bc08c05bedc9cd450359f,2025-04-02T13:27:06-07:00,3,611,0.21428571428571427,0.0018619438448146224,,False,False,3,0,468.38,0.0,0.0064050989332026026,,496005961.0,stanford-crfm/levanter,Python
src/levanter/models/whisper.py,5,callable,ok,src.levanter.models.whisper.WhisperMlp.init,src.levanter.models.whisper.WhisperMlp.init,4228d63e9f4dbfde05bbc01f44c594b57588a57f,2024-03-05T20:53:43Z,6835c64b6e46913f12dac01337685a77a36faa87,2025-03-28T14:16:25-07:00,3,611,0.375,0.9931429287786699,,False,False,3,0,468.38,0.0,0.0064050989332026026,,496005961.0,stanford-crfm/levanter,Python
src/levanter/models/whisper.py,6,callable,ok,src.levanter.models.whisper.WhisperMlp.__call__,src.levanter.models.whisper.WhisperMlp.__call__,4228d63e9f4dbfde05bbc01f44c594b57588a57f,2024-03-05T20:53:43Z,4228d63e9f4dbfde05bbc01f44c594b57588a57f,2024-03-05T20:53:43Z,1,611,0.16666666666666666,,,False,False,1,0,468.38,0.0,0.0021350329777342007,,496005961.0,stanford-crfm/levanter,Python
src/levanter/models/whisper.py,9,callable,ok,src.levanter.models.whisper.WhisperAttention.init,src.levanter.models.whisper.WhisperAttention.init,4228d63e9f4dbfde05bbc01f44c594b57588a57f,2024-03-05T20:53:43Z,d4ab4b5d67e616bdfcd15c15d488363bf5303877,2024-06-07T15:53:47-07:00,2,611,0.18181818181818182,,,False,False,2,0,468.38,0.0,0.004270065955468401,,496005961.0,stanford-crfm/levanter,Python
src/levanter/models/whisper.py,10,callable,ok,src.levanter.models.whisper.WhisperAttention.__call__,src.levanter.models.whisper.WhisperAttention.__call__,4228d63e9f4dbfde05bbc01f44c594b57588a57f,2024-03-05T20:53:43Z,4228d63e9f4dbfde05bbc01f44c594b57588a57f,2024-03-05T20:53:43Z,1,611,0.03225806451612903,,,False,False,1,0,468.38,0.0,0.0021350329777342007,,496005961.0,stanford-crfm/levanter,Python
src/levanter/models/whisper.py,13,callable,ok,src.levanter.models.whisper.WhisperLayer.init,src.levanter.models.whisper.WhisperLayer.init,4228d63e9f4dbfde05bbc01f44c594b57588a57f,2024-03-05T20:53:43Z,4228d63e9f4dbfde05bbc01f44c594b57588a57f,2024-03-05T20:53:43Z,1,611,0.05263157894736842,,,False,False,1,0,468.38,0.0,0.0021350329777342007,,496005961.0,stanford-crfm/levanter,Python
src/levanter/models/whisper.py,14,callable,ok,src.levanter.models.whisper.WhisperLayer.__call__,src.levanter.models.whisper.WhisperLayer.__call__,4228d63e9f4dbfde05bbc01f44c594b57588a57f,2024-03-05T20:53:43Z,4228d63e9f4dbfde05bbc01f44c594b57588a57f,2024-03-05T20:53:43Z,1,611,0.0625,,,False,False,1,0,468.38,0.0,0.0021350329777342007,,496005961.0,stanford-crfm/levanter,Python
src/levanter/models/whisper.py,15,callable,ok,src.levanter.models.whisper.WhisperLayer._state_dict_key_map,src.levanter.models.whisper.WhisperLayer._state_dict_key_map,4228d63e9f4dbfde05bbc01f44c594b57588a57f,2024-03-05T20:53:43Z,4228d63e9f4dbfde05bbc01f44c594b57588a57f,2024-03-05T20:53:43Z,1,611,0.14285714285714285,,,False,False,1,0,468.38,0.0,0.0021350329777342007,,496005961.0,stanford-crfm/levanter,Python
src/levanter/models/whisper.py,16,callable,ok,src.levanter.models.whisper.WhisperTransformer.init,src.levanter.models.whisper.WhisperTransformer.init,4228d63e9f4dbfde05bbc01f44c594b57588a57f,2024-03-05T20:53:43Z,4228d63e9f4dbfde05bbc01f44c594b57588a57f,2024-03-05T20:53:43Z,1,611,0.07692307692307693,,,False,False,1,0,468.38,0.0,0.0021350329777342007,,496005961.0,stanford-crfm/levanter,Python
src/levanter/models/whisper.py,17,callable,ok,src.levanter.models.whisper.WhisperTransformer.__call__,src.levanter.models.whisper.WhisperTransformer.__call__,4228d63e9f4dbfde05bbc01f44c594b57588a57f,2024-03-05T20:53:43Z,19829c2c360cc1b8e7975f540e612845e4877a69,2024-03-15T19:01:24-04:00,2,611,0.15384615384615385,,,False,False,2,0,468.38,0.0,0.004270065955468401,,496005961.0,stanford-crfm/levanter,Python
src/levanter/models/whisper.py,20,callable,ok,src.levanter.models.whisper.WhisperEncoder.init,src.levanter.models.whisper.WhisperEncoder.init,4228d63e9f4dbfde05bbc01f44c594b57588a57f,2024-03-05T20:53:43Z,6835c64b6e46913f12dac01337685a77a36faa87,2025-03-28T14:16:25-07:00,3,611,0.15789473684210525,0.9242952141147291,,False,False,3,0,468.38,0.0,0.0064050989332026026,,496005961.0,stanford-crfm/levanter,Python
src/levanter/models/whisper.py,21,callable,ok,src.levanter.models.whisper.WhisperEncoder.__call__,src.levanter.models.whisper.WhisperEncoder.__call__,4228d63e9f4dbfde05bbc01f44c594b57588a57f,2024-03-05T20:53:43Z,19829c2c360cc1b8e7975f540e612845e4877a69,2024-03-15T19:01:24-04:00,2,611,0.16666666666666666,,,False,False,2,0,468.38,0.0,0.004270065955468401,,496005961.0,stanford-crfm/levanter,Python
src/levanter/models/whisper.py,22,callable,ok,src.levanter.models.whisper.WhisperEncoder.resize_vocab,src.levanter.models.whisper.WhisperEncoder.resize_vocab,4228d63e9f4dbfde05bbc01f44c594b57588a57f,2024-03-05T20:53:43Z,4228d63e9f4dbfde05bbc01f44c594b57588a57f,2024-03-05T20:53:43Z,1,611,0.3333333333333333,,,False,False,1,0,468.38,0.0,0.0021350329777342007,,496005961.0,stanford-crfm/levanter,Python
src/levanter/models/whisper.py,23,callable,ok,src.levanter.models.whisper.WhisperEncoder._state_dict_key_map,src.levanter.models.whisper.WhisperEncoder._state_dict_key_map,4228d63e9f4dbfde05bbc01f44c594b57588a57f,2024-03-05T20:53:43Z,4228d63e9f4dbfde05bbc01f44c594b57588a57f,2024-03-05T20:53:43Z,1,611,0.5,,,False,False,1,0,468.38,0.0,0.0021350329777342007,,496005961.0,stanford-crfm/levanter,Python
src/levanter/models/whisper.py,24,callable,ok,src.levanter.models.whisper.WhisperDecoderEmbeddings.init,src.levanter.models.whisper.WhisperDecoderEmbeddings.init,4228d63e9f4dbfde05bbc01f44c594b57588a57f,2024-03-05T20:53:43Z,4228d63e9f4dbfde05bbc01f44c594b57588a57f,2024-03-05T20:53:43Z,1,611,0.09090909090909091,,,False,False,1,0,468.38,0.0,0.0021350329777342007,,496005961.0,stanford-crfm/levanter,Python
src/levanter/models/whisper.py,25,callable,ok,src.levanter.models.whisper.WhisperDecoderEmbeddings.embed,src.levanter.models.whisper.WhisperDecoderEmbeddings.embed,4228d63e9f4dbfde05bbc01f44c594b57588a57f,2024-03-05T20:53:43Z,4228d63e9f4dbfde05bbc01f44c594b57588a57f,2024-03-05T20:53:43Z,1,611,0.14285714285714285,,,False,False,1,0,468.38,0.0,0.0021350329777342007,,496005961.0,stanford-crfm/levanter,Python
src/levanter/models/whisper.py,26,callable,ok,src.levanter.models.whisper.WhisperDecoderEmbeddings.unembed,src.levanter.models.whisper.WhisperDecoderEmbeddings.unembed,4228d63e9f4dbfde05bbc01f44c594b57588a57f,2024-03-05T20:53:43Z,194aee1563306a011dfb24e807a2acdc4cf6c5d8,2024-05-20T10:53:26-07:00,2,611,1.0,,,False,False,2,0,468.38,0.0,0.004270065955468401,,496005961.0,stanford-crfm/levanter,Python
src/levanter/models/whisper.py,27,callable,ok,src.levanter.models.whisper.WhisperDecoderEmbeddings.resize_embeddings,src.levanter.models.whisper.WhisperDecoderEmbeddings.resize_embeddings,4228d63e9f4dbfde05bbc01f44c594b57588a57f,2024-03-05T20:53:43Z,4228d63e9f4dbfde05bbc01f44c594b57588a57f,2024-03-05T20:53:43Z,1,611,0.3333333333333333,,,False,False,1,0,468.38,0.0,0.0021350329777342007,,496005961.0,stanford-crfm/levanter,Python
src/levanter/models/whisper.py,28,callable,ok,src.levanter.models.whisper.WhisperDecoderEmbeddings._state_dict_key_map,src.levanter.models.whisper.WhisperDecoderEmbeddings._state_dict_key_map,4228d63e9f4dbfde05bbc01f44c594b57588a57f,2024-03-05T20:53:43Z,4228d63e9f4dbfde05bbc01f44c594b57588a57f,2024-03-05T20:53:43Z,1,611,0.5,,,False,False,1,0,468.38,0.0,0.0021350329777342007,,496005961.0,stanford-crfm/levanter,Python
src/levanter/models/whisper.py,29,callable,ok,src.levanter.models.whisper.WhisperDecoder.config,src.levanter.models.whisper.WhisperDecoder.config,4228d63e9f4dbfde05bbc01f44c594b57588a57f,2024-03-05T20:53:43Z,4228d63e9f4dbfde05bbc01f44c594b57588a57f,2024-03-05T20:53:43Z,1,611,0.5,,,False,False,1,0,468.38,0.0,0.0021350329777342007,,496005961.0,stanford-crfm/levanter,Python
src/levanter/models/whisper.py,30,callable,ok,src.levanter.models.whisper.WhisperDecoder.Vocab,src.levanter.models.whisper.WhisperDecoder.Vocab,4228d63e9f4dbfde05bbc01f44c594b57588a57f,2024-03-05T20:53:43Z,4228d63e9f4dbfde05bbc01f44c594b57588a57f,2024-03-05T20:53:43Z,1,611,0.5,,,False,False,1,0,468.38,0.0,0.0021350329777342007,,496005961.0,stanford-crfm/levanter,Python
src/levanter/models/whisper.py,31,callable,ok,src.levanter.models.whisper.WhisperDecoder.Pos,src.levanter.models.whisper.WhisperDecoder.Pos,4228d63e9f4dbfde05bbc01f44c594b57588a57f,2024-03-05T20:53:43Z,4228d63e9f4dbfde05bbc01f44c594b57588a57f,2024-03-05T20:53:43Z,1,611,0.5,,,False,False,1,0,468.38,0.0,0.0021350329777342007,,496005961.0,stanford-crfm/levanter,Python
src/levanter/models/whisper.py,32,callable,ok,src.levanter.models.whisper.WhisperDecoder.init,src.levanter.models.whisper.WhisperDecoder.init,4228d63e9f4dbfde05bbc01f44c594b57588a57f,2024-03-05T20:53:43Z,4228d63e9f4dbfde05bbc01f44c594b57588a57f,2024-03-05T20:53:43Z,1,611,0.07142857142857142,,,False,False,1,0,468.38,0.0,0.0021350329777342007,,496005961.0,stanford-crfm/levanter,Python
src/levanter/models/whisper.py,33,callable,ok,src.levanter.models.whisper.WhisperDecoder.__call__,src.levanter.models.whisper.WhisperDecoder.__call__,4228d63e9f4dbfde05bbc01f44c594b57588a57f,2024-03-05T20:53:43Z,4228d63e9f4dbfde05bbc01f44c594b57588a57f,2024-03-05T20:53:43Z,1,611,0.058823529411764705,,,False,False,1,0,468.38,0.0,0.0021350329777342007,,496005961.0,stanford-crfm/levanter,Python
src/levanter/models/whisper.py,34,callable,ok,src.levanter.models.whisper.WhisperDecoder.resize_vocab,src.levanter.models.whisper.WhisperDecoder.resize_vocab,4228d63e9f4dbfde05bbc01f44c594b57588a57f,2024-03-05T20:53:43Z,4228d63e9f4dbfde05bbc01f44c594b57588a57f,2024-03-05T20:53:43Z,1,611,0.3333333333333333,,,False,False,1,0,468.38,0.0,0.0021350329777342007,,496005961.0,stanford-crfm/levanter,Python
src/levanter/models/whisper.py,35,callable,ok,src.levanter.models.whisper.WhisperDecoder._state_dict_key_map,src.levanter.models.whisper.WhisperDecoder._state_dict_key_map,4228d63e9f4dbfde05bbc01f44c594b57588a57f,2024-03-05T20:53:43Z,4228d63e9f4dbfde05bbc01f44c594b57588a57f,2024-03-05T20:53:43Z,1,611,0.5,,,False,False,1,0,468.38,0.0,0.0021350329777342007,,496005961.0,stanford-crfm/levanter,Python
src/levanter/models/whisper.py,36,callable,ok,src.levanter.models.whisper.WhisperModel.config,src.levanter.models.whisper.WhisperModel.config,4228d63e9f4dbfde05bbc01f44c594b57588a57f,2024-03-05T20:53:43Z,4228d63e9f4dbfde05bbc01f44c594b57588a57f,2024-03-05T20:53:43Z,1,611,0.5,,,False,False,1,0,468.38,0.0,0.0021350329777342007,,496005961.0,stanford-crfm/levanter,Python
src/levanter/models/whisper.py,37,callable,ok,src.levanter.models.whisper.WhisperModel.Vocab,src.levanter.models.whisper.WhisperModel.Vocab,4228d63e9f4dbfde05bbc01f44c594b57588a57f,2024-03-05T20:53:43Z,4228d63e9f4dbfde05bbc01f44c594b57588a57f,2024-03-05T20:53:43Z,1,611,0.5,,,False,False,1,0,468.38,0.0,0.0021350329777342007,,496005961.0,stanford-crfm/levanter,Python
src/levanter/models/whisper.py,38,callable,ok,src.levanter.models.whisper.WhisperModel.init,src.levanter.models.whisper.WhisperModel.init,4228d63e9f4dbfde05bbc01f44c594b57588a57f,2024-03-05T20:53:43Z,4228d63e9f4dbfde05bbc01f44c594b57588a57f,2024-03-05T20:53:43Z,1,611,0.16666666666666666,,,False,False,1,0,468.38,0.0,0.0021350329777342007,,496005961.0,stanford-crfm/levanter,Python
src/levanter/models/whisper.py,39,callable,ok,src.levanter.models.whisper.WhisperModel.__call__,src.levanter.models.whisper.WhisperModel.__call__,4228d63e9f4dbfde05bbc01f44c594b57588a57f,2024-03-05T20:53:43Z,4228d63e9f4dbfde05bbc01f44c594b57588a57f,2024-03-05T20:53:43Z,1,611,0.06666666666666667,,,False,False,1,0,468.38,0.0,0.0021350329777342007,,496005961.0,stanford-crfm/levanter,Python
src/levanter/models/whisper.py,40,callable,ok,src.levanter.models.whisper.WhisperConfig.asr_model_type,src.levanter.models.whisper.WhisperConfig.asr_model_type,19829c2c360cc1b8e7975f540e612845e4877a69,2024-03-15T19:01:24-04:00,19829c2c360cc1b8e7975f540e612845e4877a69,2024-03-15T19:01:24-04:00,1,601,0.5,,,False,False,1,0,458.29,0.0,0.0021820331892299085,,496005961.0,stanford-crfm/levanter,Python
src/levanter/models/whisper.py,41,callable,ok,src.levanter.models.whisper.WhisperModel.Pos,src.levanter.models.whisper.WhisperModel.Pos,19829c2c360cc1b8e7975f540e612845e4877a69,2024-03-15T19:01:24-04:00,19829c2c360cc1b8e7975f540e612845e4877a69,2024-03-15T19:01:24-04:00,1,601,0.5,,,False,False,1,0,458.29,0.0,0.0021820331892299085,,496005961.0,stanford-crfm/levanter,Python
src/levanter/models/whisper.py,42,callable,ok,src.levanter.models.whisper.WhisperModel.resize_vocab,src.levanter.models.whisper.WhisperModel.resize_vocab,19829c2c360cc1b8e7975f540e612845e4877a69,2024-03-15T19:01:24-04:00,19829c2c360cc1b8e7975f540e612845e4877a69,2024-03-15T19:01:24-04:00,1,601,0.3333333333333333,,,False,False,1,0,458.29,0.0,0.0021820331892299085,,496005961.0,stanford-crfm/levanter,Python
src/levanter/models/whisper.py,43,callable,ok,src.levanter.models.whisper.WhisperConfig.hf_checkpoint_converter,src.levanter.models.whisper.WhisperConfig.hf_checkpoint_converter,5da810ea00c8a6a877b343c410f3f466eab85ddf,2024-06-18T20:00:07-04:00,daa5a097e16095525dcb8a883fdc7e916fd34890,2025-05-28T06:38:08+01:00,2,506,0.5,,,False,False,2,0,363.25,0.0,0.005505889437725379,,496005961.0,stanford-crfm/levanter,Python
src/levanter/optim/adam_mini.py,0,class,ok,src.levanter.optim.adam_mini.MiniConfig,src.levanter.optim.adam_mini.MiniConfig,f755246a271426cb51e815634afa6c4e7f346cab,2025-06-03T16:44:52-07:00,f755246a271426cb51e815634afa6c4e7f346cab,2025-06-03T16:44:52-07:00,1,156,0.011904761904761904,,,False,False,1,0,13.26,0.0,0.07542623680695598,,496005961.0,stanford-crfm/levanter,Python
src/levanter/optim/adam_mini.py,1,class,ok,src.levanter.optim.adam_mini.ScaleByMiniState,src.levanter.optim.adam_mini.ScaleByMiniState,f755246a271426cb51e815634afa6c4e7f346cab,2025-06-03T16:44:52-07:00,f755246a271426cb51e815634afa6c4e7f346cab,2025-06-03T16:44:52-07:00,1,156,0.16666666666666666,,,False,False,1,0,13.26,0.0,0.07542623680695598,,496005961.0,stanford-crfm/levanter,Python
src/levanter/optim/adam_mini.py,0,callable,ok,src.levanter.optim.adam_mini.scale_with_mini,src.levanter.optim.adam_mini.scale_with_mini,f755246a271426cb51e815634afa6c4e7f346cab,2025-06-03T16:44:52-07:00,f755246a271426cb51e815634afa6c4e7f346cab,2025-06-03T16:44:52-07:00,1,156,0.01639344262295082,,,False,False,1,0,13.26,0.0,0.07542623680695598,,496005961.0,stanford-crfm/levanter,Python
src/levanter/optim/adam_mini.py,1,callable,ok,src.levanter.optim.adam_mini.MiniConfig.build,src.levanter.optim.adam_mini.MiniConfig.build,f755246a271426cb51e815634afa6c4e7f346cab,2025-06-03T16:44:52-07:00,f755246a271426cb51e815634afa6c4e7f346cab,2025-06-03T16:44:52-07:00,1,156,0.024390243902439025,,,False,False,1,0,13.26,0.0,0.07542623680695598,,496005961.0,stanford-crfm/levanter,Python
src/levanter/optim/adam_mini.py,2,callable,ok,src.levanter.optim.adam_mini.MiniConfig.create_mask,src.levanter.optim.adam_mini.MiniConfig.create_mask,f755246a271426cb51e815634afa6c4e7f346cab,2025-06-03T16:44:52-07:00,f755246a271426cb51e815634afa6c4e7f346cab,2025-06-03T16:44:52-07:00,1,156,0.038461538461538464,,,False,False,1,0,13.26,0.0,0.07542623680695598,,496005961.0,stanford-crfm/levanter,Python
src/levanter/optim/adamh.py,0,class,ok,src.levanter.optim.adamh.AdamHConfig,src.levanter.optim.adamh.AdamHConfig,c30de5b9ad706da1ddb5e95cf82ed767692f7f7c,2025-10-17T23:17:37-07:00,c30de5b9ad706da1ddb5e95cf82ed767692f7f7c,2025-10-17T23:17:37-07:00,1,20,0.013513513513513514,,,False,False,0,1,0.0,123.01,,0.008129106010034364,496005961.0,stanford-crfm/levanter,Python
src/levanter/optim/adamh.py,1,class,ok,src.levanter.optim.adamh.ScaleByAdamHState,src.levanter.optim.adamh.ScaleByAdamHState,c30de5b9ad706da1ddb5e95cf82ed767692f7f7c,2025-10-17T23:17:37-07:00,c30de5b9ad706da1ddb5e95cf82ed767692f7f7c,2025-10-17T23:17:37-07:00,1,20,0.16666666666666666,,,False,False,0,1,0.0,123.01,,0.008129106010034364,496005961.0,stanford-crfm/levanter,Python
src/levanter/optim/adamh.py,0,callable,ok,src.levanter.optim.adamh.scale_by_adamh,src.levanter.optim.adamh.scale_by_adamh,c30de5b9ad706da1ddb5e95cf82ed767692f7f7c,2025-10-17T23:17:37-07:00,c30de5b9ad706da1ddb5e95cf82ed767692f7f7c,2025-10-17T23:17:37-07:00,1,20,0.013888888888888888,,,False,False,0,1,0.0,123.01,,0.008129106010034364,496005961.0,stanford-crfm/levanter,Python
src/levanter/optim/adamh.py,1,callable,ok,src.levanter.optim.adamh.AdamHConfig.build,src.levanter.optim.adamh.AdamHConfig.build,c30de5b9ad706da1ddb5e95cf82ed767692f7f7c,2025-10-17T23:17:37-07:00,c30de5b9ad706da1ddb5e95cf82ed767692f7f7c,2025-10-17T23:17:37-07:00,1,20,0.030303030303030304,,,False,False,0,1,0.0,123.01,,0.008129106010034364,496005961.0,stanford-crfm/levanter,Python
src/levanter/optim/adamh.py,2,callable,ok,src.levanter.optim.adamh.AdamHConfig.create_mask,src.levanter.optim.adamh.AdamHConfig.create_mask,c30de5b9ad706da1ddb5e95cf82ed767692f7f7c,2025-10-17T23:17:37-07:00,c30de5b9ad706da1ddb5e95cf82ed767692f7f7c,2025-10-17T23:17:37-07:00,1,20,0.058823529411764705,,,False,False,0,1,0.0,123.01,,0.008129106010034364,496005961.0,stanford-crfm/levanter,Python
src/levanter/optim/config.py,0,class,ok,src.levanter.optim.config.OptimizerConfig,src.levanter.optim.config.OptimizerConfig,24c13097a4558da3c2bc2e8902e599eb2942a4e4,2024-02-07T10:58:28-08:00,ca9a2f582fc5498d2c2ebdcab703a825ab9d563e,2025-06-12T13:02:10-07:00,9,638,0.03501945525291829,2.3234094448630955,,False,False,9,0,495.46,0.0,0.01816505220560316,,496005961.0,stanford-crfm/levanter,Python
src/levanter/optim/config.py,1,class,ok,src.levanter.optim.config.HessianOptConfig,src.levanter.optim.config.HessianOptConfig,24c13097a4558da3c2bc2e8902e599eb2942a4e4,2024-02-07T10:58:28-08:00,24c13097a4558da3c2bc2e8902e599eb2942a4e4,2024-02-07T10:58:28-08:00,1,638,0.3333333333333333,,,False,False,1,0,495.46,0.0,0.0020183391339559068,,496005961.0,stanford-crfm/levanter,Python
src/levanter/optim/config.py,2,class,ok,src.levanter.optim.config.AdamConfig,src.levanter.optim.config.AdamConfig,24c13097a4558da3c2bc2e8902e599eb2942a4e4,2024-02-07T10:58:28-08:00,dae9ea2ac4e5854fae085785c4548c5f48239a9a,2025-06-30T12:11:29-07:00,7,638,0.07692307692307693,1.3680997091542735,,False,False,5,2,495.46,13.55,0.010091695669779533,0.14757790328352294,496005961.0,stanford-crfm/levanter,Python
src/levanter/optim/config.py,3,class,ok,src.levanter.optim.config.LrScheduleContext,src.levanter.optim.config.LrScheduleContext,75020591ace3877424222454fed8e2407531be74,2025-05-27T17:08:09-05:00,75020591ace3877424222454fed8e2407531be74,2025-05-27T17:08:09-05:00,1,163,0.16666666666666666,,,False,False,1,0,20.33,0.0,0.04920012778366522,,496005961.0,stanford-crfm/levanter,Python
src/levanter/optim/config.py,4,class,ok,src.levanter.optim.config.LrSchedule,src.levanter.optim.config.LrSchedule,75020591ace3877424222454fed8e2407531be74,2025-05-27T17:08:09-05:00,75020591ace3877424222454fed8e2407531be74,2025-05-27T17:08:09-05:00,1,163,0.25,,,False,False,1,0,20.33,0.0,0.04920012778366522,,496005961.0,stanford-crfm/levanter,Python
src/levanter/optim/config.py,5,class,ok,src.levanter.optim.config.ConstantLrSchedule,src.levanter.optim.config.ConstantLrSchedule,75020591ace3877424222454fed8e2407531be74,2025-05-27T17:08:09-05:00,75020591ace3877424222454fed8e2407531be74,2025-05-27T17:08:09-05:00,1,163,0.3333333333333333,,,False,False,1,0,20.33,0.0,0.04920012778366522,,496005961.0,stanford-crfm/levanter,Python
src/levanter/optim/config.py,6,class,ok,src.levanter.optim.config.CosineLrSchedule,src.levanter.optim.config.CosineLrSchedule,75020591ace3877424222454fed8e2407531be74,2025-05-27T17:08:09-05:00,75020591ace3877424222454fed8e2407531be74,2025-05-27T17:08:09-05:00,1,163,0.2,,,False,False,1,0,20.33,0.0,0.04920012778366522,,496005961.0,stanford-crfm/levanter,Python
src/levanter/optim/config.py,7,class,ok,src.levanter.optim.config.LinearLrSchedule,src.levanter.optim.config.LinearLrSchedule,75020591ace3877424222454fed8e2407531be74,2025-05-27T17:08:09-05:00,75020591ace3877424222454fed8e2407531be74,2025-05-27T17:08:09-05:00,1,163,0.3333333333333333,,,False,False,1,0,20.33,0.0,0.04920012778366522,,496005961.0,stanford-crfm/levanter,Python
src/levanter/optim/config.py,8,class,ok,src.levanter.optim.config.InvSqrtLrSchedule,src.levanter.optim.config.InvSqrtLrSchedule,75020591ace3877424222454fed8e2407531be74,2025-05-27T17:08:09-05:00,75020591ace3877424222454fed8e2407531be74,2025-05-27T17:08:09-05:00,1,163,0.2,,,False,False,1,0,20.33,0.0,0.04920012778366522,,496005961.0,stanford-crfm/levanter,Python
src/levanter/optim/config.py,9,class,ok,src.levanter.optim.config.InvLrSchedule,src.levanter.optim.config.InvLrSchedule,75020591ace3877424222454fed8e2407531be74,2025-05-27T17:08:09-05:00,75020591ace3877424222454fed8e2407531be74,2025-05-27T17:08:09-05:00,1,163,0.3333333333333333,,,False,False,1,0,20.33,0.0,0.04920012778366522,,496005961.0,stanford-crfm/levanter,Python
src/levanter/optim/config.py,10,class,ok,src.levanter.optim.config.PowerLrSchedule,src.levanter.optim.config.PowerLrSchedule,75020591ace3877424222454fed8e2407531be74,2025-05-27T17:08:09-05:00,75020591ace3877424222454fed8e2407531be74,2025-05-27T17:08:09-05:00,1,163,0.04,,,False,False,1,0,20.33,0.0,0.04920012778366522,,496005961.0,stanford-crfm/levanter,Python
src/levanter/optim/config.py,11,class,ok,src.levanter.optim.config.LionConfig,src.levanter.optim.config.LionConfig,f755246a271426cb51e815634afa6c4e7f346cab,2025-06-03T16:44:52-07:00,f3a2170aafb58a6ceef0eb1d9394f3bf7970c341,2025-06-03T22:21:47-07:00,2,156,0.05405405405405406,,,False,False,2,0,13.26,0.0,0.15085247361391196,,496005961.0,stanford-crfm/levanter,Python
src/levanter/optim/config.py,6,callable,ok,src.levanter.optim.config.OptimizerConfig._convert_warmup,src.levanter.optim.config.OptimizerConfig._convert_warmup,24c13097a4558da3c2bc2e8902e599eb2942a4e4,2024-02-07T10:58:28-08:00,24c13097a4558da3c2bc2e8902e599eb2942a4e4,2024-02-07T10:58:28-08:00,1,0,0.16666666666666666,,,True,False,1,0,495.46,0.0,0.0020183391339559068,,496005961.0,stanford-crfm/levanter,Python
src/levanter/optim/config.py,1,callable,ok,src.levanter.optim.config._convert_ratio_or_steps,src.levanter.optim.config._convert_ratio_or_steps,24c13097a4558da3c2bc2e8902e599eb2942a4e4,2024-02-07T10:58:28-08:00,24c13097a4558da3c2bc2e8902e599eb2942a4e4,2024-02-07T10:58:28-08:00,1,0,0.2,,,True,False,1,0,495.46,0.0,0.0020183391339559068,,496005961.0,stanford-crfm/levanter,Python
src/levanter/optim/config.py,0,callable,ok,src.levanter.optim.config._inv_sqrt_decay_schedule,src.levanter.optim.config._inv_sqrt_decay_schedule,24c13097a4558da3c2bc2e8902e599eb2942a4e4,2024-02-07T10:58:28-08:00,24c13097a4558da3c2bc2e8902e599eb2942a4e4,2024-02-07T10:58:28-08:00,1,638,0.16666666666666666,,,False,False,1,0,495.46,0.0,0.0020183391339559068,,496005961.0,stanford-crfm/levanter,Python
src/levanter/optim/config.py,2,callable,ok,src.levanter.optim.config.OptimizerConfig.default_choice_name,src.levanter.optim.config.OptimizerConfig.default_choice_name,24c13097a4558da3c2bc2e8902e599eb2942a4e4,2024-02-07T10:58:28-08:00,24c13097a4558da3c2bc2e8902e599eb2942a4e4,2024-02-07T10:58:28-08:00,1,638,0.5,,,False,False,1,0,495.46,0.0,0.0020183391339559068,,496005961.0,stanford-crfm/levanter,Python
src/levanter/optim/config.py,3,callable,ok,src.levanter.optim.config.OptimizerConfig.build,src.levanter.optim.config.OptimizerConfig.build,24c13097a4558da3c2bc2e8902e599eb2942a4e4,2024-02-07T10:58:28-08:00,24c13097a4558da3c2bc2e8902e599eb2942a4e4,2024-02-07T10:58:28-08:00,1,638,0.5,,,False,False,1,0,495.46,0.0,0.0020183391339559068,,496005961.0,stanford-crfm/levanter,Python
src/levanter/optim/config.py,4,callable,ok,src.levanter.optim.config.OptimizerConfig.build_weight_decay_mask,src.levanter.optim.config.OptimizerConfig.build_weight_decay_mask,24c13097a4558da3c2bc2e8902e599eb2942a4e4,2024-02-07T10:58:28-08:00,55b204ded9b7bb55298b0980b848828c7d92a45e,2024-06-05T22:26:48-07:00,2,638,0.022727272727272728,,,False,False,2,0,495.46,0.0,0.0040366782679118135,,496005961.0,stanford-crfm/levanter,Python
src/levanter/optim/config.py,5,callable,ok,src.levanter.optim.config.OptimizerConfig.lr_scheduler,src.levanter.optim.config.OptimizerConfig.lr_scheduler,24c13097a4558da3c2bc2e8902e599eb2942a4e4,2024-02-07T10:58:28-08:00,ca9a2f582fc5498d2c2ebdcab703a825ab9d563e,2025-06-12T13:02:10-07:00,8,638,0.09090909090909091,2.1377170577337496,,False,False,8,0,495.46,0.0,0.016146713071647254,,496005961.0,stanford-crfm/levanter,Python
src/levanter/optim/config.py,7,callable,ok,src.levanter.optim.config.AdamConfig.build,src.levanter.optim.config.AdamConfig.build,24c13097a4558da3c2bc2e8902e599eb2942a4e4,2024-02-07T10:58:28-08:00,dae9ea2ac4e5854fae085785c4548c5f48239a9a,2025-06-30T12:11:29-07:00,6,638,0.14634146341463414,0.4539828732918769,,False,False,4,2,495.46,13.55,0.008073356535823627,0.14757790328352294,496005961.0,stanford-crfm/levanter,Python
src/levanter/optim/config.py,8,callable,ok,src.levanter.optim.config._inv_decay_schedule,src.levanter.optim.config._inv_decay_schedule,fd7888da26c556079d34b8d156b93b447ca31c1e,2024-09-01T23:19:56-07:00,fd7888da26c556079d34b8d156b93b447ca31c1e,2024-09-01T23:19:56-07:00,1,431,0.16666666666666666,,,False,False,1,0,287.98,0.0,0.003472419544159732,,496005961.0,stanford-crfm/levanter,Python
src/levanter/optim/config.py,9,callable,ok,src.levanter.optim.config.OptimizerConfig._get_cycle_minima,src.levanter.optim.config.OptimizerConfig._get_cycle_minima,02961b26e2af75c3c83aebaed25bac06fcc206b4,2024-11-19T17:37:08-08:00,a0fc09df36c39563a523ef31eb80608e33dd3b38,2024-11-24T21:12:53-08:00,2,352,0.05128205128205128,,,False,False,2,0,209.18,0.0,0.009561142454714877,,496005961.0,stanford-crfm/levanter,Python
src/levanter/optim/config.py,10,callable,ok,src.levanter.optim.config._convert_frac_or_steps,src.levanter.optim.config._convert_frac_or_steps,a0fc09df36c39563a523ef31eb80608e33dd3b38,2024-11-24T21:12:53-08:00,a0fc09df36c39563a523ef31eb80608e33dd3b38,2024-11-24T21:12:53-08:00,1,347,0.125,,,False,False,1,0,204.03,0.0,0.004901235287146867,,496005961.0,stanford-crfm/levanter,Python
src/levanter/optim/config.py,11,callable,ok,src.levanter.optim.config.LrSchedule.build,src.levanter.optim.config.LrSchedule.build,75020591ace3877424222454fed8e2407531be74,2025-05-27T17:08:09-05:00,75020591ace3877424222454fed8e2407531be74,2025-05-27T17:08:09-05:00,1,163,0.5,,,False,False,1,0,20.33,0.0,0.04920012778366522,,496005961.0,stanford-crfm/levanter,Python
src/levanter/optim/config.py,12,callable,ok,src.levanter.optim.config.ConstantLrSchedule.build,src.levanter.optim.config.ConstantLrSchedule.build,75020591ace3877424222454fed8e2407531be74,2025-05-27T17:08:09-05:00,75020591ace3877424222454fed8e2407531be74,2025-05-27T17:08:09-05:00,1,163,0.5,,,False,False,1,0,20.33,0.0,0.04920012778366522,,496005961.0,stanford-crfm/levanter,Python
src/levanter/optim/config.py,13,callable,ok,src.levanter.optim.config.CosineLrSchedule.build,src.levanter.optim.config.CosineLrSchedule.build,75020591ace3877424222454fed8e2407531be74,2025-05-27T17:08:09-05:00,75020591ace3877424222454fed8e2407531be74,2025-05-27T17:08:09-05:00,1,163,0.5,,,False,False,1,0,20.33,0.0,0.04920012778366522,,496005961.0,stanford-crfm/levanter,Python
src/levanter/optim/config.py,14,callable,ok,src.levanter.optim.config.LinearLrSchedule.build,src.levanter.optim.config.LinearLrSchedule.build,75020591ace3877424222454fed8e2407531be74,2025-05-27T17:08:09-05:00,75020591ace3877424222454fed8e2407531be74,2025-05-27T17:08:09-05:00,1,163,0.5,,,False,False,1,0,20.33,0.0,0.04920012778366522,,496005961.0,stanford-crfm/levanter,Python
src/levanter/optim/config.py,15,callable,ok,src.levanter.optim.config.InvSqrtLrSchedule.build,src.levanter.optim.config.InvSqrtLrSchedule.build,75020591ace3877424222454fed8e2407531be74,2025-05-27T17:08:09-05:00,75020591ace3877424222454fed8e2407531be74,2025-05-27T17:08:09-05:00,1,163,0.5,,,False,False,1,0,20.33,0.0,0.04920012778366522,,496005961.0,stanford-crfm/levanter,Python
src/levanter/optim/config.py,16,callable,ok,src.levanter.optim.config.InvLrSchedule.build,src.levanter.optim.config.InvLrSchedule.build,75020591ace3877424222454fed8e2407531be74,2025-05-27T17:08:09-05:00,75020591ace3877424222454fed8e2407531be74,2025-05-27T17:08:09-05:00,1,163,0.5,,,False,False,1,0,20.33,0.0,0.04920012778366522,,496005961.0,stanford-crfm/levanter,Python
src/levanter/optim/config.py,17,callable,ok,src.levanter.optim.config.PowerLrSchedule.__post_init__,src.levanter.optim.config.PowerLrSchedule.__post_init__,75020591ace3877424222454fed8e2407531be74,2025-05-27T17:08:09-05:00,75020591ace3877424222454fed8e2407531be74,2025-05-27T17:08:09-05:00,1,163,0.3333333333333333,,,False,False,1,0,20.33,0.0,0.04920012778366522,,496005961.0,stanford-crfm/levanter,Python
src/levanter/optim/config.py,18,callable,ok,src.levanter.optim.config.PowerLrSchedule.build,src.levanter.optim.config.PowerLrSchedule.build,75020591ace3877424222454fed8e2407531be74,2025-05-27T17:08:09-05:00,75020591ace3877424222454fed8e2407531be74,2025-05-27T17:08:09-05:00,1,163,0.16666666666666666,,,False,False,1,0,20.33,0.0,0.04920012778366522,,496005961.0,stanford-crfm/levanter,Python
src/levanter/optim/config.py,19,callable,ok,src.levanter.optim.config.LionConfig.build,src.levanter.optim.config.LionConfig.build,f755246a271426cb51e815634afa6c4e7f346cab,2025-06-03T16:44:52-07:00,f3a2170aafb58a6ceef0eb1d9394f3bf7970c341,2025-06-03T22:21:47-07:00,2,156,0.08,,,False,False,2,0,13.26,0.0,0.15085247361391196,,496005961.0,stanford-crfm/levanter,Python
src/levanter/optim/config.py,20,callable,ok,src.levanter.optim.config.AdamConfig.__post_init__,src.levanter.optim.config.AdamConfig.__post_init__,87b05a9f74c75f6553b0e6c4e4f174c23539138a,2025-06-18T23:32:33-07:00,87b05a9f74c75f6553b0e6c4e4f174c23539138a,2025-06-18T23:32:33-07:00,1,141,0.16666666666666666,,,False,False,0,1,0.0,2.03,,0.49379611478473573,496005961.0,stanford-crfm/levanter,Python
src/levanter/optim/kron.py,0,class,ok,src.levanter.optim.kron.KronConfig,src.levanter.optim.kron.KronConfig,f755246a271426cb51e815634afa6c4e7f346cab,2025-06-03T16:44:52-07:00,f755246a271426cb51e815634afa6c4e7f346cab,2025-06-03T16:44:52-07:00,1,156,0.00847457627118644,,,False,False,1,0,13.26,0.0,0.07542623680695598,,496005961.0,stanford-crfm/levanter,Python
src/levanter/optim/kron.py,1,class,ok,src.levanter.optim.kron.BlockPartitioner,src.levanter.optim.kron.BlockPartitioner,f755246a271426cb51e815634afa6c4e7f346cab,2025-06-03T16:44:52-07:00,f755246a271426cb51e815634afa6c4e7f346cab,2025-06-03T16:44:52-07:00,1,156,0.015384615384615385,,,False,False,1,0,13.26,0.0,0.07542623680695598,,496005961.0,stanford-crfm/levanter,Python
src/levanter/optim/kron.py,0,callable,ok,src.levanter.optim.kron.precond_update_prob_schedule,src.levanter.optim.kron.precond_update_prob_schedule,f755246a271426cb51e815634afa6c4e7f346cab,2025-06-03T16:44:52-07:00,f755246a271426cb51e815634afa6c4e7f346cab,2025-06-03T16:44:52-07:00,1,156,0.058823529411764705,,,False,False,1,0,13.26,0.0,0.07542623680695598,,496005961.0,stanford-crfm/levanter,Python
src/levanter/optim/kron.py,1,callable,ok,src.levanter.optim.kron.scale_by_kron,src.levanter.optim.kron.scale_by_kron,f755246a271426cb51e815634afa6c4e7f346cab,2025-06-03T16:44:52-07:00,f755246a271426cb51e815634afa6c4e7f346cab,2025-06-03T16:44:52-07:00,1,156,0.0013812154696132596,,,False,False,1,0,13.26,0.0,0.07542623680695598,,496005961.0,stanford-crfm/levanter,Python
src/levanter/optim/kron.py,2,callable,ok,src.levanter.optim.kron.kron,src.levanter.optim.kron.kron,f755246a271426cb51e815634afa6c4e7f346cab,2025-06-03T16:44:52-07:00,f755246a271426cb51e815634afa6c4e7f346cab,2025-06-03T16:44:52-07:00,1,156,0.009174311926605505,,,False,False,1,0,13.26,0.0,0.07542623680695598,,496005961.0,stanford-crfm/levanter,Python
src/levanter/optim/kron.py,3,callable,ok,src.levanter.optim.kron.get_opt_state_partition_specs,src.levanter.optim.kron.get_opt_state_partition_specs,f755246a271426cb51e815634afa6c4e7f346cab,2025-06-03T16:44:52-07:00,f755246a271426cb51e815634afa6c4e7f346cab,2025-06-03T16:44:52-07:00,1,156,0.03225806451612903,,,False,False,1,0,13.26,0.0,0.07542623680695598,,496005961.0,stanford-crfm/levanter,Python
src/levanter/optim/kron.py,4,callable,ok,src.levanter.optim.kron._get_preconditioner_types,src.levanter.optim.kron._get_preconditioner_types,f755246a271426cb51e815634afa6c4e7f346cab,2025-06-03T16:44:52-07:00,f755246a271426cb51e815634afa6c4e7f346cab,2025-06-03T16:44:52-07:00,1,156,0.045454545454545456,,,False,False,1,0,13.26,0.0,0.07542623680695598,,496005961.0,stanford-crfm/levanter,Python
src/levanter/optim/kron.py,5,callable,ok,src.levanter.optim.kron._init_Q_exprs,src.levanter.optim.kron._init_Q_exprs,f755246a271426cb51e815634afa6c4e7f346cab,2025-06-03T16:44:52-07:00,f755246a271426cb51e815634afa6c4e7f346cab,2025-06-03T16:44:52-07:00,1,156,0.009174311926605505,,,False,False,1,0,13.26,0.0,0.07542623680695598,,496005961.0,stanford-crfm/levanter,Python
src/levanter/optim/kron.py,6,callable,ok,src.levanter.optim.kron._norm_lower_bound,src.levanter.optim.kron._norm_lower_bound,f755246a271426cb51e815634afa6c4e7f346cab,2025-06-03T16:44:52-07:00,f755246a271426cb51e815634afa6c4e7f346cab,2025-06-03T16:44:52-07:00,1,156,0.047619047619047616,,,False,False,1,0,13.26,0.0,0.07542623680695598,,496005961.0,stanford-crfm/levanter,Python
src/levanter/optim/kron.py,7,callable,ok,src.levanter.optim.kron._solve_triangular_right,src.levanter.optim.kron._solve_triangular_right,f755246a271426cb51e815634afa6c4e7f346cab,2025-06-03T16:44:52-07:00,f755246a271426cb51e815634afa6c4e7f346cab,2025-06-03T16:44:52-07:00,1,156,0.045454545454545456,,,False,False,1,0,13.26,0.0,0.07542623680695598,,496005961.0,stanford-crfm/levanter,Python
src/levanter/optim/kron.py,8,callable,ok,src.levanter.optim.kron._conjB,src.levanter.optim.kron._conjB,f755246a271426cb51e815634afa6c4e7f346cab,2025-06-03T16:44:52-07:00,f755246a271426cb51e815634afa6c4e7f346cab,2025-06-03T16:44:52-07:00,1,156,0.1,,,False,False,1,0,13.26,0.0,0.07542623680695598,,496005961.0,stanford-crfm/levanter,Python
src/levanter/optim/kron.py,9,callable,ok,src.levanter.optim.kron._update_precond,src.levanter.optim.kron._update_precond,f755246a271426cb51e815634afa6c4e7f346cab,2025-06-03T16:44:52-07:00,f755246a271426cb51e815634afa6c4e7f346cab,2025-06-03T16:44:52-07:00,1,156,0.037037037037037035,,,False,False,1,0,13.26,0.0,0.07542623680695598,,496005961.0,stanford-crfm/levanter,Python
src/levanter/optim/kron.py,10,callable,ok,src.levanter.optim.kron._precond_grad,src.levanter.optim.kron._precond_grad,f755246a271426cb51e815634afa6c4e7f346cab,2025-06-03T16:44:52-07:00,f755246a271426cb51e815634afa6c4e7f346cab,2025-06-03T16:44:52-07:00,1,156,0.25,,,False,False,1,0,13.26,0.0,0.07542623680695598,,496005961.0,stanford-crfm/levanter,Python
src/levanter/optim/kron.py,11,callable,ok,src.levanter.optim.kron._safe_sharding_constraint,src.levanter.optim.kron._safe_sharding_constraint,f755246a271426cb51e815634afa6c4e7f346cab,2025-06-03T16:44:52-07:00,f755246a271426cb51e815634afa6c4e7f346cab,2025-06-03T16:44:52-07:00,1,156,0.2,,,False,False,1,0,13.26,0.0,0.07542623680695598,,496005961.0,stanford-crfm/levanter,Python
src/levanter/optim/kron.py,12,callable,ok,src.levanter.optim.kron._add_tiny,src.levanter.optim.kron._add_tiny,f755246a271426cb51e815634afa6c4e7f346cab,2025-06-03T16:44:52-07:00,f755246a271426cb51e815634afa6c4e7f346cab,2025-06-03T16:44:52-07:00,1,156,0.5,,,False,False,1,0,13.26,0.0,0.07542623680695598,,496005961.0,stanford-crfm/levanter,Python
src/levanter/optim/kron.py,13,callable,ok,src.levanter.optim.kron._map_fn,src.levanter.optim.kron._map_fn,f755246a271426cb51e815634afa6c4e7f346cab,2025-06-03T16:44:52-07:00,f755246a271426cb51e815634afa6c4e7f346cab,2025-06-03T16:44:52-07:00,1,156,0.09090909090909091,,,False,False,1,0,13.26,0.0,0.07542623680695598,,496005961.0,stanford-crfm/levanter,Python
src/levanter/optim/kron.py,14,callable,ok,src.levanter.optim.kron._tree_random_like,src.levanter.optim.kron._tree_random_like,f755246a271426cb51e815634afa6c4e7f346cab,2025-06-03T16:44:52-07:00,f755246a271426cb51e815634afa6c4e7f346cab,2025-06-03T16:44:52-07:00,1,156,0.08333333333333333,,,False,False,1,0,13.26,0.0,0.07542623680695598,,496005961.0,stanford-crfm/levanter,Python
src/levanter/optim/kron.py,15,callable,ok,src.levanter.optim.kron._partitions,src.levanter.optim.kron._partitions,f755246a271426cb51e815634afa6c4e7f346cab,2025-06-03T16:44:52-07:00,f755246a271426cb51e815634afa6c4e7f346cab,2025-06-03T16:44:52-07:00,1,156,0.125,,,False,False,1,0,13.26,0.0,0.07542623680695598,,496005961.0,stanford-crfm/levanter,Python
src/levanter/optim/kron.py,16,callable,ok,src.levanter.optim.kron._merge_small_dims,src.levanter.optim.kron._merge_small_dims,f755246a271426cb51e815634afa6c4e7f346cab,2025-06-03T16:44:52-07:00,f755246a271426cb51e815634afa6c4e7f346cab,2025-06-03T16:44:52-07:00,1,156,0.014925373134328358,,,False,False,1,0,13.26,0.0,0.07542623680695598,,496005961.0,stanford-crfm/levanter,Python
src/levanter/optim/kron.py,17,callable,ok,src.levanter.optim.kron._pad_and_stack_matrices,src.levanter.optim.kron._pad_and_stack_matrices,f755246a271426cb51e815634afa6c4e7f346cab,2025-06-03T16:44:52-07:00,f755246a271426cb51e815634afa6c4e7f346cab,2025-06-03T16:44:52-07:00,1,156,0.058823529411764705,,,False,False,1,0,13.26,0.0,0.07542623680695598,,496005961.0,stanford-crfm/levanter,Python
src/levanter/optim/kron.py,18,callable,ok,src.levanter.optim.kron._unstack_and_unpad_matrices,src.levanter.optim.kron._unstack_and_unpad_matrices,f755246a271426cb51e815634afa6c4e7f346cab,2025-06-03T16:44:52-07:00,f755246a271426cb51e815634afa6c4e7f346cab,2025-06-03T16:44:52-07:00,1,156,0.058823529411764705,,,False,False,1,0,13.26,0.0,0.07542623680695598,,496005961.0,stanford-crfm/levanter,Python
src/levanter/optim/kron.py,19,callable,ok,src.levanter.optim.kron._sort_and_group_matrices,src.levanter.optim.kron._sort_and_group_matrices,f755246a271426cb51e815634afa6c4e7f346cab,2025-06-03T16:44:52-07:00,f755246a271426cb51e815634afa6c4e7f346cab,2025-06-03T16:44:52-07:00,1,156,0.07692307692307693,,,False,False,1,0,13.26,0.0,0.07542623680695598,,496005961.0,stanford-crfm/levanter,Python
src/levanter/optim/kron.py,20,callable,ok,src.levanter.optim.kron._stack_matrices,src.levanter.optim.kron._stack_matrices,f755246a271426cb51e815634afa6c4e7f346cab,2025-06-03T16:44:52-07:00,f755246a271426cb51e815634afa6c4e7f346cab,2025-06-03T16:44:52-07:00,1,156,0.07692307692307693,,,False,False,1,0,13.26,0.0,0.07542623680695598,,496005961.0,stanford-crfm/levanter,Python
src/levanter/optim/kron.py,21,callable,ok,src.levanter.optim.kron._unstack_matrices,src.levanter.optim.kron._unstack_matrices,f755246a271426cb51e815634afa6c4e7f346cab,2025-06-03T16:44:52-07:00,f755246a271426cb51e815634afa6c4e7f346cab,2025-06-03T16:44:52-07:00,1,156,0.1111111111111111,,,False,False,1,0,13.26,0.0,0.07542623680695598,,496005961.0,stanford-crfm/levanter,Python
src/levanter/optim/kron.py,22,callable,ok,src.levanter.optim.kron.KronConfig.build,src.levanter.optim.kron.KronConfig.build,f755246a271426cb51e815634afa6c4e7f346cab,2025-06-03T16:44:52-07:00,f755246a271426cb51e815634afa6c4e7f346cab,2025-06-03T16:44:52-07:00,1,156,0.022727272727272728,,,False,False,1,0,13.26,0.0,0.07542623680695598,,496005961.0,stanford-crfm/levanter,Python
src/levanter/optim/kron.py,23,callable,ok,src.levanter.optim.kron.BlockPartitioner.__init__,src.levanter.optim.kron.BlockPartitioner.__init__,f755246a271426cb51e815634afa6c4e7f346cab,2025-06-03T16:44:52-07:00,f755246a271426cb51e815634afa6c4e7f346cab,2025-06-03T16:44:52-07:00,1,156,0.038461538461538464,,,False,False,1,0,13.26,0.0,0.07542623680695598,,496005961.0,stanford-crfm/levanter,Python
src/levanter/optim/kron.py,24,callable,ok,src.levanter.optim.kron.BlockPartitioner.split_sizes,src.levanter.optim.kron.BlockPartitioner.split_sizes,f755246a271426cb51e815634afa6c4e7f346cab,2025-06-03T16:44:52-07:00,f755246a271426cb51e815634afa6c4e7f346cab,2025-06-03T16:44:52-07:00,1,156,0.5,,,False,False,1,0,13.26,0.0,0.07542623680695598,,496005961.0,stanford-crfm/levanter,Python
src/levanter/optim/kron.py,25,callable,ok,src.levanter.optim.kron.BlockPartitioner.partition,src.levanter.optim.kron.BlockPartitioner.partition,f755246a271426cb51e815634afa6c4e7f346cab,2025-06-03T16:44:52-07:00,f755246a271426cb51e815634afa6c4e7f346cab,2025-06-03T16:44:52-07:00,1,156,0.09090909090909091,,,False,False,1,0,13.26,0.0,0.07542623680695598,,496005961.0,stanford-crfm/levanter,Python
src/levanter/optim/kron.py,26,callable,ok,src.levanter.optim.kron.BlockPartitioner.merge_partitions,src.levanter.optim.kron.BlockPartitioner.merge_partitions,f755246a271426cb51e815634afa6c4e7f346cab,2025-06-03T16:44:52-07:00,f755246a271426cb51e815634afa6c4e7f346cab,2025-06-03T16:44:52-07:00,1,156,0.07692307692307693,,,False,False,1,0,13.26,0.0,0.07542623680695598,,496005961.0,stanford-crfm/levanter,Python
src/levanter/optim/mars.py,0,class,ok,src.levanter.optim.mars.MarsConfig,src.levanter.optim.mars.MarsConfig,f755246a271426cb51e815634afa6c4e7f346cab,2025-06-03T16:44:52-07:00,f755246a271426cb51e815634afa6c4e7f346cab,2025-06-03T16:44:52-07:00,1,156,0.027777777777777776,,,False,False,1,0,13.26,0.0,0.07542623680695598,,496005961.0,stanford-crfm/levanter,Python
src/levanter/optim/mars.py,1,class,ok,src.levanter.optim.mars.ScaleByMarsState,src.levanter.optim.mars.ScaleByMarsState,f755246a271426cb51e815634afa6c4e7f346cab,2025-06-03T16:44:52-07:00,f755246a271426cb51e815634afa6c4e7f346cab,2025-06-03T16:44:52-07:00,1,156,0.14285714285714285,,,False,False,1,0,13.26,0.0,0.07542623680695598,,496005961.0,stanford-crfm/levanter,Python
src/levanter/optim/mars.py,0,callable,ok,src.levanter.optim.mars.scale_by_mars,src.levanter.optim.mars.scale_by_mars,f755246a271426cb51e815634afa6c4e7f346cab,2025-06-03T16:44:52-07:00,f755246a271426cb51e815634afa6c4e7f346cab,2025-06-03T16:44:52-07:00,1,156,0.015873015873015872,,,False,False,1,0,13.26,0.0,0.07542623680695598,,496005961.0,stanford-crfm/levanter,Python
src/levanter/optim/mars.py,1,callable,ok,src.levanter.optim.mars.MarsConfig.build,src.levanter.optim.mars.MarsConfig.build,f755246a271426cb51e815634afa6c4e7f346cab,2025-06-03T16:44:52-07:00,f755246a271426cb51e815634afa6c4e7f346cab,2025-06-03T16:44:52-07:00,1,156,0.045454545454545456,,,False,False,1,0,13.26,0.0,0.07542623680695598,,496005961.0,stanford-crfm/levanter,Python
src/levanter/optim/model_averaging.py,0,class,ok,src.levanter.optim.model_averaging.ModelAveraging,src.levanter.optim.model_averaging.ModelAveraging,b60fc9603442c35838a4bbba2f87d81768277ac9,2025-01-21T21:41:47-08:00,b60fc9603442c35838a4bbba2f87d81768277ac9,2025-01-21T21:41:47-08:00,1,289,0.07142857142857142,,,False,False,1,0,146.01,0.0,0.006848839997542662,,496005961.0,stanford-crfm/levanter,Python
src/levanter/optim/model_averaging.py,1,class,ok,src.levanter.optim.model_averaging.EmaModelAveraging,src.levanter.optim.model_averaging.EmaModelAveraging,b60fc9603442c35838a4bbba2f87d81768277ac9,2025-01-21T21:41:47-08:00,22356c08e535670d3e067ec311a03acf18e82ff8,2025-03-12T11:09:17-07:00,3,289,0.1875,0.969735686809799,,False,False,3,0,146.01,0.0,0.020546519992627986,,496005961.0,stanford-crfm/levanter,Python
src/levanter/optim/model_averaging.py,2,class,ok,src.levanter.optim.model_averaging.ModelAveragingConfig,src.levanter.optim.model_averaging.ModelAveragingConfig,b60fc9603442c35838a4bbba2f87d81768277ac9,2025-01-21T21:41:47-08:00,b60fc9603442c35838a4bbba2f87d81768277ac9,2025-01-21T21:41:47-08:00,1,289,0.25,,,False,False,1,0,146.01,0.0,0.006848839997542662,,496005961.0,stanford-crfm/levanter,Python
src/levanter/optim/model_averaging.py,3,class,ok,src.levanter.optim.model_averaging.EmaModelAveragingConfig,src.levanter.optim.model_averaging.EmaModelAveragingConfig,b60fc9603442c35838a4bbba2f87d81768277ac9,2025-01-21T21:41:47-08:00,b60fc9603442c35838a4bbba2f87d81768277ac9,2025-01-21T21:41:47-08:00,1,289,0.2,,,False,False,1,0,146.01,0.0,0.006848839997542662,,496005961.0,stanford-crfm/levanter,Python
src/levanter/optim/model_averaging.py,4,class,ok,src.levanter.optim.model_averaging.EmaDecaySqrtModelAveraging,src.levanter.optim.model_averaging.EmaDecaySqrtModelAveraging,f7815f38fe374fa7864cc5476ec790337893b5e6,2025-08-10T10:37:08-07:00,7b436b98a0bd84be32be83b987496bbecfdc30f5,2025-10-30T11:52:27-04:00,2,89,0.06451612903225806,,,False,False,0,2,0.0,135.41,,0.014769527422131983,496005961.0,stanford-crfm/levanter,Python
src/levanter/optim/model_averaging.py,5,class,ok,src.levanter.optim.model_averaging.EmaDecaySqrtConfig,src.levanter.optim.model_averaging.EmaDecaySqrtConfig,f7815f38fe374fa7864cc5476ec790337893b5e6,2025-08-10T10:37:08-07:00,7b436b98a0bd84be32be83b987496bbecfdc30f5,2025-10-30T11:52:27-04:00,2,89,0.14285714285714285,,,False,False,0,2,0.0,135.41,,0.014769527422131983,496005961.0,stanford-crfm/levanter,Python
src/levanter/optim/model_averaging.py,0,callable,ok,src.levanter.optim.model_averaging.ModelAveraging.update,src.levanter.optim.model_averaging.ModelAveraging.update,b60fc9603442c35838a4bbba2f87d81768277ac9,2025-01-21T21:41:47-08:00,b60fc9603442c35838a4bbba2f87d81768277ac9,2025-01-21T21:41:47-08:00,1,289,0.5,,,False,False,1,0,146.01,0.0,0.006848839997542662,,496005961.0,stanford-crfm/levanter,Python
src/levanter/optim/model_averaging.py,1,callable,ok,src.levanter.optim.model_averaging.ModelAveraging.model_params,src.levanter.optim.model_averaging.ModelAveraging.model_params,b60fc9603442c35838a4bbba2f87d81768277ac9,2025-01-21T21:41:47-08:00,b60fc9603442c35838a4bbba2f87d81768277ac9,2025-01-21T21:41:47-08:00,1,289,0.5,,,False,False,1,0,146.01,0.0,0.006848839997542662,,496005961.0,stanford-crfm/levanter,Python
src/levanter/optim/model_averaging.py,2,callable,ok,src.levanter.optim.model_averaging.EmaModelAveraging.update,src.levanter.optim.model_averaging.EmaModelAveraging.update,b60fc9603442c35838a4bbba2f87d81768277ac9,2025-01-21T21:41:47-08:00,b6dc7d41c537363ab3206c5f7840132a81888710,2025-02-10T14:38:14-08:00,2,289,0.5,,,False,False,2,0,146.01,0.0,0.013697679995085324,,496005961.0,stanford-crfm/levanter,Python
src/levanter/optim/model_averaging.py,3,callable,ok,src.levanter.optim.model_averaging.EmaModelAveraging.model_params,src.levanter.optim.model_averaging.EmaModelAveraging.model_params,b60fc9603442c35838a4bbba2f87d81768277ac9,2025-01-21T21:41:47-08:00,b60fc9603442c35838a4bbba2f87d81768277ac9,2025-01-21T21:41:47-08:00,1,289,0.5,,,False,False,1,0,146.01,0.0,0.006848839997542662,,496005961.0,stanford-crfm/levanter,Python
src/levanter/optim/model_averaging.py,4,callable,ok,src.levanter.optim.model_averaging.ModelAveragingConfig.create,src.levanter.optim.model_averaging.ModelAveragingConfig.create,b60fc9603442c35838a4bbba2f87d81768277ac9,2025-01-21T21:41:47-08:00,b60fc9603442c35838a4bbba2f87d81768277ac9,2025-01-21T21:41:47-08:00,1,289,0.5,,,False,False,1,0,146.01,0.0,0.006848839997542662,,496005961.0,stanford-crfm/levanter,Python
src/levanter/optim/model_averaging.py,5,callable,ok,src.levanter.optim.model_averaging.EmaModelAveragingConfig.create,src.levanter.optim.model_averaging.EmaModelAveragingConfig.create,b60fc9603442c35838a4bbba2f87d81768277ac9,2025-01-21T21:41:47-08:00,b60fc9603442c35838a4bbba2f87d81768277ac9,2025-01-21T21:41:47-08:00,1,289,0.5,,,False,False,1,0,146.01,0.0,0.006848839997542662,,496005961.0,stanford-crfm/levanter,Python
src/levanter/optim/model_averaging.py,6,callable,ok,src.levanter.optim.model_averaging.EmaDecaySqrtModelAveraging._raw_weight,src.levanter.optim.model_averaging.EmaDecaySqrtModelAveraging._raw_weight,f7815f38fe374fa7864cc5476ec790337893b5e6,2025-08-10T10:37:08-07:00,f7815f38fe374fa7864cc5476ec790337893b5e6,2025-08-10T10:37:08-07:00,1,89,0.16666666666666666,,,False,False,0,1,0.0,54.49,,0.01835312170881158,496005961.0,stanford-crfm/levanter,Python
src/levanter/optim/model_averaging.py,7,callable,ok,src.levanter.optim.model_averaging.EmaDecaySqrtModelAveraging.update,src.levanter.optim.model_averaging.EmaDecaySqrtModelAveraging.update,f7815f38fe374fa7864cc5476ec790337893b5e6,2025-08-10T10:37:08-07:00,f7815f38fe374fa7864cc5476ec790337893b5e6,2025-08-10T10:37:08-07:00,1,89,0.16666666666666666,,,False,False,0,1,0.0,54.49,,0.01835312170881158,496005961.0,stanford-crfm/levanter,Python
src/levanter/optim/model_averaging.py,8,callable,ok,src.levanter.optim.model_averaging.EmaDecaySqrtModelAveraging.model_params,src.levanter.optim.model_averaging.EmaDecaySqrtModelAveraging.model_params,f7815f38fe374fa7864cc5476ec790337893b5e6,2025-08-10T10:37:08-07:00,f7815f38fe374fa7864cc5476ec790337893b5e6,2025-08-10T10:37:08-07:00,1,89,0.5,,,False,False,0,1,0.0,54.49,,0.01835312170881158,496005961.0,stanford-crfm/levanter,Python
src/levanter/optim/model_averaging.py,9,callable,ok,src.levanter.optim.model_averaging.EmaDecaySqrtConfig.create,src.levanter.optim.model_averaging.EmaDecaySqrtConfig.create,f7815f38fe374fa7864cc5476ec790337893b5e6,2025-08-10T10:37:08-07:00,f7815f38fe374fa7864cc5476ec790337893b5e6,2025-08-10T10:37:08-07:00,1,89,0.14285714285714285,,,False,False,0,1,0.0,54.49,,0.01835312170881158,496005961.0,stanford-crfm/levanter,Python
src/levanter/optim/muon.py,0,class,ok,src.levanter.optim.muon.MuonConfig,src.levanter.optim.muon.MuonConfig,f755246a271426cb51e815634afa6c4e7f346cab,2025-06-03T16:44:52-07:00,8e59527282ee8aa25facfb6469fdff8d4d94705c,2025-10-06T23:39:41-07:00,10,156,0.11363636363636363,2.139741134326098,,False,False,2,8,13.26,112.03,0.15085247361391196,0.07140939225668867,496005961.0,stanford-crfm/levanter,Python
src/levanter/optim/muon.py,1,class,ok,src.levanter.optim.muon.ScaleByMuonState,src.levanter.optim.muon.ScaleByMuonState,f755246a271426cb51e815634afa6c4e7f346cab,2025-06-03T16:44:52-07:00,f755246a271426cb51e815634afa6c4e7f346cab,2025-06-03T16:44:52-07:00,1,156,0.25,,,False,False,1,0,13.26,0.0,0.07542623680695598,,496005961.0,stanford-crfm/levanter,Python
src/levanter/optim/muon.py,0,callable,ok,src.levanter.optim.muon.scale_with_muon,src.levanter.optim.muon.scale_with_muon,f755246a271426cb51e815634afa6c4e7f346cab,2025-06-03T16:44:52-07:00,b2a77291e7b0dab4f3337efc21a28f1fb2a59420,2025-07-23T20:43:38-07:00,3,156,0.06382978723404255,0.28294366026304063,,False,False,1,2,13.26,36.91,0.07542623680695598,0.054189052055358136,496005961.0,stanford-crfm/levanter,Python
src/levanter/optim/muon.py,1,callable,ok,src.levanter.optim.muon.zeropower_via_newtonschulz5,src.levanter.optim.muon.zeropower_via_newtonschulz5,f755246a271426cb51e815634afa6c4e7f346cab,2025-06-03T16:44:52-07:00,8e59527282ee8aa25facfb6469fdff8d4d94705c,2025-10-06T23:39:41-07:00,3,156,0.09375,0.36815904209751504,,False,False,2,1,13.26,112.03,0.15085247361391196,0.008926174032086084,496005961.0,stanford-crfm/levanter,Python
src/levanter/optim/muon.py,2,callable,ok,src.levanter.optim.muon.MuonConfig.build,src.levanter.optim.muon.MuonConfig.build,f755246a271426cb51e815634afa6c4e7f346cab,2025-06-03T16:44:52-07:00,8e59527282ee8aa25facfb6469fdff8d4d94705c,2025-10-06T23:39:41-07:00,9,156,0.20930232558139536,2.139527656567398,,False,False,2,7,13.26,112.03,0.15085247361391196,0.06248321822460258,496005961.0,stanford-crfm/levanter,Python
src/levanter/optim/muon.py,3,callable,ok,src.levanter.optim.muon.MuonConfig.create_mask,src.levanter.optim.muon.MuonConfig.create_mask,f755246a271426cb51e815634afa6c4e7f346cab,2025-06-03T16:44:52-07:00,259371d4c706d14919decb104c44fa7ccc98c2b3,2025-07-24T03:53:37Z,2,156,0.10526315789473684,,,False,False,1,1,13.26,36.91,0.07542623680695598,0.02708943747090002,496005961.0,stanford-crfm/levanter,Python
src/levanter/optim/rmsprop.py,0,class,ok,src.levanter.optim.rmsprop.RMSPropMomentumConfig,src.levanter.optim.rmsprop.RMSPropMomentumConfig,f755246a271426cb51e815634afa6c4e7f346cab,2025-06-03T16:44:52-07:00,f755246a271426cb51e815634afa6c4e7f346cab,2025-06-03T16:44:52-07:00,1,156,0.02857142857142857,,,False,False,1,0,13.26,0.0,0.07542623680695598,,496005961.0,stanford-crfm/levanter,Python
src/levanter/optim/rmsprop.py,1,class,ok,src.levanter.optim.rmsprop.ScaleByRMSPropMomState,src.levanter.optim.rmsprop.ScaleByRMSPropMomState,f755246a271426cb51e815634afa6c4e7f346cab,2025-06-03T16:44:52-07:00,f755246a271426cb51e815634afa6c4e7f346cab,2025-06-03T16:44:52-07:00,1,156,0.16666666666666666,,,False,False,1,0,13.26,0.0,0.07542623680695598,,496005961.0,stanford-crfm/levanter,Python
src/levanter/optim/rmsprop.py,0,callable,ok,src.levanter.optim.rmsprop.scale_by_rmsprop_momentum,src.levanter.optim.rmsprop.scale_by_rmsprop_momentum,f755246a271426cb51e815634afa6c4e7f346cab,2025-06-03T16:44:52-07:00,f755246a271426cb51e815634afa6c4e7f346cab,2025-06-03T16:44:52-07:00,1,156,0.013888888888888888,,,False,False,1,0,13.26,0.0,0.07542623680695598,,496005961.0,stanford-crfm/levanter,Python
src/levanter/optim/rmsprop.py,1,callable,ok,src.levanter.optim.rmsprop.RMSPropMomentumConfig.build,src.levanter.optim.rmsprop.RMSPropMomentumConfig.build,f755246a271426cb51e815634afa6c4e7f346cab,2025-06-03T16:44:52-07:00,f755246a271426cb51e815634afa6c4e7f346cab,2025-06-03T16:44:52-07:00,1,156,0.038461538461538464,,,False,False,1,0,13.26,0.0,0.07542623680695598,,496005961.0,stanford-crfm/levanter,Python
src/levanter/optim/scion.py,0,class,ok,src.levanter.optim.scion.ScionConfig,src.levanter.optim.scion.ScionConfig,f755246a271426cb51e815634afa6c4e7f346cab,2025-06-03T16:44:52-07:00,f755246a271426cb51e815634afa6c4e7f346cab,2025-06-03T16:44:52-07:00,1,156,0.013888888888888888,,,False,False,1,0,13.26,0.0,0.07542623680695598,,496005961.0,stanford-crfm/levanter,Python
src/levanter/optim/scion.py,1,class,ok,src.levanter.optim.scion.ScaleByScionState,src.levanter.optim.scion.ScaleByScionState,f755246a271426cb51e815634afa6c4e7f346cab,2025-06-03T16:44:52-07:00,f755246a271426cb51e815634afa6c4e7f346cab,2025-06-03T16:44:52-07:00,1,156,0.25,,,False,False,1,0,13.26,0.0,0.07542623680695598,,496005961.0,stanford-crfm/levanter,Python
src/levanter/optim/scion.py,0,callable,ok,src.levanter.optim.scion.scale_by_signum,src.levanter.optim.scion.scale_by_signum,f755246a271426cb51e815634afa6c4e7f346cab,2025-06-03T16:44:52-07:00,f755246a271426cb51e815634afa6c4e7f346cab,2025-06-03T16:44:52-07:00,1,156,0.05263157894736842,,,False,False,1,0,13.26,0.0,0.07542623680695598,,496005961.0,stanford-crfm/levanter,Python
src/levanter/optim/scion.py,1,callable,ok,src.levanter.optim.scion.scale_with_scion,src.levanter.optim.scion.scale_with_scion,f755246a271426cb51e815634afa6c4e7f346cab,2025-06-03T16:44:52-07:00,f755246a271426cb51e815634afa6c4e7f346cab,2025-06-03T16:44:52-07:00,1,156,0.03125,,,False,False,1,0,13.26,0.0,0.07542623680695598,,496005961.0,stanford-crfm/levanter,Python
src/levanter/optim/scion.py,2,callable,ok,src.levanter.optim.scion.zeropower_via_newtonschulz5,src.levanter.optim.scion.zeropower_via_newtonschulz5,f755246a271426cb51e815634afa6c4e7f346cab,2025-06-03T16:44:52-07:00,f755246a271426cb51e815634afa6c4e7f346cab,2025-06-03T16:44:52-07:00,1,156,0.05,,,False,False,1,0,13.26,0.0,0.07542623680695598,,496005961.0,stanford-crfm/levanter,Python
src/levanter/optim/scion.py,3,callable,ok,src.levanter.optim.scion.ScionConfig.build,src.levanter.optim.scion.ScionConfig.build,f755246a271426cb51e815634afa6c4e7f346cab,2025-06-03T16:44:52-07:00,f755246a271426cb51e815634afa6c4e7f346cab,2025-06-03T16:44:52-07:00,1,156,0.02702702702702703,,,False,False,1,0,13.26,0.0,0.07542623680695598,,496005961.0,stanford-crfm/levanter,Python
src/levanter/optim/scion.py,4,callable,ok,src.levanter.optim.scion.ScionConfig.create_mask,src.levanter.optim.scion.ScionConfig.create_mask,f755246a271426cb51e815634afa6c4e7f346cab,2025-06-03T16:44:52-07:00,f755246a271426cb51e815634afa6c4e7f346cab,2025-06-03T16:44:52-07:00,1,156,0.05555555555555555,,,False,False,1,0,13.26,0.0,0.07542623680695598,,496005961.0,stanford-crfm/levanter,Python
src/levanter/optim/skipstep.py,0,class,ok,src.levanter.optim.skipstep.SkipStepState,src.levanter.optim.skipstep.SkipStepState,bf516c37ee0385413a64f12da76b936424cc1033,2025-05-27T22:05:56-07:00,ba7bac0c8d9dc033a7f034d1827741e6923a0607,2025-06-03T23:24:07-07:00,2,163,0.05,,,False,False,2,0,20.04,0.0,0.09982519037842297,,496005961.0,stanford-crfm/levanter,Python
src/levanter/optim/skipstep.py,1,class,ok,src.levanter.optim.skipstep.SkipStepConfig,src.levanter.optim.skipstep.SkipStepConfig,bf516c37ee0385413a64f12da76b936424cc1033,2025-05-27T22:05:56-07:00,f3a2170aafb58a6ceef0eb1d9394f3bf7970c341,2025-06-03T22:21:47-07:00,2,163,0.014598540145985401,,,False,False,2,0,20.04,0.0,0.09982519037842297,,496005961.0,stanford-crfm/levanter,Python
src/levanter/optim/skipstep.py,0,callable,ok,src.levanter.optim.skipstep.SkipStepConfig.from_bool_int_or_config,src.levanter.optim.skipstep.SkipStepConfig.from_bool_int_or_config,bf516c37ee0385413a64f12da76b936424cc1033,2025-05-27T22:05:56-07:00,bf516c37ee0385413a64f12da76b936424cc1033,2025-05-27T22:05:56-07:00,1,163,0.058823529411764705,,,False,False,1,0,20.04,0.0,0.049912595189211484,,496005961.0,stanford-crfm/levanter,Python
src/levanter/optim/skipstep.py,1,callable,ok,src.levanter.optim.skipstep.SkipStepConfig.wrap,src.levanter.optim.skipstep.SkipStepConfig.wrap,bf516c37ee0385413a64f12da76b936424cc1033,2025-05-27T22:05:56-07:00,f3a2170aafb58a6ceef0eb1d9394f3bf7970c341,2025-06-03T22:21:47-07:00,2,163,0.02,,,False,False,2,0,20.04,0.0,0.09982519037842297,,496005961.0,stanford-crfm/levanter,Python
src/levanter/optim/skipstep.py,2,callable,ok,src.levanter.optim.skipstep.SkipStepState.tree_flatten_with_keys,src.levanter.optim.skipstep.SkipStepState.tree_flatten_with_keys,ba7bac0c8d9dc033a7f034d1827741e6923a0607,2025-06-03T23:24:07-07:00,ba7bac0c8d9dc033a7f034d1827741e6923a0607,2025-06-03T23:24:07-07:00,1,156,0.05263157894736842,,,False,False,1,0,12.98,0.0,0.07703727480640372,,496005961.0,stanford-crfm/levanter,Python
src/levanter/optim/skipstep.py,3,callable,ok,src.levanter.optim.skipstep.SkipStepState.tree_unflatten,src.levanter.optim.skipstep.SkipStepState.tree_unflatten,ba7bac0c8d9dc033a7f034d1827741e6923a0607,2025-06-03T23:24:07-07:00,ba7bac0c8d9dc033a7f034d1827741e6923a0607,2025-06-03T23:24:07-07:00,1,156,0.09090909090909091,,,False,False,1,0,12.98,0.0,0.07703727480640372,,496005961.0,stanford-crfm/levanter,Python
src/levanter/optim/sophia.py,0,class,ok,src.levanter.optim.sophia.ScaleBySophiaState,src.levanter.optim.sophia.ScaleBySophiaState,7078f80880884d332379589a9ac80dabf2e2c49a,2024-02-09T12:21:18-08:00,caaac9ffd8aa04320175a34c8176192570d612c7,2025-03-12T13:27:48-07:00,2,636,0.25,,,False,False,2,0,493.4,0.0,0.00405351160777471,,496005961.0,stanford-crfm/levanter,Python
src/levanter/optim/sophia.py,1,class,ok,src.levanter.optim.sophia.BaseSophiaConfig,src.levanter.optim.sophia.BaseSophiaConfig,7078f80880884d332379589a9ac80dabf2e2c49a,2024-02-09T12:21:18-08:00,caaac9ffd8aa04320175a34c8176192570d612c7,2025-03-12T13:27:48-07:00,2,636,0.03333333333333333,,,False,False,2,0,493.4,0.0,0.00405351160777471,,496005961.0,stanford-crfm/levanter,Python
src/levanter/optim/sophia.py,2,class,ok,src.levanter.optim.sophia.SophiaHConfig,src.levanter.optim.sophia.SophiaHConfig,7078f80880884d332379589a9ac80dabf2e2c49a,2024-02-09T12:21:18-08:00,caaac9ffd8aa04320175a34c8176192570d612c7,2025-03-12T13:27:48-07:00,2,636,0.4,,,False,False,2,0,493.4,0.0,0.00405351160777471,,496005961.0,stanford-crfm/levanter,Python
src/levanter/optim/sophia.py,0,callable,ok,src.levanter.optim.sophia.sophia_h,src.levanter.optim.sophia.sophia_h,7078f80880884d332379589a9ac80dabf2e2c49a,2024-02-09T12:21:18-08:00,caaac9ffd8aa04320175a34c8176192570d612c7,2025-03-12T13:27:48-07:00,2,636,0.08695652173913043,,,False,False,2,0,493.4,0.0,0.00405351160777471,,496005961.0,stanford-crfm/levanter,Python
src/levanter/optim/sophia.py,1,callable,ok,src.levanter.optim.sophia.scale_by_sophia_h,src.levanter.optim.sophia.scale_by_sophia_h,7078f80880884d332379589a9ac80dabf2e2c49a,2024-02-09T12:21:18-08:00,caaac9ffd8aa04320175a34c8176192570d612c7,2025-03-12T13:27:48-07:00,2,636,0.09523809523809523,,,False,False,2,0,493.4,0.0,0.00405351160777471,,496005961.0,stanford-crfm/levanter,Python
src/levanter/optim/sophia.py,2,callable,ok,src.levanter.optim.sophia.sophia_g,src.levanter.optim.sophia.sophia_g,7078f80880884d332379589a9ac80dabf2e2c49a,2024-02-09T12:21:18-08:00,caaac9ffd8aa04320175a34c8176192570d612c7,2025-03-12T13:27:48-07:00,2,636,0.08695652173913043,,,False,False,2,0,493.4,0.0,0.00405351160777471,,496005961.0,stanford-crfm/levanter,Python
src/levanter/optim/sophia.py,3,callable,ok,src.levanter.optim.sophia.scale_by_sophia_g,src.levanter.optim.sophia.scale_by_sophia_g,7078f80880884d332379589a9ac80dabf2e2c49a,2024-02-09T12:21:18-08:00,7078f80880884d332379589a9ac80dabf2e2c49a,2024-02-09T12:21:18-08:00,1,636,0.047619047619047616,,,False,False,1,0,493.4,0.0,0.002026755803887355,,496005961.0,stanford-crfm/levanter,Python
src/levanter/optim/sophia.py,4,callable,ok,src.levanter.optim.sophia._sophia_gradient_transform,src.levanter.optim.sophia._sophia_gradient_transform,7078f80880884d332379589a9ac80dabf2e2c49a,2024-02-09T12:21:18-08:00,f5a6878f33bb0f0a02ca68bdd511cf6a4548dd8b,2024-12-04T00:25:18-08:00,5,636,0.05813953488372093,0.5725015810816265,,False,False,5,0,493.4,0.0,0.010133779019436776,,496005961.0,stanford-crfm/levanter,Python
src/levanter/optim/sophia.py,5,callable,ok,src.levanter.optim.sophia.stochastic_diag_gauss_newton,src.levanter.optim.sophia.stochastic_diag_gauss_newton,7078f80880884d332379589a9ac80dabf2e2c49a,2024-02-09T12:21:18-08:00,caaac9ffd8aa04320175a34c8176192570d612c7,2025-03-12T13:27:48-07:00,2,636,0.06451612903225806,,,False,False,2,0,493.4,0.0,0.00405351160777471,,496005961.0,stanford-crfm/levanter,Python
src/levanter/optim/sophia.py,6,callable,ok,src.levanter.optim.sophia.stochastic_hessian_diagonal,src.levanter.optim.sophia.stochastic_hessian_diagonal,7078f80880884d332379589a9ac80dabf2e2c49a,2024-02-09T12:21:18-08:00,caaac9ffd8aa04320175a34c8176192570d612c7,2025-03-12T13:27:48-07:00,2,636,0.10526315789473684,,,False,False,2,0,493.4,0.0,0.00405351160777471,,496005961.0,stanford-crfm/levanter,Python
src/levanter/optim/sophia.py,7,callable,ok,src.levanter.optim.sophia.update_moment,src.levanter.optim.sophia.update_moment,7078f80880884d332379589a9ac80dabf2e2c49a,2024-02-09T12:21:18-08:00,7078f80880884d332379589a9ac80dabf2e2c49a,2024-02-09T12:21:18-08:00,1,636,0.3333333333333333,,,False,False,1,0,493.4,0.0,0.002026755803887355,,496005961.0,stanford-crfm/levanter,Python
src/levanter/optim/sophia.py,8,callable,ok,src.levanter.optim.sophia.bias_correction,src.levanter.optim.sophia.bias_correction,7078f80880884d332379589a9ac80dabf2e2c49a,2024-02-09T12:21:18-08:00,7078f80880884d332379589a9ac80dabf2e2c49a,2024-02-09T12:21:18-08:00,1,636,0.09090909090909091,,,False,False,1,0,493.4,0.0,0.002026755803887355,,496005961.0,stanford-crfm/levanter,Python
src/levanter/optim/sophia.py,9,callable,ok,src.levanter.optim.sophia.BaseSophiaConfig.compute_hessian,src.levanter.optim.sophia.BaseSophiaConfig.compute_hessian,7078f80880884d332379589a9ac80dabf2e2c49a,2024-02-09T12:21:18-08:00,caaac9ffd8aa04320175a34c8176192570d612c7,2025-03-12T13:27:48-07:00,2,636,0.2222222222222222,,,False,False,2,0,493.4,0.0,0.00405351160777471,,496005961.0,stanford-crfm/levanter,Python
src/levanter/optim/sophia.py,10,callable,ok,src.levanter.optim.sophia.BaseSophiaConfig.build,src.levanter.optim.sophia.BaseSophiaConfig.build,7078f80880884d332379589a9ac80dabf2e2c49a,2024-02-09T12:21:18-08:00,7078f80880884d332379589a9ac80dabf2e2c49a,2024-02-09T12:21:18-08:00,1,636,0.02631578947368421,,,False,False,1,0,493.4,0.0,0.002026755803887355,,496005961.0,stanford-crfm/levanter,Python
src/levanter/optim/sophia.py,11,callable,ok,src.levanter.optim.sophia.SophiaHConfig.compute_hessian,src.levanter.optim.sophia.SophiaHConfig.compute_hessian,7078f80880884d332379589a9ac80dabf2e2c49a,2024-02-09T12:21:18-08:00,caaac9ffd8aa04320175a34c8176192570d612c7,2025-03-12T13:27:48-07:00,2,636,1.0,,,False,False,2,0,493.4,0.0,0.00405351160777471,,496005961.0,stanford-crfm/levanter,Python
src/levanter/optim/util.py,0,callable,ok,src.levanter.optim.util.hvp,src.levanter.optim.util.hvp,7078f80880884d332379589a9ac80dabf2e2c49a,2024-02-09T12:21:18-08:00,7078f80880884d332379589a9ac80dabf2e2c49a,2024-02-09T12:21:18-08:00,1,636,0.3333333333333333,,,False,False,1,0,493.4,0.0,0.002026755803887355,,496005961.0,stanford-crfm/levanter,Python
src/levanter/optim/util.py,1,callable,ok,src.levanter.optim.util.tree_gaussian_like,src.levanter.optim.util.tree_gaussian_like,7078f80880884d332379589a9ac80dabf2e2c49a,2024-02-09T12:21:18-08:00,7078f80880884d332379589a9ac80dabf2e2c49a,2024-02-09T12:21:18-08:00,1,636,0.08333333333333333,,,False,False,1,0,493.4,0.0,0.002026755803887355,,496005961.0,stanford-crfm/levanter,Python
src/levanter/optim/util.py,2,callable,ok,src.levanter.optim.util.flatten_linear_layers,src.levanter.optim.util.flatten_linear_layers,f755246a271426cb51e815634afa6c4e7f346cab,2025-06-03T16:44:52-07:00,87b05a9f74c75f6553b0e6c4e4f174c23539138a,2025-06-18T23:32:33-07:00,3,156,0.07894736842105263,0.9820239920073761,,False,False,2,1,13.26,2.03,0.15085247361391196,0.49379611478473573,496005961.0,stanford-crfm/levanter,Python
src/levanter/optim/util.py,3,callable,ok,src.levanter.optim.util.unflatten_linear_layers,src.levanter.optim.util.unflatten_linear_layers,f755246a271426cb51e815634afa6c4e7f346cab,2025-06-03T16:44:52-07:00,ca9a2f582fc5498d2c2ebdcab703a825ab9d563e,2025-06-12T13:02:10-07:00,2,156,0.05555555555555555,,,False,False,2,0,13.26,0.0,0.15085247361391196,,496005961.0,stanford-crfm/levanter,Python
src/levanter/optim/util.py,4,callable,ok,src.levanter.optim.util.map_flattened_linear_layers,src.levanter.optim.util.map_flattened_linear_layers,f755246a271426cb51e815634afa6c4e7f346cab,2025-06-03T16:44:52-07:00,ca9a2f582fc5498d2c2ebdcab703a825ab9d563e,2025-06-12T13:02:10-07:00,2,156,0.038461538461538464,,,False,False,2,0,13.26,0.0,0.15085247361391196,,496005961.0,stanford-crfm/levanter,Python
src/levanter/optim/util.py,5,callable,ok,src.levanter.optim.util.log_norm_passthrough,src.levanter.optim.util.log_norm_passthrough,f3a2170aafb58a6ceef0eb1d9394f3bf7970c341,2025-06-03T22:21:47-07:00,f3a2170aafb58a6ceef0eb1d9394f3bf7970c341,2025-06-03T22:21:47-07:00,1,156,0.07142857142857142,,,False,False,1,0,13.02,0.0,0.07678123125458221,,496005961.0,stanford-crfm/levanter,Python
src/levanter/optim/util.py,6,callable,ok,src.levanter.optim.util.scan_aware_clip_by_block_rms,src.levanter.optim.util.scan_aware_clip_by_block_rms,f3a2170aafb58a6ceef0eb1d9394f3bf7970c341,2025-06-03T22:21:47-07:00,f3a2170aafb58a6ceef0eb1d9394f3bf7970c341,2025-06-03T22:21:47-07:00,1,156,0.0625,,,False,False,1,0,13.02,0.0,0.07678123125458221,,496005961.0,stanford-crfm/levanter,Python
src/levanter/shapes.py,0,class,ok,src.levanter.shapes.NamedShapeSpec,src.levanter.shapes.NamedShapeSpec,5253d5d0b4e19060a1acda26a99dca86f8362311,2023-01-10T10:24:16-08:00,5253d5d0b4e19060a1acda26a99dca86f8362311,2023-01-10T10:24:16-08:00,1,1032,0.125,,,False,False,1,0,888.48,0.0,0.0011255169464162486,,496005961.0,stanford-crfm/levanter,Python
src/levanter/shapes.py,0,callable,ok,src.levanter.shapes.to_raw_shape,src.levanter.shapes.to_raw_shape,5253d5d0b4e19060a1acda26a99dca86f8362311,2023-01-10T10:24:16-08:00,5253d5d0b4e19060a1acda26a99dca86f8362311,2023-01-10T10:24:16-08:00,1,1032,0.125,,,False,False,1,0,888.48,0.0,0.0011255169464162486,,496005961.0,stanford-crfm/levanter,Python
src/levanter/shapes.py,1,callable,ok,src.levanter.shapes.conforms,src.levanter.shapes.conforms,5253d5d0b4e19060a1acda26a99dca86f8362311,2023-01-10T10:24:16-08:00,5253d5d0b4e19060a1acda26a99dca86f8362311,2023-01-10T10:24:16-08:00,1,1032,0.08333333333333333,,,False,False,1,0,888.48,0.0,0.0011255169464162486,,496005961.0,stanford-crfm/levanter,Python
src/levanter/shapes.py,2,callable,ok,src.levanter.shapes.shape_spec_of,src.levanter.shapes.shape_spec_of,4f035b3c8bc21997ee88d58c25cc5e2c067f9c17,2023-03-28T14:47:47-07:00,4f035b3c8bc21997ee88d58c25cc5e2c067f9c17,2023-03-28T14:47:47-07:00,1,954,0.1,,,False,False,1,0,811.34,0.0,0.0012325299753358485,,496005961.0,stanford-crfm/levanter,Python
src/levanter/store/jagged_array.py,0,class,ok,src.levanter.store.jagged_array.JaggedArrayStore,src.levanter.store.jagged_array.JaggedArrayStore,fbe27bc7f3591a6403fef3b2b6c805114e9215f4,2024-09-05T11:10:11-07:00,ad85dfa47ec9920fefe355b0459b46b839fb3145,2025-05-18T10:11:30-07:00,8,428,0.017937219730941704,1.3346330265882607,,False,False,8,0,284.49,0.0,0.028120456285322712,,496005961.0,stanford-crfm/levanter,Python
src/levanter/store/jagged_array.py,1,class,ok,src.levanter.store.jagged_array.PreparedBatch,src.levanter.store.jagged_array.PreparedBatch,adf4b6d46545f1f95b5eba41dfddcaec68b553c4,2024-10-10T10:53:08-05:00,c3b3dd80503b9246a880e6705c006a4b6ebcae75,2024-10-11T15:14:51-07:00,2,393,0.058823529411764705,,,False,False,2,0,249.59,0.0,0.008013283501344868,,496005961.0,stanford-crfm/levanter,Python
src/levanter/store/jagged_array.py,17,callable,ok,src.levanter.store.jagged_array.JaggedArrayStore._prepare_batch,src.levanter.store.jagged_array._prepare_batch,fbe27bc7f3591a6403fef3b2b6c805114e9215f4,2024-09-05T11:10:11-07:00,adf4b6d46545f1f95b5eba41dfddcaec68b553c4,2024-10-10T10:53:08-05:00,2,34,0.10526315789473684,,,True,True,2,0,284.49,0.0,0.007030114071330678,,496005961.0,stanford-crfm/levanter,Python
src/levanter/store/jagged_array.py,38,callable,ok,src.levanter.store.jagged_array.JaggedArrayStore.row_length,src.levanter.store.jagged_array.JaggedArrayStore.row_length,234a7182c6cc5646110d326459bfc4fd1aea2320,2025-04-11T16:05:19-07:00,234a7182c6cc5646110d326459bfc4fd1aea2320,2025-04-11T16:05:19-07:00,1,0,0.3333333333333333,,,True,False,1,0,66.29,0.0,0.015086266730434082,,496005961.0,stanford-crfm/levanter,Python
src/levanter/store/jagged_array.py,35,callable,ok,src.levanter.store.jagged_array.JaggedArrayStore.offsets,src.levanter.store.jagged_array.JaggedArrayStore.offsets,41c300fa78a3c5ac74b08339031a3c373bd98460,2025-04-11T11:38:49-07:00,41c300fa78a3c5ac74b08339031a3c373bd98460,2025-04-11T11:38:49-07:00,1,0,0.2,,,True,False,1,0,66.47,0.0,0.015044263042670857,,496005961.0,stanford-crfm/levanter,Python
src/levanter/store/jagged_array.py,36,callable,ok,src.levanter.store.jagged_array.JaggedArrayStore.shapes,src.levanter.store.jagged_array.JaggedArrayStore.shapes,41c300fa78a3c5ac74b08339031a3c373bd98460,2025-04-11T11:38:49-07:00,41c300fa78a3c5ac74b08339031a3c373bd98460,2025-04-11T11:38:49-07:00,1,0,0.5,,,True,False,1,0,66.47,0.0,0.015044263042670857,,496005961.0,stanford-crfm/levanter,Python
src/levanter/store/jagged_array.py,37,callable,ok,src.levanter.store.jagged_array.JaggedArrayStore.data,src.levanter.store.jagged_array.JaggedArrayStore.data,41c300fa78a3c5ac74b08339031a3c373bd98460,2025-04-11T11:38:49-07:00,41c300fa78a3c5ac74b08339031a3c373bd98460,2025-04-11T11:38:49-07:00,1,0,0.2,,,True,False,1,0,66.47,0.0,0.015044263042670857,,496005961.0,stanford-crfm/levanter,Python
src/levanter/store/jagged_array.py,0,callable,ok,src.levanter.store.jagged_array._unshaped_spec,src.levanter.store.jagged_array._unshaped_spec,fbe27bc7f3591a6403fef3b2b6c805114e9215f4,2024-09-05T11:10:11-07:00,fbe27bc7f3591a6403fef3b2b6c805114e9215f4,2024-09-05T11:10:11-07:00,1,428,0.3333333333333333,,,False,False,1,0,284.49,0.0,0.003515057035665339,,496005961.0,stanford-crfm/levanter,Python
src/levanter/store/jagged_array.py,1,callable,ok,src.levanter.store.jagged_array._ts_open_sync,src.levanter.store.jagged_array._ts_open_sync,fbe27bc7f3591a6403fef3b2b6c805114e9215f4,2024-09-05T11:10:11-07:00,abd0c1fdc6b1df569305dc5cf67113ba5e8f796a,2025-07-06T16:19:37-07:00,3,428,0.08571428571428572,0.6388609593559342,,False,False,2,1,284.49,19.72,0.007030114071330678,0.05069842359589132,496005961.0,stanford-crfm/levanter,Python
src/levanter/store/jagged_array.py,2,callable,ok,src.levanter.store.jagged_array._ts_open_async,src.levanter.store.jagged_array._ts_open_async,fbe27bc7f3591a6403fef3b2b6c805114e9215f4,2024-09-05T11:10:11-07:00,ad85dfa47ec9920fefe355b0459b46b839fb3145,2025-05-18T10:11:30-07:00,2,428,0.07407407407407407,,,False,False,2,0,284.49,0.0,0.007030114071330678,,496005961.0,stanford-crfm/levanter,Python
src/levanter/store/jagged_array.py,3,callable,ok,src.levanter.store.jagged_array._get_spec,src.levanter.store.jagged_array._get_spec,fbe27bc7f3591a6403fef3b2b6c805114e9215f4,2024-09-05T11:10:11-07:00,fbe27bc7f3591a6403fef3b2b6c805114e9215f4,2024-09-05T11:10:11-07:00,1,428,0.03225806451612903,,,False,False,1,0,284.49,0.0,0.003515057035665339,,496005961.0,stanford-crfm/levanter,Python
src/levanter/store/jagged_array.py,4,callable,ok,src.levanter.store.jagged_array._mode_to_open_mode,src.levanter.store.jagged_array._mode_to_open_mode,fbe27bc7f3591a6403fef3b2b6c805114e9215f4,2024-09-05T11:10:11-07:00,fbe27bc7f3591a6403fef3b2b6c805114e9215f4,2024-09-05T11:10:11-07:00,1,428,0.1111111111111111,,,False,False,1,0,284.49,0.0,0.003515057035665339,,496005961.0,stanford-crfm/levanter,Python
src/levanter/store/jagged_array.py,5,callable,ok,src.levanter.store.jagged_array._extend_path,src.levanter.store.jagged_array._extend_path,fbe27bc7f3591a6403fef3b2b6c805114e9215f4,2024-09-05T11:10:11-07:00,fbe27bc7f3591a6403fef3b2b6c805114e9215f4,2024-09-05T11:10:11-07:00,1,428,0.2,,,False,False,1,0,284.49,0.0,0.003515057035665339,,496005961.0,stanford-crfm/levanter,Python
src/levanter/store/jagged_array.py,6,callable,ok,src.levanter.store.jagged_array.JaggedArrayStore.open_async,src.levanter.store.jagged_array.JaggedArrayStore.open_async,fbe27bc7f3591a6403fef3b2b6c805114e9215f4,2024-09-05T11:10:11-07:00,ad85dfa47ec9920fefe355b0459b46b839fb3145,2025-05-18T10:11:30-07:00,3,428,0.13636363636363635,0.505166930198809,,False,False,3,0,284.49,0.0,0.010545171106996017,,496005961.0,stanford-crfm/levanter,Python
src/levanter/store/jagged_array.py,7,callable,ok,src.levanter.store.jagged_array.JaggedArrayStore.open,src.levanter.store.jagged_array.JaggedArrayStore.open,fbe27bc7f3591a6403fef3b2b6c805114e9215f4,2024-09-05T11:10:11-07:00,ad85dfa47ec9920fefe355b0459b46b839fb3145,2025-05-18T10:11:30-07:00,3,428,0.2,0.505166930198809,,False,False,3,0,284.49,0.0,0.010545171106996017,,496005961.0,stanford-crfm/levanter,Python
src/levanter/store/jagged_array.py,8,callable,ok,src.levanter.store.jagged_array.JaggedArrayStore.num_rows,src.levanter.store.jagged_array.JaggedArrayStore.num_rows,fbe27bc7f3591a6403fef3b2b6c805114e9215f4,2024-09-05T11:10:11-07:00,4824146cb702f5ab24f418022a45ebac8b9e819f,2025-04-16T22:31:28-07:00,4,428,0.5714285714285714,0.7111476866759968,,False,False,4,0,284.49,0.0,0.014060228142661356,,496005961.0,stanford-crfm/levanter,Python
src/levanter/store/jagged_array.py,9,callable,ok,src.levanter.store.jagged_array.JaggedArrayStore.num_rows_async,src.levanter.store.jagged_array.JaggedArrayStore.num_rows_async,fbe27bc7f3591a6403fef3b2b6c805114e9215f4,2024-09-05T11:10:11-07:00,4824146cb702f5ab24f418022a45ebac8b9e819f,2025-04-16T22:31:28-07:00,4,428,0.5714285714285714,0.7111476866759968,,False,False,4,0,284.49,0.0,0.014060228142661356,,496005961.0,stanford-crfm/levanter,Python
src/levanter/store/jagged_array.py,10,callable,ok,src.levanter.store.jagged_array.JaggedArrayStore.data_size,src.levanter.store.jagged_array.JaggedArrayStore.data_size,fbe27bc7f3591a6403fef3b2b6c805114e9215f4,2024-09-05T11:10:11-07:00,4824146cb702f5ab24f418022a45ebac8b9e819f,2025-04-16T22:31:28-07:00,4,428,0.5,0.7111476866759968,,False,False,4,0,284.49,0.0,0.014060228142661356,,496005961.0,stanford-crfm/levanter,Python
src/levanter/store/jagged_array.py,11,callable,ok,src.levanter.store.jagged_array.JaggedArrayStore.append_async,src.levanter.store.jagged_array.JaggedArrayStore.append_async,fbe27bc7f3591a6403fef3b2b6c805114e9215f4,2024-09-05T11:10:11-07:00,adf4b6d46545f1f95b5eba41dfddcaec68b553c4,2024-10-10T10:53:08-05:00,2,428,1.0,,,False,False,2,0,284.49,0.0,0.007030114071330678,,496005961.0,stanford-crfm/levanter,Python
src/levanter/store/jagged_array.py,12,callable,ok,src.levanter.store.jagged_array.JaggedArrayStore.append,src.levanter.store.jagged_array.JaggedArrayStore.append,fbe27bc7f3591a6403fef3b2b6c805114e9215f4,2024-09-05T11:10:11-07:00,adf4b6d46545f1f95b5eba41dfddcaec68b553c4,2024-10-10T10:53:08-05:00,2,428,1.0,,,False,False,2,0,284.49,0.0,0.007030114071330678,,496005961.0,stanford-crfm/levanter,Python
src/levanter/store/jagged_array.py,13,callable,ok,src.levanter.store.jagged_array.JaggedArrayStore.trim_to_size_async,src.levanter.store.jagged_array.JaggedArrayStore.trim_to_size_async,fbe27bc7f3591a6403fef3b2b6c805114e9215f4,2024-09-05T11:10:11-07:00,4824146cb702f5ab24f418022a45ebac8b9e819f,2025-04-16T22:31:28-07:00,4,428,0.10810810810810811,0.7111476866759968,,False,False,4,0,284.49,0.0,0.014060228142661356,,496005961.0,stanford-crfm/levanter,Python
src/levanter/store/jagged_array.py,14,callable,ok,src.levanter.store.jagged_array.JaggedArrayStore.trim_to_size,src.levanter.store.jagged_array.JaggedArrayStore.trim_to_size,fbe27bc7f3591a6403fef3b2b6c805114e9215f4,2024-09-05T11:10:11-07:00,4824146cb702f5ab24f418022a45ebac8b9e819f,2025-04-16T22:31:28-07:00,4,428,0.125,0.7111476866759968,,False,False,4,0,284.49,0.0,0.014060228142661356,,496005961.0,stanford-crfm/levanter,Python
src/levanter/store/jagged_array.py,15,callable,ok,src.levanter.store.jagged_array.JaggedArrayStore.extend_async,src.levanter.store.jagged_array.JaggedArrayStore.extend_async,fbe27bc7f3591a6403fef3b2b6c805114e9215f4,2024-09-05T11:10:11-07:00,4824146cb702f5ab24f418022a45ebac8b9e819f,2025-04-16T22:31:28-07:00,5,428,0.16666666666666666,0.8920448986432657,,False,False,5,0,284.49,0.0,0.017575285178326697,,496005961.0,stanford-crfm/levanter,Python
src/levanter/store/jagged_array.py,16,callable,ok,src.levanter.store.jagged_array.JaggedArrayStore.extend,src.levanter.store.jagged_array.JaggedArrayStore.extend,fbe27bc7f3591a6403fef3b2b6c805114e9215f4,2024-09-05T11:10:11-07:00,4824146cb702f5ab24f418022a45ebac8b9e819f,2025-04-16T22:31:28-07:00,5,428,0.13513513513513514,0.8920448986432657,,False,False,5,0,284.49,0.0,0.017575285178326697,,496005961.0,stanford-crfm/levanter,Python
src/levanter/store/jagged_array.py,18,callable,ok,src.levanter.store.jagged_array.JaggedArrayStore.reload_async,src.levanter.store.jagged_array.JaggedArrayStore.reload_async,fbe27bc7f3591a6403fef3b2b6c805114e9215f4,2024-09-05T11:10:11-07:00,4824146cb702f5ab24f418022a45ebac8b9e819f,2025-04-16T22:31:28-07:00,3,428,0.23076923076923078,0.16549050576745514,,False,False,3,0,284.49,0.0,0.010545171106996017,,496005961.0,stanford-crfm/levanter,Python
src/levanter/store/jagged_array.py,19,callable,ok,src.levanter.store.jagged_array.JaggedArrayStore.reload,src.levanter.store.jagged_array.JaggedArrayStore.reload,fbe27bc7f3591a6403fef3b2b6c805114e9215f4,2024-09-05T11:10:11-07:00,4824146cb702f5ab24f418022a45ebac8b9e819f,2025-04-16T22:31:28-07:00,3,428,0.3333333333333333,0.16549050576745514,,False,False,3,0,284.49,0.0,0.010545171106996017,,496005961.0,stanford-crfm/levanter,Python
src/levanter/store/jagged_array.py,20,callable,ok,src.levanter.store.jagged_array.JaggedArrayStore.__len__,src.levanter.store.jagged_array.JaggedArrayStore.__len__,fbe27bc7f3591a6403fef3b2b6c805114e9215f4,2024-09-05T11:10:11-07:00,fbe27bc7f3591a6403fef3b2b6c805114e9215f4,2024-09-05T11:10:11-07:00,1,428,0.5,,,False,False,1,0,284.49,0.0,0.003515057035665339,,496005961.0,stanford-crfm/levanter,Python
src/levanter/store/jagged_array.py,21,callable,ok,src.levanter.store.jagged_array.JaggedArrayStore.get_item_async,src.levanter.store.jagged_array.JaggedArrayStore.get_item_async,fbe27bc7f3591a6403fef3b2b6c805114e9215f4,2024-09-05T11:10:11-07:00,4824146cb702f5ab24f418022a45ebac8b9e819f,2025-04-16T22:31:28-07:00,3,428,0.10714285714285714,0.16549050576745514,,False,False,3,0,284.49,0.0,0.010545171106996017,,496005961.0,stanford-crfm/levanter,Python
src/levanter/store/jagged_array.py,22,callable,ok,src.levanter.store.jagged_array.JaggedArrayStore.get_batch,src.levanter.store.jagged_array.JaggedArrayStore.get_batch,fbe27bc7f3591a6403fef3b2b6c805114e9215f4,2024-09-05T11:10:11-07:00,ad85dfa47ec9920fefe355b0459b46b839fb3145,2025-05-18T10:11:30-07:00,5,428,0.21739130434782608,1.226988713683,,False,False,5,0,284.49,0.0,0.017575285178326697,,496005961.0,stanford-crfm/levanter,Python
src/levanter/store/jagged_array.py,23,callable,ok,src.levanter.store.jagged_array.JaggedArrayStore.get_batch_sync,src.levanter.store.jagged_array.JaggedArrayStore.get_batch_sync,fbe27bc7f3591a6403fef3b2b6c805114e9215f4,2024-09-05T11:10:11-07:00,4824146cb702f5ab24f418022a45ebac8b9e819f,2025-04-16T22:31:28-07:00,4,428,0.23529411764705882,0.7845531908661865,,False,False,4,0,284.49,0.0,0.014060228142661356,,496005961.0,stanford-crfm/levanter,Python
src/levanter/store/jagged_array.py,24,callable,ok,src.levanter.store.jagged_array.JaggedArrayStore.__getitem__,src.levanter.store.jagged_array.JaggedArrayStore.__getitem__,fbe27bc7f3591a6403fef3b2b6c805114e9215f4,2024-09-05T11:10:11-07:00,4824146cb702f5ab24f418022a45ebac8b9e819f,2025-04-16T22:31:28-07:00,3,428,0.09375,0.16549050576745514,,False,False,3,0,284.49,0.0,0.010545171106996017,,496005961.0,stanford-crfm/levanter,Python
src/levanter/store/jagged_array.py,25,callable,ok,src.levanter.store.jagged_array.JaggedArrayStore._bounds_for_rows,src.levanter.store.jagged_array.JaggedArrayStore._bounds_for_rows,fbe27bc7f3591a6403fef3b2b6c805114e9215f4,2024-09-05T11:10:11-07:00,4824146cb702f5ab24f418022a45ebac8b9e819f,2025-04-16T22:31:28-07:00,3,428,0.23076923076923078,0.16549050576745514,,False,False,3,0,284.49,0.0,0.010545171106996017,,496005961.0,stanford-crfm/levanter,Python
src/levanter/store/jagged_array.py,26,callable,ok,src.levanter.store.jagged_array.JaggedArrayStore._bounds_for_rows_batch,src.levanter.store.jagged_array.JaggedArrayStore._bounds_for_rows_batch,fbe27bc7f3591a6403fef3b2b6c805114e9215f4,2024-09-05T11:10:11-07:00,4824146cb702f5ab24f418022a45ebac8b9e819f,2025-04-16T22:31:28-07:00,3,428,0.13043478260869565,0.16549050576745514,,False,False,3,0,284.49,0.0,0.010545171106996017,,496005961.0,stanford-crfm/levanter,Python
src/levanter/store/jagged_array.py,27,callable,ok,src.levanter.store.jagged_array.JaggedArrayStore._bounds_for_rows_async,src.levanter.store.jagged_array.JaggedArrayStore._bounds_for_rows_async,fbe27bc7f3591a6403fef3b2b6c805114e9215f4,2024-09-05T11:10:11-07:00,4824146cb702f5ab24f418022a45ebac8b9e819f,2025-04-16T22:31:28-07:00,3,428,0.3333333333333333,0.16549050576745514,,False,False,3,0,284.49,0.0,0.010545171106996017,,496005961.0,stanford-crfm/levanter,Python
src/levanter/store/jagged_array.py,28,callable,ok,src.levanter.store.jagged_array.JaggedArrayStore.data_size_async,src.levanter.store.jagged_array.JaggedArrayStore.data_size_async,b41838f35b6ecda8cb9dbdd3c408e14bcb75b0ad,2024-10-03T22:57:36-07:00,4824146cb702f5ab24f418022a45ebac8b9e819f,2025-04-16T22:31:28-07:00,3,399,0.42857142857142855,0.18409619671026922,,False,False,3,0,256.0,0.0,0.011718789206741957,,496005961.0,stanford-crfm/levanter,Python
src/levanter/store/jagged_array.py,29,callable,ok,src.levanter.store.jagged_array.PreparedBatch.astype,src.levanter.store.jagged_array.PreparedBatch.astype,adf4b6d46545f1f95b5eba41dfddcaec68b553c4,2024-10-10T10:53:08-05:00,adf4b6d46545f1f95b5eba41dfddcaec68b553c4,2024-10-10T10:53:08-05:00,1,393,0.5,,,False,False,1,0,249.59,0.0,0.004006641750672434,,496005961.0,stanford-crfm/levanter,Python
src/levanter/store/jagged_array.py,30,callable,ok,src.levanter.store.jagged_array.PreparedBatch.num_rows,src.levanter.store.jagged_array.PreparedBatch.num_rows,adf4b6d46545f1f95b5eba41dfddcaec68b553c4,2024-10-10T10:53:08-05:00,adf4b6d46545f1f95b5eba41dfddcaec68b553c4,2024-10-10T10:53:08-05:00,1,393,0.5,,,False,False,1,0,249.59,0.0,0.004006641750672434,,496005961.0,stanford-crfm/levanter,Python
src/levanter/store/jagged_array.py,31,callable,ok,src.levanter.store.jagged_array.PreparedBatch.from_batch,src.levanter.store.jagged_array.PreparedBatch.from_batch,adf4b6d46545f1f95b5eba41dfddcaec68b553c4,2024-10-10T10:53:08-05:00,adf4b6d46545f1f95b5eba41dfddcaec68b553c4,2024-10-10T10:53:08-05:00,1,393,0.3333333333333333,,,False,False,1,0,249.59,0.0,0.004006641750672434,,496005961.0,stanford-crfm/levanter,Python
src/levanter/store/jagged_array.py,32,callable,ok,src.levanter.store.jagged_array.PreparedBatch.concat,src.levanter.store.jagged_array.PreparedBatch.concat,adf4b6d46545f1f95b5eba41dfddcaec68b553c4,2024-10-10T10:53:08-05:00,adf4b6d46545f1f95b5eba41dfddcaec68b553c4,2024-10-10T10:53:08-05:00,1,393,0.125,,,False,False,1,0,249.59,0.0,0.004006641750672434,,496005961.0,stanford-crfm/levanter,Python
src/levanter/store/jagged_array.py,33,callable,ok,src.levanter.store.jagged_array._prepare_batch,src.levanter.store.jagged_array._prepare_batch,c3b3dd80503b9246a880e6705c006a4b6ebcae75,2024-10-11T15:14:51-07:00,c3b3dd80503b9246a880e6705c006a4b6ebcae75,2024-10-11T15:14:51-07:00,1,391,0.05263157894736842,,,False,False,1,0,248.32,0.0,0.0040270537846125625,,496005961.0,stanford-crfm/levanter,Python
src/levanter/store/jagged_array.py,34,callable,ok,src.levanter.store.jagged_array.PreparedBatch.byte_size,src.levanter.store.jagged_array.PreparedBatch.byte_size,c3b3dd80503b9246a880e6705c006a4b6ebcae75,2024-10-11T15:14:51-07:00,c3b3dd80503b9246a880e6705c006a4b6ebcae75,2024-10-11T15:14:51-07:00,1,391,0.5,,,False,False,1,0,248.32,0.0,0.0040270537846125625,,496005961.0,stanford-crfm/levanter,Python
src/levanter/store/jagged_array.py,39,callable,ok,src.levanter.store.jagged_array.JaggedArrayStore._bounds_for_rows_batch_async,src.levanter.store.jagged_array.JaggedArrayStore._bounds_for_rows_batch_async,ad85dfa47ec9920fefe355b0459b46b839fb3145,2025-05-18T10:11:30-07:00,ad85dfa47ec9920fefe355b0459b46b839fb3145,2025-05-18T10:11:30-07:00,1,173,0.043478260869565216,,,False,False,1,0,29.53,0.0,0.033862540035398896,,496005961.0,stanford-crfm/levanter,Python
src/levanter/tensorstore_serialization.py,1,callable,ok,src.levanter.tensorstore_serialization._tensorstore_spec_for,src.levanter.tensorstore_serialization._tensorstore_spec_for,e409f4c9822b535990f17de0844d3069c30bf23c,2022-10-05T10:10:15-07:00,8acd7dba7a6d60a062dd3fb5180daa2ec2068044,2023-07-03T00:15:30-07:00,3,270,0.75,0.4812906262600479,,True,False,3,0,985.53,0.0,0.0030440411092584455,,496005961.0,stanford-crfm/levanter,Python
src/levanter/tensorstore_serialization.py,2,callable,ok,src.levanter.tensorstore_serialization._serialize_one_leaf,src.levanter.tensorstore_serialization._serialize_one_leaf,e409f4c9822b535990f17de0844d3069c30bf23c,2022-10-05T10:10:15-07:00,845b21f44c1310eed41ac40b8d234bc86c793278,2023-07-14T23:43:05-07:00,4,282,0.21052631578947367,1.4229169562708641,,True,False,4,0,985.53,0.0,0.004058721479011261,,496005961.0,stanford-crfm/levanter,Python
src/levanter/tensorstore_serialization.py,3,callable,ok,src.levanter.tensorstore_serialization.save_array_to_tensorstore,src.levanter.tensorstore_serialization.save_array_to_tensorstore,e409f4c9822b535990f17de0844d3069c30bf23c,2022-10-05T10:10:15-07:00,845b21f44c1310eed41ac40b8d234bc86c793278,2023-07-14T23:43:05-07:00,3,282,0.25,0.5891948327528517,,True,False,3,0,985.53,0.0,0.0030440411092584455,,496005961.0,stanford-crfm/levanter,Python
src/levanter/tensorstore_serialization.py,4,callable,ok,src.levanter.tensorstore_serialization.load_array_from_tensorstore,src.levanter.tensorstore_serialization.load_array_from_tensorstore,e409f4c9822b535990f17de0844d3069c30bf23c,2022-10-05T10:10:15-07:00,4cce13c95aa9b775857b269c6bc2f654b2d33b23,2024-06-21T09:33:10-07:00,3,624,1.0,0.963473997482004,,True,False,3,0,985.53,0.0,0.0030440411092584455,,496005961.0,stanford-crfm/levanter,Python
src/levanter/tensorstore_serialization.py,5,callable,ok,src.levanter.tensorstore_serialization._deserialize_one_leaf,src.levanter.tensorstore_serialization._deserialize_one_leaf,e409f4c9822b535990f17de0844d3069c30bf23c,2022-10-05T10:10:15-07:00,ef236b61a99ad1fda43306ffdc5c397d55a2ff85,2024-03-14T23:08:55-07:00,7,526,0.3684210526315789,1.9064370480334858,,True,False,7,0,985.53,0.0,0.007102762588269706,,496005961.0,stanford-crfm/levanter,Python
src/levanter/tensorstore_serialization.py,7,callable,ok,src.levanter.tensorstore_serialization._deserialize_named_array,src.levanter.tensorstore_serialization._deserialize_named_array,845b21f44c1310eed41ac40b8d234bc86c793278,2023-07-14T23:43:05-07:00,845b21f44c1310eed41ac40b8d234bc86c793278,2023-07-14T23:43:05-07:00,1,0,0.09090909090909091,,,True,False,1,0,702.97,0.0,0.0014225407542696352,,496005961.0,stanford-crfm/levanter,Python
src/levanter/tensorstore_serialization.py,0,callable,ok,src.levanter.tensorstore_serialization.tree_serialize_leaves_tensorstore,src.levanter.tensorstore_serialization.tree_serialize_leaves_tensorstore,e409f4c9822b535990f17de0844d3069c30bf23c,2022-10-05T10:10:15-07:00,beed4de01517c0fcb55aab78c9823580aad83073,2024-12-03T15:33:13-08:00,8,1129,0.1509433962264151,2.2125644356390626,,False,False,8,0,985.53,0.0,0.008117442958022521,,496005961.0,stanford-crfm/levanter,Python
src/levanter/tensorstore_serialization.py,6,callable,ok,src.levanter.tensorstore_serialization.tree_deserialize_leaves_tensorstore,src.levanter.tensorstore_serialization.tree_deserialize_leaves_tensorstore,e409f4c9822b535990f17de0844d3069c30bf23c,2022-10-05T10:10:15-07:00,f80a6d5c5489a31d15d7e3c46a4083344a9c8631,2025-03-09T22:55:37-07:00,7,1129,0.07216494845360824,2.057566184266743,,False,False,7,0,985.53,0.0,0.007102762588269706,,496005961.0,stanford-crfm/levanter,Python
src/levanter/tensorstore_serialization.py,8,callable,ok,src.levanter.tensorstore_serialization._is_named_or_none,src.levanter.tensorstore_serialization._is_named_or_none,da630ff003e9134b937526dcf039a99f27ae65bc,2024-02-28T23:23:13-08:00,da630ff003e9134b937526dcf039a99f27ae65bc,2024-02-28T23:23:13-08:00,1,617,0.5,,,False,False,1,0,473.94,0.0,0.002109973117623748,,496005961.0,stanford-crfm/levanter,Python
src/levanter/tensorstore_serialization.py,9,callable,ok,src.levanter.tensorstore_serialization._fs_paths_from_key_paths,src.levanter.tensorstore_serialization._fs_paths_from_key_paths,beed4de01517c0fcb55aab78c9823580aad83073,2024-12-03T15:33:13-08:00,beed4de01517c0fcb55aab78c9823580aad83073,2024-12-03T15:33:13-08:00,1,338,0.16666666666666666,,,False,False,1,0,195.27,0.0,0.005121217256439442,,496005961.0,stanford-crfm/levanter,Python
src/levanter/tensorstore_serialization.py,10,callable,ok,src.levanter.tensorstore_serialization._sharding_from_leaf,src.levanter.tensorstore_serialization._sharding_from_leaf,beed4de01517c0fcb55aab78c9823580aad83073,2024-12-03T15:33:13-08:00,beed4de01517c0fcb55aab78c9823580aad83073,2024-12-03T15:33:13-08:00,1,338,0.07142857142857142,,,False,False,1,0,195.27,0.0,0.005121217256439442,,496005961.0,stanford-crfm/levanter,Python
src/levanter/tensorstore_serialization.py,11,callable,ok,src.levanter.tensorstore_serialization._fully_replicated_sharding,src.levanter.tensorstore_serialization._fully_replicated_sharding,beed4de01517c0fcb55aab78c9823580aad83073,2024-12-03T15:33:13-08:00,beed4de01517c0fcb55aab78c9823580aad83073,2024-12-03T15:33:13-08:00,1,338,0.5,,,False,False,1,0,195.27,0.0,0.005121217256439442,,496005961.0,stanford-crfm/levanter,Python
src/levanter/tracker/helpers.py,0,callable,ok,src.levanter.tracker.helpers.log_optimizer_hyperparams,src.levanter.tracker.helpers.log_optimizer_hyperparams,3c48577282444ed7f288d1275b5dde4e84e92d7b,2023-11-27T21:05:56-08:00,3c48577282444ed7f288d1275b5dde4e84e92d7b,2023-11-27T21:05:56-08:00,1,710,0.08333333333333333,,,False,False,1,0,567.04,0.0,0.0017635594966392964,,496005961.0,stanford-crfm/levanter,Python
src/levanter/tracker/helpers.py,1,callable,ok,src.levanter.tracker.helpers.hparams_to_dict,src.levanter.tracker.helpers.hparams_to_dict,3c48577282444ed7f288d1275b5dde4e84e92d7b,2023-11-27T21:05:56-08:00,3c48577282444ed7f288d1275b5dde4e84e92d7b,2023-11-27T21:05:56-08:00,1,710,0.1,,,False,False,1,0,567.04,0.0,0.0017635594966392964,,496005961.0,stanford-crfm/levanter,Python
src/levanter/tracker/helpers.py,2,callable,ok,src.levanter.tracker.helpers.infer_experiment_git_root,src.levanter.tracker.helpers.infer_experiment_git_root,3c48577282444ed7f288d1275b5dde4e84e92d7b,2023-11-27T21:05:56-08:00,3c48577282444ed7f288d1275b5dde4e84e92d7b,2023-11-27T21:05:56-08:00,1,710,0.043478260869565216,,,False,False,1,0,567.04,0.0,0.0017635594966392964,,496005961.0,stanford-crfm/levanter,Python
src/levanter/tracker/helpers.py,3,callable,ok,src.levanter.tracker.helpers.generate_pip_freeze,src.levanter.tracker.helpers.generate_pip_freeze,3c48577282444ed7f288d1275b5dde4e84e92d7b,2023-11-27T21:05:56-08:00,3c48577282444ed7f288d1275b5dde4e84e92d7b,2023-11-27T21:05:56-08:00,1,710,0.2,,,False,False,1,0,567.04,0.0,0.0017635594966392964,,496005961.0,stanford-crfm/levanter,Python
src/levanter/tracker/histogram.py,0,class,ok,src.levanter.tracker.histogram.Histogram,src.levanter.tracker.histogram.Histogram,f5a6878f33bb0f0a02ca68bdd511cf6a4548dd8b,2024-12-04T00:25:18-08:00,0fc5ac869ee3afb77564b1502fa5836193980066,2025-03-30T10:30:21-07:00,3,338,0.05660377358490566,0.2115085584608488,,False,False,3,0,194.9,0.0,0.015392779551167452,,496005961.0,stanford-crfm/levanter,Python
src/levanter/tracker/histogram.py,0,callable,ok,src.levanter.tracker.histogram.sharded_histogram,src.levanter.tracker.histogram.sharded_histogram,f5a6878f33bb0f0a02ca68bdd511cf6a4548dd8b,2024-12-04T00:25:18-08:00,f5a6878f33bb0f0a02ca68bdd511cf6a4548dd8b,2024-12-04T00:25:18-08:00,1,338,0.07692307692307693,,,False,False,1,0,194.9,0.0,0.0051309265170558175,,496005961.0,stanford-crfm/levanter,Python
src/levanter/tracker/histogram.py,1,callable,ok,src.levanter.tracker.histogram._single_shard_histogram,src.levanter.tracker.histogram._single_shard_histogram,f5a6878f33bb0f0a02ca68bdd511cf6a4548dd8b,2024-12-04T00:25:18-08:00,60fcb646cbff51f8dcafbd5d0c35e201e4edb7ce,2025-03-29T20:25:24-07:00,2,338,0.06666666666666667,,,False,False,2,0,194.9,0.0,0.010261853034111635,,496005961.0,stanford-crfm/levanter,Python
src/levanter/tracker/histogram.py,2,callable,ok,src.levanter.tracker.histogram._shardmap_histogram,src.levanter.tracker.histogram._shardmap_histogram,f5a6878f33bb0f0a02ca68bdd511cf6a4548dd8b,2024-12-04T00:25:18-08:00,60fcb646cbff51f8dcafbd5d0c35e201e4edb7ce,2025-03-29T20:25:24-07:00,2,338,0.10526315789473684,,,False,False,2,0,194.9,0.0,0.010261853034111635,,496005961.0,stanford-crfm/levanter,Python
src/levanter/tracker/histogram.py,3,callable,ok,src.levanter.tracker.histogram._flattened_spec,src.levanter.tracker.histogram._flattened_spec,f5a6878f33bb0f0a02ca68bdd511cf6a4548dd8b,2024-12-04T00:25:18-08:00,f5a6878f33bb0f0a02ca68bdd511cf6a4548dd8b,2024-12-04T00:25:18-08:00,1,338,0.09090909090909091,,,False,False,1,0,194.9,0.0,0.0051309265170558175,,496005961.0,stanford-crfm/levanter,Python
src/levanter/tracker/histogram.py,4,callable,ok,src.levanter.tracker.histogram.Histogram.from_array,src.levanter.tracker.histogram.Histogram.from_array,f5a6878f33bb0f0a02ca68bdd511cf6a4548dd8b,2024-12-04T00:25:18-08:00,f5a6878f33bb0f0a02ca68bdd511cf6a4548dd8b,2024-12-04T00:25:18-08:00,1,338,0.1111111111111111,,,False,False,1,0,194.9,0.0,0.0051309265170558175,,496005961.0,stanford-crfm/levanter,Python
src/levanter/tracker/histogram.py,5,callable,ok,src.levanter.tracker.histogram.Histogram.from_named_array,src.levanter.tracker.histogram.Histogram.from_named_array,f5a6878f33bb0f0a02ca68bdd511cf6a4548dd8b,2024-12-04T00:25:18-08:00,f5a6878f33bb0f0a02ca68bdd511cf6a4548dd8b,2024-12-04T00:25:18-08:00,1,338,0.1111111111111111,,,False,False,1,0,194.9,0.0,0.0051309265170558175,,496005961.0,stanford-crfm/levanter,Python
src/levanter/tracker/histogram.py,6,callable,ok,src.levanter.tracker.histogram.Histogram.to_numpy_histogram,src.levanter.tracker.histogram.Histogram.to_numpy_histogram,f5a6878f33bb0f0a02ca68bdd511cf6a4548dd8b,2024-12-04T00:25:18-08:00,f5a6878f33bb0f0a02ca68bdd511cf6a4548dd8b,2024-12-04T00:25:18-08:00,1,338,0.5,,,False,False,1,0,194.9,0.0,0.0051309265170558175,,496005961.0,stanford-crfm/levanter,Python
src/levanter/tracker/histogram.py,7,callable,ok,src.levanter.tracker.histogram.Histogram.mean,src.levanter.tracker.histogram.Histogram.mean,e9b463e5262e1e279c9c328e24280022732c7cd2,2025-03-26T13:01:11-07:00,e9b463e5262e1e279c9c328e24280022732c7cd2,2025-03-26T13:01:11-07:00,1,225,0.5,,,False,False,1,0,82.41,0.0,0.012133960610411247,,496005961.0,stanford-crfm/levanter,Python
src/levanter/tracker/histogram.py,8,callable,ok,src.levanter.tracker.histogram.histogram_tile_kernel,src.levanter.tracker.histogram.histogram_tile_kernel,60fcb646cbff51f8dcafbd5d0c35e201e4edb7ce,2025-03-29T20:25:24-07:00,60fcb646cbff51f8dcafbd5d0c35e201e4edb7ce,2025-03-29T20:25:24-07:00,1,222,0.045454545454545456,,,False,False,1,0,79.1,0.0,0.01264145184733457,,496005961.0,stanford-crfm/levanter,Python
src/levanter/tracker/histogram.py,9,callable,ok,src.levanter.tracker.histogram.histogram_large_a,src.levanter.tracker.histogram.histogram_large_a,60fcb646cbff51f8dcafbd5d0c35e201e4edb7ce,2025-03-29T20:25:24-07:00,60fcb646cbff51f8dcafbd5d0c35e201e4edb7ce,2025-03-29T20:25:24-07:00,1,222,0.04,,,False,False,1,0,79.1,0.0,0.01264145184733457,,496005961.0,stanford-crfm/levanter,Python
src/levanter/tracker/histogram.py,10,callable,ok,src.levanter.tracker.histogram.Histogram.variance,src.levanter.tracker.histogram.Histogram.variance,0fc5ac869ee3afb77564b1502fa5836193980066,2025-03-30T10:30:21-07:00,0fc5ac869ee3afb77564b1502fa5836193980066,2025-03-30T10:30:21-07:00,1,222,0.1,,,False,False,1,0,78.52,0.0,0.012735922273138068,,496005961.0,stanford-crfm/levanter,Python
src/levanter/tracker/json_logger.py,0,class,ok,src.levanter.tracker.json_logger.JsonLoggerTracker,src.levanter.tracker.json_logger.JsonLoggerTracker,15c95a04b443a14a5b860f7519dbafeb9d163859,2025-09-09T22:37:06-07:00,135cd160d42b562c39632ee86ddaa7be712a4d54,2025-10-07T10:04:03-07:00,2,58,0.02857142857142857,,,False,False,0,2,0.0,112.46,,0.017783520830441026,496005961.0,stanford-crfm/levanter,Python
src/levanter/tracker/json_logger.py,1,class,ok,src.levanter.tracker.json_logger.JsonLoggerConfig,src.levanter.tracker.json_logger.JsonLoggerConfig,15c95a04b443a14a5b860f7519dbafeb9d163859,2025-09-09T22:37:06-07:00,15c95a04b443a14a5b860f7519dbafeb9d163859,2025-09-09T22:37:06-07:00,1,58,0.09090909090909091,,,False,False,0,1,0.0,84.99,,0.011766558025745883,496005961.0,stanford-crfm/levanter,Python
src/levanter/tracker/json_logger.py,0,callable,ok,src.levanter.tracker.json_logger._to_jsonable,src.levanter.tracker.json_logger._to_jsonable,15c95a04b443a14a5b860f7519dbafeb9d163859,2025-09-09T22:37:06-07:00,135cd160d42b562c39632ee86ddaa7be712a4d54,2025-10-07T10:04:03-07:00,2,58,0.08333333333333333,,,False,False,0,2,0.0,112.46,,0.017783520830441026,496005961.0,stanford-crfm/levanter,Python
src/levanter/tracker/json_logger.py,1,callable,ok,src.levanter.tracker.json_logger._flatten,src.levanter.tracker.json_logger._flatten,15c95a04b443a14a5b860f7519dbafeb9d163859,2025-09-09T22:37:06-07:00,15c95a04b443a14a5b860f7519dbafeb9d163859,2025-09-09T22:37:06-07:00,1,58,0.1111111111111111,,,False,False,0,1,0.0,84.99,,0.011766558025745883,496005961.0,stanford-crfm/levanter,Python
src/levanter/tracker/json_logger.py,2,callable,ok,src.levanter.tracker.json_logger.JsonLoggerTracker.__init__,src.levanter.tracker.json_logger.JsonLoggerTracker.__init__,15c95a04b443a14a5b860f7519dbafeb9d163859,2025-09-09T22:37:06-07:00,15c95a04b443a14a5b860f7519dbafeb9d163859,2025-09-09T22:37:06-07:00,1,58,0.25,,,False,False,0,1,0.0,84.99,,0.011766558025745883,496005961.0,stanford-crfm/levanter,Python
src/levanter/tracker/json_logger.py,3,callable,ok,src.levanter.tracker.json_logger.JsonLoggerTracker.log_hyperparameters,src.levanter.tracker.json_logger.JsonLoggerTracker.log_hyperparameters,15c95a04b443a14a5b860f7519dbafeb9d163859,2025-09-09T22:37:06-07:00,135cd160d42b562c39632ee86ddaa7be712a4d54,2025-10-07T10:04:03-07:00,2,58,0.16666666666666666,,,False,False,0,2,0.0,112.46,,0.017783520830441026,496005961.0,stanford-crfm/levanter,Python
src/levanter/tracker/json_logger.py,4,callable,ok,src.levanter.tracker.json_logger.JsonLoggerTracker.log,src.levanter.tracker.json_logger.JsonLoggerTracker.log,15c95a04b443a14a5b860f7519dbafeb9d163859,2025-09-09T22:37:06-07:00,15c95a04b443a14a5b860f7519dbafeb9d163859,2025-09-09T22:37:06-07:00,1,58,0.09090909090909091,,,False,False,0,1,0.0,84.99,,0.011766558025745883,496005961.0,stanford-crfm/levanter,Python
src/levanter/tracker/json_logger.py,5,callable,ok,src.levanter.tracker.json_logger.JsonLoggerTracker.log_summary,src.levanter.tracker.json_logger.JsonLoggerTracker.log_summary,15c95a04b443a14a5b860f7519dbafeb9d163859,2025-09-09T22:37:06-07:00,15c95a04b443a14a5b860f7519dbafeb9d163859,2025-09-09T22:37:06-07:00,1,58,0.125,,,False,False,0,1,0.0,84.99,,0.011766558025745883,496005961.0,stanford-crfm/levanter,Python
src/levanter/tracker/json_logger.py,6,callable,ok,src.levanter.tracker.json_logger.JsonLoggerTracker.log_artifact,src.levanter.tracker.json_logger.JsonLoggerTracker.log_artifact,15c95a04b443a14a5b860f7519dbafeb9d163859,2025-09-09T22:37:06-07:00,135cd160d42b562c39632ee86ddaa7be712a4d54,2025-10-07T10:04:03-07:00,2,58,0.18181818181818182,,,False,False,0,2,0.0,112.46,,0.017783520830441026,496005961.0,stanford-crfm/levanter,Python
src/levanter/tracker/json_logger.py,7,callable,ok,src.levanter.tracker.json_logger.JsonLoggerTracker.finish,src.levanter.tracker.json_logger.JsonLoggerTracker.finish,15c95a04b443a14a5b860f7519dbafeb9d163859,2025-09-09T22:37:06-07:00,15c95a04b443a14a5b860f7519dbafeb9d163859,2025-09-09T22:37:06-07:00,1,58,0.125,,,False,False,0,1,0.0,84.99,,0.011766558025745883,496005961.0,stanford-crfm/levanter,Python
src/levanter/tracker/json_logger.py,8,callable,ok,src.levanter.tracker.json_logger.JsonLoggerConfig.init,src.levanter.tracker.json_logger.JsonLoggerConfig.init,15c95a04b443a14a5b860f7519dbafeb9d163859,2025-09-09T22:37:06-07:00,15c95a04b443a14a5b860f7519dbafeb9d163859,2025-09-09T22:37:06-07:00,1,58,0.2,,,False,False,0,1,0.0,84.99,,0.011766558025745883,496005961.0,stanford-crfm/levanter,Python
src/levanter/tracker/tensorboard.py,0,class,ok,src.levanter.tracker.tensorboard.TensorboardTracker,src.levanter.tracker.tensorboard.TensorboardTracker,3c48577282444ed7f288d1275b5dde4e84e92d7b,2023-11-27T21:05:56-08:00,3c48577282444ed7f288d1275b5dde4e84e92d7b,2023-11-27T21:05:56-08:00,1,710,0.047619047619047616,,,False,False,1,0,567.04,0.0,0.0017635594966392964,,496005961.0,stanford-crfm/levanter,Python
src/levanter/tracker/tensorboard.py,1,class,ok,src.levanter.tracker.tensorboard.TensorboardConfig,src.levanter.tracker.tensorboard.TensorboardConfig,3c48577282444ed7f288d1275b5dde4e84e92d7b,2023-11-27T21:05:56-08:00,3c48577282444ed7f288d1275b5dde4e84e92d7b,2023-11-27T21:05:56-08:00,1,710,0.029411764705882353,,,False,False,1,0,567.04,0.0,0.0017635594966392964,,496005961.0,stanford-crfm/levanter,Python
src/levanter/tracker/tensorboard.py,0,callable,ok,src.levanter.tracker.tensorboard._flatten_nested_dict,src.levanter.tracker.tensorboard._flatten_nested_dict,3c48577282444ed7f288d1275b5dde4e84e92d7b,2023-11-27T21:05:56-08:00,3c48577282444ed7f288d1275b5dde4e84e92d7b,2023-11-27T21:05:56-08:00,1,710,0.1,,,False,False,1,0,567.04,0.0,0.0017635594966392964,,496005961.0,stanford-crfm/levanter,Python
src/levanter/tracker/tensorboard.py,1,callable,ok,src.levanter.tracker.tensorboard.TensorboardTracker.__init__,src.levanter.tracker.tensorboard.TensorboardTracker.__init__,3c48577282444ed7f288d1275b5dde4e84e92d7b,2023-11-27T21:05:56-08:00,3c48577282444ed7f288d1275b5dde4e84e92d7b,2023-11-27T21:05:56-08:00,1,710,0.5,,,False,False,1,0,567.04,0.0,0.0017635594966392964,,496005961.0,stanford-crfm/levanter,Python
src/levanter/tracker/tensorboard.py,2,callable,ok,src.levanter.tracker.tensorboard.TensorboardTracker.log_hyperparameters,src.levanter.tracker.tensorboard.TensorboardTracker.log_hyperparameters,3c48577282444ed7f288d1275b5dde4e84e92d7b,2023-11-27T21:05:56-08:00,3c48577282444ed7f288d1275b5dde4e84e92d7b,2023-11-27T21:05:56-08:00,1,710,0.5,,,False,False,1,0,567.04,0.0,0.0017635594966392964,,496005961.0,stanford-crfm/levanter,Python
src/levanter/tracker/tensorboard.py,3,callable,ok,src.levanter.tracker.tensorboard.TensorboardTracker.log,src.levanter.tracker.tensorboard.TensorboardTracker.log,3c48577282444ed7f288d1275b5dde4e84e92d7b,2023-11-27T21:05:56-08:00,3c48577282444ed7f288d1275b5dde4e84e92d7b,2023-11-27T21:05:56-08:00,1,710,0.25,,,False,False,1,0,567.04,0.0,0.0017635594966392964,,496005961.0,stanford-crfm/levanter,Python
src/levanter/tracker/tensorboard.py,4,callable,ok,src.levanter.tracker.tensorboard.TensorboardTracker.log_summary,src.levanter.tracker.tensorboard.TensorboardTracker.log_summary,3c48577282444ed7f288d1275b5dde4e84e92d7b,2023-11-27T21:05:56-08:00,3c48577282444ed7f288d1275b5dde4e84e92d7b,2023-11-27T21:05:56-08:00,1,710,0.3333333333333333,,,False,False,1,0,567.04,0.0,0.0017635594966392964,,496005961.0,stanford-crfm/levanter,Python
src/levanter/tracker/tensorboard.py,5,callable,ok,src.levanter.tracker.tensorboard.TensorboardTracker.log_artifact,src.levanter.tracker.tensorboard.TensorboardTracker.log_artifact,3c48577282444ed7f288d1275b5dde4e84e92d7b,2023-11-27T21:05:56-08:00,3c48577282444ed7f288d1275b5dde4e84e92d7b,2023-11-27T21:05:56-08:00,1,710,0.3333333333333333,,,False,False,1,0,567.04,0.0,0.0017635594966392964,,496005961.0,stanford-crfm/levanter,Python
src/levanter/tracker/tensorboard.py,6,callable,ok,src.levanter.tracker.tensorboard.TensorboardConfig.init,src.levanter.tracker.tensorboard.TensorboardConfig.init,3c48577282444ed7f288d1275b5dde4e84e92d7b,2023-11-27T21:05:56-08:00,3c48577282444ed7f288d1275b5dde4e84e92d7b,2023-11-27T21:05:56-08:00,1,710,0.04,,,False,False,1,0,567.04,0.0,0.0017635594966392964,,496005961.0,stanford-crfm/levanter,Python
src/levanter/tracker/tracker_fns.py,0,class,ok,src.levanter.tracker.tracker_fns._GlobalLoggerContextManager,src.levanter.tracker.tracker_fns._GlobalLoggerContextManager,3c48577282444ed7f288d1275b5dde4e84e92d7b,2023-11-27T21:05:56-08:00,3c48577282444ed7f288d1275b5dde4e84e92d7b,2023-11-27T21:05:56-08:00,1,710,0.08333333333333333,,,False,False,1,0,567.04,0.0,0.0017635594966392964,,496005961.0,stanford-crfm/levanter,Python
src/levanter/tracker/tracker_fns.py,0,callable,ok,src.levanter.tracker.tracker_fns.log_metrics,src.levanter.tracker.tracker_fns.log_metrics,3c48577282444ed7f288d1275b5dde4e84e92d7b,2023-11-27T21:05:56-08:00,3c48577282444ed7f288d1275b5dde4e84e92d7b,2023-11-27T21:05:56-08:00,1,710,0.047619047619047616,,,False,False,1,0,567.04,0.0,0.0017635594966392964,,496005961.0,stanford-crfm/levanter,Python
src/levanter/tracker/tracker_fns.py,1,callable,ok,src.levanter.tracker.tracker_fns.jit_log_metrics,src.levanter.tracker.tracker_fns.jit_log_metrics,3c48577282444ed7f288d1275b5dde4e84e92d7b,2023-11-27T21:05:56-08:00,3c48577282444ed7f288d1275b5dde4e84e92d7b,2023-11-27T21:05:56-08:00,1,710,0.3333333333333333,,,False,False,1,0,567.04,0.0,0.0017635594966392964,,496005961.0,stanford-crfm/levanter,Python
src/levanter/tracker/tracker_fns.py,2,callable,ok,src.levanter.tracker.tracker_fns.log_summary,src.levanter.tracker.tracker_fns.log_summary,3c48577282444ed7f288d1275b5dde4e84e92d7b,2023-11-27T21:05:56-08:00,3c48577282444ed7f288d1275b5dde4e84e92d7b,2023-11-27T21:05:56-08:00,1,710,0.09090909090909091,,,False,False,1,0,567.04,0.0,0.0017635594966392964,,496005961.0,stanford-crfm/levanter,Python
src/levanter/tracker/tracker_fns.py,3,callable,ok,src.levanter.tracker.tracker_fns.current_tracker,src.levanter.tracker.tracker_fns.current_tracker,3c48577282444ed7f288d1275b5dde4e84e92d7b,2023-11-27T21:05:56-08:00,3c48577282444ed7f288d1275b5dde4e84e92d7b,2023-11-27T21:05:56-08:00,1,710,0.03571428571428571,,,False,False,1,0,567.04,0.0,0.0017635594966392964,,496005961.0,stanford-crfm/levanter,Python
src/levanter/tracker/tracker_fns.py,4,callable,ok,src.levanter.tracker.tracker_fns.get_tracker,src.levanter.tracker.tracker_fns.get_tracker,3c48577282444ed7f288d1275b5dde4e84e92d7b,2023-11-27T21:05:56-08:00,3c48577282444ed7f288d1275b5dde4e84e92d7b,2023-11-27T21:05:56-08:00,1,710,0.038461538461538464,,,False,False,1,0,567.04,0.0,0.0017635594966392964,,496005961.0,stanford-crfm/levanter,Python
src/levanter/tracker/tracker_fns.py,5,callable,ok,src.levanter.tracker.tracker_fns._GlobalLoggerContextManager.__init__,src.levanter.tracker.tracker_fns._GlobalLoggerContextManager.__init__,3c48577282444ed7f288d1275b5dde4e84e92d7b,2023-11-27T21:05:56-08:00,3c48577282444ed7f288d1275b5dde4e84e92d7b,2023-11-27T21:05:56-08:00,1,710,0.5,,,False,False,1,0,567.04,0.0,0.0017635594966392964,,496005961.0,stanford-crfm/levanter,Python
src/levanter/tracker/tracker_fns.py,6,callable,ok,src.levanter.tracker.tracker_fns._GlobalLoggerContextManager.__enter__,src.levanter.tracker.tracker_fns._GlobalLoggerContextManager.__enter__,3c48577282444ed7f288d1275b5dde4e84e92d7b,2023-11-27T21:05:56-08:00,3c48577282444ed7f288d1275b5dde4e84e92d7b,2023-11-27T21:05:56-08:00,1,710,0.25,,,False,False,1,0,567.04,0.0,0.0017635594966392964,,496005961.0,stanford-crfm/levanter,Python
src/levanter/tracker/tracker_fns.py,7,callable,ok,src.levanter.tracker.tracker_fns._GlobalLoggerContextManager.__exit__,src.levanter.tracker.tracker_fns._GlobalLoggerContextManager.__exit__,3c48577282444ed7f288d1275b5dde4e84e92d7b,2023-11-27T21:05:56-08:00,3c48577282444ed7f288d1275b5dde4e84e92d7b,2023-11-27T21:05:56-08:00,1,710,0.3333333333333333,,,False,False,1,0,567.04,0.0,0.0017635594966392964,,496005961.0,stanford-crfm/levanter,Python
src/levanter/tracker/trackio.py,0,class,ok,src.levanter.tracker.trackio.TrackioTracker,src.levanter.tracker.trackio.TrackioTracker,775ac7c6c6f913fd9fed263b26bdb7169df349cc,2025-09-25T00:50:36-07:00,1b4a85ceabcc744bd0b39d5c7dff76317bb4659e,2025-10-16T09:56:07-07:00,2,43,0.046511627906976744,,,False,False,0,2,0.0,121.46,,0.0164665758527385,496005961.0,stanford-crfm/levanter,Python
src/levanter/tracker/trackio.py,1,class,ok,src.levanter.tracker.trackio.TrackioConfig,src.levanter.tracker.trackio.TrackioConfig,775ac7c6c6f913fd9fed263b26bdb7169df349cc,2025-09-25T00:50:36-07:00,775ac7c6c6f913fd9fed263b26bdb7169df349cc,2025-09-25T00:50:36-07:00,1,43,0.02127659574468085,,,False,False,0,1,0.0,100.08,,0.009992073417684627,496005961.0,stanford-crfm/levanter,Python
src/levanter/tracker/trackio.py,0,callable,ok,src.levanter.tracker.trackio._convert_value_to_loggable_rec,src.levanter.tracker.trackio._convert_value_to_loggable_rec,775ac7c6c6f913fd9fed263b26bdb7169df349cc,2025-09-25T00:50:36-07:00,1b4a85ceabcc744bd0b39d5c7dff76317bb4659e,2025-10-16T09:56:07-07:00,2,43,0.06896551724137931,,,False,False,0,2,0.0,121.46,,0.0164665758527385,496005961.0,stanford-crfm/levanter,Python
src/levanter/tracker/trackio.py,1,callable,ok,src.levanter.tracker.trackio.TrackioTracker.__init__,src.levanter.tracker.trackio.TrackioTracker.__init__,775ac7c6c6f913fd9fed263b26bdb7169df349cc,2025-09-25T00:50:36-07:00,775ac7c6c6f913fd9fed263b26bdb7169df349cc,2025-09-25T00:50:36-07:00,1,43,0.125,,,False,False,0,1,0.0,100.08,,0.009992073417684627,496005961.0,stanford-crfm/levanter,Python
src/levanter/tracker/trackio.py,2,callable,ok,src.levanter.tracker.trackio.TrackioTracker.log_hyperparameters,src.levanter.tracker.trackio.TrackioTracker.log_hyperparameters,775ac7c6c6f913fd9fed263b26bdb7169df349cc,2025-09-25T00:50:36-07:00,775ac7c6c6f913fd9fed263b26bdb7169df349cc,2025-09-25T00:50:36-07:00,1,43,0.5,,,False,False,0,1,0.0,100.08,,0.009992073417684627,496005961.0,stanford-crfm/levanter,Python
src/levanter/tracker/trackio.py,3,callable,ok,src.levanter.tracker.trackio.TrackioTracker.log,src.levanter.tracker.trackio.TrackioTracker.log,775ac7c6c6f913fd9fed263b26bdb7169df349cc,2025-09-25T00:50:36-07:00,1b4a85ceabcc744bd0b39d5c7dff76317bb4659e,2025-10-16T09:56:07-07:00,2,43,0.2222222222222222,,,False,False,0,2,0.0,121.46,,0.0164665758527385,496005961.0,stanford-crfm/levanter,Python
src/levanter/tracker/trackio.py,4,callable,ok,src.levanter.tracker.trackio.TrackioTracker.log_summary,src.levanter.tracker.trackio.TrackioTracker.log_summary,775ac7c6c6f913fd9fed263b26bdb7169df349cc,2025-09-25T00:50:36-07:00,775ac7c6c6f913fd9fed263b26bdb7169df349cc,2025-09-25T00:50:36-07:00,1,43,0.2,,,False,False,0,1,0.0,100.08,,0.009992073417684627,496005961.0,stanford-crfm/levanter,Python
src/levanter/tracker/trackio.py,5,callable,ok,src.levanter.tracker.trackio.TrackioTracker.log_artifact,src.levanter.tracker.trackio.TrackioTracker.log_artifact,775ac7c6c6f913fd9fed263b26bdb7169df349cc,2025-09-25T00:50:36-07:00,775ac7c6c6f913fd9fed263b26bdb7169df349cc,2025-09-25T00:50:36-07:00,1,43,0.3333333333333333,,,False,False,0,1,0.0,100.08,,0.009992073417684627,496005961.0,stanford-crfm/levanter,Python
src/levanter/tracker/trackio.py,6,callable,ok,src.levanter.tracker.trackio.TrackioTracker.finish,src.levanter.tracker.trackio.TrackioTracker.finish,775ac7c6c6f913fd9fed263b26bdb7169df349cc,2025-09-25T00:50:36-07:00,775ac7c6c6f913fd9fed263b26bdb7169df349cc,2025-09-25T00:50:36-07:00,1,43,0.2,,,False,False,0,1,0.0,100.08,,0.009992073417684627,496005961.0,stanford-crfm/levanter,Python
src/levanter/tracker/trackio.py,7,callable,ok,src.levanter.tracker.trackio.TrackioConfig.init,src.levanter.tracker.trackio.TrackioConfig.init,775ac7c6c6f913fd9fed263b26bdb7169df349cc,2025-09-25T00:50:36-07:00,775ac7c6c6f913fd9fed263b26bdb7169df349cc,2025-09-25T00:50:36-07:00,1,43,0.034482758620689655,,,False,False,0,1,0.0,100.08,,0.009992073417684627,496005961.0,stanford-crfm/levanter,Python
src/levanter/tracker/wandb.py,0,class,ok,src.levanter.tracker.wandb.WandbTracker,src.levanter.tracker.wandb.WandbTracker,3c48577282444ed7f288d1275b5dde4e84e92d7b,2023-11-27T21:05:56-08:00,3c48577282444ed7f288d1275b5dde4e84e92d7b,2023-11-27T21:05:56-08:00,1,710,0.02631578947368421,,,False,False,1,0,567.04,0.0,0.0017635594966392964,,496005961.0,stanford-crfm/levanter,Python
src/levanter/tracker/wandb.py,1,class,ok,src.levanter.tracker.wandb.WandbConfig,src.levanter.tracker.wandb.WandbConfig,3c48577282444ed7f288d1275b5dde4e84e92d7b,2023-11-27T21:05:56-08:00,3c48577282444ed7f288d1275b5dde4e84e92d7b,2023-11-27T21:05:56-08:00,1,710,0.007518796992481203,,,False,False,1,0,567.04,0.0,0.0017635594966392964,,496005961.0,stanford-crfm/levanter,Python
src/levanter/tracker/wandb.py,0,callable,ok,src.levanter.tracker.wandb.is_wandb_available,src.levanter.tracker.wandb.is_wandb_available,3c48577282444ed7f288d1275b5dde4e84e92d7b,2023-11-27T21:05:56-08:00,3c48577282444ed7f288d1275b5dde4e84e92d7b,2023-11-27T21:05:56-08:00,1,710,0.16666666666666666,,,False,False,1,0,567.04,0.0,0.0017635594966392964,,496005961.0,stanford-crfm/levanter,Python
src/levanter/tracker/wandb.py,1,callable,ok,src.levanter.tracker.wandb.WandbTracker.__init__,src.levanter.tracker.wandb.WandbTracker.__init__,3c48577282444ed7f288d1275b5dde4e84e92d7b,2023-11-27T21:05:56-08:00,3c48577282444ed7f288d1275b5dde4e84e92d7b,2023-11-27T21:05:56-08:00,1,710,0.07142857142857142,,,False,False,1,0,567.04,0.0,0.0017635594966392964,,496005961.0,stanford-crfm/levanter,Python
src/levanter/tracker/wandb.py,2,callable,ok,src.levanter.tracker.wandb.WandbTracker.log_hyperparameters,src.levanter.tracker.wandb.WandbTracker.log_hyperparameters,3c48577282444ed7f288d1275b5dde4e84e92d7b,2023-11-27T21:05:56-08:00,3c48577282444ed7f288d1275b5dde4e84e92d7b,2023-11-27T21:05:56-08:00,1,710,0.25,,,False,False,1,0,567.04,0.0,0.0017635594966392964,,496005961.0,stanford-crfm/levanter,Python
src/levanter/tracker/wandb.py,3,callable,ok,src.levanter.tracker.wandb.WandbTracker.log,src.levanter.tracker.wandb.WandbTracker.log,3c48577282444ed7f288d1275b5dde4e84e92d7b,2023-11-27T21:05:56-08:00,3c48577282444ed7f288d1275b5dde4e84e92d7b,2023-11-27T21:05:56-08:00,1,710,0.25,,,False,False,1,0,567.04,0.0,0.0017635594966392964,,496005961.0,stanford-crfm/levanter,Python
src/levanter/tracker/wandb.py,4,callable,ok,src.levanter.tracker.wandb.WandbTracker.log_summary,src.levanter.tracker.wandb.WandbTracker.log_summary,3c48577282444ed7f288d1275b5dde4e84e92d7b,2023-11-27T21:05:56-08:00,3c48577282444ed7f288d1275b5dde4e84e92d7b,2023-11-27T21:05:56-08:00,1,710,0.25,,,False,False,1,0,567.04,0.0,0.0017635594966392964,,496005961.0,stanford-crfm/levanter,Python
src/levanter/tracker/wandb.py,5,callable,ok,src.levanter.tracker.wandb.WandbTracker.log_artifact,src.levanter.tracker.wandb.WandbTracker.log_artifact,3c48577282444ed7f288d1275b5dde4e84e92d7b,2023-11-27T21:05:56-08:00,3c48577282444ed7f288d1275b5dde4e84e92d7b,2023-11-27T21:05:56-08:00,1,710,0.25,,,False,False,1,0,567.04,0.0,0.0017635594966392964,,496005961.0,stanford-crfm/levanter,Python
src/levanter/tracker/wandb.py,6,callable,ok,src.levanter.tracker.wandb.WandbConfig.init,src.levanter.tracker.wandb.WandbConfig.init,3c48577282444ed7f288d1275b5dde4e84e92d7b,2023-11-27T21:05:56-08:00,3c48577282444ed7f288d1275b5dde4e84e92d7b,2023-11-27T21:05:56-08:00,1,710,0.011764705882352941,,,False,False,1,0,567.04,0.0,0.0017635594966392964,,496005961.0,stanford-crfm/levanter,Python
src/levanter/tracker/wandb.py,7,callable,ok,src.levanter.tracker.wandb.WandbConfig._git_settings,src.levanter.tracker.wandb.WandbConfig._git_settings,3c48577282444ed7f288d1275b5dde4e84e92d7b,2023-11-27T21:05:56-08:00,3c48577282444ed7f288d1275b5dde4e84e92d7b,2023-11-27T21:05:56-08:00,1,710,0.05,,,False,False,1,0,567.04,0.0,0.0017635594966392964,,496005961.0,stanford-crfm/levanter,Python
src/levanter/trainer.py,4,class,ok,src.levanter.trainer.OptimizerConfig,src.levanter.trainer.OptimizerConfig,14cf2bb129cdae7f5c58411c98bc0cc67985c98e,2023-06-13T23:36:33-07:00,adcc4216c296c92f265b03fc8b4a7b19a82e9dc4,2024-01-18T01:59:36+09:00,4,217,0.03571428571428571,1.3232034089295852,,True,False,4,0,733.97,0.0,0.005449798470205616,,496005961.0,stanford-crfm/levanter,Python
src/levanter/trainer.py,5,class,ok,src.levanter.trainer.TrainerState,src.levanter.trainer.TrainerState,4230da6e283a2018a5a857ffca3f2e63c59bc249,2023-08-28T12:37:21-07:00,94a432e7999ae016645bc72e9dda55e724d0f834,2024-02-21T09:13:00-08:00,4,176,0.16,0.3227979023954807,,True,False,4,0,658.43,0.0,0.006075058508034186,,496005961.0,stanford-crfm/levanter,Python
src/levanter/trainer.py,0,class,ok,src.levanter.trainer.StepInfo,src.levanter.trainer.StepInfo,14cf2bb129cdae7f5c58411c98bc0cc67985c98e,2023-06-13T23:36:33-07:00,94a432e7999ae016645bc72e9dda55e724d0f834,2024-02-21T09:13:00-08:00,5,252,0.38461538461538464,1.3482059843191658,,True,False,5,0,733.97,0.0,0.00681224808775702,,496005961.0,stanford-crfm/levanter,Python
src/levanter/trainer.py,1,class,ok,src.levanter.trainer._Hook,src.levanter.trainer._Hook,14cf2bb129cdae7f5c58411c98bc0cc67985c98e,2023-06-13T23:36:33-07:00,f5a6878f33bb0f0a02ca68bdd511cf6a4548dd8b,2024-12-04T00:25:18-08:00,2,877,0.6666666666666666,,,False,False,2,0,733.97,0.0,0.002724899235102808,,496005961.0,stanford-crfm/levanter,Python
src/levanter/trainer.py,2,class,ok,src.levanter.trainer.TrainerHooks,src.levanter.trainer.TrainerHooks,14cf2bb129cdae7f5c58411c98bc0cc67985c98e,2023-06-13T23:36:33-07:00,8d3fd1b595ad849713b222c253983541daca25b6,2025-03-28T16:08:07-07:00,4,877,0.07547169811320754,1.1072672371713113,,False,False,4,0,733.97,0.0,0.005449798470205616,,496005961.0,stanford-crfm/levanter,Python
src/levanter/trainer.py,3,class,ok,src.levanter.trainer.TrainerConfig,src.levanter.trainer.TrainerConfig,14cf2bb129cdae7f5c58411c98bc0cc67985c98e,2023-06-13T23:36:33-07:00,153ec2e4cfbe14da3874020aa29c5e8f97883821,2025-10-01T14:54:28-07:00,36,877,0.10843373493975904,4.135806852468539,,False,False,34,2,733.97,106.67,0.04632328699674774,0.018750231936462757,496005961.0,stanford-crfm/levanter,Python
src/levanter/trainer.py,6,class,ok,src.levanter.trainer.Trainer,src.levanter.trainer.Trainer,4230da6e283a2018a5a857ffca3f2e63c59bc249,2023-08-28T12:37:21-07:00,9a08118f2b989f3a727f814ed9e78573eca5ffb2,2025-10-07T14:23:30-07:00,52,801,0.10526315789473684,4.464067173130581,,False,False,47,5,658.43,112.64,0.07138193746940169,0.044387690307084726,496005961.0,stanford-crfm/levanter,Python
src/levanter/trainer.py,7,class,ok,src.levanter.trainer.AllConfig,src.levanter.trainer.AllConfig,be294b476fd092e7c8b85f9a64e2cd9c6c6de4f6,2024-02-09T23:55:47-08:00,be294b476fd092e7c8b85f9a64e2cd9c6c6de4f6,2024-02-09T23:55:47-08:00,1,636,0.5,,,False,False,1,0,492.92,0.0,0.0020287388230051,,496005961.0,stanford-crfm/levanter,Python
src/levanter/trainer.py,8,class,ok,src.levanter.trainer._JitHook,src.levanter.trainer._JitHook,f5a6878f33bb0f0a02ca68bdd511cf6a4548dd8b,2024-12-04T00:25:18-08:00,f5a6878f33bb0f0a02ca68bdd511cf6a4548dd8b,2024-12-04T00:25:18-08:00,1,338,0.3333333333333333,,,False,False,1,0,194.9,0.0,0.0051309265170558175,,496005961.0,stanford-crfm/levanter,Python
src/levanter/trainer.py,9,class,ok,src.levanter.trainer.TrainStepResult,src.levanter.trainer.TrainStepResult,9a08118f2b989f3a727f814ed9e78573eca5ffb2,2025-10-07T14:23:30-07:00,9a08118f2b989f3a727f814ed9e78573eca5ffb2,2025-10-07T14:23:30-07:00,1,30,0.14285714285714285,,,False,False,0,1,0.0,112.64,,0.008877538061416945,496005961.0,stanford-crfm/levanter,Python
src/levanter/trainer.py,10,class,ok,src.levanter.trainer.WrappedLossFunction,src.levanter.trainer.WrappedLossFunction,9a08118f2b989f3a727f814ed9e78573eca5ffb2,2025-10-07T14:23:30-07:00,9a08118f2b989f3a727f814ed9e78573eca5ffb2,2025-10-07T14:23:30-07:00,1,30,0.016666666666666666,,,False,False,0,1,0.0,112.64,,0.008877538061416945,496005961.0,stanford-crfm/levanter,Python
src/levanter/trainer.py,3,callable,ok,src.levanter.trainer.TrainerConfig.run_dir,src.levanter.trainer.TrainerConfig.run_dir,14cf2bb129cdae7f5c58411c98bc0cc67985c98e,2023-06-13T23:36:33-07:00,14cf2bb129cdae7f5c58411c98bc0cc67985c98e,2023-06-13T23:36:33-07:00,1,0,0.5,,,True,False,1,0,733.97,0.0,0.001362449617551404,,496005961.0,stanford-crfm/levanter,Python
src/levanter/trainer.py,16,callable,ok,src.levanter.trainer.TrainerConfig.run_id,src.levanter.trainer.TrainerConfig.run_id,77a50898171658d0fb3238854f318e27949cb3bd,2023-07-15T17:58:22-07:00,b124b81e54b867c3edf6d1d4ad5c93be0ab9ee99,2023-07-20T00:21:16-07:00,2,4,0.5,,,True,False,2,0,702.21,0.0,0.0028481632313994173,,496005961.0,stanford-crfm/levanter,Python
src/levanter/trainer.py,12,callable,ok,src.levanter.trainer.TrainerConfig.maybe_load_checkpoint,src.levanter.trainer.Trainer.maybe_load_checkpoint,14cf2bb129cdae7f5c58411c98bc0cc67985c98e,2023-06-13T23:36:33-07:00,9664155debd1c93c21e9d5e6046c799ffad1ef04,2023-10-03T15:21:46-07:00,6,111,0.2608695652173913,1.697817903524527,,True,True,6,0,733.97,0.0,0.008174697705308424,,496005961.0,stanford-crfm/levanter,Python
src/levanter/trainer.py,45,callable,ok,src.levanter.trainer.TrainerConfig.__post_init__,src.levanter.trainer.TrainerConfig.__post_init__,9664155debd1c93c21e9d5e6046c799ffad1ef04,2023-10-03T15:21:46-07:00,9664155debd1c93c21e9d5e6046c799ffad1ef04,2023-10-03T15:21:46-07:00,1,0,0.07142857142857142,,,True,False,1,0,622.32,0.0,0.0016069014632400086,,496005961.0,stanford-crfm/levanter,Python
src/levanter/trainer.py,2,callable,ok,src.levanter.trainer.TrainerConfig.run_name,src.levanter.trainer.TrainerConfig.run_name,14cf2bb129cdae7f5c58411c98bc0cc67985c98e,2023-06-13T23:36:33-07:00,9664155debd1c93c21e9d5e6046c799ffad1ef04,2023-10-03T15:21:46-07:00,3,111,0.42857142857142855,0.9072890012515136,,True,False,3,0,733.97,0.0,0.004087348852654212,,496005961.0,stanford-crfm/levanter,Python
src/levanter/trainer.py,51,callable,ok,src.levanter.trainer.Trainer.__enter__,src.levanter.trainer.Trainer.__enter__,3c48577282444ed7f288d1275b5dde4e84e92d7b,2023-11-27T21:05:56-08:00,3c48577282444ed7f288d1275b5dde4e84e92d7b,2023-11-27T21:05:56-08:00,1,0,0.07142857142857142,,,True,False,1,0,567.04,0.0,0.0017635594966392964,,496005961.0,stanford-crfm/levanter,Python
src/levanter/trainer.py,52,callable,ok,src.levanter.trainer.Trainer.__exit__,src.levanter.trainer.Trainer.__exit__,3c48577282444ed7f288d1275b5dde4e84e92d7b,2023-11-27T21:05:56-08:00,3c48577282444ed7f288d1275b5dde4e84e92d7b,2023-11-27T21:05:56-08:00,1,0,0.08333333333333333,,,True,False,1,0,567.04,0.0,0.0017635594966392964,,496005961.0,stanford-crfm/levanter,Python
src/levanter/trainer.py,53,callable,ok,src.levanter.trainer.TrainerConfig.__post_init__,src.levanter.trainer.TrainerConfig.__post_init__,3c48577282444ed7f288d1275b5dde4e84e92d7b,2023-11-27T21:05:56-08:00,3c48577282444ed7f288d1275b5dde4e84e92d7b,2023-11-27T21:05:56-08:00,1,0,0.25,,,True,False,1,0,567.04,0.0,0.0017635594966392964,,496005961.0,stanford-crfm/levanter,Python
src/levanter/trainer.py,14,callable,ok,src.levanter.trainer.OptimizerConfig.build,src.levanter.trainer.OptimizerConfig.build,14cf2bb129cdae7f5c58411c98bc0cc67985c98e,2023-06-13T23:36:33-07:00,adcc4216c296c92f265b03fc8b4a7b19a82e9dc4,2024-01-18T01:59:36+09:00,4,217,0.17391304347826086,1.3699504921050687,,True,False,4,0,733.97,0.0,0.005449798470205616,,496005961.0,stanford-crfm/levanter,Python
src/levanter/trainer.py,15,callable,ok,src.levanter.trainer.OptimizerConfig.lr_scheduler,src.levanter.trainer.OptimizerConfig.lr_scheduler,14cf2bb129cdae7f5c58411c98bc0cc67985c98e,2023-06-13T23:36:33-07:00,5695ddd3929fb6ca4aae54e388947c77e40888f9,2023-10-09T23:59:03-07:00,2,118,0.05263157894736842,,,True,False,2,0,733.97,0.0,0.002724899235102808,,496005961.0,stanford-crfm/levanter,Python
src/levanter/trainer.py,48,callable,ok,src.levanter.trainer._inv_sqrt_decay_schedule,src.levanter.trainer._inv_sqrt_decay_schedule,5695ddd3929fb6ca4aae54e388947c77e40888f9,2023-10-09T23:59:03-07:00,5695ddd3929fb6ca4aae54e388947c77e40888f9,2023-10-09T23:59:03-07:00,1,0,0.16666666666666666,,,True,False,1,0,615.96,0.0,0.0016234913485855963,,496005961.0,stanford-crfm/levanter,Python
src/levanter/trainer.py,49,callable,ok,src.levanter.trainer._convert_ratio_or_steps,src.levanter.trainer._convert_ratio_or_steps,5695ddd3929fb6ca4aae54e388947c77e40888f9,2023-10-09T23:59:03-07:00,5695ddd3929fb6ca4aae54e388947c77e40888f9,2023-10-09T23:59:03-07:00,1,0,0.2,,,True,False,1,0,615.96,0.0,0.0016234913485855963,,496005961.0,stanford-crfm/levanter,Python
src/levanter/trainer.py,50,callable,ok,src.levanter.trainer.OptimizerConfig._convert_warmup,src.levanter.trainer.OptimizerConfig._convert_warmup,5695ddd3929fb6ca4aae54e388947c77e40888f9,2023-10-09T23:59:03-07:00,5695ddd3929fb6ca4aae54e388947c77e40888f9,2023-10-09T23:59:03-07:00,1,0,0.16666666666666666,,,True,False,1,0,615.96,0.0,0.0016234913485855963,,496005961.0,stanford-crfm/levanter,Python
src/levanter/trainer.py,55,callable,ok,src.levanter.trainer.OptimizerConfig.build_weight_decay_mask,src.levanter.trainer.OptimizerConfig.build_weight_decay_mask,adcc4216c296c92f265b03fc8b4a7b19a82e9dc4,2024-01-18T01:59:36+09:00,adcc4216c296c92f265b03fc8b4a7b19a82e9dc4,2024-01-18T01:59:36+09:00,1,0,0.047619047619047616,,,True,False,1,0,516.54,0.0,0.0019359606619963707,,496005961.0,stanford-crfm/levanter,Python
src/levanter/trainer.py,11,callable,ok,src.levanter.trainer.TrainerConfig._initialize_logging,src.levanter.trainer.TrainerConfig._initialize_logging,14cf2bb129cdae7f5c58411c98bc0cc67985c98e,2023-06-13T23:36:33-07:00,137bd4b6cd724a5f484a4697e8a09196712b2b26,2023-11-27T22:43:43-08:00,4,167,1.3333333333333333,0.920887763729181,,True,False,4,0,733.97,0.0,0.005449798470205616,,496005961.0,stanford-crfm/levanter,Python
src/levanter/trainer.py,54,callable,ok,src.levanter.trainer.TrainerConfig.run_name,src.levanter.trainer.TrainerConfig.run_name,137bd4b6cd724a5f484a4697e8a09196712b2b26,2023-11-27T22:43:43-08:00,137bd4b6cd724a5f484a4697e8a09196712b2b26,2023-11-27T22:43:43-08:00,1,0,0.14285714285714285,,,True,False,1,0,566.97,0.0,0.0017637707164210052,,496005961.0,stanford-crfm/levanter,Python
src/levanter/trainer.py,32,callable,ok,src.levanter.trainer.Trainer.add_default_hooks,src.levanter.trainer.Trainer.add_default_hooks,4230da6e283a2018a5a857ffca3f2e63c59bc249,2023-08-28T12:37:21-07:00,be294b476fd092e7c8b85f9a64e2cd9c6c6de4f6,2024-02-09T23:55:47-08:00,6,165,0.6,1.8220417212968296,,True,False,6,0,658.43,0.0,0.00911258776205128,,496005961.0,stanford-crfm/levanter,Python
src/levanter/trainer.py,36,callable,ok,src.levanter.trainer.Trainer._train_step_fn,src.levanter.trainer.Trainer._train_step_fn,4230da6e283a2018a5a857ffca3f2e63c59bc249,2023-08-28T12:37:21-07:00,7078f80880884d332379589a9ac80dabf2e2c49a,2024-02-09T12:21:18-08:00,7,165,0.2692307692307692,1.0799914812693971,,True,False,7,0,658.43,0.0,0.010631352389059826,,496005961.0,stanford-crfm/levanter,Python
src/levanter/trainer.py,37,callable,ok,src.levanter.trainer.Trainer._init_model_and_opt_state,src.levanter.trainer.Trainer._init_model_and_opt_state,4230da6e283a2018a5a857ffca3f2e63c59bc249,2023-08-28T12:37:21-07:00,ca75dbea387f666bce94fd6e35ea2642be5597d2,2023-09-22T12:20:58-07:00,3,24,0.3333333333333333,0.9485346004626788,,True,False,3,0,658.43,0.0,0.00455629388102564,,496005961.0,stanford-crfm/levanter,Python
src/levanter/trainer.py,41,callable,ok,src.levanter.trainer.Trainer._init_non_trainable_params,src.levanter.trainer.Trainer._init_non_trainable_params,ca75dbea387f666bce94fd6e35ea2642be5597d2,2023-09-22T12:20:58-07:00,ca75dbea387f666bce94fd6e35ea2642be5597d2,2023-09-22T12:20:58-07:00,1,0,0.16666666666666666,,,True,False,1,0,633.44,0.0,0.0015786783699356492,,496005961.0,stanford-crfm/levanter,Python
src/levanter/trainer.py,42,callable,ok,src.levanter.trainer.Trainer.trainable_params_only,src.levanter.trainer.Trainer.trainable_params_only,ca75dbea387f666bce94fd6e35ea2642be5597d2,2023-09-22T12:20:58-07:00,ca75dbea387f666bce94fd6e35ea2642be5597d2,2023-09-22T12:20:58-07:00,1,0,0.14285714285714285,,,True,False,1,0,633.44,0.0,0.0015786783699356492,,496005961.0,stanford-crfm/levanter,Python
src/levanter/trainer.py,46,callable,ok,src.levanter.trainer.Trainer.maybe_load_checkpoint,src.levanter.trainer.Trainer.maybe_load_checkpoint,f6fd7f66f2650d46e89225120444b86c832edc54,2023-10-05T23:56:26-07:00,f6fd7f66f2650d46e89225120444b86c832edc54,2023-10-05T23:56:26-07:00,1,0,0.043478260869565216,,,True,False,1,0,619.96,0.0,0.0016130117475794928,,496005961.0,stanford-crfm/levanter,Python
src/levanter/trainer.py,43,callable,ok,src.levanter.trainer.Trainer.partition_trainable_params,src.levanter.trainer._partition_trainable_params,ca75dbea387f666bce94fd6e35ea2642be5597d2,2023-09-22T12:20:58-07:00,8f9a3dece8e8153f919c38b7761bd4f892fb4327,2024-02-12T09:10:32-08:00,3,142,0.15,0.2166913819041609,,True,True,3,0,633.44,0.0,0.004736035109806948,,496005961.0,stanford-crfm/levanter,Python
src/levanter/trainer.py,69,callable,ok,src.levanter.trainer.TrainerState.step,src.levanter.trainer.TrainerState.step,8f9a3dece8e8153f919c38b7761bd4f892fb4327,2024-02-12T09:10:32-08:00,8f9a3dece8e8153f919c38b7761bd4f892fb4327,2024-02-12T09:10:32-08:00,1,0,0.5,,,True,False,1,0,490.53,0.0,0.002038603698036546,,496005961.0,stanford-crfm/levanter,Python
src/levanter/trainer.py,73,callable,ok,src.levanter.trainer.Trainer._take_train_step,src.levanter.trainer.Trainer._take_train_step,8f9a3dece8e8153f919c38b7761bd4f892fb4327,2024-02-12T09:10:32-08:00,8f9a3dece8e8153f919c38b7761bd4f892fb4327,2024-02-12T09:10:32-08:00,1,0,0.0625,,,True,False,1,0,490.53,0.0,0.002038603698036546,,496005961.0,stanford-crfm/levanter,Python
src/levanter/trainer.py,40,callable,ok,src.levanter.trainer._params_only,src.levanter.trainer._params_only,f6063da9b31b49eae4ea22a82521fdfc5f728a54,2023-09-06T16:52:13-07:00,ca75dbea387f666bce94fd6e35ea2642be5597d2,2023-09-22T12:20:58-07:00,2,15,1.0,,,True,False,2,0,649.25,0.0,0.0030804638001917053,,496005961.0,stanford-crfm/levanter,Python
src/levanter/trainer.py,65,callable,ok,src.levanter.trainer.init_optimizer_for_trainables,src.levanter.trainer.init_optimizer_for_trainables,8f9a3dece8e8153f919c38b7761bd4f892fb4327,2024-02-12T09:10:32-08:00,94a432e7999ae016645bc72e9dda55e724d0f834,2024-02-21T09:13:00-08:00,2,9,0.5,,,True,False,2,0,490.53,0.0,0.004077207396073092,,496005961.0,stanford-crfm/levanter,Python
src/levanter/trainer.py,66,callable,ok,src.levanter.trainer._make_saveable_trainer_state,src.levanter.trainer._make_saveable_trainer_state,8f9a3dece8e8153f919c38b7761bd4f892fb4327,2024-02-12T09:10:32-08:00,8f9a3dece8e8153f919c38b7761bd4f892fb4327,2024-02-12T09:10:32-08:00,1,0,0.1111111111111111,,,True,False,1,0,490.53,0.0,0.002038603698036546,,496005961.0,stanford-crfm/levanter,Python
src/levanter/trainer.py,67,callable,ok,src.levanter.trainer.cast_params_by_trainability,src.levanter.trainer.cast_params_by_trainability,8f9a3dece8e8153f919c38b7761bd4f892fb4327,2024-02-12T09:10:32-08:00,94a432e7999ae016645bc72e9dda55e724d0f834,2024-02-21T09:13:00-08:00,2,9,0.18181818181818182,,,True,False,2,0,490.53,0.0,0.004077207396073092,,496005961.0,stanford-crfm/levanter,Python
src/levanter/trainer.py,70,callable,ok,src.levanter.trainer.TrainerState.trainable_model,src.levanter.trainer.TrainerState.trainable_model,8f9a3dece8e8153f919c38b7761bd4f892fb4327,2024-02-12T09:10:32-08:00,8f9a3dece8e8153f919c38b7761bd4f892fb4327,2024-02-12T09:10:32-08:00,1,0,0.5,,,True,False,1,0,490.53,0.0,0.002038603698036546,,496005961.0,stanford-crfm/levanter,Python
src/levanter/trainer.py,74,callable,ok,src.levanter.trainer.Trainer._initialize_state_from_scratch,src.levanter.trainer.Trainer._initialize_state_from_scratch,8f9a3dece8e8153f919c38b7761bd4f892fb4327,2024-02-12T09:10:32-08:00,8f9a3dece8e8153f919c38b7761bd4f892fb4327,2024-02-12T09:10:32-08:00,1,0,0.16666666666666666,,,True,False,1,0,490.53,0.0,0.002038603698036546,,496005961.0,stanford-crfm/levanter,Python
src/levanter/trainer.py,75,callable,ok,src.levanter.trainer._partition_trainable_params,src.levanter.trainer._partition_trainable_params,0b8b6e9dd5fb867a8eea6325720b712357ba5559,2024-02-12T10:45:39-08:00,0b8b6e9dd5fb867a8eea6325720b712357ba5559,2024-02-12T10:45:39-08:00,1,0,0.05,,,True,False,1,0,490.47,0.0,0.0020388782460021293,,496005961.0,stanford-crfm/levanter,Python
src/levanter/trainer.py,76,callable,ok,src.levanter.trainer._ensure_int_is_array,src.levanter.trainer._ensure_int_is_array,f61300960795513d341c44d560c574cd6fa0b381,2024-02-13T20:24:24-08:00,f61300960795513d341c44d560c574cd6fa0b381,2024-02-13T20:24:24-08:00,1,0,0.16666666666666666,,,True,False,1,0,489.06,0.0,0.002044722724475648,,496005961.0,stanford-crfm/levanter,Python
src/levanter/trainer.py,77,callable,ok,src.levanter.trainer.take_train_step,src.levanter.trainer.take_train_step,94a432e7999ae016645bc72e9dda55e724d0f834,2024-02-21T09:13:00-08:00,94a432e7999ae016645bc72e9dda55e724d0f834,2024-02-21T09:13:00-08:00,1,0,0.06666666666666667,,,True,False,1,0,481.53,0.0,0.0020767133089104797,,496005961.0,stanford-crfm/levanter,Python
src/levanter/trainer.py,78,callable,ok,src.levanter.trainer.trainables_only,src.levanter.trainer.trainables_only,94a432e7999ae016645bc72e9dda55e724d0f834,2024-02-21T09:13:00-08:00,94a432e7999ae016645bc72e9dda55e724d0f834,2024-02-21T09:13:00-08:00,1,0,0.14285714285714285,,,True,False,1,0,481.53,0.0,0.0020767133089104797,,496005961.0,stanford-crfm/levanter,Python
src/levanter/trainer.py,79,callable,ok,src.levanter.trainer.TrainerState.int_step,src.levanter.trainer.TrainerState.int_step,94a432e7999ae016645bc72e9dda55e724d0f834,2024-02-21T09:13:00-08:00,94a432e7999ae016645bc72e9dda55e724d0f834,2024-02-21T09:13:00-08:00,1,0,0.2,,,True,False,1,0,481.53,0.0,0.0020767133089104797,,496005961.0,stanford-crfm/levanter,Python
src/levanter/trainer.py,34,callable,ok,src.levanter.trainer.Trainer.replicated_loader,src.levanter.trainer.Trainer.replicated_loader,4230da6e283a2018a5a857ffca3f2e63c59bc249,2023-08-28T12:37:21-07:00,4230da6e283a2018a5a857ffca3f2e63c59bc249,2023-08-28T12:37:21-07:00,1,0,0.08333333333333333,,,True,False,1,0,658.43,0.0,0.0015187646270085466,,496005961.0,stanford-crfm/levanter,Python
src/levanter/trainer.py,35,callable,ok,src.levanter.trainer.Trainer.sharded_loader,src.levanter.trainer.Trainer.sharded_loader,4230da6e283a2018a5a857ffca3f2e63c59bc249,2023-08-28T12:37:21-07:00,4230da6e283a2018a5a857ffca3f2e63c59bc249,2023-08-28T12:37:21-07:00,1,0,0.08333333333333333,,,True,False,1,0,658.43,0.0,0.0015187646270085466,,496005961.0,stanford-crfm/levanter,Python
src/levanter/trainer.py,93,callable,ok,src.levanter.trainer.TrainerConfig.batch_scheduler,src.levanter.trainer.TrainerConfig.batch_scheduler,a9d911f4981ee8b9c150e912059df9b6dd05068c,2025-02-05T13:43:08-08:00,a9d911f4981ee8b9c150e912059df9b6dd05068c,2025-02-05T13:43:08-08:00,1,0,0.5,,,True,False,1,0,131.34,0.0,0.0076136804443146505,,496005961.0,stanford-crfm/levanter,Python
src/levanter/trainer.py,82,callable,ok,src.levanter.trainer.Trainer.fp8,src.levanter.trainer.Trainer.fp8,ef1ac77607b65f0aa9f93259d5e959010b0008d7,2024-03-14T14:50:02-07:00,ef1ac77607b65f0aa9f93259d5e959010b0008d7,2024-03-14T14:50:02-07:00,1,0,0.14285714285714285,,,True,False,1,0,459.34,0.0,0.0021770473694262926,,496005961.0,stanford-crfm/levanter,Python
src/levanter/trainer.py,98,callable,ok,src.levanter.trainer.TrainerConfig.use_mesh,src.levanter.trainer.TrainerConfig.use_mesh,4ad49844904354c7c850f62242e39f092dcc70af,2025-10-01T10:18:36-07:00,4ad49844904354c7c850f62242e39f092dcc70af,2025-10-01T10:18:36-07:00,1,0,0.5,,,True,False,0,1,0.0,106.47,,0.009391984245816056,496005961.0,stanford-crfm/levanter,Python
src/levanter/trainer.py,0,callable,ok,src.levanter.trainer.TrainerHooks.run_hooks,src.levanter.trainer.TrainerHooks.run_hooks,14cf2bb129cdae7f5c58411c98bc0cc67985c98e,2023-06-13T23:36:33-07:00,f5a6878f33bb0f0a02ca68bdd511cf6a4548dd8b,2024-12-04T00:25:18-08:00,2,877,0.5,,,False,False,2,0,733.97,0.0,0.002724899235102808,,496005961.0,stanford-crfm/levanter,Python
src/levanter/trainer.py,1,callable,ok,src.levanter.trainer.TrainerHooks.add_hook,src.levanter.trainer.TrainerHooks.add_hook,14cf2bb129cdae7f5c58411c98bc0cc67985c98e,2023-06-13T23:36:33-07:00,8d3fd1b595ad849713b222c253983541daca25b6,2025-03-28T16:08:07-07:00,3,877,0.14285714285714285,0.6697598255797381,,False,False,3,0,733.97,0.0,0.004087348852654212,,496005961.0,stanford-crfm/levanter,Python
src/levanter/trainer.py,4,callable,ok,src.levanter.trainer.TrainerConfig.initialize,src.levanter.trainer.TrainerConfig.initialize,14cf2bb129cdae7f5c58411c98bc0cc67985c98e,2023-06-13T23:36:33-07:00,b12d7345824657c401735954cb5a8bb06de903c6,2025-04-20T22:49:45-07:00,11,877,0.4230769230769231,2.2737492773514405,,False,False,11,0,733.97,0.0,0.014986945793065445,,496005961.0,stanford-crfm/levanter,Python
src/levanter/trainer.py,5,callable,ok,src.levanter.trainer.TrainerConfig.device_mesh,src.levanter.trainer.TrainerConfig.device_mesh,14cf2bb129cdae7f5c58411c98bc0cc67985c98e,2023-06-13T23:36:33-07:00,7bdd375f47af25e5c2fb012e01d48ec680cf0b69,2024-06-10T23:59:57-07:00,3,877,0.375,0.23595123915178798,,False,False,3,0,733.97,0.0,0.004087348852654212,,496005961.0,stanford-crfm/levanter,Python
src/levanter/trainer.py,6,callable,ok,src.levanter.trainer.TrainerConfig.eval_batch_size,src.levanter.trainer.TrainerConfig.eval_batch_size,14cf2bb129cdae7f5c58411c98bc0cc67985c98e,2023-06-13T23:36:33-07:00,14cf2bb129cdae7f5c58411c98bc0cc67985c98e,2023-06-13T23:36:33-07:00,1,877,0.5,,,False,False,1,0,733.97,0.0,0.001362449617551404,,496005961.0,stanford-crfm/levanter,Python
src/levanter/trainer.py,7,callable,ok,src.levanter.trainer.TrainerConfig.data_axis_size,src.levanter.trainer.TrainerConfig.data_axis_size,14cf2bb129cdae7f5c58411c98bc0cc67985c98e,2023-06-13T23:36:33-07:00,ed3c6f1c03360d3ec040a54cd4e2d0e5fbca16e1,2024-05-27T23:29:04-07:00,2,877,0.4,,,False,False,2,0,733.97,0.0,0.002724899235102808,,496005961.0,stanford-crfm/levanter,Python
src/levanter/trainer.py,8,callable,ok,src.levanter.trainer.TrainerConfig.compute_axis_mapping,src.levanter.trainer.TrainerConfig.compute_axis_mapping,14cf2bb129cdae7f5c58411c98bc0cc67985c98e,2023-06-13T23:36:33-07:00,ed3c6f1c03360d3ec040a54cd4e2d0e5fbca16e1,2024-05-27T23:29:04-07:00,2,877,0.14285714285714285,,,False,False,2,0,733.97,0.0,0.002724899235102808,,496005961.0,stanford-crfm/levanter,Python
src/levanter/trainer.py,9,callable,ok,src.levanter.trainer.TrainerConfig.parameter_axis_mapping,src.levanter.trainer.TrainerConfig.parameter_axis_mapping,14cf2bb129cdae7f5c58411c98bc0cc67985c98e,2023-06-13T23:36:33-07:00,14cf2bb129cdae7f5c58411c98bc0cc67985c98e,2023-06-13T23:36:33-07:00,1,877,0.07692307692307693,,,False,False,1,0,733.97,0.0,0.001362449617551404,,496005961.0,stanford-crfm/levanter,Python
src/levanter/trainer.py,10,callable,ok,src.levanter.trainer.TrainerConfig._initialize_jax_config,src.levanter.trainer.TrainerConfig._initialize_jax_config,14cf2bb129cdae7f5c58411c98bc0cc67985c98e,2023-06-13T23:36:33-07:00,ea43ade6e422302a674653ed10e2850bb1195097,2025-06-12T21:36:48-07:00,2,877,0.3333333333333333,,,False,False,2,0,733.97,0.0,0.002724899235102808,,496005961.0,stanford-crfm/levanter,Python
src/levanter/trainer.py,13,callable,ok,src.levanter.trainer.TrainerConfig._validate_and_set_defaults,src.levanter.trainer.TrainerConfig._validate_and_set_defaults,14cf2bb129cdae7f5c58411c98bc0cc67985c98e,2023-06-13T23:36:33-07:00,83f3f34640122476e4fd3955d66b603c82d1e1e3,2025-02-20T22:58:35-08:00,10,877,0.1724137931034483,2.187942049269982,,False,False,10,0,733.97,0.0,0.01362449617551404,,496005961.0,stanford-crfm/levanter,Python
src/levanter/trainer.py,17,callable,ok,src.levanter.trainer.TrainerHooks.__init__,src.levanter.trainer.TrainerHooks.__init__,2b91f9b87ce03812b89892568191b6ccbab9a541,2023-08-17T21:23:46-07:00,8d3fd1b595ad849713b222c253983541daca25b6,2025-03-28T16:08:07-07:00,3,812,1.0,0.711122132346008,,False,False,3,0,669.06,0.0,0.004483873934223646,,496005961.0,stanford-crfm/levanter,Python
src/levanter/trainer.py,18,callable,ok,src.levanter.trainer.Trainer.__init__,src.levanter.trainer.Trainer.__init__,4230da6e283a2018a5a857ffca3f2e63c59bc249,2023-08-28T12:37:21-07:00,9a08118f2b989f3a727f814ed9e78573eca5ffb2,2025-10-07T14:23:30-07:00,11,801,0.3333333333333333,2.429439502854932,,False,False,10,1,658.43,112.64,0.015187646270085465,0.008877538061416945,496005961.0,stanford-crfm/levanter,Python
src/levanter/trainer.py,19,callable,ok,src.levanter.trainer.Trainer.loss_fn,src.levanter.trainer.Trainer.loss_fn,4230da6e283a2018a5a857ffca3f2e63c59bc249,2023-08-28T12:37:21-07:00,9a08118f2b989f3a727f814ed9e78573eca5ffb2,2025-10-07T14:23:30-07:00,5,801,0.5,1.3102886074098694,,False,False,3,2,658.43,112.64,0.00455629388102564,0.01775507612283389,496005961.0,stanford-crfm/levanter,Python
src/levanter/trainer.py,20,callable,ok,src.levanter.trainer.Trainer.mp,src.levanter.trainer.Trainer.mp,4230da6e283a2018a5a857ffca3f2e63c59bc249,2023-08-28T12:37:21-07:00,9664155debd1c93c21e9d5e6046c799ffad1ef04,2023-10-03T15:21:46-07:00,2,801,0.6666666666666666,,,False,False,2,0,658.43,0.0,0.003037529254017093,,496005961.0,stanford-crfm/levanter,Python
src/levanter/trainer.py,21,callable,ok,src.levanter.trainer.Trainer.add_hook,src.levanter.trainer.Trainer.add_hook,4230da6e283a2018a5a857ffca3f2e63c59bc249,2023-08-28T12:37:21-07:00,f5a6878f33bb0f0a02ca68bdd511cf6a4548dd8b,2024-12-04T00:25:18-08:00,2,801,1.0,,,False,False,2,0,658.43,0.0,0.003037529254017093,,496005961.0,stanford-crfm/levanter,Python
src/levanter/trainer.py,22,callable,ok,src.levanter.trainer.Trainer.run_hooks,src.levanter.trainer.Trainer.run_hooks,4230da6e283a2018a5a857ffca3f2e63c59bc249,2023-08-28T12:37:21-07:00,4230da6e283a2018a5a857ffca3f2e63c59bc249,2023-08-28T12:37:21-07:00,1,801,0.5,,,False,False,1,0,658.43,0.0,0.0015187646270085466,,496005961.0,stanford-crfm/levanter,Python
src/levanter/trainer.py,23,callable,ok,src.levanter.trainer.Trainer.parameter_axis_mapping,src.levanter.trainer.Trainer.parameter_axis_mapping,4230da6e283a2018a5a857ffca3f2e63c59bc249,2023-08-28T12:37:21-07:00,4230da6e283a2018a5a857ffca3f2e63c59bc249,2023-08-28T12:37:21-07:00,1,801,0.5,,,False,False,1,0,658.43,0.0,0.0015187646270085466,,496005961.0,stanford-crfm/levanter,Python
src/levanter/trainer.py,24,callable,ok,src.levanter.trainer.Trainer.compute_axis_mapping,src.levanter.trainer.Trainer.compute_axis_mapping,4230da6e283a2018a5a857ffca3f2e63c59bc249,2023-08-28T12:37:21-07:00,4230da6e283a2018a5a857ffca3f2e63c59bc249,2023-08-28T12:37:21-07:00,1,801,0.5,,,False,False,1,0,658.43,0.0,0.0015187646270085466,,496005961.0,stanford-crfm/levanter,Python
src/levanter/trainer.py,25,callable,ok,src.levanter.trainer.Trainer.device_mesh,src.levanter.trainer.Trainer.device_mesh,4230da6e283a2018a5a857ffca3f2e63c59bc249,2023-08-28T12:37:21-07:00,4230da6e283a2018a5a857ffca3f2e63c59bc249,2023-08-28T12:37:21-07:00,1,801,0.5,,,False,False,1,0,658.43,0.0,0.0015187646270085466,,496005961.0,stanford-crfm/levanter,Python
src/levanter/trainer.py,26,callable,ok,src.levanter.trainer.Trainer.TrainBatch,src.levanter.trainer.Trainer.TrainBatch,4230da6e283a2018a5a857ffca3f2e63c59bc249,2023-08-28T12:37:21-07:00,4230da6e283a2018a5a857ffca3f2e63c59bc249,2023-08-28T12:37:21-07:00,1,801,0.5,,,False,False,1,0,658.43,0.0,0.0015187646270085466,,496005961.0,stanford-crfm/levanter,Python
src/levanter/trainer.py,27,callable,ok,src.levanter.trainer.Trainer.EvalBatch,src.levanter.trainer.Trainer.EvalBatch,4230da6e283a2018a5a857ffca3f2e63c59bc249,2023-08-28T12:37:21-07:00,4230da6e283a2018a5a857ffca3f2e63c59bc249,2023-08-28T12:37:21-07:00,1,801,0.5,,,False,False,1,0,658.43,0.0,0.0015187646270085466,,496005961.0,stanford-crfm/levanter,Python
src/levanter/trainer.py,28,callable,ok,src.levanter.trainer.Trainer.initial_state,src.levanter.trainer.Trainer.initial_state,4230da6e283a2018a5a857ffca3f2e63c59bc249,2023-08-28T12:37:21-07:00,5cd04e465a3d49a90f39be78a232afc2831b2f0b,2025-03-26T00:33:35-07:00,17,801,0.22972972972972974,2.516653896166527,,False,False,17,0,658.43,0.0,0.02581899865914529,,496005961.0,stanford-crfm/levanter,Python
src/levanter/trainer.py,29,callable,ok,src.levanter.trainer.Trainer.train_step,src.levanter.trainer.Trainer.train_step,4230da6e283a2018a5a857ffca3f2e63c59bc249,2023-08-28T12:37:21-07:00,9a08118f2b989f3a727f814ed9e78573eca5ffb2,2025-10-07T14:23:30-07:00,11,801,0.2894736842105263,2.4976177222458014,,False,False,10,1,658.43,112.64,0.015187646270085465,0.008877538061416945,496005961.0,stanford-crfm/levanter,Python
src/levanter/trainer.py,30,callable,ok,src.levanter.trainer.Trainer.training_steps,src.levanter.trainer.Trainer.training_steps,4230da6e283a2018a5a857ffca3f2e63c59bc249,2023-08-28T12:37:21-07:00,2324682ae18aca515a00bf7494143f347ed5e41d,2025-02-22T17:15:48-08:00,11,801,0.5789473684210527,2.246873055187029,,False,False,11,0,658.43,0.0,0.01670641089709401,,496005961.0,stanford-crfm/levanter,Python
src/levanter/trainer.py,31,callable,ok,src.levanter.trainer.Trainer.train,src.levanter.trainer.Trainer.train,4230da6e283a2018a5a857ffca3f2e63c59bc249,2023-08-28T12:37:21-07:00,49b708f540f68aa3d4b904472b6533e5b0093222,2025-07-22T14:16:37-07:00,6,801,0.35294117647058826,1.6416191089626164,,False,False,5,1,658.43,35.64,0.007593823135042733,0.028059099478276117,496005961.0,stanford-crfm/levanter,Python
src/levanter/trainer.py,33,callable,ok,src.levanter.trainer.Trainer.add_eval_hook,src.levanter.trainer.Trainer.add_eval_hook,4230da6e283a2018a5a857ffca3f2e63c59bc249,2023-08-28T12:37:21-07:00,b60fc9603442c35838a4bbba2f87d81768277ac9,2025-01-21T21:41:47-08:00,7,801,0.3333333333333333,2.017058825504246,,False,False,7,0,658.43,0.0,0.010631352389059826,,496005961.0,stanford-crfm/levanter,Python
src/levanter/trainer.py,38,callable,ok,src.levanter.trainer.TrainerConfig.TrainBatch,src.levanter.trainer.TrainerConfig.TrainBatch,4230da6e283a2018a5a857ffca3f2e63c59bc249,2023-08-28T12:37:21-07:00,a9d911f4981ee8b9c150e912059df9b6dd05068c,2025-02-05T13:43:08-08:00,2,801,0.5,,,False,False,2,0,658.43,0.0,0.003037529254017093,,496005961.0,stanford-crfm/levanter,Python
src/levanter/trainer.py,39,callable,ok,src.levanter.trainer.TrainerConfig.EvalBatch,src.levanter.trainer.TrainerConfig.EvalBatch,4230da6e283a2018a5a857ffca3f2e63c59bc249,2023-08-28T12:37:21-07:00,a9d911f4981ee8b9c150e912059df9b6dd05068c,2025-02-05T13:43:08-08:00,2,801,1.0,,,False,False,2,0,658.43,0.0,0.003037529254017093,,496005961.0,stanford-crfm/levanter,Python
src/levanter/trainer.py,44,callable,ok,src.levanter.trainer.Trainer.run_id,src.levanter.trainer.Trainer.run_id,9664155debd1c93c21e9d5e6046c799ffad1ef04,2023-10-03T15:21:46-07:00,9664155debd1c93c21e9d5e6046c799ffad1ef04,2023-10-03T15:21:46-07:00,1,765,0.25,,,False,False,1,0,622.32,0.0,0.0016069014632400086,,496005961.0,stanford-crfm/levanter,Python
src/levanter/trainer.py,47,callable,ok,src.levanter.trainer.TrainerConfig._maybe_set_id,src.levanter.trainer.TrainerConfig._maybe_set_id,f6fd7f66f2650d46e89225120444b86c832edc54,2023-10-05T23:56:26-07:00,7078f80880884d332379589a9ac80dabf2e2c49a,2024-02-09T12:21:18-08:00,2,763,0.08333333333333333,,,False,False,2,0,619.96,0.0,0.0032260234951589856,,496005961.0,stanford-crfm/levanter,Python
src/levanter/trainer.py,56,callable,ok,src.levanter.trainer.Trainer._compute_gradients_microbatched,src.levanter.trainer.Trainer._compute_gradients_microbatched,14b514d7653f6e83af4eb01394a823e5cfb09702,2024-02-02T10:01:53-08:00,9a08118f2b989f3a727f814ed9e78573eca5ffb2,2025-10-07T14:23:30-07:00,5,644,0.19230769230769232,1.618127125977481,,False,False,4,1,500.5,112.64,0.00799206916636359,0.008877538061416945,496005961.0,stanford-crfm/levanter,Python
src/levanter/trainer.py,57,callable,ok,src.levanter.trainer.TrainerConfig.microbatch_size,src.levanter.trainer.TrainerConfig.microbatch_size,14b514d7653f6e83af4eb01394a823e5cfb09702,2024-02-02T10:01:53-08:00,a9d911f4981ee8b9c150e912059df9b6dd05068c,2025-02-05T13:43:08-08:00,2,644,0.5,,,False,False,2,0,500.5,0.0,0.003996034583181795,,496005961.0,stanford-crfm/levanter,Python
src/levanter/trainer.py,58,callable,ok,src.levanter.trainer.Trainer.num_train_steps,src.levanter.trainer.Trainer.num_train_steps,7078f80880884d332379589a9ac80dabf2e2c49a,2024-02-09T12:21:18-08:00,7078f80880884d332379589a9ac80dabf2e2c49a,2024-02-09T12:21:18-08:00,1,636,0.5,,,False,False,1,0,493.4,0.0,0.002026755803887355,,496005961.0,stanford-crfm/levanter,Python
src/levanter/trainer.py,59,callable,ok,src.levanter.trainer._initialize_global_tracker,src.levanter.trainer._initialize_global_tracker,be294b476fd092e7c8b85f9a64e2cd9c6c6de4f6,2024-02-09T23:55:47-08:00,be294b476fd092e7c8b85f9a64e2cd9c6c6de4f6,2024-02-09T23:55:47-08:00,1,636,0.14285714285714285,,,False,False,1,0,492.92,0.0,0.0020287388230051,,496005961.0,stanford-crfm/levanter,Python
src/levanter/trainer.py,60,callable,ok,src.levanter.trainer.initialize,src.levanter.trainer.initialize,be294b476fd092e7c8b85f9a64e2cd9c6c6de4f6,2024-02-09T23:55:47-08:00,be294b476fd092e7c8b85f9a64e2cd9c6c6de4f6,2024-02-09T23:55:47-08:00,1,636,0.1,,,False,False,1,0,492.92,0.0,0.0020287388230051,,496005961.0,stanford-crfm/levanter,Python
src/levanter/trainer.py,61,callable,ok,src.levanter.trainer.Trainer.__enter__,src.levanter.trainer.Trainer.__enter__,be294b476fd092e7c8b85f9a64e2cd9c6c6de4f6,2024-02-09T23:55:47-08:00,4ad49844904354c7c850f62242e39f092dcc70af,2025-10-01T10:18:36-07:00,2,636,0.14285714285714285,,,False,False,1,1,492.92,106.47,0.0020287388230051,0.009391984245816056,496005961.0,stanford-crfm/levanter,Python
src/levanter/trainer.py,62,callable,ok,src.levanter.trainer.Trainer.__exit__,src.levanter.trainer.Trainer.__exit__,be294b476fd092e7c8b85f9a64e2cd9c6c6de4f6,2024-02-09T23:55:47-08:00,be294b476fd092e7c8b85f9a64e2cd9c6c6de4f6,2024-02-09T23:55:47-08:00,1,636,0.08333333333333333,,,False,False,1,0,492.92,0.0,0.0020287388230051,,496005961.0,stanford-crfm/levanter,Python
src/levanter/trainer.py,63,callable,ok,src.levanter.trainer.TrainerConfig.__post_init__,src.levanter.trainer.TrainerConfig.__post_init__,be294b476fd092e7c8b85f9a64e2cd9c6c6de4f6,2024-02-09T23:55:47-08:00,be294b476fd092e7c8b85f9a64e2cd9c6c6de4f6,2024-02-09T23:55:47-08:00,1,636,0.25,,,False,False,1,0,492.92,0.0,0.0020287388230051,,496005961.0,stanford-crfm/levanter,Python
src/levanter/trainer.py,64,callable,ok,src.levanter.trainer.Trainer._add_default_hooks,src.levanter.trainer.Trainer._add_default_hooks,5de54dc4a2b45b3369ec2bcf2f168eca6b266554,2024-02-10T00:06:56-08:00,8ab490184433bd3e2590035e78f47eba1efbbe43,2025-04-01T12:37:52-07:00,4,636,0.12903225806451613,0.45360557631422993,,False,False,4,0,492.91,0.0,0.008115082768913203,,496005961.0,stanford-crfm/levanter,Python
src/levanter/trainer.py,68,callable,ok,src.levanter.trainer._ensure_scalar,src.levanter.trainer._ensure_scalar,8f9a3dece8e8153f919c38b7761bd4f892fb4327,2024-02-12T09:10:32-08:00,8f9a3dece8e8153f919c38b7761bd4f892fb4327,2024-02-12T09:10:32-08:00,1,634,0.2,,,False,False,1,0,490.53,0.0,0.002038603698036546,,496005961.0,stanford-crfm/levanter,Python
src/levanter/trainer.py,71,callable,ok,src.levanter.trainer.Trainer._jit_train_step_fn,src.levanter.trainer.Trainer._jit_train_step_fn,8f9a3dece8e8153f919c38b7761bd4f892fb4327,2024-02-12T09:10:32-08:00,9f2f584f1e67c9321c38d7cb956f2613ebc5905f,2024-03-12T12:58:48-07:00,2,634,0.2857142857142857,,,False,False,2,0,490.53,0.0,0.004077207396073092,,496005961.0,stanford-crfm/levanter,Python
src/levanter/trainer.py,72,callable,ok,src.levanter.trainer.Trainer._train_step,src.levanter.trainer.Trainer._train_step,8f9a3dece8e8153f919c38b7761bd4f892fb4327,2024-02-12T09:10:32-08:00,9a08118f2b989f3a727f814ed9e78573eca5ffb2,2025-10-07T14:23:30-07:00,10,634,0.2564102564102564,2.317405477279891,,False,False,8,2,490.53,112.64,0.01630882958429237,0.01775507612283389,496005961.0,stanford-crfm/levanter,Python
src/levanter/trainer.py,80,callable,ok,src.levanter.trainer._unify_model_and_model_init,src.levanter.trainer._unify_model_and_model_init,54f9cefc63b221327b4ca4d7b331325b1e53ea95,2024-02-28T14:12:27-08:00,54f9cefc63b221327b4ca4d7b331325b1e53ea95,2024-02-28T14:12:27-08:00,1,617,0.08333333333333333,,,False,False,1,0,474.32,0.0,0.002108271708884767,,496005961.0,stanford-crfm/levanter,Python
src/levanter/trainer.py,81,callable,ok,src.levanter.trainer.Trainer.checkpoint_path,src.levanter.trainer.Trainer.checkpoint_path,da630ff003e9134b937526dcf039a99f27ae65bc,2024-02-28T23:23:13-08:00,da630ff003e9134b937526dcf039a99f27ae65bc,2024-02-28T23:23:13-08:00,1,617,0.2,,,False,False,1,0,473.94,0.0,0.002109973117623748,,496005961.0,stanford-crfm/levanter,Python
src/levanter/trainer.py,83,callable,ok,src.levanter.trainer.TrainerConfig.num_slices,src.levanter.trainer.TrainerConfig.num_slices,ed3c6f1c03360d3ec040a54cd4e2d0e5fbca16e1,2024-05-27T23:29:04-07:00,ed3c6f1c03360d3ec040a54cd4e2d0e5fbca16e1,2024-05-27T23:29:04-07:00,1,528,0.3333333333333333,,,False,False,1,0,384.98,0.0,0.002597555808215961,,496005961.0,stanford-crfm/levanter,Python
src/levanter/trainer.py,84,callable,ok,src.levanter.trainer.TrainerConfig.num_devices_per_slice,src.levanter.trainer.TrainerConfig.num_devices_per_slice,ed3c6f1c03360d3ec040a54cd4e2d0e5fbca16e1,2024-05-27T23:29:04-07:00,ed3c6f1c03360d3ec040a54cd4e2d0e5fbca16e1,2024-05-27T23:29:04-07:00,1,528,0.3333333333333333,,,False,False,1,0,384.98,0.0,0.002597555808215961,,496005961.0,stanford-crfm/levanter,Python
src/levanter/trainer.py,85,callable,ok,src.levanter.trainer.TrainerConfig.data_ici_axis_size,src.levanter.trainer.TrainerConfig.data_ici_axis_size,ed3c6f1c03360d3ec040a54cd4e2d0e5fbca16e1,2024-05-27T23:29:04-07:00,d14dd56708aba35cea330e6f81664ab314eec4b4,2025-10-08T10:20:48-07:00,2,528,0.2857142857142857,,,False,False,1,1,384.98,113.48,0.002597555808215961,0.008812490399587283,496005961.0,stanford-crfm/levanter,Python
src/levanter/trainer.py,86,callable,ok,src.levanter.trainer.TrainerConfig.data_dcn_axis_size,src.levanter.trainer.TrainerConfig.data_dcn_axis_size,ed3c6f1c03360d3ec040a54cd4e2d0e5fbca16e1,2024-05-27T23:29:04-07:00,ed3c6f1c03360d3ec040a54cd4e2d0e5fbca16e1,2024-05-27T23:29:04-07:00,1,528,0.25,,,False,False,1,0,384.98,0.0,0.002597555808215961,,496005961.0,stanford-crfm/levanter,Python
src/levanter/trainer.py,87,callable,ok,src.levanter.trainer.TrainerConfig.replica_axis_size,src.levanter.trainer.TrainerConfig.replica_axis_size,ed3c6f1c03360d3ec040a54cd4e2d0e5fbca16e1,2024-05-27T23:29:04-07:00,ed3c6f1c03360d3ec040a54cd4e2d0e5fbca16e1,2024-05-27T23:29:04-07:00,1,528,0.3333333333333333,,,False,False,1,0,384.98,0.0,0.002597555808215961,,496005961.0,stanford-crfm/levanter,Python
src/levanter/trainer.py,88,callable,ok,src.levanter.trainer.Trainer.data_loader,src.levanter.trainer.Trainer.data_loader,fbe27bc7f3591a6403fef3b2b6c805114e9215f4,2024-09-05T11:10:11-07:00,61eaf18b83aa9e4c76297acfe3d6e40e98258de9,2025-02-20T00:18:45-08:00,5,428,0.19230769230769232,0.5527561897081588,,False,False,5,0,284.49,0.0,0.017575285178326697,,496005961.0,stanford-crfm/levanter,Python
src/levanter/trainer.py,89,callable,ok,src.levanter.trainer.TrainerHooks.run_jit_hooks_outside_step,src.levanter.trainer.TrainerHooks.run_jit_hooks_outside_step,f5a6878f33bb0f0a02ca68bdd511cf6a4548dd8b,2024-12-04T00:25:18-08:00,8d3fd1b595ad849713b222c253983541daca25b6,2025-03-28T16:08:07-07:00,2,338,0.5,,,False,False,2,0,194.9,0.0,0.010261853034111635,,496005961.0,stanford-crfm/levanter,Python
src/levanter/trainer.py,90,callable,ok,src.levanter.trainer.TrainerHooks.run_jit_hooks,src.levanter.trainer.TrainerHooks.run_jit_hooks,f5a6878f33bb0f0a02ca68bdd511cf6a4548dd8b,2024-12-04T00:25:18-08:00,8d3fd1b595ad849713b222c253983541daca25b6,2025-03-28T16:08:07-07:00,2,338,0.15384615384615385,,,False,False,2,0,194.9,0.0,0.010261853034111635,,496005961.0,stanford-crfm/levanter,Python
src/levanter/trainer.py,91,callable,ok,src.levanter.trainer.Trainer._jit_train_step_fn_no_hook,src.levanter.trainer.Trainer._jit_train_step_fn_no_hook,f5a6878f33bb0f0a02ca68bdd511cf6a4548dd8b,2024-12-04T00:25:18-08:00,f5a6878f33bb0f0a02ca68bdd511cf6a4548dd8b,2024-12-04T00:25:18-08:00,1,338,0.14285714285714285,,,False,False,1,0,194.9,0.0,0.0051309265170558175,,496005961.0,stanford-crfm/levanter,Python
src/levanter/trainer.py,92,callable,ok,src.levanter.trainer._resolve_axis_in_tree,src.levanter.trainer._resolve_axis_in_tree,a9d911f4981ee8b9c150e912059df9b6dd05068c,2025-02-05T13:43:08-08:00,a9d911f4981ee8b9c150e912059df9b6dd05068c,2025-02-05T13:43:08-08:00,1,274,0.08333333333333333,,,False,False,1,0,131.34,0.0,0.0076136804443146505,,496005961.0,stanford-crfm/levanter,Python
src/levanter/trainer.py,94,callable,ok,src.levanter.trainer.TrainerConfig.batch_axis_at_step,src.levanter.trainer.TrainerConfig.batch_axis_at_step,a9d911f4981ee8b9c150e912059df9b6dd05068c,2025-02-05T13:43:08-08:00,a9d911f4981ee8b9c150e912059df9b6dd05068c,2025-02-05T13:43:08-08:00,1,274,0.3333333333333333,,,False,False,1,0,131.34,0.0,0.0076136804443146505,,496005961.0,stanford-crfm/levanter,Python
src/levanter/trainer.py,95,callable,ok,src.levanter.trainer.TrainerConfig.batch_schedule,src.levanter.trainer.TrainerConfig.batch_schedule,83f3f34640122476e4fd3955d66b603c82d1e1e3,2025-02-20T22:58:35-08:00,83f3f34640122476e4fd3955d66b603c82d1e1e3,2025-02-20T22:58:35-08:00,1,259,0.5,,,False,False,1,0,115.96,0.0,0.008623901762579793,,496005961.0,stanford-crfm/levanter,Python
src/levanter/trainer.py,96,callable,ok,src.levanter.trainer.Trainer.write_artifact,src.levanter.trainer.Trainer.write_artifact,6281097de4fd7664c14ca62dc3134a7a78947835,2025-04-01T17:17:37-07:00,6281097de4fd7664c14ca62dc3134a7a78947835,2025-04-01T17:17:37-07:00,1,219,0.06666666666666667,,,False,False,1,0,76.24,0.0,0.013117292736526877,,496005961.0,stanford-crfm/levanter,Python
src/levanter/trainer.py,97,callable,ok,src.levanter.trainer.Trainer._maybe_save_jaxpr,src.levanter.trainer.Trainer._maybe_save_jaxpr,6281097de4fd7664c14ca62dc3134a7a78947835,2025-04-01T17:17:37-07:00,bf516c37ee0385413a64f12da76b936424cc1033,2025-05-27T22:05:56-07:00,2,219,0.11764705882352941,,,False,False,2,0,76.24,0.0,0.026234585473053754,,496005961.0,stanford-crfm/levanter,Python
src/levanter/trainer.py,99,callable,ok,src.levanter.trainer.TrainerConfig.use_device_mesh,src.levanter.trainer.TrainerConfig.use_device_mesh,153ec2e4cfbe14da3874020aa29c5e8f97883821,2025-10-01T14:54:28-07:00,153ec2e4cfbe14da3874020aa29c5e8f97883821,2025-10-01T14:54:28-07:00,1,36,0.125,,,False,False,0,1,0.0,106.67,,0.009375115968231379,496005961.0,stanford-crfm/levanter,Python
src/levanter/trainer.py,100,callable,ok,src.levanter.trainer.WrappedLossFunction.__init__,src.levanter.trainer.WrappedLossFunction.__init__,9a08118f2b989f3a727f814ed9e78573eca5ffb2,2025-10-07T14:23:30-07:00,9a08118f2b989f3a727f814ed9e78573eca5ffb2,2025-10-07T14:23:30-07:00,1,30,0.06666666666666667,,,False,False,0,1,0.0,112.64,,0.008877538061416945,496005961.0,stanford-crfm/levanter,Python
src/levanter/trainer.py,101,callable,ok,src.levanter.trainer.WrappedLossFunction.__call__,src.levanter.trainer.WrappedLossFunction.__call__,9a08118f2b989f3a727f814ed9e78573eca5ffb2,2025-10-07T14:23:30-07:00,9a08118f2b989f3a727f814ed9e78573eca5ffb2,2025-10-07T14:23:30-07:00,1,30,0.034482758620689655,,,False,False,0,1,0.0,112.64,,0.008877538061416945,496005961.0,stanford-crfm/levanter,Python
src/levanter/trainer_state.py,0,class,ok,src.levanter.trainer_state.TrainerState,src.levanter.trainer_state.TrainerState,54f9cefc63b221327b4ca4d7b331325b1e53ea95,2024-02-28T14:12:27-08:00,bf516c37ee0385413a64f12da76b936424cc1033,2025-05-27T22:05:56-07:00,8,617,0.06451612903225806,1.5187293719165376,,False,False,8,0,474.32,0.0,0.016866173671078136,,496005961.0,stanford-crfm/levanter,Python
src/levanter/trainer_state.py,1,class,ok,src.levanter.trainer_state.InsideJitInfo,src.levanter.trainer_state.InsideJitInfo,8d3fd1b595ad849713b222c253983541daca25b6,2025-03-28T16:08:07-07:00,8d3fd1b595ad849713b222c253983541daca25b6,2025-03-28T16:08:07-07:00,1,223,0.1111111111111111,,,False,False,1,0,80.28,0.0,0.012455858470308131,,496005961.0,stanford-crfm/levanter,Python
src/levanter/trainer_state.py,0,callable,ok,src.levanter.trainer_state._ensure_int_is_array,src.levanter.trainer_state._ensure_int_is_array,54f9cefc63b221327b4ca4d7b331325b1e53ea95,2024-02-28T14:12:27-08:00,54f9cefc63b221327b4ca4d7b331325b1e53ea95,2024-02-28T14:12:27-08:00,1,617,0.16666666666666666,,,False,False,1,0,474.32,0.0,0.002108271708884767,,496005961.0,stanford-crfm/levanter,Python
src/levanter/trainer_state.py,1,callable,ok,src.levanter.trainer_state.init_optimizer_for_trainables,src.levanter.trainer_state.init_optimizer_for_trainables,54f9cefc63b221327b4ca4d7b331325b1e53ea95,2024-02-28T14:12:27-08:00,a3cdaab712834739cf55ce755a769eca14049771,2025-01-23T11:23:16-08:00,3,617,0.42857142857142855,0.26662880480484186,,False,False,3,0,474.32,0.0,0.006324815126654301,,496005961.0,stanford-crfm/levanter,Python
src/levanter/trainer_state.py,2,callable,ok,src.levanter.trainer_state._params_only,src.levanter.trainer_state._params_only,54f9cefc63b221327b4ca4d7b331325b1e53ea95,2024-02-28T14:12:27-08:00,54f9cefc63b221327b4ca4d7b331325b1e53ea95,2024-02-28T14:12:27-08:00,1,617,0.5,,,False,False,1,0,474.32,0.0,0.002108271708884767,,496005961.0,stanford-crfm/levanter,Python
src/levanter/trainer_state.py,3,callable,ok,src.levanter.trainer_state._partition_trainable_params,src.levanter.trainer_state._partition_trainable_params,54f9cefc63b221327b4ca4d7b331325b1e53ea95,2024-02-28T14:12:27-08:00,4d0de42434317f789c513e8fafcb4d1351b56f14,2024-03-06T16:24:00-08:00,2,617,0.16666666666666666,,,False,False,2,0,474.32,0.0,0.004216543417769534,,496005961.0,stanford-crfm/levanter,Python
src/levanter/trainer_state.py,4,callable,ok,src.levanter.trainer_state.trainables_only,src.levanter.trainer_state.trainables_only,54f9cefc63b221327b4ca4d7b331325b1e53ea95,2024-02-28T14:12:27-08:00,54f9cefc63b221327b4ca4d7b331325b1e53ea95,2024-02-28T14:12:27-08:00,1,617,0.14285714285714285,,,False,False,1,0,474.32,0.0,0.002108271708884767,,496005961.0,stanford-crfm/levanter,Python
src/levanter/trainer_state.py,5,callable,ok,src.levanter.trainer_state.cast_params_by_trainability,src.levanter.trainer_state.cast_params_by_trainability,54f9cefc63b221327b4ca4d7b331325b1e53ea95,2024-02-28T14:12:27-08:00,54f9cefc63b221327b4ca4d7b331325b1e53ea95,2024-02-28T14:12:27-08:00,1,617,0.09090909090909091,,,False,False,1,0,474.32,0.0,0.002108271708884767,,496005961.0,stanford-crfm/levanter,Python
src/levanter/trainer_state.py,6,callable,ok,src.levanter.trainer_state.saveable_training_mask,src.levanter.trainer_state.saveable_training_mask,54f9cefc63b221327b4ca4d7b331325b1e53ea95,2024-02-28T14:12:27-08:00,a3cdaab712834739cf55ce755a769eca14049771,2025-01-23T11:23:16-08:00,4,617,0.3333333333333333,0.19319231852717653,,False,False,4,0,474.32,0.0,0.008433086835539068,,496005961.0,stanford-crfm/levanter,Python
src/levanter/trainer_state.py,7,callable,ok,src.levanter.trainer_state.take_train_step,src.levanter.trainer_state.take_train_step,54f9cefc63b221327b4ca4d7b331325b1e53ea95,2024-02-28T14:12:27-08:00,bf516c37ee0385413a64f12da76b936424cc1033,2025-05-27T22:05:56-07:00,7,617,0.21212121212121213,1.2863609978902961,,False,False,7,0,474.32,0.0,0.01475790196219337,,496005961.0,stanford-crfm/levanter,Python
src/levanter/trainer_state.py,8,callable,ok,src.levanter.trainer_state.TrainerState.int_step,src.levanter.trainer_state.TrainerState.int_step,54f9cefc63b221327b4ca4d7b331325b1e53ea95,2024-02-28T14:12:27-08:00,54f9cefc63b221327b4ca4d7b331325b1e53ea95,2024-02-28T14:12:27-08:00,1,617,0.2,,,False,False,1,0,474.32,0.0,0.002108271708884767,,496005961.0,stanford-crfm/levanter,Python
src/levanter/trainer_state.py,9,callable,ok,src.levanter.trainer_state.TrainerState.trainable_model,src.levanter.trainer_state.TrainerState.trainable_model,54f9cefc63b221327b4ca4d7b331325b1e53ea95,2024-02-28T14:12:27-08:00,4d0de42434317f789c513e8fafcb4d1351b56f14,2024-03-06T16:24:00-08:00,2,617,1.0,,,False,False,2,0,474.32,0.0,0.004216543417769534,,496005961.0,stanford-crfm/levanter,Python
src/levanter/trainer_state.py,10,callable,ok,src.levanter.trainer_state.TrainerState.init,src.levanter.trainer_state.TrainerState.init,54f9cefc63b221327b4ca4d7b331325b1e53ea95,2024-02-28T14:12:27-08:00,6866fb085486783d97ec646ae6ab2b75791851a1,2025-02-27T18:07:10-08:00,5,617,0.1282051282051282,0.738122544535555,,False,False,5,0,474.32,0.0,0.010541358544423835,,496005961.0,stanford-crfm/levanter,Python
src/levanter/trainer_state.py,11,callable,ok,src.levanter.trainer_state.TrainerState.take_step,src.levanter.trainer_state.TrainerState.take_step,54f9cefc63b221327b4ca4d7b331325b1e53ea95,2024-02-28T14:12:27-08:00,bf516c37ee0385413a64f12da76b936424cc1033,2025-05-27T22:05:56-07:00,5,617,0.16666666666666666,1.1522250219935057,,False,False,5,0,474.32,0.0,0.010541358544423835,,496005961.0,stanford-crfm/levanter,Python
src/levanter/trainer_state.py,12,callable,ok,src.levanter.trainer_state.make_floating_point_trainable_filter,src.levanter.trainer_state.make_floating_point_trainable_filter,4d0de42434317f789c513e8fafcb4d1351b56f14,2024-03-06T16:24:00-08:00,4d0de42434317f789c513e8fafcb4d1351b56f14,2024-03-06T16:24:00-08:00,1,610,0.07142857142857142,,,False,False,1,0,467.23,0.0,0.0021402698156905656,,496005961.0,stanford-crfm/levanter,Python
src/levanter/trainer_state.py,13,callable,ok,src.levanter.trainer_state.TrainerState.saveable_state,src.levanter.trainer_state.TrainerState.saveable_state,4d0de42434317f789c513e8fafcb4d1351b56f14,2024-03-06T16:24:00-08:00,4d0de42434317f789c513e8fafcb4d1351b56f14,2024-03-06T16:24:00-08:00,1,610,0.5,,,False,False,1,0,467.23,0.0,0.0021402698156905656,,496005961.0,stanford-crfm/levanter,Python
src/levanter/trainer_state.py,14,callable,ok,src.levanter.trainer_state.TrainerState.eval_model,src.levanter.trainer_state.TrainerState.eval_model,b60fc9603442c35838a4bbba2f87d81768277ac9,2025-01-21T21:41:47-08:00,a3cdaab712834739cf55ce755a769eca14049771,2025-01-23T11:23:16-08:00,2,289,0.15384615384615385,,,False,False,2,0,146.01,0.0,0.013697679995085324,,496005961.0,stanford-crfm/levanter,Python
src/levanter/utils/activation.py,0,class,ok,src.levanter.utils.activation.ActivationFunctionEnum,src.levanter.utils.activation.ActivationFunctionEnum,c136d3e66decca7a58a0f41cb03323064f4c2232,2025-03-27T21:45:34-07:00,09857cd6a0f2e9e201d890be7362d5b09b7a7e06,2025-04-02T12:53:09-07:00,3,224,0.2727272727272727,0.044387337025022115,,False,False,3,0,81.05,0.0,0.03701456934576749,,496005961.0,stanford-crfm/levanter,Python
src/levanter/utils/activation.py,0,callable,ok,src.levanter.utils.activation.ActivationFunctionEnum.to_fn,src.levanter.utils.activation.ActivationFunctionEnum.to_fn,c136d3e66decca7a58a0f41cb03323064f4c2232,2025-03-27T21:45:34-07:00,c136d3e66decca7a58a0f41cb03323064f4c2232,2025-03-27T21:45:34-07:00,1,224,0.5,,,False,False,1,0,81.05,0.0,0.012338189781922497,,496005961.0,stanford-crfm/levanter,Python
src/levanter/utils/background_iterable.py,0,class,ok,src.levanter.utils.background_iterable.BackgroundIterable,src.levanter.utils.background_iterable.BackgroundIterable,abd4d2fe4b280480c3af4f15426d17fb0030060a,2023-07-26T21:53:55-07:00,fbe27bc7f3591a6403fef3b2b6c805114e9215f4,2024-09-05T11:10:11-07:00,2,834,0.10526315789473684,,,False,False,2,0,691.04,0.0,0.0028941743636547172,,496005961.0,stanford-crfm/levanter,Python
src/levanter/utils/background_iterable.py,1,class,ok,src.levanter.utils.background_iterable._Sentinel,src.levanter.utils.background_iterable._Sentinel,abd4d2fe4b280480c3af4f15426d17fb0030060a,2023-07-26T21:53:55-07:00,abd4d2fe4b280480c3af4f15426d17fb0030060a,2023-07-26T21:53:55-07:00,1,834,0.25,,,False,False,1,0,691.04,0.0,0.0014470871818273586,,496005961.0,stanford-crfm/levanter,Python
src/levanter/utils/background_iterable.py,2,class,ok,src.levanter.utils.background_iterable._ExceptionWrapper,src.levanter.utils.background_iterable._ExceptionWrapper,abd4d2fe4b280480c3af4f15426d17fb0030060a,2023-07-26T21:53:55-07:00,abd4d2fe4b280480c3af4f15426d17fb0030060a,2023-07-26T21:53:55-07:00,1,834,0.1,,,False,False,1,0,691.04,0.0,0.0014470871818273586,,496005961.0,stanford-crfm/levanter,Python
src/levanter/utils/background_iterable.py,3,class,ok,src.levanter.utils.background_iterable.BackgroundIterator,src.levanter.utils.background_iterable.BackgroundIterator,fbe27bc7f3591a6403fef3b2b6c805114e9215f4,2024-09-05T11:10:11-07:00,93a8aa95a06e312439bd457ae326e661fbfc52e2,2025-01-08T10:32:31-08:00,4,428,0.035398230088495575,0.8065088268926295,,False,False,4,0,284.49,0.0,0.014060228142661356,,496005961.0,stanford-crfm/levanter,Python
src/levanter/utils/background_iterable.py,4,callable,ok,src.levanter.utils.background_iterable.BackgroundIterable._fill_queue_with_batches,src.levanter.utils.background_iterable.BackgroundIterable._fill_queue_with_batches,abd4d2fe4b280480c3af4f15426d17fb0030060a,2023-07-26T21:53:55-07:00,abd4d2fe4b280480c3af4f15426d17fb0030060a,2023-07-26T21:53:55-07:00,1,0,0.047619047619047616,,,True,False,1,0,691.04,0.0,0.0014470871818273586,,496005961.0,stanford-crfm/levanter,Python
src/levanter/utils/background_iterable.py,2,callable,ok,src.levanter.utils.background_iterable.BackgroundIterable.__del__,src.levanter.utils.background_iterable.BackgroundIterator.__del__,abd4d2fe4b280480c3af4f15426d17fb0030060a,2023-07-26T21:53:55-07:00,fbe27bc7f3591a6403fef3b2b6c805114e9215f4,2024-09-05T11:10:11-07:00,2,406,1.0,,,True,True,2,0,691.04,0.0,0.0028941743636547172,,496005961.0,stanford-crfm/levanter,Python
src/levanter/utils/background_iterable.py,3,callable,ok,src.levanter.utils.background_iterable.BackgroundIterable.stop,src.levanter.utils.background_iterable.BackgroundIterator.stop,abd4d2fe4b280480c3af4f15426d17fb0030060a,2023-07-26T21:53:55-07:00,fbe27bc7f3591a6403fef3b2b6c805114e9215f4,2024-09-05T11:10:11-07:00,2,406,1.0,,,True,True,2,0,691.04,0.0,0.0028941743636547172,,496005961.0,stanford-crfm/levanter,Python
src/levanter/utils/background_iterable.py,0,callable,ok,src.levanter.utils.background_iterable.BackgroundIterable.__init__,src.levanter.utils.background_iterable.BackgroundIterable.__init__,abd4d2fe4b280480c3af4f15426d17fb0030060a,2023-07-26T21:53:55-07:00,fbe27bc7f3591a6403fef3b2b6c805114e9215f4,2024-09-05T11:10:11-07:00,2,834,0.2857142857142857,,,False,False,2,0,691.04,0.0,0.0028941743636547172,,496005961.0,stanford-crfm/levanter,Python
src/levanter/utils/background_iterable.py,1,callable,ok,src.levanter.utils.background_iterable.BackgroundIterable.__iter__,src.levanter.utils.background_iterable.BackgroundIterable.__iter__,abd4d2fe4b280480c3af4f15426d17fb0030060a,2023-07-26T21:53:55-07:00,fbe27bc7f3591a6403fef3b2b6c805114e9215f4,2024-09-05T11:10:11-07:00,2,834,1.0,,,False,False,2,0,691.04,0.0,0.0028941743636547172,,496005961.0,stanford-crfm/levanter,Python
src/levanter/utils/background_iterable.py,5,callable,ok,src.levanter.utils.background_iterable._ExceptionWrapper.__init__,src.levanter.utils.background_iterable._ExceptionWrapper.__init__,abd4d2fe4b280480c3af4f15426d17fb0030060a,2023-07-26T21:53:55-07:00,abd4d2fe4b280480c3af4f15426d17fb0030060a,2023-07-26T21:53:55-07:00,1,834,0.25,,,False,False,1,0,691.04,0.0,0.0014470871818273586,,496005961.0,stanford-crfm/levanter,Python
src/levanter/utils/background_iterable.py,6,callable,ok,src.levanter.utils.background_iterable._ExceptionWrapper.reraise,src.levanter.utils.background_iterable._ExceptionWrapper.reraise,abd4d2fe4b280480c3af4f15426d17fb0030060a,2023-07-26T21:53:55-07:00,abd4d2fe4b280480c3af4f15426d17fb0030060a,2023-07-26T21:53:55-07:00,1,834,0.5,,,False,False,1,0,691.04,0.0,0.0014470871818273586,,496005961.0,stanford-crfm/levanter,Python
src/levanter/utils/background_iterable.py,7,callable,ok,src.levanter.utils.background_iterable.BackgroundIterator.__init__,src.levanter.utils.background_iterable.BackgroundIterator.__init__,fbe27bc7f3591a6403fef3b2b6c805114e9215f4,2024-09-05T11:10:11-07:00,93a8aa95a06e312439bd457ae326e661fbfc52e2,2025-01-08T10:32:31-08:00,3,428,0.13043478260869565,0.29144835174193,,False,False,3,0,284.49,0.0,0.010545171106996017,,496005961.0,stanford-crfm/levanter,Python
src/levanter/utils/background_iterable.py,8,callable,ok,src.levanter.utils.background_iterable.BackgroundIterator.__iter__,src.levanter.utils.background_iterable.BackgroundIterator.__iter__,fbe27bc7f3591a6403fef3b2b6c805114e9215f4,2024-09-05T11:10:11-07:00,fbe27bc7f3591a6403fef3b2b6c805114e9215f4,2024-09-05T11:10:11-07:00,1,428,0.5,,,False,False,1,0,284.49,0.0,0.003515057035665339,,496005961.0,stanford-crfm/levanter,Python
src/levanter/utils/background_iterable.py,9,callable,ok,src.levanter.utils.background_iterable.BackgroundIterator.__next__,src.levanter.utils.background_iterable.BackgroundIterator.__next__,fbe27bc7f3591a6403fef3b2b6c805114e9215f4,2024-09-05T11:10:11-07:00,5c185573fce7c16769add7758f95bbfc5fbeb84b,2024-09-11T20:46:17-07:00,2,428,0.09090909090909091,,,False,False,2,0,284.49,0.0,0.007030114071330678,,496005961.0,stanford-crfm/levanter,Python
src/levanter/utils/background_iterable.py,10,callable,ok,src.levanter.utils.background_iterable.BackgroundIterator._fill_queue_with_batches,src.levanter.utils.background_iterable.BackgroundIterator._fill_queue_with_batches,fbe27bc7f3591a6403fef3b2b6c805114e9215f4,2024-09-05T11:10:11-07:00,fbe27bc7f3591a6403fef3b2b6c805114e9215f4,2024-09-05T11:10:11-07:00,1,428,0.1111111111111111,,,False,False,1,0,284.49,0.0,0.003515057035665339,,496005961.0,stanford-crfm/levanter,Python
src/levanter/utils/background_iterable.py,11,callable,ok,src.levanter.utils.background_iterable.BackgroundIterator._produce_batches_sync,src.levanter.utils.background_iterable.BackgroundIterator._produce_batches_sync,fbe27bc7f3591a6403fef3b2b6c805114e9215f4,2024-09-05T11:10:11-07:00,fbe27bc7f3591a6403fef3b2b6c805114e9215f4,2024-09-05T11:10:11-07:00,1,428,0.047619047619047616,,,False,False,1,0,284.49,0.0,0.003515057035665339,,496005961.0,stanford-crfm/levanter,Python
src/levanter/utils/background_iterable.py,12,callable,ok,src.levanter.utils.background_iterable.BackgroundIterator._produce_batches_async,src.levanter.utils.background_iterable.BackgroundIterator._produce_batches_async,fbe27bc7f3591a6403fef3b2b6c805114e9215f4,2024-09-05T11:10:11-07:00,fbe27bc7f3591a6403fef3b2b6c805114e9215f4,2024-09-05T11:10:11-07:00,1,428,0.047619047619047616,,,False,False,1,0,284.49,0.0,0.003515057035665339,,496005961.0,stanford-crfm/levanter,Python
src/levanter/utils/background_iterable.py,13,callable,ok,src.levanter.utils.background_iterable.BackgroundIterator.__del__,src.levanter.utils.background_iterable.BackgroundIterator.__del__,5c185573fce7c16769add7758f95bbfc5fbeb84b,2024-09-11T20:46:17-07:00,5c185573fce7c16769add7758f95bbfc5fbeb84b,2024-09-11T20:46:17-07:00,1,421,0.5,,,False,False,1,0,278.09,0.0,0.003595953802814791,,496005961.0,stanford-crfm/levanter,Python
src/levanter/utils/background_iterable.py,14,callable,ok,src.levanter.utils.background_iterable.BackgroundIterator.stop,src.levanter.utils.background_iterable.BackgroundIterator.stop,5c185573fce7c16769add7758f95bbfc5fbeb84b,2024-09-11T20:46:17-07:00,71bd6964ff4bb18551f0405b0ab74991b0555831,2024-09-26T15:53:42-07:00,2,421,0.4,,,False,False,2,0,278.09,0.0,0.007191907605629582,,496005961.0,stanford-crfm/levanter,Python
src/levanter/utils/cloud_utils.py,0,callable,ok,src.levanter.utils.cloud_utils._checked_request,src.levanter.utils.cloud_utils._checked_request,03c8f04c0b604d260bc0cdb4435888eeae227a6d,2023-03-01T17:14:11-08:00,03c8f04c0b604d260bc0cdb4435888eeae227a6d,2023-03-01T17:14:11-08:00,1,981,0.125,,,False,False,1,0,838.2,0.0,0.00119303843844193,,496005961.0,stanford-crfm/levanter,Python
src/levanter/utils/cloud_utils.py,1,callable,ok,src.levanter.utils.cloud_utils.shutdown_tpu_vm,src.levanter.utils.cloud_utils.shutdown_tpu_vm,03c8f04c0b604d260bc0cdb4435888eeae227a6d,2023-03-01T17:14:11-08:00,0c628d5af703094571aef1eaf54528d4757a694d,2024-08-27T16:28:26-07:00,2,981,0.14285714285714285,,,False,False,2,0,838.2,0.0,0.00238607687688386,,496005961.0,stanford-crfm/levanter,Python
src/levanter/utils/cloud_utils.py,2,callable,ok,src.levanter.utils.cloud_utils.temp_dir_before_upload,src.levanter.utils.cloud_utils.temp_dir_before_upload,5264c8a739872d7a329f9c078c10c5a71a113608,2023-08-09T23:22:39-07:00,5264c8a739872d7a329f9c078c10c5a71a113608,2023-08-09T23:22:39-07:00,1,820,0.02564102564102564,,,False,False,1,0,676.98,0.0,0.0014771446991286197,,496005961.0,stanford-crfm/levanter,Python
src/levanter/utils/cloud_utils.py,3,callable,ok,src.levanter.utils.cloud_utils._checked_delete,src.levanter.utils.cloud_utils._checked_delete,0c628d5af703094571aef1eaf54528d4757a694d,2024-08-27T16:28:26-07:00,0c628d5af703094571aef1eaf54528d4757a694d,2024-08-27T16:28:26-07:00,1,436,0.07142857142857142,,,False,False,1,0,293.27,0.0,0.0034098341194632228,,496005961.0,stanford-crfm/levanter,Python
src/levanter/utils/cloud_utils.py,4,callable,ok,src.levanter.utils.cloud_utils._shutdown_tpu_with_queued_resource,src.levanter.utils.cloud_utils._shutdown_tpu_with_queued_resource,0c628d5af703094571aef1eaf54528d4757a694d,2024-08-27T16:28:26-07:00,0c628d5af703094571aef1eaf54528d4757a694d,2024-08-27T16:28:26-07:00,1,436,0.041666666666666664,,,False,False,1,0,293.27,0.0,0.0034098341194632228,,496005961.0,stanford-crfm/levanter,Python
src/levanter/utils/cloud_utils.py,5,callable,ok,src.levanter.utils.cloud_utils._do_shutdown_tpu_vm,src.levanter.utils.cloud_utils._do_shutdown_tpu_vm,0c628d5af703094571aef1eaf54528d4757a694d,2024-08-27T16:28:26-07:00,0c628d5af703094571aef1eaf54528d4757a694d,2024-08-27T16:28:26-07:00,1,436,0.02857142857142857,,,False,False,1,0,293.27,0.0,0.0034098341194632228,,496005961.0,stanford-crfm/levanter,Python
src/levanter/utils/datetime_utils.py,0,callable,ok,src.levanter.utils.datetime_utils.parse_timedelta,src.levanter.utils.datetime_utils.parse_timedelta,03c8f04c0b604d260bc0cdb4435888eeae227a6d,2023-03-01T17:14:11-08:00,03c8f04c0b604d260bc0cdb4435888eeae227a6d,2023-03-01T17:14:11-08:00,1,981,0.16666666666666666,,,False,False,1,0,838.2,0.0,0.00119303843844193,,496005961.0,stanford-crfm/levanter,Python
src/levanter/utils/datetime_utils.py,1,callable,ok,src.levanter.utils.datetime_utils.encode_timedelta,src.levanter.utils.datetime_utils.encode_timedelta,03c8f04c0b604d260bc0cdb4435888eeae227a6d,2023-03-01T17:14:11-08:00,03c8f04c0b604d260bc0cdb4435888eeae227a6d,2023-03-01T17:14:11-08:00,1,981,0.03571428571428571,,,False,False,1,0,838.2,0.0,0.00119303843844193,,496005961.0,stanford-crfm/levanter,Python
src/levanter/utils/flop_utils.py,0,callable,ok,src.levanter.utils.flop_utils.lm_flops_per_token,src.levanter.utils.flop_utils.lm_flops_per_token,b16db86e9b1d80abb63a4976714c21dc6496b8e3,2024-06-16T14:39:12+09:00,162ef5f321cfc2e14b1b9c1652e2cffd42b395e2,2025-05-07T16:55:19-07:00,3,509,0.10344827586206896,0.39603251342997686,,False,False,3,0,366.01,0.0,0.008196454337812185,,496005961.0,stanford-crfm/levanter,Python
src/levanter/utils/flop_utils.py,1,callable,ok,src.levanter.utils.flop_utils.device_hardware_flops,src.levanter.utils.flop_utils.device_hardware_flops,38d31bd90f3aa3488b176f5cbbc5c84324bc7197,2024-07-03T10:28:07-07:00,38d31bd90f3aa3488b176f5cbbc5c84324bc7197,2024-07-03T10:28:07-07:00,1,492,0.05263157894736842,,,False,False,1,0,348.52,0.0,0.0028692789392435166,,496005961.0,stanford-crfm/levanter,Python
src/levanter/utils/flop_utils.py,2,callable,ok,src.levanter.utils.flop_utils._simplify_device_kind,src.levanter.utils.flop_utils._simplify_device_kind,38d31bd90f3aa3488b176f5cbbc5c84324bc7197,2024-07-03T10:28:07-07:00,38d31bd90f3aa3488b176f5cbbc5c84324bc7197,2024-07-03T10:28:07-07:00,1,492,0.04,,,False,False,1,0,348.52,0.0,0.0028692789392435166,,496005961.0,stanford-crfm/levanter,Python
src/levanter/utils/flop_utils.py,3,callable,ok,src.levanter.utils.flop_utils._canonical_dtype,src.levanter.utils.flop_utils._canonical_dtype,38d31bd90f3aa3488b176f5cbbc5c84324bc7197,2024-07-03T10:28:07-07:00,38d31bd90f3aa3488b176f5cbbc5c84324bc7197,2024-07-03T10:28:07-07:00,1,492,0.041666666666666664,,,False,False,1,0,348.52,0.0,0.0028692789392435166,,496005961.0,stanford-crfm/levanter,Python
src/levanter/utils/fsspec_utils.py,2,callable,ok,src.levanter.utils.fsspec_utils.fsspec_expand_glob,src.levanter.utils.fsspec_utils.expand_glob,2f625d3c952eb3e933a9834b8beef3a9bf9aafc0,2024-10-09T14:02:17-07:00,e9c03a0e9f1516d7e707e86cbe367e497d7e8f23,2024-11-01T11:56:30-07:00,2,22,0.14285714285714285,,,True,True,2,0,250.37,0.0,0.007988149063114467,,496005961.0,stanford-crfm/levanter,Python
src/levanter/utils/fsspec_utils.py,0,callable,ok,src.levanter.utils.fsspec_utils.exists,src.levanter.utils.fsspec_utils.exists,0200c1341b7e20e6c333099ca42a7158c8b1723e,2023-09-22T14:50:58-07:00,0200c1341b7e20e6c333099ca42a7158c8b1723e,2023-09-22T14:50:58-07:00,1,776,0.25,,,False,False,1,0,633.34,0.0,0.0015789380194459375,,496005961.0,stanford-crfm/levanter,Python
src/levanter/utils/fsspec_utils.py,1,callable,ok,src.levanter.utils.fsspec_utils.mkdirs,src.levanter.utils.fsspec_utils.mkdirs,fbe27bc7f3591a6403fef3b2b6c805114e9215f4,2024-09-05T11:10:11-07:00,fbe27bc7f3591a6403fef3b2b6c805114e9215f4,2024-09-05T11:10:11-07:00,1,428,0.25,,,False,False,1,0,284.49,0.0,0.003515057035665339,,496005961.0,stanford-crfm/levanter,Python
src/levanter/utils/fsspec_utils.py,3,callable,ok,src.levanter.utils.fsspec_utils.remove,src.levanter.utils.fsspec_utils.remove,e9c03a0e9f1516d7e707e86cbe367e497d7e8f23,2024-11-01T11:56:30-07:00,47441c0fd12b91eada4e4133a515f007a074de16,2024-11-02T22:59:13-07:00,2,370,0.3333333333333333,,,False,False,2,0,227.46,0.0,0.008792822776993253,,496005961.0,stanford-crfm/levanter,Python
src/levanter/utils/fsspec_utils.py,4,callable,ok,src.levanter.utils.fsspec_utils.async_remove,src.levanter.utils.fsspec_utils.async_remove,e9c03a0e9f1516d7e707e86cbe367e497d7e8f23,2024-11-01T11:56:30-07:00,47441c0fd12b91eada4e4133a515f007a074de16,2024-11-02T22:59:13-07:00,2,370,0.25,,,False,False,2,0,227.46,0.0,0.008792822776993253,,496005961.0,stanford-crfm/levanter,Python
src/levanter/utils/fsspec_utils.py,5,callable,ok,src.levanter.utils.fsspec_utils.expand_glob,src.levanter.utils.fsspec_utils.expand_glob,47441c0fd12b91eada4e4133a515f007a074de16,2024-11-02T22:59:13-07:00,7c87fef8c3141b59a853fa0095f4d7add4f2c085,2025-04-16T14:01:03-07:00,2,369,0.1111111111111111,,,False,False,2,0,226.0,0.0,0.00884963502169313,,496005961.0,stanford-crfm/levanter,Python
src/levanter/utils/fsspec_utils.py,6,callable,ok,src.levanter.utils.fsspec_utils.join_path,src.levanter.utils.fsspec_utils.join_path,83f3f34640122476e4fd3955d66b603c82d1e1e3,2025-02-20T22:58:35-08:00,83f3f34640122476e4fd3955d66b603c82d1e1e3,2025-02-20T22:58:35-08:00,1,259,0.058823529411764705,,,False,False,1,0,115.96,0.0,0.008623901762579793,,496005961.0,stanford-crfm/levanter,Python
src/levanter/utils/hf_utils.py,0,callable,ok,src.levanter.utils.hf_utils.load_tokenizer,src.levanter.utils.hf_utils.load_tokenizer,03c8f04c0b604d260bc0cdb4435888eeae227a6d,2023-03-01T17:14:11-08:00,03c8f04c0b604d260bc0cdb4435888eeae227a6d,2023-03-01T17:14:11-08:00,1,981,0.07692307692307693,,,False,False,1,0,838.2,0.0,0.00119303843844193,,496005961.0,stanford-crfm/levanter,Python
src/levanter/utils/index.py,0,class,ok,src.levanter.utils.index.Index,src.levanter.utils.index.Index,fbe27bc7f3591a6403fef3b2b6c805114e9215f4,2024-09-05T11:10:11-07:00,fbe27bc7f3591a6403fef3b2b6c805114e9215f4,2024-09-05T11:10:11-07:00,1,428,0.025,,,False,False,1,0,284.49,0.0,0.003515057035665339,,496005961.0,stanford-crfm/levanter,Python
src/levanter/utils/index.py,0,callable,ok,src.levanter.utils.index.Index.__init__,src.levanter.utils.index.Index.__init__,fbe27bc7f3591a6403fef3b2b6c805114e9215f4,2024-09-05T11:10:11-07:00,fbe27bc7f3591a6403fef3b2b6c805114e9215f4,2024-09-05T11:10:11-07:00,1,428,0.2,,,False,False,1,0,284.49,0.0,0.003515057035665339,,496005961.0,stanford-crfm/levanter,Python
src/levanter/utils/index.py,1,callable,ok,src.levanter.utils.index.Index.__len__,src.levanter.utils.index.Index.__len__,fbe27bc7f3591a6403fef3b2b6c805114e9215f4,2024-09-05T11:10:11-07:00,fbe27bc7f3591a6403fef3b2b6c805114e9215f4,2024-09-05T11:10:11-07:00,1,428,0.5,,,False,False,1,0,284.49,0.0,0.003515057035665339,,496005961.0,stanford-crfm/levanter,Python
src/levanter/utils/index.py,2,callable,ok,src.levanter.utils.index.Index.__getitem__,src.levanter.utils.index.Index.__getitem__,fbe27bc7f3591a6403fef3b2b6c805114e9215f4,2024-09-05T11:10:11-07:00,fbe27bc7f3591a6403fef3b2b6c805114e9215f4,2024-09-05T11:10:11-07:00,1,428,0.5,,,False,False,1,0,284.49,0.0,0.003515057035665339,,496005961.0,stanford-crfm/levanter,Python
src/levanter/utils/index.py,3,callable,ok,src.levanter.utils.index.Index.__setitem__,src.levanter.utils.index.Index.__setitem__,fbe27bc7f3591a6403fef3b2b6c805114e9215f4,2024-09-05T11:10:11-07:00,fbe27bc7f3591a6403fef3b2b6c805114e9215f4,2024-09-05T11:10:11-07:00,1,428,0.3333333333333333,,,False,False,1,0,284.49,0.0,0.003515057035665339,,496005961.0,stanford-crfm/levanter,Python
src/levanter/utils/index.py,4,callable,ok,src.levanter.utils.index.Index.append,src.levanter.utils.index.Index.append,fbe27bc7f3591a6403fef3b2b6c805114e9215f4,2024-09-05T11:10:11-07:00,fbe27bc7f3591a6403fef3b2b6c805114e9215f4,2024-09-05T11:10:11-07:00,1,428,0.2,,,False,False,1,0,284.49,0.0,0.003515057035665339,,496005961.0,stanford-crfm/levanter,Python
src/levanter/utils/index.py,5,callable,ok,src.levanter.utils.index.Index.get_index,src.levanter.utils.index.Index.get_index,fbe27bc7f3591a6403fef3b2b6c805114e9215f4,2024-09-05T11:10:11-07:00,fbe27bc7f3591a6403fef3b2b6c805114e9215f4,2024-09-05T11:10:11-07:00,1,428,0.5,,,False,False,1,0,284.49,0.0,0.003515057035665339,,496005961.0,stanford-crfm/levanter,Python
src/levanter/utils/index.py,6,callable,ok,src.levanter.utils.index.Index.get_obj,src.levanter.utils.index.Index.get_obj,fbe27bc7f3591a6403fef3b2b6c805114e9215f4,2024-09-05T11:10:11-07:00,fbe27bc7f3591a6403fef3b2b6c805114e9215f4,2024-09-05T11:10:11-07:00,1,428,0.5,,,False,False,1,0,284.49,0.0,0.003515057035665339,,496005961.0,stanford-crfm/levanter,Python
src/levanter/utils/index.py,7,callable,ok,src.levanter.utils.index.Index.__contains__,src.levanter.utils.index.Index.__contains__,fbe27bc7f3591a6403fef3b2b6c805114e9215f4,2024-09-05T11:10:11-07:00,fbe27bc7f3591a6403fef3b2b6c805114e9215f4,2024-09-05T11:10:11-07:00,1,428,0.5,,,False,False,1,0,284.49,0.0,0.003515057035665339,,496005961.0,stanford-crfm/levanter,Python
src/levanter/utils/index.py,8,callable,ok,src.levanter.utils.index.Index.__iter__,src.levanter.utils.index.Index.__iter__,fbe27bc7f3591a6403fef3b2b6c805114e9215f4,2024-09-05T11:10:11-07:00,fbe27bc7f3591a6403fef3b2b6c805114e9215f4,2024-09-05T11:10:11-07:00,1,428,0.5,,,False,False,1,0,284.49,0.0,0.003515057035665339,,496005961.0,stanford-crfm/levanter,Python
src/levanter/utils/json_utils.py,0,class,ok,src.levanter.utils.json_utils.ConfigJSONEncoder,src.levanter.utils.json_utils.ConfigJSONEncoder,6835c64b6e46913f12dac01337685a77a36faa87,2025-03-28T14:16:25-07:00,6835c64b6e46913f12dac01337685a77a36faa87,2025-03-28T14:16:25-07:00,1,223,0.1111111111111111,,,False,False,1,0,80.36,0.0,0.01244383531102459,,496005961.0,stanford-crfm/levanter,Python
src/levanter/utils/json_utils.py,0,callable,ok,src.levanter.utils.json_utils.ConfigJSONEncoder.default,src.levanter.utils.json_utils.ConfigJSONEncoder.default,6835c64b6e46913f12dac01337685a77a36faa87,2025-03-28T14:16:25-07:00,6835c64b6e46913f12dac01337685a77a36faa87,2025-03-28T14:16:25-07:00,1,223,0.16666666666666666,,,False,False,1,0,80.36,0.0,0.01244383531102459,,496005961.0,stanford-crfm/levanter,Python
src/levanter/utils/logging.py,0,class,ok,src.levanter.utils.logging.LoadingTimeTrackerIterator,src.levanter.utils.logging.LoadingTimeTrackerIterator,290ab806a4c696703a78ceb2408749c06fc7d278,2024-11-24T00:32:07-08:00,290ab806a4c696703a78ceb2408749c06fc7d278,2024-11-24T00:32:07-08:00,1,348,0.07142857142857142,,,False,False,1,0,204.89,0.0,0.004880623838627595,,496005961.0,stanford-crfm/levanter,Python
src/levanter/utils/logging.py,0,callable,ok,src.levanter.utils.logging.init_logging,src.levanter.utils.logging.init_logging,290ab806a4c696703a78ceb2408749c06fc7d278,2024-11-24T00:32:07-08:00,290ab806a4c696703a78ceb2408749c06fc7d278,2024-11-24T00:32:07-08:00,1,348,0.043478260869565216,,,False,False,1,0,204.89,0.0,0.004880623838627595,,496005961.0,stanford-crfm/levanter,Python
src/levanter/utils/logging.py,1,callable,ok,src.levanter.utils.logging.save_xla_dumps_to_wandb,src.levanter.utils.logging.save_xla_dumps_to_wandb,290ab806a4c696703a78ceb2408749c06fc7d278,2024-11-24T00:32:07-08:00,290ab806a4c696703a78ceb2408749c06fc7d278,2024-11-24T00:32:07-08:00,1,348,0.03333333333333333,,,False,False,1,0,204.89,0.0,0.004880623838627595,,496005961.0,stanford-crfm/levanter,Python
src/levanter/utils/logging.py,2,callable,ok,src.levanter.utils.logging.silence_transformer_nag,src.levanter.utils.logging.silence_transformer_nag,290ab806a4c696703a78ceb2408749c06fc7d278,2024-11-24T00:32:07-08:00,290ab806a4c696703a78ceb2408749c06fc7d278,2024-11-24T00:32:07-08:00,1,348,0.125,,,False,False,1,0,204.89,0.0,0.004880623838627595,,496005961.0,stanford-crfm/levanter,Python
src/levanter/utils/logging.py,3,callable,ok,src.levanter.utils.logging.LoadingTimeTrackerIterator.__init__,src.levanter.utils.logging.LoadingTimeTrackerIterator.__init__,290ab806a4c696703a78ceb2408749c06fc7d278,2024-11-24T00:32:07-08:00,290ab806a4c696703a78ceb2408749c06fc7d278,2024-11-24T00:32:07-08:00,1,348,0.16666666666666666,,,False,False,1,0,204.89,0.0,0.004880623838627595,,496005961.0,stanford-crfm/levanter,Python
src/levanter/utils/logging.py,4,callable,ok,src.levanter.utils.logging.LoadingTimeTrackerIterator.__next__,src.levanter.utils.logging.LoadingTimeTrackerIterator.__next__,290ab806a4c696703a78ceb2408749c06fc7d278,2024-11-24T00:32:07-08:00,290ab806a4c696703a78ceb2408749c06fc7d278,2024-11-24T00:32:07-08:00,1,348,0.16666666666666666,,,False,False,1,0,204.89,0.0,0.004880623838627595,,496005961.0,stanford-crfm/levanter,Python
src/levanter/utils/py_utils.py,0,callable,ok,src.levanter.utils.py_utils.non_caching_cycle,src.levanter.utils.py_utils.non_caching_cycle,03c8f04c0b604d260bc0cdb4435888eeae227a6d,2023-03-01T17:14:11-08:00,03c8f04c0b604d260bc0cdb4435888eeae227a6d,2023-03-01T17:14:11-08:00,1,981,0.25,,,False,False,1,0,838.2,0.0,0.00119303843844193,,496005961.0,stanford-crfm/levanter,Python
src/levanter/utils/ray_utils.py,0,class,ok,src.levanter.utils.ray_utils.ExceptionInfo,src.levanter.utils.ray_utils.ExceptionInfo,16112cc003680e79e15fc7c62b63f917679e7e32,2023-12-16T15:33:55-08:00,16112cc003680e79e15fc7c62b63f917679e7e32,2023-12-16T15:33:55-08:00,1,691,0.0625,,,False,False,1,0,548.27,0.0,0.0018239335419415104,,496005961.0,stanford-crfm/levanter,Python
src/levanter/utils/ray_utils.py,1,class,ok,src.levanter.utils.ray_utils.RayResources,src.levanter.utils.ray_utils.RayResources,16112cc003680e79e15fc7c62b63f917679e7e32,2023-12-16T15:33:55-08:00,d69fca51bd6bb739ede8dc34161c6079e4ac23d1,2025-04-29T13:59:57-07:00,2,691,0.04878048780487805,,,False,False,2,0,548.27,0.0,0.0036478670838830207,,496005961.0,stanford-crfm/levanter,Python
src/levanter/utils/ray_utils.py,2,class,ok,src.levanter.utils.ray_utils.RefBox,src.levanter.utils.ray_utils.RefBox,16112cc003680e79e15fc7c62b63f917679e7e32,2023-12-16T15:33:55-08:00,b41838f35b6ecda8cb9dbdd3c408e14bcb75b0ad,2024-10-03T22:57:36-07:00,2,691,0.25,,,False,False,2,0,548.27,0.0,0.0036478670838830207,,496005961.0,stanford-crfm/levanter,Python
src/levanter/utils/ray_utils.py,3,class,ok,src.levanter.utils.ray_utils.DoneSentinel,src.levanter.utils.ray_utils.DoneSentinel,16112cc003680e79e15fc7c62b63f917679e7e32,2023-12-16T15:33:55-08:00,16112cc003680e79e15fc7c62b63f917679e7e32,2023-12-16T15:33:55-08:00,1,691,0.5,,,False,False,1,0,548.27,0.0,0.0018239335419415104,,496005961.0,stanford-crfm/levanter,Python
src/levanter/utils/ray_utils.py,4,class,ok,src.levanter.utils.ray_utils.SnitchRecipient,src.levanter.utils.ray_utils.SnitchRecipient,15268af2b68ed93979c311021675a58de1876abe,2024-07-10T23:33:22-07:00,b41838f35b6ecda8cb9dbdd3c408e14bcb75b0ad,2024-10-03T22:57:36-07:00,2,484,0.2857142857142857,,,False,False,2,0,340.97,0.0,0.005865544609707069,,496005961.0,stanford-crfm/levanter,Python
src/levanter/utils/ray_utils.py,5,class,ok,src.levanter.utils.ray_utils.StopwatchActor,src.levanter.utils.ray_utils.StopwatchActor,b41838f35b6ecda8cb9dbdd3c408e14bcb75b0ad,2024-10-03T22:57:36-07:00,b41838f35b6ecda8cb9dbdd3c408e14bcb75b0ad,2024-10-03T22:57:36-07:00,1,399,0.045454545454545456,,,False,False,1,0,256.0,0.0,0.003906263068913986,,496005961.0,stanford-crfm/levanter,Python
src/levanter/utils/ray_utils.py,0,callable,ok,src.levanter.utils.ray_utils.ser_exc_info,src.levanter.utils.ray_utils.ser_exc_info,16112cc003680e79e15fc7c62b63f917679e7e32,2023-12-16T15:33:55-08:00,16112cc003680e79e15fc7c62b63f917679e7e32,2023-12-16T15:33:55-08:00,1,691,0.1111111111111111,,,False,False,1,0,548.27,0.0,0.0018239335419415104,,496005961.0,stanford-crfm/levanter,Python
src/levanter/utils/ray_utils.py,1,callable,ok,src.levanter.utils.ray_utils.current_actor_handle,src.levanter.utils.ray_utils.current_actor_handle,16112cc003680e79e15fc7c62b63f917679e7e32,2023-12-16T15:33:55-08:00,16112cc003680e79e15fc7c62b63f917679e7e32,2023-12-16T15:33:55-08:00,1,691,0.5,,,False,False,1,0,548.27,0.0,0.0018239335419415104,,496005961.0,stanford-crfm/levanter,Python
src/levanter/utils/ray_utils.py,2,callable,ok,src.levanter.utils.ray_utils.ExceptionInfo.restore,src.levanter.utils.ray_utils.ExceptionInfo.restore,16112cc003680e79e15fc7c62b63f917679e7e32,2023-12-16T15:33:55-08:00,16112cc003680e79e15fc7c62b63f917679e7e32,2023-12-16T15:33:55-08:00,1,691,0.16666666666666666,,,False,False,1,0,548.27,0.0,0.0018239335419415104,,496005961.0,stanford-crfm/levanter,Python
src/levanter/utils/ray_utils.py,3,callable,ok,src.levanter.utils.ray_utils.ExceptionInfo.reraise,src.levanter.utils.ray_utils.ExceptionInfo.reraise,16112cc003680e79e15fc7c62b63f917679e7e32,2023-12-16T15:33:55-08:00,16112cc003680e79e15fc7c62b63f917679e7e32,2023-12-16T15:33:55-08:00,1,691,0.2,,,False,False,1,0,548.27,0.0,0.0018239335419415104,,496005961.0,stanford-crfm/levanter,Python
src/levanter/utils/ray_utils.py,4,callable,ok,src.levanter.utils.ray_utils.RayResources.to_kwargs,src.levanter.utils.ray_utils.RayResources.to_kwargs,16112cc003680e79e15fc7c62b63f917679e7e32,2023-12-16T15:33:55-08:00,d69fca51bd6bb739ede8dc34161c6079e4ac23d1,2025-04-29T13:59:57-07:00,2,691,0.16666666666666666,,,False,False,2,0,548.27,0.0,0.0036478670838830207,,496005961.0,stanford-crfm/levanter,Python
src/levanter/utils/ray_utils.py,5,callable,ok,src.levanter.utils.ray_utils.RayResources.to_resource_dict,src.levanter.utils.ray_utils.RayResources.to_resource_dict,16112cc003680e79e15fc7c62b63f917679e7e32,2023-12-16T15:33:55-08:00,d69fca51bd6bb739ede8dc34161c6079e4ac23d1,2025-04-29T13:59:57-07:00,2,691,0.16666666666666666,,,False,False,2,0,548.27,0.0,0.0036478670838830207,,496005961.0,stanford-crfm/levanter,Python
src/levanter/utils/ray_utils.py,6,callable,ok,src.levanter.utils.ray_utils.RayResources.from_resource_dict,src.levanter.utils.ray_utils.RayResources.from_resource_dict,16112cc003680e79e15fc7c62b63f917679e7e32,2023-12-16T15:33:55-08:00,16112cc003680e79e15fc7c62b63f917679e7e32,2023-12-16T15:33:55-08:00,1,691,0.5,,,False,False,1,0,548.27,0.0,0.0018239335419415104,,496005961.0,stanford-crfm/levanter,Python
src/levanter/utils/ray_utils.py,7,callable,ok,src.levanter.utils.ray_utils.log_failures_to,src.levanter.utils.ray_utils.log_failures_to,15268af2b68ed93979c311021675a58de1876abe,2024-07-10T23:33:22-07:00,b41838f35b6ecda8cb9dbdd3c408e14bcb75b0ad,2024-10-03T22:57:36-07:00,4,484,0.3076923076923077,1.473152244359861,,False,False,4,0,340.97,0.0,0.011731089219414138,,496005961.0,stanford-crfm/levanter,Python
src/levanter/utils/ray_utils.py,8,callable,ok,src.levanter.utils.ray_utils.SnitchRecipient._child_failed,src.levanter.utils.ray_utils.SnitchRecipient._child_failed,15268af2b68ed93979c311021675a58de1876abe,2024-07-10T23:33:22-07:00,b41838f35b6ecda8cb9dbdd3c408e14bcb75b0ad,2024-10-03T22:57:36-07:00,2,484,0.5,,,False,False,2,0,340.97,0.0,0.005865544609707069,,496005961.0,stanford-crfm/levanter,Python
src/levanter/utils/ray_utils.py,9,callable,ok,src.levanter.utils.ray_utils.RefBox.get,src.levanter.utils.ray_utils.RefBox.get,b41838f35b6ecda8cb9dbdd3c408e14bcb75b0ad,2024-10-03T22:57:36-07:00,b41838f35b6ecda8cb9dbdd3c408e14bcb75b0ad,2024-10-03T22:57:36-07:00,1,399,0.5,,,False,False,1,0,256.0,0.0,0.003906263068913986,,496005961.0,stanford-crfm/levanter,Python
src/levanter/utils/ray_utils.py,10,callable,ok,src.levanter.utils.ray_utils.StopwatchActor.__init__,src.levanter.utils.ray_utils.StopwatchActor.__init__,b41838f35b6ecda8cb9dbdd3c408e14bcb75b0ad,2024-10-03T22:57:36-07:00,b41838f35b6ecda8cb9dbdd3c408e14bcb75b0ad,2024-10-03T22:57:36-07:00,1,399,0.16666666666666666,,,False,False,1,0,256.0,0.0,0.003906263068913986,,496005961.0,stanford-crfm/levanter,Python
src/levanter/utils/ray_utils.py,11,callable,ok,src.levanter.utils.ray_utils.StopwatchActor.measure,src.levanter.utils.ray_utils.StopwatchActor.measure,b41838f35b6ecda8cb9dbdd3c408e14bcb75b0ad,2024-10-03T22:57:36-07:00,b41838f35b6ecda8cb9dbdd3c408e14bcb75b0ad,2024-10-03T22:57:36-07:00,1,399,0.125,,,False,False,1,0,256.0,0.0,0.003906263068913986,,496005961.0,stanford-crfm/levanter,Python
src/levanter/utils/ray_utils.py,12,callable,ok,src.levanter.utils.ray_utils.StopwatchActor.get,src.levanter.utils.ray_utils.StopwatchActor.get,b41838f35b6ecda8cb9dbdd3c408e14bcb75b0ad,2024-10-03T22:57:36-07:00,b41838f35b6ecda8cb9dbdd3c408e14bcb75b0ad,2024-10-03T22:57:36-07:00,1,399,0.5,,,False,False,1,0,256.0,0.0,0.003906263068913986,,496005961.0,stanford-crfm/levanter,Python
src/levanter/utils/ray_utils.py,13,callable,ok,src.levanter.utils.ray_utils.StopwatchActor.average,src.levanter.utils.ray_utils.StopwatchActor.average,b41838f35b6ecda8cb9dbdd3c408e14bcb75b0ad,2024-10-03T22:57:36-07:00,b41838f35b6ecda8cb9dbdd3c408e14bcb75b0ad,2024-10-03T22:57:36-07:00,1,399,0.5,,,False,False,1,0,256.0,0.0,0.003906263068913986,,496005961.0,stanford-crfm/levanter,Python
src/levanter/utils/stat_utils.py,0,class,ok,src.levanter.utils.stat_utils.RunningMean,src.levanter.utils.stat_utils.RunningMean,e827864329db3613913680f917b7039cec0baab6,2024-04-17T12:58:30-07:00,e827864329db3613913680f917b7039cec0baab6,2024-04-17T12:58:30-07:00,1,568,0.045454545454545456,,,False,False,1,0,425.42,0.0,0.002350644816697588,,496005961.0,stanford-crfm/levanter,Python
src/levanter/utils/stat_utils.py,0,callable,ok,src.levanter.utils.stat_utils.RunningMean.zeros_like,src.levanter.utils.stat_utils.RunningMean.zeros_like,e827864329db3613913680f917b7039cec0baab6,2024-04-17T12:58:30-07:00,e827864329db3613913680f917b7039cec0baab6,2024-04-17T12:58:30-07:00,1,568,0.5,,,False,False,1,0,425.42,0.0,0.002350644816697588,,496005961.0,stanford-crfm/levanter,Python
src/levanter/utils/stat_utils.py,1,callable,ok,src.levanter.utils.stat_utils.RunningMean.add,src.levanter.utils.stat_utils.RunningMean.add,e827864329db3613913680f917b7039cec0baab6,2024-04-17T12:58:30-07:00,e827864329db3613913680f917b7039cec0baab6,2024-04-17T12:58:30-07:00,1,568,0.125,,,False,False,1,0,425.42,0.0,0.002350644816697588,,496005961.0,stanford-crfm/levanter,Python
src/levanter/utils/stat_utils.py,2,callable,ok,src.levanter.utils.stat_utils.RunningMean.__add__,src.levanter.utils.stat_utils.RunningMean.__add__,e827864329db3613913680f917b7039cec0baab6,2024-04-17T12:58:30-07:00,e827864329db3613913680f917b7039cec0baab6,2024-04-17T12:58:30-07:00,1,568,0.5,,,False,False,1,0,425.42,0.0,0.002350644816697588,,496005961.0,stanford-crfm/levanter,Python
src/levanter/utils/stat_utils.py,3,callable,ok,src.levanter.utils.stat_utils.RunningMean.__str__,src.levanter.utils.stat_utils.RunningMean.__str__,e827864329db3613913680f917b7039cec0baab6,2024-04-17T12:58:30-07:00,e827864329db3613913680f917b7039cec0baab6,2024-04-17T12:58:30-07:00,1,568,0.5,,,False,False,1,0,425.42,0.0,0.002350644816697588,,496005961.0,stanford-crfm/levanter,Python
src/levanter/utils/thread_utils.py,0,class,ok,src.levanter.utils.thread_utils.AsyncIteratorWrapper,src.levanter.utils.thread_utils.AsyncIteratorWrapper,5c185573fce7c16769add7758f95bbfc5fbeb84b,2024-09-11T20:46:17-07:00,07b3f1639ec4b2f05779733109a2906378e1af5a,2024-09-17T22:28:09-07:00,2,421,0.047619047619047616,,,False,False,2,0,278.09,0.0,0.007191907605629582,,496005961.0,stanford-crfm/levanter,Python
src/levanter/utils/thread_utils.py,1,class,ok,src.levanter.utils.thread_utils.ExceptionTrackingThread,src.levanter.utils.thread_utils.ExceptionTrackingThread,adf4b6d46545f1f95b5eba41dfddcaec68b553c4,2024-10-10T10:53:08-05:00,adf4b6d46545f1f95b5eba41dfddcaec68b553c4,2024-10-10T10:53:08-05:00,1,393,0.045454545454545456,,,False,False,1,0,249.59,0.0,0.004006641750672434,,496005961.0,stanford-crfm/levanter,Python
src/levanter/utils/thread_utils.py,0,callable,ok,src.levanter.utils.thread_utils.blocking_wait,src.levanter.utils.thread_utils.blocking_wait,fbe27bc7f3591a6403fef3b2b6c805114e9215f4,2024-09-05T11:10:11-07:00,fbe27bc7f3591a6403fef3b2b6c805114e9215f4,2024-09-05T11:10:11-07:00,1,428,0.07142857142857142,,,False,False,1,0,284.49,0.0,0.003515057035665339,,496005961.0,stanford-crfm/levanter,Python
src/levanter/utils/thread_utils.py,1,callable,ok,src.levanter.utils.thread_utils.future_from_value,src.levanter.utils.thread_utils.future_from_value,fbe27bc7f3591a6403fef3b2b6c805114e9215f4,2024-09-05T11:10:11-07:00,fbe27bc7f3591a6403fef3b2b6c805114e9215f4,2024-09-05T11:10:11-07:00,1,428,0.25,,,False,False,1,0,284.49,0.0,0.003515057035665339,,496005961.0,stanford-crfm/levanter,Python
src/levanter/utils/thread_utils.py,2,callable,ok,src.levanter.utils.thread_utils.AsyncIteratorWrapper.__init__,src.levanter.utils.thread_utils.AsyncIteratorWrapper.__init__,5c185573fce7c16769add7758f95bbfc5fbeb84b,2024-09-11T20:46:17-07:00,07b3f1639ec4b2f05779733109a2906378e1af5a,2024-09-17T22:28:09-07:00,2,421,0.3333333333333333,,,False,False,2,0,278.09,0.0,0.007191907605629582,,496005961.0,stanford-crfm/levanter,Python
src/levanter/utils/thread_utils.py,3,callable,ok,src.levanter.utils.thread_utils.AsyncIteratorWrapper._run_loop,src.levanter.utils.thread_utils.AsyncIteratorWrapper._run_loop,5c185573fce7c16769add7758f95bbfc5fbeb84b,2024-09-11T20:46:17-07:00,5c185573fce7c16769add7758f95bbfc5fbeb84b,2024-09-11T20:46:17-07:00,1,421,0.3333333333333333,,,False,False,1,0,278.09,0.0,0.003595953802814791,,496005961.0,stanford-crfm/levanter,Python
src/levanter/utils/thread_utils.py,4,callable,ok,src.levanter.utils.thread_utils.AsyncIteratorWrapper._run_async_task,src.levanter.utils.thread_utils.AsyncIteratorWrapper._run_async_task,5c185573fce7c16769add7758f95bbfc5fbeb84b,2024-09-11T20:46:17-07:00,07b3f1639ec4b2f05779733109a2906378e1af5a,2024-09-17T22:28:09-07:00,2,421,0.25,,,False,False,2,0,278.09,0.0,0.007191907605629582,,496005961.0,stanford-crfm/levanter,Python
src/levanter/utils/thread_utils.py,5,callable,ok,src.levanter.utils.thread_utils.AsyncIteratorWrapper.__iter__,src.levanter.utils.thread_utils.AsyncIteratorWrapper.__iter__,5c185573fce7c16769add7758f95bbfc5fbeb84b,2024-09-11T20:46:17-07:00,5c185573fce7c16769add7758f95bbfc5fbeb84b,2024-09-11T20:46:17-07:00,1,421,0.5,,,False,False,1,0,278.09,0.0,0.003595953802814791,,496005961.0,stanford-crfm/levanter,Python
src/levanter/utils/thread_utils.py,6,callable,ok,src.levanter.utils.thread_utils.AsyncIteratorWrapper.__next__,src.levanter.utils.thread_utils.AsyncIteratorWrapper.__next__,5c185573fce7c16769add7758f95bbfc5fbeb84b,2024-09-11T20:46:17-07:00,07b3f1639ec4b2f05779733109a2906378e1af5a,2024-09-17T22:28:09-07:00,2,421,0.18181818181818182,,,False,False,2,0,278.09,0.0,0.007191907605629582,,496005961.0,stanford-crfm/levanter,Python
src/levanter/utils/thread_utils.py,7,callable,ok,src.levanter.utils.thread_utils.AsyncIteratorWrapper.close,src.levanter.utils.thread_utils.AsyncIteratorWrapper.close,07b3f1639ec4b2f05779733109a2906378e1af5a,2024-09-17T22:28:09-07:00,07b3f1639ec4b2f05779733109a2906378e1af5a,2024-09-17T22:28:09-07:00,1,415,0.16666666666666666,,,False,False,1,0,272.02,0.0,0.003676205754002352,,496005961.0,stanford-crfm/levanter,Python
src/levanter/utils/thread_utils.py,8,callable,ok,src.levanter.utils.thread_utils.ExceptionTrackingThread.__init__,src.levanter.utils.thread_utils.ExceptionTrackingThread.__init__,adf4b6d46545f1f95b5eba41dfddcaec68b553c4,2024-10-10T10:53:08-05:00,adf4b6d46545f1f95b5eba41dfddcaec68b553c4,2024-10-10T10:53:08-05:00,1,393,0.3333333333333333,,,False,False,1,0,249.59,0.0,0.004006641750672434,,496005961.0,stanford-crfm/levanter,Python
src/levanter/utils/thread_utils.py,9,callable,ok,src.levanter.utils.thread_utils.ExceptionTrackingThread.run,src.levanter.utils.thread_utils.ExceptionTrackingThread.run,adf4b6d46545f1f95b5eba41dfddcaec68b553c4,2024-10-10T10:53:08-05:00,adf4b6d46545f1f95b5eba41dfddcaec68b553c4,2024-10-10T10:53:08-05:00,1,393,0.2,,,False,False,1,0,249.59,0.0,0.004006641750672434,,496005961.0,stanford-crfm/levanter,Python
src/levanter/utils/thread_utils.py,10,callable,ok,src.levanter.utils.thread_utils.ExceptionTrackingThread.join,src.levanter.utils.thread_utils.ExceptionTrackingThread.join,adf4b6d46545f1f95b5eba41dfddcaec68b553c4,2024-10-10T10:53:08-05:00,adf4b6d46545f1f95b5eba41dfddcaec68b553c4,2024-10-10T10:53:08-05:00,1,393,0.25,,,False,False,1,0,249.59,0.0,0.004006641750672434,,496005961.0,stanford-crfm/levanter,Python
src/levanter/utils/thread_utils.py,11,callable,ok,src.levanter.utils.thread_utils.ExceptionTrackingThread.check_raise,src.levanter.utils.thread_utils.ExceptionTrackingThread.check_raise,adf4b6d46545f1f95b5eba41dfddcaec68b553c4,2024-10-10T10:53:08-05:00,adf4b6d46545f1f95b5eba41dfddcaec68b553c4,2024-10-10T10:53:08-05:00,1,393,0.3333333333333333,,,False,False,1,0,249.59,0.0,0.004006641750672434,,496005961.0,stanford-crfm/levanter,Python
src/levanter/utils/tree_utils.py,0,class,ok,src.levanter.utils.tree_utils.NonePolicy,src.levanter.utils.tree_utils.NonePolicy,e8d82a9a7ff5885ae5617b8de087679f66c3c14b,2023-09-06T16:54:35-07:00,78cff0b56bdaf1cf3306c9683ac490ed8024e4af,2025-07-22T19:24:17-07:00,2,792,0.5,,,False,False,1,1,649.25,35.85,0.001540235799048216,0.027891886656928183,496005961.0,stanford-crfm/levanter,Python
src/levanter/utils/tree_utils.py,1,class,ok,src.levanter.utils.tree_utils.PackedLeaf,src.levanter.utils.tree_utils.PackedLeaf,78cff0b56bdaf1cf3306c9683ac490ed8024e4af,2025-07-22T19:24:17-07:00,78cff0b56bdaf1cf3306c9683ac490ed8024e4af,2025-07-22T19:24:17-07:00,1,107,0.2,,,False,False,0,1,0.0,35.85,,0.027891886656928183,496005961.0,stanford-crfm/levanter,Python
src/levanter/utils/tree_utils.py,0,callable,ok,src.levanter.utils.tree_utils.inference_mode,src.levanter.utils.tree_utils.inference_mode,e8d82a9a7ff5885ae5617b8de087679f66c3c14b,2023-09-06T16:54:35-07:00,e8d82a9a7ff5885ae5617b8de087679f66c3c14b,2023-09-06T16:54:35-07:00,1,792,0.02857142857142857,,,False,False,1,0,649.25,0.0,0.001540235799048216,,496005961.0,stanford-crfm/levanter,Python
src/levanter/utils/tree_utils.py,1,callable,ok,src.levanter.utils.tree_utils.tree_flatten_one_level_with_keys,src.levanter.utils.tree_utils.tree_flatten_one_level_with_keys,ba7bac0c8d9dc033a7f034d1827741e6923a0607,2025-06-03T23:24:07-07:00,ba7bac0c8d9dc033a7f034d1827741e6923a0607,2025-06-03T23:24:07-07:00,1,156,0.017241379310344827,,,False,False,1,0,12.98,0.0,0.07703727480640372,,496005961.0,stanford-crfm/levanter,Python
src/levanter/utils/tree_utils.py,2,callable,ok,src.levanter.utils.tree_utils.key_path_to_str,src.levanter.utils.tree_utils.key_path_to_str,ba7bac0c8d9dc033a7f034d1827741e6923a0607,2025-06-03T23:24:07-07:00,ba7bac0c8d9dc033a7f034d1827741e6923a0607,2025-06-03T23:24:07-07:00,1,156,0.045454545454545456,,,False,False,1,0,12.98,0.0,0.07703727480640372,,496005961.0,stanford-crfm/levanter,Python
src/levanter/utils/tree_utils.py,3,callable,ok,src.levanter.utils.tree_utils.pack_pytree,src.levanter.utils.tree_utils.pack_pytree,78cff0b56bdaf1cf3306c9683ac490ed8024e4af,2025-07-22T19:24:17-07:00,78cff0b56bdaf1cf3306c9683ac490ed8024e4af,2025-07-22T19:24:17-07:00,1,107,0.03125,,,False,False,0,1,0.0,35.85,,0.027891886656928183,496005961.0,stanford-crfm/levanter,Python
src/levanter/utils/tree_utils.py,4,callable,ok,src.levanter.utils.tree_utils.unpack_pytree,src.levanter.utils.tree_utils.unpack_pytree,78cff0b56bdaf1cf3306c9683ac490ed8024e4af,2025-07-22T19:24:17-07:00,78cff0b56bdaf1cf3306c9683ac490ed8024e4af,2025-07-22T19:24:17-07:00,1,107,0.07692307692307693,,,False,False,0,1,0.0,35.85,,0.027891886656928183,496005961.0,stanford-crfm/levanter,Python
src/levanter/utils/types.py,0,class,ok,src.levanter.utils.types.ValAndGradFn,src.levanter.utils.types.ValAndGradFn,290ab806a4c696703a78ceb2408749c06fc7d278,2024-11-24T00:32:07-08:00,290ab806a4c696703a78ceb2408749c06fc7d278,2024-11-24T00:32:07-08:00,1,348,0.3333333333333333,,,False,False,1,0,204.89,0.0,0.004880623838627595,,496005961.0,stanford-crfm/levanter,Python
src/levanter/utils/types.py,1,class,ok,src.levanter.utils.types.ValFn,src.levanter.utils.types.ValFn,290ab806a4c696703a78ceb2408749c06fc7d278,2024-11-24T00:32:07-08:00,290ab806a4c696703a78ceb2408749c06fc7d278,2024-11-24T00:32:07-08:00,1,348,0.3333333333333333,,,False,False,1,0,204.89,0.0,0.004880623838627595,,496005961.0,stanford-crfm/levanter,Python
src/levanter/utils/types.py,2,class,ok,src.levanter.utils.types.ComputeLossFunction,src.levanter.utils.types.ComputeLossFunction,290ab806a4c696703a78ceb2408749c06fc7d278,2024-11-24T00:32:07-08:00,290ab806a4c696703a78ceb2408749c06fc7d278,2024-11-24T00:32:07-08:00,1,348,0.06666666666666667,,,False,False,1,0,204.89,0.0,0.004880623838627595,,496005961.0,stanford-crfm/levanter,Python
src/levanter/utils/types.py,0,callable,ok,src.levanter.utils.types.ValAndGradFn.__call__,src.levanter.utils.types.ValAndGradFn.__call__,290ab806a4c696703a78ceb2408749c06fc7d278,2024-11-24T00:32:07-08:00,290ab806a4c696703a78ceb2408749c06fc7d278,2024-11-24T00:32:07-08:00,1,348,0.5,,,False,False,1,0,204.89,0.0,0.004880623838627595,,496005961.0,stanford-crfm/levanter,Python
src/levanter/utils/types.py,1,callable,ok,src.levanter.utils.types.ValFn.__call__,src.levanter.utils.types.ValFn.__call__,290ab806a4c696703a78ceb2408749c06fc7d278,2024-11-24T00:32:07-08:00,290ab806a4c696703a78ceb2408749c06fc7d278,2024-11-24T00:32:07-08:00,1,348,0.5,,,False,False,1,0,204.89,0.0,0.004880623838627595,,496005961.0,stanford-crfm/levanter,Python
src/levanter/utils/types.py,2,callable,ok,src.levanter.utils.types.ComputeLossFunction.__call__,src.levanter.utils.types.ComputeLossFunction.__call__,290ab806a4c696703a78ceb2408749c06fc7d278,2024-11-24T00:32:07-08:00,290ab806a4c696703a78ceb2408749c06fc7d278,2024-11-24T00:32:07-08:00,1,348,0.1111111111111111,,,False,False,1,0,204.89,0.0,0.004880623838627595,,496005961.0,stanford-crfm/levanter,Python
src/levanter/visualization.py,0,callable,ok,src.levanter.visualization.visualize_log_probs,src.levanter.visualization.visualize_log_probs,315181ce0256fbca7ac16a612742078187cf2f37,2023-03-04T13:35:33-08:00,e63a1ebc3bde165fbb37da2d8a059d42d7ad2733,2025-03-03T22:10:34-08:00,5,730,0.09803921568627451,0.05280269954114709,,True,False,5,0,835.35,0.0,0.005985530893521022,,496005961.0,stanford-crfm/levanter,Python
src/levanter/visualization.py,1,callable,ok,src.levanter.visualization._escape,src.levanter.visualization._escape,e403c781a9ff0b1048cb9b6a26415052c7a1f25b,2023-03-08T00:36:45-08:00,e63a1ebc3bde165fbb37da2d8a059d42d7ad2733,2025-03-03T22:10:34-08:00,2,726,0.2857142857142857,,,True,False,2,0,831.89,0.0,0.002404167992518474,,496005961.0,stanford-crfm/levanter,Python
src/levanter/visualization.py,2,callable,ok,src.levanter.visualization.compute_and_visualize_log_probs,src.levanter.visualization.compute_and_visualize_log_probs,4230da6e283a2018a5a857ffca3f2e63c59bc249,2023-08-28T12:37:21-07:00,e63a1ebc3bde165fbb37da2d8a059d42d7ad2733,2025-03-03T22:10:34-08:00,2,553,0.038461538461538464,,,True,False,2,0,658.43,0.0,0.003037529254017093,,496005961.0,stanford-crfm/levanter,Python
src/levanter/visualization.py,3,callable,ok,src.levanter.visualization._concatenate,src.levanter.visualization._concatenate,4230da6e283a2018a5a857ffca3f2e63c59bc249,2023-08-28T12:37:21-07:00,4230da6e283a2018a5a857ffca3f2e63c59bc249,2023-08-28T12:37:21-07:00,1,0,0.5,,,True,False,1,0,658.43,0.0,0.0015187646270085466,,496005961.0,stanford-crfm/levanter,Python
src/levanter/visualization.py,4,callable,ok,src.levanter.visualization._decode_tokens_pretty,src.levanter.visualization._decode_tokens_pretty,4230da6e283a2018a5a857ffca3f2e63c59bc249,2023-08-28T12:37:21-07:00,4230da6e283a2018a5a857ffca3f2e63c59bc249,2023-08-28T12:37:21-07:00,1,0,0.25,,,True,False,1,0,658.43,0.0,0.0015187646270085466,,496005961.0,stanford-crfm/levanter,Python
src/levanter/visualization.py,5,callable,ok,src.levanter.visualization.visualize_log_prob_diff,src.levanter.visualization.visualize_log_prob_diff,e63a1ebc3bde165fbb37da2d8a059d42d7ad2733,2025-03-03T22:10:34-08:00,e63a1ebc3bde165fbb37da2d8a059d42d7ad2733,2025-03-03T22:10:34-08:00,1,0,0.01639344262295082,,,True,False,1,0,104.99,0.0,0.009524704039665101,,496005961.0,stanford-crfm/levanter,Python
src/levanter/visualization.py,6,callable,ok,src.levanter.visualization.compute_and_diff_log_probs,src.levanter.visualization.compute_and_diff_log_probs,e63a1ebc3bde165fbb37da2d8a059d42d7ad2733,2025-03-03T22:10:34-08:00,e63a1ebc3bde165fbb37da2d8a059d42d7ad2733,2025-03-03T22:10:34-08:00,1,0,0.02127659574468085,,,True,False,1,0,104.99,0.0,0.009524704039665101,,496005961.0,stanford-crfm/levanter,Python
tests/inference/test_engine.py,0,class,ok,tests.inference.test_engine.DummyModel,tests.inference.test_engine.DummyModel,144f065846b52b5be5c3426ca8db713189e72796,2025-09-16T10:32:39-07:00,144f065846b52b5be5c3426ca8db713189e72796,2025-09-16T10:32:39-07:00,1,52,0.04,,,False,False,0,1,0.0,91.48,,0.0109309293048473,496005961.0,stanford-crfm/levanter,Python
tests/inference/test_engine.py,0,callable,ok,tests.inference.test_engine._build_service,tests.inference.test_engine._build_service,144f065846b52b5be5c3426ca8db713189e72796,2025-09-16T10:32:39-07:00,144f065846b52b5be5c3426ca8db713189e72796,2025-09-16T10:32:39-07:00,1,52,0.07142857142857142,,,False,False,0,1,0.0,91.48,,0.0109309293048473,496005961.0,stanford-crfm/levanter,Python
tests/inference/test_engine.py,1,callable,ok,tests.inference.test_engine.test_release_on_finish_and_reuse_slots,tests.inference.test_engine.test_release_on_finish_and_reuse_slots,144f065846b52b5be5c3426ca8db713189e72796,2025-09-16T10:32:39-07:00,144f065846b52b5be5c3426ca8db713189e72796,2025-09-16T10:32:39-07:00,1,52,0.014705882352941176,,,False,False,0,1,0.0,91.48,,0.0109309293048473,496005961.0,stanford-crfm/levanter,Python
tests/inference/test_engine.py,2,callable,ok,tests.inference.test_engine.DummyModel.__init__,tests.inference.test_engine.DummyModel.__init__,144f065846b52b5be5c3426ca8db713189e72796,2025-09-16T10:32:39-07:00,144f065846b52b5be5c3426ca8db713189e72796,2025-09-16T10:32:39-07:00,1,52,0.3333333333333333,,,False,False,0,1,0.0,91.48,,0.0109309293048473,496005961.0,stanford-crfm/levanter,Python
tests/inference/test_engine.py,3,callable,ok,tests.inference.test_engine.DummyModel.initial_cache,tests.inference.test_engine.DummyModel.initial_cache,144f065846b52b5be5c3426ca8db713189e72796,2025-09-16T10:32:39-07:00,144f065846b52b5be5c3426ca8db713189e72796,2025-09-16T10:32:39-07:00,1,52,0.2,,,False,False,0,1,0.0,91.48,,0.0109309293048473,496005961.0,stanford-crfm/levanter,Python
tests/inference/test_engine.py,4,callable,ok,tests.inference.test_engine.DummyModel.decode,tests.inference.test_engine.DummyModel.decode,144f065846b52b5be5c3426ca8db713189e72796,2025-09-16T10:32:39-07:00,144f065846b52b5be5c3426ca8db713189e72796,2025-09-16T10:32:39-07:00,1,52,0.125,,,False,False,0,1,0.0,91.48,,0.0109309293048473,496005961.0,stanford-crfm/levanter,Python
tests/inference/test_inference_server.py,6,callable,ok,tests.inference.test_inference_server.test_inference_worker_checkpoint_monitoring,tests.inference.test_inference_server.test_inference_worker_checkpoint_monitoring,7687b26f3411c1761271df15f420d5b0311471aa,2025-09-16T17:03:38-07:00,27207e5d142addda0f5b5c39a283399fa3ffb550,2025-09-22T12:21:27-07:00,2,5,0.04081632653061224,,,True,False,0,2,0.0,97.56,,0.020500397135876227,496005961.0,stanford-crfm/levanter,Python
tests/inference/test_inference_server.py,7,callable,ok,tests.inference.test_inference_server.test_inference_worker,tests.inference.test_inference_server.test_inference_worker,7687b26f3411c1761271df15f420d5b0311471aa,2025-09-16T17:03:38-07:00,7687b26f3411c1761271df15f420d5b0311471aa,2025-09-16T17:03:38-07:00,1,0,0.04,,,True,False,0,1,0.0,91.76,,0.010898583133736211,496005961.0,stanford-crfm/levanter,Python
tests/inference/test_inference_server.py,0,callable,ok,tests.inference.test_inference_server.baby_llama_config,tests.inference.test_inference_server.baby_llama_config,7687b26f3411c1761271df15f420d5b0311471aa,2025-09-16T17:03:38-07:00,c6d120099c0ad14a84f962ecf6da2d29ba234003,2025-10-16T11:13:28-07:00,7,51,0.5833333333333334,2.3367977553509065,,False,False,0,7,0.0,121.51,,0.05760753835787654,496005961.0,stanford-crfm/levanter,Python
tests/inference/test_inference_server.py,1,callable,ok,tests.inference.test_inference_server.inference_server,tests.inference.test_inference_server.inference_server,7687b26f3411c1761271df15f420d5b0311471aa,2025-09-16T17:03:38-07:00,c6d120099c0ad14a84f962ecf6da2d29ba234003,2025-10-16T11:13:28-07:00,3,51,0.6,0.9863808565466701,,False,False,0,3,0.0,121.51,,0.024688945010518517,496005961.0,stanford-crfm/levanter,Python
tests/inference/test_inference_server.py,2,callable,ok,tests.inference.test_inference_server.test_client,tests.inference.test_inference_server.test_client,7687b26f3411c1761271df15f420d5b0311471aa,2025-09-16T17:03:38-07:00,c6d120099c0ad14a84f962ecf6da2d29ba234003,2025-10-16T11:13:28-07:00,3,51,0.75,0.9863808565466701,,False,False,0,3,0.0,121.51,,0.024688945010518517,496005961.0,stanford-crfm/levanter,Python
tests/inference/test_inference_server.py,3,callable,ok,tests.inference.test_inference_server.test_endpoints_exist,tests.inference.test_inference_server.test_endpoints_exist,7687b26f3411c1761271df15f420d5b0311471aa,2025-09-16T17:03:38-07:00,7687b26f3411c1761271df15f420d5b0311471aa,2025-09-16T17:03:38-07:00,1,51,0.14285714285714285,,,False,False,0,1,0.0,91.76,,0.010898583133736211,496005961.0,stanford-crfm/levanter,Python
tests/inference/test_inference_server.py,4,callable,ok,tests.inference.test_inference_server.test_short_request,tests.inference.test_inference_server.test_short_request,7687b26f3411c1761271df15f420d5b0311471aa,2025-09-16T17:03:38-07:00,f661a5dcd307e6a99f493e7a1e9eecdb5801fa2f,2025-09-18T16:40:10-07:00,2,51,0.07142857142857142,,,False,False,0,2,0.0,93.74,,0.021335893640570203,496005961.0,stanford-crfm/levanter,Python
tests/inference/test_inference_server.py,5,callable,ok,tests.inference.test_inference_server.test_weight_reloading_during_requests,tests.inference.test_inference_server.test_weight_reloading_during_requests,7687b26f3411c1761271df15f420d5b0311471aa,2025-09-16T17:03:38-07:00,7687b26f3411c1761271df15f420d5b0311471aa,2025-09-16T17:03:38-07:00,1,51,0.013157894736842105,,,False,False,0,1,0.0,91.76,,0.010898583133736211,496005961.0,stanford-crfm/levanter,Python
tests/inference/test_inference_server.py,8,callable,ok,tests.inference.test_inference_server.test_completion_with_logprobs,tests.inference.test_inference_server.test_completion_with_logprobs,7687b26f3411c1761271df15f420d5b0311471aa,2025-09-16T17:03:38-07:00,f661a5dcd307e6a99f493e7a1e9eecdb5801fa2f,2025-09-18T16:40:10-07:00,2,51,0.06666666666666667,,,False,False,0,2,0.0,93.74,,0.021335893640570203,496005961.0,stanford-crfm/levanter,Python
tests/inference/test_inference_server.py,9,callable,ok,tests.inference.test_inference_server.test_chat_completion_with_logprobs,tests.inference.test_inference_server.test_chat_completion_with_logprobs,7687b26f3411c1761271df15f420d5b0311471aa,2025-09-16T17:03:38-07:00,f661a5dcd307e6a99f493e7a1e9eecdb5801fa2f,2025-09-18T16:40:10-07:00,2,51,0.06896551724137931,,,False,False,0,2,0.0,93.74,,0.021335893640570203,496005961.0,stanford-crfm/levanter,Python
tests/inference/test_inference_server.py,10,callable,ok,tests.inference.test_inference_server.test_logprobs_with_multiple_generations,tests.inference.test_inference_server.test_logprobs_with_multiple_generations,7687b26f3411c1761271df15f420d5b0311471aa,2025-09-16T17:03:38-07:00,f661a5dcd307e6a99f493e7a1e9eecdb5801fa2f,2025-09-18T16:40:10-07:00,2,51,0.05555555555555555,,,False,False,0,2,0.0,93.74,,0.021335893640570203,496005961.0,stanford-crfm/levanter,Python
tests/inference/test_inference_server.py,11,callable,ok,tests.inference.test_inference_server.test_logprobs_deterministic_behavior,tests.inference.test_inference_server.test_logprobs_deterministic_behavior,7687b26f3411c1761271df15f420d5b0311471aa,2025-09-16T17:03:38-07:00,f661a5dcd307e6a99f493e7a1e9eecdb5801fa2f,2025-09-18T16:40:10-07:00,2,51,0.05714285714285714,,,False,False,0,2,0.0,93.74,,0.021335893640570203,496005961.0,stanford-crfm/levanter,Python
tests/inference/test_inference_server.py,12,callable,ok,tests.inference.test_inference_server.test_reload_with_zeros_clears_outputs,tests.inference.test_inference_server.test_reload_with_zeros_clears_outputs,f661a5dcd307e6a99f493e7a1e9eecdb5801fa2f,2025-09-18T16:40:10-07:00,f661a5dcd307e6a99f493e7a1e9eecdb5801fa2f,2025-09-18T16:40:10-07:00,1,49,0.014285714285714285,,,False,False,0,1,0.0,93.74,,0.010667946820285101,496005961.0,stanford-crfm/levanter,Python
tests/inference/test_inference_server.py,13,callable,ok,tests.inference.test_inference_server.trainer_config,tests.inference.test_inference_server.trainer_config,8d457ce7944b383454989bf943268063f7c9073c,2025-09-29T13:09:18-07:00,8d457ce7944b383454989bf943268063f7c9073c,2025-09-29T13:09:18-07:00,1,38,0.5,,,False,False,0,1,0.0,104.59,,0.009560931907574116,496005961.0,stanford-crfm/levanter,Python
tests/inference/test_inference_server.py,14,callable,ok,tests.inference.test_inference_server.loaded_model,tests.inference.test_inference_server.loaded_model,8d457ce7944b383454989bf943268063f7c9073c,2025-09-29T13:09:18-07:00,153ec2e4cfbe14da3874020aa29c5e8f97883821,2025-10-01T14:54:28-07:00,3,38,0.14285714285714285,0.44447151992574296,,False,False,0,3,0.0,106.67,,0.028125347904694134,496005961.0,stanford-crfm/levanter,Python
tests/inference/test_inference_server.py,15,callable,ok,tests.inference.test_inference_server.test_tokens_endpoint,tests.inference.test_inference_server.test_tokens_endpoint,d14dd56708aba35cea330e6f81664ab314eec4b4,2025-10-08T10:20:48-07:00,d14dd56708aba35cea330e6f81664ab314eec4b4,2025-10-08T10:20:48-07:00,1,30,0.030303030303030304,,,False,False,0,1,0.0,113.48,,0.008812490399587283,496005961.0,stanford-crfm/levanter,Python
tests/inference/test_inference_server.py,16,callable,ok,tests.inference.test_inference_server.test_logprobs_match_full_forward_pass,tests.inference.test_inference_server.test_logprobs_match_full_forward_pass,d14dd56708aba35cea330e6f81664ab314eec4b4,2025-10-08T10:20:48-07:00,c6d120099c0ad14a84f962ecf6da2d29ba234003,2025-10-16T11:13:28-07:00,2,30,0.018867924528301886,,,False,False,0,2,0.0,121.51,,0.016459296673679014,496005961.0,stanford-crfm/levanter,Python
tests/inference/test_inference_server.py,17,callable,ok,tests.inference.test_inference_server.hf_reference_model_and_tokenizer,tests.inference.test_inference_server.hf_reference_model_and_tokenizer,db7f474290b98f23d225e2513437e67cd149aa7f,2025-10-18T10:01:31-07:00,db7f474290b98f23d225e2513437e67cd149aa7f,2025-10-18T10:01:31-07:00,1,20,0.0625,,,False,False,0,1,0.0,123.46,,0.008099664117053646,496005961.0,stanford-crfm/levanter,Python
tests/inference/test_inference_server.py,18,callable,ok,tests.inference.test_inference_server.test_greedy_correctness_against_hf,tests.inference.test_inference_server.test_greedy_correctness_against_hf,db7f474290b98f23d225e2513437e67cd149aa7f,2025-10-18T10:01:31-07:00,db7f474290b98f23d225e2513437e67cd149aa7f,2025-10-18T10:01:31-07:00,1,20,0.01818181818181818,,,False,False,0,1,0.0,123.46,,0.008099664117053646,496005961.0,stanford-crfm/levanter,Python
tests/inference/test_inference_server.py,19,callable,ok,tests.inference.test_inference_server.test_many_requests_threaded,tests.inference.test_inference_server.test_many_requests_threaded,43751a79f661f6e114cbf4a271ee4d48ff65a328,2025-11-03T15:37:45-08:00,43751a79f661f6e114cbf4a271ee4d48ff65a328,2025-11-03T15:37:45-08:00,1,3,0.037037037037037035,,,False,False,0,1,0.0,139.74,,0.007156297090029282,496005961.0,stanford-crfm/levanter,Python
tests/inference/test_inference_utils.py,0,callable,ok,tests.inference.test_inference_utils.test_is_stop_signal_exact_match,tests.inference.test_inference_utils.test_is_stop_signal_exact_match,e5b6be6f1f360f2ca28a696bac2ff4ce8283c95f,2025-09-11T15:39:27-07:00,e5b6be6f1f360f2ca28a696bac2ff4ce8283c95f,2025-09-11T15:39:27-07:00,1,56,0.2,,,False,False,0,1,0.0,86.7,,0.011534479616745556,496005961.0,stanford-crfm/levanter,Python
tests/inference/test_inference_utils.py,1,callable,ok,tests.inference.test_inference_utils.test_is_stop_signal_no_match,tests.inference.test_inference_utils.test_is_stop_signal_no_match,e5b6be6f1f360f2ca28a696bac2ff4ce8283c95f,2025-09-11T15:39:27-07:00,e5b6be6f1f360f2ca28a696bac2ff4ce8283c95f,2025-09-11T15:39:27-07:00,1,56,0.2,,,False,False,0,1,0.0,86.7,,0.011534479616745556,496005961.0,stanford-crfm/levanter,Python
tests/inference/test_inference_utils.py,2,callable,ok,tests.inference.test_inference_utils.test_is_stop_signal_partial_match_with_padding,tests.inference.test_inference_utils.test_is_stop_signal_partial_match_with_padding,e5b6be6f1f360f2ca28a696bac2ff4ce8283c95f,2025-09-11T15:39:27-07:00,e5b6be6f1f360f2ca28a696bac2ff4ce8283c95f,2025-09-11T15:39:27-07:00,1,56,0.2,,,False,False,0,1,0.0,86.7,,0.011534479616745556,496005961.0,stanford-crfm/levanter,Python
tests/inference/test_inference_utils.py,3,callable,ok,tests.inference.test_inference_utils.test_is_stop_signal_empty_stop_sequences,tests.inference.test_inference_utils.test_is_stop_signal_empty_stop_sequences,e5b6be6f1f360f2ca28a696bac2ff4ce8283c95f,2025-09-11T15:39:27-07:00,e5b6be6f1f360f2ca28a696bac2ff4ce8283c95f,2025-09-11T15:39:27-07:00,1,56,0.2,,,False,False,0,1,0.0,86.7,,0.011534479616745556,496005961.0,stanford-crfm/levanter,Python
tests/inference/test_inference_utils.py,4,callable,ok,tests.inference.test_inference_utils.test_is_stop_signal_invalid_tokens_in_stop_sequences,tests.inference.test_inference_utils.test_is_stop_signal_invalid_tokens_in_stop_sequences,e5b6be6f1f360f2ca28a696bac2ff4ce8283c95f,2025-09-11T15:39:27-07:00,e5b6be6f1f360f2ca28a696bac2ff4ce8283c95f,2025-09-11T15:39:27-07:00,1,56,0.2,,,False,False,0,1,0.0,86.7,,0.011534479616745556,496005961.0,stanford-crfm/levanter,Python
tests/inference/test_inference_utils.py,5,callable,ok,tests.inference.test_inference_utils.test_is_stop_signal_multiple_stop_sequences_one_matches,tests.inference.test_inference_utils.test_is_stop_signal_multiple_stop_sequences_one_matches,e5b6be6f1f360f2ca28a696bac2ff4ce8283c95f,2025-09-11T15:39:27-07:00,e5b6be6f1f360f2ca28a696bac2ff4ce8283c95f,2025-09-11T15:39:27-07:00,1,56,0.2,,,False,False,0,1,0.0,86.7,,0.011534479616745556,496005961.0,stanford-crfm/levanter,Python
tests/inference/test_inference_utils.py,6,callable,ok,tests.inference.test_inference_utils.test_is_stop_signal_problem,tests.inference.test_inference_utils.test_is_stop_signal_problem,e5b6be6f1f360f2ca28a696bac2ff4ce8283c95f,2025-09-11T15:39:27-07:00,e5b6be6f1f360f2ca28a696bac2ff4ce8283c95f,2025-09-11T15:39:27-07:00,1,56,0.07142857142857142,,,False,False,0,1,0.0,86.7,,0.011534479616745556,496005961.0,stanford-crfm/levanter,Python
tests/inference/test_jit_scheduler.py,2,callable,ok,tests.inference.test_jit_scheduler.test_allocate_for_seq_ignores_out_of_range_slots,tests.inference.test_jit_scheduler.test_allocate_for_seq_ignores_out_of_range_slots,cc11732af0fe375b958aeee7cf23f385d337cb9e,2025-10-15T11:39:32-07:00,cc11732af0fe375b958aeee7cf23f385d337cb9e,2025-10-15T11:39:32-07:00,1,0,0.0625,,,True,False,0,1,0.0,120.53,,0.008296691214245725,496005961.0,stanford-crfm/levanter,Python
tests/inference/test_jit_scheduler.py,3,callable,ok,tests.inference.test_jit_scheduler.test_allocate_for_seq_ignores_invalid_padding_tokens,tests.inference.test_jit_scheduler.test_allocate_for_seq_ignores_invalid_padding_tokens,cc11732af0fe375b958aeee7cf23f385d337cb9e,2025-10-15T11:39:32-07:00,cc11732af0fe375b958aeee7cf23f385d337cb9e,2025-10-15T11:39:32-07:00,1,0,0.045454545454545456,,,True,False,0,1,0.0,120.53,,0.008296691214245725,496005961.0,stanford-crfm/levanter,Python
tests/inference/test_jit_scheduler.py,0,callable,ok,tests.inference.test_jit_scheduler.test_pack_next_sequence_single_seq_boundary_at_last_token,tests.inference.test_jit_scheduler.test_pack_next_sequence_single_seq_boundary_at_last_token,e5b6be6f1f360f2ca28a696bac2ff4ce8283c95f,2025-09-11T15:39:27-07:00,34ed673a46faa36846dcb5219f667ec6b8141f22,2025-10-15T16:59:36-07:00,5,56,0.16666666666666666,0.7955407053688682,,False,False,0,5,0.0,120.75,,0.04140709752157434,496005961.0,stanford-crfm/levanter,Python
tests/inference/test_jit_scheduler.py,1,callable,ok,tests.inference.test_jit_scheduler.test_pack_next_sequence_boundaries_between_sequences,tests.inference.test_jit_scheduler.test_pack_next_sequence_boundaries_between_sequences,e5b6be6f1f360f2ca28a696bac2ff4ce8283c95f,2025-09-11T15:39:27-07:00,34ed673a46faa36846dcb5219f667ec6b8141f22,2025-10-15T16:59:36-07:00,6,56,0.16216216216216217,1.503892264201049,,False,False,0,6,0.0,120.75,,0.04968851702588921,496005961.0,stanford-crfm/levanter,Python
tests/inference/test_jit_scheduler.py,4,callable,ok,tests.inference.test_jit_scheduler.test_allocate_for_seq_ignores_out_of_range_slots,tests.inference.test_jit_scheduler.test_allocate_for_seq_ignores_out_of_range_slots,34ed673a46faa36846dcb5219f667ec6b8141f22,2025-10-15T16:59:36-07:00,34ed673a46faa36846dcb5219f667ec6b8141f22,2025-10-15T16:59:36-07:00,1,22,0.0625,,,False,False,0,1,0.0,120.75,,0.00828141950431487,496005961.0,stanford-crfm/levanter,Python
tests/inference/test_jit_scheduler.py,5,callable,ok,tests.inference.test_jit_scheduler.test_allocate_for_seq_ignores_invalid_padding_tokens,tests.inference.test_jit_scheduler.test_allocate_for_seq_ignores_invalid_padding_tokens,34ed673a46faa36846dcb5219f667ec6b8141f22,2025-10-15T16:59:36-07:00,34ed673a46faa36846dcb5219f667ec6b8141f22,2025-10-15T16:59:36-07:00,1,22,0.045454545454545456,,,False,False,0,1,0.0,120.75,,0.00828141950431487,496005961.0,stanford-crfm/levanter,Python
tests/inference/test_page_table.py,2,callable,ok,tests.inference.test_page_table.test_page_table_free_pages,tests.inference.test_page_table.test_page_table_free_pages,e5b6be6f1f360f2ca28a696bac2ff4ce8283c95f,2025-09-11T15:39:27-07:00,144f065846b52b5be5c3426ca8db713189e72796,2025-09-16T10:32:39-07:00,2,4,0.125,,,True,False,0,2,0.0,91.48,,0.0218618586096946,496005961.0,stanford-crfm/levanter,Python
tests/inference/test_page_table.py,4,callable,ok,tests.inference.test_page_table.test_allocate_for_seqs_with_padding,tests.inference.test_page_table.test_allocate_for_seqs_with_padding,e5b6be6f1f360f2ca28a696bac2ff4ce8283c95f,2025-09-11T15:39:27-07:00,c3d7b685a99099cd3990c7c190ee15a0e251019d,2025-09-18T17:49:12-07:00,2,7,0.16666666666666666,,,True,False,0,2,0.0,93.79,,0.021324987628298552,496005961.0,stanford-crfm/levanter,Python
tests/inference/test_page_table.py,5,callable,ok,tests.inference.test_page_table.test_allocate_for_seqs_updates_only_valid_ids,tests.inference.test_page_table.test_allocate_for_seqs_updates_only_valid_ids,e5b6be6f1f360f2ca28a696bac2ff4ce8283c95f,2025-09-11T15:39:27-07:00,c3d7b685a99099cd3990c7c190ee15a0e251019d,2025-09-18T17:49:12-07:00,3,7,0.23076923076923078,0.9095688577751527,,True,False,0,3,0.0,93.79,,0.031987481442447833,496005961.0,stanford-crfm/levanter,Python
tests/inference/test_page_table.py,6,callable,ok,tests.inference.test_page_table.test_free_pages_invalid_seq_id_noop,tests.inference.test_page_table.test_free_pages_invalid_seq_id_noop,e5b6be6f1f360f2ca28a696bac2ff4ce8283c95f,2025-09-11T15:39:27-07:00,e5b6be6f1f360f2ca28a696bac2ff4ce8283c95f,2025-09-11T15:39:27-07:00,1,0,0.14285714285714285,,,True,False,0,1,0.0,86.7,,0.011534479616745556,496005961.0,stanford-crfm/levanter,Python
tests/inference/test_page_table.py,7,callable,ok,tests.inference.test_page_table.test_assign_seq_id_to_seq_explicit_free_slot,tests.inference.test_page_table.test_assign_seq_id_to_seq_explicit_free_slot,c3d7b685a99099cd3990c7c190ee15a0e251019d,2025-09-18T17:49:12-07:00,c3d7b685a99099cd3990c7c190ee15a0e251019d,2025-09-18T17:49:12-07:00,1,0,0.09090909090909091,,,True,False,0,1,0.0,93.79,,0.010662493814149276,496005961.0,stanford-crfm/levanter,Python
tests/inference/test_page_table.py,8,callable,ok,tests.inference.test_page_table.test_assign_seq_id_to_seq_rejects_used_slot,tests.inference.test_page_table.test_assign_seq_id_to_seq_rejects_used_slot,c3d7b685a99099cd3990c7c190ee15a0e251019d,2025-09-18T17:49:12-07:00,c3d7b685a99099cd3990c7c190ee15a0e251019d,2025-09-18T17:49:12-07:00,1,0,0.07142857142857142,,,True,False,0,1,0.0,93.79,,0.010662493814149276,496005961.0,stanford-crfm/levanter,Python
tests/inference/test_page_table.py,9,callable,ok,tests.inference.test_page_table.test_sequence_table_reserve_and_release_slot,tests.inference.test_page_table.test_sequence_table_reserve_and_release_slot,cc11732af0fe375b958aeee7cf23f385d337cb9e,2025-10-15T11:39:32-07:00,cc11732af0fe375b958aeee7cf23f385d337cb9e,2025-10-15T11:39:32-07:00,1,0,0.09090909090909091,,,True,False,0,1,0.0,120.53,,0.008296691214245725,496005961.0,stanford-crfm/levanter,Python
tests/inference/test_page_table.py,10,callable,ok,tests.inference.test_page_table.test_sequence_table_allocate_and_free_pages,tests.inference.test_page_table.test_sequence_table_allocate_and_free_pages,cc11732af0fe375b958aeee7cf23f385d337cb9e,2025-10-15T11:39:32-07:00,cc11732af0fe375b958aeee7cf23f385d337cb9e,2025-10-15T11:39:32-07:00,1,0,0.041666666666666664,,,True,False,0,1,0.0,120.53,,0.008296691214245725,496005961.0,stanford-crfm/levanter,Python
tests/inference/test_page_table.py,11,callable,ok,tests.inference.test_page_table.test_page_table_free_pages,tests.inference.test_page_table.test_page_table_free_pages,5f7de5d8572f501747ff620a488dbbce3e4f81c4,2025-10-15T16:28:59-07:00,5f7de5d8572f501747ff620a488dbbce3e4f81c4,2025-10-15T16:28:59-07:00,1,0,0.0625,,,True,False,0,1,0.0,120.73,,0.00828287792044545,496005961.0,stanford-crfm/levanter,Python
tests/inference/test_page_table.py,12,callable,ok,tests.inference.test_page_table.test_allocate_for_seqs_with_padding,tests.inference.test_page_table.test_allocate_for_seqs_with_padding,5f7de5d8572f501747ff620a488dbbce3e4f81c4,2025-10-15T16:28:59-07:00,5f7de5d8572f501747ff620a488dbbce3e4f81c4,2025-10-15T16:28:59-07:00,1,0,0.08333333333333333,,,True,False,0,1,0.0,120.73,,0.00828287792044545,496005961.0,stanford-crfm/levanter,Python
tests/inference/test_page_table.py,13,callable,ok,tests.inference.test_page_table.test_allocate_for_seqs_updates_only_valid_ids,tests.inference.test_page_table.test_allocate_for_seqs_updates_only_valid_ids,5f7de5d8572f501747ff620a488dbbce3e4f81c4,2025-10-15T16:28:59-07:00,5f7de5d8572f501747ff620a488dbbce3e4f81c4,2025-10-15T16:28:59-07:00,1,0,0.07692307692307693,,,True,False,0,1,0.0,120.73,,0.00828287792044545,496005961.0,stanford-crfm/levanter,Python
tests/inference/test_page_table.py,14,callable,ok,tests.inference.test_page_table.test_assign_seq_id_to_seq_explicit_free_slot,tests.inference.test_page_table.test_assign_seq_id_to_seq_explicit_free_slot,5f7de5d8572f501747ff620a488dbbce3e4f81c4,2025-10-15T16:28:59-07:00,5f7de5d8572f501747ff620a488dbbce3e4f81c4,2025-10-15T16:28:59-07:00,1,0,0.09090909090909091,,,True,False,0,1,0.0,120.73,,0.00828287792044545,496005961.0,stanford-crfm/levanter,Python
tests/inference/test_page_table.py,15,callable,ok,tests.inference.test_page_table.test_assign_seq_id_to_seq_rejects_used_slot,tests.inference.test_page_table.test_assign_seq_id_to_seq_rejects_used_slot,5f7de5d8572f501747ff620a488dbbce3e4f81c4,2025-10-15T16:28:59-07:00,5f7de5d8572f501747ff620a488dbbce3e4f81c4,2025-10-15T16:28:59-07:00,1,0,0.07142857142857142,,,True,False,0,1,0.0,120.73,,0.00828287792044545,496005961.0,stanford-crfm/levanter,Python
tests/inference/test_page_table.py,16,callable,ok,tests.inference.test_page_table.test_free_pages_invalid_seq_id_noop,tests.inference.test_page_table.test_free_pages_invalid_seq_id_noop,5f7de5d8572f501747ff620a488dbbce3e4f81c4,2025-10-15T16:28:59-07:00,5f7de5d8572f501747ff620a488dbbce3e4f81c4,2025-10-15T16:28:59-07:00,1,0,0.14285714285714285,,,True,False,0,1,0.0,120.73,,0.00828287792044545,496005961.0,stanford-crfm/levanter,Python
tests/inference/test_page_table.py,0,callable,ok,tests.inference.test_page_table._make_table,tests.inference.test_page_table._make_table,e5b6be6f1f360f2ca28a696bac2ff4ce8283c95f,2025-09-11T15:39:27-07:00,e5b6be6f1f360f2ca28a696bac2ff4ce8283c95f,2025-09-11T15:39:27-07:00,1,56,0.5,,,False,False,0,1,0.0,86.7,,0.011534479616745556,496005961.0,stanford-crfm/levanter,Python
tests/inference/test_page_table.py,1,callable,ok,tests.inference.test_page_table.test_page_table_max_len_per_seq,tests.inference.test_page_table.test_page_table_max_len_per_seq,e5b6be6f1f360f2ca28a696bac2ff4ce8283c95f,2025-09-11T15:39:27-07:00,e5b6be6f1f360f2ca28a696bac2ff4ce8283c95f,2025-09-11T15:39:27-07:00,1,56,0.3333333333333333,,,False,False,0,1,0.0,86.7,,0.011534479616745556,496005961.0,stanford-crfm/levanter,Python
tests/inference/test_page_table.py,3,callable,ok,tests.inference.test_page_table.test_page_batch_info_shapes,tests.inference.test_page_table.test_page_batch_info_shapes,e5b6be6f1f360f2ca28a696bac2ff4ce8283c95f,2025-09-11T15:39:27-07:00,c3d7b685a99099cd3990c7c190ee15a0e251019d,2025-09-18T17:49:12-07:00,2,56,0.125,,,False,False,0,2,0.0,93.79,,0.021324987628298552,496005961.0,stanford-crfm/levanter,Python
tests/inference/test_page_table.py,17,callable,ok,tests.inference.test_page_table.test_sequence_table_reserve_and_release_slot,tests.inference.test_page_table.test_sequence_table_reserve_and_release_slot,34ed673a46faa36846dcb5219f667ec6b8141f22,2025-10-15T16:59:36-07:00,34ed673a46faa36846dcb5219f667ec6b8141f22,2025-10-15T16:59:36-07:00,1,22,0.09090909090909091,,,False,False,0,1,0.0,120.75,,0.00828141950431487,496005961.0,stanford-crfm/levanter,Python
tests/inference/test_page_table.py,18,callable,ok,tests.inference.test_page_table.test_sequence_table_allocate_and_free_pages,tests.inference.test_page_table.test_sequence_table_allocate_and_free_pages,34ed673a46faa36846dcb5219f667ec6b8141f22,2025-10-15T16:59:36-07:00,34ed673a46faa36846dcb5219f667ec6b8141f22,2025-10-15T16:59:36-07:00,1,22,0.041666666666666664,,,False,False,0,1,0.0,120.75,,0.00828141950431487,496005961.0,stanford-crfm/levanter,Python
tests/test_attention.py,0,callable,ok,tests.test_attention.test_causal_mask_blocking,tests.test_attention.test_causal_mask_blocking,f72a4c9018b90344dce56c25b39b69ee100f63a8,2023-08-14T15:35:58-07:00,12212fe726d81e67985841652890492f0b0ad9c3,2023-10-23T15:10:45-07:00,2,815,0.10526315789473684,,,False,False,2,0,672.31,0.0,0.002974836600902119,,496005961.0,stanford-crfm/levanter,Python
tests/test_attention.py,1,callable,ok,tests.test_attention.test_causal_mask_slicing,tests.test_attention.test_causal_mask_slicing,f72a4c9018b90344dce56c25b39b69ee100f63a8,2023-08-14T15:35:58-07:00,12212fe726d81e67985841652890492f0b0ad9c3,2023-10-23T15:10:45-07:00,2,815,0.16666666666666666,,,False,False,2,0,672.31,0.0,0.002974836600902119,,496005961.0,stanford-crfm/levanter,Python
tests/test_attention.py,2,callable,ok,tests.test_attention.test_te_bin_and_group_axes_by_function,tests.test_attention.test_te_bin_and_group_axes_by_function,0c456f7d359030c6813c6de7ca0fd376f2d7c638,2024-03-09T22:53:26-08:00,2516d06be6fec2ff5660f144649a9f5f577b06e9,2024-04-26T14:28:21-07:00,2,607,0.03333333333333333,,,False,False,2,0,463.96,0.0,0.004310712999912988,,496005961.0,stanford-crfm/levanter,Python
tests/test_attention.py,3,callable,ok,tests.test_attention.test_mqa_te_bin_and_group_axes_by_function,tests.test_attention.test_mqa_te_bin_and_group_axes_by_function,0c456f7d359030c6813c6de7ca0fd376f2d7c638,2024-03-09T22:53:26-08:00,2516d06be6fec2ff5660f144649a9f5f577b06e9,2024-04-26T14:28:21-07:00,2,607,0.09523809523809523,,,False,False,2,0,463.96,0.0,0.004310712999912988,,496005961.0,stanford-crfm/levanter,Python
tests/test_attention.py,4,callable,ok,tests.test_attention.test_llama_attention_uses_te,tests.test_attention.test_llama_attention_uses_te,0c456f7d359030c6813c6de7ca0fd376f2d7c638,2024-03-09T22:53:26-08:00,51c551bda7fd535ae1a873cb0a634ed3900dad5c,2025-06-15T21:58:02-07:00,3,607,0.1111111111111111,0.6287004696269262,,False,False,3,0,463.96,0.0,0.006466069499869481,,496005961.0,stanford-crfm/levanter,Python
tests/test_attention.py,5,callable,ok,tests.test_attention.test_gpt2_attention_uses_te,tests.test_attention.test_gpt2_attention_uses_te,0c456f7d359030c6813c6de7ca0fd376f2d7c638,2024-03-09T22:53:26-08:00,51c551bda7fd535ae1a873cb0a634ed3900dad5c,2025-06-15T21:58:02-07:00,3,607,0.125,0.6287004696269262,,False,False,3,0,463.96,0.0,0.006466069499869481,,496005961.0,stanford-crfm/levanter,Python
tests/test_attention.py,6,callable,ok,tests.test_attention.test_tpu_splash_attention,tests.test_attention.test_tpu_splash_attention,57bbadff24ae47a42d0cf0c4f9032b5e672a0bb3,2024-05-21T23:35:24-07:00,4ad49844904354c7c850f62242e39f092dcc70af,2025-10-01T10:18:36-07:00,3,534,0.09090909090909091,0.7530420097899608,,False,False,2,1,390.97,106.47,0.005115444147550013,0.009391984245816056,496005961.0,stanford-crfm/levanter,Python
tests/test_attention.py,7,callable,ok,tests.test_attention.test_segment_ids_are_respected,tests.test_attention.test_segment_ids_are_respected,578fb5b9d78c74703ffbbf68d86d3b7f04c102fc,2024-12-02T22:31:37-08:00,07372de8926d67fd5f5714340dc5230c34ebb618,2025-10-30T13:17:05-04:00,5,339,0.10638297872340426,1.3831476304034531,,False,False,1,4,195.98,135.47,0.005102678108713621,0.02952623969411636,496005961.0,stanford-crfm/levanter,Python
tests/test_attention.py,8,callable,ok,tests.test_attention.test_sliding_window_mask,tests.test_attention.test_sliding_window_mask,1cb20cea3a0f22c3c22fc99a26af11f1609dc41a,2025-08-11T23:48:32-04:00,1cb20cea3a0f22c3c22fc99a26af11f1609dc41a,2025-08-11T23:48:32-04:00,1,87,0.09090909090909091,,,False,False,0,1,0.0,55.91,,0.017885495566922597,496005961.0,stanford-crfm/levanter,Python
tests/test_attention.py,9,callable,ok,tests.test_attention.test_attention_sink,tests.test_attention.test_attention_sink,1cb20cea3a0f22c3c22fc99a26af11f1609dc41a,2025-08-11T23:48:32-04:00,2103d48d7f24401e8cab7c70990c5b155056eb53,2025-10-06T23:55:27-07:00,2,87,0.08333333333333333,,,False,False,0,2,0.0,112.04,,0.017850603465062453,496005961.0,stanford-crfm/levanter,Python
tests/test_attention.py,10,callable,ok,tests.test_attention.test_attention_with_sink_module,tests.test_attention.test_attention_with_sink_module,1cb20cea3a0f22c3c22fc99a26af11f1609dc41a,2025-08-11T23:48:32-04:00,1cb20cea3a0f22c3c22fc99a26af11f1609dc41a,2025-08-11T23:48:32-04:00,1,87,0.047619047619047616,,,False,False,0,1,0.0,55.91,,0.017885495566922597,496005961.0,stanford-crfm/levanter,Python
tests/test_attention.py,11,callable,ok,tests.test_attention.test_tpu_splash_attention_sliding_window,tests.test_attention.test_tpu_splash_attention_sliding_window,1cb20cea3a0f22c3c22fc99a26af11f1609dc41a,2025-08-11T23:48:32-04:00,4ad49844904354c7c850f62242e39f092dcc70af,2025-10-01T10:18:36-07:00,2,87,0.06060606060606061,,,False,False,0,2,0.0,106.47,,0.01878396849163211,496005961.0,stanford-crfm/levanter,Python
tests/test_attention.py,12,callable,ok,tests.test_attention.sink_attention_ref_gpt_oss,tests.test_attention.sink_attention_ref_gpt_oss,1cb20cea3a0f22c3c22fc99a26af11f1609dc41a,2025-08-11T23:48:32-04:00,1cb20cea3a0f22c3c22fc99a26af11f1609dc41a,2025-08-11T23:48:32-04:00,1,87,0.024390243902439025,,,False,False,0,1,0.0,55.91,,0.017885495566922597,496005961.0,stanford-crfm/levanter,Python
tests/test_attention.py,13,callable,ok,tests.test_attention.sink_attention,tests.test_attention.sink_attention,1cb20cea3a0f22c3c22fc99a26af11f1609dc41a,2025-08-11T23:48:32-04:00,2103d48d7f24401e8cab7c70990c5b155056eb53,2025-10-06T23:55:27-07:00,2,87,0.03076923076923077,,,False,False,0,2,0.0,112.04,,0.017850603465062453,496005961.0,stanford-crfm/levanter,Python
tests/test_attention.py,14,callable,ok,tests.test_attention.test_attention_equivalence,tests.test_attention.test_attention_equivalence,1cb20cea3a0f22c3c22fc99a26af11f1609dc41a,2025-08-11T23:48:32-04:00,2103d48d7f24401e8cab7c70990c5b155056eb53,2025-10-06T23:55:27-07:00,2,87,0.041666666666666664,,,False,False,0,2,0.0,112.04,,0.017850603465062453,496005961.0,stanford-crfm/levanter,Python
tests/test_attention.py,15,callable,ok,tests.test_attention.test_te_flash_attention_non_causal_mask_raises,tests.test_attention.test_te_flash_attention_non_causal_mask_raises,e5b6be6f1f360f2ca28a696bac2ff4ce8283c95f,2025-09-11T15:39:27-07:00,e5b6be6f1f360f2ca28a696bac2ff4ce8283c95f,2025-09-11T15:39:27-07:00,1,56,0.038461538461538464,,,False,False,0,1,0.0,86.7,,0.011534479616745556,496005961.0,stanford-crfm/levanter,Python
tests/test_attention.py,16,callable,ok,tests.test_attention.test_causal_offset_cross_attention,tests.test_attention.test_causal_offset_cross_attention,e5b6be6f1f360f2ca28a696bac2ff4ce8283c95f,2025-09-11T15:39:27-07:00,e5b6be6f1f360f2ca28a696bac2ff4ce8283c95f,2025-09-11T15:39:27-07:00,1,56,0.014084507042253521,,,False,False,0,1,0.0,86.7,,0.011534479616745556,496005961.0,stanford-crfm/levanter,Python
tests/test_attention.py,17,callable,ok,tests.test_attention.sink_attention_vanilla,tests.test_attention.sink_attention_vanilla,2103d48d7f24401e8cab7c70990c5b155056eb53,2025-10-06T23:55:27-07:00,2103d48d7f24401e8cab7c70990c5b155056eb53,2025-10-06T23:55:27-07:00,1,31,0.047619047619047616,,,False,False,0,1,0.0,112.04,,0.008925301732531227,496005961.0,stanford-crfm/levanter,Python
tests/test_attention.py,18,callable,ok,tests.test_attention.sink_attention_jax_flash,tests.test_attention.sink_attention_jax_flash,2103d48d7f24401e8cab7c70990c5b155056eb53,2025-10-06T23:55:27-07:00,2103d48d7f24401e8cab7c70990c5b155056eb53,2025-10-06T23:55:27-07:00,1,31,0.043478260869565216,,,False,False,0,1,0.0,112.04,,0.008925301732531227,496005961.0,stanford-crfm/levanter,Python
tests/test_attention.py,19,callable,ok,tests.test_attention.test_attention_equivalence_jax_flash,tests.test_attention.test_attention_equivalence_jax_flash,2103d48d7f24401e8cab7c70990c5b155056eb53,2025-10-06T23:55:27-07:00,2103d48d7f24401e8cab7c70990c5b155056eb53,2025-10-06T23:55:27-07:00,1,31,0.018867924528301886,,,False,False,0,1,0.0,112.04,,0.008925301732531227,496005961.0,stanford-crfm/levanter,Python
tests/test_audio.py,6,callable,ok,tests.test_audio.setup_module,tests.test_audio.setup_module,7b9158366d545c89f9b3476b8d41d10958199e4c,2025-02-11T23:12:56-08:00,7b9158366d545c89f9b3476b8d41d10958199e4c,2025-02-11T23:12:56-08:00,1,0,0.25,,,True,False,1,0,124.95,0.0,0.008003404411098572,,496005961.0,stanford-crfm/levanter,Python
tests/test_audio.py,7,callable,ok,tests.test_audio.teardown_module,tests.test_audio.teardown_module,7b9158366d545c89f9b3476b8d41d10958199e4c,2025-02-11T23:12:56-08:00,7b9158366d545c89f9b3476b8d41d10958199e4c,2025-02-11T23:12:56-08:00,1,0,0.5,,,True,False,1,0,124.95,0.0,0.008003404411098572,,496005961.0,stanford-crfm/levanter,Python
tests/test_audio.py,0,callable,ok,tests.test_audio.test_whisper_batch_processor,tests.test_audio.test_whisper_batch_processor,cde114d1629c7224167d2cfc300d94406f12cefd,2024-03-11T14:31:32-04:00,64996569ad726f5d8b4314586f7913cccfd9db92,2024-10-10T09:07:59-07:00,3,606,0.25,0.6437878664615667,,False,False,3,0,462.48,0.0,0.006486829009239477,,496005961.0,stanford-crfm/levanter,Python
tests/test_audio.py,1,callable,ok,tests.test_audio.test_hf_audio_loading,tests.test_audio.test_hf_audio_loading,cde114d1629c7224167d2cfc300d94406f12cefd,2024-03-11T14:31:32-04:00,cde114d1629c7224167d2cfc300d94406f12cefd,2024-03-11T14:31:32-04:00,1,606,0.16666666666666666,,,False,False,1,0,462.48,0.0,0.002162276336413159,,496005961.0,stanford-crfm/levanter,Python
tests/test_audio.py,2,callable,ok,tests.test_audio.test_hf_audio_loading_source,tests.test_audio.test_hf_audio_loading_source,cde114d1629c7224167d2cfc300d94406f12cefd,2024-03-11T14:31:32-04:00,cde114d1629c7224167d2cfc300d94406f12cefd,2024-03-11T14:31:32-04:00,1,606,0.16666666666666666,,,False,False,1,0,462.48,0.0,0.002162276336413159,,496005961.0,stanford-crfm/levanter,Python
tests/test_audio.py,3,callable,ok,tests.test_audio.test_hf_audio_ray_pipeline,tests.test_audio.test_hf_audio_ray_pipeline,cde114d1629c7224167d2cfc300d94406f12cefd,2024-03-11T14:31:32-04:00,fbe27bc7f3591a6403fef3b2b6c805114e9215f4,2024-09-05T11:10:11-07:00,2,606,0.16666666666666666,,,False,False,2,0,462.48,0.0,0.004324552672826318,,496005961.0,stanford-crfm/levanter,Python
tests/test_audio.py,4,callable,ok,tests.test_audio.test_hf_audio_serial_cache,tests.test_audio.test_hf_audio_serial_cache,fbe27bc7f3591a6403fef3b2b6c805114e9215f4,2024-09-05T11:10:11-07:00,fbe27bc7f3591a6403fef3b2b6c805114e9215f4,2024-09-05T11:10:11-07:00,1,428,0.047619047619047616,,,False,False,1,0,284.49,0.0,0.003515057035665339,,496005961.0,stanford-crfm/levanter,Python
tests/test_audio.py,5,callable,ok,tests.test_audio.test_metadata_works,tests.test_audio.test_metadata_works,b41838f35b6ecda8cb9dbdd3c408e14bcb75b0ad,2024-10-03T22:57:36-07:00,b41838f35b6ecda8cb9dbdd3c408e14bcb75b0ad,2024-10-03T22:57:36-07:00,1,399,0.16666666666666666,,,False,False,1,0,256.0,0.0,0.003906263068913986,,496005961.0,stanford-crfm/levanter,Python
tests/test_audio.py,8,callable,ok,tests.test_audio.setup_module,tests.test_audio.setup_module,61eaf18b83aa9e4c76297acfe3d6e40e98258de9,2025-02-20T00:18:45-08:00,61eaf18b83aa9e4c76297acfe3d6e40e98258de9,2025-02-20T00:18:45-08:00,1,260,0.25,,,False,False,1,0,116.9,0.0,0.008554237778306037,,496005961.0,stanford-crfm/levanter,Python
tests/test_audio.py,9,callable,ok,tests.test_audio.teardown_module,tests.test_audio.teardown_module,61eaf18b83aa9e4c76297acfe3d6e40e98258de9,2025-02-20T00:18:45-08:00,61eaf18b83aa9e4c76297acfe3d6e40e98258de9,2025-02-20T00:18:45-08:00,1,260,0.5,,,False,False,1,0,116.9,0.0,0.008554237778306037,,496005961.0,stanford-crfm/levanter,Python
tests/test_background_iterable.py,0,callable,ok,tests.test_background_iterable.test_reentrancy,tests.test_background_iterable.test_reentrancy,abd4d2fe4b280480c3af4f15426d17fb0030060a,2023-07-26T21:53:55-07:00,5c185573fce7c16769add7758f95bbfc5fbeb84b,2024-09-11T20:46:17-07:00,2,834,0.16666666666666666,,,False,False,2,0,691.04,0.0,0.0028941743636547172,,496005961.0,stanford-crfm/levanter,Python
tests/test_background_iterable.py,1,callable,ok,tests.test_background_iterable.test_empty_iteration,tests.test_background_iterable.test_empty_iteration,abd4d2fe4b280480c3af4f15426d17fb0030060a,2023-07-26T21:53:55-07:00,5c185573fce7c16769add7758f95bbfc5fbeb84b,2024-09-11T20:46:17-07:00,2,834,0.2222222222222222,,,False,False,2,0,691.04,0.0,0.0028941743636547172,,496005961.0,stanford-crfm/levanter,Python
tests/test_background_iterable.py,2,callable,ok,tests.test_background_iterable.test_exception_handling,tests.test_background_iterable.test_exception_handling,abd4d2fe4b280480c3af4f15426d17fb0030060a,2023-07-26T21:53:55-07:00,5c185573fce7c16769add7758f95bbfc5fbeb84b,2024-09-11T20:46:17-07:00,2,834,0.16666666666666666,,,False,False,2,0,691.04,0.0,0.0028941743636547172,,496005961.0,stanford-crfm/levanter,Python
tests/test_background_iterable.py,3,callable,ok,tests.test_background_iterable.test_stop_event,tests.test_background_iterable.test_stop_event,abd4d2fe4b280480c3af4f15426d17fb0030060a,2023-07-26T21:53:55-07:00,5c185573fce7c16769add7758f95bbfc5fbeb84b,2024-09-11T20:46:17-07:00,2,834,0.1,,,False,False,2,0,691.04,0.0,0.0028941743636547172,,496005961.0,stanford-crfm/levanter,Python
tests/test_background_iterable.py,4,callable,ok,tests.test_background_iterable.test_async_reentrancy,tests.test_background_iterable.test_async_reentrancy,fbe27bc7f3591a6403fef3b2b6c805114e9215f4,2024-09-05T11:10:11-07:00,5c185573fce7c16769add7758f95bbfc5fbeb84b,2024-09-11T20:46:17-07:00,2,428,0.11764705882352941,,,False,False,2,0,284.49,0.0,0.007030114071330678,,496005961.0,stanford-crfm/levanter,Python
tests/test_background_iterable.py,5,callable,ok,tests.test_background_iterable.test_async_empty_iteration,tests.test_background_iterable.test_async_empty_iteration,fbe27bc7f3591a6403fef3b2b6c805114e9215f4,2024-09-05T11:10:11-07:00,5c185573fce7c16769add7758f95bbfc5fbeb84b,2024-09-11T20:46:17-07:00,2,428,0.2,,,False,False,2,0,284.49,0.0,0.007030114071330678,,496005961.0,stanford-crfm/levanter,Python
tests/test_background_iterable.py,6,callable,ok,tests.test_background_iterable.test_async_exception_handling,tests.test_background_iterable.test_async_exception_handling,fbe27bc7f3591a6403fef3b2b6c805114e9215f4,2024-09-05T11:10:11-07:00,5c185573fce7c16769add7758f95bbfc5fbeb84b,2024-09-11T20:46:17-07:00,2,428,0.2,,,False,False,2,0,284.49,0.0,0.007030114071330678,,496005961.0,stanford-crfm/levanter,Python
tests/test_background_iterable.py,7,callable,ok,tests.test_background_iterable.test_async_stop_event,tests.test_background_iterable.test_async_stop_event,fbe27bc7f3591a6403fef3b2b6c805114e9215f4,2024-09-05T11:10:11-07:00,5c185573fce7c16769add7758f95bbfc5fbeb84b,2024-09-11T20:46:17-07:00,2,428,0.1,,,False,False,2,0,284.49,0.0,0.007030114071330678,,496005961.0,stanford-crfm/levanter,Python
tests/test_distributed.py,0,callable,ok,tests.test_distributed.test_square_brace_expand,tests.test_distributed.test_square_brace_expand,3081c76f005b67b1e523c25f79676a37766f6798,2023-11-29T21:37:49-08:00,3081c76f005b67b1e523c25f79676a37766f6798,2023-11-29T21:37:49-08:00,1,708,0.047619047619047616,,,False,False,1,0,565.01,0.0,0.0017698711515365525,,496005961.0,stanford-crfm/levanter,Python
tests/test_eval_lm.py,1,callable,ok,tests.test_eval_lm.setup_module,tests.test_eval_lm.setup_module,0f7b97a7b409a20e67389b0d8261b7cee5f1235d,2023-07-20T00:22:14-07:00,4885fdec215fc52035319d8f177a9ac57bb24895,2023-07-25T13:59:43-04:00,2,5,0.6666666666666666,,,True,False,2,0,697.94,0.0,0.0028655743168125897,,496005961.0,stanford-crfm/levanter,Python
tests/test_eval_lm.py,2,callable,ok,tests.test_eval_lm.teardown_module,tests.test_eval_lm.teardown_module,0f7b97a7b409a20e67389b0d8261b7cee5f1235d,2023-07-20T00:22:14-07:00,0f7b97a7b409a20e67389b0d8261b7cee5f1235d,2023-07-20T00:22:14-07:00,1,0,0.5,,,True,False,1,0,697.94,0.0,0.0014327871584062948,,496005961.0,stanford-crfm/levanter,Python
tests/test_eval_lm.py,0,callable,ok,tests.test_eval_lm.test_eval_lm,tests.test_eval_lm.test_eval_lm,5d9623431bf49cdc3e2c59d1722998966af6c6c3,2023-07-17T16:04:54-07:00,4ad49844904354c7c850f62242e39f092dcc70af,2025-10-01T10:18:36-07:00,10,843,0.24390243902439024,1.5177423066224676,,False,False,7,3,700.29,106.47,0.009995919655019128,0.028175952737448166,496005961.0,stanford-crfm/levanter,Python
tests/test_eval_lm.py,3,callable,ok,tests.test_eval_lm.test_eval_lm_from_hf,tests.test_eval_lm.test_eval_lm_from_hf,880de336e39090ff4c0ffa103df83c5a2af828d9,2024-06-26T01:17:16+09:00,4ad49844904354c7c850f62242e39f092dcc70af,2025-10-01T10:18:36-07:00,7,500,0.17073170731707318,1.7201124514207917,,False,False,4,3,356.57,106.47,0.011218030803232429,0.028175952737448166,496005961.0,stanford-crfm/levanter,Python
tests/test_export_to_hf.py,0,callable,ok,tests.test_export_to_hf.test_export_lm_to_hf,tests.test_export_to_hf.test_export_lm_to_hf,3a1d710e9f3df835a49a260fe8ee3e28aea3f0af,2023-09-10T00:15:02-07:00,c47430585e68e26e1e881e7346c0981da7a9bcdb,2025-09-25T15:16:54-07:00,7,789,0.16666666666666666,1.135698097198415,,False,False,6,1,645.95,100.68,0.009288711205654646,0.009932367931694738,496005961.0,stanford-crfm/levanter,Python
tests/test_flash_attention.py,0,callable,ok,tests.test_flash_attention.test_flash_attention_acausal,tests.test_flash_attention.test_flash_attention_acausal,f72a4c9018b90344dce56c25b39b69ee100f63a8,2023-08-14T15:35:58-07:00,57bbadff24ae47a42d0cf0c4f9032b5e672a0bb3,2024-05-21T23:35:24-07:00,2,815,0.14285714285714285,,,False,False,2,0,672.31,0.0,0.002974836600902119,,496005961.0,stanford-crfm/levanter,Python
tests/test_flash_attention.py,1,callable,ok,tests.test_flash_attention.test_flash_attention_causal_mask,tests.test_flash_attention.test_flash_attention_causal_mask,f72a4c9018b90344dce56c25b39b69ee100f63a8,2023-08-14T15:35:58-07:00,57bbadff24ae47a42d0cf0c4f9032b5e672a0bb3,2024-05-21T23:35:24-07:00,3,815,0.15,0.8092961159278738,,False,False,3,0,672.31,0.0,0.004462254901353178,,496005961.0,stanford-crfm/levanter,Python
tests/test_flash_attention.py,2,callable,ok,tests.test_flash_attention.test_grad_attention,tests.test_flash_attention.test_grad_attention,f72a4c9018b90344dce56c25b39b69ee100f63a8,2023-08-14T15:35:58-07:00,57bbadff24ae47a42d0cf0c4f9032b5e672a0bb3,2024-05-21T23:35:24-07:00,5,815,0.16666666666666666,1.2396496911372645,,False,False,5,0,672.31,0.0,0.007437091502255298,,496005961.0,stanford-crfm/levanter,Python
tests/test_flash_attention.py,3,callable,ok,tests.test_flash_attention.test_fa_dropout_does_something,tests.test_flash_attention.test_fa_dropout_does_something,f72a4c9018b90344dce56c25b39b69ee100f63a8,2023-08-14T15:35:58-07:00,43d11b724e8c2076effb74781f0db85d97c81f35,2024-03-07T20:57:51-08:00,2,815,0.08333333333333333,,,False,False,2,0,672.31,0.0,0.002974836600902119,,496005961.0,stanford-crfm/levanter,Python
tests/test_flash_attention.py,4,callable,ok,tests.test_flash_attention.test_grad_group_query_attention,tests.test_flash_attention.test_grad_group_query_attention,c1e7b24aa47e073af0aa48606581f817b59e1b45,2024-02-03T11:05:53-08:00,57bbadff24ae47a42d0cf0c4f9032b5e672a0bb3,2024-05-21T23:35:24-07:00,4,642,0.12121212121212122,1.0078675483507413,,False,False,4,0,499.45,0.0,0.008008782037358605,,496005961.0,stanford-crfm/levanter,Python
tests/test_flash_attention.py,5,callable,ok,tests.test_flash_attention.test_tpu_flash_attention,tests.test_flash_attention.test_tpu_flash_attention,2516d06be6fec2ff5660f144649a9f5f577b06e9,2024-04-26T14:28:21-07:00,4ad49844904354c7c850f62242e39f092dcc70af,2025-10-01T10:18:36-07:00,5,559,0.10869565217391304,1.0222163787289404,,False,False,3,2,416.35,106.47,0.007205427888858832,0.01878396849163211,496005961.0,stanford-crfm/levanter,Python
tests/test_fsspec_safetensor.py,0,class,ok,tests.test_fsspec_safetensor._InMemoryAsyncFS,tests.test_fsspec_safetensor._InMemoryAsyncFS,10a4038ce305eb0100f1812958c2a8078b5a8a22,2025-10-17T22:52:59-07:00,10a4038ce305eb0100f1812958c2a8078b5a8a22,2025-10-17T22:52:59-07:00,1,20,0.1111111111111111,,,False,False,0,1,0.0,123.0,,0.00813023660400017,496005961.0,stanford-crfm/levanter,Python
tests/test_fsspec_safetensor.py,0,callable,ok,tests.test_fsspec_safetensor.test_read_safetensors_fsspec_roundtrip,tests.test_fsspec_safetensor.test_read_safetensors_fsspec_roundtrip,10a4038ce305eb0100f1812958c2a8078b5a8a22,2025-10-17T22:52:59-07:00,10a4038ce305eb0100f1812958c2a8078b5a8a22,2025-10-17T22:52:59-07:00,1,20,0.05263157894736842,,,False,False,0,1,0.0,123.0,,0.00813023660400017,496005961.0,stanford-crfm/levanter,Python
tests/test_fsspec_safetensor.py,1,callable,ok,tests.test_fsspec_safetensor.test_load_from_remote_file_url,tests.test_fsspec_safetensor.test_load_from_remote_file_url,10a4038ce305eb0100f1812958c2a8078b5a8a22,2025-10-17T22:52:59-07:00,10a4038ce305eb0100f1812958c2a8078b5a8a22,2025-10-17T22:52:59-07:00,1,20,0.023809523809523808,,,False,False,0,1,0.0,123.0,,0.00813023660400017,496005961.0,stanford-crfm/levanter,Python
tests/test_fsspec_safetensor.py,2,callable,ok,tests.test_fsspec_safetensor.test_dtype_override,tests.test_fsspec_safetensor.test_dtype_override,10a4038ce305eb0100f1812958c2a8078b5a8a22,2025-10-17T22:52:59-07:00,10a4038ce305eb0100f1812958c2a8078b5a8a22,2025-10-17T22:52:59-07:00,1,20,0.043478260869565216,,,False,False,0,1,0.0,123.0,,0.00813023660400017,496005961.0,stanford-crfm/levanter,Python
tests/test_fsspec_safetensor.py,3,callable,ok,tests.test_fsspec_safetensor._InMemoryAsyncFS.__init__,tests.test_fsspec_safetensor._InMemoryAsyncFS.__init__,10a4038ce305eb0100f1812958c2a8078b5a8a22,2025-10-17T22:52:59-07:00,10a4038ce305eb0100f1812958c2a8078b5a8a22,2025-10-17T22:52:59-07:00,1,20,0.3333333333333333,,,False,False,0,1,0.0,123.0,,0.00813023660400017,496005961.0,stanford-crfm/levanter,Python
tests/test_fsspec_safetensor.py,4,callable,ok,tests.test_fsspec_safetensor._InMemoryAsyncFS._cat_file,tests.test_fsspec_safetensor._InMemoryAsyncFS._cat_file,10a4038ce305eb0100f1812958c2a8078b5a8a22,2025-10-17T22:52:59-07:00,10a4038ce305eb0100f1812958c2a8078b5a8a22,2025-10-17T22:52:59-07:00,1,20,0.25,,,False,False,0,1,0.0,123.0,,0.00813023660400017,496005961.0,stanford-crfm/levanter,Python
tests/test_gdn_layer.py,0,callable,ok,tests.test_gdn_layer._np,tests.test_gdn_layer._np,ec023bfbe0e7e6613180045d5aff3c09f7286835,2025-10-18T06:36:36-07:00,ec023bfbe0e7e6613180045d5aff3c09f7286835,2025-10-18T06:36:36-07:00,1,20,0.5,,,False,False,0,1,0.0,123.32,,0.008109010631250812,496005961.0,stanford-crfm/levanter,Python
tests/test_gdn_layer.py,1,callable,ok,tests.test_gdn_layer._init_small_hf_layer,tests.test_gdn_layer._init_small_hf_layer,ec023bfbe0e7e6613180045d5aff3c09f7286835,2025-10-18T06:36:36-07:00,ec023bfbe0e7e6613180045d5aff3c09f7286835,2025-10-18T06:36:36-07:00,1,20,0.05263157894736842,,,False,False,0,1,0.0,123.32,,0.008109010631250812,496005961.0,stanford-crfm/levanter,Python
tests/test_gdn_layer.py,2,callable,ok,tests.test_gdn_layer._init_small_hf_layer_with_linear_only,tests.test_gdn_layer._init_small_hf_layer_with_linear_only,ec023bfbe0e7e6613180045d5aff3c09f7286835,2025-10-18T06:36:36-07:00,ec023bfbe0e7e6613180045d5aff3c09f7286835,2025-10-18T06:36:36-07:00,1,20,0.047619047619047616,,,False,False,0,1,0.0,123.32,,0.008109010631250812,496005961.0,stanford-crfm/levanter,Python
tests/test_gdn_layer.py,3,callable,ok,tests.test_gdn_layer._init_small_lev_layer,tests.test_gdn_layer._init_small_lev_layer,ec023bfbe0e7e6613180045d5aff3c09f7286835,2025-10-18T06:36:36-07:00,ec023bfbe0e7e6613180045d5aff3c09f7286835,2025-10-18T06:36:36-07:00,1,20,0.14285714285714285,,,False,False,0,1,0.0,123.32,,0.008109010631250812,496005961.0,stanford-crfm/levanter,Python
tests/test_gdn_layer.py,4,callable,ok,tests.test_gdn_layer._lev_state_from_hf_layer,tests.test_gdn_layer._lev_state_from_hf_layer,ec023bfbe0e7e6613180045d5aff3c09f7286835,2025-10-18T06:36:36-07:00,ec023bfbe0e7e6613180045d5aff3c09f7286835,2025-10-18T06:36:36-07:00,1,20,0.045454545454545456,,,False,False,0,1,0.0,123.32,,0.008109010631250812,496005961.0,stanford-crfm/levanter,Python
tests/test_gdn_layer.py,5,callable,ok,tests.test_gdn_layer.test_layer_streaming_decode_matches_one_shot_prefill,tests.test_gdn_layer.test_layer_streaming_decode_matches_one_shot_prefill,ec023bfbe0e7e6613180045d5aff3c09f7286835,2025-10-18T06:36:36-07:00,ec023bfbe0e7e6613180045d5aff3c09f7286835,2025-10-18T06:36:36-07:00,1,20,0.02702702702702703,,,False,False,0,1,0.0,123.32,,0.008109010631250812,496005961.0,stanford-crfm/levanter,Python
tests/test_gdn_layer.py,6,callable,ok,tests.test_gdn_layer.test_layer_masking_trailing_zeros_equivalence,tests.test_gdn_layer.test_layer_masking_trailing_zeros_equivalence,ec023bfbe0e7e6613180045d5aff3c09f7286835,2025-10-18T06:36:36-07:00,ec023bfbe0e7e6613180045d5aff3c09f7286835,2025-10-18T06:36:36-07:00,1,20,0.034482758620689655,,,False,False,0,1,0.0,123.32,,0.008109010631250812,496005961.0,stanford-crfm/levanter,Python
tests/test_gdn_layer.py,7,callable,ok,tests.test_gdn_layer.test_layer_chunk_size_invariance,tests.test_gdn_layer.test_layer_chunk_size_invariance,ec023bfbe0e7e6613180045d5aff3c09f7286835,2025-10-18T06:36:36-07:00,ec023bfbe0e7e6613180045d5aff3c09f7286835,2025-10-18T06:36:36-07:00,1,20,0.047619047619047616,,,False,False,0,1,0.0,123.32,,0.008109010631250812,496005961.0,stanford-crfm/levanter,Python
tests/test_gdn_layer.py,8,callable,ok,tests.test_gdn_layer.test_layer_gradients_exist,tests.test_gdn_layer.test_layer_gradients_exist,ec023bfbe0e7e6613180045d5aff3c09f7286835,2025-10-18T06:36:36-07:00,ec023bfbe0e7e6613180045d5aff3c09f7286835,2025-10-18T06:36:36-07:00,1,20,0.04,,,False,False,0,1,0.0,123.32,,0.008109010631250812,496005961.0,stanford-crfm/levanter,Python
tests/test_gdn_layer.py,9,callable,ok,tests.test_gdn_layer.test_gdn_layer_matches_hf_prefill,tests.test_gdn_layer.test_gdn_layer_matches_hf_prefill,ec023bfbe0e7e6613180045d5aff3c09f7286835,2025-10-18T06:36:36-07:00,ec023bfbe0e7e6613180045d5aff3c09f7286835,2025-10-18T06:36:36-07:00,1,20,0.01818181818181818,,,False,False,0,1,0.0,123.32,,0.008109010631250812,496005961.0,stanford-crfm/levanter,Python
tests/test_gdn_layer.py,10,callable,ok,tests.test_gdn_layer.test_gdn_layer_decode_matches_hf_one_step,tests.test_gdn_layer.test_gdn_layer_decode_matches_hf_one_step,ec023bfbe0e7e6613180045d5aff3c09f7286835,2025-10-18T06:36:36-07:00,ec023bfbe0e7e6613180045d5aff3c09f7286835,2025-10-18T06:36:36-07:00,1,20,0.017241379310344827,,,False,False,0,1,0.0,123.32,,0.008109010631250812,496005961.0,stanford-crfm/levanter,Python
tests/test_gdn_layer.py,11,callable,ok,tests.test_gdn_layer.test_depthwise_conv_update_equivalence,tests.test_gdn_layer.test_depthwise_conv_update_equivalence,ec023bfbe0e7e6613180045d5aff3c09f7286835,2025-10-18T06:36:36-07:00,ec023bfbe0e7e6613180045d5aff3c09f7286835,2025-10-18T06:36:36-07:00,1,20,0.038461538461538464,,,False,False,0,1,0.0,123.32,,0.008109010631250812,496005961.0,stanford-crfm/levanter,Python
tests/test_gdn_layer.py,12,callable,ok,tests.test_gdn_layer.test_ratio_equal_one_and_greater_than_one,tests.test_gdn_layer.test_ratio_equal_one_and_greater_than_one,ec023bfbe0e7e6613180045d5aff3c09f7286835,2025-10-18T06:36:36-07:00,ec023bfbe0e7e6613180045d5aff3c09f7286835,2025-10-18T06:36:36-07:00,1,20,0.02857142857142857,,,False,False,0,1,0.0,123.32,,0.008109010631250812,496005961.0,stanford-crfm/levanter,Python
tests/test_gdn_layer.py,13,callable,ok,tests.test_gdn_layer.test_linear_mask_zeroes_padded_tokens_prefill,tests.test_gdn_layer.test_linear_mask_zeroes_padded_tokens_prefill,ec023bfbe0e7e6613180045d5aff3c09f7286835,2025-10-18T06:36:36-07:00,ec023bfbe0e7e6613180045d5aff3c09f7286835,2025-10-18T06:36:36-07:00,1,20,0.02564102564102564,,,False,False,0,1,0.0,123.32,,0.008109010631250812,496005961.0,stanford-crfm/levanter,Python
tests/test_grad_accum.py,0,class,ok,tests.test_grad_accum.Mlp,tests.test_grad_accum.Mlp,d502a9ff6836582a8a5ba4bc741e65079feff8c4,2023-09-22T12:22:09-07:00,d502a9ff6836582a8a5ba4bc741e65079feff8c4,2023-09-22T12:22:09-07:00,1,776,0.045454545454545456,,,False,False,1,0,633.44,0.0,0.001578680417947601,,496005961.0,stanford-crfm/levanter,Python
tests/test_grad_accum.py,0,callable,ok,tests.test_grad_accum.test_accumulate_gradients_sharded,tests.test_grad_accum.test_accumulate_gradients_sharded,d502a9ff6836582a8a5ba4bc741e65079feff8c4,2023-09-22T12:22:09-07:00,d502a9ff6836582a8a5ba4bc741e65079feff8c4,2023-09-22T12:22:09-07:00,1,776,0.02702702702702703,,,False,False,1,0,633.44,0.0,0.001578680417947601,,496005961.0,stanford-crfm/levanter,Python
tests/test_grad_accum.py,1,callable,ok,tests.test_grad_accum.Mlp.init,tests.test_grad_accum.Mlp.init,d502a9ff6836582a8a5ba4bc741e65079feff8c4,2023-09-22T12:22:09-07:00,d502a9ff6836582a8a5ba4bc741e65079feff8c4,2023-09-22T12:22:09-07:00,1,776,0.25,,,False,False,1,0,633.44,0.0,0.001578680417947601,,496005961.0,stanford-crfm/levanter,Python
tests/test_grad_accum.py,2,callable,ok,tests.test_grad_accum.Mlp.__call__,tests.test_grad_accum.Mlp.__call__,d502a9ff6836582a8a5ba4bc741e65079feff8c4,2023-09-22T12:22:09-07:00,d502a9ff6836582a8a5ba4bc741e65079feff8c4,2023-09-22T12:22:09-07:00,1,776,0.2,,,False,False,1,0,633.44,0.0,0.001578680417947601,,496005961.0,stanford-crfm/levanter,Python
tests/test_hf_gpt2_serialize.py,2,callable,ok,tests.test_hf_gpt2_serialize.test_hf_gpt2_medium_roundtrip,tests.test_hf_gpt2_serialize.test_hf_gpt2_medium_roundtrip,04484dbb2bc19fb069cfaf75ca12c4a52be7bf61,2022-08-16T20:21:28-07:00,04484dbb2bc19fb069cfaf75ca12c4a52be7bf61,2022-08-16T20:21:28-07:00,1,0,0.5,,,True,False,1,0,1035.11,0.0,0.0009660831680872675,,496005961.0,stanford-crfm/levanter,Python
tests/test_hf_gpt2_serialize.py,0,callable,ok,tests.test_hf_gpt2_serialize.has_torch,tests.test_hf_gpt2_serialize.has_torch,553bdd89890b01d277aa1bd8163162af970a1650,2022-08-11T09:55:36-07:00,5146805758733cfbc0098c68409ea7111693401b,2022-08-11T10:25:36-07:00,2,0,0.2857142857142857,,,True,False,2,0,1040.54,0.0,0.0019220748584533132,,496005961.0,stanford-crfm/levanter,Python
tests/test_hf_gpt2_serialize.py,7,callable,ok,tests.test_hf_gpt2_serialize._rand_input,tests.test_hf_gpt2_serialize._rand_input,785578ea30ab4a4f6246055d0cbd8361659c4937,2022-10-14T10:54:50-07:00,785578ea30ab4a4f6246055d0cbd8361659c4937,2022-10-14T10:54:50-07:00,1,0,0.5,,,True,False,1,0,976.5,0.0,0.0010240644235136002,,496005961.0,stanford-crfm/levanter,Python
tests/test_hf_gpt2_serialize.py,1,callable,ok,tests.test_hf_gpt2_serialize.test_hf_gpt2_roundtrip,tests.test_hf_gpt2_serialize.test_hf_gpt2_roundtrip,553bdd89890b01d277aa1bd8163162af970a1650,2022-08-11T09:55:36-07:00,04484dbb2bc19fb069cfaf75ca12c4a52be7bf61,2022-08-16T20:21:28-07:00,3,1184,1.5,0.14809673938704007,,False,False,3,0,1040.54,0.0,0.00288311228767997,,496005961.0,stanford-crfm/levanter,Python
tests/test_hf_gpt2_serialize.py,3,callable,ok,tests.test_hf_gpt2_serialize.test_mistral_gpt2_roundtrip,tests.test_hf_gpt2_serialize.test_mistral_gpt2_roundtrip,04484dbb2bc19fb069cfaf75ca12c4a52be7bf61,2022-08-16T20:21:28-07:00,2135fa40f4796a79bd49bad40bd7520caa902e35,2022-08-29T15:41:41-07:00,2,1178,1.0,,,False,False,2,0,1035.11,0.0,0.001932166336174535,,496005961.0,stanford-crfm/levanter,Python
tests/test_hf_gpt2_serialize.py,4,callable,ok,tests.test_hf_gpt2_serialize._roundtrip_compare_gpt2_checkpoint,tests.test_hf_gpt2_serialize._roundtrip_compare_gpt2_checkpoint,04484dbb2bc19fb069cfaf75ca12c4a52be7bf61,2022-08-16T20:21:28-07:00,ea4ea25e40814f3761b16f58074e5bfe3f1b0599,2024-09-04T10:12:20-07:00,17,1178,0.3333333333333333,3.2610129579548515,,False,False,17,0,1035.11,0.0,0.016423413857483547,,496005961.0,stanford-crfm/levanter,Python
tests/test_hf_gpt2_serialize.py,5,callable,ok,tests.test_hf_gpt2_serialize.test_hf_gradient,tests.test_hf_gpt2_serialize.test_hf_gradient,10e195bffbb0c0fe1613c6aff0460cc908c491d5,2022-10-14T10:51:21-07:00,10e195bffbb0c0fe1613c6aff0460cc908c491d5,2022-10-14T10:51:21-07:00,1,1120,0.5,,,False,False,1,0,976.5,0.0,0.0010240618867147894,,496005961.0,stanford-crfm/levanter,Python
tests/test_hf_gpt2_serialize.py,6,callable,ok,tests.test_hf_gpt2_serialize._compare_gpt2_checkpoint_gradients,tests.test_hf_gpt2_serialize._compare_gpt2_checkpoint_gradients,10e195bffbb0c0fe1613c6aff0460cc908c491d5,2022-10-14T10:51:21-07:00,578fb5b9d78c74703ffbbf68d86d3b7f04c102fc,2024-12-02T22:31:37-08:00,23,1120,0.3150684931506849,3.50250067142945,,False,False,23,0,976.5,0.0,0.023553423394440155,,496005961.0,stanford-crfm/levanter,Python
tests/test_hf_gpt2_serialize.py,8,callable,ok,tests.test_hf_gpt2_serialize.test_hf_save_to_fs_spec,tests.test_hf_gpt2_serialize.test_hf_save_to_fs_spec,2f2459ebb8f4b4ee50d8107f05cd5cc976af6220,2023-03-02T12:16:18-08:00,153ec2e4cfbe14da3874020aa29c5e8f97883821,2025-10-01T14:54:28-07:00,7,980,0.30434782608695654,1.7640555468997958,,False,False,5,2,837.4,106.67,0.005970842056245222,0.018750231936462757,496005961.0,stanford-crfm/levanter,Python
tests/test_hf_gpt2_serialize.py,9,callable,ok,tests.test_hf_gpt2_serialize.test_hf_gpt2_roundtrip_fa,tests.test_hf_gpt2_serialize.test_hf_gpt2_roundtrip_fa,f72a4c9018b90344dce56c25b39b69ee100f63a8,2023-08-14T15:35:58-07:00,f72a4c9018b90344dce56c25b39b69ee100f63a8,2023-08-14T15:35:58-07:00,1,815,0.2,,,False,False,1,0,672.31,0.0,0.0014874183004510595,,496005961.0,stanford-crfm/levanter,Python
tests/test_hf_gpt2_serialize.py,10,callable,ok,tests.test_hf_gpt2_serialize.test_hf_gradient_fa,tests.test_hf_gpt2_serialize.test_hf_gradient_fa,f72a4c9018b90344dce56c25b39b69ee100f63a8,2023-08-14T15:35:58-07:00,f72a4c9018b90344dce56c25b39b69ee100f63a8,2023-08-14T15:35:58-07:00,1,815,0.16666666666666666,,,False,False,1,0,672.31,0.0,0.0014874183004510595,,496005961.0,stanford-crfm/levanter,Python
tests/test_hf_gpt2_serialize.py,11,callable,ok,tests.test_hf_gpt2_serialize.test_hf_save_to_gcs_roundtrip,tests.test_hf_gpt2_serialize.test_hf_save_to_gcs_roundtrip,10a4038ce305eb0100f1812958c2a8078b5a8a22,2025-10-17T22:52:59-07:00,10a4038ce305eb0100f1812958c2a8078b5a8a22,2025-10-17T22:52:59-07:00,1,20,0.022727272727272728,,,False,False,0,1,0.0,123.0,,0.00813023660400017,496005961.0,stanford-crfm/levanter,Python
tests/test_hf_utils.py,0,callable,ok,tests.test_hf_utils.test_load_tokenizer_in_memory_fs,tests.test_hf_utils.test_load_tokenizer_in_memory_fs,5977d31aead25ad9e6ad588c8eed8c8229556adb,2023-02-25T22:38:43-08:00,532099fcb2e6085617db9b3a0130e534422bb830,2025-03-26T21:43:24-07:00,2,985,0.1111111111111111,,,False,False,2,0,841.97,0.0,0.0023753798803592087,,496005961.0,stanford-crfm/levanter,Python
tests/test_hf_utils.py,1,callable,ok,tests.test_hf_utils.test_byte_length_of_token,tests.test_hf_utils.test_byte_length_of_token,07b3f1639ec4b2f05779733109a2906378e1af5a,2024-09-17T22:28:09-07:00,23ac6d3c178514d33196077525cfde372fe2c4b6,2025-07-22T23:04:06-07:00,4,415,0.1111111111111111,0.3871550478616812,,False,False,1,3,272.02,36.01,0.003676205754002352,0.08332090377464267,496005961.0,stanford-crfm/levanter,Python
tests/test_hf_utils.py,2,callable,ok,tests.test_hf_utils.test_byte_length_of_token_multi,tests.test_hf_utils.test_byte_length_of_token_multi,07b3f1639ec4b2f05779733109a2906378e1af5a,2024-09-17T22:28:09-07:00,23ac6d3c178514d33196077525cfde372fe2c4b6,2025-07-22T23:04:06-07:00,4,415,0.36363636363636365,0.3871550478616812,,False,False,1,3,272.02,36.01,0.003676205754002352,0.08332090377464267,496005961.0,stanford-crfm/levanter,Python
tests/test_hf_utils.py,3,callable,ok,tests.test_hf_utils.test_byte_length_of_token_gpt2,tests.test_hf_utils.test_byte_length_of_token_gpt2,07b3f1639ec4b2f05779733109a2906378e1af5a,2024-09-17T22:28:09-07:00,07b3f1639ec4b2f05779733109a2906378e1af5a,2024-09-17T22:28:09-07:00,1,415,0.14285714285714285,,,False,False,1,0,272.02,0.0,0.003676205754002352,,496005961.0,stanford-crfm/levanter,Python
tests/test_hyena.py,0,callable,ok,tests.test_hyena.test_causality,tests.test_hyena.test_causality,c136d3e66decca7a58a0f41cb03323064f4c2232,2025-03-27T21:45:34-07:00,c136d3e66decca7a58a0f41cb03323064f4c2232,2025-03-27T21:45:34-07:00,1,224,0.0196078431372549,,,False,False,1,0,81.05,0.0,0.012338189781922497,,496005961.0,stanford-crfm/levanter,Python
tests/test_jagged_array.py,0,class,ok,tests.test_jagged_array.TestJaggedArrayStore,tests.test_jagged_array.TestJaggedArrayStore,fbe27bc7f3591a6403fef3b2b6c805114e9215f4,2024-09-05T11:10:11-07:00,adf4b6d46545f1f95b5eba41dfddcaec68b553c4,2024-10-10T10:53:08-05:00,3,34,0.018292682926829267,0.6882001456411879,,True,False,3,0,284.49,0.0,0.010545171106996017,,496005961.0,stanford-crfm/levanter,Python
tests/test_jagged_array.py,5,callable,ok,tests.test_jagged_array.test_trim_to_size,tests.test_jagged_array.test_trim_to_size_sync,fbe27bc7f3591a6403fef3b2b6c805114e9215f4,2024-09-05T11:10:11-07:00,b41838f35b6ecda8cb9dbdd3c408e14bcb75b0ad,2024-10-03T22:57:36-07:00,2,28,0.06896551724137931,,,True,True,2,0,284.49,0.0,0.007030114071330678,,496005961.0,stanford-crfm/levanter,Python
tests/test_jagged_array.py,20,callable,ok,tests.test_jagged_array.TestJaggedArrayStore.test_extend_with_prepared_batch_async,tests.test_jagged_array.test_extend_with_prepared_batch_async,adf4b6d46545f1f95b5eba41dfddcaec68b553c4,2024-10-10T10:53:08-05:00,6f6aaf0342b8eab15c382d4bb4b1e4b13492d0a0,2025-04-11T11:41:30-07:00,2,183,0.0625,,,True,True,2,0,249.59,0.0,0.008013283501344868,,496005961.0,stanford-crfm/levanter,Python
tests/test_jagged_array.py,19,callable,ok,tests.test_jagged_array.TestJaggedArrayStore.test_extend_with_prepared_batch,tests.test_jagged_array.test_extend_with_prepared_batch,adf4b6d46545f1f95b5eba41dfddcaec68b553c4,2024-10-10T10:53:08-05:00,6f6aaf0342b8eab15c382d4bb4b1e4b13492d0a0,2025-04-11T11:41:30-07:00,2,183,0.0625,,,True,True,2,0,249.59,0.0,0.008013283501344868,,496005961.0,stanford-crfm/levanter,Python
tests/test_jagged_array.py,11,callable,ok,tests.test_jagged_array.TestJaggedArrayStore.test_append_and_get,tests.test_jagged_array.test_append_and_get,fbe27bc7f3591a6403fef3b2b6c805114e9215f4,2024-09-05T11:10:11-07:00,6f6aaf0342b8eab15c382d4bb4b1e4b13492d0a0,2025-04-11T11:41:30-07:00,3,218,0.17647058823529413,0.559302394682131,,True,True,3,0,284.49,0.0,0.010545171106996017,,496005961.0,stanford-crfm/levanter,Python
tests/test_jagged_array.py,12,callable,ok,tests.test_jagged_array.TestJaggedArrayStore.test_extend_with_multiple,tests.test_jagged_array.test_extend_with_multiple,fbe27bc7f3591a6403fef3b2b6c805114e9215f4,2024-09-05T11:10:11-07:00,6f6aaf0342b8eab15c382d4bb4b1e4b13492d0a0,2025-04-11T11:41:30-07:00,3,218,0.1875,0.559302394682131,,True,True,3,0,284.49,0.0,0.010545171106996017,,496005961.0,stanford-crfm/levanter,Python
tests/test_jagged_array.py,15,callable,ok,tests.test_jagged_array.TestJaggedArrayStore.test_append_multi_rank,tests.test_jagged_array.test_append_multi_rank,fbe27bc7f3591a6403fef3b2b6c805114e9215f4,2024-09-05T11:10:11-07:00,6f6aaf0342b8eab15c382d4bb4b1e4b13492d0a0,2025-04-11T11:41:30-07:00,3,218,0.17647058823529413,0.559302394682131,,True,True,3,0,284.49,0.0,0.010545171106996017,,496005961.0,stanford-crfm/levanter,Python
tests/test_jagged_array.py,14,callable,ok,tests.test_jagged_array.TestJaggedArrayStore.test_append_single_rank,tests.test_jagged_array.test_append_single_rank,fbe27bc7f3591a6403fef3b2b6c805114e9215f4,2024-09-05T11:10:11-07:00,6f6aaf0342b8eab15c382d4bb4b1e4b13492d0a0,2025-04-11T11:41:30-07:00,3,218,0.2727272727272727,0.559302394682131,,True,True,3,0,284.49,0.0,0.010545171106996017,,496005961.0,stanford-crfm/levanter,Python
tests/test_jagged_array.py,16,callable,ok,tests.test_jagged_array.TestJaggedArrayStore.test_getitem_out_of_bounds,tests.test_jagged_array.test_getitem_out_of_bounds,fbe27bc7f3591a6403fef3b2b6c805114e9215f4,2024-09-05T11:10:11-07:00,6f6aaf0342b8eab15c382d4bb4b1e4b13492d0a0,2025-04-11T11:41:30-07:00,2,218,0.2222222222222222,,,True,True,2,0,284.49,0.0,0.007030114071330678,,496005961.0,stanford-crfm/levanter,Python
tests/test_jagged_array.py,13,callable,ok,tests.test_jagged_array.TestJaggedArrayStore.test_append_error,tests.test_jagged_array.test_append_error,fbe27bc7f3591a6403fef3b2b6c805114e9215f4,2024-09-05T11:10:11-07:00,6f6aaf0342b8eab15c382d4bb4b1e4b13492d0a0,2025-04-11T11:41:30-07:00,2,218,0.4,,,True,True,2,0,284.49,0.0,0.007030114071330678,,496005961.0,stanford-crfm/levanter,Python
tests/test_jagged_array.py,17,callable,ok,tests.test_jagged_array.TestJaggedArrayStore.test_step_slicing,tests.test_jagged_array.test_step_slicing,fbe27bc7f3591a6403fef3b2b6c805114e9215f4,2024-09-05T11:10:11-07:00,6f6aaf0342b8eab15c382d4bb4b1e4b13492d0a0,2025-04-11T11:41:30-07:00,2,218,0.3333333333333333,,,True,True,2,0,284.49,0.0,0.007030114071330678,,496005961.0,stanford-crfm/levanter,Python
tests/test_jagged_array.py,0,callable,ok,tests.test_jagged_array.create_builder_with_data,tests.test_jagged_array.create_builder_with_data,fbe27bc7f3591a6403fef3b2b6c805114e9215f4,2024-09-05T11:10:11-07:00,b41838f35b6ecda8cb9dbdd3c408e14bcb75b0ad,2024-10-03T22:57:36-07:00,2,428,0.1111111111111111,,,False,False,2,0,284.49,0.0,0.007030114071330678,,496005961.0,stanford-crfm/levanter,Python
tests/test_jagged_array.py,1,callable,ok,tests.test_jagged_array.create_builder_with_data_sync,tests.test_jagged_array.create_builder_with_data_sync,fbe27bc7f3591a6403fef3b2b6c805114e9215f4,2024-09-05T11:10:11-07:00,b41838f35b6ecda8cb9dbdd3c408e14bcb75b0ad,2024-10-03T22:57:36-07:00,2,428,0.1111111111111111,,,False,False,2,0,284.49,0.0,0.007030114071330678,,496005961.0,stanford-crfm/levanter,Python
tests/test_jagged_array.py,2,callable,ok,tests.test_jagged_array.test_trim_to_size_async,tests.test_jagged_array.test_trim_to_size_async,fbe27bc7f3591a6403fef3b2b6c805114e9215f4,2024-09-05T11:10:11-07:00,9fde0781a1737e088535c392cf239aba5e1143e2,2025-09-11T17:44:59-07:00,3,428,0.1111111111111111,0.977932718136435,,False,False,2,1,284.49,86.78,0.007030114071330678,0.011522893014339466,496005961.0,stanford-crfm/levanter,Python
tests/test_jagged_array.py,3,callable,ok,tests.test_jagged_array.test_trim_to_size_larger_than_current,tests.test_jagged_array.test_trim_to_size_larger_than_current,fbe27bc7f3591a6403fef3b2b6c805114e9215f4,2024-09-05T11:10:11-07:00,fbe27bc7f3591a6403fef3b2b6c805114e9215f4,2024-09-05T11:10:11-07:00,1,428,0.058823529411764705,,,False,False,1,0,284.49,0.0,0.003515057035665339,,496005961.0,stanford-crfm/levanter,Python
tests/test_jagged_array.py,4,callable,ok,tests.test_jagged_array.test_trim_to_size_with_shapes_async,tests.test_jagged_array.test_trim_to_size_with_shapes_async,fbe27bc7f3591a6403fef3b2b6c805114e9215f4,2024-09-05T11:10:11-07:00,b41838f35b6ecda8cb9dbdd3c408e14bcb75b0ad,2024-10-03T22:57:36-07:00,2,428,0.13333333333333333,,,False,False,2,0,284.49,0.0,0.007030114071330678,,496005961.0,stanford-crfm/levanter,Python
tests/test_jagged_array.py,6,callable,ok,tests.test_jagged_array.test_get_batch_single_item,tests.test_jagged_array.test_get_batch_single_item,fbe27bc7f3591a6403fef3b2b6c805114e9215f4,2024-09-05T11:10:11-07:00,fbe27bc7f3591a6403fef3b2b6c805114e9215f4,2024-09-05T11:10:11-07:00,1,428,0.09090909090909091,,,False,False,1,0,284.49,0.0,0.003515057035665339,,496005961.0,stanford-crfm/levanter,Python
tests/test_jagged_array.py,7,callable,ok,tests.test_jagged_array.test_get_batch_multiple_items,tests.test_jagged_array.test_get_batch_multiple_items,fbe27bc7f3591a6403fef3b2b6c805114e9215f4,2024-09-05T11:10:11-07:00,fbe27bc7f3591a6403fef3b2b6c805114e9215f4,2024-09-05T11:10:11-07:00,1,428,0.09090909090909091,,,False,False,1,0,284.49,0.0,0.003515057035665339,,496005961.0,stanford-crfm/levanter,Python
tests/test_jagged_array.py,8,callable,ok,tests.test_jagged_array.test_get_batch_out_of_order,tests.test_jagged_array.test_get_batch_out_of_order,fbe27bc7f3591a6403fef3b2b6c805114e9215f4,2024-09-05T11:10:11-07:00,fbe27bc7f3591a6403fef3b2b6c805114e9215f4,2024-09-05T11:10:11-07:00,1,428,0.09090909090909091,,,False,False,1,0,284.49,0.0,0.003515057035665339,,496005961.0,stanford-crfm/levanter,Python
tests/test_jagged_array.py,9,callable,ok,tests.test_jagged_array.test_get_batch_with_shapes,tests.test_jagged_array.test_get_batch_with_shapes,fbe27bc7f3591a6403fef3b2b6c805114e9215f4,2024-09-05T11:10:11-07:00,fbe27bc7f3591a6403fef3b2b6c805114e9215f4,2024-09-05T11:10:11-07:00,1,428,0.09090909090909091,,,False,False,1,0,284.49,0.0,0.003515057035665339,,496005961.0,stanford-crfm/levanter,Python
tests/test_jagged_array.py,10,callable,ok,tests.test_jagged_array.test_get_batch_empty,tests.test_jagged_array.test_get_batch_empty,fbe27bc7f3591a6403fef3b2b6c805114e9215f4,2024-09-05T11:10:11-07:00,fbe27bc7f3591a6403fef3b2b6c805114e9215f4,2024-09-05T11:10:11-07:00,1,428,0.125,,,False,False,1,0,284.49,0.0,0.003515057035665339,,496005961.0,stanford-crfm/levanter,Python
tests/test_jagged_array.py,18,callable,ok,tests.test_jagged_array.test_trim_to_size_sync,tests.test_jagged_array.test_trim_to_size_sync,adf4b6d46545f1f95b5eba41dfddcaec68b553c4,2024-10-10T10:53:08-05:00,4824146cb702f5ab24f418022a45ebac8b9e819f,2025-04-16T22:31:28-07:00,3,393,0.10344827586206896,0.18886140444023897,,False,False,3,0,249.59,0.0,0.012019925252017302,,496005961.0,stanford-crfm/levanter,Python
tests/test_jagged_array.py,21,callable,ok,tests.test_jagged_array.test_append_and_get,tests.test_jagged_array.test_append_and_get,a7a1a0d422783649654b6ce1ba98217e46b4d5fb,2025-04-11T11:43:08-07:00,a7a1a0d422783649654b6ce1ba98217e46b4d5fb,2025-04-11T11:43:08-07:00,1,210,0.058823529411764705,,,False,False,1,0,66.47,0.0,0.015044941538909458,,496005961.0,stanford-crfm/levanter,Python
tests/test_jagged_array.py,22,callable,ok,tests.test_jagged_array.test_extend_with_multiple,tests.test_jagged_array.test_extend_with_multiple,a7a1a0d422783649654b6ce1ba98217e46b4d5fb,2025-04-11T11:43:08-07:00,a7a1a0d422783649654b6ce1ba98217e46b4d5fb,2025-04-11T11:43:08-07:00,1,210,0.0625,,,False,False,1,0,66.47,0.0,0.015044941538909458,,496005961.0,stanford-crfm/levanter,Python
tests/test_jagged_array.py,23,callable,ok,tests.test_jagged_array.test_extend_with_prepared_batch,tests.test_jagged_array.test_extend_with_prepared_batch,a7a1a0d422783649654b6ce1ba98217e46b4d5fb,2025-04-11T11:43:08-07:00,a7a1a0d422783649654b6ce1ba98217e46b4d5fb,2025-04-11T11:43:08-07:00,1,210,0.03125,,,False,False,1,0,66.47,0.0,0.015044941538909458,,496005961.0,stanford-crfm/levanter,Python
tests/test_jagged_array.py,24,callable,ok,tests.test_jagged_array.test_extend_with_prepared_batch_async,tests.test_jagged_array.test_extend_with_prepared_batch_async,a7a1a0d422783649654b6ce1ba98217e46b4d5fb,2025-04-11T11:43:08-07:00,a7a1a0d422783649654b6ce1ba98217e46b4d5fb,2025-04-11T11:43:08-07:00,1,210,0.03125,,,False,False,1,0,66.47,0.0,0.015044941538909458,,496005961.0,stanford-crfm/levanter,Python
tests/test_jagged_array.py,25,callable,ok,tests.test_jagged_array.test_append_error,tests.test_jagged_array.test_append_error,a7a1a0d422783649654b6ce1ba98217e46b4d5fb,2025-04-11T11:43:08-07:00,a7a1a0d422783649654b6ce1ba98217e46b4d5fb,2025-04-11T11:43:08-07:00,1,210,0.2,,,False,False,1,0,66.47,0.0,0.015044941538909458,,496005961.0,stanford-crfm/levanter,Python
tests/test_jagged_array.py,26,callable,ok,tests.test_jagged_array.test_append_single_rank,tests.test_jagged_array.test_append_single_rank,a7a1a0d422783649654b6ce1ba98217e46b4d5fb,2025-04-11T11:43:08-07:00,a7a1a0d422783649654b6ce1ba98217e46b4d5fb,2025-04-11T11:43:08-07:00,1,210,0.09090909090909091,,,False,False,1,0,66.47,0.0,0.015044941538909458,,496005961.0,stanford-crfm/levanter,Python
tests/test_jagged_array.py,27,callable,ok,tests.test_jagged_array.test_append_multi_rank,tests.test_jagged_array.test_append_multi_rank,a7a1a0d422783649654b6ce1ba98217e46b4d5fb,2025-04-11T11:43:08-07:00,a7a1a0d422783649654b6ce1ba98217e46b4d5fb,2025-04-11T11:43:08-07:00,1,210,0.058823529411764705,,,False,False,1,0,66.47,0.0,0.015044941538909458,,496005961.0,stanford-crfm/levanter,Python
tests/test_jagged_array.py,28,callable,ok,tests.test_jagged_array.test_getitem_out_of_bounds,tests.test_jagged_array.test_getitem_out_of_bounds,a7a1a0d422783649654b6ce1ba98217e46b4d5fb,2025-04-11T11:43:08-07:00,a7a1a0d422783649654b6ce1ba98217e46b4d5fb,2025-04-11T11:43:08-07:00,1,210,0.1111111111111111,,,False,False,1,0,66.47,0.0,0.015044941538909458,,496005961.0,stanford-crfm/levanter,Python
tests/test_jagged_array.py,29,callable,ok,tests.test_jagged_array.test_step_slicing,tests.test_jagged_array.test_step_slicing,a7a1a0d422783649654b6ce1ba98217e46b4d5fb,2025-04-11T11:43:08-07:00,a7a1a0d422783649654b6ce1ba98217e46b4d5fb,2025-04-11T11:43:08-07:00,1,210,0.16666666666666666,,,False,False,1,0,66.47,0.0,0.015044941538909458,,496005961.0,stanford-crfm/levanter,Python
tests/test_latent_attention.py,0,callable,ok,tests.test_latent_attention.test_multihead_latent_attention_shapes,tests.test_latent_attention.test_multihead_latent_attention_shapes,05b7d07021449a3f484563bcff1cf53d55fba433,2025-08-12T18:45:08-04:00,05b7d07021449a3f484563bcff1cf53d55fba433,2025-08-12T18:45:08-04:00,1,86,0.043478260869565216,,,False,False,0,1,0.0,56.7,,0.01763651869817997,496005961.0,stanford-crfm/levanter,Python
tests/test_llama.py,2,callable,ok,tests.test_llama.test_apply_rotary_pos_emb,tests.test_llama.test_apply_rotary_pos_emb,d07ff37376ae310dad460ff37884512c0533c1c1,2023-08-30T12:59:55-07:00,64a2a5c46a24143f19e2cefa171f822292f20cec,2025-06-17T17:50:11-07:00,6,657,0.11764705882352941,1.9090798112734115,,True,False,4,2,656.41,0.79,0.006093713377219002,2.5400931955489567,496005961.0,stanford-crfm/levanter,Python
tests/test_llama.py,17,callable,ok,tests.test_llama.test_llama_params,tests.test_llama.test_llama_params,88f98cbbee66045e7f369203b722076038ee334a,2025-05-18T02:04:35-07:00,88f98cbbee66045e7f369203b722076038ee334a,2025-05-18T02:04:35-07:00,1,0,0.14285714285714285,,,True,False,1,0,29.87,0.0,0.033479197754723806,,496005961.0,stanford-crfm/levanter,Python
tests/test_llama.py,18,callable,ok,tests.test_llama.test_apply_rotary_pos_emb,tests.test_llama.test_apply_rotary_pos_emb,43d98cdd415536cd7d18fd393ad5fdfc88fcdd13,2025-06-29T17:06:47-07:00,43d98cdd415536cd7d18fd393ad5fdfc88fcdd13,2025-06-29T17:06:47-07:00,1,0,0.0196078431372549,,,True,False,0,1,0.0,12.76,,0.07838689922656446,496005961.0,stanford-crfm/levanter,Python
tests/test_llama.py,1,callable,ok,tests.test_llama.test_llama_rotary_embedding,tests.test_llama.test_llama_rotary_embedding,d07ff37376ae310dad460ff37884512c0533c1c1,2023-08-30T12:59:55-07:00,432dc3b7271c674f25b07d4365808f2b4493b2fc,2025-06-29T17:52:17-07:00,9,669,0.391304347826087,2.137655416168606,,True,False,5,4,656.41,12.79,0.007617141721523752,0.3127729183541411,496005961.0,stanford-crfm/levanter,Python
tests/test_llama.py,0,callable,ok,tests.test_llama.test_llama_config,tests.test_llama.test_llama_config,d07ff37376ae310dad460ff37884512c0533c1c1,2023-08-30T12:59:55-07:00,88a3482f9b0723cf8066bbe76c61982e845ac185,2025-08-15T13:13:21-07:00,7,799,0.2916666666666667,0.44325940453119683,,False,False,1,6,656.41,59.6,0.0015234283443047506,0.10067937212894339,496005961.0,stanford-crfm/levanter,Python
tests/test_llama.py,3,callable,ok,tests.test_llama.test_llama_attention,tests.test_llama.test_llama_attention,d07ff37376ae310dad460ff37884512c0533c1c1,2023-08-30T12:59:55-07:00,432dc3b7271c674f25b07d4365808f2b4493b2fc,2025-06-29T17:52:17-07:00,14,799,0.42424242424242425,2.9915941231741168,,False,False,10,4,656.41,12.79,0.015234283443047504,0.3127729183541411,496005961.0,stanford-crfm/levanter,Python
tests/test_llama.py,4,callable,ok,tests.test_llama.test_llama_rms_norm,tests.test_llama.test_llama_rms_norm,d07ff37376ae310dad460ff37884512c0533c1c1,2023-08-30T12:59:55-07:00,da967eccdf6ce3898d1a1ebeb1d4e66ecc2c8e1a,2025-03-19T23:32:14-07:00,2,799,0.11764705882352941,,,False,False,2,0,656.41,0.0,0.003046856688609501,,496005961.0,stanford-crfm/levanter,Python
tests/test_llama.py,5,callable,ok,tests.test_llama.test_llama_decoder_layer,tests.test_llama.test_llama_decoder_layer,d07ff37376ae310dad460ff37884512c0533c1c1,2023-08-30T12:59:55-07:00,88a3482f9b0723cf8066bbe76c61982e845ac185,2025-08-15T13:13:21-07:00,8,799,0.1951219512195122,2.304323550452939,,False,False,7,1,656.41,59.6,0.010663998410133253,0.0167798953548239,496005961.0,stanford-crfm/levanter,Python
tests/test_llama.py,6,callable,ok,tests.test_llama.test_llama_lm_head_model,tests.test_llama.test_llama_lm_head_model,d07ff37376ae310dad460ff37884512c0533c1c1,2023-08-30T12:59:55-07:00,cc87009631dedb5aecbc49150fec329c8410b85e,2024-03-05T09:47:16-08:00,3,799,0.2727272727272727,0.857242924650381,,False,False,3,0,656.41,0.0,0.0045702850329142515,,496005961.0,stanford-crfm/levanter,Python
tests/test_llama.py,7,callable,ok,tests.test_llama.test_llama_roundtrip,tests.test_llama.test_llama_roundtrip,d07ff37376ae310dad460ff37884512c0533c1c1,2023-08-30T12:59:55-07:00,ea4ea25e40814f3761b16f58074e5bfe3f1b0599,2024-09-04T10:12:20-07:00,7,799,0.11864406779661017,2.065965954878329,,False,False,7,0,656.41,0.0,0.010663998410133253,,496005961.0,stanford-crfm/levanter,Python
tests/test_llama.py,8,callable,ok,tests.test_llama._get_llama_config,tests.test_llama._get_llama_config,d07ff37376ae310dad460ff37884512c0533c1c1,2023-08-30T12:59:55-07:00,432dc3b7271c674f25b07d4365808f2b4493b2fc,2025-06-29T17:52:17-07:00,11,799,1.1,2.478328348138581,,False,False,7,4,656.41,12.79,0.010663998410133253,0.3127729183541411,496005961.0,stanford-crfm/levanter,Python
tests/test_llama.py,9,callable,ok,tests.test_llama._get_random_inputs,tests.test_llama._get_random_inputs,d07ff37376ae310dad460ff37884512c0533c1c1,2023-08-30T12:59:55-07:00,8b154852eaadae19ed13843ac1511d9e88a27f1a,2024-12-08T00:05:21-08:00,3,799,0.3,0.9730545150396986,,False,False,3,0,656.41,0.0,0.0045702850329142515,,496005961.0,stanford-crfm/levanter,Python
tests/test_llama.py,10,callable,ok,tests.test_llama.test_llama_configs,tests.test_llama.test_llama_configs,757f231562d1688fac110bcb8c005f483a7effd2,2023-10-02T23:16:16-07:00,757f231562d1688fac110bcb8c005f483a7effd2,2023-10-02T23:16:16-07:00,1,766,0.16666666666666666,,,False,False,1,0,622.99,0.0,0.0016051720426739449,,496005961.0,stanford-crfm/levanter,Python
tests/test_llama.py,11,callable,ok,tests.test_llama.test_pass_different_length_seq,tests.test_llama.test_pass_different_length_seq,a6be9be3cb6a291c11771a6e2daf18d81768d331,2023-10-23T22:45:39-07:00,432dc3b7271c674f25b07d4365808f2b4493b2fc,2025-06-29T17:52:17-07:00,7,745,0.7777777777777778,1.2131215076787585,,False,False,4,3,602.01,12.79,0.006644436131636199,0.23457968876560584,496005961.0,stanford-crfm/levanter,Python
tests/test_llama.py,12,callable,ok,tests.test_llama.test_llama_lm_head_model_bwd,tests.test_llama.test_llama_lm_head_model_bwd,c1e7b24aa47e073af0aa48606581f817b59e1b45,2024-02-03T11:05:53-08:00,cc87009631dedb5aecbc49150fec329c8410b85e,2024-03-05T09:47:16-08:00,2,642,0.13333333333333333,,,False,False,2,0,499.45,0.0,0.004004391018679302,,496005961.0,stanford-crfm/levanter,Python
tests/test_llama.py,13,callable,ok,tests.test_llama.test_llama_param_counts_dont_change_with_seqlen,tests.test_llama.test_llama_param_counts_dont_change_with_seqlen,7bb2da3e599690d9189795422c8278ee64f1acef,2024-03-01T16:37:41-08:00,7bb2da3e599690d9189795422c8278ee64f1acef,2024-03-01T16:37:41-08:00,1,615,0.25,,,False,False,1,0,472.22,0.0,0.0021176511591774897,,496005961.0,stanford-crfm/levanter,Python
tests/test_llama.py,14,callable,ok,tests.test_llama.test_llama_flops,tests.test_llama.test_llama_flops,b16db86e9b1d80abb63a4976714c21dc6496b8e3,2024-06-16T14:39:12+09:00,f604f0b6072dad0aced6753cc4236e40eb1c521c,2025-06-29T18:19:16-07:00,6,509,0.75,0.9953550617693186,,False,False,4,2,366.01,12.81,0.01092860578374958,0.15615765416501742,496005961.0,stanford-crfm/levanter,Python
tests/test_llama.py,15,callable,ok,tests.test_llama.test_state_dict_consistency,tests.test_llama.test_state_dict_consistency,4cce13c95aa9b775857b269c6bc2f654b2d33b23,2024-06-21T09:33:10-07:00,3d5677e5b68cb0e9b05e1c42b659c1d54e2d90c7,2024-11-16T20:09:00-08:00,3,504,0.16666666666666666,0.9995637024198564,,False,False,3,0,360.56,0.0,0.008320441784642313,,496005961.0,stanford-crfm/levanter,Python
tests/test_llama.py,16,callable,ok,tests.test_llama.test_llama_seq_len_doesnt_change_predictions,tests.test_llama.test_llama_seq_len_doesnt_change_predictions,d125206c15f884084bea09a1124d5f984039b63d,2024-12-03T17:18:31-08:00,d125206c15f884084bea09a1124d5f984039b63d,2024-12-03T17:18:31-08:00,1,338,0.038461538461538464,,,False,False,1,0,195.19,0.0,0.005123135814508329,,496005961.0,stanford-crfm/levanter,Python
tests/test_llama.py,19,callable,ok,tests.test_llama.test_llama_params,tests.test_llama.test_llama_params,432dc3b7271c674f25b07d4365808f2b4493b2fc,2025-06-29T17:52:17-07:00,f604f0b6072dad0aced6753cc4236e40eb1c521c,2025-06-29T18:19:16-07:00,2,130,0.2857142857142857,,,False,False,0,2,0.0,12.81,,0.15615765416501742,496005961.0,stanford-crfm/levanter,Python
tests/test_llama3.py,1,callable,ok,tests.test_llama3.test_llama_roundtrip,tests.test_llama3.test_llama3_roundtrip,a68dad75ba5717170fe21371329d36e19a0be784,2024-07-03T02:26:47+09:00,d125206c15f884084bea09a1124d5f984039b63d,2024-12-03T17:18:31-08:00,3,154,0.05555555555555555,0.9788713838646099,,True,True,3,0,349.52,0.0,0.008583186458301428,,496005961.0,stanford-crfm/levanter,Python
tests/test_llama3.py,0,callable,ok,tests.test_llama3.get_config,tests.test_llama3.get_config,a68dad75ba5717170fe21371329d36e19a0be784,2024-07-03T02:26:47+09:00,45d3e70f3a61fadf693da75fd322072947caf3f1,2024-11-05T12:21:15-05:00,3,493,0.058823529411764705,0.9214297417751818,,False,False,3,0,349.52,0.0,0.008583186458301428,,496005961.0,stanford-crfm/levanter,Python
tests/test_llama3.py,2,callable,ok,tests.test_llama3.test_llama3_rotary_embedding,tests.test_llama3.test_llama3_rotary_embedding,9fa3aaa4096e6843d18b901b9e3e73adf3fa814e,2024-09-24T00:48:36-07:00,8f6619e4a3553ab42031fb5bc961216390c43855,2025-06-24T23:58:07-07:00,5,409,0.14285714285714285,1.0977350823698042,,False,False,2,3,265.92,8.04,0.007521000696998294,0.3730006259848469,496005961.0,stanford-crfm/levanter,Python
tests/test_llama3.py,3,callable,ok,tests.test_llama3.test_llama3_roundtrip,tests.test_llama3.test_llama3_roundtrip,759a9861abb3bf672ca129cd629d3a1825a3662d,2025-03-13T23:49:18-07:00,759a9861abb3bf672ca129cd629d3a1825a3662d,2025-03-13T23:49:18-07:00,1,238,0.018518518518518517,,,False,False,1,0,94.96,0.0,0.010530390414224607,,496005961.0,stanford-crfm/levanter,Python
tests/test_logging.py,0,callable,ok,tests.test_logging.test_infer_experiment_git_root,tests.test_logging.test_infer_experiment_git_root,14cf2bb129cdae7f5c58411c98bc0cc67985c98e,2023-06-13T23:36:33-07:00,be294b476fd092e7c8b85f9a64e2cd9c6c6de4f6,2024-02-09T23:55:47-08:00,5,877,0.3333333333333333,0.9108913384467401,,False,False,5,0,733.97,0.0,0.00681224808775702,,496005961.0,stanford-crfm/levanter,Python
tests/test_metrics.py,0,class,ok,tests.test_metrics.SimpleModel,tests.test_metrics.SimpleModel,9a08118f2b989f3a727f814ed9e78573eca5ffb2,2025-10-07T14:23:30-07:00,9a08118f2b989f3a727f814ed9e78573eca5ffb2,2025-10-07T14:23:30-07:00,1,30,0.16666666666666666,,,False,False,0,1,0.0,112.64,,0.008877538061416945,496005961.0,stanford-crfm/levanter,Python
tests/test_metrics.py,0,callable,ok,tests.test_metrics.test_metric_value,tests.test_metrics.test_metric_value,9a08118f2b989f3a727f814ed9e78573eca5ffb2,2025-10-07T14:23:30-07:00,9a08118f2b989f3a727f814ed9e78573eca5ffb2,2025-10-07T14:23:30-07:00,1,30,0.25,,,False,False,0,1,0.0,112.64,,0.008877538061416945,496005961.0,stanford-crfm/levanter,Python
tests/test_metrics.py,1,callable,ok,tests.test_metrics.test_metric_fold,tests.test_metrics.test_metric_fold,9a08118f2b989f3a727f814ed9e78573eca5ffb2,2025-10-07T14:23:30-07:00,9a08118f2b989f3a727f814ed9e78573eca5ffb2,2025-10-07T14:23:30-07:00,1,30,0.125,,,False,False,0,1,0.0,112.64,,0.008877538061416945,496005961.0,stanford-crfm/levanter,Python
tests/test_metrics.py,2,callable,ok,tests.test_metrics.test_metric_fold_associativity,tests.test_metrics.test_metric_fold_associativity,9a08118f2b989f3a727f814ed9e78573eca5ffb2,2025-10-07T14:23:30-07:00,9a08118f2b989f3a727f814ed9e78573eca5ffb2,2025-10-07T14:23:30-07:00,1,30,0.07692307692307693,,,False,False,0,1,0.0,112.64,,0.008877538061416945,496005961.0,stanford-crfm/levanter,Python
tests/test_metrics.py,3,callable,ok,tests.test_metrics.test_metric_float_conversion,tests.test_metrics.test_metric_float_conversion,9a08118f2b989f3a727f814ed9e78573eca5ffb2,2025-10-07T14:23:30-07:00,9a08118f2b989f3a727f814ed9e78573eca5ffb2,2025-10-07T14:23:30-07:00,1,30,0.25,,,False,False,0,1,0.0,112.64,,0.008877538061416945,496005961.0,stanford-crfm/levanter,Python
tests/test_metrics.py,4,callable,ok,tests.test_metrics.test_metric_pytree,tests.test_metrics.test_metric_pytree,9a08118f2b989f3a727f814ed9e78573eca5ffb2,2025-10-07T14:23:30-07:00,9a08118f2b989f3a727f814ed9e78573eca5ffb2,2025-10-07T14:23:30-07:00,1,30,0.125,,,False,False,0,1,0.0,112.64,,0.008877538061416945,496005961.0,stanford-crfm/levanter,Python
tests/test_metrics.py,5,callable,ok,tests.test_metrics.test_metric_jit,tests.test_metrics.test_metric_jit,9a08118f2b989f3a727f814ed9e78573eca5ffb2,2025-10-07T14:23:30-07:00,9a08118f2b989f3a727f814ed9e78573eca5ffb2,2025-10-07T14:23:30-07:00,1,30,0.08333333333333333,,,False,False,0,1,0.0,112.64,,0.008877538061416945,496005961.0,stanford-crfm/levanter,Python
tests/test_metrics.py,6,callable,ok,tests.test_metrics.test_auto_metric_inference,tests.test_metrics.test_auto_metric_inference,9a08118f2b989f3a727f814ed9e78573eca5ffb2,2025-10-07T14:23:30-07:00,9a08118f2b989f3a727f814ed9e78573eca5ffb2,2025-10-07T14:23:30-07:00,1,30,0.25,,,False,False,0,1,0.0,112.64,,0.008877538061416945,496005961.0,stanford-crfm/levanter,Python
tests/test_metrics.py,7,callable,ok,tests.test_metrics.test_unwrap_metrics,tests.test_metrics.test_unwrap_metrics,9a08118f2b989f3a727f814ed9e78573eca5ffb2,2025-10-07T14:23:30-07:00,9a08118f2b989f3a727f814ed9e78573eca5ffb2,2025-10-07T14:23:30-07:00,1,30,0.06666666666666667,,,False,False,0,1,0.0,112.64,,0.008877538061416945,496005961.0,stanford-crfm/levanter,Python
tests/test_metrics.py,8,callable,ok,tests.test_metrics.simple_loss_fn,tests.test_metrics.simple_loss_fn,9a08118f2b989f3a727f814ed9e78573eca5ffb2,2025-10-07T14:23:30-07:00,9a08118f2b989f3a727f814ed9e78573eca5ffb2,2025-10-07T14:23:30-07:00,1,30,0.3333333333333333,,,False,False,0,1,0.0,112.64,,0.008877538061416945,496005961.0,stanford-crfm/levanter,Python
tests/test_metrics.py,9,callable,ok,tests.test_metrics.metrics_loss_fn,tests.test_metrics.metrics_loss_fn,9a08118f2b989f3a727f814ed9e78573eca5ffb2,2025-10-07T14:23:30-07:00,9a08118f2b989f3a727f814ed9e78573eca5ffb2,2025-10-07T14:23:30-07:00,1,30,0.2,,,False,False,0,1,0.0,112.64,,0.008877538061416945,496005961.0,stanford-crfm/levanter,Python
tests/test_metrics.py,10,callable,ok,tests.test_metrics.varied_metrics_loss_fn,tests.test_metrics.varied_metrics_loss_fn,9a08118f2b989f3a727f814ed9e78573eca5ffb2,2025-10-07T14:23:30-07:00,9a08118f2b989f3a727f814ed9e78573eca5ffb2,2025-10-07T14:23:30-07:00,1,30,0.1111111111111111,,,False,False,0,1,0.0,112.64,,0.008877538061416945,496005961.0,stanford-crfm/levanter,Python
tests/test_metrics.py,11,callable,ok,tests.test_metrics.test_wrapped_loss_function_invalid_metrics,tests.test_metrics.test_wrapped_loss_function_invalid_metrics,9a08118f2b989f3a727f814ed9e78573eca5ffb2,2025-10-07T14:23:30-07:00,9a08118f2b989f3a727f814ed9e78573eca5ffb2,2025-10-07T14:23:30-07:00,1,30,0.08333333333333333,,,False,False,0,1,0.0,112.64,,0.008877538061416945,496005961.0,stanford-crfm/levanter,Python
tests/test_metrics.py,12,callable,ok,tests.test_metrics.test_eval_loss_loop,tests.test_metrics.test_eval_loss_loop,9a08118f2b989f3a727f814ed9e78573eca5ffb2,2025-10-07T14:23:30-07:00,9a08118f2b989f3a727f814ed9e78573eca5ffb2,2025-10-07T14:23:30-07:00,1,30,0.03333333333333333,,,False,False,0,1,0.0,112.64,,0.008877538061416945,496005961.0,stanford-crfm/levanter,Python
tests/test_metrics.py,13,callable,ok,tests.test_metrics.test_trainer_train_step,tests.test_metrics.test_trainer_train_step,9a08118f2b989f3a727f814ed9e78573eca5ffb2,2025-10-07T14:23:30-07:00,9a08118f2b989f3a727f814ed9e78573eca5ffb2,2025-10-07T14:23:30-07:00,1,30,0.03125,,,False,False,0,1,0.0,112.64,,0.008877538061416945,496005961.0,stanford-crfm/levanter,Python
tests/test_metrics.py,14,callable,ok,tests.test_metrics.test_microbatching_metric_aggregation,tests.test_metrics.test_microbatching_metric_aggregation,9a08118f2b989f3a727f814ed9e78573eca5ffb2,2025-10-07T14:23:30-07:00,9a08118f2b989f3a727f814ed9e78573eca5ffb2,2025-10-07T14:23:30-07:00,1,30,0.03125,,,False,False,0,1,0.0,112.64,,0.008877538061416945,496005961.0,stanford-crfm/levanter,Python
tests/test_metrics.py,15,callable,ok,tests.test_metrics.SimpleModel.init,tests.test_metrics.SimpleModel.init,9a08118f2b989f3a727f814ed9e78573eca5ffb2,2025-10-07T14:23:30-07:00,9a08118f2b989f3a727f814ed9e78573eca5ffb2,2025-10-07T14:23:30-07:00,1,30,0.5,,,False,False,0,1,0.0,112.64,,0.008877538061416945,496005961.0,stanford-crfm/levanter,Python
tests/test_mistral.py,0,callable,ok,tests.test_mistral.test_mistral_config,tests.test_mistral.test_mistral_config,7c9257f08713be8e893a7be1907d373fa2c4f549,2024-01-30T13:28:05-08:00,7c9257f08713be8e893a7be1907d373fa2c4f549,2024-01-30T13:28:05-08:00,1,646,0.043478260869565216,,,False,False,1,0,503.35,0.0,0.001986677442245689,,496005961.0,stanford-crfm/levanter,Python
tests/test_mistral.py,1,callable,ok,tests.test_mistral.test_mistral_lm_head_model,tests.test_mistral.test_mistral_lm_head_model,7c9257f08713be8e893a7be1907d373fa2c4f549,2024-01-30T13:28:05-08:00,7a0e87eafc188bd9af3e53a2a9fa7c65f21803d4,2024-04-22T20:21:40-07:00,3,646,0.23076923076923078,0.9807965610168989,,False,False,3,0,503.35,0.0,0.005960032326737066,,496005961.0,stanford-crfm/levanter,Python
tests/test_mistral.py,2,callable,ok,tests.test_mistral.test_mistral_roundtrip,tests.test_mistral.test_mistral_roundtrip,7c9257f08713be8e893a7be1907d373fa2c4f549,2024-01-30T13:28:05-08:00,ea4ea25e40814f3761b16f58074e5bfe3f1b0599,2024-09-04T10:12:20-07:00,4,646,0.07142857142857142,1.4604966076925168,,False,False,4,0,503.35,0.0,0.007946709768982756,,496005961.0,stanford-crfm/levanter,Python
tests/test_mistral.py,3,callable,ok,tests.test_mistral._get_mistral_config,tests.test_mistral._get_mistral_config,7c9257f08713be8e893a7be1907d373fa2c4f549,2024-01-30T13:28:05-08:00,7a0e87eafc188bd9af3e53a2a9fa7c65f21803d4,2024-04-22T20:21:40-07:00,3,646,0.2727272727272727,0.2729246618604727,,False,False,3,0,503.35,0.0,0.005960032326737066,,496005961.0,stanford-crfm/levanter,Python
tests/test_mistral.py,4,callable,ok,tests.test_mistral.test_mistral_configs,tests.test_mistral.test_mistral_configs,7c9257f08713be8e893a7be1907d373fa2c4f549,2024-01-30T13:28:05-08:00,7c9257f08713be8e893a7be1907d373fa2c4f549,2024-01-30T13:28:05-08:00,1,646,0.16666666666666666,,,False,False,1,0,503.35,0.0,0.001986677442245689,,496005961.0,stanford-crfm/levanter,Python
tests/test_mistral.py,5,callable,ok,tests.test_mistral.test_pass_different_length_seq,tests.test_mistral.test_pass_different_length_seq,7c9257f08713be8e893a7be1907d373fa2c4f549,2024-01-30T13:28:05-08:00,0c456f7d359030c6813c6de7ca0fd376f2d7c638,2024-03-09T22:53:26-08:00,3,646,0.3,0.957749534790961,,False,False,3,0,503.35,0.0,0.005960032326737066,,496005961.0,stanford-crfm/levanter,Python
tests/test_mistral.py,6,callable,ok,tests.test_mistral.test_mistral_lm_head_model_bwd,tests.test_mistral.test_mistral_lm_head_model_bwd,c1e7b24aa47e073af0aa48606581f817b59e1b45,2024-02-03T11:05:53-08:00,7a0e87eafc188bd9af3e53a2a9fa7c65f21803d4,2024-04-22T20:21:40-07:00,3,642,0.2,0.9648087421552024,,False,False,3,0,499.45,0.0,0.006006586528018954,,496005961.0,stanford-crfm/levanter,Python
tests/test_mixture.py,0,callable,ok,tests.test_mixture.datasets,tests.test_mixture.datasets,fbe27bc7f3591a6403fef3b2b6c805114e9215f4,2024-09-05T11:10:11-07:00,fbe27bc7f3591a6403fef3b2b6c805114e9215f4,2024-09-05T11:10:11-07:00,1,428,0.125,,,False,False,1,0,284.49,0.0,0.003515057035665339,,496005961.0,stanford-crfm/levanter,Python
tests/test_mixture.py,1,callable,ok,tests.test_mixture.weights,tests.test_mixture.weights,fbe27bc7f3591a6403fef3b2b6c805114e9215f4,2024-09-05T11:10:11-07:00,fbe27bc7f3591a6403fef3b2b6c805114e9215f4,2024-09-05T11:10:11-07:00,1,428,0.5,,,False,False,1,0,284.49,0.0,0.003515057035665339,,496005961.0,stanford-crfm/levanter,Python
tests/test_mixture.py,2,callable,ok,tests.test_mixture.block_size,tests.test_mixture.block_size,fbe27bc7f3591a6403fef3b2b6c805114e9215f4,2024-09-05T11:10:11-07:00,fbe27bc7f3591a6403fef3b2b6c805114e9215f4,2024-09-05T11:10:11-07:00,1,428,0.5,,,False,False,1,0,284.49,0.0,0.003515057035665339,,496005961.0,stanford-crfm/levanter,Python
tests/test_mixture.py,3,callable,ok,tests.test_mixture.key,tests.test_mixture.key,fbe27bc7f3591a6403fef3b2b6c805114e9215f4,2024-09-05T11:10:11-07:00,fbe27bc7f3591a6403fef3b2b6c805114e9215f4,2024-09-05T11:10:11-07:00,1,428,0.5,,,False,False,1,0,284.49,0.0,0.003515057035665339,,496005961.0,stanford-crfm/levanter,Python
tests/test_mixture.py,4,callable,ok,tests.test_mixture.test_mixture_dataset_getitem,tests.test_mixture.test_mixture_dataset_getitem,fbe27bc7f3591a6403fef3b2b6c805114e9215f4,2024-09-05T11:10:11-07:00,fbe27bc7f3591a6403fef3b2b6c805114e9215f4,2024-09-05T11:10:11-07:00,1,428,0.2,,,False,False,1,0,284.49,0.0,0.003515057035665339,,496005961.0,stanford-crfm/levanter,Python
tests/test_mixture.py,5,callable,ok,tests.test_mixture.test_mixture_dataset_get_batch,tests.test_mixture.test_mixture_dataset_get_batch,fbe27bc7f3591a6403fef3b2b6c805114e9215f4,2024-09-05T11:10:11-07:00,fbe27bc7f3591a6403fef3b2b6c805114e9215f4,2024-09-05T11:10:11-07:00,1,428,0.16666666666666666,,,False,False,1,0,284.49,0.0,0.003515057035665339,,496005961.0,stanford-crfm/levanter,Python
tests/test_mixture.py,6,callable,ok,tests.test_mixture.test_mixture_dataset_block_assignments,tests.test_mixture.test_mixture_dataset_block_assignments,fbe27bc7f3591a6403fef3b2b6c805114e9215f4,2024-09-05T11:10:11-07:00,fbe27bc7f3591a6403fef3b2b6c805114e9215f4,2024-09-05T11:10:11-07:00,1,428,0.16666666666666666,,,False,False,1,0,284.49,0.0,0.003515057035665339,,496005961.0,stanford-crfm/levanter,Python
tests/test_mixture.py,7,callable,ok,tests.test_mixture.test_mixture_dataset_stop_strategy_first,tests.test_mixture.test_mixture_dataset_stop_strategy_first,fbe27bc7f3591a6403fef3b2b6c805114e9215f4,2024-09-05T11:10:11-07:00,fbe27bc7f3591a6403fef3b2b6c805114e9215f4,2024-09-05T11:10:11-07:00,1,428,0.2,,,False,False,1,0,284.49,0.0,0.003515057035665339,,496005961.0,stanford-crfm/levanter,Python
tests/test_mixture.py,8,callable,ok,tests.test_mixture.test_mixture_dataset_stop_strategy_restart,tests.test_mixture.test_mixture_dataset_stop_strategy_restart,fbe27bc7f3591a6403fef3b2b6c805114e9215f4,2024-09-05T11:10:11-07:00,fbe27bc7f3591a6403fef3b2b6c805114e9215f4,2024-09-05T11:10:11-07:00,1,428,0.14285714285714285,,,False,False,1,0,284.49,0.0,0.003515057035665339,,496005961.0,stanford-crfm/levanter,Python
tests/test_mixture.py,9,callable,ok,tests.test_mixture.test_mixture_dataset_normalized_weights,tests.test_mixture.test_mixture_dataset_normalized_weights,fbe27bc7f3591a6403fef3b2b6c805114e9215f4,2024-09-05T11:10:11-07:00,fbe27bc7f3591a6403fef3b2b6c805114e9215f4,2024-09-05T11:10:11-07:00,1,428,0.14285714285714285,,,False,False,1,0,284.49,0.0,0.003515057035665339,,496005961.0,stanford-crfm/levanter,Python
tests/test_mixture.py,10,callable,ok,tests.test_mixture.test_mixture_dataset_unpermuted_ids,tests.test_mixture.test_mixture_dataset_unpermuted_ids,fbe27bc7f3591a6403fef3b2b6c805114e9215f4,2024-09-05T11:10:11-07:00,d9a0d57cf14c5beb6f76601ec49bef90a4554927,2025-01-28T22:36:19-08:00,2,428,0.25,,,False,False,2,0,284.49,0.0,0.007030114071330678,,496005961.0,stanford-crfm/levanter,Python
tests/test_mixture.py,11,callable,ok,tests.test_mixture.test_mixture_dataset_remap_indices,tests.test_mixture.test_mixture_dataset_remap_indices,fbe27bc7f3591a6403fef3b2b6c805114e9215f4,2024-09-05T11:10:11-07:00,fbe27bc7f3591a6403fef3b2b6c805114e9215f4,2024-09-05T11:10:11-07:00,1,428,0.07142857142857142,,,False,False,1,0,284.49,0.0,0.003515057035665339,,496005961.0,stanford-crfm/levanter,Python
tests/test_mixture.py,12,callable,ok,tests.test_mixture.test_mixture_dataset_respects_weights,tests.test_mixture.test_mixture_dataset_respects_weights,fbe27bc7f3591a6403fef3b2b6c805114e9215f4,2024-09-05T11:10:11-07:00,fbe27bc7f3591a6403fef3b2b6c805114e9215f4,2024-09-05T11:10:11-07:00,1,428,0.05263157894736842,,,False,False,1,0,284.49,0.0,0.003515057035665339,,496005961.0,stanford-crfm/levanter,Python
tests/test_mixture.py,13,callable,ok,tests.test_mixture.test_mixture_dataset_randomizes_blocks,tests.test_mixture.test_mixture_dataset_randomizes_blocks,fbe27bc7f3591a6403fef3b2b6c805114e9215f4,2024-09-05T11:10:11-07:00,fbe27bc7f3591a6403fef3b2b6c805114e9215f4,2024-09-05T11:10:11-07:00,1,428,0.1,,,False,False,1,0,284.49,0.0,0.003515057035665339,,496005961.0,stanford-crfm/levanter,Python
tests/test_mixture.py,14,callable,ok,tests.test_mixture.test_mixture_dataset_samples_all_elements,tests.test_mixture.test_mixture_dataset_samples_all_elements,fbe27bc7f3591a6403fef3b2b6c805114e9215f4,2024-09-05T11:10:11-07:00,fbe27bc7f3591a6403fef3b2b6c805114e9215f4,2024-09-05T11:10:11-07:00,1,428,0.125,,,False,False,1,0,284.49,0.0,0.003515057035665339,,496005961.0,stanford-crfm/levanter,Python
tests/test_mixture.py,15,callable,ok,tests.test_mixture.test_mixture_dataset_simulated_data_size,tests.test_mixture.test_mixture_dataset_simulated_data_size,1d216d1f05db4ce5b3a62da232bb140c3098df7f,2025-02-01T02:45:17-06:00,1d216d1f05db4ce5b3a62da232bb140c3098df7f,2025-02-01T02:45:17-06:00,1,279,0.037037037037037035,,,False,False,1,0,135.88,0.0,0.007359288738371749,,496005961.0,stanford-crfm/levanter,Python
tests/test_mixture.py,16,callable,ok,tests.test_mixture.test_rescale_mixture_schedule_for_batch_schedule,tests.test_mixture.test_rescale_mixture_schedule_for_batch_schedule,83f3f34640122476e4fd3955d66b603c82d1e1e3,2025-02-20T22:58:35-08:00,83f3f34640122476e4fd3955d66b603c82d1e1e3,2025-02-20T22:58:35-08:00,1,259,0.058823529411764705,,,False,False,1,0,115.96,0.0,0.008623901762579793,,496005961.0,stanford-crfm/levanter,Python
tests/test_model_averaging.py,0,callable,ok,tests.test_model_averaging._dummy,tests.test_model_averaging._dummy,f7815f38fe374fa7864cc5476ec790337893b5e6,2025-08-10T10:37:08-07:00,f7815f38fe374fa7864cc5476ec790337893b5e6,2025-08-10T10:37:08-07:00,1,89,0.5,,,False,False,0,1,0.0,54.49,,0.01835312170881158,496005961.0,stanford-crfm/levanter,Python
tests/test_model_averaging.py,1,callable,ok,tests.test_model_averaging.test_ema_phase,tests.test_model_averaging.test_ema_phase,f7815f38fe374fa7864cc5476ec790337893b5e6,2025-08-10T10:37:08-07:00,f7815f38fe374fa7864cc5476ec790337893b5e6,2025-08-10T10:37:08-07:00,1,89,0.2,,,False,False,0,1,0.0,54.49,,0.01835312170881158,496005961.0,stanford-crfm/levanter,Python
tests/test_model_averaging.py,2,callable,ok,tests.test_model_averaging.test_decay_phase,tests.test_model_averaging.test_decay_phase,f7815f38fe374fa7864cc5476ec790337893b5e6,2025-08-10T10:37:08-07:00,f7815f38fe374fa7864cc5476ec790337893b5e6,2025-08-10T10:37:08-07:00,1,89,0.16666666666666666,,,False,False,0,1,0.0,54.49,,0.01835312170881158,496005961.0,stanford-crfm/levanter,Python
tests/test_new_cache.py,3,class,ok,tests.test_new_cache.PretendParent,tests.test_new_cache.PretendParent,fbe27bc7f3591a6403fef3b2b6c805114e9215f4,2024-09-05T11:10:11-07:00,b41838f35b6ecda8cb9dbdd3c408e14bcb75b0ad,2024-10-03T22:57:36-07:00,2,28,0.046511627906976744,,,True,False,2,0,284.49,0.0,0.007030114071330678,,496005961.0,stanford-crfm/levanter,Python
tests/test_new_cache.py,0,class,ok,tests.test_new_cache.TestProcessor,tests.test_new_cache.TestProcessor,fbe27bc7f3591a6403fef3b2b6c805114e9215f4,2024-09-05T11:10:11-07:00,b41838f35b6ecda8cb9dbdd3c408e14bcb75b0ad,2024-10-03T22:57:36-07:00,2,428,0.125,,,False,False,2,0,284.49,0.0,0.007030114071330678,,496005961.0,stanford-crfm/levanter,Python
tests/test_new_cache.py,1,class,ok,tests.test_new_cache.SimpleProcessor,tests.test_new_cache.SimpleProcessor,fbe27bc7f3591a6403fef3b2b6c805114e9215f4,2024-09-05T11:10:11-07:00,b41838f35b6ecda8cb9dbdd3c408e14bcb75b0ad,2024-10-03T22:57:36-07:00,2,428,0.13333333333333333,,,False,False,2,0,284.49,0.0,0.007030114071330678,,496005961.0,stanford-crfm/levanter,Python
tests/test_new_cache.py,2,class,ok,tests.test_new_cache.SimpleShardSource,tests.test_new_cache.SimpleShardSource,fbe27bc7f3591a6403fef3b2b6c805114e9215f4,2024-09-05T11:10:11-07:00,c3b3dd80503b9246a880e6705c006a4b6ebcae75,2024-10-11T15:14:51-07:00,2,428,0.15384615384615385,,,False,False,2,0,284.49,0.0,0.007030114071330678,,496005961.0,stanford-crfm/levanter,Python
tests/test_new_cache.py,4,class,ok,tests.test_new_cache._CustomException,tests.test_new_cache._CustomException,fbe27bc7f3591a6403fef3b2b6c805114e9215f4,2024-09-05T11:10:11-07:00,fbe27bc7f3591a6403fef3b2b6c805114e9215f4,2024-09-05T11:10:11-07:00,1,428,0.5,,,False,False,1,0,284.49,0.0,0.003515057035665339,,496005961.0,stanford-crfm/levanter,Python
tests/test_new_cache.py,6,callable,ok,tests.test_new_cache.test_batch_finished,tests.test_new_cache.test_batch_finished,fbe27bc7f3591a6403fef3b2b6c805114e9215f4,2024-09-05T11:10:11-07:00,cd82fb3d326bff91e33683f1adc86ca89c4992cf,2024-09-24T21:54:37-07:00,2,19,0.09523809523809523,,,True,False,2,0,284.49,0.0,0.007030114071330678,,496005961.0,stanford-crfm/levanter,Python
tests/test_new_cache.py,7,callable,ok,tests.test_new_cache.test_shard_finished_reading,tests.test_new_cache.test_shard_finished_reading,fbe27bc7f3591a6403fef3b2b6c805114e9215f4,2024-09-05T11:10:11-07:00,fbe27bc7f3591a6403fef3b2b6c805114e9215f4,2024-09-05T11:10:11-07:00,1,0,0.058823529411764705,,,True,False,1,0,284.49,0.0,0.003515057035665339,,496005961.0,stanford-crfm/levanter,Python
tests/test_new_cache.py,8,callable,ok,tests.test_new_cache.test_get_shard_status,tests.test_new_cache.test_get_shard_status,fbe27bc7f3591a6403fef3b2b6c805114e9215f4,2024-09-05T11:10:11-07:00,fbe27bc7f3591a6403fef3b2b6c805114e9215f4,2024-09-05T11:10:11-07:00,1,0,0.058823529411764705,,,True,False,1,0,284.49,0.0,0.003515057035665339,,496005961.0,stanford-crfm/levanter,Python
tests/test_new_cache.py,9,callable,ok,tests.test_new_cache.test_shard_failed,tests.test_new_cache.test_shard_failed,fbe27bc7f3591a6403fef3b2b6c805114e9215f4,2024-09-05T11:10:11-07:00,fbe27bc7f3591a6403fef3b2b6c805114e9215f4,2024-09-05T11:10:11-07:00,1,0,0.047619047619047616,,,True,False,1,0,284.49,0.0,0.003515057035665339,,496005961.0,stanford-crfm/levanter,Python
tests/test_new_cache.py,10,callable,ok,tests.test_new_cache.test_attempt_to_write_batches,tests.test_new_cache.test_attempt_to_write_batches,fbe27bc7f3591a6403fef3b2b6c805114e9215f4,2024-09-05T11:10:11-07:00,cd82fb3d326bff91e33683f1adc86ca89c4992cf,2024-09-24T21:54:37-07:00,2,19,0.06896551724137931,,,True,False,2,0,284.49,0.0,0.007030114071330678,,496005961.0,stanford-crfm/levanter,Python
tests/test_new_cache.py,11,callable,ok,tests.test_new_cache.test_finalize_cache,tests.test_new_cache.test_finalize_cache,fbe27bc7f3591a6403fef3b2b6c805114e9215f4,2024-09-05T11:10:11-07:00,cd82fb3d326bff91e33683f1adc86ca89c4992cf,2024-09-24T21:54:37-07:00,2,19,0.0625,,,True,False,2,0,284.49,0.0,0.007030114071330678,,496005961.0,stanford-crfm/levanter,Python
tests/test_new_cache.py,12,callable,ok,tests.test_new_cache.test_error_handling,tests.test_new_cache.test_error_handling,fbe27bc7f3591a6403fef3b2b6c805114e9215f4,2024-09-05T11:10:11-07:00,fbe27bc7f3591a6403fef3b2b6c805114e9215f4,2024-09-05T11:10:11-07:00,1,0,0.0625,,,True,False,1,0,284.49,0.0,0.003515057035665339,,496005961.0,stanford-crfm/levanter,Python
tests/test_new_cache.py,13,callable,ok,tests.test_new_cache.test_out_of_order_batches_same_shard,tests.test_new_cache.test_out_of_order_batches_same_shard,fbe27bc7f3591a6403fef3b2b6c805114e9215f4,2024-09-05T11:10:11-07:00,cd82fb3d326bff91e33683f1adc86ca89c4992cf,2024-09-24T21:54:37-07:00,2,19,0.08,,,True,False,2,0,284.49,0.0,0.007030114071330678,,496005961.0,stanford-crfm/levanter,Python
tests/test_new_cache.py,14,callable,ok,tests.test_new_cache.test_out_of_order_batches_different_shards,tests.test_new_cache.test_out_of_order_batches_different_shards,fbe27bc7f3591a6403fef3b2b6c805114e9215f4,2024-09-05T11:10:11-07:00,cd82fb3d326bff91e33683f1adc86ca89c4992cf,2024-09-24T21:54:37-07:00,2,19,0.07142857142857142,,,True,False,2,0,284.49,0.0,0.007030114071330678,,496005961.0,stanford-crfm/levanter,Python
tests/test_new_cache.py,15,callable,ok,tests.test_new_cache.test_batches_different_orders_all_shards,tests.test_new_cache.test_batches_different_orders_all_shards,fbe27bc7f3591a6403fef3b2b6c805114e9215f4,2024-09-05T11:10:11-07:00,cd82fb3d326bff91e33683f1adc86ca89c4992cf,2024-09-24T21:54:37-07:00,2,19,0.06451612903225806,,,True,False,2,0,284.49,0.0,0.007030114071330678,,496005961.0,stanford-crfm/levanter,Python
tests/test_new_cache.py,16,callable,ok,tests.test_new_cache.test_intermixed_batches_same_and_different_shards,tests.test_new_cache.test_intermixed_batches_same_and_different_shards,fbe27bc7f3591a6403fef3b2b6c805114e9215f4,2024-09-05T11:10:11-07:00,cd82fb3d326bff91e33683f1adc86ca89c4992cf,2024-09-24T21:54:37-07:00,2,19,0.058823529411764705,,,True,False,2,0,284.49,0.0,0.007030114071330678,,496005961.0,stanford-crfm/levanter,Python
tests/test_new_cache.py,17,callable,ok,tests.test_new_cache.test_duplicate_batches_same_shard,tests.test_new_cache.test_duplicate_batches_same_shard,fbe27bc7f3591a6403fef3b2b6c805114e9215f4,2024-09-05T11:10:11-07:00,cd82fb3d326bff91e33683f1adc86ca89c4992cf,2024-09-24T21:54:37-07:00,2,19,0.1111111111111111,,,True,False,2,0,284.49,0.0,0.007030114071330678,,496005961.0,stanford-crfm/levanter,Python
tests/test_new_cache.py,18,callable,ok,tests.test_new_cache.test_mixed_order_batches_multiple_shards,tests.test_new_cache.test_mixed_order_batches_multiple_shards,fbe27bc7f3591a6403fef3b2b6c805114e9215f4,2024-09-05T11:10:11-07:00,cd82fb3d326bff91e33683f1adc86ca89c4992cf,2024-09-24T21:54:37-07:00,2,19,0.05405405405405406,,,True,False,2,0,284.49,0.0,0.007030114071330678,,496005961.0,stanford-crfm/levanter,Python
tests/test_new_cache.py,19,callable,ok,tests.test_new_cache.test_full_end_to_end_cache_simple,tests.test_new_cache.test_full_end_to_end_cache_simple,fbe27bc7f3591a6403fef3b2b6c805114e9215f4,2024-09-05T11:10:11-07:00,fbe27bc7f3591a6403fef3b2b6c805114e9215f4,2024-09-05T11:10:11-07:00,1,0,0.06666666666666667,,,True,False,1,0,284.49,0.0,0.003515057035665339,,496005961.0,stanford-crfm/levanter,Python
tests/test_new_cache.py,30,callable,ok,tests.test_new_cache.test_backpressure_mechanism,tests.test_new_cache.test_backpressure_mechanism,fbe27bc7f3591a6403fef3b2b6c805114e9215f4,2024-09-05T11:10:11-07:00,cd82fb3d326bff91e33683f1adc86ca89c4992cf,2024-09-24T21:54:37-07:00,2,19,0.03636363636363636,,,True,False,2,0,284.49,0.0,0.007030114071330678,,496005961.0,stanford-crfm/levanter,Python
tests/test_new_cache.py,31,callable,ok,tests.test_new_cache.TestProcessor.__init__,tests.test_new_cache.TestProcessor.__init__,fbe27bc7f3591a6403fef3b2b6c805114e9215f4,2024-09-05T11:10:11-07:00,fbe27bc7f3591a6403fef3b2b6c805114e9215f4,2024-09-05T11:10:11-07:00,1,0,0.5,,,True,False,1,0,284.49,0.0,0.003515057035665339,,496005961.0,stanford-crfm/levanter,Python
tests/test_new_cache.py,34,callable,ok,tests.test_new_cache.TestProcessor.batch_size,tests.test_new_cache.TestProcessor.batch_size,fbe27bc7f3591a6403fef3b2b6c805114e9215f4,2024-09-05T11:10:11-07:00,fbe27bc7f3591a6403fef3b2b6c805114e9215f4,2024-09-05T11:10:11-07:00,1,0,0.5,,,True,False,1,0,284.49,0.0,0.003515057035665339,,496005961.0,stanford-crfm/levanter,Python
tests/test_new_cache.py,36,callable,ok,tests.test_new_cache.SimpleProcessor.__init__,tests.test_new_cache.SimpleProcessor.__init__,fbe27bc7f3591a6403fef3b2b6c805114e9215f4,2024-09-05T11:10:11-07:00,fbe27bc7f3591a6403fef3b2b6c805114e9215f4,2024-09-05T11:10:11-07:00,1,0,0.5,,,True,False,1,0,284.49,0.0,0.003515057035665339,,496005961.0,stanford-crfm/levanter,Python
tests/test_new_cache.py,38,callable,ok,tests.test_new_cache.SimpleProcessor.batch_size,tests.test_new_cache.SimpleProcessor.batch_size,fbe27bc7f3591a6403fef3b2b6c805114e9215f4,2024-09-05T11:10:11-07:00,fbe27bc7f3591a6403fef3b2b6c805114e9215f4,2024-09-05T11:10:11-07:00,1,0,0.5,,,True,False,1,0,284.49,0.0,0.003515057035665339,,496005961.0,stanford-crfm/levanter,Python
tests/test_new_cache.py,53,callable,ok,tests.test_new_cache.PretendParent.signal_backpressure,tests.test_new_cache.PretendParent.signal_backpressure,fbe27bc7f3591a6403fef3b2b6c805114e9215f4,2024-09-05T11:10:11-07:00,fbe27bc7f3591a6403fef3b2b6c805114e9215f4,2024-09-05T11:10:11-07:00,1,0,0.5,,,True,False,1,0,284.49,0.0,0.003515057035665339,,496005961.0,stanford-crfm/levanter,Python
tests/test_new_cache.py,54,callable,ok,tests.test_new_cache.PretendParent.desired_next_item,tests.test_new_cache.PretendParent.desired_next_item,fbe27bc7f3591a6403fef3b2b6c805114e9215f4,2024-09-05T11:10:11-07:00,fbe27bc7f3591a6403fef3b2b6c805114e9215f4,2024-09-05T11:10:11-07:00,1,0,0.5,,,True,False,1,0,284.49,0.0,0.003515057035665339,,496005961.0,stanford-crfm/levanter,Python
tests/test_new_cache.py,50,callable,ok,tests.test_new_cache.PretendParent._updated_ledger,tests.test_new_cache.PretendParent._notify_updated_ledger,fbe27bc7f3591a6403fef3b2b6c805114e9215f4,2024-09-05T11:10:11-07:00,b41838f35b6ecda8cb9dbdd3c408e14bcb75b0ad,2024-10-03T22:57:36-07:00,2,28,0.4,,,True,True,2,0,284.49,0.0,0.007030114071330678,,496005961.0,stanford-crfm/levanter,Python
tests/test_new_cache.py,5,callable,ok,tests.test_new_cache.crappy_du,tests.test_new_cache.crappy_du,fbe27bc7f3591a6403fef3b2b6c805114e9215f4,2024-09-05T11:10:11-07:00,fbe27bc7f3591a6403fef3b2b6c805114e9215f4,2024-09-05T11:10:11-07:00,1,0,0.125,,,True,False,1,0,284.49,0.0,0.003515057035665339,,496005961.0,stanford-crfm/levanter,Python
tests/test_new_cache.py,44,callable,ok,tests.test_new_cache.PretendParent.__init__,tests.test_new_cache.PretendParent.__init__,fbe27bc7f3591a6403fef3b2b6c805114e9215f4,2024-09-05T11:10:11-07:00,fbe27bc7f3591a6403fef3b2b6c805114e9215f4,2024-09-05T11:10:11-07:00,1,0,0.125,,,True,False,1,0,284.49,0.0,0.003515057035665339,,496005961.0,stanford-crfm/levanter,Python
tests/test_new_cache.py,45,callable,ok,tests.test_new_cache.PretendParent._child_failed,tests.test_new_cache.PretendParent._child_failed,fbe27bc7f3591a6403fef3b2b6c805114e9215f4,2024-09-05T11:10:11-07:00,fbe27bc7f3591a6403fef3b2b6c805114e9215f4,2024-09-05T11:10:11-07:00,1,0,0.14285714285714285,,,True,False,1,0,284.49,0.0,0.003515057035665339,,496005961.0,stanford-crfm/levanter,Python
tests/test_new_cache.py,46,callable,ok,tests.test_new_cache.PretendParent.shard_failed,tests.test_new_cache.PretendParent.shard_failed,fbe27bc7f3591a6403fef3b2b6c805114e9215f4,2024-09-05T11:10:11-07:00,fbe27bc7f3591a6403fef3b2b6c805114e9215f4,2024-09-05T11:10:11-07:00,1,0,0.3333333333333333,,,True,False,1,0,284.49,0.0,0.003515057035665339,,496005961.0,stanford-crfm/levanter,Python
tests/test_new_cache.py,47,callable,ok,tests.test_new_cache.PretendParent.wait_for_failure,tests.test_new_cache.PretendParent.wait_for_failure,fbe27bc7f3591a6403fef3b2b6c805114e9215f4,2024-09-05T11:10:11-07:00,fbe27bc7f3591a6403fef3b2b6c805114e9215f4,2024-09-05T11:10:11-07:00,1,0,0.3333333333333333,,,True,False,1,0,284.49,0.0,0.003515057035665339,,496005961.0,stanford-crfm/levanter,Python
tests/test_new_cache.py,48,callable,ok,tests.test_new_cache.PretendParent.shard_finished,tests.test_new_cache.PretendParent.shard_finished,fbe27bc7f3591a6403fef3b2b6c805114e9215f4,2024-09-05T11:10:11-07:00,fbe27bc7f3591a6403fef3b2b6c805114e9215f4,2024-09-05T11:10:11-07:00,1,0,0.5,,,True,False,1,0,284.49,0.0,0.003515057035665339,,496005961.0,stanford-crfm/levanter,Python
tests/test_new_cache.py,49,callable,ok,tests.test_new_cache.PretendParent.get_finished_shards,tests.test_new_cache.PretendParent.get_finished_shards,fbe27bc7f3591a6403fef3b2b6c805114e9215f4,2024-09-05T11:10:11-07:00,fbe27bc7f3591a6403fef3b2b6c805114e9215f4,2024-09-05T11:10:11-07:00,1,0,0.5,,,True,False,1,0,284.49,0.0,0.003515057035665339,,496005961.0,stanford-crfm/levanter,Python
tests/test_new_cache.py,51,callable,ok,tests.test_new_cache.PretendParent._finalize,tests.test_new_cache.PretendParent._finalize,fbe27bc7f3591a6403fef3b2b6c805114e9215f4,2024-09-05T11:10:11-07:00,fbe27bc7f3591a6403fef3b2b6c805114e9215f4,2024-09-05T11:10:11-07:00,1,0,0.5,,,True,False,1,0,284.49,0.0,0.003515057035665339,,496005961.0,stanford-crfm/levanter,Python
tests/test_new_cache.py,52,callable,ok,tests.test_new_cache.PretendParent.is_finished,tests.test_new_cache.PretendParent.is_finished,fbe27bc7f3591a6403fef3b2b6c805114e9215f4,2024-09-05T11:10:11-07:00,fbe27bc7f3591a6403fef3b2b6c805114e9215f4,2024-09-05T11:10:11-07:00,1,0,0.5,,,True,False,1,0,284.49,0.0,0.003515057035665339,,496005961.0,stanford-crfm/levanter,Python
tests/test_new_cache.py,57,callable,ok,tests.test_new_cache.test_sharded_cache_writer,tests.test_new_cache.test_sharded_cache_writer,b41838f35b6ecda8cb9dbdd3c408e14bcb75b0ad,2024-10-03T22:57:36-07:00,c3b3dd80503b9246a880e6705c006a4b6ebcae75,2024-10-11T15:14:51-07:00,2,7,0.05555555555555555,,,True,False,2,0,256.0,0.0,0.007812526137827971,,496005961.0,stanford-crfm/levanter,Python
tests/test_new_cache.py,58,callable,ok,tests.test_new_cache.test_sharded_cache_writer_trims_on_resume,tests.test_new_cache.test_sharded_cache_writer_trims_on_resume,b41838f35b6ecda8cb9dbdd3c408e14bcb75b0ad,2024-10-03T22:57:36-07:00,c3b3dd80503b9246a880e6705c006a4b6ebcae75,2024-10-11T15:14:51-07:00,2,7,0.043478260869565216,,,True,False,2,0,256.0,0.0,0.007812526137827971,,496005961.0,stanford-crfm/levanter,Python
tests/test_new_cache.py,0,callable,ok,tests.test_new_cache.simple_process,tests.test_new_cache.simple_process,fbe27bc7f3591a6403fef3b2b6c805114e9215f4,2024-09-05T11:10:11-07:00,fbe27bc7f3591a6403fef3b2b6c805114e9215f4,2024-09-05T11:10:11-07:00,1,428,0.14285714285714285,,,False,False,1,0,284.49,0.0,0.003515057035665339,,496005961.0,stanford-crfm/levanter,Python
tests/test_new_cache.py,1,callable,ok,tests.test_new_cache.process_interleave,tests.test_new_cache.process_interleave,fbe27bc7f3591a6403fef3b2b6c805114e9215f4,2024-09-05T11:10:11-07:00,b41838f35b6ecda8cb9dbdd3c408e14bcb75b0ad,2024-10-03T22:57:36-07:00,2,428,0.125,,,False,False,2,0,284.49,0.0,0.007030114071330678,,496005961.0,stanford-crfm/levanter,Python
tests/test_new_cache.py,2,callable,ok,tests.test_new_cache.setup_module,tests.test_new_cache.setup_module,fbe27bc7f3591a6403fef3b2b6c805114e9215f4,2024-09-05T11:10:11-07:00,fbe27bc7f3591a6403fef3b2b6c805114e9215f4,2024-09-05T11:10:11-07:00,1,428,0.25,,,False,False,1,0,284.49,0.0,0.003515057035665339,,496005961.0,stanford-crfm/levanter,Python
tests/test_new_cache.py,3,callable,ok,tests.test_new_cache.teardown_module,tests.test_new_cache.teardown_module,fbe27bc7f3591a6403fef3b2b6c805114e9215f4,2024-09-05T11:10:11-07:00,fbe27bc7f3591a6403fef3b2b6c805114e9215f4,2024-09-05T11:10:11-07:00,1,428,0.5,,,False,False,1,0,284.49,0.0,0.003515057035665339,,496005961.0,stanford-crfm/levanter,Python
tests/test_new_cache.py,4,callable,ok,tests.test_new_cache.test_serial_cache_writer,tests.test_new_cache.test_serial_cache_writer,fbe27bc7f3591a6403fef3b2b6c805114e9215f4,2024-09-05T11:10:11-07:00,b41838f35b6ecda8cb9dbdd3c408e14bcb75b0ad,2024-10-03T22:57:36-07:00,2,428,0.09523809523809523,,,False,False,2,0,284.49,0.0,0.007030114071330678,,496005961.0,stanford-crfm/levanter,Python
tests/test_new_cache.py,20,callable,ok,tests.test_new_cache.test_cache_remembers_its_cached,tests.test_new_cache.test_cache_remembers_its_cached,fbe27bc7f3591a6403fef3b2b6c805114e9215f4,2024-09-05T11:10:11-07:00,b41838f35b6ecda8cb9dbdd3c408e14bcb75b0ad,2024-10-03T22:57:36-07:00,2,428,0.15384615384615385,,,False,False,2,0,284.49,0.0,0.007030114071330678,,496005961.0,stanford-crfm/levanter,Python
tests/test_new_cache.py,21,callable,ok,tests.test_new_cache.check_datasets_equal,tests.test_new_cache.check_datasets_equal,fbe27bc7f3591a6403fef3b2b6c805114e9215f4,2024-09-05T11:10:11-07:00,b41838f35b6ecda8cb9dbdd3c408e14bcb75b0ad,2024-10-03T22:57:36-07:00,2,428,0.25,,,False,False,2,0,284.49,0.0,0.007030114071330678,,496005961.0,stanford-crfm/levanter,Python
tests/test_new_cache.py,22,callable,ok,tests.test_new_cache.test_cache_recover_from_crash,tests.test_new_cache.test_cache_recover_from_crash,fbe27bc7f3591a6403fef3b2b6c805114e9215f4,2024-09-05T11:10:11-07:00,98e017093b054bf9ec4019f434f1460b1894d7a1,2024-11-03T16:15:35-08:00,3,428,0.06521739130434782,0.9989399159855882,,False,False,3,0,284.49,0.0,0.010545171106996017,,496005961.0,stanford-crfm/levanter,Python
tests/test_new_cache.py,23,callable,ok,tests.test_new_cache.test_no_hang_if_empty_shard_source,tests.test_new_cache.test_no_hang_if_empty_shard_source,fbe27bc7f3591a6403fef3b2b6c805114e9215f4,2024-09-05T11:10:11-07:00,fbe27bc7f3591a6403fef3b2b6c805114e9215f4,2024-09-05T11:10:11-07:00,1,428,0.08333333333333333,,,False,False,1,0,284.49,0.0,0.003515057035665339,,496005961.0,stanford-crfm/levanter,Python
tests/test_new_cache.py,24,callable,ok,tests.test_new_cache.test_chunk_ordering_is_correct_with_slow_shards,tests.test_new_cache.test_chunk_ordering_is_correct_with_slow_shards,fbe27bc7f3591a6403fef3b2b6c805114e9215f4,2024-09-05T11:10:11-07:00,8e60ba9d66cb3f4c1e8ceeff84d2dae97ff9de48,2024-11-01T09:53:22-07:00,3,428,0.10344827586206896,0.9999997138301999,,False,False,3,0,284.49,0.0,0.010545171106996017,,496005961.0,stanford-crfm/levanter,Python
tests/test_new_cache.py,25,callable,ok,tests.test_new_cache.test_can_get_elems_before_finished,tests.test_new_cache.test_can_get_elems_before_finished,fbe27bc7f3591a6403fef3b2b6c805114e9215f4,2024-09-05T11:10:11-07:00,cb85654799076b3db1b603cbe0c89294613d7c72,2024-11-01T16:47:58-07:00,4,428,0.06779661016949153,1.0406164762112735,,False,False,4,0,284.49,0.0,0.014060228142661356,,496005961.0,stanford-crfm/levanter,Python
tests/test_new_cache.py,26,callable,ok,tests.test_new_cache.test_shard_cache_crashes_if_processor_throws,tests.test_new_cache.test_shard_cache_crashes_if_processor_throws,fbe27bc7f3591a6403fef3b2b6c805114e9215f4,2024-09-05T11:10:11-07:00,b41838f35b6ecda8cb9dbdd3c408e14bcb75b0ad,2024-10-03T22:57:36-07:00,2,428,0.25,,,False,False,2,0,284.49,0.0,0.007030114071330678,,496005961.0,stanford-crfm/levanter,Python
tests/test_new_cache.py,27,callable,ok,tests.test_new_cache.test_shard_cache_fails_with_multiple_shards_with_the_same_name,tests.test_new_cache.test_shard_cache_fails_with_multiple_shards_with_the_same_name,fbe27bc7f3591a6403fef3b2b6c805114e9215f4,2024-09-05T11:10:11-07:00,fbe27bc7f3591a6403fef3b2b6c805114e9215f4,2024-09-05T11:10:11-07:00,1,428,0.05555555555555555,,,False,False,1,0,284.49,0.0,0.003515057035665339,,496005961.0,stanford-crfm/levanter,Python
tests/test_new_cache.py,28,callable,ok,tests.test_new_cache.test_shard_cache_fails_gracefully_with_unknown_file_type_async,tests.test_new_cache.test_shard_cache_fails_gracefully_with_unknown_file_type_async,fbe27bc7f3591a6403fef3b2b6c805114e9215f4,2024-09-05T11:10:11-07:00,fbe27bc7f3591a6403fef3b2b6c805114e9215f4,2024-09-05T11:10:11-07:00,1,428,0.043478260869565216,,,False,False,1,0,284.49,0.0,0.003515057035665339,,496005961.0,stanford-crfm/levanter,Python
tests/test_new_cache.py,29,callable,ok,tests.test_new_cache.test_shard_cache_fails_gracefully_with_unknown_file_type,tests.test_new_cache.test_shard_cache_fails_gracefully_with_unknown_file_type,fbe27bc7f3591a6403fef3b2b6c805114e9215f4,2024-09-05T11:10:11-07:00,fbe27bc7f3591a6403fef3b2b6c805114e9215f4,2024-09-05T11:10:11-07:00,1,428,0.043478260869565216,,,False,False,1,0,284.49,0.0,0.003515057035665339,,496005961.0,stanford-crfm/levanter,Python
tests/test_new_cache.py,32,callable,ok,tests.test_new_cache.TestProcessor.__call__,tests.test_new_cache.TestProcessor.__call__,fbe27bc7f3591a6403fef3b2b6c805114e9215f4,2024-09-05T11:10:11-07:00,fbe27bc7f3591a6403fef3b2b6c805114e9215f4,2024-09-05T11:10:11-07:00,1,428,0.3333333333333333,,,False,False,1,0,284.49,0.0,0.003515057035665339,,496005961.0,stanford-crfm/levanter,Python
tests/test_new_cache.py,33,callable,ok,tests.test_new_cache.TestProcessor.output_exemplar,tests.test_new_cache.TestProcessor.output_exemplar,fbe27bc7f3591a6403fef3b2b6c805114e9215f4,2024-09-05T11:10:11-07:00,fbe27bc7f3591a6403fef3b2b6c805114e9215f4,2024-09-05T11:10:11-07:00,1,428,0.5,,,False,False,1,0,284.49,0.0,0.003515057035665339,,496005961.0,stanford-crfm/levanter,Python
tests/test_new_cache.py,35,callable,ok,tests.test_new_cache.TestProcessor.num_cpus,tests.test_new_cache.TestProcessor.num_cpus,fbe27bc7f3591a6403fef3b2b6c805114e9215f4,2024-09-05T11:10:11-07:00,fbe27bc7f3591a6403fef3b2b6c805114e9215f4,2024-09-05T11:10:11-07:00,1,428,0.5,,,False,False,1,0,284.49,0.0,0.003515057035665339,,496005961.0,stanford-crfm/levanter,Python
tests/test_new_cache.py,37,callable,ok,tests.test_new_cache.SimpleProcessor.__call__,tests.test_new_cache.SimpleProcessor.__call__,fbe27bc7f3591a6403fef3b2b6c805114e9215f4,2024-09-05T11:10:11-07:00,fbe27bc7f3591a6403fef3b2b6c805114e9215f4,2024-09-05T11:10:11-07:00,1,428,0.5,,,False,False,1,0,284.49,0.0,0.003515057035665339,,496005961.0,stanford-crfm/levanter,Python
tests/test_new_cache.py,39,callable,ok,tests.test_new_cache.SimpleProcessor.num_cpus,tests.test_new_cache.SimpleProcessor.num_cpus,fbe27bc7f3591a6403fef3b2b6c805114e9215f4,2024-09-05T11:10:11-07:00,fbe27bc7f3591a6403fef3b2b6c805114e9215f4,2024-09-05T11:10:11-07:00,1,428,0.5,,,False,False,1,0,284.49,0.0,0.003515057035665339,,496005961.0,stanford-crfm/levanter,Python
tests/test_new_cache.py,40,callable,ok,tests.test_new_cache.SimpleProcessor.output_exemplar,tests.test_new_cache.SimpleProcessor.output_exemplar,fbe27bc7f3591a6403fef3b2b6c805114e9215f4,2024-09-05T11:10:11-07:00,fbe27bc7f3591a6403fef3b2b6c805114e9215f4,2024-09-05T11:10:11-07:00,1,428,0.5,,,False,False,1,0,284.49,0.0,0.003515057035665339,,496005961.0,stanford-crfm/levanter,Python
tests/test_new_cache.py,41,callable,ok,tests.test_new_cache.SimpleShardSource.__init__,tests.test_new_cache.SimpleShardSource.__init__,fbe27bc7f3591a6403fef3b2b6c805114e9215f4,2024-09-05T11:10:11-07:00,c3b3dd80503b9246a880e6705c006a4b6ebcae75,2024-10-11T15:14:51-07:00,2,428,0.6666666666666666,,,False,False,2,0,284.49,0.0,0.007030114071330678,,496005961.0,stanford-crfm/levanter,Python
tests/test_new_cache.py,42,callable,ok,tests.test_new_cache.SimpleShardSource.shard_names,tests.test_new_cache.SimpleShardSource.shard_names,fbe27bc7f3591a6403fef3b2b6c805114e9215f4,2024-09-05T11:10:11-07:00,fbe27bc7f3591a6403fef3b2b6c805114e9215f4,2024-09-05T11:10:11-07:00,1,428,0.5,,,False,False,1,0,284.49,0.0,0.003515057035665339,,496005961.0,stanford-crfm/levanter,Python
tests/test_new_cache.py,43,callable,ok,tests.test_new_cache.SimpleShardSource.open_shard_at_row,tests.test_new_cache.SimpleShardSource.open_shard_at_row,fbe27bc7f3591a6403fef3b2b6c805114e9215f4,2024-09-05T11:10:11-07:00,c3b3dd80503b9246a880e6705c006a4b6ebcae75,2024-10-11T15:14:51-07:00,2,428,0.5,,,False,False,2,0,284.49,0.0,0.007030114071330678,,496005961.0,stanford-crfm/levanter,Python
tests/test_new_cache.py,55,callable,ok,tests.test_new_cache.test_full_end_to_end_cache,tests.test_new_cache.test_full_end_to_end_cache,b41838f35b6ecda8cb9dbdd3c408e14bcb75b0ad,2024-10-03T22:57:36-07:00,98e017093b054bf9ec4019f434f1460b1894d7a1,2024-11-03T16:15:35-08:00,3,399,0.1875,0.38430073688666133,,False,False,3,0,256.0,0.0,0.011718789206741957,,496005961.0,stanford-crfm/levanter,Python
tests/test_new_cache.py,56,callable,ok,tests.test_new_cache.test_full_end_to_end_cache_with_groups,tests.test_new_cache.test_full_end_to_end_cache_with_groups,b41838f35b6ecda8cb9dbdd3c408e14bcb75b0ad,2024-10-03T22:57:36-07:00,8e60ba9d66cb3f4c1e8ceeff84d2dae97ff9de48,2024-11-01T09:53:22-07:00,2,399,0.125,,,False,False,2,0,256.0,0.0,0.007812526137827971,,496005961.0,stanford-crfm/levanter,Python
tests/test_new_cache.py,59,callable,ok,tests.test_new_cache.TestProcessor.metadata,tests.test_new_cache.TestProcessor.metadata,b41838f35b6ecda8cb9dbdd3c408e14bcb75b0ad,2024-10-03T22:57:36-07:00,b41838f35b6ecda8cb9dbdd3c408e14bcb75b0ad,2024-10-03T22:57:36-07:00,1,399,0.5,,,False,False,1,0,256.0,0.0,0.003906263068913986,,496005961.0,stanford-crfm/levanter,Python
tests/test_new_cache.py,60,callable,ok,tests.test_new_cache.SimpleProcessor.metadata,tests.test_new_cache.SimpleProcessor.metadata,b41838f35b6ecda8cb9dbdd3c408e14bcb75b0ad,2024-10-03T22:57:36-07:00,b41838f35b6ecda8cb9dbdd3c408e14bcb75b0ad,2024-10-03T22:57:36-07:00,1,399,0.5,,,False,False,1,0,256.0,0.0,0.003906263068913986,,496005961.0,stanford-crfm/levanter,Python
tests/test_new_loader.py,0,class,ok,tests.test_new_loader.StructuredDataset,tests.test_new_loader.StructuredDataset,fbe27bc7f3591a6403fef3b2b6c805114e9215f4,2024-09-05T11:10:11-07:00,fbe27bc7f3591a6403fef3b2b6c805114e9215f4,2024-09-05T11:10:11-07:00,1,428,0.030303030303030304,,,False,False,1,0,284.49,0.0,0.003515057035665339,,496005961.0,stanford-crfm/levanter,Python
tests/test_new_loader.py,1,class,ok,tests.test_new_loader.StructuredDatasetWithNames,tests.test_new_loader.StructuredDatasetWithNames,fbe27bc7f3591a6403fef3b2b6c805114e9215f4,2024-09-05T11:10:11-07:00,fbe27bc7f3591a6403fef3b2b6c805114e9215f4,2024-09-05T11:10:11-07:00,1,428,0.021739130434782608,,,False,False,1,0,284.49,0.0,0.003515057035665339,,496005961.0,stanford-crfm/levanter,Python
tests/test_new_loader.py,0,callable,ok,tests.test_new_loader._small_dataset,tests.test_new_loader._small_dataset,fbe27bc7f3591a6403fef3b2b6c805114e9215f4,2024-09-05T11:10:11-07:00,fbe27bc7f3591a6403fef3b2b6c805114e9215f4,2024-09-05T11:10:11-07:00,1,428,0.25,,,False,False,1,0,284.49,0.0,0.003515057035665339,,496005961.0,stanford-crfm/levanter,Python
tests/test_new_loader.py,1,callable,ok,tests.test_new_loader.test_local_batched_data_loading_model_axis_2,tests.test_new_loader.test_local_batched_data_loading_model_axis_2,fbe27bc7f3591a6403fef3b2b6c805114e9215f4,2024-09-05T11:10:11-07:00,fbe27bc7f3591a6403fef3b2b6c805114e9215f4,2024-09-05T11:10:11-07:00,1,428,0.05555555555555555,,,False,False,1,0,284.49,0.0,0.003515057035665339,,496005961.0,stanford-crfm/levanter,Python
tests/test_new_loader.py,2,callable,ok,tests.test_new_loader.test_local_batched_data_loading_model_axis_1,tests.test_new_loader.test_local_batched_data_loading_model_axis_1,fbe27bc7f3591a6403fef3b2b6c805114e9215f4,2024-09-05T11:10:11-07:00,fbe27bc7f3591a6403fef3b2b6c805114e9215f4,2024-09-05T11:10:11-07:00,1,428,0.05555555555555555,,,False,False,1,0,284.49,0.0,0.003515057035665339,,496005961.0,stanford-crfm/levanter,Python
tests/test_new_loader.py,3,callable,ok,tests.test_new_loader.test_structured_batches_model_axis_1,tests.test_new_loader.test_structured_batches_model_axis_1,fbe27bc7f3591a6403fef3b2b6c805114e9215f4,2024-09-05T11:10:11-07:00,fbe27bc7f3591a6403fef3b2b6c805114e9215f4,2024-09-05T11:10:11-07:00,1,428,0.058823529411764705,,,False,False,1,0,284.49,0.0,0.003515057035665339,,496005961.0,stanford-crfm/levanter,Python
tests/test_new_loader.py,4,callable,ok,tests.test_new_loader.test_structured_batches_model_axis_2,tests.test_new_loader.test_structured_batches_model_axis_2,fbe27bc7f3591a6403fef3b2b6c805114e9215f4,2024-09-05T11:10:11-07:00,fbe27bc7f3591a6403fef3b2b6c805114e9215f4,2024-09-05T11:10:11-07:00,1,428,0.058823529411764705,,,False,False,1,0,284.49,0.0,0.003515057035665339,,496005961.0,stanford-crfm/levanter,Python
tests/test_new_loader.py,5,callable,ok,tests.test_new_loader.test_structured_batches_model_axis_1_with_names,tests.test_new_loader.test_structured_batches_model_axis_1_with_names,fbe27bc7f3591a6403fef3b2b6c805114e9215f4,2024-09-05T11:10:11-07:00,fbe27bc7f3591a6403fef3b2b6c805114e9215f4,2024-09-05T11:10:11-07:00,1,428,0.05,,,False,False,1,0,284.49,0.0,0.003515057035665339,,496005961.0,stanford-crfm/levanter,Python
tests/test_new_loader.py,6,callable,ok,tests.test_new_loader.test_structured_batches_model_axis_2_with_names,tests.test_new_loader.test_structured_batches_model_axis_2_with_names,fbe27bc7f3591a6403fef3b2b6c805114e9215f4,2024-09-05T11:10:11-07:00,fbe27bc7f3591a6403fef3b2b6c805114e9215f4,2024-09-05T11:10:11-07:00,1,428,0.05555555555555555,,,False,False,1,0,284.49,0.0,0.003515057035665339,,496005961.0,stanford-crfm/levanter,Python
tests/test_new_loader.py,7,callable,ok,tests.test_new_loader.test_structured_batches_model_axis_2_subsharded,tests.test_new_loader.test_structured_batches_model_axis_2_subsharded,fbe27bc7f3591a6403fef3b2b6c805114e9215f4,2024-09-05T11:10:11-07:00,fbe27bc7f3591a6403fef3b2b6c805114e9215f4,2024-09-05T11:10:11-07:00,1,428,0.05555555555555555,,,False,False,1,0,284.49,0.0,0.003515057035665339,,496005961.0,stanford-crfm/levanter,Python
tests/test_new_loader.py,8,callable,ok,tests.test_new_loader.StructuredDataset.__init__,tests.test_new_loader.StructuredDataset.__init__,fbe27bc7f3591a6403fef3b2b6c805114e9215f4,2024-09-05T11:10:11-07:00,fbe27bc7f3591a6403fef3b2b6c805114e9215f4,2024-09-05T11:10:11-07:00,1,428,0.2,,,False,False,1,0,284.49,0.0,0.003515057035665339,,496005961.0,stanford-crfm/levanter,Python
tests/test_new_loader.py,9,callable,ok,tests.test_new_loader.StructuredDataset.async_len,tests.test_new_loader.StructuredDataset.async_len,fbe27bc7f3591a6403fef3b2b6c805114e9215f4,2024-09-05T11:10:11-07:00,fbe27bc7f3591a6403fef3b2b6c805114e9215f4,2024-09-05T11:10:11-07:00,1,428,0.5,,,False,False,1,0,284.49,0.0,0.003515057035665339,,496005961.0,stanford-crfm/levanter,Python
tests/test_new_loader.py,10,callable,ok,tests.test_new_loader.StructuredDataset.getitem_async,tests.test_new_loader.StructuredDataset.getitem_async,fbe27bc7f3591a6403fef3b2b6c805114e9215f4,2024-09-05T11:10:11-07:00,fbe27bc7f3591a6403fef3b2b6c805114e9215f4,2024-09-05T11:10:11-07:00,1,428,0.1,,,False,False,1,0,284.49,0.0,0.003515057035665339,,496005961.0,stanford-crfm/levanter,Python
tests/test_new_loader.py,11,callable,ok,tests.test_new_loader.StructuredDataset.final_length_is_known,tests.test_new_loader.StructuredDataset.final_length_is_known,fbe27bc7f3591a6403fef3b2b6c805114e9215f4,2024-09-05T11:10:11-07:00,fbe27bc7f3591a6403fef3b2b6c805114e9215f4,2024-09-05T11:10:11-07:00,1,428,0.5,,,False,False,1,0,284.49,0.0,0.003515057035665339,,496005961.0,stanford-crfm/levanter,Python
tests/test_new_loader.py,12,callable,ok,tests.test_new_loader.StructuredDataset.is_finite,tests.test_new_loader.StructuredDataset.is_finite,fbe27bc7f3591a6403fef3b2b6c805114e9215f4,2024-09-05T11:10:11-07:00,fbe27bc7f3591a6403fef3b2b6c805114e9215f4,2024-09-05T11:10:11-07:00,1,428,0.5,,,False,False,1,0,284.49,0.0,0.003515057035665339,,496005961.0,stanford-crfm/levanter,Python
tests/test_new_loader.py,13,callable,ok,tests.test_new_loader.StructuredDataset.current_len,tests.test_new_loader.StructuredDataset.current_len,fbe27bc7f3591a6403fef3b2b6c805114e9215f4,2024-09-05T11:10:11-07:00,fbe27bc7f3591a6403fef3b2b6c805114e9215f4,2024-09-05T11:10:11-07:00,1,428,0.5,,,False,False,1,0,284.49,0.0,0.003515057035665339,,496005961.0,stanford-crfm/levanter,Python
tests/test_new_loader.py,14,callable,ok,tests.test_new_loader.StructuredDataset.get_batch,tests.test_new_loader.StructuredDataset.get_batch,fbe27bc7f3591a6403fef3b2b6c805114e9215f4,2024-09-05T11:10:11-07:00,fbe27bc7f3591a6403fef3b2b6c805114e9215f4,2024-09-05T11:10:11-07:00,1,428,0.3333333333333333,,,False,False,1,0,284.49,0.0,0.003515057035665339,,496005961.0,stanford-crfm/levanter,Python
tests/test_new_loader.py,15,callable,ok,tests.test_new_loader.StructuredDatasetWithNames.__init__,tests.test_new_loader.StructuredDatasetWithNames.__init__,fbe27bc7f3591a6403fef3b2b6c805114e9215f4,2024-09-05T11:10:11-07:00,fbe27bc7f3591a6403fef3b2b6c805114e9215f4,2024-09-05T11:10:11-07:00,1,428,0.16666666666666666,,,False,False,1,0,284.49,0.0,0.003515057035665339,,496005961.0,stanford-crfm/levanter,Python
tests/test_new_loader.py,16,callable,ok,tests.test_new_loader.StructuredDatasetWithNames.final_length_is_known,tests.test_new_loader.StructuredDatasetWithNames.final_length_is_known,fbe27bc7f3591a6403fef3b2b6c805114e9215f4,2024-09-05T11:10:11-07:00,fbe27bc7f3591a6403fef3b2b6c805114e9215f4,2024-09-05T11:10:11-07:00,1,428,0.5,,,False,False,1,0,284.49,0.0,0.003515057035665339,,496005961.0,stanford-crfm/levanter,Python
tests/test_new_loader.py,17,callable,ok,tests.test_new_loader.StructuredDatasetWithNames.is_finite,tests.test_new_loader.StructuredDatasetWithNames.is_finite,fbe27bc7f3591a6403fef3b2b6c805114e9215f4,2024-09-05T11:10:11-07:00,fbe27bc7f3591a6403fef3b2b6c805114e9215f4,2024-09-05T11:10:11-07:00,1,428,0.5,,,False,False,1,0,284.49,0.0,0.003515057035665339,,496005961.0,stanford-crfm/levanter,Python
tests/test_new_loader.py,18,callable,ok,tests.test_new_loader.StructuredDatasetWithNames.current_len,tests.test_new_loader.StructuredDatasetWithNames.current_len,fbe27bc7f3591a6403fef3b2b6c805114e9215f4,2024-09-05T11:10:11-07:00,fbe27bc7f3591a6403fef3b2b6c805114e9215f4,2024-09-05T11:10:11-07:00,1,428,0.5,,,False,False,1,0,284.49,0.0,0.003515057035665339,,496005961.0,stanford-crfm/levanter,Python
tests/test_new_loader.py,19,callable,ok,tests.test_new_loader.StructuredDatasetWithNames.get_batch,tests.test_new_loader.StructuredDatasetWithNames.get_batch,fbe27bc7f3591a6403fef3b2b6c805114e9215f4,2024-09-05T11:10:11-07:00,fbe27bc7f3591a6403fef3b2b6c805114e9215f4,2024-09-05T11:10:11-07:00,1,428,0.3333333333333333,,,False,False,1,0,284.49,0.0,0.003515057035665339,,496005961.0,stanford-crfm/levanter,Python
tests/test_new_loader.py,20,callable,ok,tests.test_new_loader.StructuredDatasetWithNames.async_len,tests.test_new_loader.StructuredDatasetWithNames.async_len,fbe27bc7f3591a6403fef3b2b6c805114e9215f4,2024-09-05T11:10:11-07:00,fbe27bc7f3591a6403fef3b2b6c805114e9215f4,2024-09-05T11:10:11-07:00,1,428,0.5,,,False,False,1,0,284.49,0.0,0.003515057035665339,,496005961.0,stanford-crfm/levanter,Python
tests/test_new_loader.py,21,callable,ok,tests.test_new_loader.StructuredDatasetWithNames.getitem_async,tests.test_new_loader.StructuredDatasetWithNames.getitem_async,fbe27bc7f3591a6403fef3b2b6c805114e9215f4,2024-09-05T11:10:11-07:00,fbe27bc7f3591a6403fef3b2b6c805114e9215f4,2024-09-05T11:10:11-07:00,1,428,0.1,,,False,False,1,0,284.49,0.0,0.003515057035665339,,496005961.0,stanford-crfm/levanter,Python
tests/test_new_loader.py,22,callable,ok,tests.test_new_loader.StructuredDatasetWithNames._gen_image,tests.test_new_loader.StructuredDatasetWithNames._gen_image,fbe27bc7f3591a6403fef3b2b6c805114e9215f4,2024-09-05T11:10:11-07:00,fbe27bc7f3591a6403fef3b2b6c805114e9215f4,2024-09-05T11:10:11-07:00,1,428,0.14285714285714285,,,False,False,1,0,284.49,0.0,0.003515057035665339,,496005961.0,stanford-crfm/levanter,Python
tests/test_new_loader.py,23,callable,ok,tests.test_new_loader.StructuredDatasetWithNames.__iter__,tests.test_new_loader.StructuredDatasetWithNames.__iter__,fbe27bc7f3591a6403fef3b2b6c805114e9215f4,2024-09-05T11:10:11-07:00,fbe27bc7f3591a6403fef3b2b6c805114e9215f4,2024-09-05T11:10:11-07:00,1,428,0.3333333333333333,,,False,False,1,0,284.49,0.0,0.003515057035665339,,496005961.0,stanford-crfm/levanter,Python
tests/test_newdataset.py,0,callable,ok,tests.test_newdataset.test_length_of_sequence_dataset_is_accurate,tests.test_newdataset.test_length_of_sequence_dataset_is_accurate,fbe27bc7f3591a6403fef3b2b6c805114e9215f4,2024-09-05T11:10:11-07:00,fbe27bc7f3591a6403fef3b2b6c805114e9215f4,2024-09-05T11:10:11-07:00,1,428,0.1111111111111111,,,False,False,1,0,284.49,0.0,0.003515057035665339,,496005961.0,stanford-crfm/levanter,Python
tests/test_newdataset.py,1,callable,ok,tests.test_newdataset.test_list_dataset_get_item_returns_correct_item,tests.test_newdataset.test_list_dataset_get_item_returns_correct_item,fbe27bc7f3591a6403fef3b2b6c805114e9215f4,2024-09-05T11:10:11-07:00,fbe27bc7f3591a6403fef3b2b6c805114e9215f4,2024-09-05T11:10:11-07:00,1,428,0.25,,,False,False,1,0,284.49,0.0,0.003515057035665339,,496005961.0,stanford-crfm/levanter,Python
tests/test_newdataset.py,2,callable,ok,tests.test_newdataset.test_list_async_dataset_appends_and_finalizes_correctly,tests.test_newdataset.test_list_async_dataset_appends_and_finalizes_correctly,fbe27bc7f3591a6403fef3b2b6c805114e9215f4,2024-09-05T11:10:11-07:00,fbe27bc7f3591a6403fef3b2b6c805114e9215f4,2024-09-05T11:10:11-07:00,1,428,0.16666666666666666,,,False,False,1,0,284.49,0.0,0.003515057035665339,,496005961.0,stanford-crfm/levanter,Python
tests/test_newdataset.py,3,callable,ok,tests.test_newdataset.test_permutation_dataset_is_at_least_sometimes_permuted,tests.test_newdataset.test_permutation_dataset_is_at_least_sometimes_permuted,fbe27bc7f3591a6403fef3b2b6c805114e9215f4,2024-09-05T11:10:11-07:00,d07b0cabb4776ee06c385850a490f19afb7e6b2f,2025-02-26T09:48:32-08:00,2,428,0.18181818181818182,,,False,False,2,0,284.49,0.0,0.007030114071330678,,496005961.0,stanford-crfm/levanter,Python
tests/test_newdataset.py,4,callable,ok,tests.test_newdataset.test_era_shuffling_dataset_returns_correct_length,tests.test_newdataset.test_era_shuffling_dataset_returns_correct_length,fbe27bc7f3591a6403fef3b2b6c805114e9215f4,2024-09-05T11:10:11-07:00,fbe27bc7f3591a6403fef3b2b6c805114e9215f4,2024-09-05T11:10:11-07:00,1,428,0.09090909090909091,,,False,False,1,0,284.49,0.0,0.003515057035665339,,496005961.0,stanford-crfm/levanter,Python
tests/test_newdataset.py,5,callable,ok,tests.test_newdataset.test_era_shuffling_dataset_get_batch_returns_shuffled_batch,tests.test_newdataset.test_era_shuffling_dataset_get_batch_returns_shuffled_batch,fbe27bc7f3591a6403fef3b2b6c805114e9215f4,2024-09-05T11:10:11-07:00,fbe27bc7f3591a6403fef3b2b6c805114e9215f4,2024-09-05T11:10:11-07:00,1,428,0.09090909090909091,,,False,False,1,0,284.49,0.0,0.003515057035665339,,496005961.0,stanford-crfm/levanter,Python
tests/test_newdataset.py,6,callable,ok,tests.test_newdataset.test_era_shuffling_can_grow,tests.test_newdataset.test_era_shuffling_can_grow,fbe27bc7f3591a6403fef3b2b6c805114e9215f4,2024-09-05T11:10:11-07:00,fbe27bc7f3591a6403fef3b2b6c805114e9215f4,2024-09-05T11:10:11-07:00,1,428,0.015625,,,False,False,1,0,284.49,0.0,0.003515057035665339,,496005961.0,stanford-crfm/levanter,Python
tests/test_olmo.py,0,callable,ok,tests.test_olmo._get_olmo2_config,tests.test_olmo._get_olmo2_config,8ac43607c9e11729db7a2ba3a8f47795035a7bd5,2025-03-16T18:58:35-07:00,8ac43607c9e11729db7a2ba3a8f47795035a7bd5,2025-03-16T18:58:35-07:00,1,235,0.08333333333333333,,,False,False,1,0,92.17,0.0,0.01085009080044159,,496005961.0,stanford-crfm/levanter,Python
tests/test_olmo.py,1,callable,ok,tests.test_olmo._get_random_inputs,tests.test_olmo._get_random_inputs,8ac43607c9e11729db7a2ba3a8f47795035a7bd5,2025-03-16T18:58:35-07:00,1817b98383da775f0a3b4ae605bfa9e04793b3c7,2025-03-16T20:17:50-07:00,2,235,0.18181818181818182,,,False,False,2,0,92.17,0.0,0.02170018160088318,,496005961.0,stanford-crfm/levanter,Python
tests/test_olmo.py,2,callable,ok,tests.test_olmo.test_olmo2_config,tests.test_olmo.test_olmo2_config,8ac43607c9e11729db7a2ba3a8f47795035a7bd5,2025-03-16T18:58:35-07:00,8ac43607c9e11729db7a2ba3a8f47795035a7bd5,2025-03-16T18:58:35-07:00,1,235,0.03571428571428571,,,False,False,1,0,92.17,0.0,0.01085009080044159,,496005961.0,stanford-crfm/levanter,Python
tests/test_olmo.py,3,callable,ok,tests.test_olmo.test_olmo2_rms_norm,tests.test_olmo.test_olmo2_rms_norm,8ac43607c9e11729db7a2ba3a8f47795035a7bd5,2025-03-16T18:58:35-07:00,416c8487ef8d9df9b16cc2c2ff5c22bc5382cc02,2025-03-20T15:09:45-07:00,4,235,0.23529411764705882,0.30570371096444027,,False,False,4,0,92.17,0.0,0.04340036320176636,,496005961.0,stanford-crfm/levanter,Python
tests/test_olmo.py,4,callable,ok,tests.test_olmo.test_olmo2_mlp,tests.test_olmo.test_olmo2_mlp,8ac43607c9e11729db7a2ba3a8f47795035a7bd5,2025-03-16T18:58:35-07:00,524316e1574c3a7b1d5d5af606e21ee97f82401a,2025-03-16T21:48:20-07:00,2,235,0.13333333333333333,,,False,False,2,0,92.17,0.0,0.02170018160088318,,496005961.0,stanford-crfm/levanter,Python
tests/test_olmo.py,5,callable,ok,tests.test_olmo.test_olmo2_attention,tests.test_olmo.test_olmo2_attention,8ac43607c9e11729db7a2ba3a8f47795035a7bd5,2025-03-16T18:58:35-07:00,1817b98383da775f0a3b4ae605bfa9e04793b3c7,2025-03-16T20:17:50-07:00,2,235,0.16666666666666666,,,False,False,2,0,92.17,0.0,0.02170018160088318,,496005961.0,stanford-crfm/levanter,Python
tests/test_olmo.py,6,callable,ok,tests.test_olmo.test_olmo2_decoder_layer,tests.test_olmo.test_olmo2_decoder_layer,8ac43607c9e11729db7a2ba3a8f47795035a7bd5,2025-03-16T18:58:35-07:00,416c8487ef8d9df9b16cc2c2ff5c22bc5382cc02,2025-03-20T15:09:45-07:00,5,235,0.4166666666666667,0.41296350888747957,,False,False,5,0,92.17,0.0,0.054250454002207946,,496005961.0,stanford-crfm/levanter,Python
tests/test_olmo.py,7,callable,ok,tests.test_olmo.test_olmo2_lm_head_model,tests.test_olmo.test_olmo2_lm_head_model,8ac43607c9e11729db7a2ba3a8f47795035a7bd5,2025-03-16T18:58:35-07:00,8ac43607c9e11729db7a2ba3a8f47795035a7bd5,2025-03-16T18:58:35-07:00,1,235,0.09090909090909091,,,False,False,1,0,92.17,0.0,0.01085009080044159,,496005961.0,stanford-crfm/levanter,Python
tests/test_olmo.py,8,callable,ok,tests.test_olmo.test_olmo2_lm_head_model_bwd,tests.test_olmo.test_olmo2_lm_head_model_bwd,8ac43607c9e11729db7a2ba3a8f47795035a7bd5,2025-03-16T18:58:35-07:00,8ac43607c9e11729db7a2ba3a8f47795035a7bd5,2025-03-16T18:58:35-07:00,1,235,0.05555555555555555,,,False,False,1,0,92.17,0.0,0.01085009080044159,,496005961.0,stanford-crfm/levanter,Python
tests/test_olmo.py,9,callable,ok,tests.test_olmo.test_olmo2_roundtrip,tests.test_olmo.test_olmo2_roundtrip,8ac43607c9e11729db7a2ba3a8f47795035a7bd5,2025-03-16T18:58:35-07:00,28074f2fe2ca843490b347e191f638fa06a4bfb1,2025-03-21T17:36:56-07:00,15,235,0.19480519480519481,1.78389990791749,,False,False,15,0,92.17,0.0,0.16275136200662385,,496005961.0,stanford-crfm/levanter,Python
tests/test_olmo.py,10,callable,ok,tests.test_olmo.test_olmo2_param_counts_dont_change_with_seqlen,tests.test_olmo.test_olmo2_param_counts_dont_change_with_seqlen,8ac43607c9e11729db7a2ba3a8f47795035a7bd5,2025-03-16T18:58:35-07:00,8ac43607c9e11729db7a2ba3a8f47795035a7bd5,2025-03-16T18:58:35-07:00,1,235,0.25,,,False,False,1,0,92.17,0.0,0.01085009080044159,,496005961.0,stanford-crfm/levanter,Python
tests/test_olmo.py,11,callable,ok,tests.test_olmo.test_olmo2_state_dict_consistency,tests.test_olmo.test_olmo2_state_dict_consistency,8ac43607c9e11729db7a2ba3a8f47795035a7bd5,2025-03-16T18:58:35-07:00,b469fb6a75f904f71a22dab42923a3f6ae059da1,2025-03-19T15:32:47-07:00,2,235,0.1,,,False,False,2,0,92.17,0.0,0.02170018160088318,,496005961.0,stanford-crfm/levanter,Python
tests/test_olmo.py,12,callable,ok,tests.test_olmo.test_olmo2_seq_len_doesnt_change_predictions,tests.test_olmo.test_olmo2_seq_len_doesnt_change_predictions,8ac43607c9e11729db7a2ba3a8f47795035a7bd5,2025-03-16T18:58:35-07:00,8ac43607c9e11729db7a2ba3a8f47795035a7bd5,2025-03-16T18:58:35-07:00,1,235,0.038461538461538464,,,False,False,1,0,92.17,0.0,0.01085009080044159,,496005961.0,stanford-crfm/levanter,Python
tests/test_olmo.py,13,callable,ok,tests.test_olmo.test_olmo2_attention_vs_hf,tests.test_olmo.test_olmo2_attention_vs_hf,546c34f0314d115b2841a02b98990b94d887de30,2025-03-20T11:23:22-07:00,546c34f0314d115b2841a02b98990b94d887de30,2025-03-20T11:23:22-07:00,1,232,0.03125,,,False,False,1,0,88.48,0.0,0.011301829483647665,,496005961.0,stanford-crfm/levanter,Python
tests/test_olmo.py,14,callable,ok,tests.test_olmo.test_olmo2_decoder_layer_vs_hf,tests.test_olmo.test_olmo2_decoder_layer_vs_hf,546c34f0314d115b2841a02b98990b94d887de30,2025-03-20T11:23:22-07:00,88a3482f9b0723cf8066bbe76c61982e845ac185,2025-08-15T13:13:21-07:00,2,232,0.05128205128205128,,,False,False,1,1,88.48,59.6,0.011301829483647665,0.0167798953548239,496005961.0,stanford-crfm/levanter,Python
tests/test_optimizer_config.py,4,callable,ok,tests.test_optimizer_config.test_haps_schedule,tests.test_optimizer_config.test_haps_schedule,02961b26e2af75c3c83aebaed25bac06fcc206b4,2024-11-19T17:37:08-08:00,02961b26e2af75c3c83aebaed25bac06fcc206b4,2024-11-19T17:37:08-08:00,1,0,0.041666666666666664,,,True,False,1,0,209.18,0.0,0.004780571227357438,,496005961.0,stanford-crfm/levanter,Python
tests/test_optimizer_config.py,0,callable,ok,tests.test_optimizer_config.test_no_stable_weirdness,tests.test_optimizer_config.test_no_stable_weirdness,02961b26e2af75c3c83aebaed25bac06fcc206b4,2024-11-19T17:37:08-08:00,dcd487212276dc8411948b99900d4c66bb1cff4d,2024-11-21T23:29:32-08:00,2,352,0.09090909090909091,,,False,False,2,0,209.18,0.0,0.009561142454714877,,496005961.0,stanford-crfm/levanter,Python
tests/test_optimizer_config.py,1,callable,ok,tests.test_optimizer_config.test_constant_schedule,tests.test_optimizer_config.test_constant_schedule,02961b26e2af75c3c83aebaed25bac06fcc206b4,2024-11-19T17:37:08-08:00,dcd487212276dc8411948b99900d4c66bb1cff4d,2024-11-21T23:29:32-08:00,2,352,0.13333333333333333,,,False,False,2,0,209.18,0.0,0.009561142454714877,,496005961.0,stanford-crfm/levanter,Python
tests/test_optimizer_config.py,2,callable,ok,tests.test_optimizer_config.test_warmup_and_cosine_decay,tests.test_optimizer_config.test_warmup_and_cosine_decay,02961b26e2af75c3c83aebaed25bac06fcc206b4,2024-11-19T17:37:08-08:00,dcd487212276dc8411948b99900d4c66bb1cff4d,2024-11-21T23:29:32-08:00,2,352,0.10526315789473684,,,False,False,2,0,209.18,0.0,0.009561142454714877,,496005961.0,stanford-crfm/levanter,Python
tests/test_optimizer_config.py,3,callable,ok,tests.test_optimizer_config.test_linear_schedule_with_cycles,tests.test_optimizer_config.test_linear_schedule_with_cycles,02961b26e2af75c3c83aebaed25bac06fcc206b4,2024-11-19T17:37:08-08:00,dcd487212276dc8411948b99900d4c66bb1cff4d,2024-11-21T23:29:32-08:00,2,352,0.0625,,,False,False,2,0,209.18,0.0,0.009561142454714877,,496005961.0,stanford-crfm/levanter,Python
tests/test_optimizer_config.py,5,callable,ok,tests.test_optimizer_config.test_inv_sqrt_decay_schedule,tests.test_optimizer_config.test_inv_sqrt_decay_schedule,02961b26e2af75c3c83aebaed25bac06fcc206b4,2024-11-19T17:37:08-08:00,dcd487212276dc8411948b99900d4c66bb1cff4d,2024-11-21T23:29:32-08:00,2,352,0.1111111111111111,,,False,False,2,0,209.18,0.0,0.009561142454714877,,496005961.0,stanford-crfm/levanter,Python
tests/test_optimizer_config.py,6,callable,ok,tests.test_optimizer_config.test_rewarmup_schedule,tests.test_optimizer_config.test_rewarmup_schedule,02961b26e2af75c3c83aebaed25bac06fcc206b4,2024-11-19T17:37:08-08:00,dcd487212276dc8411948b99900d4c66bb1cff4d,2024-11-21T23:29:32-08:00,3,352,0.08823529411764706,0.9109236859998728,,False,False,3,0,209.18,0.0,0.014341713682072316,,496005961.0,stanford-crfm/levanter,Python
tests/test_optimizer_config.py,7,callable,ok,tests.test_optimizer_config.test_wsds_schedule,tests.test_optimizer_config.test_wsds_schedule,dcd487212276dc8411948b99900d4c66bb1cff4d,2024-11-21T23:29:32-08:00,a0fc09df36c39563a523ef31eb80608e33dd3b38,2024-11-24T21:12:53-08:00,2,350,0.07407407407407407,,,False,False,2,0,206.94,0.0,0.009664856556861293,,496005961.0,stanford-crfm/levanter,Python
tests/test_optimizer_config.py,8,callable,ok,tests.test_optimizer_config.test_linear_schedule_with_cycle_length,tests.test_optimizer_config.test_linear_schedule_with_cycle_length,a0fc09df36c39563a523ef31eb80608e33dd3b38,2024-11-24T21:12:53-08:00,a0fc09df36c39563a523ef31eb80608e33dd3b38,2024-11-24T21:12:53-08:00,1,347,0.03333333333333333,,,False,False,1,0,204.03,0.0,0.004901235287146867,,496005961.0,stanford-crfm/levanter,Python
tests/test_optimizer_config.py,9,callable,ok,tests.test_optimizer_config.test_wsds_schedule_with_cycle_points,tests.test_optimizer_config.test_wsds_schedule_with_cycle_points,a0fc09df36c39563a523ef31eb80608e33dd3b38,2024-11-24T21:12:53-08:00,a0fc09df36c39563a523ef31eb80608e33dd3b38,2024-11-24T21:12:53-08:00,1,347,0.037037037037037035,,,False,False,1,0,204.03,0.0,0.004901235287146867,,496005961.0,stanford-crfm/levanter,Python
tests/test_pack_tree.py,0,callable,ok,tests.test_pack_tree.test_pack_and_unpack_simple,tests.test_pack_tree.test_pack_and_unpack_simple,78cff0b56bdaf1cf3306c9683ac490ed8024e4af,2025-07-22T19:24:17-07:00,78cff0b56bdaf1cf3306c9683ac490ed8024e4af,2025-07-22T19:24:17-07:00,1,107,0.16666666666666666,,,False,False,0,1,0.0,35.85,,0.027891886656928183,496005961.0,stanford-crfm/levanter,Python
tests/test_pack_tree.py,1,callable,ok,tests.test_pack_tree.test_pack_empty_tree,tests.test_pack_tree.test_pack_empty_tree,78cff0b56bdaf1cf3306c9683ac490ed8024e4af,2025-07-22T19:24:17-07:00,78cff0b56bdaf1cf3306c9683ac490ed8024e4af,2025-07-22T19:24:17-07:00,1,107,0.16666666666666666,,,False,False,0,1,0.0,35.85,,0.027891886656928183,496005961.0,stanford-crfm/levanter,Python
tests/test_packing.py,0,class,ok,tests.test_packing.DummyFuture,tests.test_packing.DummyFuture,8446aac0147043d0aa3d64580b2e887acbc49f24,2025-04-11T12:07:38-07:00,8446aac0147043d0aa3d64580b2e887acbc49f24,2025-04-11T12:07:38-07:00,1,0,0.2,,,True,False,1,0,66.45,0.0,0.015048793623213041,,496005961.0,stanford-crfm/levanter,Python
tests/test_packing.py,1,class,ok,tests.test_packing.DummyOffsets,tests.test_packing.DummyOffsets,8446aac0147043d0aa3d64580b2e887acbc49f24,2025-04-11T12:07:38-07:00,8446aac0147043d0aa3d64580b2e887acbc49f24,2025-04-11T12:07:38-07:00,1,0,0.16666666666666666,,,True,False,1,0,66.45,0.0,0.015048793623213041,,496005961.0,stanford-crfm/levanter,Python
tests/test_packing.py,2,class,ok,tests.test_packing.DummyJaggedArrayStore,tests.test_packing.DummyJaggedArrayStore,8446aac0147043d0aa3d64580b2e887acbc49f24,2025-04-11T12:07:38-07:00,8446aac0147043d0aa3d64580b2e887acbc49f24,2025-04-11T12:07:38-07:00,1,0,0.3333333333333333,,,True,False,1,0,66.45,0.0,0.015048793623213041,,496005961.0,stanford-crfm/levanter,Python
tests/test_packing.py,17,callable,ok,tests.test_packing.DummyFuture.result,tests.test_packing.DummyFuture.result,8446aac0147043d0aa3d64580b2e887acbc49f24,2025-04-11T12:07:38-07:00,8446aac0147043d0aa3d64580b2e887acbc49f24,2025-04-11T12:07:38-07:00,1,0,0.5,,,True,False,1,0,66.45,0.0,0.015048793623213041,,496005961.0,stanford-crfm/levanter,Python
tests/test_packing.py,18,callable,ok,tests.test_packing.DummyOffsets.__init__,tests.test_packing.DummyOffsets.__init__,8446aac0147043d0aa3d64580b2e887acbc49f24,2025-04-11T12:07:38-07:00,8446aac0147043d0aa3d64580b2e887acbc49f24,2025-04-11T12:07:38-07:00,1,0,0.5,,,True,False,1,0,66.45,0.0,0.015048793623213041,,496005961.0,stanford-crfm/levanter,Python
tests/test_packing.py,19,callable,ok,tests.test_packing.DummyOffsets.read,tests.test_packing.DummyOffsets.read,8446aac0147043d0aa3d64580b2e887acbc49f24,2025-04-11T12:07:38-07:00,8446aac0147043d0aa3d64580b2e887acbc49f24,2025-04-11T12:07:38-07:00,1,0,0.5,,,True,False,1,0,66.45,0.0,0.015048793623213041,,496005961.0,stanford-crfm/levanter,Python
tests/test_packing.py,20,callable,ok,tests.test_packing.DummyJaggedArrayStore.__init__,tests.test_packing.DummyJaggedArrayStore.__init__,8446aac0147043d0aa3d64580b2e887acbc49f24,2025-04-11T12:07:38-07:00,8446aac0147043d0aa3d64580b2e887acbc49f24,2025-04-11T12:07:38-07:00,1,0,0.5,,,True,False,1,0,66.45,0.0,0.015048793623213041,,496005961.0,stanford-crfm/levanter,Python
tests/test_packing.py,25,callable,ok,tests.test_packing.test_invalid_max_length,tests.test_packing.test_invalid_max_length,234a7182c6cc5646110d326459bfc4fd1aea2320,2025-04-11T16:05:19-07:00,234a7182c6cc5646110d326459bfc4fd1aea2320,2025-04-11T16:05:19-07:00,1,0,0.0625,,,True,False,1,0,66.29,0.0,0.015086266730434082,,496005961.0,stanford-crfm/levanter,Python
tests/test_packing.py,0,callable,ok,tests.test_packing.test_per_segment_loss,tests.test_packing.test_per_segment_loss,93a8aa95a06e312439bd457ae326e661fbfc52e2,2025-01-08T10:32:31-08:00,07372de8926d67fd5f5714340dc5230c34ebb618,2025-10-30T13:17:05-04:00,2,303,0.08,,,False,False,1,1,159.47,135.47,0.006270579421134073,0.00738155992352909,496005961.0,stanford-crfm/levanter,Python
tests/test_packing.py,1,callable,ok,tests.test_packing.test_can_pack_simple_case,tests.test_packing.test_can_pack_simple_case,93a8aa95a06e312439bd457ae326e661fbfc52e2,2025-01-08T10:32:31-08:00,93a8aa95a06e312439bd457ae326e661fbfc52e2,2025-01-08T10:32:31-08:00,1,303,0.125,,,False,False,1,0,159.47,0.0,0.006270579421134073,,496005961.0,stanford-crfm/levanter,Python
tests/test_packing.py,2,callable,ok,tests.test_packing.test_add_example_and_pack,tests.test_packing.test_add_example_and_pack,93a8aa95a06e312439bd457ae326e661fbfc52e2,2025-01-08T10:32:31-08:00,93a8aa95a06e312439bd457ae326e661fbfc52e2,2025-01-08T10:32:31-08:00,1,303,0.07142857142857142,,,False,False,1,0,159.47,0.0,0.006270579421134073,,496005961.0,stanford-crfm/levanter,Python
tests/test_packing.py,3,callable,ok,tests.test_packing.test_exceed_max_pack_size,tests.test_packing.test_exceed_max_pack_size,93a8aa95a06e312439bd457ae326e661fbfc52e2,2025-01-08T10:32:31-08:00,93a8aa95a06e312439bd457ae326e661fbfc52e2,2025-01-08T10:32:31-08:00,1,303,0.1111111111111111,,,False,False,1,0,159.47,0.0,0.006270579421134073,,496005961.0,stanford-crfm/levanter,Python
tests/test_packing.py,4,callable,ok,tests.test_packing.test_empty_sequence,tests.test_packing.test_empty_sequence,93a8aa95a06e312439bd457ae326e661fbfc52e2,2025-01-08T10:32:31-08:00,93a8aa95a06e312439bd457ae326e661fbfc52e2,2025-01-08T10:32:31-08:00,1,303,0.058823529411764705,,,False,False,1,0,159.47,0.0,0.006270579421134073,,496005961.0,stanford-crfm/levanter,Python
tests/test_packing.py,5,callable,ok,tests.test_packing.test_packing_multiple_examples,tests.test_packing.test_packing_multiple_examples,93a8aa95a06e312439bd457ae326e661fbfc52e2,2025-01-08T10:32:31-08:00,93a8aa95a06e312439bd457ae326e661fbfc52e2,2025-01-08T10:32:31-08:00,1,303,0.05555555555555555,,,False,False,1,0,159.47,0.0,0.006270579421134073,,496005961.0,stanford-crfm/levanter,Python
tests/test_packing.py,6,callable,ok,tests.test_packing.test_pack_prompt_completions_simple,tests.test_packing.test_pack_prompt_completions_simple,93a8aa95a06e312439bd457ae326e661fbfc52e2,2025-01-08T10:32:31-08:00,93a8aa95a06e312439bd457ae326e661fbfc52e2,2025-01-08T10:32:31-08:00,1,303,0.02857142857142857,,,False,False,1,0,159.47,0.0,0.006270579421134073,,496005961.0,stanford-crfm/levanter,Python
tests/test_packing.py,7,callable,ok,tests.test_packing.test_pack_prompt_completions_exceed_max_buffered_examples,tests.test_packing.test_pack_prompt_completions_exceed_max_buffered_examples,93a8aa95a06e312439bd457ae326e661fbfc52e2,2025-01-08T10:32:31-08:00,93a8aa95a06e312439bd457ae326e661fbfc52e2,2025-01-08T10:32:31-08:00,1,303,0.022222222222222223,,,False,False,1,0,159.47,0.0,0.006270579421134073,,496005961.0,stanford-crfm/levanter,Python
tests/test_packing.py,8,callable,ok,tests.test_packing.test_segment_correct,tests.test_packing.test_segment_correct,93a8aa95a06e312439bd457ae326e661fbfc52e2,2025-01-08T10:32:31-08:00,93a8aa95a06e312439bd457ae326e661fbfc52e2,2025-01-08T10:32:31-08:00,1,303,0.047619047619047616,,,False,False,1,0,159.47,0.0,0.006270579421134073,,496005961.0,stanford-crfm/levanter,Python
tests/test_packing.py,9,callable,ok,tests.test_packing.simple_dataset,tests.test_packing.simple_dataset,8446aac0147043d0aa3d64580b2e887acbc49f24,2025-04-11T12:07:38-07:00,8dc603381a346e3b66be7bbe16dc656e5d44244d,2025-04-11T15:21:52-07:00,2,209,0.10526315789473684,,,False,False,2,0,66.45,0.0,0.030097587246426083,,496005961.0,stanford-crfm/levanter,Python
tests/test_packing.py,10,callable,ok,tests.test_packing.test_simple_pack,tests.test_packing.test_simple_pack,8446aac0147043d0aa3d64580b2e887acbc49f24,2025-04-11T12:07:38-07:00,09a0c88b30df3b6a0ea62db92638263b4f0b6705,2025-04-12T12:29:06-07:00,5,209,0.18518518518518517,0.7059325417874118,,False,False,5,0,66.45,0.0,0.07524396811606521,,496005961.0,stanford-crfm/levanter,Python
tests/test_packing.py,11,callable,ok,tests.test_packing.test_simple_pack_max_examples,tests.test_packing.test_simple_pack_max_examples,8446aac0147043d0aa3d64580b2e887acbc49f24,2025-04-11T12:07:38-07:00,e8aca12937ef1a7f8bcb0676038f5d6e27c4f891,2025-04-11T15:48:39-07:00,4,209,0.1,0.6151206277183567,,False,False,4,0,66.45,0.0,0.060195174492852166,,496005961.0,stanford-crfm/levanter,Python
tests/test_packing.py,12,callable,ok,tests.test_packing.multi_leaf_dataset,tests.test_packing.multi_leaf_dataset,8446aac0147043d0aa3d64580b2e887acbc49f24,2025-04-11T12:07:38-07:00,8dc603381a346e3b66be7bbe16dc656e5d44244d,2025-04-11T15:21:52-07:00,2,209,0.07142857142857142,,,False,False,2,0,66.45,0.0,0.030097587246426083,,496005961.0,stanford-crfm/levanter,Python
tests/test_packing.py,13,callable,ok,tests.test_packing.test_multi_leaf_pack,tests.test_packing.test_multi_leaf_pack,8446aac0147043d0aa3d64580b2e887acbc49f24,2025-04-11T12:07:38-07:00,e8aca12937ef1a7f8bcb0676038f5d6e27c4f891,2025-04-11T15:48:39-07:00,4,209,0.06557377049180328,0.6151206277183567,,False,False,4,0,66.45,0.0,0.060195174492852166,,496005961.0,stanford-crfm/levanter,Python
tests/test_packing.py,14,callable,ok,tests.test_packing.dataset_with_segments,tests.test_packing.dataset_with_segments,8446aac0147043d0aa3d64580b2e887acbc49f24,2025-04-11T12:07:38-07:00,8dc603381a346e3b66be7bbe16dc656e5d44244d,2025-04-11T15:21:52-07:00,2,209,0.125,,,False,False,2,0,66.45,0.0,0.030097587246426083,,496005961.0,stanford-crfm/levanter,Python
tests/test_packing.py,15,callable,ok,tests.test_packing.test_max_segments_constraint,tests.test_packing.test_max_segments_constraint,8446aac0147043d0aa3d64580b2e887acbc49f24,2025-04-11T12:07:38-07:00,4109f56f82603ad1009f307aad6add4df2d5579c,2025-04-11T15:43:50-07:00,3,209,0.14285714285714285,0.4740579113329032,,False,False,3,0,66.45,0.0,0.045146380869639124,,496005961.0,stanford-crfm/levanter,Python
tests/test_packing.py,16,callable,ok,tests.test_packing.test_too_long_to_pack,tests.test_packing.test_too_long_to_pack,8446aac0147043d0aa3d64580b2e887acbc49f24,2025-04-11T12:07:38-07:00,558c84d8fab57a56783e943a479205ee9dde4f36,2025-04-17T11:26:12-07:00,6,209,0.25,0.20836462227008457,,False,False,6,0,66.45,0.0,0.09029276173927825,,496005961.0,stanford-crfm/levanter,Python
tests/test_packing.py,21,callable,ok,tests.test_packing.test_simple_pack_max_examples_padded,tests.test_packing.test_simple_pack_max_examples_padded,8dc603381a346e3b66be7bbe16dc656e5d44244d,2025-04-11T15:21:52-07:00,4109f56f82603ad1009f307aad6add4df2d5579c,2025-04-11T15:43:50-07:00,2,209,0.05,,,False,False,2,0,66.32,0.0,0.030158804957353565,,496005961.0,stanford-crfm/levanter,Python
tests/test_packing.py,22,callable,ok,tests.test_packing.test_multi_leaf_pack_padded,tests.test_packing.test_multi_leaf_pack_padded,8dc603381a346e3b66be7bbe16dc656e5d44244d,2025-04-11T15:21:52-07:00,4109f56f82603ad1009f307aad6add4df2d5579c,2025-04-11T15:43:50-07:00,2,209,0.025974025974025976,,,False,False,2,0,66.32,0.0,0.030158804957353565,,496005961.0,stanford-crfm/levanter,Python
tests/test_packing.py,23,callable,ok,tests.test_packing.test_max_segments_constraint_padded,tests.test_packing.test_max_segments_constraint_padded,8dc603381a346e3b66be7bbe16dc656e5d44244d,2025-04-11T15:21:52-07:00,4109f56f82603ad1009f307aad6add4df2d5579c,2025-04-11T15:43:50-07:00,2,209,0.09090909090909091,,,False,False,2,0,66.32,0.0,0.030158804957353565,,496005961.0,stanford-crfm/levanter,Python
tests/test_packing.py,24,callable,ok,tests.test_packing.test_too_long_to_pack_padded,tests.test_packing.test_too_long_to_pack_padded,8dc603381a346e3b66be7bbe16dc656e5d44244d,2025-04-11T15:21:52-07:00,558c84d8fab57a56783e943a479205ee9dde4f36,2025-04-17T11:26:12-07:00,5,209,0.17857142857142858,0.05384049432039492,,False,False,5,0,66.32,0.0,0.07539701239338392,,496005961.0,stanford-crfm/levanter,Python
tests/test_packing.py,26,callable,ok,tests.test_packing.test_invalid_max_segments,tests.test_packing.test_invalid_max_segments,234a7182c6cc5646110d326459bfc4fd1aea2320,2025-04-11T16:05:19-07:00,234a7182c6cc5646110d326459bfc4fd1aea2320,2025-04-11T16:05:19-07:00,1,209,0.08333333333333333,,,False,False,1,0,66.29,0.0,0.015086266730434082,,496005961.0,stanford-crfm/levanter,Python
tests/test_packing.py,27,callable,ok,tests.test_packing.test_mismatched_document_counts,tests.test_packing.test_mismatched_document_counts,234a7182c6cc5646110d326459bfc4fd1aea2320,2025-04-11T16:05:19-07:00,234a7182c6cc5646110d326459bfc4fd1aea2320,2025-04-11T16:05:19-07:00,1,209,0.08333333333333333,,,False,False,1,0,66.29,0.0,0.015086266730434082,,496005961.0,stanford-crfm/levanter,Python
tests/test_packing.py,28,callable,ok,tests.test_packing.test_too_long_document_error,tests.test_packing.test_too_long_document_error,234a7182c6cc5646110d326459bfc4fd1aea2320,2025-04-11T16:05:19-07:00,558c84d8fab57a56783e943a479205ee9dde4f36,2025-04-17T11:26:12-07:00,2,209,0.15384615384615385,,,False,False,2,0,66.29,0.0,0.030172533460868164,,496005961.0,stanford-crfm/levanter,Python
tests/test_packing.py,29,callable,ok,tests.test_packing.test_greedy_pack_prompt_completions_simple,tests.test_packing.test_greedy_pack_prompt_completions_simple,d889974613ce4b8b959dd435c6e79097517b3779,2025-04-11T20:29:30-07:00,d889974613ce4b8b959dd435c6e79097517b3779,2025-04-11T20:29:30-07:00,1,209,0.029411764705882353,,,False,False,1,0,66.1,0.0,0.015128137425120971,,496005961.0,stanford-crfm/levanter,Python
tests/test_packing.py,30,callable,ok,tests.test_packing.test_greedy_pack_prompt_completions_max_segments,tests.test_packing.test_greedy_pack_prompt_completions_max_segments,d889974613ce4b8b959dd435c6e79097517b3779,2025-04-11T20:29:30-07:00,d889974613ce4b8b959dd435c6e79097517b3779,2025-04-11T20:29:30-07:00,1,209,0.022727272727272728,,,False,False,1,0,66.1,0.0,0.015128137425120971,,496005961.0,stanford-crfm/levanter,Python
tests/test_packing.py,31,callable,ok,tests.test_packing.test_greedy_pack_prompt_completions_too_long,tests.test_packing.test_greedy_pack_prompt_completions_too_long,d889974613ce4b8b959dd435c6e79097517b3779,2025-04-11T20:29:30-07:00,09a0c88b30df3b6a0ea62db92638263b4f0b6705,2025-04-12T12:29:06-07:00,2,209,0.06060606060606061,,,False,False,2,0,66.1,0.0,0.030256274850241942,,496005961.0,stanford-crfm/levanter,Python
tests/test_packing.py,32,callable,ok,tests.test_packing.test_greedy_pack_prompt_completions_empty,tests.test_packing.test_greedy_pack_prompt_completions_empty,d889974613ce4b8b959dd435c6e79097517b3779,2025-04-11T20:29:30-07:00,d889974613ce4b8b959dd435c6e79097517b3779,2025-04-11T20:29:30-07:00,1,209,0.0625,,,False,False,1,0,66.1,0.0,0.015128137425120971,,496005961.0,stanford-crfm/levanter,Python
tests/test_packing.py,33,callable,ok,tests.test_packing.test_slicing_strategies,tests.test_packing.test_slicing_strategies,558c84d8fab57a56783e943a479205ee9dde4f36,2025-04-17T11:26:12-07:00,558c84d8fab57a56783e943a479205ee9dde4f36,2025-04-17T11:26:12-07:00,1,204,0.02631578947368421,,,False,False,1,0,60.48,0.0,0.016534587716561952,,496005961.0,stanford-crfm/levanter,Python
tests/test_prp.py,0,callable,ok,tests.test_prp.test_permutation_creates_valid_instance,tests.test_prp.test_permutation_creates_valid_instance,fbe27bc7f3591a6403fef3b2b6c805114e9215f4,2024-09-05T11:10:11-07:00,fe7ee6f8de87813b99bf78710223dcdbce22b837,2025-04-01T19:54:27-07:00,3,428,0.42857142857142855,0.8790571569561992,,False,False,3,0,284.49,0.0,0.010545171106996017,,496005961.0,stanford-crfm/levanter,Python
tests/test_prp.py,1,callable,ok,tests.test_prp.test_permutation_with_single_index_returns_correct_value,tests.test_prp.test_permutation_with_single_index_returns_correct_value,fbe27bc7f3591a6403fef3b2b6c805114e9215f4,2024-09-05T11:10:11-07:00,fe7ee6f8de87813b99bf78710223dcdbce22b837,2025-04-01T19:54:27-07:00,2,428,0.25,,,False,False,2,0,284.49,0.0,0.007030114071330678,,496005961.0,stanford-crfm/levanter,Python
tests/test_prp.py,2,callable,ok,tests.test_prp.test_permutation_with_array_returns_correct_values,tests.test_prp.test_permutation_with_array_returns_correct_values,fbe27bc7f3591a6403fef3b2b6c805114e9215f4,2024-09-05T11:10:11-07:00,fe7ee6f8de87813b99bf78710223dcdbce22b837,2025-04-01T19:54:27-07:00,2,428,0.2222222222222222,,,False,False,2,0,284.49,0.0,0.007030114071330678,,496005961.0,stanford-crfm/levanter,Python
tests/test_prp.py,3,callable,ok,tests.test_prp.test_permutation_is_bijective_over_full_range,tests.test_prp.test_permutation_is_bijective_over_full_range,fbe27bc7f3591a6403fef3b2b6c805114e9215f4,2024-09-05T11:10:11-07:00,fe7ee6f8de87813b99bf78710223dcdbce22b837,2025-04-01T19:54:27-07:00,2,428,0.25,,,False,False,2,0,284.49,0.0,0.007030114071330678,,496005961.0,stanford-crfm/levanter,Python
tests/test_prp.py,4,callable,ok,tests.test_prp.test_permutation_handles_edge_case_length_one,tests.test_prp.test_permutation_handles_edge_case_length_one,fbe27bc7f3591a6403fef3b2b6c805114e9215f4,2024-09-05T11:10:11-07:00,fe7ee6f8de87813b99bf78710223dcdbce22b837,2025-04-01T19:54:27-07:00,2,428,0.3333333333333333,,,False,False,2,0,284.49,0.0,0.007030114071330678,,496005961.0,stanford-crfm/levanter,Python
tests/test_prp.py,5,callable,ok,tests.test_prp.test_permutation_rejects_invalid_indices,tests.test_prp.test_permutation_rejects_invalid_indices,fbe27bc7f3591a6403fef3b2b6c805114e9215f4,2024-09-05T11:10:11-07:00,fe7ee6f8de87813b99bf78710223dcdbce22b837,2025-04-01T19:54:27-07:00,2,428,0.25,,,False,False,2,0,284.49,0.0,0.007030114071330678,,496005961.0,stanford-crfm/levanter,Python
tests/test_prp.py,6,callable,ok,tests.test_prp.test_permutation_is_deterministic,tests.test_prp.test_permutation_is_deterministic,fbe27bc7f3591a6403fef3b2b6c805114e9215f4,2024-09-05T11:10:11-07:00,de7fb7cf15cae448e915f0446245981a5d525037,2025-04-04T21:45:41-07:00,3,428,0.3,0.10965630143619498,,False,False,3,0,284.49,0.0,0.010545171106996017,,496005961.0,stanford-crfm/levanter,Python
tests/test_prp.py,7,callable,ok,tests.test_prp.test_permutation_is_deterministic1,tests.test_prp.test_permutation_is_deterministic1,fbe27bc7f3591a6403fef3b2b6c805114e9215f4,2024-09-05T11:10:11-07:00,fe7ee6f8de87813b99bf78710223dcdbce22b837,2025-04-01T19:54:27-07:00,2,428,0.2,,,False,False,2,0,284.49,0.0,0.007030114071330678,,496005961.0,stanford-crfm/levanter,Python
tests/test_prp.py,8,callable,ok,tests.test_prp.test_permutation_handles_large_length_no_overflow,tests.test_prp.test_permutation_handles_large_length_no_overflow,04a81ca2957a1a02ee3bec97f129c09cb442a2ca,2025-01-29T15:46:40-08:00,fe7ee6f8de87813b99bf78710223dcdbce22b837,2025-04-01T19:54:27-07:00,2,281,0.25,,,False,False,2,0,138.26,0.0,0.01446584127657031,,496005961.0,stanford-crfm/levanter,Python
tests/test_prp.py,9,callable,ok,tests.test_prp.test_handles_reasonable_dtypes,tests.test_prp.test_handles_reasonable_dtypes,de7fb7cf15cae448e915f0446245981a5d525037,2025-04-04T21:45:41-07:00,de7fb7cf15cae448e915f0446245981a5d525037,2025-04-04T21:45:41-07:00,1,216,0.09090909090909091,,,False,False,1,0,73.05,0.0,0.013689425283386155,,496005961.0,stanford-crfm/levanter,Python
tests/test_py_utils.py,0,callable,ok,tests.test_py_utils.test_actual_sizeof,tests.test_py_utils.test_actual_sizeof,da630ff003e9134b937526dcf039a99f27ae65bc,2024-02-28T23:23:13-08:00,da630ff003e9134b937526dcf039a99f27ae65bc,2024-02-28T23:23:13-08:00,1,617,0.2,,,False,False,1,0,473.94,0.0,0.002109973117623748,,496005961.0,stanford-crfm/levanter,Python
tests/test_qwen3.py,0,callable,ok,tests.test_qwen3._hf_qwen_config,tests.test_qwen3._hf_qwen_config,edd2b39d4edd61521ff883e8baa3cd78662301e6,2025-06-18T12:29:18-07:00,edd2b39d4edd61521ff883e8baa3cd78662301e6,2025-06-18T12:29:18-07:00,1,141,0.05263157894736842,,,False,False,0,1,0.0,1.56,,0.6391667159850861,496005961.0,stanford-crfm/levanter,Python
tests/test_qwen3.py,1,callable,ok,tests.test_qwen3.test_qwen3_roundtrip,tests.test_qwen3.test_qwen3_roundtrip,edd2b39d4edd61521ff883e8baa3cd78662301e6,2025-06-18T12:29:18-07:00,edd2b39d4edd61521ff883e8baa3cd78662301e6,2025-06-18T12:29:18-07:00,1,141,0.02,,,False,False,0,1,0.0,1.56,,0.6391667159850861,496005961.0,stanford-crfm/levanter,Python
tests/test_sft.py,0,class,ok,tests.test_sft.TestModel,tests.test_sft.TestModel,177b499a74d4944c66cde4e8e12a645680e9c7b1,2025-04-10T15:42:10-07:00,1e420fcc9487c111242d2de0019e47b0b4503a32,2025-07-26T12:16:42-07:00,2,210,0.4,,,False,False,1,1,67.3,39.56,0.014858503707403043,0.02528075093193509,496005961.0,stanford-crfm/levanter,Python
tests/test_sft.py,0,callable,ok,tests.test_sft.test_reinitialize_some_tokens,tests.test_sft.test_reinitialize_some_tokens,177b499a74d4944c66cde4e8e12a645680e9c7b1,2025-04-10T15:42:10-07:00,d864d1d27c3f5527760ad91eca901eba56e3a3d5,2025-07-13T09:23:34-07:00,2,210,0.03636363636363636,,,False,False,1,1,67.3,26.44,0.014858503707403043,0.037827841291190316,496005961.0,stanford-crfm/levanter,Python
tests/test_sft.py,1,callable,ok,tests.test_sft.test_reinitialize_some_tokens_invalid_tokens,tests.test_sft.test_reinitialize_some_tokens_invalid_tokens,177b499a74d4944c66cde4e8e12a645680e9c7b1,2025-04-10T15:42:10-07:00,d864d1d27c3f5527760ad91eca901eba56e3a3d5,2025-07-13T09:23:34-07:00,2,210,0.2857142857142857,,,False,False,1,1,67.3,26.44,0.014858503707403043,0.037827841291190316,496005961.0,stanford-crfm/levanter,Python
tests/test_sft.py,2,callable,ok,tests.test_sft.test_reinitialize_some_tokens_empty_list,tests.test_sft.test_reinitialize_some_tokens_empty_list,177b499a74d4944c66cde4e8e12a645680e9c7b1,2025-04-10T15:42:10-07:00,d864d1d27c3f5527760ad91eca901eba56e3a3d5,2025-07-13T09:23:34-07:00,2,210,0.3333333333333333,,,False,False,1,1,67.3,26.44,0.014858503707403043,0.037827841291190316,496005961.0,stanford-crfm/levanter,Python
tests/test_sharded_dataset.py,0,callable,ok,tests.test_sharded_dataset.test_sniff_format_for_json,tests.test_sharded_dataset.test_sniff_format_for_json,a29d4a1e5dc70a59e7ada224ae95b919584314fc,2023-12-19T10:22:10-08:00,a29d4a1e5dc70a59e7ada224ae95b919584314fc,2023-12-19T10:22:10-08:00,1,689,0.05555555555555555,,,False,False,1,0,545.48,0.0,0.001833240780135614,,496005961.0,stanford-crfm/levanter,Python
tests/test_sharded_dataset.py,1,callable,ok,tests.test_sharded_dataset.test_resolve_audio_pointer,tests.test_sharded_dataset.test_resolve_audio_pointer,cde114d1629c7224167d2cfc300d94406f12cefd,2024-03-11T14:31:32-04:00,fbe27bc7f3591a6403fef3b2b6c805114e9215f4,2024-09-05T11:10:11-07:00,2,606,1.0,,,False,False,2,0,462.48,0.0,0.004324552672826318,,496005961.0,stanford-crfm/levanter,Python
tests/test_sharded_dataset.py,2,callable,ok,tests.test_sharded_dataset.test_sniff_format_for_parquet,tests.test_sharded_dataset.test_sniff_format_for_parquet,52bff4f9980dfdb7873a1bef2995fb7e74f797ee,2024-10-13T15:01:40-07:00,52bff4f9980dfdb7873a1bef2995fb7e74f797ee,2024-10-13T15:01:40-07:00,1,389,0.09090909090909091,,,False,False,1,0,246.33,0.0,0.004059600574771781,,496005961.0,stanford-crfm/levanter,Python
tests/test_sharded_dataset.py,3,callable,ok,tests.test_sharded_dataset.test_basic_parquet_datasource_read_row,tests.test_sharded_dataset.test_basic_parquet_datasource_read_row,52bff4f9980dfdb7873a1bef2995fb7e74f797ee,2024-10-13T15:01:40-07:00,3fe89957b55f799c1eb42200d8152dbdecd50c21,2024-10-13T18:59:37-07:00,5,389,0.2,1.0310327575819473,,False,False,5,0,246.33,0.0,0.020298002873858908,,496005961.0,stanford-crfm/levanter,Python
tests/test_sharded_dataset.py,4,callable,ok,tests.test_sharded_dataset.test_text_url_data_source_parquet,tests.test_sharded_dataset.test_text_url_data_source_parquet,877ca7ee1eea27b29eb9860d332a341eb4913d26,2024-10-15T12:50:01-07:00,877ca7ee1eea27b29eb9860d332a341eb4913d26,2024-10-15T12:50:01-07:00,1,387,0.041666666666666664,,,False,False,1,0,244.42,0.0,0.0040913002052611,,496005961.0,stanford-crfm/levanter,Python
tests/test_sophia.py,0,callable,ok,tests.test_sophia.test_sophia_h,tests.test_sophia.test_sophia_h,7078f80880884d332379589a9ac80dabf2e2c49a,2024-02-09T12:21:18-08:00,57bbadff24ae47a42d0cf0c4f9032b5e672a0bb3,2024-05-21T23:35:24-07:00,2,636,0.038461538461538464,,,False,False,2,0,493.4,0.0,0.00405351160777471,,496005961.0,stanford-crfm/levanter,Python
tests/test_supervised.py,0,callable,ok,tests.test_supervised.test_supervised_eval,tests.test_supervised.test_supervised_eval,f5b32cd3eed90227eda40de8ef4f53dbe6785b66,2024-09-26T23:23:05-07:00,d864d1d27c3f5527760ad91eca901eba56e3a3d5,2025-07-13T09:23:34-07:00,7,406,0.09210526315789473,1.6542011521676556,,False,False,6,1,262.98,26.44,0.022815297709927695,0.037827841291190316,496005961.0,stanford-crfm/levanter,Python
tests/test_tensorboard.py,0,callable,ok,tests.test_tensorboard.test_log_summary,tests.test_tensorboard.test_log_summary,4e65343e9eed0dcf8e985c96cbccae66b435dfa3,2025-03-10T13:25:12-07:00,4e65343e9eed0dcf8e985c96cbccae66b435dfa3,2025-03-10T13:25:12-07:00,1,241,0.125,,,False,False,1,0,98.4,0.0,0.01016294829011924,,496005961.0,stanford-crfm/levanter,Python
tests/test_tensorboard.py,1,callable,ok,tests.test_tensorboard.test_log,tests.test_tensorboard.test_log,4e65343e9eed0dcf8e985c96cbccae66b435dfa3,2025-03-10T13:25:12-07:00,4e65343e9eed0dcf8e985c96cbccae66b435dfa3,2025-03-10T13:25:12-07:00,1,241,0.1111111111111111,,,False,False,1,0,98.4,0.0,0.01016294829011924,,496005961.0,stanford-crfm/levanter,Python
tests/test_text.py,2,callable,ok,tests.test_text.test_merge_split_encodings,tests.test_text.test_merge_split_encodings,f74fc5c589cc4a58dfc4d431a32c01a254ed0d33,2024-02-06T14:28:31-08:00,f74fc5c589cc4a58dfc4d431a32c01a254ed0d33,2024-02-06T14:28:31-08:00,1,0,0.058823529411764705,,,True,False,1,0,496.31,0.0,0.0020148656507872633,,496005961.0,stanford-crfm/levanter,Python
tests/test_text.py,3,callable,ok,tests.test_text.test_llama_tokenizer_needs_long_sequence_workaround,tests.test_text.test_llama_tokenizer_needs_long_sequence_workaround,f74fc5c589cc4a58dfc4d431a32c01a254ed0d33,2024-02-06T14:28:31-08:00,f74fc5c589cc4a58dfc4d431a32c01a254ed0d33,2024-02-06T14:28:31-08:00,1,0,0.25,,,True,False,1,0,496.31,0.0,0.0020148656507872633,,496005961.0,stanford-crfm/levanter,Python
tests/test_text.py,0,callable,ok,tests.test_text.test_dont_blow_up_without_validation_set,tests.test_text.test_dont_blow_up_without_validation_set,77e9e140995814eaed2acc4593a3c1a2404bb46e,2023-11-07T08:45:37-08:00,d864d1d27c3f5527760ad91eca901eba56e3a3d5,2025-07-13T09:23:34-07:00,5,731,0.38461538461538464,1.2279414979009295,,False,False,4,1,587.55,26.44,0.006807941298053385,0.037827841291190316,496005961.0,stanford-crfm/levanter,Python
tests/test_text.py,1,callable,ok,tests.test_text.test_lm_example_handles_ignore_id,tests.test_text.test_lm_example_handles_ignore_id,79777e9e182d8ffa1dd66d3bb374f42b19a6da74,2023-12-18T22:55:47-08:00,b12d7345824657c401735954cb5a8bb06de903c6,2025-04-20T22:49:45-07:00,5,689,0.2,1.1882655327927452,,False,False,5,0,545.96,0.0,0.0091582012487165,,496005961.0,stanford-crfm/levanter,Python
tests/test_text.py,4,callable,ok,tests.test_text.test_merge_split_encodings,tests.test_text.test_merge_split_encodings,fbe27bc7f3591a6403fef3b2b6c805114e9215f4,2024-09-05T11:10:11-07:00,d864d1d27c3f5527760ad91eca901eba56e3a3d5,2025-07-13T09:23:34-07:00,3,428,0.17647058823529413,0.8391017610762358,,False,False,2,1,284.49,26.44,0.007030114071330678,0.037827841291190316,496005961.0,stanford-crfm/levanter,Python
tests/test_text.py,5,callable,ok,tests.test_text.test_llama_tokenizer_needs_long_sequence_workaround,tests.test_text.test_llama_tokenizer_needs_long_sequence_workaround,fbe27bc7f3591a6403fef3b2b6c805114e9215f4,2024-09-05T11:10:11-07:00,23ac6d3c178514d33196077525cfde372fe2c4b6,2025-07-22T23:04:06-07:00,4,428,1.0,0.3764055438453709,,False,False,1,3,284.49,36.01,0.003515057035665339,0.08332090377464267,496005961.0,stanford-crfm/levanter,Python
tests/test_text.py,6,callable,ok,tests.test_text.test_make_sequence_mask_basic_two_segments,tests.test_text.test_make_sequence_mask_basic_two_segments,b12d7345824657c401735954cb5a8bb06de903c6,2025-04-20T22:49:45-07:00,b12d7345824657c401735954cb5a8bb06de903c6,2025-04-20T22:49:45-07:00,1,200,0.16666666666666666,,,False,False,1,0,57.0,0.0,0.017542445510301416,,496005961.0,stanford-crfm/levanter,Python
tests/test_text.py,7,callable,ok,tests.test_text.test_make_sequence_mask_all_input_tokens,tests.test_text.test_make_sequence_mask_all_input_tokens,b12d7345824657c401735954cb5a8bb06de903c6,2025-04-20T22:49:45-07:00,b12d7345824657c401735954cb5a8bb06de903c6,2025-04-20T22:49:45-07:00,1,200,0.16666666666666666,,,False,False,1,0,57.0,0.0,0.017542445510301416,,496005961.0,stanford-crfm/levanter,Python
tests/test_text.py,8,callable,ok,tests.test_text.test_make_sequence_mask_all_output_tokens,tests.test_text.test_make_sequence_mask_all_output_tokens,b12d7345824657c401735954cb5a8bb06de903c6,2025-04-20T22:49:45-07:00,b12d7345824657c401735954cb5a8bb06de903c6,2025-04-20T22:49:45-07:00,1,200,0.16666666666666666,,,False,False,1,0,57.0,0.0,0.017542445510301416,,496005961.0,stanford-crfm/levanter,Python
tests/test_text.py,9,callable,ok,tests.test_text.test_make_sequence_mask_alternating_inputs_outputs,tests.test_text.test_make_sequence_mask_alternating_inputs_outputs,b12d7345824657c401735954cb5a8bb06de903c6,2025-04-20T22:49:45-07:00,b12d7345824657c401735954cb5a8bb06de903c6,2025-04-20T22:49:45-07:00,1,200,0.16666666666666666,,,False,False,1,0,57.0,0.0,0.017542445510301416,,496005961.0,stanford-crfm/levanter,Python
tests/test_text.py,10,callable,ok,tests.test_text.test_make_sequence_mask_single_segment_mixed,tests.test_text.test_make_sequence_mask_single_segment_mixed,b12d7345824657c401735954cb5a8bb06de903c6,2025-04-20T22:49:45-07:00,b12d7345824657c401735954cb5a8bb06de903c6,2025-04-20T22:49:45-07:00,1,200,0.16666666666666666,,,False,False,1,0,57.0,0.0,0.017542445510301416,,496005961.0,stanford-crfm/levanter,Python
tests/test_text.py,11,callable,ok,tests.test_text.dummy_chat_data,tests.test_text.dummy_chat_data,b12d7345824657c401735954cb5a8bb06de903c6,2025-04-20T22:49:45-07:00,b12d7345824657c401735954cb5a8bb06de903c6,2025-04-20T22:49:45-07:00,1,200,0.043478260869565216,,,False,False,1,0,57.0,0.0,0.017542445510301416,,496005961.0,stanford-crfm/levanter,Python
tests/test_text.py,12,callable,ok,tests.test_text.assert_loss_mask_matches_all_assistants,tests.test_text.assert_loss_mask_matches_all_assistants,b12d7345824657c401735954cb5a8bb06de903c6,2025-04-20T22:49:45-07:00,b12d7345824657c401735954cb5a8bb06de903c6,2025-04-20T22:49:45-07:00,1,200,0.015151515151515152,,,False,False,1,0,57.0,0.0,0.017542445510301416,,496005961.0,stanford-crfm/levanter,Python
tests/test_text.py,13,callable,ok,tests.test_text.test_chat_dataset_build_and_pack,tests.test_text.test_chat_dataset_build_and_pack,b12d7345824657c401735954cb5a8bb06de903c6,2025-04-20T22:49:45-07:00,b12d7345824657c401735954cb5a8bb06de903c6,2025-04-20T22:49:45-07:00,1,200,0.014925373134328358,,,False,False,1,0,57.0,0.0,0.017542445510301416,,496005961.0,stanford-crfm/levanter,Python
tests/test_text.py,14,callable,ok,tests.test_text.hf_tokenizer,tests.test_text.hf_tokenizer,b12d7345824657c401735954cb5a8bb06de903c6,2025-04-20T22:49:45-07:00,b12d7345824657c401735954cb5a8bb06de903c6,2025-04-20T22:49:45-07:00,1,200,0.2,,,False,False,1,0,57.0,0.0,0.017542445510301416,,496005961.0,stanford-crfm/levanter,Python
tests/test_text.py,15,callable,ok,tests.test_text.dummy_supervised_file,tests.test_text.dummy_supervised_file,b12d7345824657c401735954cb5a8bb06de903c6,2025-04-20T22:49:45-07:00,b12d7345824657c401735954cb5a8bb06de903c6,2025-04-20T22:49:45-07:00,1,200,0.09090909090909091,,,False,False,1,0,57.0,0.0,0.017542445510301416,,496005961.0,stanford-crfm/levanter,Python
tests/test_text.py,16,callable,ok,tests.test_text.test_supervised_processor_and_cache,tests.test_text.test_supervised_processor_and_cache,b12d7345824657c401735954cb5a8bb06de903c6,2025-04-20T22:49:45-07:00,b12d7345824657c401735954cb5a8bb06de903c6,2025-04-20T22:49:45-07:00,1,200,0.010869565217391304,,,False,False,1,0,57.0,0.0,0.017542445510301416,,496005961.0,stanford-crfm/levanter,Python
tests/test_tree_store.py,0,class,ok,tests.test_tree_store.SimpleProcessor,tests.test_tree_store.SimpleProcessor,fbe27bc7f3591a6403fef3b2b6c805114e9215f4,2024-09-05T11:10:11-07:00,b41838f35b6ecda8cb9dbdd3c408e14bcb75b0ad,2024-10-03T22:57:36-07:00,2,428,0.13333333333333333,,,False,False,2,0,284.49,0.0,0.007030114071330678,,496005961.0,stanford-crfm/levanter,Python
tests/test_tree_store.py,1,class,ok,tests.test_tree_store.SimpleShardSource,tests.test_tree_store.SimpleShardSource,fbe27bc7f3591a6403fef3b2b6c805114e9215f4,2024-09-05T11:10:11-07:00,fbe27bc7f3591a6403fef3b2b6c805114e9215f4,2024-09-05T11:10:11-07:00,1,428,0.08333333333333333,,,False,False,1,0,284.49,0.0,0.003515057035665339,,496005961.0,stanford-crfm/levanter,Python
tests/test_tree_store.py,16,callable,ok,tests.test_tree_store.SimpleProcessor.__init__,tests.test_tree_store.SimpleProcessor.__init__,fbe27bc7f3591a6403fef3b2b6c805114e9215f4,2024-09-05T11:10:11-07:00,fbe27bc7f3591a6403fef3b2b6c805114e9215f4,2024-09-05T11:10:11-07:00,1,0,0.5,,,True,False,1,0,284.49,0.0,0.003515057035665339,,496005961.0,stanford-crfm/levanter,Python
tests/test_tree_store.py,19,callable,ok,tests.test_tree_store.SimpleProcessor.batch_size,tests.test_tree_store.SimpleProcessor.batch_size,fbe27bc7f3591a6403fef3b2b6c805114e9215f4,2024-09-05T11:10:11-07:00,fbe27bc7f3591a6403fef3b2b6c805114e9215f4,2024-09-05T11:10:11-07:00,1,0,0.5,,,True,False,1,0,284.49,0.0,0.003515057035665339,,496005961.0,stanford-crfm/levanter,Python
tests/test_tree_store.py,0,callable,ok,tests.test_tree_store.test_tree_builder_with_processor,tests.test_tree_store.test_tree_builder_with_processor,fbe27bc7f3591a6403fef3b2b6c805114e9215f4,2024-09-05T11:10:11-07:00,b41838f35b6ecda8cb9dbdd3c408e14bcb75b0ad,2024-10-03T22:57:36-07:00,2,428,0.06896551724137931,,,False,False,2,0,284.49,0.0,0.007030114071330678,,496005961.0,stanford-crfm/levanter,Python
tests/test_tree_store.py,1,callable,ok,tests.test_tree_store.test_append_batch,tests.test_tree_store.test_append_batch,fbe27bc7f3591a6403fef3b2b6c805114e9215f4,2024-09-05T11:10:11-07:00,fbe27bc7f3591a6403fef3b2b6c805114e9215f4,2024-09-05T11:10:11-07:00,1,428,0.05,,,False,False,1,0,284.49,0.0,0.003515057035665339,,496005961.0,stanford-crfm/levanter,Python
tests/test_tree_store.py,2,callable,ok,tests.test_tree_store.test_append_batch_different_shapes,tests.test_tree_store.test_append_batch_different_shapes,fbe27bc7f3591a6403fef3b2b6c805114e9215f4,2024-09-05T11:10:11-07:00,fbe27bc7f3591a6403fef3b2b6c805114e9215f4,2024-09-05T11:10:11-07:00,1,428,0.034482758620689655,,,False,False,1,0,284.49,0.0,0.003515057035665339,,496005961.0,stanford-crfm/levanter,Python
tests/test_tree_store.py,3,callable,ok,tests.test_tree_store.test_extend_batch_different_shapes,tests.test_tree_store.test_extend_batch_different_shapes,fbe27bc7f3591a6403fef3b2b6c805114e9215f4,2024-09-05T11:10:11-07:00,fbe27bc7f3591a6403fef3b2b6c805114e9215f4,2024-09-05T11:10:11-07:00,1,428,0.043478260869565216,,,False,False,1,0,284.49,0.0,0.003515057035665339,,496005961.0,stanford-crfm/levanter,Python
tests/test_tree_store.py,4,callable,ok,tests.test_tree_store.test_len,tests.test_tree_store.test_len,fbe27bc7f3591a6403fef3b2b6c805114e9215f4,2024-09-05T11:10:11-07:00,fbe27bc7f3591a6403fef3b2b6c805114e9215f4,2024-09-05T11:10:11-07:00,1,428,0.07142857142857142,,,False,False,1,0,284.49,0.0,0.003515057035665339,,496005961.0,stanford-crfm/levanter,Python
tests/test_tree_store.py,5,callable,ok,tests.test_tree_store.test_getitem,tests.test_tree_store.test_getitem,fbe27bc7f3591a6403fef3b2b6c805114e9215f4,2024-09-05T11:10:11-07:00,fbe27bc7f3591a6403fef3b2b6c805114e9215f4,2024-09-05T11:10:11-07:00,1,428,0.05555555555555555,,,False,False,1,0,284.49,0.0,0.003515057035665339,,496005961.0,stanford-crfm/levanter,Python
tests/test_tree_store.py,6,callable,ok,tests.test_tree_store.test_getitem_out_of_bounds,tests.test_tree_store.test_getitem_out_of_bounds,fbe27bc7f3591a6403fef3b2b6c805114e9215f4,2024-09-05T11:10:11-07:00,fbe27bc7f3591a6403fef3b2b6c805114e9215f4,2024-09-05T11:10:11-07:00,1,428,0.07692307692307693,,,False,False,1,0,284.49,0.0,0.003515057035665339,,496005961.0,stanford-crfm/levanter,Python
tests/test_tree_store.py,7,callable,ok,tests.test_tree_store.test_iter,tests.test_tree_store.test_iter,fbe27bc7f3591a6403fef3b2b6c805114e9215f4,2024-09-05T11:10:11-07:00,fbe27bc7f3591a6403fef3b2b6c805114e9215f4,2024-09-05T11:10:11-07:00,1,428,0.05,,,False,False,1,0,284.49,0.0,0.003515057035665339,,496005961.0,stanford-crfm/levanter,Python
tests/test_tree_store.py,8,callable,ok,tests.test_tree_store.test_reading_from_written,tests.test_tree_store.test_reading_from_written,fbe27bc7f3591a6403fef3b2b6c805114e9215f4,2024-09-05T11:10:11-07:00,fbe27bc7f3591a6403fef3b2b6c805114e9215f4,2024-09-05T11:10:11-07:00,1,428,0.041666666666666664,,,False,False,1,0,284.49,0.0,0.003515057035665339,,496005961.0,stanford-crfm/levanter,Python
tests/test_tree_store.py,9,callable,ok,tests.test_tree_store.test_resolve_changed_cache_size,tests.test_tree_store.test_resolve_changed_cache_size,fbe27bc7f3591a6403fef3b2b6c805114e9215f4,2024-09-05T11:10:11-07:00,fbe27bc7f3591a6403fef3b2b6c805114e9215f4,2024-09-05T11:10:11-07:00,1,428,0.045454545454545456,,,False,False,1,0,284.49,0.0,0.003515057035665339,,496005961.0,stanford-crfm/levanter,Python
tests/test_tree_store.py,10,callable,ok,tests.test_tree_store.test_simple_resize_bounds,tests.test_tree_store.test_simple_resize_bounds,fbe27bc7f3591a6403fef3b2b6c805114e9215f4,2024-09-05T11:10:11-07:00,fbe27bc7f3591a6403fef3b2b6c805114e9215f4,2024-09-05T11:10:11-07:00,1,428,0.023809523809523808,,,False,False,1,0,284.49,0.0,0.003515057035665339,,496005961.0,stanford-crfm/levanter,Python
tests/test_tree_store.py,11,callable,ok,tests.test_tree_store.test_get_batch_single_item,tests.test_tree_store.test_get_batch_single_item,fbe27bc7f3591a6403fef3b2b6c805114e9215f4,2024-09-05T11:10:11-07:00,fbe27bc7f3591a6403fef3b2b6c805114e9215f4,2024-09-05T11:10:11-07:00,1,428,0.05555555555555555,,,False,False,1,0,284.49,0.0,0.003515057035665339,,496005961.0,stanford-crfm/levanter,Python
tests/test_tree_store.py,12,callable,ok,tests.test_tree_store.test_get_batch_multiple_items,tests.test_tree_store.test_get_batch_multiple_items,fbe27bc7f3591a6403fef3b2b6c805114e9215f4,2024-09-05T11:10:11-07:00,fbe27bc7f3591a6403fef3b2b6c805114e9215f4,2024-09-05T11:10:11-07:00,1,428,0.05,,,False,False,1,0,284.49,0.0,0.003515057035665339,,496005961.0,stanford-crfm/levanter,Python
tests/test_tree_store.py,13,callable,ok,tests.test_tree_store.test_get_batch_out_of_order,tests.test_tree_store.test_get_batch_out_of_order,fbe27bc7f3591a6403fef3b2b6c805114e9215f4,2024-09-05T11:10:11-07:00,fbe27bc7f3591a6403fef3b2b6c805114e9215f4,2024-09-05T11:10:11-07:00,1,428,0.05,,,False,False,1,0,284.49,0.0,0.003515057035665339,,496005961.0,stanford-crfm/levanter,Python
tests/test_tree_store.py,14,callable,ok,tests.test_tree_store.test_get_batch_with_shapes,tests.test_tree_store.test_get_batch_with_shapes,fbe27bc7f3591a6403fef3b2b6c805114e9215f4,2024-09-05T11:10:11-07:00,fbe27bc7f3591a6403fef3b2b6c805114e9215f4,2024-09-05T11:10:11-07:00,1,428,0.05263157894736842,,,False,False,1,0,284.49,0.0,0.003515057035665339,,496005961.0,stanford-crfm/levanter,Python
tests/test_tree_store.py,15,callable,ok,tests.test_tree_store.test_get_batch_empty,tests.test_tree_store.test_get_batch_empty,fbe27bc7f3591a6403fef3b2b6c805114e9215f4,2024-09-05T11:10:11-07:00,fbe27bc7f3591a6403fef3b2b6c805114e9215f4,2024-09-05T11:10:11-07:00,1,428,0.06666666666666667,,,False,False,1,0,284.49,0.0,0.003515057035665339,,496005961.0,stanford-crfm/levanter,Python
tests/test_tree_store.py,17,callable,ok,tests.test_tree_store.SimpleProcessor.__call__,tests.test_tree_store.SimpleProcessor.__call__,fbe27bc7f3591a6403fef3b2b6c805114e9215f4,2024-09-05T11:10:11-07:00,fbe27bc7f3591a6403fef3b2b6c805114e9215f4,2024-09-05T11:10:11-07:00,1,428,0.5,,,False,False,1,0,284.49,0.0,0.003515057035665339,,496005961.0,stanford-crfm/levanter,Python
tests/test_tree_store.py,18,callable,ok,tests.test_tree_store.SimpleProcessor.output_exemplar,tests.test_tree_store.SimpleProcessor.output_exemplar,fbe27bc7f3591a6403fef3b2b6c805114e9215f4,2024-09-05T11:10:11-07:00,fbe27bc7f3591a6403fef3b2b6c805114e9215f4,2024-09-05T11:10:11-07:00,1,428,0.5,,,False,False,1,0,284.49,0.0,0.003515057035665339,,496005961.0,stanford-crfm/levanter,Python
tests/test_tree_store.py,20,callable,ok,tests.test_tree_store.SimpleProcessor.num_cpus,tests.test_tree_store.SimpleProcessor.num_cpus,fbe27bc7f3591a6403fef3b2b6c805114e9215f4,2024-09-05T11:10:11-07:00,fbe27bc7f3591a6403fef3b2b6c805114e9215f4,2024-09-05T11:10:11-07:00,1,428,0.5,,,False,False,1,0,284.49,0.0,0.003515057035665339,,496005961.0,stanford-crfm/levanter,Python
tests/test_tree_store.py,21,callable,ok,tests.test_tree_store.SimpleShardSource.__init__,tests.test_tree_store.SimpleShardSource.__init__,fbe27bc7f3591a6403fef3b2b6c805114e9215f4,2024-09-05T11:10:11-07:00,fbe27bc7f3591a6403fef3b2b6c805114e9215f4,2024-09-05T11:10:11-07:00,1,428,0.5,,,False,False,1,0,284.49,0.0,0.003515057035665339,,496005961.0,stanford-crfm/levanter,Python
tests/test_tree_store.py,22,callable,ok,tests.test_tree_store.SimpleShardSource.shard_names,tests.test_tree_store.SimpleShardSource.shard_names,fbe27bc7f3591a6403fef3b2b6c805114e9215f4,2024-09-05T11:10:11-07:00,fbe27bc7f3591a6403fef3b2b6c805114e9215f4,2024-09-05T11:10:11-07:00,1,428,0.5,,,False,False,1,0,284.49,0.0,0.003515057035665339,,496005961.0,stanford-crfm/levanter,Python
tests/test_tree_store.py,23,callable,ok,tests.test_tree_store.SimpleShardSource.open_shard_at_row,tests.test_tree_store.SimpleShardSource.open_shard_at_row,fbe27bc7f3591a6403fef3b2b6c805114e9215f4,2024-09-05T11:10:11-07:00,fbe27bc7f3591a6403fef3b2b6c805114e9215f4,2024-09-05T11:10:11-07:00,1,428,0.25,,,False,False,1,0,284.49,0.0,0.003515057035665339,,496005961.0,stanford-crfm/levanter,Python
tests/test_tree_store.py,24,callable,ok,tests.test_tree_store.SimpleProcessor.metadata,tests.test_tree_store.SimpleProcessor.metadata,b41838f35b6ecda8cb9dbdd3c408e14bcb75b0ad,2024-10-03T22:57:36-07:00,b41838f35b6ecda8cb9dbdd3c408e14bcb75b0ad,2024-10-03T22:57:36-07:00,1,399,0.5,,,False,False,1,0,256.0,0.0,0.003906263068913986,,496005961.0,stanford-crfm/levanter,Python
tests/test_tree_store.py,25,callable,ok,tests.test_tree_store.test_using_prepared_batches,tests.test_tree_store.test_using_prepared_batches,adf4b6d46545f1f95b5eba41dfddcaec68b553c4,2024-10-10T10:53:08-05:00,adf4b6d46545f1f95b5eba41dfddcaec68b553c4,2024-10-10T10:53:08-05:00,1,393,0.038461538461538464,,,False,False,1,0,249.59,0.0,0.004006641750672434,,496005961.0,stanford-crfm/levanter,Python
tests/test_utils.py,0,class,ok,tests.test_utils.MLP,tests.test_utils.MLP,bc5208702c3dee718ae8616fdd6a503afb74d100,2023-05-12T09:54:36-07:00,bc5208702c3dee718ae8616fdd6a503afb74d100,2023-05-12T09:54:36-07:00,1,910,0.013888888888888888,,,False,False,1,0,766.54,0.0,0.001304558438223707,,496005961.0,stanford-crfm/levanter,Python
tests/test_utils.py,1,class,ok,tests.test_utils.IdentityProcessor,tests.test_utils.IdentityProcessor,bc5208702c3dee718ae8616fdd6a503afb74d100,2023-05-12T09:54:36-07:00,bc5208702c3dee718ae8616fdd6a503afb74d100,2023-05-12T09:54:36-07:00,1,910,0.125,,,False,False,1,0,766.54,0.0,0.001304558438223707,,496005961.0,stanford-crfm/levanter,Python
tests/test_utils.py,2,class,ok,tests.test_utils.ShardsDataSource,tests.test_utils.ShardsDataSource,bc5208702c3dee718ae8616fdd6a503afb74d100,2023-05-12T09:54:36-07:00,bc5208702c3dee718ae8616fdd6a503afb74d100,2023-05-12T09:54:36-07:00,1,910,0.1,,,False,False,1,0,766.54,0.0,0.001304558438223707,,496005961.0,stanford-crfm/levanter,Python
tests/test_utils.py,3,class,ok,tests.test_utils.SingleShardDocumentSource,tests.test_utils.SingleShardDocumentSource,bc5208702c3dee718ae8616fdd6a503afb74d100,2023-05-12T09:54:36-07:00,bc5208702c3dee718ae8616fdd6a503afb74d100,2023-05-12T09:54:36-07:00,1,910,0.1,,,False,False,1,0,766.54,0.0,0.001304558438223707,,496005961.0,stanford-crfm/levanter,Python
tests/test_utils.py,0,callable,ok,tests.test_utils.skip_if_not_enough_devices,tests.test_utils.skip_if_not_enough_devices,bc5208702c3dee718ae8616fdd6a503afb74d100,2023-05-12T09:54:36-07:00,bc5208702c3dee718ae8616fdd6a503afb74d100,2023-05-12T09:54:36-07:00,1,910,0.5,,,False,False,1,0,766.54,0.0,0.001304558438223707,,496005961.0,stanford-crfm/levanter,Python
tests/test_utils.py,1,callable,ok,tests.test_utils.assert_trees_not_close,tests.test_utils.assert_trees_not_close,bc5208702c3dee718ae8616fdd6a503afb74d100,2023-05-12T09:54:36-07:00,bc5208702c3dee718ae8616fdd6a503afb74d100,2023-05-12T09:54:36-07:00,1,910,0.14285714285714285,,,False,False,1,0,766.54,0.0,0.001304558438223707,,496005961.0,stanford-crfm/levanter,Python
tests/test_utils.py,2,callable,ok,tests.test_utils.arrays_only,tests.test_utils.arrays_only,bc5208702c3dee718ae8616fdd6a503afb74d100,2023-05-12T09:54:36-07:00,bc5208702c3dee718ae8616fdd6a503afb74d100,2023-05-12T09:54:36-07:00,1,910,0.5,,,False,False,1,0,766.54,0.0,0.001304558438223707,,496005961.0,stanford-crfm/levanter,Python
tests/test_utils.py,3,callable,ok,tests.test_utils.has_torch,tests.test_utils.has_torch,bc5208702c3dee718ae8616fdd6a503afb74d100,2023-05-12T09:54:36-07:00,bc5208702c3dee718ae8616fdd6a503afb74d100,2023-05-12T09:54:36-07:00,1,910,0.14285714285714285,,,False,False,1,0,766.54,0.0,0.001304558438223707,,496005961.0,stanford-crfm/levanter,Python
tests/test_utils.py,4,callable,ok,tests.test_utils.skip_if_no_torch,tests.test_utils.skip_if_no_torch,bc5208702c3dee718ae8616fdd6a503afb74d100,2023-05-12T09:54:36-07:00,bc5208702c3dee718ae8616fdd6a503afb74d100,2023-05-12T09:54:36-07:00,1,910,0.5,,,False,False,1,0,766.54,0.0,0.001304558438223707,,496005961.0,stanford-crfm/levanter,Python
tests/test_utils.py,5,callable,ok,tests.test_utils.MLP.__init__,tests.test_utils.MLP.__init__,bc5208702c3dee718ae8616fdd6a503afb74d100,2023-05-12T09:54:36-07:00,bc5208702c3dee718ae8616fdd6a503afb74d100,2023-05-12T09:54:36-07:00,1,910,0.023255813953488372,,,False,False,1,0,766.54,0.0,0.001304558438223707,,496005961.0,stanford-crfm/levanter,Python
tests/test_utils.py,6,callable,ok,tests.test_utils.MLP.__call__,tests.test_utils.MLP.__call__,bc5208702c3dee718ae8616fdd6a503afb74d100,2023-05-12T09:54:36-07:00,bc5208702c3dee718ae8616fdd6a503afb74d100,2023-05-12T09:54:36-07:00,1,910,0.058823529411764705,,,False,False,1,0,766.54,0.0,0.001304558438223707,,496005961.0,stanford-crfm/levanter,Python
tests/test_utils.py,7,callable,ok,tests.test_utils.IdentityProcessor.__call__,tests.test_utils.IdentityProcessor.__call__,bc5208702c3dee718ae8616fdd6a503afb74d100,2023-05-12T09:54:36-07:00,bc5208702c3dee718ae8616fdd6a503afb74d100,2023-05-12T09:54:36-07:00,1,910,0.3333333333333333,,,False,False,1,0,766.54,0.0,0.001304558438223707,,496005961.0,stanford-crfm/levanter,Python
tests/test_utils.py,8,callable,ok,tests.test_utils.IdentityProcessor.num_cpus,tests.test_utils.IdentityProcessor.num_cpus,bc5208702c3dee718ae8616fdd6a503afb74d100,2023-05-12T09:54:36-07:00,bc5208702c3dee718ae8616fdd6a503afb74d100,2023-05-12T09:54:36-07:00,1,910,0.5,,,False,False,1,0,766.54,0.0,0.001304558438223707,,496005961.0,stanford-crfm/levanter,Python
tests/test_utils.py,9,callable,ok,tests.test_utils.ShardsDataSource.__init__,tests.test_utils.ShardsDataSource.__init__,bc5208702c3dee718ae8616fdd6a503afb74d100,2023-05-12T09:54:36-07:00,bc5208702c3dee718ae8616fdd6a503afb74d100,2023-05-12T09:54:36-07:00,1,910,0.5,,,False,False,1,0,766.54,0.0,0.001304558438223707,,496005961.0,stanford-crfm/levanter,Python
tests/test_utils.py,10,callable,ok,tests.test_utils.ShardsDataSource.shard_names,tests.test_utils.ShardsDataSource.shard_names,bc5208702c3dee718ae8616fdd6a503afb74d100,2023-05-12T09:54:36-07:00,bc5208702c3dee718ae8616fdd6a503afb74d100,2023-05-12T09:54:36-07:00,1,910,0.5,,,False,False,1,0,766.54,0.0,0.001304558438223707,,496005961.0,stanford-crfm/levanter,Python
tests/test_utils.py,11,callable,ok,tests.test_utils.ShardsDataSource.open_shard_at_row,tests.test_utils.ShardsDataSource.open_shard_at_row,bc5208702c3dee718ae8616fdd6a503afb74d100,2023-05-12T09:54:36-07:00,bc5208702c3dee718ae8616fdd6a503afb74d100,2023-05-12T09:54:36-07:00,1,910,0.5,,,False,False,1,0,766.54,0.0,0.001304558438223707,,496005961.0,stanford-crfm/levanter,Python
tests/test_utils.py,12,callable,ok,tests.test_utils.SingleShardDocumentSource.__init__,tests.test_utils.SingleShardDocumentSource.__init__,bc5208702c3dee718ae8616fdd6a503afb74d100,2023-05-12T09:54:36-07:00,bc5208702c3dee718ae8616fdd6a503afb74d100,2023-05-12T09:54:36-07:00,1,910,0.5,,,False,False,1,0,766.54,0.0,0.001304558438223707,,496005961.0,stanford-crfm/levanter,Python
tests/test_utils.py,13,callable,ok,tests.test_utils.SingleShardDocumentSource.shard_names,tests.test_utils.SingleShardDocumentSource.shard_names,bc5208702c3dee718ae8616fdd6a503afb74d100,2023-05-12T09:54:36-07:00,bc5208702c3dee718ae8616fdd6a503afb74d100,2023-05-12T09:54:36-07:00,1,910,0.5,,,False,False,1,0,766.54,0.0,0.001304558438223707,,496005961.0,stanford-crfm/levanter,Python
tests/test_utils.py,14,callable,ok,tests.test_utils.SingleShardDocumentSource.open_shard_at_row,tests.test_utils.SingleShardDocumentSource.open_shard_at_row,bc5208702c3dee718ae8616fdd6a503afb74d100,2023-05-12T09:54:36-07:00,bc5208702c3dee718ae8616fdd6a503afb74d100,2023-05-12T09:54:36-07:00,1,910,0.5,,,False,False,1,0,766.54,0.0,0.001304558438223707,,496005961.0,stanford-crfm/levanter,Python
tests/test_viz_lm.py,1,callable,ok,tests.test_viz_lm.setup_module,tests.test_viz_lm.setup_module,0f7b97a7b409a20e67389b0d8261b7cee5f1235d,2023-07-20T00:22:14-07:00,be294b476fd092e7c8b85f9a64e2cd9c6c6de4f6,2024-02-09T23:55:47-08:00,3,205,0.42857142857142855,0.17676656726749648,,True,False,3,0,697.94,0.0,0.004298361475218885,,496005961.0,stanford-crfm/levanter,Python
tests/test_viz_lm.py,2,callable,ok,tests.test_viz_lm.teardown_module,tests.test_viz_lm.teardown_module,0f7b97a7b409a20e67389b0d8261b7cee5f1235d,2023-07-20T00:22:14-07:00,0f7b97a7b409a20e67389b0d8261b7cee5f1235d,2023-07-20T00:22:14-07:00,1,0,0.5,,,True,False,1,0,697.94,0.0,0.0014327871584062948,,496005961.0,stanford-crfm/levanter,Python
tests/test_viz_lm.py,0,callable,ok,tests.test_viz_lm.test_viz_lm,tests.test_viz_lm.test_viz_lm,5d9623431bf49cdc3e2c59d1722998966af6c6c3,2023-07-17T16:04:54-07:00,4ad49844904354c7c850f62242e39f092dcc70af,2025-10-01T10:18:36-07:00,12,843,0.2926829268292683,2.2753209665594096,,False,False,9,3,700.29,106.47,0.012851896699310309,0.028175952737448166,496005961.0,stanford-crfm/levanter,Python
tests/tiny_test_corpus.py,0,callable,ok,tests.tiny_test_corpus._write_tiny_corpus,tests.tiny_test_corpus._write_tiny_corpus,b18b0a16342ffeacf1522fddf8e571b31e81a172,2023-07-20T10:56:42-07:00,dee35687f5f1d3d92ea6ddc62e2c6ac67a456983,2023-07-20T11:12:33-07:00,2,841,0.16666666666666666,,,False,False,2,0,697.5,0.0,0.0028673844641525503,,496005961.0,stanford-crfm/levanter,Python
tests/tiny_test_corpus.py,1,callable,ok,tests.tiny_test_corpus.tiny_corpus_config,tests.tiny_test_corpus.tiny_corpus_config,b18b0a16342ffeacf1522fddf8e571b31e81a172,2023-07-20T10:56:42-07:00,b12d7345824657c401735954cb5a8bb06de903c6,2025-04-20T22:49:45-07:00,2,841,0.2857142857142857,,,False,False,2,0,697.5,0.0,0.0028673844641525503,,496005961.0,stanford-crfm/levanter,Python
tests/tiny_test_corpus.py,2,callable,ok,tests.tiny_test_corpus.construct_small_data_cache,tests.tiny_test_corpus.construct_small_data_cache,34718a1d8334a6712f9cc0a3a33edaaf583a790d,2024-02-28T22:35:23-08:00,b12d7345824657c401735954cb5a8bb06de903c6,2025-04-20T22:49:45-07:00,5,617,0.16129032258064516,1.4745148139923137,,False,False,5,0,473.97,0.0,0.010549126218561437,,496005961.0,stanford-crfm/levanter,Python
tests/tiny_test_corpus.py,3,callable,ok,tests.tiny_test_corpus.tiny_asr_corpus_config,tests.tiny_test_corpus.tiny_asr_corpus_config,19829c2c360cc1b8e7975f540e612845e4877a69,2024-03-15T19:01:24-04:00,19829c2c360cc1b8e7975f540e612845e4877a69,2024-03-15T19:01:24-04:00,1,601,0.125,,,False,False,1,0,458.29,0.0,0.0021820331892299085,,496005961.0,stanford-crfm/levanter,Python
tests/whisper_test.py,0,callable,ok,tests.whisper_test.test_basic_forward_whisper,tests.whisper_test.test_basic_forward_whisper,4228d63e9f4dbfde05bbc01f44c594b57588a57f,2024-03-05T20:53:43Z,19829c2c360cc1b8e7975f540e612845e4877a69,2024-03-15T19:01:24-04:00,2,611,0.09090909090909091,,,False,False,2,0,468.38,0.0,0.004270065955468401,,496005961.0,stanford-crfm/levanter,Python
tests/whisper_test.py,1,callable,ok,tests.whisper_test.test_mask_forward_whisper,tests.whisper_test.test_mask_forward_whisper,4228d63e9f4dbfde05bbc01f44c594b57588a57f,2024-03-05T20:53:43Z,19829c2c360cc1b8e7975f540e612845e4877a69,2024-03-15T19:01:24-04:00,2,611,0.09090909090909091,,,False,False,2,0,468.38,0.0,0.004270065955468401,,496005961.0,stanford-crfm/levanter,Python
tests/whisper_test.py,2,callable,ok,tests.whisper_test.test_namedarray_mask_forward_whisper,tests.whisper_test.test_namedarray_mask_forward_whisper,4228d63e9f4dbfde05bbc01f44c594b57588a57f,2024-03-05T20:53:43Z,19829c2c360cc1b8e7975f540e612845e4877a69,2024-03-15T19:01:24-04:00,2,611,0.09090909090909091,,,False,False,2,0,468.38,0.0,0.004270065955468401,,496005961.0,stanford-crfm/levanter,Python
tests/whisper_test.py,3,callable,ok,tests.whisper_test.test_hf_roundtrip,tests.whisper_test.test_hf_roundtrip,4228d63e9f4dbfde05bbc01f44c594b57588a57f,2024-03-05T20:53:43Z,5da810ea00c8a6a877b343c410f3f466eab85ddf,2024-06-18T20:00:07-04:00,3,611,0.05084745762711865,0.4560704542698434,,False,False,3,0,468.38,0.0,0.0064050989332026026,,496005961.0,stanford-crfm/levanter,Python
tests/whisper_test.py,4,callable,ok,tests.whisper_test.test_whisper_loss,tests.whisper_test.test_whisper_loss,19829c2c360cc1b8e7975f540e612845e4877a69,2024-03-15T19:01:24-04:00,19829c2c360cc1b8e7975f540e612845e4877a69,2024-03-15T19:01:24-04:00,1,601,0.038461538461538464,,,False,False,1,0,458.29,0.0,0.0021820331892299085,,496005961.0,stanford-crfm/levanter,Python
