relpath,lineage_id,kind,status,first_qualified_name,last_qualified_name,first_commit,first_date,last_commit,last_date,modification_count,age_days,relative_churn,change_entropy,review_count,ended,had_rename_or_move,pre_touch_count,post_touch_count,pre_window_days,post_window_days,pre_churn_rate,post_churn_rate,repo_id,full_name,language
samples/csharp/src/CSharp12.cs,0,class,ok,CSharp12.PrimaryConstructors,CSharp12.PrimaryConstructors,235d29cbae3227f2857dd5c6688df7b8f3efa2a9,2023-09-18T18:02:16+08:00,235d29cbae3227f2857dd5c6688df7b8f3efa2a9,2023-09-18T18:02:16+08:00,1,1063,0.022222222222222223,,,False,False,1,0,610.98,0.0,0.0016367230954737711,,38007053.0,dotnet/docfx,C#
samples/csharp/src/CSharp12.cs,1,class,ok,CSharp12.PrimaryConstructors.BankAccount,CSharp12.PrimaryConstructors.BankAccount,235d29cbae3227f2857dd5c6688df7b8f3efa2a9,2023-09-18T18:02:16+08:00,235d29cbae3227f2857dd5c6688df7b8f3efa2a9,2023-09-18T18:02:16+08:00,1,1063,0.14285714285714285,,,False,False,1,0,610.98,0.0,0.0016367230954737711,,38007053.0,dotnet/docfx,C#
samples/csharp/src/CSharp12.cs,2,class,ok,CSharp12.PrimaryConstructors.CheckAccount,CSharp12.PrimaryConstructors.CheckAccount,235d29cbae3227f2857dd5c6688df7b8f3efa2a9,2023-09-18T18:02:16+08:00,235d29cbae3227f2857dd5c6688df7b8f3efa2a9,2023-09-18T18:02:16+08:00,1,1063,0.03571428571428571,,,False,False,1,0,610.98,0.0,0.0016367230954737711,,38007053.0,dotnet/docfx,C#
samples/csharp/src/CSharp12.cs,3,class,ok,CSharp12.CollectionExpressions,CSharp12.CollectionExpressions,235d29cbae3227f2857dd5c6688df7b8f3efa2a9,2023-09-18T18:02:16+08:00,235d29cbae3227f2857dd5c6688df7b8f3efa2a9,2023-09-18T18:02:16+08:00,1,1063,0.125,,,False,False,1,0,610.98,0.0,0.0016367230954737711,,38007053.0,dotnet/docfx,C#
samples/csharp/src/CSharp12.cs,4,class,ok,CSharp12.DefaultLambdaParameters,CSharp12.DefaultLambdaParameters,235d29cbae3227f2857dd5c6688df7b8f3efa2a9,2023-09-18T18:02:16+08:00,235d29cbae3227f2857dd5c6688df7b8f3efa2a9,2023-09-18T18:02:16+08:00,1,1063,0.07692307692307693,,,False,False,1,0,610.98,0.0,0.0016367230954737711,,38007053.0,dotnet/docfx,C#
samples/csharp/src/CSharp12.cs,5,class,ok,CSharp12.RefReadOnlyParameters,CSharp12.RefReadOnlyParameters,1b3da88896baa7356b813c68a157375d1bff7f08,2023-11-16T10:45:23+08:00,1b3da88896baa7356b813c68a157375d1bff7f08,2023-11-16T10:45:23+08:00,1,1005,0.25,,,False,False,1,0,552.28,0.0,0.0018106747955346832,,38007053.0,dotnet/docfx,C#
samples/csharp/src/CSharp12.cs,0,callable,ok,CSharp12.PrimaryConstructors.BankAccount.ToString,CSharp12.PrimaryConstructors.BankAccount.ToString,235d29cbae3227f2857dd5c6688df7b8f3efa2a9,2023-09-18T18:02:16+08:00,235d29cbae3227f2857dd5c6688df7b8f3efa2a9,2023-09-18T18:02:16+08:00,1,1063,1.0,,,False,False,1,0,610.98,0.0,0.0016367230954737711,,38007053.0,dotnet/docfx,C#
samples/csharp/src/CSharp12.cs,1,callable,ok,CSharp12.PrimaryConstructors.CheckAccount.Deposit,CSharp12.PrimaryConstructors.CheckAccount.Deposit,235d29cbae3227f2857dd5c6688df7b8f3efa2a9,2023-09-18T18:02:16+08:00,235d29cbae3227f2857dd5c6688df7b8f3efa2a9,2023-09-18T18:02:16+08:00,1,1063,0.125,,,False,False,1,0,610.98,0.0,0.0016367230954737711,,38007053.0,dotnet/docfx,C#
samples/csharp/src/CSharp12.cs,2,callable,ok,CSharp12.PrimaryConstructors.CheckAccount.Withdrawal,CSharp12.PrimaryConstructors.CheckAccount.Withdrawal,235d29cbae3227f2857dd5c6688df7b8f3efa2a9,2023-09-18T18:02:16+08:00,235d29cbae3227f2857dd5c6688df7b8f3efa2a9,2023-09-18T18:02:16+08:00,1,1063,0.08333333333333333,,,False,False,1,0,610.98,0.0,0.0016367230954737711,,38007053.0,dotnet/docfx,C#
samples/csharp/src/CSharp12.cs,3,callable,ok,CSharp12.PrimaryConstructors.CheckAccount.ToString,CSharp12.PrimaryConstructors.CheckAccount.ToString,235d29cbae3227f2857dd5c6688df7b8f3efa2a9,2023-09-18T18:02:16+08:00,235d29cbae3227f2857dd5c6688df7b8f3efa2a9,2023-09-18T18:02:16+08:00,1,1063,1.0,,,False,False,1,0,610.98,0.0,0.0016367230954737711,,38007053.0,dotnet/docfx,C#
samples/csharp/src/CSharp12.cs,4,callable,ok,CSharp12.DefaultLambdaParameters.Foo,CSharp12.DefaultLambdaParameters.Foo,235d29cbae3227f2857dd5c6688df7b8f3efa2a9,2023-09-18T18:02:16+08:00,235d29cbae3227f2857dd5c6688df7b8f3efa2a9,2023-09-18T18:02:16+08:00,1,1063,0.1,,,False,False,1,0,610.98,0.0,0.0016367230954737711,,38007053.0,dotnet/docfx,C#
samples/csharp/src/CSharp12.cs,5,callable,ok,CSharp12.CollectionExpressions.CollectionExpressions,CSharp12.CollectionExpressions.CollectionExpressions,1b3da88896baa7356b813c68a157375d1bff7f08,2023-11-16T10:45:23+08:00,1b3da88896baa7356b813c68a157375d1bff7f08,2023-11-16T10:45:23+08:00,1,1005,0.25,,,False,False,1,0,552.28,0.0,0.0018106747955346832,,38007053.0,dotnet/docfx,C#
samples/csharp/src/CSharp12.cs,6,callable,ok,CSharp12.RefReadOnlyParameters.Foo,CSharp12.RefReadOnlyParameters.Foo,1b3da88896baa7356b813c68a157375d1bff7f08,2023-11-16T10:45:23+08:00,1b3da88896baa7356b813c68a157375d1bff7f08,2023-11-16T10:45:23+08:00,1,1005,1.0,,,False,False,1,0,552.28,0.0,0.0018106747955346832,,38007053.0,dotnet/docfx,C#
samples/seed/articles/media/Program.cs,0,class,ok,Program,Program,0f23f236f6093e270334fc97c63b6d55340b6918,2023-03-09T13:42:46+08:00,0f23f236f6093e270334fc97c63b6d55340b6918,2023-03-09T13:42:46+08:00,1,1257,0.037037037037037035,,,False,False,1,0,804.16,0.0,0.0012435380996325604,,38007053.0,dotnet/docfx,C#
samples/seed/articles/media/Program.cs,0,callable,ok,Program.Main,Program.Main,0f23f236f6093e270334fc97c63b6d55340b6918,2023-03-09T13:42:46+08:00,0f23f236f6093e270334fc97c63b6d55340b6918,2023-03-09T13:42:46+08:00,1,1257,0.041666666666666664,,,False,False,1,0,804.16,0.0,0.0012435380996325604,,38007053.0,dotnet/docfx,C#
samples/seed/dotnet/project/Project/Inheritdoc.cs,0,class,ok,BuildFromProject.Inheritdoc,BuildFromProject.Inheritdoc,d850ff58531cfe22e2cfcb556c6e171b095912d5,2023-04-04T10:07:14+08:00,bbe254b354286cb6e2879e803bf9fa4a87012c91,2025-02-20T12:24:33+09:00,2,1231,0.014492753623188406,,,False,False,2,0,778.31,0.0,0.002569680806087455,,38007053.0,dotnet/docfx,C#
samples/seed/dotnet/project/Project/Inheritdoc.cs,1,class,ok,BuildFromProject.Inheritdoc.Issue8101,BuildFromProject.Inheritdoc.Issue8101,d850ff58531cfe22e2cfcb556c6e171b095912d5,2023-04-04T10:07:14+08:00,d850ff58531cfe22e2cfcb556c6e171b095912d5,2023-04-04T10:07:14+08:00,1,1231,0.06666666666666667,,,False,False,1,0,778.31,0.0,0.0012848404030437275,,38007053.0,dotnet/docfx,C#
samples/seed/dotnet/project/Project/Inheritdoc.cs,2,class,ok,BuildFromProject.Inheritdoc.Issue7484,BuildFromProject.Inheritdoc.Issue7484,d850ff58531cfe22e2cfcb556c6e171b095912d5,2023-04-04T10:07:14+08:00,d850ff58531cfe22e2cfcb556c6e171b095912d5,2023-04-04T10:07:14+08:00,1,1231,0.043478260869565216,,,False,False,1,0,778.31,0.0,0.0012848404030437275,,38007053.0,dotnet/docfx,C#
samples/seed/dotnet/project/Project/Inheritdoc.cs,3,class,ok,BuildFromProject.Inheritdoc.Issue7035,BuildFromProject.Inheritdoc.Issue7035,d850ff58531cfe22e2cfcb556c6e171b095912d5,2023-04-04T10:07:14+08:00,d850ff58531cfe22e2cfcb556c6e171b095912d5,2023-04-04T10:07:14+08:00,1,1231,0.125,,,False,False,1,0,778.31,0.0,0.0012848404030437275,,38007053.0,dotnet/docfx,C#
samples/seed/dotnet/project/Project/Inheritdoc.cs,4,class,ok,BuildFromProject.Inheritdoc.Issue6366,BuildFromProject.Inheritdoc.Issue6366,d850ff58531cfe22e2cfcb556c6e171b095912d5,2023-04-04T10:07:14+08:00,d850ff58531cfe22e2cfcb556c6e171b095912d5,2023-04-04T10:07:14+08:00,1,1231,0.05263157894736842,,,False,False,1,0,778.31,0.0,0.0012848404030437275,,38007053.0,dotnet/docfx,C#
samples/seed/dotnet/project/Project/Inheritdoc.cs,5,class,ok,BuildFromProject.Inheritdoc.Issue6366.Class1,BuildFromProject.Inheritdoc.Issue6366.Class1,d850ff58531cfe22e2cfcb556c6e171b095912d5,2023-04-04T10:07:14+08:00,d850ff58531cfe22e2cfcb556c6e171b095912d5,2023-04-04T10:07:14+08:00,1,1231,0.1,,,False,False,1,0,778.31,0.0,0.0012848404030437275,,38007053.0,dotnet/docfx,C#
samples/seed/dotnet/project/Project/Inheritdoc.cs,6,class,ok,BuildFromProject.Inheritdoc.Issue6366.Class2,BuildFromProject.Inheritdoc.Issue6366.Class2,d850ff58531cfe22e2cfcb556c6e171b095912d5,2023-04-04T10:07:14+08:00,d850ff58531cfe22e2cfcb556c6e171b095912d5,2023-04-04T10:07:14+08:00,1,1231,0.2,,,False,False,1,0,778.31,0.0,0.0012848404030437275,,38007053.0,dotnet/docfx,C#
samples/seed/dotnet/project/Project/Inheritdoc.cs,7,class,ok,BuildFromProject.Inheritdoc.Issue9736,BuildFromProject.Inheritdoc.Issue9736,bbe254b354286cb6e2879e803bf9fa4a87012c91,2025-02-20T12:24:33+09:00,bbe254b354286cb6e2879e803bf9fa4a87012c91,2025-02-20T12:24:33+09:00,1,543,0.02857142857142857,,,False,False,1,0,90.25,0.0,0.01107995301792144,,38007053.0,dotnet/docfx,C#
samples/seed/dotnet/project/Project/Inheritdoc.cs,8,class,ok,BuildFromProject.Inheritdoc.Issue9736.JsonApiOptions,BuildFromProject.Inheritdoc.Issue9736.JsonApiOptions,bbe254b354286cb6e2879e803bf9fa4a87012c91,2025-02-20T12:24:33+09:00,bbe254b354286cb6e2879e803bf9fa4a87012c91,2025-02-20T12:24:33+09:00,1,543,0.2,,,False,False,1,0,90.25,0.0,0.01107995301792144,,38007053.0,dotnet/docfx,C#
samples/seed/dotnet/project/Project/Inheritdoc.cs,0,callable,ok,BuildFromProject.Inheritdoc.Dispose,BuildFromProject.Inheritdoc.Dispose,d850ff58531cfe22e2cfcb556c6e171b095912d5,2023-04-04T10:07:14+08:00,d850ff58531cfe22e2cfcb556c6e171b095912d5,2023-04-04T10:07:14+08:00,1,1231,1.0,,,False,False,1,0,778.31,0.0,0.0012848404030437275,,38007053.0,dotnet/docfx,C#
samples/seed/dotnet/project/Project/Inheritdoc.cs,1,callable,ok,BuildFromProject.Inheritdoc.Issue7629,BuildFromProject.Inheritdoc.Issue7629,d850ff58531cfe22e2cfcb556c6e171b095912d5,2023-04-04T10:07:14+08:00,d850ff58531cfe22e2cfcb556c6e171b095912d5,2023-04-04T10:07:14+08:00,1,1231,1.0,,,False,False,1,0,778.31,0.0,0.0012848404030437275,,38007053.0,dotnet/docfx,C#
samples/seed/dotnet/project/Project/Inheritdoc.cs,2,callable,ok,BuildFromProject.Inheritdoc.Issue7628,BuildFromProject.Inheritdoc.Issue7628,d850ff58531cfe22e2cfcb556c6e171b095912d5,2023-04-04T10:07:14+08:00,d850ff58531cfe22e2cfcb556c6e171b095912d5,2023-04-04T10:07:14+08:00,1,1231,1.0,,,False,False,1,0,778.31,0.0,0.0012848404030437275,,38007053.0,dotnet/docfx,C#
samples/seed/dotnet/project/Project/Inheritdoc.cs,3,callable,ok,BuildFromProject.Inheritdoc.Issue8101.Tween,BuildFromProject.Inheritdoc.Issue8101.Tween,d850ff58531cfe22e2cfcb556c6e171b095912d5,2023-04-04T10:07:14+08:00,d850ff58531cfe22e2cfcb556c6e171b095912d5,2023-04-04T10:07:14+08:00,1,1231,1.0,,,False,False,1,0,778.31,0.0,0.0012848404030437275,,38007053.0,dotnet/docfx,C#
samples/seed/dotnet/project/Project/Inheritdoc.cs,4,callable,ok,BuildFromProject.Inheritdoc.Issue7484.Issue7484,BuildFromProject.Inheritdoc.Issue7484.Issue7484,d850ff58531cfe22e2cfcb556c6e171b095912d5,2023-04-04T10:07:14+08:00,d850ff58531cfe22e2cfcb556c6e171b095912d5,2023-04-04T10:07:14+08:00,1,1231,1.0,,,False,False,1,0,778.31,0.0,0.0012848404030437275,,38007053.0,dotnet/docfx,C#
samples/seed/dotnet/project/Project/Inheritdoc.cs,5,callable,ok,BuildFromProject.Inheritdoc.Issue7484.BoolReturningMethod,BuildFromProject.Inheritdoc.Issue7484.BoolReturningMethod,d850ff58531cfe22e2cfcb556c6e171b095912d5,2023-04-04T10:07:14+08:00,d850ff58531cfe22e2cfcb556c6e171b095912d5,2023-04-04T10:07:14+08:00,1,1231,1.0,,,False,False,1,0,778.31,0.0,0.0012848404030437275,,38007053.0,dotnet/docfx,C#
samples/seed/dotnet/project/Project/Inheritdoc.cs,6,callable,ok,BuildFromProject.Inheritdoc.Issue7035.A,BuildFromProject.Inheritdoc.Issue7035.A,d850ff58531cfe22e2cfcb556c6e171b095912d5,2023-04-04T10:07:14+08:00,d850ff58531cfe22e2cfcb556c6e171b095912d5,2023-04-04T10:07:14+08:00,1,1231,1.0,,,False,False,1,0,778.31,0.0,0.0012848404030437275,,38007053.0,dotnet/docfx,C#
samples/seed/dotnet/project/Project/Inheritdoc.cs,7,callable,ok,BuildFromProject.Inheritdoc.Issue7035.B,BuildFromProject.Inheritdoc.Issue7035.B,d850ff58531cfe22e2cfcb556c6e171b095912d5,2023-04-04T10:07:14+08:00,d850ff58531cfe22e2cfcb556c6e171b095912d5,2023-04-04T10:07:14+08:00,1,1231,1.0,,,False,False,1,0,778.31,0.0,0.0012848404030437275,,38007053.0,dotnet/docfx,C#
samples/seed/dotnet/project/Project/Inheritdoc.cs,8,callable,ok,BuildFromProject.Inheritdoc.Issue6366.Class1.TestMethod1,BuildFromProject.Inheritdoc.Issue6366.Class1.TestMethod1,d850ff58531cfe22e2cfcb556c6e171b095912d5,2023-04-04T10:07:14+08:00,d850ff58531cfe22e2cfcb556c6e171b095912d5,2023-04-04T10:07:14+08:00,1,1231,1.0,,,False,False,1,0,778.31,0.0,0.0012848404030437275,,38007053.0,dotnet/docfx,C#
samples/seed/dotnet/project/Project/Inheritdoc.cs,9,callable,ok,BuildFromProject.Inheritdoc.Issue6366.Class2.TestMethod1,BuildFromProject.Inheritdoc.Issue6366.Class2.TestMethod1,d850ff58531cfe22e2cfcb556c6e171b095912d5,2023-04-04T10:07:14+08:00,d850ff58531cfe22e2cfcb556c6e171b095912d5,2023-04-04T10:07:14+08:00,1,1231,1.0,,,False,False,1,0,778.31,0.0,0.0012848404030437275,,38007053.0,dotnet/docfx,C#
src/Docfx.App/BuildOptions.cs,0,class,ok,Docfx.BuildOptions,Docfx.BuildOptions,a6d356c86d42738d716eef162495a77696391107,2023-07-12T17:48:19+08:00,a6d356c86d42738d716eef162495a77696391107,2023-07-12T17:48:19+08:00,1,1131,0.14285714285714285,,,False,False,1,0,678.99,0.0,0.0014727831464378908,,38007053.0,dotnet/docfx,C#
src/Docfx.App/Config/BuildJsonConfig.cs,0,class,ok,Docfx.BuildJsonConfig,Docfx.BuildJsonConfig,a6d356c86d42738d716eef162495a77696391107,2023-07-12T17:48:19+08:00,a6d356c86d42738d716eef162495a77696391107,2023-07-12T17:48:19+08:00,1,1131,0.007575757575757576,,,False,False,1,0,678.99,0.0,0.0014727831464378908,,38007053.0,dotnet/docfx,C#
src/Docfx.App/Config/ListWithStringFallbackConverter.NewtonsoftJson.cs,0,class,ok,Docfx.ListWithStringFallbackConverter,Docfx.ListWithStringFallbackConverter,2f8cf18b3efba1d5bb4185693e5717d665a14d76,2024-10-20T00:26:13+09:00,2f8cf18b3efba1d5bb4185693e5717d665a14d76,2024-10-20T00:26:13+09:00,1,666,0.015873015873015872,,,False,False,1,0,213.75,0.0,0.00467832026860056,,38007053.0,dotnet/docfx,C#
src/Docfx.App/Config/ListWithStringFallbackConverter.NewtonsoftJson.cs,1,class,ok,Docfx.ListWithStringFallbackConverter.NewtonsoftJsonConverter,Docfx.ListWithStringFallbackConverter.NewtonsoftJsonConverter,2f8cf18b3efba1d5bb4185693e5717d665a14d76,2024-10-20T00:26:13+09:00,2f8cf18b3efba1d5bb4185693e5717d665a14d76,2024-10-20T00:26:13+09:00,1,666,0.017543859649122806,,,False,False,1,0,213.75,0.0,0.00467832026860056,,38007053.0,dotnet/docfx,C#
src/Docfx.App/Config/ListWithStringFallbackConverter.NewtonsoftJson.cs,0,callable,ok,Docfx.ListWithStringFallbackConverter.NewtonsoftJsonConverter.CanConvert,Docfx.ListWithStringFallbackConverter.NewtonsoftJsonConverter.CanConvert,2f8cf18b3efba1d5bb4185693e5717d665a14d76,2024-10-20T00:26:13+09:00,2f8cf18b3efba1d5bb4185693e5717d665a14d76,2024-10-20T00:26:13+09:00,1,666,0.25,,,False,False,1,0,213.75,0.0,0.00467832026860056,,38007053.0,dotnet/docfx,C#
src/Docfx.App/Config/ListWithStringFallbackConverter.NewtonsoftJson.cs,1,callable,ok,Docfx.ListWithStringFallbackConverter.NewtonsoftJsonConverter.ReadJson,Docfx.ListWithStringFallbackConverter.NewtonsoftJsonConverter.ReadJson,2f8cf18b3efba1d5bb4185693e5717d665a14d76,2024-10-20T00:26:13+09:00,2f8cf18b3efba1d5bb4185693e5717d665a14d76,2024-10-20T00:26:13+09:00,1,666,0.027777777777777776,,,False,False,1,0,213.75,0.0,0.00467832026860056,,38007053.0,dotnet/docfx,C#
src/Docfx.App/Config/ListWithStringFallbackConverter.NewtonsoftJson.cs,2,callable,ok,Docfx.ListWithStringFallbackConverter.NewtonsoftJsonConverter.WriteJson,Docfx.ListWithStringFallbackConverter.NewtonsoftJsonConverter.WriteJson,2f8cf18b3efba1d5bb4185693e5717d665a14d76,2024-10-20T00:26:13+09:00,2f8cf18b3efba1d5bb4185693e5717d665a14d76,2024-10-20T00:26:13+09:00,1,666,0.1111111111111111,,,False,False,1,0,213.75,0.0,0.00467832026860056,,38007053.0,dotnet/docfx,C#
src/Docfx.App/Config/MergeJsonConfigConverter.NewtonsoftJson.cs,0,class,ok,Docfx.MergeJsonConfigConverter,Docfx.MergeJsonConfigConverter,2f8cf18b3efba1d5bb4185693e5717d665a14d76,2024-10-20T00:26:13+09:00,2f8cf18b3efba1d5bb4185693e5717d665a14d76,2024-10-20T00:26:13+09:00,1,666,0.01694915254237288,,,False,False,1,0,213.75,0.0,0.00467832026860056,,38007053.0,dotnet/docfx,C#
src/Docfx.App/Config/MergeJsonConfigConverter.NewtonsoftJson.cs,1,class,ok,Docfx.MergeJsonConfigConverter.NewtonsoftJsonConverter,Docfx.MergeJsonConfigConverter.NewtonsoftJsonConverter,2f8cf18b3efba1d5bb4185693e5717d665a14d76,2024-10-20T00:26:13+09:00,2f8cf18b3efba1d5bb4185693e5717d665a14d76,2024-10-20T00:26:13+09:00,1,666,0.018867924528301886,,,False,False,1,0,213.75,0.0,0.00467832026860056,,38007053.0,dotnet/docfx,C#
src/Docfx.App/Config/MergeJsonConfigConverter.NewtonsoftJson.cs,0,callable,ok,Docfx.MergeJsonConfigConverter.NewtonsoftJsonConverter.CanConvert,Docfx.MergeJsonConfigConverter.NewtonsoftJsonConverter.CanConvert,2f8cf18b3efba1d5bb4185693e5717d665a14d76,2024-10-20T00:26:13+09:00,2f8cf18b3efba1d5bb4185693e5717d665a14d76,2024-10-20T00:26:13+09:00,1,666,0.25,,,False,False,1,0,213.75,0.0,0.00467832026860056,,38007053.0,dotnet/docfx,C#
src/Docfx.App/Config/MergeJsonConfigConverter.NewtonsoftJson.cs,1,callable,ok,Docfx.MergeJsonConfigConverter.NewtonsoftJsonConverter.ReadJson,Docfx.MergeJsonConfigConverter.NewtonsoftJsonConverter.ReadJson,2f8cf18b3efba1d5bb4185693e5717d665a14d76,2024-10-20T00:26:13+09:00,2f8cf18b3efba1d5bb4185693e5717d665a14d76,2024-10-20T00:26:13+09:00,1,666,0.02702702702702703,,,False,False,1,0,213.75,0.0,0.00467832026860056,,38007053.0,dotnet/docfx,C#
src/Docfx.App/Config/MergeJsonConfigConverter.NewtonsoftJson.cs,2,callable,ok,Docfx.MergeJsonConfigConverter.NewtonsoftJsonConverter.WriteJson,Docfx.MergeJsonConfigConverter.NewtonsoftJsonConverter.WriteJson,2f8cf18b3efba1d5bb4185693e5717d665a14d76,2024-10-20T00:26:13+09:00,2f8cf18b3efba1d5bb4185693e5717d665a14d76,2024-10-20T00:26:13+09:00,1,666,0.25,,,False,False,1,0,213.75,0.0,0.00467832026860056,,38007053.0,dotnet/docfx,C#
src/Docfx.App/Config/MergeJsonConfigConverter.SystemTextJson.cs,0,class,ok,Docfx.MergeJsonConfigConverter,Docfx.MergeJsonConfigConverter,2f8cf18b3efba1d5bb4185693e5717d665a14d76,2024-10-20T00:26:13+09:00,2f8cf18b3efba1d5bb4185693e5717d665a14d76,2024-10-20T00:26:13+09:00,1,666,0.024390243902439025,,,False,False,1,0,213.75,0.0,0.00467832026860056,,38007053.0,dotnet/docfx,C#
src/Docfx.App/Config/MergeJsonConfigConverter.SystemTextJson.cs,1,class,ok,Docfx.MergeJsonConfigConverter.SystemTextJsonConverter,Docfx.MergeJsonConfigConverter.SystemTextJsonConverter,2f8cf18b3efba1d5bb4185693e5717d665a14d76,2024-10-20T00:26:13+09:00,2f8cf18b3efba1d5bb4185693e5717d665a14d76,2024-10-20T00:26:13+09:00,1,666,0.02857142857142857,,,False,False,1,0,213.75,0.0,0.00467832026860056,,38007053.0,dotnet/docfx,C#
src/Docfx.App/Config/MergeJsonConfigConverter.SystemTextJson.cs,0,callable,ok,Docfx.MergeJsonConfigConverter.SystemTextJsonConverter.Read,Docfx.MergeJsonConfigConverter.SystemTextJsonConverter.Read,2f8cf18b3efba1d5bb4185693e5717d665a14d76,2024-10-20T00:26:13+09:00,2f8cf18b3efba1d5bb4185693e5717d665a14d76,2024-10-20T00:26:13+09:00,1,666,0.045454545454545456,,,False,False,1,0,213.75,0.0,0.00467832026860056,,38007053.0,dotnet/docfx,C#
src/Docfx.App/Config/MergeJsonConfigConverter.SystemTextJson.cs,1,callable,ok,Docfx.MergeJsonConfigConverter.SystemTextJsonConverter.Write,Docfx.MergeJsonConfigConverter.SystemTextJsonConverter.Write,2f8cf18b3efba1d5bb4185693e5717d665a14d76,2024-10-20T00:26:13+09:00,2f8cf18b3efba1d5bb4185693e5717d665a14d76,2024-10-20T00:26:13+09:00,1,666,0.1111111111111111,,,False,False,1,0,213.75,0.0,0.00467832026860056,,38007053.0,dotnet/docfx,C#
src/Docfx.Build.Common/ModelAttributeHandlers/Handlers/BaseModelAttributeHandler.cs,0,class,ok,Docfx.Build.Common.BaseModelAttributeHandler,Docfx.Build.Common.BaseModelAttributeHandler,a6d356c86d42738d716eef162495a77696391107,2023-07-12T17:48:19+08:00,a6d356c86d42738d716eef162495a77696391107,2023-07-12T17:48:19+08:00,1,1131,0.0043859649122807015,,,False,False,1,0,678.99,0.0,0.0014727831464378908,,38007053.0,dotnet/docfx,C#
src/Docfx.Build.Common/ModelAttributeHandlers/Handlers/BaseModelAttributeHandler.cs,1,class,ok,Docfx.Build.Common.BaseModelAttributeHandler.PropInfo,Docfx.Build.Common.BaseModelAttributeHandler.PropInfo,a6d356c86d42738d716eef162495a77696391107,2023-07-12T17:48:19+08:00,a6d356c86d42738d716eef162495a77696391107,2023-07-12T17:48:19+08:00,1,1131,0.2,,,False,False,1,0,678.99,0.0,0.0014727831464378908,,38007053.0,dotnet/docfx,C#
src/Docfx.Build.Common/ModelAttributeHandlers/Handlers/BaseModelAttributeHandler.cs,2,class,ok,Docfx.Build.Common.BaseModelAttributeHandler.TypeInfo,Docfx.Build.Common.BaseModelAttributeHandler.TypeInfo,a6d356c86d42738d716eef162495a77696391107,2023-07-12T17:48:19+08:00,a6d356c86d42738d716eef162495a77696391107,2023-07-12T17:48:19+08:00,1,1131,0.2,,,False,False,1,0,678.99,0.0,0.0014727831464378908,,38007053.0,dotnet/docfx,C#
src/Docfx.Build.Common/ModelAttributeHandlers/Handlers/BaseModelAttributeHandler.cs,0,callable,ok,Docfx.Build.Common.BaseModelAttributeHandler.BaseModelAttributeHandler,Docfx.Build.Common.BaseModelAttributeHandler.BaseModelAttributeHandler,a6d356c86d42738d716eef162495a77696391107,2023-07-12T17:48:19+08:00,a6d356c86d42738d716eef162495a77696391107,2023-07-12T17:48:19+08:00,1,1131,0.06666666666666667,,,False,False,1,0,678.99,0.0,0.0014727831464378908,,38007053.0,dotnet/docfx,C#
src/Docfx.Build.Common/ModelAttributeHandlers/Handlers/BaseModelAttributeHandler.cs,1,callable,ok,Docfx.Build.Common.BaseModelAttributeHandler.HandleCurrent,Docfx.Build.Common.BaseModelAttributeHandler.HandleCurrent,a6d356c86d42738d716eef162495a77696391107,2023-07-12T17:48:19+08:00,a6d356c86d42738d716eef162495a77696391107,2023-07-12T17:48:19+08:00,1,1131,1.0,,,False,False,1,0,678.99,0.0,0.0014727831464378908,,38007053.0,dotnet/docfx,C#
src/Docfx.Build.Common/ModelAttributeHandlers/Handlers/BaseModelAttributeHandler.cs,2,callable,ok,Docfx.Build.Common.BaseModelAttributeHandler.Handle,Docfx.Build.Common.BaseModelAttributeHandler.Handle,a6d356c86d42738d716eef162495a77696391107,2023-07-12T17:48:19+08:00,a6d356c86d42738d716eef162495a77696391107,2023-07-12T17:48:19+08:00,1,1131,0.01818181818181818,,,False,False,1,0,678.99,0.0,0.0014727831464378908,,38007053.0,dotnet/docfx,C#
src/Docfx.Build.Common/ModelAttributeHandlers/Handlers/BaseModelAttributeHandler.cs,3,callable,ok,Docfx.Build.Common.BaseModelAttributeHandler.ShouldHandle,Docfx.Build.Common.BaseModelAttributeHandler.ShouldHandle,a6d356c86d42738d716eef162495a77696391107,2023-07-12T17:48:19+08:00,a6d356c86d42738d716eef162495a77696391107,2023-07-12T17:48:19+08:00,1,1131,0.25,,,False,False,1,0,678.99,0.0,0.0014727831464378908,,38007053.0,dotnet/docfx,C#
src/Docfx.Build.Common/ModelAttributeHandlers/Handlers/BaseModelAttributeHandler.cs,4,callable,ok,Docfx.Build.Common.BaseModelAttributeHandler.HandleDictionaryType,Docfx.Build.Common.BaseModelAttributeHandler.HandleDictionaryType,a6d356c86d42738d716eef162495a77696391107,2023-07-12T17:48:19+08:00,a6d356c86d42738d716eef162495a77696391107,2023-07-12T17:48:19+08:00,1,1131,0.07692307692307693,,,False,False,1,0,678.99,0.0,0.0014727831464378908,,38007053.0,dotnet/docfx,C#
src/Docfx.Build.Common/ModelAttributeHandlers/Handlers/BaseModelAttributeHandler.cs,5,callable,ok,Docfx.Build.Common.BaseModelAttributeHandler.HandleIEnumerableType,Docfx.Build.Common.BaseModelAttributeHandler.HandleIEnumerableType,a6d356c86d42738d716eef162495a77696391107,2023-07-12T17:48:19+08:00,a6d356c86d42738d716eef162495a77696391107,2023-07-12T17:48:19+08:00,1,1131,0.1,,,False,False,1,0,678.99,0.0,0.0014727831464378908,,38007053.0,dotnet/docfx,C#
src/Docfx.Build.Common/ModelAttributeHandlers/Handlers/BaseModelAttributeHandler.cs,6,callable,ok,Docfx.Build.Common.BaseModelAttributeHandler.ProcessPrimitiveType,Docfx.Build.Common.BaseModelAttributeHandler.ProcessPrimitiveType,a6d356c86d42738d716eef162495a77696391107,2023-07-12T17:48:19+08:00,a6d356c86d42738d716eef162495a77696391107,2023-07-12T17:48:19+08:00,1,1131,0.25,,,False,False,1,0,678.99,0.0,0.0014727831464378908,,38007053.0,dotnet/docfx,C#
src/Docfx.Build.Common/ModelAttributeHandlers/Handlers/BaseModelAttributeHandler.cs,7,callable,ok,Docfx.Build.Common.BaseModelAttributeHandler.ProcessNonPrimitiveType,Docfx.Build.Common.BaseModelAttributeHandler.ProcessNonPrimitiveType,a6d356c86d42738d716eef162495a77696391107,2023-07-12T17:48:19+08:00,a6d356c86d42738d716eef162495a77696391107,2023-07-12T17:48:19+08:00,1,1131,0.05,,,False,False,1,0,678.99,0.0,0.0014727831464378908,,38007053.0,dotnet/docfx,C#
src/Docfx.Build.Common/ModelAttributeHandlers/Handlers/BaseModelAttributeHandler.cs,8,callable,ok,Docfx.Build.Common.BaseModelAttributeHandler.GetProps,Docfx.Build.Common.BaseModelAttributeHandler.GetProps,a6d356c86d42738d716eef162495a77696391107,2023-07-12T17:48:19+08:00,a6d356c86d42738d716eef162495a77696391107,2023-07-12T17:48:19+08:00,1,1131,0.1,,,False,False,1,0,678.99,0.0,0.0014727831464378908,,38007053.0,dotnet/docfx,C#
src/Docfx.Build.Common/ModelAttributeHandlers/Handlers/BaseModelAttributeHandler.cs,9,callable,ok,Docfx.Build.Common.BaseModelAttributeHandler.GetTypeInfo,Docfx.Build.Common.BaseModelAttributeHandler.GetTypeInfo,a6d356c86d42738d716eef162495a77696391107,2023-07-12T17:48:19+08:00,a6d356c86d42738d716eef162495a77696391107,2023-07-12T17:48:19+08:00,1,1131,0.02631578947368421,,,False,False,1,0,678.99,0.0,0.0014727831464378908,,38007053.0,dotnet/docfx,C#
src/Docfx.Build.Common/Reference/OverwriteDocumentReader.cs,0,class,ok,Docfx.Build.Common.OverwriteDocumentReader,Docfx.Build.Common.OverwriteDocumentReader,a6d356c86d42738d716eef162495a77696391107,2023-07-12T17:48:19+08:00,a6d356c86d42738d716eef162495a77696391107,2023-07-12T17:48:19+08:00,1,1131,0.009433962264150943,,,False,False,1,0,678.99,0.0,0.0014727831464378908,,38007053.0,dotnet/docfx,C#
src/Docfx.Build.Common/Reference/OverwriteDocumentReader.cs,1,class,ok,Docfx.Build.Common.OverwriteDocumentReader.PlaceholderValueDeserializer,Docfx.Build.Common.OverwriteDocumentReader.PlaceholderValueDeserializer,a6d356c86d42738d716eef162495a77696391107,2023-07-12T17:48:19+08:00,a6d356c86d42738d716eef162495a77696391107,2023-07-12T17:48:19+08:00,1,1131,0.029411764705882353,,,False,False,1,0,678.99,0.0,0.0014727831464378908,,38007053.0,dotnet/docfx,C#
src/Docfx.Build.Common/Reference/OverwriteDocumentReader.cs,0,callable,ok,Docfx.Build.Common.OverwriteDocumentReader.Read,Docfx.Build.Common.OverwriteDocumentReader.Read,a6d356c86d42738d716eef162495a77696391107,2023-07-12T17:48:19+08:00,a6d356c86d42738d716eef162495a77696391107,2023-07-12T17:48:19+08:00,1,1131,0.07142857142857142,,,False,False,1,0,678.99,0.0,0.0014727831464378908,,38007053.0,dotnet/docfx,C#
src/Docfx.Build.Common/Reference/OverwriteDocumentReader.cs,1,callable,ok,Docfx.Build.Common.OverwriteDocumentReader.Transform,Docfx.Build.Common.OverwriteDocumentReader.Transform,a6d356c86d42738d716eef162495a77696391107,2023-07-12T17:48:19+08:00,a6d356c86d42738d716eef162495a77696391107,2023-07-12T17:48:19+08:00,1,1131,0.043478260869565216,,,False,False,1,0,678.99,0.0,0.0014727831464378908,,38007053.0,dotnet/docfx,C#
src/Docfx.Build.Common/Reference/OverwriteDocumentReader.cs,2,callable,ok,Docfx.Build.Common.OverwriteDocumentReader.ResolveContent,Docfx.Build.Common.OverwriteDocumentReader.ResolveContent,a6d356c86d42738d716eef162495a77696391107,2023-07-12T17:48:19+08:00,a6d356c86d42738d716eef162495a77696391107,2023-07-12T17:48:19+08:00,1,1131,0.045454545454545456,,,False,False,1,0,678.99,0.0,0.0014727831464378908,,38007053.0,dotnet/docfx,C#
src/Docfx.Build.Common/Reference/OverwriteDocumentReader.cs,3,callable,ok,Docfx.Build.Common.OverwriteDocumentReader.PlaceholderValueDeserializer.PlaceholderValueDeserializer,Docfx.Build.Common.OverwriteDocumentReader.PlaceholderValueDeserializer.PlaceholderValueDeserializer,a6d356c86d42738d716eef162495a77696391107,2023-07-12T17:48:19+08:00,a6d356c86d42738d716eef162495a77696391107,2023-07-12T17:48:19+08:00,1,1131,0.2,,,False,False,1,0,678.99,0.0,0.0014727831464378908,,38007053.0,dotnet/docfx,C#
src/Docfx.Build.Common/Reference/OverwriteDocumentReader.cs,4,callable,ok,Docfx.Build.Common.OverwriteDocumentReader.PlaceholderValueDeserializer.DeserializeValue,Docfx.Build.Common.OverwriteDocumentReader.PlaceholderValueDeserializer.DeserializeValue,a6d356c86d42738d716eef162495a77696391107,2023-07-12T17:48:19+08:00,a6d356c86d42738d716eef162495a77696391107,2023-07-12T17:48:19+08:00,1,1131,0.08333333333333333,,,False,False,1,0,678.99,0.0,0.0014727831464378908,,38007053.0,dotnet/docfx,C#
src/Docfx.Build.ManagedReference/ApplyPlatformVersion.cs,0,class,ok,Docfx.Build.ManagedReference.ApplyPlatformVersion,Docfx.Build.ManagedReference.ApplyPlatformVersion,a6d356c86d42738d716eef162495a77696391107,2023-07-12T17:48:19+08:00,a6d356c86d42738d716eef162495a77696391107,2023-07-12T17:48:19+08:00,1,1131,0.013513513513513514,,,False,False,1,0,678.99,0.0,0.0014727831464378908,,38007053.0,dotnet/docfx,C#
src/Docfx.Build.ManagedReference/ApplyPlatformVersion.cs,0,callable,ok,Docfx.Build.ManagedReference.ApplyPlatformVersion.Prebuild,Docfx.Build.ManagedReference.ApplyPlatformVersion.Prebuild,a6d356c86d42738d716eef162495a77696391107,2023-07-12T17:48:19+08:00,a6d356c86d42738d716eef162495a77696391107,2023-07-12T17:48:19+08:00,1,1131,0.025,,,False,False,1,0,678.99,0.0,0.0014727831464378908,,38007053.0,dotnet/docfx,C#
src/Docfx.Build.ManagedReference/ApplyPlatformVersion.cs,1,callable,ok,Docfx.Build.ManagedReference.ApplyPlatformVersion.GetPlatformVersionFromMetadata,Docfx.Build.ManagedReference.ApplyPlatformVersion.GetPlatformVersionFromMetadata,a6d356c86d42738d716eef162495a77696391107,2023-07-12T17:48:19+08:00,a6d356c86d42738d716eef162495a77696391107,2023-07-12T17:48:19+08:00,1,1131,0.038461538461538464,,,False,False,1,0,678.99,0.0,0.0014727831464378908,,38007053.0,dotnet/docfx,C#
src/Docfx.Build.ManagedReference/BuildManagedReferenceDocument.cs,0,class,ok,Docfx.Build.ManagedReference.BuildManagedReferenceDocument,Docfx.Build.ManagedReference.BuildManagedReferenceDocument,a6d356c86d42738d716eef162495a77696391107,2023-07-12T17:48:19+08:00,a6d356c86d42738d716eef162495a77696391107,2023-07-12T17:48:19+08:00,1,1131,0.08333333333333333,,,False,False,1,0,678.99,0.0,0.0014727831464378908,,38007053.0,dotnet/docfx,C#
src/Docfx.Build.ManagedReference/BuildManagedReferenceDocument.cs,0,callable,ok,Docfx.Build.ManagedReference.BuildManagedReferenceDocument.BuildArticle,Docfx.Build.ManagedReference.BuildManagedReferenceDocument.BuildArticle,a6d356c86d42738d716eef162495a77696391107,2023-07-12T17:48:19+08:00,a6d356c86d42738d716eef162495a77696391107,2023-07-12T17:48:19+08:00,1,1131,0.16666666666666666,,,False,False,1,0,678.99,0.0,0.0014727831464378908,,38007053.0,dotnet/docfx,C#
src/Docfx.Build.ManagedReference/BuildOutputs/ApiBuildOutputUtility.cs,0,class,ok,Docfx.Build.ManagedReference.BuildOutputs.ApiBuildOutputUtility,Docfx.Build.ManagedReference.BuildOutputs.ApiBuildOutputUtility,a6d356c86d42738d716eef162495a77696391107,2023-07-12T17:48:19+08:00,a6d356c86d42738d716eef162495a77696391107,2023-07-12T17:48:19+08:00,1,1131,0.008771929824561403,,,False,False,1,0,678.99,0.0,0.0014727831464378908,,38007053.0,dotnet/docfx,C#
src/Docfx.Build.ManagedReference/BuildOutputs/ApiBuildOutputUtility.cs,0,callable,ok,Docfx.Build.ManagedReference.BuildOutputs.ApiBuildOutputUtility.GetReferenceViewModel,Docfx.Build.ManagedReference.BuildOutputs.ApiBuildOutputUtility.GetReferenceViewModel,a6d356c86d42738d716eef162495a77696391107,2023-07-12T17:48:19+08:00,a6d356c86d42738d716eef162495a77696391107,2023-07-12T17:48:19+08:00,1,1131,0.16666666666666666,,,False,False,1,0,678.99,0.0,0.0014727831464378908,,38007053.0,dotnet/docfx,C#
src/Docfx.Build.ManagedReference/BuildOutputs/ApiBuildOutputUtility.cs,1,callable,ok,Docfx.Build.ManagedReference.BuildOutputs.ApiBuildOutputUtility.GetApiNames,Docfx.Build.ManagedReference.BuildOutputs.ApiBuildOutputUtility.GetApiNames,a6d356c86d42738d716eef162495a77696391107,2023-07-12T17:48:19+08:00,a6d356c86d42738d716eef162495a77696391107,2023-07-12T17:48:19+08:00,1,1131,0.05555555555555555,,,False,False,1,0,678.99,0.0,0.0014727831464378908,,38007053.0,dotnet/docfx,C#
src/Docfx.Build.ManagedReference/BuildOutputs/ApiBuildOutputUtility.cs,2,callable,ok,Docfx.Build.ManagedReference.BuildOutputs.ApiBuildOutputUtility.GetSpec,Docfx.Build.ManagedReference.BuildOutputs.ApiBuildOutputUtility.GetSpec,a6d356c86d42738d716eef162495a77696391107,2023-07-12T17:48:19+08:00,a6d356c86d42738d716eef162495a77696391107,2023-07-12T17:48:19+08:00,1,1131,0.06666666666666667,,,False,False,1,0,678.99,0.0,0.0014727831464378908,,38007053.0,dotnet/docfx,C#
src/Docfx.Build.ManagedReference/BuildOutputs/ApiBuildOutputUtility.cs,3,callable,ok,Docfx.Build.ManagedReference.BuildOutputs.ApiBuildOutputUtility.TransformToLanguagePairList,Docfx.Build.ManagedReference.BuildOutputs.ApiBuildOutputUtility.TransformToLanguagePairList,a6d356c86d42738d716eef162495a77696391107,2023-07-12T17:48:19+08:00,a6d356c86d42738d716eef162495a77696391107,2023-07-12T17:48:19+08:00,1,1131,0.04,,,False,False,1,0,678.99,0.0,0.0014727831464378908,,38007053.0,dotnet/docfx,C#
src/Docfx.Build.ManagedReference/BuildOutputs/ApiBuildOutputUtility.cs,4,callable,ok,Docfx.Build.ManagedReference.BuildOutputs.ApiBuildOutputUtility.GetXref,Docfx.Build.ManagedReference.BuildOutputs.ApiBuildOutputUtility.GetXref,a6d356c86d42738d716eef162495a77696391107,2023-07-12T17:48:19+08:00,a6d356c86d42738d716eef162495a77696391107,2023-07-12T17:48:19+08:00,1,1131,0.05263157894736842,,,False,False,1,0,678.99,0.0,0.0014727831464378908,,38007053.0,dotnet/docfx,C#
src/Docfx.Build.ManagedReference/BuildOutputs/ApiBuildOutputUtility.cs,5,callable,ok,Docfx.Build.ManagedReference.BuildOutputs.ApiBuildOutputUtility.GetHref,Docfx.Build.ManagedReference.BuildOutputs.ApiBuildOutputUtility.GetHref,a6d356c86d42738d716eef162495a77696391107,2023-07-12T17:48:19+08:00,a6d356c86d42738d716eef162495a77696391107,2023-07-12T17:48:19+08:00,1,1131,0.5,,,False,False,1,0,678.99,0.0,0.0014727831464378908,,38007053.0,dotnet/docfx,C#
src/Docfx.Build.ManagedReference/BuildOutputs/ApiLinkInfoBuildOutput.cs,0,class,ok,Docfx.Build.ManagedReference.BuildOutputs.ApiLinkInfoBuildOutput,Docfx.Build.ManagedReference.BuildOutputs.ApiLinkInfoBuildOutput,a6d356c86d42738d716eef162495a77696391107,2023-07-12T17:48:19+08:00,a6d356c86d42738d716eef162495a77696391107,2023-07-12T17:48:19+08:00,1,1131,0.013333333333333334,,,False,False,1,0,678.99,0.0,0.0014727831464378908,,38007053.0,dotnet/docfx,C#
src/Docfx.Build.ManagedReference/BuildOutputs/ApiLinkInfoBuildOutput.cs,0,callable,ok,Docfx.Build.ManagedReference.BuildOutputs.ApiLinkInfoBuildOutput.FromModel,Docfx.Build.ManagedReference.BuildOutputs.ApiLinkInfoBuildOutput.FromModel,a6d356c86d42738d716eef162495a77696391107,2023-07-12T17:48:19+08:00,a6d356c86d42738d716eef162495a77696391107,2023-07-12T17:48:19+08:00,1,1131,0.041666666666666664,,,False,False,1,0,678.99,0.0,0.0014727831464378908,,38007053.0,dotnet/docfx,C#
src/Docfx.Build.ManagedReference/BuildOutputs/ApiLinkInfoBuildOutput.cs,1,callable,ok,Docfx.Build.ManagedReference.BuildOutputs.ApiLinkInfoBuildOutput.Expand,Docfx.Build.ManagedReference.BuildOutputs.ApiLinkInfoBuildOutput.Expand,a6d356c86d42738d716eef162495a77696391107,2023-07-12T17:48:19+08:00,a6d356c86d42738d716eef162495a77696391107,2023-07-12T17:48:19+08:00,1,1131,0.125,,,False,False,1,0,678.99,0.0,0.0014727831464378908,,38007053.0,dotnet/docfx,C#
src/Docfx.Build.ManagedReference/BuildOutputs/ApiReferenceBuildOutput.cs,0,class,ok,Docfx.Build.ManagedReference.BuildOutputs.ApiReferenceBuildOutput,Docfx.Build.ManagedReference.BuildOutputs.ApiReferenceBuildOutput,a6d356c86d42738d716eef162495a77696391107,2023-07-12T17:48:19+08:00,a6d356c86d42738d716eef162495a77696391107,2023-07-12T17:48:19+08:00,1,1131,0.003424657534246575,,,False,False,1,0,678.99,0.0,0.0014727831464378908,,38007053.0,dotnet/docfx,C#
src/Docfx.Build.ManagedReference/BuildOutputs/ApiReferenceBuildOutput.cs,0,callable,ok,Docfx.Build.ManagedReference.BuildOutputs.ApiReferenceBuildOutput.FromUid,Docfx.Build.ManagedReference.BuildOutputs.ApiReferenceBuildOutput.FromUid,a6d356c86d42738d716eef162495a77696391107,2023-07-12T17:48:19+08:00,a6d356c86d42738d716eef162495a77696391107,2023-07-12T17:48:19+08:00,1,1131,0.09090909090909091,,,False,False,1,0,678.99,0.0,0.0014727831464378908,,38007053.0,dotnet/docfx,C#
src/Docfx.Build.ManagedReference/BuildOutputs/ApiReferenceBuildOutput.cs,1,callable,ok,Docfx.Build.ManagedReference.BuildOutputs.ApiReferenceBuildOutput.FromModel,Docfx.Build.ManagedReference.BuildOutputs.ApiReferenceBuildOutput.FromModel,a6d356c86d42738d716eef162495a77696391107,2023-07-12T17:48:19+08:00,a6d356c86d42738d716eef162495a77696391107,2023-07-12T17:48:19+08:00,1,1131,0.023255813953488372,,,False,False,1,0,678.99,0.0,0.0014727831464378908,,38007053.0,dotnet/docfx,C#
src/Docfx.Build.ManagedReference/BuildOutputs/ApiReferenceBuildOutput.cs,2,callable,ok,Docfx.Build.ManagedReference.BuildOutputs.ApiReferenceBuildOutput.Expand,Docfx.Build.ManagedReference.BuildOutputs.ApiReferenceBuildOutput.Expand,a6d356c86d42738d716eef162495a77696391107,2023-07-12T17:48:19+08:00,a6d356c86d42738d716eef162495a77696391107,2023-07-12T17:48:19+08:00,1,1131,0.07142857142857142,,,False,False,1,0,678.99,0.0,0.0014727831464378908,,38007053.0,dotnet/docfx,C#
src/Docfx.Build.ManagedReference/BuildOutputs/ApiReferenceBuildOutput.cs,3,callable,ok,Docfx.Build.ManagedReference.BuildOutputs.ApiReferenceBuildOutput.GetSpecNames,Docfx.Build.ManagedReference.BuildOutputs.ApiReferenceBuildOutput.GetSpecNames,a6d356c86d42738d716eef162495a77696391107,2023-07-12T17:48:19+08:00,a6d356c86d42738d716eef162495a77696391107,2023-07-12T17:48:19+08:00,1,1131,0.043478260869565216,,,False,False,1,0,678.99,0.0,0.0014727831464378908,,38007053.0,dotnet/docfx,C#
src/Docfx.Build.ManagedReference/BuildOutputs/ApiReferenceBuildOutput.cs,4,callable,ok,Docfx.Build.ManagedReference.BuildOutputs.ApiReferenceBuildOutput.GetSpecName,Docfx.Build.ManagedReference.BuildOutputs.ApiReferenceBuildOutput.GetSpecName,a6d356c86d42738d716eef162495a77696391107,2023-07-12T17:48:19+08:00,a6d356c86d42738d716eef162495a77696391107,2023-07-12T17:48:19+08:00,1,1131,0.125,,,False,False,1,0,678.99,0.0,0.0014727831464378908,,38007053.0,dotnet/docfx,C#
src/Docfx.Build.ManagedReference/BuildOutputs/ApiReferenceBuildOutput.cs,5,callable,ok,Docfx.Build.ManagedReference.BuildOutputs.ApiReferenceBuildOutput.GetCompositeName,Docfx.Build.ManagedReference.BuildOutputs.ApiReferenceBuildOutput.GetCompositeName,a6d356c86d42738d716eef162495a77696391107,2023-07-12T17:48:19+08:00,a6d356c86d42738d716eef162495a77696391107,2023-07-12T17:48:19+08:00,1,1131,0.0625,,,False,False,1,0,678.99,0.0,0.0014727831464378908,,38007053.0,dotnet/docfx,C#
src/Docfx.Build.ManagedReference/ValidateManagedReferenceDocumentMetadata.cs,0,class,ok,Docfx.Build.ManagedReference.ValidateManagedReferenceDocumentMetadata,Docfx.Build.ManagedReference.ValidateManagedReferenceDocumentMetadata,a6d356c86d42738d716eef162495a77696391107,2023-07-12T17:48:19+08:00,a6d356c86d42738d716eef162495a77696391107,2023-07-12T17:48:19+08:00,1,1131,0.03571428571428571,,,False,False,1,0,678.99,0.0,0.0014727831464378908,,38007053.0,dotnet/docfx,C#
src/Docfx.Build.ManagedReference/ValidateManagedReferenceDocumentMetadata.cs,0,callable,ok,Docfx.Build.ManagedReference.ValidateManagedReferenceDocumentMetadata.Build,Docfx.Build.ManagedReference.ValidateManagedReferenceDocumentMetadata.Build,a6d356c86d42738d716eef162495a77696391107,2023-07-12T17:48:19+08:00,a6d356c86d42738d716eef162495a77696391107,2023-07-12T17:48:19+08:00,1,1131,0.05,,,False,False,1,0,678.99,0.0,0.0014727831464378908,,38007053.0,dotnet/docfx,C#
src/Docfx.Build.OperationLevelRestApi/SplitRestApiToOperationLevel.cs,0,class,ok,Docfx.Build.OperationLevelRestApi.SplitRestApiToOperationLevel,Docfx.Build.OperationLevelRestApi.SplitRestApiToOperationLevel,9570d45f71c91a1e05cecbf71507caeb959726d3,2023-10-09T15:48:46+08:00,9570d45f71c91a1e05cecbf71507caeb959726d3,2023-10-09T15:48:46+08:00,1,1043,0.0055248618784530384,,,False,False,1,0,590.07,0.0,0.001694715316660499,,38007053.0,dotnet/docfx,C#
src/Docfx.Build.OperationLevelRestApi/SplitRestApiToOperationLevel.cs,0,callable,ok,Docfx.Build.OperationLevelRestApi.SplitRestApiToOperationLevel.Prebuild,Docfx.Build.OperationLevelRestApi.SplitRestApiToOperationLevel.Prebuild,9570d45f71c91a1e05cecbf71507caeb959726d3,2023-10-09T15:48:46+08:00,9570d45f71c91a1e05cecbf71507caeb959726d3,2023-10-09T15:48:46+08:00,1,1043,0.03225806451612903,,,False,False,1,0,590.07,0.0,0.001694715316660499,,38007053.0,dotnet/docfx,C#
src/Docfx.Build.OperationLevelRestApi/SplitRestApiToOperationLevel.cs,1,callable,ok,Docfx.Build.OperationLevelRestApi.SplitRestApiToOperationLevel.SplitModelToOperationGroup,Docfx.Build.OperationLevelRestApi.SplitRestApiToOperationLevel.SplitModelToOperationGroup,9570d45f71c91a1e05cecbf71507caeb959726d3,2023-10-09T15:48:46+08:00,9570d45f71c91a1e05cecbf71507caeb959726d3,2023-10-09T15:48:46+08:00,1,1043,0.017857142857142856,,,False,False,1,0,590.07,0.0,0.001694715316660499,,38007053.0,dotnet/docfx,C#
src/Docfx.Build.OperationLevelRestApi/SplitRestApiToOperationLevel.cs,2,callable,ok,Docfx.Build.OperationLevelRestApi.SplitRestApiToOperationLevel.GenerateOperationModels,Docfx.Build.OperationLevelRestApi.SplitRestApiToOperationLevel.GenerateOperationModels,9570d45f71c91a1e05cecbf71507caeb959726d3,2023-10-09T15:48:46+08:00,9570d45f71c91a1e05cecbf71507caeb959726d3,2023-10-09T15:48:46+08:00,1,1043,0.02857142857142857,,,False,False,1,0,590.07,0.0,0.001694715316660499,,38007053.0,dotnet/docfx,C#
src/Docfx.Build.OperationLevelRestApi/SplitRestApiToOperationLevel.cs,3,callable,ok,Docfx.Build.OperationLevelRestApi.SplitRestApiToOperationLevel.GenerateNewFileModel,Docfx.Build.OperationLevelRestApi.SplitRestApiToOperationLevel.GenerateNewFileModel,9570d45f71c91a1e05cecbf71507caeb959726d3,2023-10-09T15:48:46+08:00,9570d45f71c91a1e05cecbf71507caeb959726d3,2023-10-09T15:48:46+08:00,1,1043,0.047619047619047616,,,False,False,1,0,590.07,0.0,0.001694715316660499,,38007053.0,dotnet/docfx,C#
src/Docfx.Build.OperationLevelRestApi/SplitRestApiToOperationLevel.cs,4,callable,ok,Docfx.Build.OperationLevelRestApi.SplitRestApiToOperationLevel.ConvertToTreeItem,Docfx.Build.OperationLevelRestApi.SplitRestApiToOperationLevel.ConvertToTreeItem,9570d45f71c91a1e05cecbf71507caeb959726d3,2023-10-09T15:48:46+08:00,9570d45f71c91a1e05cecbf71507caeb959726d3,2023-10-09T15:48:46+08:00,1,1043,0.09090909090909091,,,False,False,1,0,590.07,0.0,0.001694715316660499,,38007053.0,dotnet/docfx,C#
src/Docfx.Build.OperationLevelRestApi/SplitRestApiToOperationLevel.cs,5,callable,ok,Docfx.Build.OperationLevelRestApi.SplitRestApiToOperationLevel.MergeChildMetadata,Docfx.Build.OperationLevelRestApi.SplitRestApiToOperationLevel.MergeChildMetadata,9570d45f71c91a1e05cecbf71507caeb959726d3,2023-10-09T15:48:46+08:00,9570d45f71c91a1e05cecbf71507caeb959726d3,2023-10-09T15:48:46+08:00,1,1043,0.07692307692307693,,,False,False,1,0,590.07,0.0,0.001694715316660499,,38007053.0,dotnet/docfx,C#
src/Docfx.Build.OverwriteDocuments/ExtendedModels/MarkdownFragment.cs,0,class,ok,Docfx.Build.OverwriteDocuments.MarkdownFragment,Docfx.Build.OverwriteDocuments.MarkdownFragment,a6d356c86d42738d716eef162495a77696391107,2023-07-12T17:48:19+08:00,a6d356c86d42738d716eef162495a77696391107,2023-07-12T17:48:19+08:00,1,1131,0.023255813953488372,,,False,False,1,0,678.99,0.0,0.0014727831464378908,,38007053.0,dotnet/docfx,C#
src/Docfx.Build.OverwriteDocuments/ExtendedModels/MarkdownFragment.cs,0,callable,ok,Docfx.Build.OverwriteDocuments.MarkdownFragment.ToString,Docfx.Build.OverwriteDocuments.MarkdownFragment.ToString,a6d356c86d42738d716eef162495a77696391107,2023-07-12T17:48:19+08:00,a6d356c86d42738d716eef162495a77696391107,2023-07-12T17:48:19+08:00,1,1131,0.045454545454545456,,,False,False,1,0,678.99,0.0,0.0014727831464378908,,38007053.0,dotnet/docfx,C#
src/Docfx.Build.OverwriteDocuments/ExtendedModels/MarkdownFragment.cs,1,callable,ok,Docfx.Build.OverwriteDocuments.MarkdownFragment.SerializeYamlHeader,Docfx.Build.OverwriteDocuments.MarkdownFragment.SerializeYamlHeader,a6d356c86d42738d716eef162495a77696391107,2023-07-12T17:48:19+08:00,a6d356c86d42738d716eef162495a77696391107,2023-07-12T17:48:19+08:00,1,1131,0.1111111111111111,,,False,False,1,0,678.99,0.0,0.0014727831464378908,,38007053.0,dotnet/docfx,C#
src/Docfx.Build.OverwriteDocuments/MarkdownFragmentsException.cs,0,class,ok,Docfx.Build.OverwriteDocuments.MarkdownFragmentsException,Docfx.Build.OverwriteDocuments.MarkdownFragmentsException,a6d356c86d42738d716eef162495a77696391107,2023-07-12T17:48:19+08:00,a6d356c86d42738d716eef162495a77696391107,2023-07-12T17:48:19+08:00,1,1131,0.05555555555555555,,,False,False,1,0,678.99,0.0,0.0014727831464378908,,38007053.0,dotnet/docfx,C#
src/Docfx.Build.OverwriteDocuments/MarkdownFragmentsException.cs,0,callable,ok,Docfx.Build.OverwriteDocuments.MarkdownFragmentsException.MarkdownFragmentsException,Docfx.Build.OverwriteDocuments.MarkdownFragmentsException.MarkdownFragmentsException,a6d356c86d42738d716eef162495a77696391107,2023-07-12T17:48:19+08:00,a6d356c86d42738d716eef162495a77696391107,2023-07-12T17:48:19+08:00,1,1131,0.25,,,False,False,1,0,678.99,0.0,0.0014727831464378908,,38007053.0,dotnet/docfx,C#
src/Docfx.Build.OverwriteDocuments/Rules/L2InlineCodeHeadingRule.cs,0,class,ok,Docfx.Build.OverwriteDocuments.L2InlineCodeHeadingRule,Docfx.Build.OverwriteDocuments.L2InlineCodeHeadingRule,a6d356c86d42738d716eef162495a77696391107,2023-07-12T17:48:19+08:00,a6d356c86d42738d716eef162495a77696391107,2023-07-12T17:48:19+08:00,1,1131,0.125,,,False,False,1,0,678.99,0.0,0.0014727831464378908,,38007053.0,dotnet/docfx,C#
src/Docfx.Build.RestApi/Swagger/Internals/JsonLocation/JsonIndexLocation.cs,0,class,ok,Docfx.Build.RestApi.Swagger.Internals.JsonIndexLocation,Docfx.Build.RestApi.Swagger.Internals.JsonIndexLocation,a6d356c86d42738d716eef162495a77696391107,2023-07-12T17:48:19+08:00,a6d356c86d42738d716eef162495a77696391107,2023-07-12T17:48:19+08:00,1,1131,0.06666666666666667,,,False,False,1,0,678.99,0.0,0.0014727831464378908,,38007053.0,dotnet/docfx,C#
src/Docfx.Build.RestApi/Swagger/Internals/JsonLocation/JsonIndexLocation.cs,0,callable,ok,Docfx.Build.RestApi.Swagger.Internals.JsonIndexLocation.JsonIndexLocation,Docfx.Build.RestApi.Swagger.Internals.JsonIndexLocation.JsonIndexLocation,a6d356c86d42738d716eef162495a77696391107,2023-07-12T17:48:19+08:00,a6d356c86d42738d716eef162495a77696391107,2023-07-12T17:48:19+08:00,1,1131,0.25,,,False,False,1,0,678.99,0.0,0.0014727831464378908,,38007053.0,dotnet/docfx,C#
src/Docfx.Build.RestApi/Swagger/Internals/JsonLocation/JsonIndexLocation.cs,1,callable,ok,Docfx.Build.RestApi.Swagger.Internals.JsonIndexLocation.WriteTo,Docfx.Build.RestApi.Swagger.Internals.JsonIndexLocation.WriteTo,a6d356c86d42738d716eef162495a77696391107,2023-07-12T17:48:19+08:00,a6d356c86d42738d716eef162495a77696391107,2023-07-12T17:48:19+08:00,1,1131,0.2,,,False,False,1,0,678.99,0.0,0.0014727831464378908,,38007053.0,dotnet/docfx,C#
src/Docfx.Build.RestApi/Swagger/Internals/JsonLocation/JsonObjectLocation.cs,0,class,ok,Docfx.Build.RestApi.Swagger.Internals.JsonObjectLocation,Docfx.Build.RestApi.Swagger.Internals.JsonObjectLocation,a6d356c86d42738d716eef162495a77696391107,2023-07-12T17:48:19+08:00,a6d356c86d42738d716eef162495a77696391107,2023-07-12T17:48:19+08:00,1,1131,0.06666666666666667,,,False,False,1,0,678.99,0.0,0.0014727831464378908,,38007053.0,dotnet/docfx,C#
src/Docfx.Build.RestApi/Swagger/Internals/JsonLocation/JsonObjectLocation.cs,0,callable,ok,Docfx.Build.RestApi.Swagger.Internals.JsonObjectLocation.JsonObjectLocation,Docfx.Build.RestApi.Swagger.Internals.JsonObjectLocation.JsonObjectLocation,a6d356c86d42738d716eef162495a77696391107,2023-07-12T17:48:19+08:00,a6d356c86d42738d716eef162495a77696391107,2023-07-12T17:48:19+08:00,1,1131,0.25,,,False,False,1,0,678.99,0.0,0.0014727831464378908,,38007053.0,dotnet/docfx,C#
src/Docfx.Build.RestApi/Swagger/Internals/JsonLocation/JsonObjectLocation.cs,1,callable,ok,Docfx.Build.RestApi.Swagger.Internals.JsonObjectLocation.WriteTo,Docfx.Build.RestApi.Swagger.Internals.JsonObjectLocation.WriteTo,a6d356c86d42738d716eef162495a77696391107,2023-07-12T17:48:19+08:00,a6d356c86d42738d716eef162495a77696391107,2023-07-12T17:48:19+08:00,1,1131,0.2,,,False,False,1,0,678.99,0.0,0.0014727831464378908,,38007053.0,dotnet/docfx,C#
src/Docfx.Build.RestApi/Swagger/Internals/SwaggerObjectBase.cs,0,class,ok,Docfx.Build.RestApi.Swagger.Internals.SwaggerObjectBase,Docfx.Build.RestApi.Swagger.Internals.SwaggerObjectBase,a6d356c86d42738d716eef162495a77696391107,2023-07-12T17:48:19+08:00,a6d356c86d42738d716eef162495a77696391107,2023-07-12T17:48:19+08:00,1,1131,0.1,,,False,False,1,0,678.99,0.0,0.0014727831464378908,,38007053.0,dotnet/docfx,C#
src/Docfx.Build.RestApi/Swagger/Internals/SwaggerObjectBase.cs,0,callable,ok,Docfx.Build.RestApi.Swagger.Internals.SwaggerObjectBase.Clone,Docfx.Build.RestApi.Swagger.Internals.SwaggerObjectBase.Clone,a6d356c86d42738d716eef162495a77696391107,2023-07-12T17:48:19+08:00,a6d356c86d42738d716eef162495a77696391107,2023-07-12T17:48:19+08:00,1,1131,1.0,,,False,False,1,0,678.99,0.0,0.0014727831464378908,,38007053.0,dotnet/docfx,C#
src/Docfx.Build.SchemaDriven/ApplyOverwriteDocument.cs,0,class,ok,Docfx.Build.SchemaDriven.ApplyOverwriteDocument,Docfx.Build.SchemaDriven.ApplyOverwriteDocument,a6d356c86d42738d716eef162495a77696391107,2023-07-12T17:48:19+08:00,a6d356c86d42738d716eef162495a77696391107,2023-07-12T17:48:19+08:00,1,1131,0.011904761904761904,,,False,False,1,0,678.99,0.0,0.0014727831464378908,,38007053.0,dotnet/docfx,C#
src/Docfx.Build.SchemaDriven/ApplyOverwriteDocument.cs,0,callable,ok,Docfx.Build.SchemaDriven.ApplyOverwriteDocument.Postbuild,Docfx.Build.SchemaDriven.ApplyOverwriteDocument.Postbuild,a6d356c86d42738d716eef162495a77696391107,2023-07-12T17:48:19+08:00,a6d356c86d42738d716eef162495a77696391107,2023-07-12T17:48:19+08:00,1,1131,0.2,,,False,False,1,0,678.99,0.0,0.0014727831464378908,,38007053.0,dotnet/docfx,C#
src/Docfx.Build.SchemaDriven/ApplyOverwriteDocument.cs,1,callable,ok,Docfx.Build.SchemaDriven.ApplyOverwriteDocument.ApplyOverwriteToModel,Docfx.Build.SchemaDriven.ApplyOverwriteDocument.ApplyOverwriteToModel,a6d356c86d42738d716eef162495a77696391107,2023-07-12T17:48:19+08:00,a6d356c86d42738d716eef162495a77696391107,2023-07-12T17:48:19+08:00,1,1131,0.014285714285714285,,,False,False,1,0,678.99,0.0,0.0014727831464378908,,38007053.0,dotnet/docfx,C#
src/Docfx.Build.SchemaDriven/Exceptions/InvalidOverwriteDocumentException.cs,0,class,ok,Docfx.Exceptions.InvalidOverwriteDocumentException,Docfx.Exceptions.InvalidOverwriteDocumentException,a6d356c86d42738d716eef162495a77696391107,2023-07-12T17:48:19+08:00,a6d356c86d42738d716eef162495a77696391107,2023-07-12T17:48:19+08:00,1,1131,0.16666666666666666,,,False,False,1,0,678.99,0.0,0.0014727831464378908,,38007053.0,dotnet/docfx,C#
src/Docfx.Build.SchemaDriven/Exceptions/InvalidOverwriteDocumentException.cs,0,callable,ok,Docfx.Exceptions.InvalidOverwriteDocumentException.InvalidOverwriteDocumentException,Docfx.Exceptions.InvalidOverwriteDocumentException.InvalidOverwriteDocumentException,a6d356c86d42738d716eef162495a77696391107,2023-07-12T17:48:19+08:00,a6d356c86d42738d716eef162495a77696391107,2023-07-12T17:48:19+08:00,1,1131,0.3333333333333333,,,False,False,1,0,678.99,0.0,0.0014727831464378908,,38007053.0,dotnet/docfx,C#
src/Docfx.Build.SchemaDriven/Processors/Helper.cs,0,class,ok,Docfx.Build.SchemaDriven.Processors.Helper,Docfx.Build.SchemaDriven.Processors.Helper,a6d356c86d42738d716eef162495a77696391107,2023-07-12T17:48:19+08:00,a6d356c86d42738d716eef162495a77696391107,2023-07-12T17:48:19+08:00,1,1131,0.012345679012345678,,,False,False,1,0,678.99,0.0,0.0014727831464378908,,38007053.0,dotnet/docfx,C#
src/Docfx.Build.SchemaDriven/Processors/Helper.cs,0,callable,ok,Docfx.Build.SchemaDriven.Processors.Helper.AddFileLinkSource,Docfx.Build.SchemaDriven.Processors.Helper.AddFileLinkSource,a6d356c86d42738d716eef162495a77696391107,2023-07-12T17:48:19+08:00,a6d356c86d42738d716eef162495a77696391107,2023-07-12T17:48:19+08:00,1,1131,0.1,,,False,False,1,0,678.99,0.0,0.0014727831464378908,,38007053.0,dotnet/docfx,C#
src/Docfx.Build.SchemaDriven/Processors/Helper.cs,1,callable,ok,Docfx.Build.SchemaDriven.Processors.Helper.SetOriginalContentFile,Docfx.Build.SchemaDriven.Processors.Helper.SetOriginalContentFile,a6d356c86d42738d716eef162495a77696391107,2023-07-12T17:48:19+08:00,a6d356c86d42738d716eef162495a77696391107,2023-07-12T17:48:19+08:00,1,1131,0.1111111111111111,,,False,False,1,0,678.99,0.0,0.0014727831464378908,,38007053.0,dotnet/docfx,C#
src/Docfx.Build.SchemaDriven/Processors/Helper.cs,2,callable,ok,Docfx.Build.SchemaDriven.Processors.Helper.GetOriginalContentFile,Docfx.Build.SchemaDriven.Processors.Helper.GetOriginalContentFile,a6d356c86d42738d716eef162495a77696391107,2023-07-12T17:48:19+08:00,a6d356c86d42738d716eef162495a77696391107,2023-07-12T17:48:19+08:00,1,1131,0.07142857142857142,,,False,False,1,0,678.99,0.0,0.0014727831464378908,,38007053.0,dotnet/docfx,C#
src/Docfx.Build.SchemaDriven/Processors/Helper.cs,3,callable,ok,Docfx.Build.SchemaDriven.Processors.Helper.RemoveHostName,Docfx.Build.SchemaDriven.Processors.Helper.RemoveHostName,a6d356c86d42738d716eef162495a77696391107,2023-07-12T17:48:19+08:00,a6d356c86d42738d716eef162495a77696391107,2023-07-12T17:48:19+08:00,1,1131,0.029411764705882353,,,False,False,1,0,678.99,0.0,0.0014727831464378908,,38007053.0,dotnet/docfx,C#
src/Docfx.Build.SchemaDriven/Processors/Helper.cs,4,callable,ok,Docfx.Build.SchemaDriven.Processors.Helper.IsValidLocale,Docfx.Build.SchemaDriven.Processors.Helper.IsValidLocale,a6d356c86d42738d716eef162495a77696391107,2023-07-12T17:48:19+08:00,a6d356c86d42738d716eef162495a77696391107,2023-07-12T17:48:19+08:00,1,1131,1.0,,,False,False,1,0,678.99,0.0,0.0014727831464378908,,38007053.0,dotnet/docfx,C#
src/Docfx.Build.SchemaDriven/Processors/SchemaProcessor.cs,0,class,ok,Docfx.Build.SchemaDriven.Processors.SchemaProcessor,Docfx.Build.SchemaDriven.Processors.SchemaProcessor,a6d356c86d42738d716eef162495a77696391107,2023-07-12T17:48:19+08:00,a6d356c86d42738d716eef162495a77696391107,2023-07-12T17:48:19+08:00,1,1131,0.012195121951219513,,,False,False,1,0,678.99,0.0,0.0014727831464378908,,38007053.0,dotnet/docfx,C#
src/Docfx.Build.SchemaDriven/Processors/SchemaProcessor.cs,0,callable,ok,Docfx.Build.SchemaDriven.Processors.SchemaProcessor.SchemaProcessor,Docfx.Build.SchemaDriven.Processors.SchemaProcessor.SchemaProcessor,a6d356c86d42738d716eef162495a77696391107,2023-07-12T17:48:19+08:00,a6d356c86d42738d716eef162495a77696391107,2023-07-12T17:48:19+08:00,1,1131,0.25,,,False,False,1,0,678.99,0.0,0.0014727831464378908,,38007053.0,dotnet/docfx,C#
src/Docfx.Build.SchemaDriven/Processors/SchemaProcessor.cs,1,callable,ok,Docfx.Build.SchemaDriven.Processors.SchemaProcessor.Process,Docfx.Build.SchemaDriven.Processors.SchemaProcessor.Process,a6d356c86d42738d716eef162495a77696391107,2023-07-12T17:48:19+08:00,a6d356c86d42738d716eef162495a77696391107,2023-07-12T17:48:19+08:00,1,1131,0.1111111111111111,,,False,False,1,0,678.99,0.0,0.0014727831464378908,,38007053.0,dotnet/docfx,C#
src/Docfx.Build.SchemaDriven/Processors/SchemaProcessor.cs,2,callable,ok,Docfx.Build.SchemaDriven.Processors.SchemaProcessor.Interpret,Docfx.Build.SchemaDriven.Processors.SchemaProcessor.Interpret,a6d356c86d42738d716eef162495a77696391107,2023-07-12T17:48:19+08:00,a6d356c86d42738d716eef162495a77696391107,2023-07-12T17:48:19+08:00,1,1131,0.1,,,False,False,1,0,678.99,0.0,0.0014727831464378908,,38007053.0,dotnet/docfx,C#
src/Docfx.Build.SchemaDriven/Processors/SchemaProcessor.cs,3,callable,ok,Docfx.Build.SchemaDriven.Processors.SchemaProcessor.InterpretCore,Docfx.Build.SchemaDriven.Processors.SchemaProcessor.InterpretCore,a6d356c86d42738d716eef162495a77696391107,2023-07-12T17:48:19+08:00,a6d356c86d42738d716eef162495a77696391107,2023-07-12T17:48:19+08:00,1,1131,0.043478260869565216,,,False,False,1,0,678.99,0.0,0.0014727831464378908,,38007053.0,dotnet/docfx,C#
src/Docfx.Build.SchemaDriven/Processors/SchemaProcessor.cs,4,callable,ok,Docfx.Build.SchemaDriven.Processors.SchemaProcessor.DictionaryInterpret,Docfx.Build.SchemaDriven.Processors.SchemaProcessor.DictionaryInterpret,a6d356c86d42738d716eef162495a77696391107,2023-07-12T17:48:19+08:00,a6d356c86d42738d716eef162495a77696391107,2023-07-12T17:48:19+08:00,1,1131,0.037037037037037035,,,False,False,1,0,678.99,0.0,0.0014727831464378908,,38007053.0,dotnet/docfx,C#
src/Docfx.Build.SchemaDriven/Processors/XrefPropertiesInterpreter.cs,0,class,ok,Docfx.Build.SchemaDriven.Processors.XrefPropertiesInterpreter,Docfx.Build.SchemaDriven.Processors.XrefPropertiesInterpreter,a6d356c86d42738d716eef162495a77696391107,2023-07-12T17:48:19+08:00,a6d356c86d42738d716eef162495a77696391107,2023-07-12T17:48:19+08:00,1,1131,0.010416666666666666,,,False,False,1,0,678.99,0.0,0.0014727831464378908,,38007053.0,dotnet/docfx,C#
src/Docfx.Build.SchemaDriven/Processors/XrefPropertiesInterpreter.cs,0,callable,ok,Docfx.Build.SchemaDriven.Processors.XrefPropertiesInterpreter.CanInterpret,Docfx.Build.SchemaDriven.Processors.XrefPropertiesInterpreter.CanInterpret,a6d356c86d42738d716eef162495a77696391107,2023-07-12T17:48:19+08:00,a6d356c86d42738d716eef162495a77696391107,2023-07-12T17:48:19+08:00,1,1131,0.041666666666666664,,,False,False,1,0,678.99,0.0,0.0014727831464378908,,38007053.0,dotnet/docfx,C#
src/Docfx.Build.SchemaDriven/Processors/XrefPropertiesInterpreter.cs,1,callable,ok,Docfx.Build.SchemaDriven.Processors.XrefPropertiesInterpreter.Interpret,Docfx.Build.SchemaDriven.Processors.XrefPropertiesInterpreter.Interpret,a6d356c86d42738d716eef162495a77696391107,2023-07-12T17:48:19+08:00,a6d356c86d42738d716eef162495a77696391107,2023-07-12T17:48:19+08:00,1,1131,0.020833333333333332,,,False,False,1,0,678.99,0.0,0.0014727831464378908,,38007053.0,dotnet/docfx,C#
src/Docfx.Build.SchemaDriven/Processors/XrefPropertiesInterpreter.cs,2,callable,ok,Docfx.Build.SchemaDriven.Processors.XrefPropertiesInterpreter.IsInternalXrefSpec,Docfx.Build.SchemaDriven.Processors.XrefPropertiesInterpreter.IsInternalXrefSpec,a6d356c86d42738d716eef162495a77696391107,2023-07-12T17:48:19+08:00,a6d356c86d42738d716eef162495a77696391107,2023-07-12T17:48:19+08:00,1,1131,0.07142857142857142,,,False,False,1,0,678.99,0.0,0.0014727831464378908,,38007053.0,dotnet/docfx,C#
src/Docfx.Build.UniversalReference/BuildOutputs/ApiNames.cs,0,class,ok,Docfx.Build.UniversalReference.ApiNames,Docfx.Build.UniversalReference.ApiNames,a6d356c86d42738d716eef162495a77696391107,2023-07-12T17:48:19+08:00,a6d356c86d42738d716eef162495a77696391107,2023-07-12T17:48:19+08:00,1,1131,0.03225806451612903,,,False,False,1,0,678.99,0.0,0.0014727831464378908,,38007053.0,dotnet/docfx,C#
src/Docfx.Build.UniversalReference/BuildOutputs/ApiParameterBuildOutput.cs,0,class,ok,Docfx.Build.UniversalReference.ApiParameterBuildOutput,Docfx.Build.UniversalReference.ApiParameterBuildOutput,a6d356c86d42738d716eef162495a77696391107,2023-07-12T17:48:19+08:00,a6d356c86d42738d716eef162495a77696391107,2023-07-12T17:48:19+08:00,1,1131,0.037037037037037035,,,False,False,1,0,678.99,0.0,0.0014727831464378908,,38007053.0,dotnet/docfx,C#
src/Docfx.Build.UniversalReference/UniversalReferenceConstants.cs,0,class,ok,Docfx.Build.UniversalReference.UniversalReferenceConstants,Docfx.Build.UniversalReference.UniversalReferenceConstants,a6d356c86d42738d716eef162495a77696391107,2023-07-12T17:48:19+08:00,a6d356c86d42738d716eef162495a77696391107,2023-07-12T17:48:19+08:00,1,1131,0.2,,,False,False,1,0,678.99,0.0,0.0014727831464378908,,38007053.0,dotnet/docfx,C#
src/Docfx.Build/ApiPage/ApiPageHtmlTemplate.cs,0,class,ok,Docfx.Build.ApiPage.ApiPageHtmlTemplate,Docfx.Build.ApiPage.ApiPageHtmlTemplate,e79f0cf83dfbc5c90c266345f61674ddf376a954,2024-05-28T14:19:33+09:00,e79f0cf83dfbc5c90c266345f61674ddf376a954,2024-05-28T14:19:33+09:00,1,811,0.006802721088435374,,,False,False,1,0,358.17,0.0,0.0027919451219920064,,38007053.0,dotnet/docfx,C#
src/Docfx.Build/ApiPage/ApiPageHtmlTemplate.cs,0,callable,ok,Docfx.Build.ApiPage.ApiPageHtmlTemplate.Render,Docfx.Build.ApiPage.ApiPageHtmlTemplate.Render,e79f0cf83dfbc5c90c266345f61674ddf376a954,2024-05-28T14:19:33+09:00,e79f0cf83dfbc5c90c266345f61674ddf376a954,2024-05-28T14:19:33+09:00,1,811,0.006944444444444444,,,False,False,1,0,358.17,0.0,0.0027919451219920064,,38007053.0,dotnet/docfx,C#
src/Docfx.Build/ApiPage/ApiPageMarkdownTemplate.cs,0,class,ok,Docfx.Build.ApiPage.ApiPageMarkdownTemplate,Docfx.Build.ApiPage.ApiPageMarkdownTemplate,e79f0cf83dfbc5c90c266345f61674ddf376a954,2024-05-28T14:19:33+09:00,e79f0cf83dfbc5c90c266345f61674ddf376a954,2024-05-28T14:19:33+09:00,1,811,0.008695652173913044,,,False,False,1,0,358.17,0.0,0.0027919451219920064,,38007053.0,dotnet/docfx,C#
src/Docfx.Build/ApiPage/ApiPageMarkdownTemplate.cs,0,callable,ok,Docfx.Build.ApiPage.ApiPageMarkdownTemplate.Render,Docfx.Build.ApiPage.ApiPageMarkdownTemplate.Render,e79f0cf83dfbc5c90c266345f61674ddf376a954,2024-05-28T14:19:33+09:00,e79f0cf83dfbc5c90c266345f61674ddf376a954,2024-05-28T14:19:33+09:00,1,811,0.011904761904761904,,,False,False,1,0,358.17,0.0,0.0027919451219920064,,38007053.0,dotnet/docfx,C#
src/Docfx.Build/ApiPage/ApiPageMarkdownTemplate.cs,1,callable,ok,Docfx.Build.ApiPage.ApiPageMarkdownTemplate.Escape,Docfx.Build.ApiPage.ApiPageMarkdownTemplate.Escape,e79f0cf83dfbc5c90c266345f61674ddf376a954,2024-05-28T14:19:33+09:00,e79f0cf83dfbc5c90c266345f61674ddf376a954,2024-05-28T14:19:33+09:00,1,811,0.037037037037037035,,,False,False,1,0,358.17,0.0,0.0027919451219920064,,38007053.0,dotnet/docfx,C#
src/Docfx.Build/DocumentBuildContext.cs,0,class,ok,Docfx.Build.Engine.DocumentBuildContext,Docfx.Build.Engine.DocumentBuildContext,9570d45f71c91a1e05cecbf71507caeb959726d3,2023-10-09T15:48:46+08:00,9570d45f71c91a1e05cecbf71507caeb959726d3,2023-10-09T15:48:46+08:00,1,1043,0.0019267822736030828,,,False,False,1,0,590.07,0.0,0.001694715316660499,,38007053.0,dotnet/docfx,C#
src/Docfx.Build/DocumentBuildContext.cs,0,callable,ok,Docfx.Build.Engine.DocumentBuildContext.DocumentBuildContext,Docfx.Build.Engine.DocumentBuildContext.DocumentBuildContext,9570d45f71c91a1e05cecbf71507caeb959726d3,2023-10-09T15:48:46+08:00,9570d45f71c91a1e05cecbf71507caeb959726d3,2023-10-09T15:48:46+08:00,1,1043,0.023809523809523808,,,False,False,1,0,590.07,0.0,0.001694715316660499,,38007053.0,dotnet/docfx,C#
src/Docfx.Build/DocumentBuildContext.cs,1,callable,ok,Docfx.Build.Engine.DocumentBuildContext.ReportExternalXRefSpec,Docfx.Build.Engine.DocumentBuildContext.ReportExternalXRefSpec,9570d45f71c91a1e05cecbf71507caeb959726d3,2023-10-09T15:48:46+08:00,9570d45f71c91a1e05cecbf71507caeb959726d3,2023-10-09T15:48:46+08:00,1,1043,0.08333333333333333,,,False,False,1,0,590.07,0.0,0.001694715316660499,,38007053.0,dotnet/docfx,C#
src/Docfx.Build/DocumentBuildContext.cs,2,callable,ok,Docfx.Build.Engine.DocumentBuildContext.SaveExternalXRefSpec,Docfx.Build.Engine.DocumentBuildContext.SaveExternalXRefSpec,9570d45f71c91a1e05cecbf71507caeb959726d3,2023-10-09T15:48:46+08:00,9570d45f71c91a1e05cecbf71507caeb959726d3,2023-10-09T15:48:46+08:00,1,1043,0.25,,,False,False,1,0,590.07,0.0,0.001694715316660499,,38007053.0,dotnet/docfx,C#
src/Docfx.Build/DocumentBuildContext.cs,3,callable,ok,Docfx.Build.Engine.DocumentBuildContext.LoadExternalXRefSpec,Docfx.Build.Engine.DocumentBuildContext.LoadExternalXRefSpec,9570d45f71c91a1e05cecbf71507caeb959726d3,2023-10-09T15:48:46+08:00,9570d45f71c91a1e05cecbf71507caeb959726d3,2023-10-09T15:48:46+08:00,1,1043,0.08333333333333333,,,False,False,1,0,590.07,0.0,0.001694715316660499,,38007053.0,dotnet/docfx,C#
src/Docfx.Build/DocumentBuildContext.cs,4,callable,ok,Docfx.Build.Engine.DocumentBuildContext.ResolveExternalXRefSpec,Docfx.Build.Engine.DocumentBuildContext.ResolveExternalXRefSpec,9570d45f71c91a1e05cecbf71507caeb959726d3,2023-10-09T15:48:46+08:00,9570d45f71c91a1e05cecbf71507caeb959726d3,2023-10-09T15:48:46+08:00,1,1043,0.16666666666666666,,,False,False,1,0,590.07,0.0,0.001694715316660499,,38007053.0,dotnet/docfx,C#
src/Docfx.Build/DocumentBuildContext.cs,5,callable,ok,Docfx.Build.Engine.DocumentBuildContext.ResolveExternalXRefSpecForSpecs,Docfx.Build.Engine.DocumentBuildContext.ResolveExternalXRefSpecForSpecs,9570d45f71c91a1e05cecbf71507caeb959726d3,2023-10-09T15:48:46+08:00,9570d45f71c91a1e05cecbf71507caeb959726d3,2023-10-09T15:48:46+08:00,1,1043,0.1111111111111111,,,False,False,1,0,590.07,0.0,0.001694715316660499,,38007053.0,dotnet/docfx,C#
src/Docfx.Build/DocumentBuildContext.cs,6,callable,ok,Docfx.Build.Engine.DocumentBuildContext.ResolveExternalXRefSpecForNoneSpecsAsync,Docfx.Build.Engine.DocumentBuildContext.ResolveExternalXRefSpecForNoneSpecsAsync,9570d45f71c91a1e05cecbf71507caeb959726d3,2023-10-09T15:48:46+08:00,9570d45f71c91a1e05cecbf71507caeb959726d3,2023-10-09T15:48:46+08:00,1,1043,0.03333333333333333,,,False,False,1,0,590.07,0.0,0.001694715316660499,,38007053.0,dotnet/docfx,C#
src/Docfx.Build/DocumentBuildContext.cs,7,callable,ok,Docfx.Build.Engine.DocumentBuildContext.ResolveByExternalReferencePackages,Docfx.Build.Engine.DocumentBuildContext.ResolveByExternalReferencePackages,9570d45f71c91a1e05cecbf71507caeb959726d3,2023-10-09T15:48:46+08:00,9570d45f71c91a1e05cecbf71507caeb959726d3,2023-10-09T15:48:46+08:00,1,1043,0.03571428571428571,,,False,False,1,0,590.07,0.0,0.001694715316660499,,38007053.0,dotnet/docfx,C#
src/Docfx.Build/DocumentBuildContext.cs,8,callable,ok,Docfx.Build.Engine.DocumentBuildContext.ResolveByXRefMaps,Docfx.Build.Engine.DocumentBuildContext.ResolveByXRefMaps,9570d45f71c91a1e05cecbf71507caeb959726d3,2023-10-09T15:48:46+08:00,9570d45f71c91a1e05cecbf71507caeb959726d3,2023-10-09T15:48:46+08:00,1,1043,0.043478260869565216,,,False,False,1,0,590.07,0.0,0.001694715316660499,,38007053.0,dotnet/docfx,C#
src/Docfx.Build/DocumentBuildContext.cs,9,callable,ok,Docfx.Build.Engine.DocumentBuildContext.GetFilePath,Docfx.Build.Engine.DocumentBuildContext.GetFilePath,9570d45f71c91a1e05cecbf71507caeb959726d3,2023-10-09T15:48:46+08:00,9570d45f71c91a1e05cecbf71507caeb959726d3,2023-10-09T15:48:46+08:00,1,1043,0.06666666666666667,,,False,False,1,0,590.07,0.0,0.001694715316660499,,38007053.0,dotnet/docfx,C#
src/Docfx.Build/DocumentBuildContext.cs,10,callable,ok,Docfx.Build.Engine.DocumentBuildContext.SetFilePath,Docfx.Build.Engine.DocumentBuildContext.SetFilePath,9570d45f71c91a1e05cecbf71507caeb959726d3,2023-10-09T15:48:46+08:00,9570d45f71c91a1e05cecbf71507caeb959726d3,2023-10-09T15:48:46+08:00,1,1043,0.25,,,False,False,1,0,590.07,0.0,0.001694715316660499,,38007053.0,dotnet/docfx,C#
src/Docfx.Build/DocumentBuildContext.cs,11,callable,ok,Docfx.Build.Engine.DocumentBuildContext.UpdateHref,Docfx.Build.Engine.DocumentBuildContext.UpdateHref,9570d45f71c91a1e05cecbf71507caeb959726d3,2023-10-09T15:48:46+08:00,9570d45f71c91a1e05cecbf71507caeb959726d3,2023-10-09T15:48:46+08:00,1,1043,0.1,,,False,False,1,0,590.07,0.0,0.001694715316660499,,38007053.0,dotnet/docfx,C#
src/Docfx.Build/DocumentBuildContext.cs,12,callable,ok,Docfx.Build.Engine.DocumentBuildContext.UpdateHrefCore,Docfx.Build.Engine.DocumentBuildContext.UpdateHrefCore,9570d45f71c91a1e05cecbf71507caeb959726d3,2023-10-09T15:48:46+08:00,9570d45f71c91a1e05cecbf71507caeb959726d3,2023-10-09T15:48:46+08:00,1,1043,0.03125,,,False,False,1,0,590.07,0.0,0.001694715316660499,,38007053.0,dotnet/docfx,C#
src/Docfx.Build/DocumentBuildContext.cs,13,callable,ok,Docfx.Build.Engine.DocumentBuildContext.RegisterInternalXrefSpec,Docfx.Build.Engine.DocumentBuildContext.RegisterInternalXrefSpec,9570d45f71c91a1e05cecbf71507caeb959726d3,2023-10-09T15:48:46+08:00,9570d45f71c91a1e05cecbf71507caeb959726d3,2023-10-09T15:48:46+08:00,1,1043,0.045454545454545456,,,False,False,1,0,590.07,0.0,0.001694715316660499,,38007053.0,dotnet/docfx,C#
src/Docfx.Build/DocumentBuildContext.cs,14,callable,ok,Docfx.Build.Engine.DocumentBuildContext.RegisterInternalXrefSpecBookmark,Docfx.Build.Engine.DocumentBuildContext.RegisterInternalXrefSpecBookmark,9570d45f71c91a1e05cecbf71507caeb959726d3,2023-10-09T15:48:46+08:00,9570d45f71c91a1e05cecbf71507caeb959726d3,2023-10-09T15:48:46+08:00,1,1043,0.041666666666666664,,,False,False,1,0,590.07,0.0,0.001694715316660499,,38007053.0,dotnet/docfx,C#
src/Docfx.Build/DocumentBuildContext.cs,15,callable,ok,Docfx.Build.Engine.DocumentBuildContext.GetXrefSpec,Docfx.Build.Engine.DocumentBuildContext.GetXrefSpec,9570d45f71c91a1e05cecbf71507caeb959726d3,2023-10-09T15:48:46+08:00,9570d45f71c91a1e05cecbf71507caeb959726d3,2023-10-09T15:48:46+08:00,1,1043,0.020833333333333332,,,False,False,1,0,590.07,0.0,0.001694715316660499,,38007053.0,dotnet/docfx,C#
src/Docfx.Build/DocumentBuildContext.cs,16,callable,ok,Docfx.Build.Engine.DocumentBuildContext.GetTocFileKeySet,Docfx.Build.Engine.DocumentBuildContext.GetTocFileKeySet,9570d45f71c91a1e05cecbf71507caeb959726d3,2023-10-09T15:48:46+08:00,9570d45f71c91a1e05cecbf71507caeb959726d3,2023-10-09T15:48:46+08:00,1,1043,0.09090909090909091,,,False,False,1,0,590.07,0.0,0.001694715316660499,,38007053.0,dotnet/docfx,C#
src/Docfx.Build/DocumentBuildContext.cs,17,callable,ok,Docfx.Build.Engine.DocumentBuildContext.RegisterToc,Docfx.Build.Engine.DocumentBuildContext.RegisterToc,9570d45f71c91a1e05cecbf71507caeb959726d3,2023-10-09T15:48:46+08:00,9570d45f71c91a1e05cecbf71507caeb959726d3,2023-10-09T15:48:46+08:00,1,1043,0.047619047619047616,,,False,False,1,0,590.07,0.0,0.001694715316660499,,38007053.0,dotnet/docfx,C#
src/Docfx.Build/DocumentBuildContext.cs,18,callable,ok,Docfx.Build.Engine.DocumentBuildContext.RegisterTocInfo,Docfx.Build.Engine.DocumentBuildContext.RegisterTocInfo,9570d45f71c91a1e05cecbf71507caeb959726d3,2023-10-09T15:48:46+08:00,9570d45f71c91a1e05cecbf71507caeb959726d3,2023-10-09T15:48:46+08:00,1,1043,0.25,,,False,False,1,0,590.07,0.0,0.001694715316660499,,38007053.0,dotnet/docfx,C#
src/Docfx.Build/DocumentBuildContext.cs,19,callable,ok,Docfx.Build.Engine.DocumentBuildContext.GetTocInfo,Docfx.Build.Engine.DocumentBuildContext.GetTocInfo,9570d45f71c91a1e05cecbf71507caeb959726d3,2023-10-09T15:48:46+08:00,9570d45f71c91a1e05cecbf71507caeb959726d3,2023-10-09T15:48:46+08:00,1,1043,0.25,,,False,False,1,0,590.07,0.0,0.001694715316660499,,38007053.0,dotnet/docfx,C#
src/Docfx.Build/DocumentBuildContext.cs,20,callable,ok,Docfx.Build.Engine.DocumentBuildContext.GetAllSourceFiles,Docfx.Build.Engine.DocumentBuildContext.GetAllSourceFiles,9570d45f71c91a1e05cecbf71507caeb959726d3,2023-10-09T15:48:46+08:00,9570d45f71c91a1e05cecbf71507caeb959726d3,2023-10-09T15:48:46+08:00,1,1043,0.02631578947368421,,,False,False,1,0,590.07,0.0,0.001694715316660499,,38007053.0,dotnet/docfx,C#
src/Docfx.Build/DocumentBuildContext.cs,21,callable,ok,Docfx.Build.Engine.DocumentBuildContext.GetExternalReference,Docfx.Build.Engine.DocumentBuildContext.GetExternalReference,9570d45f71c91a1e05cecbf71507caeb959726d3,2023-10-09T15:48:46+08:00,9570d45f71c91a1e05cecbf71507caeb959726d3,2023-10-09T15:48:46+08:00,1,1043,0.125,,,False,False,1,0,590.07,0.0,0.001694715316660499,,38007053.0,dotnet/docfx,C#
src/Docfx.Build/HostServiceCreator.cs,0,class,ok,Docfx.Build.Engine.HostServiceCreator,Docfx.Build.Engine.HostServiceCreator,9570d45f71c91a1e05cecbf71507caeb959726d3,2023-10-09T15:48:46+08:00,9570d45f71c91a1e05cecbf71507caeb959726d3,2023-10-09T15:48:46+08:00,1,1043,0.008064516129032258,,,False,False,1,0,590.07,0.0,0.001694715316660499,,38007053.0,dotnet/docfx,C#
src/Docfx.Build/HostServiceCreator.cs,0,callable,ok,Docfx.Build.Engine.HostServiceCreator.HostServiceCreator,Docfx.Build.Engine.HostServiceCreator.HostServiceCreator,9570d45f71c91a1e05cecbf71507caeb959726d3,2023-10-09T15:48:46+08:00,9570d45f71c91a1e05cecbf71507caeb959726d3,2023-10-09T15:48:46+08:00,1,1043,0.25,,,False,False,1,0,590.07,0.0,0.001694715316660499,,38007053.0,dotnet/docfx,C#
src/Docfx.Build/HostServiceCreator.cs,1,callable,ok,Docfx.Build.Engine.HostServiceCreator.CreateHostService,Docfx.Build.Engine.HostServiceCreator.CreateHostService,9570d45f71c91a1e05cecbf71507caeb959726d3,2023-10-09T15:48:46+08:00,9570d45f71c91a1e05cecbf71507caeb959726d3,2023-10-09T15:48:46+08:00,1,1043,0.041666666666666664,,,False,False,1,0,590.07,0.0,0.001694715316660499,,38007053.0,dotnet/docfx,C#
src/Docfx.Build/HostServiceCreator.cs,2,callable,ok,Docfx.Build.Engine.HostServiceCreator.Load,Docfx.Build.Engine.HostServiceCreator.Load,9570d45f71c91a1e05cecbf71507caeb959726d3,2023-10-09T15:48:46+08:00,9570d45f71c91a1e05cecbf71507caeb959726d3,2023-10-09T15:48:46+08:00,1,1043,0.029411764705882353,,,False,False,1,0,590.07,0.0,0.001694715316660499,,38007053.0,dotnet/docfx,C#
src/Docfx.Build/HostServiceCreator.cs,3,callable,ok,Docfx.Build.Engine.HostServiceCreator.LoadModels,Docfx.Build.Engine.HostServiceCreator.LoadModels,9570d45f71c91a1e05cecbf71507caeb959726d3,2023-10-09T15:48:46+08:00,9570d45f71c91a1e05cecbf71507caeb959726d3,2023-10-09T15:48:46+08:00,1,1043,0.041666666666666664,,,False,False,1,0,590.07,0.0,0.001694715316660499,,38007053.0,dotnet/docfx,C#
src/Docfx.Build/HostServiceCreator.cs,4,callable,ok,Docfx.Build.Engine.HostServiceCreator.ApplyFileMetadata,Docfx.Build.Engine.HostServiceCreator.ApplyFileMetadata,9570d45f71c91a1e05cecbf71507caeb959726d3,2023-10-09T15:48:46+08:00,9570d45f71c91a1e05cecbf71507caeb959726d3,2023-10-09T15:48:46+08:00,1,1043,0.034482758620689655,,,False,False,1,0,590.07,0.0,0.001694715316660499,,38007053.0,dotnet/docfx,C#
src/Docfx.Build/LinkPhaseHandler.cs,0,class,ok,Docfx.Build.Engine.LinkPhaseHandler,Docfx.Build.Engine.LinkPhaseHandler,9570d45f71c91a1e05cecbf71507caeb959726d3,2023-10-09T15:48:46+08:00,9570d45f71c91a1e05cecbf71507caeb959726d3,2023-10-09T15:48:46+08:00,1,1043,0.004405286343612335,,,False,False,1,0,590.07,0.0,0.001694715316660499,,38007053.0,dotnet/docfx,C#
src/Docfx.Build/LinkPhaseHandler.cs,0,callable,ok,Docfx.Build.Engine.LinkPhaseHandler.LinkPhaseHandler,Docfx.Build.Engine.LinkPhaseHandler.LinkPhaseHandler,9570d45f71c91a1e05cecbf71507caeb959726d3,2023-10-09T15:48:46+08:00,9570d45f71c91a1e05cecbf71507caeb959726d3,2023-10-09T15:48:46+08:00,1,1043,0.2,,,False,False,1,0,590.07,0.0,0.001694715316660499,,38007053.0,dotnet/docfx,C#
src/Docfx.Build/LinkPhaseHandler.cs,1,callable,ok,Docfx.Build.Engine.LinkPhaseHandler.Handle,Docfx.Build.Engine.LinkPhaseHandler.Handle,9570d45f71c91a1e05cecbf71507caeb959726d3,2023-10-09T15:48:46+08:00,9570d45f71c91a1e05cecbf71507caeb959726d3,2023-10-09T15:48:46+08:00,1,1043,0.2,,,False,False,1,0,590.07,0.0,0.001694715316660499,,38007053.0,dotnet/docfx,C#
src/Docfx.Build/LinkPhaseHandler.cs,2,callable,ok,Docfx.Build.Engine.LinkPhaseHandler.PostbuildAndSave,Docfx.Build.Engine.LinkPhaseHandler.PostbuildAndSave,9570d45f71c91a1e05cecbf71507caeb959726d3,2023-10-09T15:48:46+08:00,9570d45f71c91a1e05cecbf71507caeb959726d3,2023-10-09T15:48:46+08:00,1,1043,0.2,,,False,False,1,0,590.07,0.0,0.001694715316660499,,38007053.0,dotnet/docfx,C#
src/Docfx.Build/LinkPhaseHandler.cs,3,callable,ok,Docfx.Build.Engine.LinkPhaseHandler.ProcessManifest,Docfx.Build.Engine.LinkPhaseHandler.ProcessManifest,9570d45f71c91a1e05cecbf71507caeb959726d3,2023-10-09T15:48:46+08:00,9570d45f71c91a1e05cecbf71507caeb959726d3,2023-10-09T15:48:46+08:00,1,1043,0.125,,,False,False,1,0,590.07,0.0,0.001694715316660499,,38007053.0,dotnet/docfx,C#
src/Docfx.Build/LinkPhaseHandler.cs,4,callable,ok,Docfx.Build.Engine.LinkPhaseHandler.Postbuild,Docfx.Build.Engine.LinkPhaseHandler.Postbuild,9570d45f71c91a1e05cecbf71507caeb959726d3,2023-10-09T15:48:46+08:00,9570d45f71c91a1e05cecbf71507caeb959726d3,2023-10-09T15:48:46+08:00,1,1043,0.07692307692307693,,,False,False,1,0,590.07,0.0,0.001694715316660499,,38007053.0,dotnet/docfx,C#
src/Docfx.Build/LinkPhaseHandler.cs,5,callable,ok,Docfx.Build.Engine.LinkPhaseHandler.Save,Docfx.Build.Engine.LinkPhaseHandler.Save,9570d45f71c91a1e05cecbf71507caeb959726d3,2023-10-09T15:48:46+08:00,9570d45f71c91a1e05cecbf71507caeb959726d3,2023-10-09T15:48:46+08:00,1,1043,0.09090909090909091,,,False,False,1,0,590.07,0.0,0.001694715316660499,,38007053.0,dotnet/docfx,C#
src/Docfx.Build/LinkPhaseHandler.cs,6,callable,ok,Docfx.Build.Engine.LinkPhaseHandler.ExportManifest,Docfx.Build.Engine.LinkPhaseHandler.ExportManifest,9570d45f71c91a1e05cecbf71507caeb959726d3,2023-10-09T15:48:46+08:00,9570d45f71c91a1e05cecbf71507caeb959726d3,2023-10-09T15:48:46+08:00,1,1043,0.024390243902439025,,,False,False,1,0,590.07,0.0,0.001694715316660499,,38007053.0,dotnet/docfx,C#
src/Docfx.Build/LinkPhaseHandler.cs,7,callable,ok,Docfx.Build.Engine.LinkPhaseHandler.HandleSaveResult,Docfx.Build.Engine.LinkPhaseHandler.HandleSaveResult,9570d45f71c91a1e05cecbf71507caeb959726d3,2023-10-09T15:48:46+08:00,9570d45f71c91a1e05cecbf71507caeb959726d3,2023-10-09T15:48:46+08:00,1,1043,0.07692307692307693,,,False,False,1,0,590.07,0.0,0.001694715316660499,,38007053.0,dotnet/docfx,C#
src/Docfx.Build/LinkPhaseHandler.cs,8,callable,ok,Docfx.Build.Engine.LinkPhaseHandler.CheckFileLink,Docfx.Build.Engine.LinkPhaseHandler.CheckFileLink,9570d45f71c91a1e05cecbf71507caeb959726d3,2023-10-09T15:48:46+08:00,9570d45f71c91a1e05cecbf71507caeb959726d3,2023-10-09T15:48:46+08:00,1,1043,0.023255813953488372,,,False,False,1,0,590.07,0.0,0.001694715316660499,,38007053.0,dotnet/docfx,C#
src/Docfx.Build/LinkPhaseHandler.cs,9,callable,ok,Docfx.Build.Engine.LinkPhaseHandler.HandleUids,Docfx.Build.Engine.LinkPhaseHandler.HandleUids,9570d45f71c91a1e05cecbf71507caeb959726d3,2023-10-09T15:48:46+08:00,9570d45f71c91a1e05cecbf71507caeb959726d3,2023-10-09T15:48:46+08:00,1,1043,0.14285714285714285,,,False,False,1,0,590.07,0.0,0.001694715316660499,,38007053.0,dotnet/docfx,C#
src/Docfx.Build/LinkPhaseHandler.cs,10,callable,ok,Docfx.Build.Engine.LinkPhaseHandler.RegisterXRefSpec,Docfx.Build.Engine.LinkPhaseHandler.RegisterXRefSpec,9570d45f71c91a1e05cecbf71507caeb959726d3,2023-10-09T15:48:46+08:00,9570d45f71c91a1e05cecbf71507caeb959726d3,2023-10-09T15:48:46+08:00,1,1043,0.058823529411764705,,,False,False,1,0,590.07,0.0,0.001694715316660499,,38007053.0,dotnet/docfx,C#
src/Docfx.Build/LinkPhaseHandler.cs,11,callable,ok,Docfx.Build.Engine.LinkPhaseHandler.GetManifestItem,Docfx.Build.Engine.LinkPhaseHandler.GetManifestItem,9570d45f71c91a1e05cecbf71507caeb959726d3,2023-10-09T15:48:46+08:00,9570d45f71c91a1e05cecbf71507caeb959726d3,2023-10-09T15:48:46+08:00,1,1043,0.07142857142857142,,,False,False,1,0,590.07,0.0,0.001694715316660499,,38007053.0,dotnet/docfx,C#
src/Docfx.Build/ManifestItemWithContext.cs,0,class,ok,Docfx.Build.Engine.ManifestItemWithContext,Docfx.Build.Engine.ManifestItemWithContext,9570d45f71c91a1e05cecbf71507caeb959726d3,2023-10-09T15:48:46+08:00,9570d45f71c91a1e05cecbf71507caeb959726d3,2023-10-09T15:48:46+08:00,1,1043,0.05,,,False,False,1,0,590.07,0.0,0.001694715316660499,,38007053.0,dotnet/docfx,C#
src/Docfx.Build/ManifestItemWithContext.cs,0,callable,ok,Docfx.Build.Engine.ManifestItemWithContext.ManifestItemWithContext,Docfx.Build.Engine.ManifestItemWithContext.ManifestItemWithContext,9570d45f71c91a1e05cecbf71507caeb959726d3,2023-10-09T15:48:46+08:00,9570d45f71c91a1e05cecbf71507caeb959726d3,2023-10-09T15:48:46+08:00,1,1043,0.14285714285714285,,,False,False,1,0,590.07,0.0,0.001694715316660499,,38007053.0,dotnet/docfx,C#
src/Docfx.Build/ManifestProcessor.cs,0,class,ok,Docfx.Build.Engine.ManifestProcessor,Docfx.Build.Engine.ManifestProcessor,9570d45f71c91a1e05cecbf71507caeb959726d3,2023-10-09T15:48:46+08:00,9570d45f71c91a1e05cecbf71507caeb959726d3,2023-10-09T15:48:46+08:00,1,1043,0.005263157894736842,,,False,False,1,0,590.07,0.0,0.001694715316660499,,38007053.0,dotnet/docfx,C#
src/Docfx.Build/ManifestProcessor.cs,0,callable,ok,Docfx.Build.Engine.ManifestProcessor.ManifestProcessor,Docfx.Build.Engine.ManifestProcessor.ManifestProcessor,9570d45f71c91a1e05cecbf71507caeb959726d3,2023-10-09T15:48:46+08:00,9570d45f71c91a1e05cecbf71507caeb959726d3,2023-10-09T15:48:46+08:00,1,1043,0.06666666666666667,,,False,False,1,0,590.07,0.0,0.001694715316660499,,38007053.0,dotnet/docfx,C#
src/Docfx.Build/ManifestProcessor.cs,1,callable,ok,Docfx.Build.Engine.ManifestProcessor.Process,Docfx.Build.Engine.ManifestProcessor.Process,9570d45f71c91a1e05cecbf71507caeb959726d3,2023-10-09T15:48:46+08:00,9570d45f71c91a1e05cecbf71507caeb959726d3,2023-10-09T15:48:46+08:00,1,1043,0.027777777777777776,,,False,False,1,0,590.07,0.0,0.001694715316660499,,38007053.0,dotnet/docfx,C#
src/Docfx.Build/ManifestProcessor.cs,2,callable,ok,Docfx.Build.Engine.ManifestProcessor.UpdateContext,Docfx.Build.Engine.ManifestProcessor.UpdateContext,9570d45f71c91a1e05cecbf71507caeb959726d3,2023-10-09T15:48:46+08:00,9570d45f71c91a1e05cecbf71507caeb959726d3,2023-10-09T15:48:46+08:00,1,1043,0.25,,,False,False,1,0,590.07,0.0,0.001694715316660499,,38007053.0,dotnet/docfx,C#
src/Docfx.Build/ManifestProcessor.cs,3,callable,ok,Docfx.Build.Engine.ManifestProcessor.NormalizeToObject,Docfx.Build.Engine.ManifestProcessor.NormalizeToObject,9570d45f71c91a1e05cecbf71507caeb959726d3,2023-10-09T15:48:46+08:00,9570d45f71c91a1e05cecbf71507caeb959726d3,2023-10-09T15:48:46+08:00,1,1043,0.03571428571428571,,,False,False,1,0,590.07,0.0,0.001694715316660499,,38007053.0,dotnet/docfx,C#
src/Docfx.Build/ManifestProcessor.cs,4,callable,ok,Docfx.Build.Engine.ManifestProcessor.FeedOptions,Docfx.Build.Engine.ManifestProcessor.FeedOptions,9570d45f71c91a1e05cecbf71507caeb959726d3,2023-10-09T15:48:46+08:00,9570d45f71c91a1e05cecbf71507caeb959726d3,2023-10-09T15:48:46+08:00,1,1043,0.04,,,False,False,1,0,590.07,0.0,0.001694715316660499,,38007053.0,dotnet/docfx,C#
src/Docfx.Build/ManifestProcessor.cs,5,callable,ok,Docfx.Build.Engine.ManifestProcessor.UpdateHref,Docfx.Build.Engine.ManifestProcessor.UpdateHref,9570d45f71c91a1e05cecbf71507caeb959726d3,2023-10-09T15:48:46+08:00,9570d45f71c91a1e05cecbf71507caeb959726d3,2023-10-09T15:48:46+08:00,1,1043,0.0625,,,False,False,1,0,590.07,0.0,0.001694715316660499,,38007053.0,dotnet/docfx,C#
src/Docfx.Build/ManifestProcessor.cs,6,callable,ok,Docfx.Build.Engine.ManifestProcessor.ApplySystemMetadata,Docfx.Build.Engine.ManifestProcessor.ApplySystemMetadata,9570d45f71c91a1e05cecbf71507caeb959726d3,2023-10-09T15:48:46+08:00,9570d45f71c91a1e05cecbf71507caeb959726d3,2023-10-09T15:48:46+08:00,1,1043,0.023809523809523808,,,False,False,1,0,590.07,0.0,0.001694715316660499,,38007053.0,dotnet/docfx,C#
src/Docfx.Build/ManifestProcessor.cs,7,callable,ok,Docfx.Build.Engine.ManifestProcessor.ProcessTemplate,Docfx.Build.Engine.ManifestProcessor.ProcessTemplate,9570d45f71c91a1e05cecbf71507caeb959726d3,2023-10-09T15:48:46+08:00,9570d45f71c91a1e05cecbf71507caeb959726d3,2023-10-09T15:48:46+08:00,1,1043,0.2,,,False,False,1,0,590.07,0.0,0.001694715316660499,,38007053.0,dotnet/docfx,C#
src/Docfx.Build/PostProcessors/ExtractSearchIndex.cs,0,class,ok,Docfx.Build.Engine.ExtractSearchIndex,Docfx.Build.Engine.ExtractSearchIndex,9570d45f71c91a1e05cecbf71507caeb959726d3,2023-10-09T15:48:46+08:00,9570d45f71c91a1e05cecbf71507caeb959726d3,2023-10-09T15:48:46+08:00,1,1043,0.006622516556291391,,,False,False,1,0,590.07,0.0,0.001694715316660499,,38007053.0,dotnet/docfx,C#
src/Docfx.Build/PostProcessors/ExtractSearchIndex.cs,0,callable,ok,Docfx.Build.Engine.ExtractSearchIndex.PrepareMetadata,Docfx.Build.Engine.ExtractSearchIndex.PrepareMetadata,9570d45f71c91a1e05cecbf71507caeb959726d3,2023-10-09T15:48:46+08:00,9570d45f71c91a1e05cecbf71507caeb959726d3,2023-10-09T15:48:46+08:00,1,1043,0.125,,,False,False,1,0,590.07,0.0,0.001694715316660499,,38007053.0,dotnet/docfx,C#
src/Docfx.Build/PostProcessors/ExtractSearchIndex.cs,1,callable,ok,Docfx.Build.Engine.ExtractSearchIndex.Process,Docfx.Build.Engine.ExtractSearchIndex.Process,9570d45f71c91a1e05cecbf71507caeb959726d3,2023-10-09T15:48:46+08:00,9570d45f71c91a1e05cecbf71507caeb959726d3,2023-10-09T15:48:46+08:00,1,1043,0.017241379310344827,,,False,False,1,0,590.07,0.0,0.001694715316660499,,38007053.0,dotnet/docfx,C#
src/Docfx.Build/PostProcessors/ExtractSearchIndex.cs,2,callable,ok,Docfx.Build.Engine.ExtractSearchIndex.ExtractItem,Docfx.Build.Engine.ExtractSearchIndex.ExtractItem,9570d45f71c91a1e05cecbf71507caeb959726d3,2023-10-09T15:48:46+08:00,9570d45f71c91a1e05cecbf71507caeb959726d3,2023-10-09T15:48:46+08:00,1,1043,0.043478260869565216,,,False,False,1,0,590.07,0.0,0.001694715316660499,,38007053.0,dotnet/docfx,C#
src/Docfx.Build/PostProcessors/ExtractSearchIndex.cs,3,callable,ok,Docfx.Build.Engine.ExtractSearchIndex.ExtractTitleFromHtml,Docfx.Build.Engine.ExtractSearchIndex.ExtractTitleFromHtml,9570d45f71c91a1e05cecbf71507caeb959726d3,2023-10-09T15:48:46+08:00,9570d45f71c91a1e05cecbf71507caeb959726d3,2023-10-09T15:48:46+08:00,1,1043,0.16666666666666666,,,False,False,1,0,590.07,0.0,0.001694715316660499,,38007053.0,dotnet/docfx,C#
src/Docfx.Build/PostProcessors/ExtractSearchIndex.cs,4,callable,ok,Docfx.Build.Engine.ExtractSearchIndex.NormalizeContent,Docfx.Build.Engine.ExtractSearchIndex.NormalizeContent,9570d45f71c91a1e05cecbf71507caeb959726d3,2023-10-09T15:48:46+08:00,9570d45f71c91a1e05cecbf71507caeb959726d3,2023-10-09T15:48:46+08:00,1,1043,0.1111111111111111,,,False,False,1,0,590.07,0.0,0.001694715316660499,,38007053.0,dotnet/docfx,C#
src/Docfx.Build/PostProcessors/ExtractSearchIndex.cs,5,callable,ok,Docfx.Build.Engine.ExtractSearchIndex.ExtractTextFromNode,Docfx.Build.Engine.ExtractSearchIndex.ExtractTextFromNode,9570d45f71c91a1e05cecbf71507caeb959726d3,2023-10-09T15:48:46+08:00,9570d45f71c91a1e05cecbf71507caeb959726d3,2023-10-09T15:48:46+08:00,1,1043,0.038461538461538464,,,False,False,1,0,590.07,0.0,0.001694715316660499,,38007053.0,dotnet/docfx,C#
src/Docfx.Build/PostProcessors/SearchIndexItem.cs,0,class,ok,Docfx.Build.Engine.SearchIndexItem,Docfx.Build.Engine.SearchIndexItem,9570d45f71c91a1e05cecbf71507caeb959726d3,2023-10-09T15:48:46+08:00,9570d45f71c91a1e05cecbf71507caeb959726d3,2023-10-09T15:48:46+08:00,1,1043,0.029411764705882353,,,False,False,1,0,590.07,0.0,0.001694715316660499,,38007053.0,dotnet/docfx,C#
src/Docfx.Build/PostProcessors/SearchIndexItem.cs,0,callable,ok,Docfx.Build.Engine.SearchIndexItem.Equals,Docfx.Build.Engine.SearchIndexItem.Equals,9570d45f71c91a1e05cecbf71507caeb959726d3,2023-10-09T15:48:46+08:00,9570d45f71c91a1e05cecbf71507caeb959726d3,2023-10-09T15:48:46+08:00,1,1043,0.08333333333333333,,,False,False,1,0,590.07,0.0,0.001694715316660499,,38007053.0,dotnet/docfx,C#
src/Docfx.Build/PostProcessors/SearchIndexItem.cs,1,callable,ok,Docfx.Build.Engine.SearchIndexItem.GetHashCode,Docfx.Build.Engine.SearchIndexItem.GetHashCode,9570d45f71c91a1e05cecbf71507caeb959726d3,2023-10-09T15:48:46+08:00,9570d45f71c91a1e05cecbf71507caeb959726d3,2023-10-09T15:48:46+08:00,1,1043,0.25,,,False,False,1,0,590.07,0.0,0.001694715316660499,,38007053.0,dotnet/docfx,C#
src/Docfx.Build/ResourceFileReaders/CompositeResourceReader.cs,0,class,ok,Docfx.Build.Engine.CompositeResourceReader,Docfx.Build.Engine.CompositeResourceReader,9570d45f71c91a1e05cecbf71507caeb959726d3,2023-10-09T15:48:46+08:00,9570d45f71c91a1e05cecbf71507caeb959726d3,2023-10-09T15:48:46+08:00,1,1043,0.02631578947368421,,,False,False,1,0,590.07,0.0,0.001694715316660499,,38007053.0,dotnet/docfx,C#
src/Docfx.Build/ResourceFileReaders/CompositeResourceReader.cs,0,callable,ok,Docfx.Build.Engine.CompositeResourceReader.CompositeResourceReader,Docfx.Build.Engine.CompositeResourceReader.CompositeResourceReader,9570d45f71c91a1e05cecbf71507caeb959726d3,2023-10-09T15:48:46+08:00,9570d45f71c91a1e05cecbf71507caeb959726d3,2023-10-09T15:48:46+08:00,1,1043,0.16666666666666666,,,False,False,1,0,590.07,0.0,0.001694715316660499,,38007053.0,dotnet/docfx,C#
src/Docfx.Build/ResourceFileReaders/CompositeResourceReader.cs,1,callable,ok,Docfx.Build.Engine.CompositeResourceReader.GetResourceStream,Docfx.Build.Engine.CompositeResourceReader.GetResourceStream,9570d45f71c91a1e05cecbf71507caeb959726d3,2023-10-09T15:48:46+08:00,9570d45f71c91a1e05cecbf71507caeb959726d3,2023-10-09T15:48:46+08:00,1,1043,0.1,,,False,False,1,0,590.07,0.0,0.001694715316660499,,38007053.0,dotnet/docfx,C#
src/Docfx.Build/ResourceFileReaders/CompositeResourceReader.cs,2,callable,ok,Docfx.Build.Engine.CompositeResourceReader.Dispose,Docfx.Build.Engine.CompositeResourceReader.Dispose,9570d45f71c91a1e05cecbf71507caeb959726d3,2023-10-09T15:48:46+08:00,9570d45f71c91a1e05cecbf71507caeb959726d3,2023-10-09T15:48:46+08:00,1,1043,0.14285714285714285,,,False,False,1,0,590.07,0.0,0.001694715316660499,,38007053.0,dotnet/docfx,C#
src/Docfx.Build/ResourceFileReaders/CompositeResourceReader.cs,3,callable,ok,Docfx.Build.Engine.CompositeResourceReader.GetEnumerator,Docfx.Build.Engine.CompositeResourceReader.GetEnumerator,9570d45f71c91a1e05cecbf71507caeb959726d3,2023-10-09T15:48:46+08:00,9570d45f71c91a1e05cecbf71507caeb959726d3,2023-10-09T15:48:46+08:00,1,1043,1.0,,,False,False,1,0,590.07,0.0,0.001694715316660499,,38007053.0,dotnet/docfx,C#
src/Docfx.Build/ResourceFileReaders/EmptyResourceReader.cs,0,class,ok,Docfx.Build.Engine.EmptyResourceReader,Docfx.Build.Engine.EmptyResourceReader,9570d45f71c91a1e05cecbf71507caeb959726d3,2023-10-09T15:48:46+08:00,9570d45f71c91a1e05cecbf71507caeb959726d3,2023-10-09T15:48:46+08:00,1,1043,0.07142857142857142,,,False,False,1,0,590.07,0.0,0.001694715316660499,,38007053.0,dotnet/docfx,C#
src/Docfx.Build/ResourceFileReaders/EmptyResourceReader.cs,0,callable,ok,Docfx.Build.Engine.EmptyResourceReader.GetResourceStream,Docfx.Build.Engine.EmptyResourceReader.GetResourceStream,9570d45f71c91a1e05cecbf71507caeb959726d3,2023-10-09T15:48:46+08:00,9570d45f71c91a1e05cecbf71507caeb959726d3,2023-10-09T15:48:46+08:00,1,1043,0.25,,,False,False,1,0,590.07,0.0,0.001694715316660499,,38007053.0,dotnet/docfx,C#
src/Docfx.Build/ResourceFileReaders/LocalFileResourceReader.cs,0,class,ok,Docfx.Build.Engine.LocalFileResourceReader,Docfx.Build.Engine.LocalFileResourceReader,9570d45f71c91a1e05cecbf71507caeb959726d3,2023-10-09T15:48:46+08:00,9570d45f71c91a1e05cecbf71507caeb959726d3,2023-10-09T15:48:46+08:00,1,1043,0.015384615384615385,,,False,False,1,0,590.07,0.0,0.001694715316660499,,38007053.0,dotnet/docfx,C#
src/Docfx.Build/ResourceFileReaders/LocalFileResourceReader.cs,0,callable,ok,Docfx.Build.Engine.LocalFileResourceReader.LocalFileResourceReader,Docfx.Build.Engine.LocalFileResourceReader.LocalFileResourceReader,9570d45f71c91a1e05cecbf71507caeb959726d3,2023-10-09T15:48:46+08:00,9570d45f71c91a1e05cecbf71507caeb959726d3,2023-10-09T15:48:46+08:00,1,1043,0.08333333333333333,,,False,False,1,0,590.07,0.0,0.001694715316660499,,38007053.0,dotnet/docfx,C#
src/Docfx.Build/ResourceFileReaders/LocalFileResourceReader.cs,1,callable,ok,Docfx.Build.Engine.LocalFileResourceReader.GetResourceStream,Docfx.Build.Engine.LocalFileResourceReader.GetResourceStream,9570d45f71c91a1e05cecbf71507caeb959726d3,2023-10-09T15:48:46+08:00,9570d45f71c91a1e05cecbf71507caeb959726d3,2023-10-09T15:48:46+08:00,1,1043,0.08333333333333333,,,False,False,1,0,590.07,0.0,0.001694715316660499,,38007053.0,dotnet/docfx,C#
src/Docfx.Build/ResourceFileReaders/LocalFileResourceReader.cs,2,callable,ok,Docfx.Build.Engine.LocalFileResourceReader.GetFiles,Docfx.Build.Engine.LocalFileResourceReader.GetFiles,9570d45f71c91a1e05cecbf71507caeb959726d3,2023-10-09T15:48:46+08:00,9570d45f71c91a1e05cecbf71507caeb959726d3,2023-10-09T15:48:46+08:00,1,1043,0.04,,,False,False,1,0,590.07,0.0,0.001694715316660499,,38007053.0,dotnet/docfx,C#
src/Docfx.Build/Settings/ExportSettings.cs,0,class,ok,Docfx.Build.Engine.ExportSettings,Docfx.Build.Engine.ExportSettings,9570d45f71c91a1e05cecbf71507caeb959726d3,2023-10-09T15:48:46+08:00,9570d45f71c91a1e05cecbf71507caeb959726d3,2023-10-09T15:48:46+08:00,1,1043,0.058823529411764705,,,False,False,1,0,590.07,0.0,0.001694715316660499,,38007053.0,dotnet/docfx,C#
src/Docfx.Build/Settings/ExportSettings.cs,0,callable,ok,Docfx.Build.Engine.ExportSettings.ExportSettings,Docfx.Build.Engine.ExportSettings.ExportSettings,9570d45f71c91a1e05cecbf71507caeb959726d3,2023-10-09T15:48:46+08:00,9570d45f71c91a1e05cecbf71507caeb959726d3,2023-10-09T15:48:46+08:00,1,1043,0.14285714285714285,,,False,False,1,0,590.07,0.0,0.001694715316660499,,38007053.0,dotnet/docfx,C#
src/Docfx.Build/SystemMetadata.cs,0,class,ok,Docfx.Build.Engine.SystemMetadata,Docfx.Build.Engine.SystemMetadata,9570d45f71c91a1e05cecbf71507caeb959726d3,2023-10-09T15:48:46+08:00,9570d45f71c91a1e05cecbf71507caeb959726d3,2023-10-09T15:48:46+08:00,1,1043,0.012987012987012988,,,False,False,1,0,590.07,0.0,0.001694715316660499,,38007053.0,dotnet/docfx,C#
src/Docfx.Build/TableOfContents/TocRestructureUtility.cs,0,class,ok,Docfx.Build.TableOfContents.TocRestructureUtility,Docfx.Build.TableOfContents.TocRestructureUtility,9570d45f71c91a1e05cecbf71507caeb959726d3,2023-10-09T15:48:46+08:00,9570d45f71c91a1e05cecbf71507caeb959726d3,2023-10-09T15:48:46+08:00,1,1043,0.007575757575757576,,,False,False,1,0,590.07,0.0,0.001694715316660499,,38007053.0,dotnet/docfx,C#
src/Docfx.Build/TableOfContents/TocRestructureUtility.cs,0,callable,ok,Docfx.Build.TableOfContents.TocRestructureUtility.Restructure,Docfx.Build.TableOfContents.TocRestructureUtility.Restructure,9570d45f71c91a1e05cecbf71507caeb959726d3,2023-10-09T15:48:46+08:00,9570d45f71c91a1e05cecbf71507caeb959726d3,2023-10-09T15:48:46+08:00,1,1043,0.125,,,False,False,1,0,590.07,0.0,0.001694715316660499,,38007053.0,dotnet/docfx,C#
src/Docfx.Build/TableOfContents/TocRestructureUtility.cs,1,callable,ok,Docfx.Build.TableOfContents.TocRestructureUtility.RestructureCore,Docfx.Build.TableOfContents.TocRestructureUtility.RestructureCore,9570d45f71c91a1e05cecbf71507caeb959726d3,2023-10-09T15:48:46+08:00,9570d45f71c91a1e05cecbf71507caeb959726d3,2023-10-09T15:48:46+08:00,1,1043,0.047619047619047616,,,False,False,1,0,590.07,0.0,0.001694715316660499,,38007053.0,dotnet/docfx,C#
src/Docfx.Build/TableOfContents/TocRestructureUtility.cs,2,callable,ok,Docfx.Build.TableOfContents.TocRestructureUtility.Matches,Docfx.Build.TableOfContents.TocRestructureUtility.Matches,9570d45f71c91a1e05cecbf71507caeb959726d3,2023-10-09T15:48:46+08:00,9570d45f71c91a1e05cecbf71507caeb959726d3,2023-10-09T15:48:46+08:00,1,1043,0.07692307692307693,,,False,False,1,0,590.07,0.0,0.001694715316660499,,38007053.0,dotnet/docfx,C#
src/Docfx.Build/TableOfContents/TocRestructureUtility.cs,3,callable,ok,Docfx.Build.TableOfContents.TocRestructureUtility.RestructureItem,Docfx.Build.TableOfContents.TocRestructureUtility.RestructureItem,9570d45f71c91a1e05cecbf71507caeb959726d3,2023-10-09T15:48:46+08:00,9570d45f71c91a1e05cecbf71507caeb959726d3,2023-10-09T15:48:46+08:00,1,1043,0.012658227848101266,,,False,False,1,0,590.07,0.0,0.001694715316660499,,38007053.0,dotnet/docfx,C#
src/Docfx.Build/TableOfContents/TocRestructureUtility.cs,4,callable,ok,Docfx.Build.TableOfContents.TocRestructureUtility.GetRoots,Docfx.Build.TableOfContents.TocRestructureUtility.GetRoots,9570d45f71c91a1e05cecbf71507caeb959726d3,2023-10-09T15:48:46+08:00,9570d45f71c91a1e05cecbf71507caeb959726d3,2023-10-09T15:48:46+08:00,1,1043,0.25,,,False,False,1,0,590.07,0.0,0.001694715316660499,,38007053.0,dotnet/docfx,C#
src/Docfx.Build/TemplateProcessors/TemplateBundle.cs,0,class,ok,Docfx.Build.Engine.TemplateBundle,Docfx.Build.Engine.TemplateBundle,9570d45f71c91a1e05cecbf71507caeb959726d3,2023-10-09T15:48:46+08:00,9570d45f71c91a1e05cecbf71507caeb959726d3,2023-10-09T15:48:46+08:00,1,1043,0.013333333333333334,,,False,False,1,0,590.07,0.0,0.001694715316660499,,38007053.0,dotnet/docfx,C#
src/Docfx.Build/TemplateProcessors/TemplateBundle.cs,0,callable,ok,Docfx.Build.Engine.TemplateBundle.TemplateBundle,Docfx.Build.Engine.TemplateBundle.TemplateBundle,9570d45f71c91a1e05cecbf71507caeb959726d3,2023-10-09T15:48:46+08:00,9570d45f71c91a1e05cecbf71507caeb959726d3,2023-10-09T15:48:46+08:00,1,1043,0.07142857142857142,,,False,False,1,0,590.07,0.0,0.001694715316660499,,38007053.0,dotnet/docfx,C#
src/Docfx.Build/TemplateProcessors/TemplateBundle.cs,1,callable,ok,Docfx.Build.Engine.TemplateBundle.GetOptions,Docfx.Build.Engine.TemplateBundle.GetOptions,9570d45f71c91a1e05cecbf71507caeb959726d3,2023-10-09T15:48:46+08:00,9570d45f71c91a1e05cecbf71507caeb959726d3,2023-10-09T15:48:46+08:00,1,1043,0.25,,,False,False,1,0,590.07,0.0,0.001694715316660499,,38007053.0,dotnet/docfx,C#
src/Docfx.Build/TemplateProcessors/TemplateBundle.cs,2,callable,ok,Docfx.Build.Engine.TemplateBundle.MergeOptions,Docfx.Build.Engine.TemplateBundle.MergeOptions,9570d45f71c91a1e05cecbf71507caeb959726d3,2023-10-09T15:48:46+08:00,9570d45f71c91a1e05cecbf71507caeb959726d3,2023-10-09T15:48:46+08:00,1,1043,0.041666666666666664,,,False,False,1,0,590.07,0.0,0.001694715316660499,,38007053.0,dotnet/docfx,C#
src/Docfx.Build/TemplateProcessors/TemplateBundle.cs,3,callable,ok,Docfx.Build.Engine.TemplateBundle.GetOptionsForEachTemplate,Docfx.Build.Engine.TemplateBundle.GetOptionsForEachTemplate,9570d45f71c91a1e05cecbf71507caeb959726d3,2023-10-09T15:48:46+08:00,9570d45f71c91a1e05cecbf71507caeb959726d3,2023-10-09T15:48:46+08:00,1,1043,0.05263157894736842,,,False,False,1,0,590.07,0.0,0.001694715316660499,,38007053.0,dotnet/docfx,C#
src/Docfx.Common/CompositeDictionary.cs,0,class,ok,Docfx.Common.CompositeDictionary,Docfx.Common.CompositeDictionary,a6d356c86d42738d716eef162495a77696391107,2023-07-12T17:48:19+08:00,a6d356c86d42738d716eef162495a77696391107,2023-07-12T17:48:19+08:00,1,1131,0.003968253968253968,,,False,False,1,0,678.99,0.0,0.0014727831464378908,,38007053.0,dotnet/docfx,C#
src/Docfx.Common/CompositeDictionary.cs,1,class,ok,Docfx.Common.CompositeDictionary.Entry,Docfx.Common.CompositeDictionary.Entry,a6d356c86d42738d716eef162495a77696391107,2023-07-12T17:48:19+08:00,a6d356c86d42738d716eef162495a77696391107,2023-07-12T17:48:19+08:00,1,1131,0.09090909090909091,,,False,False,1,0,678.99,0.0,0.0014727831464378908,,38007053.0,dotnet/docfx,C#
src/Docfx.Common/CompositeDictionary.cs,2,class,ok,Docfx.Common.CompositeDictionary.Builder,Docfx.Common.CompositeDictionary.Builder,a6d356c86d42738d716eef162495a77696391107,2023-07-12T17:48:19+08:00,a6d356c86d42738d716eef162495a77696391107,2023-07-12T17:48:19+08:00,1,1131,0.018867924528301886,,,False,False,1,0,678.99,0.0,0.0014727831464378908,,38007053.0,dotnet/docfx,C#
src/Docfx.Common/CompositeDictionary.cs,0,callable,ok,Docfx.Common.CompositeDictionary.CompositeDictionary,Docfx.Common.CompositeDictionary.CompositeDictionary,a6d356c86d42738d716eef162495a77696391107,2023-07-12T17:48:19+08:00,a6d356c86d42738d716eef162495a77696391107,2023-07-12T17:48:19+08:00,1,1131,0.25,,,False,False,1,0,678.99,0.0,0.0014727831464378908,,38007053.0,dotnet/docfx,C#
src/Docfx.Common/CompositeDictionary.cs,1,callable,ok,Docfx.Common.CompositeDictionary.Add,Docfx.Common.CompositeDictionary.Add,a6d356c86d42738d716eef162495a77696391107,2023-07-12T17:48:19+08:00,a6d356c86d42738d716eef162495a77696391107,2023-07-12T17:48:19+08:00,1,1131,0.0625,,,False,False,1,0,678.99,0.0,0.0014727831464378908,,38007053.0,dotnet/docfx,C#
src/Docfx.Common/CompositeDictionary.cs,2,callable,ok,Docfx.Common.CompositeDictionary.Clear,Docfx.Common.CompositeDictionary.Clear,a6d356c86d42738d716eef162495a77696391107,2023-07-12T17:48:19+08:00,a6d356c86d42738d716eef162495a77696391107,2023-07-12T17:48:19+08:00,1,1131,0.14285714285714285,,,False,False,1,0,678.99,0.0,0.0014727831464378908,,38007053.0,dotnet/docfx,C#
src/Docfx.Common/CompositeDictionary.cs,3,callable,ok,Docfx.Common.CompositeDictionary.Contains,Docfx.Common.CompositeDictionary.Contains,a6d356c86d42738d716eef162495a77696391107,2023-07-12T17:48:19+08:00,a6d356c86d42738d716eef162495a77696391107,2023-07-12T17:48:19+08:00,1,1131,0.25,,,False,False,1,0,678.99,0.0,0.0014727831464378908,,38007053.0,dotnet/docfx,C#
src/Docfx.Common/CompositeDictionary.cs,4,callable,ok,Docfx.Common.CompositeDictionary.ContainsKey,Docfx.Common.CompositeDictionary.ContainsKey,a6d356c86d42738d716eef162495a77696391107,2023-07-12T17:48:19+08:00,a6d356c86d42738d716eef162495a77696391107,2023-07-12T17:48:19+08:00,1,1131,0.125,,,False,False,1,0,678.99,0.0,0.0014727831464378908,,38007053.0,dotnet/docfx,C#
src/Docfx.Common/CompositeDictionary.cs,5,callable,ok,Docfx.Common.CompositeDictionary.CopyTo,Docfx.Common.CompositeDictionary.CopyTo,a6d356c86d42738d716eef162495a77696391107,2023-07-12T17:48:19+08:00,a6d356c86d42738d716eef162495a77696391107,2023-07-12T17:48:19+08:00,1,1131,0.07692307692307693,,,False,False,1,0,678.99,0.0,0.0014727831464378908,,38007053.0,dotnet/docfx,C#
src/Docfx.Common/CompositeDictionary.cs,6,callable,ok,Docfx.Common.CompositeDictionary.GetEnumerator,Docfx.Common.CompositeDictionary.GetEnumerator,a6d356c86d42738d716eef162495a77696391107,2023-07-12T17:48:19+08:00,a6d356c86d42738d716eef162495a77696391107,2023-07-12T17:48:19+08:00,1,1131,0.25,,,False,False,1,0,678.99,0.0,0.0014727831464378908,,38007053.0,dotnet/docfx,C#
src/Docfx.Common/CompositeDictionary.cs,7,callable,ok,Docfx.Common.CompositeDictionary.Remove,Docfx.Common.CompositeDictionary.Remove,a6d356c86d42738d716eef162495a77696391107,2023-07-12T17:48:19+08:00,a6d356c86d42738d716eef162495a77696391107,2023-07-12T17:48:19+08:00,1,1131,0.06666666666666667,,,False,False,1,0,678.99,0.0,0.0014727831464378908,,38007053.0,dotnet/docfx,C#
src/Docfx.Common/CompositeDictionary.cs,8,callable,ok,Docfx.Common.CompositeDictionary.TryGetValue,Docfx.Common.CompositeDictionary.TryGetValue,a6d356c86d42738d716eef162495a77696391107,2023-07-12T17:48:19+08:00,a6d356c86d42738d716eef162495a77696391107,2023-07-12T17:48:19+08:00,1,1131,0.05555555555555555,,,False,False,1,0,678.99,0.0,0.0014727831464378908,,38007053.0,dotnet/docfx,C#
src/Docfx.Common/CompositeDictionary.cs,9,callable,ok,Docfx.Common.CompositeDictionary.CreateBuilder,Docfx.Common.CompositeDictionary.CreateBuilder,a6d356c86d42738d716eef162495a77696391107,2023-07-12T17:48:19+08:00,a6d356c86d42738d716eef162495a77696391107,2023-07-12T17:48:19+08:00,1,1131,0.25,,,False,False,1,0,678.99,0.0,0.0014727831464378908,,38007053.0,dotnet/docfx,C#
src/Docfx.Common/CompositeDictionary.cs,10,callable,ok,Docfx.Common.CompositeDictionary.Builder.Builder,Docfx.Common.CompositeDictionary.Builder.Builder,a6d356c86d42738d716eef162495a77696391107,2023-07-12T17:48:19+08:00,a6d356c86d42738d716eef162495a77696391107,2023-07-12T17:48:19+08:00,1,1131,1.0,,,False,False,1,0,678.99,0.0,0.0014727831464378908,,38007053.0,dotnet/docfx,C#
src/Docfx.Common/CompositeDictionary.cs,11,callable,ok,Docfx.Common.CompositeDictionary.Builder.Add,Docfx.Common.CompositeDictionary.Builder.Add,a6d356c86d42738d716eef162495a77696391107,2023-07-12T17:48:19+08:00,a6d356c86d42738d716eef162495a77696391107,2023-07-12T17:48:19+08:00,1,1131,0.030303030303030304,,,False,False,1,0,678.99,0.0,0.0014727831464378908,,38007053.0,dotnet/docfx,C#
src/Docfx.Common/CompositeDictionary.cs,12,callable,ok,Docfx.Common.CompositeDictionary.Builder.Enumerate,Docfx.Common.CompositeDictionary.Builder.Enumerate,a6d356c86d42738d716eef162495a77696391107,2023-07-12T17:48:19+08:00,a6d356c86d42738d716eef162495a77696391107,2023-07-12T17:48:19+08:00,1,1131,0.14285714285714285,,,False,False,1,0,678.99,0.0,0.0014727831464378908,,38007053.0,dotnet/docfx,C#
src/Docfx.Common/CompositeDictionary.cs,13,callable,ok,Docfx.Common.CompositeDictionary.Builder.Create,Docfx.Common.CompositeDictionary.Builder.Create,a6d356c86d42738d716eef162495a77696391107,2023-07-12T17:48:19+08:00,a6d356c86d42738d716eef162495a77696391107,2023-07-12T17:48:19+08:00,1,1131,0.25,,,False,False,1,0,678.99,0.0,0.0014727831464378908,,38007053.0,dotnet/docfx,C#
src/Docfx.Common/FileAbstractLayer/FileAbstractLayerExtensions.cs,0,class,ok,Docfx.Common.FileAbstractLayerExtensions,Docfx.Common.FileAbstractLayerExtensions,a6d356c86d42738d716eef162495a77696391107,2023-07-12T17:48:19+08:00,a6d356c86d42738d716eef162495a77696391107,2023-07-12T17:48:19+08:00,1,1131,0.014925373134328358,,,False,False,1,0,678.99,0.0,0.0014727831464378908,,38007053.0,dotnet/docfx,C#
src/Docfx.Common/FileAbstractLayer/FileAbstractLayerExtensions.cs,0,callable,ok,Docfx.Common.FileAbstractLayerExtensions.Exists,Docfx.Common.FileAbstractLayerExtensions.Exists,a6d356c86d42738d716eef162495a77696391107,2023-07-12T17:48:19+08:00,a6d356c86d42738d716eef162495a77696391107,2023-07-12T17:48:19+08:00,1,1131,0.5,,,False,False,1,0,678.99,0.0,0.0014727831464378908,,38007053.0,dotnet/docfx,C#
src/Docfx.Common/FileAbstractLayer/FileAbstractLayerExtensions.cs,1,callable,ok,Docfx.Common.FileAbstractLayerExtensions.OpenReadText,Docfx.Common.FileAbstractLayerExtensions.OpenReadText,a6d356c86d42738d716eef162495a77696391107,2023-07-12T17:48:19+08:00,a6d356c86d42738d716eef162495a77696391107,2023-07-12T17:48:19+08:00,1,1131,0.5,,,False,False,1,0,678.99,0.0,0.0014727831464378908,,38007053.0,dotnet/docfx,C#
src/Docfx.Common/FileAbstractLayer/FileAbstractLayerExtensions.cs,2,callable,ok,Docfx.Common.FileAbstractLayerExtensions.ReadAllText,Docfx.Common.FileAbstractLayerExtensions.ReadAllText,a6d356c86d42738d716eef162495a77696391107,2023-07-12T17:48:19+08:00,a6d356c86d42738d716eef162495a77696391107,2023-07-12T17:48:19+08:00,1,1131,0.5,,,False,False,1,0,678.99,0.0,0.0014727831464378908,,38007053.0,dotnet/docfx,C#
src/Docfx.Common/FileAbstractLayer/FileAbstractLayerExtensions.cs,3,callable,ok,Docfx.Common.FileAbstractLayerExtensions.CreateText,Docfx.Common.FileAbstractLayerExtensions.CreateText,a6d356c86d42738d716eef162495a77696391107,2023-07-12T17:48:19+08:00,a6d356c86d42738d716eef162495a77696391107,2023-07-12T17:48:19+08:00,1,1131,0.5,,,False,False,1,0,678.99,0.0,0.0014727831464378908,,38007053.0,dotnet/docfx,C#
src/Docfx.Common/FileAbstractLayer/FileAbstractLayerExtensions.cs,4,callable,ok,Docfx.Common.FileAbstractLayerExtensions.WriteAllText,Docfx.Common.FileAbstractLayerExtensions.WriteAllText,a6d356c86d42738d716eef162495a77696391107,2023-07-12T17:48:19+08:00,a6d356c86d42738d716eef162495a77696391107,2023-07-12T17:48:19+08:00,1,1131,0.5,,,False,False,1,0,678.99,0.0,0.0014727831464378908,,38007053.0,dotnet/docfx,C#
src/Docfx.Common/FileAbstractLayer/FileAbstractLayerExtensions.cs,5,callable,ok,Docfx.Common.FileAbstractLayerExtensions.HasProperty,Docfx.Common.FileAbstractLayerExtensions.HasProperty,a6d356c86d42738d716eef162495a77696391107,2023-07-12T17:48:19+08:00,a6d356c86d42738d716eef162495a77696391107,2023-07-12T17:48:19+08:00,1,1131,0.5,,,False,False,1,0,678.99,0.0,0.0014727831464378908,,38007053.0,dotnet/docfx,C#
src/Docfx.Common/FileAbstractLayer/FileAbstractLayerExtensions.cs,6,callable,ok,Docfx.Common.FileAbstractLayerExtensions.GetProperty,Docfx.Common.FileAbstractLayerExtensions.GetProperty,a6d356c86d42738d716eef162495a77696391107,2023-07-12T17:48:19+08:00,a6d356c86d42738d716eef162495a77696391107,2023-07-12T17:48:19+08:00,1,1131,0.5,,,False,False,1,0,678.99,0.0,0.0014727831464378908,,38007053.0,dotnet/docfx,C#
src/Docfx.Common/FileAbstractLayer/FileAbstractLayerExtensions.cs,7,callable,ok,Docfx.Common.FileAbstractLayerExtensions.GetAllPhysicalPaths,Docfx.Common.FileAbstractLayerExtensions.GetAllPhysicalPaths,a6d356c86d42738d716eef162495a77696391107,2023-07-12T17:48:19+08:00,a6d356c86d42738d716eef162495a77696391107,2023-07-12T17:48:19+08:00,1,1131,0.3333333333333333,,,False,False,1,0,678.99,0.0,0.0014727831464378908,,38007053.0,dotnet/docfx,C#
src/Docfx.Common/FileAbstractLayer/FileAbstractLayerExtensions.cs,8,callable,ok,Docfx.Common.FileAbstractLayerExtensions.GetOutputPhysicalPath,Docfx.Common.FileAbstractLayerExtensions.GetOutputPhysicalPath,a6d356c86d42738d716eef162495a77696391107,2023-07-12T17:48:19+08:00,a6d356c86d42738d716eef162495a77696391107,2023-07-12T17:48:19+08:00,1,1131,0.2,,,False,False,1,0,678.99,0.0,0.0014727831464378908,,38007053.0,dotnet/docfx,C#
src/Docfx.Common/FileAbstractLayer/ManifestFileWriter.cs,0,class,ok,Docfx.Common.ManifestFileWriter,Docfx.Common.ManifestFileWriter,a6d356c86d42738d716eef162495a77696391107,2023-07-12T17:48:19+08:00,a6d356c86d42738d716eef162495a77696391107,2023-07-12T17:48:19+08:00,1,1131,0.014084507042253521,,,False,False,1,0,678.99,0.0,0.0014727831464378908,,38007053.0,dotnet/docfx,C#
src/Docfx.Common/FileAbstractLayer/ManifestFileWriter.cs,0,callable,ok,Docfx.Common.ManifestFileWriter.ManifestFileWriter,Docfx.Common.ManifestFileWriter.ManifestFileWriter,a6d356c86d42738d716eef162495a77696391107,2023-07-12T17:48:19+08:00,a6d356c86d42738d716eef162495a77696391107,2023-07-12T17:48:19+08:00,1,1131,0.14285714285714285,,,False,False,1,0,678.99,0.0,0.0014727831464378908,,38007053.0,dotnet/docfx,C#
src/Docfx.Common/FileAbstractLayer/ManifestFileWriter.cs,1,callable,ok,Docfx.Common.ManifestFileWriter.Copy,Docfx.Common.ManifestFileWriter.Copy,a6d356c86d42738d716eef162495a77696391107,2023-07-12T17:48:19+08:00,a6d356c86d42738d716eef162495a77696391107,2023-07-12T17:48:19+08:00,1,1131,0.08333333333333333,,,False,False,1,0,678.99,0.0,0.0014727831464378908,,38007053.0,dotnet/docfx,C#
src/Docfx.Common/FileAbstractLayer/ManifestFileWriter.cs,2,callable,ok,Docfx.Common.ManifestFileWriter.Create,Docfx.Common.ManifestFileWriter.Create,a6d356c86d42738d716eef162495a77696391107,2023-07-12T17:48:19+08:00,a6d356c86d42738d716eef162495a77696391107,2023-07-12T17:48:19+08:00,1,1131,0.037037037037037035,,,False,False,1,0,678.99,0.0,0.0014727831464378908,,38007053.0,dotnet/docfx,C#
src/Docfx.Common/FileAbstractLayer/ManifestFileWriter.cs,3,callable,ok,Docfx.Common.ManifestFileWriter.CreateReader,Docfx.Common.ManifestFileWriter.CreateReader,a6d356c86d42738d716eef162495a77696391107,2023-07-12T17:48:19+08:00,a6d356c86d42738d716eef162495a77696391107,2023-07-12T17:48:19+08:00,1,1131,0.25,,,False,False,1,0,678.99,0.0,0.0014727831464378908,,38007053.0,dotnet/docfx,C#
src/Docfx.Common/FileAbstractLayer/ManifestFileWriter.cs,4,callable,ok,Docfx.Common.ManifestFileWriter.FindEntryInManifest,Docfx.Common.ManifestFileWriter.FindEntryInManifest,a6d356c86d42738d716eef162495a77696391107,2023-07-12T17:48:19+08:00,a6d356c86d42738d716eef162495a77696391107,2023-07-12T17:48:19+08:00,1,1131,0.25,,,False,False,1,0,678.99,0.0,0.0014727831464378908,,38007053.0,dotnet/docfx,C#
src/Docfx.Common/FileMapping.cs,0,class,ok,Docfx.FileMapping,Docfx.FileMapping,a6d356c86d42738d716eef162495a77696391107,2023-07-12T17:48:19+08:00,a6d356c86d42738d716eef162495a77696391107,2023-07-12T17:48:19+08:00,1,1131,0.020833333333333332,,,False,False,1,0,678.99,0.0,0.0014727831464378908,,38007053.0,dotnet/docfx,C#
src/Docfx.Common/FileMapping.cs,0,callable,ok,Docfx.FileMapping.FileMapping,Docfx.FileMapping.FileMapping,a6d356c86d42738d716eef162495a77696391107,2023-07-12T17:48:19+08:00,a6d356c86d42738d716eef162495a77696391107,2023-07-12T17:48:19+08:00,1,1131,0.25,,,False,False,1,0,678.99,0.0,0.0014727831464378908,,38007053.0,dotnet/docfx,C#
src/Docfx.Common/FileMapping.cs,1,callable,ok,Docfx.FileMapping.Add,Docfx.FileMapping.Add,a6d356c86d42738d716eef162495a77696391107,2023-07-12T17:48:19+08:00,a6d356c86d42738d716eef162495a77696391107,2023-07-12T17:48:19+08:00,1,1131,0.16666666666666666,,,False,False,1,0,678.99,0.0,0.0014727831464378908,,38007053.0,dotnet/docfx,C#
src/Docfx.Common/Git/GitUtility.cs,0,class,ok,Docfx.Common.Git.GitUtility,Docfx.Common.Git.GitUtility,a6d356c86d42738d716eef162495a77696391107,2023-07-12T17:48:19+08:00,a6d356c86d42738d716eef162495a77696391107,2023-07-12T17:48:19+08:00,1,1131,0.002680965147453083,,,False,False,1,0,678.99,0.0,0.0014727831464378908,,38007053.0,dotnet/docfx,C#
src/Docfx.Common/Git/GitUtility.cs,0,callable,ok,Docfx.Common.Git.GitUtility.TryGetFileDetail,Docfx.Common.Git.GitUtility.TryGetFileDetail,a6d356c86d42738d716eef162495a77696391107,2023-07-12T17:48:19+08:00,a6d356c86d42738d716eef162495a77696391107,2023-07-12T17:48:19+08:00,1,1131,0.058823529411764705,,,False,False,1,0,678.99,0.0,0.0014727831464378908,,38007053.0,dotnet/docfx,C#
src/Docfx.Common/Git/GitUtility.cs,1,callable,ok,Docfx.Common.Git.GitUtility.RawContentUrlToContentUrl,Docfx.Common.Git.GitUtility.RawContentUrlToContentUrl,a6d356c86d42738d716eef162495a77696391107,2023-07-12T17:48:19+08:00,a6d356c86d42738d716eef162495a77696391107,2023-07-12T17:48:19+08:00,1,1131,0.07692307692307693,,,False,False,1,0,678.99,0.0,0.0014727831464378908,,38007053.0,dotnet/docfx,C#
src/Docfx.Common/Git/GitUtility.cs,2,callable,ok,Docfx.Common.Git.GitUtility.Parse,Docfx.Common.Git.GitUtility.Parse,a6d356c86d42738d716eef162495a77696391107,2023-07-12T17:48:19+08:00,a6d356c86d42738d716eef162495a77696391107,2023-07-12T17:48:19+08:00,1,1131,0.022222222222222223,,,False,False,1,0,678.99,0.0,0.0014727831464378908,,38007053.0,dotnet/docfx,C#
src/Docfx.Common/Git/GitUtility.cs,3,callable,ok,Docfx.Common.Git.GitUtility.CombineUrl,Docfx.Common.Git.GitUtility.CombineUrl,a6d356c86d42738d716eef162495a77696391107,2023-07-12T17:48:19+08:00,a6d356c86d42738d716eef162495a77696391107,2023-07-12T17:48:19+08:00,1,1131,0.07692307692307693,,,False,False,1,0,678.99,0.0,0.0014727831464378908,,38007053.0,dotnet/docfx,C#
src/Docfx.Common/Git/GitUtility.cs,4,callable,ok,Docfx.Common.Git.GitUtility.GetGitTimeout,Docfx.Common.Git.GitUtility.GetGitTimeout,a6d356c86d42738d716eef162495a77696391107,2023-07-12T17:48:19+08:00,a6d356c86d42738d716eef162495a77696391107,2023-07-12T17:48:19+08:00,1,1131,0.1111111111111111,,,False,False,1,0,678.99,0.0,0.0014727831464378908,,38007053.0,dotnet/docfx,C#
src/Docfx.Common/Git/GitUtility.cs,5,callable,ok,Docfx.Common.Git.GitUtility.GetFileDetail,Docfx.Common.Git.GitUtility.GetFileDetail,a6d356c86d42738d716eef162495a77696391107,2023-07-12T17:48:19+08:00,a6d356c86d42738d716eef162495a77696391107,2023-07-12T17:48:19+08:00,1,1131,0.08333333333333333,,,False,False,1,0,678.99,0.0,0.0014727831464378908,,38007053.0,dotnet/docfx,C#
src/Docfx.Common/Git/GitUtility.cs,6,callable,ok,Docfx.Common.Git.GitUtility.GetRepoInfo,Docfx.Common.Git.GitUtility.GetRepoInfo,a6d356c86d42738d716eef162495a77696391107,2023-07-12T17:48:19+08:00,a6d356c86d42738d716eef162495a77696391107,2023-07-12T17:48:19+08:00,1,1131,0.05,,,False,False,1,0,678.99,0.0,0.0014727831464378908,,38007053.0,dotnet/docfx,C#
src/Docfx.Common/Git/GitUtility.cs,7,callable,ok,Docfx.Common.Git.GitUtility.IsGitRoot,Docfx.Common.Git.GitUtility.IsGitRoot,a6d356c86d42738d716eef162495a77696391107,2023-07-12T17:48:19+08:00,a6d356c86d42738d716eef162495a77696391107,2023-07-12T17:48:19+08:00,1,1131,0.14285714285714285,,,False,False,1,0,678.99,0.0,0.0014727831464378908,,38007053.0,dotnet/docfx,C#
src/Docfx.Common/Git/GitUtility.cs,8,callable,ok,Docfx.Common.Git.GitUtility.GetFileDetailCore,Docfx.Common.Git.GitUtility.GetFileDetailCore,a6d356c86d42738d716eef162495a77696391107,2023-07-12T17:48:19+08:00,a6d356c86d42738d716eef162495a77696391107,2023-07-12T17:48:19+08:00,1,1131,0.043478260869565216,,,False,False,1,0,678.99,0.0,0.0014727831464378908,,38007053.0,dotnet/docfx,C#
src/Docfx.Common/Git/GitUtility.cs,9,callable,ok,Docfx.Common.Git.GitUtility.GetRepoInfoCore,Docfx.Common.Git.GitUtility.GetRepoInfoCore,a6d356c86d42738d716eef162495a77696391107,2023-07-12T17:48:19+08:00,a6d356c86d42738d716eef162495a77696391107,2023-07-12T17:48:19+08:00,1,1131,0.043478260869565216,,,False,False,1,0,678.99,0.0,0.0014727831464378908,,38007053.0,dotnet/docfx,C#
src/Docfx.Common/Git/GitUtility.cs,10,callable,ok,Docfx.Common.Git.GitUtility.GetBranchNames,Docfx.Common.Git.GitUtility.GetBranchNames,a6d356c86d42738d716eef162495a77696391107,2023-07-12T17:48:19+08:00,a6d356c86d42738d716eef162495a77696391107,2023-07-12T17:48:19+08:00,1,1131,0.029411764705882353,,,False,False,1,0,678.99,0.0,0.0014727831464378908,,38007053.0,dotnet/docfx,C#
src/Docfx.Common/Git/GitUtility.cs,11,callable,ok,Docfx.Common.Git.GitUtility.GetBranchNamesFromDetachedHead,Docfx.Common.Git.GitUtility.GetBranchNamesFromDetachedHead,a6d356c86d42738d716eef162495a77696391107,2023-07-12T17:48:19+08:00,a6d356c86d42738d716eef162495a77696391107,2023-07-12T17:48:19+08:00,1,1131,0.058823529411764705,,,False,False,1,0,678.99,0.0,0.0014727831464378908,,38007053.0,dotnet/docfx,C#
src/Docfx.Common/Git/GitUtility.cs,12,callable,ok,Docfx.Common.Git.GitUtility.ProcessErrorMessage,Docfx.Common.Git.GitUtility.ProcessErrorMessage,a6d356c86d42738d716eef162495a77696391107,2023-07-12T17:48:19+08:00,a6d356c86d42738d716eef162495a77696391107,2023-07-12T17:48:19+08:00,1,1131,0.25,,,False,False,1,0,678.99,0.0,0.0014727831464378908,,38007053.0,dotnet/docfx,C#
src/Docfx.Common/Git/GitUtility.cs,13,callable,ok,Docfx.Common.Git.GitUtility.RunGitCommandAndGetLastLine,Docfx.Common.Git.GitUtility.RunGitCommandAndGetLastLine,a6d356c86d42738d716eef162495a77696391107,2023-07-12T17:48:19+08:00,a6d356c86d42738d716eef162495a77696391107,2023-07-12T17:48:19+08:00,1,1131,0.09090909090909091,,,False,False,1,0,678.99,0.0,0.0014727831464378908,,38007053.0,dotnet/docfx,C#
src/Docfx.Common/Git/GitUtility.cs,14,callable,ok,Docfx.Common.Git.GitUtility.RunGitCommand,Docfx.Common.Git.GitUtility.RunGitCommand,a6d356c86d42738d716eef162495a77696391107,2023-07-12T17:48:19+08:00,a6d356c86d42738d716eef162495a77696391107,2023-07-12T17:48:19+08:00,1,1131,0.022222222222222223,,,False,False,1,0,678.99,0.0,0.0014727831464378908,,38007053.0,dotnet/docfx,C#
src/Docfx.Common/Git/GitUtility.cs,15,callable,ok,Docfx.Common.Git.GitUtility.ExistGitCommand,Docfx.Common.Git.GitUtility.ExistGitCommand,a6d356c86d42738d716eef162495a77696391107,2023-07-12T17:48:19+08:00,a6d356c86d42738d716eef162495a77696391107,2023-07-12T17:48:19+08:00,1,1131,0.05263157894736842,,,False,False,1,0,678.99,0.0,0.0014727831464378908,,38007053.0,dotnet/docfx,C#
src/Docfx.Common/Json/NewtonsoftJson/ConvertToObjectHelper.cs,0,class,ok,Docfx.Common.ConvertToObjectHelper,Docfx.Common.ConvertToObjectHelper,2f8cf18b3efba1d5bb4185693e5717d665a14d76,2024-10-20T00:26:13+09:00,2f8cf18b3efba1d5bb4185693e5717d665a14d76,2024-10-20T00:26:13+09:00,1,666,0.006211180124223602,,,False,False,1,0,213.75,0.0,0.00467832026860056,,38007053.0,dotnet/docfx,C#
src/Docfx.Common/Json/NewtonsoftJson/ConvertToObjectHelper.cs,0,callable,ok,Docfx.Common.ConvertToObjectHelper.ConvertJObjectToObject,Docfx.Common.ConvertToObjectHelper.ConvertJObjectToObject,2f8cf18b3efba1d5bb4185693e5717d665a14d76,2024-10-20T00:26:13+09:00,2f8cf18b3efba1d5bb4185693e5717d665a14d76,2024-10-20T00:26:13+09:00,1,666,0.07692307692307693,,,False,False,1,0,213.75,0.0,0.00467832026860056,,38007053.0,dotnet/docfx,C#
src/Docfx.Common/Json/NewtonsoftJson/ConvertToObjectHelper.cs,1,callable,ok,Docfx.Common.ConvertToObjectHelper.ConvertJTokenToObject,Docfx.Common.ConvertToObjectHelper.ConvertJTokenToObject,2f8cf18b3efba1d5bb4185693e5717d665a14d76,2024-10-20T00:26:13+09:00,2f8cf18b3efba1d5bb4185693e5717d665a14d76,2024-10-20T00:26:13+09:00,1,666,0.0625,,,False,False,1,0,213.75,0.0,0.00467832026860056,,38007053.0,dotnet/docfx,C#
src/Docfx.Common/Json/NewtonsoftJson/ConvertToObjectHelper.cs,2,callable,ok,Docfx.Common.ConvertToObjectHelper.ConvertJArrayToObjectArray,Docfx.Common.ConvertToObjectHelper.ConvertJArrayToObjectArray,2f8cf18b3efba1d5bb4185693e5717d665a14d76,2024-10-20T00:26:13+09:00,2f8cf18b3efba1d5bb4185693e5717d665a14d76,2024-10-20T00:26:13+09:00,1,666,0.2,,,False,False,1,0,213.75,0.0,0.00467832026860056,,38007053.0,dotnet/docfx,C#
src/Docfx.Common/Json/NewtonsoftJson/ConvertToObjectHelper.cs,3,callable,ok,Docfx.Common.ConvertToObjectHelper.ConvertJObjectToDictionary,Docfx.Common.ConvertToObjectHelper.ConvertJObjectToDictionary,2f8cf18b3efba1d5bb4185693e5717d665a14d76,2024-10-20T00:26:13+09:00,2f8cf18b3efba1d5bb4185693e5717d665a14d76,2024-10-20T00:26:13+09:00,1,666,0.1111111111111111,,,False,False,1,0,213.75,0.0,0.00467832026860056,,38007053.0,dotnet/docfx,C#
src/Docfx.Common/Json/NewtonsoftJson/ConvertToObjectHelper.cs,4,callable,ok,Docfx.Common.ConvertToObjectHelper.ConvertStrongTypeToObject,Docfx.Common.ConvertToObjectHelper.ConvertStrongTypeToObject,2f8cf18b3efba1d5bb4185693e5717d665a14d76,2024-10-20T00:26:13+09:00,2f8cf18b3efba1d5bb4185693e5717d665a14d76,2024-10-20T00:26:13+09:00,1,666,0.25,,,False,False,1,0,213.75,0.0,0.00467832026860056,,38007053.0,dotnet/docfx,C#
src/Docfx.Common/Json/NewtonsoftJson/ConvertToObjectHelper.cs,5,callable,ok,Docfx.Common.ConvertToObjectHelper.ConvertStrongTypeToJObject,Docfx.Common.ConvertToObjectHelper.ConvertStrongTypeToJObject,2f8cf18b3efba1d5bb4185693e5717d665a14d76,2024-10-20T00:26:13+09:00,2f8cf18b3efba1d5bb4185693e5717d665a14d76,2024-10-20T00:26:13+09:00,1,666,0.1111111111111111,,,False,False,1,0,213.75,0.0,0.00467832026860056,,38007053.0,dotnet/docfx,C#
src/Docfx.Common/Json/NewtonsoftJson/ConvertToObjectHelper.cs,6,callable,ok,Docfx.Common.ConvertToObjectHelper.ConvertExpandoObjectToObject,Docfx.Common.ConvertToObjectHelper.ConvertExpandoObjectToObject,2f8cf18b3efba1d5bb4185693e5717d665a14d76,2024-10-20T00:26:13+09:00,2f8cf18b3efba1d5bb4185693e5717d665a14d76,2024-10-20T00:26:13+09:00,1,666,0.25,,,False,False,1,0,213.75,0.0,0.00467832026860056,,38007053.0,dotnet/docfx,C#
src/Docfx.Common/Json/NewtonsoftJson/ConvertToObjectHelper.cs,7,callable,ok,Docfx.Common.ConvertToObjectHelper.ConvertToDynamic,Docfx.Common.ConvertToObjectHelper.ConvertToDynamic,2f8cf18b3efba1d5bb4185693e5717d665a14d76,2024-10-20T00:26:13+09:00,2f8cf18b3efba1d5bb4185693e5717d665a14d76,2024-10-20T00:26:13+09:00,1,666,0.25,,,False,False,1,0,213.75,0.0,0.00467832026860056,,38007053.0,dotnet/docfx,C#
src/Docfx.Common/Json/NewtonsoftJson/ConvertToObjectHelper.cs,8,callable,ok,Docfx.Common.ConvertToObjectHelper.ConvertExpandoObjectToObjectCore,Docfx.Common.ConvertToObjectHelper.ConvertExpandoObjectToObjectCore,2f8cf18b3efba1d5bb4185693e5717d665a14d76,2024-10-20T00:26:13+09:00,2f8cf18b3efba1d5bb4185693e5717d665a14d76,2024-10-20T00:26:13+09:00,1,666,0.030303030303030304,,,False,False,1,0,213.75,0.0,0.00467832026860056,,38007053.0,dotnet/docfx,C#
src/Docfx.Common/Json/NewtonsoftJson/ConvertToObjectHelper.cs,9,callable,ok,Docfx.Common.ConvertToObjectHelper.ConvertToDynamicCore,Docfx.Common.ConvertToObjectHelper.ConvertToDynamicCore,2f8cf18b3efba1d5bb4185693e5717d665a14d76,2024-10-20T00:26:13+09:00,2f8cf18b3efba1d5bb4185693e5717d665a14d76,2024-10-20T00:26:13+09:00,1,666,0.02,,,False,False,1,0,213.75,0.0,0.00467832026860056,,38007053.0,dotnet/docfx,C#
src/Docfx.Common/Json/System.Text.Json/SystemTextJsonUtility.cs,0,class,ok,Docfx.Common.SystemTextJsonUtility,Docfx.Common.SystemTextJsonUtility,bb9268c98be46a206fbc3e1d4a5068cde980da55,2024-05-28T11:36:55+09:00,2f8cf18b3efba1d5bb4185693e5717d665a14d76,2024-10-20T00:26:13+09:00,2,811,0.018518518518518517,,,False,False,2,0,358.29,0.0,0.005582130076875429,,38007053.0,dotnet/docfx,C#
src/Docfx.Common/Json/System.Text.Json/SystemTextJsonUtility.cs,0,callable,ok,Docfx.Common.SystemTextJsonUtility.SystemTextJsonUtility,Docfx.Common.SystemTextJsonUtility.SystemTextJsonUtility,bb9268c98be46a206fbc3e1d4a5068cde980da55,2024-05-28T11:36:55+09:00,2f8cf18b3efba1d5bb4185693e5717d665a14d76,2024-10-20T00:26:13+09:00,2,811,0.07692307692307693,,,False,False,2,0,358.29,0.0,0.005582130076875429,,38007053.0,dotnet/docfx,C#
src/Docfx.Common/Json/System.Text.Json/SystemTextJsonUtility.cs,1,callable,ok,Docfx.Common.SystemTextJsonUtility.Serialize,Docfx.Common.SystemTextJsonUtility.Serialize,bb9268c98be46a206fbc3e1d4a5068cde980da55,2024-05-28T11:36:55+09:00,bb9268c98be46a206fbc3e1d4a5068cde980da55,2024-05-28T11:36:55+09:00,1,811,0.125,,,False,False,1,0,358.29,0.0,0.0027910650384377145,,38007053.0,dotnet/docfx,C#
src/Docfx.Common/Json/System.Text.Json/SystemTextJsonUtility.cs,2,callable,ok,Docfx.Common.SystemTextJsonUtility.Deserialize,Docfx.Common.SystemTextJsonUtility.Deserialize,bb9268c98be46a206fbc3e1d4a5068cde980da55,2024-05-28T11:36:55+09:00,bb9268c98be46a206fbc3e1d4a5068cde980da55,2024-05-28T11:36:55+09:00,1,811,0.25,,,False,False,1,0,358.29,0.0,0.0027910650384377145,,38007053.0,dotnet/docfx,C#
src/Docfx.Common/Json/System.Text.Json/SystemTextJsonUtility.cs,3,callable,ok,Docfx.Common.SystemTextJsonUtility.DeserializeAsync,Docfx.Common.SystemTextJsonUtility.DeserializeAsync,bb9268c98be46a206fbc3e1d4a5068cde980da55,2024-05-28T11:36:55+09:00,bb9268c98be46a206fbc3e1d4a5068cde980da55,2024-05-28T11:36:55+09:00,1,811,0.25,,,False,False,1,0,358.29,0.0,0.0027910650384377145,,38007053.0,dotnet/docfx,C#
src/Docfx.Common/Json/System.Text.Json/SystemTextJsonUtility.cs,4,callable,ok,Docfx.Common.SystemTextJsonUtility.SerializeToFile,Docfx.Common.SystemTextJsonUtility.SerializeToFile,2f8cf18b3efba1d5bb4185693e5717d665a14d76,2024-10-20T00:26:13+09:00,2f8cf18b3efba1d5bb4185693e5717d665a14d76,2024-10-20T00:26:13+09:00,1,666,0.125,,,False,False,1,0,213.75,0.0,0.00467832026860056,,38007053.0,dotnet/docfx,C#
src/Docfx.Common/Json/System.Text.Json/SystemTextJsonUtility.cs,5,callable,ok,Docfx.Common.SystemTextJsonUtility.DeserializeFromFile,Docfx.Common.SystemTextJsonUtility.DeserializeFromFile,2f8cf18b3efba1d5bb4185693e5717d665a14d76,2024-10-20T00:26:13+09:00,2f8cf18b3efba1d5bb4185693e5717d665a14d76,2024-10-20T00:26:13+09:00,1,666,0.2,,,False,False,1,0,213.75,0.0,0.00467832026860056,,38007053.0,dotnet/docfx,C#
src/Docfx.Common/Loggers/SuggestionCodes.cs,0,class,ok,Docfx.Common.SuggestionCodes,Docfx.Common.SuggestionCodes,a6d356c86d42738d716eef162495a77696391107,2023-07-12T17:48:19+08:00,a6d356c86d42738d716eef162495a77696391107,2023-07-12T17:48:19+08:00,1,1131,0.125,,,False,False,1,0,678.99,0.0,0.0014727831464378908,,38007053.0,dotnet/docfx,C#
src/Docfx.Common/Loggers/SuggestionCodes.cs,1,class,ok,Docfx.Common.SuggestionCodes.Build,Docfx.Common.SuggestionCodes.Build,a6d356c86d42738d716eef162495a77696391107,2023-07-12T17:48:19+08:00,a6d356c86d42738d716eef162495a77696391107,2023-07-12T17:48:19+08:00,1,1131,0.2,,,False,False,1,0,678.99,0.0,0.0014727831464378908,,38007053.0,dotnet/docfx,C#
src/Docfx.Common/StringExtension.cs,0,class,ok,Docfx.Common.StringExtension,Docfx.Common.StringExtension,a6d356c86d42738d716eef162495a77696391107,2023-07-12T17:48:19+08:00,a6d356c86d42738d716eef162495a77696391107,2023-07-12T17:48:19+08:00,1,1131,0.012048192771084338,,,False,False,1,0,678.99,0.0,0.0014727831464378908,,38007053.0,dotnet/docfx,C#
src/Docfx.Common/StringExtension.cs,0,callable,ok,Docfx.Common.StringExtension.ForwardSlashCombine,Docfx.Common.StringExtension.ForwardSlashCombine,a6d356c86d42738d716eef162495a77696391107,2023-07-12T17:48:19+08:00,a6d356c86d42738d716eef162495a77696391107,2023-07-12T17:48:19+08:00,1,1131,0.2,,,False,False,1,0,678.99,0.0,0.0014727831464378908,,38007053.0,dotnet/docfx,C#
src/Docfx.Common/StringExtension.cs,1,callable,ok,Docfx.Common.StringExtension.BackSlashToForwardSlash,Docfx.Common.StringExtension.BackSlashToForwardSlash,a6d356c86d42738d716eef162495a77696391107,2023-07-12T17:48:19+08:00,a6d356c86d42738d716eef162495a77696391107,2023-07-12T17:48:19+08:00,1,1131,0.2,,,False,False,1,0,678.99,0.0,0.0014727831464378908,,38007053.0,dotnet/docfx,C#
src/Docfx.Common/StringExtension.cs,2,callable,ok,Docfx.Common.StringExtension.ToDelimitedString,Docfx.Common.StringExtension.ToDelimitedString,a6d356c86d42738d716eef162495a77696391107,2023-07-12T17:48:19+08:00,a6d356c86d42738d716eef162495a77696391107,2023-07-12T17:48:19+08:00,1,1131,0.1111111111111111,,,False,False,1,0,678.99,0.0,0.0014727831464378908,,38007053.0,dotnet/docfx,C#
src/Docfx.Common/StringExtension.cs,3,callable,ok,Docfx.Common.StringExtension.GetNormalizedFullPathKey,Docfx.Common.StringExtension.GetNormalizedFullPathKey,a6d356c86d42738d716eef162495a77696391107,2023-07-12T17:48:19+08:00,a6d356c86d42738d716eef162495a77696391107,2023-07-12T17:48:19+08:00,1,1131,0.125,,,False,False,1,0,678.99,0.0,0.0014727831464378908,,38007053.0,dotnet/docfx,C#
src/Docfx.Common/StringExtension.cs,4,callable,ok,Docfx.Common.StringExtension.GetNormalizedFullPathList,Docfx.Common.StringExtension.GetNormalizedFullPathList,a6d356c86d42738d716eef162495a77696391107,2023-07-12T17:48:19+08:00,a6d356c86d42738d716eef162495a77696391107,2023-07-12T17:48:19+08:00,1,1131,0.14285714285714285,,,False,False,1,0,678.99,0.0,0.0014727831464378908,,38007053.0,dotnet/docfx,C#
src/Docfx.Common/StringExtension.cs,5,callable,ok,Docfx.Common.StringExtension.ToNormalizedFullPath,Docfx.Common.StringExtension.ToNormalizedFullPath,a6d356c86d42738d716eef162495a77696391107,2023-07-12T17:48:19+08:00,a6d356c86d42738d716eef162495a77696391107,2023-07-12T17:48:19+08:00,1,1131,0.2,,,False,False,1,0,678.99,0.0,0.0014727831464378908,,38007053.0,dotnet/docfx,C#
src/Docfx.Common/StringExtension.cs,6,callable,ok,Docfx.Common.StringExtension.ToNormalizedPath,Docfx.Common.StringExtension.ToNormalizedPath,a6d356c86d42738d716eef162495a77696391107,2023-07-12T17:48:19+08:00,a6d356c86d42738d716eef162495a77696391107,2023-07-12T17:48:19+08:00,1,1131,0.2,,,False,False,1,0,678.99,0.0,0.0014727831464378908,,38007053.0,dotnet/docfx,C#
src/Docfx.Common/StringExtension.cs,7,callable,ok,Docfx.Common.StringExtension.ToDisplayPath,Docfx.Common.StringExtension.ToDisplayPath,a6d356c86d42738d716eef162495a77696391107,2023-07-12T17:48:19+08:00,a6d356c86d42738d716eef162495a77696391107,2023-07-12T17:48:19+08:00,1,1131,0.2,,,False,False,1,0,678.99,0.0,0.0014727831464378908,,38007053.0,dotnet/docfx,C#
src/Docfx.Common/StringExtension.cs,8,callable,ok,Docfx.Common.StringExtension.TrimEnd,Docfx.Common.StringExtension.TrimEnd,a6d356c86d42738d716eef162495a77696391107,2023-07-12T17:48:19+08:00,a6d356c86d42738d716eef162495a77696391107,2023-07-12T17:48:19+08:00,1,1131,0.0625,,,False,False,1,0,678.99,0.0,0.0014727831464378908,,38007053.0,dotnet/docfx,C#
src/Docfx.Common/YamlUtility.cs,0,class,ok,Docfx.Common.YamlUtility,Docfx.Common.YamlUtility,a6d356c86d42738d716eef162495a77696391107,2023-07-12T17:48:19+08:00,a6d356c86d42738d716eef162495a77696391107,2023-07-12T17:48:19+08:00,1,1131,0.01818181818181818,,,False,False,1,0,678.99,0.0,0.0014727831464378908,,38007053.0,dotnet/docfx,C#
src/Docfx.Common/YamlUtility.cs,0,callable,ok,Docfx.Common.YamlUtility.Serialize,Docfx.Common.YamlUtility.Serialize,a6d356c86d42738d716eef162495a77696391107,2023-07-12T17:48:19+08:00,a6d356c86d42738d716eef162495a77696391107,2023-07-12T17:48:19+08:00,1,1131,0.2,,,False,False,1,0,678.99,0.0,0.0014727831464378908,,38007053.0,dotnet/docfx,C#
src/Docfx.Common/YamlUtility.cs,1,callable,ok,Docfx.Common.YamlUtility.Deserialize,Docfx.Common.YamlUtility.Deserialize,a6d356c86d42738d716eef162495a77696391107,2023-07-12T17:48:19+08:00,a6d356c86d42738d716eef162495a77696391107,2023-07-12T17:48:19+08:00,1,1131,0.2,,,False,False,1,0,678.99,0.0,0.0014727831464378908,,38007053.0,dotnet/docfx,C#
src/Docfx.Common/YamlUtility.cs,2,callable,ok,Docfx.Common.YamlUtility.ConvertTo,Docfx.Common.YamlUtility.ConvertTo,a6d356c86d42738d716eef162495a77696391107,2023-07-12T17:48:19+08:00,a6d356c86d42738d716eef162495a77696391107,2023-07-12T17:48:19+08:00,1,1131,0.1111111111111111,,,False,False,1,0,678.99,0.0,0.0014727831464378908,,38007053.0,dotnet/docfx,C#
src/Docfx.DataContracts.Common/Attributes/MarkdownContentIgnoreAttribute.cs,0,class,ok,Docfx.DataContracts.Common.MarkdownContentIgnoreAttribute,Docfx.DataContracts.Common.MarkdownContentIgnoreAttribute,a6d356c86d42738d716eef162495a77696391107,2023-07-12T17:48:19+08:00,a6d356c86d42738d716eef162495a77696391107,2023-07-12T17:48:19+08:00,1,1131,0.25,,,False,False,1,0,678.99,0.0,0.0014727831464378908,,38007053.0,dotnet/docfx,C#
src/Docfx.DataContracts.Common/Attributes/UniqueIdentityReferenceAttribute.cs,0,class,ok,Docfx.DataContracts.Common.UniqueIdentityReferenceAttribute,Docfx.DataContracts.Common.UniqueIdentityReferenceAttribute,a6d356c86d42738d716eef162495a77696391107,2023-07-12T17:48:19+08:00,a6d356c86d42738d716eef162495a77696391107,2023-07-12T17:48:19+08:00,1,1131,0.25,,,False,False,1,0,678.99,0.0,0.0014727831464378908,,38007053.0,dotnet/docfx,C#
src/Docfx.DataContracts.Common/Attributes/UrlContentAttribute.cs,0,class,ok,Docfx.DataContracts.Common.UrlContentAttribute,Docfx.DataContracts.Common.UrlContentAttribute,a6d356c86d42738d716eef162495a77696391107,2023-07-12T17:48:19+08:00,a6d356c86d42738d716eef162495a77696391107,2023-07-12T17:48:19+08:00,1,1131,0.25,,,False,False,1,0,678.99,0.0,0.0014727831464378908,,38007053.0,dotnet/docfx,C#
src/Docfx.DataContracts.Common/ExternalReferences/ExternalReferencePackageCollection.cs,0,class,ok,Docfx.DataContracts.Common.ExternalReferencePackageCollection,Docfx.DataContracts.Common.ExternalReferencePackageCollection,a6d356c86d42738d716eef162495a77696391107,2023-07-12T17:48:19+08:00,a6d356c86d42738d716eef162495a77696391107,2023-07-12T17:48:19+08:00,1,1131,0.008928571428571428,,,False,False,1,0,678.99,0.0,0.0014727831464378908,,38007053.0,dotnet/docfx,C#
src/Docfx.DataContracts.Common/ExternalReferences/ExternalReferencePackageCollection.cs,1,class,ok,Docfx.DataContracts.Common.ExternalReferencePackageCollection.ReferenceViewModelCacheItem,Docfx.DataContracts.Common.ExternalReferencePackageCollection.ReferenceViewModelCacheItem,a6d356c86d42738d716eef162495a77696391107,2023-07-12T17:48:19+08:00,a6d356c86d42738d716eef162495a77696391107,2023-07-12T17:48:19+08:00,1,1131,0.03125,,,False,False,1,0,678.99,0.0,0.0014727831464378908,,38007053.0,dotnet/docfx,C#
src/Docfx.DataContracts.Common/ExternalReferences/ExternalReferencePackageCollection.cs,0,callable,ok,Docfx.DataContracts.Common.ExternalReferencePackageCollection.ExternalReferencePackageCollection,Docfx.DataContracts.Common.ExternalReferencePackageCollection.ExternalReferencePackageCollection,a6d356c86d42738d716eef162495a77696391107,2023-07-12T17:48:19+08:00,a6d356c86d42738d716eef162495a77696391107,2023-07-12T17:48:19+08:00,1,1131,0.09090909090909091,,,False,False,1,0,678.99,0.0,0.0014727831464378908,,38007053.0,dotnet/docfx,C#
src/Docfx.DataContracts.Common/ExternalReferences/ExternalReferencePackageCollection.cs,1,callable,ok,Docfx.DataContracts.Common.ExternalReferencePackageCollection.TryGetReference,Docfx.DataContracts.Common.ExternalReferencePackageCollection.TryGetReference,a6d356c86d42738d716eef162495a77696391107,2023-07-12T17:48:19+08:00,a6d356c86d42738d716eef162495a77696391107,2023-07-12T17:48:19+08:00,1,1131,0.03571428571428571,,,False,False,1,0,678.99,0.0,0.0014727831464378908,,38007053.0,dotnet/docfx,C#
src/Docfx.DataContracts.Common/ExternalReferences/ExternalReferencePackageCollection.cs,2,callable,ok,Docfx.DataContracts.Common.ExternalReferencePackageCollection.Dispose,Docfx.DataContracts.Common.ExternalReferencePackageCollection.Dispose,a6d356c86d42738d716eef162495a77696391107,2023-07-12T17:48:19+08:00,a6d356c86d42738d716eef162495a77696391107,2023-07-12T17:48:19+08:00,1,1131,0.2,,,False,False,1,0,678.99,0.0,0.0014727831464378908,,38007053.0,dotnet/docfx,C#
src/Docfx.DataContracts.Common/ExternalReferences/ExternalReferencePackageCollection.cs,3,callable,ok,Docfx.DataContracts.Common.ExternalReferencePackageCollection.~ExternalReferencePackageCollection,Docfx.DataContracts.Common.ExternalReferencePackageCollection.~ExternalReferencePackageCollection,a6d356c86d42738d716eef162495a77696391107,2023-07-12T17:48:19+08:00,a6d356c86d42738d716eef162495a77696391107,2023-07-12T17:48:19+08:00,1,1131,0.25,,,False,False,1,0,678.99,0.0,0.0014727831464378908,,38007053.0,dotnet/docfx,C#
src/Docfx.DataContracts.Common/ExternalReferences/ExternalReferencePackageCollection.cs,4,callable,ok,Docfx.DataContracts.Common.ExternalReferencePackageCollection.ReferenceViewModelCacheItem.ReferenceViewModelCacheItem,Docfx.DataContracts.Common.ExternalReferencePackageCollection.ReferenceViewModelCacheItem.ReferenceViewModelCacheItem,a6d356c86d42738d716eef162495a77696391107,2023-07-12T17:48:19+08:00,a6d356c86d42738d716eef162495a77696391107,2023-07-12T17:48:19+08:00,1,1131,0.16666666666666666,,,False,False,1,0,678.99,0.0,0.0014727831464378908,,38007053.0,dotnet/docfx,C#
src/Docfx.DataContracts.Common/ExternalReferences/ExternalReferencePackageCollection.cs,5,callable,ok,Docfx.DataContracts.Common.ExternalReferencePackageCollection.ReferenceViewModelCacheItem.Equals,Docfx.DataContracts.Common.ExternalReferencePackageCollection.ReferenceViewModelCacheItem.Equals,a6d356c86d42738d716eef162495a77696391107,2023-07-12T17:48:19+08:00,a6d356c86d42738d716eef162495a77696391107,2023-07-12T17:48:19+08:00,1,1131,0.16666666666666666,,,False,False,1,0,678.99,0.0,0.0014727831464378908,,38007053.0,dotnet/docfx,C#
src/Docfx.DataContracts.Common/ExternalReferences/ExternalReferencePackageCollection.cs,6,callable,ok,Docfx.DataContracts.Common.ExternalReferencePackageCollection.ReferenceViewModelCacheItem.GetHashCode,Docfx.DataContracts.Common.ExternalReferencePackageCollection.ReferenceViewModelCacheItem.GetHashCode,a6d356c86d42738d716eef162495a77696391107,2023-07-12T17:48:19+08:00,a6d356c86d42738d716eef162495a77696391107,2023-07-12T17:48:19+08:00,1,1131,0.25,,,False,False,1,0,678.99,0.0,0.0014727831464378908,,38007053.0,dotnet/docfx,C#
src/Docfx.DataContracts.Common/JTokenConverter.cs,0,class,ok,Docfx.DataContracts.Common.JTokenConverter,Docfx.DataContracts.Common.JTokenConverter,a6d356c86d42738d716eef162495a77696391107,2023-07-12T17:48:19+08:00,a6d356c86d42738d716eef162495a77696391107,2023-07-12T17:48:19+08:00,1,1131,0.0625,,,False,False,1,0,678.99,0.0,0.0014727831464378908,,38007053.0,dotnet/docfx,C#
src/Docfx.DataContracts.Common/JTokenConverter.cs,0,callable,ok,Docfx.DataContracts.Common.JTokenConverter.Convert,Docfx.DataContracts.Common.JTokenConverter.Convert,a6d356c86d42738d716eef162495a77696391107,2023-07-12T17:48:19+08:00,a6d356c86d42738d716eef162495a77696391107,2023-07-12T17:48:19+08:00,1,1131,0.07692307692307693,,,False,False,1,0,678.99,0.0,0.0014727831464378908,,38007053.0,dotnet/docfx,C#
src/Docfx.DataContracts.RestApi/RestApiTagViewModel.cs,0,class,ok,Docfx.DataContracts.RestApi.RestApiTagViewModel,Docfx.DataContracts.RestApi.RestApiTagViewModel,a6d356c86d42738d716eef162495a77696391107,2023-07-12T17:48:19+08:00,a6d356c86d42738d716eef162495a77696391107,2023-07-12T17:48:19+08:00,1,1131,0.029411764705882353,,,False,False,1,0,678.99,0.0,0.0014727831464378908,,38007053.0,dotnet/docfx,C#
src/Docfx.DataContracts.UniversalReference/ArgumentInfo.cs,0,class,ok,Docfx.DataContracts.UniversalReference.ArgumentInfo,Docfx.DataContracts.UniversalReference.ArgumentInfo,a6d356c86d42738d716eef162495a77696391107,2023-07-12T17:48:19+08:00,a6d356c86d42738d716eef162495a77696391107,2023-07-12T17:48:19+08:00,1,1131,0.0625,,,False,False,1,0,678.99,0.0,0.0014727831464378908,,38007053.0,dotnet/docfx,C#
src/Docfx.DataContracts.UniversalReference/PageViewModel.cs,0,class,ok,Docfx.DataContracts.UniversalReference.PageViewModel,Docfx.DataContracts.UniversalReference.PageViewModel,a6d356c86d42738d716eef162495a77696391107,2023-07-12T17:48:19+08:00,a6d356c86d42738d716eef162495a77696391107,2023-07-12T17:48:19+08:00,1,1131,0.047619047619047616,,,False,False,1,0,678.99,0.0,0.0014727831464378908,,38007053.0,dotnet/docfx,C#
src/Docfx.DataContracts.UniversalReference/SyntaxDetailViewModel.cs,0,class,ok,Docfx.DataContracts.UniversalReference.SyntaxDetailViewModel,Docfx.DataContracts.UniversalReference.SyntaxDetailViewModel,a6d356c86d42738d716eef162495a77696391107,2023-07-12T17:48:19+08:00,a6d356c86d42738d716eef162495a77696391107,2023-07-12T17:48:19+08:00,1,1131,0.02040816326530612,,,False,False,1,0,678.99,0.0,0.0014727831464378908,,38007053.0,dotnet/docfx,C#
src/Docfx.Dotnet/DotnetApiCatalog.Toc.cs,0,class,ok,Docfx.Dotnet.DotnetApiCatalog,Docfx.Dotnet.DotnetApiCatalog,f16d314efc74fe1281d1d4eab06997ce7e5e9f3a,2023-09-30T15:05:14+08:00,68614ec3d0684c289868b8d0fd22e7242fd296a8,2026-01-05T17:39:45+09:00,6,1052,0.021052631578947368,1.3719683715756399,,False,False,5,1,599.1,228.97,0.008345854368782362,0.004367464512455236,38007053.0,dotnet/docfx,C#
src/Docfx.Dotnet/DotnetApiCatalog.Toc.cs,1,class,ok,Docfx.Dotnet.DotnetApiCatalog.TocNode,Docfx.Dotnet.DotnetApiCatalog.TocNode,f16d314efc74fe1281d1d4eab06997ce7e5e9f3a,2023-09-30T15:05:14+08:00,0cceb23227448b9e1767814df172568bbc08e281,2024-12-24T12:34:36+09:00,2,1052,0.18181818181818182,,,False,False,2,0,599.1,0.0,0.003338341747512945,,38007053.0,dotnet/docfx,C#
src/Docfx.Dotnet/DotnetApiCatalog.Toc.cs,0,callable,ok,Docfx.Dotnet.DotnetApiCatalog.CreateToc,Docfx.Dotnet.DotnetApiCatalog.CreateToc,f16d314efc74fe1281d1d4eab06997ce7e5e9f3a,2023-09-30T15:05:14+08:00,68614ec3d0684c289868b8d0fd22e7242fd296a8,2026-01-05T17:39:45+09:00,6,1052,0.02510460251046025,1.3719683715756399,,False,False,5,1,599.1,228.97,0.008345854368782362,0.004367464512455236,38007053.0,dotnet/docfx,C#
src/Docfx.Dotnet/DotnetApiCatalog.Toc.cs,1,callable,ok,Docfx.Dotnet.DotnetApiCatalog.EnumerateToc,Docfx.Dotnet.DotnetApiCatalog.EnumerateToc,f16d314efc74fe1281d1d4eab06997ce7e5e9f3a,2023-09-30T15:05:14+08:00,f16d314efc74fe1281d1d4eab06997ce7e5e9f3a,2023-09-30T15:05:14+08:00,1,1052,0.08333333333333333,,,False,False,1,0,599.1,0.0,0.0016691708737564725,,38007053.0,dotnet/docfx,C#
src/Docfx.Dotnet/Filters/ConfigFilterRuleItem.cs,0,class,ok,Docfx.Dotnet.ConfigFilterRuleItem,Docfx.Dotnet.ConfigFilterRuleItem,a6d356c86d42738d716eef162495a77696391107,2023-07-12T17:48:19+08:00,a6d356c86d42738d716eef162495a77696391107,2023-07-12T17:48:19+08:00,1,1131,0.02564102564102564,,,False,False,1,0,678.99,0.0,0.0014727831464378908,,38007053.0,dotnet/docfx,C#
src/Docfx.Dotnet/Filters/ConfigFilterRuleItem.cs,0,callable,ok,Docfx.Dotnet.ConfigFilterRuleItem.IsMatch,Docfx.Dotnet.ConfigFilterRuleItem.IsMatch,a6d356c86d42738d716eef162495a77696391107,2023-07-12T17:48:19+08:00,a6d356c86d42738d716eef162495a77696391107,2023-07-12T17:48:19+08:00,1,1131,0.08333333333333333,,,False,False,1,0,678.99,0.0,0.0014727831464378908,,38007053.0,dotnet/docfx,C#
src/Docfx.Dotnet/ManagedReference/Models/ItemViewModel.cs,0,class,ok,Docfx.DataContracts.ManagedReference.ItemViewModel,Docfx.DataContracts.ManagedReference.ItemViewModel,f16d314efc74fe1281d1d4eab06997ce7e5e9f3a,2023-09-30T15:05:14+08:00,f16d314efc74fe1281d1d4eab06997ce7e5e9f3a,2023-09-30T15:05:14+08:00,1,1052,0.0030211480362537764,,,False,False,1,0,599.1,0.0,0.0016691708737564725,,38007053.0,dotnet/docfx,C#
src/Docfx.Dotnet/ManagedReference/ReferenceItem.cs,0,class,ok,Docfx.Dotnet.ReferenceItem,Docfx.Dotnet.ReferenceItem,f16d314efc74fe1281d1d4eab06997ce7e5e9f3a,2023-09-30T15:05:14+08:00,f16d314efc74fe1281d1d4eab06997ce7e5e9f3a,2023-09-30T15:05:14+08:00,1,1052,0.006944444444444444,,,False,False,1,0,599.1,0.0,0.0016691708737564725,,38007053.0,dotnet/docfx,C#
src/Docfx.Dotnet/ManagedReference/ReferenceItem.cs,1,class,ok,Docfx.Dotnet.LinkItem,Docfx.Dotnet.LinkItem,f16d314efc74fe1281d1d4eab06997ce7e5e9f3a,2023-09-30T15:05:14+08:00,f16d314efc74fe1281d1d4eab06997ce7e5e9f3a,2023-09-30T15:05:14+08:00,1,1052,0.03571428571428571,,,False,False,1,0,599.1,0.0,0.0016691708737564725,,38007053.0,dotnet/docfx,C#
src/Docfx.Dotnet/ManagedReference/ReferenceItem.cs,0,callable,ok,Docfx.Dotnet.ReferenceItem.Clone,Docfx.Dotnet.ReferenceItem.Clone,f16d314efc74fe1281d1d4eab06997ce7e5e9f3a,2023-09-30T15:05:14+08:00,f16d314efc74fe1281d1d4eab06997ce7e5e9f3a,2023-09-30T15:05:14+08:00,1,1052,0.047619047619047616,,,False,False,1,0,599.1,0.0,0.0016691708737564725,,38007053.0,dotnet/docfx,C#
src/Docfx.Dotnet/ManagedReference/ReferenceItem.cs,1,callable,ok,Docfx.Dotnet.ReferenceItem.Merge,Docfx.Dotnet.ReferenceItem.Merge,f16d314efc74fe1281d1d4eab06997ce7e5e9f3a,2023-09-30T15:05:14+08:00,f16d314efc74fe1281d1d4eab06997ce7e5e9f3a,2023-09-30T15:05:14+08:00,1,1052,0.016666666666666666,,,False,False,1,0,599.1,0.0,0.0016691708737564725,,38007053.0,dotnet/docfx,C#
src/Docfx.Dotnet/ManagedReference/ReferenceItem.cs,2,callable,ok,Docfx.Dotnet.ReferenceItem.MergeCommentId,Docfx.Dotnet.ReferenceItem.MergeCommentId,f16d314efc74fe1281d1d4eab06997ce7e5e9f3a,2023-09-30T15:05:14+08:00,f16d314efc74fe1281d1d4eab06997ce7e5e9f3a,2023-09-30T15:05:14+08:00,1,1052,0.05555555555555555,,,False,False,1,0,599.1,0.0,0.0016691708737564725,,38007053.0,dotnet/docfx,C#
src/Docfx.Dotnet/ManagedReference/ReferenceItem.cs,3,callable,ok,Docfx.Dotnet.LinkItem.Clone,Docfx.Dotnet.LinkItem.Clone,f16d314efc74fe1281d1d4eab06997ce7e5e9f3a,2023-09-30T15:05:14+08:00,f16d314efc74fe1281d1d4eab06997ce7e5e9f3a,2023-09-30T15:05:14+08:00,1,1052,1.0,,,False,False,1,0,599.1,0.0,0.0016691708737564725,,38007053.0,dotnet/docfx,C#
src/Docfx.Dotnet/ManagedReference/ReferenceItem.cs,4,callable,ok,Docfx.Dotnet.LinkItem.ToString,Docfx.Dotnet.LinkItem.ToString,f16d314efc74fe1281d1d4eab06997ce7e5e9f3a,2023-09-30T15:05:14+08:00,f16d314efc74fe1281d1d4eab06997ce7e5e9f3a,2023-09-30T15:05:14+08:00,1,1052,1.0,,,False,False,1,0,599.1,0.0,0.0016691708737564725,,38007053.0,dotnet/docfx,C#
src/Docfx.Dotnet/ManagedReference/Resolvers/NormalizeSyntax.cs,0,class,ok,Docfx.Dotnet.NormalizeSyntax,Docfx.Dotnet.NormalizeSyntax,f16d314efc74fe1281d1d4eab06997ce7e5e9f3a,2023-09-30T15:05:14+08:00,f16d314efc74fe1281d1d4eab06997ce7e5e9f3a,2023-09-30T15:05:14+08:00,1,1052,0.029411764705882353,,,False,False,1,0,599.1,0.0,0.0016691708737564725,,38007053.0,dotnet/docfx,C#
src/Docfx.Dotnet/ManagedReference/Resolvers/NormalizeSyntax.cs,0,callable,ok,Docfx.Dotnet.NormalizeSyntax.Run,Docfx.Dotnet.NormalizeSyntax.Run,f16d314efc74fe1281d1d4eab06997ce7e5e9f3a,2023-09-30T15:05:14+08:00,f16d314efc74fe1281d1d4eab06997ce7e5e9f3a,2023-09-30T15:05:14+08:00,1,1052,0.045454545454545456,,,False,False,1,0,599.1,0.0,0.0016691708737564725,,38007053.0,dotnet/docfx,C#
src/Docfx.Dotnet/ManagedReference/Resolvers/NormalizeSyntax.cs,1,callable,ok,Docfx.Dotnet.NormalizeSyntax.NormalizeLines,Docfx.Dotnet.NormalizeSyntax.NormalizeLines,f16d314efc74fe1281d1d4eab06997ce7e5e9f3a,2023-09-30T15:05:14+08:00,f16d314efc74fe1281d1d4eab06997ce7e5e9f3a,2023-09-30T15:05:14+08:00,1,1052,0.125,,,False,False,1,0,599.1,0.0,0.0016691708737564725,,38007053.0,dotnet/docfx,C#
src/Docfx.Dotnet/ManagedReference/Resolvers/ResolverContext.cs,0,class,ok,Docfx.Dotnet.ResolverContext,Docfx.Dotnet.ResolverContext,f16d314efc74fe1281d1d4eab06997ce7e5e9f3a,2023-09-30T15:05:14+08:00,f16d314efc74fe1281d1d4eab06997ce7e5e9f3a,2023-09-30T15:05:14+08:00,1,1052,0.16666666666666666,,,False,False,1,0,599.1,0.0,0.0016691708737564725,,38007053.0,dotnet/docfx,C#
src/Docfx.Dotnet/ManagedReference/Resolvers/YamlMetadataResolver.cs,0,class,ok,Docfx.Dotnet.YamlMetadataResolver,Docfx.Dotnet.YamlMetadataResolver,f16d314efc74fe1281d1d4eab06997ce7e5e9f3a,2023-09-30T15:05:14+08:00,f16d314efc74fe1281d1d4eab06997ce7e5e9f3a,2023-09-30T15:05:14+08:00,1,1052,0.0053475935828877,,,False,False,1,0,599.1,0.0,0.0016691708737564725,,38007053.0,dotnet/docfx,C#
src/Docfx.Dotnet/ManagedReference/Resolvers/YamlMetadataResolver.cs,0,callable,ok,Docfx.Dotnet.YamlMetadataResolver.ResolveMetadata,Docfx.Dotnet.YamlMetadataResolver.ResolveMetadata,f16d314efc74fe1281d1d4eab06997ce7e5e9f3a,2023-09-30T15:05:14+08:00,f16d314efc74fe1281d1d4eab06997ce7e5e9f3a,2023-09-30T15:05:14+08:00,1,1052,0.05,,,False,False,1,0,599.1,0.0,0.0016691708737564725,,38007053.0,dotnet/docfx,C#
src/Docfx.Dotnet/ManagedReference/Resolvers/YamlMetadataResolver.cs,1,callable,ok,Docfx.Dotnet.YamlMetadataResolver.GenerateToc,Docfx.Dotnet.YamlMetadataResolver.GenerateToc,f16d314efc74fe1281d1d4eab06997ce7e5e9f3a,2023-09-30T15:05:14+08:00,f16d314efc74fe1281d1d4eab06997ce7e5e9f3a,2023-09-30T15:05:14+08:00,1,1052,0.09090909090909091,,,False,False,1,0,599.1,0.0,0.0016691708737564725,,38007053.0,dotnet/docfx,C#
src/Docfx.Dotnet/ManagedReference/Resolvers/YamlMetadataResolver.cs,2,callable,ok,Docfx.Dotnet.YamlMetadataResolver.GenerateFlatToc,Docfx.Dotnet.YamlMetadataResolver.GenerateFlatToc,f16d314efc74fe1281d1d4eab06997ce7e5e9f3a,2023-09-30T15:05:14+08:00,f16d314efc74fe1281d1d4eab06997ce7e5e9f3a,2023-09-30T15:05:14+08:00,1,1052,0.1,,,False,False,1,0,599.1,0.0,0.0016691708737564725,,38007053.0,dotnet/docfx,C#
src/Docfx.Dotnet/ManagedReference/Resolvers/YamlMetadataResolver.cs,3,callable,ok,Docfx.Dotnet.YamlMetadataResolver.GenerateNestedTocStructure,Docfx.Dotnet.YamlMetadataResolver.GenerateNestedTocStructure,f16d314efc74fe1281d1d4eab06997ce7e5e9f3a,2023-09-30T15:05:14+08:00,f16d314efc74fe1281d1d4eab06997ce7e5e9f3a,2023-09-30T15:05:14+08:00,1,1052,0.013333333333333334,,,False,False,1,0,599.1,0.0,0.0016691708737564725,,38007053.0,dotnet/docfx,C#
src/Docfx.Dotnet/ManagedReference/Resolvers/YamlMetadataResolver.cs,4,callable,ok,Docfx.Dotnet.YamlMetadataResolver.GetParentNamespaces,Docfx.Dotnet.YamlMetadataResolver.GetParentNamespaces,f16d314efc74fe1281d1d4eab06997ce7e5e9f3a,2023-09-30T15:05:14+08:00,f16d314efc74fe1281d1d4eab06997ce7e5e9f3a,2023-09-30T15:05:14+08:00,1,1052,0.09090909090909091,,,False,False,1,0,599.1,0.0,0.0016691708737564725,,38007053.0,dotnet/docfx,C#
src/Docfx.Dotnet/ManagedReference/Resolvers/YamlMetadataResolver.cs,5,callable,ok,Docfx.Dotnet.YamlMetadataResolver.GenerateNestedToc,Docfx.Dotnet.YamlMetadataResolver.GenerateNestedToc,f16d314efc74fe1281d1d4eab06997ce7e5e9f3a,2023-09-30T15:05:14+08:00,f16d314efc74fe1281d1d4eab06997ce7e5e9f3a,2023-09-30T15:05:14+08:00,1,1052,0.038461538461538464,,,False,False,1,0,599.1,0.0,0.0016691708737564725,,38007053.0,dotnet/docfx,C#
src/Docfx.Dotnet/ManagedReference/Resolvers/YamlMetadataResolver.cs,6,callable,ok,Docfx.Dotnet.YamlMetadataResolver.ExecutePipeline,Docfx.Dotnet.YamlMetadataResolver.ExecutePipeline,f16d314efc74fe1281d1d4eab06997ce7e5e9f3a,2023-09-30T15:05:14+08:00,f16d314efc74fe1281d1d4eab06997ce7e5e9f3a,2023-09-30T15:05:14+08:00,1,1052,0.14285714285714285,,,False,False,1,0,599.1,0.0,0.0016691708737564725,,38007053.0,dotnet/docfx,C#
src/Docfx.Dotnet/ManagedReference/SyntaxDetail.cs,0,class,ok,Docfx.Dotnet.SyntaxDetail,Docfx.Dotnet.SyntaxDetail,f16d314efc74fe1281d1d4eab06997ce7e5e9f3a,2023-09-30T15:05:14+08:00,f16d314efc74fe1281d1d4eab06997ce7e5e9f3a,2023-09-30T15:05:14+08:00,1,1052,0.05555555555555555,,,False,False,1,0,599.1,0.0,0.0016691708737564725,,38007053.0,dotnet/docfx,C#
src/Docfx.Dotnet/ManagedReference/Visitors/SpecIdCoreVisitor.cs,0,class,ok,Docfx.Dotnet.SpecIdCoreVisitor,Docfx.Dotnet.SpecIdCoreVisitor,f16d314efc74fe1281d1d4eab06997ce7e5e9f3a,2023-09-30T15:05:14+08:00,f16d314efc74fe1281d1d4eab06997ce7e5e9f3a,2023-09-30T15:05:14+08:00,1,1052,0.02857142857142857,,,False,False,1,0,599.1,0.0,0.0016691708737564725,,38007053.0,dotnet/docfx,C#
src/Docfx.Dotnet/ManagedReference/Visitors/SpecIdCoreVisitor.cs,0,callable,ok,Docfx.Dotnet.SpecIdCoreVisitor.SpecIdCoreVisitor,Docfx.Dotnet.SpecIdCoreVisitor.SpecIdCoreVisitor,f16d314efc74fe1281d1d4eab06997ce7e5e9f3a,2023-09-30T15:05:14+08:00,f16d314efc74fe1281d1d4eab06997ce7e5e9f3a,2023-09-30T15:05:14+08:00,1,1052,0.3333333333333333,,,False,False,1,0,599.1,0.0,0.0016691708737564725,,38007053.0,dotnet/docfx,C#
src/Docfx.Dotnet/ManagedReference/Visitors/SpecIdCoreVisitor.cs,1,callable,ok,Docfx.Dotnet.SpecIdCoreVisitor.DefaultVisit,Docfx.Dotnet.SpecIdCoreVisitor.DefaultVisit,f16d314efc74fe1281d1d4eab06997ce7e5e9f3a,2023-09-30T15:05:14+08:00,f16d314efc74fe1281d1d4eab06997ce7e5e9f3a,2023-09-30T15:05:14+08:00,1,1052,0.25,,,False,False,1,0,599.1,0.0,0.0016691708737564725,,38007053.0,dotnet/docfx,C#
src/Docfx.Dotnet/ManagedReference/Visitors/SpecIdCoreVisitor.cs,2,callable,ok,Docfx.Dotnet.SpecIdCoreVisitor.VisitPointerType,Docfx.Dotnet.SpecIdCoreVisitor.VisitPointerType,f16d314efc74fe1281d1d4eab06997ce7e5e9f3a,2023-09-30T15:05:14+08:00,f16d314efc74fe1281d1d4eab06997ce7e5e9f3a,2023-09-30T15:05:14+08:00,1,1052,0.25,,,False,False,1,0,599.1,0.0,0.0016691708737564725,,38007053.0,dotnet/docfx,C#
src/Docfx.Dotnet/ManagedReference/Visitors/SpecIdCoreVisitor.cs,3,callable,ok,Docfx.Dotnet.SpecIdCoreVisitor.VisitArrayType,Docfx.Dotnet.SpecIdCoreVisitor.VisitArrayType,f16d314efc74fe1281d1d4eab06997ce7e5e9f3a,2023-09-30T15:05:14+08:00,f16d314efc74fe1281d1d4eab06997ce7e5e9f3a,2023-09-30T15:05:14+08:00,1,1052,0.09090909090909091,,,False,False,1,0,599.1,0.0,0.0016691708737564725,,38007053.0,dotnet/docfx,C#
src/Docfx.Dotnet/ManagedReference/Visitors/SpecIdCoreVisitor.cs,4,callable,ok,Docfx.Dotnet.SpecIdCoreVisitor.VisitTypeParameter,Docfx.Dotnet.SpecIdCoreVisitor.VisitTypeParameter,f16d314efc74fe1281d1d4eab06997ce7e5e9f3a,2023-09-30T15:05:14+08:00,f16d314efc74fe1281d1d4eab06997ce7e5e9f3a,2023-09-30T15:05:14+08:00,1,1052,0.25,,,False,False,1,0,599.1,0.0,0.0016691708737564725,,38007053.0,dotnet/docfx,C#
src/Docfx.Dotnet/ManagedReference/Visitors/TypeGenericParameterNameVisitor.cs,0,class,ok,Docfx.Dotnet.TypeGenericParameterNameVisitor,Docfx.Dotnet.TypeGenericParameterNameVisitor,f16d314efc74fe1281d1d4eab06997ce7e5e9f3a,2023-09-30T15:05:14+08:00,f16d314efc74fe1281d1d4eab06997ce7e5e9f3a,2023-09-30T15:05:14+08:00,1,1052,0.017857142857142856,,,False,False,1,0,599.1,0.0,0.0016691708737564725,,38007053.0,dotnet/docfx,C#
src/Docfx.Dotnet/ManagedReference/Visitors/TypeGenericParameterNameVisitor.cs,0,callable,ok,Docfx.Dotnet.TypeGenericParameterNameVisitor.TypeGenericParameterNameVisitor,Docfx.Dotnet.TypeGenericParameterNameVisitor.TypeGenericParameterNameVisitor,f16d314efc74fe1281d1d4eab06997ce7e5e9f3a,2023-09-30T15:05:14+08:00,f16d314efc74fe1281d1d4eab06997ce7e5e9f3a,2023-09-30T15:05:14+08:00,1,1052,0.3333333333333333,,,False,False,1,0,599.1,0.0,0.0016691708737564725,,38007053.0,dotnet/docfx,C#
src/Docfx.Dotnet/ManagedReference/Visitors/TypeGenericParameterNameVisitor.cs,1,callable,ok,Docfx.Dotnet.TypeGenericParameterNameVisitor.DefaultVisit,Docfx.Dotnet.TypeGenericParameterNameVisitor.DefaultVisit,f16d314efc74fe1281d1d4eab06997ce7e5e9f3a,2023-09-30T15:05:14+08:00,f16d314efc74fe1281d1d4eab06997ce7e5e9f3a,2023-09-30T15:05:14+08:00,1,1052,0.25,,,False,False,1,0,599.1,0.0,0.0016691708737564725,,38007053.0,dotnet/docfx,C#
src/Docfx.Dotnet/ManagedReference/Visitors/TypeGenericParameterNameVisitor.cs,2,callable,ok,Docfx.Dotnet.TypeGenericParameterNameVisitor.VisitNamedType,Docfx.Dotnet.TypeGenericParameterNameVisitor.VisitNamedType,f16d314efc74fe1281d1d4eab06997ce7e5e9f3a,2023-09-30T15:05:14+08:00,f16d314efc74fe1281d1d4eab06997ce7e5e9f3a,2023-09-30T15:05:14+08:00,1,1052,0.058823529411764705,,,False,False,1,0,599.1,0.0,0.0016691708737564725,,38007053.0,dotnet/docfx,C#
src/Docfx.Dotnet/ManagedReference/Visitors/TypeGenericParameterNameVisitor.cs,3,callable,ok,Docfx.Dotnet.TypeGenericParameterNameVisitor.VisitEvent,Docfx.Dotnet.TypeGenericParameterNameVisitor.VisitEvent,f16d314efc74fe1281d1d4eab06997ce7e5e9f3a,2023-09-30T15:05:14+08:00,f16d314efc74fe1281d1d4eab06997ce7e5e9f3a,2023-09-30T15:05:14+08:00,1,1052,0.25,,,False,False,1,0,599.1,0.0,0.0016691708737564725,,38007053.0,dotnet/docfx,C#
src/Docfx.Dotnet/ManagedReference/Visitors/TypeGenericParameterNameVisitor.cs,4,callable,ok,Docfx.Dotnet.TypeGenericParameterNameVisitor.VisitField,Docfx.Dotnet.TypeGenericParameterNameVisitor.VisitField,f16d314efc74fe1281d1d4eab06997ce7e5e9f3a,2023-09-30T15:05:14+08:00,f16d314efc74fe1281d1d4eab06997ce7e5e9f3a,2023-09-30T15:05:14+08:00,1,1052,0.25,,,False,False,1,0,599.1,0.0,0.0016691708737564725,,38007053.0,dotnet/docfx,C#
src/Docfx.Dotnet/ManagedReference/Visitors/TypeGenericParameterNameVisitor.cs,5,callable,ok,Docfx.Dotnet.TypeGenericParameterNameVisitor.VisitMethod,Docfx.Dotnet.TypeGenericParameterNameVisitor.VisitMethod,f16d314efc74fe1281d1d4eab06997ce7e5e9f3a,2023-09-30T15:05:14+08:00,f16d314efc74fe1281d1d4eab06997ce7e5e9f3a,2023-09-30T15:05:14+08:00,1,1052,0.25,,,False,False,1,0,599.1,0.0,0.0016691708737564725,,38007053.0,dotnet/docfx,C#
src/Docfx.Dotnet/ManagedReference/Visitors/TypeGenericParameterNameVisitor.cs,6,callable,ok,Docfx.Dotnet.TypeGenericParameterNameVisitor.VisitProperty,Docfx.Dotnet.TypeGenericParameterNameVisitor.VisitProperty,f16d314efc74fe1281d1d4eab06997ce7e5e9f3a,2023-09-30T15:05:14+08:00,f16d314efc74fe1281d1d4eab06997ce7e5e9f3a,2023-09-30T15:05:14+08:00,1,1052,0.25,,,False,False,1,0,599.1,0.0,0.0016691708737564725,,38007053.0,dotnet/docfx,C#
src/Docfx.Dotnet/ManagedReference/Visitors/TypeGenericParameterNameVisitor.cs,7,callable,ok,Docfx.Dotnet.TypeGenericParameterNameVisitor.VisitTypeParameter,Docfx.Dotnet.TypeGenericParameterNameVisitor.VisitTypeParameter,f16d314efc74fe1281d1d4eab06997ce7e5e9f3a,2023-09-30T15:05:14+08:00,f16d314efc74fe1281d1d4eab06997ce7e5e9f3a,2023-09-30T15:05:14+08:00,1,1052,0.25,,,False,False,1,0,599.1,0.0,0.0016691708737564725,,38007053.0,dotnet/docfx,C#
src/Docfx.Dotnet/ManagedReference/Visitors/YamlModelGenerator.cs,0,class,ok,Docfx.Dotnet.YamlModelGenerator,Docfx.Dotnet.YamlModelGenerator,f16d314efc74fe1281d1d4eab06997ce7e5e9f3a,2023-09-30T15:05:14+08:00,f16d314efc74fe1281d1d4eab06997ce7e5e9f3a,2023-09-30T15:05:14+08:00,1,1052,0.005263157894736842,,,False,False,1,0,599.1,0.0,0.0016691708737564725,,38007053.0,dotnet/docfx,C#
src/Docfx.Dotnet/ManagedReference/Visitors/YamlModelGenerator.cs,0,callable,ok,Docfx.Dotnet.YamlModelGenerator.YamlModelGenerator,Docfx.Dotnet.YamlModelGenerator.YamlModelGenerator,f16d314efc74fe1281d1d4eab06997ce7e5e9f3a,2023-09-30T15:05:14+08:00,f16d314efc74fe1281d1d4eab06997ce7e5e9f3a,2023-09-30T15:05:14+08:00,1,1052,0.16666666666666666,,,False,False,1,0,599.1,0.0,0.0016691708737564725,,38007053.0,dotnet/docfx,C#
src/Docfx.Dotnet/ManagedReference/Visitors/YamlModelGenerator.cs,1,callable,ok,Docfx.Dotnet.YamlModelGenerator.DefaultVisit,Docfx.Dotnet.YamlModelGenerator.DefaultVisit,f16d314efc74fe1281d1d4eab06997ce7e5e9f3a,2023-09-30T15:05:14+08:00,f16d314efc74fe1281d1d4eab06997ce7e5e9f3a,2023-09-30T15:05:14+08:00,1,1052,0.1,,,False,False,1,0,599.1,0.0,0.0016691708737564725,,38007053.0,dotnet/docfx,C#
src/Docfx.Dotnet/ManagedReference/Visitors/YamlModelGenerator.cs,2,callable,ok,Docfx.Dotnet.YamlModelGenerator.GenerateReference,Docfx.Dotnet.YamlModelGenerator.GenerateReference,f16d314efc74fe1281d1d4eab06997ce7e5e9f3a,2023-09-30T15:05:14+08:00,f16d314efc74fe1281d1d4eab06997ce7e5e9f3a,2023-09-30T15:05:14+08:00,1,1052,0.041666666666666664,,,False,False,1,0,599.1,0.0,0.0016691708737564725,,38007053.0,dotnet/docfx,C#
src/Docfx.Dotnet/ManagedReference/Visitors/YamlModelGenerator.cs,3,callable,ok,Docfx.Dotnet.YamlModelGenerator.GenerateSyntax,Docfx.Dotnet.YamlModelGenerator.GenerateSyntax,f16d314efc74fe1281d1d4eab06997ce7e5e9f3a,2023-09-30T15:05:14+08:00,f16d314efc74fe1281d1d4eab06997ce7e5e9f3a,2023-09-30T15:05:14+08:00,1,1052,0.2,,,False,False,1,0,599.1,0.0,0.0016691708737564725,,38007053.0,dotnet/docfx,C#
src/Docfx.Dotnet/ManagedReference/Visitors/YamlModelGenerator.cs,4,callable,ok,Docfx.Dotnet.YamlModelGenerator.AddReference,Docfx.Dotnet.YamlModelGenerator.AddReference,f16d314efc74fe1281d1d4eab06997ce7e5e9f3a,2023-09-30T15:05:14+08:00,f16d314efc74fe1281d1d4eab06997ce7e5e9f3a,2023-09-30T15:05:14+08:00,1,1052,0.041666666666666664,,,False,False,1,0,599.1,0.0,0.0016691708737564725,,38007053.0,dotnet/docfx,C#
src/Docfx.Dotnet/ManagedReference/Visitors/YamlModelGenerator.cs,5,callable,ok,Docfx.Dotnet.YamlModelGenerator.AddOverloadReference,Docfx.Dotnet.YamlModelGenerator.AddOverloadReference,f16d314efc74fe1281d1d4eab06997ce7e5e9f3a,2023-09-30T15:05:14+08:00,f16d314efc74fe1281d1d4eab06997ce7e5e9f3a,2023-09-30T15:05:14+08:00,1,1052,0.038461538461538464,,,False,False,1,0,599.1,0.0,0.0016691708737564725,,38007053.0,dotnet/docfx,C#
src/Docfx.Dotnet/ManagedReference/Visitors/YamlModelGenerator.cs,6,callable,ok,Docfx.Dotnet.YamlModelGenerator.AddSpecReference,Docfx.Dotnet.YamlModelGenerator.AddSpecReference,f16d314efc74fe1281d1d4eab06997ce7e5e9f3a,2023-09-30T15:05:14+08:00,f16d314efc74fe1281d1d4eab06997ce7e5e9f3a,2023-09-30T15:05:14+08:00,1,1052,0.02127659574468085,,,False,False,1,0,599.1,0.0,0.0016691708737564725,,38007053.0,dotnet/docfx,C#
src/Docfx.Dotnet/ManagedReference/Visitors/YamlModelGenerator.cs,7,callable,ok,Docfx.Dotnet.YamlModelGenerator.GetReferenceParent,Docfx.Dotnet.YamlModelGenerator.GetReferenceParent,f16d314efc74fe1281d1d4eab06997ce7e5e9f3a,2023-09-30T15:05:14+08:00,f16d314efc74fe1281d1d4eab06997ce7e5e9f3a,2023-09-30T15:05:14+08:00,1,1052,0.034482758620689655,,,False,False,1,0,599.1,0.0,0.0016691708737564725,,38007053.0,dotnet/docfx,C#
src/Docfx.Dotnet/ManagedReference/Visitors/YamlModelGenerator.cs,8,callable,ok,Docfx.Dotnet.YamlModelGenerator.IsGlobalNamespace,Docfx.Dotnet.YamlModelGenerator.IsGlobalNamespace,f16d314efc74fe1281d1d4eab06997ce7e5e9f3a,2023-09-30T15:05:14+08:00,f16d314efc74fe1281d1d4eab06997ce7e5e9f3a,2023-09-30T15:05:14+08:00,1,1052,0.25,,,False,False,1,0,599.1,0.0,0.0016691708737564725,,38007053.0,dotnet/docfx,C#
src/Docfx.Dotnet/MetadataJsonConfig.cs,0,class,ok,Docfx.MetadataJsonItemConfig,Docfx.MetadataJsonItemConfig,a6d356c86d42738d716eef162495a77696391107,2023-07-12T17:48:19+08:00,a6d356c86d42738d716eef162495a77696391107,2023-07-12T17:48:19+08:00,1,1131,0.01818181818181818,,,False,False,1,0,678.99,0.0,0.0014727831464378908,,38007053.0,dotnet/docfx,C#
src/Docfx.Dotnet/MetadataJsonConfig.cs,1,class,ok,Docfx.MetadataJsonConfig,Docfx.MetadataJsonConfig,a6d356c86d42738d716eef162495a77696391107,2023-07-12T17:48:19+08:00,a6d356c86d42738d716eef162495a77696391107,2023-07-12T17:48:19+08:00,1,1131,0.125,,,False,False,1,0,678.99,0.0,0.0014727831464378908,,38007053.0,dotnet/docfx,C#
src/Docfx.Dotnet/MetadataJsonConfig.cs,0,callable,ok,Docfx.MetadataJsonConfig.MetadataJsonConfig,Docfx.MetadataJsonConfig.MetadataJsonConfig,a6d356c86d42738d716eef162495a77696391107,2023-07-12T17:48:19+08:00,a6d356c86d42738d716eef162495a77696391107,2023-07-12T17:48:19+08:00,1,1131,0.3333333333333333,,,False,False,1,0,678.99,0.0,0.0014727831464378908,,38007053.0,dotnet/docfx,C#
src/Docfx.Dotnet/Parsers/XmlCommentTransformer.cs,0,class,ok,Docfx.Dotnet.XmlCommentTransformer,Docfx.Dotnet.XmlCommentTransformer,a6d356c86d42738d716eef162495a77696391107,2023-07-12T17:48:19+08:00,a6d356c86d42738d716eef162495a77696391107,2023-07-12T17:48:19+08:00,1,1131,0.04,,,False,False,1,0,678.99,0.0,0.0014727831464378908,,38007053.0,dotnet/docfx,C#
src/Docfx.Dotnet/Parsers/XmlCommentTransformer.cs,0,callable,ok,Docfx.Dotnet.XmlCommentTransformer.XmlCommentTransformer,Docfx.Dotnet.XmlCommentTransformer.XmlCommentTransformer,a6d356c86d42738d716eef162495a77696391107,2023-07-12T17:48:19+08:00,a6d356c86d42738d716eef162495a77696391107,2023-07-12T17:48:19+08:00,1,1131,0.1,,,False,False,1,0,678.99,0.0,0.0014727831464378908,,38007053.0,dotnet/docfx,C#
src/Docfx.Dotnet/Parsers/XmlCommentTransformer.cs,1,callable,ok,Docfx.Dotnet.XmlCommentTransformer.Transform,Docfx.Dotnet.XmlCommentTransformer.Transform,a6d356c86d42738d716eef162495a77696391107,2023-07-12T17:48:19+08:00,a6d356c86d42738d716eef162495a77696391107,2023-07-12T17:48:19+08:00,1,1131,0.1111111111111111,,,False,False,1,0,678.99,0.0,0.0014727831464378908,,38007053.0,dotnet/docfx,C#
src/Docfx.Dotnet/SymbolUrlResolver.MSLearnAssemblies.cs,0,class,ok,Docfx.Dotnet.SymbolUrlResolver,Docfx.Dotnet.SymbolUrlResolver,a6d356c86d42738d716eef162495a77696391107,2023-07-12T17:48:19+08:00,a6d356c86d42738d716eef162495a77696391107,2023-07-12T17:48:19+08:00,1,1131,0.0003766478342749529,,,False,False,1,0,678.99,0.0,0.0014727831464378908,,38007053.0,dotnet/docfx,C#
src/Docfx.Dotnet/SymbolUrlResolver.MSLearnAssemblies.cs,0,callable,ok,Docfx.Dotnet.SymbolUrlResolver.LoadMSLearnAssemblies,Docfx.Dotnet.SymbolUrlResolver.LoadMSLearnAssemblies,a6d356c86d42738d716eef162495a77696391107,2023-07-12T17:48:19+08:00,a6d356c86d42738d716eef162495a77696391107,2023-07-12T17:48:19+08:00,1,1131,0.1,,,False,False,1,0,678.99,0.0,0.0014727831464378908,,38007053.0,dotnet/docfx,C#
src/Docfx.Dotnet/SymbolUrlResolver.cs,0,class,ok,Docfx.Dotnet.SymbolUrlResolver,Docfx.Dotnet.SymbolUrlResolver,a6d356c86d42738d716eef162495a77696391107,2023-07-12T17:48:19+08:00,a6d356c86d42738d716eef162495a77696391107,2023-07-12T17:48:19+08:00,1,1131,0.030303030303030304,,,False,False,1,0,678.99,0.0,0.0014727831464378908,,38007053.0,dotnet/docfx,C#
src/Docfx.Dotnet/SymbolUrlResolver.cs,0,callable,ok,Docfx.Dotnet.SymbolUrlResolver.GetSymbolUrl,Docfx.Dotnet.SymbolUrlResolver.GetSymbolUrl,a6d356c86d42738d716eef162495a77696391107,2023-07-12T17:48:19+08:00,a6d356c86d42738d716eef162495a77696391107,2023-07-12T17:48:19+08:00,1,1131,0.16666666666666666,,,False,False,1,0,678.99,0.0,0.0014727831464378908,,38007053.0,dotnet/docfx,C#
src/Docfx.Dotnet/SymbolUrlResolver.cs,1,callable,ok,Docfx.Dotnet.SymbolUrlResolver.GetDocfxUrl,Docfx.Dotnet.SymbolUrlResolver.GetDocfxUrl,a6d356c86d42738d716eef162495a77696391107,2023-07-12T17:48:19+08:00,a6d356c86d42738d716eef162495a77696391107,2023-07-12T17:48:19+08:00,1,1131,0.043478260869565216,,,False,False,1,0,678.99,0.0,0.0014727831464378908,,38007053.0,dotnet/docfx,C#
src/Docfx.MarkdigEngine.Extensions/CodeSnippet/CodeRange.cs,0,class,ok,Docfx.MarkdigEngine.Extensions.CodeRange,Docfx.MarkdigEngine.Extensions.CodeRange,a6d356c86d42738d716eef162495a77696391107,2023-07-12T17:48:19+08:00,a6d356c86d42738d716eef162495a77696391107,2023-07-12T17:48:19+08:00,1,1131,0.2,,,False,False,1,0,678.99,0.0,0.0014727831464378908,,38007053.0,dotnet/docfx,C#
src/Docfx.MarkdigEngine.Extensions/CodeSnippet/CodeSnippetExtension.cs,0,class,ok,Docfx.MarkdigEngine.Extensions.CodeSnippetExtension,Docfx.MarkdigEngine.Extensions.CodeSnippetExtension,a6d356c86d42738d716eef162495a77696391107,2023-07-12T17:48:19+08:00,a6d356c86d42738d716eef162495a77696391107,2023-07-12T17:48:19+08:00,1,1131,0.043478260869565216,,,False,False,1,0,678.99,0.0,0.0014727831464378908,,38007053.0,dotnet/docfx,C#
src/Docfx.MarkdigEngine.Extensions/CodeSnippet/CodeSnippetExtension.cs,0,callable,ok,Docfx.MarkdigEngine.Extensions.CodeSnippetExtension.CodeSnippetExtension,Docfx.MarkdigEngine.Extensions.CodeSnippetExtension.CodeSnippetExtension,a6d356c86d42738d716eef162495a77696391107,2023-07-12T17:48:19+08:00,a6d356c86d42738d716eef162495a77696391107,2023-07-12T17:48:19+08:00,1,1131,0.25,,,False,False,1,0,678.99,0.0,0.0014727831464378908,,38007053.0,dotnet/docfx,C#
src/Docfx.MarkdigEngine.Extensions/CodeSnippet/CodeSnippetExtension.cs,1,callable,ok,Docfx.MarkdigEngine.Extensions.CodeSnippetExtension.Setup,Docfx.MarkdigEngine.Extensions.CodeSnippetExtension.Setup,a6d356c86d42738d716eef162495a77696391107,2023-07-12T17:48:19+08:00,a6d356c86d42738d716eef162495a77696391107,2023-07-12T17:48:19+08:00,1,1131,0.125,,,False,False,1,0,678.99,0.0,0.0014727831464378908,,38007053.0,dotnet/docfx,C#
src/Docfx.MarkdigEngine.Extensions/CodeSnippet/CodeSnippetParser.cs,0,class,ok,Docfx.MarkdigEngine.Extensions.CodeSnippetParser,Docfx.MarkdigEngine.Extensions.CodeSnippetParser,a6d356c86d42738d716eef162495a77696391107,2023-07-12T17:48:19+08:00,a6d356c86d42738d716eef162495a77696391107,2023-07-12T17:48:19+08:00,1,1131,0.002898550724637681,,,False,False,1,0,678.99,0.0,0.0014727831464378908,,38007053.0,dotnet/docfx,C#
src/Docfx.MarkdigEngine.Extensions/CodeSnippet/CodeSnippetParser.cs,0,callable,ok,Docfx.MarkdigEngine.Extensions.CodeSnippetParser.CodeSnippetParser,Docfx.MarkdigEngine.Extensions.CodeSnippetParser.CodeSnippetParser,a6d356c86d42738d716eef162495a77696391107,2023-07-12T17:48:19+08:00,a6d356c86d42738d716eef162495a77696391107,2023-07-12T17:48:19+08:00,1,1131,0.25,,,False,False,1,0,678.99,0.0,0.0014727831464378908,,38007053.0,dotnet/docfx,C#
src/Docfx.MarkdigEngine.Extensions/CodeSnippet/CodeSnippetParser.cs,1,callable,ok,Docfx.MarkdigEngine.Extensions.CodeSnippetParser.TryOpen,Docfx.MarkdigEngine.Extensions.CodeSnippetParser.TryOpen,a6d356c86d42738d716eef162495a77696391107,2023-07-12T17:48:19+08:00,a6d356c86d42738d716eef162495a77696391107,2023-07-12T17:48:19+08:00,1,1131,0.015151515151515152,,,False,False,1,0,678.99,0.0,0.0014727831464378908,,38007053.0,dotnet/docfx,C#
src/Docfx.MarkdigEngine.Extensions/CodeSnippet/CodeSnippetParser.cs,2,callable,ok,Docfx.MarkdigEngine.Extensions.CodeSnippetParser.MatchStart,Docfx.MarkdigEngine.Extensions.CodeSnippetParser.MatchStart,a6d356c86d42738d716eef162495a77696391107,2023-07-12T17:48:19+08:00,a6d356c86d42738d716eef162495a77696391107,2023-07-12T17:48:19+08:00,1,1131,0.0625,,,False,False,1,0,678.99,0.0,0.0014727831464378908,,38007053.0,dotnet/docfx,C#
src/Docfx.MarkdigEngine.Extensions/CodeSnippet/CodeSnippetParser.cs,3,callable,ok,Docfx.MarkdigEngine.Extensions.CodeSnippetParser.MatchLanguage,Docfx.MarkdigEngine.Extensions.CodeSnippetParser.MatchLanguage,a6d356c86d42738d716eef162495a77696391107,2023-07-12T17:48:19+08:00,a6d356c86d42738d716eef162495a77696391107,2023-07-12T17:48:19+08:00,1,1131,0.058823529411764705,,,False,False,1,0,678.99,0.0,0.0014727831464378908,,38007053.0,dotnet/docfx,C#
src/Docfx.MarkdigEngine.Extensions/CodeSnippet/CodeSnippetParser.cs,4,callable,ok,Docfx.MarkdigEngine.Extensions.CodeSnippetParser.MatchPath,Docfx.MarkdigEngine.Extensions.CodeSnippetParser.MatchPath,a6d356c86d42738d716eef162495a77696391107,2023-07-12T17:48:19+08:00,a6d356c86d42738d716eef162495a77696391107,2023-07-12T17:48:19+08:00,1,1131,0.027777777777777776,,,False,False,1,0,678.99,0.0,0.0014727831464378908,,38007053.0,dotnet/docfx,C#
src/Docfx.MarkdigEngine.Extensions/CodeSnippet/CodeSnippetParser.cs,5,callable,ok,Docfx.MarkdigEngine.Extensions.CodeSnippetParser.MatchName,Docfx.MarkdigEngine.Extensions.CodeSnippetParser.MatchName,a6d356c86d42738d716eef162495a77696391107,2023-07-12T17:48:19+08:00,a6d356c86d42738d716eef162495a77696391107,2023-07-12T17:48:19+08:00,1,1131,0.03125,,,False,False,1,0,678.99,0.0,0.0014727831464378908,,38007053.0,dotnet/docfx,C#
src/Docfx.MarkdigEngine.Extensions/CodeSnippet/CodeSnippetParser.cs,6,callable,ok,Docfx.MarkdigEngine.Extensions.CodeSnippetParser.MatchQuery,Docfx.MarkdigEngine.Extensions.CodeSnippetParser.MatchQuery,a6d356c86d42738d716eef162495a77696391107,2023-07-12T17:48:19+08:00,a6d356c86d42738d716eef162495a77696391107,2023-07-12T17:48:19+08:00,1,1131,0.125,,,False,False,1,0,678.99,0.0,0.0014727831464378908,,38007053.0,dotnet/docfx,C#
src/Docfx.MarkdigEngine.Extensions/CodeSnippet/CodeSnippetParser.cs,7,callable,ok,Docfx.MarkdigEngine.Extensions.CodeSnippetParser.MatchQuestionMarkQuery,Docfx.MarkdigEngine.Extensions.CodeSnippetParser.MatchQuestionMarkQuery,a6d356c86d42738d716eef162495a77696391107,2023-07-12T17:48:19+08:00,a6d356c86d42738d716eef162495a77696391107,2023-07-12T17:48:19+08:00,1,1131,0.05555555555555555,,,False,False,1,0,678.99,0.0,0.0014727831464378908,,38007053.0,dotnet/docfx,C#
src/Docfx.MarkdigEngine.Extensions/CodeSnippet/CodeSnippetParser.cs,8,callable,ok,Docfx.MarkdigEngine.Extensions.CodeSnippetParser.MatchBookMarkQuery,Docfx.MarkdigEngine.Extensions.CodeSnippetParser.MatchBookMarkQuery,a6d356c86d42738d716eef162495a77696391107,2023-07-12T17:48:19+08:00,a6d356c86d42738d716eef162495a77696391107,2023-07-12T17:48:19+08:00,1,1131,0.037037037037037035,,,False,False,1,0,678.99,0.0,0.0014727831464378908,,38007053.0,dotnet/docfx,C#
src/Docfx.MarkdigEngine.Extensions/CodeSnippet/CodeSnippetParser.cs,9,callable,ok,Docfx.MarkdigEngine.Extensions.CodeSnippetParser.MatchTitle,Docfx.MarkdigEngine.Extensions.CodeSnippetParser.MatchTitle,a6d356c86d42738d716eef162495a77696391107,2023-07-12T17:48:19+08:00,a6d356c86d42738d716eef162495a77696391107,2023-07-12T17:48:19+08:00,1,1131,0.03125,,,False,False,1,0,678.99,0.0,0.0014727831464378908,,38007053.0,dotnet/docfx,C#
src/Docfx.MarkdigEngine.Extensions/CodeSnippet/CodeSnippetParser.cs,10,callable,ok,Docfx.MarkdigEngine.Extensions.CodeSnippetParser.TryParseQuery,Docfx.MarkdigEngine.Extensions.CodeSnippetParser.TryParseQuery,a6d356c86d42738d716eef162495a77696391107,2023-07-12T17:48:19+08:00,a6d356c86d42738d716eef162495a77696391107,2023-07-12T17:48:19+08:00,1,1131,0.013888888888888888,,,False,False,1,0,678.99,0.0,0.0014727831464378908,,38007053.0,dotnet/docfx,C#
src/Docfx.MarkdigEngine.Extensions/Constants.cs,0,class,ok,Docfx.MarkdigEngine.Extensions.Constants,Docfx.MarkdigEngine.Extensions.Constants,a6d356c86d42738d716eef162495a77696391107,2023-07-12T17:48:19+08:00,a6d356c86d42738d716eef162495a77696391107,2023-07-12T17:48:19+08:00,1,1131,0.1111111111111111,,,False,False,1,0,678.99,0.0,0.0014727831464378908,,38007053.0,dotnet/docfx,C#
src/Docfx.MarkdigEngine.Extensions/Constants.cs,1,class,ok,Docfx.MarkdigEngine.Extensions.Constants.WarningCodes,Docfx.MarkdigEngine.Extensions.Constants.WarningCodes,a6d356c86d42738d716eef162495a77696391107,2023-07-12T17:48:19+08:00,a6d356c86d42738d716eef162495a77696391107,2023-07-12T17:48:19+08:00,1,1131,0.25,,,False,False,1,0,678.99,0.0,0.0014727831464378908,,38007053.0,dotnet/docfx,C#
src/Docfx.MarkdigEngine.Extensions/Inclusion/InclusionBlock/InclusionBlock.cs,0,class,ok,Docfx.MarkdigEngine.Extensions.InclusionBlock,Docfx.MarkdigEngine.Extensions.InclusionBlock,a6d356c86d42738d716eef162495a77696391107,2023-07-12T17:48:19+08:00,a6d356c86d42738d716eef162495a77696391107,2023-07-12T17:48:19+08:00,1,1131,0.06666666666666667,,,False,False,1,0,678.99,0.0,0.0014727831464378908,,38007053.0,dotnet/docfx,C#
src/Docfx.MarkdigEngine.Extensions/Inclusion/InclusionBlock/InclusionBlock.cs,0,callable,ok,Docfx.MarkdigEngine.Extensions.InclusionBlock.GetRawToken,Docfx.MarkdigEngine.Extensions.InclusionBlock.GetRawToken,a6d356c86d42738d716eef162495a77696391107,2023-07-12T17:48:19+08:00,a6d356c86d42738d716eef162495a77696391107,2023-07-12T17:48:19+08:00,1,1131,1.0,,,False,False,1,0,678.99,0.0,0.0014727831464378908,,38007053.0,dotnet/docfx,C#
src/Docfx.MarkdigEngine.Extensions/Inclusion/InclusionBlock/InclusionBlock.cs,1,callable,ok,Docfx.MarkdigEngine.Extensions.InclusionBlock.InclusionBlock,Docfx.MarkdigEngine.Extensions.InclusionBlock.InclusionBlock,a6d356c86d42738d716eef162495a77696391107,2023-07-12T17:48:19+08:00,a6d356c86d42738d716eef162495a77696391107,2023-07-12T17:48:19+08:00,1,1131,0.25,,,False,False,1,0,678.99,0.0,0.0014727831464378908,,38007053.0,dotnet/docfx,C#
src/Docfx.MarkdigEngine.Extensions/Interactive/InteractiveBaseRewriter.cs,0,class,ok,Docfx.MarkdigEngine.Extensions.InteractiveBaseRewriter,Docfx.MarkdigEngine.Extensions.InteractiveBaseRewriter,a6d356c86d42738d716eef162495a77696391107,2023-07-12T17:48:19+08:00,a6d356c86d42738d716eef162495a77696391107,2023-07-12T17:48:19+08:00,1,1131,0.034482758620689655,,,False,False,1,0,678.99,0.0,0.0014727831464378908,,38007053.0,dotnet/docfx,C#
src/Docfx.MarkdigEngine.Extensions/Interactive/InteractiveBaseRewriter.cs,0,callable,ok,Docfx.MarkdigEngine.Extensions.InteractiveBaseRewriter.PostProcess,Docfx.MarkdigEngine.Extensions.InteractiveBaseRewriter.PostProcess,a6d356c86d42738d716eef162495a77696391107,2023-07-12T17:48:19+08:00,a6d356c86d42738d716eef162495a77696391107,2023-07-12T17:48:19+08:00,1,1131,0.3333333333333333,,,False,False,1,0,678.99,0.0,0.0014727831464378908,,38007053.0,dotnet/docfx,C#
src/Docfx.MarkdigEngine.Extensions/Interactive/InteractiveBaseRewriter.cs,1,callable,ok,Docfx.MarkdigEngine.Extensions.InteractiveBaseRewriter.PreProcess,Docfx.MarkdigEngine.Extensions.InteractiveBaseRewriter.PreProcess,a6d356c86d42738d716eef162495a77696391107,2023-07-12T17:48:19+08:00,a6d356c86d42738d716eef162495a77696391107,2023-07-12T17:48:19+08:00,1,1131,0.3333333333333333,,,False,False,1,0,678.99,0.0,0.0014727831464378908,,38007053.0,dotnet/docfx,C#
src/Docfx.MarkdigEngine.Extensions/Interactive/InteractiveBaseRewriter.cs,2,callable,ok,Docfx.MarkdigEngine.Extensions.InteractiveBaseRewriter.Rewrite,Docfx.MarkdigEngine.Extensions.InteractiveBaseRewriter.Rewrite,a6d356c86d42738d716eef162495a77696391107,2023-07-12T17:48:19+08:00,a6d356c86d42738d716eef162495a77696391107,2023-07-12T17:48:19+08:00,1,1131,1.0,,,False,False,1,0,678.99,0.0,0.0014727831464378908,,38007053.0,dotnet/docfx,C#
src/Docfx.MarkdigEngine.Extensions/Interactive/InteractiveBaseRewriter.cs,3,callable,ok,Docfx.MarkdigEngine.Extensions.InteractiveBaseRewriter.GetLanguage,Docfx.MarkdigEngine.Extensions.InteractiveBaseRewriter.GetLanguage,a6d356c86d42738d716eef162495a77696391107,2023-07-12T17:48:19+08:00,a6d356c86d42738d716eef162495a77696391107,2023-07-12T17:48:19+08:00,1,1131,0.07142857142857142,,,False,False,1,0,678.99,0.0,0.0014727831464378908,,38007053.0,dotnet/docfx,C#
src/Docfx.MarkdigEngine.Extensions/MarkdownExtensions.cs,0,class,ok,Docfx.MarkdigEngine.Extensions.MarkdownExtensions,Docfx.MarkdigEngine.Extensions.MarkdownExtensions,a6d356c86d42738d716eef162495a77696391107,2023-07-12T17:48:19+08:00,a6d356c86d42738d716eef162495a77696391107,2023-07-12T17:48:19+08:00,1,1131,0.006211180124223602,,,False,False,1,0,678.99,0.0,0.0014727831464378908,,38007053.0,dotnet/docfx,C#
src/Docfx.MarkdigEngine.Extensions/MarkdownExtensions.cs,0,callable,ok,Docfx.MarkdigEngine.Extensions.MarkdownExtensions.UseDocfxExtensions,Docfx.MarkdigEngine.Extensions.MarkdownExtensions.UseDocfxExtensions,a6d356c86d42738d716eef162495a77696391107,2023-07-12T17:48:19+08:00,a6d356c86d42738d716eef162495a77696391107,2023-07-12T17:48:19+08:00,1,1131,0.038461538461538464,,,False,False,1,0,678.99,0.0,0.0014727831464378908,,38007053.0,dotnet/docfx,C#
src/Docfx.MarkdigEngine.Extensions/MarkdownExtensions.cs,1,callable,ok,Docfx.MarkdigEngine.Extensions.MarkdownExtensions.UseOptionalExtensions,Docfx.MarkdigEngine.Extensions.MarkdownExtensions.UseOptionalExtensions,a6d356c86d42738d716eef162495a77696391107,2023-07-12T17:48:19+08:00,a6d356c86d42738d716eef162495a77696391107,2023-07-12T17:48:19+08:00,1,1131,0.07692307692307693,,,False,False,1,0,678.99,0.0,0.0014727831464378908,,38007053.0,dotnet/docfx,C#
src/Docfx.MarkdigEngine.Extensions/MarkdownExtensions.cs,2,callable,ok,Docfx.MarkdigEngine.Extensions.MarkdownExtensions.RemoveUnusedExtensions,Docfx.MarkdigEngine.Extensions.MarkdownExtensions.RemoveUnusedExtensions,a6d356c86d42738d716eef162495a77696391107,2023-07-12T17:48:19+08:00,a6d356c86d42738d716eef162495a77696391107,2023-07-12T17:48:19+08:00,1,1131,0.2,,,False,False,1,0,678.99,0.0,0.0014727831464378908,,38007053.0,dotnet/docfx,C#
src/Docfx.MarkdigEngine.Extensions/MarkdownExtensions.cs,3,callable,ok,Docfx.MarkdigEngine.Extensions.MarkdownExtensions.UseInlineOnly,Docfx.MarkdigEngine.Extensions.MarkdownExtensions.UseInlineOnly,a6d356c86d42738d716eef162495a77696391107,2023-07-12T17:48:19+08:00,a6d356c86d42738d716eef162495a77696391107,2023-07-12T17:48:19+08:00,1,1131,0.2,,,False,False,1,0,678.99,0.0,0.0014727831464378908,,38007053.0,dotnet/docfx,C#
src/Docfx.MarkdigEngine.Extensions/MarkdownExtensions.cs,4,callable,ok,Docfx.MarkdigEngine.Extensions.MarkdownExtensions.UseTabGroup,Docfx.MarkdigEngine.Extensions.MarkdownExtensions.UseTabGroup,a6d356c86d42738d716eef162495a77696391107,2023-07-12T17:48:19+08:00,a6d356c86d42738d716eef162495a77696391107,2023-07-12T17:48:19+08:00,1,1131,0.2,,,False,False,1,0,678.99,0.0,0.0014727831464378908,,38007053.0,dotnet/docfx,C#
src/Docfx.MarkdigEngine.Extensions/MarkdownExtensions.cs,5,callable,ok,Docfx.MarkdigEngine.Extensions.MarkdownExtensions.UseHeadingIdRewriter,Docfx.MarkdigEngine.Extensions.MarkdownExtensions.UseHeadingIdRewriter,a6d356c86d42738d716eef162495a77696391107,2023-07-12T17:48:19+08:00,a6d356c86d42738d716eef162495a77696391107,2023-07-12T17:48:19+08:00,1,1131,0.2,,,False,False,1,0,678.99,0.0,0.0014727831464378908,,38007053.0,dotnet/docfx,C#
src/Docfx.MarkdigEngine.Extensions/MarkdownExtensions.cs,6,callable,ok,Docfx.MarkdigEngine.Extensions.MarkdownExtensions.UseDFMCodeInfoPrefix,Docfx.MarkdigEngine.Extensions.MarkdownExtensions.UseDFMCodeInfoPrefix,a6d356c86d42738d716eef162495a77696391107,2023-07-12T17:48:19+08:00,a6d356c86d42738d716eef162495a77696391107,2023-07-12T17:48:19+08:00,1,1131,0.07692307692307693,,,False,False,1,0,678.99,0.0,0.0014727831464378908,,38007053.0,dotnet/docfx,C#
src/Docfx.MarkdigEngine.Extensions/MarkdownExtensions.cs,7,callable,ok,Docfx.MarkdigEngine.Extensions.MarkdownExtensions.UseQuoteSectionNote,Docfx.MarkdigEngine.Extensions.MarkdownExtensions.UseQuoteSectionNote,a6d356c86d42738d716eef162495a77696391107,2023-07-12T17:48:19+08:00,a6d356c86d42738d716eef162495a77696391107,2023-07-12T17:48:19+08:00,1,1131,0.2,,,False,False,1,0,678.99,0.0,0.0014727831464378908,,38007053.0,dotnet/docfx,C#
src/Docfx.MarkdigEngine.Extensions/MarkdownExtensions.cs,8,callable,ok,Docfx.MarkdigEngine.Extensions.MarkdownExtensions.UseLineNumber,Docfx.MarkdigEngine.Extensions.MarkdownExtensions.UseLineNumber,a6d356c86d42738d716eef162495a77696391107,2023-07-12T17:48:19+08:00,a6d356c86d42738d716eef162495a77696391107,2023-07-12T17:48:19+08:00,1,1131,0.2,,,False,False,1,0,678.99,0.0,0.0014727831464378908,,38007053.0,dotnet/docfx,C#
src/Docfx.MarkdigEngine.Extensions/MarkdownExtensions.cs,9,callable,ok,Docfx.MarkdigEngine.Extensions.MarkdownExtensions.UseResolveLink,Docfx.MarkdigEngine.Extensions.MarkdownExtensions.UseResolveLink,a6d356c86d42738d716eef162495a77696391107,2023-07-12T17:48:19+08:00,a6d356c86d42738d716eef162495a77696391107,2023-07-12T17:48:19+08:00,1,1131,0.2,,,False,False,1,0,678.99,0.0,0.0014727831464378908,,38007053.0,dotnet/docfx,C#
src/Docfx.MarkdigEngine.Extensions/MarkdownExtensions.cs,10,callable,ok,Docfx.MarkdigEngine.Extensions.MarkdownExtensions.UseIncludeFile,Docfx.MarkdigEngine.Extensions.MarkdownExtensions.UseIncludeFile,a6d356c86d42738d716eef162495a77696391107,2023-07-12T17:48:19+08:00,a6d356c86d42738d716eef162495a77696391107,2023-07-12T17:48:19+08:00,1,1131,0.2,,,False,False,1,0,678.99,0.0,0.0014727831464378908,,38007053.0,dotnet/docfx,C#
src/Docfx.MarkdigEngine.Extensions/MarkdownExtensions.cs,11,callable,ok,Docfx.MarkdigEngine.Extensions.MarkdownExtensions.UseCodeSnippet,Docfx.MarkdigEngine.Extensions.MarkdownExtensions.UseCodeSnippet,a6d356c86d42738d716eef162495a77696391107,2023-07-12T17:48:19+08:00,a6d356c86d42738d716eef162495a77696391107,2023-07-12T17:48:19+08:00,1,1131,0.2,,,False,False,1,0,678.99,0.0,0.0014727831464378908,,38007053.0,dotnet/docfx,C#
src/Docfx.MarkdigEngine.Extensions/MarkdownExtensions.cs,12,callable,ok,Docfx.MarkdigEngine.Extensions.MarkdownExtensions.UseInteractiveCode,Docfx.MarkdigEngine.Extensions.MarkdownExtensions.UseInteractiveCode,a6d356c86d42738d716eef162495a77696391107,2023-07-12T17:48:19+08:00,a6d356c86d42738d716eef162495a77696391107,2023-07-12T17:48:19+08:00,1,1131,0.2,,,False,False,1,0,678.99,0.0,0.0014727831464378908,,38007053.0,dotnet/docfx,C#
src/Docfx.MarkdigEngine.Extensions/MarkdownExtensions.cs,13,callable,ok,Docfx.MarkdigEngine.Extensions.MarkdownExtensions.UseXref,Docfx.MarkdigEngine.Extensions.MarkdownExtensions.UseXref,a6d356c86d42738d716eef162495a77696391107,2023-07-12T17:48:19+08:00,a6d356c86d42738d716eef162495a77696391107,2023-07-12T17:48:19+08:00,1,1131,0.2,,,False,False,1,0,678.99,0.0,0.0014727831464378908,,38007053.0,dotnet/docfx,C#
src/Docfx.MarkdigEngine.Extensions/MarkdownExtensions.cs,14,callable,ok,Docfx.MarkdigEngine.Extensions.MarkdownExtensions.UseMonikerRange,Docfx.MarkdigEngine.Extensions.MarkdownExtensions.UseMonikerRange,a6d356c86d42738d716eef162495a77696391107,2023-07-12T17:48:19+08:00,a6d356c86d42738d716eef162495a77696391107,2023-07-12T17:48:19+08:00,1,1131,0.2,,,False,False,1,0,678.99,0.0,0.0014727831464378908,,38007053.0,dotnet/docfx,C#
src/Docfx.MarkdigEngine.Extensions/MarkdownExtensions.cs,15,callable,ok,Docfx.MarkdigEngine.Extensions.MarkdownExtensions.UseRow,Docfx.MarkdigEngine.Extensions.MarkdownExtensions.UseRow,a6d356c86d42738d716eef162495a77696391107,2023-07-12T17:48:19+08:00,a6d356c86d42738d716eef162495a77696391107,2023-07-12T17:48:19+08:00,1,1131,0.2,,,False,False,1,0,678.99,0.0,0.0014727831464378908,,38007053.0,dotnet/docfx,C#
src/Docfx.MarkdigEngine.Extensions/MarkdownExtensions.cs,16,callable,ok,Docfx.MarkdigEngine.Extensions.MarkdownExtensions.UseNestedColumn,Docfx.MarkdigEngine.Extensions.MarkdownExtensions.UseNestedColumn,a6d356c86d42738d716eef162495a77696391107,2023-07-12T17:48:19+08:00,a6d356c86d42738d716eef162495a77696391107,2023-07-12T17:48:19+08:00,1,1131,0.2,,,False,False,1,0,678.99,0.0,0.0014727831464378908,,38007053.0,dotnet/docfx,C#
src/Docfx.MarkdigEngine.Extensions/MarkdownExtensions.cs,17,callable,ok,Docfx.MarkdigEngine.Extensions.MarkdownExtensions.UseTripleColon,Docfx.MarkdigEngine.Extensions.MarkdownExtensions.UseTripleColon,a6d356c86d42738d716eef162495a77696391107,2023-07-12T17:48:19+08:00,a6d356c86d42738d716eef162495a77696391107,2023-07-12T17:48:19+08:00,1,1131,0.2,,,False,False,1,0,678.99,0.0,0.0014727831464378908,,38007053.0,dotnet/docfx,C#
src/Docfx.MarkdigEngine.Extensions/MarkdownExtensions.cs,18,callable,ok,Docfx.MarkdigEngine.Extensions.MarkdownExtensions.UseNoloc,Docfx.MarkdigEngine.Extensions.MarkdownExtensions.UseNoloc,a6d356c86d42738d716eef162495a77696391107,2023-07-12T17:48:19+08:00,a6d356c86d42738d716eef162495a77696391107,2023-07-12T17:48:19+08:00,1,1131,0.2,,,False,False,1,0,678.99,0.0,0.0014727831464378908,,38007053.0,dotnet/docfx,C#
src/Docfx.MarkdigEngine.Extensions/MonikerRange/MonikerRangeBlock.cs,0,class,ok,Docfx.MarkdigEngine.Extensions.MonikerRangeBlock,Docfx.MarkdigEngine.Extensions.MonikerRangeBlock,a6d356c86d42738d716eef162495a77696391107,2023-07-12T17:48:19+08:00,a6d356c86d42738d716eef162495a77696391107,2023-07-12T17:48:19+08:00,1,1131,0.1111111111111111,,,False,False,1,0,678.99,0.0,0.0014727831464378908,,38007053.0,dotnet/docfx,C#
src/Docfx.MarkdigEngine.Extensions/MonikerRange/MonikerRangeBlock.cs,0,callable,ok,Docfx.MarkdigEngine.Extensions.MonikerRangeBlock.MonikerRangeBlock,Docfx.MarkdigEngine.Extensions.MonikerRangeBlock.MonikerRangeBlock,a6d356c86d42738d716eef162495a77696391107,2023-07-12T17:48:19+08:00,a6d356c86d42738d716eef162495a77696391107,2023-07-12T17:48:19+08:00,1,1131,0.3333333333333333,,,False,False,1,0,678.99,0.0,0.0014727831464378908,,38007053.0,dotnet/docfx,C#
src/Docfx.MarkdigEngine.Extensions/NestedColumn/NestedColumnRenderer.cs,0,class,ok,Docfx.MarkdigEngine.Extensions.NestedColumnRender,Docfx.MarkdigEngine.Extensions.NestedColumnRender,a6d356c86d42738d716eef162495a77696391107,2023-07-12T17:48:19+08:00,a6d356c86d42738d716eef162495a77696391107,2023-07-12T17:48:19+08:00,1,1131,0.0625,,,False,False,1,0,678.99,0.0,0.0014727831464378908,,38007053.0,dotnet/docfx,C#
src/Docfx.MarkdigEngine.Extensions/NestedColumn/NestedColumnRenderer.cs,0,callable,ok,Docfx.MarkdigEngine.Extensions.NestedColumnRender.Write,Docfx.MarkdigEngine.Extensions.NestedColumnRender.Write,a6d356c86d42738d716eef162495a77696391107,2023-07-12T17:48:19+08:00,a6d356c86d42738d716eef162495a77696391107,2023-07-12T17:48:19+08:00,1,1131,0.07692307692307693,,,False,False,1,0,678.99,0.0,0.0014727831464378908,,38007053.0,dotnet/docfx,C#
src/Docfx.MarkdigEngine.Extensions/QuoteSectionNote/QuoteSectionNoteRender.cs,0,class,ok,Docfx.MarkdigEngine.Extensions.QuoteSectionNoteRender,Docfx.MarkdigEngine.Extensions.QuoteSectionNoteRender,a6d356c86d42738d716eef162495a77696391107,2023-07-12T17:48:19+08:00,a6d356c86d42738d716eef162495a77696391107,2023-07-12T17:48:19+08:00,1,1131,0.007633587786259542,,,False,False,1,0,678.99,0.0,0.0014727831464378908,,38007053.0,dotnet/docfx,C#
src/Docfx.MarkdigEngine.Extensions/QuoteSectionNote/QuoteSectionNoteRender.cs,0,callable,ok,Docfx.MarkdigEngine.Extensions.QuoteSectionNoteRender.QuoteSectionNoteRender,Docfx.MarkdigEngine.Extensions.QuoteSectionNoteRender.QuoteSectionNoteRender,a6d356c86d42738d716eef162495a77696391107,2023-07-12T17:48:19+08:00,a6d356c86d42738d716eef162495a77696391107,2023-07-12T17:48:19+08:00,1,1131,0.2,,,False,False,1,0,678.99,0.0,0.0014727831464378908,,38007053.0,dotnet/docfx,C#
src/Docfx.MarkdigEngine.Extensions/QuoteSectionNote/QuoteSectionNoteRender.cs,1,callable,ok,Docfx.MarkdigEngine.Extensions.QuoteSectionNoteRender.Write,Docfx.MarkdigEngine.Extensions.QuoteSectionNoteRender.Write,a6d356c86d42738d716eef162495a77696391107,2023-07-12T17:48:19+08:00,a6d356c86d42738d716eef162495a77696391107,2023-07-12T17:48:19+08:00,1,1131,0.047619047619047616,,,False,False,1,0,678.99,0.0,0.0014727831464378908,,38007053.0,dotnet/docfx,C#
src/Docfx.MarkdigEngine.Extensions/QuoteSectionNote/QuoteSectionNoteRender.cs,2,callable,ok,Docfx.MarkdigEngine.Extensions.QuoteSectionNoteRender.WriteNote,Docfx.MarkdigEngine.Extensions.QuoteSectionNoteRender.WriteNote,a6d356c86d42738d716eef162495a77696391107,2023-07-12T17:48:19+08:00,a6d356c86d42738d716eef162495a77696391107,2023-07-12T17:48:19+08:00,1,1131,0.05,,,False,False,1,0,678.99,0.0,0.0014727831464378908,,38007053.0,dotnet/docfx,C#
src/Docfx.MarkdigEngine.Extensions/QuoteSectionNote/QuoteSectionNoteRender.cs,3,callable,ok,Docfx.MarkdigEngine.Extensions.QuoteSectionNoteRender.WriteSection,Docfx.MarkdigEngine.Extensions.QuoteSectionNoteRender.WriteSection,a6d356c86d42738d716eef162495a77696391107,2023-07-12T17:48:19+08:00,a6d356c86d42738d716eef162495a77696391107,2023-07-12T17:48:19+08:00,1,1131,0.08333333333333333,,,False,False,1,0,678.99,0.0,0.0014727831464378908,,38007053.0,dotnet/docfx,C#
src/Docfx.MarkdigEngine.Extensions/QuoteSectionNote/QuoteSectionNoteRender.cs,4,callable,ok,Docfx.MarkdigEngine.Extensions.QuoteSectionNoteRender.WriteQuote,Docfx.MarkdigEngine.Extensions.QuoteSectionNoteRender.WriteQuote,a6d356c86d42738d716eef162495a77696391107,2023-07-12T17:48:19+08:00,a6d356c86d42738d716eef162495a77696391107,2023-07-12T17:48:19+08:00,1,1131,0.1111111111111111,,,False,False,1,0,678.99,0.0,0.0014727831464378908,,38007053.0,dotnet/docfx,C#
src/Docfx.MarkdigEngine.Extensions/QuoteSectionNote/QuoteSectionNoteRender.cs,5,callable,ok,Docfx.MarkdigEngine.Extensions.QuoteSectionNoteRender.WriteVideo,Docfx.MarkdigEngine.Extensions.QuoteSectionNoteRender.WriteVideo,a6d356c86d42738d716eef162495a77696391107,2023-07-12T17:48:19+08:00,a6d356c86d42738d716eef162495a77696391107,2023-07-12T17:48:19+08:00,1,1131,0.07692307692307693,,,False,False,1,0,678.99,0.0,0.0014727831464378908,,38007053.0,dotnet/docfx,C#
src/Docfx.MarkdigEngine.Extensions/QuoteSectionNote/QuoteSectionNoteRender.cs,6,callable,ok,Docfx.MarkdigEngine.Extensions.QuoteSectionNoteRender.FixUpLink,Docfx.MarkdigEngine.Extensions.QuoteSectionNoteRender.FixUpLink,a6d356c86d42738d716eef162495a77696391107,2023-07-12T17:48:19+08:00,a6d356c86d42738d716eef162495a77696391107,2023-07-12T17:48:19+08:00,1,1131,0.02564102564102564,,,False,False,1,0,678.99,0.0,0.0014727831464378908,,38007053.0,dotnet/docfx,C#
src/Docfx.MarkdigEngine.Extensions/Row/RowExtension.cs,0,class,ok,Docfx.MarkdigEngine.Extensions.RowExtension,Docfx.MarkdigEngine.Extensions.RowExtension,a6d356c86d42738d716eef162495a77696391107,2023-07-12T17:48:19+08:00,a6d356c86d42738d716eef162495a77696391107,2023-07-12T17:48:19+08:00,1,1131,0.034482758620689655,,,False,False,1,0,678.99,0.0,0.0014727831464378908,,38007053.0,dotnet/docfx,C#
src/Docfx.MarkdigEngine.Extensions/Row/RowExtension.cs,0,callable,ok,Docfx.MarkdigEngine.Extensions.RowExtension.RowExtension,Docfx.MarkdigEngine.Extensions.RowExtension.RowExtension,a6d356c86d42738d716eef162495a77696391107,2023-07-12T17:48:19+08:00,a6d356c86d42738d716eef162495a77696391107,2023-07-12T17:48:19+08:00,1,1131,0.25,,,False,False,1,0,678.99,0.0,0.0014727831464378908,,38007053.0,dotnet/docfx,C#
src/Docfx.MarkdigEngine.Extensions/Row/RowExtension.cs,1,callable,ok,Docfx.MarkdigEngine.Extensions.RowExtension.Setup,Docfx.MarkdigEngine.Extensions.RowExtension.Setup,a6d356c86d42738d716eef162495a77696391107,2023-07-12T17:48:19+08:00,a6d356c86d42738d716eef162495a77696391107,2023-07-12T17:48:19+08:00,1,1131,0.14285714285714285,,,False,False,1,0,678.99,0.0,0.0014727831464378908,,38007053.0,dotnet/docfx,C#
src/Docfx.MarkdigEngine.Extensions/TabGroup/HtmlTabTitleBlockRenderer.cs,0,class,ok,Docfx.MarkdigEngine.Extensions.HtmlTabTitleBlockRenderer,Docfx.MarkdigEngine.Extensions.HtmlTabTitleBlockRenderer,a6d356c86d42738d716eef162495a77696391107,2023-07-12T17:48:19+08:00,a6d356c86d42738d716eef162495a77696391107,2023-07-12T17:48:19+08:00,1,1131,0.1,,,False,False,1,0,678.99,0.0,0.0014727831464378908,,38007053.0,dotnet/docfx,C#
src/Docfx.MarkdigEngine.Extensions/TabGroup/HtmlTabTitleBlockRenderer.cs,0,callable,ok,Docfx.MarkdigEngine.Extensions.HtmlTabTitleBlockRenderer.Write,Docfx.MarkdigEngine.Extensions.HtmlTabTitleBlockRenderer.Write,a6d356c86d42738d716eef162495a77696391107,2023-07-12T17:48:19+08:00,a6d356c86d42738d716eef162495a77696391107,2023-07-12T17:48:19+08:00,1,1131,0.14285714285714285,,,False,False,1,0,678.99,0.0,0.0014727831464378908,,38007053.0,dotnet/docfx,C#
src/Docfx.MarkdigEngine.Extensions/TabGroup/TabItemBlock.cs,0,class,ok,Docfx.MarkdigEngine.Extensions.TabItemBlock,Docfx.MarkdigEngine.Extensions.TabItemBlock,a6d356c86d42738d716eef162495a77696391107,2023-07-12T17:48:19+08:00,a6d356c86d42738d716eef162495a77696391107,2023-07-12T17:48:19+08:00,1,1131,0.047619047619047616,,,False,False,1,0,678.99,0.0,0.0014727831464378908,,38007053.0,dotnet/docfx,C#
src/Docfx.MarkdigEngine.Extensions/TabGroup/TabItemBlock.cs,0,callable,ok,Docfx.MarkdigEngine.Extensions.TabItemBlock.TabItemBlock,Docfx.MarkdigEngine.Extensions.TabItemBlock.TabItemBlock,a6d356c86d42738d716eef162495a77696391107,2023-07-12T17:48:19+08:00,a6d356c86d42738d716eef162495a77696391107,2023-07-12T17:48:19+08:00,1,1131,0.125,,,False,False,1,0,678.99,0.0,0.0014727831464378908,,38007053.0,dotnet/docfx,C#
src/Docfx.MarkdigEngine.Extensions/TripleColon/TripleColonExtension.cs,0,class,ok,Docfx.MarkdigEngine.Extensions.TripleColonExtension,Docfx.MarkdigEngine.Extensions.TripleColonExtension,a6d356c86d42738d716eef162495a77696391107,2023-07-12T17:48:19+08:00,a6d356c86d42738d716eef162495a77696391107,2023-07-12T17:48:19+08:00,1,1131,0.0196078431372549,,,False,False,1,0,678.99,0.0,0.0014727831464378908,,38007053.0,dotnet/docfx,C#
src/Docfx.MarkdigEngine.Extensions/TripleColon/TripleColonExtension.cs,0,callable,ok,Docfx.MarkdigEngine.Extensions.TripleColonExtension.TripleColonExtension,Docfx.MarkdigEngine.Extensions.TripleColonExtension.TripleColonExtension,a6d356c86d42738d716eef162495a77696391107,2023-07-12T17:48:19+08:00,a6d356c86d42738d716eef162495a77696391107,2023-07-12T17:48:19+08:00,1,1131,0.05555555555555555,,,False,False,1,0,678.99,0.0,0.0014727831464378908,,38007053.0,dotnet/docfx,C#
src/Docfx.MarkdigEngine.Extensions/TripleColon/TripleColonExtension.cs,1,callable,ok,Docfx.MarkdigEngine.Extensions.TripleColonExtension.Setup,Docfx.MarkdigEngine.Extensions.TripleColonExtension.Setup,a6d356c86d42738d716eef162495a77696391107,2023-07-12T17:48:19+08:00,a6d356c86d42738d716eef162495a77696391107,2023-07-12T17:48:19+08:00,1,1131,0.125,,,False,False,1,0,678.99,0.0,0.0014727831464378908,,38007053.0,dotnet/docfx,C#
src/Docfx.MarkdigEngine.Extensions/TripleColon/ZoneExtension.cs,0,class,ok,Docfx.MarkdigEngine.Extensions.ZoneExtension,Docfx.MarkdigEngine.Extensions.ZoneExtension,a6d356c86d42738d716eef162495a77696391107,2023-07-12T17:48:19+08:00,a6d356c86d42738d716eef162495a77696391107,2023-07-12T17:48:19+08:00,1,1131,0.011764705882352941,,,False,False,1,0,678.99,0.0,0.0014727831464378908,,38007053.0,dotnet/docfx,C#
src/Docfx.MarkdigEngine.Extensions/TripleColon/ZoneExtension.cs,0,callable,ok,Docfx.MarkdigEngine.Extensions.ZoneExtension.Render,Docfx.MarkdigEngine.Extensions.ZoneExtension.Render,a6d356c86d42738d716eef162495a77696391107,2023-07-12T17:48:19+08:00,a6d356c86d42738d716eef162495a77696391107,2023-07-12T17:48:19+08:00,1,1131,0.25,,,False,False,1,0,678.99,0.0,0.0014727831464378908,,38007053.0,dotnet/docfx,C#
src/Docfx.MarkdigEngine.Extensions/TripleColon/ZoneExtension.cs,1,callable,ok,Docfx.MarkdigEngine.Extensions.ZoneExtension.TryProcessAttributes,Docfx.MarkdigEngine.Extensions.ZoneExtension.TryProcessAttributes,a6d356c86d42738d716eef162495a77696391107,2023-07-12T17:48:19+08:00,a6d356c86d42738d716eef162495a77696391107,2023-07-12T17:48:19+08:00,1,1131,0.01694915254237288,,,False,False,1,0,678.99,0.0,0.0014727831464378908,,38007053.0,dotnet/docfx,C#
src/Docfx.MarkdigEngine.Extensions/TripleColon/ZoneExtension.cs,2,callable,ok,Docfx.MarkdigEngine.Extensions.ZoneExtension.TryValidateAncestry,Docfx.MarkdigEngine.Extensions.ZoneExtension.TryValidateAncestry,a6d356c86d42738d716eef162495a77696391107,2023-07-12T17:48:19+08:00,a6d356c86d42738d716eef162495a77696391107,2023-07-12T17:48:19+08:00,1,1131,0.07692307692307693,,,False,False,1,0,678.99,0.0,0.0014727831464378908,,38007053.0,dotnet/docfx,C#
src/Docfx.Plugins/FileAbstractLayerExtensions.cs,0,class,ok,Docfx.Plugins.FileAbstractLayerExtensions,Docfx.Plugins.FileAbstractLayerExtensions,a6d356c86d42738d716eef162495a77696391107,2023-07-12T17:48:19+08:00,a6d356c86d42738d716eef162495a77696391107,2023-07-12T17:48:19+08:00,1,1131,0.02040816326530612,,,False,False,1,0,678.99,0.0,0.0014727831464378908,,38007053.0,dotnet/docfx,C#
src/Docfx.Plugins/FileAbstractLayerExtensions.cs,0,callable,ok,Docfx.Plugins.FileAbstractLayerExtensions.OpenReadText,Docfx.Plugins.FileAbstractLayerExtensions.OpenReadText,a6d356c86d42738d716eef162495a77696391107,2023-07-12T17:48:19+08:00,a6d356c86d42738d716eef162495a77696391107,2023-07-12T17:48:19+08:00,1,1131,0.5,,,False,False,1,0,678.99,0.0,0.0014727831464378908,,38007053.0,dotnet/docfx,C#
src/Docfx.Plugins/FileAbstractLayerExtensions.cs,1,callable,ok,Docfx.Plugins.FileAbstractLayerExtensions.ReadAllText,Docfx.Plugins.FileAbstractLayerExtensions.ReadAllText,a6d356c86d42738d716eef162495a77696391107,2023-07-12T17:48:19+08:00,a6d356c86d42738d716eef162495a77696391107,2023-07-12T17:48:19+08:00,1,1131,0.2,,,False,False,1,0,678.99,0.0,0.0014727831464378908,,38007053.0,dotnet/docfx,C#
src/Docfx.Plugins/FileAbstractLayerExtensions.cs,2,callable,ok,Docfx.Plugins.FileAbstractLayerExtensions.ReadAllLines,Docfx.Plugins.FileAbstractLayerExtensions.ReadAllLines,a6d356c86d42738d716eef162495a77696391107,2023-07-12T17:48:19+08:00,a6d356c86d42738d716eef162495a77696391107,2023-07-12T17:48:19+08:00,1,1131,0.09090909090909091,,,False,False,1,0,678.99,0.0,0.0014727831464378908,,38007053.0,dotnet/docfx,C#
src/Docfx.Plugins/FileAbstractLayerExtensions.cs,3,callable,ok,Docfx.Plugins.FileAbstractLayerExtensions.CreateText,Docfx.Plugins.FileAbstractLayerExtensions.CreateText,a6d356c86d42738d716eef162495a77696391107,2023-07-12T17:48:19+08:00,a6d356c86d42738d716eef162495a77696391107,2023-07-12T17:48:19+08:00,1,1131,0.5,,,False,False,1,0,678.99,0.0,0.0014727831464378908,,38007053.0,dotnet/docfx,C#
src/Docfx.Plugins/FileAbstractLayerExtensions.cs,4,callable,ok,Docfx.Plugins.FileAbstractLayerExtensions.WriteAllText,Docfx.Plugins.FileAbstractLayerExtensions.WriteAllText,a6d356c86d42738d716eef162495a77696391107,2023-07-12T17:48:19+08:00,a6d356c86d42738d716eef162495a77696391107,2023-07-12T17:48:19+08:00,1,1131,0.2,,,False,False,1,0,678.99,0.0,0.0014727831464378908,,38007053.0,dotnet/docfx,C#
src/Docfx.Plugins/FileAbstractLayerExtensions.cs,5,callable,ok,Docfx.Plugins.FileAbstractLayerExtensions.HasProperty,Docfx.Plugins.FileAbstractLayerExtensions.HasProperty,a6d356c86d42738d716eef162495a77696391107,2023-07-12T17:48:19+08:00,a6d356c86d42738d716eef162495a77696391107,2023-07-12T17:48:19+08:00,1,1131,0.2,,,False,False,1,0,678.99,0.0,0.0014727831464378908,,38007053.0,dotnet/docfx,C#
src/Docfx.Plugins/FileAbstractLayerExtensions.cs,6,callable,ok,Docfx.Plugins.FileAbstractLayerExtensions.GetProperty,Docfx.Plugins.FileAbstractLayerExtensions.GetProperty,a6d356c86d42738d716eef162495a77696391107,2023-07-12T17:48:19+08:00,a6d356c86d42738d716eef162495a77696391107,2023-07-12T17:48:19+08:00,1,1131,0.16666666666666666,,,False,False,1,0,678.99,0.0,0.0014727831464378908,,38007053.0,dotnet/docfx,C#
src/Docfx.Plugins/FileAbstractLayerExtensions.cs,7,callable,ok,Docfx.Plugins.FileAbstractLayerExtensions.GetAllPhysicalPaths,Docfx.Plugins.FileAbstractLayerExtensions.GetAllPhysicalPaths,a6d356c86d42738d716eef162495a77696391107,2023-07-12T17:48:19+08:00,a6d356c86d42738d716eef162495a77696391107,2023-07-12T17:48:19+08:00,1,1131,0.3333333333333333,,,False,False,1,0,678.99,0.0,0.0014727831464378908,,38007053.0,dotnet/docfx,C#
src/Docfx.Plugins/FileAndType.cs,0,class,ok,Docfx.Plugins.FileAndType,Docfx.Plugins.FileAndType,a6d356c86d42738d716eef162495a77696391107,2023-07-12T17:48:19+08:00,a6d356c86d42738d716eef162495a77696391107,2023-07-12T17:48:19+08:00,1,1131,0.007633587786259542,,,False,False,1,0,678.99,0.0,0.0014727831464378908,,38007053.0,dotnet/docfx,C#
src/Docfx.Plugins/FileAndType.cs,0,callable,ok,Docfx.Plugins.FileAndType.FileAndType,Docfx.Plugins.FileAndType.FileAndType,a6d356c86d42738d716eef162495a77696391107,2023-07-12T17:48:19+08:00,a6d356c86d42738d716eef162495a77696391107,2023-07-12T17:48:19+08:00,1,1131,0.025,,,False,False,1,0,678.99,0.0,0.0014727831464378908,,38007053.0,dotnet/docfx,C#
src/Docfx.Plugins/FileAndType.cs,1,callable,ok,Docfx.Plugins.FileAndType.ChangeBaseDir,Docfx.Plugins.FileAndType.ChangeBaseDir,a6d356c86d42738d716eef162495a77696391107,2023-07-12T17:48:19+08:00,a6d356c86d42738d716eef162495a77696391107,2023-07-12T17:48:19+08:00,1,1131,0.25,,,False,False,1,0,678.99,0.0,0.0014727831464378908,,38007053.0,dotnet/docfx,C#
src/Docfx.Plugins/FileAndType.cs,2,callable,ok,Docfx.Plugins.FileAndType.ChangeFile,Docfx.Plugins.FileAndType.ChangeFile,a6d356c86d42738d716eef162495a77696391107,2023-07-12T17:48:19+08:00,a6d356c86d42738d716eef162495a77696391107,2023-07-12T17:48:19+08:00,1,1131,0.25,,,False,False,1,0,678.99,0.0,0.0014727831464378908,,38007053.0,dotnet/docfx,C#
src/Docfx.Plugins/FileAndType.cs,3,callable,ok,Docfx.Plugins.FileAndType.ChangeType,Docfx.Plugins.FileAndType.ChangeType,a6d356c86d42738d716eef162495a77696391107,2023-07-12T17:48:19+08:00,a6d356c86d42738d716eef162495a77696391107,2023-07-12T17:48:19+08:00,1,1131,0.25,,,False,False,1,0,678.99,0.0,0.0014727831464378908,,38007053.0,dotnet/docfx,C#
src/Docfx.Plugins/FileAndType.cs,4,callable,ok,Docfx.Plugins.FileAndType.Equals,Docfx.Plugins.FileAndType.Equals,a6d356c86d42738d716eef162495a77696391107,2023-07-12T17:48:19+08:00,a6d356c86d42738d716eef162495a77696391107,2023-07-12T17:48:19+08:00,1,1131,0.25,,,False,False,1,0,678.99,0.0,0.0014727831464378908,,38007053.0,dotnet/docfx,C#
src/Docfx.Plugins/FileAndType.cs,5,callable,ok,Docfx.Plugins.FileAndType.GetHashCode,Docfx.Plugins.FileAndType.GetHashCode,a6d356c86d42738d716eef162495a77696391107,2023-07-12T17:48:19+08:00,a6d356c86d42738d716eef162495a77696391107,2023-07-12T17:48:19+08:00,1,1131,0.25,,,False,False,1,0,678.99,0.0,0.0014727831464378908,,38007053.0,dotnet/docfx,C#
src/Docfx.Plugins/FileAndType.cs,6,callable,ok,Docfx.Plugins.FileAndType.operator==,Docfx.Plugins.FileAndType.operator==,a6d356c86d42738d716eef162495a77696391107,2023-07-12T17:48:19+08:00,a6d356c86d42738d716eef162495a77696391107,2023-07-12T17:48:19+08:00,1,1131,0.08333333333333333,,,False,False,1,0,678.99,0.0,0.0014727831464378908,,38007053.0,dotnet/docfx,C#
src/Docfx.Plugins/FileAndType.cs,7,callable,ok,Docfx.Plugins.FileAndType.operator!=,Docfx.Plugins.FileAndType.operator!=,a6d356c86d42738d716eef162495a77696391107,2023-07-12T17:48:19+08:00,a6d356c86d42738d716eef162495a77696391107,2023-07-12T17:48:19+08:00,1,1131,0.25,,,False,False,1,0,678.99,0.0,0.0014727831464378908,,38007053.0,dotnet/docfx,C#
src/Docfx.Plugins/FileAndType.cs,8,callable,ok,Docfx.Plugins.FileAndType.GetStringComparer,Docfx.Plugins.FileAndType.GetStringComparer,a6d356c86d42738d716eef162495a77696391107,2023-07-12T17:48:19+08:00,a6d356c86d42738d716eef162495a77696391107,2023-07-12T17:48:19+08:00,1,1131,0.09090909090909091,,,False,False,1,0,678.99,0.0,0.0014727831464378908,,38007053.0,dotnet/docfx,C#
src/Docfx.Plugins/TreeItem.cs,0,class,ok,Docfx.Plugins.TreeItem,Docfx.Plugins.TreeItem,a6d356c86d42738d716eef162495a77696391107,2023-07-12T17:48:19+08:00,a6d356c86d42738d716eef162495a77696391107,2023-07-12T17:48:19+08:00,1,1131,0.125,,,False,False,1,0,678.99,0.0,0.0014727831464378908,,38007053.0,dotnet/docfx,C#
src/Docfx.YamlSerialization/Helpers/Regexes.cs,0,class,ok,Docfx.YamlSerialization.Helpers.Regexes,Docfx.YamlSerialization.Helpers.Regexes,a6d356c86d42738d716eef162495a77696391107,2023-07-12T17:48:19+08:00,a6d356c86d42738d716eef162495a77696391107,2023-07-12T17:48:19+08:00,1,1131,0.0625,,,False,False,1,0,678.99,0.0,0.0014727831464378908,,38007053.0,dotnet/docfx,C#
src/Docfx.YamlSerialization/Helpers/TypeConverterCache.cs,0,class,ok,Docfx.YamlSerialization.Helpers.TypeConverterCache,Docfx.YamlSerialization.Helpers.TypeConverterCache,f70ab076cfe91143c800c8b0b5a8ef347cae89fb,2025-02-20T12:23:57+09:00,f70ab076cfe91143c800c8b0b5a8ef347cae89fb,2025-02-20T12:23:57+09:00,1,543,0.014925373134328358,,,False,False,1,0,90.25,0.0,0.011079901865924724,,38007053.0,dotnet/docfx,C#
src/Docfx.YamlSerialization/Helpers/TypeConverterCache.cs,0,callable,ok,Docfx.YamlSerialization.Helpers.TypeConverterCache.TypeConverterCache,Docfx.YamlSerialization.Helpers.TypeConverterCache.TypeConverterCache,f70ab076cfe91143c800c8b0b5a8ef347cae89fb,2025-02-20T12:23:57+09:00,f70ab076cfe91143c800c8b0b5a8ef347cae89fb,2025-02-20T12:23:57+09:00,1,543,0.25,,,False,False,1,0,90.25,0.0,0.011079901865924724,,38007053.0,dotnet/docfx,C#
src/Docfx.YamlSerialization/Helpers/TypeConverterCache.cs,1,callable,ok,Docfx.YamlSerialization.Helpers.TypeConverterCache.TryGetConverterForType,Docfx.YamlSerialization.Helpers.TypeConverterCache.TryGetConverterForType,f70ab076cfe91143c800c8b0b5a8ef347cae89fb,2025-02-20T12:23:57+09:00,f70ab076cfe91143c800c8b0b5a8ef347cae89fb,2025-02-20T12:23:57+09:00,1,543,0.14285714285714285,,,False,False,1,0,90.25,0.0,0.011079901865924724,,38007053.0,dotnet/docfx,C#
src/Docfx.YamlSerialization/Helpers/TypeConverterCache.cs,2,callable,ok,Docfx.YamlSerialization.Helpers.TypeConverterCache.GetConverterByType,Docfx.YamlSerialization.Helpers.TypeConverterCache.GetConverterByType,f70ab076cfe91143c800c8b0b5a8ef347cae89fb,2025-02-20T12:23:57+09:00,f70ab076cfe91143c800c8b0b5a8ef347cae89fb,2025-02-20T12:23:57+09:00,1,543,0.07692307692307693,,,False,False,1,0,90.25,0.0,0.011079901865924724,,38007053.0,dotnet/docfx,C#
src/Docfx.YamlSerialization/Helpers/TypeConverterCache.cs,3,callable,ok,Docfx.YamlSerialization.Helpers.TypeConverterCache.LookupTypeConverter,Docfx.YamlSerialization.Helpers.TypeConverterCache.LookupTypeConverter,f70ab076cfe91143c800c8b0b5a8ef347cae89fb,2025-02-20T12:23:57+09:00,f70ab076cfe91143c800c8b0b5a8ef347cae89fb,2025-02-20T12:23:57+09:00,1,543,0.07692307692307693,,,False,False,1,0,90.25,0.0,0.011079901865924724,,38007053.0,dotnet/docfx,C#
src/Docfx.YamlSerialization/NodeDeserializers/EmitGenericDictionaryNodeDeserializer.cs,0,class,ok,Docfx.YamlSerialization.NodeDeserializers.EmitGenericDictionaryNodeDeserializer,Docfx.YamlSerialization.NodeDeserializers.EmitGenericDictionaryNodeDeserializer,a6d356c86d42738d716eef162495a77696391107,2023-07-12T17:48:19+08:00,a6d356c86d42738d716eef162495a77696391107,2023-07-12T17:48:19+08:00,1,1131,0.007575757575757576,,,False,False,1,0,678.99,0.0,0.0014727831464378908,,38007053.0,dotnet/docfx,C#
src/Docfx.YamlSerialization/NodeDeserializers/EmitGenericDictionaryNodeDeserializer.cs,0,callable,ok,Docfx.YamlSerialization.NodeDeserializers.EmitGenericDictionaryNodeDeserializer.EmitGenericDictionaryNodeDeserializer,Docfx.YamlSerialization.NodeDeserializers.EmitGenericDictionaryNodeDeserializer.EmitGenericDictionaryNodeDeserializer,a6d356c86d42738d716eef162495a77696391107,2023-07-12T17:48:19+08:00,a6d356c86d42738d716eef162495a77696391107,2023-07-12T17:48:19+08:00,1,1131,0.25,,,False,False,1,0,678.99,0.0,0.0014727831464378908,,38007053.0,dotnet/docfx,C#
src/Docfx.YamlSerialization/NodeDeserializers/EmitGenericDictionaryNodeDeserializer.cs,1,callable,ok,Docfx.YamlSerialization.NodeDeserializers.EmitGenericDictionaryNodeDeserializer.Deserialize,Docfx.YamlSerialization.NodeDeserializers.EmitGenericDictionaryNodeDeserializer.Deserialize,a6d356c86d42738d716eef162495a77696391107,2023-07-12T17:48:19+08:00,a6d356c86d42738d716eef162495a77696391107,2023-07-12T17:48:19+08:00,1,1131,0.02,,,False,False,1,0,678.99,0.0,0.0014727831464378908,,38007053.0,dotnet/docfx,C#
src/Docfx.YamlSerialization/NodeDeserializers/EmitGenericDictionaryNodeDeserializer.cs,2,callable,ok,Docfx.YamlSerialization.NodeDeserializers.EmitGenericDictionaryNodeDeserializer.DeserializeHelper,Docfx.YamlSerialization.NodeDeserializers.EmitGenericDictionaryNodeDeserializer.DeserializeHelper,a6d356c86d42738d716eef162495a77696391107,2023-07-12T17:48:19+08:00,a6d356c86d42738d716eef162495a77696391107,2023-07-12T17:48:19+08:00,1,1131,0.015384615384615385,,,False,False,1,0,678.99,0.0,0.0014727831464378908,,38007053.0,dotnet/docfx,C#
src/Docfx.YamlSerialization/NodeTypeResolvers/ScalarYamlNodeTypeResolver.cs,0,class,ok,Docfx.YamlSerialization.NodeTypeResolvers.ScalarYamlNodeTypeResolver,Docfx.YamlSerialization.NodeTypeResolvers.ScalarYamlNodeTypeResolver,a6d356c86d42738d716eef162495a77696391107,2023-07-12T17:48:19+08:00,a6d356c86d42738d716eef162495a77696391107,2023-07-12T17:48:19+08:00,1,1131,0.023255813953488372,,,False,False,1,0,678.99,0.0,0.0014727831464378908,,38007053.0,dotnet/docfx,C#
src/Docfx.YamlSerialization/NodeTypeResolvers/ScalarYamlNodeTypeResolver.cs,0,callable,ok,Docfx.YamlSerialization.NodeTypeResolvers.ScalarYamlNodeTypeResolver.Resolve,Docfx.YamlSerialization.NodeTypeResolvers.ScalarYamlNodeTypeResolver.Resolve,a6d356c86d42738d716eef162495a77696391107,2023-07-12T17:48:19+08:00,a6d356c86d42738d716eef162495a77696391107,2023-07-12T17:48:19+08:00,1,1131,0.025,,,False,False,1,0,678.99,0.0,0.0014727831464378908,,38007053.0,dotnet/docfx,C#
src/docfx/Models/MetadataCommandOptions.cs,0,class,ok,Microsoft.DocAsCode.MetadataCommandOptions,Microsoft.DocAsCode.MetadataCommandOptions,917c55265be5c06f4cb0415e20bd7f32e1a28353,2015-12-15T16:29:40+08:00,917c55265be5c06f4cb0415e20bd7f32e1a28353,2015-12-15T16:29:40+08:00,1,3898,0.043478260869565216,,,False,False,1,0,3445.04,0.0,0.0002902722901905839,,38007053.0,dotnet/docfx,C#
src/docfx/Models/PdfCommand.cs,0,class,ok,Microsoft.DocAsCode.PdfCommand,Microsoft.DocAsCode.PdfCommand,dfdb7b56f11032bd78f7cd9be7e8544fff9140a3,2023-04-15T11:48:36+08:00,dfdb7b56f11032bd78f7cd9be7e8544fff9140a3,2023-04-15T11:48:36+08:00,1,1220,0.01,,,False,False,1,0,767.24,0.0,0.0013033792641772364,,38007053.0,dotnet/docfx,C#
src/docfx/Models/PdfCommand.cs,1,class,ok,Microsoft.DocAsCode.PdfCommand.PdfConfig,Microsoft.DocAsCode.PdfCommand.PdfConfig,dfdb7b56f11032bd78f7cd9be7e8544fff9140a3,2023-04-15T11:48:36+08:00,dfdb7b56f11032bd78f7cd9be7e8544fff9140a3,2023-04-15T11:48:36+08:00,1,1220,0.2,,,False,False,1,0,767.24,0.0,0.0013033792641772364,,38007053.0,dotnet/docfx,C#
src/docfx/Models/PdfCommand.cs,0,callable,ok,Microsoft.DocAsCode.PdfCommand.Execute,Microsoft.DocAsCode.PdfCommand.Execute,dfdb7b56f11032bd78f7cd9be7e8544fff9140a3,2023-04-15T11:48:36+08:00,dfdb7b56f11032bd78f7cd9be7e8544fff9140a3,2023-04-15T11:48:36+08:00,1,1220,0.125,,,False,False,1,0,767.24,0.0,0.0013033792641772364,,38007053.0,dotnet/docfx,C#
src/docfx/Models/PdfCommand.cs,1,callable,ok,Microsoft.DocAsCode.PdfCommand.ParseOptions,Microsoft.DocAsCode.PdfCommand.ParseOptions,dfdb7b56f11032bd78f7cd9be7e8544fff9140a3,2023-04-15T11:48:36+08:00,dfdb7b56f11032bd78f7cd9be7e8544fff9140a3,2023-04-15T11:48:36+08:00,1,1220,0.14285714285714285,,,False,False,1,0,767.24,0.0,0.0013033792641772364,,38007053.0,dotnet/docfx,C#
src/docfx/Models/PdfCommand.cs,2,callable,ok,Microsoft.DocAsCode.PdfCommand.MergeOptionsToConfig,Microsoft.DocAsCode.PdfCommand.MergeOptionsToConfig,dfdb7b56f11032bd78f7cd9be7e8544fff9140a3,2023-04-15T11:48:36+08:00,dfdb7b56f11032bd78f7cd9be7e8544fff9140a3,2023-04-15T11:48:36+08:00,1,1220,0.013513513513513514,,,False,False,1,0,767.24,0.0,0.0013033792641772364,,38007053.0,dotnet/docfx,C#
src/docfx/Models/PdfCommandOptions.cs,0,class,ok,Microsoft.DocAsCode.PdfCommandOptions,Docfx.PdfCommandOptions,222f978fe67abb59846fd5e79e54a4e21ff72a99,2017-05-08T15:22:11+08:00,a6d356c86d42738d716eef162495a77696391107,2023-07-12T17:48:19+08:00,9,2256,0.15,1.8741894489215134,,True,True,9,0,2935.09,0.0,0.003066347514676639,,38007053.0,dotnet/docfx,C#
src/docfx/Models/PdfCommandOptions.cs,1,class,ok,Docfx.PdfCommandOptions,Docfx.PdfCommandOptions,a5c719410037cc288c7adff010b1abf3c0f2e581,2024-02-18T14:31:26+08:00,09b06ea353f57ed9cdb0c786c833a8ebf5ed4049,2024-07-16T15:05:38+09:00,2,911,0.18181818181818182,,,False,False,2,0,458.12,0.0,0.004365636839547739,,38007053.0,dotnet/docfx,C#
test/Docfx.Build.Common.Tests/ModelAttributeHandlerTest.cs,0,class,ok,Docfx.Build.Common.Tests.ModelAttributeHandlerTest,Docfx.Build.Common.Tests.ModelAttributeHandlerTest,a6d356c86d42738d716eef162495a77696391107,2023-07-12T17:48:19+08:00,a6d356c86d42738d716eef162495a77696391107,2023-07-12T17:48:19+08:00,1,1131,0.0023584905660377358,,,False,False,1,0,678.99,0.0,0.0014727831464378908,,38007053.0,dotnet/docfx,C#
test/Docfx.Build.Common.Tests/ModelAttributeHandlerTest.cs,1,class,ok,Docfx.Build.Common.Tests.ModelAttributeHandlerTest.LoopModel,Docfx.Build.Common.Tests.ModelAttributeHandlerTest.LoopModel,a6d356c86d42738d716eef162495a77696391107,2023-07-12T17:48:19+08:00,a6d356c86d42738d716eef162495a77696391107,2023-07-12T17:48:19+08:00,1,1131,0.1,,,False,False,1,0,678.99,0.0,0.0014727831464378908,,38007053.0,dotnet/docfx,C#
test/Docfx.Build.Common.Tests/ModelAttributeHandlerTest.cs,2,class,ok,Docfx.Build.Common.Tests.ModelAttributeHandlerTest.MarkdownModel1,Docfx.Build.Common.Tests.ModelAttributeHandlerTest.MarkdownModel1,a6d356c86d42738d716eef162495a77696391107,2023-07-12T17:48:19+08:00,a6d356c86d42738d716eef162495a77696391107,2023-07-12T17:48:19+08:00,1,1131,0.05,,,False,False,1,0,678.99,0.0,0.0014727831464378908,,38007053.0,dotnet/docfx,C#
test/Docfx.Build.Common.Tests/ModelAttributeHandlerTest.cs,3,class,ok,Docfx.Build.Common.Tests.ModelAttributeHandlerTest.MarkdownModelWithIgnore,Docfx.Build.Common.Tests.ModelAttributeHandlerTest.MarkdownModelWithIgnore,a6d356c86d42738d716eef162495a77696391107,2023-07-12T17:48:19+08:00,a6d356c86d42738d716eef162495a77696391107,2023-07-12T17:48:19+08:00,1,1131,0.043478260869565216,,,False,False,1,0,678.99,0.0,0.0014727831464378908,,38007053.0,dotnet/docfx,C#
test/Docfx.Build.Common.Tests/ModelAttributeHandlerTest.cs,4,class,ok,Docfx.Build.Common.Tests.ModelAttributeHandlerTest.MarkdownModelWithIList,Docfx.Build.Common.Tests.ModelAttributeHandlerTest.MarkdownModelWithIList,a6d356c86d42738d716eef162495a77696391107,2023-07-12T17:48:19+08:00,a6d356c86d42738d716eef162495a77696391107,2023-07-12T17:48:19+08:00,1,1131,0.125,,,False,False,1,0,678.99,0.0,0.0014727831464378908,,38007053.0,dotnet/docfx,C#
test/Docfx.Build.Common.Tests/ModelAttributeHandlerTest.cs,5,class,ok,Docfx.Build.Common.Tests.ModelAttributeHandlerTest.SimpleModel,Docfx.Build.Common.Tests.ModelAttributeHandlerTest.SimpleModel,a6d356c86d42738d716eef162495a77696391107,2023-07-12T17:48:19+08:00,a6d356c86d42738d716eef162495a77696391107,2023-07-12T17:48:19+08:00,1,1131,0.1111111111111111,,,False,False,1,0,678.99,0.0,0.0014727831464378908,,38007053.0,dotnet/docfx,C#
test/Docfx.Build.Common.Tests/ModelAttributeHandlerTest.cs,6,class,ok,Docfx.Build.Common.Tests.ModelAttributeHandlerTest.InvalidModel,Docfx.Build.Common.Tests.ModelAttributeHandlerTest.InvalidModel,a6d356c86d42738d716eef162495a77696391107,2023-07-12T17:48:19+08:00,a6d356c86d42738d716eef162495a77696391107,2023-07-12T17:48:19+08:00,1,1131,0.125,,,False,False,1,0,678.99,0.0,0.0014727831464378908,,38007053.0,dotnet/docfx,C#
test/Docfx.Build.Common.Tests/ModelAttributeHandlerTest.cs,7,class,ok,Docfx.Build.Common.Tests.ModelAttributeHandlerTest.InvalidModel2,Docfx.Build.Common.Tests.ModelAttributeHandlerTest.InvalidModel2,a6d356c86d42738d716eef162495a77696391107,2023-07-12T17:48:19+08:00,a6d356c86d42738d716eef162495a77696391107,2023-07-12T17:48:19+08:00,1,1131,0.2,,,False,False,1,0,678.99,0.0,0.0014727831464378908,,38007053.0,dotnet/docfx,C#
test/Docfx.Build.Common.Tests/ModelAttributeHandlerTest.cs,8,class,ok,Docfx.Build.Common.Tests.ModelAttributeHandlerTest.ComplexModel,Docfx.Build.Common.Tests.ModelAttributeHandlerTest.ComplexModel,a6d356c86d42738d716eef162495a77696391107,2023-07-12T17:48:19+08:00,a6d356c86d42738d716eef162495a77696391107,2023-07-12T17:48:19+08:00,1,1131,0.058823529411764705,,,False,False,1,0,678.99,0.0,0.0014727831464378908,,38007053.0,dotnet/docfx,C#
test/Docfx.Build.Common.Tests/ModelAttributeHandlerTest.cs,9,class,ok,Docfx.Build.Common.Tests.ModelAttributeHandlerTest.InnerModel,Docfx.Build.Common.Tests.ModelAttributeHandlerTest.InnerModel,a6d356c86d42738d716eef162495a77696391107,2023-07-12T17:48:19+08:00,a6d356c86d42738d716eef162495a77696391107,2023-07-12T17:48:19+08:00,1,1131,0.2,,,False,False,1,0,678.99,0.0,0.0014727831464378908,,38007053.0,dotnet/docfx,C#
test/Docfx.Build.Common.Tests/ModelAttributeHandlerTest.cs,0,callable,ok,Docfx.Build.Common.Tests.ModelAttributeHandlerTest.TestSimpleModelWithUniqueIdentityReferenceAttributeShouldSucceed,Docfx.Build.Common.Tests.ModelAttributeHandlerTest.TestSimpleModelWithUniqueIdentityReferenceAttributeShouldSucceed,a6d356c86d42738d716eef162495a77696391107,2023-07-12T17:48:19+08:00,a6d356c86d42738d716eef162495a77696391107,2023-07-12T17:48:19+08:00,1,1131,0.06666666666666667,,,False,False,1,0,678.99,0.0,0.0014727831464378908,,38007053.0,dotnet/docfx,C#
test/Docfx.Build.Common.Tests/ModelAttributeHandlerTest.cs,1,callable,ok,Docfx.Build.Common.Tests.ModelAttributeHandlerTest.TestModelWithLoopShouldSucceed,Docfx.Build.Common.Tests.ModelAttributeHandlerTest.TestModelWithLoopShouldSucceed,a6d356c86d42738d716eef162495a77696391107,2023-07-12T17:48:19+08:00,a6d356c86d42738d716eef162495a77696391107,2023-07-12T17:48:19+08:00,1,1131,0.08333333333333333,,,False,False,1,0,678.99,0.0,0.0014727831464378908,,38007053.0,dotnet/docfx,C#
test/Docfx.Build.Common.Tests/ModelAttributeHandlerTest.cs,2,callable,ok,Docfx.Build.Common.Tests.ModelAttributeHandlerTest.TestModelWithInvalidTypeShouldThrow,Docfx.Build.Common.Tests.ModelAttributeHandlerTest.TestModelWithInvalidTypeShouldThrow,a6d356c86d42738d716eef162495a77696391107,2023-07-12T17:48:19+08:00,a6d356c86d42738d716eef162495a77696391107,2023-07-12T17:48:19+08:00,1,1131,0.08333333333333333,,,False,False,1,0,678.99,0.0,0.0014727831464378908,,38007053.0,dotnet/docfx,C#
test/Docfx.Build.Common.Tests/ModelAttributeHandlerTest.cs,3,callable,ok,Docfx.Build.Common.Tests.ModelAttributeHandlerTest.TestModelWithInvalidItemTypeShouldThrow,Docfx.Build.Common.Tests.ModelAttributeHandlerTest.TestModelWithInvalidItemTypeShouldThrow,a6d356c86d42738d716eef162495a77696391107,2023-07-12T17:48:19+08:00,a6d356c86d42738d716eef162495a77696391107,2023-07-12T17:48:19+08:00,1,1131,0.09090909090909091,,,False,False,1,0,678.99,0.0,0.0014727831464378908,,38007053.0,dotnet/docfx,C#
test/Docfx.Build.Common.Tests/ModelAttributeHandlerTest.cs,4,callable,ok,Docfx.Build.Common.Tests.ModelAttributeHandlerTest.TestComplexModelWithUniqueIdentityReferenceAttributeShouldSucceed,Docfx.Build.Common.Tests.ModelAttributeHandlerTest.TestComplexModelWithUniqueIdentityReferenceAttributeShouldSucceed,a6d356c86d42738d716eef162495a77696391107,2023-07-12T17:48:19+08:00,a6d356c86d42738d716eef162495a77696391107,2023-07-12T17:48:19+08:00,1,1131,0.024390243902439025,,,False,False,1,0,678.99,0.0,0.0014727831464378908,,38007053.0,dotnet/docfx,C#
test/Docfx.Build.Common.Tests/ModelAttributeHandlerTest.cs,5,callable,ok,Docfx.Build.Common.Tests.ModelAttributeHandlerTest.TestSimpleModelWithMarkdownContentAttributeShouldSucceed,Docfx.Build.Common.Tests.ModelAttributeHandlerTest.TestSimpleModelWithMarkdownContentAttributeShouldSucceed,a6d356c86d42738d716eef162495a77696391107,2023-07-12T17:48:19+08:00,a6d356c86d42738d716eef162495a77696391107,2023-07-12T17:48:19+08:00,1,1131,0.04,,,False,False,1,0,678.99,0.0,0.0014727831464378908,,38007053.0,dotnet/docfx,C#
test/Docfx.Build.Common.Tests/ModelAttributeHandlerTest.cs,6,callable,ok,Docfx.Build.Common.Tests.ModelAttributeHandlerTest.TestMarkdownContentAttributeWithContentPlaceholderShouldSucceed,Docfx.Build.Common.Tests.ModelAttributeHandlerTest.TestMarkdownContentAttributeWithContentPlaceholderShouldSucceed,a6d356c86d42738d716eef162495a77696391107,2023-07-12T17:48:19+08:00,a6d356c86d42738d716eef162495a77696391107,2023-07-12T17:48:19+08:00,1,1131,0.022222222222222223,,,False,False,1,0,678.99,0.0,0.0014727831464378908,,38007053.0,dotnet/docfx,C#
test/Docfx.Build.Common.Tests/ModelAttributeHandlerTest.cs,7,callable,ok,Docfx.Build.Common.Tests.ModelAttributeHandlerTest.TestMarkdownContentIgnoreAttributeShouldSucceed,Docfx.Build.Common.Tests.ModelAttributeHandlerTest.TestMarkdownContentIgnoreAttributeShouldSucceed,a6d356c86d42738d716eef162495a77696391107,2023-07-12T17:48:19+08:00,a6d356c86d42738d716eef162495a77696391107,2023-07-12T17:48:19+08:00,1,1131,0.021739130434782608,,,False,False,1,0,678.99,0.0,0.0014727831464378908,,38007053.0,dotnet/docfx,C#
test/Docfx.Build.Common.Tests/ModelAttributeHandlerTest.cs,8,callable,ok,Docfx.Build.Common.Tests.ModelAttributeHandlerTest.TesteModelWithIListMarkdownContentAttributeShouldSucceed,Docfx.Build.Common.Tests.ModelAttributeHandlerTest.TesteModelWithIListMarkdownContentAttributeShouldSucceed,a6d356c86d42738d716eef162495a77696391107,2023-07-12T17:48:19+08:00,a6d356c86d42738d716eef162495a77696391107,2023-07-12T17:48:19+08:00,1,1131,0.045454545454545456,,,False,False,1,0,678.99,0.0,0.0014727831464378908,,38007053.0,dotnet/docfx,C#
test/Docfx.Build.Common.Tests/ModelAttributeHandlerTest.cs,9,callable,ok,Docfx.Build.Common.Tests.ModelAttributeHandlerTest.TestSimpleModelWithUrlContentAttributeShouldSucceed,Docfx.Build.Common.Tests.ModelAttributeHandlerTest.TestSimpleModelWithUrlContentAttributeShouldSucceed,a6d356c86d42738d716eef162495a77696391107,2023-07-12T17:48:19+08:00,a6d356c86d42738d716eef162495a77696391107,2023-07-12T17:48:19+08:00,1,1131,0.0625,,,False,False,1,0,678.99,0.0,0.0014727831464378908,,38007053.0,dotnet/docfx,C#
test/Docfx.Build.Common.Tests/ModelAttributeHandlerTest.cs,10,callable,ok,Docfx.Build.Common.Tests.ModelAttributeHandlerTest.Handle,Docfx.Build.Common.Tests.ModelAttributeHandlerTest.Handle,a6d356c86d42738d716eef162495a77696391107,2023-07-12T17:48:19+08:00,a6d356c86d42738d716eef162495a77696391107,2023-07-12T17:48:19+08:00,1,1131,0.1,,,False,False,1,0,678.99,0.0,0.0014727831464378908,,38007053.0,dotnet/docfx,C#
test/Docfx.Build.Common.Tests/ModelAttributeHandlerTest.cs,11,callable,ok,Docfx.Build.Common.Tests.ModelAttributeHandlerTest.GetDefaultContext,Docfx.Build.Common.Tests.ModelAttributeHandlerTest.GetDefaultContext,a6d356c86d42738d716eef162495a77696391107,2023-07-12T17:48:19+08:00,a6d356c86d42738d716eef162495a77696391107,2023-07-12T17:48:19+08:00,1,1131,0.0625,,,False,False,1,0,678.99,0.0,0.0014727831464378908,,38007053.0,dotnet/docfx,C#
test/Docfx.Build.RestApi.Tests/RestApiDocumentProcessorTest.cs,0,class,ok,Docfx.Build.RestApi.Tests.RestApiDocumentProcessorTest,Docfx.Build.RestApi.Tests.RestApiDocumentProcessorTest,a6d356c86d42738d716eef162495a77696391107,2023-07-12T17:48:19+08:00,a6d356c86d42738d716eef162495a77696391107,2023-07-12T17:48:19+08:00,1,1131,0.0021141649048625794,,,False,False,1,0,678.99,0.0,0.0014727831464378908,,38007053.0,dotnet/docfx,C#
test/Docfx.Build.RestApi.Tests/RestApiDocumentProcessorTest.cs,0,callable,ok,Docfx.Build.RestApi.Tests.RestApiDocumentProcessorTest.RestApiDocumentProcessorTest,Docfx.Build.RestApi.Tests.RestApiDocumentProcessorTest.RestApiDocumentProcessorTest,a6d356c86d42738d716eef162495a77696391107,2023-07-12T17:48:19+08:00,a6d356c86d42738d716eef162495a77696391107,2023-07-12T17:48:19+08:00,1,1131,0.09090909090909091,,,False,False,1,0,678.99,0.0,0.0014727831464378908,,38007053.0,dotnet/docfx,C#
test/Docfx.Build.RestApi.Tests/RestApiDocumentProcessorTest.cs,1,callable,ok,Docfx.Build.RestApi.Tests.RestApiDocumentProcessorTest.ProcessSwaggerShouldSucceed,Docfx.Build.RestApi.Tests.RestApiDocumentProcessorTest.ProcessSwaggerShouldSucceed,a6d356c86d42738d716eef162495a77696391107,2023-07-12T17:48:19+08:00,a6d356c86d42738d716eef162495a77696391107,2023-07-12T17:48:19+08:00,1,1131,0.011235955056179775,,,False,False,1,0,678.99,0.0,0.0014727831464378908,,38007053.0,dotnet/docfx,C#
test/Docfx.Build.RestApi.Tests/RestApiDocumentProcessorTest.cs,2,callable,ok,Docfx.Build.RestApi.Tests.RestApiDocumentProcessorTest.ProcessSwaggerWithExternalReferenceShouldSucceed,Docfx.Build.RestApi.Tests.RestApiDocumentProcessorTest.ProcessSwaggerWithExternalReferenceShouldSucceed,a6d356c86d42738d716eef162495a77696391107,2023-07-12T17:48:19+08:00,a6d356c86d42738d716eef162495a77696391107,2023-07-12T17:48:19+08:00,1,1131,0.045454545454545456,,,False,False,1,0,678.99,0.0,0.0014727831464378908,,38007053.0,dotnet/docfx,C#
test/Docfx.Build.RestApi.Tests/RestApiDocumentProcessorTest.cs,3,callable,ok,Docfx.Build.RestApi.Tests.RestApiDocumentProcessorTest.ProcessSwaggerWithExternalEmbeddedReferenceShouldSucceed,Docfx.Build.RestApi.Tests.RestApiDocumentProcessorTest.ProcessSwaggerWithExternalEmbeddedReferenceShouldSucceed,a6d356c86d42738d716eef162495a77696391107,2023-07-12T17:48:19+08:00,a6d356c86d42738d716eef162495a77696391107,2023-07-12T17:48:19+08:00,1,1131,0.05555555555555555,,,False,False,1,0,678.99,0.0,0.0014727831464378908,,38007053.0,dotnet/docfx,C#
test/Docfx.Build.RestApi.Tests/RestApiDocumentProcessorTest.cs,4,callable,ok,Docfx.Build.RestApi.Tests.RestApiDocumentProcessorTest.ProcessSwaggerWithNotExistedExternalReferenceShouldFail,Docfx.Build.RestApi.Tests.RestApiDocumentProcessorTest.ProcessSwaggerWithNotExistedExternalReferenceShouldFail,a6d356c86d42738d716eef162495a77696391107,2023-07-12T17:48:19+08:00,a6d356c86d42738d716eef162495a77696391107,2023-07-12T17:48:19+08:00,1,1131,0.058823529411764705,,,False,False,1,0,678.99,0.0,0.0014727831464378908,,38007053.0,dotnet/docfx,C#
test/Docfx.Build.RestApi.Tests/RestApiDocumentProcessorTest.cs,5,callable,ok,Docfx.Build.RestApi.Tests.RestApiDocumentProcessorTest.ProcessSwaggerWithExternalReferenceHasRefInsideShouldFail,Docfx.Build.RestApi.Tests.RestApiDocumentProcessorTest.ProcessSwaggerWithExternalReferenceHasRefInsideShouldFail,a6d356c86d42738d716eef162495a77696391107,2023-07-12T17:48:19+08:00,a6d356c86d42738d716eef162495a77696391107,2023-07-12T17:48:19+08:00,1,1131,0.058823529411764705,,,False,False,1,0,678.99,0.0,0.0014727831464378908,,38007053.0,dotnet/docfx,C#
test/Docfx.Build.RestApi.Tests/RestApiDocumentProcessorTest.cs,6,callable,ok,Docfx.Build.RestApi.Tests.RestApiDocumentProcessorTest.ProcessSwaggerWithXRefMapShouldSucceed,Docfx.Build.RestApi.Tests.RestApiDocumentProcessorTest.ProcessSwaggerWithXRefMapShouldSucceed,a6d356c86d42738d716eef162495a77696391107,2023-07-12T17:48:19+08:00,a6d356c86d42738d716eef162495a77696391107,2023-07-12T17:48:19+08:00,1,1131,0.043478260869565216,,,False,False,1,0,678.99,0.0,0.0014727831464378908,,38007053.0,dotnet/docfx,C#
test/Docfx.Build.RestApi.Tests/RestApiDocumentProcessorTest.cs,7,callable,ok,Docfx.Build.RestApi.Tests.RestApiDocumentProcessorTest.ProcessSwaggerWithTagsOverwriteShouldSucceed,Docfx.Build.RestApi.Tests.RestApiDocumentProcessorTest.ProcessSwaggerWithTagsOverwriteShouldSucceed,a6d356c86d42738d716eef162495a77696391107,2023-07-12T17:48:19+08:00,a6d356c86d42738d716eef162495a77696391107,2023-07-12T17:48:19+08:00,1,1131,0.05263157894736842,,,False,False,1,0,678.99,0.0,0.0014727831464378908,,38007053.0,dotnet/docfx,C#
test/Docfx.Build.RestApi.Tests/RestApiDocumentProcessorTest.cs,8,callable,ok,Docfx.Build.RestApi.Tests.RestApiDocumentProcessorTest.ProcessSwaggerWithDefaultOverwriteShouldSucceed,Docfx.Build.RestApi.Tests.RestApiDocumentProcessorTest.ProcessSwaggerWithDefaultOverwriteShouldSucceed,a6d356c86d42738d716eef162495a77696391107,2023-07-12T17:48:19+08:00,a6d356c86d42738d716eef162495a77696391107,2023-07-12T17:48:19+08:00,1,1131,0.06666666666666667,,,False,False,1,0,678.99,0.0,0.0014727831464378908,,38007053.0,dotnet/docfx,C#
test/Docfx.Build.RestApi.Tests/RestApiDocumentProcessorTest.cs,9,callable,ok,Docfx.Build.RestApi.Tests.RestApiDocumentProcessorTest.ProcessSwaggerWithSimpleOverwriteShouldSucceed,Docfx.Build.RestApi.Tests.RestApiDocumentProcessorTest.ProcessSwaggerWithSimpleOverwriteShouldSucceed,a6d356c86d42738d716eef162495a77696391107,2023-07-12T17:48:19+08:00,a6d356c86d42738d716eef162495a77696391107,2023-07-12T17:48:19+08:00,1,1131,0.08333333333333333,,,False,False,1,0,678.99,0.0,0.0014727831464378908,,38007053.0,dotnet/docfx,C#
test/Docfx.Build.RestApi.Tests/RestApiDocumentProcessorTest.cs,10,callable,ok,Docfx.Build.RestApi.Tests.RestApiDocumentProcessorTest.ProcessSwaggerWithInvalidLinksOverwriteShouldSucceedWithWarning,Docfx.Build.RestApi.Tests.RestApiDocumentProcessorTest.ProcessSwaggerWithInvalidLinksOverwriteShouldSucceedWithWarning,a6d356c86d42738d716eef162495a77696391107,2023-07-12T17:48:19+08:00,a6d356c86d42738d716eef162495a77696391107,2023-07-12T17:48:19+08:00,1,1131,0.019230769230769232,,,False,False,1,0,678.99,0.0,0.0014727831464378908,,38007053.0,dotnet/docfx,C#
test/Docfx.Build.RestApi.Tests/RestApiDocumentProcessorTest.cs,11,callable,ok,Docfx.Build.RestApi.Tests.RestApiDocumentProcessorTest.ProcessSwaggerWithParametersOverwriteShouldSucceed,Docfx.Build.RestApi.Tests.RestApiDocumentProcessorTest.ProcessSwaggerWithParametersOverwriteShouldSucceed,a6d356c86d42738d716eef162495a77696391107,2023-07-12T17:48:19+08:00,a6d356c86d42738d716eef162495a77696391107,2023-07-12T17:48:19+08:00,1,1131,0.024390243902439025,,,False,False,1,0,678.99,0.0,0.0014727831464378908,,38007053.0,dotnet/docfx,C#
test/Docfx.Build.RestApi.Tests/RestApiDocumentProcessorTest.cs,12,callable,ok,Docfx.Build.RestApi.Tests.RestApiDocumentProcessorTest.ProcessSwaggerWithNotPredefinedOverwriteShouldSucceed,Docfx.Build.RestApi.Tests.RestApiDocumentProcessorTest.ProcessSwaggerWithNotPredefinedOverwriteShouldSucceed,a6d356c86d42738d716eef162495a77696391107,2023-07-12T17:48:19+08:00,a6d356c86d42738d716eef162495a77696391107,2023-07-12T17:48:19+08:00,1,1131,0.07142857142857142,,,False,False,1,0,678.99,0.0,0.0014727831464378908,,38007053.0,dotnet/docfx,C#
test/Docfx.Build.RestApi.Tests/RestApiDocumentProcessorTest.cs,13,callable,ok,Docfx.Build.RestApi.Tests.RestApiDocumentProcessorTest.ProcessSwaggerWithInvalidOverwriteShouldFail,Docfx.Build.RestApi.Tests.RestApiDocumentProcessorTest.ProcessSwaggerWithInvalidOverwriteShouldFail,a6d356c86d42738d716eef162495a77696391107,2023-07-12T17:48:19+08:00,a6d356c86d42738d716eef162495a77696391107,2023-07-12T17:48:19+08:00,1,1131,0.14285714285714285,,,False,False,1,0,678.99,0.0,0.0014727831464378908,,38007053.0,dotnet/docfx,C#
test/Docfx.Build.RestApi.Tests/RestApiDocumentProcessorTest.cs,14,callable,ok,Docfx.Build.RestApi.Tests.RestApiDocumentProcessorTest.ProcessSwaggerWithUnmergeableOverwriteShouldSucceed,Docfx.Build.RestApi.Tests.RestApiDocumentProcessorTest.ProcessSwaggerWithUnmergeableOverwriteShouldSucceed,a6d356c86d42738d716eef162495a77696391107,2023-07-12T17:48:19+08:00,a6d356c86d42738d716eef162495a77696391107,2023-07-12T17:48:19+08:00,1,1131,0.07692307692307693,,,False,False,1,0,678.99,0.0,0.0014727831464378908,,38007053.0,dotnet/docfx,C#
test/Docfx.Build.RestApi.Tests/RestApiDocumentProcessorTest.cs,15,callable,ok,Docfx.Build.RestApi.Tests.RestApiDocumentProcessorTest.ProcessSwaggerWithRemarksOverwriteShouldSucceed,Docfx.Build.RestApi.Tests.RestApiDocumentProcessorTest.ProcessSwaggerWithRemarksOverwriteShouldSucceed,a6d356c86d42738d716eef162495a77696391107,2023-07-12T17:48:19+08:00,a6d356c86d42738d716eef162495a77696391107,2023-07-12T17:48:19+08:00,1,1131,0.07692307692307693,,,False,False,1,0,678.99,0.0,0.0014727831464378908,,38007053.0,dotnet/docfx,C#
test/Docfx.Build.RestApi.Tests/RestApiDocumentProcessorTest.cs,16,callable,ok,Docfx.Build.RestApi.Tests.RestApiDocumentProcessorTest.ProcessSwaggerWithMultiUidOverwriteShouldSucceed,Docfx.Build.RestApi.Tests.RestApiDocumentProcessorTest.ProcessSwaggerWithMultiUidOverwriteShouldSucceed,a6d356c86d42738d716eef162495a77696391107,2023-07-12T17:48:19+08:00,a6d356c86d42738d716eef162495a77696391107,2023-07-12T17:48:19+08:00,1,1131,0.058823529411764705,,,False,False,1,0,678.99,0.0,0.0014727831464378908,,38007053.0,dotnet/docfx,C#
test/Docfx.Build.RestApi.Tests/RestApiDocumentProcessorTest.cs,17,callable,ok,Docfx.Build.RestApi.Tests.RestApiDocumentProcessorTest.SystemKeysListShouldBeComplete,Docfx.Build.RestApi.Tests.RestApiDocumentProcessorTest.SystemKeysListShouldBeComplete,a6d356c86d42738d716eef162495a77696391107,2023-07-12T17:48:19+08:00,a6d356c86d42738d716eef162495a77696391107,2023-07-12T17:48:19+08:00,1,1131,0.058823529411764705,,,False,False,1,0,678.99,0.0,0.0014727831464378908,,38007053.0,dotnet/docfx,C#
test/Docfx.Build.RestApi.Tests/RestApiDocumentProcessorTest.cs,18,callable,ok,Docfx.Build.RestApi.Tests.RestApiDocumentProcessorTest.BuildDocument,Docfx.Build.RestApi.Tests.RestApiDocumentProcessorTest.BuildDocument,a6d356c86d42738d716eef162495a77696391107,2023-07-12T17:48:19+08:00,a6d356c86d42738d716eef162495a77696391107,2023-07-12T17:48:19+08:00,1,1131,0.0625,,,False,False,1,0,678.99,0.0,0.0014727831464378908,,38007053.0,dotnet/docfx,C#
test/Docfx.Build.RestApi.Tests/RestApiDocumentProcessorTest.cs,19,callable,ok,Docfx.Build.RestApi.Tests.RestApiDocumentProcessorTest.LoadAssemblies,Docfx.Build.RestApi.Tests.RestApiDocumentProcessorTest.LoadAssemblies,a6d356c86d42738d716eef162495a77696391107,2023-07-12T17:48:19+08:00,a6d356c86d42738d716eef162495a77696391107,2023-07-12T17:48:19+08:00,1,1131,0.25,,,False,False,1,0,678.99,0.0,0.0014727831464378908,,38007053.0,dotnet/docfx,C#
test/Docfx.Build.RestApi.Tests/RestApiDocumentProcessorTest.cs,20,callable,ok,Docfx.Build.RestApi.Tests.RestApiDocumentProcessorTest.GetRawModelFilePath,Docfx.Build.RestApi.Tests.RestApiDocumentProcessorTest.GetRawModelFilePath,a6d356c86d42738d716eef162495a77696391107,2023-07-12T17:48:19+08:00,a6d356c86d42738d716eef162495a77696391107,2023-07-12T17:48:19+08:00,1,1131,0.25,,,False,False,1,0,678.99,0.0,0.0014727831464378908,,38007053.0,dotnet/docfx,C#
test/Docfx.Build.RestApi.Tests/SwaggerJsonParserTest.cs,0,class,ok,Docfx.Build.RestApi.Tests.SwaggerJsonParserTest,Docfx.Build.RestApi.Tests.SwaggerJsonParserTest,a6d356c86d42738d716eef162495a77696391107,2023-07-12T17:48:19+08:00,a6d356c86d42738d716eef162495a77696391107,2023-07-12T17:48:19+08:00,1,1131,0.004464285714285714,,,False,False,1,0,678.99,0.0,0.0014727831464378908,,38007053.0,dotnet/docfx,C#
test/Docfx.Build.RestApi.Tests/SwaggerJsonParserTest.cs,0,callable,ok,Docfx.Build.RestApi.Tests.SwaggerJsonParserTest.ParseSimpleSwaggerJsonShouldSucceed,Docfx.Build.RestApi.Tests.SwaggerJsonParserTest.ParseSimpleSwaggerJsonShouldSucceed,a6d356c86d42738d716eef162495a77696391107,2023-07-12T17:48:19+08:00,a6d356c86d42738d716eef162495a77696391107,2023-07-12T17:48:19+08:00,1,1131,0.05263157894736842,,,False,False,1,0,678.99,0.0,0.0014727831464378908,,38007053.0,dotnet/docfx,C#
test/Docfx.Build.RestApi.Tests/SwaggerJsonParserTest.cs,1,callable,ok,Docfx.Build.RestApi.Tests.SwaggerJsonParserTest.ParseSwaggerJsonWithReferenceShouldSucceed,Docfx.Build.RestApi.Tests.SwaggerJsonParserTest.ParseSwaggerJsonWithReferenceShouldSucceed,a6d356c86d42738d716eef162495a77696391107,2023-07-12T17:48:19+08:00,a6d356c86d42738d716eef162495a77696391107,2023-07-12T17:48:19+08:00,1,1131,0.02702702702702703,,,False,False,1,0,678.99,0.0,0.0014727831464378908,,38007053.0,dotnet/docfx,C#
test/Docfx.Build.RestApi.Tests/SwaggerJsonParserTest.cs,2,callable,ok,Docfx.Build.RestApi.Tests.SwaggerJsonParserTest.ParseSwaggerJsonWithTagShouldSucceed,Docfx.Build.RestApi.Tests.SwaggerJsonParserTest.ParseSwaggerJsonWithTagShouldSucceed,a6d356c86d42738d716eef162495a77696391107,2023-07-12T17:48:19+08:00,a6d356c86d42738d716eef162495a77696391107,2023-07-12T17:48:19+08:00,1,1131,0.058823529411764705,,,False,False,1,0,678.99,0.0,0.0014727831464378908,,38007053.0,dotnet/docfx,C#
test/Docfx.Build.RestApi.Tests/SwaggerJsonParserTest.cs,3,callable,ok,Docfx.Build.RestApi.Tests.SwaggerJsonParserTest.ParseSwaggerJsonWithPathParametersShouldSucceed,Docfx.Build.RestApi.Tests.SwaggerJsonParserTest.ParseSwaggerJsonWithPathParametersShouldSucceed,a6d356c86d42738d716eef162495a77696391107,2023-07-12T17:48:19+08:00,a6d356c86d42738d716eef162495a77696391107,2023-07-12T17:48:19+08:00,1,1131,0.05,,,False,False,1,0,678.99,0.0,0.0014727831464378908,,38007053.0,dotnet/docfx,C#
test/Docfx.Build.RestApi.Tests/SwaggerJsonParserTest.cs,4,callable,ok,Docfx.Build.RestApi.Tests.SwaggerJsonParserTest.ParseSwaggerJsonWithLoopReferenceShouldSucceed,Docfx.Build.RestApi.Tests.SwaggerJsonParserTest.ParseSwaggerJsonWithLoopReferenceShouldSucceed,a6d356c86d42738d716eef162495a77696391107,2023-07-12T17:48:19+08:00,a6d356c86d42738d716eef162495a77696391107,2023-07-12T17:48:19+08:00,1,1131,0.02631578947368421,,,False,False,1,0,678.99,0.0,0.0014727831464378908,,38007053.0,dotnet/docfx,C#
test/Docfx.Build.RestApi.Tests/SwaggerJsonParserTest.cs,5,callable,ok,Docfx.Build.RestApi.Tests.SwaggerJsonParserTest.ParseSwaggerJsonWithExternalLoopReferenceShouldSucceed,Docfx.Build.RestApi.Tests.SwaggerJsonParserTest.ParseSwaggerJsonWithExternalLoopReferenceShouldSucceed,a6d356c86d42738d716eef162495a77696391107,2023-07-12T17:48:19+08:00,a6d356c86d42738d716eef162495a77696391107,2023-07-12T17:48:19+08:00,1,1131,0.02631578947368421,,,False,False,1,0,678.99,0.0,0.0014727831464378908,,38007053.0,dotnet/docfx,C#
test/Docfx.Build.RestApi.Tests/SwaggerJsonParserTest.cs,6,callable,ok,Docfx.Build.RestApi.Tests.SwaggerJsonParserTest.ParseKeyWordSwaggerJsonShouldSucceed,Docfx.Build.RestApi.Tests.SwaggerJsonParserTest.ParseKeyWordSwaggerJsonShouldSucceed,a6d356c86d42738d716eef162495a77696391107,2023-07-12T17:48:19+08:00,a6d356c86d42738d716eef162495a77696391107,2023-07-12T17:48:19+08:00,1,1131,0.02127659574468085,,,False,False,1,0,678.99,0.0,0.0014727831464378908,,38007053.0,dotnet/docfx,C#
test/Docfx.Build.Tests/ConceptualDocumentProcessorTest.cs,0,class,ok,Docfx.Build.ManagedReference.Tests.ConceptualDocumentProcessorTest,Docfx.Build.ManagedReference.Tests.ConceptualDocumentProcessorTest,9570d45f71c91a1e05cecbf71507caeb959726d3,2023-10-09T15:48:46+08:00,9570d45f71c91a1e05cecbf71507caeb959726d3,2023-10-09T15:48:46+08:00,1,1043,0.0022935779816513763,,,False,False,1,0,590.07,0.0,0.001694715316660499,,38007053.0,dotnet/docfx,C#
test/Docfx.Build.Tests/ConceptualDocumentProcessorTest.cs,1,class,ok,Docfx.Build.ManagedReference.Tests.ConceptualDocumentProcessorTest.FileCreator,Docfx.Build.ManagedReference.Tests.ConceptualDocumentProcessorTest.FileCreator,9570d45f71c91a1e05cecbf71507caeb959726d3,2023-10-09T15:48:46+08:00,9570d45f71c91a1e05cecbf71507caeb959726d3,2023-10-09T15:48:46+08:00,1,1043,0.04,,,False,False,1,0,590.07,0.0,0.001694715316660499,,38007053.0,dotnet/docfx,C#
test/Docfx.Build.Tests/ConceptualDocumentProcessorTest.cs,0,callable,ok,Docfx.Build.ManagedReference.Tests.ConceptualDocumentProcessorTest.ConceptualDocumentProcessorTest,Docfx.Build.ManagedReference.Tests.ConceptualDocumentProcessorTest.ConceptualDocumentProcessorTest,9570d45f71c91a1e05cecbf71507caeb959726d3,2023-10-09T15:48:46+08:00,9570d45f71c91a1e05cecbf71507caeb959726d3,2023-10-09T15:48:46+08:00,1,1043,0.047619047619047616,,,False,False,1,0,590.07,0.0,0.001694715316660499,,38007053.0,dotnet/docfx,C#
test/Docfx.Build.Tests/ConceptualDocumentProcessorTest.cs,1,callable,ok,Docfx.Build.ManagedReference.Tests.ConceptualDocumentProcessorTest.Dispose,Docfx.Build.ManagedReference.Tests.ConceptualDocumentProcessorTest.Dispose,9570d45f71c91a1e05cecbf71507caeb959726d3,2023-10-09T15:48:46+08:00,9570d45f71c91a1e05cecbf71507caeb959726d3,2023-10-09T15:48:46+08:00,1,1043,0.2,,,False,False,1,0,590.07,0.0,0.001694715316660499,,38007053.0,dotnet/docfx,C#
test/Docfx.Build.Tests/ConceptualDocumentProcessorTest.cs,2,callable,ok,Docfx.Build.ManagedReference.Tests.ConceptualDocumentProcessorTest.ProcessMarkdownResultWithEncodedUrlShouldSucceed,Docfx.Build.ManagedReference.Tests.ConceptualDocumentProcessorTest.ProcessMarkdownResultWithEncodedUrlShouldSucceed,9570d45f71c91a1e05cecbf71507caeb959726d3,2023-10-09T15:48:46+08:00,9570d45f71c91a1e05cecbf71507caeb959726d3,2023-10-09T15:48:46+08:00,1,1043,0.07692307692307693,,,False,False,1,0,590.07,0.0,0.001694715316660499,,38007053.0,dotnet/docfx,C#
test/Docfx.Build.Tests/ConceptualDocumentProcessorTest.cs,3,callable,ok,Docfx.Build.ManagedReference.Tests.ConceptualDocumentProcessorTest.ProcessMarkdownFileWithComplexCharsShouldSucceed,Docfx.Build.ManagedReference.Tests.ConceptualDocumentProcessorTest.ProcessMarkdownFileWithComplexCharsShouldSucceed,9570d45f71c91a1e05cecbf71507caeb959726d3,2023-10-09T15:48:46+08:00,9570d45f71c91a1e05cecbf71507caeb959726d3,2023-10-09T15:48:46+08:00,1,1043,0.041666666666666664,,,False,False,1,0,590.07,0.0,0.001694715316660499,,38007053.0,dotnet/docfx,C#
test/Docfx.Build.Tests/ConceptualDocumentProcessorTest.cs,4,callable,ok,Docfx.Build.ManagedReference.Tests.ConceptualDocumentProcessorTest.ProcessMarkdownFileWithBreakLinkShouldSucceed,Docfx.Build.ManagedReference.Tests.ConceptualDocumentProcessorTest.ProcessMarkdownFileWithBreakLinkShouldSucceed,9570d45f71c91a1e05cecbf71507caeb959726d3,2023-10-09T15:48:46+08:00,9570d45f71c91a1e05cecbf71507caeb959726d3,2023-10-09T15:48:46+08:00,1,1043,0.058823529411764705,,,False,False,1,0,590.07,0.0,0.001694715316660499,,38007053.0,dotnet/docfx,C#
test/Docfx.Build.Tests/ConceptualDocumentProcessorTest.cs,5,callable,ok,Docfx.Build.ManagedReference.Tests.ConceptualDocumentProcessorTest.ProcessMarkdownFileWithBreakLinkInTokenShouldSucceed,Docfx.Build.ManagedReference.Tests.ConceptualDocumentProcessorTest.ProcessMarkdownFileWithBreakLinkInTokenShouldSucceed,9570d45f71c91a1e05cecbf71507caeb959726d3,2023-10-09T15:48:46+08:00,9570d45f71c91a1e05cecbf71507caeb959726d3,2023-10-09T15:48:46+08:00,1,1043,0.047619047619047616,,,False,False,1,0,590.07,0.0,0.001694715316660499,,38007053.0,dotnet/docfx,C#
test/Docfx.Build.Tests/ConceptualDocumentProcessorTest.cs,6,callable,ok,Docfx.Build.ManagedReference.Tests.ConceptualDocumentProcessorTest.SystemKeysListShouldBeComplete,Docfx.Build.ManagedReference.Tests.ConceptualDocumentProcessorTest.SystemKeysListShouldBeComplete,9570d45f71c91a1e05cecbf71507caeb959726d3,2023-10-09T15:48:46+08:00,9570d45f71c91a1e05cecbf71507caeb959726d3,2023-10-09T15:48:46+08:00,1,1043,0.05,,,False,False,1,0,590.07,0.0,0.001694715316660499,,38007053.0,dotnet/docfx,C#
test/Docfx.Build.Tests/ConceptualDocumentProcessorTest.cs,7,callable,ok,Docfx.Build.ManagedReference.Tests.ConceptualDocumentProcessorTest.ProcessMarkdownFileWithRenameOutputFileName,Docfx.Build.ManagedReference.Tests.ConceptualDocumentProcessorTest.ProcessMarkdownFileWithRenameOutputFileName,9570d45f71c91a1e05cecbf71507caeb959726d3,2023-10-09T15:48:46+08:00,9570d45f71c91a1e05cecbf71507caeb959726d3,2023-10-09T15:48:46+08:00,1,1043,0.03125,,,False,False,1,0,590.07,0.0,0.001694715316660499,,38007053.0,dotnet/docfx,C#
test/Docfx.Build.Tests/ConceptualDocumentProcessorTest.cs,8,callable,ok,Docfx.Build.ManagedReference.Tests.ConceptualDocumentProcessorTest.ExtractTitle,Docfx.Build.ManagedReference.Tests.ConceptualDocumentProcessorTest.ExtractTitle,9570d45f71c91a1e05cecbf71507caeb959726d3,2023-10-09T15:48:46+08:00,9570d45f71c91a1e05cecbf71507caeb959726d3,2023-10-09T15:48:46+08:00,1,1043,0.038461538461538464,,,False,False,1,0,590.07,0.0,0.001694715316660499,,38007053.0,dotnet/docfx,C#
test/Docfx.Build.Tests/ConceptualDocumentProcessorTest.cs,9,callable,ok,Docfx.Build.ManagedReference.Tests.ConceptualDocumentProcessorTest.ExtractTitleFromYamlHeader,Docfx.Build.ManagedReference.Tests.ConceptualDocumentProcessorTest.ExtractTitleFromYamlHeader,9570d45f71c91a1e05cecbf71507caeb959726d3,2023-10-09T15:48:46+08:00,9570d45f71c91a1e05cecbf71507caeb959726d3,2023-10-09T15:48:46+08:00,1,1043,0.038461538461538464,,,False,False,1,0,590.07,0.0,0.001694715316660499,,38007053.0,dotnet/docfx,C#
test/Docfx.Build.Tests/ConceptualDocumentProcessorTest.cs,10,callable,ok,Docfx.Build.ManagedReference.Tests.ConceptualDocumentProcessorTest.ExtractTitleFromH1IfItIsNullInYamlHeader,Docfx.Build.ManagedReference.Tests.ConceptualDocumentProcessorTest.ExtractTitleFromH1IfItIsNullInYamlHeader,9570d45f71c91a1e05cecbf71507caeb959726d3,2023-10-09T15:48:46+08:00,9570d45f71c91a1e05cecbf71507caeb959726d3,2023-10-09T15:48:46+08:00,1,1043,0.038461538461538464,,,False,False,1,0,590.07,0.0,0.001694715316660499,,38007053.0,dotnet/docfx,C#
test/Docfx.Build.Tests/ConceptualDocumentProcessorTest.cs,11,callable,ok,Docfx.Build.ManagedReference.Tests.ConceptualDocumentProcessorTest.ExtractTitleFromH1IfItIsEmptyInYamlHeader,Docfx.Build.ManagedReference.Tests.ConceptualDocumentProcessorTest.ExtractTitleFromH1IfItIsEmptyInYamlHeader,9570d45f71c91a1e05cecbf71507caeb959726d3,2023-10-09T15:48:46+08:00,9570d45f71c91a1e05cecbf71507caeb959726d3,2023-10-09T15:48:46+08:00,1,1043,0.038461538461538464,,,False,False,1,0,590.07,0.0,0.001694715316660499,,38007053.0,dotnet/docfx,C#
test/Docfx.Build.Tests/ConceptualDocumentProcessorTest.cs,12,callable,ok,Docfx.Build.ManagedReference.Tests.ConceptualDocumentProcessorTest.TitleOverwriteH1InMetadataCanOverwriteTitleFromH1,Docfx.Build.ManagedReference.Tests.ConceptualDocumentProcessorTest.TitleOverwriteH1InMetadataCanOverwriteTitleFromH1,9570d45f71c91a1e05cecbf71507caeb959726d3,2023-10-09T15:48:46+08:00,9570d45f71c91a1e05cecbf71507caeb959726d3,2023-10-09T15:48:46+08:00,1,1043,0.041666666666666664,,,False,False,1,0,590.07,0.0,0.001694715316660499,,38007053.0,dotnet/docfx,C#
test/Docfx.Build.Tests/ConceptualDocumentProcessorTest.cs,13,callable,ok,Docfx.Build.ManagedReference.Tests.ConceptualDocumentProcessorTest.TitleOverwriteH1InMetadataCannotOverwriteTitleFromYamlHeader,Docfx.Build.ManagedReference.Tests.ConceptualDocumentProcessorTest.TitleOverwriteH1InMetadataCannotOverwriteTitleFromYamlHeader,9570d45f71c91a1e05cecbf71507caeb959726d3,2023-10-09T15:48:46+08:00,9570d45f71c91a1e05cecbf71507caeb959726d3,2023-10-09T15:48:46+08:00,1,1043,0.037037037037037035,,,False,False,1,0,590.07,0.0,0.001694715316660499,,38007053.0,dotnet/docfx,C#
test/Docfx.Build.Tests/ConceptualDocumentProcessorTest.cs,14,callable,ok,Docfx.Build.ManagedReference.Tests.ConceptualDocumentProcessorTest.ProcessMarkdownFileWithRedirectUrl,Docfx.Build.ManagedReference.Tests.ConceptualDocumentProcessorTest.ProcessMarkdownFileWithRedirectUrl,9570d45f71c91a1e05cecbf71507caeb959726d3,2023-10-09T15:48:46+08:00,9570d45f71c91a1e05cecbf71507caeb959726d3,2023-10-09T15:48:46+08:00,1,1043,0.024390243902439025,,,False,False,1,0,590.07,0.0,0.001694715316660499,,38007053.0,dotnet/docfx,C#
test/Docfx.Build.Tests/ConceptualDocumentProcessorTest.cs,15,callable,ok,Docfx.Build.ManagedReference.Tests.ConceptualDocumentProcessorTest.GetRawModelFilePath,Docfx.Build.ManagedReference.Tests.ConceptualDocumentProcessorTest.GetRawModelFilePath,9570d45f71c91a1e05cecbf71507caeb959726d3,2023-10-09T15:48:46+08:00,9570d45f71c91a1e05cecbf71507caeb959726d3,2023-10-09T15:48:46+08:00,1,1043,0.25,,,False,False,1,0,590.07,0.0,0.001694715316660499,,38007053.0,dotnet/docfx,C#
test/Docfx.Build.Tests/ConceptualDocumentProcessorTest.cs,16,callable,ok,Docfx.Build.ManagedReference.Tests.ConceptualDocumentProcessorTest.GetOutputFilePath,Docfx.Build.ManagedReference.Tests.ConceptualDocumentProcessorTest.GetOutputFilePath,9570d45f71c91a1e05cecbf71507caeb959726d3,2023-10-09T15:48:46+08:00,9570d45f71c91a1e05cecbf71507caeb959726d3,2023-10-09T15:48:46+08:00,1,1043,0.25,,,False,False,1,0,590.07,0.0,0.001694715316660499,,38007053.0,dotnet/docfx,C#
test/Docfx.Build.Tests/ConceptualDocumentProcessorTest.cs,17,callable,ok,Docfx.Build.ManagedReference.Tests.ConceptualDocumentProcessorTest.GetOutputManifest,Docfx.Build.ManagedReference.Tests.ConceptualDocumentProcessorTest.GetOutputManifest,9570d45f71c91a1e05cecbf71507caeb959726d3,2023-10-09T15:48:46+08:00,9570d45f71c91a1e05cecbf71507caeb959726d3,2023-10-09T15:48:46+08:00,1,1043,0.2,,,False,False,1,0,590.07,0.0,0.001694715316660499,,38007053.0,dotnet/docfx,C#
test/Docfx.Build.Tests/ConceptualDocumentProcessorTest.cs,18,callable,ok,Docfx.Build.ManagedReference.Tests.ConceptualDocumentProcessorTest.BuildDocument,Docfx.Build.ManagedReference.Tests.ConceptualDocumentProcessorTest.BuildDocument,9570d45f71c91a1e05cecbf71507caeb959726d3,2023-10-09T15:48:46+08:00,9570d45f71c91a1e05cecbf71507caeb959726d3,2023-10-09T15:48:46+08:00,1,1043,0.07142857142857142,,,False,False,1,0,590.07,0.0,0.001694715316660499,,38007053.0,dotnet/docfx,C#
test/Docfx.Build.Tests/ConceptualDocumentProcessorTest.cs,19,callable,ok,Docfx.Build.ManagedReference.Tests.ConceptualDocumentProcessorTest.FileCreator.FileCreator,Docfx.Build.ManagedReference.Tests.ConceptualDocumentProcessorTest.FileCreator.FileCreator,9570d45f71c91a1e05cecbf71507caeb959726d3,2023-10-09T15:48:46+08:00,9570d45f71c91a1e05cecbf71507caeb959726d3,2023-10-09T15:48:46+08:00,1,1043,0.25,,,False,False,1,0,590.07,0.0,0.001694715316660499,,38007053.0,dotnet/docfx,C#
test/Docfx.Build.Tests/ConceptualDocumentProcessorTest.cs,20,callable,ok,Docfx.Build.ManagedReference.Tests.ConceptualDocumentProcessorTest.FileCreator.CreateFile,Docfx.Build.ManagedReference.Tests.ConceptualDocumentProcessorTest.FileCreator.CreateFile,9570d45f71c91a1e05cecbf71507caeb959726d3,2023-10-09T15:48:46+08:00,9570d45f71c91a1e05cecbf71507caeb959726d3,2023-10-09T15:48:46+08:00,1,1043,0.0625,,,False,False,1,0,590.07,0.0,0.001694715316660499,,38007053.0,dotnet/docfx,C#
test/Docfx.Build.Tests/FileMetadataHelperTest.cs,0,class,ok,Docfx.Build.Engine.Tests.FileMetadataHelperTest,Docfx.Build.Engine.Tests.FileMetadataHelperTest,9570d45f71c91a1e05cecbf71507caeb959726d3,2023-10-09T15:48:46+08:00,9570d45f71c91a1e05cecbf71507caeb959726d3,2023-10-09T15:48:46+08:00,1,1043,0.00398406374501992,,,False,False,1,0,590.07,0.0,0.001694715316660499,,38007053.0,dotnet/docfx,C#
test/Docfx.Build.Tests/FileMetadataHelperTest.cs,0,callable,ok,Docfx.Build.Engine.Tests.FileMetadataHelperTest.TestGetChangedGlobs_AllTheSame,Docfx.Build.Engine.Tests.FileMetadataHelperTest.TestGetChangedGlobs_AllTheSame,9570d45f71c91a1e05cecbf71507caeb959726d3,2023-10-09T15:48:46+08:00,9570d45f71c91a1e05cecbf71507caeb959726d3,2023-10-09T15:48:46+08:00,1,1043,0.03125,,,False,False,1,0,590.07,0.0,0.001694715316660499,,38007053.0,dotnet/docfx,C#
test/Docfx.Build.Tests/FileMetadataHelperTest.cs,1,callable,ok,Docfx.Build.Engine.Tests.FileMetadataHelperTest.TestGetChangedGlobs_AllChanged_With_DifferentBaseDir,Docfx.Build.Engine.Tests.FileMetadataHelperTest.TestGetChangedGlobs_AllChanged_With_DifferentBaseDir,9570d45f71c91a1e05cecbf71507caeb959726d3,2023-10-09T15:48:46+08:00,9570d45f71c91a1e05cecbf71507caeb959726d3,2023-10-09T15:48:46+08:00,1,1043,0.03125,,,False,False,1,0,590.07,0.0,0.001694715316660499,,38007053.0,dotnet/docfx,C#
test/Docfx.Build.Tests/FileMetadataHelperTest.cs,2,callable,ok,Docfx.Build.Engine.Tests.FileMetadataHelperTest.TestGetChangedGlobs_AllChanged_With_DifferentPattern,Docfx.Build.Engine.Tests.FileMetadataHelperTest.TestGetChangedGlobs_AllChanged_With_DifferentPattern,9570d45f71c91a1e05cecbf71507caeb959726d3,2023-10-09T15:48:46+08:00,9570d45f71c91a1e05cecbf71507caeb959726d3,2023-10-09T15:48:46+08:00,1,1043,0.02564102564102564,,,False,False,1,0,590.07,0.0,0.001694715316660499,,38007053.0,dotnet/docfx,C#
test/Docfx.Build.Tests/FileMetadataHelperTest.cs,3,callable,ok,Docfx.Build.Engine.Tests.FileMetadataHelperTest.TestGetChangedGlobs_CrossGlobsChanged,Docfx.Build.Engine.Tests.FileMetadataHelperTest.TestGetChangedGlobs_CrossGlobsChanged,9570d45f71c91a1e05cecbf71507caeb959726d3,2023-10-09T15:48:46+08:00,9570d45f71c91a1e05cecbf71507caeb959726d3,2023-10-09T15:48:46+08:00,1,1043,0.037037037037037035,,,False,False,1,0,590.07,0.0,0.001694715316660499,,38007053.0,dotnet/docfx,C#
test/Docfx.Build.Tests/FileMetadataHelperTest.cs,4,callable,ok,Docfx.Build.Engine.Tests.FileMetadataHelperTest.TestGetChangedGlobs_ReduceGlobsChanged,Docfx.Build.Engine.Tests.FileMetadataHelperTest.TestGetChangedGlobs_ReduceGlobsChanged,9570d45f71c91a1e05cecbf71507caeb959726d3,2023-10-09T15:48:46+08:00,9570d45f71c91a1e05cecbf71507caeb959726d3,2023-10-09T15:48:46+08:00,1,1043,0.04,,,False,False,1,0,590.07,0.0,0.001694715316660499,,38007053.0,dotnet/docfx,C#
test/Docfx.Build.Tests/FileMetadataHelperTest.cs,5,callable,ok,Docfx.Build.Engine.Tests.FileMetadataHelperTest.TestGetChangedGlobs_IncreaseGlobsChanged,Docfx.Build.Engine.Tests.FileMetadataHelperTest.TestGetChangedGlobs_IncreaseGlobsChanged,9570d45f71c91a1e05cecbf71507caeb959726d3,2023-10-09T15:48:46+08:00,9570d45f71c91a1e05cecbf71507caeb959726d3,2023-10-09T15:48:46+08:00,1,1043,0.037037037037037035,,,False,False,1,0,590.07,0.0,0.001694715316660499,,38007053.0,dotnet/docfx,C#
test/Docfx.Build.Tests/FileMetadataHelperTest.cs,6,callable,ok,Docfx.Build.Engine.Tests.FileMetadataHelperTest.TestGetChangedGlobs_Changed,Docfx.Build.Engine.Tests.FileMetadataHelperTest.TestGetChangedGlobs_Changed,9570d45f71c91a1e05cecbf71507caeb959726d3,2023-10-09T15:48:46+08:00,9570d45f71c91a1e05cecbf71507caeb959726d3,2023-10-09T15:48:46+08:00,1,1043,0.030303030303030304,,,False,False,1,0,590.07,0.0,0.001694715316660499,,38007053.0,dotnet/docfx,C#
test/Docfx.Build.Tests/FileMetadataHelperTest.cs,7,callable,ok,Docfx.Build.Engine.Tests.FileMetadataHelperTest.TestGetChangedGlobs_Changed_Reverse,Docfx.Build.Engine.Tests.FileMetadataHelperTest.TestGetChangedGlobs_Changed_Reverse,9570d45f71c91a1e05cecbf71507caeb959726d3,2023-10-09T15:48:46+08:00,9570d45f71c91a1e05cecbf71507caeb959726d3,2023-10-09T15:48:46+08:00,1,1043,0.038461538461538464,,,False,False,1,0,590.07,0.0,0.001694715316660499,,38007053.0,dotnet/docfx,C#
test/Docfx.Build.Tests/RemoveDebugInfoTest.cs,0,class,ok,Docfx.Build.Engine.Tests.RemoveDebugInfoTest,Docfx.Build.Engine.Tests.RemoveDebugInfoTest,9570d45f71c91a1e05cecbf71507caeb959726d3,2023-10-09T15:48:46+08:00,9570d45f71c91a1e05cecbf71507caeb959726d3,2023-10-09T15:48:46+08:00,1,1043,0.024390243902439025,,,False,False,1,0,590.07,0.0,0.001694715316660499,,38007053.0,dotnet/docfx,C#
test/Docfx.Build.Tests/RemoveDebugInfoTest.cs,0,callable,ok,Docfx.Build.Engine.Tests.RemoveDebugInfoTest.RemoveDebugInfoTest,Docfx.Build.Engine.Tests.RemoveDebugInfoTest.RemoveDebugInfoTest,9570d45f71c91a1e05cecbf71507caeb959726d3,2023-10-09T15:48:46+08:00,9570d45f71c91a1e05cecbf71507caeb959726d3,2023-10-09T15:48:46+08:00,1,1043,0.16666666666666666,,,False,False,1,0,590.07,0.0,0.001694715316660499,,38007053.0,dotnet/docfx,C#
test/Docfx.Build.Tests/RemoveDebugInfoTest.cs,1,callable,ok,Docfx.Build.Engine.Tests.RemoveDebugInfoTest.Dispose,Docfx.Build.Engine.Tests.RemoveDebugInfoTest.Dispose,9570d45f71c91a1e05cecbf71507caeb959726d3,2023-10-09T15:48:46+08:00,9570d45f71c91a1e05cecbf71507caeb959726d3,2023-10-09T15:48:46+08:00,1,1043,0.2,,,False,False,1,0,590.07,0.0,0.001694715316660499,,38007053.0,dotnet/docfx,C#
test/Docfx.Build.Tests/RemoveDebugInfoTest.cs,2,callable,ok,Docfx.Build.Engine.Tests.RemoveDebugInfoTest.TestBasicFeature,Docfx.Build.Engine.Tests.RemoveDebugInfoTest.TestBasicFeature,9570d45f71c91a1e05cecbf71507caeb959726d3,2023-10-09T15:48:46+08:00,9570d45f71c91a1e05cecbf71507caeb959726d3,2023-10-09T15:48:46+08:00,1,1043,0.045454545454545456,,,False,False,1,0,590.07,0.0,0.001694715316660499,,38007053.0,dotnet/docfx,C#
test/Docfx.Build.Tests/TemplateRendererLoaderUnitTest.cs,0,class,ok,Docfx.Build.Engine.Tests.TemplateRendererLoaderUnitTest,Docfx.Build.Engine.Tests.TemplateRendererLoaderUnitTest,9570d45f71c91a1e05cecbf71507caeb959726d3,2023-10-09T15:48:46+08:00,9570d45f71c91a1e05cecbf71507caeb959726d3,2023-10-09T15:48:46+08:00,1,1043,0.011627906976744186,,,False,False,1,0,590.07,0.0,0.001694715316660499,,38007053.0,dotnet/docfx,C#
test/Docfx.Build.Tests/TemplateRendererLoaderUnitTest.cs,0,callable,ok,Docfx.Build.Engine.Tests.TemplateRendererLoaderUnitTest.TemplateRendererLoaderUnitTest,Docfx.Build.Engine.Tests.TemplateRendererLoaderUnitTest.TemplateRendererLoaderUnitTest,9570d45f71c91a1e05cecbf71507caeb959726d3,2023-10-09T15:48:46+08:00,9570d45f71c91a1e05cecbf71507caeb959726d3,2023-10-09T15:48:46+08:00,1,1043,0.25,,,False,False,1,0,590.07,0.0,0.001694715316660499,,38007053.0,dotnet/docfx,C#
test/Docfx.Build.Tests/TemplateRendererLoaderUnitTest.cs,1,callable,ok,Docfx.Build.Engine.Tests.TemplateRendererLoaderUnitTest.TestLoaderWhenNoFileExists,Docfx.Build.Engine.Tests.TemplateRendererLoaderUnitTest.TestLoaderWhenNoFileExists,9570d45f71c91a1e05cecbf71507caeb959726d3,2023-10-09T15:48:46+08:00,9570d45f71c91a1e05cecbf71507caeb959726d3,2023-10-09T15:48:46+08:00,1,1043,0.041666666666666664,,,False,False,1,0,590.07,0.0,0.001694715316660499,,38007053.0,dotnet/docfx,C#
test/Docfx.Build.Tests/TemplateRendererLoaderUnitTest.cs,2,callable,ok,Docfx.Build.Engine.Tests.TemplateRendererLoaderUnitTest.TestLoaderWithValidInput,Docfx.Build.Engine.Tests.TemplateRendererLoaderUnitTest.TestLoaderWithValidInput,9570d45f71c91a1e05cecbf71507caeb959726d3,2023-10-09T15:48:46+08:00,9570d45f71c91a1e05cecbf71507caeb959726d3,2023-10-09T15:48:46+08:00,1,1043,0.05263157894736842,,,False,False,1,0,590.07,0.0,0.001694715316660499,,38007053.0,dotnet/docfx,C#
test/Docfx.Build.Tests/TemplateRendererLoaderUnitTest.cs,3,callable,ok,Docfx.Build.Engine.Tests.TemplateRendererLoaderUnitTest.TestSingleFileLoaderWithValidInput,Docfx.Build.Engine.Tests.TemplateRendererLoaderUnitTest.TestSingleFileLoaderWithValidInput,9570d45f71c91a1e05cecbf71507caeb959726d3,2023-10-09T15:48:46+08:00,9570d45f71c91a1e05cecbf71507caeb959726d3,2023-10-09T15:48:46+08:00,1,1043,0.05555555555555555,,,False,False,1,0,590.07,0.0,0.001694715316660499,,38007053.0,dotnet/docfx,C#
test/Docfx.Build.Tests/TemplateRendererLoaderUnitTest.cs,4,callable,ok,Docfx.Build.Engine.Tests.TemplateRendererLoaderUnitTest.LoadAllRenderers,Docfx.Build.Engine.Tests.TemplateRendererLoaderUnitTest.LoadAllRenderers,9570d45f71c91a1e05cecbf71507caeb959726d3,2023-10-09T15:48:46+08:00,9570d45f71c91a1e05cecbf71507caeb959726d3,2023-10-09T15:48:46+08:00,1,1043,0.2,,,False,False,1,0,590.07,0.0,0.001694715316660499,,38007053.0,dotnet/docfx,C#
test/Docfx.Build.Tests/TemplateRendererLoaderUnitTest.cs,5,callable,ok,Docfx.Build.Engine.Tests.TemplateRendererLoaderUnitTest.Load,Docfx.Build.Engine.Tests.TemplateRendererLoaderUnitTest.Load,9570d45f71c91a1e05cecbf71507caeb959726d3,2023-10-09T15:48:46+08:00,9570d45f71c91a1e05cecbf71507caeb959726d3,2023-10-09T15:48:46+08:00,1,1043,0.2,,,False,False,1,0,590.07,0.0,0.001694715316660499,,38007053.0,dotnet/docfx,C#
test/Docfx.Build.Tests/ValidateBookmarkTest.cs,0,class,ok,Docfx.Build.Engine.Tests.ValidateBookmarkTest,Docfx.Build.Engine.Tests.ValidateBookmarkTest,9570d45f71c91a1e05cecbf71507caeb959726d3,2023-10-09T15:48:46+08:00,9570d45f71c91a1e05cecbf71507caeb959726d3,2023-10-09T15:48:46+08:00,1,1043,0.00819672131147541,,,False,False,1,0,590.07,0.0,0.001694715316660499,,38007053.0,dotnet/docfx,C#
test/Docfx.Build.Tests/ValidateBookmarkTest.cs,0,callable,ok,Docfx.Build.Engine.Tests.ValidateBookmarkTest.ValidateBookmarkTest,Docfx.Build.Engine.Tests.ValidateBookmarkTest.ValidateBookmarkTest,9570d45f71c91a1e05cecbf71507caeb959726d3,2023-10-09T15:48:46+08:00,9570d45f71c91a1e05cecbf71507caeb959726d3,2023-10-09T15:48:46+08:00,1,1043,0.14285714285714285,,,False,False,1,0,590.07,0.0,0.001694715316660499,,38007053.0,dotnet/docfx,C#
test/Docfx.Build.Tests/ValidateBookmarkTest.cs,1,callable,ok,Docfx.Build.Engine.Tests.ValidateBookmarkTest.Dispose,Docfx.Build.Engine.Tests.ValidateBookmarkTest.Dispose,9570d45f71c91a1e05cecbf71507caeb959726d3,2023-10-09T15:48:46+08:00,9570d45f71c91a1e05cecbf71507caeb959726d3,2023-10-09T15:48:46+08:00,1,1043,0.2,,,False,False,1,0,590.07,0.0,0.001694715316660499,,38007053.0,dotnet/docfx,C#
test/Docfx.Build.Tests/ValidateBookmarkTest.cs,2,callable,ok,Docfx.Build.Engine.Tests.ValidateBookmarkTest.TestBasicFeature,Docfx.Build.Engine.Tests.ValidateBookmarkTest.TestBasicFeature,9570d45f71c91a1e05cecbf71507caeb959726d3,2023-10-09T15:48:46+08:00,9570d45f71c91a1e05cecbf71507caeb959726d3,2023-10-09T15:48:46+08:00,1,1043,0.017543859649122806,,,False,False,1,0,590.07,0.0,0.001694715316660499,,38007053.0,dotnet/docfx,C#
test/Docfx.Build.Tests/ValidateBookmarkTest.cs,3,callable,ok,Docfx.Build.Engine.Tests.ValidateBookmarkTest.TestNoCheck,Docfx.Build.Engine.Tests.ValidateBookmarkTest.TestNoCheck,9570d45f71c91a1e05cecbf71507caeb959726d3,2023-10-09T15:48:46+08:00,9570d45f71c91a1e05cecbf71507caeb959726d3,2023-10-09T15:48:46+08:00,1,1043,0.023255813953488372,,,False,False,1,0,590.07,0.0,0.001694715316660499,,38007053.0,dotnet/docfx,C#
test/Docfx.Common.Tests/FileAbstractLayerWithEnvironmentVariableTest.cs,0,class,ok,Docfx.Common.Tests.FileAbstractLayerWithEnvironmentVariableTest,Docfx.Common.Tests.FileAbstractLayerWithEnvironmentVariableTest,a6d356c86d42738d716eef162495a77696391107,2023-07-12T17:48:19+08:00,a6d356c86d42738d716eef162495a77696391107,2023-07-12T17:48:19+08:00,1,1131,0.008849557522123894,,,False,False,1,0,678.99,0.0,0.0014727831464378908,,38007053.0,dotnet/docfx,C#
test/Docfx.Common.Tests/FileAbstractLayerWithEnvironmentVariableTest.cs,0,callable,ok,Docfx.Common.Tests.FileAbstractLayerWithEnvironmentVariableTest.TestFileAbstractLayerWithRealImplementsShouldReadFileCorrectlyWhenInputNoFallback,Docfx.Common.Tests.FileAbstractLayerWithEnvironmentVariableTest.TestFileAbstractLayerWithRealImplementsShouldReadFileCorrectlyWhenInputNoFallback,a6d356c86d42738d716eef162495a77696391107,2023-07-12T17:48:19+08:00,a6d356c86d42738d716eef162495a77696391107,2023-07-12T17:48:19+08:00,1,1131,0.058823529411764705,,,False,False,1,0,678.99,0.0,0.0014727831464378908,,38007053.0,dotnet/docfx,C#
test/Docfx.Common.Tests/FileAbstractLayerWithEnvironmentVariableTest.cs,1,callable,ok,Docfx.Common.Tests.FileAbstractLayerWithEnvironmentVariableTest.TestFileAbstractLayerWithRealImplementsShouldCopyFileCorrectly,Docfx.Common.Tests.FileAbstractLayerWithEnvironmentVariableTest.TestFileAbstractLayerWithRealImplementsShouldCopyFileCorrectly,a6d356c86d42738d716eef162495a77696391107,2023-07-12T17:48:19+08:00,a6d356c86d42738d716eef162495a77696391107,2023-07-12T17:48:19+08:00,1,1131,0.04,,,False,False,1,0,678.99,0.0,0.0014727831464378908,,38007053.0,dotnet/docfx,C#
test/Docfx.Common.Tests/FileAbstractLayerWithEnvironmentVariableTest.cs,2,callable,ok,Docfx.Common.Tests.FileAbstractLayerWithEnvironmentVariableTest.TestFileAbstractLayerWithRealImplementsShouldCreateTwiceForSameFileCorrectly,Docfx.Common.Tests.FileAbstractLayerWithEnvironmentVariableTest.TestFileAbstractLayerWithRealImplementsShouldCreateTwiceForSameFileCorrectly,a6d356c86d42738d716eef162495a77696391107,2023-07-12T17:48:19+08:00,a6d356c86d42738d716eef162495a77696391107,2023-07-12T17:48:19+08:00,1,1131,0.05,,,False,False,1,0,678.99,0.0,0.0014727831464378908,,38007053.0,dotnet/docfx,C#
test/Docfx.Common.Tests/FileAbstractLayerWithEnvironmentVariableTest.cs,3,callable,ok,Docfx.Common.Tests.FileAbstractLayerWithEnvironmentVariableTest.TestFileAbstractLayerWithRealImplementsShouldCopyThenCreateForSameFileCorrectly,Docfx.Common.Tests.FileAbstractLayerWithEnvironmentVariableTest.TestFileAbstractLayerWithRealImplementsShouldCopyThenCreateForSameFileCorrectly,a6d356c86d42738d716eef162495a77696391107,2023-07-12T17:48:19+08:00,a6d356c86d42738d716eef162495a77696391107,2023-07-12T17:48:19+08:00,1,1131,0.038461538461538464,,,False,False,1,0,678.99,0.0,0.0014727831464378908,,38007053.0,dotnet/docfx,C#
test/Docfx.Common.Tests/FileAbstractLayerWithEnvironmentVariableTest.cs,4,callable,ok,Docfx.Common.Tests.FileAbstractLayerWithEnvironmentVariableTest.TestFileAbstractLayerWithRealImplementsShouldGetPropertiesCorrectly,Docfx.Common.Tests.FileAbstractLayerWithEnvironmentVariableTest.TestFileAbstractLayerWithRealImplementsShouldGetPropertiesCorrectly,a6d356c86d42738d716eef162495a77696391107,2023-07-12T17:48:19+08:00,a6d356c86d42738d716eef162495a77696391107,2023-07-12T17:48:19+08:00,1,1131,0.058823529411764705,,,False,False,1,0,678.99,0.0,0.0014727831464378908,,38007053.0,dotnet/docfx,C#
test/Docfx.Dotnet.Tests/GenerateMetadataFromAssemblyTest.cs,0,class,ok,Docfx.Dotnet.Tests.GenerateMetadataFromAssemblyTest,Docfx.Dotnet.Tests.GenerateMetadataFromAssemblyTest,a6d356c86d42738d716eef162495a77696391107,2023-07-12T17:48:19+08:00,a6d356c86d42738d716eef162495a77696391107,2023-07-12T17:48:19+08:00,1,1131,0.016129032258064516,,,False,False,1,0,678.99,0.0,0.0014727831464378908,,38007053.0,dotnet/docfx,C#
test/Docfx.Dotnet.Tests/GenerateMetadataFromAssemblyTest.cs,0,callable,ok,Docfx.Dotnet.Tests.GenerateMetadataFromAssemblyTest.TestGenerateMetadataFromAssembly,Docfx.Dotnet.Tests.GenerateMetadataFromAssemblyTest.TestGenerateMetadataFromAssembly,a6d356c86d42738d716eef162495a77696391107,2023-07-12T17:48:19+08:00,a6d356c86d42738d716eef162495a77696391107,2023-07-12T17:48:19+08:00,1,1131,0.038461538461538464,,,False,False,1,0,678.99,0.0,0.0014727831464378908,,38007053.0,dotnet/docfx,C#
test/Docfx.Dotnet.Tests/GenerateMetadataFromAssemblyTest.cs,1,callable,ok,Docfx.Dotnet.Tests.GenerateMetadataFromAssemblyTest.TestGenerateMetadataFromAssemblyWithReferences,Docfx.Dotnet.Tests.GenerateMetadataFromAssemblyTest.TestGenerateMetadataFromAssemblyWithReferences,a6d356c86d42738d716eef162495a77696391107,2023-07-12T17:48:19+08:00,a6d356c86d42738d716eef162495a77696391107,2023-07-12T17:48:19+08:00,1,1131,0.03225806451612903,,,False,False,1,0,678.99,0.0,0.0014727831464378908,,38007053.0,dotnet/docfx,C#
test/Docfx.Dotnet.Tests/SymbolUrlResolverUnitTest.cs,0,class,ok,Docfx.Dotnet.Tests.SymbolUrlResolverUnitTest,Docfx.Dotnet.Tests.SymbolUrlResolverUnitTest,a6d356c86d42738d716eef162495a77696391107,2023-07-12T17:48:19+08:00,a6d356c86d42738d716eef162495a77696391107,2023-07-12T17:48:19+08:00,1,1131,0.010869565217391304,,,False,False,1,0,678.99,0.0,0.0014727831464378908,,38007053.0,dotnet/docfx,C#
test/Docfx.Dotnet.Tests/SymbolUrlResolverUnitTest.cs,0,callable,ok,Docfx.Dotnet.Tests.SymbolUrlResolverUnitTest.GetMicrosoftLearnUrlFromCommentIdTest,Docfx.Dotnet.Tests.SymbolUrlResolverUnitTest.GetMicrosoftLearnUrlFromCommentIdTest,a6d356c86d42738d716eef162495a77696391107,2023-07-12T17:48:19+08:00,a6d356c86d42738d716eef162495a77696391107,2023-07-12T17:48:19+08:00,1,1131,0.02127659574468085,,,False,False,1,0,678.99,0.0,0.0014727831464378908,,38007053.0,dotnet/docfx,C#
test/Docfx.Dotnet.Tests/SymbolUrlResolverUnitTest.cs,1,callable,ok,Docfx.Dotnet.Tests.SymbolUrlResolverUnitTest.GetUrlFragmentFromUidTest,Docfx.Dotnet.Tests.SymbolUrlResolverUnitTest.GetUrlFragmentFromUidTest,a6d356c86d42738d716eef162495a77696391107,2023-07-12T17:48:19+08:00,a6d356c86d42738d716eef162495a77696391107,2023-07-12T17:48:19+08:00,1,1131,0.05555555555555555,,,False,False,1,0,678.99,0.0,0.0014727831464378908,,38007053.0,dotnet/docfx,C#
test/Docfx.Dotnet.Tests/SymbolUrlResolverUnitTest.cs,2,callable,ok,Docfx.Dotnet.Tests.SymbolUrlResolverUnitTest.GetPdbSourceLinkUrlTest,Docfx.Dotnet.Tests.SymbolUrlResolverUnitTest.GetPdbSourceLinkUrlTest,a6d356c86d42738d716eef162495a77696391107,2023-07-12T17:48:19+08:00,a6d356c86d42738d716eef162495a77696391107,2023-07-12T17:48:19+08:00,1,1131,0.045454545454545456,,,False,False,1,0,678.99,0.0,0.0014727831464378908,,38007053.0,dotnet/docfx,C#
test/Docfx.Dotnet.Tests/XmlCommentTests/XmlCommentSummaryTest.Basic.cs,0,class,ok,Docfx.Dotnet.Tests.XmlCommentSummaryTest,Docfx.Dotnet.Tests.XmlCommentSummaryTest,4b34179bc5280e4af50cf16f8429ee1e4dd31806,2026-01-05T17:40:30+09:00,4b34179bc5280e4af50cf16f8429ee1e4dd31806,2026-01-05T17:40:30+09:00,1,223,0.03125,,,False,False,0,1,0.0,228.97,,0.004367454577714153,38007053.0,dotnet/docfx,C#
test/Docfx.Dotnet.Tests/XmlCommentTests/XmlCommentSummaryTest.Basic.cs,0,callable,ok,Docfx.Dotnet.Tests.XmlCommentSummaryTest.Summary_Basic,Docfx.Dotnet.Tests.XmlCommentSummaryTest.Summary_Basic,4b34179bc5280e4af50cf16f8429ee1e4dd31806,2026-01-05T17:40:30+09:00,4b34179bc5280e4af50cf16f8429ee1e4dd31806,2026-01-05T17:40:30+09:00,1,223,0.06666666666666667,,,False,False,0,1,0.0,228.97,,0.004367454577714153,38007053.0,dotnet/docfx,C#
test/Docfx.Dotnet.Tests/XmlCommentTests/XmlCommentSummaryTest.Basic.cs,1,callable,ok,Docfx.Dotnet.Tests.XmlCommentSummaryTest.Summary_WithMarkdown,Docfx.Dotnet.Tests.XmlCommentSummaryTest.Summary_WithMarkdown,4b34179bc5280e4af50cf16f8429ee1e4dd31806,2026-01-05T17:40:30+09:00,4b34179bc5280e4af50cf16f8429ee1e4dd31806,2026-01-05T17:40:30+09:00,1,223,0.07692307692307693,,,False,False,0,1,0.0,228.97,,0.004367454577714153,38007053.0,dotnet/docfx,C#
test/Docfx.Dotnet.Tests/XmlCommentTests/XmlCommentSummaryTest.Indent.cs,0,class,ok,Docfx.Dotnet.Tests.XmlCommentSummaryTest,Docfx.Dotnet.Tests.XmlCommentSummaryTest,4b34179bc5280e4af50cf16f8429ee1e4dd31806,2026-01-05T17:40:30+09:00,4b34179bc5280e4af50cf16f8429ee1e4dd31806,2026-01-05T17:40:30+09:00,1,223,0.006289308176100629,,,False,False,0,1,0.0,228.97,,0.004367454577714153,38007053.0,dotnet/docfx,C#
test/Docfx.Dotnet.Tests/XmlCommentTests/XmlCommentSummaryTest.Indent.cs,0,callable,ok,Docfx.Dotnet.Tests.XmlCommentSummaryTest.Indent_NoIndent,Docfx.Dotnet.Tests.XmlCommentSummaryTest.Indent_NoIndent,4b34179bc5280e4af50cf16f8429ee1e4dd31806,2026-01-05T17:40:30+09:00,4b34179bc5280e4af50cf16f8429ee1e4dd31806,2026-01-05T17:40:30+09:00,1,223,0.05555555555555555,,,False,False,0,1,0.0,228.97,,0.004367454577714153,38007053.0,dotnet/docfx,C#
test/Docfx.Dotnet.Tests/XmlCommentTests/XmlCommentSummaryTest.Indent.cs,1,callable,ok,Docfx.Dotnet.Tests.XmlCommentSummaryTest.Indent_SharedIndent_Removed,Docfx.Dotnet.Tests.XmlCommentSummaryTest.Indent_SharedIndent_Removed,4b34179bc5280e4af50cf16f8429ee1e4dd31806,2026-01-05T17:40:30+09:00,4b34179bc5280e4af50cf16f8429ee1e4dd31806,2026-01-05T17:40:30+09:00,1,223,0.05555555555555555,,,False,False,0,1,0.0,228.97,,0.004367454577714153,38007053.0,dotnet/docfx,C#
test/Docfx.Dotnet.Tests/XmlCommentTests/XmlCommentSummaryTest.Indent.cs,2,callable,ok,Docfx.Dotnet.Tests.XmlCommentSummaryTest.Indent_FirstLine,Docfx.Dotnet.Tests.XmlCommentSummaryTest.Indent_FirstLine,4b34179bc5280e4af50cf16f8429ee1e4dd31806,2026-01-05T17:40:30+09:00,4b34179bc5280e4af50cf16f8429ee1e4dd31806,2026-01-05T17:40:30+09:00,1,223,0.05555555555555555,,,False,False,0,1,0.0,228.97,,0.004367454577714153,38007053.0,dotnet/docfx,C#
test/Docfx.Dotnet.Tests/XmlCommentTests/XmlCommentSummaryTest.Indent.cs,3,callable,ok,Docfx.Dotnet.Tests.XmlCommentSummaryTest.Indent_SecondLine,Docfx.Dotnet.Tests.XmlCommentSummaryTest.Indent_SecondLine,4b34179bc5280e4af50cf16f8429ee1e4dd31806,2026-01-05T17:40:30+09:00,4b34179bc5280e4af50cf16f8429ee1e4dd31806,2026-01-05T17:40:30+09:00,1,223,0.05555555555555555,,,False,False,0,1,0.0,228.97,,0.004367454577714153,38007053.0,dotnet/docfx,C#
test/Docfx.Dotnet.Tests/XmlCommentTests/XmlCommentSummaryTest.Indent.cs,4,callable,ok,Docfx.Dotnet.Tests.XmlCommentSummaryTest.Indent_BetweenInlineTags,Docfx.Dotnet.Tests.XmlCommentSummaryTest.Indent_BetweenInlineTags,4b34179bc5280e4af50cf16f8429ee1e4dd31806,2026-01-05T17:40:30+09:00,4b34179bc5280e4af50cf16f8429ee1e4dd31806,2026-01-05T17:40:30+09:00,1,223,0.06666666666666667,,,False,False,0,1,0.0,228.97,,0.004367454577714153,38007053.0,dotnet/docfx,C#
test/Docfx.Dotnet.Tests/XmlCommentTests/XmlCommentSummaryTest.Indent.cs,5,callable,ok,Docfx.Dotnet.Tests.XmlCommentSummaryTest.Indent_MarkdownLineBreak1,Docfx.Dotnet.Tests.XmlCommentSummaryTest.Indent_MarkdownLineBreak1,4b34179bc5280e4af50cf16f8429ee1e4dd31806,2026-01-05T17:40:30+09:00,4b34179bc5280e4af50cf16f8429ee1e4dd31806,2026-01-05T17:40:30+09:00,1,223,0.05555555555555555,,,False,False,0,1,0.0,228.97,,0.004367454577714153,38007053.0,dotnet/docfx,C#
test/Docfx.Dotnet.Tests/XmlCommentTests/XmlCommentSummaryTest.Indent.cs,6,callable,ok,Docfx.Dotnet.Tests.XmlCommentSummaryTest.Indent_MarkdownLineBreak2,Docfx.Dotnet.Tests.XmlCommentSummaryTest.Indent_MarkdownLineBreak2,4b34179bc5280e4af50cf16f8429ee1e4dd31806,2026-01-05T17:40:30+09:00,4b34179bc5280e4af50cf16f8429ee1e4dd31806,2026-01-05T17:40:30+09:00,1,223,0.058823529411764705,,,False,False,0,1,0.0,228.97,,0.004367454577714153,38007053.0,dotnet/docfx,C#
test/Docfx.Dotnet.Tests/XmlCommentTests/XmlCommentSummaryTest.Indent.cs,7,callable,ok,Docfx.Dotnet.Tests.XmlCommentSummaryTest.Indent_Code,Docfx.Dotnet.Tests.XmlCommentSummaryTest.Indent_Code,4b34179bc5280e4af50cf16f8429ee1e4dd31806,2026-01-05T17:40:30+09:00,4b34179bc5280e4af50cf16f8429ee1e4dd31806,2026-01-05T17:40:30+09:00,1,223,0.045454545454545456,,,False,False,0,1,0.0,228.97,,0.004367454577714153,38007053.0,dotnet/docfx,C#
test/Docfx.Dotnet.Tests/XmlCommentUnitTest.Issue10553.cs,0,class,ok,Docfx.Dotnet.Tests.XmlCommentUnitTest,Docfx.Dotnet.Tests.XmlCommentUnitTest,4b34179bc5280e4af50cf16f8429ee1e4dd31806,2026-01-05T17:40:30+09:00,4b34179bc5280e4af50cf16f8429ee1e4dd31806,2026-01-05T17:40:30+09:00,1,223,0.02857142857142857,,,False,False,0,1,0.0,228.97,,0.004367454577714153,38007053.0,dotnet/docfx,C#
test/Docfx.Dotnet.Tests/XmlCommentUnitTest.Issue10553.cs,0,callable,ok,Docfx.Dotnet.Tests.XmlCommentUnitTest.Issue10553,Docfx.Dotnet.Tests.XmlCommentUnitTest.Issue10553,4b34179bc5280e4af50cf16f8429ee1e4dd31806,2026-01-05T17:40:30+09:00,4b34179bc5280e4af50cf16f8429ee1e4dd31806,2026-01-05T17:40:30+09:00,1,223,0.03125,,,False,False,0,1,0.0,228.97,,0.004367454577714153,38007053.0,dotnet/docfx,C#
test/Docfx.Glob.Tests/GlobMatcherTest.cs,0,class,ok,Docfx.Glob.Tests.GlobMatcherTest,Docfx.Glob.Tests.GlobMatcherTest,a6d356c86d42738d716eef162495a77696391107,2023-07-12T17:48:19+08:00,a6d356c86d42738d716eef162495a77696391107,2023-07-12T17:48:19+08:00,1,1131,0.0035842293906810036,,,False,False,1,0,678.99,0.0,0.0014727831464378908,,38007053.0,dotnet/docfx,C#
test/Docfx.Glob.Tests/GlobMatcherTest.cs,0,callable,ok,Docfx.Glob.Tests.GlobMatcherTest.TestNegateGlobShouldAllowMultipleNegateChars,Docfx.Glob.Tests.GlobMatcherTest.TestNegateGlobShouldAllowMultipleNegateChars,a6d356c86d42738d716eef162495a77696391107,2023-07-12T17:48:19+08:00,a6d356c86d42738d716eef162495a77696391107,2023-07-12T17:48:19+08:00,1,1131,0.09090909090909091,,,False,False,1,0,678.99,0.0,0.0014727831464378908,,38007053.0,dotnet/docfx,C#
test/Docfx.Glob.Tests/GlobMatcherTest.cs,1,callable,ok,Docfx.Glob.Tests.GlobMatcherTest.TestGroupedGlobShouldExpand,Docfx.Glob.Tests.GlobMatcherTest.TestGroupedGlobShouldExpand,a6d356c86d42738d716eef162495a77696391107,2023-07-12T17:48:19+08:00,a6d356c86d42738d716eef162495a77696391107,2023-07-12T17:48:19+08:00,1,1131,0.07692307692307693,,,False,False,1,0,678.99,0.0,0.0014727831464378908,,38007053.0,dotnet/docfx,C#
test/Docfx.Glob.Tests/GlobMatcherTest.cs,2,callable,ok,Docfx.Glob.Tests.GlobMatcherTest.TestGlobMatchWithoutDotMatchShouldMatchNonDotFiles,Docfx.Glob.Tests.GlobMatcherTest.TestGlobMatchWithoutDotMatchShouldMatchNonDotFiles,a6d356c86d42738d716eef162495a77696391107,2023-07-12T17:48:19+08:00,a6d356c86d42738d716eef162495a77696391107,2023-07-12T17:48:19+08:00,1,1131,0.005714285714285714,,,False,False,1,0,678.99,0.0,0.0014727831464378908,,38007053.0,dotnet/docfx,C#
test/Docfx.Glob.Tests/GlobMatcherTest.cs,3,callable,ok,Docfx.Glob.Tests.GlobMatcherTest.TestGlobMatchWithDotMatchShouldMatchDotFiles,Docfx.Glob.Tests.GlobMatcherTest.TestGlobMatchWithDotMatchShouldMatchDotFiles,a6d356c86d42738d716eef162495a77696391107,2023-07-12T17:48:19+08:00,a6d356c86d42738d716eef162495a77696391107,2023-07-12T17:48:19+08:00,1,1131,0.03333333333333333,,,False,False,1,0,678.99,0.0,0.0014727831464378908,,38007053.0,dotnet/docfx,C#
test/Docfx.Glob.Tests/GlobMatcherTest.cs,4,callable,ok,Docfx.Glob.Tests.GlobMatcherTest.TestGlobPartialMatchShouldMatchFolder,Docfx.Glob.Tests.GlobMatcherTest.TestGlobPartialMatchShouldMatchFolder,a6d356c86d42738d716eef162495a77696391107,2023-07-12T17:48:19+08:00,a6d356c86d42738d716eef162495a77696391107,2023-07-12T17:48:19+08:00,1,1131,0.023255813953488372,,,False,False,1,0,678.99,0.0,0.0014727831464378908,,38007053.0,dotnet/docfx,C#
test/Docfx.MarkdigEngine.Extensions.Tests/AggregatorTest.cs,0,class,ok,Docfx.MarkdigEngine.Tests.AggregatorTest,Docfx.MarkdigEngine.Tests.AggregatorTest,a6d356c86d42738d716eef162495a77696391107,2023-07-12T17:48:19+08:00,a6d356c86d42738d716eef162495a77696391107,2023-07-12T17:48:19+08:00,1,1131,0.007751937984496124,,,False,False,1,0,678.99,0.0,0.0014727831464378908,,38007053.0,dotnet/docfx,C#
test/Docfx.MarkdigEngine.Extensions.Tests/AggregatorTest.cs,1,class,ok,Docfx.MarkdigEngine.Tests.AggregatorTest.Head1HrAggregateToHead2,Docfx.MarkdigEngine.Tests.AggregatorTest.Head1HrAggregateToHead2,a6d356c86d42738d716eef162495a77696391107,2023-07-12T17:48:19+08:00,a6d356c86d42738d716eef162495a77696391107,2023-07-12T17:48:19+08:00,1,1131,0.05263157894736842,,,False,False,1,0,678.99,0.0,0.0014727831464378908,,38007053.0,dotnet/docfx,C#
test/Docfx.MarkdigEngine.Extensions.Tests/AggregatorTest.cs,2,class,ok,Docfx.MarkdigEngine.Tests.AggregatorTest.ParaParaAggregateToPara,Docfx.MarkdigEngine.Tests.AggregatorTest.ParaParaAggregateToPara,a6d356c86d42738d716eef162495a77696391107,2023-07-12T17:48:19+08:00,a6d356c86d42738d716eef162495a77696391107,2023-07-12T17:48:19+08:00,1,1131,0.058823529411764705,,,False,False,1,0,678.99,0.0,0.0014727831464378908,,38007053.0,dotnet/docfx,C#
test/Docfx.MarkdigEngine.Extensions.Tests/AggregatorTest.cs,0,callable,ok,Docfx.MarkdigEngine.Tests.AggregatorTest.TestAggregateHead1_Hr_To_Head2,Docfx.MarkdigEngine.Tests.AggregatorTest.TestAggregateHead1_Hr_To_Head2,a6d356c86d42738d716eef162495a77696391107,2023-07-12T17:48:19+08:00,a6d356c86d42738d716eef162495a77696391107,2023-07-12T17:48:19+08:00,1,1131,0.02564102564102564,,,False,False,1,0,678.99,0.0,0.0014727831464378908,,38007053.0,dotnet/docfx,C#
test/Docfx.MarkdigEngine.Extensions.Tests/AggregatorTest.cs,1,callable,ok,Docfx.MarkdigEngine.Tests.AggregatorTest.TestAggregatePara_Para_To_Para,Docfx.MarkdigEngine.Tests.AggregatorTest.TestAggregatePara_Para_To_Para,a6d356c86d42738d716eef162495a77696391107,2023-07-12T17:48:19+08:00,a6d356c86d42738d716eef162495a77696391107,2023-07-12T17:48:19+08:00,1,1131,0.027777777777777776,,,False,False,1,0,678.99,0.0,0.0014727831464378908,,38007053.0,dotnet/docfx,C#
test/Docfx.MarkdigEngine.Extensions.Tests/AggregatorTest.cs,2,callable,ok,Docfx.MarkdigEngine.Tests.AggregatorTest.TestAggregator,Docfx.MarkdigEngine.Tests.AggregatorTest.TestAggregator,a6d356c86d42738d716eef162495a77696391107,2023-07-12T17:48:19+08:00,a6d356c86d42738d716eef162495a77696391107,2023-07-12T17:48:19+08:00,1,1131,0.09090909090909091,,,False,False,1,0,678.99,0.0,0.0014727831464378908,,38007053.0,dotnet/docfx,C#
test/Docfx.MarkdigEngine.Extensions.Tests/AggregatorTest.cs,3,callable,ok,Docfx.MarkdigEngine.Tests.AggregatorTest.Head1HrAggregateToHead2.AggregateCore,Docfx.MarkdigEngine.Tests.AggregatorTest.Head1HrAggregateToHead2.AggregateCore,a6d356c86d42738d716eef162495a77696391107,2023-07-12T17:48:19+08:00,a6d356c86d42738d716eef162495a77696391107,2023-07-12T17:48:19+08:00,1,1131,0.0625,,,False,False,1,0,678.99,0.0,0.0014727831464378908,,38007053.0,dotnet/docfx,C#
test/Docfx.MarkdigEngine.Extensions.Tests/AggregatorTest.cs,4,callable,ok,Docfx.MarkdigEngine.Tests.AggregatorTest.ParaParaAggregateToPara.AggregateCore,Docfx.MarkdigEngine.Tests.AggregatorTest.ParaParaAggregateToPara.AggregateCore,a6d356c86d42738d716eef162495a77696391107,2023-07-12T17:48:19+08:00,a6d356c86d42738d716eef162495a77696391107,2023-07-12T17:48:19+08:00,1,1131,0.07142857142857142,,,False,False,1,0,678.99,0.0,0.0014727831464378908,,38007053.0,dotnet/docfx,C#
test/Docfx.MarkdigEngine.Extensions.Tests/CodeSnippetTest.cs,0,class,ok,Docfx.MarkdigEngine.Tests.CodeSnippetTest,Docfx.MarkdigEngine.Tests.CodeSnippetTest,a6d356c86d42738d716eef162495a77696391107,2023-07-12T17:48:19+08:00,a6d356c86d42738d716eef162495a77696391107,2023-07-12T17:48:19+08:00,1,1131,0.0012315270935960591,,,False,False,1,0,678.99,0.0,0.0014727831464378908,,38007053.0,dotnet/docfx,C#
test/Docfx.MarkdigEngine.Extensions.Tests/CodeSnippetTest.cs,0,callable,ok,Docfx.MarkdigEngine.Tests.CodeSnippetTest.CodeSnippetNotFound,Docfx.MarkdigEngine.Tests.CodeSnippetTest.CodeSnippetNotFound,a6d356c86d42738d716eef162495a77696391107,2023-07-12T17:48:19+08:00,a6d356c86d42738d716eef162495a77696391107,2023-07-12T17:48:19+08:00,1,1131,0.05,,,False,False,1,0,678.99,0.0,0.0014727831464378908,,38007053.0,dotnet/docfx,C#
test/Docfx.MarkdigEngine.Extensions.Tests/CodeSnippetTest.cs,1,callable,ok,Docfx.MarkdigEngine.Tests.CodeSnippetTest.CodeSnippetGeneral,Docfx.MarkdigEngine.Tests.CodeSnippetTest.CodeSnippetGeneral,a6d356c86d42738d716eef162495a77696391107,2023-07-12T17:48:19+08:00,a6d356c86d42738d716eef162495a77696391107,2023-07-12T17:48:19+08:00,1,1131,0.047619047619047616,,,False,False,1,0,678.99,0.0,0.0014727831464378908,,38007053.0,dotnet/docfx,C#
test/Docfx.MarkdigEngine.Extensions.Tests/CodeSnippetTest.cs,2,callable,ok,Docfx.MarkdigEngine.Tests.CodeSnippetTest.NotebookCodeSnippetGeneral,Docfx.MarkdigEngine.Tests.CodeSnippetTest.NotebookCodeSnippetGeneral,a6d356c86d42738d716eef162495a77696391107,2023-07-12T17:48:19+08:00,a6d356c86d42738d716eef162495a77696391107,2023-07-12T17:48:19+08:00,1,1131,0.034482758620689655,,,False,False,1,0,678.99,0.0,0.0014727831464378908,,38007053.0,dotnet/docfx,C#
test/Docfx.MarkdigEngine.Extensions.Tests/CodeSnippetTest.cs,3,callable,ok,Docfx.MarkdigEngine.Tests.CodeSnippetTest.NotebookCodeSnippetTagNotFound,Docfx.MarkdigEngine.Tests.CodeSnippetTest.NotebookCodeSnippetTagNotFound,a6d356c86d42738d716eef162495a77696391107,2023-07-12T17:48:19+08:00,a6d356c86d42738d716eef162495a77696391107,2023-07-12T17:48:19+08:00,1,1131,0.03125,,,False,False,1,0,678.99,0.0,0.0014727831464378908,,38007053.0,dotnet/docfx,C#
test/Docfx.MarkdigEngine.Extensions.Tests/CodeSnippetTest.cs,4,callable,ok,Docfx.MarkdigEngine.Tests.CodeSnippetTest.NotebookCodeSnippetMultipleTagFound,Docfx.MarkdigEngine.Tests.CodeSnippetTest.NotebookCodeSnippetMultipleTagFound,a6d356c86d42738d716eef162495a77696391107,2023-07-12T17:48:19+08:00,a6d356c86d42738d716eef162495a77696391107,2023-07-12T17:48:19+08:00,1,1131,0.022222222222222223,,,False,False,1,0,678.99,0.0,0.0014727831464378908,,38007053.0,dotnet/docfx,C#
test/Docfx.MarkdigEngine.Extensions.Tests/CodeSnippetTest.cs,5,callable,ok,Docfx.MarkdigEngine.Tests.CodeSnippetTest.CodeSnippetShouldNotWorkInParagraph,Docfx.MarkdigEngine.Tests.CodeSnippetTest.CodeSnippetShouldNotWorkInParagraph,a6d356c86d42738d716eef162495a77696391107,2023-07-12T17:48:19+08:00,a6d356c86d42738d716eef162495a77696391107,2023-07-12T17:48:19+08:00,1,1131,0.1111111111111111,,,False,False,1,0,678.99,0.0,0.0014727831464378908,,38007053.0,dotnet/docfx,C#
test/Docfx.MarkdigEngine.Extensions.Tests/CodeSnippetTest.cs,6,callable,ok,Docfx.MarkdigEngine.Tests.CodeSnippetTest.CodeSnippetTagsShouldMatchCaseInsensitive,Docfx.MarkdigEngine.Tests.CodeSnippetTest.CodeSnippetTagsShouldMatchCaseInsensitive,a6d356c86d42738d716eef162495a77696391107,2023-07-12T17:48:19+08:00,a6d356c86d42738d716eef162495a77696391107,2023-07-12T17:48:19+08:00,1,1131,0.07142857142857142,,,False,False,1,0,678.99,0.0,0.0014727831464378908,,38007053.0,dotnet/docfx,C#
test/Docfx.MarkdigEngine.Extensions.Tests/CodeSnippetTest.cs,7,callable,ok,Docfx.MarkdigEngine.Tests.CodeSnippetTest.CodeSnippetTagsShouldSucceedWhenDuplicateWithoutWarning,Docfx.MarkdigEngine.Tests.CodeSnippetTest.CodeSnippetTagsShouldSucceedWhenDuplicateWithoutWarning,a6d356c86d42738d716eef162495a77696391107,2023-07-12T17:48:19+08:00,a6d356c86d42738d716eef162495a77696391107,2023-07-12T17:48:19+08:00,1,1131,0.041666666666666664,,,False,False,1,0,678.99,0.0,0.0014727831464378908,,38007053.0,dotnet/docfx,C#
test/Docfx.MarkdigEngine.Extensions.Tests/CodeSnippetTest.cs,8,callable,ok,Docfx.MarkdigEngine.Tests.CodeSnippetTest.CodeSnippetTagsShouldSucceedWhenDuplicateWithWarningWhenReferenced,Docfx.MarkdigEngine.Tests.CodeSnippetTest.CodeSnippetTagsShouldSucceedWhenDuplicateWithWarningWhenReferenced,a6d356c86d42738d716eef162495a77696391107,2023-07-12T17:48:19+08:00,a6d356c86d42738d716eef162495a77696391107,2023-07-12T17:48:19+08:00,1,1131,0.041666666666666664,,,False,False,1,0,678.99,0.0,0.0014727831464378908,,38007053.0,dotnet/docfx,C#
test/Docfx.MarkdigEngine.Extensions.Tests/CodeSnippetTest.cs,9,callable,ok,Docfx.MarkdigEngine.Tests.CodeSnippetTest.CodeSnippetTagsShouldSucceedWhenReferencedFileContainsRegionWithoutName,Docfx.MarkdigEngine.Tests.CodeSnippetTest.CodeSnippetTagsShouldSucceedWhenReferencedFileContainsRegionWithoutName,a6d356c86d42738d716eef162495a77696391107,2023-07-12T17:48:19+08:00,a6d356c86d42738d716eef162495a77696391107,2023-07-12T17:48:19+08:00,1,1131,0.03571428571428571,,,False,False,1,0,678.99,0.0,0.0014727831464378908,,38007053.0,dotnet/docfx,C#
test/Docfx.MarkdigEngine.Extensions.Tests/CodeSnippetTest.cs,10,callable,ok,Docfx.MarkdigEngine.Tests.CodeSnippetTest.TestDfmFencesBlockLevel,Docfx.MarkdigEngine.Tests.CodeSnippetTest.TestDfmFencesBlockLevel,a6d356c86d42738d716eef162495a77696391107,2023-07-12T17:48:19+08:00,a6d356c86d42738d716eef162495a77696391107,2023-07-12T17:48:19+08:00,1,1131,0.037037037037037035,,,False,False,1,0,678.99,0.0,0.0014727831464378908,,38007053.0,dotnet/docfx,C#
test/Docfx.MarkdigEngine.Extensions.Tests/CodeSnippetTest.cs,11,callable,ok,Docfx.MarkdigEngine.Tests.CodeSnippetTest.TestDfmFencesBlockLevelWithQueryString,Docfx.MarkdigEngine.Tests.CodeSnippetTest.TestDfmFencesBlockLevelWithQueryString,a6d356c86d42738d716eef162495a77696391107,2023-07-12T17:48:19+08:00,a6d356c86d42738d716eef162495a77696391107,2023-07-12T17:48:19+08:00,1,1131,0.003472222222222222,,,False,False,1,0,678.99,0.0,0.0014727831464378908,,38007053.0,dotnet/docfx,C#
test/Docfx.MarkdigEngine.Extensions.Tests/CodeSnippetTest.cs,12,callable,ok,Docfx.MarkdigEngine.Tests.CodeSnippetTest.TestDfmFencesBlockLevelWithWhitespaceLeading,Docfx.MarkdigEngine.Tests.CodeSnippetTest.TestDfmFencesBlockLevelWithWhitespaceLeading,a6d356c86d42738d716eef162495a77696391107,2023-07-12T17:48:19+08:00,a6d356c86d42738d716eef162495a77696391107,2023-07-12T17:48:19+08:00,1,1131,0.03571428571428571,,,False,False,1,0,678.99,0.0,0.0014727831464378908,,38007053.0,dotnet/docfx,C#
test/Docfx.MarkdigEngine.Extensions.Tests/CodeSnippetTest.cs,13,callable,ok,Docfx.MarkdigEngine.Tests.CodeSnippetTest.Issue8777,Docfx.MarkdigEngine.Tests.CodeSnippetTest.Issue8777,a6d356c86d42738d716eef162495a77696391107,2023-07-12T17:48:19+08:00,a6d356c86d42738d716eef162495a77696391107,2023-07-12T17:48:19+08:00,1,1131,0.022727272727272728,,,False,False,1,0,678.99,0.0,0.0014727831464378908,,38007053.0,dotnet/docfx,C#
test/Docfx.MarkdigEngine.Extensions.Tests/CodeSnippetTest.cs,14,callable,ok,Docfx.MarkdigEngine.Tests.CodeSnippetTest.TestDfmFencesBlockLevelWithWorkingFolder,Docfx.MarkdigEngine.Tests.CodeSnippetTest.TestDfmFencesBlockLevelWithWorkingFolder,a6d356c86d42738d716eef162495a77696391107,2023-07-12T17:48:19+08:00,a6d356c86d42738d716eef162495a77696391107,2023-07-12T17:48:19+08:00,1,1131,0.03225806451612903,,,False,False,1,0,678.99,0.0,0.0014727831464378908,,38007053.0,dotnet/docfx,C#
test/Docfx.MarkdigEngine.Extensions.Tests/CodeSnippetTest.cs,15,callable,ok,Docfx.MarkdigEngine.Tests.CodeSnippetTest.CodeSnippetShouldVerifyTagname,Docfx.MarkdigEngine.Tests.CodeSnippetTest.CodeSnippetShouldVerifyTagname,a6d356c86d42738d716eef162495a77696391107,2023-07-12T17:48:19+08:00,a6d356c86d42738d716eef162495a77696391107,2023-07-12T17:48:19+08:00,1,1131,0.043478260869565216,,,False,False,1,0,678.99,0.0,0.0014727831464378908,,38007053.0,dotnet/docfx,C#
test/Docfx.MarkdigEngine.Extensions.Tests/CodeSnippetTest.cs,16,callable,ok,Docfx.MarkdigEngine.Tests.CodeSnippetTest.TestDfmFencesInlineLevel,Docfx.MarkdigEngine.Tests.CodeSnippetTest.TestDfmFencesInlineLevel,a6d356c86d42738d716eef162495a77696391107,2023-07-12T17:48:19+08:00,a6d356c86d42738d716eef162495a77696391107,2023-07-12T17:48:19+08:00,1,1131,0.012345679012345678,,,False,False,1,0,678.99,0.0,0.0014727831464378908,,38007053.0,dotnet/docfx,C#
test/Docfx.MarkdigEngine.Extensions.Tests/CodeSnippetTest.cs,17,callable,ok,Docfx.MarkdigEngine.Tests.CodeSnippetTest.TestDfmFencesInlineLevel_Legacy,Docfx.MarkdigEngine.Tests.CodeSnippetTest.TestDfmFencesInlineLevel_Legacy,a6d356c86d42738d716eef162495a77696391107,2023-07-12T17:48:19+08:00,a6d356c86d42738d716eef162495a77696391107,2023-07-12T17:48:19+08:00,1,1131,0.041666666666666664,,,False,False,1,0,678.99,0.0,0.0014727831464378908,,38007053.0,dotnet/docfx,C#
test/Docfx.MarkdigEngine.Extensions.Tests/InteractiveCodeTest.cs,0,class,ok,Docfx.MarkdigEngine.Tests.InteractiveCodeTest,Docfx.MarkdigEngine.Tests.InteractiveCodeTest,a6d356c86d42738d716eef162495a77696391107,2023-07-12T17:48:19+08:00,a6d356c86d42738d716eef162495a77696391107,2023-07-12T17:48:19+08:00,1,1131,0.02,,,False,False,1,0,678.99,0.0,0.0014727831464378908,,38007053.0,dotnet/docfx,C#
test/Docfx.MarkdigEngine.Extensions.Tests/InteractiveCodeTest.cs,0,callable,ok,Docfx.MarkdigEngine.Tests.InteractiveCodeTest.TestInteractiveCode_CodeSnippetSimple,Docfx.MarkdigEngine.Tests.InteractiveCodeTest.TestInteractiveCode_CodeSnippetSimple,a6d356c86d42738d716eef162495a77696391107,2023-07-12T17:48:19+08:00,a6d356c86d42738d716eef162495a77696391107,2023-07-12T17:48:19+08:00,1,1131,0.07692307692307693,,,False,False,1,0,678.99,0.0,0.0014727831464378908,,38007053.0,dotnet/docfx,C#
test/Docfx.MarkdigEngine.Extensions.Tests/InteractiveCodeTest.cs,1,callable,ok,Docfx.MarkdigEngine.Tests.InteractiveCodeTest.TestInteractiveCode_FencedCodeSimple,Docfx.MarkdigEngine.Tests.InteractiveCodeTest.TestInteractiveCode_FencedCodeSimple,a6d356c86d42738d716eef162495a77696391107,2023-07-12T17:48:19+08:00,a6d356c86d42738d716eef162495a77696391107,2023-07-12T17:48:19+08:00,1,1131,0.08333333333333333,,,False,False,1,0,678.99,0.0,0.0014727831464378908,,38007053.0,dotnet/docfx,C#
test/Docfx.MarkdigEngine.Extensions.Tests/InteractiveCodeTest.cs,2,callable,ok,Docfx.MarkdigEngine.Tests.InteractiveCodeTest.TestInteractiveCode_FencedCodeNonInteractiveSimple,Docfx.MarkdigEngine.Tests.InteractiveCodeTest.TestInteractiveCode_FencedCodeNonInteractiveSimple,a6d356c86d42738d716eef162495a77696391107,2023-07-12T17:48:19+08:00,a6d356c86d42738d716eef162495a77696391107,2023-07-12T17:48:19+08:00,1,1131,0.05,,,False,False,1,0,678.99,0.0,0.0014727831464378908,,38007053.0,dotnet/docfx,C#
test/Docfx.MarkdigEngine.Extensions.Tests/MarkdigBuiltinExtensionTests/EmphasisExtraTest.cs,0,class,ok,Docfx.MarkdigEngine.Tests.EmphasisExtraTest,Docfx.MarkdigEngine.Tests.EmphasisExtraTest,3be044e1855007392e6f696ad0cc5d702ce6433d,2024-04-01T12:17:47+09:00,c0cc51e21f05ac3351a1894c7a18b4538e157fa0,2024-04-01T15:35:44+08:00,2,868,0.021739130434782608,,,False,False,2,0,415.26,0.0,0.004816285332351421,,38007053.0,dotnet/docfx,C#
test/Docfx.MarkdigEngine.Extensions.Tests/MarkdigBuiltinExtensionTests/EmphasisExtraTest.cs,0,callable,ok,Docfx.MarkdigEngine.Tests.EmphasisExtraTest.EmphasisExtraTest_DocfxDefault,Docfx.MarkdigEngine.Tests.EmphasisExtraTest.EmphasisExtraTest_DocfxDefault,3be044e1855007392e6f696ad0cc5d702ce6433d,2024-04-01T12:17:47+09:00,3be044e1855007392e6f696ad0cc5d702ce6433d,2024-04-01T12:17:47+09:00,1,868,0.1111111111111111,,,False,False,1,0,415.26,0.0,0.0024081426661757104,,38007053.0,dotnet/docfx,C#
test/Docfx.MarkdigEngine.Extensions.Tests/MarkdigBuiltinExtensionTests/EmphasisExtraTest.cs,1,callable,ok,Docfx.MarkdigEngine.Tests.EmphasisExtraTest.EmphasisExtraTest_ResetToMarkdigDefault,Docfx.MarkdigEngine.Tests.EmphasisExtraTest.EmphasisExtraTest_ResetToMarkdigDefault,3be044e1855007392e6f696ad0cc5d702ce6433d,2024-04-01T12:17:47+09:00,3be044e1855007392e6f696ad0cc5d702ce6433d,2024-04-01T12:17:47+09:00,1,868,0.041666666666666664,,,False,False,1,0,415.26,0.0,0.0024081426661757104,,38007053.0,dotnet/docfx,C#
test/Docfx.MarkdigEngine.Extensions.Tests/MarkdigBuiltinExtensionTests/EmphasisExtraTest.cs,2,callable,ok,Docfx.MarkdigEngine.Tests.EmphasisExtraTest.EmphasisExtraTest_SuperscriptAndSubscript,Docfx.MarkdigEngine.Tests.EmphasisExtraTest.EmphasisExtraTest_SuperscriptAndSubscript,3be044e1855007392e6f696ad0cc5d702ce6433d,2024-04-01T12:17:47+09:00,c0cc51e21f05ac3351a1894c7a18b4538e157fa0,2024-04-01T15:35:44+08:00,2,868,0.11764705882352941,,,False,False,2,0,415.26,0.0,0.004816285332351421,,38007053.0,dotnet/docfx,C#
test/Docfx.MarkdigEngine.Extensions.Tests/MarkdigBuiltinExtensionTests/EmphasisExtraTest.cs,3,callable,ok,Docfx.MarkdigEngine.Tests.EmphasisExtraTest.EmphasisExtraTest_Inserted,Docfx.MarkdigEngine.Tests.EmphasisExtraTest.EmphasisExtraTest_Inserted,3be044e1855007392e6f696ad0cc5d702ce6433d,2024-04-01T12:17:47+09:00,c0cc51e21f05ac3351a1894c7a18b4538e157fa0,2024-04-01T15:35:44+08:00,2,868,0.11764705882352941,,,False,False,2,0,415.26,0.0,0.004816285332351421,,38007053.0,dotnet/docfx,C#
test/Docfx.MarkdigEngine.Extensions.Tests/MarkdigBuiltinExtensionTests/EmphasisExtraTest.cs,4,callable,ok,Docfx.MarkdigEngine.Tests.EmphasisExtraTest.EmphasisExtraTest_Marked,Docfx.MarkdigEngine.Tests.EmphasisExtraTest.EmphasisExtraTest_Marked,3be044e1855007392e6f696ad0cc5d702ce6433d,2024-04-01T12:17:47+09:00,c0cc51e21f05ac3351a1894c7a18b4538e157fa0,2024-04-01T15:35:44+08:00,2,868,0.11764705882352941,,,False,False,2,0,415.26,0.0,0.004816285332351421,,38007053.0,dotnet/docfx,C#
test/Docfx.MarkdigEngine.Extensions.Tests/MarkdigBuiltinExtensionTests/MediaLinksTest.cs,0,class,ok,Docfx.MarkdigEngine.Tests.MediaLinksTest,Docfx.MarkdigEngine.Tests.MediaLinksTest,3be044e1855007392e6f696ad0cc5d702ce6433d,2024-04-01T12:17:47+09:00,c0cc51e21f05ac3351a1894c7a18b4538e157fa0,2024-04-01T15:35:44+08:00,2,868,0.05714285714285714,,,False,False,2,0,415.26,0.0,0.004816285332351421,,38007053.0,dotnet/docfx,C#
test/Docfx.MarkdigEngine.Extensions.Tests/MarkdigBuiltinExtensionTests/MediaLinksTest.cs,0,callable,ok,Docfx.MarkdigEngine.Tests.MediaLinksTest.MediaLinksTest_Default,Docfx.MarkdigEngine.Tests.MediaLinksTest.MediaLinksTest_Default,3be044e1855007392e6f696ad0cc5d702ce6433d,2024-04-01T12:17:47+09:00,3be044e1855007392e6f696ad0cc5d702ce6433d,2024-04-01T12:17:47+09:00,1,868,0.1,,,False,False,1,0,415.26,0.0,0.0024081426661757104,,38007053.0,dotnet/docfx,C#
test/Docfx.MarkdigEngine.Extensions.Tests/MarkdigBuiltinExtensionTests/MediaLinksTest.cs,1,callable,ok,Docfx.MarkdigEngine.Tests.MediaLinksTest.MediaLinksTest_Custom,Docfx.MarkdigEngine.Tests.MediaLinksTest.MediaLinksTest_Custom,3be044e1855007392e6f696ad0cc5d702ce6433d,2024-04-01T12:17:47+09:00,c0cc51e21f05ac3351a1894c7a18b4538e157fa0,2024-04-01T15:35:44+08:00,2,868,0.1,,,False,False,2,0,415.26,0.0,0.004816285332351421,,38007053.0,dotnet/docfx,C#
test/Docfx.MarkdigEngine.Extensions.Tests/QuoteSectionNoteTest.cs,0,class,ok,Docfx.MarkdigEngine.Tests.QuoteSectionNoteTest,Docfx.MarkdigEngine.Tests.QuoteSectionNoteTest,a6d356c86d42738d716eef162495a77696391107,2023-07-12T17:48:19+08:00,a6d356c86d42738d716eef162495a77696391107,2023-07-12T17:48:19+08:00,1,1131,0.002197802197802198,,,False,False,1,0,678.99,0.0,0.0014727831464378908,,38007053.0,dotnet/docfx,C#
test/Docfx.MarkdigEngine.Extensions.Tests/QuoteSectionNoteTest.cs,0,callable,ok,Docfx.MarkdigEngine.Tests.QuoteSectionNoteTest.QuoteSectionNoteTest_CornerCases,Docfx.MarkdigEngine.Tests.QuoteSectionNoteTest.QuoteSectionNoteTest_CornerCases,a6d356c86d42738d716eef162495a77696391107,2023-07-12T17:48:19+08:00,a6d356c86d42738d716eef162495a77696391107,2023-07-12T17:48:19+08:00,1,1131,0.043478260869565216,,,False,False,1,0,678.99,0.0,0.0014727831464378908,,38007053.0,dotnet/docfx,C#
test/Docfx.MarkdigEngine.Extensions.Tests/QuoteSectionNoteTest.cs,1,callable,ok,Docfx.MarkdigEngine.Tests.QuoteSectionNoteTest.QuoteSectionNoteTest_TabInSection,Docfx.MarkdigEngine.Tests.QuoteSectionNoteTest.QuoteSectionNoteTest_TabInSection,a6d356c86d42738d716eef162495a77696391107,2023-07-12T17:48:19+08:00,a6d356c86d42738d716eef162495a77696391107,2023-07-12T17:48:19+08:00,1,1131,0.09090909090909091,,,False,False,1,0,678.99,0.0,0.0014727831464378908,,38007053.0,dotnet/docfx,C#
test/Docfx.MarkdigEngine.Extensions.Tests/QuoteSectionNoteTest.cs,2,callable,ok,Docfx.MarkdigEngine.Tests.QuoteSectionNoteTest.TestDfmNote_NoteWithLocalization,Docfx.MarkdigEngine.Tests.QuoteSectionNoteTest.TestDfmNote_NoteWithLocalization,a6d356c86d42738d716eef162495a77696391107,2023-07-12T17:48:19+08:00,a6d356c86d42738d716eef162495a77696391107,2023-07-12T17:48:19+08:00,1,1131,0.03225806451612903,,,False,False,1,0,678.99,0.0,0.0014727831464378908,,38007053.0,dotnet/docfx,C#
test/Docfx.MarkdigEngine.Extensions.Tests/QuoteSectionNoteTest.cs,3,callable,ok,Docfx.MarkdigEngine.Tests.QuoteSectionNoteTest.TestDfmNote_NoteCaseSensitive,Docfx.MarkdigEngine.Tests.QuoteSectionNoteTest.TestDfmNote_NoteCaseSensitive,a6d356c86d42738d716eef162495a77696391107,2023-07-12T17:48:19+08:00,a6d356c86d42738d716eef162495a77696391107,2023-07-12T17:48:19+08:00,1,1131,0.058823529411764705,,,False,False,1,0,678.99,0.0,0.0014727831464378908,,38007053.0,dotnet/docfx,C#
test/Docfx.MarkdigEngine.Extensions.Tests/QuoteSectionNoteTest.cs,4,callable,ok,Docfx.MarkdigEngine.Tests.QuoteSectionNoteTest.TestDfmNote_NoteWithMix,Docfx.MarkdigEngine.Tests.QuoteSectionNoteTest.TestDfmNote_NoteWithMix,a6d356c86d42738d716eef162495a77696391107,2023-07-12T17:48:19+08:00,a6d356c86d42738d716eef162495a77696391107,2023-07-12T17:48:19+08:00,1,1131,0.024390243902439025,,,False,False,1,0,678.99,0.0,0.0014727831464378908,,38007053.0,dotnet/docfx,C#
test/Docfx.MarkdigEngine.Extensions.Tests/QuoteSectionNoteTest.cs,5,callable,ok,Docfx.MarkdigEngine.Tests.QuoteSectionNoteTest.TestDfmNote_NoteWithTextFollow,Docfx.MarkdigEngine.Tests.QuoteSectionNoteTest.TestDfmNote_NoteWithTextFollow,a6d356c86d42738d716eef162495a77696391107,2023-07-12T17:48:19+08:00,a6d356c86d42738d716eef162495a77696391107,2023-07-12T17:48:19+08:00,1,1131,0.04,,,False,False,1,0,678.99,0.0,0.0014727831464378908,,38007053.0,dotnet/docfx,C#
test/Docfx.MarkdigEngine.Extensions.Tests/QuoteSectionNoteTest.cs,6,callable,ok,Docfx.MarkdigEngine.Tests.QuoteSectionNoteTest.TestDfmVideo_ConsecutiveVideos,Docfx.MarkdigEngine.Tests.QuoteSectionNoteTest.TestDfmVideo_ConsecutiveVideos,a6d356c86d42738d716eef162495a77696391107,2023-07-12T17:48:19+08:00,a6d356c86d42738d716eef162495a77696391107,2023-07-12T17:48:19+08:00,1,1131,0.0625,,,False,False,1,0,678.99,0.0,0.0014727831464378908,,38007053.0,dotnet/docfx,C#
test/Docfx.MarkdigEngine.Extensions.Tests/QuoteSectionNoteTest.cs,7,callable,ok,Docfx.MarkdigEngine.Tests.QuoteSectionNoteTest.TestDfmVideo_Video,Docfx.MarkdigEngine.Tests.QuoteSectionNoteTest.TestDfmVideo_Video,a6d356c86d42738d716eef162495a77696391107,2023-07-12T17:48:19+08:00,a6d356c86d42738d716eef162495a77696391107,2023-07-12T17:48:19+08:00,1,1131,0.06666666666666667,,,False,False,1,0,678.99,0.0,0.0014727831464378908,,38007053.0,dotnet/docfx,C#
test/Docfx.MarkdigEngine.Extensions.Tests/QuoteSectionNoteTest.cs,8,callable,ok,Docfx.MarkdigEngine.Tests.QuoteSectionNoteTest.TestDfmVideo_MixWithNote,Docfx.MarkdigEngine.Tests.QuoteSectionNoteTest.TestDfmVideo_MixWithNote,a6d356c86d42738d716eef162495a77696391107,2023-07-12T17:48:19+08:00,a6d356c86d42738d716eef162495a77696391107,2023-07-12T17:48:19+08:00,1,1131,0.045454545454545456,,,False,False,1,0,678.99,0.0,0.0014727831464378908,,38007053.0,dotnet/docfx,C#
test/Docfx.MarkdigEngine.Extensions.Tests/QuoteSectionNoteTest.cs,9,callable,ok,Docfx.MarkdigEngine.Tests.QuoteSectionNoteTest.TestSectionNoteInBlockQuote,Docfx.MarkdigEngine.Tests.QuoteSectionNoteTest.TestSectionNoteInBlockQuote,a6d356c86d42738d716eef162495a77696391107,2023-07-12T17:48:19+08:00,a6d356c86d42738d716eef162495a77696391107,2023-07-12T17:48:19+08:00,1,1131,0.013888888888888888,,,False,False,1,0,678.99,0.0,0.0014727831464378908,,38007053.0,dotnet/docfx,C#
test/Docfx.MarkdigEngine.Extensions.Tests/QuoteSectionNoteTest.cs,10,callable,ok,Docfx.MarkdigEngine.Tests.QuoteSectionNoteTest.TestSectionNoteMixture,Docfx.MarkdigEngine.Tests.QuoteSectionNoteTest.TestSectionNoteMixture,a6d356c86d42738d716eef162495a77696391107,2023-07-12T17:48:19+08:00,a6d356c86d42738d716eef162495a77696391107,2023-07-12T17:48:19+08:00,1,1131,0.045454545454545456,,,False,False,1,0,678.99,0.0,0.0014727831464378908,,38007053.0,dotnet/docfx,C#
test/Docfx.MarkdigEngine.Extensions.Tests/QuoteSectionNoteTest.cs,11,callable,ok,Docfx.MarkdigEngine.Tests.QuoteSectionNoteTest.TestSectionBlockLevel,Docfx.MarkdigEngine.Tests.QuoteSectionNoteTest.TestSectionBlockLevel,a6d356c86d42738d716eef162495a77696391107,2023-07-12T17:48:19+08:00,a6d356c86d42738d716eef162495a77696391107,2023-07-12T17:48:19+08:00,1,1131,0.021739130434782608,,,False,False,1,0,678.99,0.0,0.0014727831464378908,,38007053.0,dotnet/docfx,C#
test/Docfx.MarkdigEngine.Extensions.Tests/QuoteSectionNoteTest.cs,12,callable,ok,Docfx.MarkdigEngine.Tests.QuoteSectionNoteTest.TestSectionBlockLevelRecursive,Docfx.MarkdigEngine.Tests.QuoteSectionNoteTest.TestSectionBlockLevelRecursive,a6d356c86d42738d716eef162495a77696391107,2023-07-12T17:48:19+08:00,a6d356c86d42738d716eef162495a77696391107,2023-07-12T17:48:19+08:00,1,1131,0.045454545454545456,,,False,False,1,0,678.99,0.0,0.0014727831464378908,,38007053.0,dotnet/docfx,C#
test/Docfx.MarkdigEngine.Extensions.Tests/QuoteSectionNoteTest.cs,13,callable,ok,Docfx.MarkdigEngine.Tests.QuoteSectionNoteTest.TestSectionCornerCase,Docfx.MarkdigEngine.Tests.QuoteSectionNoteTest.TestSectionCornerCase,a6d356c86d42738d716eef162495a77696391107,2023-07-12T17:48:19+08:00,a6d356c86d42738d716eef162495a77696391107,2023-07-12T17:48:19+08:00,1,1131,0.1111111111111111,,,False,False,1,0,678.99,0.0,0.0014727831464378908,,38007053.0,dotnet/docfx,C#
test/Docfx.MarkdigEngine.Extensions.Tests/QuoteSectionNoteTest.cs,14,callable,ok,Docfx.MarkdigEngine.Tests.QuoteSectionNoteTest.TestSectionWithTextFollowed,Docfx.MarkdigEngine.Tests.QuoteSectionNoteTest.TestSectionWithTextFollowed,a6d356c86d42738d716eef162495a77696391107,2023-07-12T17:48:19+08:00,a6d356c86d42738d716eef162495a77696391107,2023-07-12T17:48:19+08:00,1,1131,0.07142857142857142,,,False,False,1,0,678.99,0.0,0.0014727831464378908,,38007053.0,dotnet/docfx,C#
test/Docfx.MarkdigEngine.Extensions.Tests/QuoteSectionNoteTest.cs,15,callable,ok,Docfx.MarkdigEngine.Tests.QuoteSectionNoteTest.TestVideoBlock_Normal,Docfx.MarkdigEngine.Tests.QuoteSectionNoteTest.TestVideoBlock_Normal,a6d356c86d42738d716eef162495a77696391107,2023-07-12T17:48:19+08:00,a6d356c86d42738d716eef162495a77696391107,2023-07-12T17:48:19+08:00,1,1131,0.08333333333333333,,,False,False,1,0,678.99,0.0,0.0014727831464378908,,38007053.0,dotnet/docfx,C#
test/Docfx.MarkdigEngine.Extensions.Tests/QuoteSectionNoteTest.cs,16,callable,ok,Docfx.MarkdigEngine.Tests.QuoteSectionNoteTest.TestVideoBlock_Channel9,Docfx.MarkdigEngine.Tests.QuoteSectionNoteTest.TestVideoBlock_Channel9,a6d356c86d42738d716eef162495a77696391107,2023-07-12T17:48:19+08:00,a6d356c86d42738d716eef162495a77696391107,2023-07-12T17:48:19+08:00,1,1131,0.08333333333333333,,,False,False,1,0,678.99,0.0,0.0014727831464378908,,38007053.0,dotnet/docfx,C#
test/Docfx.MarkdigEngine.Extensions.Tests/QuoteSectionNoteTest.cs,17,callable,ok,Docfx.MarkdigEngine.Tests.QuoteSectionNoteTest.TestVideoBlock_Channel9WithQueryString,Docfx.MarkdigEngine.Tests.QuoteSectionNoteTest.TestVideoBlock_Channel9WithQueryString,a6d356c86d42738d716eef162495a77696391107,2023-07-12T17:48:19+08:00,a6d356c86d42738d716eef162495a77696391107,2023-07-12T17:48:19+08:00,1,1131,0.08333333333333333,,,False,False,1,0,678.99,0.0,0.0014727831464378908,,38007053.0,dotnet/docfx,C#
test/Docfx.MarkdigEngine.Extensions.Tests/QuoteSectionNoteTest.cs,18,callable,ok,Docfx.MarkdigEngine.Tests.QuoteSectionNoteTest.TestVideoBlock_YouTube,Docfx.MarkdigEngine.Tests.QuoteSectionNoteTest.TestVideoBlock_YouTube,a6d356c86d42738d716eef162495a77696391107,2023-07-12T17:48:19+08:00,a6d356c86d42738d716eef162495a77696391107,2023-07-12T17:48:19+08:00,1,1131,0.08333333333333333,,,False,False,1,0,678.99,0.0,0.0014727831464378908,,38007053.0,dotnet/docfx,C#
test/Docfx.MarkdigEngine.Tests/MarkdigServiceTest.cs,0,class,ok,Docfx.MarkdigEngine.Tests.MarkdigServiceTest,Docfx.MarkdigEngine.Tests.MarkdigServiceTest,a6d356c86d42738d716eef162495a77696391107,2023-07-12T17:48:19+08:00,a6d356c86d42738d716eef162495a77696391107,2023-07-12T17:48:19+08:00,1,1131,0.014705882352941176,,,False,False,1,0,678.99,0.0,0.0014727831464378908,,38007053.0,dotnet/docfx,C#
test/Docfx.MarkdigEngine.Tests/MarkdigServiceTest.cs,0,callable,ok,Docfx.MarkdigEngine.Tests.MarkdigServiceTest.MarkdigServiceTest_ParseAndRender_Simple,Docfx.MarkdigEngine.Tests.MarkdigServiceTest.MarkdigServiceTest_ParseAndRender_Simple,a6d356c86d42738d716eef162495a77696391107,2023-07-12T17:48:19+08:00,a6d356c86d42738d716eef162495a77696391107,2023-07-12T17:48:19+08:00,1,1131,0.043478260869565216,,,False,False,1,0,678.99,0.0,0.0014727831464378908,,38007053.0,dotnet/docfx,C#
test/Docfx.MarkdigEngine.Tests/MarkdigServiceTest.cs,1,callable,ok,Docfx.MarkdigEngine.Tests.MarkdigServiceTest.MarkdigServiceTest_ParseAndRender_Inclusion,Docfx.MarkdigEngine.Tests.MarkdigServiceTest.MarkdigServiceTest_ParseAndRender_Inclusion,a6d356c86d42738d716eef162495a77696391107,2023-07-12T17:48:19+08:00,a6d356c86d42738d716eef162495a77696391107,2023-07-12T17:48:19+08:00,1,1131,0.038461538461538464,,,False,False,1,0,678.99,0.0,0.0014727831464378908,,38007053.0,dotnet/docfx,C#
test/Docfx.MarkdigEngine.Tests/MarkdigServiceTest.cs,2,callable,ok,Docfx.MarkdigEngine.Tests.MarkdigServiceTest.MarkdigServiceTest_ParseInline,Docfx.MarkdigEngine.Tests.MarkdigServiceTest.MarkdigServiceTest_ParseInline,a6d356c86d42738d716eef162495a77696391107,2023-07-12T17:48:19+08:00,a6d356c86d42738d716eef162495a77696391107,2023-07-12T17:48:19+08:00,1,1131,0.07692307692307693,,,False,False,1,0,678.99,0.0,0.0014727831464378908,,38007053.0,dotnet/docfx,C#
test/Docfx.MarkdigEngine.Tests/TestUtility/TestLoggerListener.cs,0,class,ok,Docfx.MarkdigEngine.Tests.TestLoggerListener,Docfx.MarkdigEngine.Tests.TestLoggerListener,a6d356c86d42738d716eef162495a77696391107,2023-07-12T17:48:19+08:00,a6d356c86d42738d716eef162495a77696391107,2023-07-12T17:48:19+08:00,1,1131,0.02040816326530612,,,False,False,1,0,678.99,0.0,0.0014727831464378908,,38007053.0,dotnet/docfx,C#
test/Docfx.MarkdigEngine.Tests/TestUtility/TestLoggerListener.cs,0,callable,ok,Docfx.MarkdigEngine.Tests.TestLoggerListener.TestLoggerListener,Docfx.MarkdigEngine.Tests.TestLoggerListener.TestLoggerListener,a6d356c86d42738d716eef162495a77696391107,2023-07-12T17:48:19+08:00,a6d356c86d42738d716eef162495a77696391107,2023-07-12T17:48:19+08:00,1,1131,0.25,,,False,False,1,0,678.99,0.0,0.0014727831464378908,,38007053.0,dotnet/docfx,C#
test/Docfx.MarkdigEngine.Tests/TestUtility/TestLoggerListener.cs,1,callable,ok,Docfx.MarkdigEngine.Tests.TestLoggerListener.Dispose,Docfx.MarkdigEngine.Tests.TestLoggerListener.Dispose,a6d356c86d42738d716eef162495a77696391107,2023-07-12T17:48:19+08:00,a6d356c86d42738d716eef162495a77696391107,2023-07-12T17:48:19+08:00,1,1131,0.3333333333333333,,,False,False,1,0,678.99,0.0,0.0014727831464378908,,38007053.0,dotnet/docfx,C#
test/Docfx.MarkdigEngine.Tests/TestUtility/TestLoggerListener.cs,2,callable,ok,Docfx.MarkdigEngine.Tests.TestLoggerListener.Flush,Docfx.MarkdigEngine.Tests.TestLoggerListener.Flush,a6d356c86d42738d716eef162495a77696391107,2023-07-12T17:48:19+08:00,a6d356c86d42738d716eef162495a77696391107,2023-07-12T17:48:19+08:00,1,1131,0.3333333333333333,,,False,False,1,0,678.99,0.0,0.0014727831464378908,,38007053.0,dotnet/docfx,C#
test/Docfx.MarkdigEngine.Tests/TestUtility/TestLoggerListener.cs,3,callable,ok,Docfx.MarkdigEngine.Tests.TestLoggerListener.WriteLine,Docfx.MarkdigEngine.Tests.TestLoggerListener.WriteLine,a6d356c86d42738d716eef162495a77696391107,2023-07-12T17:48:19+08:00,a6d356c86d42738d716eef162495a77696391107,2023-07-12T17:48:19+08:00,1,1131,0.08333333333333333,,,False,False,1,0,678.99,0.0,0.0014727831464378908,,38007053.0,dotnet/docfx,C#
test/Docfx.MarkdigEngine.Tests/TestUtility/TestLoggerListener.cs,4,callable,ok,Docfx.MarkdigEngine.Tests.TestLoggerListener.CreateLoggerListenerWithPhaseEqualFilter,Docfx.MarkdigEngine.Tests.TestLoggerListener.CreateLoggerListenerWithPhaseEqualFilter,a6d356c86d42738d716eef162495a77696391107,2023-07-12T17:48:19+08:00,a6d356c86d42738d716eef162495a77696391107,2023-07-12T17:48:19+08:00,1,1131,0.058823529411764705,,,False,False,1,0,678.99,0.0,0.0014727831464378908,,38007053.0,dotnet/docfx,C#
test/Docfx.Tests.Common/TestLoggerListener.cs,0,class,ok,Docfx.Tests.Common.TestLoggerListener,Docfx.Tests.Common.TestLoggerListener,a6d356c86d42738d716eef162495a77696391107,2023-07-12T17:48:19+08:00,a6d356c86d42738d716eef162495a77696391107,2023-07-12T17:48:19+08:00,1,1131,0.009523809523809525,,,False,False,1,0,678.99,0.0,0.0014727831464378908,,38007053.0,dotnet/docfx,C#
test/Docfx.Tests.Common/TestLoggerListener.cs,0,callable,ok,Docfx.Tests.Common.TestLoggerListener.TestLoggerListener,Docfx.Tests.Common.TestLoggerListener.TestLoggerListener,a6d356c86d42738d716eef162495a77696391107,2023-07-12T17:48:19+08:00,a6d356c86d42738d716eef162495a77696391107,2023-07-12T17:48:19+08:00,1,1131,0.25,,,False,False,1,0,678.99,0.0,0.0014727831464378908,,38007053.0,dotnet/docfx,C#
test/Docfx.Tests.Common/TestLoggerListener.cs,1,callable,ok,Docfx.Tests.Common.TestLoggerListener.WriteLine,Docfx.Tests.Common.TestLoggerListener.WriteLine,a6d356c86d42738d716eef162495a77696391107,2023-07-12T17:48:19+08:00,a6d356c86d42738d716eef162495a77696391107,2023-07-12T17:48:19+08:00,1,1131,0.09090909090909091,,,False,False,1,0,678.99,0.0,0.0014727831464378908,,38007053.0,dotnet/docfx,C#
test/Docfx.Tests.Common/TestLoggerListener.cs,2,callable,ok,Docfx.Tests.Common.TestLoggerListener.Flush,Docfx.Tests.Common.TestLoggerListener.Flush,a6d356c86d42738d716eef162495a77696391107,2023-07-12T17:48:19+08:00,a6d356c86d42738d716eef162495a77696391107,2023-07-12T17:48:19+08:00,1,1131,0.3333333333333333,,,False,False,1,0,678.99,0.0,0.0014727831464378908,,38007053.0,dotnet/docfx,C#
test/Docfx.Tests.Common/TestLoggerListener.cs,3,callable,ok,Docfx.Tests.Common.TestLoggerListener.Dispose,Docfx.Tests.Common.TestLoggerListener.Dispose,a6d356c86d42738d716eef162495a77696391107,2023-07-12T17:48:19+08:00,a6d356c86d42738d716eef162495a77696391107,2023-07-12T17:48:19+08:00,1,1131,0.3333333333333333,,,False,False,1,0,678.99,0.0,0.0014727831464378908,,38007053.0,dotnet/docfx,C#
test/Docfx.Tests.Common/TestLoggerListener.cs,4,callable,ok,Docfx.Tests.Common.TestLoggerListener.CreateLoggerListenerWithCodeFilter,Docfx.Tests.Common.TestLoggerListener.CreateLoggerListenerWithCodeFilter,a6d356c86d42738d716eef162495a77696391107,2023-07-12T17:48:19+08:00,a6d356c86d42738d716eef162495a77696391107,2023-07-12T17:48:19+08:00,1,1131,0.5,,,False,False,1,0,678.99,0.0,0.0014727831464378908,,38007053.0,dotnet/docfx,C#
test/Docfx.Tests.Common/TestLoggerListener.cs,5,callable,ok,Docfx.Tests.Common.TestLoggerListener.CreateLoggerListenerWithCodesFilter,Docfx.Tests.Common.TestLoggerListener.CreateLoggerListenerWithCodesFilter,a6d356c86d42738d716eef162495a77696391107,2023-07-12T17:48:19+08:00,a6d356c86d42738d716eef162495a77696391107,2023-07-12T17:48:19+08:00,1,1131,0.5,,,False,False,1,0,678.99,0.0,0.0014727831464378908,,38007053.0,dotnet/docfx,C#
test/Docfx.Tests.Common/TestLoggerListener.cs,6,callable,ok,Docfx.Tests.Common.TestLoggerListener.CreateLoggerListenerWithPhaseStartFilter,Docfx.Tests.Common.TestLoggerListener.CreateLoggerListenerWithPhaseStartFilter,a6d356c86d42738d716eef162495a77696391107,2023-07-12T17:48:19+08:00,a6d356c86d42738d716eef162495a77696391107,2023-07-12T17:48:19+08:00,1,1131,0.0625,,,False,False,1,0,678.99,0.0,0.0014727831464378908,,38007053.0,dotnet/docfx,C#
test/Docfx.Tests.Common/TestLoggerListener.cs,7,callable,ok,Docfx.Tests.Common.TestLoggerListener.CreateLoggerListenerWithPhaseEndFilter,Docfx.Tests.Common.TestLoggerListener.CreateLoggerListenerWithPhaseEndFilter,a6d356c86d42738d716eef162495a77696391107,2023-07-12T17:48:19+08:00,a6d356c86d42738d716eef162495a77696391107,2023-07-12T17:48:19+08:00,1,1131,0.0625,,,False,False,1,0,678.99,0.0,0.0014727831464378908,,38007053.0,dotnet/docfx,C#
test/Docfx.Tests.Common/TestLoggerListener.cs,8,callable,ok,Docfx.Tests.Common.TestLoggerListener.CreateLoggerListenerWithPhaseEqualFilter,Docfx.Tests.Common.TestLoggerListener.CreateLoggerListenerWithPhaseEqualFilter,a6d356c86d42738d716eef162495a77696391107,2023-07-12T17:48:19+08:00,a6d356c86d42738d716eef162495a77696391107,2023-07-12T17:48:19+08:00,1,1131,0.0625,,,False,False,1,0,678.99,0.0,0.0014727831464378908,,38007053.0,dotnet/docfx,C#
test/Docfx.Tests.Common/TestLoggerListener.cs,9,callable,ok,Docfx.Tests.Common.TestLoggerListener.GetItemsByLogLevel,Docfx.Tests.Common.TestLoggerListener.GetItemsByLogLevel,a6d356c86d42738d716eef162495a77696391107,2023-07-12T17:48:19+08:00,a6d356c86d42738d716eef162495a77696391107,2023-07-12T17:48:19+08:00,1,1131,0.25,,,False,False,1,0,678.99,0.0,0.0014727831464378908,,38007053.0,dotnet/docfx,C#
test/docfx.Snapshot.Tests/ModuleInitializer.cs,0,class,ok,Microsoft.DocAsCode.Tests.ModuleInitializer,Docfx.Tests.ModuleInitializer,8f9ff96067b3cd3edcf5f6922ae56eacad73dfb4,2023-02-18T19:46:20+08:00,a6d356c86d42738d716eef162495a77696391107,2023-07-12T17:48:19+08:00,4,143,0.4444444444444444,0.6146254134613921,,True,True,4,0,822.9,0.0,0.004860830594427823,,38007053.0,dotnet/docfx,C#
test/docfx.Snapshot.Tests/ModuleInitializer.cs,1,class,ok,Docfx.Tests.ModuleInitializer,Docfx.Tests.ModuleInitializer,35df8e93bb1b38de53f9a4a78949d37679e7ced2,2024-04-07T11:51:56+08:00,d35f5a5f78269ec29eb447cc175d569725421b8b,2026-08-13T19:28:46+10:00,3,862,0.375,0.0002928979135640978,,False,False,2,1,409.23,449.0,0.004887178577505221,0.002227172295956347,38007053.0,dotnet/docfx,C#
test/docfx.Snapshot.Tests/ModuleInitializer.cs,0,callable,ok,Microsoft.DocAsCode.Tests.ModuleInitializer.Initialize,Docfx.Tests.ModuleInitializer.Initialize,8f9ff96067b3cd3edcf5f6922ae56eacad73dfb4,2023-02-18T19:46:20+08:00,a6d356c86d42738d716eef162495a77696391107,2023-07-12T17:48:19+08:00,4,143,0.6666666666666666,0.6146254134613921,,True,True,4,0,822.9,0.0,0.004860830594427823,,38007053.0,dotnet/docfx,C#
test/docfx.Snapshot.Tests/ModuleInitializer.cs,1,callable,ok,Docfx.Tests.ModuleInitializer.Initialize,Docfx.Tests.ModuleInitializer.Initialize,35df8e93bb1b38de53f9a4a78949d37679e7ced2,2024-04-07T11:51:56+08:00,d35f5a5f78269ec29eb447cc175d569725421b8b,2026-08-13T19:28:46+10:00,3,862,0.6,0.0002928979135640978,,False,False,2,1,409.23,449.0,0.004887178577505221,0.002227172295956347,38007053.0,dotnet/docfx,C#
test/docfx.Tests/CompositeCommandTest.cs,0,class,ok,Microsoft.DocAsCode.Tests.CompositeCommandTest,Docfx.Tests.CompositeCommandTest,78aaf4b04744ddc9c6d6ec89c70089666133c328,2017-06-13T17:24:12+08:00,a6d356c86d42738d716eef162495a77696391107,2023-07-12T17:48:19+08:00,5,2220,0.04310344827586207,0.7399945066264996,,True,True,5,0,2899.0,0.0,0.001724730683303802,,38007053.0,dotnet/docfx,C#
test/docfx.Tests/CompositeCommandTest.cs,1,class,ok,Docfx.Tests.CompositeCommandTest,Docfx.Tests.CompositeCommandTest,bbe9c673bcfc9773fe0e68b831690bc3d3460797,2023-07-29T11:35:28+09:00,98628ae020c7b9f3fd07d173431cb6dd6bf9cae4,2023-09-21T20:46:25+09:00,2,1115,0.017241379310344827,,,False,False,2,0,662.29,0.0,0.0030198380290300105,,38007053.0,dotnet/docfx,C#
test/docfx.Tests/CompositeCommandTest.cs,0,callable,ok,Microsoft.DocAsCode.Tests.CompositeCommandTest.CompositeCommandTest,Docfx.Tests.CompositeCommandTest.CompositeCommandTest,78aaf4b04744ddc9c6d6ec89c70089666133c328,2017-06-13T17:24:12+08:00,a6d356c86d42738d716eef162495a77696391107,2023-07-12T17:48:19+08:00,2,2220,0.4,,,True,True,2,0,2899.0,0.0,0.0006898922733215208,,38007053.0,dotnet/docfx,C#
test/docfx.Tests/CompositeCommandTest.cs,1,callable,ok,Microsoft.DocAsCode.Tests.CompositeCommandTest.TestCommandFromCSCodeToHtml,Docfx.Tests.CompositeCommandTest.TestCommandFromCSCodeToHtml,78aaf4b04744ddc9c6d6ec89c70089666133c328,2017-06-13T17:24:12+08:00,a6d356c86d42738d716eef162495a77696391107,2023-07-12T17:48:19+08:00,5,2220,0.05,0.7399945066264996,,True,True,5,0,2899.0,0.0,0.001724730683303802,,38007053.0,dotnet/docfx,C#
test/docfx.Tests/CompositeCommandTest.cs,2,callable,ok,Docfx.Tests.CompositeCommandTest.CompositeCommandTest,Docfx.Tests.CompositeCommandTest.CompositeCommandTest,bbe9c673bcfc9773fe0e68b831690bc3d3460797,2023-07-29T11:35:28+09:00,bbe9c673bcfc9773fe0e68b831690bc3d3460797,2023-07-29T11:35:28+09:00,1,1115,0.2,,,False,False,1,0,662.29,0.0,0.0015099190145150053,,38007053.0,dotnet/docfx,C#
test/docfx.Tests/CompositeCommandTest.cs,3,callable,ok,Docfx.Tests.CompositeCommandTest.TestCommandFromCSCodeToHtml,Docfx.Tests.CompositeCommandTest.TestCommandFromCSCodeToHtml,bbe9c673bcfc9773fe0e68b831690bc3d3460797,2023-07-29T11:35:28+09:00,f801d03e732867fa48a98c65899e44ba059b2f79,2024-04-07T11:54:28+08:00,2,1115,0.02,,,False,False,2,0,662.29,0.0,0.0030198380290300105,,38007053.0,dotnet/docfx,C#
test/docfx.Tests/DocsetBuildTest.cs,0,class,ok,Docfx.Tests.DocsetBuildTest,Docfx.Tests.DocsetBuildTest,291863d4e5bbde373d2032b4610a838ebb0dd716,2023-07-18T01:39:00+01:00,291863d4e5bbde373d2032b4610a838ebb0dd716,2023-07-18T01:39:00+01:00,1,1126,0.004291845493562232,,,False,False,1,0,673.37,0.0,0.001485071933171763,,38007053.0,dotnet/docfx,C#
test/docfx.Tests/DocsetBuildTest.cs,0,callable,ok,Docfx.Tests.DocsetBuildTest.Build,Docfx.Tests.DocsetBuildTest.Build,291863d4e5bbde373d2032b4610a838ebb0dd716,2023-07-18T01:39:00+01:00,291863d4e5bbde373d2032b4610a838ebb0dd716,2023-07-18T01:39:00+01:00,1,1126,0.047619047619047616,,,False,False,1,0,673.37,0.0,0.001485071933171763,,38007053.0,dotnet/docfx,C#
test/docfx.Tests/DocsetBuildTest.cs,1,callable,ok,Docfx.Tests.DocsetBuildTest.Pdf,Docfx.Tests.DocsetBuildTest.Pdf,291863d4e5bbde373d2032b4610a838ebb0dd716,2023-07-18T01:39:00+01:00,291863d4e5bbde373d2032b4610a838ebb0dd716,2023-07-18T01:39:00+01:00,1,1126,0.041666666666666664,,,False,False,1,0,673.37,0.0,0.001485071933171763,,38007053.0,dotnet/docfx,C#
test/docfx.Tests/DocsetBuildTest.cs,2,callable,ok,Docfx.Tests.DocsetBuildTest.CustomLogo_Override_LogoFromTemplate,Docfx.Tests.DocsetBuildTest.CustomLogo_Override_LogoFromTemplate,291863d4e5bbde373d2032b4610a838ebb0dd716,2023-07-18T01:39:00+01:00,291863d4e5bbde373d2032b4610a838ebb0dd716,2023-07-18T01:39:00+01:00,1,1126,0.05,,,False,False,1,0,673.37,0.0,0.001485071933171763,,38007053.0,dotnet/docfx,C#
test/docfx.Tests/DocsetBuildTest.cs,3,callable,ok,Docfx.Tests.DocsetBuildTest.Load_Custom_Plugin_From_Template,Docfx.Tests.DocsetBuildTest.Load_Custom_Plugin_From_Template,291863d4e5bbde373d2032b4610a838ebb0dd716,2023-07-18T01:39:00+01:00,291863d4e5bbde373d2032b4610a838ebb0dd716,2023-07-18T01:39:00+01:00,1,1126,0.047619047619047616,,,False,False,1,0,673.37,0.0,0.001485071933171763,,38007053.0,dotnet/docfx,C#
test/docfx.Tests/DocsetBuildTest.cs,4,callable,ok,Docfx.Tests.DocsetBuildTest.Build_With_Global_Metadata_Files,Docfx.Tests.DocsetBuildTest.Build_With_Global_Metadata_Files,291863d4e5bbde373d2032b4610a838ebb0dd716,2023-07-18T01:39:00+01:00,291863d4e5bbde373d2032b4610a838ebb0dd716,2023-07-18T01:39:00+01:00,1,1126,0.024390243902439025,,,False,False,1,0,673.37,0.0,0.001485071933171763,,38007053.0,dotnet/docfx,C#
test/docfx.Tests/DocsetBuildTest.cs,5,callable,ok,Docfx.Tests.DocsetBuildTest.Build_With_File_Metadata_Files,Docfx.Tests.DocsetBuildTest.Build_With_File_Metadata_Files,291863d4e5bbde373d2032b4610a838ebb0dd716,2023-07-18T01:39:00+01:00,291863d4e5bbde373d2032b4610a838ebb0dd716,2023-07-18T01:39:00+01:00,1,1126,0.02127659574468085,,,False,False,1,0,673.37,0.0,0.001485071933171763,,38007053.0,dotnet/docfx,C#
test/docfx.Tests/DocsetBuildTest.cs,6,callable,ok,Docfx.Tests.DocsetBuildTest.Build_With_RedirectUri_Files,Docfx.Tests.DocsetBuildTest.Build_With_RedirectUri_Files,291863d4e5bbde373d2032b4610a838ebb0dd716,2023-07-18T01:39:00+01:00,291863d4e5bbde373d2032b4610a838ebb0dd716,2023-07-18T01:39:00+01:00,1,1126,0.02040816326530612,,,False,False,1,0,673.37,0.0,0.001485071933171763,,38007053.0,dotnet/docfx,C#
test/docfx.Tests/JsonSchemaTest.cs,0,class,ok,Docfx.Tests.JsonSchemaTest,Docfx.Tests.JsonSchemaTest,89e294c243a38fd072c7360d35905b0952c3f16b,2024-04-12T11:28:13+09:00,f9c5bf8d46fcccc2e87df439b2e7abc943f80007,2025-03-11T11:35:31+09:00,4,857,0.025477707006369428,1.5691375760827675,,False,False,4,0,404.29,0.0,0.009893833951406904,,38007053.0,dotnet/docfx,C#
test/docfx.Tests/JsonSchemaTest.cs,9,callable,ok,Docfx.Tests.JsonSchemaTest.WriteFailedResultsDetails,Docfx.Tests.JsonSchemaTest.WriteFailedResultsDetails,89e294c243a38fd072c7360d35905b0952c3f16b,2024-04-12T11:28:13+09:00,89e294c243a38fd072c7360d35905b0952c3f16b,2024-04-12T11:28:13+09:00,1,0,0.125,,,True,False,1,0,404.29,0.0,0.002473458487851726,,38007053.0,dotnet/docfx,C#
test/docfx.Tests/JsonSchemaTest.cs,0,callable,ok,Docfx.Tests.JsonSchemaTest.JsonSchemaTest,Docfx.Tests.JsonSchemaTest.JsonSchemaTest,89e294c243a38fd072c7360d35905b0952c3f16b,2024-04-12T11:28:13+09:00,89e294c243a38fd072c7360d35905b0952c3f16b,2024-04-12T11:28:13+09:00,1,0,0.25,,,True,False,1,0,404.29,0.0,0.002473458487851726,,38007053.0,dotnet/docfx,C#
test/docfx.Tests/JsonSchemaTest.cs,1,callable,ok,Docfx.Tests.JsonSchemaTest.JsonSchemaTest_Docfx_Json,Docfx.Tests.JsonSchemaTest.JsonSchemaTest_Docfx_Json,89e294c243a38fd072c7360d35905b0952c3f16b,2024-04-12T11:28:13+09:00,89e294c243a38fd072c7360d35905b0952c3f16b,2024-04-12T11:28:13+09:00,1,857,0.047619047619047616,,,False,False,1,0,404.29,0.0,0.002473458487851726,,38007053.0,dotnet/docfx,C#
test/docfx.Tests/JsonSchemaTest.cs,2,callable,ok,Docfx.Tests.JsonSchemaTest.JsonSchemaTest_Docfx_Json_Invalid,Docfx.Tests.JsonSchemaTest.JsonSchemaTest_Docfx_Json_Invalid,89e294c243a38fd072c7360d35905b0952c3f16b,2024-04-12T11:28:13+09:00,89e294c243a38fd072c7360d35905b0952c3f16b,2024-04-12T11:28:13+09:00,1,857,0.07142857142857142,,,False,False,1,0,404.29,0.0,0.002473458487851726,,38007053.0,dotnet/docfx,C#
test/docfx.Tests/JsonSchemaTest.cs,3,callable,ok,Docfx.Tests.JsonSchemaTest.JsonSchemaTest_FilterConfig,Docfx.Tests.JsonSchemaTest.JsonSchemaTest_FilterConfig,89e294c243a38fd072c7360d35905b0952c3f16b,2024-04-12T11:28:13+09:00,89e294c243a38fd072c7360d35905b0952c3f16b,2024-04-12T11:28:13+09:00,1,857,0.0625,,,False,False,1,0,404.29,0.0,0.002473458487851726,,38007053.0,dotnet/docfx,C#
test/docfx.Tests/JsonSchemaTest.cs,4,callable,ok,Docfx.Tests.JsonSchemaTest.JsonSchemaTest_Toc_Json,Docfx.Tests.JsonSchemaTest.JsonSchemaTest_Toc_Json,89e294c243a38fd072c7360d35905b0952c3f16b,2024-04-12T11:28:13+09:00,89e294c243a38fd072c7360d35905b0952c3f16b,2024-04-12T11:28:13+09:00,1,857,0.045454545454545456,,,False,False,1,0,404.29,0.0,0.002473458487851726,,38007053.0,dotnet/docfx,C#
test/docfx.Tests/JsonSchemaTest.cs,5,callable,ok,Docfx.Tests.JsonSchemaTest.JsonSchemaTest_Toc_Yaml,Docfx.Tests.JsonSchemaTest.JsonSchemaTest_Toc_Yaml,89e294c243a38fd072c7360d35905b0952c3f16b,2024-04-12T11:28:13+09:00,89e294c243a38fd072c7360d35905b0952c3f16b,2024-04-12T11:28:13+09:00,1,857,0.07142857142857142,,,False,False,1,0,404.29,0.0,0.002473458487851726,,38007053.0,dotnet/docfx,C#
test/docfx.Tests/JsonSchemaTest.cs,6,callable,ok,Docfx.Tests.JsonSchemaTest.JsonSchemaTest_XrefMap_Json,Docfx.Tests.JsonSchemaTest.JsonSchemaTest_XrefMap_Json,89e294c243a38fd072c7360d35905b0952c3f16b,2024-04-12T11:28:13+09:00,89e294c243a38fd072c7360d35905b0952c3f16b,2024-04-12T11:28:13+09:00,1,857,0.07692307692307693,,,False,False,1,0,404.29,0.0,0.002473458487851726,,38007053.0,dotnet/docfx,C#
test/docfx.Tests/JsonSchemaTest.cs,7,callable,ok,Docfx.Tests.JsonSchemaTest.JsonSchemaTest_XrefMap_Yaml,Docfx.Tests.JsonSchemaTest.JsonSchemaTest_XrefMap_Yaml,89e294c243a38fd072c7360d35905b0952c3f16b,2024-04-12T11:28:13+09:00,89e294c243a38fd072c7360d35905b0952c3f16b,2024-04-12T11:28:13+09:00,1,857,0.0625,,,False,False,1,0,404.29,0.0,0.002473458487851726,,38007053.0,dotnet/docfx,C#
test/docfx.Tests/JsonSchemaTest.cs,8,callable,ok,Docfx.Tests.JsonSchemaTest.LoadAsJsonElement,Docfx.Tests.JsonSchemaTest.LoadAsJsonElement,89e294c243a38fd072c7360d35905b0952c3f16b,2024-04-12T11:28:13+09:00,58f7386b78fe7af9655e701ce7b91a80aedca453,2024-11-05T23:27:57+11:00,2,857,0.07407407407407407,,,False,False,2,0,404.29,0.0,0.004946916975703452,,38007053.0,dotnet/docfx,C#
test/docfx.Tests/SerializationTests/JsonSerializationEncoderTest.cs,0,class,ok,docfx.Tests.JsonSerializationEncoderTest,docfx.Tests.JsonSerializationEncoderTest,2f8cf18b3efba1d5bb4185693e5717d665a14d76,2024-10-20T00:26:13+09:00,db31f42a632c1bfe2d71e7c2c1201c845c3c8ea7,2025-05-30T19:34:10+09:00,2,666,0.041666666666666664,,,False,False,1,1,213.75,9.05,0.00467832026860056,0.11055520722703484,38007053.0,dotnet/docfx,C#
test/docfx.Tests/SerializationTests/JsonSerializationEncoderTest.cs,0,callable,ok,docfx.Tests.JsonSerializationEncoderTest.JsonEncoderTest,docfx.Tests.JsonSerializationEncoderTest.JsonEncoderTest,2f8cf18b3efba1d5bb4185693e5717d665a14d76,2024-10-20T00:26:13+09:00,db31f42a632c1bfe2d71e7c2c1201c845c3c8ea7,2025-05-30T19:34:10+09:00,2,666,0.08333333333333333,,,False,False,1,1,213.75,9.05,0.00467832026860056,0.11055520722703484,38007053.0,dotnet/docfx,C#
test/docfx.Tests/SerializationTests/JsonSerializationEncoderTest.cs,1,callable,ok,docfx.Tests.JsonSerializationEncoderTest.JsonEncoderTest_NoCompatibility,docfx.Tests.JsonSerializationEncoderTest.JsonEncoderTest_NoCompatibility,2f8cf18b3efba1d5bb4185693e5717d665a14d76,2024-10-20T00:26:13+09:00,2f8cf18b3efba1d5bb4185693e5717d665a14d76,2024-10-20T00:26:13+09:00,1,666,0.05,,,False,False,1,0,213.75,0.0,0.00467832026860056,,38007053.0,dotnet/docfx,C#
test/docfx.Tests/SerializationTests/YamlSerializationTest.TocItemViewModel.cs,0,class,ok,docfx.Tests.YamlSerializationTest,docfx.Tests.YamlSerializationTest,2f8cf18b3efba1d5bb4185693e5717d665a14d76,2024-10-20T00:26:13+09:00,2f8cf18b3efba1d5bb4185693e5717d665a14d76,2024-10-20T00:26:13+09:00,1,666,0.07142857142857142,,,False,False,1,0,213.75,0.0,0.00467832026860056,,38007053.0,dotnet/docfx,C#
test/docfx.Tests/SerializationTests/YamlSerializationTest.TocItemViewModel.cs,0,callable,ok,docfx.Tests.YamlSerializationTest.YamlSerializationTest_TocItemViewModel,docfx.Tests.YamlSerializationTest.YamlSerializationTest_TocItemViewModel,2f8cf18b3efba1d5bb4185693e5717d665a14d76,2024-10-20T00:26:13+09:00,2f8cf18b3efba1d5bb4185693e5717d665a14d76,2024-10-20T00:26:13+09:00,1,666,0.09090909090909091,,,False,False,1,0,213.75,0.0,0.00467832026860056,,38007053.0,dotnet/docfx,C#
