relpath,lineage_id,kind,status,first_qualified_name,last_qualified_name,first_commit,first_date,last_commit,last_date,modification_count,age_days,relative_churn,change_entropy,review_count,ended,had_rename_or_move,pre_touch_count,post_touch_count,pre_window_days,post_window_days,pre_churn_rate,post_churn_rate,repo_id,full_name,language
docs/examples/UseQuoteApi/Program.cs,0,class,ok,UseQuoteApi.Program,UseQuoteApi.Program,ba28312343696287f35953e432576f651e03e181,2023-02-26T17:01:49-05:00,d05267792a0247ab2f3734598205bfb35ac990ef,2026-01-02T22:05:27-05:00,4,1041,0.031746031746031744,1.2827121661025767,,True,False,3,1,828.18,213.03,0.003622386701994813,0.004694227322847929,230706417.0,DaveSkender/Stock.Indicators,C#
docs/examples/UseQuoteApi/Program.cs,0,callable,ok,UseQuoteApi.Program.Main,UseQuoteApi.Program.Main,ba28312343696287f35953e432576f651e03e181,2023-02-26T17:01:49-05:00,d05267792a0247ab2f3734598205bfb35ac990ef,2026-01-02T22:05:27-05:00,2,1041,0.03571428571428571,,,True,False,1,1,828.18,213.03,0.001207462233998271,0.004694227322847929,230706417.0,DaveSkender/Stock.Indicators,C#
docs/examples/UseQuoteApi/Program.cs,1,callable,ok,UseQuoteApi.Program.GetQuotesFromFeed,UseQuoteApi.Program.GetQuotesFromFeed,ba28312343696287f35953e432576f651e03e181,2023-02-26T17:01:49-05:00,d05267792a0247ab2f3734598205bfb35ac990ef,2026-01-02T22:05:27-05:00,4,1041,0.06060606060606061,1.2827121661025767,,True,False,3,1,828.18,213.03,0.003622386701994813,0.004694227322847929,230706417.0,DaveSkender/Stock.Indicators,C#
src/Common/Bars/BarAggregatorHub.cs,0,class,ok,FacioQuo.Stock.Indicators.BarAggregatorHub,FacioQuo.Stock.Indicators.BarAggregatorHub,2bbb486c7f3eb550747d42bf0cfc6a602ce16772,2026-07-06T05:29:09-04:00,2bbb486c7f3eb550747d42bf0cfc6a602ce16772,2026-07-06T05:29:09-04:00,1,42,0.002932551319648094,,,False,False,0,1,0.0,397.29,,0.002517027296374458,230706417.0,DaveSkender/Stock.Indicators,C#
src/Common/Bars/BarAggregatorHub.cs,1,class,ok,FacioQuo.Stock.Indicators.Bars,FacioQuo.Stock.Indicators.Bars,2bbb486c7f3eb550747d42bf0cfc6a602ce16772,2026-07-06T05:29:09-04:00,2bbb486c7f3eb550747d42bf0cfc6a602ce16772,2026-07-06T05:29:09-04:00,1,42,0.03571428571428571,,,False,False,0,1,0.0,397.29,,0.002517027296374458,230706417.0,DaveSkender/Stock.Indicators,C#
src/Common/Bars/BarAggregatorHub.cs,0,callable,ok,FacioQuo.Stock.Indicators.BarAggregatorHub.BarAggregatorHub,FacioQuo.Stock.Indicators.BarAggregatorHub.BarAggregatorHub,2bbb486c7f3eb550747d42bf0cfc6a602ce16772,2026-07-06T05:29:09-04:00,2bbb486c7f3eb550747d42bf0cfc6a602ce16772,2026-07-06T05:29:09-04:00,1,42,0.05555555555555555,,,False,False,0,1,0.0,397.29,,0.002517027296374458,230706417.0,DaveSkender/Stock.Indicators,C#
src/Common/Bars/BarAggregatorHub.cs,1,callable,ok,FacioQuo.Stock.Indicators.BarAggregatorHub.OnAdd,FacioQuo.Stock.Indicators.BarAggregatorHub.OnAdd,2bbb486c7f3eb550747d42bf0cfc6a602ce16772,2026-07-06T05:29:09-04:00,2bbb486c7f3eb550747d42bf0cfc6a602ce16772,2026-07-06T05:29:09-04:00,1,42,0.007407407407407408,,,False,False,0,1,0.0,397.29,,0.002517027296374458,230706417.0,DaveSkender/Stock.Indicators,C#
src/Common/Bars/BarAggregatorHub.cs,2,callable,ok,FacioQuo.Stock.Indicators.BarAggregatorHub.CreateOrUpdateBar,FacioQuo.Stock.Indicators.BarAggregatorHub.CreateOrUpdateBar,2bbb486c7f3eb550747d42bf0cfc6a602ce16772,2026-07-06T05:29:09-04:00,2bbb486c7f3eb550747d42bf0cfc6a602ce16772,2026-07-06T05:29:09-04:00,1,42,0.045454545454545456,,,False,False,0,1,0.0,397.29,,0.002517027296374458,230706417.0,DaveSkender/Stock.Indicators,C#
src/Common/Bars/BarAggregatorHub.cs,3,callable,ok,FacioQuo.Stock.Indicators.BarAggregatorHub.ToIndicator,FacioQuo.Stock.Indicators.BarAggregatorHub.ToIndicator,2bbb486c7f3eb550747d42bf0cfc6a602ce16772,2026-07-06T05:29:09-04:00,2bbb486c7f3eb550747d42bf0cfc6a602ce16772,2026-07-06T05:29:09-04:00,1,42,0.029411764705882353,,,False,False,0,1,0.0,397.29,,0.002517027296374458,230706417.0,DaveSkender/Stock.Indicators,C#
src/Common/Bars/BarAggregatorHub.cs,4,callable,ok,FacioQuo.Stock.Indicators.BarAggregatorHub.ToString,FacioQuo.Stock.Indicators.BarAggregatorHub.ToString,2bbb486c7f3eb550747d42bf0cfc6a602ce16772,2026-07-06T05:29:09-04:00,2bbb486c7f3eb550747d42bf0cfc6a602ce16772,2026-07-06T05:29:09-04:00,1,42,0.5,,,False,False,0,1,0.0,397.29,,0.002517027296374458,230706417.0,DaveSkender/Stock.Indicators,C#
src/Common/Bars/BarAggregatorHub.cs,5,callable,ok,FacioQuo.Stock.Indicators.BarAggregatorHub.Rebuild,FacioQuo.Stock.Indicators.BarAggregatorHub.Rebuild,2bbb486c7f3eb550747d42bf0cfc6a602ce16772,2026-07-06T05:29:09-04:00,2bbb486c7f3eb550747d42bf0cfc6a602ce16772,2026-07-06T05:29:09-04:00,1,42,0.125,,,False,False,0,1,0.0,397.29,,0.002517027296374458,230706417.0,DaveSkender/Stock.Indicators,C#
src/Common/Bars/BarAggregatorHub.cs,6,callable,ok,FacioQuo.Stock.Indicators.BarAggregatorHub.RollbackState,FacioQuo.Stock.Indicators.BarAggregatorHub.RollbackState,2bbb486c7f3eb550747d42bf0cfc6a602ce16772,2026-07-06T05:29:09-04:00,2bbb486c7f3eb550747d42bf0cfc6a602ce16772,2026-07-06T05:29:09-04:00,1,42,0.041666666666666664,,,False,False,0,1,0.0,397.29,,0.002517027296374458,230706417.0,DaveSkender/Stock.Indicators,C#
src/Common/Bars/BarAggregatorHub.cs,7,callable,ok,FacioQuo.Stock.Indicators.Bars.ToBarAggregatorHub,FacioQuo.Stock.Indicators.Bars.ToBarAggregatorHub,2bbb486c7f3eb550747d42bf0cfc6a602ce16772,2026-07-06T05:29:09-04:00,2bbb486c7f3eb550747d42bf0cfc6a602ce16772,2026-07-06T05:29:09-04:00,1,42,0.2,,,False,False,0,1,0.0,397.29,,0.002517027296374458,230706417.0,DaveSkender/Stock.Indicators,C#
src/Common/BufferLists/BufferListUtilities.cs,0,class,ok,FacioQuo.Stock.Indicators.BufferListUtilities,FacioQuo.Stock.Indicators.BufferListUtilities,2bbb486c7f3eb550747d42bf0cfc6a602ce16772,2026-07-06T05:29:09-04:00,2bbb486c7f3eb550747d42bf0cfc6a602ce16772,2026-07-06T05:29:09-04:00,1,42,0.016666666666666666,,,False,False,0,1,0.0,397.29,,0.002517027296374458,230706417.0,DaveSkender/Stock.Indicators,C#
src/Common/BufferLists/BufferListUtilities.cs,0,callable,ok,FacioQuo.Stock.Indicators.BufferListUtilities.Update,FacioQuo.Stock.Indicators.BufferListUtilities.Update,2bbb486c7f3eb550747d42bf0cfc6a602ce16772,2026-07-06T05:29:09-04:00,2bbb486c7f3eb550747d42bf0cfc6a602ce16772,2026-07-06T05:29:09-04:00,1,42,0.0625,,,False,False,0,1,0.0,397.29,,0.002517027296374458,230706417.0,DaveSkender/Stock.Indicators,C#
src/Common/BufferLists/BufferListUtilities.cs,1,callable,ok,FacioQuo.Stock.Indicators.BufferListUtilities.UpdateWithDequeue,FacioQuo.Stock.Indicators.BufferListUtilities.UpdateWithDequeue,2bbb486c7f3eb550747d42bf0cfc6a602ce16772,2026-07-06T05:29:09-04:00,2bbb486c7f3eb550747d42bf0cfc6a602ce16772,2026-07-06T05:29:09-04:00,1,42,0.05263157894736842,,,False,False,0,1,0.0,397.29,,0.002517027296374458,230706417.0,DaveSkender/Stock.Indicators,C#
src/Common/Catalog/Catalog.Listings.cs,0,class,ok,FacioQuo.Stock.Indicators.Catalog,FacioQuo.Stock.Indicators.Catalog,2bbb486c7f3eb550747d42bf0cfc6a602ce16772,2026-07-06T05:29:09-04:00,2bbb486c7f3eb550747d42bf0cfc6a602ce16772,2026-07-06T05:29:09-04:00,1,42,0.002145922746781116,,,False,False,0,1,0.0,397.29,,0.002517027296374458,230706417.0,DaveSkender/Stock.Indicators,C#
src/Common/Catalog/Catalog.Listings.cs,0,callable,ok,FacioQuo.Stock.Indicators.Catalog.ClearCatalog,FacioQuo.Stock.Indicators.Catalog.ClearCatalog,2bbb486c7f3eb550747d42bf0cfc6a602ce16772,2026-07-06T05:29:09-04:00,2bbb486c7f3eb550747d42bf0cfc6a602ce16772,2026-07-06T05:29:09-04:00,1,42,0.125,,,False,False,0,1,0.0,397.29,,0.002517027296374458,230706417.0,DaveSkender/Stock.Indicators,C#
src/Common/Catalog/Catalog.Listings.cs,1,callable,ok,FacioQuo.Stock.Indicators.Catalog.EnsureCatalogInitialized,FacioQuo.Stock.Indicators.Catalog.EnsureCatalogInitialized,2bbb486c7f3eb550747d42bf0cfc6a602ce16772,2026-07-06T05:29:09-04:00,2bbb486c7f3eb550747d42bf0cfc6a602ce16772,2026-07-06T05:29:09-04:00,1,42,0.07142857142857142,,,False,False,0,1,0.0,397.29,,0.002517027296374458,230706417.0,DaveSkender/Stock.Indicators,C#
src/Common/Catalog/Catalog.Listings.cs,2,callable,ok,FacioQuo.Stock.Indicators.Catalog.PopulateCatalog,FacioQuo.Stock.Indicators.Catalog.PopulateCatalog,2bbb486c7f3eb550747d42bf0cfc6a602ce16772,2026-07-06T05:29:09-04:00,2bbb486c7f3eb550747d42bf0cfc6a602ce16772,2026-07-06T05:29:09-04:00,1,42,0.0024096385542168677,,,False,False,0,1,0.0,397.29,,0.002517027296374458,230706417.0,DaveSkender/Stock.Indicators,C#
src/Common/Catalog/CatalogListingBuilder.cs,0,class,ok,FacioQuo.Stock.Indicators.CatalogListingBuilder,FacioQuo.Stock.Indicators.CatalogListingBuilder,2bbb486c7f3eb550747d42bf0cfc6a602ce16772,2026-07-06T05:29:09-04:00,2bbb486c7f3eb550747d42bf0cfc6a602ce16772,2026-07-06T05:29:09-04:00,1,42,0.002777777777777778,,,False,False,0,1,0.0,397.29,,0.002517027296374458,230706417.0,DaveSkender/Stock.Indicators,C#
src/Common/Catalog/CatalogListingBuilder.cs,0,callable,ok,FacioQuo.Stock.Indicators.CatalogListingBuilder.CatalogListingBuilder,FacioQuo.Stock.Indicators.CatalogListingBuilder.CatalogListingBuilder,2bbb486c7f3eb550747d42bf0cfc6a602ce16772,2026-07-06T05:29:09-04:00,2bbb486c7f3eb550747d42bf0cfc6a602ce16772,2026-07-06T05:29:09-04:00,1,42,0.02564102564102564,,,False,False,0,1,0.0,397.29,,0.002517027296374458,230706417.0,DaveSkender/Stock.Indicators,C#
src/Common/Catalog/CatalogListingBuilder.cs,1,callable,ok,FacioQuo.Stock.Indicators.CatalogListingBuilder.WithName,FacioQuo.Stock.Indicators.CatalogListingBuilder.WithName,2bbb486c7f3eb550747d42bf0cfc6a602ce16772,2026-07-06T05:29:09-04:00,2bbb486c7f3eb550747d42bf0cfc6a602ce16772,2026-07-06T05:29:09-04:00,1,42,0.2,,,False,False,0,1,0.0,397.29,,0.002517027296374458,230706417.0,DaveSkender/Stock.Indicators,C#
src/Common/Catalog/CatalogListingBuilder.cs,2,callable,ok,FacioQuo.Stock.Indicators.CatalogListingBuilder.WithId,FacioQuo.Stock.Indicators.CatalogListingBuilder.WithId,2bbb486c7f3eb550747d42bf0cfc6a602ce16772,2026-07-06T05:29:09-04:00,2bbb486c7f3eb550747d42bf0cfc6a602ce16772,2026-07-06T05:29:09-04:00,1,42,0.2,,,False,False,0,1,0.0,397.29,,0.002517027296374458,230706417.0,DaveSkender/Stock.Indicators,C#
src/Common/Catalog/CatalogListingBuilder.cs,3,callable,ok,FacioQuo.Stock.Indicators.CatalogListingBuilder.WithStyle,FacioQuo.Stock.Indicators.CatalogListingBuilder.WithStyle,2bbb486c7f3eb550747d42bf0cfc6a602ce16772,2026-07-06T05:29:09-04:00,2bbb486c7f3eb550747d42bf0cfc6a602ce16772,2026-07-06T05:29:09-04:00,1,42,0.2,,,False,False,0,1,0.0,397.29,,0.002517027296374458,230706417.0,DaveSkender/Stock.Indicators,C#
src/Common/Catalog/CatalogListingBuilder.cs,4,callable,ok,FacioQuo.Stock.Indicators.CatalogListingBuilder.WithCategory,FacioQuo.Stock.Indicators.CatalogListingBuilder.WithCategory,2bbb486c7f3eb550747d42bf0cfc6a602ce16772,2026-07-06T05:29:09-04:00,2bbb486c7f3eb550747d42bf0cfc6a602ce16772,2026-07-06T05:29:09-04:00,1,42,0.2,,,False,False,0,1,0.0,397.29,,0.002517027296374458,230706417.0,DaveSkender/Stock.Indicators,C#
src/Common/Catalog/CatalogListingBuilder.cs,5,callable,ok,FacioQuo.Stock.Indicators.CatalogListingBuilder.WithMethodName,FacioQuo.Stock.Indicators.CatalogListingBuilder.WithMethodName,2bbb486c7f3eb550747d42bf0cfc6a602ce16772,2026-07-06T05:29:09-04:00,2bbb486c7f3eb550747d42bf0cfc6a602ce16772,2026-07-06T05:29:09-04:00,1,42,0.2,,,False,False,0,1,0.0,397.29,,0.002517027296374458,230706417.0,DaveSkender/Stock.Indicators,C#
src/Common/Catalog/CatalogListingBuilder.cs,6,callable,ok,FacioQuo.Stock.Indicators.CatalogListingBuilder.AddParameter,FacioQuo.Stock.Indicators.CatalogListingBuilder.AddParameter,2bbb486c7f3eb550747d42bf0cfc6a602ce16772,2026-07-06T05:29:09-04:00,2bbb486c7f3eb550747d42bf0cfc6a602ce16772,2026-07-06T05:29:09-04:00,1,42,0.045454545454545456,,,False,False,0,1,0.0,397.29,,0.002517027296374458,230706417.0,DaveSkender/Stock.Indicators,C#
src/Common/Catalog/CatalogListingBuilder.cs,7,callable,ok,FacioQuo.Stock.Indicators.CatalogListingBuilder.AddEnumParameter,FacioQuo.Stock.Indicators.CatalogListingBuilder.AddEnumParameter,2bbb486c7f3eb550747d42bf0cfc6a602ce16772,2026-07-06T05:29:09-04:00,2bbb486c7f3eb550747d42bf0cfc6a602ce16772,2026-07-06T05:29:09-04:00,1,42,0.034482758620689655,,,False,False,0,1,0.0,397.29,,0.002517027296374458,230706417.0,DaveSkender/Stock.Indicators,C#
src/Common/Catalog/CatalogListingBuilder.cs,8,callable,ok,FacioQuo.Stock.Indicators.CatalogListingBuilder.AddDateParameter,FacioQuo.Stock.Indicators.CatalogListingBuilder.AddDateParameter,2bbb486c7f3eb550747d42bf0cfc6a602ce16772,2026-07-06T05:29:09-04:00,2bbb486c7f3eb550747d42bf0cfc6a602ce16772,2026-07-06T05:29:09-04:00,1,42,0.05,,,False,False,0,1,0.0,397.29,,0.002517027296374458,230706417.0,DaveSkender/Stock.Indicators,C#
src/Common/Catalog/CatalogListingBuilder.cs,9,callable,ok,FacioQuo.Stock.Indicators.CatalogListingBuilder.AddSeriesParameter,FacioQuo.Stock.Indicators.CatalogListingBuilder.AddSeriesParameter,2bbb486c7f3eb550747d42bf0cfc6a602ce16772,2026-07-06T05:29:09-04:00,2bbb486c7f3eb550747d42bf0cfc6a602ce16772,2026-07-06T05:29:09-04:00,1,42,0.05263157894736842,,,False,False,0,1,0.0,397.29,,0.002517027296374458,230706417.0,DaveSkender/Stock.Indicators,C#
src/Common/Catalog/CatalogListingBuilder.cs,10,callable,ok,FacioQuo.Stock.Indicators.CatalogListingBuilder.AddResult,FacioQuo.Stock.Indicators.CatalogListingBuilder.AddResult,2bbb486c7f3eb550747d42bf0cfc6a602ce16772,2026-07-06T05:29:09-04:00,2bbb486c7f3eb550747d42bf0cfc6a602ce16772,2026-07-06T05:29:09-04:00,1,42,0.06666666666666667,,,False,False,0,1,0.0,397.29,,0.002517027296374458,230706417.0,DaveSkender/Stock.Indicators,C#
src/Common/Catalog/CatalogListingBuilder.cs,11,callable,ok,FacioQuo.Stock.Indicators.CatalogListingBuilder.AddPriceHlcResult,FacioQuo.Stock.Indicators.CatalogListingBuilder.AddPriceHlcResult,2bbb486c7f3eb550747d42bf0cfc6a602ce16772,2026-07-06T05:29:09-04:00,2bbb486c7f3eb550747d42bf0cfc6a602ce16772,2026-07-06T05:29:09-04:00,1,42,0.14285714285714285,,,False,False,0,1,0.0,397.29,,0.002517027296374458,230706417.0,DaveSkender/Stock.Indicators,C#
src/Common/Catalog/CatalogListingBuilder.cs,12,callable,ok,FacioQuo.Stock.Indicators.CatalogListingBuilder.Build,FacioQuo.Stock.Indicators.CatalogListingBuilder.Build,2bbb486c7f3eb550747d42bf0cfc6a602ce16772,2026-07-06T05:29:09-04:00,2bbb486c7f3eb550747d42bf0cfc6a602ce16772,2026-07-06T05:29:09-04:00,1,42,0.07142857142857142,,,False,False,0,1,0.0,397.29,,0.002517027296374458,230706417.0,DaveSkender/Stock.Indicators,C#
src/Common/Catalog/CatalogListingBuilder.cs,13,callable,ok,FacioQuo.Stock.Indicators.CatalogListingBuilder.GenerateLegendTemplate,FacioQuo.Stock.Indicators.CatalogListingBuilder.GenerateLegendTemplate,2bbb486c7f3eb550747d42bf0cfc6a602ce16772,2026-07-06T05:29:09-04:00,2bbb486c7f3eb550747d42bf0cfc6a602ce16772,2026-07-06T05:29:09-04:00,1,42,0.3333333333333333,,,False,False,0,1,0.0,397.29,,0.002517027296374458,230706417.0,DaveSkender/Stock.Indicators,C#
src/Common/Catalog/CatalogListingBuilder.cs,14,callable,ok,FacioQuo.Stock.Indicators.CatalogListingBuilder.ValidateBeforeBuild,FacioQuo.Stock.Indicators.CatalogListingBuilder.ValidateBeforeBuild,2bbb486c7f3eb550747d42bf0cfc6a602ce16772,2026-07-06T05:29:09-04:00,2bbb486c7f3eb550747d42bf0cfc6a602ce16772,2026-07-06T05:29:09-04:00,1,42,0.021739130434782608,,,False,False,0,1,0.0,397.29,,0.002517027296374458,230706417.0,DaveSkender/Stock.Indicators,C#
src/Common/Catalog/ListingExecutionBuilderExtensions.cs,0,class,ok,FacioQuo.Stock.Indicators.ListingExecutionBuilderExtensions,FacioQuo.Stock.Indicators.ListingExecutionBuilderExtensions,2bbb486c7f3eb550747d42bf0cfc6a602ce16772,2026-07-06T05:29:09-04:00,2bbb486c7f3eb550747d42bf0cfc6a602ce16772,2026-07-06T05:29:09-04:00,1,42,0.008403361344537815,,,False,False,0,1,0.0,397.29,,0.002517027296374458,230706417.0,DaveSkender/Stock.Indicators,C#
src/Common/Catalog/ListingExecutionBuilderExtensions.cs,0,callable,ok,FacioQuo.Stock.Indicators.ListingExecutionBuilderExtensions.WithParamValue,FacioQuo.Stock.Indicators.ListingExecutionBuilderExtensions.WithParamValue,2bbb486c7f3eb550747d42bf0cfc6a602ce16772,2026-07-06T05:29:09-04:00,2bbb486c7f3eb550747d42bf0cfc6a602ce16772,2026-07-06T05:29:09-04:00,1,42,0.2,,,False,False,0,1,0.0,397.29,,0.002517027296374458,230706417.0,DaveSkender/Stock.Indicators,C#
src/Common/Catalog/ListingExecutionBuilderExtensions.cs,1,callable,ok,FacioQuo.Stock.Indicators.ListingExecutionBuilderExtensions.WithParams,FacioQuo.Stock.Indicators.ListingExecutionBuilderExtensions.WithParams,2bbb486c7f3eb550747d42bf0cfc6a602ce16772,2026-07-06T05:29:09-04:00,2bbb486c7f3eb550747d42bf0cfc6a602ce16772,2026-07-06T05:29:09-04:00,1,42,0.25,,,False,False,0,1,0.0,397.29,,0.002517027296374458,230706417.0,DaveSkender/Stock.Indicators,C#
src/Common/Catalog/ListingExecutionBuilderExtensions.cs,2,callable,ok,FacioQuo.Stock.Indicators.ListingExecutionBuilderExtensions.From,FacioQuo.Stock.Indicators.ListingExecutionBuilderExtensions.From,2bbb486c7f3eb550747d42bf0cfc6a602ce16772,2026-07-06T05:29:09-04:00,2bbb486c7f3eb550747d42bf0cfc6a602ce16772,2026-07-06T05:29:09-04:00,1,42,0.16666666666666666,,,False,False,0,1,0.0,397.29,,0.002517027296374458,230706417.0,DaveSkender/Stock.Indicators,C#
src/Common/Catalog/ListingExecutionBuilderExtensions.cs,3,callable,ok,FacioQuo.Stock.Indicators.ListingExecutionBuilderExtensions.FromSource,FacioQuo.Stock.Indicators.ListingExecutionBuilderExtensions.FromSource,2bbb486c7f3eb550747d42bf0cfc6a602ce16772,2026-07-06T05:29:09-04:00,2bbb486c7f3eb550747d42bf0cfc6a602ce16772,2026-07-06T05:29:09-04:00,1,42,0.16666666666666666,,,False,False,0,1,0.0,397.29,,0.002517027296374458,230706417.0,DaveSkender/Stock.Indicators,C#
src/Common/Catalog/ListingExecutionBuilderExtensions.cs,4,callable,ok,FacioQuo.Stock.Indicators.ListingExecutionBuilderExtensions.Execute,FacioQuo.Stock.Indicators.ListingExecutionBuilderExtensions.Execute,2bbb486c7f3eb550747d42bf0cfc6a602ce16772,2026-07-06T05:29:09-04:00,2bbb486c7f3eb550747d42bf0cfc6a602ce16772,2026-07-06T05:29:09-04:00,1,42,0.1111111111111111,,,False,False,0,1,0.0,397.29,,0.002517027296374458,230706417.0,DaveSkender/Stock.Indicators,C#
src/Common/Math/NullMath.cs,0,class,ok,FacioQuo.Stock.Indicators.NullMath,FacioQuo.Stock.Indicators.NullMath,26994347706307dbe4b0c3cb8c5905d10bc22c03,2026-08-09T00:39:06-04:00,26994347706307dbe4b0c3cb8c5905d10bc22c03,2026-08-09T00:39:06-04:00,1,8,0.017543859649122806,,,False,False,0,1,0.0,431.09,,0.0023196870226720413,230706417.0,DaveSkender/Stock.Indicators,C#
src/Common/Math/NullMath.cs,0,callable,ok,FacioQuo.Stock.Indicators.NullMath.Abs,FacioQuo.Stock.Indicators.NullMath.Abs,26994347706307dbe4b0c3cb8c5905d10bc22c03,2026-08-09T00:39:06-04:00,26994347706307dbe4b0c3cb8c5905d10bc22c03,2026-08-09T00:39:06-04:00,1,8,0.14285714285714285,,,False,False,0,1,0.0,431.09,,0.0023196870226720413,230706417.0,DaveSkender/Stock.Indicators,C#
src/Common/Math/NullMath.cs,1,callable,ok,FacioQuo.Stock.Indicators.NullMath.Null2NaN,FacioQuo.Stock.Indicators.NullMath.Null2NaN,26994347706307dbe4b0c3cb8c5905d10bc22c03,2026-08-09T00:39:06-04:00,26994347706307dbe4b0c3cb8c5905d10bc22c03,2026-08-09T00:39:06-04:00,1,8,0.2,,,False,False,0,1,0.0,431.09,,0.0023196870226720413,230706417.0,DaveSkender/Stock.Indicators,C#
src/Common/Math/NullMath.cs,2,callable,ok,FacioQuo.Stock.Indicators.NullMath.NaN2Null,FacioQuo.Stock.Indicators.NullMath.NaN2Null,26994347706307dbe4b0c3cb8c5905d10bc22c03,2026-08-09T00:39:06-04:00,26994347706307dbe4b0c3cb8c5905d10bc22c03,2026-08-09T00:39:06-04:00,1,8,0.2,,,False,False,0,1,0.0,431.09,,0.0023196870226720413,230706417.0,DaveSkender/Stock.Indicators,C#
src/Common/Math/Numerical.cs,0,class,ok,FacioQuo.Stock.Indicators.Numerical,FacioQuo.Stock.Indicators.Numerical,26994347706307dbe4b0c3cb8c5905d10bc22c03,2026-08-09T00:39:06-04:00,26994347706307dbe4b0c3cb8c5905d10bc22c03,2026-08-09T00:39:06-04:00,1,8,0.004329004329004329,,,False,False,0,1,0.0,431.09,,0.0023196870226720413,230706417.0,DaveSkender/Stock.Indicators,C#
src/Common/Math/Numerical.cs,0,callable,ok,FacioQuo.Stock.Indicators.Numerical.StdDev,FacioQuo.Stock.Indicators.Numerical.StdDev,26994347706307dbe4b0c3cb8c5905d10bc22c03,2026-08-09T00:39:06-04:00,26994347706307dbe4b0c3cb8c5905d10bc22c03,2026-08-09T00:39:06-04:00,1,8,0.03333333333333333,,,False,False,0,1,0.0,431.09,,0.0023196870226720413,230706417.0,DaveSkender/Stock.Indicators,C#
src/Common/Math/Numerical.cs,1,callable,ok,FacioQuo.Stock.Indicators.Numerical.Slope,FacioQuo.Stock.Indicators.Numerical.Slope,26994347706307dbe4b0c3cb8c5905d10bc22c03,2026-08-09T00:39:06-04:00,26994347706307dbe4b0c3cb8c5905d10bc22c03,2026-08-09T00:39:06-04:00,1,8,0.023809523809523808,,,False,False,0,1,0.0,431.09,,0.0023196870226720413,230706417.0,DaveSkender/Stock.Indicators,C#
src/Common/Math/Numerical.cs,2,callable,ok,FacioQuo.Stock.Indicators.Numerical.LogGamma,FacioQuo.Stock.Indicators.Numerical.LogGamma,26994347706307dbe4b0c3cb8c5905d10bc22c03,2026-08-09T00:39:06-04:00,26994347706307dbe4b0c3cb8c5905d10bc22c03,2026-08-09T00:39:06-04:00,1,8,0.02564102564102564,,,False,False,0,1,0.0,431.09,,0.0023196870226720413,230706417.0,DaveSkender/Stock.Indicators,C#
src/Common/Math/Numerical.cs,3,callable,ok,FacioQuo.Stock.Indicators.Numerical.RoundDown,FacioQuo.Stock.Indicators.Numerical.RoundDown,26994347706307dbe4b0c3cb8c5905d10bc22c03,2026-08-09T00:39:06-04:00,26994347706307dbe4b0c3cb8c5905d10bc22c03,2026-08-09T00:39:06-04:00,1,8,0.16666666666666666,,,False,False,0,1,0.0,431.09,,0.0023196870226720413,230706417.0,DaveSkender/Stock.Indicators,C#
src/Common/Math/Numerical.cs,4,callable,ok,FacioQuo.Stock.Indicators.Numerical.ToTimeSpan,FacioQuo.Stock.Indicators.Numerical.ToTimeSpan,26994347706307dbe4b0c3cb8c5905d10bc22c03,2026-08-09T00:39:06-04:00,26994347706307dbe4b0c3cb8c5905d10bc22c03,2026-08-09T00:39:06-04:00,1,8,0.0625,,,False,False,0,1,0.0,431.09,,0.0023196870226720413,230706417.0,DaveSkender/Stock.Indicators,C#
src/Common/Math/Numerical.cs,5,callable,ok,FacioQuo.Stock.Indicators.Numerical.GetDecimalPlaces,FacioQuo.Stock.Indicators.Numerical.GetDecimalPlaces,26994347706307dbe4b0c3cb8c5905d10bc22c03,2026-08-09T00:39:06-04:00,26994347706307dbe4b0c3cb8c5905d10bc22c03,2026-08-09T00:39:06-04:00,1,8,0.0625,,,False,False,0,1,0.0,431.09,,0.0023196870226720413,230706417.0,DaveSkender/Stock.Indicators,C#
src/Common/Math/Numerical.cs,6,callable,ok,FacioQuo.Stock.Indicators.Numerical.IsNumeric,FacioQuo.Stock.Indicators.Numerical.IsNumeric,26994347706307dbe4b0c3cb8c5905d10bc22c03,2026-08-09T00:39:06-04:00,26994347706307dbe4b0c3cb8c5905d10bc22c03,2026-08-09T00:39:06-04:00,1,8,0.03333333333333333,,,False,False,0,1,0.0,431.09,,0.0023196870226720413,230706417.0,DaveSkender/Stock.Indicators,C#
src/Common/Pruning/PruningExtensions.cs,0,class,ok,FacioQuo.Stock.Indicators.PruningExtensions,FacioQuo.Stock.Indicators.PruningExtensions,26994347706307dbe4b0c3cb8c5905d10bc22c03,2026-08-09T00:39:06-04:00,26994347706307dbe4b0c3cb8c5905d10bc22c03,2026-08-09T00:39:06-04:00,1,8,0.014084507042253521,,,False,False,0,1,0.0,431.09,,0.0023196870226720413,230706417.0,DaveSkender/Stock.Indicators,C#
src/Common/Pruning/PruningExtensions.cs,0,callable,ok,FacioQuo.Stock.Indicators.PruningExtensions.RemoveWarmupPeriods,FacioQuo.Stock.Indicators.PruningExtensions.RemoveWarmupPeriods,26994347706307dbe4b0c3cb8c5905d10bc22c03,2026-08-09T00:39:06-04:00,26994347706307dbe4b0c3cb8c5905d10bc22c03,2026-08-09T00:39:06-04:00,1,8,0.14285714285714285,,,False,False,0,1,0.0,431.09,,0.0023196870226720413,230706417.0,DaveSkender/Stock.Indicators,C#
src/Common/Pruning/PruningExtensions.cs,1,callable,ok,FacioQuo.Stock.Indicators.PruningExtensions.FindIndex,FacioQuo.Stock.Indicators.PruningExtensions.FindIndex,26994347706307dbe4b0c3cb8c5905d10bc22c03,2026-08-09T00:39:06-04:00,26994347706307dbe4b0c3cb8c5905d10bc22c03,2026-08-09T00:39:06-04:00,1,8,0.07142857142857142,,,False,False,0,1,0.0,431.09,,0.0023196870226720413,230706417.0,DaveSkender/Stock.Indicators,C#
src/Common/Pruning/PruningExtensions.cs,2,callable,ok,FacioQuo.Stock.Indicators.PruningExtensions.Remove,FacioQuo.Stock.Indicators.PruningExtensions.Remove,26994347706307dbe4b0c3cb8c5905d10bc22c03,2026-08-09T00:39:06-04:00,26994347706307dbe4b0c3cb8c5905d10bc22c03,2026-08-09T00:39:06-04:00,1,8,0.043478260869565216,,,False,False,0,1,0.0,431.09,,0.0023196870226720413,230706417.0,DaveSkender/Stock.Indicators,C#
src/Common/StreamHub/StreamHubUtilities.cs,0,class,ok,FacioQuo.Stock.Indicators.StreamHubUtilities,FacioQuo.Stock.Indicators.StreamHubUtilities,2bbb486c7f3eb550747d42bf0cfc6a602ce16772,2026-07-06T05:29:09-04:00,2bbb486c7f3eb550747d42bf0cfc6a602ce16772,2026-07-06T05:29:09-04:00,1,42,0.005405405405405406,,,False,False,0,1,0.0,397.29,,0.002517027296374458,230706417.0,DaveSkender/Stock.Indicators,C#
src/Common/StreamHub/StreamHubUtilities.cs,0,callable,ok,FacioQuo.Stock.Indicators.StreamHubUtilities.TryFindIndex,FacioQuo.Stock.Indicators.StreamHubUtilities.TryFindIndex,2bbb486c7f3eb550747d42bf0cfc6a602ce16772,2026-07-06T05:29:09-04:00,2bbb486c7f3eb550747d42bf0cfc6a602ce16772,2026-07-06T05:29:09-04:00,1,42,0.1111111111111111,,,False,False,0,1,0.0,397.29,,0.002517027296374458,230706417.0,DaveSkender/Stock.Indicators,C#
src/Common/StreamHub/StreamHubUtilities.cs,1,callable,ok,FacioQuo.Stock.Indicators.StreamHubUtilities.IndexOf,FacioQuo.Stock.Indicators.StreamHubUtilities.IndexOf,2bbb486c7f3eb550747d42bf0cfc6a602ce16772,2026-07-06T05:29:09-04:00,2bbb486c7f3eb550747d42bf0cfc6a602ce16772,2026-07-06T05:29:09-04:00,1,42,0.029411764705882353,,,False,False,0,1,0.0,397.29,,0.002517027296374458,230706417.0,DaveSkender/Stock.Indicators,C#
src/Common/StreamHub/StreamHubUtilities.cs,2,callable,ok,FacioQuo.Stock.Indicators.StreamHubUtilities.IndexGte,FacioQuo.Stock.Indicators.StreamHubUtilities.IndexGte,2bbb486c7f3eb550747d42bf0cfc6a602ce16772,2026-07-06T05:29:09-04:00,2bbb486c7f3eb550747d42bf0cfc6a602ce16772,2026-07-06T05:29:09-04:00,1,42,0.037037037037037035,,,False,False,0,1,0.0,397.29,,0.002517027296374458,230706417.0,DaveSkender/Stock.Indicators,C#
src/Indicators/a-b/Adl/AdlList.cs,0,class,ok,FacioQuo.Stock.Indicators.AdlList,FacioQuo.Stock.Indicators.AdlList,2bbb486c7f3eb550747d42bf0cfc6a602ce16772,2026-07-06T05:29:09-04:00,2bbb486c7f3eb550747d42bf0cfc6a602ce16772,2026-07-06T05:29:09-04:00,1,42,0.017857142857142856,,,False,False,0,1,0.0,397.29,,0.002517027296374458,230706417.0,DaveSkender/Stock.Indicators,C#
src/Indicators/a-b/Adl/AdlList.cs,1,class,ok,FacioQuo.Stock.Indicators.Adl,FacioQuo.Stock.Indicators.Adl,2bbb486c7f3eb550747d42bf0cfc6a602ce16772,2026-07-06T05:29:09-04:00,2bbb486c7f3eb550747d42bf0cfc6a602ce16772,2026-07-06T05:29:09-04:00,1,42,0.1,,,False,False,0,1,0.0,397.29,,0.002517027296374458,230706417.0,DaveSkender/Stock.Indicators,C#
src/Indicators/a-b/Adl/AdlList.cs,0,callable,ok,FacioQuo.Stock.Indicators.AdlList.AdlList,FacioQuo.Stock.Indicators.AdlList.AdlList,2bbb486c7f3eb550747d42bf0cfc6a602ce16772,2026-07-06T05:29:09-04:00,2bbb486c7f3eb550747d42bf0cfc6a602ce16772,2026-07-06T05:29:09-04:00,1,42,0.5,,,False,False,0,1,0.0,397.29,,0.002517027296374458,230706417.0,DaveSkender/Stock.Indicators,C#
src/Indicators/a-b/Adl/AdlList.cs,1,callable,ok,FacioQuo.Stock.Indicators.AdlList.Add,FacioQuo.Stock.Indicators.AdlList.Add,2bbb486c7f3eb550747d42bf0cfc6a602ce16772,2026-07-06T05:29:09-04:00,2bbb486c7f3eb550747d42bf0cfc6a602ce16772,2026-07-06T05:29:09-04:00,1,42,0.1111111111111111,,,False,False,0,1,0.0,397.29,,0.002517027296374458,230706417.0,DaveSkender/Stock.Indicators,C#
src/Indicators/a-b/Adl/AdlList.cs,2,callable,ok,FacioQuo.Stock.Indicators.AdlList.Clear,FacioQuo.Stock.Indicators.AdlList.Clear,2bbb486c7f3eb550747d42bf0cfc6a602ce16772,2026-07-06T05:29:09-04:00,2bbb486c7f3eb550747d42bf0cfc6a602ce16772,2026-07-06T05:29:09-04:00,1,42,0.2,,,False,False,0,1,0.0,397.29,,0.002517027296374458,230706417.0,DaveSkender/Stock.Indicators,C#
src/Indicators/a-b/Adl/AdlList.cs,3,callable,ok,FacioQuo.Stock.Indicators.Adl.ToAdlList,FacioQuo.Stock.Indicators.Adl.ToAdlList,2bbb486c7f3eb550747d42bf0cfc6a602ce16772,2026-07-06T05:29:09-04:00,2bbb486c7f3eb550747d42bf0cfc6a602ce16772,2026-07-06T05:29:09-04:00,1,42,0.3333333333333333,,,False,False,0,1,0.0,397.29,,0.002517027296374458,230706417.0,DaveSkender/Stock.Indicators,C#
src/Indicators/a-b/Alma/Alma.Catalog.cs,0,class,ok,FacioQuo.Stock.Indicators.Alma,FacioQuo.Stock.Indicators.Alma,2bbb486c7f3eb550747d42bf0cfc6a602ce16772,2026-07-06T05:29:09-04:00,2bbb486c7f3eb550747d42bf0cfc6a602ce16772,2026-07-06T05:29:09-04:00,1,42,0.023255813953488372,,,False,False,0,1,0.0,397.29,,0.002517027296374458,230706417.0,DaveSkender/Stock.Indicators,C#
src/Indicators/a-b/Awesome/Awesome.Catalog.cs,0,class,ok,FacioQuo.Stock.Indicators.Awesome,FacioQuo.Stock.Indicators.Awesome,2bbb486c7f3eb550747d42bf0cfc6a602ce16772,2026-07-06T05:29:09-04:00,2bbb486c7f3eb550747d42bf0cfc6a602ce16772,2026-07-06T05:29:09-04:00,1,42,0.023255813953488372,,,False,False,0,1,0.0,397.29,,0.002517027296374458,230706417.0,DaveSkender/Stock.Indicators,C#
src/Indicators/a-b/Bop/Bop.Catalog.cs,0,class,ok,FacioQuo.Stock.Indicators.Bop,FacioQuo.Stock.Indicators.Bop,2bbb486c7f3eb550747d42bf0cfc6a602ce16772,2026-07-06T05:29:09-04:00,2bbb486c7f3eb550747d42bf0cfc6a602ce16772,2026-07-06T05:29:09-04:00,1,42,0.024390243902439025,,,False,False,0,1,0.0,397.29,,0.002517027296374458,230706417.0,DaveSkender/Stock.Indicators,C#
src/Indicators/c-d/ChaikinOsc/ChaikinOscList.cs,0,class,ok,FacioQuo.Stock.Indicators.ChaikinOscList,FacioQuo.Stock.Indicators.ChaikinOscList,2bbb486c7f3eb550747d42bf0cfc6a602ce16772,2026-07-06T05:29:09-04:00,2bbb486c7f3eb550747d42bf0cfc6a602ce16772,2026-07-06T05:29:09-04:00,1,42,0.01098901098901099,,,False,False,0,1,0.0,397.29,,0.002517027296374458,230706417.0,DaveSkender/Stock.Indicators,C#
src/Indicators/c-d/ChaikinOsc/ChaikinOscList.cs,1,class,ok,FacioQuo.Stock.Indicators.ChaikinOsc,FacioQuo.Stock.Indicators.ChaikinOsc,2bbb486c7f3eb550747d42bf0cfc6a602ce16772,2026-07-06T05:29:09-04:00,2bbb486c7f3eb550747d42bf0cfc6a602ce16772,2026-07-06T05:29:09-04:00,1,42,0.07142857142857142,,,False,False,0,1,0.0,397.29,,0.002517027296374458,230706417.0,DaveSkender/Stock.Indicators,C#
src/Indicators/c-d/ChaikinOsc/ChaikinOscList.cs,0,callable,ok,FacioQuo.Stock.Indicators.ChaikinOscList.ChaikinOscList,FacioQuo.Stock.Indicators.ChaikinOscList.ChaikinOscList,2bbb486c7f3eb550747d42bf0cfc6a602ce16772,2026-07-06T05:29:09-04:00,2bbb486c7f3eb550747d42bf0cfc6a602ce16772,2026-07-06T05:29:09-04:00,1,42,0.5,,,False,False,0,1,0.0,397.29,,0.002517027296374458,230706417.0,DaveSkender/Stock.Indicators,C#
src/Indicators/c-d/ChaikinOsc/ChaikinOscList.cs,1,callable,ok,FacioQuo.Stock.Indicators.ChaikinOscList.Add,FacioQuo.Stock.Indicators.ChaikinOscList.Add,2bbb486c7f3eb550747d42bf0cfc6a602ce16772,2026-07-06T05:29:09-04:00,2bbb486c7f3eb550747d42bf0cfc6a602ce16772,2026-07-06T05:29:09-04:00,1,42,0.1111111111111111,,,False,False,0,1,0.0,397.29,,0.002517027296374458,230706417.0,DaveSkender/Stock.Indicators,C#
src/Indicators/c-d/ChaikinOsc/ChaikinOscList.cs,2,callable,ok,FacioQuo.Stock.Indicators.ChaikinOscList.Clear,FacioQuo.Stock.Indicators.ChaikinOscList.Clear,2bbb486c7f3eb550747d42bf0cfc6a602ce16772,2026-07-06T05:29:09-04:00,2bbb486c7f3eb550747d42bf0cfc6a602ce16772,2026-07-06T05:29:09-04:00,1,42,0.14285714285714285,,,False,False,0,1,0.0,397.29,,0.002517027296374458,230706417.0,DaveSkender/Stock.Indicators,C#
src/Indicators/c-d/ChaikinOsc/ChaikinOscList.cs,3,callable,ok,FacioQuo.Stock.Indicators.ChaikinOsc.ToChaikinOscList,FacioQuo.Stock.Indicators.ChaikinOsc.ToChaikinOscList,2bbb486c7f3eb550747d42bf0cfc6a602ce16772,2026-07-06T05:29:09-04:00,2bbb486c7f3eb550747d42bf0cfc6a602ce16772,2026-07-06T05:29:09-04:00,1,42,0.2,,,False,False,0,1,0.0,397.29,,0.002517027296374458,230706417.0,DaveSkender/Stock.Indicators,C#
src/Indicators/c-d/Chandelier/Chandelier.Catalog.cs,0,class,ok,FacioQuo.Stock.Indicators.Chandelier,FacioQuo.Stock.Indicators.Chandelier,2bbb486c7f3eb550747d42bf0cfc6a602ce16772,2026-07-06T05:29:09-04:00,2bbb486c7f3eb550747d42bf0cfc6a602ce16772,2026-07-06T05:29:09-04:00,1,42,0.023255813953488372,,,False,False,0,1,0.0,397.29,,0.002517027296374458,230706417.0,DaveSkender/Stock.Indicators,C#
src/Indicators/c-d/Dema/Dema.Catalog.cs,0,class,ok,FacioQuo.Stock.Indicators.Dema,FacioQuo.Stock.Indicators.Dema,2bbb486c7f3eb550747d42bf0cfc6a602ce16772,2026-07-06T05:29:09-04:00,2bbb486c7f3eb550747d42bf0cfc6a602ce16772,2026-07-06T05:29:09-04:00,1,42,0.024390243902439025,,,False,False,0,1,0.0,397.29,,0.002517027296374458,230706417.0,DaveSkender/Stock.Indicators,C#
src/Indicators/c-d/Doji/Doji.Series.cs,0,class,ok,FacioQuo.Stock.Indicators.Doji,FacioQuo.Stock.Indicators.Doji,2bbb486c7f3eb550747d42bf0cfc6a602ce16772,2026-07-06T05:29:09-04:00,2bbb486c7f3eb550747d42bf0cfc6a602ce16772,2026-07-06T05:29:09-04:00,1,42,0.018867924528301886,,,False,False,0,1,0.0,397.29,,0.002517027296374458,230706417.0,DaveSkender/Stock.Indicators,C#
src/Indicators/c-d/Doji/Doji.Series.cs,0,callable,ok,FacioQuo.Stock.Indicators.Doji.ToDoji,FacioQuo.Stock.Indicators.Doji.ToDoji,2bbb486c7f3eb550747d42bf0cfc6a602ce16772,2026-07-06T05:29:09-04:00,2bbb486c7f3eb550747d42bf0cfc6a602ce16772,2026-07-06T05:29:09-04:00,1,42,0.02631578947368421,,,False,False,0,1,0.0,397.29,,0.002517027296374458,230706417.0,DaveSkender/Stock.Indicators,C#
src/Indicators/c-d/Doji/Doji.Utilities.cs,0,class,ok,FacioQuo.Stock.Indicators.Doji,FacioQuo.Stock.Indicators.Doji,2bbb486c7f3eb550747d42bf0cfc6a602ce16772,2026-07-06T05:29:09-04:00,2bbb486c7f3eb550747d42bf0cfc6a602ce16772,2026-07-06T05:29:09-04:00,1,42,0.05,,,False,False,0,1,0.0,397.29,,0.002517027296374458,230706417.0,DaveSkender/Stock.Indicators,C#
src/Indicators/c-d/Doji/Doji.Utilities.cs,0,callable,ok,FacioQuo.Stock.Indicators.Doji.Validate,FacioQuo.Stock.Indicators.Doji.Validate,2bbb486c7f3eb550747d42bf0cfc6a602ce16772,2026-07-06T05:29:09-04:00,2bbb486c7f3eb550747d42bf0cfc6a602ce16772,2026-07-06T05:29:09-04:00,1,42,0.1,,,False,False,0,1,0.0,397.29,,0.002517027296374458,230706417.0,DaveSkender/Stock.Indicators,C#
src/Indicators/c-d/Dynamic/MgDynamic.Catalog.cs,0,class,ok,FacioQuo.Stock.Indicators.MgDynamic,FacioQuo.Stock.Indicators.MgDynamic,2bbb486c7f3eb550747d42bf0cfc6a602ce16772,2026-07-06T05:29:09-04:00,2bbb486c7f3eb550747d42bf0cfc6a602ce16772,2026-07-06T05:29:09-04:00,1,42,0.023809523809523808,,,False,False,0,1,0.0,397.29,,0.002517027296374458,230706417.0,DaveSkender/Stock.Indicators,C#
src/Indicators/e-j/Epma/EpmaList.cs,0,class,ok,FacioQuo.Stock.Indicators.EpmaList,FacioQuo.Stock.Indicators.EpmaList,2bbb486c7f3eb550747d42bf0cfc6a602ce16772,2026-07-06T05:29:09-04:00,2bbb486c7f3eb550747d42bf0cfc6a602ce16772,2026-07-06T05:29:09-04:00,1,42,0.009009009009009009,,,False,False,0,1,0.0,397.29,,0.002517027296374458,230706417.0,DaveSkender/Stock.Indicators,C#
src/Indicators/e-j/Epma/EpmaList.cs,1,class,ok,FacioQuo.Stock.Indicators.Epma,FacioQuo.Stock.Indicators.Epma,2bbb486c7f3eb550747d42bf0cfc6a602ce16772,2026-07-06T05:29:09-04:00,2bbb486c7f3eb550747d42bf0cfc6a602ce16772,2026-07-06T05:29:09-04:00,1,42,0.08333333333333333,,,False,False,0,1,0.0,397.29,,0.002517027296374458,230706417.0,DaveSkender/Stock.Indicators,C#
src/Indicators/e-j/Epma/EpmaList.cs,0,callable,ok,FacioQuo.Stock.Indicators.EpmaList.EpmaList,FacioQuo.Stock.Indicators.EpmaList.EpmaList,2bbb486c7f3eb550747d42bf0cfc6a602ce16772,2026-07-06T05:29:09-04:00,2bbb486c7f3eb550747d42bf0cfc6a602ce16772,2026-07-06T05:29:09-04:00,1,42,0.5,,,False,False,0,1,0.0,397.29,,0.002517027296374458,230706417.0,DaveSkender/Stock.Indicators,C#
src/Indicators/e-j/Epma/EpmaList.cs,1,callable,ok,FacioQuo.Stock.Indicators.EpmaList.Add,FacioQuo.Stock.Indicators.EpmaList.Add,2bbb486c7f3eb550747d42bf0cfc6a602ce16772,2026-07-06T05:29:09-04:00,2bbb486c7f3eb550747d42bf0cfc6a602ce16772,2026-07-06T05:29:09-04:00,1,42,0.1111111111111111,,,False,False,0,1,0.0,397.29,,0.002517027296374458,230706417.0,DaveSkender/Stock.Indicators,C#
src/Indicators/e-j/Epma/EpmaList.cs,2,callable,ok,FacioQuo.Stock.Indicators.EpmaList.Clear,FacioQuo.Stock.Indicators.EpmaList.Clear,2bbb486c7f3eb550747d42bf0cfc6a602ce16772,2026-07-06T05:29:09-04:00,2bbb486c7f3eb550747d42bf0cfc6a602ce16772,2026-07-06T05:29:09-04:00,1,42,0.14285714285714285,,,False,False,0,1,0.0,397.29,,0.002517027296374458,230706417.0,DaveSkender/Stock.Indicators,C#
src/Indicators/e-j/Epma/EpmaList.cs,3,callable,ok,FacioQuo.Stock.Indicators.EpmaList.PruneCache,FacioQuo.Stock.Indicators.EpmaList.PruneCache,2bbb486c7f3eb550747d42bf0cfc6a602ce16772,2026-07-06T05:29:09-04:00,2bbb486c7f3eb550747d42bf0cfc6a602ce16772,2026-07-06T05:29:09-04:00,1,42,0.058823529411764705,,,False,False,0,1,0.0,397.29,,0.002517027296374458,230706417.0,DaveSkender/Stock.Indicators,C#
src/Indicators/e-j/Epma/EpmaList.cs,4,callable,ok,FacioQuo.Stock.Indicators.Epma.ToEpmaList,FacioQuo.Stock.Indicators.Epma.ToEpmaList,2bbb486c7f3eb550747d42bf0cfc6a602ce16772,2026-07-06T05:29:09-04:00,2bbb486c7f3eb550747d42bf0cfc6a602ce16772,2026-07-06T05:29:09-04:00,1,42,0.25,,,False,False,0,1,0.0,397.29,,0.002517027296374458,230706417.0,DaveSkender/Stock.Indicators,C#
src/Indicators/e-j/Fcb/Fcb.Series.cs,0,class,ok,FacioQuo.Stock.Indicators.Fcb,FacioQuo.Stock.Indicators.Fcb,2bbb486c7f3eb550747d42bf0cfc6a602ce16772,2026-07-06T05:29:09-04:00,2bbb486c7f3eb550747d42bf0cfc6a602ce16772,2026-07-06T05:29:09-04:00,1,42,0.02,,,False,False,0,1,0.0,397.29,,0.002517027296374458,230706417.0,DaveSkender/Stock.Indicators,C#
src/Indicators/e-j/Fcb/Fcb.Series.cs,0,callable,ok,FacioQuo.Stock.Indicators.Fcb.ToFcb,FacioQuo.Stock.Indicators.Fcb.ToFcb,2bbb486c7f3eb550747d42bf0cfc6a602ce16772,2026-07-06T05:29:09-04:00,2bbb486c7f3eb550747d42bf0cfc6a602ce16772,2026-07-06T05:29:09-04:00,1,42,0.02564102564102564,,,False,False,0,1,0.0,397.29,,0.002517027296374458,230706417.0,DaveSkender/Stock.Indicators,C#
src/Indicators/e-j/FisherTransform/FisherTransform.Catalog.cs,0,class,ok,FacioQuo.Stock.Indicators.FisherTransform,FacioQuo.Stock.Indicators.FisherTransform,2bbb486c7f3eb550747d42bf0cfc6a602ce16772,2026-07-06T05:29:09-04:00,2bbb486c7f3eb550747d42bf0cfc6a602ce16772,2026-07-06T05:29:09-04:00,1,42,0.023809523809523808,,,False,False,0,1,0.0,397.29,,0.002517027296374458,230706417.0,DaveSkender/Stock.Indicators,C#
src/Indicators/e-j/Fractal/Fractal.Series.cs,0,class,ok,FacioQuo.Stock.Indicators.Fractal,FacioQuo.Stock.Indicators.Fractal,2bbb486c7f3eb550747d42bf0cfc6a602ce16772,2026-07-06T05:29:09-04:00,2bbb486c7f3eb550747d42bf0cfc6a602ce16772,2026-07-06T05:29:09-04:00,1,42,0.009009009009009009,,,False,False,0,1,0.0,397.29,,0.002517027296374458,230706417.0,DaveSkender/Stock.Indicators,C#
src/Indicators/e-j/Fractal/Fractal.Series.cs,0,callable,ok,FacioQuo.Stock.Indicators.Fractal.ToFractal,FacioQuo.Stock.Indicators.Fractal.ToFractal,2bbb486c7f3eb550747d42bf0cfc6a602ce16772,2026-07-06T05:29:09-04:00,2bbb486c7f3eb550747d42bf0cfc6a602ce16772,2026-07-06T05:29:09-04:00,1,42,0.012195121951219513,,,False,False,0,1,0.0,397.29,,0.002517027296374458,230706417.0,DaveSkender/Stock.Indicators,C#
src/Indicators/e-j/Hma/Hma.Catalog.cs,0,class,ok,FacioQuo.Stock.Indicators.Hma,FacioQuo.Stock.Indicators.Hma,2bbb486c7f3eb550747d42bf0cfc6a602ce16772,2026-07-06T05:29:09-04:00,2bbb486c7f3eb550747d42bf0cfc6a602ce16772,2026-07-06T05:29:09-04:00,1,42,0.024390243902439025,,,False,False,0,1,0.0,397.29,,0.002517027296374458,230706417.0,DaveSkender/Stock.Indicators,C#
src/Indicators/k-q/Macd/Macd.Catalog.cs,0,class,ok,FacioQuo.Stock.Indicators.Macd,FacioQuo.Stock.Indicators.Macd,2bbb486c7f3eb550747d42bf0cfc6a602ce16772,2026-07-06T05:29:09-04:00,2bbb486c7f3eb550747d42bf0cfc6a602ce16772,2026-07-06T05:29:09-04:00,1,42,0.022222222222222223,,,False,False,0,1,0.0,397.29,,0.002517027296374458,230706417.0,DaveSkender/Stock.Indicators,C#
src/Indicators/k-q/Mama/MamaHub.cs,0,class,ok,FacioQuo.Stock.Indicators.MamaHub,FacioQuo.Stock.Indicators.MamaHub,2bbb486c7f3eb550747d42bf0cfc6a602ce16772,2026-07-06T05:29:09-04:00,2bbb486c7f3eb550747d42bf0cfc6a602ce16772,2026-07-06T05:29:09-04:00,1,42,0.00392156862745098,,,False,False,0,1,0.0,397.29,,0.002517027296374458,230706417.0,DaveSkender/Stock.Indicators,C#
src/Indicators/k-q/Mama/MamaHub.cs,1,class,ok,FacioQuo.Stock.Indicators.Mama,FacioQuo.Stock.Indicators.Mama,2bbb486c7f3eb550747d42bf0cfc6a602ce16772,2026-07-06T05:29:09-04:00,2bbb486c7f3eb550747d42bf0cfc6a602ce16772,2026-07-06T05:29:09-04:00,1,42,0.058823529411764705,,,False,False,0,1,0.0,397.29,,0.002517027296374458,230706417.0,DaveSkender/Stock.Indicators,C#
src/Indicators/k-q/Mama/MamaHub.cs,0,callable,ok,FacioQuo.Stock.Indicators.MamaHub.MamaHub,FacioQuo.Stock.Indicators.MamaHub.MamaHub,2bbb486c7f3eb550747d42bf0cfc6a602ce16772,2026-07-06T05:29:09-04:00,2bbb486c7f3eb550747d42bf0cfc6a602ce16772,2026-07-06T05:29:09-04:00,1,42,0.06666666666666667,,,False,False,0,1,0.0,397.29,,0.002517027296374458,230706417.0,DaveSkender/Stock.Indicators,C#
src/Indicators/k-q/Mama/MamaHub.cs,1,callable,ok,FacioQuo.Stock.Indicators.MamaHub.ToIndicator,FacioQuo.Stock.Indicators.MamaHub.ToIndicator,2bbb486c7f3eb550747d42bf0cfc6a602ce16772,2026-07-06T05:29:09-04:00,2bbb486c7f3eb550747d42bf0cfc6a602ce16772,2026-07-06T05:29:09-04:00,1,42,0.006711409395973154,,,False,False,0,1,0.0,397.29,,0.002517027296374458,230706417.0,DaveSkender/Stock.Indicators,C#
src/Indicators/k-q/Mama/MamaHub.cs,2,callable,ok,FacioQuo.Stock.Indicators.MamaHub.RollbackState,FacioQuo.Stock.Indicators.MamaHub.RollbackState,2bbb486c7f3eb550747d42bf0cfc6a602ce16772,2026-07-06T05:29:09-04:00,2bbb486c7f3eb550747d42bf0cfc6a602ce16772,2026-07-06T05:29:09-04:00,1,42,0.02857142857142857,,,False,False,0,1,0.0,397.29,,0.002517027296374458,230706417.0,DaveSkender/Stock.Indicators,C#
src/Indicators/k-q/Mama/MamaHub.cs,3,callable,ok,FacioQuo.Stock.Indicators.MamaHub.PruneState,FacioQuo.Stock.Indicators.MamaHub.PruneState,2bbb486c7f3eb550747d42bf0cfc6a602ce16772,2026-07-06T05:29:09-04:00,2bbb486c7f3eb550747d42bf0cfc6a602ce16772,2026-07-06T05:29:09-04:00,1,42,0.045454545454545456,,,False,False,0,1,0.0,397.29,,0.002517027296374458,230706417.0,DaveSkender/Stock.Indicators,C#
src/Indicators/k-q/Mama/MamaHub.cs,4,callable,ok,FacioQuo.Stock.Indicators.Mama.ToMamaHub,FacioQuo.Stock.Indicators.Mama.ToMamaHub,2bbb486c7f3eb550747d42bf0cfc6a602ce16772,2026-07-06T05:29:09-04:00,2bbb486c7f3eb550747d42bf0cfc6a602ce16772,2026-07-06T05:29:09-04:00,1,42,0.2,,,False,False,0,1,0.0,397.29,,0.002517027296374458,230706417.0,DaveSkender/Stock.Indicators,C#
src/Indicators/k-q/Marubozu/Marubozu.Catalog.cs,0,class,ok,FacioQuo.Stock.Indicators.Marubozu,FacioQuo.Stock.Indicators.Marubozu,2bbb486c7f3eb550747d42bf0cfc6a602ce16772,2026-07-06T05:29:09-04:00,2bbb486c7f3eb550747d42bf0cfc6a602ce16772,2026-07-06T05:29:09-04:00,1,42,0.024390243902439025,,,False,False,0,1,0.0,397.29,,0.002517027296374458,230706417.0,DaveSkender/Stock.Indicators,C#
src/Indicators/k-q/Mfi/Mfi.Series.cs,0,class,ok,FacioQuo.Stock.Indicators.Mfi,FacioQuo.Stock.Indicators.Mfi,2bbb486c7f3eb550747d42bf0cfc6a602ce16772,2026-07-06T05:29:09-04:00,2bbb486c7f3eb550747d42bf0cfc6a602ce16772,2026-07-06T05:29:09-04:00,1,42,0.008928571428571428,,,False,False,0,1,0.0,397.29,,0.002517027296374458,230706417.0,DaveSkender/Stock.Indicators,C#
src/Indicators/k-q/Mfi/Mfi.Series.cs,0,callable,ok,FacioQuo.Stock.Indicators.Mfi.ToMfi,FacioQuo.Stock.Indicators.Mfi.ToMfi,2bbb486c7f3eb550747d42bf0cfc6a602ce16772,2026-07-06T05:29:09-04:00,2bbb486c7f3eb550747d42bf0cfc6a602ce16772,2026-07-06T05:29:09-04:00,1,42,0.16666666666666666,,,False,False,0,1,0.0,397.29,,0.002517027296374458,230706417.0,DaveSkender/Stock.Indicators,C#
src/Indicators/k-q/Mfi/Mfi.Series.cs,1,callable,ok,FacioQuo.Stock.Indicators.Mfi.CalcMfi,FacioQuo.Stock.Indicators.Mfi.CalcMfi,2bbb486c7f3eb550747d42bf0cfc6a602ce16772,2026-07-06T05:29:09-04:00,2bbb486c7f3eb550747d42bf0cfc6a602ce16772,2026-07-06T05:29:09-04:00,1,42,0.011363636363636364,,,False,False,0,1,0.0,397.29,,0.002517027296374458,230706417.0,DaveSkender/Stock.Indicators,C#
src/Indicators/k-q/Obv/Obv.Series.cs,0,class,ok,FacioQuo.Stock.Indicators.Obv,FacioQuo.Stock.Indicators.Obv,2bbb486c7f3eb550747d42bf0cfc6a602ce16772,2026-07-06T05:29:09-04:00,2bbb486c7f3eb550747d42bf0cfc6a602ce16772,2026-07-06T05:29:09-04:00,1,42,0.021739130434782608,,,False,False,0,1,0.0,397.29,,0.002517027296374458,230706417.0,DaveSkender/Stock.Indicators,C#
src/Indicators/k-q/Obv/Obv.Series.cs,0,callable,ok,FacioQuo.Stock.Indicators.Obv.ToObv,FacioQuo.Stock.Indicators.Obv.ToObv,2bbb486c7f3eb550747d42bf0cfc6a602ce16772,2026-07-06T05:29:09-04:00,2bbb486c7f3eb550747d42bf0cfc6a602ce16772,2026-07-06T05:29:09-04:00,1,42,0.2,,,False,False,0,1,0.0,397.29,,0.002517027296374458,230706417.0,DaveSkender/Stock.Indicators,C#
src/Indicators/k-q/Obv/Obv.Series.cs,1,callable,ok,FacioQuo.Stock.Indicators.Obv.CalcObv,FacioQuo.Stock.Indicators.Obv.CalcObv,2bbb486c7f3eb550747d42bf0cfc6a602ce16772,2026-07-06T05:29:09-04:00,2bbb486c7f3eb550747d42bf0cfc6a602ce16772,2026-07-06T05:29:09-04:00,1,42,0.037037037037037035,,,False,False,0,1,0.0,397.29,,0.002517027296374458,230706417.0,DaveSkender/Stock.Indicators,C#
src/Indicators/k-q/ParabolicSar/ParabolicSarHub.cs,0,class,ok,FacioQuo.Stock.Indicators.ParabolicSarHub,FacioQuo.Stock.Indicators.ParabolicSarHub,2bbb486c7f3eb550747d42bf0cfc6a602ce16772,2026-07-06T05:29:09-04:00,2bbb486c7f3eb550747d42bf0cfc6a602ce16772,2026-07-06T05:29:09-04:00,1,42,0.0027247956403269754,,,False,False,0,1,0.0,397.29,,0.002517027296374458,230706417.0,DaveSkender/Stock.Indicators,C#
src/Indicators/k-q/ParabolicSar/ParabolicSarHub.cs,1,class,ok,FacioQuo.Stock.Indicators.ParabolicSar,FacioQuo.Stock.Indicators.ParabolicSar,2bbb486c7f3eb550747d42bf0cfc6a602ce16772,2026-07-06T05:29:09-04:00,2bbb486c7f3eb550747d42bf0cfc6a602ce16772,2026-07-06T05:29:09-04:00,1,42,0.03333333333333333,,,False,False,0,1,0.0,397.29,,0.002517027296374458,230706417.0,DaveSkender/Stock.Indicators,C#
src/Indicators/k-q/ParabolicSar/ParabolicSarHub.cs,0,callable,ok,FacioQuo.Stock.Indicators.ParabolicSarHub.ParabolicSarHub,FacioQuo.Stock.Indicators.ParabolicSarHub.ParabolicSarHub,2bbb486c7f3eb550747d42bf0cfc6a602ce16772,2026-07-06T05:29:09-04:00,2bbb486c7f3eb550747d42bf0cfc6a602ce16772,2026-07-06T05:29:09-04:00,1,42,0.045454545454545456,,,False,False,0,1,0.0,397.29,,0.002517027296374458,230706417.0,DaveSkender/Stock.Indicators,C#
src/Indicators/k-q/ParabolicSar/ParabolicSarHub.cs,1,callable,ok,FacioQuo.Stock.Indicators.ParabolicSarHub.ToIndicator,FacioQuo.Stock.Indicators.ParabolicSarHub.ToIndicator,2bbb486c7f3eb550747d42bf0cfc6a602ce16772,2026-07-06T05:29:09-04:00,2bbb486c7f3eb550747d42bf0cfc6a602ce16772,2026-07-06T05:29:09-04:00,1,42,0.006666666666666667,,,False,False,0,1,0.0,397.29,,0.002517027296374458,230706417.0,DaveSkender/Stock.Indicators,C#
src/Indicators/k-q/ParabolicSar/ParabolicSarHub.cs,2,callable,ok,FacioQuo.Stock.Indicators.ParabolicSarHub.PeekLastTwo,FacioQuo.Stock.Indicators.ParabolicSarHub.PeekLastTwo,2bbb486c7f3eb550747d42bf0cfc6a602ce16772,2026-07-06T05:29:09-04:00,2bbb486c7f3eb550747d42bf0cfc6a602ce16772,2026-07-06T05:29:09-04:00,1,42,0.125,,,False,False,0,1,0.0,397.29,,0.002517027296374458,230706417.0,DaveSkender/Stock.Indicators,C#
src/Indicators/k-q/ParabolicSar/ParabolicSarHub.cs,3,callable,ok,FacioQuo.Stock.Indicators.ParabolicSarHub.RollbackState,FacioQuo.Stock.Indicators.ParabolicSarHub.RollbackState,2bbb486c7f3eb550747d42bf0cfc6a602ce16772,2026-07-06T05:29:09-04:00,2bbb486c7f3eb550747d42bf0cfc6a602ce16772,2026-07-06T05:29:09-04:00,1,42,0.0072992700729927005,,,False,False,0,1,0.0,397.29,,0.002517027296374458,230706417.0,DaveSkender/Stock.Indicators,C#
src/Indicators/k-q/ParabolicSar/ParabolicSarHub.cs,4,callable,ok,FacioQuo.Stock.Indicators.ParabolicSar.ToParabolicSarHub,FacioQuo.Stock.Indicators.ParabolicSar.ToParabolicSarHub,2bbb486c7f3eb550747d42bf0cfc6a602ce16772,2026-07-06T05:29:09-04:00,2bbb486c7f3eb550747d42bf0cfc6a602ce16772,2026-07-06T05:29:09-04:00,1,42,0.16666666666666666,,,False,False,0,1,0.0,397.29,,0.002517027296374458,230706417.0,DaveSkender/Stock.Indicators,C#
src/Indicators/k-q/PivotPoints/PivotPoints.Series.cs,0,class,ok,FacioQuo.Stock.Indicators.PivotPoints,FacioQuo.Stock.Indicators.PivotPoints,2bbb486c7f3eb550747d42bf0cfc6a602ce16772,2026-07-06T05:29:09-04:00,2bbb486c7f3eb550747d42bf0cfc6a602ce16772,2026-07-06T05:29:09-04:00,1,42,0.0037174721189591076,,,False,False,0,1,0.0,397.29,,0.002517027296374458,230706417.0,DaveSkender/Stock.Indicators,C#
src/Indicators/k-q/PivotPoints/PivotPoints.Series.cs,0,callable,ok,FacioQuo.Stock.Indicators.PivotPoints.ToPivotPoints,FacioQuo.Stock.Indicators.PivotPoints.ToPivotPoints,2bbb486c7f3eb550747d42bf0cfc6a602ce16772,2026-07-06T05:29:09-04:00,2bbb486c7f3eb550747d42bf0cfc6a602ce16772,2026-07-06T05:29:09-04:00,1,42,0.010752688172043012,,,False,False,0,1,0.0,397.29,,0.002517027296374458,230706417.0,DaveSkender/Stock.Indicators,C#
src/Indicators/k-q/PivotPoints/PivotPoints.Series.cs,1,callable,ok,FacioQuo.Stock.Indicators.PivotPoints.GetPivotPoint,FacioQuo.Stock.Indicators.PivotPoints.GetPivotPoint,2bbb486c7f3eb550747d42bf0cfc6a602ce16772,2026-07-06T05:29:09-04:00,2bbb486c7f3eb550747d42bf0cfc6a602ce16772,2026-07-06T05:29:09-04:00,1,42,0.07692307692307693,,,False,False,0,1,0.0,397.29,,0.002517027296374458,230706417.0,DaveSkender/Stock.Indicators,C#
src/Indicators/k-q/PivotPoints/PivotPoints.Series.cs,2,callable,ok,FacioQuo.Stock.Indicators.PivotPoints.GetWindowNumber,FacioQuo.Stock.Indicators.PivotPoints.GetWindowNumber,2bbb486c7f3eb550747d42bf0cfc6a602ce16772,2026-07-06T05:29:09-04:00,2bbb486c7f3eb550747d42bf0cfc6a602ce16772,2026-07-06T05:29:09-04:00,1,42,0.05,,,False,False,0,1,0.0,397.29,,0.002517027296374458,230706417.0,DaveSkender/Stock.Indicators,C#
src/Indicators/k-q/PivotPoints/PivotPoints.Series.cs,3,callable,ok,FacioQuo.Stock.Indicators.PivotPoints.GetPivotPointStandard,FacioQuo.Stock.Indicators.PivotPoints.GetPivotPointStandard,2bbb486c7f3eb550747d42bf0cfc6a602ce16772,2026-07-06T05:29:09-04:00,2bbb486c7f3eb550747d42bf0cfc6a602ce16772,2026-07-06T05:29:09-04:00,1,42,0.06666666666666667,,,False,False,0,1,0.0,397.29,,0.002517027296374458,230706417.0,DaveSkender/Stock.Indicators,C#
src/Indicators/k-q/PivotPoints/PivotPoints.Series.cs,4,callable,ok,FacioQuo.Stock.Indicators.PivotPoints.GetPivotPointCamarilla,FacioQuo.Stock.Indicators.PivotPoints.GetPivotPointCamarilla,2bbb486c7f3eb550747d42bf0cfc6a602ce16772,2026-07-06T05:29:09-04:00,2bbb486c7f3eb550747d42bf0cfc6a602ce16772,2026-07-06T05:29:09-04:00,1,42,0.07692307692307693,,,False,False,0,1,0.0,397.29,,0.002517027296374458,230706417.0,DaveSkender/Stock.Indicators,C#
src/Indicators/k-q/PivotPoints/PivotPoints.Series.cs,5,callable,ok,FacioQuo.Stock.Indicators.PivotPoints.GetPivotPointDemark,FacioQuo.Stock.Indicators.PivotPoints.GetPivotPointDemark,2bbb486c7f3eb550747d42bf0cfc6a602ce16772,2026-07-06T05:29:09-04:00,2bbb486c7f3eb550747d42bf0cfc6a602ce16772,2026-07-06T05:29:09-04:00,1,42,0.06666666666666667,,,False,False,0,1,0.0,397.29,,0.002517027296374458,230706417.0,DaveSkender/Stock.Indicators,C#
src/Indicators/k-q/PivotPoints/PivotPoints.Series.cs,6,callable,ok,FacioQuo.Stock.Indicators.PivotPoints.GetPivotPointFibonacci,FacioQuo.Stock.Indicators.PivotPoints.GetPivotPointFibonacci,2bbb486c7f3eb550747d42bf0cfc6a602ce16772,2026-07-06T05:29:09-04:00,2bbb486c7f3eb550747d42bf0cfc6a602ce16772,2026-07-06T05:29:09-04:00,1,42,0.06666666666666667,,,False,False,0,1,0.0,397.29,,0.002517027296374458,230706417.0,DaveSkender/Stock.Indicators,C#
src/Indicators/k-q/PivotPoints/PivotPoints.Series.cs,7,callable,ok,FacioQuo.Stock.Indicators.PivotPoints.GetPivotPointWoodie,FacioQuo.Stock.Indicators.PivotPoints.GetPivotPointWoodie,2bbb486c7f3eb550747d42bf0cfc6a602ce16772,2026-07-06T05:29:09-04:00,2bbb486c7f3eb550747d42bf0cfc6a602ce16772,2026-07-06T05:29:09-04:00,1,42,0.06666666666666667,,,False,False,0,1,0.0,397.29,,0.002517027296374458,230706417.0,DaveSkender/Stock.Indicators,C#
src/Indicators/k-q/Pivots/PivotsList.cs,0,class,ok,FacioQuo.Stock.Indicators.PivotsList,FacioQuo.Stock.Indicators.PivotsList,2bbb486c7f3eb550747d42bf0cfc6a602ce16772,2026-07-06T05:29:09-04:00,2bbb486c7f3eb550747d42bf0cfc6a602ce16772,2026-07-06T05:29:09-04:00,1,42,0.002976190476190476,,,False,False,0,1,0.0,397.29,,0.002517027296374458,230706417.0,DaveSkender/Stock.Indicators,C#
src/Indicators/k-q/Pivots/PivotsList.cs,1,class,ok,FacioQuo.Stock.Indicators.Pivots,FacioQuo.Stock.Indicators.Pivots,2bbb486c7f3eb550747d42bf0cfc6a602ce16772,2026-07-06T05:29:09-04:00,2bbb486c7f3eb550747d42bf0cfc6a602ce16772,2026-07-06T05:29:09-04:00,1,42,0.05263157894736842,,,False,False,0,1,0.0,397.29,,0.002517027296374458,230706417.0,DaveSkender/Stock.Indicators,C#
src/Indicators/k-q/Pivots/PivotsList.cs,0,callable,ok,FacioQuo.Stock.Indicators.PivotsList.PivotsList,FacioQuo.Stock.Indicators.PivotsList.PivotsList,2bbb486c7f3eb550747d42bf0cfc6a602ce16772,2026-07-06T05:29:09-04:00,2bbb486c7f3eb550747d42bf0cfc6a602ce16772,2026-07-06T05:29:09-04:00,1,42,0.14285714285714285,,,False,False,0,1,0.0,397.29,,0.002517027296374458,230706417.0,DaveSkender/Stock.Indicators,C#
src/Indicators/k-q/Pivots/PivotsList.cs,1,callable,ok,FacioQuo.Stock.Indicators.PivotsList.Add,FacioQuo.Stock.Indicators.PivotsList.Add,2bbb486c7f3eb550747d42bf0cfc6a602ce16772,2026-07-06T05:29:09-04:00,2bbb486c7f3eb550747d42bf0cfc6a602ce16772,2026-07-06T05:29:09-04:00,1,42,0.1111111111111111,,,False,False,0,1,0.0,397.29,,0.002517027296374458,230706417.0,DaveSkender/Stock.Indicators,C#
src/Indicators/k-q/Pivots/PivotsList.cs,2,callable,ok,FacioQuo.Stock.Indicators.PivotsList.Clear,FacioQuo.Stock.Indicators.PivotsList.Clear,2bbb486c7f3eb550747d42bf0cfc6a602ce16772,2026-07-06T05:29:09-04:00,2bbb486c7f3eb550747d42bf0cfc6a602ce16772,2026-07-06T05:29:09-04:00,1,42,0.1111111111111111,,,False,False,0,1,0.0,397.29,,0.002517027296374458,230706417.0,DaveSkender/Stock.Indicators,C#
src/Indicators/k-q/Pivots/PivotsList.cs,3,callable,ok,FacioQuo.Stock.Indicators.PivotsList.PruneList,FacioQuo.Stock.Indicators.PivotsList.PruneList,2bbb486c7f3eb550747d42bf0cfc6a602ce16772,2026-07-06T05:29:09-04:00,2bbb486c7f3eb550747d42bf0cfc6a602ce16772,2026-07-06T05:29:09-04:00,1,42,0.02127659574468085,,,False,False,0,1,0.0,397.29,,0.002517027296374458,230706417.0,DaveSkender/Stock.Indicators,C#
src/Indicators/k-q/Pivots/PivotsList.cs,4,callable,ok,FacioQuo.Stock.Indicators.PivotsList.ComputeFractalAndUpdatePivots,FacioQuo.Stock.Indicators.PivotsList.ComputeFractalAndUpdatePivots,2bbb486c7f3eb550747d42bf0cfc6a602ce16772,2026-07-06T05:29:09-04:00,2bbb486c7f3eb550747d42bf0cfc6a602ce16772,2026-07-06T05:29:09-04:00,1,42,0.007575757575757576,,,False,False,0,1,0.0,397.29,,0.002517027296374458,230706417.0,DaveSkender/Stock.Indicators,C#
src/Indicators/k-q/Pivots/PivotsList.cs,5,callable,ok,FacioQuo.Stock.Indicators.Pivots.ToPivotsList,FacioQuo.Stock.Indicators.Pivots.ToPivotsList,2bbb486c7f3eb550747d42bf0cfc6a602ce16772,2026-07-06T05:29:09-04:00,2bbb486c7f3eb550747d42bf0cfc6a602ce16772,2026-07-06T05:29:09-04:00,1,42,0.14285714285714285,,,False,False,0,1,0.0,397.29,,0.002517027296374458,230706417.0,DaveSkender/Stock.Indicators,C#
src/Indicators/r-s/Renko/Renko.Series.cs,0,class,ok,FacioQuo.Stock.Indicators.Renko,FacioQuo.Stock.Indicators.Renko,2bbb486c7f3eb550747d42bf0cfc6a602ce16772,2026-07-06T05:29:09-04:00,2bbb486c7f3eb550747d42bf0cfc6a602ce16772,2026-07-06T05:29:09-04:00,1,42,0.010309278350515464,,,False,False,0,1,0.0,397.29,,0.002517027296374458,230706417.0,DaveSkender/Stock.Indicators,C#
src/Indicators/r-s/Renko/Renko.Series.cs,0,callable,ok,FacioQuo.Stock.Indicators.Renko.ToRenko,FacioQuo.Stock.Indicators.Renko.ToRenko,2bbb486c7f3eb550747d42bf0cfc6a602ce16772,2026-07-06T05:29:09-04:00,2bbb486c7f3eb550747d42bf0cfc6a602ce16772,2026-07-06T05:29:09-04:00,1,42,0.011627906976744186,,,False,False,0,1,0.0,397.29,,0.002517027296374458,230706417.0,DaveSkender/Stock.Indicators,C#
src/Indicators/r-s/Renko/RenkoList.cs,0,class,ok,FacioQuo.Stock.Indicators.RenkoList,FacioQuo.Stock.Indicators.RenkoList,2bbb486c7f3eb550747d42bf0cfc6a602ce16772,2026-07-06T05:29:09-04:00,2bbb486c7f3eb550747d42bf0cfc6a602ce16772,2026-07-06T05:29:09-04:00,1,42,0.006535947712418301,,,False,False,0,1,0.0,397.29,,0.002517027296374458,230706417.0,DaveSkender/Stock.Indicators,C#
src/Indicators/r-s/Renko/RenkoList.cs,1,class,ok,FacioQuo.Stock.Indicators.Renko,FacioQuo.Stock.Indicators.Renko,2bbb486c7f3eb550747d42bf0cfc6a602ce16772,2026-07-06T05:29:09-04:00,2bbb486c7f3eb550747d42bf0cfc6a602ce16772,2026-07-06T05:29:09-04:00,1,42,0.06666666666666667,,,False,False,0,1,0.0,397.29,,0.002517027296374458,230706417.0,DaveSkender/Stock.Indicators,C#
src/Indicators/r-s/Renko/RenkoList.cs,0,callable,ok,FacioQuo.Stock.Indicators.RenkoList.RenkoList,FacioQuo.Stock.Indicators.RenkoList.RenkoList,2bbb486c7f3eb550747d42bf0cfc6a602ce16772,2026-07-06T05:29:09-04:00,2bbb486c7f3eb550747d42bf0cfc6a602ce16772,2026-07-06T05:29:09-04:00,1,42,0.16666666666666666,,,False,False,0,1,0.0,397.29,,0.002517027296374458,230706417.0,DaveSkender/Stock.Indicators,C#
src/Indicators/r-s/Renko/RenkoList.cs,1,callable,ok,FacioQuo.Stock.Indicators.RenkoList.Add,FacioQuo.Stock.Indicators.RenkoList.Add,2bbb486c7f3eb550747d42bf0cfc6a602ce16772,2026-07-06T05:29:09-04:00,2bbb486c7f3eb550747d42bf0cfc6a602ce16772,2026-07-06T05:29:09-04:00,1,42,0.1111111111111111,,,False,False,0,1,0.0,397.29,,0.002517027296374458,230706417.0,DaveSkender/Stock.Indicators,C#
src/Indicators/r-s/Renko/RenkoList.cs,2,callable,ok,FacioQuo.Stock.Indicators.RenkoList.Clear,FacioQuo.Stock.Indicators.RenkoList.Clear,2bbb486c7f3eb550747d42bf0cfc6a602ce16772,2026-07-06T05:29:09-04:00,2bbb486c7f3eb550747d42bf0cfc6a602ce16772,2026-07-06T05:29:09-04:00,1,42,0.0625,,,False,False,0,1,0.0,397.29,,0.002517027296374458,230706417.0,DaveSkender/Stock.Indicators,C#
src/Indicators/r-s/Renko/RenkoList.cs,3,callable,ok,FacioQuo.Stock.Indicators.Renko.ToRenkoList,FacioQuo.Stock.Indicators.Renko.ToRenkoList,2bbb486c7f3eb550747d42bf0cfc6a602ce16772,2026-07-06T05:29:09-04:00,2bbb486c7f3eb550747d42bf0cfc6a602ce16772,2026-07-06T05:29:09-04:00,1,42,0.2,,,False,False,0,1,0.0,397.29,,0.002517027296374458,230706417.0,DaveSkender/Stock.Indicators,C#
src/Indicators/r-s/Rsi/Rsi.Series.cs,0,class,ok,FacioQuo.Stock.Indicators.Rsi,FacioQuo.Stock.Indicators.Rsi,2bbb486c7f3eb550747d42bf0cfc6a602ce16772,2026-07-06T05:29:09-04:00,2bbb486c7f3eb550747d42bf0cfc6a602ce16772,2026-07-06T05:29:09-04:00,1,42,0.01020408163265306,,,False,False,0,1,0.0,397.29,,0.002517027296374458,230706417.0,DaveSkender/Stock.Indicators,C#
src/Indicators/r-s/Rsi/Rsi.Series.cs,0,callable,ok,FacioQuo.Stock.Indicators.Rsi.ToRsi,FacioQuo.Stock.Indicators.Rsi.ToRsi,2bbb486c7f3eb550747d42bf0cfc6a602ce16772,2026-07-06T05:29:09-04:00,2bbb486c7f3eb550747d42bf0cfc6a602ce16772,2026-07-06T05:29:09-04:00,1,42,0.011363636363636364,,,False,False,0,1,0.0,397.29,,0.002517027296374458,230706417.0,DaveSkender/Stock.Indicators,C#
src/Indicators/r-s/Slope/Slope.Catalog.cs,0,class,ok,FacioQuo.Stock.Indicators.Slope,FacioQuo.Stock.Indicators.Slope,2bbb486c7f3eb550747d42bf0cfc6a602ce16772,2026-07-06T05:29:09-04:00,2bbb486c7f3eb550747d42bf0cfc6a602ce16772,2026-07-06T05:29:09-04:00,1,42,0.022222222222222223,,,False,False,0,1,0.0,397.29,,0.002517027296374458,230706417.0,DaveSkender/Stock.Indicators,C#
src/Indicators/r-s/SmaAnalysis/SmaAnalysis.Catalog.cs,0,class,ok,FacioQuo.Stock.Indicators.SmaAnalysis,FacioQuo.Stock.Indicators.SmaAnalysis,2bbb486c7f3eb550747d42bf0cfc6a602ce16772,2026-07-06T05:29:09-04:00,2bbb486c7f3eb550747d42bf0cfc6a602ce16772,2026-07-06T05:29:09-04:00,1,42,0.022727272727272728,,,False,False,0,1,0.0,397.29,,0.002517027296374458,230706417.0,DaveSkender/Stock.Indicators,C#
src/Indicators/r-s/SmaAnalysis/SmaAnalysisList.cs,0,class,ok,FacioQuo.Stock.Indicators.SmaAnalysisList,FacioQuo.Stock.Indicators.SmaAnalysisList,2bbb486c7f3eb550747d42bf0cfc6a602ce16772,2026-07-06T05:29:09-04:00,2bbb486c7f3eb550747d42bf0cfc6a602ce16772,2026-07-06T05:29:09-04:00,1,42,0.009523809523809525,,,False,False,0,1,0.0,397.29,,0.002517027296374458,230706417.0,DaveSkender/Stock.Indicators,C#
src/Indicators/r-s/SmaAnalysis/SmaAnalysisList.cs,1,class,ok,FacioQuo.Stock.Indicators.SmaAnalysis,FacioQuo.Stock.Indicators.SmaAnalysis,2bbb486c7f3eb550747d42bf0cfc6a602ce16772,2026-07-06T05:29:09-04:00,2bbb486c7f3eb550747d42bf0cfc6a602ce16772,2026-07-06T05:29:09-04:00,1,42,0.08333333333333333,,,False,False,0,1,0.0,397.29,,0.002517027296374458,230706417.0,DaveSkender/Stock.Indicators,C#
src/Indicators/r-s/SmaAnalysis/SmaAnalysisList.cs,0,callable,ok,FacioQuo.Stock.Indicators.SmaAnalysisList.SmaAnalysisList,FacioQuo.Stock.Indicators.SmaAnalysisList.SmaAnalysisList,2bbb486c7f3eb550747d42bf0cfc6a602ce16772,2026-07-06T05:29:09-04:00,2bbb486c7f3eb550747d42bf0cfc6a602ce16772,2026-07-06T05:29:09-04:00,1,42,0.5,,,False,False,0,1,0.0,397.29,,0.002517027296374458,230706417.0,DaveSkender/Stock.Indicators,C#
src/Indicators/r-s/SmaAnalysis/SmaAnalysisList.cs,1,callable,ok,FacioQuo.Stock.Indicators.SmaAnalysisList.Add,FacioQuo.Stock.Indicators.SmaAnalysisList.Add,2bbb486c7f3eb550747d42bf0cfc6a602ce16772,2026-07-06T05:29:09-04:00,2bbb486c7f3eb550747d42bf0cfc6a602ce16772,2026-07-06T05:29:09-04:00,1,42,0.1111111111111111,,,False,False,0,1,0.0,397.29,,0.002517027296374458,230706417.0,DaveSkender/Stock.Indicators,C#
src/Indicators/r-s/SmaAnalysis/SmaAnalysisList.cs,2,callable,ok,FacioQuo.Stock.Indicators.SmaAnalysisList.Clear,FacioQuo.Stock.Indicators.SmaAnalysisList.Clear,2bbb486c7f3eb550747d42bf0cfc6a602ce16772,2026-07-06T05:29:09-04:00,2bbb486c7f3eb550747d42bf0cfc6a602ce16772,2026-07-06T05:29:09-04:00,1,42,0.2,,,False,False,0,1,0.0,397.29,,0.002517027296374458,230706417.0,DaveSkender/Stock.Indicators,C#
src/Indicators/r-s/SmaAnalysis/SmaAnalysisList.cs,3,callable,ok,FacioQuo.Stock.Indicators.SmaAnalysis.ToSmaAnalysisList,FacioQuo.Stock.Indicators.SmaAnalysis.ToSmaAnalysisList,2bbb486c7f3eb550747d42bf0cfc6a602ce16772,2026-07-06T05:29:09-04:00,2bbb486c7f3eb550747d42bf0cfc6a602ce16772,2026-07-06T05:29:09-04:00,1,42,0.25,,,False,False,0,1,0.0,397.29,,0.002517027296374458,230706417.0,DaveSkender/Stock.Indicators,C#
src/Indicators/r-s/Smi/SmiList.cs,0,class,ok,FacioQuo.Stock.Indicators.SmiList,FacioQuo.Stock.Indicators.SmiList,2bbb486c7f3eb550747d42bf0cfc6a602ce16772,2026-07-06T05:29:09-04:00,2bbb486c7f3eb550747d42bf0cfc6a602ce16772,2026-07-06T05:29:09-04:00,1,42,0.005434782608695652,,,False,False,0,1,0.0,397.29,,0.002517027296374458,230706417.0,DaveSkender/Stock.Indicators,C#
src/Indicators/r-s/Smi/SmiList.cs,1,class,ok,FacioQuo.Stock.Indicators.Smi,FacioQuo.Stock.Indicators.Smi,2bbb486c7f3eb550747d42bf0cfc6a602ce16772,2026-07-06T05:29:09-04:00,2bbb486c7f3eb550747d42bf0cfc6a602ce16772,2026-07-06T05:29:09-04:00,1,42,0.05555555555555555,,,False,False,0,1,0.0,397.29,,0.002517027296374458,230706417.0,DaveSkender/Stock.Indicators,C#
src/Indicators/r-s/Smi/SmiList.cs,0,callable,ok,FacioQuo.Stock.Indicators.SmiList.SmiList,FacioQuo.Stock.Indicators.SmiList.SmiList,2bbb486c7f3eb550747d42bf0cfc6a602ce16772,2026-07-06T05:29:09-04:00,2bbb486c7f3eb550747d42bf0cfc6a602ce16772,2026-07-06T05:29:09-04:00,1,42,0.14285714285714285,,,False,False,0,1,0.0,397.29,,0.002517027296374458,230706417.0,DaveSkender/Stock.Indicators,C#
src/Indicators/r-s/Smi/SmiList.cs,1,callable,ok,FacioQuo.Stock.Indicators.SmiList.Add,FacioQuo.Stock.Indicators.SmiList.Add,2bbb486c7f3eb550747d42bf0cfc6a602ce16772,2026-07-06T05:29:09-04:00,2bbb486c7f3eb550747d42bf0cfc6a602ce16772,2026-07-06T05:29:09-04:00,1,42,0.1111111111111111,,,False,False,0,1,0.0,397.29,,0.002517027296374458,230706417.0,DaveSkender/Stock.Indicators,C#
src/Indicators/r-s/Smi/SmiList.cs,2,callable,ok,FacioQuo.Stock.Indicators.SmiList.Clear,FacioQuo.Stock.Indicators.SmiList.Clear,2bbb486c7f3eb550747d42bf0cfc6a602ce16772,2026-07-06T05:29:09-04:00,2bbb486c7f3eb550747d42bf0cfc6a602ce16772,2026-07-06T05:29:09-04:00,1,42,0.09090909090909091,,,False,False,0,1,0.0,397.29,,0.002517027296374458,230706417.0,DaveSkender/Stock.Indicators,C#
src/Indicators/r-s/Smi/SmiList.cs,3,callable,ok,FacioQuo.Stock.Indicators.Smi.ToSmiList,FacioQuo.Stock.Indicators.Smi.ToSmiList,2bbb486c7f3eb550747d42bf0cfc6a602ce16772,2026-07-06T05:29:09-04:00,2bbb486c7f3eb550747d42bf0cfc6a602ce16772,2026-07-06T05:29:09-04:00,1,42,0.14285714285714285,,,False,False,0,1,0.0,397.29,,0.002517027296374458,230706417.0,DaveSkender/Stock.Indicators,C#
src/Indicators/r-s/Smma/SmmaHub.cs,0,class,ok,FacioQuo.Stock.Indicators.SmmaHub,FacioQuo.Stock.Indicators.SmmaHub,2bbb486c7f3eb550747d42bf0cfc6a602ce16772,2026-07-06T05:29:09-04:00,2bbb486c7f3eb550747d42bf0cfc6a602ce16772,2026-07-06T05:29:09-04:00,1,42,0.021739130434782608,,,False,False,0,1,0.0,397.29,,0.002517027296374458,230706417.0,DaveSkender/Stock.Indicators,C#
src/Indicators/r-s/Smma/SmmaHub.cs,1,class,ok,FacioQuo.Stock.Indicators.Smma,FacioQuo.Stock.Indicators.Smma,2bbb486c7f3eb550747d42bf0cfc6a602ce16772,2026-07-06T05:29:09-04:00,2bbb486c7f3eb550747d42bf0cfc6a602ce16772,2026-07-06T05:29:09-04:00,1,42,0.06666666666666667,,,False,False,0,1,0.0,397.29,,0.002517027296374458,230706417.0,DaveSkender/Stock.Indicators,C#
src/Indicators/r-s/Smma/SmmaHub.cs,0,callable,ok,FacioQuo.Stock.Indicators.SmmaHub.SmmaHub,FacioQuo.Stock.Indicators.SmmaHub.SmmaHub,2bbb486c7f3eb550747d42bf0cfc6a602ce16772,2026-07-06T05:29:09-04:00,2bbb486c7f3eb550747d42bf0cfc6a602ce16772,2026-07-06T05:29:09-04:00,1,42,0.07692307692307693,,,False,False,0,1,0.0,397.29,,0.002517027296374458,230706417.0,DaveSkender/Stock.Indicators,C#
src/Indicators/r-s/Smma/SmmaHub.cs,1,callable,ok,FacioQuo.Stock.Indicators.SmmaHub.ToIndicator,FacioQuo.Stock.Indicators.SmmaHub.ToIndicator,2bbb486c7f3eb550747d42bf0cfc6a602ce16772,2026-07-06T05:29:09-04:00,2bbb486c7f3eb550747d42bf0cfc6a602ce16772,2026-07-06T05:29:09-04:00,1,42,0.04,,,False,False,0,1,0.0,397.29,,0.002517027296374458,230706417.0,DaveSkender/Stock.Indicators,C#
src/Indicators/r-s/Smma/SmmaHub.cs,2,callable,ok,FacioQuo.Stock.Indicators.Smma.ToSmmaHub,FacioQuo.Stock.Indicators.Smma.ToSmmaHub,2bbb486c7f3eb550747d42bf0cfc6a602ce16772,2026-07-06T05:29:09-04:00,2bbb486c7f3eb550747d42bf0cfc6a602ce16772,2026-07-06T05:29:09-04:00,1,42,0.25,,,False,False,0,1,0.0,397.29,,0.002517027296374458,230706417.0,DaveSkender/Stock.Indicators,C#
src/Indicators/r-s/StarcBands/StarcBandsHub.cs,0,class,ok,FacioQuo.Stock.Indicators.StarcBandsHub,FacioQuo.Stock.Indicators.StarcBandsHub,2bbb486c7f3eb550747d42bf0cfc6a602ce16772,2026-07-06T05:29:09-04:00,2bbb486c7f3eb550747d42bf0cfc6a602ce16772,2026-07-06T05:29:09-04:00,1,42,0.005434782608695652,,,False,False,0,1,0.0,397.29,,0.002517027296374458,230706417.0,DaveSkender/Stock.Indicators,C#
src/Indicators/r-s/StarcBands/StarcBandsHub.cs,1,class,ok,FacioQuo.Stock.Indicators.StarcBands,FacioQuo.Stock.Indicators.StarcBands,2bbb486c7f3eb550747d42bf0cfc6a602ce16772,2026-07-06T05:29:09-04:00,2bbb486c7f3eb550747d42bf0cfc6a602ce16772,2026-07-06T05:29:09-04:00,1,42,0.058823529411764705,,,False,False,0,1,0.0,397.29,,0.002517027296374458,230706417.0,DaveSkender/Stock.Indicators,C#
src/Indicators/r-s/StarcBands/StarcBandsHub.cs,0,callable,ok,FacioQuo.Stock.Indicators.StarcBandsHub.StarcBandsHub,FacioQuo.Stock.Indicators.StarcBandsHub.StarcBandsHub,2bbb486c7f3eb550747d42bf0cfc6a602ce16772,2026-07-06T05:29:09-04:00,2bbb486c7f3eb550747d42bf0cfc6a602ce16772,2026-07-06T05:29:09-04:00,1,42,0.05,,,False,False,0,1,0.0,397.29,,0.002517027296374458,230706417.0,DaveSkender/Stock.Indicators,C#
src/Indicators/r-s/StarcBands/StarcBandsHub.cs,1,callable,ok,FacioQuo.Stock.Indicators.StarcBandsHub.RollbackState,FacioQuo.Stock.Indicators.StarcBandsHub.RollbackState,2bbb486c7f3eb550747d42bf0cfc6a602ce16772,2026-07-06T05:29:09-04:00,2bbb486c7f3eb550747d42bf0cfc6a602ce16772,2026-07-06T05:29:09-04:00,1,42,0.02040816326530612,,,False,False,0,1,0.0,397.29,,0.002517027296374458,230706417.0,DaveSkender/Stock.Indicators,C#
src/Indicators/r-s/StarcBands/StarcBandsHub.cs,2,callable,ok,FacioQuo.Stock.Indicators.StarcBandsHub.CalculateSmaOfClose,FacioQuo.Stock.Indicators.StarcBandsHub.CalculateSmaOfClose,2bbb486c7f3eb550747d42bf0cfc6a602ce16772,2026-07-06T05:29:09-04:00,2bbb486c7f3eb550747d42bf0cfc6a602ce16772,2026-07-06T05:29:09-04:00,1,42,0.06666666666666667,,,False,False,0,1,0.0,397.29,,0.002517027296374458,230706417.0,DaveSkender/Stock.Indicators,C#
src/Indicators/r-s/StarcBands/StarcBandsHub.cs,3,callable,ok,FacioQuo.Stock.Indicators.StarcBandsHub.ToIndicator,FacioQuo.Stock.Indicators.StarcBandsHub.ToIndicator,2bbb486c7f3eb550747d42bf0cfc6a602ce16772,2026-07-06T05:29:09-04:00,2bbb486c7f3eb550747d42bf0cfc6a602ce16772,2026-07-06T05:29:09-04:00,1,42,0.013513513513513514,,,False,False,0,1,0.0,397.29,,0.002517027296374458,230706417.0,DaveSkender/Stock.Indicators,C#
src/Indicators/r-s/StarcBands/StarcBandsHub.cs,4,callable,ok,FacioQuo.Stock.Indicators.StarcBands.ToStarcBandsHub,FacioQuo.Stock.Indicators.StarcBands.ToStarcBandsHub,2bbb486c7f3eb550747d42bf0cfc6a602ce16772,2026-07-06T05:29:09-04:00,2bbb486c7f3eb550747d42bf0cfc6a602ce16772,2026-07-06T05:29:09-04:00,1,42,0.16666666666666666,,,False,False,0,1,0.0,397.29,,0.002517027296374458,230706417.0,DaveSkender/Stock.Indicators,C#
src/Indicators/r-s/StochRsi/StochRsi.Utilities.cs,0,class,ok,FacioQuo.Stock.Indicators.StochRsi,FacioQuo.Stock.Indicators.StochRsi,2bbb486c7f3eb550747d42bf0cfc6a602ce16772,2026-07-06T05:29:09-04:00,2bbb486c7f3eb550747d42bf0cfc6a602ce16772,2026-07-06T05:29:09-04:00,1,42,0.013157894736842105,,,False,False,0,1,0.0,397.29,,0.002517027296374458,230706417.0,DaveSkender/Stock.Indicators,C#
src/Indicators/r-s/StochRsi/StochRsi.Utilities.cs,0,callable,ok,FacioQuo.Stock.Indicators.StochRsi.RemoveWarmupPeriods,FacioQuo.Stock.Indicators.StochRsi.RemoveWarmupPeriods,2bbb486c7f3eb550747d42bf0cfc6a602ce16772,2026-07-06T05:29:09-04:00,2bbb486c7f3eb550747d42bf0cfc6a602ce16772,2026-07-06T05:29:09-04:00,1,42,0.1,,,False,False,0,1,0.0,397.29,,0.002517027296374458,230706417.0,DaveSkender/Stock.Indicators,C#
src/Indicators/r-s/StochRsi/StochRsi.Utilities.cs,1,callable,ok,FacioQuo.Stock.Indicators.StochRsi.WarmupPeriod,FacioQuo.Stock.Indicators.StochRsi.WarmupPeriod,2bbb486c7f3eb550747d42bf0cfc6a602ce16772,2026-07-06T05:29:09-04:00,2bbb486c7f3eb550747d42bf0cfc6a602ce16772,2026-07-06T05:29:09-04:00,1,42,0.16666666666666666,,,False,False,0,1,0.0,397.29,,0.002517027296374458,230706417.0,DaveSkender/Stock.Indicators,C#
src/Indicators/r-s/StochRsi/StochRsi.Utilities.cs,2,callable,ok,FacioQuo.Stock.Indicators.StochRsi.Validate,FacioQuo.Stock.Indicators.StochRsi.Validate,2bbb486c7f3eb550747d42bf0cfc6a602ce16772,2026-07-06T05:29:09-04:00,2bbb486c7f3eb550747d42bf0cfc6a602ce16772,2026-07-06T05:29:09-04:00,1,42,0.03225806451612903,,,False,False,0,1,0.0,397.29,,0.002517027296374458,230706417.0,DaveSkender/Stock.Indicators,C#
src/Indicators/t-z/Tema/Tema.Series.cs,0,class,ok,FacioQuo.Stock.Indicators.Tema,FacioQuo.Stock.Indicators.Tema,2bbb486c7f3eb550747d42bf0cfc6a602ce16772,2026-07-06T05:29:09-04:00,2bbb486c7f3eb550747d42bf0cfc6a602ce16772,2026-07-06T05:29:09-04:00,1,42,0.012658227848101266,,,False,False,0,1,0.0,397.29,,0.002517027296374458,230706417.0,DaveSkender/Stock.Indicators,C#
src/Indicators/t-z/Tema/Tema.Series.cs,0,callable,ok,FacioQuo.Stock.Indicators.Tema.ToTema,FacioQuo.Stock.Indicators.Tema.ToTema,2bbb486c7f3eb550747d42bf0cfc6a602ce16772,2026-07-06T05:29:09-04:00,2bbb486c7f3eb550747d42bf0cfc6a602ce16772,2026-07-06T05:29:09-04:00,1,42,0.014492753623188406,,,False,False,0,1,0.0,397.29,,0.002517027296374458,230706417.0,DaveSkender/Stock.Indicators,C#
src/Indicators/t-z/Tema/Tema.Utilities.cs,0,class,ok,FacioQuo.Stock.Indicators.Tema,FacioQuo.Stock.Indicators.Tema,2bbb486c7f3eb550747d42bf0cfc6a602ce16772,2026-07-06T05:29:09-04:00,2bbb486c7f3eb550747d42bf0cfc6a602ce16772,2026-07-06T05:29:09-04:00,1,42,0.029411764705882353,,,False,False,0,1,0.0,397.29,,0.002517027296374458,230706417.0,DaveSkender/Stock.Indicators,C#
src/Indicators/t-z/Tema/Tema.Utilities.cs,0,callable,ok,FacioQuo.Stock.Indicators.Tema.RemoveWarmupPeriods,FacioQuo.Stock.Indicators.Tema.RemoveWarmupPeriods,2bbb486c7f3eb550747d42bf0cfc6a602ce16772,2026-07-06T05:29:09-04:00,2bbb486c7f3eb550747d42bf0cfc6a602ce16772,2026-07-06T05:29:09-04:00,1,42,0.1,,,False,False,0,1,0.0,397.29,,0.002517027296374458,230706417.0,DaveSkender/Stock.Indicators,C#
src/Indicators/t-z/Tema/Tema.Utilities.cs,1,callable,ok,FacioQuo.Stock.Indicators.Tema.Validate,FacioQuo.Stock.Indicators.Tema.Validate,2bbb486c7f3eb550747d42bf0cfc6a602ce16772,2026-07-06T05:29:09-04:00,2bbb486c7f3eb550747d42bf0cfc6a602ce16772,2026-07-06T05:29:09-04:00,1,42,0.1,,,False,False,0,1,0.0,397.29,,0.002517027296374458,230706417.0,DaveSkender/Stock.Indicators,C#
src/Indicators/t-z/Tsi/Tsi.Catalog.cs,0,class,ok,FacioQuo.Stock.Indicators.Tsi,FacioQuo.Stock.Indicators.Tsi,2bbb486c7f3eb550747d42bf0cfc6a602ce16772,2026-07-06T05:29:09-04:00,2bbb486c7f3eb550747d42bf0cfc6a602ce16772,2026-07-06T05:29:09-04:00,1,42,0.022727272727272728,,,False,False,0,1,0.0,397.29,,0.002517027296374458,230706417.0,DaveSkender/Stock.Indicators,C#
src/Indicators/t-z/VolatilityStop/VolatilityStopHub.cs,0,class,ok,FacioQuo.Stock.Indicators.VolatilityStopHub,FacioQuo.Stock.Indicators.VolatilityStopHub,2bbb486c7f3eb550747d42bf0cfc6a602ce16772,2026-07-06T05:29:09-04:00,2bbb486c7f3eb550747d42bf0cfc6a602ce16772,2026-07-06T05:29:09-04:00,1,42,0.0035335689045936395,,,False,False,0,1,0.0,397.29,,0.002517027296374458,230706417.0,DaveSkender/Stock.Indicators,C#
src/Indicators/t-z/VolatilityStop/VolatilityStopHub.cs,1,class,ok,FacioQuo.Stock.Indicators.VolatilityStop,FacioQuo.Stock.Indicators.VolatilityStop,2bbb486c7f3eb550747d42bf0cfc6a602ce16772,2026-07-06T05:29:09-04:00,2bbb486c7f3eb550747d42bf0cfc6a602ce16772,2026-07-06T05:29:09-04:00,1,42,0.06666666666666667,,,False,False,0,1,0.0,397.29,,0.002517027296374458,230706417.0,DaveSkender/Stock.Indicators,C#
src/Indicators/t-z/VolatilityStop/VolatilityStopHub.cs,0,callable,ok,FacioQuo.Stock.Indicators.VolatilityStopHub.VolatilityStopHub,FacioQuo.Stock.Indicators.VolatilityStopHub.VolatilityStopHub,2bbb486c7f3eb550747d42bf0cfc6a602ce16772,2026-07-06T05:29:09-04:00,2bbb486c7f3eb550747d42bf0cfc6a602ce16772,2026-07-06T05:29:09-04:00,1,42,0.0625,,,False,False,0,1,0.0,397.29,,0.002517027296374458,230706417.0,DaveSkender/Stock.Indicators,C#
src/Indicators/t-z/VolatilityStop/VolatilityStopHub.cs,1,callable,ok,FacioQuo.Stock.Indicators.VolatilityStopHub.ToIndicator,FacioQuo.Stock.Indicators.VolatilityStopHub.ToIndicator,2bbb486c7f3eb550747d42bf0cfc6a602ce16772,2026-07-06T05:29:09-04:00,2bbb486c7f3eb550747d42bf0cfc6a602ce16772,2026-07-06T05:29:09-04:00,1,42,0.007194244604316547,,,False,False,0,1,0.0,397.29,,0.002517027296374458,230706417.0,DaveSkender/Stock.Indicators,C#
src/Indicators/t-z/VolatilityStop/VolatilityStopHub.cs,2,callable,ok,FacioQuo.Stock.Indicators.VolatilityStopHub.RollbackState,FacioQuo.Stock.Indicators.VolatilityStopHub.RollbackState,2bbb486c7f3eb550747d42bf0cfc6a602ce16772,2026-07-06T05:29:09-04:00,2bbb486c7f3eb550747d42bf0cfc6a602ce16772,2026-07-06T05:29:09-04:00,1,42,0.011764705882352941,,,False,False,0,1,0.0,397.29,,0.002517027296374458,230706417.0,DaveSkender/Stock.Indicators,C#
src/Indicators/t-z/VolatilityStop/VolatilityStopHub.cs,3,callable,ok,FacioQuo.Stock.Indicators.VolatilityStop.ToVolatilityStopHub,FacioQuo.Stock.Indicators.VolatilityStop.ToVolatilityStopHub,2bbb486c7f3eb550747d42bf0cfc6a602ce16772,2026-07-06T05:29:09-04:00,2bbb486c7f3eb550747d42bf0cfc6a602ce16772,2026-07-06T05:29:09-04:00,1,42,0.2,,,False,False,0,1,0.0,397.29,,0.002517027296374458,230706417.0,DaveSkender/Stock.Indicators,C#
src/Indicators/t-z/Vwap/Vwap.Catalog.cs,0,class,ok,FacioQuo.Stock.Indicators.Vwap,FacioQuo.Stock.Indicators.Vwap,2bbb486c7f3eb550747d42bf0cfc6a602ce16772,2026-07-06T05:29:09-04:00,2bbb486c7f3eb550747d42bf0cfc6a602ce16772,2026-07-06T05:29:09-04:00,1,42,0.023255813953488372,,,False,False,0,1,0.0,397.29,,0.002517027296374458,230706417.0,DaveSkender/Stock.Indicators,C#
src/Indicators/t-z/WilliamsR/WilliamsRHub.cs,0,class,ok,FacioQuo.Stock.Indicators.WilliamsRHub,FacioQuo.Stock.Indicators.WilliamsRHub,2bbb486c7f3eb550747d42bf0cfc6a602ce16772,2026-07-06T05:29:09-04:00,2bbb486c7f3eb550747d42bf0cfc6a602ce16772,2026-07-06T05:29:09-04:00,1,42,0.008064516129032258,,,False,False,0,1,0.0,397.29,,0.002517027296374458,230706417.0,DaveSkender/Stock.Indicators,C#
src/Indicators/t-z/WilliamsR/WilliamsRHub.cs,1,class,ok,FacioQuo.Stock.Indicators.WilliamsR,FacioQuo.Stock.Indicators.WilliamsR,2bbb486c7f3eb550747d42bf0cfc6a602ce16772,2026-07-06T05:29:09-04:00,2bbb486c7f3eb550747d42bf0cfc6a602ce16772,2026-07-06T05:29:09-04:00,1,42,0.06666666666666667,,,False,False,0,1,0.0,397.29,,0.002517027296374458,230706417.0,DaveSkender/Stock.Indicators,C#
src/Indicators/t-z/WilliamsR/WilliamsRHub.cs,0,callable,ok,FacioQuo.Stock.Indicators.WilliamsRHub.WilliamsRHub,FacioQuo.Stock.Indicators.WilliamsRHub.WilliamsRHub,2bbb486c7f3eb550747d42bf0cfc6a602ce16772,2026-07-06T05:29:09-04:00,2bbb486c7f3eb550747d42bf0cfc6a602ce16772,2026-07-06T05:29:09-04:00,1,42,0.058823529411764705,,,False,False,0,1,0.0,397.29,,0.002517027296374458,230706417.0,DaveSkender/Stock.Indicators,C#
src/Indicators/t-z/WilliamsR/WilliamsRHub.cs,1,callable,ok,FacioQuo.Stock.Indicators.WilliamsRHub.ToIndicator,FacioQuo.Stock.Indicators.WilliamsRHub.ToIndicator,2bbb486c7f3eb550747d42bf0cfc6a602ce16772,2026-07-06T05:29:09-04:00,2bbb486c7f3eb550747d42bf0cfc6a602ce16772,2026-07-06T05:29:09-04:00,1,42,0.0196078431372549,,,False,False,0,1,0.0,397.29,,0.002517027296374458,230706417.0,DaveSkender/Stock.Indicators,C#
src/Indicators/t-z/WilliamsR/WilliamsRHub.cs,2,callable,ok,FacioQuo.Stock.Indicators.WilliamsRHub.RollbackState,FacioQuo.Stock.Indicators.WilliamsRHub.RollbackState,2bbb486c7f3eb550747d42bf0cfc6a602ce16772,2026-07-06T05:29:09-04:00,2bbb486c7f3eb550747d42bf0cfc6a602ce16772,2026-07-06T05:29:09-04:00,1,42,0.038461538461538464,,,False,False,0,1,0.0,397.29,,0.002517027296374458,230706417.0,DaveSkender/Stock.Indicators,C#
src/Indicators/t-z/WilliamsR/WilliamsRHub.cs,3,callable,ok,FacioQuo.Stock.Indicators.WilliamsR.ToWilliamsRHub,FacioQuo.Stock.Indicators.WilliamsR.ToWilliamsRHub,2bbb486c7f3eb550747d42bf0cfc6a602ce16772,2026-07-06T05:29:09-04:00,2bbb486c7f3eb550747d42bf0cfc6a602ce16772,2026-07-06T05:29:09-04:00,1,42,0.25,,,False,False,0,1,0.0,397.29,,0.002517027296374458,230706417.0,DaveSkender/Stock.Indicators,C#
src/Indicators/t-z/Wma/Wma.Series.cs,0,class,ok,FacioQuo.Stock.Indicators.Wma,FacioQuo.Stock.Indicators.Wma,2bbb486c7f3eb550747d42bf0cfc6a602ce16772,2026-07-06T05:29:09-04:00,2bbb486c7f3eb550747d42bf0cfc6a602ce16772,2026-07-06T05:29:09-04:00,1,42,0.018867924528301886,,,False,False,0,1,0.0,397.29,,0.002517027296374458,230706417.0,DaveSkender/Stock.Indicators,C#
src/Indicators/t-z/Wma/Wma.Series.cs,0,callable,ok,FacioQuo.Stock.Indicators.Wma.ToWma,FacioQuo.Stock.Indicators.Wma.ToWma,2bbb486c7f3eb550747d42bf0cfc6a602ce16772,2026-07-06T05:29:09-04:00,2bbb486c7f3eb550747d42bf0cfc6a602ce16772,2026-07-06T05:29:09-04:00,1,42,0.023809523809523808,,,False,False,0,1,0.0,397.29,,0.002517027296374458,230706417.0,DaveSkender/Stock.Indicators,C#
src/Indicators/t-z/ZigZag/ZigZag.Series.cs,0,class,ok,FacioQuo.Stock.Indicators.ZigZag,FacioQuo.Stock.Indicators.ZigZag,2bbb486c7f3eb550747d42bf0cfc6a602ce16772,2026-07-06T05:29:09-04:00,2bbb486c7f3eb550747d42bf0cfc6a602ce16772,2026-07-06T05:29:09-04:00,1,42,0.0025575447570332483,,,False,False,0,1,0.0,397.29,,0.002517027296374458,230706417.0,DaveSkender/Stock.Indicators,C#
src/Indicators/t-z/ZigZag/ZigZag.Series.cs,0,callable,ok,FacioQuo.Stock.Indicators.ZigZag.ToZigZag,FacioQuo.Stock.Indicators.ZigZag.ToZigZag,2bbb486c7f3eb550747d42bf0cfc6a602ce16772,2026-07-06T05:29:09-04:00,2bbb486c7f3eb550747d42bf0cfc6a602ce16772,2026-07-06T05:29:09-04:00,1,42,0.010101010101010102,,,False,False,0,1,0.0,397.29,,0.002517027296374458,230706417.0,DaveSkender/Stock.Indicators,C#
src/Indicators/t-z/ZigZag/ZigZag.Series.cs,1,callable,ok,FacioQuo.Stock.Indicators.ZigZag.EvaluateNextPoint,FacioQuo.Stock.Indicators.ZigZag.EvaluateNextPoint,2bbb486c7f3eb550747d42bf0cfc6a602ce16772,2026-07-06T05:29:09-04:00,2bbb486c7f3eb550747d42bf0cfc6a602ce16772,2026-07-06T05:29:09-04:00,1,42,0.0136986301369863,,,False,False,0,1,0.0,397.29,,0.002517027296374458,230706417.0,DaveSkender/Stock.Indicators,C#
src/Indicators/t-z/ZigZag/ZigZag.Series.cs,2,callable,ok,FacioQuo.Stock.Indicators.ZigZag.DrawZigZagLine,FacioQuo.Stock.Indicators.ZigZag.DrawZigZagLine,2bbb486c7f3eb550747d42bf0cfc6a602ce16772,2026-07-06T05:29:09-04:00,2bbb486c7f3eb550747d42bf0cfc6a602ce16772,2026-07-06T05:29:09-04:00,1,42,0.029411764705882353,,,False,False,0,1,0.0,397.29,,0.002517027296374458,230706417.0,DaveSkender/Stock.Indicators,C#
src/Indicators/t-z/ZigZag/ZigZag.Series.cs,3,callable,ok,FacioQuo.Stock.Indicators.ZigZag.DrawRetraceLine,FacioQuo.Stock.Indicators.ZigZag.DrawRetraceLine,2bbb486c7f3eb550747d42bf0cfc6a602ce16772,2026-07-06T05:29:09-04:00,2bbb486c7f3eb550747d42bf0cfc6a602ce16772,2026-07-06T05:29:09-04:00,1,42,0.012195121951219513,,,False,False,0,1,0.0,397.29,,0.002517027296374458,230706417.0,DaveSkender/Stock.Indicators,C#
src/Indicators/t-z/ZigZag/ZigZag.Series.cs,4,callable,ok,FacioQuo.Stock.Indicators.ZigZag.GetZigZagEval,FacioQuo.Stock.Indicators.ZigZag.GetZigZagEval,2bbb486c7f3eb550747d42bf0cfc6a602ce16772,2026-07-06T05:29:09-04:00,2bbb486c7f3eb550747d42bf0cfc6a602ce16772,2026-07-06T05:29:09-04:00,1,42,0.03333333333333333,,,False,False,0,1,0.0,397.29,,0.002517027296374458,230706417.0,DaveSkender/Stock.Indicators,C#
src/Indicators/t-z/ZigZag/ZigZag.Series.cs,5,callable,ok,FacioQuo.Stock.Indicators.ZigZag.CalculateInterpolatedValue,FacioQuo.Stock.Indicators.ZigZag.CalculateInterpolatedValue,2bbb486c7f3eb550747d42bf0cfc6a602ce16772,2026-07-06T05:29:09-04:00,2bbb486c7f3eb550747d42bf0cfc6a602ce16772,2026-07-06T05:29:09-04:00,1,42,0.05,,,False,False,0,1,0.0,397.29,,0.002517027296374458,230706417.0,DaveSkender/Stock.Indicators,C#
tests/Integration/Indicators/WilliamsR/WilliamsRSeriesTests.cs,0,class,ok,StaticSeries.WilliamsRSeriesTests,StaticSeries.WilliamsRSeriesTests,2bbb486c7f3eb550747d42bf0cfc6a602ce16772,2026-07-06T05:29:09-04:00,2bbb486c7f3eb550747d42bf0cfc6a602ce16772,2026-07-06T05:29:09-04:00,1,42,0.045454545454545456,,,False,False,0,1,0.0,397.29,,0.002517027296374458,230706417.0,DaveSkender/Stock.Indicators,C#
tests/Integration/Indicators/WilliamsR/WilliamsRSeriesTests.cs,0,callable,ok,StaticSeries.WilliamsRSeriesTests.ToWilliamsR_LiveData_MaintainsBoundaryRange,StaticSeries.WilliamsRSeriesTests.ToWilliamsR_LiveData_MaintainsBoundaryRange,2bbb486c7f3eb550747d42bf0cfc6a602ce16772,2026-07-06T05:29:09-04:00,2bbb486c7f3eb550747d42bf0cfc6a602ce16772,2026-07-06T05:29:09-04:00,1,42,0.05555555555555555,,,False,False,0,1,0.0,397.29,,0.002517027296374458,230706417.0,DaveSkender/Stock.Indicators,C#
tests/Library/Common/BufferLists/BufferList.OrderingContract.Tests.cs,0,class,ok,BufferLists.OrderingContract,BufferLists.OrderingContract,2bbb486c7f3eb550747d42bf0cfc6a602ce16772,2026-07-06T05:29:09-04:00,2bbb486c7f3eb550747d42bf0cfc6a602ce16772,2026-07-06T05:29:09-04:00,1,42,0.01694915254237288,,,False,False,0,1,0.0,397.29,,0.002517027296374458,230706417.0,DaveSkender/Stock.Indicators,C#
tests/Library/Common/BufferLists/BufferList.OrderingContract.Tests.cs,0,callable,ok,BufferLists.OrderingContract.OrderedInput_MatchesSeriesOracle,BufferLists.OrderingContract.OrderedInput_MatchesSeriesOracle,2bbb486c7f3eb550747d42bf0cfc6a602ce16772,2026-07-06T05:29:09-04:00,2bbb486c7f3eb550747d42bf0cfc6a602ce16772,2026-07-06T05:29:09-04:00,1,42,0.09090909090909091,,,False,False,0,1,0.0,397.29,,0.002517027296374458,230706417.0,DaveSkender/Stock.Indicators,C#
tests/Library/Common/BufferLists/BufferList.OrderingContract.Tests.cs,1,callable,ok,BufferLists.OrderingContract.OutOfOrderInput_IsAppendedVerbatim_NotSortedOrCorrected,BufferLists.OrderingContract.OutOfOrderInput_IsAppendedVerbatim_NotSortedOrCorrected,2bbb486c7f3eb550747d42bf0cfc6a602ce16772,2026-07-06T05:29:09-04:00,2bbb486c7f3eb550747d42bf0cfc6a602ce16772,2026-07-06T05:29:09-04:00,1,42,0.04,,,False,False,0,1,0.0,397.29,,0.002517027296374458,230706417.0,DaveSkender/Stock.Indicators,C#
tests/Library/Common/BufferLists/BufferList.OrderingContract.Tests.cs,2,callable,ok,BufferLists.OrderingContract.DuplicateTimestamp_AppendsSecondRow_DoesNotCorrect,BufferLists.OrderingContract.DuplicateTimestamp_AppendsSecondRow_DoesNotCorrect,2bbb486c7f3eb550747d42bf0cfc6a602ce16772,2026-07-06T05:29:09-04:00,2bbb486c7f3eb550747d42bf0cfc6a602ce16772,2026-07-06T05:29:09-04:00,1,42,0.058823529411764705,,,False,False,0,1,0.0,397.29,,0.002517027296374458,230706417.0,DaveSkender/Stock.Indicators,C#
tests/Library/Common/Math/NullMath.Tests.cs,0,class,ok,Utilities.NullMaths,Utilities.NullMaths,26994347706307dbe4b0c3cb8c5905d10bc22c03,2026-08-09T00:39:06-04:00,26994347706307dbe4b0c3cb8c5905d10bc22c03,2026-08-09T00:39:06-04:00,1,8,0.021739130434782608,,,False,False,0,1,0.0,431.09,,0.0023196870226720413,230706417.0,DaveSkender/Stock.Indicators,C#
tests/Library/Common/Math/NullMath.Tests.cs,0,callable,ok,Utilities.NullMaths.AbsDouble,Utilities.NullMaths.AbsDouble,26994347706307dbe4b0c3cb8c5905d10bc22c03,2026-08-09T00:39:06-04:00,26994347706307dbe4b0c3cb8c5905d10bc22c03,2026-08-09T00:39:06-04:00,1,8,0.14285714285714285,,,False,False,0,1,0.0,431.09,,0.0023196870226720413,230706417.0,DaveSkender/Stock.Indicators,C#
tests/Library/Common/Math/NullMath.Tests.cs,1,callable,ok,Utilities.NullMaths.Null2NaN,Utilities.NullMaths.Null2NaN,26994347706307dbe4b0c3cb8c5905d10bc22c03,2026-08-09T00:39:06-04:00,26994347706307dbe4b0c3cb8c5905d10bc22c03,2026-08-09T00:39:06-04:00,1,8,0.07692307692307693,,,False,False,0,1,0.0,431.09,,0.0023196870226720413,230706417.0,DaveSkender/Stock.Indicators,C#
tests/Library/Common/Math/NullMath.Tests.cs,2,callable,ok,Utilities.NullMaths.NaN2Null,Utilities.NullMaths.NaN2Null,26994347706307dbe4b0c3cb8c5905d10bc22c03,2026-08-09T00:39:06-04:00,26994347706307dbe4b0c3cb8c5905d10bc22c03,2026-08-09T00:39:06-04:00,1,8,0.06666666666666667,,,False,False,0,1,0.0,431.09,,0.0023196870226720413,230706417.0,DaveSkender/Stock.Indicators,C#
tests/Library/Common/Pruning/PruningList.Tests.cs,0,class,ok,Utilities.PruningListTests,Utilities.PruningListTests,26994347706307dbe4b0c3cb8c5905d10bc22c03,2026-08-09T00:39:06-04:00,26994347706307dbe4b0c3cb8c5905d10bc22c03,2026-08-09T00:39:06-04:00,1,8,0.0037174721189591076,,,False,False,0,1,0.0,431.09,,0.0023196870226720413,230706417.0,DaveSkender/Stock.Indicators,C#
tests/Library/Common/Pruning/PruningList.Tests.cs,0,callable,ok,Utilities.PruningListTests.Add_ThenIndex_ReflectsInsertionOrder,Utilities.PruningListTests.Add_ThenIndex_ReflectsInsertionOrder,26994347706307dbe4b0c3cb8c5905d10bc22c03,2026-08-09T00:39:06-04:00,26994347706307dbe4b0c3cb8c5905d10bc22c03,2026-08-09T00:39:06-04:00,1,8,0.06666666666666667,,,False,False,0,1,0.0,431.09,,0.0023196870226720413,230706417.0,DaveSkender/Stock.Indicators,C#
tests/Library/Common/Pruning/PruningList.Tests.cs,1,callable,ok,Utilities.PruningListTests.RemoveRange_FromFront_RetainsTailWindow,Utilities.PruningListTests.RemoveRange_FromFront_RetainsTailWindow,26994347706307dbe4b0c3cb8c5905d10bc22c03,2026-08-09T00:39:06-04:00,26994347706307dbe4b0c3cb8c5905d10bc22c03,2026-08-09T00:39:06-04:00,1,8,0.0625,,,False,False,0,1,0.0,431.09,,0.0023196870226720413,230706417.0,DaveSkender/Stock.Indicators,C#
tests/Library/Common/Pruning/PruningList.Tests.cs,2,callable,ok,Utilities.PruningListTests.RemoveRange_FromMiddle_RemovesInteriorElements,Utilities.PruningListTests.RemoveRange_FromMiddle_RemovesInteriorElements,26994347706307dbe4b0c3cb8c5905d10bc22c03,2026-08-09T00:39:06-04:00,26994347706307dbe4b0c3cb8c5905d10bc22c03,2026-08-09T00:39:06-04:00,1,8,0.0625,,,False,False,0,1,0.0,431.09,,0.0023196870226720413,230706417.0,DaveSkender/Stock.Indicators,C#
tests/Library/Common/Pruning/PruningList.Tests.cs,3,callable,ok,Utilities.PruningListTests.RemoveAt_Front_AdvancesWindow,Utilities.PruningListTests.RemoveAt_Front_AdvancesWindow,26994347706307dbe4b0c3cb8c5905d10bc22c03,2026-08-09T00:39:06-04:00,26994347706307dbe4b0c3cb8c5905d10bc22c03,2026-08-09T00:39:06-04:00,1,8,0.06666666666666667,,,False,False,0,1,0.0,431.09,,0.0023196870226720413,230706417.0,DaveSkender/Stock.Indicators,C#
tests/Library/Common/Pruning/PruningList.Tests.cs,4,callable,ok,Utilities.PruningListTests.Insert_WithActiveHead_PlacesAtLiveIndex,Utilities.PruningListTests.Insert_WithActiveHead_PlacesAtLiveIndex,26994347706307dbe4b0c3cb8c5905d10bc22c03,2026-08-09T00:39:06-04:00,26994347706307dbe4b0c3cb8c5905d10bc22c03,2026-08-09T00:39:06-04:00,1,8,0.06666666666666667,,,False,False,0,1,0.0,431.09,,0.0023196870226720413,230706417.0,DaveSkender/Stock.Indicators,C#
tests/Library/Common/Pruning/PruningList.Tests.cs,5,callable,ok,Utilities.PruningListTests.RemoveAll_WithActiveHead_RemovesMatchingLiveItems,Utilities.PruningListTests.RemoveAll_WithActiveHead_RemovesMatchingLiveItems,26994347706307dbe4b0c3cb8c5905d10bc22c03,2026-08-09T00:39:06-04:00,26994347706307dbe4b0c3cb8c5905d10bc22c03,2026-08-09T00:39:06-04:00,1,8,0.058823529411764705,,,False,False,0,1,0.0,431.09,,0.0023196870226720413,230706417.0,DaveSkender/Stock.Indicators,C#
tests/Library/Common/Pruning/PruningList.Tests.cs,6,callable,ok,Utilities.PruningListTests.IndexOf_WithActiveHead_ReturnsLiveRelativeIndex,Utilities.PruningListTests.IndexOf_WithActiveHead_ReturnsLiveRelativeIndex,26994347706307dbe4b0c3cb8c5905d10bc22c03,2026-08-09T00:39:06-04:00,26994347706307dbe4b0c3cb8c5905d10bc22c03,2026-08-09T00:39:06-04:00,1,8,0.05555555555555555,,,False,False,0,1,0.0,431.09,,0.0023196870226720413,230706417.0,DaveSkender/Stock.Indicators,C#
tests/Library/Common/Pruning/PruningList.Tests.cs,7,callable,ok,Utilities.PruningListTests.Remove_LiveItem_RemovesAndReturnsTrue,Utilities.PruningListTests.Remove_LiveItem_RemovesAndReturnsTrue,26994347706307dbe4b0c3cb8c5905d10bc22c03,2026-08-09T00:39:06-04:00,26994347706307dbe4b0c3cb8c5905d10bc22c03,2026-08-09T00:39:06-04:00,1,8,0.07142857142857142,,,False,False,0,1,0.0,431.09,,0.0023196870226720413,230706417.0,DaveSkender/Stock.Indicators,C#
tests/Library/Common/Pruning/PruningList.Tests.cs,8,callable,ok,Utilities.PruningListTests.ToArrayAndCopyTo_ReturnLiveWindowOnly,Utilities.PruningListTests.ToArrayAndCopyTo_ReturnLiveWindowOnly,26994347706307dbe4b0c3cb8c5905d10bc22c03,2026-08-09T00:39:06-04:00,26994347706307dbe4b0c3cb8c5905d10bc22c03,2026-08-09T00:39:06-04:00,1,8,0.05555555555555555,,,False,False,0,1,0.0,431.09,,0.0023196870226720413,230706417.0,DaveSkender/Stock.Indicators,C#
tests/Library/Common/Pruning/PruningList.Tests.cs,9,callable,ok,Utilities.PruningListTests.Clear_ResetsCountAndHead,Utilities.PruningListTests.Clear_ResetsCountAndHead,26994347706307dbe4b0c3cb8c5905d10bc22c03,2026-08-09T00:39:06-04:00,26994347706307dbe4b0c3cb8c5905d10bc22c03,2026-08-09T00:39:06-04:00,1,8,0.05555555555555555,,,False,False,0,1,0.0,431.09,,0.0023196870226720413,230706417.0,DaveSkender/Stock.Indicators,C#
tests/Library/Common/Pruning/PruningList.Tests.cs,10,callable,ok,Utilities.PruningListTests.Indexer_OutOfRange_Throws,Utilities.PruningListTests.Indexer_OutOfRange_Throws,26994347706307dbe4b0c3cb8c5905d10bc22c03,2026-08-09T00:39:06-04:00,26994347706307dbe4b0c3cb8c5905d10bc22c03,2026-08-09T00:39:06-04:00,1,8,0.1,,,False,False,0,1,0.0,431.09,,0.0023196870226720413,230706417.0,DaveSkender/Stock.Indicators,C#
tests/Library/Common/Pruning/PruningList.Tests.cs,11,callable,ok,Utilities.PruningListTests.RemoveRange_BeyondLiveWindow_Throws,Utilities.PruningListTests.RemoveRange_BeyondLiveWindow_Throws,26994347706307dbe4b0c3cb8c5905d10bc22c03,2026-08-09T00:39:06-04:00,26994347706307dbe4b0c3cb8c5905d10bc22c03,2026-08-09T00:39:06-04:00,1,8,0.07692307692307693,,,False,False,0,1,0.0,431.09,,0.0023196870226720413,230706417.0,DaveSkender/Stock.Indicators,C#
tests/Library/Common/Pruning/PruningList.Tests.cs,12,callable,ok,Utilities.PruningListTests.Enumerate_WhenModified_Throws,Utilities.PruningListTests.Enumerate_WhenModified_Throws,26994347706307dbe4b0c3cb8c5905d10bc22c03,2026-08-09T00:39:06-04:00,26994347706307dbe4b0c3cb8c5905d10bc22c03,2026-08-09T00:39:06-04:00,1,8,0.05263157894736842,,,False,False,0,1,0.0,431.09,,0.0023196870226720413,230706417.0,DaveSkender/Stock.Indicators,C#
tests/Library/Common/Pruning/PruningList.Tests.cs,13,callable,ok,Utilities.PruningListTests.AsReadOnly_ReflectsLiveWindowAndIsImmutable,Utilities.PruningListTests.AsReadOnly_ReflectsLiveWindowAndIsImmutable,26994347706307dbe4b0c3cb8c5905d10bc22c03,2026-08-09T00:39:06-04:00,26994347706307dbe4b0c3cb8c5905d10bc22c03,2026-08-09T00:39:06-04:00,1,8,0.05,,,False,False,0,1,0.0,431.09,,0.0023196870226720413,230706417.0,DaveSkender/Stock.Indicators,C#
tests/Library/Common/Pruning/PruningList.Tests.cs,14,callable,ok,Utilities.PruningListTests.StreamingPrune_AtSteadyState_MatchesSlidingWindowOracle,Utilities.PruningListTests.StreamingPrune_AtSteadyState_MatchesSlidingWindowOracle,26994347706307dbe4b0c3cb8c5905d10bc22c03,2026-08-09T00:39:06-04:00,26994347706307dbe4b0c3cb8c5905d10bc22c03,2026-08-09T00:39:06-04:00,1,8,0.037037037037037035,,,False,False,0,1,0.0,431.09,,0.0023196870226720413,230706417.0,DaveSkender/Stock.Indicators,C#
tests/Library/Common/StreamHub/HubCollection.Tests.cs,0,class,ok,StreamHubs.HubCollectionTests,StreamHubs.HubCollectionTests,2bbb486c7f3eb550747d42bf0cfc6a602ce16772,2026-07-06T05:29:09-04:00,2bbb486c7f3eb550747d42bf0cfc6a602ce16772,2026-07-06T05:29:09-04:00,1,42,0.003472222222222222,,,False,False,0,1,0.0,397.29,,0.002517027296374458,230706417.0,DaveSkender/Stock.Indicators,C#
tests/Library/Common/StreamHub/HubCollection.Tests.cs,0,callable,ok,StreamHubs.HubCollectionTests.HubCollection_Ctor_Defaults,StreamHubs.HubCollectionTests.HubCollection_Ctor_Defaults,2bbb486c7f3eb550747d42bf0cfc6a602ce16772,2026-07-06T05:29:09-04:00,2bbb486c7f3eb550747d42bf0cfc6a602ce16772,2026-07-06T05:29:09-04:00,1,42,0.1,,,False,False,0,1,0.0,397.29,,0.002517027296374458,230706417.0,DaveSkender/Stock.Indicators,C#
tests/Library/Common/StreamHub/HubCollection.Tests.cs,1,callable,ok,StreamHubs.HubCollectionTests.HubCollection_InitializeAsCollection_MixedHubTypes,StreamHubs.HubCollectionTests.HubCollection_InitializeAsCollection_MixedHubTypes,2bbb486c7f3eb550747d42bf0cfc6a602ce16772,2026-07-06T05:29:09-04:00,2bbb486c7f3eb550747d42bf0cfc6a602ce16772,2026-07-06T05:29:09-04:00,1,42,0.03333333333333333,,,False,False,0,1,0.0,397.29,,0.002517027296374458,230706417.0,DaveSkender/Stock.Indicators,C#
tests/Library/Common/StreamHub/HubCollection.Tests.cs,2,callable,ok,StreamHubs.HubCollectionTests.HubCollection_UsingCtorWithEnumerable_HasHubRefs,StreamHubs.HubCollectionTests.HubCollection_UsingCtorWithEnumerable_HasHubRefs,2bbb486c7f3eb550747d42bf0cfc6a602ce16772,2026-07-06T05:29:09-04:00,2bbb486c7f3eb550747d42bf0cfc6a602ce16772,2026-07-06T05:29:09-04:00,1,42,0.041666666666666664,,,False,False,0,1,0.0,397.29,,0.002517027296374458,230706417.0,DaveSkender/Stock.Indicators,C#
tests/Library/Common/StreamHub/HubCollection.Tests.cs,3,callable,ok,StreamHubs.HubCollectionTests.HubCollection_UseCtorWithList_HasHubRefs,StreamHubs.HubCollectionTests.HubCollection_UseCtorWithList_HasHubRefs,2bbb486c7f3eb550747d42bf0cfc6a602ce16772,2026-07-06T05:29:09-04:00,2bbb486c7f3eb550747d42bf0cfc6a602ce16772,2026-07-06T05:29:09-04:00,1,42,0.047619047619047616,,,False,False,0,1,0.0,397.29,,0.002517027296374458,230706417.0,DaveSkender/Stock.Indicators,C#
tests/Library/Common/StreamHub/HubCollection.Tests.cs,4,callable,ok,StreamHubs.HubCollectionTests.HubCollection_WithBarIncrements_HasCorrectResults,StreamHubs.HubCollectionTests.HubCollection_WithBarIncrements_HasCorrectResults,2bbb486c7f3eb550747d42bf0cfc6a602ce16772,2026-07-06T05:29:09-04:00,2bbb486c7f3eb550747d42bf0cfc6a602ce16772,2026-07-06T05:29:09-04:00,1,42,0.029411764705882353,,,False,False,0,1,0.0,397.29,,0.002517027296374458,230706417.0,DaveSkender/Stock.Indicators,C#
tests/Library/Common/StreamHub/HubCollection.Tests.cs,5,callable,ok,StreamHubs.HubCollectionTests.HubCollection_ResultsSnapshot_ReturnsLiveView,StreamHubs.HubCollectionTests.HubCollection_ResultsSnapshot_ReturnsLiveView,2bbb486c7f3eb550747d42bf0cfc6a602ce16772,2026-07-06T05:29:09-04:00,2bbb486c7f3eb550747d42bf0cfc6a602ce16772,2026-07-06T05:29:09-04:00,1,42,0.022727272727272728,,,False,False,0,1,0.0,397.29,,0.002517027296374458,230706417.0,DaveSkender/Stock.Indicators,C#
tests/Library/Common/StreamHub/HubCollection.Tests.cs,6,callable,ok,StreamHubs.HubCollectionTests.HubCollection_Results_ReturnsAllHubResults,StreamHubs.HubCollectionTests.HubCollection_Results_ReturnsAllHubResults,2bbb486c7f3eb550747d42bf0cfc6a602ce16772,2026-07-06T05:29:09-04:00,2bbb486c7f3eb550747d42bf0cfc6a602ce16772,2026-07-06T05:29:09-04:00,1,42,0.030303030303030304,,,False,False,0,1,0.0,397.29,,0.002517027296374458,230706417.0,DaveSkender/Stock.Indicators,C#
tests/Library/Common/StreamHub/HubCollection.Tests.cs,7,callable,ok,StreamHubs.HubCollectionTests.HubCollection_LastValues_ReturnsReusableValues,StreamHubs.HubCollectionTests.HubCollection_LastValues_ReturnsReusableValues,2bbb486c7f3eb550747d42bf0cfc6a602ce16772,2026-07-06T05:29:09-04:00,2bbb486c7f3eb550747d42bf0cfc6a602ce16772,2026-07-06T05:29:09-04:00,1,42,0.03333333333333333,,,False,False,0,1,0.0,397.29,,0.002517027296374458,230706417.0,DaveSkender/Stock.Indicators,C#
tests/Library/Common/StreamHub/HubCollection.Tests.cs,8,callable,ok,StreamHubs.HubCollectionTests.HubCollection_LastValues_WithNonReusable_ReturnsNaN,StreamHubs.HubCollectionTests.HubCollection_LastValues_WithNonReusable_ReturnsNaN,2bbb486c7f3eb550747d42bf0cfc6a602ce16772,2026-07-06T05:29:09-04:00,2bbb486c7f3eb550747d42bf0cfc6a602ce16772,2026-07-06T05:29:09-04:00,1,42,0.034482758620689655,,,False,False,0,1,0.0,397.29,,0.002517027296374458,230706417.0,DaveSkender/Stock.Indicators,C#
tests/Library/Common/StreamHub/HubCollection.Tests.cs,9,callable,ok,StreamHubs.HubCollectionTests.HubCollection_LastValues_WithEmptyResults_ReturnsNaN,StreamHubs.HubCollectionTests.HubCollection_LastValues_WithEmptyResults_ReturnsNaN,2bbb486c7f3eb550747d42bf0cfc6a602ce16772,2026-07-06T05:29:09-04:00,2bbb486c7f3eb550747d42bf0cfc6a602ce16772,2026-07-06T05:29:09-04:00,1,42,0.05,,,False,False,0,1,0.0,397.29,,0.002517027296374458,230706417.0,DaveSkender/Stock.Indicators,C#
tests/Library/Common/StreamHub/StreamHub.MutationGuard.Tests.cs,0,class,ok,Observables.MutationGuard,Observables.MutationGuard,2bbb486c7f3eb550747d42bf0cfc6a602ce16772,2026-07-06T05:29:09-04:00,2bbb486c7f3eb550747d42bf0cfc6a602ce16772,2026-07-06T05:29:09-04:00,1,42,0.003875968992248062,,,False,False,0,1,0.0,397.29,,0.002517027296374458,230706417.0,DaveSkender/Stock.Indicators,C#
tests/Library/Common/StreamHub/StreamHub.MutationGuard.Tests.cs,0,callable,ok,Observables.MutationGuard.RootHub_AllowsMutation,Observables.MutationGuard.RootHub_AllowsMutation,2bbb486c7f3eb550747d42bf0cfc6a602ce16772,2026-07-06T05:29:09-04:00,2bbb486c7f3eb550747d42bf0cfc6a602ce16772,2026-07-06T05:29:09-04:00,1,42,0.041666666666666664,,,False,False,0,1,0.0,397.29,,0.002517027296374458,230706417.0,DaveSkender/Stock.Indicators,C#
tests/Library/Common/StreamHub/StreamHub.MutationGuard.Tests.cs,1,callable,ok,Observables.MutationGuard.ConstructionTimeReinitialize_IsAllowed,Observables.MutationGuard.ConstructionTimeReinitialize_IsAllowed,2bbb486c7f3eb550747d42bf0cfc6a602ce16772,2026-07-06T05:29:09-04:00,2bbb486c7f3eb550747d42bf0cfc6a602ce16772,2026-07-06T05:29:09-04:00,1,42,0.058823529411764705,,,False,False,0,1,0.0,397.29,,0.002517027296374458,230706417.0,DaveSkender/Stock.Indicators,C#
tests/Library/Common/StreamHub/StreamHub.MutationGuard.Tests.cs,2,callable,ok,Observables.MutationGuard.Reinitialize_OnRootHub_RebuildsCleanlyWithoutThrowing,Observables.MutationGuard.Reinitialize_OnRootHub_RebuildsCleanlyWithoutThrowing,2bbb486c7f3eb550747d42bf0cfc6a602ce16772,2026-07-06T05:29:09-04:00,2bbb486c7f3eb550747d42bf0cfc6a602ce16772,2026-07-06T05:29:09-04:00,1,42,0.045454545454545456,,,False,False,0,1,0.0,397.29,,0.002517027296374458,230706417.0,DaveSkender/Stock.Indicators,C#
tests/Library/Common/StreamHub/StreamHub.MutationGuard.Tests.cs,3,callable,ok,Observables.MutationGuard.SubscribedHub_Add_Throws,Observables.MutationGuard.SubscribedHub_Add_Throws,2bbb486c7f3eb550747d42bf0cfc6a602ce16772,2026-07-06T05:29:09-04:00,2bbb486c7f3eb550747d42bf0cfc6a602ce16772,2026-07-06T05:29:09-04:00,1,42,0.0625,,,False,False,0,1,0.0,397.29,,0.002517027296374458,230706417.0,DaveSkender/Stock.Indicators,C#
tests/Library/Common/StreamHub/StreamHub.MutationGuard.Tests.cs,4,callable,ok,Observables.MutationGuard.SubscribedHub_RemoveAt_Throws,Observables.MutationGuard.SubscribedHub_RemoveAt_Throws,2bbb486c7f3eb550747d42bf0cfc6a602ce16772,2026-07-06T05:29:09-04:00,2bbb486c7f3eb550747d42bf0cfc6a602ce16772,2026-07-06T05:29:09-04:00,1,42,0.07692307692307693,,,False,False,0,1,0.0,397.29,,0.002517027296374458,230706417.0,DaveSkender/Stock.Indicators,C#
tests/Library/Common/StreamHub/StreamHub.MutationGuard.Tests.cs,5,callable,ok,Observables.MutationGuard.SubscribedHub_RemoveRange_Throws,Observables.MutationGuard.SubscribedHub_RemoveRange_Throws,2bbb486c7f3eb550747d42bf0cfc6a602ce16772,2026-07-06T05:29:09-04:00,2bbb486c7f3eb550747d42bf0cfc6a602ce16772,2026-07-06T05:29:09-04:00,1,42,0.0625,,,False,False,0,1,0.0,397.29,,0.002517027296374458,230706417.0,DaveSkender/Stock.Indicators,C#
tests/Library/Common/StreamHub/StreamHub.MutationGuard.Tests.cs,6,callable,ok,Observables.MutationGuard.SubscribedHub_Reinitialize_Throws,Observables.MutationGuard.SubscribedHub_Reinitialize_Throws,2bbb486c7f3eb550747d42bf0cfc6a602ce16772,2026-07-06T05:29:09-04:00,2bbb486c7f3eb550747d42bf0cfc6a602ce16772,2026-07-06T05:29:09-04:00,1,42,0.08333333333333333,,,False,False,0,1,0.0,397.29,,0.002517027296374458,230706417.0,DaveSkender/Stock.Indicators,C#
tests/Library/Common/StreamHub/StreamHub.MutationGuard.Tests.cs,7,callable,ok,Observables.MutationGuard.SubscribedHub_StaysInSyncDespiteGuard,Observables.MutationGuard.SubscribedHub_StaysInSyncDespiteGuard,2bbb486c7f3eb550747d42bf0cfc6a602ce16772,2026-07-06T05:29:09-04:00,2bbb486c7f3eb550747d42bf0cfc6a602ce16772,2026-07-06T05:29:09-04:00,1,42,0.03333333333333333,,,False,False,0,1,0.0,397.29,,0.002517027296374458,230706417.0,DaveSkender/Stock.Indicators,C#
tests/Library/Common/StreamHub/StreamHub.MutationGuard.Tests.cs,8,callable,ok,Observables.MutationGuard.RemoveByBar_RemovesByTimestamp_CascadesToObserver,Observables.MutationGuard.RemoveByBar_RemovesByTimestamp_CascadesToObserver,2bbb486c7f3eb550747d42bf0cfc6a602ce16772,2026-07-06T05:29:09-04:00,2bbb486c7f3eb550747d42bf0cfc6a602ce16772,2026-07-06T05:29:09-04:00,1,42,0.043478260869565216,,,False,False,0,1,0.0,397.29,,0.002517027296374458,230706417.0,DaveSkender/Stock.Indicators,C#
tests/Library/Common/StreamHub/StreamHub.MutationGuard.Tests.cs,9,callable,ok,Observables.MutationGuard.RemoveByBar_AbsentTimestamp_Throws,Observables.MutationGuard.RemoveByBar_AbsentTimestamp_Throws,2bbb486c7f3eb550747d42bf0cfc6a602ce16772,2026-07-06T05:29:09-04:00,2bbb486c7f3eb550747d42bf0cfc6a602ce16772,2026-07-06T05:29:09-04:00,1,42,0.07692307692307693,,,False,False,0,1,0.0,397.29,,0.002517027296374458,230706417.0,DaveSkender/Stock.Indicators,C#
tests/Library/Common/StreamHub/StreamHub.MutationGuard.Tests.cs,10,callable,ok,Observables.MutationGuard.RemoveByBar_Null_Throws,Observables.MutationGuard.RemoveByBar_Null_Throws,2bbb486c7f3eb550747d42bf0cfc6a602ce16772,2026-07-06T05:29:09-04:00,2bbb486c7f3eb550747d42bf0cfc6a602ce16772,2026-07-06T05:29:09-04:00,1,42,0.1,,,False,False,0,1,0.0,397.29,,0.002517027296374458,230706417.0,DaveSkender/Stock.Indicators,C#
tests/Library/Common/StreamHub/StreamHub.MutationGuard.Tests.cs,11,callable,ok,Observables.MutationGuard.RemoveByBar_OnSubscribedHub_Throws,Observables.MutationGuard.RemoveByBar_OnSubscribedHub_Throws,2bbb486c7f3eb550747d42bf0cfc6a602ce16772,2026-07-06T05:29:09-04:00,2bbb486c7f3eb550747d42bf0cfc6a602ce16772,2026-07-06T05:29:09-04:00,1,42,0.07692307692307693,,,False,False,0,1,0.0,397.29,,0.002517027296374458,230706417.0,DaveSkender/Stock.Indicators,C#
tests/Library/Common/StreamHub/StreamHub.MutationGuard.Tests.cs,12,callable,ok,Observables.MutationGuard.RemoveByTradeTick_RemovesByTimestamp,Observables.MutationGuard.RemoveByTradeTick_RemovesByTimestamp,2bbb486c7f3eb550747d42bf0cfc6a602ce16772,2026-07-06T05:29:09-04:00,2bbb486c7f3eb550747d42bf0cfc6a602ce16772,2026-07-06T05:29:09-04:00,1,42,0.04,,,False,False,0,1,0.0,397.29,,0.002517027296374458,230706417.0,DaveSkender/Stock.Indicators,C#
tests/Library/Common/StreamHub/StreamHub.Snapshot.Tests.cs,0,class,ok,Observables.Snapshot,Observables.Snapshot,2bbb486c7f3eb550747d42bf0cfc6a602ce16772,2026-07-06T05:29:09-04:00,2bbb486c7f3eb550747d42bf0cfc6a602ce16772,2026-07-06T05:29:09-04:00,1,42,0.009523809523809525,,,False,False,0,1,0.0,397.29,,0.002517027296374458,230706417.0,DaveSkender/Stock.Indicators,C#
tests/Library/Common/StreamHub/StreamHub.Snapshot.Tests.cs,0,callable,ok,Observables.Snapshot.Snapshot_MatchesResultsContent,Observables.Snapshot.Snapshot_MatchesResultsContent,2bbb486c7f3eb550747d42bf0cfc6a602ce16772,2026-07-06T05:29:09-04:00,2bbb486c7f3eb550747d42bf0cfc6a602ce16772,2026-07-06T05:29:09-04:00,1,42,0.06666666666666667,,,False,False,0,1,0.0,397.29,,0.002517027296374458,230706417.0,DaveSkender/Stock.Indicators,C#
tests/Library/Common/StreamHub/StreamHub.Snapshot.Tests.cs,1,callable,ok,Observables.Snapshot.Snapshot_IsDecoupledFromLiveCache,Observables.Snapshot.Snapshot_IsDecoupledFromLiveCache,2bbb486c7f3eb550747d42bf0cfc6a602ce16772,2026-07-06T05:29:09-04:00,2bbb486c7f3eb550747d42bf0cfc6a602ce16772,2026-07-06T05:29:09-04:00,1,42,0.045454545454545456,,,False,False,0,1,0.0,397.29,,0.002517027296374458,230706417.0,DaveSkender/Stock.Indicators,C#
tests/Library/Common/StreamHub/StreamHub.Snapshot.Tests.cs,2,callable,ok,Observables.Snapshot.Snapshot_IsNotTheLiveResultsInstance,Observables.Snapshot.Snapshot_IsNotTheLiveResultsInstance,2bbb486c7f3eb550747d42bf0cfc6a602ce16772,2026-07-06T05:29:09-04:00,2bbb486c7f3eb550747d42bf0cfc6a602ce16772,2026-07-06T05:29:09-04:00,1,42,0.07692307692307693,,,False,False,0,1,0.0,397.29,,0.002517027296374458,230706417.0,DaveSkender/Stock.Indicators,C#
tests/Library/Common/StreamHub/StreamHub.Snapshot.Tests.cs,3,callable,ok,Observables.Snapshot.Snapshot_ConcurrentWithAdds_NeverThrowsAndStaysConsistent,Observables.Snapshot.Snapshot_ConcurrentWithAdds_NeverThrowsAndStaysConsistent,2bbb486c7f3eb550747d42bf0cfc6a602ce16772,2026-07-06T05:29:09-04:00,2bbb486c7f3eb550747d42bf0cfc6a602ce16772,2026-07-06T05:29:09-04:00,1,42,0.021739130434782608,,,False,False,0,1,0.0,397.29,,0.002517027296374458,230706417.0,DaveSkender/Stock.Indicators,C#
tests/Library/Common/StreamHub/StreamHub.Stackoverflow.Tests.cs,0,class,ok,Observables.Stackoverflow,Observables.Stackoverflow,2bbb486c7f3eb550747d42bf0cfc6a602ce16772,2026-07-06T05:29:09-04:00,2bbb486c7f3eb550747d42bf0cfc6a602ce16772,2026-07-06T05:29:09-04:00,1,42,0.0037593984962406013,,,False,False,0,1,0.0,397.29,,0.002517027296374458,230706417.0,DaveSkender/Stock.Indicators,C#
tests/Library/Common/StreamHub/StreamHub.Stackoverflow.Tests.cs,0,callable,ok,Observables.Stackoverflow.FatLongStack,Observables.Stackoverflow.FatLongStack,2bbb486c7f3eb550747d42bf0cfc6a602ce16772,2026-07-06T05:29:09-04:00,2bbb486c7f3eb550747d42bf0cfc6a602ce16772,2026-07-06T05:29:09-04:00,1,42,0.013157894736842105,,,False,False,0,1,0.0,397.29,,0.002517027296374458,230706417.0,DaveSkender/Stock.Indicators,C#
tests/Library/Common/StreamHub/StreamHub.Stackoverflow.Tests.cs,1,callable,ok,Observables.Stackoverflow.ManyChainDepths,Observables.Stackoverflow.ManyChainDepths,2bbb486c7f3eb550747d42bf0cfc6a602ce16772,2026-07-06T05:29:09-04:00,2bbb486c7f3eb550747d42bf0cfc6a602ce16772,2026-07-06T05:29:09-04:00,1,42,0.012048192771084338,,,False,False,0,1,0.0,397.29,,0.002517027296374458,230706417.0,DaveSkender/Stock.Indicators,C#
tests/Library/Common/StreamHub/StreamHub.Stackoverflow.Tests.cs,2,callable,ok,Observables.Stackoverflow.ManySubscribers,Observables.Stackoverflow.ManySubscribers,2bbb486c7f3eb550747d42bf0cfc6a602ce16772,2026-07-06T05:29:09-04:00,2bbb486c7f3eb550747d42bf0cfc6a602ce16772,2026-07-06T05:29:09-04:00,1,42,0.011494252873563218,,,False,False,0,1,0.0,397.29,,0.002517027296374458,230706417.0,DaveSkender/Stock.Indicators,C#
tests/Library/Common/StreamHub/StreamHub.Stackoverflow.Tests.cs,3,callable,ok,Observables.Stackoverflow.HubRef,Observables.Stackoverflow.HubRef,2bbb486c7f3eb550747d42bf0cfc6a602ce16772,2026-07-06T05:29:09-04:00,2bbb486c7f3eb550747d42bf0cfc6a602ce16772,2026-07-06T05:29:09-04:00,1,42,0.125,,,False,False,0,1,0.0,397.29,,0.002517027296374458,230706417.0,DaveSkender/Stock.Indicators,C#
tests/Library/Indicators/a-b/Adl/AdlSeriesTests.cs,0,class,ok,StaticSeries.AdlSeriesTests,StaticSeries.AdlSeriesTests,2bbb486c7f3eb550747d42bf0cfc6a602ce16772,2026-07-06T05:29:09-04:00,2bbb486c7f3eb550747d42bf0cfc6a602ce16772,2026-07-06T05:29:09-04:00,1,42,0.0125,,,False,False,0,1,0.0,397.29,,0.002517027296374458,230706417.0,DaveSkender/Stock.Indicators,C#
tests/Library/Indicators/a-b/Adl/AdlSeriesTests.cs,0,callable,ok,StaticSeries.AdlSeriesTests.DefaultParameters_ReturnsExpectedResults,StaticSeries.AdlSeriesTests.DefaultParameters_ReturnsExpectedResults,2bbb486c7f3eb550747d42bf0cfc6a602ce16772,2026-07-06T05:29:09-04:00,2bbb486c7f3eb550747d42bf0cfc6a602ce16772,2026-07-06T05:29:09-04:00,1,42,0.05,,,False,False,0,1,0.0,397.29,,0.002517027296374458,230706417.0,DaveSkender/Stock.Indicators,C#
tests/Library/Indicators/a-b/Adl/AdlSeriesTests.cs,1,callable,ok,StaticSeries.AdlSeriesTests.ChainFromResults_ToSma_ReturnsExpectedResult,StaticSeries.AdlSeriesTests.ChainFromResults_ToSma_ReturnsExpectedResult,2bbb486c7f3eb550747d42bf0cfc6a602ce16772,2026-07-06T05:29:09-04:00,2bbb486c7f3eb550747d42bf0cfc6a602ce16772,2026-07-06T05:29:09-04:00,1,42,0.07692307692307693,,,False,False,0,1,0.0,397.29,,0.002517027296374458,230706417.0,DaveSkender/Stock.Indicators,C#
tests/Library/Indicators/a-b/Adl/AdlSeriesTests.cs,2,callable,ok,StaticSeries.AdlSeriesTests.BadBars_DoesNotFail,StaticSeries.AdlSeriesTests.BadBars_DoesNotFail,2bbb486c7f3eb550747d42bf0cfc6a602ce16772,2026-07-06T05:29:09-04:00,2bbb486c7f3eb550747d42bf0cfc6a602ce16772,2026-07-06T05:29:09-04:00,1,42,0.1111111111111111,,,False,False,0,1,0.0,397.29,,0.002517027296374458,230706417.0,DaveSkender/Stock.Indicators,C#
tests/Library/Indicators/a-b/Adl/AdlSeriesTests.cs,3,callable,ok,StaticSeries.AdlSeriesTests.BigBarValues_DoesNotFail,StaticSeries.AdlSeriesTests.BigBarValues_DoesNotFail,2bbb486c7f3eb550747d42bf0cfc6a602ce16772,2026-07-06T05:29:09-04:00,2bbb486c7f3eb550747d42bf0cfc6a602ce16772,2026-07-06T05:29:09-04:00,1,42,0.125,,,False,False,0,1,0.0,397.29,,0.002517027296374458,230706417.0,DaveSkender/Stock.Indicators,C#
tests/Library/Indicators/a-b/Adl/AdlSeriesTests.cs,4,callable,ok,StaticSeries.AdlSeriesTests.RandomBars_WorksAsExpected,StaticSeries.AdlSeriesTests.RandomBars_WorksAsExpected,2bbb486c7f3eb550747d42bf0cfc6a602ce16772,2026-07-06T05:29:09-04:00,2bbb486c7f3eb550747d42bf0cfc6a602ce16772,2026-07-06T05:29:09-04:00,1,42,0.125,,,False,False,0,1,0.0,397.29,,0.002517027296374458,230706417.0,DaveSkender/Stock.Indicators,C#
tests/Library/Indicators/a-b/Adl/AdlSeriesTests.cs,5,callable,ok,StaticSeries.AdlSeriesTests.NoBars_ReturnsEmpty,StaticSeries.AdlSeriesTests.NoBars_ReturnsEmpty,2bbb486c7f3eb550747d42bf0cfc6a602ce16772,2026-07-06T05:29:09-04:00,2bbb486c7f3eb550747d42bf0cfc6a602ce16772,2026-07-06T05:29:09-04:00,1,42,0.07692307692307693,,,False,False,0,1,0.0,397.29,,0.002517027296374458,230706417.0,DaveSkender/Stock.Indicators,C#
tests/Library/Indicators/a-b/Alligator/AlligatorHubTests.cs,0,class,ok,StreamHubs.AlligatorHubTests,StreamHubs.AlligatorHubTests,2bbb486c7f3eb550747d42bf0cfc6a602ce16772,2026-07-06T05:29:09-04:00,2bbb486c7f3eb550747d42bf0cfc6a602ce16772,2026-07-06T05:29:09-04:00,1,42,0.006802721088435374,,,False,False,0,1,0.0,397.29,,0.002517027296374458,230706417.0,DaveSkender/Stock.Indicators,C#
tests/Library/Indicators/a-b/Alligator/AlligatorHubTests.cs,0,callable,ok,StreamHubs.AlligatorHubTests.BarObserver_WithWarmupLateArrivalAndRemoval_MatchesSeriesExactly,StreamHubs.AlligatorHubTests.BarObserver_WithWarmupLateArrivalAndRemoval_MatchesSeriesExactly,2bbb486c7f3eb550747d42bf0cfc6a602ce16772,2026-07-06T05:29:09-04:00,2bbb486c7f3eb550747d42bf0cfc6a602ce16772,2026-07-06T05:29:09-04:00,1,42,0.022222222222222223,,,False,False,0,1,0.0,397.29,,0.002517027296374458,230706417.0,DaveSkender/Stock.Indicators,C#
tests/Library/Indicators/a-b/Alligator/AlligatorHubTests.cs,1,callable,ok,StreamHubs.AlligatorHubTests.WithCachePruning_MatchesSeriesExactly,StreamHubs.AlligatorHubTests.WithCachePruning_MatchesSeriesExactly,2bbb486c7f3eb550747d42bf0cfc6a602ce16772,2026-07-06T05:29:09-04:00,2bbb486c7f3eb550747d42bf0cfc6a602ce16772,2026-07-06T05:29:09-04:00,1,42,0.03333333333333333,,,False,False,0,1,0.0,397.29,,0.002517027296374458,230706417.0,DaveSkender/Stock.Indicators,C#
tests/Library/Indicators/a-b/Alligator/AlligatorHubTests.cs,2,callable,ok,StreamHubs.AlligatorHubTests.ChainObserver_ChainedProvider_MatchesSeriesExactly,StreamHubs.AlligatorHubTests.ChainObserver_ChainedProvider_MatchesSeriesExactly,2bbb486c7f3eb550747d42bf0cfc6a602ce16772,2026-07-06T05:29:09-04:00,2bbb486c7f3eb550747d42bf0cfc6a602ce16772,2026-07-06T05:29:09-04:00,1,42,0.01694915254237288,,,False,False,0,1,0.0,397.29,,0.002517027296374458,230706417.0,DaveSkender/Stock.Indicators,C#
tests/Library/Indicators/a-b/Alligator/AlligatorHubTests.cs,3,callable,ok,StreamHubs.AlligatorHubTests.ToStringOverride_ReturnsExpectedName,StreamHubs.AlligatorHubTests.ToStringOverride_ReturnsExpectedName,2bbb486c7f3eb550747d42bf0cfc6a602ce16772,2026-07-06T05:29:09-04:00,2bbb486c7f3eb550747d42bf0cfc6a602ce16772,2026-07-06T05:29:09-04:00,1,42,0.16666666666666666,,,False,False,0,1,0.0,397.29,,0.002517027296374458,230706417.0,DaveSkender/Stock.Indicators,C#
tests/Library/Indicators/a-b/Alligator/AlligatorRegressionTests.cs,0,class,ok,Regression.AlligatorRegressionTests,Regression.AlligatorRegressionTests,2bbb486c7f3eb550747d42bf0cfc6a602ce16772,2026-07-06T05:29:09-04:00,2bbb486c7f3eb550747d42bf0cfc6a602ce16772,2026-07-06T05:29:09-04:00,1,42,0.07142857142857142,,,False,False,0,1,0.0,397.29,,0.002517027296374458,230706417.0,DaveSkender/Stock.Indicators,C#
tests/Library/Indicators/a-b/Alligator/AlligatorRegressionTests.cs,0,callable,ok,Regression.AlligatorRegressionTests.AlligatorRegressionTests,Regression.AlligatorRegressionTests.AlligatorRegressionTests,2bbb486c7f3eb550747d42bf0cfc6a602ce16772,2026-07-06T05:29:09-04:00,2bbb486c7f3eb550747d42bf0cfc6a602ce16772,2026-07-06T05:29:09-04:00,1,42,1.0,,,False,False,0,1,0.0,397.29,,0.002517027296374458,230706417.0,DaveSkender/Stock.Indicators,C#
tests/Library/Indicators/a-b/Alligator/AlligatorRegressionTests.cs,1,callable,ok,Regression.AlligatorRegressionTests.Series_AgainstBaseline_MatchesExactly,Regression.AlligatorRegressionTests.Series_AgainstBaseline_MatchesExactly,2bbb486c7f3eb550747d42bf0cfc6a602ce16772,2026-07-06T05:29:09-04:00,2bbb486c7f3eb550747d42bf0cfc6a602ce16772,2026-07-06T05:29:09-04:00,1,42,0.5,,,False,False,0,1,0.0,397.29,,0.002517027296374458,230706417.0,DaveSkender/Stock.Indicators,C#
tests/Library/Indicators/a-b/Alligator/AlligatorRegressionTests.cs,2,callable,ok,Regression.AlligatorRegressionTests.Buffer_AgainstBaseline_MatchesExactly,Regression.AlligatorRegressionTests.Buffer_AgainstBaseline_MatchesExactly,2bbb486c7f3eb550747d42bf0cfc6a602ce16772,2026-07-06T05:29:09-04:00,2bbb486c7f3eb550747d42bf0cfc6a602ce16772,2026-07-06T05:29:09-04:00,1,42,0.5,,,False,False,0,1,0.0,397.29,,0.002517027296374458,230706417.0,DaveSkender/Stock.Indicators,C#
tests/Library/Indicators/a-b/Alligator/AlligatorRegressionTests.cs,3,callable,ok,Regression.AlligatorRegressionTests.Stream_AgainstBaseline_MatchesExactly,Regression.AlligatorRegressionTests.Stream_AgainstBaseline_MatchesExactly,2bbb486c7f3eb550747d42bf0cfc6a602ce16772,2026-07-06T05:29:09-04:00,2bbb486c7f3eb550747d42bf0cfc6a602ce16772,2026-07-06T05:29:09-04:00,1,42,0.5,,,False,False,0,1,0.0,397.29,,0.002517027296374458,230706417.0,DaveSkender/Stock.Indicators,C#
tests/Library/Indicators/a-b/Alma/AlmaHubTests.cs,0,class,ok,StreamHubs.AlmaHubTests,StreamHubs.AlmaHubTests,2bbb486c7f3eb550747d42bf0cfc6a602ce16772,2026-07-06T05:29:09-04:00,2bbb486c7f3eb550747d42bf0cfc6a602ce16772,2026-07-06T05:29:09-04:00,1,42,0.0033112582781456954,,,False,False,0,1,0.0,397.29,,0.002517027296374458,230706417.0,DaveSkender/Stock.Indicators,C#
tests/Library/Indicators/a-b/Alma/AlmaHubTests.cs,0,callable,ok,StreamHubs.AlmaHubTests.BarObserver_WithWarmupLateArrivalAndRemoval_MatchesSeriesExactly,StreamHubs.AlmaHubTests.BarObserver_WithWarmupLateArrivalAndRemoval_MatchesSeriesExactly,2bbb486c7f3eb550747d42bf0cfc6a602ce16772,2026-07-06T05:29:09-04:00,2bbb486c7f3eb550747d42bf0cfc6a602ce16772,2026-07-06T05:29:09-04:00,1,42,0.022222222222222223,,,False,False,0,1,0.0,397.29,,0.002517027296374458,230706417.0,DaveSkender/Stock.Indicators,C#
tests/Library/Indicators/a-b/Alma/AlmaHubTests.cs,1,callable,ok,StreamHubs.AlmaHubTests.WithCachePruning_MatchesSeriesExactly,StreamHubs.AlmaHubTests.WithCachePruning_MatchesSeriesExactly,2bbb486c7f3eb550747d42bf0cfc6a602ce16772,2026-07-06T05:29:09-04:00,2bbb486c7f3eb550747d42bf0cfc6a602ce16772,2026-07-06T05:29:09-04:00,1,42,0.03333333333333333,,,False,False,0,1,0.0,397.29,,0.002517027296374458,230706417.0,DaveSkender/Stock.Indicators,C#
tests/Library/Indicators/a-b/Alma/AlmaHubTests.cs,2,callable,ok,StreamHubs.AlmaHubTests.ChainObserver_ChainedProvider_MatchesSeriesExactly,StreamHubs.AlmaHubTests.ChainObserver_ChainedProvider_MatchesSeriesExactly,2bbb486c7f3eb550747d42bf0cfc6a602ce16772,2026-07-06T05:29:09-04:00,2bbb486c7f3eb550747d42bf0cfc6a602ce16772,2026-07-06T05:29:09-04:00,1,42,0.023809523809523808,,,False,False,0,1,0.0,397.29,,0.002517027296374458,230706417.0,DaveSkender/Stock.Indicators,C#
tests/Library/Indicators/a-b/Alma/AlmaHubTests.cs,3,callable,ok,StreamHubs.AlmaHubTests.ChainProvider_MatchesSeriesExactly,StreamHubs.AlmaHubTests.ChainProvider_MatchesSeriesExactly,2bbb486c7f3eb550747d42bf0cfc6a602ce16772,2026-07-06T05:29:09-04:00,2bbb486c7f3eb550747d42bf0cfc6a602ce16772,2026-07-06T05:29:09-04:00,1,42,0.02127659574468085,,,False,False,0,1,0.0,397.29,,0.002517027296374458,230706417.0,DaveSkender/Stock.Indicators,C#
tests/Library/Indicators/a-b/Alma/AlmaHubTests.cs,4,callable,ok,StreamHubs.AlmaHubTests.ToStringOverride_ReturnsExpectedName,StreamHubs.AlmaHubTests.ToStringOverride_ReturnsExpectedName,2bbb486c7f3eb550747d42bf0cfc6a602ce16772,2026-07-06T05:29:09-04:00,2bbb486c7f3eb550747d42bf0cfc6a602ce16772,2026-07-06T05:29:09-04:00,1,42,0.1,,,False,False,0,1,0.0,397.29,,0.002517027296374458,230706417.0,DaveSkender/Stock.Indicators,C#
tests/Library/Indicators/a-b/Alma/AlmaHubTests.cs,5,callable,ok,StreamHubs.AlmaHubTests.AlmaHub_ParameterCombinations_MatchesSeriesExactly,StreamHubs.AlmaHubTests.AlmaHub_ParameterCombinations_MatchesSeriesExactly,2bbb486c7f3eb550747d42bf0cfc6a602ce16772,2026-07-06T05:29:09-04:00,2bbb486c7f3eb550747d42bf0cfc6a602ce16772,2026-07-06T05:29:09-04:00,1,42,0.022727272727272728,,,False,False,0,1,0.0,397.29,,0.002517027296374458,230706417.0,DaveSkender/Stock.Indicators,C#
tests/Library/Indicators/a-b/Alma/AlmaHubTests.cs,6,callable,ok,StreamHubs.AlmaHubTests.Reinitialize_OnSubscribedHub_Throws,StreamHubs.AlmaHubTests.Reinitialize_OnSubscribedHub_Throws,2bbb486c7f3eb550747d42bf0cfc6a602ce16772,2026-07-06T05:29:09-04:00,2bbb486c7f3eb550747d42bf0cfc6a602ce16772,2026-07-06T05:29:09-04:00,1,42,0.022727272727272728,,,False,False,0,1,0.0,397.29,,0.002517027296374458,230706417.0,DaveSkender/Stock.Indicators,C#
tests/Library/Indicators/a-b/Alma/AlmaHubTests.cs,7,callable,ok,StreamHubs.AlmaHubTests.AlmaHub_InvalidParameters_ThrowsArgumentOutOfRangeException,StreamHubs.AlmaHubTests.AlmaHub_InvalidParameters_ThrowsArgumentOutOfRangeException,2bbb486c7f3eb550747d42bf0cfc6a602ce16772,2026-07-06T05:29:09-04:00,2bbb486c7f3eb550747d42bf0cfc6a602ce16772,2026-07-06T05:29:09-04:00,1,42,0.034482758620689655,,,False,False,0,1,0.0,397.29,,0.002517027296374458,230706417.0,DaveSkender/Stock.Indicators,C#
tests/Library/Indicators/a-b/Aroon/AroonCatalogTests.cs,0,class,ok,Catalogging.AroonCatalogTests,Catalogging.AroonCatalogTests,2bbb486c7f3eb550747d42bf0cfc6a602ce16772,2026-07-06T05:29:09-04:00,2bbb486c7f3eb550747d42bf0cfc6a602ce16772,2026-07-06T05:29:09-04:00,1,42,0.008928571428571428,,,False,False,0,1,0.0,397.29,,0.002517027296374458,230706417.0,DaveSkender/Stock.Indicators,C#
tests/Library/Indicators/a-b/Aroon/AroonCatalogTests.cs,0,callable,ok,Catalogging.AroonCatalogTests.AroonSeries_InCatalog_ReturnsAllVariants,Catalogging.AroonCatalogTests.AroonSeries_InCatalog_ReturnsAllVariants,2bbb486c7f3eb550747d42bf0cfc6a602ce16772,2026-07-06T05:29:09-04:00,2bbb486c7f3eb550747d42bf0cfc6a602ce16772,2026-07-06T05:29:09-04:00,1,42,0.027777777777777776,,,False,False,0,1,0.0,397.29,,0.002517027296374458,230706417.0,DaveSkender/Stock.Indicators,C#
tests/Library/Indicators/a-b/Aroon/AroonCatalogTests.cs,1,callable,ok,Catalogging.AroonCatalogTests.AroonStream_InCatalog_ReturnsAllVariants,Catalogging.AroonCatalogTests.AroonStream_InCatalog_ReturnsAllVariants,2bbb486c7f3eb550747d42bf0cfc6a602ce16772,2026-07-06T05:29:09-04:00,2bbb486c7f3eb550747d42bf0cfc6a602ce16772,2026-07-06T05:29:09-04:00,1,42,0.027777777777777776,,,False,False,0,1,0.0,397.29,,0.002517027296374458,230706417.0,DaveSkender/Stock.Indicators,C#
tests/Library/Indicators/a-b/Aroon/AroonCatalogTests.cs,2,callable,ok,Catalogging.AroonCatalogTests.AroonBuffer_InCatalog_ReturnsAllVariants,Catalogging.AroonCatalogTests.AroonBuffer_InCatalog_ReturnsAllVariants,2bbb486c7f3eb550747d42bf0cfc6a602ce16772,2026-07-06T05:29:09-04:00,2bbb486c7f3eb550747d42bf0cfc6a602ce16772,2026-07-06T05:29:09-04:00,1,42,0.027777777777777776,,,False,False,0,1,0.0,397.29,,0.002517027296374458,230706417.0,DaveSkender/Stock.Indicators,C#
tests/Library/Indicators/a-b/Aroon/AroonHubTests.cs,0,class,ok,StreamHubs.AroonHubTests,StreamHubs.AroonHubTests,2bbb486c7f3eb550747d42bf0cfc6a602ce16772,2026-07-06T05:29:09-04:00,2bbb486c7f3eb550747d42bf0cfc6a602ce16772,2026-07-06T05:29:09-04:00,1,42,0.00625,,,False,False,0,1,0.0,397.29,,0.002517027296374458,230706417.0,DaveSkender/Stock.Indicators,C#
tests/Library/Indicators/a-b/Aroon/AroonHubTests.cs,0,callable,ok,StreamHubs.AroonHubTests.Results_AreAlwaysBounded,StreamHubs.AroonHubTests.Results_AreAlwaysBounded,2bbb486c7f3eb550747d42bf0cfc6a602ce16772,2026-07-06T05:29:09-04:00,2bbb486c7f3eb550747d42bf0cfc6a602ce16772,2026-07-06T05:29:09-04:00,1,42,0.125,,,False,False,0,1,0.0,397.29,,0.002517027296374458,230706417.0,DaveSkender/Stock.Indicators,C#
tests/Library/Indicators/a-b/Aroon/AroonHubTests.cs,1,callable,ok,StreamHubs.AroonHubTests.Boundary_WithRandomBars_StaysWithinBounds,StreamHubs.AroonHubTests.Boundary_WithRandomBars_StaysWithinBounds,2bbb486c7f3eb550747d42bf0cfc6a602ce16772,2026-07-06T05:29:09-04:00,2bbb486c7f3eb550747d42bf0cfc6a602ce16772,2026-07-06T05:29:09-04:00,1,42,0.08333333333333333,,,False,False,0,1,0.0,397.29,,0.002517027296374458,230706417.0,DaveSkender/Stock.Indicators,C#
tests/Library/Indicators/a-b/Aroon/AroonHubTests.cs,2,callable,ok,StreamHubs.AroonHubTests.BarObserver_WithWarmupLateArrivalAndRemoval_MatchesSeriesExactly,StreamHubs.AroonHubTests.BarObserver_WithWarmupLateArrivalAndRemoval_MatchesSeriesExactly,2bbb486c7f3eb550747d42bf0cfc6a602ce16772,2026-07-06T05:29:09-04:00,2bbb486c7f3eb550747d42bf0cfc6a602ce16772,2026-07-06T05:29:09-04:00,1,42,0.01818181818181818,,,False,False,0,1,0.0,397.29,,0.002517027296374458,230706417.0,DaveSkender/Stock.Indicators,C#
tests/Library/Indicators/a-b/Aroon/AroonHubTests.cs,3,callable,ok,StreamHubs.AroonHubTests.WithCachePruning_MatchesSeriesExactly,StreamHubs.AroonHubTests.WithCachePruning_MatchesSeriesExactly,2bbb486c7f3eb550747d42bf0cfc6a602ce16772,2026-07-06T05:29:09-04:00,2bbb486c7f3eb550747d42bf0cfc6a602ce16772,2026-07-06T05:29:09-04:00,1,42,0.03333333333333333,,,False,False,0,1,0.0,397.29,,0.002517027296374458,230706417.0,DaveSkender/Stock.Indicators,C#
tests/Library/Indicators/a-b/Aroon/AroonHubTests.cs,4,callable,ok,StreamHubs.AroonHubTests.ToStringOverride_ReturnsExpectedName,StreamHubs.AroonHubTests.ToStringOverride_ReturnsExpectedName,2bbb486c7f3eb550747d42bf0cfc6a602ce16772,2026-07-06T05:29:09-04:00,2bbb486c7f3eb550747d42bf0cfc6a602ce16772,2026-07-06T05:29:09-04:00,1,42,0.16666666666666666,,,False,False,0,1,0.0,397.29,,0.002517027296374458,230706417.0,DaveSkender/Stock.Indicators,C#
tests/Library/Indicators/a-b/Aroon/AroonHubTests.cs,5,callable,ok,StreamHubs.AroonHubTests.ChainProvider_MatchesSeriesExactly,StreamHubs.AroonHubTests.ChainProvider_MatchesSeriesExactly,2bbb486c7f3eb550747d42bf0cfc6a602ce16772,2026-07-06T05:29:09-04:00,2bbb486c7f3eb550747d42bf0cfc6a602ce16772,2026-07-06T05:29:09-04:00,1,42,0.025,,,False,False,0,1,0.0,397.29,,0.002517027296374458,230706417.0,DaveSkender/Stock.Indicators,C#
tests/Library/Indicators/a-b/Awesome/AwesomeHubTests.cs,0,class,ok,StreamHubs.AwesomeHubTests,StreamHubs.AwesomeHubTests,2bbb486c7f3eb550747d42bf0cfc6a602ce16772,2026-07-06T05:29:09-04:00,2bbb486c7f3eb550747d42bf0cfc6a602ce16772,2026-07-06T05:29:09-04:00,1,42,0.005405405405405406,,,False,False,0,1,0.0,397.29,,0.002517027296374458,230706417.0,DaveSkender/Stock.Indicators,C#
tests/Library/Indicators/a-b/Awesome/AwesomeHubTests.cs,0,callable,ok,StreamHubs.AwesomeHubTests.BarObserver_WithWarmupLateArrivalAndRemoval_MatchesSeriesExactly,StreamHubs.AwesomeHubTests.BarObserver_WithWarmupLateArrivalAndRemoval_MatchesSeriesExactly,2bbb486c7f3eb550747d42bf0cfc6a602ce16772,2026-07-06T05:29:09-04:00,2bbb486c7f3eb550747d42bf0cfc6a602ce16772,2026-07-06T05:29:09-04:00,1,42,0.01818181818181818,,,False,False,0,1,0.0,397.29,,0.002517027296374458,230706417.0,DaveSkender/Stock.Indicators,C#
tests/Library/Indicators/a-b/Awesome/AwesomeHubTests.cs,1,callable,ok,StreamHubs.AwesomeHubTests.WithCachePruning_MatchesSeriesExactly,StreamHubs.AwesomeHubTests.WithCachePruning_MatchesSeriesExactly,2bbb486c7f3eb550747d42bf0cfc6a602ce16772,2026-07-06T05:29:09-04:00,2bbb486c7f3eb550747d42bf0cfc6a602ce16772,2026-07-06T05:29:09-04:00,1,42,0.03333333333333333,,,False,False,0,1,0.0,397.29,,0.002517027296374458,230706417.0,DaveSkender/Stock.Indicators,C#
tests/Library/Indicators/a-b/Awesome/AwesomeHubTests.cs,2,callable,ok,StreamHubs.AwesomeHubTests.ChainObserver_ChainedProvider_MatchesSeriesExactly,StreamHubs.AwesomeHubTests.ChainObserver_ChainedProvider_MatchesSeriesExactly,2bbb486c7f3eb550747d42bf0cfc6a602ce16772,2026-07-06T05:29:09-04:00,2bbb486c7f3eb550747d42bf0cfc6a602ce16772,2026-07-06T05:29:09-04:00,1,42,0.023809523809523808,,,False,False,0,1,0.0,397.29,,0.002517027296374458,230706417.0,DaveSkender/Stock.Indicators,C#
tests/Library/Indicators/a-b/Awesome/AwesomeHubTests.cs,3,callable,ok,StreamHubs.AwesomeHubTests.ChainProvider_MatchesSeriesExactly,StreamHubs.AwesomeHubTests.ChainProvider_MatchesSeriesExactly,2bbb486c7f3eb550747d42bf0cfc6a602ce16772,2026-07-06T05:29:09-04:00,2bbb486c7f3eb550747d42bf0cfc6a602ce16772,2026-07-06T05:29:09-04:00,1,42,0.022727272727272728,,,False,False,0,1,0.0,397.29,,0.002517027296374458,230706417.0,DaveSkender/Stock.Indicators,C#
tests/Library/Indicators/a-b/Awesome/AwesomeHubTests.cs,4,callable,ok,StreamHubs.AwesomeHubTests.ToStringOverride_ReturnsExpectedName,StreamHubs.AwesomeHubTests.ToStringOverride_ReturnsExpectedName,2bbb486c7f3eb550747d42bf0cfc6a602ce16772,2026-07-06T05:29:09-04:00,2bbb486c7f3eb550747d42bf0cfc6a602ce16772,2026-07-06T05:29:09-04:00,1,42,0.16666666666666666,,,False,False,0,1,0.0,397.29,,0.002517027296374458,230706417.0,DaveSkender/Stock.Indicators,C#
tests/Library/Indicators/a-b/BarPart/BarPartRegressionTests.cs,0,class,ok,Regression.BarPartRegressionTests,Regression.BarPartRegressionTests,26994347706307dbe4b0c3cb8c5905d10bc22c03,2026-08-09T00:39:06-04:00,26994347706307dbe4b0c3cb8c5905d10bc22c03,2026-08-09T00:39:06-04:00,1,8,0.07142857142857142,,,False,False,0,1,0.0,431.09,,0.0023196870226720413,230706417.0,DaveSkender/Stock.Indicators,C#
tests/Library/Indicators/a-b/BarPart/BarPartRegressionTests.cs,0,callable,ok,Regression.BarPartRegressionTests.BarPartRegressionTests,Regression.BarPartRegressionTests.BarPartRegressionTests,26994347706307dbe4b0c3cb8c5905d10bc22c03,2026-08-09T00:39:06-04:00,26994347706307dbe4b0c3cb8c5905d10bc22c03,2026-08-09T00:39:06-04:00,1,8,1.0,,,False,False,0,1,0.0,431.09,,0.0023196870226720413,230706417.0,DaveSkender/Stock.Indicators,C#
tests/Library/Indicators/a-b/BarPart/BarPartRegressionTests.cs,1,callable,ok,Regression.BarPartRegressionTests.Series_AgainstBaseline_MatchesExactly,Regression.BarPartRegressionTests.Series_AgainstBaseline_MatchesExactly,26994347706307dbe4b0c3cb8c5905d10bc22c03,2026-08-09T00:39:06-04:00,26994347706307dbe4b0c3cb8c5905d10bc22c03,2026-08-09T00:39:06-04:00,1,8,0.5,,,False,False,0,1,0.0,431.09,,0.0023196870226720413,230706417.0,DaveSkender/Stock.Indicators,C#
tests/Library/Indicators/a-b/BarPart/BarPartRegressionTests.cs,2,callable,ok,Regression.BarPartRegressionTests.Buffer_AgainstBaseline_MatchesExactly,Regression.BarPartRegressionTests.Buffer_AgainstBaseline_MatchesExactly,26994347706307dbe4b0c3cb8c5905d10bc22c03,2026-08-09T00:39:06-04:00,26994347706307dbe4b0c3cb8c5905d10bc22c03,2026-08-09T00:39:06-04:00,1,8,0.5,,,False,False,0,1,0.0,431.09,,0.0023196870226720413,230706417.0,DaveSkender/Stock.Indicators,C#
tests/Library/Indicators/a-b/BarPart/BarPartRegressionTests.cs,3,callable,ok,Regression.BarPartRegressionTests.Stream_AgainstBaseline_MatchesExactly,Regression.BarPartRegressionTests.Stream_AgainstBaseline_MatchesExactly,26994347706307dbe4b0c3cb8c5905d10bc22c03,2026-08-09T00:39:06-04:00,26994347706307dbe4b0c3cb8c5905d10bc22c03,2026-08-09T00:39:06-04:00,1,8,0.5,,,False,False,0,1,0.0,431.09,,0.0023196870226720413,230706417.0,DaveSkender/Stock.Indicators,C#
tests/Library/Indicators/a-b/BollingerBands/BollingerBandsHubTests.cs,0,class,ok,StreamHubs.BollingerBandsHubTests,StreamHubs.BollingerBandsHubTests,2bbb486c7f3eb550747d42bf0cfc6a602ce16772,2026-07-06T05:29:09-04:00,2bbb486c7f3eb550747d42bf0cfc6a602ce16772,2026-07-06T05:29:09-04:00,1,42,0.0040650406504065045,,,False,False,0,1,0.0,397.29,,0.002517027296374458,230706417.0,DaveSkender/Stock.Indicators,C#
tests/Library/Indicators/a-b/BollingerBands/BollingerBandsHubTests.cs,0,callable,ok,StreamHubs.BollingerBandsHubTests.BarObserver_WithWarmupLateArrivalAndRemoval_MatchesSeriesExactly,StreamHubs.BollingerBandsHubTests.BarObserver_WithWarmupLateArrivalAndRemoval_MatchesSeriesExactly,2bbb486c7f3eb550747d42bf0cfc6a602ce16772,2026-07-06T05:29:09-04:00,2bbb486c7f3eb550747d42bf0cfc6a602ce16772,2026-07-06T05:29:09-04:00,1,42,0.018518518518518517,,,False,False,0,1,0.0,397.29,,0.002517027296374458,230706417.0,DaveSkender/Stock.Indicators,C#
tests/Library/Indicators/a-b/BollingerBands/BollingerBandsHubTests.cs,1,callable,ok,StreamHubs.BollingerBandsHubTests.WithCachePruning_MatchesSeriesExactly,StreamHubs.BollingerBandsHubTests.WithCachePruning_MatchesSeriesExactly,2bbb486c7f3eb550747d42bf0cfc6a602ce16772,2026-07-06T05:29:09-04:00,2bbb486c7f3eb550747d42bf0cfc6a602ce16772,2026-07-06T05:29:09-04:00,1,42,0.03333333333333333,,,False,False,0,1,0.0,397.29,,0.002517027296374458,230706417.0,DaveSkender/Stock.Indicators,C#
tests/Library/Indicators/a-b/BollingerBands/BollingerBandsHubTests.cs,2,callable,ok,StreamHubs.BollingerBandsHubTests.ToStringOverride_ReturnsExpectedName,StreamHubs.BollingerBandsHubTests.ToStringOverride_ReturnsExpectedName,2bbb486c7f3eb550747d42bf0cfc6a602ce16772,2026-07-06T05:29:09-04:00,2bbb486c7f3eb550747d42bf0cfc6a602ce16772,2026-07-06T05:29:09-04:00,1,42,0.1111111111111111,,,False,False,0,1,0.0,397.29,,0.002517027296374458,230706417.0,DaveSkender/Stock.Indicators,C#
tests/Library/Indicators/a-b/BollingerBands/BollingerBandsHubTests.cs,3,callable,ok,StreamHubs.BollingerBandsHubTests.ChainProvider_MatchesSeriesExactly,StreamHubs.BollingerBandsHubTests.ChainProvider_MatchesSeriesExactly,2bbb486c7f3eb550747d42bf0cfc6a602ce16772,2026-07-06T05:29:09-04:00,2bbb486c7f3eb550747d42bf0cfc6a602ce16772,2026-07-06T05:29:09-04:00,1,42,0.021739130434782608,,,False,False,0,1,0.0,397.29,,0.002517027296374458,230706417.0,DaveSkender/Stock.Indicators,C#
tests/Library/Indicators/a-b/BollingerBands/BollingerBandsHubTests.cs,4,callable,ok,StreamHubs.BollingerBandsHubTests.LateArrival_MidStream_MatchesFreshStream,StreamHubs.BollingerBandsHubTests.LateArrival_MidStream_MatchesFreshStream,2bbb486c7f3eb550747d42bf0cfc6a602ce16772,2026-07-06T05:29:09-04:00,2bbb486c7f3eb550747d42bf0cfc6a602ce16772,2026-07-06T05:29:09-04:00,1,42,0.03225806451612903,,,False,False,0,1,0.0,397.29,,0.002517027296374458,230706417.0,DaveSkender/Stock.Indicators,C#
tests/Library/Indicators/a-b/BollingerBands/BollingerBandsHubTests.cs,5,callable,ok,StreamHubs.BollingerBandsHubTests.LateArrival_AtBandsWarmupBoundary_MatchesFreshStream,StreamHubs.BollingerBandsHubTests.LateArrival_AtBandsWarmupBoundary_MatchesFreshStream,2bbb486c7f3eb550747d42bf0cfc6a602ce16772,2026-07-06T05:29:09-04:00,2bbb486c7f3eb550747d42bf0cfc6a602ce16772,2026-07-06T05:29:09-04:00,1,42,0.029411764705882353,,,False,False,0,1,0.0,397.29,,0.002517027296374458,230706417.0,DaveSkender/Stock.Indicators,C#
tests/Library/Indicators/a-b/BollingerBands/BollingerBandsHubTests.cs,6,callable,ok,StreamHubs.BollingerBandsHubTests.PrefilledProviderRebuilds_WithPrefilledBars_MatchesSeriesExactly,StreamHubs.BollingerBandsHubTests.PrefilledProviderRebuilds_WithPrefilledBars_MatchesSeriesExactly,2bbb486c7f3eb550747d42bf0cfc6a602ce16772,2026-07-06T05:29:09-04:00,2bbb486c7f3eb550747d42bf0cfc6a602ce16772,2026-07-06T05:29:09-04:00,1,42,0.03125,,,False,False,0,1,0.0,397.29,,0.002517027296374458,230706417.0,DaveSkender/Stock.Indicators,C#
tests/Library/Indicators/a-b/BollingerBands/BollingerBandsRegressionTests.cs,0,class,ok,Regression.BollingerBandsRegressionTests,Regression.BollingerBandsRegressionTests,2bbb486c7f3eb550747d42bf0cfc6a602ce16772,2026-07-06T05:29:09-04:00,2bbb486c7f3eb550747d42bf0cfc6a602ce16772,2026-07-06T05:29:09-04:00,1,42,0.07142857142857142,,,False,False,0,1,0.0,397.29,,0.002517027296374458,230706417.0,DaveSkender/Stock.Indicators,C#
tests/Library/Indicators/a-b/BollingerBands/BollingerBandsRegressionTests.cs,0,callable,ok,Regression.BollingerBandsRegressionTests.BollingerBandsRegressionTests,Regression.BollingerBandsRegressionTests.BollingerBandsRegressionTests,2bbb486c7f3eb550747d42bf0cfc6a602ce16772,2026-07-06T05:29:09-04:00,2bbb486c7f3eb550747d42bf0cfc6a602ce16772,2026-07-06T05:29:09-04:00,1,42,1.0,,,False,False,0,1,0.0,397.29,,0.002517027296374458,230706417.0,DaveSkender/Stock.Indicators,C#
tests/Library/Indicators/a-b/BollingerBands/BollingerBandsRegressionTests.cs,1,callable,ok,Regression.BollingerBandsRegressionTests.Series_AgainstBaseline_MatchesExactly,Regression.BollingerBandsRegressionTests.Series_AgainstBaseline_MatchesExactly,2bbb486c7f3eb550747d42bf0cfc6a602ce16772,2026-07-06T05:29:09-04:00,2bbb486c7f3eb550747d42bf0cfc6a602ce16772,2026-07-06T05:29:09-04:00,1,42,0.5,,,False,False,0,1,0.0,397.29,,0.002517027296374458,230706417.0,DaveSkender/Stock.Indicators,C#
tests/Library/Indicators/a-b/BollingerBands/BollingerBandsRegressionTests.cs,2,callable,ok,Regression.BollingerBandsRegressionTests.Buffer_AgainstBaseline_MatchesExactly,Regression.BollingerBandsRegressionTests.Buffer_AgainstBaseline_MatchesExactly,2bbb486c7f3eb550747d42bf0cfc6a602ce16772,2026-07-06T05:29:09-04:00,2bbb486c7f3eb550747d42bf0cfc6a602ce16772,2026-07-06T05:29:09-04:00,1,42,0.5,,,False,False,0,1,0.0,397.29,,0.002517027296374458,230706417.0,DaveSkender/Stock.Indicators,C#
tests/Library/Indicators/a-b/BollingerBands/BollingerBandsRegressionTests.cs,3,callable,ok,Regression.BollingerBandsRegressionTests.Stream_AgainstBaseline_MatchesExactly,Regression.BollingerBandsRegressionTests.Stream_AgainstBaseline_MatchesExactly,2bbb486c7f3eb550747d42bf0cfc6a602ce16772,2026-07-06T05:29:09-04:00,2bbb486c7f3eb550747d42bf0cfc6a602ce16772,2026-07-06T05:29:09-04:00,1,42,0.5,,,False,False,0,1,0.0,397.29,,0.002517027296374458,230706417.0,DaveSkender/Stock.Indicators,C#
tests/Library/Indicators/c-d/ChaikinOsc/ChaikinOscCatalogTests.cs,0,class,ok,Catalogging.ChaikinOscCatalogTests,Catalogging.ChaikinOscCatalogTests,2bbb486c7f3eb550747d42bf0cfc6a602ce16772,2026-07-06T05:29:09-04:00,2bbb486c7f3eb550747d42bf0cfc6a602ce16772,2026-07-06T05:29:09-04:00,1,42,0.021739130434782608,,,False,False,0,1,0.0,397.29,,0.002517027296374458,230706417.0,DaveSkender/Stock.Indicators,C#
tests/Library/Indicators/c-d/ChaikinOsc/ChaikinOscCatalogTests.cs,0,callable,ok,Catalogging.ChaikinOscCatalogTests.ChaikinOscSeries_InCatalog_ReturnsAllVariants,Catalogging.ChaikinOscCatalogTests.ChaikinOscSeries_InCatalog_ReturnsAllVariants,2bbb486c7f3eb550747d42bf0cfc6a602ce16772,2026-07-06T05:29:09-04:00,2bbb486c7f3eb550747d42bf0cfc6a602ce16772,2026-07-06T05:29:09-04:00,1,42,0.023809523809523808,,,False,False,0,1,0.0,397.29,,0.002517027296374458,230706417.0,DaveSkender/Stock.Indicators,C#
tests/Library/Indicators/c-d/Chandelier/ChandelierSeriesTests.cs,0,class,ok,StaticSeries.ChandelierSeriesTests,StaticSeries.ChandelierSeriesTests,2bbb486c7f3eb550747d42bf0cfc6a602ce16772,2026-07-06T05:29:09-04:00,2bbb486c7f3eb550747d42bf0cfc6a602ce16772,2026-07-06T05:29:09-04:00,1,42,0.010526315789473684,,,False,False,0,1,0.0,397.29,,0.002517027296374458,230706417.0,DaveSkender/Stock.Indicators,C#
tests/Library/Indicators/c-d/Chandelier/ChandelierSeriesTests.cs,0,callable,ok,StaticSeries.ChandelierSeriesTests.DefaultParameters_ReturnsExpectedResults,StaticSeries.ChandelierSeriesTests.DefaultParameters_ReturnsExpectedResults,2bbb486c7f3eb550747d42bf0cfc6a602ce16772,2026-07-06T05:29:09-04:00,2bbb486c7f3eb550747d42bf0cfc6a602ce16772,2026-07-06T05:29:09-04:00,1,42,0.038461538461538464,,,False,False,0,1,0.0,397.29,,0.002517027296374458,230706417.0,DaveSkender/Stock.Indicators,C#
tests/Library/Indicators/c-d/Chandelier/ChandelierSeriesTests.cs,1,callable,ok,StaticSeries.ChandelierSeriesTests.ChainFromResults_ToSma_ReturnsExpectedResult,StaticSeries.ChandelierSeriesTests.ChainFromResults_ToSma_ReturnsExpectedResult,2bbb486c7f3eb550747d42bf0cfc6a602ce16772,2026-07-06T05:29:09-04:00,2bbb486c7f3eb550747d42bf0cfc6a602ce16772,2026-07-06T05:29:09-04:00,1,42,0.1,,,False,False,0,1,0.0,397.29,,0.002517027296374458,230706417.0,DaveSkender/Stock.Indicators,C#
tests/Library/Indicators/c-d/Chandelier/ChandelierSeriesTests.cs,2,callable,ok,StaticSeries.ChandelierSeriesTests.BadBars_DoesNotFail,StaticSeries.ChandelierSeriesTests.BadBars_DoesNotFail,2bbb486c7f3eb550747d42bf0cfc6a602ce16772,2026-07-06T05:29:09-04:00,2bbb486c7f3eb550747d42bf0cfc6a602ce16772,2026-07-06T05:29:09-04:00,1,42,0.1111111111111111,,,False,False,0,1,0.0,397.29,,0.002517027296374458,230706417.0,DaveSkender/Stock.Indicators,C#
tests/Library/Indicators/c-d/Chandelier/ChandelierSeriesTests.cs,3,callable,ok,StaticSeries.ChandelierSeriesTests.NoBars_ReturnsEmpty,StaticSeries.ChandelierSeriesTests.NoBars_ReturnsEmpty,2bbb486c7f3eb550747d42bf0cfc6a602ce16772,2026-07-06T05:29:09-04:00,2bbb486c7f3eb550747d42bf0cfc6a602ce16772,2026-07-06T05:29:09-04:00,1,42,0.07692307692307693,,,False,False,0,1,0.0,397.29,,0.002517027296374458,230706417.0,DaveSkender/Stock.Indicators,C#
tests/Library/Indicators/c-d/Chandelier/ChandelierSeriesTests.cs,4,callable,ok,StaticSeries.ChandelierSeriesTests.Removed_WithWarmupPeriods_TruncatesResults,StaticSeries.ChandelierSeriesTests.Removed_WithWarmupPeriods_TruncatesResults,2bbb486c7f3eb550747d42bf0cfc6a602ce16772,2026-07-06T05:29:09-04:00,2bbb486c7f3eb550747d42bf0cfc6a602ce16772,2026-07-06T05:29:09-04:00,1,42,0.07692307692307693,,,False,False,0,1,0.0,397.29,,0.002517027296374458,230706417.0,DaveSkender/Stock.Indicators,C#
tests/Library/Indicators/c-d/Chandelier/ChandelierSeriesTests.cs,5,callable,ok,StaticSeries.ChandelierSeriesTests.Exceptions_InvalidParameters_ThrowsArgumentOutOfRangeException,StaticSeries.ChandelierSeriesTests.Exceptions_InvalidParameters_ThrowsArgumentOutOfRangeException,2bbb486c7f3eb550747d42bf0cfc6a602ce16772,2026-07-06T05:29:09-04:00,2bbb486c7f3eb550747d42bf0cfc6a602ce16772,2026-07-06T05:29:09-04:00,1,42,0.06666666666666667,,,False,False,0,1,0.0,397.29,,0.002517027296374458,230706417.0,DaveSkender/Stock.Indicators,C#
tests/Library/Indicators/c-d/Chop/ChopSeriesTests.cs,0,class,ok,StaticSeries.ChopSeriesTests,StaticSeries.ChopSeriesTests,2bbb486c7f3eb550747d42bf0cfc6a602ce16772,2026-07-06T05:29:09-04:00,2bbb486c7f3eb550747d42bf0cfc6a602ce16772,2026-07-06T05:29:09-04:00,1,42,0.009523809523809525,,,False,False,0,1,0.0,397.29,,0.002517027296374458,230706417.0,DaveSkender/Stock.Indicators,C#
tests/Library/Indicators/c-d/Chop/ChopSeriesTests.cs,0,callable,ok,StaticSeries.ChopSeriesTests.DefaultParameters_ReturnsExpectedResults,StaticSeries.ChopSeriesTests.DefaultParameters_ReturnsExpectedResults,2bbb486c7f3eb550747d42bf0cfc6a602ce16772,2026-07-06T05:29:09-04:00,2bbb486c7f3eb550747d42bf0cfc6a602ce16772,2026-07-06T05:29:09-04:00,1,42,0.043478260869565216,,,False,False,0,1,0.0,397.29,,0.002517027296374458,230706417.0,DaveSkender/Stock.Indicators,C#
tests/Library/Indicators/c-d/Chop/ChopSeriesTests.cs,1,callable,ok,StaticSeries.ChopSeriesTests.ChainFromResults_ToSma_ReturnsExpectedResult,StaticSeries.ChopSeriesTests.ChainFromResults_ToSma_ReturnsExpectedResult,2bbb486c7f3eb550747d42bf0cfc6a602ce16772,2026-07-06T05:29:09-04:00,2bbb486c7f3eb550747d42bf0cfc6a602ce16772,2026-07-06T05:29:09-04:00,1,42,0.1,,,False,False,0,1,0.0,397.29,,0.002517027296374458,230706417.0,DaveSkender/Stock.Indicators,C#
tests/Library/Indicators/c-d/Chop/ChopSeriesTests.cs,2,callable,ok,StaticSeries.ChopSeriesTests.SmallLookback_WithMinimalPeriods_ReturnsExpectedResult,StaticSeries.ChopSeriesTests.SmallLookback_WithMinimalPeriods_ReturnsExpectedResult,2bbb486c7f3eb550747d42bf0cfc6a602ce16772,2026-07-06T05:29:09-04:00,2bbb486c7f3eb550747d42bf0cfc6a602ce16772,2026-07-06T05:29:09-04:00,1,42,0.09090909090909091,,,False,False,0,1,0.0,397.29,,0.002517027296374458,230706417.0,DaveSkender/Stock.Indicators,C#
tests/Library/Indicators/c-d/Chop/ChopSeriesTests.cs,3,callable,ok,StaticSeries.ChopSeriesTests.Results_AreAlwaysBounded,StaticSeries.ChopSeriesTests.Results_AreAlwaysBounded,2bbb486c7f3eb550747d42bf0cfc6a602ce16772,2026-07-06T05:29:09-04:00,2bbb486c7f3eb550747d42bf0cfc6a602ce16772,2026-07-06T05:29:09-04:00,1,42,0.16666666666666666,,,False,False,0,1,0.0,397.29,,0.002517027296374458,230706417.0,DaveSkender/Stock.Indicators,C#
tests/Library/Indicators/c-d/Chop/ChopSeriesTests.cs,4,callable,ok,StaticSeries.ChopSeriesTests.BadBars_DoesNotFail,StaticSeries.ChopSeriesTests.BadBars_DoesNotFail,2bbb486c7f3eb550747d42bf0cfc6a602ce16772,2026-07-06T05:29:09-04:00,2bbb486c7f3eb550747d42bf0cfc6a602ce16772,2026-07-06T05:29:09-04:00,1,42,0.1111111111111111,,,False,False,0,1,0.0,397.29,,0.002517027296374458,230706417.0,DaveSkender/Stock.Indicators,C#
tests/Library/Indicators/c-d/Chop/ChopSeriesTests.cs,5,callable,ok,StaticSeries.ChopSeriesTests.NoBars_ReturnsEmpty,StaticSeries.ChopSeriesTests.NoBars_ReturnsEmpty,2bbb486c7f3eb550747d42bf0cfc6a602ce16772,2026-07-06T05:29:09-04:00,2bbb486c7f3eb550747d42bf0cfc6a602ce16772,2026-07-06T05:29:09-04:00,1,42,0.07692307692307693,,,False,False,0,1,0.0,397.29,,0.002517027296374458,230706417.0,DaveSkender/Stock.Indicators,C#
tests/Library/Indicators/c-d/Chop/ChopSeriesTests.cs,6,callable,ok,StaticSeries.ChopSeriesTests.Removed_WithWarmupPeriods_TruncatesResults,StaticSeries.ChopSeriesTests.Removed_WithWarmupPeriods_TruncatesResults,2bbb486c7f3eb550747d42bf0cfc6a602ce16772,2026-07-06T05:29:09-04:00,2bbb486c7f3eb550747d42bf0cfc6a602ce16772,2026-07-06T05:29:09-04:00,1,42,0.07692307692307693,,,False,False,0,1,0.0,397.29,,0.002517027296374458,230706417.0,DaveSkender/Stock.Indicators,C#
tests/Library/Indicators/c-d/Chop/ChopSeriesTests.cs,7,callable,ok,StaticSeries.ChopSeriesTests.Exceptions_InvalidLookback_ThrowsArgumentOutOfRangeException,StaticSeries.ChopSeriesTests.Exceptions_InvalidLookback_ThrowsArgumentOutOfRangeException,2bbb486c7f3eb550747d42bf0cfc6a602ce16772,2026-07-06T05:29:09-04:00,2bbb486c7f3eb550747d42bf0cfc6a602ce16772,2026-07-06T05:29:09-04:00,1,42,0.16666666666666666,,,False,False,0,1,0.0,397.29,,0.002517027296374458,230706417.0,DaveSkender/Stock.Indicators,C#
tests/Library/Indicators/c-d/Cmo/CmoHubTests.cs,0,class,ok,StreamHubs.CmoHubTests,StreamHubs.CmoHubTests,2bbb486c7f3eb550747d42bf0cfc6a602ce16772,2026-07-06T05:29:09-04:00,2bbb486c7f3eb550747d42bf0cfc6a602ce16772,2026-07-06T05:29:09-04:00,1,42,0.005025125628140704,,,False,False,0,1,0.0,397.29,,0.002517027296374458,230706417.0,DaveSkender/Stock.Indicators,C#
tests/Library/Indicators/c-d/Cmo/CmoHubTests.cs,0,callable,ok,StreamHubs.CmoHubTests.Results_AreAlwaysBounded,StreamHubs.CmoHubTests.Results_AreAlwaysBounded,2bbb486c7f3eb550747d42bf0cfc6a602ce16772,2026-07-06T05:29:09-04:00,2bbb486c7f3eb550747d42bf0cfc6a602ce16772,2026-07-06T05:29:09-04:00,1,42,0.16666666666666666,,,False,False,0,1,0.0,397.29,,0.002517027296374458,230706417.0,DaveSkender/Stock.Indicators,C#
tests/Library/Indicators/c-d/Cmo/CmoHubTests.cs,1,callable,ok,StreamHubs.CmoHubTests.BarObserver_WithWarmupLateArrivalAndRemoval_MatchesSeriesExactly,StreamHubs.CmoHubTests.BarObserver_WithWarmupLateArrivalAndRemoval_MatchesSeriesExactly,2bbb486c7f3eb550747d42bf0cfc6a602ce16772,2026-07-06T05:29:09-04:00,2bbb486c7f3eb550747d42bf0cfc6a602ce16772,2026-07-06T05:29:09-04:00,1,42,0.017857142857142856,,,False,False,0,1,0.0,397.29,,0.002517027296374458,230706417.0,DaveSkender/Stock.Indicators,C#
tests/Library/Indicators/c-d/Cmo/CmoHubTests.cs,2,callable,ok,StreamHubs.CmoHubTests.WithCachePruning_MatchesSeriesExactly,StreamHubs.CmoHubTests.WithCachePruning_MatchesSeriesExactly,2bbb486c7f3eb550747d42bf0cfc6a602ce16772,2026-07-06T05:29:09-04:00,2bbb486c7f3eb550747d42bf0cfc6a602ce16772,2026-07-06T05:29:09-04:00,1,42,0.03333333333333333,,,False,False,0,1,0.0,397.29,,0.002517027296374458,230706417.0,DaveSkender/Stock.Indicators,C#
tests/Library/Indicators/c-d/Cmo/CmoHubTests.cs,3,callable,ok,StreamHubs.CmoHubTests.ChainObserver_ChainedProvider_MatchesSeriesExactly,StreamHubs.CmoHubTests.ChainObserver_ChainedProvider_MatchesSeriesExactly,2bbb486c7f3eb550747d42bf0cfc6a602ce16772,2026-07-06T05:29:09-04:00,2bbb486c7f3eb550747d42bf0cfc6a602ce16772,2026-07-06T05:29:09-04:00,1,42,0.023809523809523808,,,False,False,0,1,0.0,397.29,,0.002517027296374458,230706417.0,DaveSkender/Stock.Indicators,C#
tests/Library/Indicators/c-d/Cmo/CmoHubTests.cs,4,callable,ok,StreamHubs.CmoHubTests.ChainProvider_MatchesSeriesExactly,StreamHubs.CmoHubTests.ChainProvider_MatchesSeriesExactly,2bbb486c7f3eb550747d42bf0cfc6a602ce16772,2026-07-06T05:29:09-04:00,2bbb486c7f3eb550747d42bf0cfc6a602ce16772,2026-07-06T05:29:09-04:00,1,42,0.022727272727272728,,,False,False,0,1,0.0,397.29,,0.002517027296374458,230706417.0,DaveSkender/Stock.Indicators,C#
tests/Library/Indicators/c-d/Cmo/CmoHubTests.cs,5,callable,ok,StreamHubs.CmoHubTests.ToStringOverride_ReturnsExpectedName,StreamHubs.CmoHubTests.ToStringOverride_ReturnsExpectedName,2bbb486c7f3eb550747d42bf0cfc6a602ce16772,2026-07-06T05:29:09-04:00,2bbb486c7f3eb550747d42bf0cfc6a602ce16772,2026-07-06T05:29:09-04:00,1,42,0.08333333333333333,,,False,False,0,1,0.0,397.29,,0.002517027296374458,230706417.0,DaveSkender/Stock.Indicators,C#
tests/Library/Indicators/c-d/Correlation/CorrelationRegressionTests.cs,0,class,ok,Regression.CorrelationRegressionTests,Regression.CorrelationRegressionTests,2bbb486c7f3eb550747d42bf0cfc6a602ce16772,2026-07-06T05:29:09-04:00,2bbb486c7f3eb550747d42bf0cfc6a602ce16772,2026-07-06T05:29:09-04:00,1,42,0.0625,,,False,False,0,1,0.0,397.29,,0.002517027296374458,230706417.0,DaveSkender/Stock.Indicators,C#
tests/Library/Indicators/c-d/Correlation/CorrelationRegressionTests.cs,0,callable,ok,Regression.CorrelationRegressionTests.CorrelationRegressionTests,Regression.CorrelationRegressionTests.CorrelationRegressionTests,2bbb486c7f3eb550747d42bf0cfc6a602ce16772,2026-07-06T05:29:09-04:00,2bbb486c7f3eb550747d42bf0cfc6a602ce16772,2026-07-06T05:29:09-04:00,1,42,1.0,,,False,False,0,1,0.0,397.29,,0.002517027296374458,230706417.0,DaveSkender/Stock.Indicators,C#
tests/Library/Indicators/c-d/Correlation/CorrelationRegressionTests.cs,1,callable,ok,Regression.CorrelationRegressionTests.Series_AgainstBaseline_MatchesExactly,Regression.CorrelationRegressionTests.Series_AgainstBaseline_MatchesExactly,2bbb486c7f3eb550747d42bf0cfc6a602ce16772,2026-07-06T05:29:09-04:00,2bbb486c7f3eb550747d42bf0cfc6a602ce16772,2026-07-06T05:29:09-04:00,1,42,0.5,,,False,False,0,1,0.0,397.29,,0.002517027296374458,230706417.0,DaveSkender/Stock.Indicators,C#
tests/Library/Indicators/c-d/Correlation/CorrelationRegressionTests.cs,2,callable,ok,Regression.CorrelationRegressionTests.Buffer_AgainstBaseline_MatchesExactly,Regression.CorrelationRegressionTests.Buffer_AgainstBaseline_MatchesExactly,2bbb486c7f3eb550747d42bf0cfc6a602ce16772,2026-07-06T05:29:09-04:00,2bbb486c7f3eb550747d42bf0cfc6a602ce16772,2026-07-06T05:29:09-04:00,1,42,0.5,,,False,False,0,1,0.0,397.29,,0.002517027296374458,230706417.0,DaveSkender/Stock.Indicators,C#
tests/Library/Indicators/c-d/Correlation/CorrelationRegressionTests.cs,3,callable,ok,Regression.CorrelationRegressionTests.Stream_AgainstBaseline_MatchesExactly,Regression.CorrelationRegressionTests.Stream_AgainstBaseline_MatchesExactly,2bbb486c7f3eb550747d42bf0cfc6a602ce16772,2026-07-06T05:29:09-04:00,2bbb486c7f3eb550747d42bf0cfc6a602ce16772,2026-07-06T05:29:09-04:00,1,42,0.5,,,False,False,0,1,0.0,397.29,,0.002517027296374458,230706417.0,DaveSkender/Stock.Indicators,C#
tests/Library/Indicators/c-d/Dema/DemaRegressionTests.cs,0,class,ok,Regression.DemaRegressionTests,Regression.DemaRegressionTests,2bbb486c7f3eb550747d42bf0cfc6a602ce16772,2026-07-06T05:29:09-04:00,2bbb486c7f3eb550747d42bf0cfc6a602ce16772,2026-07-06T05:29:09-04:00,1,42,0.07142857142857142,,,False,False,0,1,0.0,397.29,,0.002517027296374458,230706417.0,DaveSkender/Stock.Indicators,C#
tests/Library/Indicators/c-d/Dema/DemaRegressionTests.cs,0,callable,ok,Regression.DemaRegressionTests.DemaRegressionTests,Regression.DemaRegressionTests.DemaRegressionTests,2bbb486c7f3eb550747d42bf0cfc6a602ce16772,2026-07-06T05:29:09-04:00,2bbb486c7f3eb550747d42bf0cfc6a602ce16772,2026-07-06T05:29:09-04:00,1,42,1.0,,,False,False,0,1,0.0,397.29,,0.002517027296374458,230706417.0,DaveSkender/Stock.Indicators,C#
tests/Library/Indicators/c-d/Dema/DemaRegressionTests.cs,1,callable,ok,Regression.DemaRegressionTests.Series_AgainstBaseline_MatchesExactly,Regression.DemaRegressionTests.Series_AgainstBaseline_MatchesExactly,2bbb486c7f3eb550747d42bf0cfc6a602ce16772,2026-07-06T05:29:09-04:00,2bbb486c7f3eb550747d42bf0cfc6a602ce16772,2026-07-06T05:29:09-04:00,1,42,0.5,,,False,False,0,1,0.0,397.29,,0.002517027296374458,230706417.0,DaveSkender/Stock.Indicators,C#
tests/Library/Indicators/c-d/Dema/DemaRegressionTests.cs,2,callable,ok,Regression.DemaRegressionTests.Buffer_AgainstBaseline_MatchesExactly,Regression.DemaRegressionTests.Buffer_AgainstBaseline_MatchesExactly,2bbb486c7f3eb550747d42bf0cfc6a602ce16772,2026-07-06T05:29:09-04:00,2bbb486c7f3eb550747d42bf0cfc6a602ce16772,2026-07-06T05:29:09-04:00,1,42,0.5,,,False,False,0,1,0.0,397.29,,0.002517027296374458,230706417.0,DaveSkender/Stock.Indicators,C#
tests/Library/Indicators/c-d/Dema/DemaRegressionTests.cs,3,callable,ok,Regression.DemaRegressionTests.Stream_AgainstBaseline_MatchesExactly,Regression.DemaRegressionTests.Stream_AgainstBaseline_MatchesExactly,2bbb486c7f3eb550747d42bf0cfc6a602ce16772,2026-07-06T05:29:09-04:00,2bbb486c7f3eb550747d42bf0cfc6a602ce16772,2026-07-06T05:29:09-04:00,1,42,0.5,,,False,False,0,1,0.0,397.29,,0.002517027296374458,230706417.0,DaveSkender/Stock.Indicators,C#
tests/Library/Indicators/c-d/Dpo/DpoRegressionTests.cs,0,class,ok,Regression.DpoRegressionTests,Regression.DpoRegressionTests,2bbb486c7f3eb550747d42bf0cfc6a602ce16772,2026-07-06T05:29:09-04:00,2bbb486c7f3eb550747d42bf0cfc6a602ce16772,2026-07-06T05:29:09-04:00,1,42,0.05,,,False,False,0,1,0.0,397.29,,0.002517027296374458,230706417.0,DaveSkender/Stock.Indicators,C#
tests/Library/Indicators/c-d/Dpo/DpoRegressionTests.cs,0,callable,ok,Regression.DpoRegressionTests.DpoRegressionTests,Regression.DpoRegressionTests.DpoRegressionTests,2bbb486c7f3eb550747d42bf0cfc6a602ce16772,2026-07-06T05:29:09-04:00,2bbb486c7f3eb550747d42bf0cfc6a602ce16772,2026-07-06T05:29:09-04:00,1,42,1.0,,,False,False,0,1,0.0,397.29,,0.002517027296374458,230706417.0,DaveSkender/Stock.Indicators,C#
tests/Library/Indicators/c-d/Dpo/DpoRegressionTests.cs,1,callable,ok,Regression.DpoRegressionTests.Series_AgainstBaseline_MatchesExactly,Regression.DpoRegressionTests.Series_AgainstBaseline_MatchesExactly,2bbb486c7f3eb550747d42bf0cfc6a602ce16772,2026-07-06T05:29:09-04:00,2bbb486c7f3eb550747d42bf0cfc6a602ce16772,2026-07-06T05:29:09-04:00,1,42,0.3333333333333333,,,False,False,0,1,0.0,397.29,,0.002517027296374458,230706417.0,DaveSkender/Stock.Indicators,C#
tests/Library/Indicators/c-d/Dpo/DpoRegressionTests.cs,2,callable,ok,Regression.DpoRegressionTests.Buffer_AgainstBaseline_MatchesExactly,Regression.DpoRegressionTests.Buffer_AgainstBaseline_MatchesExactly,2bbb486c7f3eb550747d42bf0cfc6a602ce16772,2026-07-06T05:29:09-04:00,2bbb486c7f3eb550747d42bf0cfc6a602ce16772,2026-07-06T05:29:09-04:00,1,42,0.3333333333333333,,,False,False,0,1,0.0,397.29,,0.002517027296374458,230706417.0,DaveSkender/Stock.Indicators,C#
tests/Library/Indicators/c-d/Dpo/DpoRegressionTests.cs,3,callable,ok,Regression.DpoRegressionTests.Stream_AgainstBaseline_MatchesExactly,Regression.DpoRegressionTests.Stream_AgainstBaseline_MatchesExactly,2bbb486c7f3eb550747d42bf0cfc6a602ce16772,2026-07-06T05:29:09-04:00,2bbb486c7f3eb550747d42bf0cfc6a602ce16772,2026-07-06T05:29:09-04:00,1,42,0.3333333333333333,,,False,False,0,1,0.0,397.29,,0.002517027296374458,230706417.0,DaveSkender/Stock.Indicators,C#
tests/Library/Indicators/e-j/Ema/EmaCatalogTests.cs,0,class,ok,Catalogging.EmaCatalogTests,Catalogging.EmaCatalogTests,2bbb486c7f3eb550747d42bf0cfc6a602ce16772,2026-07-06T05:29:09-04:00,2bbb486c7f3eb550747d42bf0cfc6a602ce16772,2026-07-06T05:29:09-04:00,1,42,0.0024154589371980675,,,False,False,0,1,0.0,397.29,,0.002517027296374458,230706417.0,DaveSkender/Stock.Indicators,C#
tests/Library/Indicators/e-j/Ema/EmaCatalogTests.cs,0,callable,ok,Catalogging.EmaCatalogTests.EmaExecuteById_WithValidId_MatchesDirectCall,Catalogging.EmaCatalogTests.EmaExecuteById_WithValidId_MatchesDirectCall,2bbb486c7f3eb550747d42bf0cfc6a602ce16772,2026-07-06T05:29:09-04:00,2bbb486c7f3eb550747d42bf0cfc6a602ce16772,2026-07-06T05:29:09-04:00,1,42,0.047619047619047616,,,False,False,0,1,0.0,397.29,,0.002517027296374458,230706417.0,DaveSkender/Stock.Indicators,C#
tests/Library/Indicators/e-j/Ema/EmaCatalogTests.cs,1,callable,ok,Catalogging.EmaCatalogTests.EmaExecuteFromJson_WithValidJson_MatchesDirectCall,Catalogging.EmaCatalogTests.EmaExecuteFromJson_WithValidJson_MatchesDirectCall,2bbb486c7f3eb550747d42bf0cfc6a602ce16772,2026-07-06T05:29:09-04:00,2bbb486c7f3eb550747d42bf0cfc6a602ce16772,2026-07-06T05:29:09-04:00,1,42,0.043478260869565216,,,False,False,0,1,0.0,397.29,,0.002517027296374458,230706417.0,DaveSkender/Stock.Indicators,C#
tests/Library/Indicators/e-j/Ema/EmaCatalogTests.cs,2,callable,ok,Catalogging.EmaCatalogTests.CatalogBrowsing_WithEmaSeries_IncludesEmaSeries,Catalogging.EmaCatalogTests.CatalogBrowsing_WithEmaSeries_IncludesEmaSeries,2bbb486c7f3eb550747d42bf0cfc6a602ce16772,2026-07-06T05:29:09-04:00,2bbb486c7f3eb550747d42bf0cfc6a602ce16772,2026-07-06T05:29:09-04:00,1,42,0.07142857142857142,,,False,False,0,1,0.0,397.29,,0.002517027296374458,230706417.0,DaveSkender/Stock.Indicators,C#
tests/Library/Indicators/e-j/Ema/EmaCatalogTests.cs,3,callable,ok,Catalogging.EmaCatalogTests.EmaSeries_InCatalog_ReturnsAllVariants,Catalogging.EmaCatalogTests.EmaSeries_InCatalog_ReturnsAllVariants,2bbb486c7f3eb550747d42bf0cfc6a602ce16772,2026-07-06T05:29:09-04:00,2bbb486c7f3eb550747d42bf0cfc6a602ce16772,2026-07-06T05:29:09-04:00,1,42,0.02857142857142857,,,False,False,0,1,0.0,397.29,,0.002517027296374458,230706417.0,DaveSkender/Stock.Indicators,C#
tests/Library/Indicators/e-j/Ema/EmaCatalogTests.cs,4,callable,ok,Catalogging.EmaCatalogTests.EmaSeries_ExecutedFromRegistry_ReturnsExpectedResult,Catalogging.EmaCatalogTests.EmaSeries_ExecutedFromRegistry_ReturnsExpectedResult,2bbb486c7f3eb550747d42bf0cfc6a602ce16772,2026-07-06T05:29:09-04:00,2bbb486c7f3eb550747d42bf0cfc6a602ce16772,2026-07-06T05:29:09-04:00,1,42,0.07142857142857142,,,False,False,0,1,0.0,397.29,,0.002517027296374458,230706417.0,DaveSkender/Stock.Indicators,C#
tests/Library/Indicators/e-j/Ema/EmaCatalogTests.cs,5,callable,ok,Catalogging.EmaCatalogTests.EmaSeries_WithCustomParameters_ListsAllVariants,Catalogging.EmaCatalogTests.EmaSeries_WithCustomParameters_ListsAllVariants,2bbb486c7f3eb550747d42bf0cfc6a602ce16772,2026-07-06T05:29:09-04:00,2bbb486c7f3eb550747d42bf0cfc6a602ce16772,2026-07-06T05:29:09-04:00,1,42,0.038461538461538464,,,False,False,0,1,0.0,397.29,,0.002517027296374458,230706417.0,DaveSkender/Stock.Indicators,C#
tests/Library/Indicators/e-j/Ema/EmaCatalogTests.cs,6,callable,ok,Catalogging.EmaCatalogTests.EmaSeries_FromCatalog_MatchesDirectCall,Catalogging.EmaCatalogTests.EmaSeries_FromCatalog_MatchesDirectCall,2bbb486c7f3eb550747d42bf0cfc6a602ce16772,2026-07-06T05:29:09-04:00,2bbb486c7f3eb550747d42bf0cfc6a602ce16772,2026-07-06T05:29:09-04:00,1,42,0.05,,,False,False,0,1,0.0,397.29,,0.002517027296374458,230706417.0,DaveSkender/Stock.Indicators,C#
tests/Library/Indicators/e-j/Ema/EmaCatalogTests.cs,7,callable,ok,Catalogging.EmaCatalogTests.EmaFluentApi_AlternativeSyntax_ReturnsExpectedResult,Catalogging.EmaCatalogTests.EmaFluentApi_AlternativeSyntax_ReturnsExpectedResult,2bbb486c7f3eb550747d42bf0cfc6a602ce16772,2026-07-06T05:29:09-04:00,2bbb486c7f3eb550747d42bf0cfc6a602ce16772,2026-07-06T05:29:09-04:00,1,42,0.03571428571428571,,,False,False,0,1,0.0,397.29,,0.002517027296374458,230706417.0,DaveSkender/Stock.Indicators,C#
tests/Library/Indicators/e-j/Ema/EmaCatalogTests.cs,8,callable,ok,Catalogging.EmaCatalogTests.EmaCatalog_ExecutionBuilderProperties_AreCorrect,Catalogging.EmaCatalogTests.EmaCatalog_ExecutionBuilderProperties_AreCorrect,2bbb486c7f3eb550747d42bf0cfc6a602ce16772,2026-07-06T05:29:09-04:00,2bbb486c7f3eb550747d42bf0cfc6a602ce16772,2026-07-06T05:29:09-04:00,1,42,0.041666666666666664,,,False,False,0,1,0.0,397.29,,0.002517027296374458,230706417.0,DaveSkender/Stock.Indicators,C#
tests/Library/Indicators/e-j/Ema/EmaCatalogTests.cs,9,callable,ok,Catalogging.EmaCatalogTests.EmaSeries_WithChaining_ReturnsExpectedResult,Catalogging.EmaCatalogTests.EmaSeries_WithChaining_ReturnsExpectedResult,2bbb486c7f3eb550747d42bf0cfc6a602ce16772,2026-07-06T05:29:09-04:00,2bbb486c7f3eb550747d42bf0cfc6a602ce16772,2026-07-06T05:29:09-04:00,1,42,0.023255813953488372,,,False,False,0,1,0.0,397.29,,0.002517027296374458,230706417.0,DaveSkender/Stock.Indicators,C#
tests/Library/Indicators/e-j/Ema/EmaCatalogTests.cs,10,callable,ok,Catalogging.EmaCatalogTests.EmaFluentApi_NewSeriesFunctionality_ReturnsExpectedResult,Catalogging.EmaCatalogTests.EmaFluentApi_NewSeriesFunctionality_ReturnsExpectedResult,2bbb486c7f3eb550747d42bf0cfc6a602ce16772,2026-07-06T05:29:09-04:00,2bbb486c7f3eb550747d42bf0cfc6a602ce16772,2026-07-06T05:29:09-04:00,1,42,0.02564102564102564,,,False,False,0,1,0.0,397.29,,0.002517027296374458,230706417.0,DaveSkender/Stock.Indicators,C#
tests/Library/Indicators/e-j/Ema/EmaCatalogTests.cs,11,callable,ok,Catalogging.EmaCatalogTests.EmaConfiguration_OnSerialization_RoundTripsCorrectly,Catalogging.EmaCatalogTests.EmaConfiguration_OnSerialization_RoundTripsCorrectly,2bbb486c7f3eb550747d42bf0cfc6a602ce16772,2026-07-06T05:29:09-04:00,2bbb486c7f3eb550747d42bf0cfc6a602ce16772,2026-07-06T05:29:09-04:00,1,42,0.02040816326530612,,,False,False,0,1,0.0,397.29,,0.002517027296374458,230706417.0,DaveSkender/Stock.Indicators,C#
tests/Library/Indicators/e-j/Ema/EmaCatalogTests.cs,12,callable,ok,Catalogging.EmaCatalogTests.EmaStream_InCatalog_ReturnsAllVariants,Catalogging.EmaCatalogTests.EmaStream_InCatalog_ReturnsAllVariants,2bbb486c7f3eb550747d42bf0cfc6a602ce16772,2026-07-06T05:29:09-04:00,2bbb486c7f3eb550747d42bf0cfc6a602ce16772,2026-07-06T05:29:09-04:00,1,42,0.03225806451612903,,,False,False,0,1,0.0,397.29,,0.002517027296374458,230706417.0,DaveSkender/Stock.Indicators,C#
tests/Library/Indicators/e-j/Ema/EmaCatalogTests.cs,13,callable,ok,Catalogging.EmaCatalogTests.EmaBuffer_InCatalog_ReturnsAllVariants,Catalogging.EmaCatalogTests.EmaBuffer_InCatalog_ReturnsAllVariants,2bbb486c7f3eb550747d42bf0cfc6a602ce16772,2026-07-06T05:29:09-04:00,2bbb486c7f3eb550747d42bf0cfc6a602ce16772,2026-07-06T05:29:09-04:00,1,42,0.03225806451612903,,,False,False,0,1,0.0,397.29,,0.002517027296374458,230706417.0,DaveSkender/Stock.Indicators,C#
tests/Library/Indicators/e-j/Ema/EmaHubTests.cs,0,class,ok,StreamHubs.EmaHubTests,StreamHubs.EmaHubTests,2bbb486c7f3eb550747d42bf0cfc6a602ce16772,2026-07-06T05:29:09-04:00,2bbb486c7f3eb550747d42bf0cfc6a602ce16772,2026-07-06T05:29:09-04:00,1,42,0.005780346820809248,,,False,False,0,1,0.0,397.29,,0.002517027296374458,230706417.0,DaveSkender/Stock.Indicators,C#
tests/Library/Indicators/e-j/Ema/EmaHubTests.cs,0,callable,ok,StreamHubs.EmaHubTests.BarObserver_WithWarmupLateArrivalAndRemoval_MatchesSeriesExactly,StreamHubs.EmaHubTests.BarObserver_WithWarmupLateArrivalAndRemoval_MatchesSeriesExactly,2bbb486c7f3eb550747d42bf0cfc6a602ce16772,2026-07-06T05:29:09-04:00,2bbb486c7f3eb550747d42bf0cfc6a602ce16772,2026-07-06T05:29:09-04:00,1,42,0.022222222222222223,,,False,False,0,1,0.0,397.29,,0.002517027296374458,230706417.0,DaveSkender/Stock.Indicators,C#
tests/Library/Indicators/e-j/Ema/EmaHubTests.cs,1,callable,ok,StreamHubs.EmaHubTests.WithCachePruning_MatchesSeriesExactly,StreamHubs.EmaHubTests.WithCachePruning_MatchesSeriesExactly,2bbb486c7f3eb550747d42bf0cfc6a602ce16772,2026-07-06T05:29:09-04:00,2bbb486c7f3eb550747d42bf0cfc6a602ce16772,2026-07-06T05:29:09-04:00,1,42,0.03333333333333333,,,False,False,0,1,0.0,397.29,,0.002517027296374458,230706417.0,DaveSkender/Stock.Indicators,C#
tests/Library/Indicators/e-j/Ema/EmaHubTests.cs,2,callable,ok,StreamHubs.EmaHubTests.ChainObserver_ChainedProvider_MatchesSeriesExactly,StreamHubs.EmaHubTests.ChainObserver_ChainedProvider_MatchesSeriesExactly,2bbb486c7f3eb550747d42bf0cfc6a602ce16772,2026-07-06T05:29:09-04:00,2bbb486c7f3eb550747d42bf0cfc6a602ce16772,2026-07-06T05:29:09-04:00,1,42,0.030303030303030304,,,False,False,0,1,0.0,397.29,,0.002517027296374458,230706417.0,DaveSkender/Stock.Indicators,C#
tests/Library/Indicators/e-j/Ema/EmaHubTests.cs,3,callable,ok,StreamHubs.EmaHubTests.ChainProvider_MatchesSeriesExactly,StreamHubs.EmaHubTests.ChainProvider_MatchesSeriesExactly,2bbb486c7f3eb550747d42bf0cfc6a602ce16772,2026-07-06T05:29:09-04:00,2bbb486c7f3eb550747d42bf0cfc6a602ce16772,2026-07-06T05:29:09-04:00,1,42,0.02040816326530612,,,False,False,0,1,0.0,397.29,,0.002517027296374458,230706417.0,DaveSkender/Stock.Indicators,C#
tests/Library/Indicators/e-j/Ema/EmaHubTests.cs,4,callable,ok,StreamHubs.EmaHubTests.ToStringOverride_ReturnsExpectedName,StreamHubs.EmaHubTests.ToStringOverride_ReturnsExpectedName,2bbb486c7f3eb550747d42bf0cfc6a602ce16772,2026-07-06T05:29:09-04:00,2bbb486c7f3eb550747d42bf0cfc6a602ce16772,2026-07-06T05:29:09-04:00,1,42,0.16666666666666666,,,False,False,0,1,0.0,397.29,,0.002517027296374458,230706417.0,DaveSkender/Stock.Indicators,C#
tests/Library/Indicators/e-j/Fcb/FcbRegressionTests.cs,0,class,ok,Regression.FcbRegressionTests,Regression.FcbRegressionTests,2bbb486c7f3eb550747d42bf0cfc6a602ce16772,2026-07-06T05:29:09-04:00,2bbb486c7f3eb550747d42bf0cfc6a602ce16772,2026-07-06T05:29:09-04:00,1,42,0.07142857142857142,,,False,False,0,1,0.0,397.29,,0.002517027296374458,230706417.0,DaveSkender/Stock.Indicators,C#
tests/Library/Indicators/e-j/Fcb/FcbRegressionTests.cs,0,callable,ok,Regression.FcbRegressionTests.FcbRegressionTests,Regression.FcbRegressionTests.FcbRegressionTests,2bbb486c7f3eb550747d42bf0cfc6a602ce16772,2026-07-06T05:29:09-04:00,2bbb486c7f3eb550747d42bf0cfc6a602ce16772,2026-07-06T05:29:09-04:00,1,42,1.0,,,False,False,0,1,0.0,397.29,,0.002517027296374458,230706417.0,DaveSkender/Stock.Indicators,C#
tests/Library/Indicators/e-j/Fcb/FcbRegressionTests.cs,1,callable,ok,Regression.FcbRegressionTests.Series_AgainstBaseline_MatchesExactly,Regression.FcbRegressionTests.Series_AgainstBaseline_MatchesExactly,2bbb486c7f3eb550747d42bf0cfc6a602ce16772,2026-07-06T05:29:09-04:00,2bbb486c7f3eb550747d42bf0cfc6a602ce16772,2026-07-06T05:29:09-04:00,1,42,0.5,,,False,False,0,1,0.0,397.29,,0.002517027296374458,230706417.0,DaveSkender/Stock.Indicators,C#
tests/Library/Indicators/e-j/Fcb/FcbRegressionTests.cs,2,callable,ok,Regression.FcbRegressionTests.Buffer_AgainstBaseline_MatchesExactly,Regression.FcbRegressionTests.Buffer_AgainstBaseline_MatchesExactly,2bbb486c7f3eb550747d42bf0cfc6a602ce16772,2026-07-06T05:29:09-04:00,2bbb486c7f3eb550747d42bf0cfc6a602ce16772,2026-07-06T05:29:09-04:00,1,42,0.5,,,False,False,0,1,0.0,397.29,,0.002517027296374458,230706417.0,DaveSkender/Stock.Indicators,C#
tests/Library/Indicators/e-j/Fcb/FcbRegressionTests.cs,3,callable,ok,Regression.FcbRegressionTests.Stream_AgainstBaseline_MatchesExactly,Regression.FcbRegressionTests.Stream_AgainstBaseline_MatchesExactly,2bbb486c7f3eb550747d42bf0cfc6a602ce16772,2026-07-06T05:29:09-04:00,2bbb486c7f3eb550747d42bf0cfc6a602ce16772,2026-07-06T05:29:09-04:00,1,42,0.5,,,False,False,0,1,0.0,397.29,,0.002517027296374458,230706417.0,DaveSkender/Stock.Indicators,C#
tests/Library/Indicators/e-j/FisherTransform/FisherTransformHubTests.cs,0,class,ok,StreamHubs.FisherTransformHubTests,StreamHubs.FisherTransformHubTests,2bbb486c7f3eb550747d42bf0cfc6a602ce16772,2026-07-06T05:29:09-04:00,2bbb486c7f3eb550747d42bf0cfc6a602ce16772,2026-07-06T05:29:09-04:00,1,42,0.0056179775280898875,,,False,False,0,1,0.0,397.29,,0.002517027296374458,230706417.0,DaveSkender/Stock.Indicators,C#
tests/Library/Indicators/e-j/FisherTransform/FisherTransformHubTests.cs,0,callable,ok,StreamHubs.FisherTransformHubTests.BarObserver_WithWarmupLateArrivalAndRemoval_MatchesSeriesExactly,StreamHubs.FisherTransformHubTests.BarObserver_WithWarmupLateArrivalAndRemoval_MatchesSeriesExactly,2bbb486c7f3eb550747d42bf0cfc6a602ce16772,2026-07-06T05:29:09-04:00,2bbb486c7f3eb550747d42bf0cfc6a602ce16772,2026-07-06T05:29:09-04:00,1,42,0.021739130434782608,,,False,False,0,1,0.0,397.29,,0.002517027296374458,230706417.0,DaveSkender/Stock.Indicators,C#
tests/Library/Indicators/e-j/FisherTransform/FisherTransformHubTests.cs,1,callable,ok,StreamHubs.FisherTransformHubTests.WithCachePruning_MatchesSeriesExactly,StreamHubs.FisherTransformHubTests.WithCachePruning_MatchesSeriesExactly,2bbb486c7f3eb550747d42bf0cfc6a602ce16772,2026-07-06T05:29:09-04:00,2bbb486c7f3eb550747d42bf0cfc6a602ce16772,2026-07-06T05:29:09-04:00,1,42,0.03333333333333333,,,False,False,0,1,0.0,397.29,,0.002517027296374458,230706417.0,DaveSkender/Stock.Indicators,C#
tests/Library/Indicators/e-j/FisherTransform/FisherTransformHubTests.cs,2,callable,ok,StreamHubs.FisherTransformHubTests.ChainObserver_ChainedProvider_MatchesSeriesExactly,StreamHubs.FisherTransformHubTests.ChainObserver_ChainedProvider_MatchesSeriesExactly,2bbb486c7f3eb550747d42bf0cfc6a602ce16772,2026-07-06T05:29:09-04:00,2bbb486c7f3eb550747d42bf0cfc6a602ce16772,2026-07-06T05:29:09-04:00,1,42,0.029411764705882353,,,False,False,0,1,0.0,397.29,,0.002517027296374458,230706417.0,DaveSkender/Stock.Indicators,C#
tests/Library/Indicators/e-j/FisherTransform/FisherTransformHubTests.cs,3,callable,ok,StreamHubs.FisherTransformHubTests.ChainProvider_MatchesSeriesExactly,StreamHubs.FisherTransformHubTests.ChainProvider_MatchesSeriesExactly,2bbb486c7f3eb550747d42bf0cfc6a602ce16772,2026-07-06T05:29:09-04:00,2bbb486c7f3eb550747d42bf0cfc6a602ce16772,2026-07-06T05:29:09-04:00,1,42,0.0196078431372549,,,False,False,0,1,0.0,397.29,,0.002517027296374458,230706417.0,DaveSkender/Stock.Indicators,C#
tests/Library/Indicators/e-j/FisherTransform/FisherTransformHubTests.cs,4,callable,ok,StreamHubs.FisherTransformHubTests.ToStringOverride_ReturnsExpectedName,StreamHubs.FisherTransformHubTests.ToStringOverride_ReturnsExpectedName,2bbb486c7f3eb550747d42bf0cfc6a602ce16772,2026-07-06T05:29:09-04:00,2bbb486c7f3eb550747d42bf0cfc6a602ce16772,2026-07-06T05:29:09-04:00,1,42,0.16666666666666666,,,False,False,0,1,0.0,397.29,,0.002517027296374458,230706417.0,DaveSkender/Stock.Indicators,C#
tests/Library/Indicators/e-j/Gator/GatorCatalogTests.cs,0,class,ok,Catalogging.GatorCatalogTests,Catalogging.GatorCatalogTests,2bbb486c7f3eb550747d42bf0cfc6a602ce16772,2026-07-06T05:29:09-04:00,2bbb486c7f3eb550747d42bf0cfc6a602ce16772,2026-07-06T05:29:09-04:00,1,42,0.021739130434782608,,,False,False,0,1,0.0,397.29,,0.002517027296374458,230706417.0,DaveSkender/Stock.Indicators,C#
tests/Library/Indicators/e-j/Gator/GatorCatalogTests.cs,0,callable,ok,Catalogging.GatorCatalogTests.GatorSeries_InCatalog_ReturnsAllVariants,Catalogging.GatorCatalogTests.GatorSeries_InCatalog_ReturnsAllVariants,2bbb486c7f3eb550747d42bf0cfc6a602ce16772,2026-07-06T05:29:09-04:00,2bbb486c7f3eb550747d42bf0cfc6a602ce16772,2026-07-06T05:29:09-04:00,1,42,0.047619047619047616,,,False,False,0,1,0.0,397.29,,0.002517027296374458,230706417.0,DaveSkender/Stock.Indicators,C#
tests/Library/Indicators/e-j/Gator/GatorCatalogTests.cs,1,callable,ok,Catalogging.GatorCatalogTests.GatorStream_InCatalog_ReturnsAllVariants,Catalogging.GatorCatalogTests.GatorStream_InCatalog_ReturnsAllVariants,2bbb486c7f3eb550747d42bf0cfc6a602ce16772,2026-07-06T05:29:09-04:00,2bbb486c7f3eb550747d42bf0cfc6a602ce16772,2026-07-06T05:29:09-04:00,1,42,0.05,,,False,False,0,1,0.0,397.29,,0.002517027296374458,230706417.0,DaveSkender/Stock.Indicators,C#
tests/Library/Indicators/e-j/Hma/HmaSeriesTests.cs,0,class,ok,StaticSeries.HmaSeriesTests,StaticSeries.HmaSeriesTests,2bbb486c7f3eb550747d42bf0cfc6a602ce16772,2026-07-06T05:29:09-04:00,2bbb486c7f3eb550747d42bf0cfc6a602ce16772,2026-07-06T05:29:09-04:00,1,42,0.00980392156862745,,,False,False,0,1,0.0,397.29,,0.002517027296374458,230706417.0,DaveSkender/Stock.Indicators,C#
tests/Library/Indicators/e-j/Hma/HmaSeriesTests.cs,0,callable,ok,StaticSeries.HmaSeriesTests.DefaultParameters_ReturnsExpectedResults,StaticSeries.HmaSeriesTests.DefaultParameters_ReturnsExpectedResults,2bbb486c7f3eb550747d42bf0cfc6a602ce16772,2026-07-06T05:29:09-04:00,2bbb486c7f3eb550747d42bf0cfc6a602ce16772,2026-07-06T05:29:09-04:00,1,42,0.058823529411764705,,,False,False,0,1,0.0,397.29,,0.002517027296374458,230706417.0,DaveSkender/Stock.Indicators,C#
tests/Library/Indicators/e-j/Hma/HmaSeriesTests.cs,1,callable,ok,StaticSeries.HmaSeriesTests.UseReusable_ClosePrice_ReturnsExpectedResult,StaticSeries.HmaSeriesTests.UseReusable_ClosePrice_ReturnsExpectedResult,2bbb486c7f3eb550747d42bf0cfc6a602ce16772,2026-07-06T05:29:09-04:00,2bbb486c7f3eb550747d42bf0cfc6a602ce16772,2026-07-06T05:29:09-04:00,1,42,0.1,,,False,False,0,1,0.0,397.29,,0.002517027296374458,230706417.0,DaveSkender/Stock.Indicators,C#
tests/Library/Indicators/e-j/Hma/HmaSeriesTests.cs,2,callable,ok,StaticSeries.HmaSeriesTests.Chainee_FromSma_ReturnsExpectedResult,StaticSeries.HmaSeriesTests.Chainee_FromSma_ReturnsExpectedResult,2bbb486c7f3eb550747d42bf0cfc6a602ce16772,2026-07-06T05:29:09-04:00,2bbb486c7f3eb550747d42bf0cfc6a602ce16772,2026-07-06T05:29:09-04:00,1,42,0.1,,,False,False,0,1,0.0,397.29,,0.002517027296374458,230706417.0,DaveSkender/Stock.Indicators,C#
tests/Library/Indicators/e-j/Hma/HmaSeriesTests.cs,3,callable,ok,StaticSeries.HmaSeriesTests.ChainFromResults_ToSma_ReturnsExpectedResult,StaticSeries.HmaSeriesTests.ChainFromResults_ToSma_ReturnsExpectedResult,2bbb486c7f3eb550747d42bf0cfc6a602ce16772,2026-07-06T05:29:09-04:00,2bbb486c7f3eb550747d42bf0cfc6a602ce16772,2026-07-06T05:29:09-04:00,1,42,0.1,,,False,False,0,1,0.0,397.29,,0.002517027296374458,230706417.0,DaveSkender/Stock.Indicators,C#
tests/Library/Indicators/e-j/Hma/HmaSeriesTests.cs,4,callable,ok,StaticSeries.HmaSeriesTests.BadBars_DoesNotFail,StaticSeries.HmaSeriesTests.BadBars_DoesNotFail,2bbb486c7f3eb550747d42bf0cfc6a602ce16772,2026-07-06T05:29:09-04:00,2bbb486c7f3eb550747d42bf0cfc6a602ce16772,2026-07-06T05:29:09-04:00,1,42,0.1111111111111111,,,False,False,0,1,0.0,397.29,,0.002517027296374458,230706417.0,DaveSkender/Stock.Indicators,C#
tests/Library/Indicators/e-j/Hma/HmaSeriesTests.cs,5,callable,ok,StaticSeries.HmaSeriesTests.NoBars_ReturnsEmpty,StaticSeries.HmaSeriesTests.NoBars_ReturnsEmpty,2bbb486c7f3eb550747d42bf0cfc6a602ce16772,2026-07-06T05:29:09-04:00,2bbb486c7f3eb550747d42bf0cfc6a602ce16772,2026-07-06T05:29:09-04:00,1,42,0.07692307692307693,,,False,False,0,1,0.0,397.29,,0.002517027296374458,230706417.0,DaveSkender/Stock.Indicators,C#
tests/Library/Indicators/e-j/Hma/HmaSeriesTests.cs,6,callable,ok,StaticSeries.HmaSeriesTests.Removed_WithWarmupPeriods_TruncatesResults,StaticSeries.HmaSeriesTests.Removed_WithWarmupPeriods_TruncatesResults,2bbb486c7f3eb550747d42bf0cfc6a602ce16772,2026-07-06T05:29:09-04:00,2bbb486c7f3eb550747d42bf0cfc6a602ce16772,2026-07-06T05:29:09-04:00,1,42,0.07692307692307693,,,False,False,0,1,0.0,397.29,,0.002517027296374458,230706417.0,DaveSkender/Stock.Indicators,C#
tests/Library/Indicators/e-j/Hma/HmaSeriesTests.cs,7,callable,ok,StaticSeries.HmaSeriesTests.Exceptions_InvalidLookback_ThrowsArgumentOutOfRangeException,StaticSeries.HmaSeriesTests.Exceptions_InvalidLookback_ThrowsArgumentOutOfRangeException,2bbb486c7f3eb550747d42bf0cfc6a602ce16772,2026-07-06T05:29:09-04:00,2bbb486c7f3eb550747d42bf0cfc6a602ce16772,2026-07-06T05:29:09-04:00,1,42,0.16666666666666666,,,False,False,0,1,0.0,397.29,,0.002517027296374458,230706417.0,DaveSkender/Stock.Indicators,C#
tests/Library/Indicators/e-j/Hurst/HurstRegressionTests.cs,0,class,ok,Regression.HurstRegressionTests,Regression.HurstRegressionTests,2bbb486c7f3eb550747d42bf0cfc6a602ce16772,2026-07-06T05:29:09-04:00,2bbb486c7f3eb550747d42bf0cfc6a602ce16772,2026-07-06T05:29:09-04:00,1,42,0.07142857142857142,,,False,False,0,1,0.0,397.29,,0.002517027296374458,230706417.0,DaveSkender/Stock.Indicators,C#
tests/Library/Indicators/e-j/Hurst/HurstRegressionTests.cs,0,callable,ok,Regression.HurstRegressionTests.HurstRegressionTests,Regression.HurstRegressionTests.HurstRegressionTests,2bbb486c7f3eb550747d42bf0cfc6a602ce16772,2026-07-06T05:29:09-04:00,2bbb486c7f3eb550747d42bf0cfc6a602ce16772,2026-07-06T05:29:09-04:00,1,42,1.0,,,False,False,0,1,0.0,397.29,,0.002517027296374458,230706417.0,DaveSkender/Stock.Indicators,C#
tests/Library/Indicators/e-j/Hurst/HurstRegressionTests.cs,1,callable,ok,Regression.HurstRegressionTests.Series_AgainstBaseline_MatchesExactly,Regression.HurstRegressionTests.Series_AgainstBaseline_MatchesExactly,2bbb486c7f3eb550747d42bf0cfc6a602ce16772,2026-07-06T05:29:09-04:00,2bbb486c7f3eb550747d42bf0cfc6a602ce16772,2026-07-06T05:29:09-04:00,1,42,0.5,,,False,False,0,1,0.0,397.29,,0.002517027296374458,230706417.0,DaveSkender/Stock.Indicators,C#
tests/Library/Indicators/e-j/Hurst/HurstRegressionTests.cs,2,callable,ok,Regression.HurstRegressionTests.Buffer_AgainstBaseline_MatchesExactly,Regression.HurstRegressionTests.Buffer_AgainstBaseline_MatchesExactly,2bbb486c7f3eb550747d42bf0cfc6a602ce16772,2026-07-06T05:29:09-04:00,2bbb486c7f3eb550747d42bf0cfc6a602ce16772,2026-07-06T05:29:09-04:00,1,42,0.5,,,False,False,0,1,0.0,397.29,,0.002517027296374458,230706417.0,DaveSkender/Stock.Indicators,C#
tests/Library/Indicators/e-j/Hurst/HurstRegressionTests.cs,3,callable,ok,Regression.HurstRegressionTests.Stream_AgainstBaseline_MatchesExactly,Regression.HurstRegressionTests.Stream_AgainstBaseline_MatchesExactly,2bbb486c7f3eb550747d42bf0cfc6a602ce16772,2026-07-06T05:29:09-04:00,2bbb486c7f3eb550747d42bf0cfc6a602ce16772,2026-07-06T05:29:09-04:00,1,42,0.5,,,False,False,0,1,0.0,397.29,,0.002517027296374458,230706417.0,DaveSkender/Stock.Indicators,C#
tests/Library/Indicators/k-q/Keltner/KeltnerHubTests.cs,0,class,ok,StreamHubs.KeltnerHubTests,StreamHubs.KeltnerHubTests,2bbb486c7f3eb550747d42bf0cfc6a602ce16772,2026-07-06T05:29:09-04:00,2bbb486c7f3eb550747d42bf0cfc6a602ce16772,2026-07-06T05:29:09-04:00,1,42,0.005025125628140704,,,False,False,0,1,0.0,397.29,,0.002517027296374458,230706417.0,DaveSkender/Stock.Indicators,C#
tests/Library/Indicators/k-q/Keltner/KeltnerHubTests.cs,0,callable,ok,StreamHubs.KeltnerHubTests.BarObserver_WithWarmupLateArrivalAndRemoval_MatchesSeriesExactly,StreamHubs.KeltnerHubTests.BarObserver_WithWarmupLateArrivalAndRemoval_MatchesSeriesExactly,2bbb486c7f3eb550747d42bf0cfc6a602ce16772,2026-07-06T05:29:09-04:00,2bbb486c7f3eb550747d42bf0cfc6a602ce16772,2026-07-06T05:29:09-04:00,1,42,0.018518518518518517,,,False,False,0,1,0.0,397.29,,0.002517027296374458,230706417.0,DaveSkender/Stock.Indicators,C#
tests/Library/Indicators/k-q/Keltner/KeltnerHubTests.cs,1,callable,ok,StreamHubs.KeltnerHubTests.WithCachePruning_MatchesSeriesExactly,StreamHubs.KeltnerHubTests.WithCachePruning_MatchesSeriesExactly,2bbb486c7f3eb550747d42bf0cfc6a602ce16772,2026-07-06T05:29:09-04:00,2bbb486c7f3eb550747d42bf0cfc6a602ce16772,2026-07-06T05:29:09-04:00,1,42,0.03333333333333333,,,False,False,0,1,0.0,397.29,,0.002517027296374458,230706417.0,DaveSkender/Stock.Indicators,C#
tests/Library/Indicators/k-q/Keltner/KeltnerHubTests.cs,2,callable,ok,StreamHubs.KeltnerHubTests.ToStringOverride_ReturnsExpectedName,StreamHubs.KeltnerHubTests.ToStringOverride_ReturnsExpectedName,2bbb486c7f3eb550747d42bf0cfc6a602ce16772,2026-07-06T05:29:09-04:00,2bbb486c7f3eb550747d42bf0cfc6a602ce16772,2026-07-06T05:29:09-04:00,1,42,0.1111111111111111,,,False,False,0,1,0.0,397.29,,0.002517027296374458,230706417.0,DaveSkender/Stock.Indicators,C#
tests/Library/Indicators/k-q/Keltner/KeltnerHubTests.cs,3,callable,ok,StreamHubs.KeltnerHubTests.LateArrival_MidStream_MatchesFreshStream,StreamHubs.KeltnerHubTests.LateArrival_MidStream_MatchesFreshStream,2bbb486c7f3eb550747d42bf0cfc6a602ce16772,2026-07-06T05:29:09-04:00,2bbb486c7f3eb550747d42bf0cfc6a602ce16772,2026-07-06T05:29:09-04:00,1,42,0.03225806451612903,,,False,False,0,1,0.0,397.29,,0.002517027296374458,230706417.0,DaveSkender/Stock.Indicators,C#
tests/Library/Indicators/k-q/Keltner/KeltnerHubTests.cs,4,callable,ok,StreamHubs.KeltnerHubTests.LateArrival_AtBandsWarmupBoundary_MatchesFreshStream,StreamHubs.KeltnerHubTests.LateArrival_AtBandsWarmupBoundary_MatchesFreshStream,2bbb486c7f3eb550747d42bf0cfc6a602ce16772,2026-07-06T05:29:09-04:00,2bbb486c7f3eb550747d42bf0cfc6a602ce16772,2026-07-06T05:29:09-04:00,1,42,0.029411764705882353,,,False,False,0,1,0.0,397.29,,0.002517027296374458,230706417.0,DaveSkender/Stock.Indicators,C#
tests/Library/Indicators/k-q/Keltner/KeltnerHubTests.cs,5,callable,ok,StreamHubs.KeltnerHubTests.PrefilledProvider_OnRebuild_MatchesSeriesExactly,StreamHubs.KeltnerHubTests.PrefilledProvider_OnRebuild_MatchesSeriesExactly,2bbb486c7f3eb550747d42bf0cfc6a602ce16772,2026-07-06T05:29:09-04:00,2bbb486c7f3eb550747d42bf0cfc6a602ce16772,2026-07-06T05:29:09-04:00,1,42,0.03125,,,False,False,0,1,0.0,397.29,,0.002517027296374458,230706417.0,DaveSkender/Stock.Indicators,C#
tests/Library/Indicators/k-q/Mama/MamaBufferListTests.cs,0,class,ok,BufferLists.MamaBufferListTests,BufferLists.MamaBufferListTests,2bbb486c7f3eb550747d42bf0cfc6a602ce16772,2026-07-06T05:29:09-04:00,2bbb486c7f3eb550747d42bf0cfc6a602ce16772,2026-07-06T05:29:09-04:00,1,42,0.006622516556291391,,,False,False,0,1,0.0,397.29,,0.002517027296374458,230706417.0,DaveSkender/Stock.Indicators,C#
tests/Library/Indicators/k-q/Mama/MamaBufferListTests.cs,0,callable,ok,BufferLists.MamaBufferListTests.AddBar_IncrementsResults,BufferLists.MamaBufferListTests.AddBar_IncrementsResults,2bbb486c7f3eb550747d42bf0cfc6a602ce16772,2026-07-06T05:29:09-04:00,2bbb486c7f3eb550747d42bf0cfc6a602ce16772,2026-07-06T05:29:09-04:00,1,42,0.07692307692307693,,,False,False,0,1,0.0,397.29,,0.002517027296374458,230706417.0,DaveSkender/Stock.Indicators,C#
tests/Library/Indicators/k-q/Mama/MamaBufferListTests.cs,1,callable,ok,BufferLists.MamaBufferListTests.AddBarsBatch_IncrementsResults,BufferLists.MamaBufferListTests.AddBarsBatch_IncrementsResults,2bbb486c7f3eb550747d42bf0cfc6a602ce16772,2026-07-06T05:29:09-04:00,2bbb486c7f3eb550747d42bf0cfc6a602ce16772,2026-07-06T05:29:09-04:00,1,42,0.125,,,False,False,0,1,0.0,397.29,,0.002517027296374458,230706417.0,DaveSkender/Stock.Indicators,C#
tests/Library/Indicators/k-q/Mama/MamaBufferListTests.cs,2,callable,ok,BufferLists.MamaBufferListTests.BarsCtor_OnInstantiation_IncrementsResults,BufferLists.MamaBufferListTests.BarsCtor_OnInstantiation_IncrementsResults,2bbb486c7f3eb550747d42bf0cfc6a602ce16772,2026-07-06T05:29:09-04:00,2bbb486c7f3eb550747d42bf0cfc6a602ce16772,2026-07-06T05:29:09-04:00,1,42,0.125,,,False,False,0,1,0.0,397.29,,0.002517027296374458,230706417.0,DaveSkender/Stock.Indicators,C#
tests/Library/Indicators/k-q/Mama/MamaBufferListTests.cs,3,callable,ok,BufferLists.MamaBufferListTests.AddReusableItem_IncrementsResults,BufferLists.MamaBufferListTests.AddReusableItem_IncrementsResults,2bbb486c7f3eb550747d42bf0cfc6a602ce16772,2026-07-06T05:29:09-04:00,2bbb486c7f3eb550747d42bf0cfc6a602ce16772,2026-07-06T05:29:09-04:00,1,42,0.07692307692307693,,,False,False,0,1,0.0,397.29,,0.002517027296374458,230706417.0,DaveSkender/Stock.Indicators,C#
tests/Library/Indicators/k-q/Mama/MamaBufferListTests.cs,4,callable,ok,BufferLists.MamaBufferListTests.AddReusableItemBatch_IncrementsResults,BufferLists.MamaBufferListTests.AddReusableItemBatch_IncrementsResults,2bbb486c7f3eb550747d42bf0cfc6a602ce16772,2026-07-06T05:29:09-04:00,2bbb486c7f3eb550747d42bf0cfc6a602ce16772,2026-07-06T05:29:09-04:00,1,42,0.125,,,False,False,0,1,0.0,397.29,,0.002517027296374458,230706417.0,DaveSkender/Stock.Indicators,C#
tests/Library/Indicators/k-q/Mama/MamaBufferListTests.cs,5,callable,ok,BufferLists.MamaBufferListTests.AddDateAndValue_IncrementsResults,BufferLists.MamaBufferListTests.AddDateAndValue_IncrementsResults,2bbb486c7f3eb550747d42bf0cfc6a602ce16772,2026-07-06T05:29:09-04:00,2bbb486c7f3eb550747d42bf0cfc6a602ce16772,2026-07-06T05:29:09-04:00,1,42,0.07692307692307693,,,False,False,0,1,0.0,397.29,,0.002517027296374458,230706417.0,DaveSkender/Stock.Indicators,C#
tests/Library/Indicators/k-q/Mama/MamaBufferListTests.cs,6,callable,ok,BufferLists.MamaBufferListTests.Clear_WithState_ResetsState,BufferLists.MamaBufferListTests.Clear_WithState_ResetsState,2bbb486c7f3eb550747d42bf0cfc6a602ce16772,2026-07-06T05:29:09-04:00,2bbb486c7f3eb550747d42bf0cfc6a602ce16772,2026-07-06T05:29:09-04:00,1,42,0.05,,,False,False,0,1,0.0,397.29,,0.002517027296374458,230706417.0,DaveSkender/Stock.Indicators,C#
tests/Library/Indicators/k-q/Mama/MamaBufferListTests.cs,7,callable,ok,BufferLists.MamaBufferListTests.PruneList_OverMaxListSize_AutoAdjustsListAndBuffers,BufferLists.MamaBufferListTests.PruneList_OverMaxListSize_AutoAdjustsListAndBuffers,2bbb486c7f3eb550747d42bf0cfc6a602ce16772,2026-07-06T05:29:09-04:00,2bbb486c7f3eb550747d42bf0cfc6a602ce16772,2026-07-06T05:29:09-04:00,1,42,0.05555555555555555,,,False,False,0,1,0.0,397.29,,0.002517027296374458,230706417.0,DaveSkender/Stock.Indicators,C#
tests/Library/Indicators/k-q/Mama/MamaBufferListTests.cs,8,callable,ok,BufferLists.MamaBufferListTests.CustomBuffer_OverMaxListSize_AutoAdjustsListAndBuffers,BufferLists.MamaBufferListTests.CustomBuffer_OverMaxListSize_AutoAdjustsListAndBuffers,2bbb486c7f3eb550747d42bf0cfc6a602ce16772,2026-07-06T05:29:09-04:00,2bbb486c7f3eb550747d42bf0cfc6a602ce16772,2026-07-06T05:29:09-04:00,1,42,0.038461538461538464,,,False,False,0,1,0.0,397.29,,0.002517027296374458,230706417.0,DaveSkender/Stock.Indicators,C#
tests/Library/Indicators/k-q/Mama/MamaRegressionTests.cs,0,class,ok,Regression.MamaRegressionTests,Regression.MamaRegressionTests,2bbb486c7f3eb550747d42bf0cfc6a602ce16772,2026-07-06T05:29:09-04:00,2bbb486c7f3eb550747d42bf0cfc6a602ce16772,2026-07-06T05:29:09-04:00,1,42,0.07142857142857142,,,False,False,0,1,0.0,397.29,,0.002517027296374458,230706417.0,DaveSkender/Stock.Indicators,C#
tests/Library/Indicators/k-q/Mama/MamaRegressionTests.cs,0,callable,ok,Regression.MamaRegressionTests.MamaRegressionTests,Regression.MamaRegressionTests.MamaRegressionTests,2bbb486c7f3eb550747d42bf0cfc6a602ce16772,2026-07-06T05:29:09-04:00,2bbb486c7f3eb550747d42bf0cfc6a602ce16772,2026-07-06T05:29:09-04:00,1,42,1.0,,,False,False,0,1,0.0,397.29,,0.002517027296374458,230706417.0,DaveSkender/Stock.Indicators,C#
tests/Library/Indicators/k-q/Mama/MamaRegressionTests.cs,1,callable,ok,Regression.MamaRegressionTests.Series_AgainstBaseline_MatchesExactly,Regression.MamaRegressionTests.Series_AgainstBaseline_MatchesExactly,2bbb486c7f3eb550747d42bf0cfc6a602ce16772,2026-07-06T05:29:09-04:00,2bbb486c7f3eb550747d42bf0cfc6a602ce16772,2026-07-06T05:29:09-04:00,1,42,0.5,,,False,False,0,1,0.0,397.29,,0.002517027296374458,230706417.0,DaveSkender/Stock.Indicators,C#
tests/Library/Indicators/k-q/Mama/MamaRegressionTests.cs,2,callable,ok,Regression.MamaRegressionTests.Buffer_AgainstBaseline_MatchesExactly,Regression.MamaRegressionTests.Buffer_AgainstBaseline_MatchesExactly,2bbb486c7f3eb550747d42bf0cfc6a602ce16772,2026-07-06T05:29:09-04:00,2bbb486c7f3eb550747d42bf0cfc6a602ce16772,2026-07-06T05:29:09-04:00,1,42,0.5,,,False,False,0,1,0.0,397.29,,0.002517027296374458,230706417.0,DaveSkender/Stock.Indicators,C#
tests/Library/Indicators/k-q/Mama/MamaRegressionTests.cs,3,callable,ok,Regression.MamaRegressionTests.Stream_AgainstBaseline_MatchesExactly,Regression.MamaRegressionTests.Stream_AgainstBaseline_MatchesExactly,2bbb486c7f3eb550747d42bf0cfc6a602ce16772,2026-07-06T05:29:09-04:00,2bbb486c7f3eb550747d42bf0cfc6a602ce16772,2026-07-06T05:29:09-04:00,1,42,0.5,,,False,False,0,1,0.0,397.29,,0.002517027296374458,230706417.0,DaveSkender/Stock.Indicators,C#
tests/Library/Indicators/k-q/Marubozu/MarubozuSeriesTests.cs,0,class,ok,StaticSeries.MarubozuSeriesTests,StaticSeries.MarubozuSeriesTests,2bbb486c7f3eb550747d42bf0cfc6a602ce16772,2026-07-06T05:29:09-04:00,2bbb486c7f3eb550747d42bf0cfc6a602ce16772,2026-07-06T05:29:09-04:00,1,42,0.012048192771084338,,,False,False,0,1,0.0,397.29,,0.002517027296374458,230706417.0,DaveSkender/Stock.Indicators,C#
tests/Library/Indicators/k-q/Marubozu/MarubozuSeriesTests.cs,0,callable,ok,StaticSeries.MarubozuSeriesTests.DefaultParameters_ReturnsExpectedResults,StaticSeries.MarubozuSeriesTests.DefaultParameters_ReturnsExpectedResults,2bbb486c7f3eb550747d42bf0cfc6a602ce16772,2026-07-06T05:29:09-04:00,2bbb486c7f3eb550747d42bf0cfc6a602ce16772,2026-07-06T05:29:09-04:00,1,42,0.02857142857142857,,,False,False,0,1,0.0,397.29,,0.002517027296374458,230706417.0,DaveSkender/Stock.Indicators,C#
tests/Library/Indicators/k-q/Marubozu/MarubozuSeriesTests.cs,1,callable,ok,StaticSeries.MarubozuSeriesTests.BadBars_DoesNotFail,StaticSeries.MarubozuSeriesTests.BadBars_DoesNotFail,2bbb486c7f3eb550747d42bf0cfc6a602ce16772,2026-07-06T05:29:09-04:00,2bbb486c7f3eb550747d42bf0cfc6a602ce16772,2026-07-06T05:29:09-04:00,1,42,0.125,,,False,False,0,1,0.0,397.29,,0.002517027296374458,230706417.0,DaveSkender/Stock.Indicators,C#
tests/Library/Indicators/k-q/Marubozu/MarubozuSeriesTests.cs,2,callable,ok,StaticSeries.MarubozuSeriesTests.NoBars_ReturnsEmpty,StaticSeries.MarubozuSeriesTests.NoBars_ReturnsEmpty,2bbb486c7f3eb550747d42bf0cfc6a602ce16772,2026-07-06T05:29:09-04:00,2bbb486c7f3eb550747d42bf0cfc6a602ce16772,2026-07-06T05:29:09-04:00,1,42,0.07692307692307693,,,False,False,0,1,0.0,397.29,,0.002517027296374458,230706417.0,DaveSkender/Stock.Indicators,C#
tests/Library/Indicators/k-q/Marubozu/MarubozuSeriesTests.cs,3,callable,ok,StaticSeries.MarubozuSeriesTests.Condense_RemovesNullResults_ReturnsCondensed,StaticSeries.MarubozuSeriesTests.Condense_RemovesNullResults_ReturnsCondensed,2bbb486c7f3eb550747d42bf0cfc6a602ce16772,2026-07-06T05:29:09-04:00,2bbb486c7f3eb550747d42bf0cfc6a602ce16772,2026-07-06T05:29:09-04:00,1,42,0.1111111111111111,,,False,False,0,1,0.0,397.29,,0.002517027296374458,230706417.0,DaveSkender/Stock.Indicators,C#
tests/Library/Indicators/k-q/Marubozu/MarubozuSeriesTests.cs,4,callable,ok,StaticSeries.MarubozuSeriesTests.Exceptions_InvalidMinBodyPercent_ThrowsArgumentOutOfRangeException,StaticSeries.MarubozuSeriesTests.Exceptions_InvalidMinBodyPercent_ThrowsArgumentOutOfRangeException,2bbb486c7f3eb550747d42bf0cfc6a602ce16772,2026-07-06T05:29:09-04:00,2bbb486c7f3eb550747d42bf0cfc6a602ce16772,2026-07-06T05:29:09-04:00,1,42,0.1,,,False,False,0,1,0.0,397.29,,0.002517027296374458,230706417.0,DaveSkender/Stock.Indicators,C#
tests/Library/Indicators/k-q/Mfi/MfiHubTests.cs,0,class,ok,StreamHubs.MfiHubTests,StreamHubs.MfiHubTests,2bbb486c7f3eb550747d42bf0cfc6a602ce16772,2026-07-06T05:29:09-04:00,2bbb486c7f3eb550747d42bf0cfc6a602ce16772,2026-07-06T05:29:09-04:00,1,42,0.006369426751592357,,,False,False,0,1,0.0,397.29,,0.002517027296374458,230706417.0,DaveSkender/Stock.Indicators,C#
tests/Library/Indicators/k-q/Mfi/MfiHubTests.cs,0,callable,ok,StreamHubs.MfiHubTests.Results_WithAnyInput_AreAlwaysBounded,StreamHubs.MfiHubTests.Results_WithAnyInput_AreAlwaysBounded,2bbb486c7f3eb550747d42bf0cfc6a602ce16772,2026-07-06T05:29:09-04:00,2bbb486c7f3eb550747d42bf0cfc6a602ce16772,2026-07-06T05:29:09-04:00,1,42,0.16666666666666666,,,False,False,0,1,0.0,397.29,,0.002517027296374458,230706417.0,DaveSkender/Stock.Indicators,C#
tests/Library/Indicators/k-q/Mfi/MfiHubTests.cs,1,callable,ok,StreamHubs.MfiHubTests.Boundary_WithRandomBars_StaysWithinBounds,StreamHubs.MfiHubTests.Boundary_WithRandomBars_StaysWithinBounds,2bbb486c7f3eb550747d42bf0cfc6a602ce16772,2026-07-06T05:29:09-04:00,2bbb486c7f3eb550747d42bf0cfc6a602ce16772,2026-07-06T05:29:09-04:00,1,42,0.1,,,False,False,0,1,0.0,397.29,,0.002517027296374458,230706417.0,DaveSkender/Stock.Indicators,C#
tests/Library/Indicators/k-q/Mfi/MfiHubTests.cs,2,callable,ok,StreamHubs.MfiHubTests.BarObserver_WithWarmupLateArrivalAndRemoval_MatchesSeriesExactly,StreamHubs.MfiHubTests.BarObserver_WithWarmupLateArrivalAndRemoval_MatchesSeriesExactly,2bbb486c7f3eb550747d42bf0cfc6a602ce16772,2026-07-06T05:29:09-04:00,2bbb486c7f3eb550747d42bf0cfc6a602ce16772,2026-07-06T05:29:09-04:00,1,42,0.021739130434782608,,,False,False,0,1,0.0,397.29,,0.002517027296374458,230706417.0,DaveSkender/Stock.Indicators,C#
tests/Library/Indicators/k-q/Mfi/MfiHubTests.cs,3,callable,ok,StreamHubs.MfiHubTests.WithCachePruning_MatchesSeriesExactly,StreamHubs.MfiHubTests.WithCachePruning_MatchesSeriesExactly,2bbb486c7f3eb550747d42bf0cfc6a602ce16772,2026-07-06T05:29:09-04:00,2bbb486c7f3eb550747d42bf0cfc6a602ce16772,2026-07-06T05:29:09-04:00,1,42,0.03333333333333333,,,False,False,0,1,0.0,397.29,,0.002517027296374458,230706417.0,DaveSkender/Stock.Indicators,C#
tests/Library/Indicators/k-q/Mfi/MfiHubTests.cs,4,callable,ok,StreamHubs.MfiHubTests.ChainProvider_MatchesSeriesExactly,StreamHubs.MfiHubTests.ChainProvider_MatchesSeriesExactly,2bbb486c7f3eb550747d42bf0cfc6a602ce16772,2026-07-06T05:29:09-04:00,2bbb486c7f3eb550747d42bf0cfc6a602ce16772,2026-07-06T05:29:09-04:00,1,42,0.022222222222222223,,,False,False,0,1,0.0,397.29,,0.002517027296374458,230706417.0,DaveSkender/Stock.Indicators,C#
tests/Library/Indicators/k-q/Mfi/MfiHubTests.cs,5,callable,ok,StreamHubs.MfiHubTests.ToStringOverride_ReturnsExpectedName,StreamHubs.MfiHubTests.ToStringOverride_ReturnsExpectedName,2bbb486c7f3eb550747d42bf0cfc6a602ce16772,2026-07-06T05:29:09-04:00,2bbb486c7f3eb550747d42bf0cfc6a602ce16772,2026-07-06T05:29:09-04:00,1,42,0.125,,,False,False,0,1,0.0,397.29,,0.002517027296374458,230706417.0,DaveSkender/Stock.Indicators,C#
tests/Library/Indicators/k-q/ParabolicSar/ParabolicSarRegressionTests.cs,0,class,ok,Regression.ParabolicSarRegressionTests,Regression.ParabolicSarRegressionTests,2bbb486c7f3eb550747d42bf0cfc6a602ce16772,2026-07-06T05:29:09-04:00,2bbb486c7f3eb550747d42bf0cfc6a602ce16772,2026-07-06T05:29:09-04:00,1,42,0.07142857142857142,,,False,False,0,1,0.0,397.29,,0.002517027296374458,230706417.0,DaveSkender/Stock.Indicators,C#
tests/Library/Indicators/k-q/ParabolicSar/ParabolicSarRegressionTests.cs,0,callable,ok,Regression.ParabolicSarRegressionTests.ParabolicSarRegressionTests,Regression.ParabolicSarRegressionTests.ParabolicSarRegressionTests,2bbb486c7f3eb550747d42bf0cfc6a602ce16772,2026-07-06T05:29:09-04:00,2bbb486c7f3eb550747d42bf0cfc6a602ce16772,2026-07-06T05:29:09-04:00,1,42,1.0,,,False,False,0,1,0.0,397.29,,0.002517027296374458,230706417.0,DaveSkender/Stock.Indicators,C#
tests/Library/Indicators/k-q/ParabolicSar/ParabolicSarRegressionTests.cs,1,callable,ok,Regression.ParabolicSarRegressionTests.Series_AgainstBaseline_MatchesExactly,Regression.ParabolicSarRegressionTests.Series_AgainstBaseline_MatchesExactly,2bbb486c7f3eb550747d42bf0cfc6a602ce16772,2026-07-06T05:29:09-04:00,2bbb486c7f3eb550747d42bf0cfc6a602ce16772,2026-07-06T05:29:09-04:00,1,42,0.5,,,False,False,0,1,0.0,397.29,,0.002517027296374458,230706417.0,DaveSkender/Stock.Indicators,C#
tests/Library/Indicators/k-q/ParabolicSar/ParabolicSarRegressionTests.cs,2,callable,ok,Regression.ParabolicSarRegressionTests.Buffer_AgainstBaseline_MatchesExactly,Regression.ParabolicSarRegressionTests.Buffer_AgainstBaseline_MatchesExactly,2bbb486c7f3eb550747d42bf0cfc6a602ce16772,2026-07-06T05:29:09-04:00,2bbb486c7f3eb550747d42bf0cfc6a602ce16772,2026-07-06T05:29:09-04:00,1,42,0.5,,,False,False,0,1,0.0,397.29,,0.002517027296374458,230706417.0,DaveSkender/Stock.Indicators,C#
tests/Library/Indicators/k-q/ParabolicSar/ParabolicSarRegressionTests.cs,3,callable,ok,Regression.ParabolicSarRegressionTests.Stream_AgainstBaseline_MatchesExactly,Regression.ParabolicSarRegressionTests.Stream_AgainstBaseline_MatchesExactly,2bbb486c7f3eb550747d42bf0cfc6a602ce16772,2026-07-06T05:29:09-04:00,2bbb486c7f3eb550747d42bf0cfc6a602ce16772,2026-07-06T05:29:09-04:00,1,42,0.5,,,False,False,0,1,0.0,397.29,,0.002517027296374458,230706417.0,DaveSkender/Stock.Indicators,C#
tests/Library/Indicators/k-q/Pivots/PivotsRegressionTests.cs,0,class,ok,Regression.PivotsRegressionTests,Regression.PivotsRegressionTests,2bbb486c7f3eb550747d42bf0cfc6a602ce16772,2026-07-06T05:29:09-04:00,2bbb486c7f3eb550747d42bf0cfc6a602ce16772,2026-07-06T05:29:09-04:00,1,42,0.047619047619047616,,,False,False,0,1,0.0,397.29,,0.002517027296374458,230706417.0,DaveSkender/Stock.Indicators,C#
tests/Library/Indicators/k-q/Pivots/PivotsRegressionTests.cs,0,callable,ok,Regression.PivotsRegressionTests.PivotsRegressionTests,Regression.PivotsRegressionTests.PivotsRegressionTests,2bbb486c7f3eb550747d42bf0cfc6a602ce16772,2026-07-06T05:29:09-04:00,2bbb486c7f3eb550747d42bf0cfc6a602ce16772,2026-07-06T05:29:09-04:00,1,42,1.0,,,False,False,0,1,0.0,397.29,,0.002517027296374458,230706417.0,DaveSkender/Stock.Indicators,C#
tests/Library/Indicators/k-q/Pivots/PivotsRegressionTests.cs,1,callable,ok,Regression.PivotsRegressionTests.Series_AgainstBaseline_MatchesExactly,Regression.PivotsRegressionTests.Series_AgainstBaseline_MatchesExactly,2bbb486c7f3eb550747d42bf0cfc6a602ce16772,2026-07-06T05:29:09-04:00,2bbb486c7f3eb550747d42bf0cfc6a602ce16772,2026-07-06T05:29:09-04:00,1,42,0.5,,,False,False,0,1,0.0,397.29,,0.002517027296374458,230706417.0,DaveSkender/Stock.Indicators,C#
tests/Library/Indicators/k-q/Pivots/PivotsRegressionTests.cs,2,callable,ok,Regression.PivotsRegressionTests.Buffer_AgainstBaseline_MatchesExactly,Regression.PivotsRegressionTests.Buffer_AgainstBaseline_MatchesExactly,2bbb486c7f3eb550747d42bf0cfc6a602ce16772,2026-07-06T05:29:09-04:00,2bbb486c7f3eb550747d42bf0cfc6a602ce16772,2026-07-06T05:29:09-04:00,1,42,0.5,,,False,False,0,1,0.0,397.29,,0.002517027296374458,230706417.0,DaveSkender/Stock.Indicators,C#
tests/Library/Indicators/k-q/Pivots/PivotsRegressionTests.cs,3,callable,ok,Regression.PivotsRegressionTests.Stream_AgainstBaseline_MatchesExactly,Regression.PivotsRegressionTests.Stream_AgainstBaseline_MatchesExactly,2bbb486c7f3eb550747d42bf0cfc6a602ce16772,2026-07-06T05:29:09-04:00,2bbb486c7f3eb550747d42bf0cfc6a602ce16772,2026-07-06T05:29:09-04:00,1,42,0.1111111111111111,,,False,False,0,1,0.0,397.29,,0.002517027296374458,230706417.0,DaveSkender/Stock.Indicators,C#
tests/Library/Indicators/k-q/Pmo/PmoCatalogTests.cs,0,class,ok,Catalogging.PmoCatalogTests,Catalogging.PmoCatalogTests,2bbb486c7f3eb550747d42bf0cfc6a602ce16772,2026-07-06T05:29:09-04:00,2bbb486c7f3eb550747d42bf0cfc6a602ce16772,2026-07-06T05:29:09-04:00,1,42,0.012987012987012988,,,False,False,0,1,0.0,397.29,,0.002517027296374458,230706417.0,DaveSkender/Stock.Indicators,C#
tests/Library/Indicators/k-q/Pmo/PmoCatalogTests.cs,0,callable,ok,Catalogging.PmoCatalogTests.PmoSeries_InCatalog_ReturnsAllVariants,Catalogging.PmoCatalogTests.PmoSeries_InCatalog_ReturnsAllVariants,2bbb486c7f3eb550747d42bf0cfc6a602ce16772,2026-07-06T05:29:09-04:00,2bbb486c7f3eb550747d42bf0cfc6a602ce16772,2026-07-06T05:29:09-04:00,1,42,0.027777777777777776,,,False,False,0,1,0.0,397.29,,0.002517027296374458,230706417.0,DaveSkender/Stock.Indicators,C#
tests/Library/Indicators/k-q/Pmo/PmoCatalogTests.cs,1,callable,ok,Catalogging.PmoCatalogTests.PmoBuffer_InCatalog_ReturnsAllVariants,Catalogging.PmoCatalogTests.PmoBuffer_InCatalog_ReturnsAllVariants,2bbb486c7f3eb550747d42bf0cfc6a602ce16772,2026-07-06T05:29:09-04:00,2bbb486c7f3eb550747d42bf0cfc6a602ce16772,2026-07-06T05:29:09-04:00,1,42,0.027777777777777776,,,False,False,0,1,0.0,397.29,,0.002517027296374458,230706417.0,DaveSkender/Stock.Indicators,C#
tests/Library/Indicators/k-q/Pmo/PmoSeriesTests.cs,0,class,ok,StaticSeries.PmoSeriesTests,StaticSeries.PmoSeriesTests,2bbb486c7f3eb550747d42bf0cfc6a602ce16772,2026-07-06T05:29:09-04:00,2bbb486c7f3eb550747d42bf0cfc6a602ce16772,2026-07-06T05:29:09-04:00,1,42,0.008928571428571428,,,False,False,0,1,0.0,397.29,,0.002517027296374458,230706417.0,DaveSkender/Stock.Indicators,C#
tests/Library/Indicators/k-q/Pmo/PmoSeriesTests.cs,0,callable,ok,StaticSeries.PmoSeriesTests.DefaultParameters_ReturnsExpectedResults,StaticSeries.PmoSeriesTests.DefaultParameters_ReturnsExpectedResults,2bbb486c7f3eb550747d42bf0cfc6a602ce16772,2026-07-06T05:29:09-04:00,2bbb486c7f3eb550747d42bf0cfc6a602ce16772,2026-07-06T05:29:09-04:00,1,42,0.05,,,False,False,0,1,0.0,397.29,,0.002517027296374458,230706417.0,DaveSkender/Stock.Indicators,C#
tests/Library/Indicators/k-q/Pmo/PmoSeriesTests.cs,1,callable,ok,StaticSeries.PmoSeriesTests.UseReusable_ClosePrice_ReturnsExpectedResult,StaticSeries.PmoSeriesTests.UseReusable_ClosePrice_ReturnsExpectedResult,2bbb486c7f3eb550747d42bf0cfc6a602ce16772,2026-07-06T05:29:09-04:00,2bbb486c7f3eb550747d42bf0cfc6a602ce16772,2026-07-06T05:29:09-04:00,1,42,0.1,,,False,False,0,1,0.0,397.29,,0.002517027296374458,230706417.0,DaveSkender/Stock.Indicators,C#
tests/Library/Indicators/k-q/Pmo/PmoSeriesTests.cs,2,callable,ok,StaticSeries.PmoSeriesTests.Chainee_FromSma_ReturnsExpectedResult,StaticSeries.PmoSeriesTests.Chainee_FromSma_ReturnsExpectedResult,2bbb486c7f3eb550747d42bf0cfc6a602ce16772,2026-07-06T05:29:09-04:00,2bbb486c7f3eb550747d42bf0cfc6a602ce16772,2026-07-06T05:29:09-04:00,1,42,0.1,,,False,False,0,1,0.0,397.29,,0.002517027296374458,230706417.0,DaveSkender/Stock.Indicators,C#
tests/Library/Indicators/k-q/Pmo/PmoSeriesTests.cs,3,callable,ok,StaticSeries.PmoSeriesTests.ChainFromResults_ToSma_ReturnsExpectedResult,StaticSeries.PmoSeriesTests.ChainFromResults_ToSma_ReturnsExpectedResult,2bbb486c7f3eb550747d42bf0cfc6a602ce16772,2026-07-06T05:29:09-04:00,2bbb486c7f3eb550747d42bf0cfc6a602ce16772,2026-07-06T05:29:09-04:00,1,42,0.1,,,False,False,0,1,0.0,397.29,,0.002517027296374458,230706417.0,DaveSkender/Stock.Indicators,C#
tests/Library/Indicators/k-q/Pmo/PmoSeriesTests.cs,4,callable,ok,StaticSeries.PmoSeriesTests.BadBars_DoesNotFail,StaticSeries.PmoSeriesTests.BadBars_DoesNotFail,2bbb486c7f3eb550747d42bf0cfc6a602ce16772,2026-07-06T05:29:09-04:00,2bbb486c7f3eb550747d42bf0cfc6a602ce16772,2026-07-06T05:29:09-04:00,1,42,0.1111111111111111,,,False,False,0,1,0.0,397.29,,0.002517027296374458,230706417.0,DaveSkender/Stock.Indicators,C#
tests/Library/Indicators/k-q/Pmo/PmoSeriesTests.cs,5,callable,ok,StaticSeries.PmoSeriesTests.NoBars_ReturnsEmpty,StaticSeries.PmoSeriesTests.NoBars_ReturnsEmpty,2bbb486c7f3eb550747d42bf0cfc6a602ce16772,2026-07-06T05:29:09-04:00,2bbb486c7f3eb550747d42bf0cfc6a602ce16772,2026-07-06T05:29:09-04:00,1,42,0.07692307692307693,,,False,False,0,1,0.0,397.29,,0.002517027296374458,230706417.0,DaveSkender/Stock.Indicators,C#
tests/Library/Indicators/k-q/Pmo/PmoSeriesTests.cs,6,callable,ok,StaticSeries.PmoSeriesTests.Removed_WithWarmupPeriods_TruncatesResults,StaticSeries.PmoSeriesTests.Removed_WithWarmupPeriods_TruncatesResults,2bbb486c7f3eb550747d42bf0cfc6a602ce16772,2026-07-06T05:29:09-04:00,2bbb486c7f3eb550747d42bf0cfc6a602ce16772,2026-07-06T05:29:09-04:00,1,42,0.07142857142857142,,,False,False,0,1,0.0,397.29,,0.002517027296374458,230706417.0,DaveSkender/Stock.Indicators,C#
tests/Library/Indicators/k-q/Pmo/PmoSeriesTests.cs,7,callable,ok,StaticSeries.PmoSeriesTests.Exceptions_InvalidParameters_ThrowsArgumentOutOfRangeException,StaticSeries.PmoSeriesTests.Exceptions_InvalidParameters_ThrowsArgumentOutOfRangeException,2bbb486c7f3eb550747d42bf0cfc6a602ce16772,2026-07-06T05:29:09-04:00,2bbb486c7f3eb550747d42bf0cfc6a602ce16772,2026-07-06T05:29:09-04:00,1,42,0.06666666666666667,,,False,False,0,1,0.0,397.29,,0.002517027296374458,230706417.0,DaveSkender/Stock.Indicators,C#
tests/Library/Indicators/k-q/Prs/PrsSeriesTests.cs,0,class,ok,StaticSeries.PrsSeriesTests,StaticSeries.PrsSeriesTests,2bbb486c7f3eb550747d42bf0cfc6a602ce16772,2026-07-06T05:29:09-04:00,2bbb486c7f3eb550747d42bf0cfc6a602ce16772,2026-07-06T05:29:09-04:00,1,42,0.009345794392523364,,,False,False,0,1,0.0,397.29,,0.002517027296374458,230706417.0,DaveSkender/Stock.Indicators,C#
tests/Library/Indicators/k-q/Prs/PrsSeriesTests.cs,0,callable,ok,StaticSeries.PrsSeriesTests.DefaultParameters_ReturnsExpectedResults,StaticSeries.PrsSeriesTests.DefaultParameters_ReturnsExpectedResults,2bbb486c7f3eb550747d42bf0cfc6a602ce16772,2026-07-06T05:29:09-04:00,2bbb486c7f3eb550747d42bf0cfc6a602ce16772,2026-07-06T05:29:09-04:00,1,42,0.04,,,False,False,0,1,0.0,397.29,,0.002517027296374458,230706417.0,DaveSkender/Stock.Indicators,C#
tests/Library/Indicators/k-q/Prs/PrsSeriesTests.cs,1,callable,ok,StaticSeries.PrsSeriesTests.UseReusable_ClosePrice_ReturnsExpectedResult,StaticSeries.PrsSeriesTests.UseReusable_ClosePrice_ReturnsExpectedResult,2bbb486c7f3eb550747d42bf0cfc6a602ce16772,2026-07-06T05:29:09-04:00,2bbb486c7f3eb550747d42bf0cfc6a602ce16772,2026-07-06T05:29:09-04:00,1,42,0.1,,,False,False,0,1,0.0,397.29,,0.002517027296374458,230706417.0,DaveSkender/Stock.Indicators,C#
tests/Library/Indicators/k-q/Prs/PrsSeriesTests.cs,2,callable,ok,StaticSeries.PrsSeriesTests.ChainFromResults_ToSma_ReturnsExpectedResult,StaticSeries.PrsSeriesTests.ChainFromResults_ToSma_ReturnsExpectedResult,2bbb486c7f3eb550747d42bf0cfc6a602ce16772,2026-07-06T05:29:09-04:00,2bbb486c7f3eb550747d42bf0cfc6a602ce16772,2026-07-06T05:29:09-04:00,1,42,0.1,,,False,False,0,1,0.0,397.29,,0.002517027296374458,230706417.0,DaveSkender/Stock.Indicators,C#
tests/Library/Indicators/k-q/Prs/PrsSeriesTests.cs,3,callable,ok,StaticSeries.PrsSeriesTests.Chainee_FromSma_ReturnsExpectedResult,StaticSeries.PrsSeriesTests.Chainee_FromSma_ReturnsExpectedResult,2bbb486c7f3eb550747d42bf0cfc6a602ce16772,2026-07-06T05:29:09-04:00,2bbb486c7f3eb550747d42bf0cfc6a602ce16772,2026-07-06T05:29:09-04:00,1,42,0.09090909090909091,,,False,False,0,1,0.0,397.29,,0.002517027296374458,230706417.0,DaveSkender/Stock.Indicators,C#
tests/Library/Indicators/k-q/Prs/PrsSeriesTests.cs,4,callable,ok,StaticSeries.PrsSeriesTests.BadBars_DoesNotFail,StaticSeries.PrsSeriesTests.BadBars_DoesNotFail,2bbb486c7f3eb550747d42bf0cfc6a602ce16772,2026-07-06T05:29:09-04:00,2bbb486c7f3eb550747d42bf0cfc6a602ce16772,2026-07-06T05:29:09-04:00,1,42,0.1111111111111111,,,False,False,0,1,0.0,397.29,,0.002517027296374458,230706417.0,DaveSkender/Stock.Indicators,C#
tests/Library/Indicators/k-q/Prs/PrsSeriesTests.cs,5,callable,ok,StaticSeries.PrsSeriesTests.NoBars_ReturnsEmpty,StaticSeries.PrsSeriesTests.NoBars_ReturnsEmpty,2bbb486c7f3eb550747d42bf0cfc6a602ce16772,2026-07-06T05:29:09-04:00,2bbb486c7f3eb550747d42bf0cfc6a602ce16772,2026-07-06T05:29:09-04:00,1,42,0.07692307692307693,,,False,False,0,1,0.0,397.29,,0.002517027296374458,230706417.0,DaveSkender/Stock.Indicators,C#
tests/Library/Indicators/k-q/Prs/PrsSeriesTests.cs,6,callable,ok,StaticSeries.PrsSeriesTests.Exceptions_InvalidParameters_ThrowsArgumentOutOfRangeException,StaticSeries.PrsSeriesTests.Exceptions_InvalidParameters_ThrowsArgumentOutOfRangeException,2bbb486c7f3eb550747d42bf0cfc6a602ce16772,2026-07-06T05:29:09-04:00,2bbb486c7f3eb550747d42bf0cfc6a602ce16772,2026-07-06T05:29:09-04:00,1,42,0.05263157894736842,,,False,False,0,1,0.0,397.29,,0.002517027296374458,230706417.0,DaveSkender/Stock.Indicators,C#
tests/Library/Indicators/r-s/Renko/RenkoBufferListTests.cs,0,class,ok,BufferLists.RenkoBufferListTests,BufferLists.RenkoBufferListTests,2bbb486c7f3eb550747d42bf0cfc6a602ce16772,2026-07-06T05:29:09-04:00,2bbb486c7f3eb550747d42bf0cfc6a602ce16772,2026-07-06T05:29:09-04:00,1,42,0.011627906976744186,,,False,False,0,1,0.0,397.29,,0.002517027296374458,230706417.0,DaveSkender/Stock.Indicators,C#
tests/Library/Indicators/r-s/Renko/RenkoBufferListTests.cs,0,callable,ok,BufferLists.RenkoBufferListTests.AddBar_IncrementsResults,BufferLists.RenkoBufferListTests.AddBar_IncrementsResults,2bbb486c7f3eb550747d42bf0cfc6a602ce16772,2026-07-06T05:29:09-04:00,2bbb486c7f3eb550747d42bf0cfc6a602ce16772,2026-07-06T05:29:09-04:00,1,42,0.07692307692307693,,,False,False,0,1,0.0,397.29,,0.002517027296374458,230706417.0,DaveSkender/Stock.Indicators,C#
tests/Library/Indicators/r-s/Renko/RenkoBufferListTests.cs,1,callable,ok,BufferLists.RenkoBufferListTests.AddBarsBatch_IncrementsResults,BufferLists.RenkoBufferListTests.AddBarsBatch_IncrementsResults,2bbb486c7f3eb550747d42bf0cfc6a602ce16772,2026-07-06T05:29:09-04:00,2bbb486c7f3eb550747d42bf0cfc6a602ce16772,2026-07-06T05:29:09-04:00,1,42,0.125,,,False,False,0,1,0.0,397.29,,0.002517027296374458,230706417.0,DaveSkender/Stock.Indicators,C#
tests/Library/Indicators/r-s/Renko/RenkoBufferListTests.cs,2,callable,ok,BufferLists.RenkoBufferListTests.BarsCtor_OnInstantiation_IncrementsResults,BufferLists.RenkoBufferListTests.BarsCtor_OnInstantiation_IncrementsResults,2bbb486c7f3eb550747d42bf0cfc6a602ce16772,2026-07-06T05:29:09-04:00,2bbb486c7f3eb550747d42bf0cfc6a602ce16772,2026-07-06T05:29:09-04:00,1,42,0.125,,,False,False,0,1,0.0,397.29,,0.002517027296374458,230706417.0,DaveSkender/Stock.Indicators,C#
tests/Library/Indicators/r-s/Renko/RenkoBufferListTests.cs,3,callable,ok,BufferLists.RenkoBufferListTests.Clear_WithState_ResetsState,BufferLists.RenkoBufferListTests.Clear_WithState_ResetsState,2bbb486c7f3eb550747d42bf0cfc6a602ce16772,2026-07-06T05:29:09-04:00,2bbb486c7f3eb550747d42bf0cfc6a602ce16772,2026-07-06T05:29:09-04:00,1,42,0.043478260869565216,,,False,False,0,1,0.0,397.29,,0.002517027296374458,230706417.0,DaveSkender/Stock.Indicators,C#
tests/Library/Indicators/r-s/Renko/RenkoBufferListTests.cs,4,callable,ok,BufferLists.RenkoBufferListTests.PruneList_OverMaxListSize_AutoAdjustsListAndBuffers,BufferLists.RenkoBufferListTests.PruneList_OverMaxListSize_AutoAdjustsListAndBuffers,2bbb486c7f3eb550747d42bf0cfc6a602ce16772,2026-07-06T05:29:09-04:00,2bbb486c7f3eb550747d42bf0cfc6a602ce16772,2026-07-06T05:29:09-04:00,1,42,0.05,,,False,False,0,1,0.0,397.29,,0.002517027296374458,230706417.0,DaveSkender/Stock.Indicators,C#
tests/Library/Indicators/r-s/RenkoAtr/RenkoAtrSeriesTests.cs,0,class,ok,StaticSeries.RenkoAtrSeriesTests,StaticSeries.RenkoAtrSeriesTests,2bbb486c7f3eb550747d42bf0cfc6a602ce16772,2026-07-06T05:29:09-04:00,2bbb486c7f3eb550747d42bf0cfc6a602ce16772,2026-07-06T05:29:09-04:00,1,42,0.006944444444444444,,,False,False,0,1,0.0,397.29,,0.002517027296374458,230706417.0,DaveSkender/Stock.Indicators,C#
tests/Library/Indicators/r-s/RenkoAtr/RenkoAtrSeriesTests.cs,0,callable,ok,StaticSeries.RenkoAtrSeriesTests.DefaultParameters_ReturnsExpectedResults,StaticSeries.RenkoAtrSeriesTests.DefaultParameters_ReturnsExpectedResults,2bbb486c7f3eb550747d42bf0cfc6a602ce16772,2026-07-06T05:29:09-04:00,2bbb486c7f3eb550747d42bf0cfc6a602ce16772,2026-07-06T05:29:09-04:00,1,42,0.03571428571428571,,,False,False,0,1,0.0,397.29,,0.002517027296374458,230706417.0,DaveSkender/Stock.Indicators,C#
tests/Library/Indicators/r-s/RenkoAtr/RenkoAtrSeriesTests.cs,1,callable,ok,StaticSeries.RenkoAtrSeriesTests.WithHighLowEndType_AsEndType_ReturnsExpectedResult,StaticSeries.RenkoAtrSeriesTests.WithHighLowEndType_AsEndType_ReturnsExpectedResult,2bbb486c7f3eb550747d42bf0cfc6a602ce16772,2026-07-06T05:29:09-04:00,2bbb486c7f3eb550747d42bf0cfc6a602ce16772,2026-07-06T05:29:09-04:00,1,42,0.05555555555555555,,,False,False,0,1,0.0,397.29,,0.002517027296374458,230706417.0,DaveSkender/Stock.Indicators,C#
tests/Library/Indicators/r-s/RenkoAtr/RenkoAtrSeriesTests.cs,2,callable,ok,StaticSeries.RenkoAtrSeriesTests.WithCustomAtrPeriod_AsAtrPeriods_ReturnsExpectedResult,StaticSeries.RenkoAtrSeriesTests.WithCustomAtrPeriod_AsAtrPeriods_ReturnsExpectedResult,2bbb486c7f3eb550747d42bf0cfc6a602ce16772,2026-07-06T05:29:09-04:00,2bbb486c7f3eb550747d42bf0cfc6a602ce16772,2026-07-06T05:29:09-04:00,1,42,0.09090909090909091,,,False,False,0,1,0.0,397.29,,0.002517027296374458,230706417.0,DaveSkender/Stock.Indicators,C#
tests/Library/Indicators/r-s/RenkoAtr/RenkoAtrSeriesTests.cs,3,callable,ok,StaticSeries.RenkoAtrSeriesTests.Results_WithDefaults_HaveRequiredValues,StaticSeries.RenkoAtrSeriesTests.Results_WithDefaults_HaveRequiredValues,2bbb486c7f3eb550747d42bf0cfc6a602ce16772,2026-07-06T05:29:09-04:00,2bbb486c7f3eb550747d42bf0cfc6a602ce16772,2026-07-06T05:29:09-04:00,1,42,0.05555555555555555,,,False,False,0,1,0.0,397.29,,0.002517027296374458,230706417.0,DaveSkender/Stock.Indicators,C#
tests/Library/Indicators/r-s/RenkoAtr/RenkoAtrSeriesTests.cs,4,callable,ok,StaticSeries.RenkoAtrSeriesTests.Results_WithAnyInput_AreAlwaysBounded,StaticSeries.RenkoAtrSeriesTests.Results_WithAnyInput_AreAlwaysBounded,2bbb486c7f3eb550747d42bf0cfc6a602ce16772,2026-07-06T05:29:09-04:00,2bbb486c7f3eb550747d42bf0cfc6a602ce16772,2026-07-06T05:29:09-04:00,1,42,0.05555555555555555,,,False,False,0,1,0.0,397.29,,0.002517027296374458,230706417.0,DaveSkender/Stock.Indicators,C#
tests/Library/Indicators/r-s/RenkoAtr/RenkoAtrSeriesTests.cs,5,callable,ok,StaticSeries.RenkoAtrSeriesTests.NullHistory_WithNullBars_ThrowsArgumentNullException,StaticSeries.RenkoAtrSeriesTests.NullHistory_WithNullBars_ThrowsArgumentNullException,2bbb486c7f3eb550747d42bf0cfc6a602ce16772,2026-07-06T05:29:09-04:00,2bbb486c7f3eb550747d42bf0cfc6a602ce16772,2026-07-06T05:29:09-04:00,1,42,0.16666666666666666,,,False,False,0,1,0.0,397.29,,0.002517027296374458,230706417.0,DaveSkender/Stock.Indicators,C#
tests/Library/Indicators/r-s/RenkoAtr/RenkoAtrSeriesTests.cs,6,callable,ok,StaticSeries.RenkoAtrSeriesTests.BadBars_DoesNotFail,StaticSeries.RenkoAtrSeriesTests.BadBars_DoesNotFail,2bbb486c7f3eb550747d42bf0cfc6a602ce16772,2026-07-06T05:29:09-04:00,2bbb486c7f3eb550747d42bf0cfc6a602ce16772,2026-07-06T05:29:09-04:00,1,42,0.1111111111111111,,,False,False,0,1,0.0,397.29,,0.002517027296374458,230706417.0,DaveSkender/Stock.Indicators,C#
tests/Library/Indicators/r-s/RenkoAtr/RenkoAtrSeriesTests.cs,7,callable,ok,StaticSeries.RenkoAtrSeriesTests.NoBars_ReturnsEmpty,StaticSeries.RenkoAtrSeriesTests.NoBars_ReturnsEmpty,2bbb486c7f3eb550747d42bf0cfc6a602ce16772,2026-07-06T05:29:09-04:00,2bbb486c7f3eb550747d42bf0cfc6a602ce16772,2026-07-06T05:29:09-04:00,1,42,0.1,,,False,False,0,1,0.0,397.29,,0.002517027296374458,230706417.0,DaveSkender/Stock.Indicators,C#
tests/Library/Indicators/r-s/RenkoAtr/RenkoAtrSeriesTests.cs,8,callable,ok,StaticSeries.RenkoAtrSeriesTests.InsufficientHistory_WithTooFewBars_ReturnsEmpty,StaticSeries.RenkoAtrSeriesTests.InsufficientHistory_WithTooFewBars_ReturnsEmpty,2bbb486c7f3eb550747d42bf0cfc6a602ce16772,2026-07-06T05:29:09-04:00,2bbb486c7f3eb550747d42bf0cfc6a602ce16772,2026-07-06T05:29:09-04:00,1,42,0.09090909090909091,,,False,False,0,1,0.0,397.29,,0.002517027296374458,230706417.0,DaveSkender/Stock.Indicators,C#
tests/Library/Indicators/r-s/RocWb/RocWbBufferListTests.cs,0,class,ok,BufferLists.RocWbBufferListTests,BufferLists.RocWbBufferListTests,2bbb486c7f3eb550747d42bf0cfc6a602ce16772,2026-07-06T05:29:09-04:00,2bbb486c7f3eb550747d42bf0cfc6a602ce16772,2026-07-06T05:29:09-04:00,1,42,0.008064516129032258,,,False,False,0,1,0.0,397.29,,0.002517027296374458,230706417.0,DaveSkender/Stock.Indicators,C#
tests/Library/Indicators/r-s/RocWb/RocWbBufferListTests.cs,0,callable,ok,BufferLists.RocWbBufferListTests.AddBar_IncrementsResults,BufferLists.RocWbBufferListTests.AddBar_IncrementsResults,2bbb486c7f3eb550747d42bf0cfc6a602ce16772,2026-07-06T05:29:09-04:00,2bbb486c7f3eb550747d42bf0cfc6a602ce16772,2026-07-06T05:29:09-04:00,1,42,0.07692307692307693,,,False,False,0,1,0.0,397.29,,0.002517027296374458,230706417.0,DaveSkender/Stock.Indicators,C#
tests/Library/Indicators/r-s/RocWb/RocWbBufferListTests.cs,1,callable,ok,BufferLists.RocWbBufferListTests.AddBarsBatch_IncrementsResults,BufferLists.RocWbBufferListTests.AddBarsBatch_IncrementsResults,2bbb486c7f3eb550747d42bf0cfc6a602ce16772,2026-07-06T05:29:09-04:00,2bbb486c7f3eb550747d42bf0cfc6a602ce16772,2026-07-06T05:29:09-04:00,1,42,0.125,,,False,False,0,1,0.0,397.29,,0.002517027296374458,230706417.0,DaveSkender/Stock.Indicators,C#
tests/Library/Indicators/r-s/RocWb/RocWbBufferListTests.cs,2,callable,ok,BufferLists.RocWbBufferListTests.BarsCtor_OnInstantiation_IncrementsResults,BufferLists.RocWbBufferListTests.BarsCtor_OnInstantiation_IncrementsResults,2bbb486c7f3eb550747d42bf0cfc6a602ce16772,2026-07-06T05:29:09-04:00,2bbb486c7f3eb550747d42bf0cfc6a602ce16772,2026-07-06T05:29:09-04:00,1,42,0.125,,,False,False,0,1,0.0,397.29,,0.002517027296374458,230706417.0,DaveSkender/Stock.Indicators,C#
tests/Library/Indicators/r-s/RocWb/RocWbBufferListTests.cs,3,callable,ok,BufferLists.RocWbBufferListTests.Clear_WithState_ResetsState,BufferLists.RocWbBufferListTests.Clear_WithState_ResetsState,2bbb486c7f3eb550747d42bf0cfc6a602ce16772,2026-07-06T05:29:09-04:00,2bbb486c7f3eb550747d42bf0cfc6a602ce16772,2026-07-06T05:29:09-04:00,1,42,0.05,,,False,False,0,1,0.0,397.29,,0.002517027296374458,230706417.0,DaveSkender/Stock.Indicators,C#
tests/Library/Indicators/r-s/RocWb/RocWbBufferListTests.cs,4,callable,ok,BufferLists.RocWbBufferListTests.AddReusableItem_IncrementsResults,BufferLists.RocWbBufferListTests.AddReusableItem_IncrementsResults,2bbb486c7f3eb550747d42bf0cfc6a602ce16772,2026-07-06T05:29:09-04:00,2bbb486c7f3eb550747d42bf0cfc6a602ce16772,2026-07-06T05:29:09-04:00,1,42,0.07692307692307693,,,False,False,0,1,0.0,397.29,,0.002517027296374458,230706417.0,DaveSkender/Stock.Indicators,C#
tests/Library/Indicators/r-s/RocWb/RocWbBufferListTests.cs,5,callable,ok,BufferLists.RocWbBufferListTests.AddReusableItemBatch_IncrementsResults,BufferLists.RocWbBufferListTests.AddReusableItemBatch_IncrementsResults,2bbb486c7f3eb550747d42bf0cfc6a602ce16772,2026-07-06T05:29:09-04:00,2bbb486c7f3eb550747d42bf0cfc6a602ce16772,2026-07-06T05:29:09-04:00,1,42,0.125,,,False,False,0,1,0.0,397.29,,0.002517027296374458,230706417.0,DaveSkender/Stock.Indicators,C#
tests/Library/Indicators/r-s/RocWb/RocWbBufferListTests.cs,6,callable,ok,BufferLists.RocWbBufferListTests.AddDateAndValue_IncrementsResults,BufferLists.RocWbBufferListTests.AddDateAndValue_IncrementsResults,2bbb486c7f3eb550747d42bf0cfc6a602ce16772,2026-07-06T05:29:09-04:00,2bbb486c7f3eb550747d42bf0cfc6a602ce16772,2026-07-06T05:29:09-04:00,1,42,0.07692307692307693,,,False,False,0,1,0.0,397.29,,0.002517027296374458,230706417.0,DaveSkender/Stock.Indicators,C#
tests/Library/Indicators/r-s/RocWb/RocWbBufferListTests.cs,7,callable,ok,BufferLists.RocWbBufferListTests.PruneList_OverMaxListSize_AutoAdjustsListAndBuffers,BufferLists.RocWbBufferListTests.PruneList_OverMaxListSize_AutoAdjustsListAndBuffers,2bbb486c7f3eb550747d42bf0cfc6a602ce16772,2026-07-06T05:29:09-04:00,2bbb486c7f3eb550747d42bf0cfc6a602ce16772,2026-07-06T05:29:09-04:00,1,42,0.05555555555555555,,,False,False,0,1,0.0,397.29,,0.002517027296374458,230706417.0,DaveSkender/Stock.Indicators,C#
tests/Library/Indicators/r-s/RocWb/RocWbSeriesTests.cs,0,class,ok,StaticSeries.RocWbSeriesTests,StaticSeries.RocWbSeriesTests,2bbb486c7f3eb550747d42bf0cfc6a602ce16772,2026-07-06T05:29:09-04:00,2bbb486c7f3eb550747d42bf0cfc6a602ce16772,2026-07-06T05:29:09-04:00,1,42,0.00641025641025641,,,False,False,0,1,0.0,397.29,,0.002517027296374458,230706417.0,DaveSkender/Stock.Indicators,C#
tests/Library/Indicators/r-s/RocWb/RocWbSeriesTests.cs,0,callable,ok,StaticSeries.RocWbSeriesTests.DefaultParameters_ReturnsExpectedResults,StaticSeries.RocWbSeriesTests.DefaultParameters_ReturnsExpectedResults,2bbb486c7f3eb550747d42bf0cfc6a602ce16772,2026-07-06T05:29:09-04:00,2bbb486c7f3eb550747d42bf0cfc6a602ce16772,2026-07-06T05:29:09-04:00,1,42,0.016129032258064516,,,False,False,0,1,0.0,397.29,,0.002517027296374458,230706417.0,DaveSkender/Stock.Indicators,C#
tests/Library/Indicators/r-s/RocWb/RocWbSeriesTests.cs,1,callable,ok,StaticSeries.RocWbSeriesTests.UseReusable_ClosePrice_ReturnsExpectedResult,StaticSeries.RocWbSeriesTests.UseReusable_ClosePrice_ReturnsExpectedResult,2bbb486c7f3eb550747d42bf0cfc6a602ce16772,2026-07-06T05:29:09-04:00,2bbb486c7f3eb550747d42bf0cfc6a602ce16772,2026-07-06T05:29:09-04:00,1,42,0.1,,,False,False,0,1,0.0,397.29,,0.002517027296374458,230706417.0,DaveSkender/Stock.Indicators,C#
tests/Library/Indicators/r-s/RocWb/RocWbSeriesTests.cs,2,callable,ok,StaticSeries.RocWbSeriesTests.Chainee_FromSma_ReturnsExpectedResult,StaticSeries.RocWbSeriesTests.Chainee_FromSma_ReturnsExpectedResult,2bbb486c7f3eb550747d42bf0cfc6a602ce16772,2026-07-06T05:29:09-04:00,2bbb486c7f3eb550747d42bf0cfc6a602ce16772,2026-07-06T05:29:09-04:00,1,42,0.1,,,False,False,0,1,0.0,397.29,,0.002517027296374458,230706417.0,DaveSkender/Stock.Indicators,C#
tests/Library/Indicators/r-s/RocWb/RocWbSeriesTests.cs,3,callable,ok,StaticSeries.RocWbSeriesTests.ChainFromResults_ToSma_ReturnsExpectedResult,StaticSeries.RocWbSeriesTests.ChainFromResults_ToSma_ReturnsExpectedResult,2bbb486c7f3eb550747d42bf0cfc6a602ce16772,2026-07-06T05:29:09-04:00,2bbb486c7f3eb550747d42bf0cfc6a602ce16772,2026-07-06T05:29:09-04:00,1,42,0.1,,,False,False,0,1,0.0,397.29,,0.002517027296374458,230706417.0,DaveSkender/Stock.Indicators,C#
tests/Library/Indicators/r-s/RocWb/RocWbSeriesTests.cs,4,callable,ok,StaticSeries.RocWbSeriesTests.BadBars_DoesNotFail,StaticSeries.RocWbSeriesTests.BadBars_DoesNotFail,2bbb486c7f3eb550747d42bf0cfc6a602ce16772,2026-07-06T05:29:09-04:00,2bbb486c7f3eb550747d42bf0cfc6a602ce16772,2026-07-06T05:29:09-04:00,1,42,0.1111111111111111,,,False,False,0,1,0.0,397.29,,0.002517027296374458,230706417.0,DaveSkender/Stock.Indicators,C#
tests/Library/Indicators/r-s/RocWb/RocWbSeriesTests.cs,5,callable,ok,StaticSeries.RocWbSeriesTests.NoBars_ReturnsEmpty,StaticSeries.RocWbSeriesTests.NoBars_ReturnsEmpty,2bbb486c7f3eb550747d42bf0cfc6a602ce16772,2026-07-06T05:29:09-04:00,2bbb486c7f3eb550747d42bf0cfc6a602ce16772,2026-07-06T05:29:09-04:00,1,42,0.07692307692307693,,,False,False,0,1,0.0,397.29,,0.002517027296374458,230706417.0,DaveSkender/Stock.Indicators,C#
tests/Library/Indicators/r-s/RocWb/RocWbSeriesTests.cs,6,callable,ok,StaticSeries.RocWbSeriesTests.Removed_WithWarmupPeriods_TruncatesResults,StaticSeries.RocWbSeriesTests.Removed_WithWarmupPeriods_TruncatesResults,2bbb486c7f3eb550747d42bf0cfc6a602ce16772,2026-07-06T05:29:09-04:00,2bbb486c7f3eb550747d42bf0cfc6a602ce16772,2026-07-06T05:29:09-04:00,1,42,0.0625,,,False,False,0,1,0.0,397.29,,0.002517027296374458,230706417.0,DaveSkender/Stock.Indicators,C#
tests/Library/Indicators/r-s/RocWb/RocWbSeriesTests.cs,7,callable,ok,StaticSeries.RocWbSeriesTests.Exceptions_InvalidParameters_ThrowsArgumentOutOfRangeException,StaticSeries.RocWbSeriesTests.Exceptions_InvalidParameters_ThrowsArgumentOutOfRangeException,2bbb486c7f3eb550747d42bf0cfc6a602ce16772,2026-07-06T05:29:09-04:00,2bbb486c7f3eb550747d42bf0cfc6a602ce16772,2026-07-06T05:29:09-04:00,1,42,0.06666666666666667,,,False,False,0,1,0.0,397.29,,0.002517027296374458,230706417.0,DaveSkender/Stock.Indicators,C#
tests/Library/Indicators/r-s/RollingPivots/RollingPivotsHubTests.cs,0,class,ok,StreamHubs.RollingPivotsHubTests,StreamHubs.RollingPivotsHubTests,2bbb486c7f3eb550747d42bf0cfc6a602ce16772,2026-07-06T05:29:09-04:00,2bbb486c7f3eb550747d42bf0cfc6a602ce16772,2026-07-06T05:29:09-04:00,1,42,0.010309278350515464,,,False,False,0,1,0.0,397.29,,0.002517027296374458,230706417.0,DaveSkender/Stock.Indicators,C#
tests/Library/Indicators/r-s/RollingPivots/RollingPivotsHubTests.cs,0,callable,ok,StreamHubs.RollingPivotsHubTests.BarObserver_WithWarmupLateArrivalAndRemoval_MatchesSeriesExactly,StreamHubs.RollingPivotsHubTests.BarObserver_WithWarmupLateArrivalAndRemoval_MatchesSeriesExactly,2bbb486c7f3eb550747d42bf0cfc6a602ce16772,2026-07-06T05:29:09-04:00,2bbb486c7f3eb550747d42bf0cfc6a602ce16772,2026-07-06T05:29:09-04:00,1,42,0.01818181818181818,,,False,False,0,1,0.0,397.29,,0.002517027296374458,230706417.0,DaveSkender/Stock.Indicators,C#
tests/Library/Indicators/r-s/RollingPivots/RollingPivotsHubTests.cs,1,callable,ok,StreamHubs.RollingPivotsHubTests.WithCachePruning_MatchesSeriesExactly,StreamHubs.RollingPivotsHubTests.WithCachePruning_MatchesSeriesExactly,2bbb486c7f3eb550747d42bf0cfc6a602ce16772,2026-07-06T05:29:09-04:00,2bbb486c7f3eb550747d42bf0cfc6a602ce16772,2026-07-06T05:29:09-04:00,1,42,0.03333333333333333,,,False,False,0,1,0.0,397.29,,0.002517027296374458,230706417.0,DaveSkender/Stock.Indicators,C#
tests/Library/Indicators/r-s/RollingPivots/RollingPivotsHubTests.cs,2,callable,ok,StreamHubs.RollingPivotsHubTests.ToStringOverride_ReturnsExpectedName,StreamHubs.RollingPivotsHubTests.ToStringOverride_ReturnsExpectedName,2bbb486c7f3eb550747d42bf0cfc6a602ce16772,2026-07-06T05:29:09-04:00,2bbb486c7f3eb550747d42bf0cfc6a602ce16772,2026-07-06T05:29:09-04:00,1,42,0.16666666666666666,,,False,False,0,1,0.0,397.29,,0.002517027296374458,230706417.0,DaveSkender/Stock.Indicators,C#
tests/Library/Indicators/r-s/RollingPivots/RollingPivotsSeriesTests.cs,0,class,ok,StaticSeries.RollingPivotsSeriesTests,StaticSeries.RollingPivotsSeriesTests,2bbb486c7f3eb550747d42bf0cfc6a602ce16772,2026-07-06T05:29:09-04:00,2bbb486c7f3eb550747d42bf0cfc6a602ce16772,2026-07-06T05:29:09-04:00,1,42,0.002331002331002331,,,False,False,0,1,0.0,397.29,,0.002517027296374458,230706417.0,DaveSkender/Stock.Indicators,C#
tests/Library/Indicators/r-s/RollingPivots/RollingPivotsSeriesTests.cs,0,callable,ok,StaticSeries.RollingPivotsSeriesTests.DefaultParameters_ReturnsExpectedResults,StaticSeries.RollingPivotsSeriesTests.DefaultParameters_ReturnsExpectedResults,2bbb486c7f3eb550747d42bf0cfc6a602ce16772,2026-07-06T05:29:09-04:00,2bbb486c7f3eb550747d42bf0cfc6a602ce16772,2026-07-06T05:29:09-04:00,1,42,0.014285714285714285,,,False,False,0,1,0.0,397.29,,0.002517027296374458,230706417.0,DaveSkender/Stock.Indicators,C#
tests/Library/Indicators/r-s/RollingPivots/RollingPivotsSeriesTests.cs,1,callable,ok,StaticSeries.RollingPivotsSeriesTests.Camarilla_AsPivotType_ReturnsExpectedResult,StaticSeries.RollingPivotsSeriesTests.Camarilla_AsPivotType_ReturnsExpectedResult,2bbb486c7f3eb550747d42bf0cfc6a602ce16772,2026-07-06T05:29:09-04:00,2bbb486c7f3eb550747d42bf0cfc6a602ce16772,2026-07-06T05:29:09-04:00,1,42,0.013888888888888888,,,False,False,0,1,0.0,397.29,,0.002517027296374458,230706417.0,DaveSkender/Stock.Indicators,C#
tests/Library/Indicators/r-s/RollingPivots/RollingPivotsSeriesTests.cs,2,callable,ok,StaticSeries.RollingPivotsSeriesTests.Demark_AsPivotType_ReturnsExpectedResult,StaticSeries.RollingPivotsSeriesTests.Demark_AsPivotType_ReturnsExpectedResult,2bbb486c7f3eb550747d42bf0cfc6a602ce16772,2026-07-06T05:29:09-04:00,2bbb486c7f3eb550747d42bf0cfc6a602ce16772,2026-07-06T05:29:09-04:00,1,42,0.012345679012345678,,,False,False,0,1,0.0,397.29,,0.002517027296374458,230706417.0,DaveSkender/Stock.Indicators,C#
tests/Library/Indicators/r-s/RollingPivots/RollingPivotsSeriesTests.cs,3,callable,ok,StaticSeries.RollingPivotsSeriesTests.Fibonacci_AsPivotType_ReturnsExpectedResult,StaticSeries.RollingPivotsSeriesTests.Fibonacci_AsPivotType_ReturnsExpectedResult,2bbb486c7f3eb550747d42bf0cfc6a602ce16772,2026-07-06T05:29:09-04:00,2bbb486c7f3eb550747d42bf0cfc6a602ce16772,2026-07-06T05:29:09-04:00,1,42,0.0136986301369863,,,False,False,0,1,0.0,397.29,,0.002517027296374458,230706417.0,DaveSkender/Stock.Indicators,C#
tests/Library/Indicators/r-s/RollingPivots/RollingPivotsSeriesTests.cs,4,callable,ok,StaticSeries.RollingPivotsSeriesTests.Woodie_AsPivotType_ReturnsExpectedResult,StaticSeries.RollingPivotsSeriesTests.Woodie_AsPivotType_ReturnsExpectedResult,2bbb486c7f3eb550747d42bf0cfc6a602ce16772,2026-07-06T05:29:09-04:00,2bbb486c7f3eb550747d42bf0cfc6a602ce16772,2026-07-06T05:29:09-04:00,1,42,0.015625,,,False,False,0,1,0.0,397.29,,0.002517027296374458,230706417.0,DaveSkender/Stock.Indicators,C#
tests/Library/Indicators/r-s/RollingPivots/RollingPivotsSeriesTests.cs,5,callable,ok,StaticSeries.RollingPivotsSeriesTests.BadBars_DoesNotFail,StaticSeries.RollingPivotsSeriesTests.BadBars_DoesNotFail,2bbb486c7f3eb550747d42bf0cfc6a602ce16772,2026-07-06T05:29:09-04:00,2bbb486c7f3eb550747d42bf0cfc6a602ce16772,2026-07-06T05:29:09-04:00,1,42,0.125,,,False,False,0,1,0.0,397.29,,0.002517027296374458,230706417.0,DaveSkender/Stock.Indicators,C#
tests/Library/Indicators/r-s/RollingPivots/RollingPivotsSeriesTests.cs,6,callable,ok,StaticSeries.RollingPivotsSeriesTests.NoBars_ReturnsEmpty,StaticSeries.RollingPivotsSeriesTests.NoBars_ReturnsEmpty,2bbb486c7f3eb550747d42bf0cfc6a602ce16772,2026-07-06T05:29:09-04:00,2bbb486c7f3eb550747d42bf0cfc6a602ce16772,2026-07-06T05:29:09-04:00,1,42,0.07692307692307693,,,False,False,0,1,0.0,397.29,,0.002517027296374458,230706417.0,DaveSkender/Stock.Indicators,C#
tests/Library/Indicators/r-s/RollingPivots/RollingPivotsSeriesTests.cs,7,callable,ok,StaticSeries.RollingPivotsSeriesTests.Removed_WithWarmupPeriods_TruncatesResults,StaticSeries.RollingPivotsSeriesTests.Removed_WithWarmupPeriods_TruncatesResults,2bbb486c7f3eb550747d42bf0cfc6a602ce16772,2026-07-06T05:29:09-04:00,2bbb486c7f3eb550747d42bf0cfc6a602ce16772,2026-07-06T05:29:09-04:00,1,42,0.04,,,False,False,0,1,0.0,397.29,,0.002517027296374458,230706417.0,DaveSkender/Stock.Indicators,C#
tests/Library/Indicators/r-s/RollingPivots/RollingPivotsSeriesTests.cs,8,callable,ok,StaticSeries.RollingPivotsSeriesTests.Exceptions_InvalidParameters_ThrowsArgumentOutOfRangeException,StaticSeries.RollingPivotsSeriesTests.Exceptions_InvalidParameters_ThrowsArgumentOutOfRangeException,2bbb486c7f3eb550747d42bf0cfc6a602ce16772,2026-07-06T05:29:09-04:00,2bbb486c7f3eb550747d42bf0cfc6a602ce16772,2026-07-06T05:29:09-04:00,1,42,0.09090909090909091,,,False,False,0,1,0.0,397.29,,0.002517027296374458,230706417.0,DaveSkender/Stock.Indicators,C#
tests/Library/Indicators/r-s/Sma/SmaHubTests.cs,0,class,ok,StreamHubs.SmaHubTests,StreamHubs.SmaHubTests,2bbb486c7f3eb550747d42bf0cfc6a602ce16772,2026-07-06T05:29:09-04:00,2bbb486c7f3eb550747d42bf0cfc6a602ce16772,2026-07-06T05:29:09-04:00,1,42,0.005917159763313609,,,False,False,0,1,0.0,397.29,,0.002517027296374458,230706417.0,DaveSkender/Stock.Indicators,C#
tests/Library/Indicators/r-s/Sma/SmaHubTests.cs,0,callable,ok,StreamHubs.SmaHubTests.BarObserver_WithWarmupLateArrivalAndRemoval_MatchesSeriesExactly,StreamHubs.SmaHubTests.BarObserver_WithWarmupLateArrivalAndRemoval_MatchesSeriesExactly,2bbb486c7f3eb550747d42bf0cfc6a602ce16772,2026-07-06T05:29:09-04:00,2bbb486c7f3eb550747d42bf0cfc6a602ce16772,2026-07-06T05:29:09-04:00,1,42,0.022727272727272728,,,False,False,0,1,0.0,397.29,,0.002517027296374458,230706417.0,DaveSkender/Stock.Indicators,C#
tests/Library/Indicators/r-s/Sma/SmaHubTests.cs,1,callable,ok,StreamHubs.SmaHubTests.WithCachePruning_MatchesSeriesExactly,StreamHubs.SmaHubTests.WithCachePruning_MatchesSeriesExactly,2bbb486c7f3eb550747d42bf0cfc6a602ce16772,2026-07-06T05:29:09-04:00,2bbb486c7f3eb550747d42bf0cfc6a602ce16772,2026-07-06T05:29:09-04:00,1,42,0.03333333333333333,,,False,False,0,1,0.0,397.29,,0.002517027296374458,230706417.0,DaveSkender/Stock.Indicators,C#
tests/Library/Indicators/r-s/Sma/SmaHubTests.cs,2,callable,ok,StreamHubs.SmaHubTests.ChainObserver_ChainedProvider_MatchesSeriesExactly,StreamHubs.SmaHubTests.ChainObserver_ChainedProvider_MatchesSeriesExactly,2bbb486c7f3eb550747d42bf0cfc6a602ce16772,2026-07-06T05:29:09-04:00,2bbb486c7f3eb550747d42bf0cfc6a602ce16772,2026-07-06T05:29:09-04:00,1,42,0.03125,,,False,False,0,1,0.0,397.29,,0.002517027296374458,230706417.0,DaveSkender/Stock.Indicators,C#
tests/Library/Indicators/r-s/Sma/SmaHubTests.cs,3,callable,ok,StreamHubs.SmaHubTests.ChainProvider_MatchesSeriesExactly,StreamHubs.SmaHubTests.ChainProvider_MatchesSeriesExactly,2bbb486c7f3eb550747d42bf0cfc6a602ce16772,2026-07-06T05:29:09-04:00,2bbb486c7f3eb550747d42bf0cfc6a602ce16772,2026-07-06T05:29:09-04:00,1,42,0.02040816326530612,,,False,False,0,1,0.0,397.29,,0.002517027296374458,230706417.0,DaveSkender/Stock.Indicators,C#
tests/Library/Indicators/r-s/Sma/SmaHubTests.cs,4,callable,ok,StreamHubs.SmaHubTests.ToStringOverride_ReturnsExpectedName,StreamHubs.SmaHubTests.ToStringOverride_ReturnsExpectedName,2bbb486c7f3eb550747d42bf0cfc6a602ce16772,2026-07-06T05:29:09-04:00,2bbb486c7f3eb550747d42bf0cfc6a602ce16772,2026-07-06T05:29:09-04:00,1,42,0.16666666666666666,,,False,False,0,1,0.0,397.29,,0.002517027296374458,230706417.0,DaveSkender/Stock.Indicators,C#
tests/Library/Indicators/r-s/Smi/SmiBufferListTests.cs,0,class,ok,BufferLists.SmiBufferListTests,BufferLists.SmiBufferListTests,2bbb486c7f3eb550747d42bf0cfc6a602ce16772,2026-07-06T05:29:09-04:00,2bbb486c7f3eb550747d42bf0cfc6a602ce16772,2026-07-06T05:29:09-04:00,1,42,0.012048192771084338,,,False,False,0,1,0.0,397.29,,0.002517027296374458,230706417.0,DaveSkender/Stock.Indicators,C#
tests/Library/Indicators/r-s/Smi/SmiBufferListTests.cs,0,callable,ok,BufferLists.SmiBufferListTests.AddBar_IncrementsResults,BufferLists.SmiBufferListTests.AddBar_IncrementsResults,2bbb486c7f3eb550747d42bf0cfc6a602ce16772,2026-07-06T05:29:09-04:00,2bbb486c7f3eb550747d42bf0cfc6a602ce16772,2026-07-06T05:29:09-04:00,1,42,0.07692307692307693,,,False,False,0,1,0.0,397.29,,0.002517027296374458,230706417.0,DaveSkender/Stock.Indicators,C#
tests/Library/Indicators/r-s/Smi/SmiBufferListTests.cs,1,callable,ok,BufferLists.SmiBufferListTests.AddBarsBatch_IncrementsResults,BufferLists.SmiBufferListTests.AddBarsBatch_IncrementsResults,2bbb486c7f3eb550747d42bf0cfc6a602ce16772,2026-07-06T05:29:09-04:00,2bbb486c7f3eb550747d42bf0cfc6a602ce16772,2026-07-06T05:29:09-04:00,1,42,0.125,,,False,False,0,1,0.0,397.29,,0.002517027296374458,230706417.0,DaveSkender/Stock.Indicators,C#
tests/Library/Indicators/r-s/Smi/SmiBufferListTests.cs,2,callable,ok,BufferLists.SmiBufferListTests.BarsCtor_OnInstantiation_IncrementsResults,BufferLists.SmiBufferListTests.BarsCtor_OnInstantiation_IncrementsResults,2bbb486c7f3eb550747d42bf0cfc6a602ce16772,2026-07-06T05:29:09-04:00,2bbb486c7f3eb550747d42bf0cfc6a602ce16772,2026-07-06T05:29:09-04:00,1,42,0.125,,,False,False,0,1,0.0,397.29,,0.002517027296374458,230706417.0,DaveSkender/Stock.Indicators,C#
tests/Library/Indicators/r-s/Smi/SmiBufferListTests.cs,3,callable,ok,BufferLists.SmiBufferListTests.Clear_WithState_ResetsState,BufferLists.SmiBufferListTests.Clear_WithState_ResetsState,2bbb486c7f3eb550747d42bf0cfc6a602ce16772,2026-07-06T05:29:09-04:00,2bbb486c7f3eb550747d42bf0cfc6a602ce16772,2026-07-06T05:29:09-04:00,1,42,0.05,,,False,False,0,1,0.0,397.29,,0.002517027296374458,230706417.0,DaveSkender/Stock.Indicators,C#
tests/Library/Indicators/r-s/Smi/SmiBufferListTests.cs,4,callable,ok,BufferLists.SmiBufferListTests.PruneList_OverMaxListSize_AutoAdjustsListAndBuffers,BufferLists.SmiBufferListTests.PruneList_OverMaxListSize_AutoAdjustsListAndBuffers,2bbb486c7f3eb550747d42bf0cfc6a602ce16772,2026-07-06T05:29:09-04:00,2bbb486c7f3eb550747d42bf0cfc6a602ce16772,2026-07-06T05:29:09-04:00,1,42,0.05555555555555555,,,False,False,0,1,0.0,397.29,,0.002517027296374458,230706417.0,DaveSkender/Stock.Indicators,C#
tests/Library/Indicators/r-s/Smi/SmiRegressionTests.cs,0,class,ok,Regression.SmiRegressionTests,Regression.SmiRegressionTests,2bbb486c7f3eb550747d42bf0cfc6a602ce16772,2026-07-06T05:29:09-04:00,2bbb486c7f3eb550747d42bf0cfc6a602ce16772,2026-07-06T05:29:09-04:00,1,42,0.07142857142857142,,,False,False,0,1,0.0,397.29,,0.002517027296374458,230706417.0,DaveSkender/Stock.Indicators,C#
tests/Library/Indicators/r-s/Smi/SmiRegressionTests.cs,0,callable,ok,Regression.SmiRegressionTests.SmiRegressionTests,Regression.SmiRegressionTests.SmiRegressionTests,2bbb486c7f3eb550747d42bf0cfc6a602ce16772,2026-07-06T05:29:09-04:00,2bbb486c7f3eb550747d42bf0cfc6a602ce16772,2026-07-06T05:29:09-04:00,1,42,1.0,,,False,False,0,1,0.0,397.29,,0.002517027296374458,230706417.0,DaveSkender/Stock.Indicators,C#
tests/Library/Indicators/r-s/Smi/SmiRegressionTests.cs,1,callable,ok,Regression.SmiRegressionTests.Series_AgainstBaseline_MatchesExactly,Regression.SmiRegressionTests.Series_AgainstBaseline_MatchesExactly,2bbb486c7f3eb550747d42bf0cfc6a602ce16772,2026-07-06T05:29:09-04:00,2bbb486c7f3eb550747d42bf0cfc6a602ce16772,2026-07-06T05:29:09-04:00,1,42,0.5,,,False,False,0,1,0.0,397.29,,0.002517027296374458,230706417.0,DaveSkender/Stock.Indicators,C#
tests/Library/Indicators/r-s/Smi/SmiRegressionTests.cs,2,callable,ok,Regression.SmiRegressionTests.Buffer_AgainstBaseline_MatchesExactly,Regression.SmiRegressionTests.Buffer_AgainstBaseline_MatchesExactly,2bbb486c7f3eb550747d42bf0cfc6a602ce16772,2026-07-06T05:29:09-04:00,2bbb486c7f3eb550747d42bf0cfc6a602ce16772,2026-07-06T05:29:09-04:00,1,42,0.5,,,False,False,0,1,0.0,397.29,,0.002517027296374458,230706417.0,DaveSkender/Stock.Indicators,C#
tests/Library/Indicators/r-s/Smi/SmiRegressionTests.cs,3,callable,ok,Regression.SmiRegressionTests.Stream_AgainstBaseline_MatchesExactly,Regression.SmiRegressionTests.Stream_AgainstBaseline_MatchesExactly,2bbb486c7f3eb550747d42bf0cfc6a602ce16772,2026-07-06T05:29:09-04:00,2bbb486c7f3eb550747d42bf0cfc6a602ce16772,2026-07-06T05:29:09-04:00,1,42,0.5,,,False,False,0,1,0.0,397.29,,0.002517027296374458,230706417.0,DaveSkender/Stock.Indicators,C#
tests/Library/Indicators/r-s/Smi/SmiSeriesTests.cs,0,class,ok,StaticSeries.SmiSeriesTests,StaticSeries.SmiSeriesTests,2bbb486c7f3eb550747d42bf0cfc6a602ce16772,2026-07-06T05:29:09-04:00,2bbb486c7f3eb550747d42bf0cfc6a602ce16772,2026-07-06T05:29:09-04:00,1,42,0.006756756756756757,,,False,False,0,1,0.0,397.29,,0.002517027296374458,230706417.0,DaveSkender/Stock.Indicators,C#
tests/Library/Indicators/r-s/Smi/SmiSeriesTests.cs,0,callable,ok,StaticSeries.SmiSeriesTests.DefaultParameters_ReturnsExpectedResults,StaticSeries.SmiSeriesTests.DefaultParameters_ReturnsExpectedResults,2bbb486c7f3eb550747d42bf0cfc6a602ce16772,2026-07-06T05:29:09-04:00,2bbb486c7f3eb550747d42bf0cfc6a602ce16772,2026-07-06T05:29:09-04:00,1,42,0.025,,,False,False,0,1,0.0,397.29,,0.002517027296374458,230706417.0,DaveSkender/Stock.Indicators,C#
tests/Library/Indicators/r-s/Smi/SmiSeriesTests.cs,1,callable,ok,StaticSeries.SmiSeriesTests.ChainingFromResults_WorksAsExpected,StaticSeries.SmiSeriesTests.ChainingFromResults_WorksAsExpected,2bbb486c7f3eb550747d42bf0cfc6a602ce16772,2026-07-06T05:29:09-04:00,2bbb486c7f3eb550747d42bf0cfc6a602ce16772,2026-07-06T05:29:09-04:00,1,42,0.1,,,False,False,0,1,0.0,397.29,,0.002517027296374458,230706417.0,DaveSkender/Stock.Indicators,C#
tests/Library/Indicators/r-s/Smi/SmiSeriesTests.cs,2,callable,ok,StaticSeries.SmiSeriesTests.NoSignal_WithSignalPeriodOne_EqualsOscillator,StaticSeries.SmiSeriesTests.NoSignal_WithSignalPeriodOne_EqualsOscillator,2bbb486c7f3eb550747d42bf0cfc6a602ce16772,2026-07-06T05:29:09-04:00,2bbb486c7f3eb550747d42bf0cfc6a602ce16772,2026-07-06T05:29:09-04:00,1,42,0.07692307692307693,,,False,False,0,1,0.0,397.29,,0.002517027296374458,230706417.0,DaveSkender/Stock.Indicators,C#
tests/Library/Indicators/r-s/Smi/SmiSeriesTests.cs,3,callable,ok,StaticSeries.SmiSeriesTests.SmallPeriods_WithMinimalParameters_ReturnsExpectedResult,StaticSeries.SmiSeriesTests.SmallPeriods_WithMinimalParameters_ReturnsExpectedResult,2bbb486c7f3eb550747d42bf0cfc6a602ce16772,2026-07-06T05:29:09-04:00,2bbb486c7f3eb550747d42bf0cfc6a602ce16772,2026-07-06T05:29:09-04:00,1,42,0.05263157894736842,,,False,False,0,1,0.0,397.29,,0.002517027296374458,230706417.0,DaveSkender/Stock.Indicators,C#
tests/Library/Indicators/r-s/Smi/SmiSeriesTests.cs,4,callable,ok,StaticSeries.SmiSeriesTests.BadBars_DoesNotFail,StaticSeries.SmiSeriesTests.BadBars_DoesNotFail,2bbb486c7f3eb550747d42bf0cfc6a602ce16772,2026-07-06T05:29:09-04:00,2bbb486c7f3eb550747d42bf0cfc6a602ce16772,2026-07-06T05:29:09-04:00,1,42,0.1111111111111111,,,False,False,0,1,0.0,397.29,,0.002517027296374458,230706417.0,DaveSkender/Stock.Indicators,C#
tests/Library/Indicators/r-s/Smi/SmiSeriesTests.cs,5,callable,ok,StaticSeries.SmiSeriesTests.NoBars_ReturnsEmpty,StaticSeries.SmiSeriesTests.NoBars_ReturnsEmpty,2bbb486c7f3eb550747d42bf0cfc6a602ce16772,2026-07-06T05:29:09-04:00,2bbb486c7f3eb550747d42bf0cfc6a602ce16772,2026-07-06T05:29:09-04:00,1,42,0.07692307692307693,,,False,False,0,1,0.0,397.29,,0.002517027296374458,230706417.0,DaveSkender/Stock.Indicators,C#
tests/Library/Indicators/r-s/Smi/SmiSeriesTests.cs,6,callable,ok,StaticSeries.SmiSeriesTests.Removed_WithWarmupPeriods_TruncatesResults,StaticSeries.SmiSeriesTests.Removed_WithWarmupPeriods_TruncatesResults,2bbb486c7f3eb550747d42bf0cfc6a602ce16772,2026-07-06T05:29:09-04:00,2bbb486c7f3eb550747d42bf0cfc6a602ce16772,2026-07-06T05:29:09-04:00,1,42,0.07142857142857142,,,False,False,0,1,0.0,397.29,,0.002517027296374458,230706417.0,DaveSkender/Stock.Indicators,C#
tests/Library/Indicators/r-s/Smi/SmiSeriesTests.cs,7,callable,ok,StaticSeries.SmiSeriesTests.Exceptions_InvalidParameters_ThrowsArgumentOutOfRangeException,StaticSeries.SmiSeriesTests.Exceptions_InvalidParameters_ThrowsArgumentOutOfRangeException,2bbb486c7f3eb550747d42bf0cfc6a602ce16772,2026-07-06T05:29:09-04:00,2bbb486c7f3eb550747d42bf0cfc6a602ce16772,2026-07-06T05:29:09-04:00,1,42,0.05263157894736842,,,False,False,0,1,0.0,397.29,,0.002517027296374458,230706417.0,DaveSkender/Stock.Indicators,C#
tests/Library/Indicators/r-s/Smma/SmmaCatalogTests.cs,0,class,ok,Catalogging.SmmaCatalogTests,Catalogging.SmmaCatalogTests,2bbb486c7f3eb550747d42bf0cfc6a602ce16772,2026-07-06T05:29:09-04:00,2bbb486c7f3eb550747d42bf0cfc6a602ce16772,2026-07-06T05:29:09-04:00,1,42,0.011111111111111112,,,False,False,0,1,0.0,397.29,,0.002517027296374458,230706417.0,DaveSkender/Stock.Indicators,C#
tests/Library/Indicators/r-s/Smma/SmmaCatalogTests.cs,0,callable,ok,Catalogging.SmmaCatalogTests.SmmaSeries_InCatalog_ReturnsAllVariants,Catalogging.SmmaCatalogTests.SmmaSeries_InCatalog_ReturnsAllVariants,2bbb486c7f3eb550747d42bf0cfc6a602ce16772,2026-07-06T05:29:09-04:00,2bbb486c7f3eb550747d42bf0cfc6a602ce16772,2026-07-06T05:29:09-04:00,1,42,0.03571428571428571,,,False,False,0,1,0.0,397.29,,0.002517027296374458,230706417.0,DaveSkender/Stock.Indicators,C#
tests/Library/Indicators/r-s/Smma/SmmaCatalogTests.cs,1,callable,ok,Catalogging.SmmaCatalogTests.SmmaStream_InCatalog_ReturnsAllVariants,Catalogging.SmmaCatalogTests.SmmaStream_InCatalog_ReturnsAllVariants,2bbb486c7f3eb550747d42bf0cfc6a602ce16772,2026-07-06T05:29:09-04:00,2bbb486c7f3eb550747d42bf0cfc6a602ce16772,2026-07-06T05:29:09-04:00,1,42,0.03571428571428571,,,False,False,0,1,0.0,397.29,,0.002517027296374458,230706417.0,DaveSkender/Stock.Indicators,C#
tests/Library/Indicators/r-s/Smma/SmmaCatalogTests.cs,2,callable,ok,Catalogging.SmmaCatalogTests.SmmaBuffer_InCatalog_ReturnsAllVariants,Catalogging.SmmaCatalogTests.SmmaBuffer_InCatalog_ReturnsAllVariants,2bbb486c7f3eb550747d42bf0cfc6a602ce16772,2026-07-06T05:29:09-04:00,2bbb486c7f3eb550747d42bf0cfc6a602ce16772,2026-07-06T05:29:09-04:00,1,42,0.03571428571428571,,,False,False,0,1,0.0,397.29,,0.002517027296374458,230706417.0,DaveSkender/Stock.Indicators,C#
tests/Library/Indicators/r-s/Smma/SmmaSeriesTests.cs,0,class,ok,StaticSeries.SmmaSeriesTests,StaticSeries.SmmaSeriesTests,2bbb486c7f3eb550747d42bf0cfc6a602ce16772,2026-07-06T05:29:09-04:00,2bbb486c7f3eb550747d42bf0cfc6a602ce16772,2026-07-06T05:29:09-04:00,1,42,0.009615384615384616,,,False,False,0,1,0.0,397.29,,0.002517027296374458,230706417.0,DaveSkender/Stock.Indicators,C#
tests/Library/Indicators/r-s/Smma/SmmaSeriesTests.cs,0,callable,ok,StaticSeries.SmmaSeriesTests.DefaultParameters_ReturnsExpectedResults,StaticSeries.SmmaSeriesTests.DefaultParameters_ReturnsExpectedResults,2bbb486c7f3eb550747d42bf0cfc6a602ce16772,2026-07-06T05:29:09-04:00,2bbb486c7f3eb550747d42bf0cfc6a602ce16772,2026-07-06T05:29:09-04:00,1,42,0.047619047619047616,,,False,False,0,1,0.0,397.29,,0.002517027296374458,230706417.0,DaveSkender/Stock.Indicators,C#
tests/Library/Indicators/r-s/Smma/SmmaSeriesTests.cs,1,callable,ok,StaticSeries.SmmaSeriesTests.UseReusable_ClosePrice_ReturnsExpectedResult,StaticSeries.SmmaSeriesTests.UseReusable_ClosePrice_ReturnsExpectedResult,2bbb486c7f3eb550747d42bf0cfc6a602ce16772,2026-07-06T05:29:09-04:00,2bbb486c7f3eb550747d42bf0cfc6a602ce16772,2026-07-06T05:29:09-04:00,1,42,0.1,,,False,False,0,1,0.0,397.29,,0.002517027296374458,230706417.0,DaveSkender/Stock.Indicators,C#
tests/Library/Indicators/r-s/Smma/SmmaSeriesTests.cs,2,callable,ok,StaticSeries.SmmaSeriesTests.Chainee_FromSma_ReturnsExpectedResult,StaticSeries.SmmaSeriesTests.Chainee_FromSma_ReturnsExpectedResult,2bbb486c7f3eb550747d42bf0cfc6a602ce16772,2026-07-06T05:29:09-04:00,2bbb486c7f3eb550747d42bf0cfc6a602ce16772,2026-07-06T05:29:09-04:00,1,42,0.1,,,False,False,0,1,0.0,397.29,,0.002517027296374458,230706417.0,DaveSkender/Stock.Indicators,C#
tests/Library/Indicators/r-s/Smma/SmmaSeriesTests.cs,3,callable,ok,StaticSeries.SmmaSeriesTests.ChainFromResults_ToSma_ReturnsExpectedResult,StaticSeries.SmmaSeriesTests.ChainFromResults_ToSma_ReturnsExpectedResult,2bbb486c7f3eb550747d42bf0cfc6a602ce16772,2026-07-06T05:29:09-04:00,2bbb486c7f3eb550747d42bf0cfc6a602ce16772,2026-07-06T05:29:09-04:00,1,42,0.1,,,False,False,0,1,0.0,397.29,,0.002517027296374458,230706417.0,DaveSkender/Stock.Indicators,C#
tests/Library/Indicators/r-s/Smma/SmmaSeriesTests.cs,4,callable,ok,StaticSeries.SmmaSeriesTests.BadBars_DoesNotFail,StaticSeries.SmmaSeriesTests.BadBars_DoesNotFail,2bbb486c7f3eb550747d42bf0cfc6a602ce16772,2026-07-06T05:29:09-04:00,2bbb486c7f3eb550747d42bf0cfc6a602ce16772,2026-07-06T05:29:09-04:00,1,42,0.1111111111111111,,,False,False,0,1,0.0,397.29,,0.002517027296374458,230706417.0,DaveSkender/Stock.Indicators,C#
tests/Library/Indicators/r-s/Smma/SmmaSeriesTests.cs,5,callable,ok,StaticSeries.SmmaSeriesTests.NoBars_ReturnsEmpty,StaticSeries.SmmaSeriesTests.NoBars_ReturnsEmpty,2bbb486c7f3eb550747d42bf0cfc6a602ce16772,2026-07-06T05:29:09-04:00,2bbb486c7f3eb550747d42bf0cfc6a602ce16772,2026-07-06T05:29:09-04:00,1,42,0.07692307692307693,,,False,False,0,1,0.0,397.29,,0.002517027296374458,230706417.0,DaveSkender/Stock.Indicators,C#
tests/Library/Indicators/r-s/Smma/SmmaSeriesTests.cs,6,callable,ok,StaticSeries.SmmaSeriesTests.Removed_WithWarmupPeriods_TruncatesResults,StaticSeries.SmmaSeriesTests.Removed_WithWarmupPeriods_TruncatesResults,2bbb486c7f3eb550747d42bf0cfc6a602ce16772,2026-07-06T05:29:09-04:00,2bbb486c7f3eb550747d42bf0cfc6a602ce16772,2026-07-06T05:29:09-04:00,1,42,0.09090909090909091,,,False,False,0,1,0.0,397.29,,0.002517027296374458,230706417.0,DaveSkender/Stock.Indicators,C#
tests/Library/Indicators/r-s/Smma/SmmaSeriesTests.cs,7,callable,ok,StaticSeries.SmmaSeriesTests.Exceptions_InvalidLookback_ThrowsArgumentOutOfRangeException,StaticSeries.SmmaSeriesTests.Exceptions_InvalidLookback_ThrowsArgumentOutOfRangeException,2bbb486c7f3eb550747d42bf0cfc6a602ce16772,2026-07-06T05:29:09-04:00,2bbb486c7f3eb550747d42bf0cfc6a602ce16772,2026-07-06T05:29:09-04:00,1,42,0.16666666666666666,,,False,False,0,1,0.0,397.29,,0.002517027296374458,230706417.0,DaveSkender/Stock.Indicators,C#
tests/Library/Indicators/r-s/StarcBands/StarcBandsCatalogTests.cs,0,class,ok,Catalogging.StarcBandsCatalogTests,Catalogging.StarcBandsCatalogTests,2bbb486c7f3eb550747d42bf0cfc6a602ce16772,2026-07-06T05:29:09-04:00,2bbb486c7f3eb550747d42bf0cfc6a602ce16772,2026-07-06T05:29:09-04:00,1,42,0.015384615384615385,,,False,False,0,1,0.0,397.29,,0.002517027296374458,230706417.0,DaveSkender/Stock.Indicators,C#
tests/Library/Indicators/r-s/StarcBands/StarcBandsCatalogTests.cs,0,callable,ok,Catalogging.StarcBandsCatalogTests.StarcBandsSeries_InCatalog_ReturnsAllVariants,Catalogging.StarcBandsCatalogTests.StarcBandsSeries_InCatalog_ReturnsAllVariants,2bbb486c7f3eb550747d42bf0cfc6a602ce16772,2026-07-06T05:29:09-04:00,2bbb486c7f3eb550747d42bf0cfc6a602ce16772,2026-07-06T05:29:09-04:00,1,42,0.025,,,False,False,0,1,0.0,397.29,,0.002517027296374458,230706417.0,DaveSkender/Stock.Indicators,C#
tests/Library/Indicators/r-s/StarcBands/StarcBandsCatalogTests.cs,1,callable,ok,Catalogging.StarcBandsCatalogTests.StarcBandsBuffer_InCatalog_ReturnsAllVariants,Catalogging.StarcBandsCatalogTests.StarcBandsBuffer_InCatalog_ReturnsAllVariants,2bbb486c7f3eb550747d42bf0cfc6a602ce16772,2026-07-06T05:29:09-04:00,2bbb486c7f3eb550747d42bf0cfc6a602ce16772,2026-07-06T05:29:09-04:00,1,42,0.05,,,False,False,0,1,0.0,397.29,,0.002517027296374458,230706417.0,DaveSkender/Stock.Indicators,C#
tests/Library/Indicators/r-s/StarcBands/StarcBandsHubTests.cs,0,class,ok,StreamHubs.StarcBandsHubTests,StreamHubs.StarcBandsHubTests,2bbb486c7f3eb550747d42bf0cfc6a602ce16772,2026-07-06T05:29:09-04:00,2bbb486c7f3eb550747d42bf0cfc6a602ce16772,2026-07-06T05:29:09-04:00,1,42,0.008130081300813009,,,False,False,0,1,0.0,397.29,,0.002517027296374458,230706417.0,DaveSkender/Stock.Indicators,C#
tests/Library/Indicators/r-s/StarcBands/StarcBandsHubTests.cs,0,callable,ok,StreamHubs.StarcBandsHubTests.BarObserver_WithWarmupLateArrivalAndRemoval_MatchesSeriesExactly,StreamHubs.StarcBandsHubTests.BarObserver_WithWarmupLateArrivalAndRemoval_MatchesSeriesExactly,2bbb486c7f3eb550747d42bf0cfc6a602ce16772,2026-07-06T05:29:09-04:00,2bbb486c7f3eb550747d42bf0cfc6a602ce16772,2026-07-06T05:29:09-04:00,1,42,0.022222222222222223,,,False,False,0,1,0.0,397.29,,0.002517027296374458,230706417.0,DaveSkender/Stock.Indicators,C#
tests/Library/Indicators/r-s/StarcBands/StarcBandsHubTests.cs,1,callable,ok,StreamHubs.StarcBandsHubTests.WithCachePruning_MatchesSeriesExactly,StreamHubs.StarcBandsHubTests.WithCachePruning_MatchesSeriesExactly,2bbb486c7f3eb550747d42bf0cfc6a602ce16772,2026-07-06T05:29:09-04:00,2bbb486c7f3eb550747d42bf0cfc6a602ce16772,2026-07-06T05:29:09-04:00,1,42,0.03333333333333333,,,False,False,0,1,0.0,397.29,,0.002517027296374458,230706417.0,DaveSkender/Stock.Indicators,C#
tests/Library/Indicators/r-s/StarcBands/StarcBandsHubTests.cs,2,callable,ok,StreamHubs.StarcBandsHubTests.ToStringOverride_ReturnsExpectedName,StreamHubs.StarcBandsHubTests.ToStringOverride_ReturnsExpectedName,2bbb486c7f3eb550747d42bf0cfc6a602ce16772,2026-07-06T05:29:09-04:00,2bbb486c7f3eb550747d42bf0cfc6a602ce16772,2026-07-06T05:29:09-04:00,1,42,0.1111111111111111,,,False,False,0,1,0.0,397.29,,0.002517027296374458,230706417.0,DaveSkender/Stock.Indicators,C#
tests/Library/Indicators/r-s/StarcBands/StarcBandsHubTests.cs,3,callable,ok,StreamHubs.StarcBandsHubTests.PrefilledProvider_OnRebuild_MatchesSeriesExactly,StreamHubs.StarcBandsHubTests.PrefilledProvider_OnRebuild_MatchesSeriesExactly,2bbb486c7f3eb550747d42bf0cfc6a602ce16772,2026-07-06T05:29:09-04:00,2bbb486c7f3eb550747d42bf0cfc6a602ce16772,2026-07-06T05:29:09-04:00,1,42,0.03125,,,False,False,0,1,0.0,397.29,,0.002517027296374458,230706417.0,DaveSkender/Stock.Indicators,C#
tests/Library/Indicators/r-s/StdDev/StdDevRegressionTests.cs,0,class,ok,Regression.StdDevRegressionTests,Regression.StdDevRegressionTests,2bbb486c7f3eb550747d42bf0cfc6a602ce16772,2026-07-06T05:29:09-04:00,2bbb486c7f3eb550747d42bf0cfc6a602ce16772,2026-07-06T05:29:09-04:00,1,42,0.07142857142857142,,,False,False,0,1,0.0,397.29,,0.002517027296374458,230706417.0,DaveSkender/Stock.Indicators,C#
tests/Library/Indicators/r-s/StdDev/StdDevRegressionTests.cs,0,callable,ok,Regression.StdDevRegressionTests.StdDevRegressionTests,Regression.StdDevRegressionTests.StdDevRegressionTests,2bbb486c7f3eb550747d42bf0cfc6a602ce16772,2026-07-06T05:29:09-04:00,2bbb486c7f3eb550747d42bf0cfc6a602ce16772,2026-07-06T05:29:09-04:00,1,42,1.0,,,False,False,0,1,0.0,397.29,,0.002517027296374458,230706417.0,DaveSkender/Stock.Indicators,C#
tests/Library/Indicators/r-s/StdDev/StdDevRegressionTests.cs,1,callable,ok,Regression.StdDevRegressionTests.Series_AgainstBaseline_MatchesExactly,Regression.StdDevRegressionTests.Series_AgainstBaseline_MatchesExactly,2bbb486c7f3eb550747d42bf0cfc6a602ce16772,2026-07-06T05:29:09-04:00,2bbb486c7f3eb550747d42bf0cfc6a602ce16772,2026-07-06T05:29:09-04:00,1,42,0.5,,,False,False,0,1,0.0,397.29,,0.002517027296374458,230706417.0,DaveSkender/Stock.Indicators,C#
tests/Library/Indicators/r-s/StdDev/StdDevRegressionTests.cs,2,callable,ok,Regression.StdDevRegressionTests.Buffer_AgainstBaseline_MatchesExactly,Regression.StdDevRegressionTests.Buffer_AgainstBaseline_MatchesExactly,2bbb486c7f3eb550747d42bf0cfc6a602ce16772,2026-07-06T05:29:09-04:00,2bbb486c7f3eb550747d42bf0cfc6a602ce16772,2026-07-06T05:29:09-04:00,1,42,0.5,,,False,False,0,1,0.0,397.29,,0.002517027296374458,230706417.0,DaveSkender/Stock.Indicators,C#
tests/Library/Indicators/r-s/StdDev/StdDevRegressionTests.cs,3,callable,ok,Regression.StdDevRegressionTests.Stream_AgainstBaseline_MatchesExactly,Regression.StdDevRegressionTests.Stream_AgainstBaseline_MatchesExactly,2bbb486c7f3eb550747d42bf0cfc6a602ce16772,2026-07-06T05:29:09-04:00,2bbb486c7f3eb550747d42bf0cfc6a602ce16772,2026-07-06T05:29:09-04:00,1,42,0.5,,,False,False,0,1,0.0,397.29,,0.002517027296374458,230706417.0,DaveSkender/Stock.Indicators,C#
tests/Library/Indicators/r-s/StdDev/StdDevSeriesTests.cs,0,class,ok,StaticSeries.StdDevSeriesTests,StaticSeries.StdDevSeriesTests,2bbb486c7f3eb550747d42bf0cfc6a602ce16772,2026-07-06T05:29:09-04:00,2bbb486c7f3eb550747d42bf0cfc6a602ce16772,2026-07-06T05:29:09-04:00,1,42,0.008,,,False,False,0,1,0.0,397.29,,0.002517027296374458,230706417.0,DaveSkender/Stock.Indicators,C#
tests/Library/Indicators/r-s/StdDev/StdDevSeriesTests.cs,0,callable,ok,StaticSeries.StdDevSeriesTests.DefaultParameters_ReturnsExpectedResults,StaticSeries.StdDevSeriesTests.DefaultParameters_ReturnsExpectedResults,2bbb486c7f3eb550747d42bf0cfc6a602ce16772,2026-07-06T05:29:09-04:00,2bbb486c7f3eb550747d42bf0cfc6a602ce16772,2026-07-06T05:29:09-04:00,1,42,0.03125,,,False,False,0,1,0.0,397.29,,0.002517027296374458,230706417.0,DaveSkender/Stock.Indicators,C#
tests/Library/Indicators/r-s/StdDev/StdDevSeriesTests.cs,1,callable,ok,StaticSeries.StdDevSeriesTests.UseReusable_ClosePrice_ReturnsExpectedResult,StaticSeries.StdDevSeriesTests.UseReusable_ClosePrice_ReturnsExpectedResult,2bbb486c7f3eb550747d42bf0cfc6a602ce16772,2026-07-06T05:29:09-04:00,2bbb486c7f3eb550747d42bf0cfc6a602ce16772,2026-07-06T05:29:09-04:00,1,42,0.1,,,False,False,0,1,0.0,397.29,,0.002517027296374458,230706417.0,DaveSkender/Stock.Indicators,C#
tests/Library/Indicators/r-s/StdDev/StdDevSeriesTests.cs,2,callable,ok,StaticSeries.StdDevSeriesTests.Chainee_FromSma_ReturnsExpectedResult,StaticSeries.StdDevSeriesTests.Chainee_FromSma_ReturnsExpectedResult,2bbb486c7f3eb550747d42bf0cfc6a602ce16772,2026-07-06T05:29:09-04:00,2bbb486c7f3eb550747d42bf0cfc6a602ce16772,2026-07-06T05:29:09-04:00,1,42,0.1,,,False,False,0,1,0.0,397.29,,0.002517027296374458,230706417.0,DaveSkender/Stock.Indicators,C#
tests/Library/Indicators/r-s/StdDev/StdDevSeriesTests.cs,3,callable,ok,StaticSeries.StdDevSeriesTests.ChainFromResults_ToSma_ReturnsExpectedResult,StaticSeries.StdDevSeriesTests.ChainFromResults_ToSma_ReturnsExpectedResult,2bbb486c7f3eb550747d42bf0cfc6a602ce16772,2026-07-06T05:29:09-04:00,2bbb486c7f3eb550747d42bf0cfc6a602ce16772,2026-07-06T05:29:09-04:00,1,42,0.1,,,False,False,0,1,0.0,397.29,,0.002517027296374458,230706417.0,DaveSkender/Stock.Indicators,C#
tests/Library/Indicators/r-s/StdDev/StdDevSeriesTests.cs,4,callable,ok,StaticSeries.StdDevSeriesTests.BadBars_DoesNotFail,StaticSeries.StdDevSeriesTests.BadBars_DoesNotFail,2bbb486c7f3eb550747d42bf0cfc6a602ce16772,2026-07-06T05:29:09-04:00,2bbb486c7f3eb550747d42bf0cfc6a602ce16772,2026-07-06T05:29:09-04:00,1,42,0.1111111111111111,,,False,False,0,1,0.0,397.29,,0.002517027296374458,230706417.0,DaveSkender/Stock.Indicators,C#
tests/Library/Indicators/r-s/StdDev/StdDevSeriesTests.cs,5,callable,ok,StaticSeries.StdDevSeriesTests.BigBarValues_DoesNotFail,StaticSeries.StdDevSeriesTests.BigBarValues_DoesNotFail,2bbb486c7f3eb550747d42bf0cfc6a602ce16772,2026-07-06T05:29:09-04:00,2bbb486c7f3eb550747d42bf0cfc6a602ce16772,2026-07-06T05:29:09-04:00,1,42,0.125,,,False,False,0,1,0.0,397.29,,0.002517027296374458,230706417.0,DaveSkender/Stock.Indicators,C#
tests/Library/Indicators/r-s/StdDev/StdDevSeriesTests.cs,6,callable,ok,StaticSeries.StdDevSeriesTests.NoBars_ReturnsEmpty,StaticSeries.StdDevSeriesTests.NoBars_ReturnsEmpty,2bbb486c7f3eb550747d42bf0cfc6a602ce16772,2026-07-06T05:29:09-04:00,2bbb486c7f3eb550747d42bf0cfc6a602ce16772,2026-07-06T05:29:09-04:00,1,42,0.07692307692307693,,,False,False,0,1,0.0,397.29,,0.002517027296374458,230706417.0,DaveSkender/Stock.Indicators,C#
tests/Library/Indicators/r-s/StdDev/StdDevSeriesTests.cs,7,callable,ok,StaticSeries.StdDevSeriesTests.Removed_WithWarmupPeriods_TruncatesResults,StaticSeries.StdDevSeriesTests.Removed_WithWarmupPeriods_TruncatesResults,2bbb486c7f3eb550747d42bf0cfc6a602ce16772,2026-07-06T05:29:09-04:00,2bbb486c7f3eb550747d42bf0cfc6a602ce16772,2026-07-06T05:29:09-04:00,1,42,0.06666666666666667,,,False,False,0,1,0.0,397.29,,0.002517027296374458,230706417.0,DaveSkender/Stock.Indicators,C#
tests/Library/Indicators/r-s/StdDev/StdDevSeriesTests.cs,8,callable,ok,StaticSeries.StdDevSeriesTests.Exceptions_InvalidLookback_ThrowsArgumentOutOfRangeException,StaticSeries.StdDevSeriesTests.Exceptions_InvalidLookback_ThrowsArgumentOutOfRangeException,2bbb486c7f3eb550747d42bf0cfc6a602ce16772,2026-07-06T05:29:09-04:00,2bbb486c7f3eb550747d42bf0cfc6a602ce16772,2026-07-06T05:29:09-04:00,1,42,0.16666666666666666,,,False,False,0,1,0.0,397.29,,0.002517027296374458,230706417.0,DaveSkender/Stock.Indicators,C#
tests/Library/Indicators/r-s/StochRsi/StochRsiCatalogTests.cs,0,class,ok,Catalogging.StochRsiCatalogTests,Catalogging.StochRsiCatalogTests,2bbb486c7f3eb550747d42bf0cfc6a602ce16772,2026-07-06T05:29:09-04:00,2bbb486c7f3eb550747d42bf0cfc6a602ce16772,2026-07-06T05:29:09-04:00,1,42,0.011904761904761904,,,False,False,0,1,0.0,397.29,,0.002517027296374458,230706417.0,DaveSkender/Stock.Indicators,C#
tests/Library/Indicators/r-s/StochRsi/StochRsiCatalogTests.cs,0,callable,ok,Catalogging.StochRsiCatalogTests.StochRsiSeries_InCatalog_ReturnsAllVariants,Catalogging.StochRsiCatalogTests.StochRsiSeries_InCatalog_ReturnsAllVariants,2bbb486c7f3eb550747d42bf0cfc6a602ce16772,2026-07-06T05:29:09-04:00,2bbb486c7f3eb550747d42bf0cfc6a602ce16772,2026-07-06T05:29:09-04:00,1,42,0.02631578947368421,,,False,False,0,1,0.0,397.29,,0.002517027296374458,230706417.0,DaveSkender/Stock.Indicators,C#
tests/Library/Indicators/r-s/StochRsi/StochRsiCatalogTests.cs,1,callable,ok,Catalogging.StochRsiCatalogTests.StochRsiStream_InCatalog_ReturnsAllVariants,Catalogging.StochRsiCatalogTests.StochRsiStream_InCatalog_ReturnsAllVariants,2bbb486c7f3eb550747d42bf0cfc6a602ce16772,2026-07-06T05:29:09-04:00,2bbb486c7f3eb550747d42bf0cfc6a602ce16772,2026-07-06T05:29:09-04:00,1,42,0.05,,,False,False,0,1,0.0,397.29,,0.002517027296374458,230706417.0,DaveSkender/Stock.Indicators,C#
tests/Library/Indicators/r-s/StochRsi/StochRsiCatalogTests.cs,2,callable,ok,Catalogging.StochRsiCatalogTests.StochRsiBuffer_InCatalog_ReturnsAllVariants,Catalogging.StochRsiCatalogTests.StochRsiBuffer_InCatalog_ReturnsAllVariants,2bbb486c7f3eb550747d42bf0cfc6a602ce16772,2026-07-06T05:29:09-04:00,2bbb486c7f3eb550747d42bf0cfc6a602ce16772,2026-07-06T05:29:09-04:00,1,42,0.05,,,False,False,0,1,0.0,397.29,,0.002517027296374458,230706417.0,DaveSkender/Stock.Indicators,C#
tests/Library/Indicators/r-s/StochRsi/StochRsiHubTests.cs,0,class,ok,StreamHubs.StochRsiHubTests,StreamHubs.StochRsiHubTests,2bbb486c7f3eb550747d42bf0cfc6a602ce16772,2026-07-06T05:29:09-04:00,2bbb486c7f3eb550747d42bf0cfc6a602ce16772,2026-07-06T05:29:09-04:00,1,42,0.0048543689320388345,,,False,False,0,1,0.0,397.29,,0.002517027296374458,230706417.0,DaveSkender/Stock.Indicators,C#
tests/Library/Indicators/r-s/StochRsi/StochRsiHubTests.cs,0,callable,ok,StreamHubs.StochRsiHubTests.Results_AreAlwaysBounded,StreamHubs.StochRsiHubTests.Results_AreAlwaysBounded,2bbb486c7f3eb550747d42bf0cfc6a602ce16772,2026-07-06T05:29:09-04:00,2bbb486c7f3eb550747d42bf0cfc6a602ce16772,2026-07-06T05:29:09-04:00,1,42,0.14285714285714285,,,False,False,0,1,0.0,397.29,,0.002517027296374458,230706417.0,DaveSkender/Stock.Indicators,C#
tests/Library/Indicators/r-s/StochRsi/StochRsiHubTests.cs,1,callable,ok,StreamHubs.StochRsiHubTests.BarObserver_WithWarmupLateArrivalAndRemoval_MatchesSeriesExactly,StreamHubs.StochRsiHubTests.BarObserver_WithWarmupLateArrivalAndRemoval_MatchesSeriesExactly,2bbb486c7f3eb550747d42bf0cfc6a602ce16772,2026-07-06T05:29:09-04:00,2bbb486c7f3eb550747d42bf0cfc6a602ce16772,2026-07-06T05:29:09-04:00,1,42,0.022727272727272728,,,False,False,0,1,0.0,397.29,,0.002517027296374458,230706417.0,DaveSkender/Stock.Indicators,C#
tests/Library/Indicators/r-s/StochRsi/StochRsiHubTests.cs,2,callable,ok,StreamHubs.StochRsiHubTests.WithCachePruning_MatchesSeriesExactly,StreamHubs.StochRsiHubTests.WithCachePruning_MatchesSeriesExactly,2bbb486c7f3eb550747d42bf0cfc6a602ce16772,2026-07-06T05:29:09-04:00,2bbb486c7f3eb550747d42bf0cfc6a602ce16772,2026-07-06T05:29:09-04:00,1,42,0.03333333333333333,,,False,False,0,1,0.0,397.29,,0.002517027296374458,230706417.0,DaveSkender/Stock.Indicators,C#
tests/Library/Indicators/r-s/StochRsi/StochRsiHubTests.cs,3,callable,ok,StreamHubs.StochRsiHubTests.ChainObserver_ChainedProvider_MatchesSeriesExactly,StreamHubs.StochRsiHubTests.ChainObserver_ChainedProvider_MatchesSeriesExactly,2bbb486c7f3eb550747d42bf0cfc6a602ce16772,2026-07-06T05:29:09-04:00,2bbb486c7f3eb550747d42bf0cfc6a602ce16772,2026-07-06T05:29:09-04:00,1,42,0.022727272727272728,,,False,False,0,1,0.0,397.29,,0.002517027296374458,230706417.0,DaveSkender/Stock.Indicators,C#
tests/Library/Indicators/r-s/StochRsi/StochRsiHubTests.cs,4,callable,ok,StreamHubs.StochRsiHubTests.Provider_IsRsiHub,StreamHubs.StochRsiHubTests.Provider_IsRsiHub,2bbb486c7f3eb550747d42bf0cfc6a602ce16772,2026-07-06T05:29:09-04:00,2bbb486c7f3eb550747d42bf0cfc6a602ce16772,2026-07-06T05:29:09-04:00,1,42,0.05263157894736842,,,False,False,0,1,0.0,397.29,,0.002517027296374458,230706417.0,DaveSkender/Stock.Indicators,C#
tests/Library/Indicators/r-s/StochRsi/StochRsiHubTests.cs,5,callable,ok,StreamHubs.StochRsiHubTests.ChainProvider_MatchesSeriesExactly,StreamHubs.StochRsiHubTests.ChainProvider_MatchesSeriesExactly,2bbb486c7f3eb550747d42bf0cfc6a602ce16772,2026-07-06T05:29:09-04:00,2bbb486c7f3eb550747d42bf0cfc6a602ce16772,2026-07-06T05:29:09-04:00,1,42,0.021739130434782608,,,False,False,0,1,0.0,397.29,,0.002517027296374458,230706417.0,DaveSkender/Stock.Indicators,C#
tests/Library/Indicators/r-s/StochRsi/StochRsiHubTests.cs,6,callable,ok,StreamHubs.StochRsiHubTests.ToStringOverride_ReturnsExpectedName,StreamHubs.StochRsiHubTests.ToStringOverride_ReturnsExpectedName,2bbb486c7f3eb550747d42bf0cfc6a602ce16772,2026-07-06T05:29:09-04:00,2bbb486c7f3eb550747d42bf0cfc6a602ce16772,2026-07-06T05:29:09-04:00,1,42,0.16666666666666666,,,False,False,0,1,0.0,397.29,,0.002517027296374458,230706417.0,DaveSkender/Stock.Indicators,C#
tests/Library/Indicators/t-z/T3/T3HubTests.cs,0,class,ok,StreamHubs.T3HubTests,StreamHubs.T3HubTests,2bbb486c7f3eb550747d42bf0cfc6a602ce16772,2026-07-06T05:29:09-04:00,2bbb486c7f3eb550747d42bf0cfc6a602ce16772,2026-07-06T05:29:09-04:00,1,42,0.004975124378109453,,,False,False,0,1,0.0,397.29,,0.002517027296374458,230706417.0,DaveSkender/Stock.Indicators,C#
tests/Library/Indicators/t-z/T3/T3HubTests.cs,0,callable,ok,StreamHubs.T3HubTests.BarObserver_WithWarmupLateArrivalAndRemoval_MatchesSeriesExactly,StreamHubs.T3HubTests.BarObserver_WithWarmupLateArrivalAndRemoval_MatchesSeriesExactly,2bbb486c7f3eb550747d42bf0cfc6a602ce16772,2026-07-06T05:29:09-04:00,2bbb486c7f3eb550747d42bf0cfc6a602ce16772,2026-07-06T05:29:09-04:00,1,42,0.02127659574468085,,,False,False,0,1,0.0,397.29,,0.002517027296374458,230706417.0,DaveSkender/Stock.Indicators,C#
tests/Library/Indicators/t-z/T3/T3HubTests.cs,1,callable,ok,StreamHubs.T3HubTests.WithCachePruning_MatchesSeriesExactly,StreamHubs.T3HubTests.WithCachePruning_MatchesSeriesExactly,2bbb486c7f3eb550747d42bf0cfc6a602ce16772,2026-07-06T05:29:09-04:00,2bbb486c7f3eb550747d42bf0cfc6a602ce16772,2026-07-06T05:29:09-04:00,1,42,0.03125,,,False,False,0,1,0.0,397.29,,0.002517027296374458,230706417.0,DaveSkender/Stock.Indicators,C#
tests/Library/Indicators/t-z/T3/T3HubTests.cs,2,callable,ok,StreamHubs.T3HubTests.ChainObserver_ChainedProvider_MatchesSeriesExactly,StreamHubs.T3HubTests.ChainObserver_ChainedProvider_MatchesSeriesExactly,2bbb486c7f3eb550747d42bf0cfc6a602ce16772,2026-07-06T05:29:09-04:00,2bbb486c7f3eb550747d42bf0cfc6a602ce16772,2026-07-06T05:29:09-04:00,1,42,0.029411764705882353,,,False,False,0,1,0.0,397.29,,0.002517027296374458,230706417.0,DaveSkender/Stock.Indicators,C#
tests/Library/Indicators/t-z/T3/T3HubTests.cs,3,callable,ok,StreamHubs.T3HubTests.ChainProvider_MatchesSeriesExactly,StreamHubs.T3HubTests.ChainProvider_MatchesSeriesExactly,2bbb486c7f3eb550747d42bf0cfc6a602ce16772,2026-07-06T05:29:09-04:00,2bbb486c7f3eb550747d42bf0cfc6a602ce16772,2026-07-06T05:29:09-04:00,1,42,0.02,,,False,False,0,1,0.0,397.29,,0.002517027296374458,230706417.0,DaveSkender/Stock.Indicators,C#
tests/Library/Indicators/t-z/T3/T3HubTests.cs,4,callable,ok,StreamHubs.T3HubTests.ToStringOverride_ReturnsExpectedName,StreamHubs.T3HubTests.ToStringOverride_ReturnsExpectedName,2bbb486c7f3eb550747d42bf0cfc6a602ce16772,2026-07-06T05:29:09-04:00,2bbb486c7f3eb550747d42bf0cfc6a602ce16772,2026-07-06T05:29:09-04:00,1,42,0.16666666666666666,,,False,False,0,1,0.0,397.29,,0.002517027296374458,230706417.0,DaveSkender/Stock.Indicators,C#
tests/Library/Indicators/t-z/T3/T3HubTests.cs,5,callable,ok,StreamHubs.T3HubTests.SettingsInheritance_FromParentHubs_PropagatesCorrectly,StreamHubs.T3HubTests.SettingsInheritance_FromParentHubs_PropagatesCorrectly,2bbb486c7f3eb550747d42bf0cfc6a602ce16772,2026-07-06T05:29:09-04:00,2bbb486c7f3eb550747d42bf0cfc6a602ce16772,2026-07-06T05:29:09-04:00,1,42,0.043478260869565216,,,False,False,0,1,0.0,397.29,,0.002517027296374458,230706417.0,DaveSkender/Stock.Indicators,C#
tests/Library/Indicators/t-z/Tr/TrCatalogTests.cs,0,class,ok,Catalogging.TrCatalogTests,Catalogging.TrCatalogTests,2bbb486c7f3eb550747d42bf0cfc6a602ce16772,2026-07-06T05:29:09-04:00,2bbb486c7f3eb550747d42bf0cfc6a602ce16772,2026-07-06T05:29:09-04:00,1,42,0.0125,,,False,False,0,1,0.0,397.29,,0.002517027296374458,230706417.0,DaveSkender/Stock.Indicators,C#
tests/Library/Indicators/t-z/Tr/TrCatalogTests.cs,0,callable,ok,Catalogging.TrCatalogTests.TrSeries_InCatalog_ReturnsAllVariants,Catalogging.TrCatalogTests.TrSeries_InCatalog_ReturnsAllVariants,2bbb486c7f3eb550747d42bf0cfc6a602ce16772,2026-07-06T05:29:09-04:00,2bbb486c7f3eb550747d42bf0cfc6a602ce16772,2026-07-06T05:29:09-04:00,1,42,0.04,,,False,False,0,1,0.0,397.29,,0.002517027296374458,230706417.0,DaveSkender/Stock.Indicators,C#
tests/Library/Indicators/t-z/Tr/TrCatalogTests.cs,1,callable,ok,Catalogging.TrCatalogTests.TrStream_InCatalog_ReturnsAllVariants,Catalogging.TrCatalogTests.TrStream_InCatalog_ReturnsAllVariants,2bbb486c7f3eb550747d42bf0cfc6a602ce16772,2026-07-06T05:29:09-04:00,2bbb486c7f3eb550747d42bf0cfc6a602ce16772,2026-07-06T05:29:09-04:00,1,42,0.04,,,False,False,0,1,0.0,397.29,,0.002517027296374458,230706417.0,DaveSkender/Stock.Indicators,C#
tests/Library/Indicators/t-z/Tr/TrCatalogTests.cs,2,callable,ok,Catalogging.TrCatalogTests.TrBuffer_InCatalog_ReturnsAllVariants,Catalogging.TrCatalogTests.TrBuffer_InCatalog_ReturnsAllVariants,2bbb486c7f3eb550747d42bf0cfc6a602ce16772,2026-07-06T05:29:09-04:00,2bbb486c7f3eb550747d42bf0cfc6a602ce16772,2026-07-06T05:29:09-04:00,1,42,0.04,,,False,False,0,1,0.0,397.29,,0.002517027296374458,230706417.0,DaveSkender/Stock.Indicators,C#
tests/Library/Indicators/t-z/Trix/TrixSeriesTests.cs,0,class,ok,StaticSeries.TrixSeriesTests,StaticSeries.TrixSeriesTests,2bbb486c7f3eb550747d42bf0cfc6a602ce16772,2026-07-06T05:29:09-04:00,2bbb486c7f3eb550747d42bf0cfc6a602ce16772,2026-07-06T05:29:09-04:00,1,42,0.008771929824561403,,,False,False,0,1,0.0,397.29,,0.002517027296374458,230706417.0,DaveSkender/Stock.Indicators,C#
tests/Library/Indicators/t-z/Trix/TrixSeriesTests.cs,0,callable,ok,StaticSeries.TrixSeriesTests.DefaultParameters_ReturnsExpectedResults,StaticSeries.TrixSeriesTests.DefaultParameters_ReturnsExpectedResults,2bbb486c7f3eb550747d42bf0cfc6a602ce16772,2026-07-06T05:29:09-04:00,2bbb486c7f3eb550747d42bf0cfc6a602ce16772,2026-07-06T05:29:09-04:00,1,42,0.03571428571428571,,,False,False,0,1,0.0,397.29,,0.002517027296374458,230706417.0,DaveSkender/Stock.Indicators,C#
tests/Library/Indicators/t-z/Trix/TrixSeriesTests.cs,1,callable,ok,StaticSeries.TrixSeriesTests.UseReusable_ClosePrice_ReturnsExpectedResult,StaticSeries.TrixSeriesTests.UseReusable_ClosePrice_ReturnsExpectedResult,2bbb486c7f3eb550747d42bf0cfc6a602ce16772,2026-07-06T05:29:09-04:00,2bbb486c7f3eb550747d42bf0cfc6a602ce16772,2026-07-06T05:29:09-04:00,1,42,0.1,,,False,False,0,1,0.0,397.29,,0.002517027296374458,230706417.0,DaveSkender/Stock.Indicators,C#
tests/Library/Indicators/t-z/Trix/TrixSeriesTests.cs,2,callable,ok,StaticSeries.TrixSeriesTests.Chainee_FromSma_ReturnsExpectedResult,StaticSeries.TrixSeriesTests.Chainee_FromSma_ReturnsExpectedResult,2bbb486c7f3eb550747d42bf0cfc6a602ce16772,2026-07-06T05:29:09-04:00,2bbb486c7f3eb550747d42bf0cfc6a602ce16772,2026-07-06T05:29:09-04:00,1,42,0.1,,,False,False,0,1,0.0,397.29,,0.002517027296374458,230706417.0,DaveSkender/Stock.Indicators,C#
tests/Library/Indicators/t-z/Trix/TrixSeriesTests.cs,3,callable,ok,StaticSeries.TrixSeriesTests.ChainFromResults_ToSma_ReturnsExpectedResult,StaticSeries.TrixSeriesTests.ChainFromResults_ToSma_ReturnsExpectedResult,2bbb486c7f3eb550747d42bf0cfc6a602ce16772,2026-07-06T05:29:09-04:00,2bbb486c7f3eb550747d42bf0cfc6a602ce16772,2026-07-06T05:29:09-04:00,1,42,0.1,,,False,False,0,1,0.0,397.29,,0.002517027296374458,230706417.0,DaveSkender/Stock.Indicators,C#
tests/Library/Indicators/t-z/Trix/TrixSeriesTests.cs,4,callable,ok,StaticSeries.TrixSeriesTests.BadBars_DoesNotFail,StaticSeries.TrixSeriesTests.BadBars_DoesNotFail,2bbb486c7f3eb550747d42bf0cfc6a602ce16772,2026-07-06T05:29:09-04:00,2bbb486c7f3eb550747d42bf0cfc6a602ce16772,2026-07-06T05:29:09-04:00,1,42,0.1111111111111111,,,False,False,0,1,0.0,397.29,,0.002517027296374458,230706417.0,DaveSkender/Stock.Indicators,C#
tests/Library/Indicators/t-z/Trix/TrixSeriesTests.cs,5,callable,ok,StaticSeries.TrixSeriesTests.NoBars_ReturnsEmpty,StaticSeries.TrixSeriesTests.NoBars_ReturnsEmpty,2bbb486c7f3eb550747d42bf0cfc6a602ce16772,2026-07-06T05:29:09-04:00,2bbb486c7f3eb550747d42bf0cfc6a602ce16772,2026-07-06T05:29:09-04:00,1,42,0.07692307692307693,,,False,False,0,1,0.0,397.29,,0.002517027296374458,230706417.0,DaveSkender/Stock.Indicators,C#
tests/Library/Indicators/t-z/Trix/TrixSeriesTests.cs,6,callable,ok,StaticSeries.TrixSeriesTests.Removed_WithWarmupPeriods_TruncatesResults,StaticSeries.TrixSeriesTests.Removed_WithWarmupPeriods_TruncatesResults,2bbb486c7f3eb550747d42bf0cfc6a602ce16772,2026-07-06T05:29:09-04:00,2bbb486c7f3eb550747d42bf0cfc6a602ce16772,2026-07-06T05:29:09-04:00,1,42,0.07142857142857142,,,False,False,0,1,0.0,397.29,,0.002517027296374458,230706417.0,DaveSkender/Stock.Indicators,C#
tests/Library/Indicators/t-z/Trix/TrixSeriesTests.cs,7,callable,ok,StaticSeries.TrixSeriesTests.Exceptions_InvalidLookback_ThrowsArgumentOutOfRangeException,StaticSeries.TrixSeriesTests.Exceptions_InvalidLookback_ThrowsArgumentOutOfRangeException,2bbb486c7f3eb550747d42bf0cfc6a602ce16772,2026-07-06T05:29:09-04:00,2bbb486c7f3eb550747d42bf0cfc6a602ce16772,2026-07-06T05:29:09-04:00,1,42,0.16666666666666666,,,False,False,0,1,0.0,397.29,,0.002517027296374458,230706417.0,DaveSkender/Stock.Indicators,C#
tests/Library/Indicators/t-z/Tsi/TsiBufferListTests.cs,0,class,ok,BufferLists.TsiBufferListTests,BufferLists.TsiBufferListTests,2bbb486c7f3eb550747d42bf0cfc6a602ce16772,2026-07-06T05:29:09-04:00,2bbb486c7f3eb550747d42bf0cfc6a602ce16772,2026-07-06T05:29:09-04:00,1,42,0.008130081300813009,,,False,False,0,1,0.0,397.29,,0.002517027296374458,230706417.0,DaveSkender/Stock.Indicators,C#
tests/Library/Indicators/t-z/Tsi/TsiBufferListTests.cs,0,callable,ok,BufferLists.TsiBufferListTests.Results_AreAlwaysBounded,BufferLists.TsiBufferListTests.Results_AreAlwaysBounded,2bbb486c7f3eb550747d42bf0cfc6a602ce16772,2026-07-06T05:29:09-04:00,2bbb486c7f3eb550747d42bf0cfc6a602ce16772,2026-07-06T05:29:09-04:00,1,42,0.14285714285714285,,,False,False,0,1,0.0,397.29,,0.002517027296374458,230706417.0,DaveSkender/Stock.Indicators,C#
tests/Library/Indicators/t-z/Tsi/TsiBufferListTests.cs,1,callable,ok,BufferLists.TsiBufferListTests.AddBar_IncrementsResults,BufferLists.TsiBufferListTests.AddBar_IncrementsResults,2bbb486c7f3eb550747d42bf0cfc6a602ce16772,2026-07-06T05:29:09-04:00,2bbb486c7f3eb550747d42bf0cfc6a602ce16772,2026-07-06T05:29:09-04:00,1,42,0.1,,,False,False,0,1,0.0,397.29,,0.002517027296374458,230706417.0,DaveSkender/Stock.Indicators,C#
tests/Library/Indicators/t-z/Tsi/TsiBufferListTests.cs,2,callable,ok,BufferLists.TsiBufferListTests.AddBarsBatch_IncrementsResults,BufferLists.TsiBufferListTests.AddBarsBatch_IncrementsResults,2bbb486c7f3eb550747d42bf0cfc6a602ce16772,2026-07-06T05:29:09-04:00,2bbb486c7f3eb550747d42bf0cfc6a602ce16772,2026-07-06T05:29:09-04:00,1,42,0.125,,,False,False,0,1,0.0,397.29,,0.002517027296374458,230706417.0,DaveSkender/Stock.Indicators,C#
tests/Library/Indicators/t-z/Tsi/TsiBufferListTests.cs,3,callable,ok,BufferLists.TsiBufferListTests.BarsCtor_OnInstantiation_IncrementsResults,BufferLists.TsiBufferListTests.BarsCtor_OnInstantiation_IncrementsResults,2bbb486c7f3eb550747d42bf0cfc6a602ce16772,2026-07-06T05:29:09-04:00,2bbb486c7f3eb550747d42bf0cfc6a602ce16772,2026-07-06T05:29:09-04:00,1,42,0.125,,,False,False,0,1,0.0,397.29,,0.002517027296374458,230706417.0,DaveSkender/Stock.Indicators,C#
tests/Library/Indicators/t-z/Tsi/TsiBufferListTests.cs,4,callable,ok,BufferLists.TsiBufferListTests.AddReusableItem_IncrementsResults,BufferLists.TsiBufferListTests.AddReusableItem_IncrementsResults,2bbb486c7f3eb550747d42bf0cfc6a602ce16772,2026-07-06T05:29:09-04:00,2bbb486c7f3eb550747d42bf0cfc6a602ce16772,2026-07-06T05:29:09-04:00,1,42,0.1,,,False,False,0,1,0.0,397.29,,0.002517027296374458,230706417.0,DaveSkender/Stock.Indicators,C#
tests/Library/Indicators/t-z/Tsi/TsiBufferListTests.cs,5,callable,ok,BufferLists.TsiBufferListTests.AddReusableItemBatch_IncrementsResults,BufferLists.TsiBufferListTests.AddReusableItemBatch_IncrementsResults,2bbb486c7f3eb550747d42bf0cfc6a602ce16772,2026-07-06T05:29:09-04:00,2bbb486c7f3eb550747d42bf0cfc6a602ce16772,2026-07-06T05:29:09-04:00,1,42,0.125,,,False,False,0,1,0.0,397.29,,0.002517027296374458,230706417.0,DaveSkender/Stock.Indicators,C#
tests/Library/Indicators/t-z/Tsi/TsiBufferListTests.cs,6,callable,ok,BufferLists.TsiBufferListTests.AddDateAndValue_IncrementsResults,BufferLists.TsiBufferListTests.AddDateAndValue_IncrementsResults,2bbb486c7f3eb550747d42bf0cfc6a602ce16772,2026-07-06T05:29:09-04:00,2bbb486c7f3eb550747d42bf0cfc6a602ce16772,2026-07-06T05:29:09-04:00,1,42,0.07692307692307693,,,False,False,0,1,0.0,397.29,,0.002517027296374458,230706417.0,DaveSkender/Stock.Indicators,C#
tests/Library/Indicators/t-z/Tsi/TsiBufferListTests.cs,7,callable,ok,BufferLists.TsiBufferListTests.PruneList_OverMaxListSize_AutoAdjustsListAndBuffers,BufferLists.TsiBufferListTests.PruneList_OverMaxListSize_AutoAdjustsListAndBuffers,2bbb486c7f3eb550747d42bf0cfc6a602ce16772,2026-07-06T05:29:09-04:00,2bbb486c7f3eb550747d42bf0cfc6a602ce16772,2026-07-06T05:29:09-04:00,1,42,0.058823529411764705,,,False,False,0,1,0.0,397.29,,0.002517027296374458,230706417.0,DaveSkender/Stock.Indicators,C#
tests/Library/Indicators/t-z/Tsi/TsiBufferListTests.cs,8,callable,ok,BufferLists.TsiBufferListTests.Clear_WithState_ResetsState,BufferLists.TsiBufferListTests.Clear_WithState_ResetsState,2bbb486c7f3eb550747d42bf0cfc6a602ce16772,2026-07-06T05:29:09-04:00,2bbb486c7f3eb550747d42bf0cfc6a602ce16772,2026-07-06T05:29:09-04:00,1,42,0.05,,,False,False,0,1,0.0,397.29,,0.002517027296374458,230706417.0,DaveSkender/Stock.Indicators,C#
tests/Library/Indicators/t-z/Tsi/TsiHubTests.cs,0,class,ok,StreamHubs.TsiHubTests,StreamHubs.TsiHubTests,2bbb486c7f3eb550747d42bf0cfc6a602ce16772,2026-07-06T05:29:09-04:00,2bbb486c7f3eb550747d42bf0cfc6a602ce16772,2026-07-06T05:29:09-04:00,1,42,0.004901960784313725,,,False,False,0,1,0.0,397.29,,0.002517027296374458,230706417.0,DaveSkender/Stock.Indicators,C#
tests/Library/Indicators/t-z/Tsi/TsiHubTests.cs,0,callable,ok,StreamHubs.TsiHubTests.ToStringOverride_ReturnsExpectedName,StreamHubs.TsiHubTests.ToStringOverride_ReturnsExpectedName,2bbb486c7f3eb550747d42bf0cfc6a602ce16772,2026-07-06T05:29:09-04:00,2bbb486c7f3eb550747d42bf0cfc6a602ce16772,2026-07-06T05:29:09-04:00,1,42,0.06666666666666667,,,False,False,0,1,0.0,397.29,,0.002517027296374458,230706417.0,DaveSkender/Stock.Indicators,C#
tests/Library/Indicators/t-z/Tsi/TsiHubTests.cs,1,callable,ok,StreamHubs.TsiHubTests.Results_AreAlwaysBounded,StreamHubs.TsiHubTests.Results_AreAlwaysBounded,2bbb486c7f3eb550747d42bf0cfc6a602ce16772,2026-07-06T05:29:09-04:00,2bbb486c7f3eb550747d42bf0cfc6a602ce16772,2026-07-06T05:29:09-04:00,1,42,0.14285714285714285,,,False,False,0,1,0.0,397.29,,0.002517027296374458,230706417.0,DaveSkender/Stock.Indicators,C#
tests/Library/Indicators/t-z/Tsi/TsiHubTests.cs,2,callable,ok,StreamHubs.TsiHubTests.BarObserver_WithWarmupLateArrivalAndRemoval_MatchesSeriesExactly,StreamHubs.TsiHubTests.BarObserver_WithWarmupLateArrivalAndRemoval_MatchesSeriesExactly,2bbb486c7f3eb550747d42bf0cfc6a602ce16772,2026-07-06T05:29:09-04:00,2bbb486c7f3eb550747d42bf0cfc6a602ce16772,2026-07-06T05:29:09-04:00,1,42,0.022222222222222223,,,False,False,0,1,0.0,397.29,,0.002517027296374458,230706417.0,DaveSkender/Stock.Indicators,C#
tests/Library/Indicators/t-z/Tsi/TsiHubTests.cs,3,callable,ok,StreamHubs.TsiHubTests.WithCachePruning_MatchesSeriesExactly,StreamHubs.TsiHubTests.WithCachePruning_MatchesSeriesExactly,2bbb486c7f3eb550747d42bf0cfc6a602ce16772,2026-07-06T05:29:09-04:00,2bbb486c7f3eb550747d42bf0cfc6a602ce16772,2026-07-06T05:29:09-04:00,1,42,0.03333333333333333,,,False,False,0,1,0.0,397.29,,0.002517027296374458,230706417.0,DaveSkender/Stock.Indicators,C#
tests/Library/Indicators/t-z/Tsi/TsiHubTests.cs,4,callable,ok,StreamHubs.TsiHubTests.ChainObserver_ChainedProvider_MatchesSeriesExactly,StreamHubs.TsiHubTests.ChainObserver_ChainedProvider_MatchesSeriesExactly,2bbb486c7f3eb550747d42bf0cfc6a602ce16772,2026-07-06T05:29:09-04:00,2bbb486c7f3eb550747d42bf0cfc6a602ce16772,2026-07-06T05:29:09-04:00,1,42,0.02702702702702703,,,False,False,0,1,0.0,397.29,,0.002517027296374458,230706417.0,DaveSkender/Stock.Indicators,C#
tests/Library/Indicators/t-z/Tsi/TsiHubTests.cs,5,callable,ok,StreamHubs.TsiHubTests.ChainProvider_MatchesSeriesExactly,StreamHubs.TsiHubTests.ChainProvider_MatchesSeriesExactly,2bbb486c7f3eb550747d42bf0cfc6a602ce16772,2026-07-06T05:29:09-04:00,2bbb486c7f3eb550747d42bf0cfc6a602ce16772,2026-07-06T05:29:09-04:00,1,42,0.017543859649122806,,,False,False,0,1,0.0,397.29,,0.002517027296374458,230706417.0,DaveSkender/Stock.Indicators,C#
tests/Library/Indicators/t-z/Ultimate/UltimateRegressionTests.cs,0,class,ok,Regression.UltimateRegressionTests,Regression.UltimateRegressionTests,2bbb486c7f3eb550747d42bf0cfc6a602ce16772,2026-07-06T05:29:09-04:00,2bbb486c7f3eb550747d42bf0cfc6a602ce16772,2026-07-06T05:29:09-04:00,1,42,0.07142857142857142,,,False,False,0,1,0.0,397.29,,0.002517027296374458,230706417.0,DaveSkender/Stock.Indicators,C#
tests/Library/Indicators/t-z/Ultimate/UltimateRegressionTests.cs,0,callable,ok,Regression.UltimateRegressionTests.UltimateRegressionTests,Regression.UltimateRegressionTests.UltimateRegressionTests,2bbb486c7f3eb550747d42bf0cfc6a602ce16772,2026-07-06T05:29:09-04:00,2bbb486c7f3eb550747d42bf0cfc6a602ce16772,2026-07-06T05:29:09-04:00,1,42,1.0,,,False,False,0,1,0.0,397.29,,0.002517027296374458,230706417.0,DaveSkender/Stock.Indicators,C#
tests/Library/Indicators/t-z/Ultimate/UltimateRegressionTests.cs,1,callable,ok,Regression.UltimateRegressionTests.Series_AgainstBaseline_MatchesExactly,Regression.UltimateRegressionTests.Series_AgainstBaseline_MatchesExactly,2bbb486c7f3eb550747d42bf0cfc6a602ce16772,2026-07-06T05:29:09-04:00,2bbb486c7f3eb550747d42bf0cfc6a602ce16772,2026-07-06T05:29:09-04:00,1,42,0.5,,,False,False,0,1,0.0,397.29,,0.002517027296374458,230706417.0,DaveSkender/Stock.Indicators,C#
tests/Library/Indicators/t-z/Ultimate/UltimateRegressionTests.cs,2,callable,ok,Regression.UltimateRegressionTests.Buffer_AgainstBaseline_MatchesExactly,Regression.UltimateRegressionTests.Buffer_AgainstBaseline_MatchesExactly,2bbb486c7f3eb550747d42bf0cfc6a602ce16772,2026-07-06T05:29:09-04:00,2bbb486c7f3eb550747d42bf0cfc6a602ce16772,2026-07-06T05:29:09-04:00,1,42,0.5,,,False,False,0,1,0.0,397.29,,0.002517027296374458,230706417.0,DaveSkender/Stock.Indicators,C#
tests/Library/Indicators/t-z/Ultimate/UltimateRegressionTests.cs,3,callable,ok,Regression.UltimateRegressionTests.Stream_AgainstBaseline_MatchesExactly,Regression.UltimateRegressionTests.Stream_AgainstBaseline_MatchesExactly,2bbb486c7f3eb550747d42bf0cfc6a602ce16772,2026-07-06T05:29:09-04:00,2bbb486c7f3eb550747d42bf0cfc6a602ce16772,2026-07-06T05:29:09-04:00,1,42,0.5,,,False,False,0,1,0.0,397.29,,0.002517027296374458,230706417.0,DaveSkender/Stock.Indicators,C#
tests/Library/Indicators/t-z/VolatilityStop/VolatilityStopCatalogTests.cs,0,class,ok,Catalogging.VolatilityStopCatalogTests,Catalogging.VolatilityStopCatalogTests,2bbb486c7f3eb550747d42bf0cfc6a602ce16772,2026-07-06T05:29:09-04:00,2bbb486c7f3eb550747d42bf0cfc6a602ce16772,2026-07-06T05:29:09-04:00,1,42,0.010638297872340425,,,False,False,0,1,0.0,397.29,,0.002517027296374458,230706417.0,DaveSkender/Stock.Indicators,C#
tests/Library/Indicators/t-z/VolatilityStop/VolatilityStopCatalogTests.cs,0,callable,ok,Catalogging.VolatilityStopCatalogTests.VolatilityStopSeries_InCatalog_ReturnsAllVariants,Catalogging.VolatilityStopCatalogTests.VolatilityStopSeries_InCatalog_ReturnsAllVariants,2bbb486c7f3eb550747d42bf0cfc6a602ce16772,2026-07-06T05:29:09-04:00,2bbb486c7f3eb550747d42bf0cfc6a602ce16772,2026-07-06T05:29:09-04:00,1,42,0.029411764705882353,,,False,False,0,1,0.0,397.29,,0.002517027296374458,230706417.0,DaveSkender/Stock.Indicators,C#
tests/Library/Indicators/t-z/VolatilityStop/VolatilityStopCatalogTests.cs,1,callable,ok,Catalogging.VolatilityStopCatalogTests.VolatilityStopBuffer_InCatalog_ReturnsAllVariants,Catalogging.VolatilityStopCatalogTests.VolatilityStopBuffer_InCatalog_ReturnsAllVariants,2bbb486c7f3eb550747d42bf0cfc6a602ce16772,2026-07-06T05:29:09-04:00,2bbb486c7f3eb550747d42bf0cfc6a602ce16772,2026-07-06T05:29:09-04:00,1,42,0.05,,,False,False,0,1,0.0,397.29,,0.002517027296374458,230706417.0,DaveSkender/Stock.Indicators,C#
tests/Library/Indicators/t-z/VolatilityStop/VolatilityStopCatalogTests.cs,2,callable,ok,Catalogging.VolatilityStopCatalogTests.VolatilityStopStream_InCatalog_ReturnsAllVariants,Catalogging.VolatilityStopCatalogTests.VolatilityStopStream_InCatalog_ReturnsAllVariants,2bbb486c7f3eb550747d42bf0cfc6a602ce16772,2026-07-06T05:29:09-04:00,2bbb486c7f3eb550747d42bf0cfc6a602ce16772,2026-07-06T05:29:09-04:00,1,42,0.029411764705882353,,,False,False,0,1,0.0,397.29,,0.002517027296374458,230706417.0,DaveSkender/Stock.Indicators,C#
tests/Library/Indicators/t-z/VolatilityStop/VolatilityStopHubTests.cs,0,class,ok,StreamHubs.VolatilityStopHubTests,StreamHubs.VolatilityStopHubTests,2bbb486c7f3eb550747d42bf0cfc6a602ce16772,2026-07-06T05:29:09-04:00,2bbb486c7f3eb550747d42bf0cfc6a602ce16772,2026-07-06T05:29:09-04:00,1,42,0.008130081300813009,,,False,False,0,1,0.0,397.29,,0.002517027296374458,230706417.0,DaveSkender/Stock.Indicators,C#
tests/Library/Indicators/t-z/VolatilityStop/VolatilityStopHubTests.cs,0,callable,ok,StreamHubs.VolatilityStopHubTests.BarObserver_WithWarmupLateArrivalAndRemoval_MatchesSeriesExactly,StreamHubs.VolatilityStopHubTests.BarObserver_WithWarmupLateArrivalAndRemoval_MatchesSeriesExactly,2bbb486c7f3eb550747d42bf0cfc6a602ce16772,2026-07-06T05:29:09-04:00,2bbb486c7f3eb550747d42bf0cfc6a602ce16772,2026-07-06T05:29:09-04:00,1,42,0.020833333333333332,,,False,False,0,1,0.0,397.29,,0.002517027296374458,230706417.0,DaveSkender/Stock.Indicators,C#
tests/Library/Indicators/t-z/VolatilityStop/VolatilityStopHubTests.cs,1,callable,ok,StreamHubs.VolatilityStopHubTests.WithCachePruning_MatchesSeriesExactly,StreamHubs.VolatilityStopHubTests.WithCachePruning_MatchesSeriesExactly,2bbb486c7f3eb550747d42bf0cfc6a602ce16772,2026-07-06T05:29:09-04:00,2bbb486c7f3eb550747d42bf0cfc6a602ce16772,2026-07-06T05:29:09-04:00,1,42,0.03333333333333333,,,False,False,0,1,0.0,397.29,,0.002517027296374458,230706417.0,DaveSkender/Stock.Indicators,C#
tests/Library/Indicators/t-z/VolatilityStop/VolatilityStopHubTests.cs,2,callable,ok,StreamHubs.VolatilityStopHubTests.BarObserver_WithWarmupLateArrivalAndRemoval_MatchesSeriesExactlyCustomParameters,StreamHubs.VolatilityStopHubTests.BarObserver_WithWarmupLateArrivalAndRemoval_MatchesSeriesExactlyCustomParameters,2bbb486c7f3eb550747d42bf0cfc6a602ce16772,2026-07-06T05:29:09-04:00,2bbb486c7f3eb550747d42bf0cfc6a602ce16772,2026-07-06T05:29:09-04:00,1,42,0.03125,,,False,False,0,1,0.0,397.29,,0.002517027296374458,230706417.0,DaveSkender/Stock.Indicators,C#
tests/Library/Indicators/t-z/VolatilityStop/VolatilityStopHubTests.cs,3,callable,ok,StreamHubs.VolatilityStopHubTests.ToStringOverride_ReturnsExpectedName,StreamHubs.VolatilityStopHubTests.ToStringOverride_ReturnsExpectedName,2bbb486c7f3eb550747d42bf0cfc6a602ce16772,2026-07-06T05:29:09-04:00,2bbb486c7f3eb550747d42bf0cfc6a602ce16772,2026-07-06T05:29:09-04:00,1,42,0.16666666666666666,,,False,False,0,1,0.0,397.29,,0.002517027296374458,230706417.0,DaveSkender/Stock.Indicators,C#
tests/Library/Indicators/t-z/VolatilityStop/VolatilityStopSeriesTests.cs,0,class,ok,StaticSeries.VolatilityStopSeriesTests,StaticSeries.VolatilityStopSeriesTests,2bbb486c7f3eb550747d42bf0cfc6a602ce16772,2026-07-06T05:29:09-04:00,2bbb486c7f3eb550747d42bf0cfc6a602ce16772,2026-07-06T05:29:09-04:00,1,42,0.00819672131147541,,,False,False,0,1,0.0,397.29,,0.002517027296374458,230706417.0,DaveSkender/Stock.Indicators,C#
tests/Library/Indicators/t-z/VolatilityStop/VolatilityStopSeriesTests.cs,0,callable,ok,StaticSeries.VolatilityStopSeriesTests.DefaultParameters_ReturnsExpectedResults,StaticSeries.VolatilityStopSeriesTests.DefaultParameters_ReturnsExpectedResults,2bbb486c7f3eb550747d42bf0cfc6a602ce16772,2026-07-06T05:29:09-04:00,2bbb486c7f3eb550747d42bf0cfc6a602ce16772,2026-07-06T05:29:09-04:00,1,42,0.017857142857142856,,,False,False,0,1,0.0,397.29,,0.002517027296374458,230706417.0,DaveSkender/Stock.Indicators,C#
tests/Library/Indicators/t-z/VolatilityStop/VolatilityStopSeriesTests.cs,1,callable,ok,StaticSeries.VolatilityStopSeriesTests.ChainingFromResults_WorksAsExpected,StaticSeries.VolatilityStopSeriesTests.ChainingFromResults_WorksAsExpected,2bbb486c7f3eb550747d42bf0cfc6a602ce16772,2026-07-06T05:29:09-04:00,2bbb486c7f3eb550747d42bf0cfc6a602ce16772,2026-07-06T05:29:09-04:00,1,42,0.1,,,False,False,0,1,0.0,397.29,,0.002517027296374458,230706417.0,DaveSkender/Stock.Indicators,C#
tests/Library/Indicators/t-z/VolatilityStop/VolatilityStopSeriesTests.cs,2,callable,ok,StaticSeries.VolatilityStopSeriesTests.BadBars_DoesNotFail,StaticSeries.VolatilityStopSeriesTests.BadBars_DoesNotFail,2bbb486c7f3eb550747d42bf0cfc6a602ce16772,2026-07-06T05:29:09-04:00,2bbb486c7f3eb550747d42bf0cfc6a602ce16772,2026-07-06T05:29:09-04:00,1,42,0.1111111111111111,,,False,False,0,1,0.0,397.29,,0.002517027296374458,230706417.0,DaveSkender/Stock.Indicators,C#
tests/Library/Indicators/t-z/VolatilityStop/VolatilityStopSeriesTests.cs,3,callable,ok,StaticSeries.VolatilityStopSeriesTests.NoBars_ReturnsEmpty,StaticSeries.VolatilityStopSeriesTests.NoBars_ReturnsEmpty,2bbb486c7f3eb550747d42bf0cfc6a602ce16772,2026-07-06T05:29:09-04:00,2bbb486c7f3eb550747d42bf0cfc6a602ce16772,2026-07-06T05:29:09-04:00,1,42,0.07692307692307693,,,False,False,0,1,0.0,397.29,,0.002517027296374458,230706417.0,DaveSkender/Stock.Indicators,C#
tests/Library/Indicators/t-z/VolatilityStop/VolatilityStopSeriesTests.cs,4,callable,ok,StaticSeries.VolatilityStopSeriesTests.Removed_WithWarmupPeriods_TruncatesResults,StaticSeries.VolatilityStopSeriesTests.Removed_WithWarmupPeriods_TruncatesResults,2bbb486c7f3eb550747d42bf0cfc6a602ce16772,2026-07-06T05:29:09-04:00,2bbb486c7f3eb550747d42bf0cfc6a602ce16772,2026-07-06T05:29:09-04:00,1,42,0.07142857142857142,,,False,False,0,1,0.0,397.29,,0.002517027296374458,230706417.0,DaveSkender/Stock.Indicators,C#
tests/Library/Indicators/t-z/VolatilityStop/VolatilityStopSeriesTests.cs,5,callable,ok,StaticSeries.VolatilityStopSeriesTests.Exceptions_InvalidParameters_ThrowsArgumentOutOfRangeException,StaticSeries.VolatilityStopSeriesTests.Exceptions_InvalidParameters_ThrowsArgumentOutOfRangeException,2bbb486c7f3eb550747d42bf0cfc6a602ce16772,2026-07-06T05:29:09-04:00,2bbb486c7f3eb550747d42bf0cfc6a602ce16772,2026-07-06T05:29:09-04:00,1,42,0.09090909090909091,,,False,False,0,1,0.0,397.29,,0.002517027296374458,230706417.0,DaveSkender/Stock.Indicators,C#
tests/Library/Indicators/t-z/Vortex/VortexSeriesTests.cs,0,class,ok,StaticSeries.VortexSeriesTests,StaticSeries.VortexSeriesTests,2bbb486c7f3eb550747d42bf0cfc6a602ce16772,2026-07-06T05:29:09-04:00,2bbb486c7f3eb550747d42bf0cfc6a602ce16772,2026-07-06T05:29:09-04:00,1,42,0.010101010101010102,,,False,False,0,1,0.0,397.29,,0.002517027296374458,230706417.0,DaveSkender/Stock.Indicators,C#
tests/Library/Indicators/t-z/Vortex/VortexSeriesTests.cs,0,callable,ok,StaticSeries.VortexSeriesTests.DefaultParameters_ReturnsExpectedResults,StaticSeries.VortexSeriesTests.DefaultParameters_ReturnsExpectedResults,2bbb486c7f3eb550747d42bf0cfc6a602ce16772,2026-07-06T05:29:09-04:00,2bbb486c7f3eb550747d42bf0cfc6a602ce16772,2026-07-06T05:29:09-04:00,1,42,0.03225806451612903,,,False,False,0,1,0.0,397.29,,0.002517027296374458,230706417.0,DaveSkender/Stock.Indicators,C#
tests/Library/Indicators/t-z/Vortex/VortexSeriesTests.cs,1,callable,ok,StaticSeries.VortexSeriesTests.BadBars_DoesNotFail,StaticSeries.VortexSeriesTests.BadBars_DoesNotFail,2bbb486c7f3eb550747d42bf0cfc6a602ce16772,2026-07-06T05:29:09-04:00,2bbb486c7f3eb550747d42bf0cfc6a602ce16772,2026-07-06T05:29:09-04:00,1,42,0.1111111111111111,,,False,False,0,1,0.0,397.29,,0.002517027296374458,230706417.0,DaveSkender/Stock.Indicators,C#
tests/Library/Indicators/t-z/Vortex/VortexSeriesTests.cs,2,callable,ok,StaticSeries.VortexSeriesTests.NoBars_ReturnsEmpty,StaticSeries.VortexSeriesTests.NoBars_ReturnsEmpty,2bbb486c7f3eb550747d42bf0cfc6a602ce16772,2026-07-06T05:29:09-04:00,2bbb486c7f3eb550747d42bf0cfc6a602ce16772,2026-07-06T05:29:09-04:00,1,42,0.07692307692307693,,,False,False,0,1,0.0,397.29,,0.002517027296374458,230706417.0,DaveSkender/Stock.Indicators,C#
tests/Library/Indicators/t-z/Vortex/VortexSeriesTests.cs,3,callable,ok,StaticSeries.VortexSeriesTests.Condense_RemovesNullResults_ReturnsCondensed,StaticSeries.VortexSeriesTests.Condense_RemovesNullResults_ReturnsCondensed,2bbb486c7f3eb550747d42bf0cfc6a602ce16772,2026-07-06T05:29:09-04:00,2bbb486c7f3eb550747d42bf0cfc6a602ce16772,2026-07-06T05:29:09-04:00,1,42,0.07142857142857142,,,False,False,0,1,0.0,397.29,,0.002517027296374458,230706417.0,DaveSkender/Stock.Indicators,C#
tests/Library/Indicators/t-z/Vortex/VortexSeriesTests.cs,4,callable,ok,StaticSeries.VortexSeriesTests.Removed_WithWarmupPeriods_TruncatesResults,StaticSeries.VortexSeriesTests.Removed_WithWarmupPeriods_TruncatesResults,2bbb486c7f3eb550747d42bf0cfc6a602ce16772,2026-07-06T05:29:09-04:00,2bbb486c7f3eb550747d42bf0cfc6a602ce16772,2026-07-06T05:29:09-04:00,1,42,0.07142857142857142,,,False,False,0,1,0.0,397.29,,0.002517027296374458,230706417.0,DaveSkender/Stock.Indicators,C#
tests/Library/Indicators/t-z/Vortex/VortexSeriesTests.cs,5,callable,ok,StaticSeries.VortexSeriesTests.Exceptions_InvalidLookback_ThrowsArgumentOutOfRangeException,StaticSeries.VortexSeriesTests.Exceptions_InvalidLookback_ThrowsArgumentOutOfRangeException,2bbb486c7f3eb550747d42bf0cfc6a602ce16772,2026-07-06T05:29:09-04:00,2bbb486c7f3eb550747d42bf0cfc6a602ce16772,2026-07-06T05:29:09-04:00,1,42,0.16666666666666666,,,False,False,0,1,0.0,397.29,,0.002517027296374458,230706417.0,DaveSkender/Stock.Indicators,C#
tests/Library/Indicators/t-z/Vwap/VwapHubTests.cs,0,class,ok,StreamHubs.VwapHubTests,StreamHubs.VwapHubTests,2bbb486c7f3eb550747d42bf0cfc6a602ce16772,2026-07-06T05:29:09-04:00,2bbb486c7f3eb550747d42bf0cfc6a602ce16772,2026-07-06T05:29:09-04:00,1,42,0.004784688995215311,,,False,False,0,1,0.0,397.29,,0.002517027296374458,230706417.0,DaveSkender/Stock.Indicators,C#
tests/Library/Indicators/t-z/Vwap/VwapHubTests.cs,0,callable,ok,StreamHubs.VwapHubTests.BarObserver_WithWarmupLateArrivalAndRemoval_MatchesSeriesExactly,StreamHubs.VwapHubTests.BarObserver_WithWarmupLateArrivalAndRemoval_MatchesSeriesExactly,2bbb486c7f3eb550747d42bf0cfc6a602ce16772,2026-07-06T05:29:09-04:00,2bbb486c7f3eb550747d42bf0cfc6a602ce16772,2026-07-06T05:29:09-04:00,1,42,0.022222222222222223,,,False,False,0,1,0.0,397.29,,0.002517027296374458,230706417.0,DaveSkender/Stock.Indicators,C#
tests/Library/Indicators/t-z/Vwap/VwapHubTests.cs,1,callable,ok,StreamHubs.VwapHubTests.WithCachePruning_MatchesSeriesExactly,StreamHubs.VwapHubTests.WithCachePruning_MatchesSeriesExactly,2bbb486c7f3eb550747d42bf0cfc6a602ce16772,2026-07-06T05:29:09-04:00,2bbb486c7f3eb550747d42bf0cfc6a602ce16772,2026-07-06T05:29:09-04:00,1,42,0.03333333333333333,,,False,False,0,1,0.0,397.29,,0.002517027296374458,230706417.0,DaveSkender/Stock.Indicators,C#
tests/Library/Indicators/t-z/Vwap/VwapHubTests.cs,2,callable,ok,StreamHubs.VwapHubTests.BarObserver_WithWarmupLateArrivalAndRemoval_MatchesSeriesExactlyWithStartDate,StreamHubs.VwapHubTests.BarObserver_WithWarmupLateArrivalAndRemoval_MatchesSeriesExactlyWithStartDate,2bbb486c7f3eb550747d42bf0cfc6a602ce16772,2026-07-06T05:29:09-04:00,2bbb486c7f3eb550747d42bf0cfc6a602ce16772,2026-07-06T05:29:09-04:00,1,42,0.017543859649122806,,,False,False,0,1,0.0,397.29,,0.002517027296374458,230706417.0,DaveSkender/Stock.Indicators,C#
tests/Library/Indicators/t-z/Vwap/VwapHubTests.cs,3,callable,ok,StreamHubs.VwapHubTests.ChainProvider_MatchesSeriesExactly,StreamHubs.VwapHubTests.ChainProvider_MatchesSeriesExactly,2bbb486c7f3eb550747d42bf0cfc6a602ce16772,2026-07-06T05:29:09-04:00,2bbb486c7f3eb550747d42bf0cfc6a602ce16772,2026-07-06T05:29:09-04:00,1,42,0.022727272727272728,,,False,False,0,1,0.0,397.29,,0.002517027296374458,230706417.0,DaveSkender/Stock.Indicators,C#
tests/Library/Indicators/t-z/Vwap/VwapHubTests.cs,4,callable,ok,StreamHubs.VwapHubTests.ToStringOverride_ReturnsExpectedName,StreamHubs.VwapHubTests.ToStringOverride_ReturnsExpectedName,2bbb486c7f3eb550747d42bf0cfc6a602ce16772,2026-07-06T05:29:09-04:00,2bbb486c7f3eb550747d42bf0cfc6a602ce16772,2026-07-06T05:29:09-04:00,1,42,0.07142857142857142,,,False,False,0,1,0.0,397.29,,0.002517027296374458,230706417.0,DaveSkender/Stock.Indicators,C#
tests/Library/Indicators/t-z/Vwap/VwapHubTests.cs,5,callable,ok,StreamHubs.VwapHubTests.CustomToStringWithStartDate_OnInstantiation_FormatsCorrectly,StreamHubs.VwapHubTests.CustomToStringWithStartDate_OnInstantiation_FormatsCorrectly,2bbb486c7f3eb550747d42bf0cfc6a602ce16772,2026-07-06T05:29:09-04:00,2bbb486c7f3eb550747d42bf0cfc6a602ce16772,2026-07-06T05:29:09-04:00,1,42,0.1,,,False,False,0,1,0.0,397.29,,0.002517027296374458,230706417.0,DaveSkender/Stock.Indicators,C#
tests/Library/TestBase/BufferListTestBase.cs,0,class,ok,Test.Base.BufferListTestBase,Test.Base.BufferListTestBase,2bbb486c7f3eb550747d42bf0cfc6a602ce16772,2026-07-06T05:29:09-04:00,2bbb486c7f3eb550747d42bf0cfc6a602ce16772,2026-07-06T05:29:09-04:00,1,42,0.06666666666666667,,,False,False,0,1,0.0,397.29,,0.002517027296374458,230706417.0,DaveSkender/Stock.Indicators,C#
tests/Library/TestBase/BufferListTestBase.cs,0,callable,ok,Test.Base.BufferListTestBase.PruneList_OverMaxListSize_AutoAdjustsListAndBuffers,Test.Base.BufferListTestBase.PruneList_OverMaxListSize_AutoAdjustsListAndBuffers,2bbb486c7f3eb550747d42bf0cfc6a602ce16772,2026-07-06T05:29:09-04:00,2bbb486c7f3eb550747d42bf0cfc6a602ce16772,2026-07-06T05:29:09-04:00,1,42,1.0,,,False,False,0,1,0.0,397.29,,0.002517027296374458,230706417.0,DaveSkender/Stock.Indicators,C#
tests/Library/TestBase/BufferListTestBase.cs,1,callable,ok,Test.Base.BufferListTestBase.Clear_WithState_ResetsState,Test.Base.BufferListTestBase.Clear_WithState_ResetsState,2bbb486c7f3eb550747d42bf0cfc6a602ce16772,2026-07-06T05:29:09-04:00,2bbb486c7f3eb550747d42bf0cfc6a602ce16772,2026-07-06T05:29:09-04:00,1,42,1.0,,,False,False,0,1,0.0,397.29,,0.002517027296374458,230706417.0,DaveSkender/Stock.Indicators,C#
tests/PublicApi/Customizable/Sut.CustomItems.cs,0,class,ok,Sut.CustomSeries,Sut.CustomSeries,2bbb486c7f3eb550747d42bf0cfc6a602ce16772,2026-07-06T05:29:09-04:00,2bbb486c7f3eb550747d42bf0cfc6a602ce16772,2026-07-06T05:29:09-04:00,1,42,0.14285714285714285,,,False,False,0,1,0.0,397.29,,0.002517027296374458,230706417.0,DaveSkender/Stock.Indicators,C#
tests/PublicApi/Customizable/Sut.CustomItems.cs,1,class,ok,Sut.CustomIndicator,Sut.CustomIndicator,2bbb486c7f3eb550747d42bf0cfc6a602ce16772,2026-07-06T05:29:09-04:00,2bbb486c7f3eb550747d42bf0cfc6a602ce16772,2026-07-06T05:29:09-04:00,1,42,0.01694915254237288,,,False,False,0,1,0.0,397.29,,0.002517027296374458,230706417.0,DaveSkender/Stock.Indicators,C#
tests/PublicApi/Customizable/Sut.CustomItems.cs,0,callable,ok,Sut.CustomIndicator.GetIndicator,Sut.CustomIndicator.GetIndicator,2bbb486c7f3eb550747d42bf0cfc6a602ce16772,2026-07-06T05:29:09-04:00,2bbb486c7f3eb550747d42bf0cfc6a602ce16772,2026-07-06T05:29:09-04:00,1,42,0.14285714285714285,,,False,False,0,1,0.0,397.29,,0.002517027296374458,230706417.0,DaveSkender/Stock.Indicators,C#
tests/PublicApi/Customizable/Sut.CustomItems.cs,1,callable,ok,Sut.CustomIndicator.CalcIndicator,Sut.CustomIndicator.CalcIndicator,2bbb486c7f3eb550747d42bf0cfc6a602ce16772,2026-07-06T05:29:09-04:00,2bbb486c7f3eb550747d42bf0cfc6a602ce16772,2026-07-06T05:29:09-04:00,1,42,0.02127659574468085,,,False,False,0,1,0.0,397.29,,0.002517027296374458,230706417.0,DaveSkender/Stock.Indicators,C#
tests/PublicApi/StreamHub.MinCacheSize.Tests.cs,0,class,ok,Behavioral.MinCacheSizeTests,Behavioral.MinCacheSizeTests,2bbb486c7f3eb550747d42bf0cfc6a602ce16772,2026-07-06T05:29:09-04:00,2bbb486c7f3eb550747d42bf0cfc6a602ce16772,2026-07-06T05:29:09-04:00,1,42,0.004784688995215311,,,False,False,0,1,0.0,397.29,,0.002517027296374458,230706417.0,DaveSkender/Stock.Indicators,C#
tests/PublicApi/StreamHub.MinCacheSize.Tests.cs,0,callable,ok,Behavioral.MinCacheSizeTests.MinCacheSize_InitializedToZero,Behavioral.MinCacheSizeTests.MinCacheSize_InitializedToZero,2bbb486c7f3eb550747d42bf0cfc6a602ce16772,2026-07-06T05:29:09-04:00,2bbb486c7f3eb550747d42bf0cfc6a602ce16772,2026-07-06T05:29:09-04:00,1,42,0.1111111111111111,,,False,False,0,1,0.0,397.29,,0.002517027296374458,230706417.0,DaveSkender/Stock.Indicators,C#
tests/PublicApi/StreamHub.MinCacheSize.Tests.cs,1,callable,ok,Behavioral.MinCacheSizeTests.MinCacheSize_PropagatesFromSubscriber,Behavioral.MinCacheSizeTests.MinCacheSize_PropagatesFromSubscriber,2bbb486c7f3eb550747d42bf0cfc6a602ce16772,2026-07-06T05:29:09-04:00,2bbb486c7f3eb550747d42bf0cfc6a602ce16772,2026-07-06T05:29:09-04:00,1,42,0.07142857142857142,,,False,False,0,1,0.0,397.29,,0.002517027296374458,230706417.0,DaveSkender/Stock.Indicators,C#
tests/PublicApi/StreamHub.MinCacheSize.Tests.cs,2,callable,ok,Behavioral.MinCacheSizeTests.MinCacheSize_TracksMaximumFromMultipleSubscribers,Behavioral.MinCacheSizeTests.MinCacheSize_TracksMaximumFromMultipleSubscribers,2bbb486c7f3eb550747d42bf0cfc6a602ce16772,2026-07-06T05:29:09-04:00,2bbb486c7f3eb550747d42bf0cfc6a602ce16772,2026-07-06T05:29:09-04:00,1,42,0.06666666666666667,,,False,False,0,1,0.0,397.29,,0.002517027296374458,230706417.0,DaveSkender/Stock.Indicators,C#
tests/PublicApi/StreamHub.MinCacheSize.Tests.cs,3,callable,ok,Behavioral.MinCacheSizeTests.MinCacheSize_ReEvaluatedOnUnsubscribe,Behavioral.MinCacheSizeTests.MinCacheSize_ReEvaluatedOnUnsubscribe,2bbb486c7f3eb550747d42bf0cfc6a602ce16772,2026-07-06T05:29:09-04:00,2bbb486c7f3eb550747d42bf0cfc6a602ce16772,2026-07-06T05:29:09-04:00,1,42,0.0625,,,False,False,0,1,0.0,397.29,,0.002517027296374458,230706417.0,DaveSkender/Stock.Indicators,C#
tests/PublicApi/StreamHub.MinCacheSize.Tests.cs,4,callable,ok,Behavioral.MinCacheSizeTests.MinCacheSize_ReducedToZeroWhenAllUnsubscribed,Behavioral.MinCacheSizeTests.MinCacheSize_ReducedToZeroWhenAllUnsubscribed,2bbb486c7f3eb550747d42bf0cfc6a602ce16772,2026-07-06T05:29:09-04:00,2bbb486c7f3eb550747d42bf0cfc6a602ce16772,2026-07-06T05:29:09-04:00,1,42,0.07142857142857142,,,False,False,0,1,0.0,397.29,,0.002517027296374458,230706417.0,DaveSkender/Stock.Indicators,C#
tests/PublicApi/StreamHub.MinCacheSize.Tests.cs,5,callable,ok,Behavioral.MinCacheSizeTests.RejectInsertionsBeforeCacheTimeline,Behavioral.MinCacheSizeTests.RejectInsertionsBeforeCacheTimeline,2bbb486c7f3eb550747d42bf0cfc6a602ce16772,2026-07-06T05:29:09-04:00,2bbb486c7f3eb550747d42bf0cfc6a602ce16772,2026-07-06T05:29:09-04:00,1,42,0.041666666666666664,,,False,False,0,1,0.0,397.29,,0.002517027296374458,230706417.0,DaveSkender/Stock.Indicators,C#
tests/PublicApi/StreamHub.MinCacheSize.Tests.cs,6,callable,ok,Behavioral.MinCacheSizeTests.ApplyRevisionsBeforeMinCacheSize,Behavioral.MinCacheSizeTests.ApplyRevisionsBeforeMinCacheSize,2bbb486c7f3eb550747d42bf0cfc6a602ce16772,2026-07-06T05:29:09-04:00,2bbb486c7f3eb550747d42bf0cfc6a602ce16772,2026-07-06T05:29:09-04:00,1,42,0.023809523809523808,,,False,False,0,1,0.0,397.29,,0.002517027296374458,230706417.0,DaveSkender/Stock.Indicators,C#
tests/PublicApi/StreamHub.MinCacheSize.Tests.cs,7,callable,ok,Behavioral.MinCacheSizeTests.AllowInsertionsAfterMinCacheSize,Behavioral.MinCacheSizeTests.AllowInsertionsAfterMinCacheSize,2bbb486c7f3eb550747d42bf0cfc6a602ce16772,2026-07-06T05:29:09-04:00,2bbb486c7f3eb550747d42bf0cfc6a602ce16772,2026-07-06T05:29:09-04:00,1,42,0.023809523809523808,,,False,False,0,1,0.0,397.29,,0.002517027296374458,230706417.0,DaveSkender/Stock.Indicators,C#
tests/PublicApi/StreamHub.MinCacheSize.Tests.cs,8,callable,ok,Behavioral.MinCacheSizeTests.MinCacheSize_ChainedIndicatorsPropagate,Behavioral.MinCacheSizeTests.MinCacheSize_ChainedIndicatorsPropagate,2bbb486c7f3eb550747d42bf0cfc6a602ce16772,2026-07-06T05:29:09-04:00,2bbb486c7f3eb550747d42bf0cfc6a602ce16772,2026-07-06T05:29:09-04:00,1,42,0.047619047619047616,,,False,False,0,1,0.0,397.29,,0.002517027296374458,230706417.0,DaveSkender/Stock.Indicators,C#
tools/performance/Perf.Buffer.cs,0,class,ok,Performance.BufferIndicators,Performance.BufferIndicators,896ae089f8cbe1b14c65b677e5662764172179ab,2026-06-22T01:31:14-04:00,896ae089f8cbe1b14c65b677e5662764172179ab,2026-06-22T01:31:14-04:00,1,56,0.011363636363636364,,,False,False,0,1,0.0,383.13,,0.002610088014342917,230706417.0,DaveSkender/Stock.Indicators,C#
tools/performance/Perf.Buffer.cs,0,callable,ok,Performance.BufferIndicators.AdlList,Performance.BufferIndicators.AdlList,896ae089f8cbe1b14c65b677e5662764172179ab,2026-06-22T01:31:14-04:00,896ae089f8cbe1b14c65b677e5662764172179ab,2026-06-22T01:31:14-04:00,1,56,1.0,,,False,False,0,1,0.0,383.13,,0.002610088014342917,230706417.0,DaveSkender/Stock.Indicators,C#
tools/performance/Perf.Buffer.cs,1,callable,ok,Performance.BufferIndicators.AdxList,Performance.BufferIndicators.AdxList,896ae089f8cbe1b14c65b677e5662764172179ab,2026-06-22T01:31:14-04:00,896ae089f8cbe1b14c65b677e5662764172179ab,2026-06-22T01:31:14-04:00,1,56,1.0,,,False,False,0,1,0.0,383.13,,0.002610088014342917,230706417.0,DaveSkender/Stock.Indicators,C#
tools/performance/Perf.Buffer.cs,2,callable,ok,Performance.BufferIndicators.AlligatorList,Performance.BufferIndicators.AlligatorList,896ae089f8cbe1b14c65b677e5662764172179ab,2026-06-22T01:31:14-04:00,896ae089f8cbe1b14c65b677e5662764172179ab,2026-06-22T01:31:14-04:00,1,56,1.0,,,False,False,0,1,0.0,383.13,,0.002610088014342917,230706417.0,DaveSkender/Stock.Indicators,C#
tools/performance/Perf.Buffer.cs,3,callable,ok,Performance.BufferIndicators.AlmaList,Performance.BufferIndicators.AlmaList,896ae089f8cbe1b14c65b677e5662764172179ab,2026-06-22T01:31:14-04:00,896ae089f8cbe1b14c65b677e5662764172179ab,2026-06-22T01:31:14-04:00,1,56,1.0,,,False,False,0,1,0.0,383.13,,0.002610088014342917,230706417.0,DaveSkender/Stock.Indicators,C#
tools/performance/Perf.Buffer.cs,4,callable,ok,Performance.BufferIndicators.AroonList,Performance.BufferIndicators.AroonList,896ae089f8cbe1b14c65b677e5662764172179ab,2026-06-22T01:31:14-04:00,896ae089f8cbe1b14c65b677e5662764172179ab,2026-06-22T01:31:14-04:00,1,56,1.0,,,False,False,0,1,0.0,383.13,,0.002610088014342917,230706417.0,DaveSkender/Stock.Indicators,C#
tools/performance/Perf.Buffer.cs,5,callable,ok,Performance.BufferIndicators.AtrList,Performance.BufferIndicators.AtrList,896ae089f8cbe1b14c65b677e5662764172179ab,2026-06-22T01:31:14-04:00,896ae089f8cbe1b14c65b677e5662764172179ab,2026-06-22T01:31:14-04:00,1,56,1.0,,,False,False,0,1,0.0,383.13,,0.002610088014342917,230706417.0,DaveSkender/Stock.Indicators,C#
tools/performance/Perf.Buffer.cs,6,callable,ok,Performance.BufferIndicators.AtrStopList,Performance.BufferIndicators.AtrStopList,896ae089f8cbe1b14c65b677e5662764172179ab,2026-06-22T01:31:14-04:00,896ae089f8cbe1b14c65b677e5662764172179ab,2026-06-22T01:31:14-04:00,1,56,1.0,,,False,False,0,1,0.0,383.13,,0.002610088014342917,230706417.0,DaveSkender/Stock.Indicators,C#
tools/performance/Perf.Buffer.cs,7,callable,ok,Performance.BufferIndicators.AwesomeList,Performance.BufferIndicators.AwesomeList,896ae089f8cbe1b14c65b677e5662764172179ab,2026-06-22T01:31:14-04:00,896ae089f8cbe1b14c65b677e5662764172179ab,2026-06-22T01:31:14-04:00,1,56,1.0,,,False,False,0,1,0.0,383.13,,0.002610088014342917,230706417.0,DaveSkender/Stock.Indicators,C#
tools/performance/Perf.Buffer.cs,8,callable,ok,Performance.BufferIndicators.BollingerBandsList,Performance.BufferIndicators.BollingerBandsList,896ae089f8cbe1b14c65b677e5662764172179ab,2026-06-22T01:31:14-04:00,896ae089f8cbe1b14c65b677e5662764172179ab,2026-06-22T01:31:14-04:00,1,56,1.0,,,False,False,0,1,0.0,383.13,,0.002610088014342917,230706417.0,DaveSkender/Stock.Indicators,C#
tools/performance/Perf.Buffer.cs,9,callable,ok,Performance.BufferIndicators.BopList,Performance.BufferIndicators.BopList,896ae089f8cbe1b14c65b677e5662764172179ab,2026-06-22T01:31:14-04:00,896ae089f8cbe1b14c65b677e5662764172179ab,2026-06-22T01:31:14-04:00,1,56,1.0,,,False,False,0,1,0.0,383.13,,0.002610088014342917,230706417.0,DaveSkender/Stock.Indicators,C#
tools/performance/Perf.Buffer.cs,10,callable,ok,Performance.BufferIndicators.CciList,Performance.BufferIndicators.CciList,896ae089f8cbe1b14c65b677e5662764172179ab,2026-06-22T01:31:14-04:00,896ae089f8cbe1b14c65b677e5662764172179ab,2026-06-22T01:31:14-04:00,1,56,1.0,,,False,False,0,1,0.0,383.13,,0.002610088014342917,230706417.0,DaveSkender/Stock.Indicators,C#
tools/performance/Perf.Buffer.cs,11,callable,ok,Performance.BufferIndicators.ChaikinOscList,Performance.BufferIndicators.ChaikinOscList,896ae089f8cbe1b14c65b677e5662764172179ab,2026-06-22T01:31:14-04:00,896ae089f8cbe1b14c65b677e5662764172179ab,2026-06-22T01:31:14-04:00,1,56,1.0,,,False,False,0,1,0.0,383.13,,0.002610088014342917,230706417.0,DaveSkender/Stock.Indicators,C#
tools/performance/Perf.Buffer.cs,12,callable,ok,Performance.BufferIndicators.ChandelierList,Performance.BufferIndicators.ChandelierList,896ae089f8cbe1b14c65b677e5662764172179ab,2026-06-22T01:31:14-04:00,896ae089f8cbe1b14c65b677e5662764172179ab,2026-06-22T01:31:14-04:00,1,56,1.0,,,False,False,0,1,0.0,383.13,,0.002610088014342917,230706417.0,DaveSkender/Stock.Indicators,C#
tools/performance/Perf.Buffer.cs,13,callable,ok,Performance.BufferIndicators.ChopList,Performance.BufferIndicators.ChopList,896ae089f8cbe1b14c65b677e5662764172179ab,2026-06-22T01:31:14-04:00,896ae089f8cbe1b14c65b677e5662764172179ab,2026-06-22T01:31:14-04:00,1,56,1.0,,,False,False,0,1,0.0,383.13,,0.002610088014342917,230706417.0,DaveSkender/Stock.Indicators,C#
tools/performance/Perf.Buffer.cs,14,callable,ok,Performance.BufferIndicators.CmfList,Performance.BufferIndicators.CmfList,896ae089f8cbe1b14c65b677e5662764172179ab,2026-06-22T01:31:14-04:00,896ae089f8cbe1b14c65b677e5662764172179ab,2026-06-22T01:31:14-04:00,1,56,1.0,,,False,False,0,1,0.0,383.13,,0.002610088014342917,230706417.0,DaveSkender/Stock.Indicators,C#
tools/performance/Perf.Buffer.cs,15,callable,ok,Performance.BufferIndicators.CmoList,Performance.BufferIndicators.CmoList,896ae089f8cbe1b14c65b677e5662764172179ab,2026-06-22T01:31:14-04:00,896ae089f8cbe1b14c65b677e5662764172179ab,2026-06-22T01:31:14-04:00,1,56,1.0,,,False,False,0,1,0.0,383.13,,0.002610088014342917,230706417.0,DaveSkender/Stock.Indicators,C#
tools/performance/Perf.Buffer.cs,16,callable,ok,Performance.BufferIndicators.ConnorsRsiList,Performance.BufferIndicators.ConnorsRsiList,896ae089f8cbe1b14c65b677e5662764172179ab,2026-06-22T01:31:14-04:00,896ae089f8cbe1b14c65b677e5662764172179ab,2026-06-22T01:31:14-04:00,1,56,1.0,,,False,False,0,1,0.0,383.13,,0.002610088014342917,230706417.0,DaveSkender/Stock.Indicators,C#
tools/performance/Perf.Buffer.cs,17,callable,ok,Performance.BufferIndicators.DemaList,Performance.BufferIndicators.DemaList,896ae089f8cbe1b14c65b677e5662764172179ab,2026-06-22T01:31:14-04:00,896ae089f8cbe1b14c65b677e5662764172179ab,2026-06-22T01:31:14-04:00,1,56,1.0,,,False,False,0,1,0.0,383.13,,0.002610088014342917,230706417.0,DaveSkender/Stock.Indicators,C#
tools/performance/Perf.Buffer.cs,18,callable,ok,Performance.BufferIndicators.DojiList,Performance.BufferIndicators.DojiList,896ae089f8cbe1b14c65b677e5662764172179ab,2026-06-22T01:31:14-04:00,896ae089f8cbe1b14c65b677e5662764172179ab,2026-06-22T01:31:14-04:00,1,56,1.0,,,False,False,0,1,0.0,383.13,,0.002610088014342917,230706417.0,DaveSkender/Stock.Indicators,C#
tools/performance/Perf.Buffer.cs,19,callable,ok,Performance.BufferIndicators.DonchianList,Performance.BufferIndicators.DonchianList,896ae089f8cbe1b14c65b677e5662764172179ab,2026-06-22T01:31:14-04:00,896ae089f8cbe1b14c65b677e5662764172179ab,2026-06-22T01:31:14-04:00,1,56,1.0,,,False,False,0,1,0.0,383.13,,0.002610088014342917,230706417.0,DaveSkender/Stock.Indicators,C#
tools/performance/Perf.Buffer.cs,20,callable,ok,Performance.BufferIndicators.DpoList,Performance.BufferIndicators.DpoList,896ae089f8cbe1b14c65b677e5662764172179ab,2026-06-22T01:31:14-04:00,896ae089f8cbe1b14c65b677e5662764172179ab,2026-06-22T01:31:14-04:00,1,56,1.0,,,False,False,0,1,0.0,383.13,,0.002610088014342917,230706417.0,DaveSkender/Stock.Indicators,C#
tools/performance/Perf.Buffer.cs,21,callable,ok,Performance.BufferIndicators.DynamicList,Performance.BufferIndicators.DynamicList,896ae089f8cbe1b14c65b677e5662764172179ab,2026-06-22T01:31:14-04:00,896ae089f8cbe1b14c65b677e5662764172179ab,2026-06-22T01:31:14-04:00,1,56,1.0,,,False,False,0,1,0.0,383.13,,0.002610088014342917,230706417.0,DaveSkender/Stock.Indicators,C#
tools/performance/Perf.Buffer.cs,22,callable,ok,Performance.BufferIndicators.ElderRayList,Performance.BufferIndicators.ElderRayList,896ae089f8cbe1b14c65b677e5662764172179ab,2026-06-22T01:31:14-04:00,896ae089f8cbe1b14c65b677e5662764172179ab,2026-06-22T01:31:14-04:00,1,56,1.0,,,False,False,0,1,0.0,383.13,,0.002610088014342917,230706417.0,DaveSkender/Stock.Indicators,C#
tools/performance/Perf.Buffer.cs,23,callable,ok,Performance.BufferIndicators.EmaList,Performance.BufferIndicators.EmaList,896ae089f8cbe1b14c65b677e5662764172179ab,2026-06-22T01:31:14-04:00,896ae089f8cbe1b14c65b677e5662764172179ab,2026-06-22T01:31:14-04:00,1,56,1.0,,,False,False,0,1,0.0,383.13,,0.002610088014342917,230706417.0,DaveSkender/Stock.Indicators,C#
tools/performance/Perf.Buffer.cs,24,callable,ok,Performance.BufferIndicators.EpmaList,Performance.BufferIndicators.EpmaList,896ae089f8cbe1b14c65b677e5662764172179ab,2026-06-22T01:31:14-04:00,896ae089f8cbe1b14c65b677e5662764172179ab,2026-06-22T01:31:14-04:00,1,56,1.0,,,False,False,0,1,0.0,383.13,,0.002610088014342917,230706417.0,DaveSkender/Stock.Indicators,C#
tools/performance/Perf.Buffer.cs,25,callable,ok,Performance.BufferIndicators.FcbList,Performance.BufferIndicators.FcbList,896ae089f8cbe1b14c65b677e5662764172179ab,2026-06-22T01:31:14-04:00,896ae089f8cbe1b14c65b677e5662764172179ab,2026-06-22T01:31:14-04:00,1,56,1.0,,,False,False,0,1,0.0,383.13,,0.002610088014342917,230706417.0,DaveSkender/Stock.Indicators,C#
tools/performance/Perf.Buffer.cs,26,callable,ok,Performance.BufferIndicators.FisherTransformList,Performance.BufferIndicators.FisherTransformList,896ae089f8cbe1b14c65b677e5662764172179ab,2026-06-22T01:31:14-04:00,896ae089f8cbe1b14c65b677e5662764172179ab,2026-06-22T01:31:14-04:00,1,56,1.0,,,False,False,0,1,0.0,383.13,,0.002610088014342917,230706417.0,DaveSkender/Stock.Indicators,C#
tools/performance/Perf.Buffer.cs,27,callable,ok,Performance.BufferIndicators.ForceIndexList,Performance.BufferIndicators.ForceIndexList,896ae089f8cbe1b14c65b677e5662764172179ab,2026-06-22T01:31:14-04:00,896ae089f8cbe1b14c65b677e5662764172179ab,2026-06-22T01:31:14-04:00,1,56,1.0,,,False,False,0,1,0.0,383.13,,0.002610088014342917,230706417.0,DaveSkender/Stock.Indicators,C#
tools/performance/Perf.Buffer.cs,28,callable,ok,Performance.BufferIndicators.FractalList,Performance.BufferIndicators.FractalList,896ae089f8cbe1b14c65b677e5662764172179ab,2026-06-22T01:31:14-04:00,896ae089f8cbe1b14c65b677e5662764172179ab,2026-06-22T01:31:14-04:00,1,56,1.0,,,False,False,0,1,0.0,383.13,,0.002610088014342917,230706417.0,DaveSkender/Stock.Indicators,C#
tools/performance/Perf.Buffer.cs,29,callable,ok,Performance.BufferIndicators.GatorList,Performance.BufferIndicators.GatorList,896ae089f8cbe1b14c65b677e5662764172179ab,2026-06-22T01:31:14-04:00,896ae089f8cbe1b14c65b677e5662764172179ab,2026-06-22T01:31:14-04:00,1,56,1.0,,,False,False,0,1,0.0,383.13,,0.002610088014342917,230706417.0,DaveSkender/Stock.Indicators,C#
tools/performance/Perf.Buffer.cs,30,callable,ok,Performance.BufferIndicators.HeikinAshiList,Performance.BufferIndicators.HeikinAshiList,896ae089f8cbe1b14c65b677e5662764172179ab,2026-06-22T01:31:14-04:00,896ae089f8cbe1b14c65b677e5662764172179ab,2026-06-22T01:31:14-04:00,1,56,1.0,,,False,False,0,1,0.0,383.13,,0.002610088014342917,230706417.0,DaveSkender/Stock.Indicators,C#
tools/performance/Perf.Buffer.cs,31,callable,ok,Performance.BufferIndicators.HmaList,Performance.BufferIndicators.HmaList,896ae089f8cbe1b14c65b677e5662764172179ab,2026-06-22T01:31:14-04:00,896ae089f8cbe1b14c65b677e5662764172179ab,2026-06-22T01:31:14-04:00,1,56,1.0,,,False,False,0,1,0.0,383.13,,0.002610088014342917,230706417.0,DaveSkender/Stock.Indicators,C#
tools/performance/Perf.Buffer.cs,32,callable,ok,Performance.BufferIndicators.HtTrendlineList,Performance.BufferIndicators.HtTrendlineList,896ae089f8cbe1b14c65b677e5662764172179ab,2026-06-22T01:31:14-04:00,896ae089f8cbe1b14c65b677e5662764172179ab,2026-06-22T01:31:14-04:00,1,56,1.0,,,False,False,0,1,0.0,383.13,,0.002610088014342917,230706417.0,DaveSkender/Stock.Indicators,C#
tools/performance/Perf.Buffer.cs,33,callable,ok,Performance.BufferIndicators.HurstList,Performance.BufferIndicators.HurstList,896ae089f8cbe1b14c65b677e5662764172179ab,2026-06-22T01:31:14-04:00,896ae089f8cbe1b14c65b677e5662764172179ab,2026-06-22T01:31:14-04:00,1,56,1.0,,,False,False,0,1,0.0,383.13,,0.002610088014342917,230706417.0,DaveSkender/Stock.Indicators,C#
tools/performance/Perf.Buffer.cs,34,callable,ok,Performance.BufferIndicators.IchimokuList,Performance.BufferIndicators.IchimokuList,896ae089f8cbe1b14c65b677e5662764172179ab,2026-06-22T01:31:14-04:00,896ae089f8cbe1b14c65b677e5662764172179ab,2026-06-22T01:31:14-04:00,1,56,1.0,,,False,False,0,1,0.0,383.13,,0.002610088014342917,230706417.0,DaveSkender/Stock.Indicators,C#
tools/performance/Perf.Buffer.cs,35,callable,ok,Performance.BufferIndicators.KamaList,Performance.BufferIndicators.KamaList,896ae089f8cbe1b14c65b677e5662764172179ab,2026-06-22T01:31:14-04:00,896ae089f8cbe1b14c65b677e5662764172179ab,2026-06-22T01:31:14-04:00,1,56,1.0,,,False,False,0,1,0.0,383.13,,0.002610088014342917,230706417.0,DaveSkender/Stock.Indicators,C#
tools/performance/Perf.Buffer.cs,36,callable,ok,Performance.BufferIndicators.KeltnerList,Performance.BufferIndicators.KeltnerList,896ae089f8cbe1b14c65b677e5662764172179ab,2026-06-22T01:31:14-04:00,896ae089f8cbe1b14c65b677e5662764172179ab,2026-06-22T01:31:14-04:00,1,56,1.0,,,False,False,0,1,0.0,383.13,,0.002610088014342917,230706417.0,DaveSkender/Stock.Indicators,C#
tools/performance/Perf.Buffer.cs,37,callable,ok,Performance.BufferIndicators.KvoList,Performance.BufferIndicators.KvoList,896ae089f8cbe1b14c65b677e5662764172179ab,2026-06-22T01:31:14-04:00,896ae089f8cbe1b14c65b677e5662764172179ab,2026-06-22T01:31:14-04:00,1,56,1.0,,,False,False,0,1,0.0,383.13,,0.002610088014342917,230706417.0,DaveSkender/Stock.Indicators,C#
tools/performance/Perf.Buffer.cs,38,callable,ok,Performance.BufferIndicators.MacdList,Performance.BufferIndicators.MacdList,896ae089f8cbe1b14c65b677e5662764172179ab,2026-06-22T01:31:14-04:00,896ae089f8cbe1b14c65b677e5662764172179ab,2026-06-22T01:31:14-04:00,1,56,1.0,,,False,False,0,1,0.0,383.13,,0.002610088014342917,230706417.0,DaveSkender/Stock.Indicators,C#
tools/performance/Perf.Buffer.cs,39,callable,ok,Performance.BufferIndicators.MaEnvelopesList,Performance.BufferIndicators.MaEnvelopesList,896ae089f8cbe1b14c65b677e5662764172179ab,2026-06-22T01:31:14-04:00,896ae089f8cbe1b14c65b677e5662764172179ab,2026-06-22T01:31:14-04:00,1,56,1.0,,,False,False,0,1,0.0,383.13,,0.002610088014342917,230706417.0,DaveSkender/Stock.Indicators,C#
tools/performance/Perf.Buffer.cs,40,callable,ok,Performance.BufferIndicators.MamaList,Performance.BufferIndicators.MamaList,896ae089f8cbe1b14c65b677e5662764172179ab,2026-06-22T01:31:14-04:00,896ae089f8cbe1b14c65b677e5662764172179ab,2026-06-22T01:31:14-04:00,1,56,1.0,,,False,False,0,1,0.0,383.13,,0.002610088014342917,230706417.0,DaveSkender/Stock.Indicators,C#
tools/performance/Perf.Buffer.cs,41,callable,ok,Performance.BufferIndicators.MarubozuList,Performance.BufferIndicators.MarubozuList,896ae089f8cbe1b14c65b677e5662764172179ab,2026-06-22T01:31:14-04:00,896ae089f8cbe1b14c65b677e5662764172179ab,2026-06-22T01:31:14-04:00,1,56,1.0,,,False,False,0,1,0.0,383.13,,0.002610088014342917,230706417.0,DaveSkender/Stock.Indicators,C#
tools/performance/Perf.Buffer.cs,42,callable,ok,Performance.BufferIndicators.MfiList,Performance.BufferIndicators.MfiList,896ae089f8cbe1b14c65b677e5662764172179ab,2026-06-22T01:31:14-04:00,896ae089f8cbe1b14c65b677e5662764172179ab,2026-06-22T01:31:14-04:00,1,56,1.0,,,False,False,0,1,0.0,383.13,,0.002610088014342917,230706417.0,DaveSkender/Stock.Indicators,C#
tools/performance/Perf.Buffer.cs,43,callable,ok,Performance.BufferIndicators.ObvList,Performance.BufferIndicators.ObvList,896ae089f8cbe1b14c65b677e5662764172179ab,2026-06-22T01:31:14-04:00,896ae089f8cbe1b14c65b677e5662764172179ab,2026-06-22T01:31:14-04:00,1,56,1.0,,,False,False,0,1,0.0,383.13,,0.002610088014342917,230706417.0,DaveSkender/Stock.Indicators,C#
tools/performance/Perf.Buffer.cs,44,callable,ok,Performance.BufferIndicators.ParabolicSarList,Performance.BufferIndicators.ParabolicSarList,896ae089f8cbe1b14c65b677e5662764172179ab,2026-06-22T01:31:14-04:00,896ae089f8cbe1b14c65b677e5662764172179ab,2026-06-22T01:31:14-04:00,1,56,1.0,,,False,False,0,1,0.0,383.13,,0.002610088014342917,230706417.0,DaveSkender/Stock.Indicators,C#
tools/performance/Perf.Buffer.cs,45,callable,ok,Performance.BufferIndicators.PivotPointsList,Performance.BufferIndicators.PivotPointsList,896ae089f8cbe1b14c65b677e5662764172179ab,2026-06-22T01:31:14-04:00,896ae089f8cbe1b14c65b677e5662764172179ab,2026-06-22T01:31:14-04:00,1,56,1.0,,,False,False,0,1,0.0,383.13,,0.002610088014342917,230706417.0,DaveSkender/Stock.Indicators,C#
tools/performance/Perf.Buffer.cs,46,callable,ok,Performance.BufferIndicators.PivotsList,Performance.BufferIndicators.PivotsList,896ae089f8cbe1b14c65b677e5662764172179ab,2026-06-22T01:31:14-04:00,896ae089f8cbe1b14c65b677e5662764172179ab,2026-06-22T01:31:14-04:00,1,56,1.0,,,False,False,0,1,0.0,383.13,,0.002610088014342917,230706417.0,DaveSkender/Stock.Indicators,C#
tools/performance/Perf.Buffer.cs,47,callable,ok,Performance.BufferIndicators.PmoList,Performance.BufferIndicators.PmoList,896ae089f8cbe1b14c65b677e5662764172179ab,2026-06-22T01:31:14-04:00,896ae089f8cbe1b14c65b677e5662764172179ab,2026-06-22T01:31:14-04:00,1,56,1.0,,,False,False,0,1,0.0,383.13,,0.002610088014342917,230706417.0,DaveSkender/Stock.Indicators,C#
tools/performance/Perf.Buffer.cs,48,callable,ok,Performance.BufferIndicators.BarPartList,Performance.BufferIndicators.BarPartList,896ae089f8cbe1b14c65b677e5662764172179ab,2026-06-22T01:31:14-04:00,896ae089f8cbe1b14c65b677e5662764172179ab,2026-06-22T01:31:14-04:00,1,56,1.0,,,False,False,0,1,0.0,383.13,,0.002610088014342917,230706417.0,DaveSkender/Stock.Indicators,C#
tools/performance/Perf.Buffer.cs,49,callable,ok,Performance.BufferIndicators.PvoList,Performance.BufferIndicators.PvoList,896ae089f8cbe1b14c65b677e5662764172179ab,2026-06-22T01:31:14-04:00,896ae089f8cbe1b14c65b677e5662764172179ab,2026-06-22T01:31:14-04:00,1,56,1.0,,,False,False,0,1,0.0,383.13,,0.002610088014342917,230706417.0,DaveSkender/Stock.Indicators,C#
tools/performance/Perf.Buffer.cs,50,callable,ok,Performance.BufferIndicators.RenkoList,Performance.BufferIndicators.RenkoList,896ae089f8cbe1b14c65b677e5662764172179ab,2026-06-22T01:31:14-04:00,896ae089f8cbe1b14c65b677e5662764172179ab,2026-06-22T01:31:14-04:00,1,56,1.0,,,False,False,0,1,0.0,383.13,,0.002610088014342917,230706417.0,DaveSkender/Stock.Indicators,C#
tools/performance/Perf.Buffer.cs,51,callable,ok,Performance.BufferIndicators.RocList,Performance.BufferIndicators.RocList,896ae089f8cbe1b14c65b677e5662764172179ab,2026-06-22T01:31:14-04:00,896ae089f8cbe1b14c65b677e5662764172179ab,2026-06-22T01:31:14-04:00,1,56,1.0,,,False,False,0,1,0.0,383.13,,0.002610088014342917,230706417.0,DaveSkender/Stock.Indicators,C#
tools/performance/Perf.Buffer.cs,52,callable,ok,Performance.BufferIndicators.RollingPivotsList,Performance.BufferIndicators.RollingPivotsList,896ae089f8cbe1b14c65b677e5662764172179ab,2026-06-22T01:31:14-04:00,896ae089f8cbe1b14c65b677e5662764172179ab,2026-06-22T01:31:14-04:00,1,56,1.0,,,False,False,0,1,0.0,383.13,,0.002610088014342917,230706417.0,DaveSkender/Stock.Indicators,C#
tools/performance/Perf.Buffer.cs,53,callable,ok,Performance.BufferIndicators.RocWbList,Performance.BufferIndicators.RocWbList,896ae089f8cbe1b14c65b677e5662764172179ab,2026-06-22T01:31:14-04:00,896ae089f8cbe1b14c65b677e5662764172179ab,2026-06-22T01:31:14-04:00,1,56,1.0,,,False,False,0,1,0.0,383.13,,0.002610088014342917,230706417.0,DaveSkender/Stock.Indicators,C#
tools/performance/Perf.Buffer.cs,54,callable,ok,Performance.BufferIndicators.RsiList,Performance.BufferIndicators.RsiList,896ae089f8cbe1b14c65b677e5662764172179ab,2026-06-22T01:31:14-04:00,896ae089f8cbe1b14c65b677e5662764172179ab,2026-06-22T01:31:14-04:00,1,56,1.0,,,False,False,0,1,0.0,383.13,,0.002610088014342917,230706417.0,DaveSkender/Stock.Indicators,C#
tools/performance/Perf.Buffer.cs,55,callable,ok,Performance.BufferIndicators.SlopeList,Performance.BufferIndicators.SlopeList,896ae089f8cbe1b14c65b677e5662764172179ab,2026-06-22T01:31:14-04:00,896ae089f8cbe1b14c65b677e5662764172179ab,2026-06-22T01:31:14-04:00,1,56,1.0,,,False,False,0,1,0.0,383.13,,0.002610088014342917,230706417.0,DaveSkender/Stock.Indicators,C#
tools/performance/Perf.Buffer.cs,56,callable,ok,Performance.BufferIndicators.SmaList,Performance.BufferIndicators.SmaList,896ae089f8cbe1b14c65b677e5662764172179ab,2026-06-22T01:31:14-04:00,896ae089f8cbe1b14c65b677e5662764172179ab,2026-06-22T01:31:14-04:00,1,56,1.0,,,False,False,0,1,0.0,383.13,,0.002610088014342917,230706417.0,DaveSkender/Stock.Indicators,C#
tools/performance/Perf.Buffer.cs,57,callable,ok,Performance.BufferIndicators.SmaAnalysisList,Performance.BufferIndicators.SmaAnalysisList,896ae089f8cbe1b14c65b677e5662764172179ab,2026-06-22T01:31:14-04:00,896ae089f8cbe1b14c65b677e5662764172179ab,2026-06-22T01:31:14-04:00,1,56,1.0,,,False,False,0,1,0.0,383.13,,0.002610088014342917,230706417.0,DaveSkender/Stock.Indicators,C#
tools/performance/Perf.Buffer.cs,58,callable,ok,Performance.BufferIndicators.SmiList,Performance.BufferIndicators.SmiList,896ae089f8cbe1b14c65b677e5662764172179ab,2026-06-22T01:31:14-04:00,896ae089f8cbe1b14c65b677e5662764172179ab,2026-06-22T01:31:14-04:00,1,56,1.0,,,False,False,0,1,0.0,383.13,,0.002610088014342917,230706417.0,DaveSkender/Stock.Indicators,C#
tools/performance/Perf.Buffer.cs,59,callable,ok,Performance.BufferIndicators.SmmaList,Performance.BufferIndicators.SmmaList,896ae089f8cbe1b14c65b677e5662764172179ab,2026-06-22T01:31:14-04:00,896ae089f8cbe1b14c65b677e5662764172179ab,2026-06-22T01:31:14-04:00,1,56,1.0,,,False,False,0,1,0.0,383.13,,0.002610088014342917,230706417.0,DaveSkender/Stock.Indicators,C#
tools/performance/Perf.Buffer.cs,60,callable,ok,Performance.BufferIndicators.StarcBandsList,Performance.BufferIndicators.StarcBandsList,896ae089f8cbe1b14c65b677e5662764172179ab,2026-06-22T01:31:14-04:00,896ae089f8cbe1b14c65b677e5662764172179ab,2026-06-22T01:31:14-04:00,1,56,1.0,,,False,False,0,1,0.0,383.13,,0.002610088014342917,230706417.0,DaveSkender/Stock.Indicators,C#
tools/performance/Perf.Buffer.cs,61,callable,ok,Performance.BufferIndicators.StcList,Performance.BufferIndicators.StcList,896ae089f8cbe1b14c65b677e5662764172179ab,2026-06-22T01:31:14-04:00,896ae089f8cbe1b14c65b677e5662764172179ab,2026-06-22T01:31:14-04:00,1,56,1.0,,,False,False,0,1,0.0,383.13,,0.002610088014342917,230706417.0,DaveSkender/Stock.Indicators,C#
tools/performance/Perf.Buffer.cs,62,callable,ok,Performance.BufferIndicators.StdDevList,Performance.BufferIndicators.StdDevList,896ae089f8cbe1b14c65b677e5662764172179ab,2026-06-22T01:31:14-04:00,896ae089f8cbe1b14c65b677e5662764172179ab,2026-06-22T01:31:14-04:00,1,56,1.0,,,False,False,0,1,0.0,383.13,,0.002610088014342917,230706417.0,DaveSkender/Stock.Indicators,C#
tools/performance/Perf.Buffer.cs,63,callable,ok,Performance.BufferIndicators.StochList,Performance.BufferIndicators.StochList,896ae089f8cbe1b14c65b677e5662764172179ab,2026-06-22T01:31:14-04:00,896ae089f8cbe1b14c65b677e5662764172179ab,2026-06-22T01:31:14-04:00,1,56,1.0,,,False,False,0,1,0.0,383.13,,0.002610088014342917,230706417.0,DaveSkender/Stock.Indicators,C#
tools/performance/Perf.Buffer.cs,64,callable,ok,Performance.BufferIndicators.StochRsiList,Performance.BufferIndicators.StochRsiList,896ae089f8cbe1b14c65b677e5662764172179ab,2026-06-22T01:31:14-04:00,896ae089f8cbe1b14c65b677e5662764172179ab,2026-06-22T01:31:14-04:00,1,56,1.0,,,False,False,0,1,0.0,383.13,,0.002610088014342917,230706417.0,DaveSkender/Stock.Indicators,C#
tools/performance/Perf.Buffer.cs,65,callable,ok,Performance.BufferIndicators.SuperTrendList,Performance.BufferIndicators.SuperTrendList,896ae089f8cbe1b14c65b677e5662764172179ab,2026-06-22T01:31:14-04:00,896ae089f8cbe1b14c65b677e5662764172179ab,2026-06-22T01:31:14-04:00,1,56,1.0,,,False,False,0,1,0.0,383.13,,0.002610088014342917,230706417.0,DaveSkender/Stock.Indicators,C#
tools/performance/Perf.Buffer.cs,66,callable,ok,Performance.BufferIndicators.T3List,Performance.BufferIndicators.T3List,896ae089f8cbe1b14c65b677e5662764172179ab,2026-06-22T01:31:14-04:00,896ae089f8cbe1b14c65b677e5662764172179ab,2026-06-22T01:31:14-04:00,1,56,1.0,,,False,False,0,1,0.0,383.13,,0.002610088014342917,230706417.0,DaveSkender/Stock.Indicators,C#
tools/performance/Perf.Buffer.cs,67,callable,ok,Performance.BufferIndicators.TemaList,Performance.BufferIndicators.TemaList,896ae089f8cbe1b14c65b677e5662764172179ab,2026-06-22T01:31:14-04:00,896ae089f8cbe1b14c65b677e5662764172179ab,2026-06-22T01:31:14-04:00,1,56,1.0,,,False,False,0,1,0.0,383.13,,0.002610088014342917,230706417.0,DaveSkender/Stock.Indicators,C#
tools/performance/Perf.Buffer.cs,68,callable,ok,Performance.BufferIndicators.TrList,Performance.BufferIndicators.TrList,896ae089f8cbe1b14c65b677e5662764172179ab,2026-06-22T01:31:14-04:00,896ae089f8cbe1b14c65b677e5662764172179ab,2026-06-22T01:31:14-04:00,1,56,1.0,,,False,False,0,1,0.0,383.13,,0.002610088014342917,230706417.0,DaveSkender/Stock.Indicators,C#
tools/performance/Perf.Buffer.cs,69,callable,ok,Performance.BufferIndicators.TrixList,Performance.BufferIndicators.TrixList,896ae089f8cbe1b14c65b677e5662764172179ab,2026-06-22T01:31:14-04:00,896ae089f8cbe1b14c65b677e5662764172179ab,2026-06-22T01:31:14-04:00,1,56,1.0,,,False,False,0,1,0.0,383.13,,0.002610088014342917,230706417.0,DaveSkender/Stock.Indicators,C#
tools/performance/Perf.Buffer.cs,70,callable,ok,Performance.BufferIndicators.TsiList,Performance.BufferIndicators.TsiList,896ae089f8cbe1b14c65b677e5662764172179ab,2026-06-22T01:31:14-04:00,896ae089f8cbe1b14c65b677e5662764172179ab,2026-06-22T01:31:14-04:00,1,56,1.0,,,False,False,0,1,0.0,383.13,,0.002610088014342917,230706417.0,DaveSkender/Stock.Indicators,C#
tools/performance/Perf.Buffer.cs,71,callable,ok,Performance.BufferIndicators.UlcerIndexList,Performance.BufferIndicators.UlcerIndexList,896ae089f8cbe1b14c65b677e5662764172179ab,2026-06-22T01:31:14-04:00,896ae089f8cbe1b14c65b677e5662764172179ab,2026-06-22T01:31:14-04:00,1,56,1.0,,,False,False,0,1,0.0,383.13,,0.002610088014342917,230706417.0,DaveSkender/Stock.Indicators,C#
tools/performance/Perf.Buffer.cs,72,callable,ok,Performance.BufferIndicators.UltimateList,Performance.BufferIndicators.UltimateList,896ae089f8cbe1b14c65b677e5662764172179ab,2026-06-22T01:31:14-04:00,896ae089f8cbe1b14c65b677e5662764172179ab,2026-06-22T01:31:14-04:00,1,56,1.0,,,False,False,0,1,0.0,383.13,,0.002610088014342917,230706417.0,DaveSkender/Stock.Indicators,C#
tools/performance/Perf.Buffer.cs,73,callable,ok,Performance.BufferIndicators.VolatilityStopList,Performance.BufferIndicators.VolatilityStopList,896ae089f8cbe1b14c65b677e5662764172179ab,2026-06-22T01:31:14-04:00,896ae089f8cbe1b14c65b677e5662764172179ab,2026-06-22T01:31:14-04:00,1,56,1.0,,,False,False,0,1,0.0,383.13,,0.002610088014342917,230706417.0,DaveSkender/Stock.Indicators,C#
tools/performance/Perf.Buffer.cs,74,callable,ok,Performance.BufferIndicators.VortexList,Performance.BufferIndicators.VortexList,896ae089f8cbe1b14c65b677e5662764172179ab,2026-06-22T01:31:14-04:00,896ae089f8cbe1b14c65b677e5662764172179ab,2026-06-22T01:31:14-04:00,1,56,1.0,,,False,False,0,1,0.0,383.13,,0.002610088014342917,230706417.0,DaveSkender/Stock.Indicators,C#
tools/performance/Perf.Buffer.cs,75,callable,ok,Performance.BufferIndicators.VwapList,Performance.BufferIndicators.VwapList,896ae089f8cbe1b14c65b677e5662764172179ab,2026-06-22T01:31:14-04:00,896ae089f8cbe1b14c65b677e5662764172179ab,2026-06-22T01:31:14-04:00,1,56,1.0,,,False,False,0,1,0.0,383.13,,0.002610088014342917,230706417.0,DaveSkender/Stock.Indicators,C#
tools/performance/Perf.Buffer.cs,76,callable,ok,Performance.BufferIndicators.VwmaList,Performance.BufferIndicators.VwmaList,896ae089f8cbe1b14c65b677e5662764172179ab,2026-06-22T01:31:14-04:00,896ae089f8cbe1b14c65b677e5662764172179ab,2026-06-22T01:31:14-04:00,1,56,1.0,,,False,False,0,1,0.0,383.13,,0.002610088014342917,230706417.0,DaveSkender/Stock.Indicators,C#
tools/performance/Perf.Buffer.cs,77,callable,ok,Performance.BufferIndicators.WilliamsRList,Performance.BufferIndicators.WilliamsRList,896ae089f8cbe1b14c65b677e5662764172179ab,2026-06-22T01:31:14-04:00,896ae089f8cbe1b14c65b677e5662764172179ab,2026-06-22T01:31:14-04:00,1,56,1.0,,,False,False,0,1,0.0,383.13,,0.002610088014342917,230706417.0,DaveSkender/Stock.Indicators,C#
tools/performance/Perf.Buffer.cs,78,callable,ok,Performance.BufferIndicators.WmaList,Performance.BufferIndicators.WmaList,896ae089f8cbe1b14c65b677e5662764172179ab,2026-06-22T01:31:14-04:00,896ae089f8cbe1b14c65b677e5662764172179ab,2026-06-22T01:31:14-04:00,1,56,1.0,,,False,False,0,1,0.0,383.13,,0.002610088014342917,230706417.0,DaveSkender/Stock.Indicators,C#
tools/performance/Perf.Stream.cs,0,class,ok,Performance.StreamIndicators,Performance.StreamIndicators,896ae089f8cbe1b14c65b677e5662764172179ab,2026-06-22T01:31:14-04:00,896ae089f8cbe1b14c65b677e5662764172179ab,2026-06-22T01:31:14-04:00,1,56,0.00819672131147541,,,False,False,0,1,0.0,383.13,,0.002610088014342917,230706417.0,DaveSkender/Stock.Indicators,C#
tools/performance/Perf.Stream.cs,0,callable,ok,Performance.StreamIndicators.Setup,Performance.StreamIndicators.Setup,896ae089f8cbe1b14c65b677e5662764172179ab,2026-06-22T01:31:14-04:00,896ae089f8cbe1b14c65b677e5662764172179ab,2026-06-22T01:31:14-04:00,1,56,0.16666666666666666,,,False,False,0,1,0.0,383.13,,0.002610088014342917,230706417.0,DaveSkender/Stock.Indicators,C#
tools/performance/Perf.Stream.cs,1,callable,ok,Performance.StreamIndicators.Cleanup,Performance.StreamIndicators.Cleanup,896ae089f8cbe1b14c65b677e5662764172179ab,2026-06-22T01:31:14-04:00,896ae089f8cbe1b14c65b677e5662764172179ab,2026-06-22T01:31:14-04:00,1,56,0.1111111111111111,,,False,False,0,1,0.0,383.13,,0.002610088014342917,230706417.0,DaveSkender/Stock.Indicators,C#
tools/performance/Perf.Stream.cs,2,callable,ok,Performance.StreamIndicators.AdlHub,Performance.StreamIndicators.AdlHub,896ae089f8cbe1b14c65b677e5662764172179ab,2026-06-22T01:31:14-04:00,896ae089f8cbe1b14c65b677e5662764172179ab,2026-06-22T01:31:14-04:00,1,56,1.0,,,False,False,0,1,0.0,383.13,,0.002610088014342917,230706417.0,DaveSkender/Stock.Indicators,C#
tools/performance/Perf.Stream.cs,3,callable,ok,Performance.StreamIndicators.AdxHub,Performance.StreamIndicators.AdxHub,896ae089f8cbe1b14c65b677e5662764172179ab,2026-06-22T01:31:14-04:00,896ae089f8cbe1b14c65b677e5662764172179ab,2026-06-22T01:31:14-04:00,1,56,1.0,,,False,False,0,1,0.0,383.13,,0.002610088014342917,230706417.0,DaveSkender/Stock.Indicators,C#
tools/performance/Perf.Stream.cs,4,callable,ok,Performance.StreamIndicators.AlligatorHub,Performance.StreamIndicators.AlligatorHub,896ae089f8cbe1b14c65b677e5662764172179ab,2026-06-22T01:31:14-04:00,896ae089f8cbe1b14c65b677e5662764172179ab,2026-06-22T01:31:14-04:00,1,56,1.0,,,False,False,0,1,0.0,383.13,,0.002610088014342917,230706417.0,DaveSkender/Stock.Indicators,C#
tools/performance/Perf.Stream.cs,5,callable,ok,Performance.StreamIndicators.AlmaHub,Performance.StreamIndicators.AlmaHub,896ae089f8cbe1b14c65b677e5662764172179ab,2026-06-22T01:31:14-04:00,896ae089f8cbe1b14c65b677e5662764172179ab,2026-06-22T01:31:14-04:00,1,56,1.0,,,False,False,0,1,0.0,383.13,,0.002610088014342917,230706417.0,DaveSkender/Stock.Indicators,C#
tools/performance/Perf.Stream.cs,6,callable,ok,Performance.StreamIndicators.AroonHub,Performance.StreamIndicators.AroonHub,896ae089f8cbe1b14c65b677e5662764172179ab,2026-06-22T01:31:14-04:00,896ae089f8cbe1b14c65b677e5662764172179ab,2026-06-22T01:31:14-04:00,1,56,1.0,,,False,False,0,1,0.0,383.13,,0.002610088014342917,230706417.0,DaveSkender/Stock.Indicators,C#
tools/performance/Perf.Stream.cs,7,callable,ok,Performance.StreamIndicators.AtrHub,Performance.StreamIndicators.AtrHub,896ae089f8cbe1b14c65b677e5662764172179ab,2026-06-22T01:31:14-04:00,896ae089f8cbe1b14c65b677e5662764172179ab,2026-06-22T01:31:14-04:00,1,56,1.0,,,False,False,0,1,0.0,383.13,,0.002610088014342917,230706417.0,DaveSkender/Stock.Indicators,C#
tools/performance/Perf.Stream.cs,8,callable,ok,Performance.StreamIndicators.AtrStopHub,Performance.StreamIndicators.AtrStopHub,896ae089f8cbe1b14c65b677e5662764172179ab,2026-06-22T01:31:14-04:00,896ae089f8cbe1b14c65b677e5662764172179ab,2026-06-22T01:31:14-04:00,1,56,1.0,,,False,False,0,1,0.0,383.13,,0.002610088014342917,230706417.0,DaveSkender/Stock.Indicators,C#
tools/performance/Perf.Stream.cs,9,callable,ok,Performance.StreamIndicators.AwesomeHub,Performance.StreamIndicators.AwesomeHub,896ae089f8cbe1b14c65b677e5662764172179ab,2026-06-22T01:31:14-04:00,896ae089f8cbe1b14c65b677e5662764172179ab,2026-06-22T01:31:14-04:00,1,56,1.0,,,False,False,0,1,0.0,383.13,,0.002610088014342917,230706417.0,DaveSkender/Stock.Indicators,C#
tools/performance/Perf.Stream.cs,10,callable,ok,Performance.StreamIndicators.BollingerBandsHub,Performance.StreamIndicators.BollingerBandsHub,896ae089f8cbe1b14c65b677e5662764172179ab,2026-06-22T01:31:14-04:00,896ae089f8cbe1b14c65b677e5662764172179ab,2026-06-22T01:31:14-04:00,1,56,1.0,,,False,False,0,1,0.0,383.13,,0.002610088014342917,230706417.0,DaveSkender/Stock.Indicators,C#
tools/performance/Perf.Stream.cs,11,callable,ok,Performance.StreamIndicators.BopHub,Performance.StreamIndicators.BopHub,896ae089f8cbe1b14c65b677e5662764172179ab,2026-06-22T01:31:14-04:00,896ae089f8cbe1b14c65b677e5662764172179ab,2026-06-22T01:31:14-04:00,1,56,1.0,,,False,False,0,1,0.0,383.13,,0.002610088014342917,230706417.0,DaveSkender/Stock.Indicators,C#
tools/performance/Perf.Stream.cs,12,callable,ok,Performance.StreamIndicators.CciHub,Performance.StreamIndicators.CciHub,896ae089f8cbe1b14c65b677e5662764172179ab,2026-06-22T01:31:14-04:00,896ae089f8cbe1b14c65b677e5662764172179ab,2026-06-22T01:31:14-04:00,1,56,1.0,,,False,False,0,1,0.0,383.13,,0.002610088014342917,230706417.0,DaveSkender/Stock.Indicators,C#
tools/performance/Perf.Stream.cs,13,callable,ok,Performance.StreamIndicators.ChaikinOscHub,Performance.StreamIndicators.ChaikinOscHub,896ae089f8cbe1b14c65b677e5662764172179ab,2026-06-22T01:31:14-04:00,896ae089f8cbe1b14c65b677e5662764172179ab,2026-06-22T01:31:14-04:00,1,56,1.0,,,False,False,0,1,0.0,383.13,,0.002610088014342917,230706417.0,DaveSkender/Stock.Indicators,C#
tools/performance/Perf.Stream.cs,14,callable,ok,Performance.StreamIndicators.ChandelierHub,Performance.StreamIndicators.ChandelierHub,896ae089f8cbe1b14c65b677e5662764172179ab,2026-06-22T01:31:14-04:00,896ae089f8cbe1b14c65b677e5662764172179ab,2026-06-22T01:31:14-04:00,1,56,1.0,,,False,False,0,1,0.0,383.13,,0.002610088014342917,230706417.0,DaveSkender/Stock.Indicators,C#
tools/performance/Perf.Stream.cs,15,callable,ok,Performance.StreamIndicators.ChopHub,Performance.StreamIndicators.ChopHub,896ae089f8cbe1b14c65b677e5662764172179ab,2026-06-22T01:31:14-04:00,896ae089f8cbe1b14c65b677e5662764172179ab,2026-06-22T01:31:14-04:00,1,56,1.0,,,False,False,0,1,0.0,383.13,,0.002610088014342917,230706417.0,DaveSkender/Stock.Indicators,C#
tools/performance/Perf.Stream.cs,16,callable,ok,Performance.StreamIndicators.CmfHub,Performance.StreamIndicators.CmfHub,896ae089f8cbe1b14c65b677e5662764172179ab,2026-06-22T01:31:14-04:00,896ae089f8cbe1b14c65b677e5662764172179ab,2026-06-22T01:31:14-04:00,1,56,1.0,,,False,False,0,1,0.0,383.13,,0.002610088014342917,230706417.0,DaveSkender/Stock.Indicators,C#
tools/performance/Perf.Stream.cs,17,callable,ok,Performance.StreamIndicators.CmoHub,Performance.StreamIndicators.CmoHub,896ae089f8cbe1b14c65b677e5662764172179ab,2026-06-22T01:31:14-04:00,896ae089f8cbe1b14c65b677e5662764172179ab,2026-06-22T01:31:14-04:00,1,56,1.0,,,False,False,0,1,0.0,383.13,,0.002610088014342917,230706417.0,DaveSkender/Stock.Indicators,C#
tools/performance/Perf.Stream.cs,18,callable,ok,Performance.StreamIndicators.ConnorsRsiHub,Performance.StreamIndicators.ConnorsRsiHub,896ae089f8cbe1b14c65b677e5662764172179ab,2026-06-22T01:31:14-04:00,896ae089f8cbe1b14c65b677e5662764172179ab,2026-06-22T01:31:14-04:00,1,56,1.0,,,False,False,0,1,0.0,383.13,,0.002610088014342917,230706417.0,DaveSkender/Stock.Indicators,C#
tools/performance/Perf.Stream.cs,19,callable,ok,Performance.StreamIndicators.DemaHub,Performance.StreamIndicators.DemaHub,896ae089f8cbe1b14c65b677e5662764172179ab,2026-06-22T01:31:14-04:00,896ae089f8cbe1b14c65b677e5662764172179ab,2026-06-22T01:31:14-04:00,1,56,1.0,,,False,False,0,1,0.0,383.13,,0.002610088014342917,230706417.0,DaveSkender/Stock.Indicators,C#
tools/performance/Perf.Stream.cs,20,callable,ok,Performance.StreamIndicators.DojiHub,Performance.StreamIndicators.DojiHub,896ae089f8cbe1b14c65b677e5662764172179ab,2026-06-22T01:31:14-04:00,896ae089f8cbe1b14c65b677e5662764172179ab,2026-06-22T01:31:14-04:00,1,56,1.0,,,False,False,0,1,0.0,383.13,,0.002610088014342917,230706417.0,DaveSkender/Stock.Indicators,C#
tools/performance/Perf.Stream.cs,21,callable,ok,Performance.StreamIndicators.DonchianHub,Performance.StreamIndicators.DonchianHub,896ae089f8cbe1b14c65b677e5662764172179ab,2026-06-22T01:31:14-04:00,896ae089f8cbe1b14c65b677e5662764172179ab,2026-06-22T01:31:14-04:00,1,56,1.0,,,False,False,0,1,0.0,383.13,,0.002610088014342917,230706417.0,DaveSkender/Stock.Indicators,C#
tools/performance/Perf.Stream.cs,22,callable,ok,Performance.StreamIndicators.DpoHub,Performance.StreamIndicators.DpoHub,896ae089f8cbe1b14c65b677e5662764172179ab,2026-06-22T01:31:14-04:00,896ae089f8cbe1b14c65b677e5662764172179ab,2026-06-22T01:31:14-04:00,1,56,1.0,,,False,False,0,1,0.0,383.13,,0.002610088014342917,230706417.0,DaveSkender/Stock.Indicators,C#
tools/performance/Perf.Stream.cs,23,callable,ok,Performance.StreamIndicators.DynamicHub,Performance.StreamIndicators.DynamicHub,896ae089f8cbe1b14c65b677e5662764172179ab,2026-06-22T01:31:14-04:00,896ae089f8cbe1b14c65b677e5662764172179ab,2026-06-22T01:31:14-04:00,1,56,1.0,,,False,False,0,1,0.0,383.13,,0.002610088014342917,230706417.0,DaveSkender/Stock.Indicators,C#
tools/performance/Perf.Stream.cs,24,callable,ok,Performance.StreamIndicators.ElderRayHub,Performance.StreamIndicators.ElderRayHub,896ae089f8cbe1b14c65b677e5662764172179ab,2026-06-22T01:31:14-04:00,896ae089f8cbe1b14c65b677e5662764172179ab,2026-06-22T01:31:14-04:00,1,56,1.0,,,False,False,0,1,0.0,383.13,,0.002610088014342917,230706417.0,DaveSkender/Stock.Indicators,C#
tools/performance/Perf.Stream.cs,25,callable,ok,Performance.StreamIndicators.EmaHub,Performance.StreamIndicators.EmaHub,896ae089f8cbe1b14c65b677e5662764172179ab,2026-06-22T01:31:14-04:00,896ae089f8cbe1b14c65b677e5662764172179ab,2026-06-22T01:31:14-04:00,1,56,1.0,,,False,False,0,1,0.0,383.13,,0.002610088014342917,230706417.0,DaveSkender/Stock.Indicators,C#
tools/performance/Perf.Stream.cs,26,callable,ok,Performance.StreamIndicators.EpmaHub,Performance.StreamIndicators.EpmaHub,896ae089f8cbe1b14c65b677e5662764172179ab,2026-06-22T01:31:14-04:00,896ae089f8cbe1b14c65b677e5662764172179ab,2026-06-22T01:31:14-04:00,1,56,1.0,,,False,False,0,1,0.0,383.13,,0.002610088014342917,230706417.0,DaveSkender/Stock.Indicators,C#
tools/performance/Perf.Stream.cs,27,callable,ok,Performance.StreamIndicators.FisherTransformHub,Performance.StreamIndicators.FisherTransformHub,896ae089f8cbe1b14c65b677e5662764172179ab,2026-06-22T01:31:14-04:00,896ae089f8cbe1b14c65b677e5662764172179ab,2026-06-22T01:31:14-04:00,1,56,1.0,,,False,False,0,1,0.0,383.13,,0.002610088014342917,230706417.0,DaveSkender/Stock.Indicators,C#
tools/performance/Perf.Stream.cs,28,callable,ok,Performance.StreamIndicators.FcbHub,Performance.StreamIndicators.FcbHub,896ae089f8cbe1b14c65b677e5662764172179ab,2026-06-22T01:31:14-04:00,896ae089f8cbe1b14c65b677e5662764172179ab,2026-06-22T01:31:14-04:00,1,56,1.0,,,False,False,0,1,0.0,383.13,,0.002610088014342917,230706417.0,DaveSkender/Stock.Indicators,C#
tools/performance/Perf.Stream.cs,29,callable,ok,Performance.StreamIndicators.FractalHub,Performance.StreamIndicators.FractalHub,896ae089f8cbe1b14c65b677e5662764172179ab,2026-06-22T01:31:14-04:00,896ae089f8cbe1b14c65b677e5662764172179ab,2026-06-22T01:31:14-04:00,1,56,1.0,,,False,False,0,1,0.0,383.13,,0.002610088014342917,230706417.0,DaveSkender/Stock.Indicators,C#
tools/performance/Perf.Stream.cs,30,callable,ok,Performance.StreamIndicators.ForceIndexHub,Performance.StreamIndicators.ForceIndexHub,896ae089f8cbe1b14c65b677e5662764172179ab,2026-06-22T01:31:14-04:00,896ae089f8cbe1b14c65b677e5662764172179ab,2026-06-22T01:31:14-04:00,1,56,1.0,,,False,False,0,1,0.0,383.13,,0.002610088014342917,230706417.0,DaveSkender/Stock.Indicators,C#
tools/performance/Perf.Stream.cs,31,callable,ok,Performance.StreamIndicators.GatorHub,Performance.StreamIndicators.GatorHub,896ae089f8cbe1b14c65b677e5662764172179ab,2026-06-22T01:31:14-04:00,896ae089f8cbe1b14c65b677e5662764172179ab,2026-06-22T01:31:14-04:00,1,56,1.0,,,False,False,0,1,0.0,383.13,,0.002610088014342917,230706417.0,DaveSkender/Stock.Indicators,C#
tools/performance/Perf.Stream.cs,32,callable,ok,Performance.StreamIndicators.HmaHub,Performance.StreamIndicators.HmaHub,896ae089f8cbe1b14c65b677e5662764172179ab,2026-06-22T01:31:14-04:00,896ae089f8cbe1b14c65b677e5662764172179ab,2026-06-22T01:31:14-04:00,1,56,1.0,,,False,False,0,1,0.0,383.13,,0.002610088014342917,230706417.0,DaveSkender/Stock.Indicators,C#
tools/performance/Perf.Stream.cs,33,callable,ok,Performance.StreamIndicators.HeikinAshiHub,Performance.StreamIndicators.HeikinAshiHub,896ae089f8cbe1b14c65b677e5662764172179ab,2026-06-22T01:31:14-04:00,896ae089f8cbe1b14c65b677e5662764172179ab,2026-06-22T01:31:14-04:00,1,56,1.0,,,False,False,0,1,0.0,383.13,,0.002610088014342917,230706417.0,DaveSkender/Stock.Indicators,C#
tools/performance/Perf.Stream.cs,34,callable,ok,Performance.StreamIndicators.HtTrendlineHub,Performance.StreamIndicators.HtTrendlineHub,896ae089f8cbe1b14c65b677e5662764172179ab,2026-06-22T01:31:14-04:00,896ae089f8cbe1b14c65b677e5662764172179ab,2026-06-22T01:31:14-04:00,1,56,1.0,,,False,False,0,1,0.0,383.13,,0.002610088014342917,230706417.0,DaveSkender/Stock.Indicators,C#
tools/performance/Perf.Stream.cs,35,callable,ok,Performance.StreamIndicators.HurstHub,Performance.StreamIndicators.HurstHub,896ae089f8cbe1b14c65b677e5662764172179ab,2026-06-22T01:31:14-04:00,896ae089f8cbe1b14c65b677e5662764172179ab,2026-06-22T01:31:14-04:00,1,56,1.0,,,False,False,0,1,0.0,383.13,,0.002610088014342917,230706417.0,DaveSkender/Stock.Indicators,C#
tools/performance/Perf.Stream.cs,36,callable,ok,Performance.StreamIndicators.IchimokuHub,Performance.StreamIndicators.IchimokuHub,896ae089f8cbe1b14c65b677e5662764172179ab,2026-06-22T01:31:14-04:00,896ae089f8cbe1b14c65b677e5662764172179ab,2026-06-22T01:31:14-04:00,1,56,1.0,,,False,False,0,1,0.0,383.13,,0.002610088014342917,230706417.0,DaveSkender/Stock.Indicators,C#
tools/performance/Perf.Stream.cs,37,callable,ok,Performance.StreamIndicators.KamaHub,Performance.StreamIndicators.KamaHub,896ae089f8cbe1b14c65b677e5662764172179ab,2026-06-22T01:31:14-04:00,896ae089f8cbe1b14c65b677e5662764172179ab,2026-06-22T01:31:14-04:00,1,56,1.0,,,False,False,0,1,0.0,383.13,,0.002610088014342917,230706417.0,DaveSkender/Stock.Indicators,C#
tools/performance/Perf.Stream.cs,38,callable,ok,Performance.StreamIndicators.KvoHub,Performance.StreamIndicators.KvoHub,896ae089f8cbe1b14c65b677e5662764172179ab,2026-06-22T01:31:14-04:00,896ae089f8cbe1b14c65b677e5662764172179ab,2026-06-22T01:31:14-04:00,1,56,1.0,,,False,False,0,1,0.0,383.13,,0.002610088014342917,230706417.0,DaveSkender/Stock.Indicators,C#
tools/performance/Perf.Stream.cs,39,callable,ok,Performance.StreamIndicators.KeltnerHub,Performance.StreamIndicators.KeltnerHub,896ae089f8cbe1b14c65b677e5662764172179ab,2026-06-22T01:31:14-04:00,896ae089f8cbe1b14c65b677e5662764172179ab,2026-06-22T01:31:14-04:00,1,56,1.0,,,False,False,0,1,0.0,383.13,,0.002610088014342917,230706417.0,DaveSkender/Stock.Indicators,C#
tools/performance/Perf.Stream.cs,40,callable,ok,Performance.StreamIndicators.MacdHub,Performance.StreamIndicators.MacdHub,896ae089f8cbe1b14c65b677e5662764172179ab,2026-06-22T01:31:14-04:00,896ae089f8cbe1b14c65b677e5662764172179ab,2026-06-22T01:31:14-04:00,1,56,1.0,,,False,False,0,1,0.0,383.13,,0.002610088014342917,230706417.0,DaveSkender/Stock.Indicators,C#
tools/performance/Perf.Stream.cs,41,callable,ok,Performance.StreamIndicators.MaEnvelopesHub,Performance.StreamIndicators.MaEnvelopesHub,896ae089f8cbe1b14c65b677e5662764172179ab,2026-06-22T01:31:14-04:00,896ae089f8cbe1b14c65b677e5662764172179ab,2026-06-22T01:31:14-04:00,1,56,1.0,,,False,False,0,1,0.0,383.13,,0.002610088014342917,230706417.0,DaveSkender/Stock.Indicators,C#
tools/performance/Perf.Stream.cs,42,callable,ok,Performance.StreamIndicators.MamaHub,Performance.StreamIndicators.MamaHub,896ae089f8cbe1b14c65b677e5662764172179ab,2026-06-22T01:31:14-04:00,896ae089f8cbe1b14c65b677e5662764172179ab,2026-06-22T01:31:14-04:00,1,56,1.0,,,False,False,0,1,0.0,383.13,,0.002610088014342917,230706417.0,DaveSkender/Stock.Indicators,C#
tools/performance/Perf.Stream.cs,43,callable,ok,Performance.StreamIndicators.MfiHub,Performance.StreamIndicators.MfiHub,896ae089f8cbe1b14c65b677e5662764172179ab,2026-06-22T01:31:14-04:00,896ae089f8cbe1b14c65b677e5662764172179ab,2026-06-22T01:31:14-04:00,1,56,1.0,,,False,False,0,1,0.0,383.13,,0.002610088014342917,230706417.0,DaveSkender/Stock.Indicators,C#
tools/performance/Perf.Stream.cs,44,callable,ok,Performance.StreamIndicators.MarubozuHub,Performance.StreamIndicators.MarubozuHub,896ae089f8cbe1b14c65b677e5662764172179ab,2026-06-22T01:31:14-04:00,896ae089f8cbe1b14c65b677e5662764172179ab,2026-06-22T01:31:14-04:00,1,56,1.0,,,False,False,0,1,0.0,383.13,,0.002610088014342917,230706417.0,DaveSkender/Stock.Indicators,C#
tools/performance/Perf.Stream.cs,45,callable,ok,Performance.StreamIndicators.ObvHub,Performance.StreamIndicators.ObvHub,896ae089f8cbe1b14c65b677e5662764172179ab,2026-06-22T01:31:14-04:00,896ae089f8cbe1b14c65b677e5662764172179ab,2026-06-22T01:31:14-04:00,1,56,1.0,,,False,False,0,1,0.0,383.13,,0.002610088014342917,230706417.0,DaveSkender/Stock.Indicators,C#
tools/performance/Perf.Stream.cs,46,callable,ok,Performance.StreamIndicators.ParabolicSarHub,Performance.StreamIndicators.ParabolicSarHub,896ae089f8cbe1b14c65b677e5662764172179ab,2026-06-22T01:31:14-04:00,896ae089f8cbe1b14c65b677e5662764172179ab,2026-06-22T01:31:14-04:00,1,56,1.0,,,False,False,0,1,0.0,383.13,,0.002610088014342917,230706417.0,DaveSkender/Stock.Indicators,C#
tools/performance/Perf.Stream.cs,47,callable,ok,Performance.StreamIndicators.PivotPointsHub,Performance.StreamIndicators.PivotPointsHub,896ae089f8cbe1b14c65b677e5662764172179ab,2026-06-22T01:31:14-04:00,896ae089f8cbe1b14c65b677e5662764172179ab,2026-06-22T01:31:14-04:00,1,56,1.0,,,False,False,0,1,0.0,383.13,,0.002610088014342917,230706417.0,DaveSkender/Stock.Indicators,C#
tools/performance/Perf.Stream.cs,48,callable,ok,Performance.StreamIndicators.PivotsHub,Performance.StreamIndicators.PivotsHub,896ae089f8cbe1b14c65b677e5662764172179ab,2026-06-22T01:31:14-04:00,896ae089f8cbe1b14c65b677e5662764172179ab,2026-06-22T01:31:14-04:00,1,56,1.0,,,False,False,0,1,0.0,383.13,,0.002610088014342917,230706417.0,DaveSkender/Stock.Indicators,C#
tools/performance/Perf.Stream.cs,49,callable,ok,Performance.StreamIndicators.PmoHub,Performance.StreamIndicators.PmoHub,896ae089f8cbe1b14c65b677e5662764172179ab,2026-06-22T01:31:14-04:00,896ae089f8cbe1b14c65b677e5662764172179ab,2026-06-22T01:31:14-04:00,1,56,1.0,,,False,False,0,1,0.0,383.13,,0.002610088014342917,230706417.0,DaveSkender/Stock.Indicators,C#
tools/performance/Perf.Stream.cs,50,callable,ok,Performance.StreamIndicators.PvoHub,Performance.StreamIndicators.PvoHub,896ae089f8cbe1b14c65b677e5662764172179ab,2026-06-22T01:31:14-04:00,896ae089f8cbe1b14c65b677e5662764172179ab,2026-06-22T01:31:14-04:00,1,56,1.0,,,False,False,0,1,0.0,383.13,,0.002610088014342917,230706417.0,DaveSkender/Stock.Indicators,C#
tools/performance/Perf.Stream.cs,51,callable,ok,Performance.StreamIndicators.BarHub,Performance.StreamIndicators.BarHub,896ae089f8cbe1b14c65b677e5662764172179ab,2026-06-22T01:31:14-04:00,896ae089f8cbe1b14c65b677e5662764172179ab,2026-06-22T01:31:14-04:00,1,56,1.0,,,False,False,0,1,0.0,383.13,,0.002610088014342917,230706417.0,DaveSkender/Stock.Indicators,C#
tools/performance/Perf.Stream.cs,52,callable,ok,Performance.StreamIndicators.BarPartHub,Performance.StreamIndicators.BarPartHub,896ae089f8cbe1b14c65b677e5662764172179ab,2026-06-22T01:31:14-04:00,896ae089f8cbe1b14c65b677e5662764172179ab,2026-06-22T01:31:14-04:00,1,56,1.0,,,False,False,0,1,0.0,383.13,,0.002610088014342917,230706417.0,DaveSkender/Stock.Indicators,C#
tools/performance/Perf.Stream.cs,53,callable,ok,Performance.StreamIndicators.RenkoHub,Performance.StreamIndicators.RenkoHub,896ae089f8cbe1b14c65b677e5662764172179ab,2026-06-22T01:31:14-04:00,896ae089f8cbe1b14c65b677e5662764172179ab,2026-06-22T01:31:14-04:00,1,56,1.0,,,False,False,0,1,0.0,383.13,,0.002610088014342917,230706417.0,DaveSkender/Stock.Indicators,C#
tools/performance/Perf.Stream.cs,54,callable,ok,Performance.StreamIndicators.RocHub,Performance.StreamIndicators.RocHub,896ae089f8cbe1b14c65b677e5662764172179ab,2026-06-22T01:31:14-04:00,896ae089f8cbe1b14c65b677e5662764172179ab,2026-06-22T01:31:14-04:00,1,56,1.0,,,False,False,0,1,0.0,383.13,,0.002610088014342917,230706417.0,DaveSkender/Stock.Indicators,C#
tools/performance/Perf.Stream.cs,55,callable,ok,Performance.StreamIndicators.RocWbHub,Performance.StreamIndicators.RocWbHub,896ae089f8cbe1b14c65b677e5662764172179ab,2026-06-22T01:31:14-04:00,896ae089f8cbe1b14c65b677e5662764172179ab,2026-06-22T01:31:14-04:00,1,56,1.0,,,False,False,0,1,0.0,383.13,,0.002610088014342917,230706417.0,DaveSkender/Stock.Indicators,C#
tools/performance/Perf.Stream.cs,56,callable,ok,Performance.StreamIndicators.RollingPivotsHub,Performance.StreamIndicators.RollingPivotsHub,896ae089f8cbe1b14c65b677e5662764172179ab,2026-06-22T01:31:14-04:00,896ae089f8cbe1b14c65b677e5662764172179ab,2026-06-22T01:31:14-04:00,1,56,1.0,,,False,False,0,1,0.0,383.13,,0.002610088014342917,230706417.0,DaveSkender/Stock.Indicators,C#
tools/performance/Perf.Stream.cs,57,callable,ok,Performance.StreamIndicators.RsiHub,Performance.StreamIndicators.RsiHub,896ae089f8cbe1b14c65b677e5662764172179ab,2026-06-22T01:31:14-04:00,896ae089f8cbe1b14c65b677e5662764172179ab,2026-06-22T01:31:14-04:00,1,56,1.0,,,False,False,0,1,0.0,383.13,,0.002610088014342917,230706417.0,DaveSkender/Stock.Indicators,C#
tools/performance/Perf.Stream.cs,58,callable,ok,Performance.StreamIndicators.SlopeHub,Performance.StreamIndicators.SlopeHub,896ae089f8cbe1b14c65b677e5662764172179ab,2026-06-22T01:31:14-04:00,896ae089f8cbe1b14c65b677e5662764172179ab,2026-06-22T01:31:14-04:00,1,56,1.0,,,False,False,0,1,0.0,383.13,,0.002610088014342917,230706417.0,DaveSkender/Stock.Indicators,C#
tools/performance/Perf.Stream.cs,59,callable,ok,Performance.StreamIndicators.SmaHub,Performance.StreamIndicators.SmaHub,896ae089f8cbe1b14c65b677e5662764172179ab,2026-06-22T01:31:14-04:00,896ae089f8cbe1b14c65b677e5662764172179ab,2026-06-22T01:31:14-04:00,1,56,1.0,,,False,False,0,1,0.0,383.13,,0.002610088014342917,230706417.0,DaveSkender/Stock.Indicators,C#
tools/performance/Perf.Stream.cs,60,callable,ok,Performance.StreamIndicators.SmiHub,Performance.StreamIndicators.SmiHub,896ae089f8cbe1b14c65b677e5662764172179ab,2026-06-22T01:31:14-04:00,896ae089f8cbe1b14c65b677e5662764172179ab,2026-06-22T01:31:14-04:00,1,56,1.0,,,False,False,0,1,0.0,383.13,,0.002610088014342917,230706417.0,DaveSkender/Stock.Indicators,C#
tools/performance/Perf.Stream.cs,61,callable,ok,Performance.StreamIndicators.SmaAnalysisHub,Performance.StreamIndicators.SmaAnalysisHub,896ae089f8cbe1b14c65b677e5662764172179ab,2026-06-22T01:31:14-04:00,896ae089f8cbe1b14c65b677e5662764172179ab,2026-06-22T01:31:14-04:00,1,56,1.0,,,False,False,0,1,0.0,383.13,,0.002610088014342917,230706417.0,DaveSkender/Stock.Indicators,C#
tools/performance/Perf.Stream.cs,62,callable,ok,Performance.StreamIndicators.SmmaHub,Performance.StreamIndicators.SmmaHub,896ae089f8cbe1b14c65b677e5662764172179ab,2026-06-22T01:31:14-04:00,896ae089f8cbe1b14c65b677e5662764172179ab,2026-06-22T01:31:14-04:00,1,56,1.0,,,False,False,0,1,0.0,383.13,,0.002610088014342917,230706417.0,DaveSkender/Stock.Indicators,C#
tools/performance/Perf.Stream.cs,63,callable,ok,Performance.StreamIndicators.StarcBandsHub,Performance.StreamIndicators.StarcBandsHub,896ae089f8cbe1b14c65b677e5662764172179ab,2026-06-22T01:31:14-04:00,896ae089f8cbe1b14c65b677e5662764172179ab,2026-06-22T01:31:14-04:00,1,56,1.0,,,False,False,0,1,0.0,383.13,,0.002610088014342917,230706417.0,DaveSkender/Stock.Indicators,C#
tools/performance/Perf.Stream.cs,64,callable,ok,Performance.StreamIndicators.StcHub,Performance.StreamIndicators.StcHub,896ae089f8cbe1b14c65b677e5662764172179ab,2026-06-22T01:31:14-04:00,896ae089f8cbe1b14c65b677e5662764172179ab,2026-06-22T01:31:14-04:00,1,56,1.0,,,False,False,0,1,0.0,383.13,,0.002610088014342917,230706417.0,DaveSkender/Stock.Indicators,C#
tools/performance/Perf.Stream.cs,65,callable,ok,Performance.StreamIndicators.StdDevHub,Performance.StreamIndicators.StdDevHub,896ae089f8cbe1b14c65b677e5662764172179ab,2026-06-22T01:31:14-04:00,896ae089f8cbe1b14c65b677e5662764172179ab,2026-06-22T01:31:14-04:00,1,56,1.0,,,False,False,0,1,0.0,383.13,,0.002610088014342917,230706417.0,DaveSkender/Stock.Indicators,C#
tools/performance/Perf.Stream.cs,66,callable,ok,Performance.StreamIndicators.StochHub,Performance.StreamIndicators.StochHub,896ae089f8cbe1b14c65b677e5662764172179ab,2026-06-22T01:31:14-04:00,896ae089f8cbe1b14c65b677e5662764172179ab,2026-06-22T01:31:14-04:00,1,56,1.0,,,False,False,0,1,0.0,383.13,,0.002610088014342917,230706417.0,DaveSkender/Stock.Indicators,C#
tools/performance/Perf.Stream.cs,67,callable,ok,Performance.StreamIndicators.StochRsiHub,Performance.StreamIndicators.StochRsiHub,896ae089f8cbe1b14c65b677e5662764172179ab,2026-06-22T01:31:14-04:00,896ae089f8cbe1b14c65b677e5662764172179ab,2026-06-22T01:31:14-04:00,1,56,1.0,,,False,False,0,1,0.0,383.13,,0.002610088014342917,230706417.0,DaveSkender/Stock.Indicators,C#
tools/performance/Perf.Stream.cs,68,callable,ok,Performance.StreamIndicators.SuperTrendHub,Performance.StreamIndicators.SuperTrendHub,896ae089f8cbe1b14c65b677e5662764172179ab,2026-06-22T01:31:14-04:00,896ae089f8cbe1b14c65b677e5662764172179ab,2026-06-22T01:31:14-04:00,1,56,1.0,,,False,False,0,1,0.0,383.13,,0.002610088014342917,230706417.0,DaveSkender/Stock.Indicators,C#
tools/performance/Perf.Stream.cs,69,callable,ok,Performance.StreamIndicators.T3Hub,Performance.StreamIndicators.T3Hub,896ae089f8cbe1b14c65b677e5662764172179ab,2026-06-22T01:31:14-04:00,896ae089f8cbe1b14c65b677e5662764172179ab,2026-06-22T01:31:14-04:00,1,56,1.0,,,False,False,0,1,0.0,383.13,,0.002610088014342917,230706417.0,DaveSkender/Stock.Indicators,C#
tools/performance/Perf.Stream.cs,70,callable,ok,Performance.StreamIndicators.TemaHub,Performance.StreamIndicators.TemaHub,896ae089f8cbe1b14c65b677e5662764172179ab,2026-06-22T01:31:14-04:00,896ae089f8cbe1b14c65b677e5662764172179ab,2026-06-22T01:31:14-04:00,1,56,1.0,,,False,False,0,1,0.0,383.13,,0.002610088014342917,230706417.0,DaveSkender/Stock.Indicators,C#
tools/performance/Perf.Stream.cs,71,callable,ok,Performance.StreamIndicators.TrHub,Performance.StreamIndicators.TrHub,896ae089f8cbe1b14c65b677e5662764172179ab,2026-06-22T01:31:14-04:00,896ae089f8cbe1b14c65b677e5662764172179ab,2026-06-22T01:31:14-04:00,1,56,1.0,,,False,False,0,1,0.0,383.13,,0.002610088014342917,230706417.0,DaveSkender/Stock.Indicators,C#
tools/performance/Perf.Stream.cs,72,callable,ok,Performance.StreamIndicators.TrixHub,Performance.StreamIndicators.TrixHub,896ae089f8cbe1b14c65b677e5662764172179ab,2026-06-22T01:31:14-04:00,896ae089f8cbe1b14c65b677e5662764172179ab,2026-06-22T01:31:14-04:00,1,56,1.0,,,False,False,0,1,0.0,383.13,,0.002610088014342917,230706417.0,DaveSkender/Stock.Indicators,C#
tools/performance/Perf.Stream.cs,73,callable,ok,Performance.StreamIndicators.TsiHub,Performance.StreamIndicators.TsiHub,896ae089f8cbe1b14c65b677e5662764172179ab,2026-06-22T01:31:14-04:00,896ae089f8cbe1b14c65b677e5662764172179ab,2026-06-22T01:31:14-04:00,1,56,1.0,,,False,False,0,1,0.0,383.13,,0.002610088014342917,230706417.0,DaveSkender/Stock.Indicators,C#
tools/performance/Perf.Stream.cs,74,callable,ok,Performance.StreamIndicators.UlcerIndexHub,Performance.StreamIndicators.UlcerIndexHub,896ae089f8cbe1b14c65b677e5662764172179ab,2026-06-22T01:31:14-04:00,896ae089f8cbe1b14c65b677e5662764172179ab,2026-06-22T01:31:14-04:00,1,56,1.0,,,False,False,0,1,0.0,383.13,,0.002610088014342917,230706417.0,DaveSkender/Stock.Indicators,C#
tools/performance/Perf.Stream.cs,75,callable,ok,Performance.StreamIndicators.UltimateHub,Performance.StreamIndicators.UltimateHub,896ae089f8cbe1b14c65b677e5662764172179ab,2026-06-22T01:31:14-04:00,896ae089f8cbe1b14c65b677e5662764172179ab,2026-06-22T01:31:14-04:00,1,56,1.0,,,False,False,0,1,0.0,383.13,,0.002610088014342917,230706417.0,DaveSkender/Stock.Indicators,C#
tools/performance/Perf.Stream.cs,76,callable,ok,Performance.StreamIndicators.VolatilityStopHub,Performance.StreamIndicators.VolatilityStopHub,896ae089f8cbe1b14c65b677e5662764172179ab,2026-06-22T01:31:14-04:00,896ae089f8cbe1b14c65b677e5662764172179ab,2026-06-22T01:31:14-04:00,1,56,1.0,,,False,False,0,1,0.0,383.13,,0.002610088014342917,230706417.0,DaveSkender/Stock.Indicators,C#
tools/performance/Perf.Stream.cs,77,callable,ok,Performance.StreamIndicators.VortexHub,Performance.StreamIndicators.VortexHub,896ae089f8cbe1b14c65b677e5662764172179ab,2026-06-22T01:31:14-04:00,896ae089f8cbe1b14c65b677e5662764172179ab,2026-06-22T01:31:14-04:00,1,56,1.0,,,False,False,0,1,0.0,383.13,,0.002610088014342917,230706417.0,DaveSkender/Stock.Indicators,C#
tools/performance/Perf.Stream.cs,78,callable,ok,Performance.StreamIndicators.VwapHub,Performance.StreamIndicators.VwapHub,896ae089f8cbe1b14c65b677e5662764172179ab,2026-06-22T01:31:14-04:00,896ae089f8cbe1b14c65b677e5662764172179ab,2026-06-22T01:31:14-04:00,1,56,1.0,,,False,False,0,1,0.0,383.13,,0.002610088014342917,230706417.0,DaveSkender/Stock.Indicators,C#
tools/performance/Perf.Stream.cs,79,callable,ok,Performance.StreamIndicators.VwmaHub,Performance.StreamIndicators.VwmaHub,896ae089f8cbe1b14c65b677e5662764172179ab,2026-06-22T01:31:14-04:00,896ae089f8cbe1b14c65b677e5662764172179ab,2026-06-22T01:31:14-04:00,1,56,1.0,,,False,False,0,1,0.0,383.13,,0.002610088014342917,230706417.0,DaveSkender/Stock.Indicators,C#
tools/performance/Perf.Stream.cs,80,callable,ok,Performance.StreamIndicators.WilliamsRHub,Performance.StreamIndicators.WilliamsRHub,896ae089f8cbe1b14c65b677e5662764172179ab,2026-06-22T01:31:14-04:00,896ae089f8cbe1b14c65b677e5662764172179ab,2026-06-22T01:31:14-04:00,1,56,1.0,,,False,False,0,1,0.0,383.13,,0.002610088014342917,230706417.0,DaveSkender/Stock.Indicators,C#
tools/performance/Perf.Stream.cs,81,callable,ok,Performance.StreamIndicators.WmaHub,Performance.StreamIndicators.WmaHub,896ae089f8cbe1b14c65b677e5662764172179ab,2026-06-22T01:31:14-04:00,896ae089f8cbe1b14c65b677e5662764172179ab,2026-06-22T01:31:14-04:00,1,56,1.0,,,False,False,0,1,0.0,383.13,,0.002610088014342917,230706417.0,DaveSkender/Stock.Indicators,C#
tools/simulate/ServerManager.cs,0,class,ok,Test.Simulation.ServerManager,Test.Simulation.ServerManager,896ae089f8cbe1b14c65b677e5662764172179ab,2026-06-22T01:31:14-04:00,896ae089f8cbe1b14c65b677e5662764172179ab,2026-06-22T01:31:14-04:00,1,56,0.006578947368421052,,,False,False,0,1,0.0,383.13,,0.002610088014342917,230706417.0,DaveSkender/Stock.Indicators,C#
tools/simulate/ServerManager.cs,0,callable,ok,Test.Simulation.ServerManager.StartServer,Test.Simulation.ServerManager.StartServer,896ae089f8cbe1b14c65b677e5662764172179ab,2026-06-22T01:31:14-04:00,896ae089f8cbe1b14c65b677e5662764172179ab,2026-06-22T01:31:14-04:00,1,56,0.0136986301369863,,,False,False,0,1,0.0,383.13,,0.002610088014342917,230706417.0,DaveSkender/Stock.Indicators,C#
tools/simulate/ServerManager.cs,1,callable,ok,Test.Simulation.ServerManager.StartServerWithDotNetRun,Test.Simulation.ServerManager.StartServerWithDotNetRun,896ae089f8cbe1b14c65b677e5662764172179ab,2026-06-22T01:31:14-04:00,896ae089f8cbe1b14c65b677e5662764172179ab,2026-06-22T01:31:14-04:00,1,56,0.03125,,,False,False,0,1,0.0,383.13,,0.002610088014342917,230706417.0,DaveSkender/Stock.Indicators,C#
tools/simulate/ServerManager.cs,2,callable,ok,Test.Simulation.ServerManager.FindRepositoryRoot,Test.Simulation.ServerManager.FindRepositoryRoot,896ae089f8cbe1b14c65b677e5662764172179ab,2026-06-22T01:31:14-04:00,896ae089f8cbe1b14c65b677e5662764172179ab,2026-06-22T01:31:14-04:00,1,56,0.047619047619047616,,,False,False,0,1,0.0,383.13,,0.002610088014342917,230706417.0,DaveSkender/Stock.Indicators,C#
tools/simulate/ServerManager.cs,3,callable,ok,Test.Simulation.ServerManager.StopServer,Test.Simulation.ServerManager.StopServer,896ae089f8cbe1b14c65b677e5662764172179ab,2026-06-22T01:31:14-04:00,896ae089f8cbe1b14c65b677e5662764172179ab,2026-06-22T01:31:14-04:00,1,56,0.05,,,False,False,0,1,0.0,383.13,,0.002610088014342917,230706417.0,DaveSkender/Stock.Indicators,C#
