relpath,lineage_id,kind,status,first_qualified_name,last_qualified_name,first_commit,first_date,last_commit,last_date,modification_count,age_days,relative_churn,change_entropy,review_count,ended,had_rename_or_move,pre_touch_count,post_touch_count,pre_window_days,post_window_days,pre_churn_rate,post_churn_rate,repo_id,full_name,language
.github/patch.py,0,callable,ok,.github.patch.dedent_imports_with_blank,.github.patch.dedent_imports_with_blank,f051cc9d40f33518a738ef1cf4f1f575d0c70617,2025-06-10T20:10:32+08:00,f051cc9d40f33518a738ef1cf4f1f575d0c70617,2025-06-10T20:10:32+08:00,1,432,0.1111111111111111,,,False,False,1,0,19.82,0.0,0.0504599211563732,,60844169.0,NewFuture/DDNS,Python
.github/patch.py,1,callable,ok,.github.patch.extract_pure_version,.github.patch.extract_pure_version,f051cc9d40f33518a738ef1cf4f1f575d0c70617,2025-06-10T20:10:32+08:00,f051cc9d40f33518a738ef1cf4f1f575d0c70617,2025-06-10T20:10:32+08:00,1,432,0.14285714285714285,,,False,False,1,0,19.82,0.0,0.0504599211563732,,60844169.0,NewFuture/DDNS,Python
.github/patch.py,2,callable,ok,.github.patch.update_nuitka_version,.github.patch.update_nuitka_version,f051cc9d40f33518a738ef1cf4f1f575d0c70617,2025-06-10T20:10:32+08:00,f051cc9d40f33518a738ef1cf4f1f575d0c70617,2025-06-10T20:10:32+08:00,1,432,0.03571428571428571,,,False,False,1,0,19.82,0.0,0.0504599211563732,,60844169.0,NewFuture/DDNS,Python
.github/patch.py,3,callable,ok,.github.patch.remove_windows_textiowrapper,.github.patch.remove_windows_textiowrapper,f051cc9d40f33518a738ef1cf4f1f575d0c70617,2025-06-10T20:10:32+08:00,f051cc9d40f33518a738ef1cf4f1f575d0c70617,2025-06-10T20:10:32+08:00,1,432,0.045454545454545456,,,False,False,1,0,19.82,0.0,0.0504599211563732,,60844169.0,NewFuture/DDNS,Python
.github/patch.py,4,callable,ok,.github.patch.remove_python2_compatibility,.github.patch.remove_python2_compatibility,f051cc9d40f33518a738ef1cf4f1f575d0c70617,2025-06-10T20:10:32+08:00,f051cc9d40f33518a738ef1cf4f1f575d0c70617,2025-06-10T20:10:32+08:00,1,432,0.02127659574468085,,,False,False,1,0,19.82,0.0,0.0504599211563732,,60844169.0,NewFuture/DDNS,Python
.github/patch.py,5,callable,ok,.github.patch.main,.github.patch.main,f051cc9d40f33518a738ef1cf4f1f575d0c70617,2025-06-10T20:10:32+08:00,f051cc9d40f33518a738ef1cf4f1f575d0c70617,2025-06-10T20:10:32+08:00,1,432,0.06666666666666667,,,False,False,1,0,19.82,0.0,0.0504599211563732,,60844169.0,NewFuture/DDNS,Python
.github/scripts/update_agents_structure.py,0,callable,ok,.github.scripts.update_agents_structure.extract_current_structure,.github.scripts.update_agents_structure.extract_current_structure,3176b02925a055a2f04fe535172332f7ae7e5a99,2025-11-29T19:24:51+08:00,3176b02925a055a2f04fe535172332f7ae7e5a99,2025-11-29T19:24:51+08:00,1,0,0.1111111111111111,,,True,False,0,1,0.0,152.15,,0.006572436888441024,60844169.0,NewFuture/DDNS,Python
.github/scripts/update_agents_structure.py,1,callable,ok,.github.scripts.update_agents_structure.update_agents_structure,.github.scripts.update_agents_structure.update_agents_structure,3176b02925a055a2f04fe535172332f7ae7e5a99,2025-11-29T19:24:51+08:00,3176b02925a055a2f04fe535172332f7ae7e5a99,2025-11-29T19:24:51+08:00,1,0,0.16666666666666666,,,True,False,0,1,0.0,152.15,,0.006572436888441024,60844169.0,NewFuture/DDNS,Python
.github/scripts/update_agents_structure.py,2,callable,ok,.github.scripts.update_agents_structure.version_sort_key,.github.scripts.update_agents_structure.version_sort_key,3176b02925a055a2f04fe535172332f7ae7e5a99,2025-11-29T19:24:51+08:00,3176b02925a055a2f04fe535172332f7ae7e5a99,2025-11-29T19:24:51+08:00,1,0,0.06666666666666667,,,True,False,0,1,0.0,152.15,,0.006572436888441024,60844169.0,NewFuture/DDNS,Python
.github/scripts/update_agents_structure.py,3,callable,ok,.github.scripts.update_agents_structure.get_sorted_files,.github.scripts.update_agents_structure.get_sorted_files,3176b02925a055a2f04fe535172332f7ae7e5a99,2025-11-29T19:24:51+08:00,3176b02925a055a2f04fe535172332f7ae7e5a99,2025-11-29T19:24:51+08:00,1,0,0.0625,,,True,False,0,1,0.0,152.15,,0.006572436888441024,60844169.0,NewFuture/DDNS,Python
.github/scripts/update_agents_structure.py,4,callable,ok,.github.scripts.update_agents_structure.generate_full_structure,.github.scripts.update_agents_structure.generate_full_structure,3176b02925a055a2f04fe535172332f7ae7e5a99,2025-11-29T19:24:51+08:00,3176b02925a055a2f04fe535172332f7ae7e5a99,2025-11-29T19:24:51+08:00,1,0,0.006060606060606061,,,True,False,0,1,0.0,152.15,,0.006572436888441024,60844169.0,NewFuture/DDNS,Python
.github/scripts/update_agents_structure.py,5,callable,ok,.github.scripts.update_agents_structure.main,.github.scripts.update_agents_structure.main,3176b02925a055a2f04fe535172332f7ae7e5a99,2025-11-29T19:24:51+08:00,f8c098561ddabff4a2cf44e941539d1377579b4f,2026-06-16T08:04:58+08:00,5,260,0.13157894736842105,0.9116187883359375,,False,False,0,5,0.0,350.68,,0.014258077002593121,60844169.0,NewFuture/DDNS,Python
.github/scripts/update_agents_structure.py,6,callable,ok,.github.scripts.update_agents_structure.scan_files,.github.scripts.update_agents_structure.scan_files,7ea8312aab88f8f7ce5fd58517cc1fde43152e5f,2025-11-30T03:47:07Z,c4b6d4e0d897c12df7372144fec1b5fee4156058,2026-08-10T10:35:34+08:00,3,260,0.12,0.7988562679051089,,False,False,0,3,0.0,405.78,,0.0073931138848725595,60844169.0,NewFuture/DDNS,Python
.github/scripts/update_agents_structure.py,7,callable,ok,.github.scripts.update_agents_structure.parse_agents_md,.github.scripts.update_agents_structure.parse_agents_md,7ea8312aab88f8f7ce5fd58517cc1fde43152e5f,2025-11-30T03:47:07Z,f8c098561ddabff4a2cf44e941539d1377579b4f,2026-06-16T08:04:58+08:00,3,260,0.07692307692307693,0.8806940201959288,,False,False,0,3,0.0,350.68,,0.008554846201555872,60844169.0,NewFuture/DDNS,Python
.github/scripts/update_agents_structure.py,8,callable,ok,.github.scripts.update_agents_structure.is_documented_english_mirror,.github.scripts.update_agents_structure.is_documented_english_mirror,f8c098561ddabff4a2cf44e941539d1377579b4f,2026-06-16T08:04:58+08:00,f8c098561ddabff4a2cf44e941539d1377579b4f,2026-06-16T08:04:58+08:00,1,62,0.09090909090909091,,,False,False,0,1,0.0,350.68,,0.0028516154005186244,60844169.0,NewFuture/DDNS,Python
ddns/__main__.py,0,callable,ok,ddns.__main__.is_false,ddns.__main__.is_false,baf1fdc30c10d98ae44e36bec8f03a2eaf669689,2025-06-16T01:41:34+08:00,f1a764d3c2e2c6aade66f85162964e6ce9248fee,2025-07-01T19:08:11+08:00,2,15,0.2222222222222222,,,True,False,1,1,14.59,1.14,0.06855031942544676,0.8779684784928207,60844169.0,NewFuture/DDNS,Python
ddns/__main__.py,2,callable,ok,ddns.__main__.change_dns_record,ddns.__main__.change_dns_record,baf1fdc30c10d98ae44e36bec8f03a2eaf669689,2025-06-16T01:41:34+08:00,f1a764d3c2e2c6aade66f85162964e6ce9248fee,2025-07-01T19:08:11+08:00,2,15,0.15384615384615385,,,True,False,1,1,14.59,1.14,0.06855031942544676,0.8779684784928207,60844169.0,NewFuture/DDNS,Python
ddns/__main__.py,1,callable,ok,ddns.__main__.get_ip,ddns.__main__.get_ip,baf1fdc30c10d98ae44e36bec8f03a2eaf669689,2025-06-16T01:41:34+08:00,d14594f14d68eecc69c09e1796cc1bffd8779ed9,2026-08-12T02:23:17+08:00,3,427,0.15789473684210525,0.36758748483026715,,False,False,1,2,14.59,407.44,0.06855031942544676,0.004908684408663317,60844169.0,NewFuture/DDNS,Python
ddns/__main__.py,3,callable,ok,ddns.__main__.update_ip,ddns.__main__.update_ip,baf1fdc30c10d98ae44e36bec8f03a2eaf669689,2025-06-16T01:41:34+08:00,d14594f14d68eecc69c09e1796cc1bffd8779ed9,2026-08-12T02:23:17+08:00,4,427,0.10810810810810811,0.43786311806821665,,False,False,1,3,14.59,407.44,0.06855031942544676,0.007363026612994975,60844169.0,NewFuture/DDNS,Python
ddns/__main__.py,4,callable,ok,ddns.__main__.main,ddns.__main__.main,baf1fdc30c10d98ae44e36bec8f03a2eaf669689,2025-06-16T01:41:34+08:00,6f5984c5889038d9a08e673f8262625c449ea999,2025-08-16T09:20:09+08:00,4,427,0.09090909090909091,1.483015290952407,,False,False,1,3,14.59,46.73,0.06855031942544676,0.06419771310507645,60844169.0,NewFuture/DDNS,Python
ddns/__main__.py,5,callable,ok,ddns.__main__.run,ddns.__main__.run,411764e1b5d769040043ac618308b4b7e5b194c9,2025-07-15T19:13:24+08:00,d14594f14d68eecc69c09e1796cc1bffd8779ed9,2026-08-12T02:23:17+08:00,3,397,0.16666666666666666,0.4040100798781191,,False,False,0,3,0.0,407.44,,0.007363026612994975,60844169.0,NewFuture/DDNS,Python
ddns/__main__.py,6,callable,ok,ddns.__main__._get_ip_from_rule,ddns.__main__._get_ip_from_rule,d14594f14d68eecc69c09e1796cc1bffd8779ed9,2026-08-12T02:23:17+08:00,d14594f14d68eecc69c09e1796cc1bffd8779ed9,2026-08-12T02:23:17+08:00,1,5,0.0625,,,False,False,0,1,0.0,407.44,,0.0024543422043316583,60844169.0,NewFuture/DDNS,Python
ddns/cache.py,0,class,ok,ddns.cache.Cache,ddns.cache.Cache,485e6a3e26c5aab9c6c9a7287efd24e00c9ee159,2025-07-12T11:04:25+08:00,485e6a3e26c5aab9c6c9a7287efd24e00c9ee159,2025-07-12T11:04:25+08:00,1,401,0.005952380952380952,,,False,False,0,1,0.0,11.8,,0.08472390694883127,60844169.0,NewFuture/DDNS,Python
ddns/cache.py,0,callable,ok,ddns.cache.Cache.__init__,ddns.cache.Cache.__init__,485e6a3e26c5aab9c6c9a7287efd24e00c9ee159,2025-07-12T11:04:25+08:00,485e6a3e26c5aab9c6c9a7287efd24e00c9ee159,2025-07-12T11:04:25+08:00,1,401,0.1111111111111111,,,False,False,0,1,0.0,11.8,,0.08472390694883127,60844169.0,NewFuture/DDNS,Python
ddns/cache.py,1,callable,ok,ddns.cache.Cache.time,ddns.cache.Cache.time,485e6a3e26c5aab9c6c9a7287efd24e00c9ee159,2025-07-12T11:04:25+08:00,485e6a3e26c5aab9c6c9a7287efd24e00c9ee159,2025-07-12T11:04:25+08:00,1,401,0.2,,,False,False,0,1,0.0,11.8,,0.08472390694883127,60844169.0,NewFuture/DDNS,Python
ddns/cache.py,2,callable,ok,ddns.cache.Cache.load,ddns.cache.Cache.load,485e6a3e26c5aab9c6c9a7287efd24e00c9ee159,2025-07-12T11:04:25+08:00,485e6a3e26c5aab9c6c9a7287efd24e00c9ee159,2025-07-12T11:04:25+08:00,1,401,0.037037037037037035,,,False,False,0,1,0.0,11.8,,0.08472390694883127,60844169.0,NewFuture/DDNS,Python
ddns/cache.py,3,callable,ok,ddns.cache.Cache.sync,ddns.cache.Cache.sync,485e6a3e26c5aab9c6c9a7287efd24e00c9ee159,2025-07-12T11:04:25+08:00,485e6a3e26c5aab9c6c9a7287efd24e00c9ee159,2025-07-12T11:04:25+08:00,1,401,0.09090909090909091,,,False,False,0,1,0.0,11.8,,0.08472390694883127,60844169.0,NewFuture/DDNS,Python
ddns/cache.py,4,callable,ok,ddns.cache.Cache.close,ddns.cache.Cache.close,485e6a3e26c5aab9c6c9a7287efd24e00c9ee159,2025-07-12T11:04:25+08:00,485e6a3e26c5aab9c6c9a7287efd24e00c9ee159,2025-07-12T11:04:25+08:00,1,401,0.1,,,False,False,0,1,0.0,11.8,,0.08472390694883127,60844169.0,NewFuture/DDNS,Python
ddns/cache.py,5,callable,ok,ddns.cache.Cache.__update,ddns.cache.Cache.__update,485e6a3e26c5aab9c6c9a7287efd24e00c9ee159,2025-07-12T11:04:25+08:00,485e6a3e26c5aab9c6c9a7287efd24e00c9ee159,2025-07-12T11:04:25+08:00,1,401,0.16666666666666666,,,False,False,0,1,0.0,11.8,,0.08472390694883127,60844169.0,NewFuture/DDNS,Python
ddns/cache.py,6,callable,ok,ddns.cache.Cache.clear,ddns.cache.Cache.clear,485e6a3e26c5aab9c6c9a7287efd24e00c9ee159,2025-07-12T11:04:25+08:00,485e6a3e26c5aab9c6c9a7287efd24e00c9ee159,2025-07-12T11:04:25+08:00,1,401,0.14285714285714285,,,False,False,0,1,0.0,11.8,,0.08472390694883127,60844169.0,NewFuture/DDNS,Python
ddns/cache.py,7,callable,ok,ddns.cache.Cache.get,ddns.cache.Cache.get,485e6a3e26c5aab9c6c9a7287efd24e00c9ee159,2025-07-12T11:04:25+08:00,485e6a3e26c5aab9c6c9a7287efd24e00c9ee159,2025-07-12T11:04:25+08:00,1,401,0.1,,,False,False,0,1,0.0,11.8,,0.08472390694883127,60844169.0,NewFuture/DDNS,Python
ddns/cache.py,8,callable,ok,ddns.cache.Cache.__setitem__,ddns.cache.Cache.__setitem__,485e6a3e26c5aab9c6c9a7287efd24e00c9ee159,2025-07-12T11:04:25+08:00,485e6a3e26c5aab9c6c9a7287efd24e00c9ee159,2025-07-12T11:04:25+08:00,1,401,0.16666666666666666,,,False,False,0,1,0.0,11.8,,0.08472390694883127,60844169.0,NewFuture/DDNS,Python
ddns/cache.py,9,callable,ok,ddns.cache.Cache.__delitem__,ddns.cache.Cache.__delitem__,485e6a3e26c5aab9c6c9a7287efd24e00c9ee159,2025-07-12T11:04:25+08:00,485e6a3e26c5aab9c6c9a7287efd24e00c9ee159,2025-07-12T11:04:25+08:00,1,401,0.125,,,False,False,0,1,0.0,11.8,,0.08472390694883127,60844169.0,NewFuture/DDNS,Python
ddns/cache.py,10,callable,ok,ddns.cache.Cache.__getitem__,ddns.cache.Cache.__getitem__,485e6a3e26c5aab9c6c9a7287efd24e00c9ee159,2025-07-12T11:04:25+08:00,485e6a3e26c5aab9c6c9a7287efd24e00c9ee159,2025-07-12T11:04:25+08:00,1,401,0.5,,,False,False,0,1,0.0,11.8,,0.08472390694883127,60844169.0,NewFuture/DDNS,Python
ddns/cache.py,11,callable,ok,ddns.cache.Cache.__iter__,ddns.cache.Cache.__iter__,485e6a3e26c5aab9c6c9a7287efd24e00c9ee159,2025-07-12T11:04:25+08:00,485e6a3e26c5aab9c6c9a7287efd24e00c9ee159,2025-07-12T11:04:25+08:00,1,401,0.2,,,False,False,0,1,0.0,11.8,,0.08472390694883127,60844169.0,NewFuture/DDNS,Python
ddns/cache.py,12,callable,ok,ddns.cache.Cache.__items__,ddns.cache.Cache.__items__,485e6a3e26c5aab9c6c9a7287efd24e00c9ee159,2025-07-12T11:04:25+08:00,485e6a3e26c5aab9c6c9a7287efd24e00c9ee159,2025-07-12T11:04:25+08:00,1,401,0.3333333333333333,,,False,False,0,1,0.0,11.8,,0.08472390694883127,60844169.0,NewFuture/DDNS,Python
ddns/cache.py,13,callable,ok,ddns.cache.Cache.__len__,ddns.cache.Cache.__len__,485e6a3e26c5aab9c6c9a7287efd24e00c9ee159,2025-07-12T11:04:25+08:00,485e6a3e26c5aab9c6c9a7287efd24e00c9ee159,2025-07-12T11:04:25+08:00,1,401,0.3333333333333333,,,False,False,0,1,0.0,11.8,,0.08472390694883127,60844169.0,NewFuture/DDNS,Python
ddns/cache.py,14,callable,ok,ddns.cache.Cache.__contains__,ddns.cache.Cache.__contains__,485e6a3e26c5aab9c6c9a7287efd24e00c9ee159,2025-07-12T11:04:25+08:00,485e6a3e26c5aab9c6c9a7287efd24e00c9ee159,2025-07-12T11:04:25+08:00,1,401,0.5,,,False,False,0,1,0.0,11.8,,0.08472390694883127,60844169.0,NewFuture/DDNS,Python
ddns/cache.py,15,callable,ok,ddns.cache.Cache.__str__,ddns.cache.Cache.__str__,485e6a3e26c5aab9c6c9a7287efd24e00c9ee159,2025-07-12T11:04:25+08:00,485e6a3e26c5aab9c6c9a7287efd24e00c9ee159,2025-07-12T11:04:25+08:00,1,401,0.5,,,False,False,0,1,0.0,11.8,,0.08472390694883127,60844169.0,NewFuture/DDNS,Python
ddns/cache.py,16,callable,ok,ddns.cache.Cache.__del__,ddns.cache.Cache.__del__,485e6a3e26c5aab9c6c9a7287efd24e00c9ee159,2025-07-12T11:04:25+08:00,485e6a3e26c5aab9c6c9a7287efd24e00c9ee159,2025-07-12T11:04:25+08:00,1,401,0.5,,,False,False,0,1,0.0,11.8,,0.08472390694883127,60844169.0,NewFuture/DDNS,Python
ddns/cache.py,17,callable,ok,ddns.cache.Cache.new,ddns.cache.Cache.new,485e6a3e26c5aab9c6c9a7287efd24e00c9ee159,2025-07-12T11:04:25+08:00,485e6a3e26c5aab9c6c9a7287efd24e00c9ee159,2025-07-12T11:04:25+08:00,1,401,0.038461538461538464,,,False,False,0,1,0.0,11.8,,0.08472390694883127,60844169.0,NewFuture/DDNS,Python
ddns/config/__init__.py,1,callable,ok,ddns.config.load_config,ddns.config.load_config,485e6a3e26c5aab9c6c9a7287efd24e00c9ee159,2025-07-12T11:04:25+08:00,485e6a3e26c5aab9c6c9a7287efd24e00c9ee159,2025-07-12T11:04:25+08:00,1,0,0.014084507042253521,,,True,False,0,1,0.0,11.8,,0.08472390694883127,60844169.0,NewFuture/DDNS,Python
ddns/config/__init__.py,0,callable,ok,ddns.config._get_config_path,ddns.config._get_config_paths,485e6a3e26c5aab9c6c9a7287efd24e00c9ee159,2025-07-12T11:04:25+08:00,96b4ca2e0c55a21eb88a7ec2bbdf1dd75be10baf,2025-07-18T02:54:09+08:00,2,5,0.07692307692307693,,,True,True,0,2,0.0,17.46,,0.11453060678023842,60844169.0,NewFuture/DDNS,Python
ddns/config/__init__.py,2,callable,ok,ddns.config._setup_logging,ddns.config._setup_logging,96b4ca2e0c55a21eb88a7ec2bbdf1dd75be10baf,2025-07-18T02:54:09+08:00,21539a6cb47fc08bb7ecdb232beb53bf68ed80f0,2025-11-21T00:17:09+08:00,3,395,0.10714285714285714,0.8644425243990566,,False,False,0,3,0.0,143.35,,0.020927280365084157,60844169.0,NewFuture/DDNS,Python
ddns/config/__init__.py,3,callable,ok,ddns.config._load_json_configs,ddns.config._load_json_configs,96b4ca2e0c55a21eb88a7ec2bbdf1dd75be10baf,2025-07-18T02:54:09+08:00,e66dcf024059173deb9b02ba801b1ed5f9279401,2025-07-22T01:46:01Z,2,395,0.15384615384615385,,,False,False,0,2,0.0,21.75,,0.09195994420670978,60844169.0,NewFuture/DDNS,Python
ddns/config/__init__.py,4,callable,ok,ddns.config._validate_configs,ddns.config._validate_configs,96b4ca2e0c55a21eb88a7ec2bbdf1dd75be10baf,2025-07-18T02:54:09+08:00,96b4ca2e0c55a21eb88a7ec2bbdf1dd75be10baf,2025-07-18T02:54:09+08:00,1,395,0.1111111111111111,,,False,False,0,1,0.0,17.46,,0.05726530339011921,60844169.0,NewFuture/DDNS,Python
ddns/config/__init__.py,5,callable,ok,ddns.config.load_configs,ddns.config.load_configs,96b4ca2e0c55a21eb88a7ec2bbdf1dd75be10baf,2025-07-18T02:54:09+08:00,e58daa0a80b759cb5abbfec2acfd2e7cd8593a5b,2026-08-08T11:09:51+08:00,3,395,0.04225352112676056,0.08796001702580034,,False,False,0,3,0.0,403.81,,0.007429295080565575,60844169.0,NewFuture/DDNS,Python
ddns/config/__init__.py,6,callable,ok,ddns.config._get_config_paths,ddns.config._get_config_paths,e66dcf024059173deb9b02ba801b1ed5f9279401,2025-07-22T01:46:01Z,d14594f14d68eecc69c09e1796cc1bffd8779ed9,2026-08-12T02:23:17+08:00,2,391,0.08695652173913043,,,False,False,0,2,0.0,407.44,,0.004908684408663317,60844169.0,NewFuture/DDNS,Python
ddns/config/cli.py,0,class,ok,ddns.config.cli.ExtendAction,ddns.config.cli.ExtendAction,485e6a3e26c5aab9c6c9a7287efd24e00c9ee159,2025-07-12T11:04:25+08:00,485e6a3e26c5aab9c6c9a7287efd24e00c9ee159,2025-07-12T11:04:25+08:00,1,401,0.06666666666666667,,,False,False,0,1,0.0,11.8,,0.08472390694883127,60844169.0,NewFuture/DDNS,Python
ddns/config/cli.py,1,class,ok,ddns.config.cli.NewConfigAction,ddns.config.cli.NewConfigAction,485e6a3e26c5aab9c6c9a7287efd24e00c9ee159,2025-07-12T11:04:25+08:00,feb8911f904a6d949c0e350862176fe1c5347ca6,2025-07-26T00:51:18+08:00,2,401,0.09523809523809523,,,False,False,0,2,0.0,25.38,,0.0788106883347411,60844169.0,NewFuture/DDNS,Python
ddns/config/cli.py,10,callable,ok,ddns.config.cli._print_status,ddns.config.cli._print_status,6c24557505ff3377fdf7d8b47441fc3154a72d55,2025-08-07T17:58:43Z,6c24557505ff3377fdf7d8b47441fc3154a72d55,2025-08-07T17:58:43Z,1,0,0.1,,,True,False,0,1,0.0,38.42,,0.026025342779970484,60844169.0,NewFuture/DDNS,Python
ddns/config/cli.py,0,callable,ok,ddns.config.cli.str_bool,ddns.config.cli.str_bool,485e6a3e26c5aab9c6c9a7287efd24e00c9ee159,2025-07-12T11:04:25+08:00,c2cad12380081d2f6fbcbc02230dc8bc7793664f,2025-07-20T18:51:40Z,3,401,0.17647058823529413,0.930728102170955,,False,False,0,3,0.0,20.46,,0.14662142822394614,60844169.0,NewFuture/DDNS,Python
ddns/config/cli.py,1,callable,ok,ddns.config.cli.log_level,ddns.config.cli.log_level,485e6a3e26c5aab9c6c9a7287efd24e00c9ee159,2025-07-12T11:04:25+08:00,485e6a3e26c5aab9c6c9a7287efd24e00c9ee159,2025-07-12T11:04:25+08:00,1,401,0.16666666666666666,,,False,False,0,1,0.0,11.8,,0.08472390694883127,60844169.0,NewFuture/DDNS,Python
ddns/config/cli.py,2,callable,ok,ddns.config.cli._get_system_info_str,ddns.config.cli._get_system_info_str,485e6a3e26c5aab9c6c9a7287efd24e00c9ee159,2025-07-12T11:04:25+08:00,485e6a3e26c5aab9c6c9a7287efd24e00c9ee159,2025-07-12T11:04:25+08:00,1,401,0.16666666666666666,,,False,False,0,1,0.0,11.8,,0.08472390694883127,60844169.0,NewFuture/DDNS,Python
ddns/config/cli.py,3,callable,ok,ddns.config.cli._get_python_info_str,ddns.config.cli._get_python_info_str,485e6a3e26c5aab9c6c9a7287efd24e00c9ee159,2025-07-12T11:04:25+08:00,485e6a3e26c5aab9c6c9a7287efd24e00c9ee159,2025-07-12T11:04:25+08:00,1,401,0.25,,,False,False,0,1,0.0,11.8,,0.08472390694883127,60844169.0,NewFuture/DDNS,Python
ddns/config/cli.py,4,callable,ok,ddns.config.cli.load_config,ddns.config.cli.load_config,485e6a3e26c5aab9c6c9a7287efd24e00c9ee159,2025-07-12T11:04:25+08:00,c919f2c6afd9f75f2c239642d6ea7f24a631df75,2026-08-13T17:25:47+08:00,8,401,0.09523809523809523,1.1540117137161399,,False,False,0,8,0.0,409.07,,0.01955665637197711,60844169.0,NewFuture/DDNS,Python
ddns/config/cli.py,5,callable,ok,ddns.config.cli.ExtendAction.__call__,ddns.config.cli.ExtendAction.__call__,485e6a3e26c5aab9c6c9a7287efd24e00c9ee159,2025-07-12T11:04:25+08:00,485e6a3e26c5aab9c6c9a7287efd24e00c9ee159,2025-07-12T11:04:25+08:00,1,401,0.1,,,False,False,0,1,0.0,11.8,,0.08472390694883127,60844169.0,NewFuture/DDNS,Python
ddns/config/cli.py,6,callable,ok,ddns.config.cli.NewConfigAction.__call__,ddns.config.cli.NewConfigAction.__call__,485e6a3e26c5aab9c6c9a7287efd24e00c9ee159,2025-07-12T11:04:25+08:00,feb8911f904a6d949c0e350862176fe1c5347ca6,2025-07-26T00:51:18+08:00,2,401,0.1111111111111111,,,False,False,0,2,0.0,25.38,,0.0788106883347411,60844169.0,NewFuture/DDNS,Python
ddns/config/cli.py,7,callable,ok,ddns.config.cli._add_ddns_args,ddns.config.cli._add_ddns_args,6c24557505ff3377fdf7d8b47441fc3154a72d55,2025-08-07T17:58:43Z,06fceed0f7413546d3575022a19f319a796f79ef,2026-08-06T17:59:40+08:00,5,374,0.04854368932038835,1.9185410720901714,,False,False,0,5,0.0,402.09,,0.012434983315533844,60844169.0,NewFuture/DDNS,Python
ddns/config/cli.py,8,callable,ok,ddns.config.cli._add_task_subcommand_if_needed,ddns.config.cli._add_task_subcommand_if_needed,6c24557505ff3377fdf7d8b47441fc3154a72d55,2025-08-07T17:58:43Z,c919f2c6afd9f75f2c239642d6ea7f24a631df75,2026-08-13T17:25:47+08:00,3,374,0.2,0.040691834722947774,,False,False,0,3,0.0,409.07,,0.007333746139491417,60844169.0,NewFuture/DDNS,Python
ddns/config/cli.py,9,callable,ok,ddns.config.cli._handle_task_command,ddns.config.cli._handle_task_command,6c24557505ff3377fdf7d8b47441fc3154a72d55,2025-08-07T17:58:43Z,6f5984c5889038d9a08e673f8262625c449ea999,2025-08-16T09:20:09+08:00,2,374,0.03333333333333333,,,False,False,0,2,0.0,46.73,,0.0427984754033843,60844169.0,NewFuture/DDNS,Python
ddns/config/cli.py,11,callable,ok,ddns.config.cli.non_negative_int,ddns.config.cli.non_negative_int,06fceed0f7413546d3575022a19f319a796f79ef,2026-08-06T17:59:40+08:00,06fceed0f7413546d3575022a19f319a796f79ef,2026-08-06T17:59:40+08:00,1,10,0.1,,,False,False,0,1,0.0,402.09,,0.0024869966631067687,60844169.0,NewFuture/DDNS,Python
ddns/config/cli.py,12,callable,ok,ddns.config.cli.port_number,ddns.config.cli.port_number,d14594f14d68eecc69c09e1796cc1bffd8779ed9,2026-08-12T02:23:17+08:00,d14594f14d68eecc69c09e1796cc1bffd8779ed9,2026-08-12T02:23:17+08:00,1,5,0.1,,,False,False,0,1,0.0,407.44,,0.0024543422043316583,60844169.0,NewFuture/DDNS,Python
ddns/config/cli.py,13,callable,ok,ddns.config.cli.interval_minutes,ddns.config.cli.interval_minutes,d14594f14d68eecc69c09e1796cc1bffd8779ed9,2026-08-12T02:23:17+08:00,d14594f14d68eecc69c09e1796cc1bffd8779ed9,2026-08-12T02:23:17+08:00,1,5,0.08333333333333333,,,False,False,0,1,0.0,407.44,,0.0024543422043316583,60844169.0,NewFuture/DDNS,Python
ddns/config/cli.py,14,callable,ok,ddns.config.cli.config_interval_minutes,ddns.config.cli.config_interval_minutes,d14594f14d68eecc69c09e1796cc1bffd8779ed9,2026-08-12T02:23:17+08:00,d14594f14d68eecc69c09e1796cc1bffd8779ed9,2026-08-12T02:23:17+08:00,1,5,0.16666666666666666,,,False,False,0,1,0.0,407.44,,0.0024543422043316583,60844169.0,NewFuture/DDNS,Python
ddns/config/cli.py,15,callable,ok,ddns.config.cli._add_task_subcommand,ddns.config.cli._add_task_subcommand,d14594f14d68eecc69c09e1796cc1bffd8779ed9,2026-08-12T02:23:17+08:00,d14594f14d68eecc69c09e1796cc1bffd8779ed9,2026-08-12T02:23:17+08:00,1,5,0.037037037037037035,,,False,False,0,1,0.0,407.44,,0.0024543422043316583,60844169.0,NewFuture/DDNS,Python
ddns/config/cli.py,16,callable,ok,ddns.config.cli._add_web_subcommand,ddns.config.cli._add_web_subcommand,d14594f14d68eecc69c09e1796cc1bffd8779ed9,2026-08-12T02:23:17+08:00,d14594f14d68eecc69c09e1796cc1bffd8779ed9,2026-08-12T02:23:17+08:00,1,5,0.047619047619047616,,,False,False,0,1,0.0,407.44,,0.0024543422043316583,60844169.0,NewFuture/DDNS,Python
ddns/config/cli.py,17,callable,ok,ddns.config.cli._expand_web_interval_shorthand,ddns.config.cli._expand_web_interval_shorthand,d14594f14d68eecc69c09e1796cc1bffd8779ed9,2026-08-12T02:23:17+08:00,c919f2c6afd9f75f2c239642d6ea7f24a631df75,2026-08-13T17:25:47+08:00,2,5,0.2,,,False,False,0,2,0.0,409.07,,0.004889164092994278,60844169.0,NewFuture/DDNS,Python
ddns/config/cli.py,18,callable,ok,ddns.config.cli._cli_config_paths,ddns.config.cli._cli_config_paths,d14594f14d68eecc69c09e1796cc1bffd8779ed9,2026-08-12T02:23:17+08:00,d14594f14d68eecc69c09e1796cc1bffd8779ed9,2026-08-12T02:23:17+08:00,1,5,0.05,,,False,False,0,1,0.0,407.44,,0.0024543422043316583,60844169.0,NewFuture/DDNS,Python
ddns/config/cli.py,19,callable,ok,ddns.config.cli._reject_multiple_web_configs,ddns.config.cli._reject_multiple_web_configs,d14594f14d68eecc69c09e1796cc1bffd8779ed9,2026-08-12T02:23:17+08:00,d14594f14d68eecc69c09e1796cc1bffd8779ed9,2026-08-12T02:23:17+08:00,1,5,0.25,,,False,False,0,1,0.0,407.44,,0.0024543422043316583,60844169.0,NewFuture/DDNS,Python
ddns/config/cli.py,20,callable,ok,ddns.config.cli._default_local_config_path,ddns.config.cli._default_local_config_path,d14594f14d68eecc69c09e1796cc1bffd8779ed9,2026-08-12T02:23:17+08:00,d14594f14d68eecc69c09e1796cc1bffd8779ed9,2026-08-12T02:23:17+08:00,1,5,0.14285714285714285,,,False,False,0,1,0.0,407.44,,0.0024543422043316583,60844169.0,NewFuture/DDNS,Python
ddns/config/cli.py,21,callable,ok,ddns.config.cli._document_interval,ddns.config.cli._document_interval,d14594f14d68eecc69c09e1796cc1bffd8779ed9,2026-08-12T02:23:17+08:00,d14594f14d68eecc69c09e1796cc1bffd8779ed9,2026-08-12T02:23:17+08:00,1,5,0.16666666666666666,,,False,False,0,1,0.0,407.44,,0.0024543422043316583,60844169.0,NewFuture/DDNS,Python
ddns/config/cli.py,22,callable,ok,ddns.config.cli._configured_web_interval,ddns.config.cli._configured_web_interval,d14594f14d68eecc69c09e1796cc1bffd8779ed9,2026-08-12T02:23:17+08:00,d14594f14d68eecc69c09e1796cc1bffd8779ed9,2026-08-12T02:23:17+08:00,1,5,0.037037037037037035,,,False,False,0,1,0.0,407.44,,0.0024543422043316583,60844169.0,NewFuture/DDNS,Python
ddns/config/cli.py,23,callable,ok,ddns.config.cli._validate_explicit_web_configs,ddns.config.cli._validate_explicit_web_configs,d14594f14d68eecc69c09e1796cc1bffd8779ed9,2026-08-12T02:23:17+08:00,d14594f14d68eecc69c09e1796cc1bffd8779ed9,2026-08-12T02:23:17+08:00,1,5,0.14285714285714285,,,False,False,0,1,0.0,407.44,,0.0024543422043316583,60844169.0,NewFuture/DDNS,Python
ddns/config/cli.py,24,callable,ok,ddns.config.cli._validate_web_mode_arguments,ddns.config.cli._validate_web_mode_arguments,d14594f14d68eecc69c09e1796cc1bffd8779ed9,2026-08-12T02:23:17+08:00,d14594f14d68eecc69c09e1796cc1bffd8779ed9,2026-08-12T02:23:17+08:00,1,5,0.047619047619047616,,,False,False,0,1,0.0,407.44,,0.0024543422043316583,60844169.0,NewFuture/DDNS,Python
ddns/config/cli.py,25,callable,ok,ddns.config.cli._expand_web_config_shorthand,ddns.config.cli._expand_web_config_shorthand,d14594f14d68eecc69c09e1796cc1bffd8779ed9,2026-08-12T02:23:17+08:00,c919f2c6afd9f75f2c239642d6ea7f24a631df75,2026-08-13T17:25:47+08:00,2,5,0.09523809523809523,,,False,False,0,2,0.0,409.07,,0.004889164092994278,60844169.0,NewFuture/DDNS,Python
ddns/config/cli.py,26,callable,ok,ddns.config.cli._handle_web_command,ddns.config.cli._handle_web_command,d14594f14d68eecc69c09e1796cc1bffd8779ed9,2026-08-12T02:23:17+08:00,c919f2c6afd9f75f2c239642d6ea7f24a631df75,2026-08-13T17:25:47+08:00,2,5,0.06451612903225806,,,False,False,0,2,0.0,409.07,,0.004889164092994278,60844169.0,NewFuture/DDNS,Python
ddns/config/cli.py,27,callable,ok,ddns.config.cli._add_mcp_subcommand,ddns.config.cli._add_mcp_subcommand,c919f2c6afd9f75f2c239642d6ea7f24a631df75,2026-08-13T17:25:47+08:00,c919f2c6afd9f75f2c239642d6ea7f24a631df75,2026-08-13T17:25:47+08:00,1,3,0.16666666666666666,,,False,False,0,1,0.0,409.07,,0.002444582046497139,60844169.0,NewFuture/DDNS,Python
ddns/config/cli.py,28,callable,ok,ddns.config.cli._validate_explicit_mcp_configs,ddns.config.cli._validate_explicit_mcp_configs,c919f2c6afd9f75f2c239642d6ea7f24a631df75,2026-08-13T17:25:47+08:00,c919f2c6afd9f75f2c239642d6ea7f24a631df75,2026-08-13T17:25:47+08:00,1,3,0.125,,,False,False,0,1,0.0,409.07,,0.002444582046497139,60844169.0,NewFuture/DDNS,Python
ddns/config/cli.py,29,callable,ok,ddns.config.cli._validate_mcp_mode_arguments,ddns.config.cli._validate_mcp_mode_arguments,c919f2c6afd9f75f2c239642d6ea7f24a631df75,2026-08-13T17:25:47+08:00,c919f2c6afd9f75f2c239642d6ea7f24a631df75,2026-08-13T17:25:47+08:00,1,3,0.05555555555555555,,,False,False,0,1,0.0,409.07,,0.002444582046497139,60844169.0,NewFuture/DDNS,Python
ddns/config/cli.py,30,callable,ok,ddns.config.cli._local_config_path,ddns.config.cli._local_config_path,c919f2c6afd9f75f2c239642d6ea7f24a631df75,2026-08-13T17:25:47+08:00,c919f2c6afd9f75f2c239642d6ea7f24a631df75,2026-08-13T17:25:47+08:00,1,3,0.05,,,False,False,0,1,0.0,409.07,,0.002444582046497139,60844169.0,NewFuture/DDNS,Python
ddns/config/cli.py,31,callable,ok,ddns.config.cli._handle_mcp_command,ddns.config.cli._handle_mcp_command,c919f2c6afd9f75f2c239642d6ea7f24a631df75,2026-08-13T17:25:47+08:00,c919f2c6afd9f75f2c239642d6ea7f24a631df75,2026-08-13T17:25:47+08:00,1,3,0.1111111111111111,,,False,False,0,1,0.0,409.07,,0.002444582046497139,60844169.0,NewFuture/DDNS,Python
ddns/config/config.py,0,class,ok,ddns.config.config.Config,ddns.config.config.Config,485e6a3e26c5aab9c6c9a7287efd24e00c9ee159,2025-07-12T11:04:25+08:00,d14594f14d68eecc69c09e1796cc1bffd8779ed9,2026-08-12T02:23:17+08:00,7,401,0.03888888888888889,1.451275348792998,,False,False,0,7,0.0,407.44,,0.01718039543032161,60844169.0,NewFuture/DDNS,Python
ddns/config/config.py,0,callable,ok,ddns.config.config.is_false,ddns.config.config.is_false,485e6a3e26c5aab9c6c9a7287efd24e00c9ee159,2025-07-12T11:04:25+08:00,485e6a3e26c5aab9c6c9a7287efd24e00c9ee159,2025-07-12T11:04:25+08:00,1,401,0.1111111111111111,,,False,False,0,1,0.0,11.8,,0.08472390694883127,60844169.0,NewFuture/DDNS,Python
ddns/config/config.py,1,callable,ok,ddns.config.config.split_array_string,ddns.config.config.split_array_string,485e6a3e26c5aab9c6c9a7287efd24e00c9ee159,2025-07-12T11:04:25+08:00,e58daa0a80b759cb5abbfec2acfd2e7cd8593a5b,2026-08-08T11:09:51+08:00,2,401,0.05263157894736842,,,False,False,0,2,0.0,403.81,,0.004952863387043717,60844169.0,NewFuture/DDNS,Python
ddns/config/config.py,2,callable,ok,ddns.config.config.Config.__init__,ddns.config.config.Config.__init__,485e6a3e26c5aab9c6c9a7287efd24e00c9ee159,2025-07-12T11:04:25+08:00,d14594f14d68eecc69c09e1796cc1bffd8779ed9,2026-08-12T02:23:17+08:00,6,401,0.09230769230769231,1.2672902933159491,,False,False,0,6,0.0,407.44,,0.01472605322598995,60844169.0,NewFuture/DDNS,Python
ddns/config/config.py,3,callable,ok,ddns.config.config.Config._get,ddns.config.config.Config._get,485e6a3e26c5aab9c6c9a7287efd24e00c9ee159,2025-07-12T11:04:25+08:00,e58daa0a80b759cb5abbfec2acfd2e7cd8593a5b,2026-08-08T11:09:51+08:00,2,401,0.11764705882352941,,,False,False,0,2,0.0,403.81,,0.004952863387043717,60844169.0,NewFuture/DDNS,Python
ddns/config/config.py,4,callable,ok,ddns.config.config.Config.md5,ddns.config.config.Config.md5,485e6a3e26c5aab9c6c9a7287efd24e00c9ee159,2025-07-12T11:04:25+08:00,06fceed0f7413546d3575022a19f319a796f79ef,2026-08-06T17:59:40+08:00,3,401,0.09090909090909091,0.7932570078221808,,False,False,0,3,0.0,402.09,,0.007460989989320307,60844169.0,NewFuture/DDNS,Python
ddns/config/config.py,5,callable,ok,ddns.config.config.Config._collect_extra,ddns.config.config.Config._collect_extra,1600e57aff994e751c31305bcebf0580348ce248,2025-10-13T17:06:56+08:00,f99fd8f0b3a81f193ed7285b879c6e4025124d91,2025-11-15T16:44:59Z,2,307,0.10526315789473684,,,False,False,0,2,0.0,138.37,,0.014453699105602087,60844169.0,NewFuture/DDNS,Python
ddns/config/config.py,6,callable,ok,ddns.config.config.Config._process_extra_from_source,ddns.config.config.Config._process_extra_from_source,f99fd8f0b3a81f193ed7285b879c6e4025124d91,2025-11-15T16:44:59Z,f99fd8f0b3a81f193ed7285b879c6e4025124d91,2025-11-15T16:44:59Z,1,274,0.05,,,False,False,0,1,0.0,138.37,,0.007226849552801043,60844169.0,NewFuture/DDNS,Python
ddns/config/config.py,7,callable,ok,ddns.config.config.Config._get_cache_max_age,ddns.config.config.Config._get_cache_max_age,06fceed0f7413546d3575022a19f319a796f79ef,2026-08-06T17:59:40+08:00,d14594f14d68eecc69c09e1796cc1bffd8779ed9,2026-08-12T02:23:17+08:00,2,10,0.13333333333333333,,,False,False,0,2,0.0,407.44,,0.004908684408663317,60844169.0,NewFuture/DDNS,Python
ddns/config/config.py,8,callable,ok,ddns.config.config._special_source_start,ddns.config.config._special_source_start,e58daa0a80b759cb5abbfec2acfd2e7cd8593a5b,2026-08-08T11:09:51+08:00,e58daa0a80b759cb5abbfec2acfd2e7cd8593a5b,2026-08-08T11:09:51+08:00,1,9,0.07692307692307693,,,False,False,0,1,0.0,403.81,,0.0024764316935218583,60844169.0,NewFuture/DDNS,Python
ddns/config/env.py,0,callable,ok,ddns.config.env._try_parse_array,ddns.config.env._try_parse_array,485e6a3e26c5aab9c6c9a7287efd24e00c9ee159,2025-07-12T11:04:25+08:00,485e6a3e26c5aab9c6c9a7287efd24e00c9ee159,2025-07-12T11:04:25+08:00,1,401,0.045454545454545456,,,False,False,0,1,0.0,11.8,,0.08472390694883127,60844169.0,NewFuture/DDNS,Python
ddns/config/env.py,1,callable,ok,ddns.config.env.load_config,ddns.config.env.load_config,485e6a3e26c5aab9c6c9a7287efd24e00c9ee159,2025-07-12T11:04:25+08:00,1600e57aff994e751c31305bcebf0580348ce248,2025-10-13T17:06:56+08:00,3,401,0.075,0.4458902839333642,,False,False,0,3,0.0,105.05,,0.028556527050368555,60844169.0,NewFuture/DDNS,Python
ddns/config/file.py,0,callable,ok,ddns.config.file.load_config,ddns.config.file.load_config,485e6a3e26c5aab9c6c9a7287efd24e00c9ee159,2025-07-12T11:04:25+08:00,6e3d3560c725177ecab74f4880981a6dc7bc190d,2026-08-15T22:23:27+08:00,8,401,0.11594202898550725,1.306442999124988,,False,False,0,8,0.0,411.27,,0.019451724222842127,60844169.0,NewFuture/DDNS,Python
ddns/config/file.py,1,callable,ok,ddns.config.file.save_config,ddns.config.file.save_config,485e6a3e26c5aab9c6c9a7287efd24e00c9ee159,2025-07-12T11:04:25+08:00,06fceed0f7413546d3575022a19f319a796f79ef,2026-08-06T17:59:40+08:00,4,401,0.08333333333333333,0.41011488585121453,,False,False,0,4,0.0,402.09,,0.009947986652427075,60844169.0,NewFuture/DDNS,Python
ddns/config/file.py,2,callable,ok,ddns.config.file._process_multi_providers,ddns.config.file._process_multi_providers,96b4ca2e0c55a21eb88a7ec2bbdf1dd75be10baf,2025-07-18T02:54:09+08:00,f99fd8f0b3a81f193ed7285b879c6e4025124d91,2025-11-15T16:44:59Z,2,395,0.07692307692307693,,,False,False,0,2,0.0,138.37,,0.014453699105602087,60844169.0,NewFuture/DDNS,Python
ddns/config/file.py,3,callable,ok,ddns.config.file._flatten_single_config,ddns.config.file._flatten_single_config,96b4ca2e0c55a21eb88a7ec2bbdf1dd75be10baf,2025-07-18T02:54:09+08:00,f99fd8f0b3a81f193ed7285b879c6e4025124d91,2025-11-15T16:44:59Z,2,395,0.07407407407407407,,,False,False,0,2,0.0,138.37,,0.014453699105602087,60844169.0,NewFuture/DDNS,Python
ddns/ip.py,0,callable,ok,ddns.ip.default_v4,ddns.ip.default_v4,458f354067f7f4aeecb3ead93d119bf3bee0a8d4,2025-07-14T01:36:35+08:00,458f354067f7f4aeecb3ead93d119bf3bee0a8d4,2025-07-14T01:36:35+08:00,1,399,0.16666666666666666,,,False,False,0,1,0.0,13.41,,0.07457836036367309,60844169.0,NewFuture/DDNS,Python
ddns/ip.py,1,callable,ok,ddns.ip.default_v6,ddns.ip.default_v6,458f354067f7f4aeecb3ead93d119bf3bee0a8d4,2025-07-14T01:36:35+08:00,458f354067f7f4aeecb3ead93d119bf3bee0a8d4,2025-07-14T01:36:35+08:00,1,399,0.16666666666666666,,,False,False,0,1,0.0,13.41,,0.07457836036367309,60844169.0,NewFuture/DDNS,Python
ddns/ip.py,2,callable,ok,ddns.ip.local_v6,ddns.ip.local_v6,458f354067f7f4aeecb3ead93d119bf3bee0a8d4,2025-07-14T01:36:35+08:00,458f354067f7f4aeecb3ead93d119bf3bee0a8d4,2025-07-14T01:36:35+08:00,1,399,0.25,,,False,False,0,1,0.0,13.41,,0.07457836036367309,60844169.0,NewFuture/DDNS,Python
ddns/ip.py,3,callable,ok,ddns.ip.local_v4,ddns.ip.local_v4,458f354067f7f4aeecb3ead93d119bf3bee0a8d4,2025-07-14T01:36:35+08:00,458f354067f7f4aeecb3ead93d119bf3bee0a8d4,2025-07-14T01:36:35+08:00,1,399,0.25,,,False,False,0,1,0.0,13.41,,0.07457836036367309,60844169.0,NewFuture/DDNS,Python
ddns/ip.py,4,callable,ok,ddns.ip._open,ddns.ip._open,458f354067f7f4aeecb3ead93d119bf3bee0a8d4,2025-07-14T01:36:35+08:00,458f354067f7f4aeecb3ead93d119bf3bee0a8d4,2025-07-14T01:36:35+08:00,1,399,0.07142857142857142,,,False,False,0,1,0.0,13.41,,0.07457836036367309,60844169.0,NewFuture/DDNS,Python
ddns/ip.py,5,callable,ok,ddns.ip.public_v4,ddns.ip.public_v4,458f354067f7f4aeecb3ead93d119bf3bee0a8d4,2025-07-14T01:36:35+08:00,458f354067f7f4aeecb3ead93d119bf3bee0a8d4,2025-07-14T01:36:35+08:00,1,399,0.5,,,False,False,0,1,0.0,13.41,,0.07457836036367309,60844169.0,NewFuture/DDNS,Python
ddns/ip.py,6,callable,ok,ddns.ip.public_v6,ddns.ip.public_v6,458f354067f7f4aeecb3ead93d119bf3bee0a8d4,2025-07-14T01:36:35+08:00,458f354067f7f4aeecb3ead93d119bf3bee0a8d4,2025-07-14T01:36:35+08:00,1,399,0.5,,,False,False,0,1,0.0,13.41,,0.07457836036367309,60844169.0,NewFuture/DDNS,Python
ddns/ip.py,7,callable,ok,ddns.ip._ip_regex_match,ddns.ip._ip_regex_match,458f354067f7f4aeecb3ead93d119bf3bee0a8d4,2025-07-14T01:36:35+08:00,458f354067f7f4aeecb3ead93d119bf3bee0a8d4,2025-07-14T01:36:35+08:00,1,399,0.07142857142857142,,,False,False,0,1,0.0,13.41,,0.07457836036367309,60844169.0,NewFuture/DDNS,Python
ddns/ip.py,8,callable,ok,ddns.ip.regex_v4,ddns.ip.regex_v4,458f354067f7f4aeecb3ead93d119bf3bee0a8d4,2025-07-14T01:36:35+08:00,458f354067f7f4aeecb3ead93d119bf3bee0a8d4,2025-07-14T01:36:35+08:00,1,399,0.16666666666666666,,,False,False,0,1,0.0,13.41,,0.07457836036367309,60844169.0,NewFuture/DDNS,Python
ddns/ip.py,9,callable,ok,ddns.ip.regex_v6,ddns.ip.regex_v6,458f354067f7f4aeecb3ead93d119bf3bee0a8d4,2025-07-14T01:36:35+08:00,458f354067f7f4aeecb3ead93d119bf3bee0a8d4,2025-07-14T01:36:35+08:00,1,399,0.16666666666666666,,,False,False,0,1,0.0,13.41,,0.07457836036367309,60844169.0,NewFuture/DDNS,Python
ddns/mcp.py,0,class,ok,ddns.mcp.McpServer,ddns.mcp.McpServer,c919f2c6afd9f75f2c239642d6ea7f24a631df75,2026-08-13T17:25:47+08:00,c919f2c6afd9f75f2c239642d6ea7f24a631df75,2026-08-13T17:25:47+08:00,1,3,0.0029940119760479044,,,False,False,0,1,0.0,409.07,,0.002444582046497139,60844169.0,NewFuture/DDNS,Python
ddns/mcp.py,0,callable,ok,ddns.mcp._error_response,ddns.mcp._error_response,c919f2c6afd9f75f2c239642d6ea7f24a631df75,2026-08-13T17:25:47+08:00,c919f2c6afd9f75f2c239642d6ea7f24a631df75,2026-08-13T17:25:47+08:00,1,3,0.16666666666666666,,,False,False,0,1,0.0,409.07,,0.002444582046497139,60844169.0,NewFuture/DDNS,Python
ddns/mcp.py,1,callable,ok,ddns.mcp.serve,ddns.mcp.serve,c919f2c6afd9f75f2c239642d6ea7f24a631df75,2026-08-13T17:25:47+08:00,c919f2c6afd9f75f2c239642d6ea7f24a631df75,2026-08-13T17:25:47+08:00,1,3,0.25,,,False,False,0,1,0.0,409.07,,0.002444582046497139,60844169.0,NewFuture/DDNS,Python
ddns/mcp.py,2,callable,ok,ddns.mcp.McpServer.__init__,ddns.mcp.McpServer.__init__,c919f2c6afd9f75f2c239642d6ea7f24a631df75,2026-08-13T17:25:47+08:00,c919f2c6afd9f75f2c239642d6ea7f24a631df75,2026-08-13T17:25:47+08:00,1,3,0.1,,,False,False,0,1,0.0,409.07,,0.002444582046497139,60844169.0,NewFuture/DDNS,Python
ddns/mcp.py,3,callable,ok,ddns.mcp.McpServer._server_meta,ddns.mcp.McpServer._server_meta,c919f2c6afd9f75f2c239642d6ea7f24a631df75,2026-08-13T17:25:47+08:00,c919f2c6afd9f75f2c239642d6ea7f24a631df75,2026-08-13T17:25:47+08:00,1,3,0.3333333333333333,,,False,False,0,1,0.0,409.07,,0.002444582046497139,60844169.0,NewFuture/DDNS,Python
ddns/mcp.py,4,callable,ok,ddns.mcp.McpServer._complete_result,ddns.mcp.McpServer._complete_result,c919f2c6afd9f75f2c239642d6ea7f24a631df75,2026-08-13T17:25:47+08:00,c919f2c6afd9f75f2c239642d6ea7f24a631df75,2026-08-13T17:25:47+08:00,1,3,0.16666666666666666,,,False,False,0,1,0.0,409.07,,0.002444582046497139,60844169.0,NewFuture/DDNS,Python
ddns/mcp.py,5,callable,ok,ddns.mcp.McpServer._discover,ddns.mcp.McpServer._discover,c919f2c6afd9f75f2c239642d6ea7f24a631df75,2026-08-13T17:25:47+08:00,c919f2c6afd9f75f2c239642d6ea7f24a631df75,2026-08-13T17:25:47+08:00,1,3,0.07142857142857142,,,False,False,0,1,0.0,409.07,,0.002444582046497139,60844169.0,NewFuture/DDNS,Python
ddns/mcp.py,6,callable,ok,ddns.mcp.McpServer._list_tools,ddns.mcp.McpServer._list_tools,c919f2c6afd9f75f2c239642d6ea7f24a631df75,2026-08-13T17:25:47+08:00,c919f2c6afd9f75f2c239642d6ea7f24a631df75,2026-08-13T17:25:47+08:00,1,3,0.125,,,False,False,0,1,0.0,409.07,,0.002444582046497139,60844169.0,NewFuture/DDNS,Python
ddns/mcp.py,7,callable,ok,ddns.mcp.McpServer._status_view,ddns.mcp.McpServer._status_view,c919f2c6afd9f75f2c239642d6ea7f24a631df75,2026-08-13T17:25:47+08:00,c919f2c6afd9f75f2c239642d6ea7f24a631df75,2026-08-13T17:25:47+08:00,1,3,0.3333333333333333,,,False,False,0,1,0.0,409.07,,0.002444582046497139,60844169.0,NewFuture/DDNS,Python
ddns/mcp.py,8,callable,ok,ddns.mcp.McpServer._new_service,ddns.mcp.McpServer._new_service,c919f2c6afd9f75f2c239642d6ea7f24a631df75,2026-08-13T17:25:47+08:00,c919f2c6afd9f75f2c239642d6ea7f24a631df75,2026-08-13T17:25:47+08:00,1,3,0.3333333333333333,,,False,False,0,1,0.0,409.07,,0.002444582046497139,60844169.0,NewFuture/DDNS,Python
ddns/mcp.py,9,callable,ok,ddns.mcp.McpServer._tool_success,ddns.mcp.McpServer._tool_success,c919f2c6afd9f75f2c239642d6ea7f24a631df75,2026-08-13T17:25:47+08:00,c919f2c6afd9f75f2c239642d6ea7f24a631df75,2026-08-13T17:25:47+08:00,1,3,0.14285714285714285,,,False,False,0,1,0.0,409.07,,0.002444582046497139,60844169.0,NewFuture/DDNS,Python
ddns/mcp.py,10,callable,ok,ddns.mcp.McpServer._tool_error,ddns.mcp.McpServer._tool_error,c919f2c6afd9f75f2c239642d6ea7f24a631df75,2026-08-13T17:25:47+08:00,c919f2c6afd9f75f2c239642d6ea7f24a631df75,2026-08-13T17:25:47+08:00,1,3,0.2,,,False,False,0,1,0.0,409.07,,0.002444582046497139,60844169.0,NewFuture/DDNS,Python
ddns/mcp.py,11,callable,ok,ddns.mcp.McpServer._call_tool,ddns.mcp.McpServer._call_tool,c919f2c6afd9f75f2c239642d6ea7f24a631df75,2026-08-13T17:25:47+08:00,c919f2c6afd9f75f2c239642d6ea7f24a631df75,2026-08-13T17:25:47+08:00,1,3,0.038461538461538464,,,False,False,0,1,0.0,409.07,,0.002444582046497139,60844169.0,NewFuture/DDNS,Python
ddns/mcp.py,12,callable,ok,ddns.mcp.McpServer._dispatch,ddns.mcp.McpServer._dispatch,c919f2c6afd9f75f2c239642d6ea7f24a631df75,2026-08-13T17:25:47+08:00,c919f2c6afd9f75f2c239642d6ea7f24a631df75,2026-08-13T17:25:47+08:00,1,3,0.09090909090909091,,,False,False,0,1,0.0,409.07,,0.002444582046497139,60844169.0,NewFuture/DDNS,Python
ddns/mcp.py,13,callable,ok,ddns.mcp.McpServer._initialize_legacy,ddns.mcp.McpServer._initialize_legacy,c919f2c6afd9f75f2c239642d6ea7f24a631df75,2026-08-13T17:25:47+08:00,c919f2c6afd9f75f2c239642d6ea7f24a631df75,2026-08-13T17:25:47+08:00,1,3,0.041666666666666664,,,False,False,0,1,0.0,409.07,,0.002444582046497139,60844169.0,NewFuture/DDNS,Python
ddns/mcp.py,14,callable,ok,ddns.mcp.McpServer._dispatch_response,ddns.mcp.McpServer._dispatch_response,c919f2c6afd9f75f2c239642d6ea7f24a631df75,2026-08-13T17:25:47+08:00,c919f2c6afd9f75f2c239642d6ea7f24a631df75,2026-08-13T17:25:47+08:00,1,3,0.08333333333333333,,,False,False,0,1,0.0,409.07,,0.002444582046497139,60844169.0,NewFuture/DDNS,Python
ddns/mcp.py,15,callable,ok,ddns.mcp.McpServer._handle_legacy_request,ddns.mcp.McpServer._handle_legacy_request,c919f2c6afd9f75f2c239642d6ea7f24a631df75,2026-08-13T17:25:47+08:00,c919f2c6afd9f75f2c239642d6ea7f24a631df75,2026-08-13T17:25:47+08:00,1,3,0.09090909090909091,,,False,False,0,1,0.0,409.07,,0.002444582046497139,60844169.0,NewFuture/DDNS,Python
ddns/mcp.py,16,callable,ok,ddns.mcp.McpServer._handle_modern_request,ddns.mcp.McpServer._handle_modern_request,c919f2c6afd9f75f2c239642d6ea7f24a631df75,2026-08-13T17:25:47+08:00,c919f2c6afd9f75f2c239642d6ea7f24a631df75,2026-08-13T17:25:47+08:00,1,3,0.058823529411764705,,,False,False,0,1,0.0,409.07,,0.002444582046497139,60844169.0,NewFuture/DDNS,Python
ddns/mcp.py,17,callable,ok,ddns.mcp.McpServer._request_id,ddns.mcp.McpServer._request_id,c919f2c6afd9f75f2c239642d6ea7f24a631df75,2026-08-13T17:25:47+08:00,c919f2c6afd9f75f2c239642d6ea7f24a631df75,2026-08-13T17:25:47+08:00,1,3,0.16666666666666666,,,False,False,0,1,0.0,409.07,,0.002444582046497139,60844169.0,NewFuture/DDNS,Python
ddns/mcp.py,18,callable,ok,ddns.mcp.McpServer._validate_meta,ddns.mcp.McpServer._validate_meta,c919f2c6afd9f75f2c239642d6ea7f24a631df75,2026-08-13T17:25:47+08:00,c919f2c6afd9f75f2c239642d6ea7f24a631df75,2026-08-13T17:25:47+08:00,1,3,0.058823529411764705,,,False,False,0,1,0.0,409.07,,0.002444582046497139,60844169.0,NewFuture/DDNS,Python
ddns/mcp.py,19,callable,ok,ddns.mcp.McpServer.handle_message,ddns.mcp.McpServer.handle_message,c919f2c6afd9f75f2c239642d6ea7f24a631df75,2026-08-13T17:25:47+08:00,c919f2c6afd9f75f2c239642d6ea7f24a631df75,2026-08-13T17:25:47+08:00,1,3,0.045454545454545456,,,False,False,0,1,0.0,409.07,,0.002444582046497139,60844169.0,NewFuture/DDNS,Python
ddns/mcp.py,20,callable,ok,ddns.mcp.McpServer.handle_line,ddns.mcp.McpServer.handle_line,c919f2c6afd9f75f2c239642d6ea7f24a631df75,2026-08-13T17:25:47+08:00,c919f2c6afd9f75f2c239642d6ea7f24a631df75,2026-08-13T17:25:47+08:00,1,3,0.08333333333333333,,,False,False,0,1,0.0,409.07,,0.002444582046497139,60844169.0,NewFuture/DDNS,Python
ddns/mcp.py,21,callable,ok,ddns.mcp.McpServer._record_cancellation,ddns.mcp.McpServer._record_cancellation,c919f2c6afd9f75f2c239642d6ea7f24a631df75,2026-08-13T17:25:47+08:00,c919f2c6afd9f75f2c239642d6ea7f24a631df75,2026-08-13T17:25:47+08:00,1,3,0.07142857142857142,,,False,False,0,1,0.0,409.07,,0.002444582046497139,60844169.0,NewFuture/DDNS,Python
ddns/mcp.py,22,callable,ok,ddns.mcp.McpServer._cancel_before_start,ddns.mcp.McpServer._cancel_before_start,c919f2c6afd9f75f2c239642d6ea7f24a631df75,2026-08-13T17:25:47+08:00,c919f2c6afd9f75f2c239642d6ea7f24a631df75,2026-08-13T17:25:47+08:00,1,3,0.1,,,False,False,0,1,0.0,409.07,,0.002444582046497139,60844169.0,NewFuture/DDNS,Python
ddns/mcp.py,23,callable,ok,ddns.mcp.McpServer._is_cancelled,ddns.mcp.McpServer._is_cancelled,c919f2c6afd9f75f2c239642d6ea7f24a631df75,2026-08-13T17:25:47+08:00,c919f2c6afd9f75f2c239642d6ea7f24a631df75,2026-08-13T17:25:47+08:00,1,3,0.25,,,False,False,0,1,0.0,409.07,,0.002444582046497139,60844169.0,NewFuture/DDNS,Python
ddns/mcp.py,24,callable,ok,ddns.mcp.McpServer._write_response,ddns.mcp.McpServer._write_response,c919f2c6afd9f75f2c239642d6ea7f24a631df75,2026-08-13T17:25:47+08:00,c919f2c6afd9f75f2c239642d6ea7f24a631df75,2026-08-13T17:25:47+08:00,1,3,0.08333333333333333,,,False,False,0,1,0.0,409.07,,0.002444582046497139,60844169.0,NewFuture/DDNS,Python
ddns/mcp.py,25,callable,ok,ddns.mcp.McpServer._read_messages,ddns.mcp.McpServer._read_messages,c919f2c6afd9f75f2c239642d6ea7f24a631df75,2026-08-13T17:25:47+08:00,c919f2c6afd9f75f2c239642d6ea7f24a631df75,2026-08-13T17:25:47+08:00,1,3,0.04,,,False,False,0,1,0.0,409.07,,0.002444582046497139,60844169.0,NewFuture/DDNS,Python
ddns/mcp.py,26,callable,ok,ddns.mcp.McpServer.serve,ddns.mcp.McpServer.serve,c919f2c6afd9f75f2c239642d6ea7f24a631df75,2026-08-13T17:25:47+08:00,c919f2c6afd9f75f2c239642d6ea7f24a631df75,2026-08-13T17:25:47+08:00,1,3,0.047619047619047616,,,False,False,0,1,0.0,409.07,,0.002444582046497139,60844169.0,NewFuture/DDNS,Python
ddns/provider/_base.py,0,class,ok,ddns.provider._base.SimpleProvider,ddns.provider._base.SimpleProvider,f1a764d3c2e2c6aade66f85162964e6ce9248fee,2025-07-01T19:08:11+08:00,6e3d3560c725177ecab74f4880981a6dc7bc190d,2026-08-15T22:23:27+08:00,8,411,0.034334763948497854,0.4002081702950831,,False,False,0,8,0.0,411.27,,0.019451724222842127,60844169.0,NewFuture/DDNS,Python
ddns/provider/_base.py,1,class,ok,ddns.provider._base.BaseProvider,ddns.provider._base.BaseProvider,f1a764d3c2e2c6aade66f85162964e6ce9248fee,2025-07-01T19:08:11+08:00,78b0e953daf0739020719f8b44043b9cdae5c550,2025-07-09T18:33:23+08:00,3,411,0.016853932584269662,0.8132821491150133,,False,False,0,3,0.0,9.11,,0.32913408023405094,60844169.0,NewFuture/DDNS,Python
ddns/provider/_base.py,16,callable,ok,ddns.provider._base.BaseProvider._join_domain,ddns.provider._base.join_domain,f1a764d3c2e2c6aade66f85162964e6ce9248fee,2025-07-01T19:08:11+08:00,3d155b671e089971b2c5123c031702f6fdb7ac82,2025-07-03T19:14:03+08:00,2,2,0.09523809523809523,,,True,True,0,2,0.0,3.14,,0.6363211212213831,60844169.0,NewFuture/DDNS,Python
ddns/provider/_base.py,15,callable,ok,ddns.provider._base.BaseProvider._split_custom_domain,ddns.provider._base.split_custom_domain,f1a764d3c2e2c6aade66f85162964e6ce9248fee,2025-07-01T19:08:11+08:00,3d155b671e089971b2c5123c031702f6fdb7ac82,2025-07-03T19:14:03+08:00,2,2,0.13333333333333333,,,True,True,0,2,0.0,3.14,,0.6363211212213831,60844169.0,NewFuture/DDNS,Python
ddns/provider/_base.py,6,callable,ok,ddns.provider._base.SimpleProvider._quote,ddns.provider._base.SimpleProvider._quote,f1a764d3c2e2c6aade66f85162964e6ce9248fee,2025-07-01T19:08:11+08:00,f1a764d3c2e2c6aade66f85162964e6ce9248fee,2025-07-01T19:08:11+08:00,1,0,0.08333333333333333,,,True,False,0,1,0.0,1.14,,0.8779684784928207,60844169.0,NewFuture/DDNS,Python
ddns/provider/_base.py,5,callable,ok,ddns.provider._base.SimpleProvider._encode,ddns.provider._base.encode_params,f1a764d3c2e2c6aade66f85162964e6ce9248fee,2025-07-01T19:08:11+08:00,78b0e953daf0739020719f8b44043b9cdae5c550,2025-07-09T18:33:23+08:00,2,7,0.125,,,True,True,0,2,0.0,9.11,,0.21942272015603395,60844169.0,NewFuture/DDNS,Python
ddns/provider/_base.py,2,callable,ok,ddns.provider._base.SimpleProvider.set_proxy,ddns.provider._base.SimpleProvider.set_proxy,f1a764d3c2e2c6aade66f85162964e6ce9248fee,2025-07-01T19:08:11+08:00,f1a764d3c2e2c6aade66f85162964e6ce9248fee,2025-07-01T19:08:11+08:00,1,0,0.06666666666666667,,,True,False,0,1,0.0,1.14,,0.8779684784928207,60844169.0,NewFuture/DDNS,Python
ddns/provider/_base.py,17,callable,ok,ddns.provider._base.hmac_sha256,ddns.provider._base.hmac_sha256,b3a5ff9817c7a3b141fd8425cc55ce027aa9a17a,2025-07-02T02:57:16+08:00,b3a5ff9817c7a3b141fd8425cc55ce027aa9a17a,2025-07-02T02:57:16+08:00,1,0,0.047619047619047616,,,True,False,0,1,0.0,1.46,,0.682712517976516,60844169.0,NewFuture/DDNS,Python
ddns/provider/_base.py,18,callable,ok,ddns.provider._base.sha256_hash,ddns.provider._base.sha256_hash,b3a5ff9817c7a3b141fd8425cc55ce027aa9a17a,2025-07-02T02:57:16+08:00,b3a5ff9817c7a3b141fd8425cc55ce027aa9a17a,2025-07-02T02:57:16+08:00,1,0,0.058823529411764705,,,True,False,0,1,0.0,1.46,,0.682712517976516,60844169.0,NewFuture/DDNS,Python
ddns/provider/_base.py,19,callable,ok,ddns.provider._base.hmac_sha256_authorization,ddns.provider._base.hmac_sha256_authorization,b3a5ff9817c7a3b141fd8425cc55ce027aa9a17a,2025-07-02T02:57:16+08:00,b3a5ff9817c7a3b141fd8425cc55ce027aa9a17a,2025-07-02T02:57:16+08:00,1,0,0.017543859649122806,,,True,False,0,1,0.0,1.46,,0.682712517976516,60844169.0,NewFuture/DDNS,Python
ddns/provider/_base.py,0,callable,ok,ddns.provider._base.SimpleProvider.__init__,ddns.provider._base.SimpleProvider.__init__,f1a764d3c2e2c6aade66f85162964e6ce9248fee,2025-07-01T19:08:11+08:00,c2cad12380081d2f6fbcbc02230dc8bc7793664f,2025-07-20T18:51:40Z,4,411,0.13333333333333333,1.3022270324350578,,False,False,0,4,0.0,20.46,,0.19549523763192816,60844169.0,NewFuture/DDNS,Python
ddns/provider/_base.py,1,callable,ok,ddns.provider._base.SimpleProvider.set_record,ddns.provider._base.SimpleProvider.set_record,f1a764d3c2e2c6aade66f85162964e6ce9248fee,2025-07-01T19:08:11+08:00,f1a764d3c2e2c6aade66f85162964e6ce9248fee,2025-07-01T19:08:11+08:00,1,411,0.05263157894736842,,,False,False,0,1,0.0,1.14,,0.8779684784928207,60844169.0,NewFuture/DDNS,Python
ddns/provider/_base.py,3,callable,ok,ddns.provider._base.SimpleProvider._validate,ddns.provider._base.SimpleProvider._validate,f1a764d3c2e2c6aade66f85162964e6ce9248fee,2025-07-01T19:08:11+08:00,485e6a3e26c5aab9c6c9a7287efd24e00c9ee159,2025-07-12T11:04:25+08:00,2,411,0.15384615384615385,,,False,False,0,2,0.0,11.8,,0.16944781389766253,60844169.0,NewFuture/DDNS,Python
ddns/provider/_base.py,4,callable,ok,ddns.provider._base.SimpleProvider._http,ddns.provider._base.SimpleProvider._http,f1a764d3c2e2c6aade66f85162964e6ce9248fee,2025-07-01T19:08:11+08:00,6e3d3560c725177ecab74f4880981a6dc7bc190d,2026-08-15T22:23:27+08:00,8,411,0.07920792079207921,0.4002081702950831,,False,False,0,8,0.0,411.27,,0.019451724222842127,60844169.0,NewFuture/DDNS,Python
ddns/provider/_base.py,7,callable,ok,ddns.provider._base.SimpleProvider._mask_sensitive_data,ddns.provider._base.SimpleProvider._mask_sensitive_data,f1a764d3c2e2c6aade66f85162964e6ce9248fee,2025-07-01T19:08:11+08:00,485e6a3e26c5aab9c6c9a7287efd24e00c9ee159,2025-07-12T11:04:25+08:00,2,411,0.08333333333333333,,,False,False,0,2,0.0,11.8,,0.16944781389766253,60844169.0,NewFuture/DDNS,Python
ddns/provider/_base.py,8,callable,ok,ddns.provider._base.BaseProvider.set_record,ddns.provider._base.BaseProvider.set_record,f1a764d3c2e2c6aade66f85162964e6ce9248fee,2025-07-01T19:08:11+08:00,78b0e953daf0739020719f8b44043b9cdae5c550,2025-07-09T18:33:23+08:00,3,411,0.06382978723404255,0.8132821491150133,,False,False,0,3,0.0,9.11,,0.32913408023405094,60844169.0,NewFuture/DDNS,Python
ddns/provider/_base.py,9,callable,ok,ddns.provider._base.BaseProvider.get_zone_id,ddns.provider._base.BaseProvider.get_zone_id,f1a764d3c2e2c6aade66f85162964e6ce9248fee,2025-07-01T19:08:11+08:00,f1a764d3c2e2c6aade66f85162964e6ce9248fee,2025-07-01T19:08:11+08:00,1,411,0.05263157894736842,,,False,False,0,1,0.0,1.14,,0.8779684784928207,60844169.0,NewFuture/DDNS,Python
ddns/provider/_base.py,10,callable,ok,ddns.provider._base.BaseProvider._query_zone_id,ddns.provider._base.BaseProvider._query_zone_id,f1a764d3c2e2c6aade66f85162964e6ce9248fee,2025-07-01T19:08:11+08:00,f1a764d3c2e2c6aade66f85162964e6ce9248fee,2025-07-01T19:08:11+08:00,1,411,0.08333333333333333,,,False,False,0,1,0.0,1.14,,0.8779684784928207,60844169.0,NewFuture/DDNS,Python
ddns/provider/_base.py,11,callable,ok,ddns.provider._base.BaseProvider._query_record,ddns.provider._base.BaseProvider._query_record,f1a764d3c2e2c6aade66f85162964e6ce9248fee,2025-07-01T19:08:11+08:00,f1a764d3c2e2c6aade66f85162964e6ce9248fee,2025-07-01T19:08:11+08:00,1,411,0.0625,,,False,False,0,1,0.0,1.14,,0.8779684784928207,60844169.0,NewFuture/DDNS,Python
ddns/provider/_base.py,12,callable,ok,ddns.provider._base.BaseProvider._create_record,ddns.provider._base.BaseProvider._create_record,f1a764d3c2e2c6aade66f85162964e6ce9248fee,2025-07-01T19:08:11+08:00,f1a764d3c2e2c6aade66f85162964e6ce9248fee,2025-07-01T19:08:11+08:00,1,411,0.05263157894736842,,,False,False,0,1,0.0,1.14,,0.8779684784928207,60844169.0,NewFuture/DDNS,Python
ddns/provider/_base.py,13,callable,ok,ddns.provider._base.BaseProvider._update_record,ddns.provider._base.BaseProvider._update_record,f1a764d3c2e2c6aade66f85162964e6ce9248fee,2025-07-01T19:08:11+08:00,f1a764d3c2e2c6aade66f85162964e6ce9248fee,2025-07-01T19:08:11+08:00,1,411,0.05555555555555555,,,False,False,0,1,0.0,1.14,,0.8779684784928207,60844169.0,NewFuture/DDNS,Python
ddns/provider/_base.py,14,callable,ok,ddns.provider._base.BaseProvider._split_zone_and_sub,ddns.provider._base.BaseProvider._split_zone_and_sub,f1a764d3c2e2c6aade66f85162964e6ce9248fee,2025-07-01T19:08:11+08:00,f1a764d3c2e2c6aade66f85162964e6ce9248fee,2025-07-01T19:08:11+08:00,1,411,0.041666666666666664,,,False,False,0,1,0.0,1.14,,0.8779684784928207,60844169.0,NewFuture/DDNS,Python
ddns/provider/_base.py,20,callable,ok,ddns.provider._base._split_custom_domain,ddns.provider._base._split_custom_domain,78b0e953daf0739020719f8b44043b9cdae5c550,2025-07-09T18:33:23+08:00,78b0e953daf0739020719f8b44043b9cdae5c550,2025-07-09T18:33:23+08:00,1,403,0.06666666666666667,,,False,False,0,1,0.0,9.11,,0.10971136007801698,60844169.0,NewFuture/DDNS,Python
ddns/provider/_base.py,21,callable,ok,ddns.provider._base.join_domain,ddns.provider._base.join_domain,78b0e953daf0739020719f8b44043b9cdae5c550,2025-07-09T18:33:23+08:00,78b0e953daf0739020719f8b44043b9cdae5c550,2025-07-09T18:33:23+08:00,1,403,0.047619047619047616,,,False,False,0,1,0.0,9.11,,0.10971136007801698,60844169.0,NewFuture/DDNS,Python
ddns/provider/_base.py,22,callable,ok,ddns.provider._base.SimpleProvider._encode_body,ddns.provider._base.SimpleProvider._encode_body,78b0e953daf0739020719f8b44043b9cdae5c550,2025-07-09T18:33:23+08:00,78b0e953daf0739020719f8b44043b9cdae5c550,2025-07-09T18:33:23+08:00,1,403,0.058823529411764705,,,False,False,0,1,0.0,9.11,,0.10971136007801698,60844169.0,NewFuture/DDNS,Python
ddns/provider/_base.py,23,callable,ok,ddns.provider._base.encode_params,ddns.provider._base.encode_params,485e6a3e26c5aab9c6c9a7287efd24e00c9ee159,2025-07-12T11:04:25+08:00,485e6a3e26c5aab9c6c9a7287efd24e00c9ee159,2025-07-12T11:04:25+08:00,1,401,0.0625,,,False,False,0,1,0.0,11.8,,0.08472390694883127,60844169.0,NewFuture/DDNS,Python
ddns/provider/_signature.py,0,callable,ok,ddns.provider._signature.hmac_sha256,ddns.provider._signature.hmac_sha256,485e6a3e26c5aab9c6c9a7287efd24e00c9ee159,2025-07-12T11:04:25+08:00,485e6a3e26c5aab9c6c9a7287efd24e00c9ee159,2025-07-12T11:04:25+08:00,1,401,0.047619047619047616,,,False,False,0,1,0.0,11.8,,0.08472390694883127,60844169.0,NewFuture/DDNS,Python
ddns/provider/_signature.py,1,callable,ok,ddns.provider._signature.sha256_hash,ddns.provider._signature.sha256_hash,485e6a3e26c5aab9c6c9a7287efd24e00c9ee159,2025-07-12T11:04:25+08:00,485e6a3e26c5aab9c6c9a7287efd24e00c9ee159,2025-07-12T11:04:25+08:00,1,401,0.058823529411764705,,,False,False,0,1,0.0,11.8,,0.08472390694883127,60844169.0,NewFuture/DDNS,Python
ddns/provider/_signature.py,2,callable,ok,ddns.provider._signature.hmac_sha256_authorization,ddns.provider._signature.hmac_sha256_authorization,485e6a3e26c5aab9c6c9a7287efd24e00c9ee159,2025-07-12T11:04:25+08:00,485e6a3e26c5aab9c6c9a7287efd24e00c9ee159,2025-07-12T11:04:25+08:00,1,401,0.017543859649122806,,,False,False,0,1,0.0,11.8,,0.08472390694883127,60844169.0,NewFuture/DDNS,Python
ddns/provider/alidns.py,0,class,ok,ddns.provider.alidns.Config,ddns.provider.alidns.Config,baf1fdc30c10d98ae44e36bec8f03a2eaf669689,2025-06-16T01:41:34+08:00,baf1fdc30c10d98ae44e36bec8f03a2eaf669689,2025-06-16T01:41:34+08:00,1,427,0.2,,,False,False,1,0,14.59,0.0,0.06855031942544676,,60844169.0,NewFuture/DDNS,Python
ddns/provider/alidns.py,1,class,ok,ddns.provider.alidns.API,ddns.provider.alidns.API,baf1fdc30c10d98ae44e36bec8f03a2eaf669689,2025-06-16T01:41:34+08:00,baf1fdc30c10d98ae44e36bec8f03a2eaf669689,2025-06-16T01:41:34+08:00,1,427,0.25,,,False,False,1,0,14.59,0.0,0.06855031942544676,,60844169.0,NewFuture/DDNS,Python
ddns/provider/alidns.py,0,callable,ok,ddns.provider.alidns.signature,ddns.provider.alidns.signature,baf1fdc30c10d98ae44e36bec8f03a2eaf669689,2025-06-16T01:41:34+08:00,baf1fdc30c10d98ae44e36bec8f03a2eaf669689,2025-06-16T01:41:34+08:00,1,427,0.041666666666666664,,,False,False,1,0,14.59,0.0,0.06855031942544676,,60844169.0,NewFuture/DDNS,Python
ddns/provider/alidns.py,1,callable,ok,ddns.provider.alidns.request,ddns.provider.alidns.request,baf1fdc30c10d98ae44e36bec8f03a2eaf669689,2025-06-16T01:41:34+08:00,baf1fdc30c10d98ae44e36bec8f03a2eaf669689,2025-06-16T01:41:34+08:00,1,427,0.03571428571428571,,,False,False,1,0,14.59,0.0,0.06855031942544676,,60844169.0,NewFuture/DDNS,Python
ddns/provider/alidns.py,2,callable,ok,ddns.provider.alidns.get_domain_info,ddns.provider.alidns.get_domain_info,baf1fdc30c10d98ae44e36bec8f03a2eaf669689,2025-06-16T01:41:34+08:00,baf1fdc30c10d98ae44e36bec8f03a2eaf669689,2025-06-16T01:41:34+08:00,1,427,0.1111111111111111,,,False,False,1,0,14.59,0.0,0.06855031942544676,,60844169.0,NewFuture/DDNS,Python
ddns/provider/alidns.py,3,callable,ok,ddns.provider.alidns.get_records,ddns.provider.alidns.get_records,baf1fdc30c10d98ae44e36bec8f03a2eaf669689,2025-06-16T01:41:34+08:00,baf1fdc30c10d98ae44e36bec8f03a2eaf669689,2025-06-16T01:41:34+08:00,1,427,0.03571428571428571,,,False,False,1,0,14.59,0.0,0.06855031942544676,,60844169.0,NewFuture/DDNS,Python
ddns/provider/alidns.py,4,callable,ok,ddns.provider.alidns.update_record,ddns.provider.alidns.update_record,baf1fdc30c10d98ae44e36bec8f03a2eaf669689,2025-06-16T01:41:34+08:00,baf1fdc30c10d98ae44e36bec8f03a2eaf669689,2025-06-16T01:41:34+08:00,1,427,0.021739130434782608,,,False,False,1,0,14.59,0.0,0.06855031942544676,,60844169.0,NewFuture/DDNS,Python
ddns/provider/aliesa.py,0,class,ok,ddns.provider.aliesa.AliesaProvider,ddns.provider.aliesa.AliesaProvider,78b0e953daf0739020719f8b44043b9cdae5c550,2025-07-09T18:33:23+08:00,f7a92b390378437e1f8be366a4e93a68f5f8ce60,2025-08-09T11:29:35+08:00,3,403,0.02564102564102564,0.07064204969346327,,False,False,0,3,0.0,39.82,,0.07533804021691078,60844169.0,NewFuture/DDNS,Python
ddns/provider/aliesa.py,0,callable,ok,ddns.provider.aliesa.AliesaProvider._query_zone_id,ddns.provider.aliesa.AliesaProvider._query_zone_id,78b0e953daf0739020719f8b44043b9cdae5c550,2025-07-09T18:33:23+08:00,78b0e953daf0739020719f8b44043b9cdae5c550,2025-07-09T18:33:23+08:00,1,403,0.058823529411764705,,,False,False,0,1,0.0,9.11,,0.10971136007801698,60844169.0,NewFuture/DDNS,Python
ddns/provider/aliesa.py,1,callable,ok,ddns.provider.aliesa.AliesaProvider._query_record,ddns.provider.aliesa.AliesaProvider._query_record,78b0e953daf0739020719f8b44043b9cdae5c550,2025-07-09T18:33:23+08:00,78b0e953daf0739020719f8b44043b9cdae5c550,2025-07-09T18:33:23+08:00,1,403,0.038461538461538464,,,False,False,0,1,0.0,9.11,,0.10971136007801698,60844169.0,NewFuture/DDNS,Python
ddns/provider/aliesa.py,2,callable,ok,ddns.provider.aliesa.AliesaProvider._create_record,ddns.provider.aliesa.AliesaProvider._create_record,78b0e953daf0739020719f8b44043b9cdae5c550,2025-07-09T18:33:23+08:00,f7a92b390378437e1f8be366a4e93a68f5f8ce60,2025-08-09T11:29:35+08:00,2,403,0.07407407407407407,,,False,False,0,2,0.0,39.82,,0.050225360144607184,60844169.0,NewFuture/DDNS,Python
ddns/provider/aliesa.py,3,callable,ok,ddns.provider.aliesa.AliesaProvider._update_record,ddns.provider.aliesa.AliesaProvider._update_record,78b0e953daf0739020719f8b44043b9cdae5c550,2025-07-09T18:33:23+08:00,f7a92b390378437e1f8be366a4e93a68f5f8ce60,2025-08-09T11:29:35+08:00,2,403,0.0625,,,False,False,0,2,0.0,39.82,,0.050225360144607184,60844169.0,NewFuture/DDNS,Python
ddns/provider/aliesa.py,4,callable,ok,ddns.provider.aliesa.AliesaProvider._get_type,ddns.provider.aliesa.AliesaProvider._get_type,78b0e953daf0739020719f8b44043b9cdae5c550,2025-07-09T18:33:23+08:00,78b0e953daf0739020719f8b44043b9cdae5c550,2025-07-09T18:33:23+08:00,1,403,0.3333333333333333,,,False,False,0,1,0.0,9.11,,0.10971136007801698,60844169.0,NewFuture/DDNS,Python
ddns/provider/callback.py,0,class,ok,ddns.provider.callback.Config,ddns.provider.callback.Config,baf1fdc30c10d98ae44e36bec8f03a2eaf669689,2025-06-16T01:41:34+08:00,baf1fdc30c10d98ae44e36bec8f03a2eaf669689,2025-06-16T01:41:34+08:00,1,427,0.2,,,False,False,1,0,14.59,0.0,0.06855031942544676,,60844169.0,NewFuture/DDNS,Python
ddns/provider/callback.py,0,callable,ok,ddns.provider.callback.request,ddns.provider.callback.request,baf1fdc30c10d98ae44e36bec8f03a2eaf669689,2025-06-16T01:41:34+08:00,baf1fdc30c10d98ae44e36bec8f03a2eaf669689,2025-06-16T01:41:34+08:00,1,427,0.022727272727272728,,,False,False,1,0,14.59,0.0,0.06855031942544676,,60844169.0,NewFuture/DDNS,Python
ddns/provider/callback.py,1,callable,ok,ddns.provider.callback.replace_params,ddns.provider.callback.replace_params,baf1fdc30c10d98ae44e36bec8f03a2eaf669689,2025-06-16T01:41:34+08:00,baf1fdc30c10d98ae44e36bec8f03a2eaf669689,2025-06-16T01:41:34+08:00,1,427,0.1,,,False,False,1,0,14.59,0.0,0.06855031942544676,,60844169.0,NewFuture/DDNS,Python
ddns/provider/callback.py,2,callable,ok,ddns.provider.callback.update_record,ddns.provider.callback.update_record,baf1fdc30c10d98ae44e36bec8f03a2eaf669689,2025-06-16T01:41:34+08:00,baf1fdc30c10d98ae44e36bec8f03a2eaf669689,2025-06-16T01:41:34+08:00,1,427,0.034482758620689655,,,False,False,1,0,14.59,0.0,0.06855031942544676,,60844169.0,NewFuture/DDNS,Python
ddns/provider/cloudflare.py,0,class,ok,ddns.provider.cloudflare.Config,ddns.provider.cloudflare.Config,baf1fdc30c10d98ae44e36bec8f03a2eaf669689,2025-06-16T01:41:34+08:00,baf1fdc30c10d98ae44e36bec8f03a2eaf669689,2025-06-16T01:41:34+08:00,1,427,0.2,,,False,False,1,0,14.59,0.0,0.06855031942544676,,60844169.0,NewFuture/DDNS,Python
ddns/provider/cloudflare.py,1,class,ok,ddns.provider.cloudflare.API,ddns.provider.cloudflare.API,baf1fdc30c10d98ae44e36bec8f03a2eaf669689,2025-06-16T01:41:34+08:00,baf1fdc30c10d98ae44e36bec8f03a2eaf669689,2025-06-16T01:41:34+08:00,1,427,0.3333333333333333,,,False,False,1,0,14.59,0.0,0.06855031942544676,,60844169.0,NewFuture/DDNS,Python
ddns/provider/cloudflare.py,0,callable,ok,ddns.provider.cloudflare.request,ddns.provider.cloudflare.request,baf1fdc30c10d98ae44e36bec8f03a2eaf669689,2025-06-16T01:41:34+08:00,baf1fdc30c10d98ae44e36bec8f03a2eaf669689,2025-06-16T01:41:34+08:00,1,427,0.022222222222222223,,,False,False,1,0,14.59,0.0,0.06855031942544676,,60844169.0,NewFuture/DDNS,Python
ddns/provider/cloudflare.py,1,callable,ok,ddns.provider.cloudflare.get_zone_id,ddns.provider.cloudflare.get_zone_id,baf1fdc30c10d98ae44e36bec8f03a2eaf669689,2025-06-16T01:41:34+08:00,baf1fdc30c10d98ae44e36bec8f03a2eaf669689,2025-06-16T01:41:34+08:00,1,427,0.06666666666666667,,,False,False,1,0,14.59,0.0,0.06855031942544676,,60844169.0,NewFuture/DDNS,Python
ddns/provider/cloudflare.py,2,callable,ok,ddns.provider.cloudflare.get_records,ddns.provider.cloudflare.get_records,baf1fdc30c10d98ae44e36bec8f03a2eaf669689,2025-06-16T01:41:34+08:00,baf1fdc30c10d98ae44e36bec8f03a2eaf669689,2025-06-16T01:41:34+08:00,1,427,0.034482758620689655,,,False,False,1,0,14.59,0.0,0.06855031942544676,,60844169.0,NewFuture/DDNS,Python
ddns/provider/cloudflare.py,3,callable,ok,ddns.provider.cloudflare.update_record,ddns.provider.cloudflare.update_record,baf1fdc30c10d98ae44e36bec8f03a2eaf669689,2025-06-16T01:41:34+08:00,baf1fdc30c10d98ae44e36bec8f03a2eaf669689,2025-06-16T01:41:34+08:00,1,427,0.02857142857142857,,,False,False,1,0,14.59,0.0,0.06855031942544676,,60844169.0,NewFuture/DDNS,Python
ddns/provider/cloudns.py,0,class,ok,ddns.provider.cloudns.CloudnsProvider,ddns.provider.cloudns.CloudnsProvider,81840212e066393df4025c7e7acc123744ea79cd,2026-01-27T13:58:29+08:00,f26d50678f8940ec18989e4ec9eb07430ba9cbaa,2026-01-28T13:55:57+08:00,2,202,0.010810810810810811,,,False,False,0,2,0.0,211.92,,0.009437427208790788,60844169.0,NewFuture/DDNS,Python
ddns/provider/cloudns.py,0,callable,ok,ddns.provider.cloudns.CloudnsProvider._request,ddns.provider.cloudns.CloudnsProvider._request,81840212e066393df4025c7e7acc123744ea79cd,2026-01-27T13:58:29+08:00,f26d50678f8940ec18989e4ec9eb07430ba9cbaa,2026-01-28T13:55:57+08:00,2,202,0.05714285714285714,,,False,False,0,2,0.0,211.92,,0.009437427208790788,60844169.0,NewFuture/DDNS,Python
ddns/provider/cloudns.py,1,callable,ok,ddns.provider.cloudns.CloudnsProvider._query_zone_id,ddns.provider.cloudns.CloudnsProvider._query_zone_id,81840212e066393df4025c7e7acc123744ea79cd,2026-01-27T13:58:29+08:00,f26d50678f8940ec18989e4ec9eb07430ba9cbaa,2026-01-28T13:55:57+08:00,2,202,0.125,,,False,False,0,2,0.0,211.92,,0.009437427208790788,60844169.0,NewFuture/DDNS,Python
ddns/provider/cloudns.py,2,callable,ok,ddns.provider.cloudns.CloudnsProvider._query_record,ddns.provider.cloudns.CloudnsProvider._query_record,81840212e066393df4025c7e7acc123744ea79cd,2026-01-27T13:58:29+08:00,f26d50678f8940ec18989e4ec9eb07430ba9cbaa,2026-01-28T13:55:57+08:00,2,202,0.047619047619047616,,,False,False,0,2,0.0,211.92,,0.009437427208790788,60844169.0,NewFuture/DDNS,Python
ddns/provider/cloudns.py,3,callable,ok,ddns.provider.cloudns.CloudnsProvider._create_record,ddns.provider.cloudns.CloudnsProvider._create_record,81840212e066393df4025c7e7acc123744ea79cd,2026-01-27T13:58:29+08:00,f26d50678f8940ec18989e4ec9eb07430ba9cbaa,2026-01-28T13:55:57+08:00,2,202,0.05405405405405406,,,False,False,0,2,0.0,211.92,,0.009437427208790788,60844169.0,NewFuture/DDNS,Python
ddns/provider/cloudns.py,4,callable,ok,ddns.provider.cloudns.CloudnsProvider._update_record,ddns.provider.cloudns.CloudnsProvider._update_record,81840212e066393df4025c7e7acc123744ea79cd,2026-01-27T13:58:29+08:00,f26d50678f8940ec18989e4ec9eb07430ba9cbaa,2026-01-28T13:55:57+08:00,2,202,0.04878048780487805,,,False,False,0,2,0.0,211.92,,0.009437427208790788,60844169.0,NewFuture/DDNS,Python
ddns/provider/debug.py,0,class,ok,ddns.provider.debug.DebugProvider,ddns.provider.debug.DebugProvider,f1a764d3c2e2c6aade66f85162964e6ce9248fee,2025-07-01T19:08:11+08:00,f1a764d3c2e2c6aade66f85162964e6ce9248fee,2025-07-01T19:08:11+08:00,1,411,0.09090909090909091,,,False,False,0,1,0.0,1.14,,0.8779684784928207,60844169.0,NewFuture/DDNS,Python
ddns/provider/debug.py,0,callable,ok,ddns.provider.debug.DebugProvider._validate,ddns.provider.debug.DebugProvider._validate,f1a764d3c2e2c6aade66f85162964e6ce9248fee,2025-07-01T19:08:11+08:00,f1a764d3c2e2c6aade66f85162964e6ce9248fee,2025-07-01T19:08:11+08:00,1,411,0.3333333333333333,,,False,False,0,1,0.0,1.14,,0.8779684784928207,60844169.0,NewFuture/DDNS,Python
ddns/provider/debug.py,1,callable,ok,ddns.provider.debug.DebugProvider.set_record,ddns.provider.debug.DebugProvider.set_record,f1a764d3c2e2c6aade66f85162964e6ce9248fee,2025-07-01T19:08:11+08:00,f1a764d3c2e2c6aade66f85162964e6ce9248fee,2025-07-01T19:08:11+08:00,1,411,0.2,,,False,False,0,1,0.0,1.14,,0.8779684784928207,60844169.0,NewFuture/DDNS,Python
ddns/provider/dnscom.py,0,class,ok,ddns.provider.dnscom.Config,ddns.provider.dnscom.Config,baf1fdc30c10d98ae44e36bec8f03a2eaf669689,2025-06-16T01:41:34+08:00,baf1fdc30c10d98ae44e36bec8f03a2eaf669689,2025-06-16T01:41:34+08:00,1,427,0.2,,,False,False,1,0,14.59,0.0,0.06855031942544676,,60844169.0,NewFuture/DDNS,Python
ddns/provider/dnscom.py,1,class,ok,ddns.provider.dnscom.API,ddns.provider.dnscom.API,baf1fdc30c10d98ae44e36bec8f03a2eaf669689,2025-06-16T01:41:34+08:00,baf1fdc30c10d98ae44e36bec8f03a2eaf669689,2025-06-16T01:41:34+08:00,1,427,0.25,,,False,False,1,0,14.59,0.0,0.06855031942544676,,60844169.0,NewFuture/DDNS,Python
ddns/provider/dnscom.py,0,callable,ok,ddns.provider.dnscom.signature,ddns.provider.dnscom.signature,baf1fdc30c10d98ae44e36bec8f03a2eaf669689,2025-06-16T01:41:34+08:00,baf1fdc30c10d98ae44e36bec8f03a2eaf669689,2025-06-16T01:41:34+08:00,1,427,0.058823529411764705,,,False,False,1,0,14.59,0.0,0.06855031942544676,,60844169.0,NewFuture/DDNS,Python
ddns/provider/dnscom.py,1,callable,ok,ddns.provider.dnscom.request,ddns.provider.dnscom.request,baf1fdc30c10d98ae44e36bec8f03a2eaf669689,2025-06-16T01:41:34+08:00,baf1fdc30c10d98ae44e36bec8f03a2eaf669689,2025-06-16T01:41:34+08:00,1,427,0.029411764705882353,,,False,False,1,0,14.59,0.0,0.06855031942544676,,60844169.0,NewFuture/DDNS,Python
ddns/provider/dnscom.py,2,callable,ok,ddns.provider.dnscom.get_domain_info,ddns.provider.dnscom.get_domain_info,baf1fdc30c10d98ae44e36bec8f03a2eaf669689,2025-06-16T01:41:34+08:00,baf1fdc30c10d98ae44e36bec8f03a2eaf669689,2025-06-16T01:41:34+08:00,1,427,0.06666666666666667,,,False,False,1,0,14.59,0.0,0.06855031942544676,,60844169.0,NewFuture/DDNS,Python
ddns/provider/dnscom.py,3,callable,ok,ddns.provider.dnscom.get_records,ddns.provider.dnscom.get_records,baf1fdc30c10d98ae44e36bec8f03a2eaf669689,2025-06-16T01:41:34+08:00,baf1fdc30c10d98ae44e36bec8f03a2eaf669689,2025-06-16T01:41:34+08:00,1,427,0.037037037037037035,,,False,False,1,0,14.59,0.0,0.06855031942544676,,60844169.0,NewFuture/DDNS,Python
ddns/provider/dnscom.py,4,callable,ok,ddns.provider.dnscom.update_record,ddns.provider.dnscom.update_record,baf1fdc30c10d98ae44e36bec8f03a2eaf669689,2025-06-16T01:41:34+08:00,baf1fdc30c10d98ae44e36bec8f03a2eaf669689,2025-06-16T01:41:34+08:00,1,427,0.025,,,False,False,1,0,14.59,0.0,0.06855031942544676,,60844169.0,NewFuture/DDNS,Python
ddns/provider/dnspod.py,0,class,ok,ddns.provider.dnspod.Config,ddns.provider.dnspod.Config,baf1fdc30c10d98ae44e36bec8f03a2eaf669689,2025-06-16T01:41:34+08:00,baf1fdc30c10d98ae44e36bec8f03a2eaf669689,2025-06-16T01:41:34+08:00,1,427,0.2,,,False,False,1,0,14.59,0.0,0.06855031942544676,,60844169.0,NewFuture/DDNS,Python
ddns/provider/dnspod.py,1,class,ok,ddns.provider.dnspod.API,ddns.provider.dnspod.API,baf1fdc30c10d98ae44e36bec8f03a2eaf669689,2025-06-16T01:41:34+08:00,baf1fdc30c10d98ae44e36bec8f03a2eaf669689,2025-06-16T01:41:34+08:00,1,427,0.14285714285714285,,,False,False,1,0,14.59,0.0,0.06855031942544676,,60844169.0,NewFuture/DDNS,Python
ddns/provider/dnspod.py,0,callable,ok,ddns.provider.dnspod.request,ddns.provider.dnspod.request,baf1fdc30c10d98ae44e36bec8f03a2eaf669689,2025-06-16T01:41:34+08:00,baf1fdc30c10d98ae44e36bec8f03a2eaf669689,2025-06-16T01:41:34+08:00,1,427,0.02702702702702703,,,False,False,1,0,14.59,0.0,0.06855031942544676,,60844169.0,NewFuture/DDNS,Python
ddns/provider/dnspod.py,1,callable,ok,ddns.provider.dnspod.get_domain_info,ddns.provider.dnspod.get_domain_info,baf1fdc30c10d98ae44e36bec8f03a2eaf669689,2025-06-16T01:41:34+08:00,baf1fdc30c10d98ae44e36bec8f03a2eaf669689,2025-06-16T01:41:34+08:00,1,427,0.0625,,,False,False,1,0,14.59,0.0,0.06855031942544676,,60844169.0,NewFuture/DDNS,Python
ddns/provider/dnspod.py,2,callable,ok,ddns.provider.dnspod.get_domain_id,ddns.provider.dnspod.get_domain_id,baf1fdc30c10d98ae44e36bec8f03a2eaf669689,2025-06-16T01:41:34+08:00,baf1fdc30c10d98ae44e36bec8f03a2eaf669689,2025-06-16T01:41:34+08:00,1,427,0.047619047619047616,,,False,False,1,0,14.59,0.0,0.06855031942544676,,60844169.0,NewFuture/DDNS,Python
ddns/provider/dnspod.py,3,callable,ok,ddns.provider.dnspod.get_records,ddns.provider.dnspod.get_records,baf1fdc30c10d98ae44e36bec8f03a2eaf669689,2025-06-16T01:41:34+08:00,baf1fdc30c10d98ae44e36bec8f03a2eaf669689,2025-06-16T01:41:34+08:00,1,427,0.03571428571428571,,,False,False,1,0,14.59,0.0,0.06855031942544676,,60844169.0,NewFuture/DDNS,Python
ddns/provider/dnspod.py,4,callable,ok,ddns.provider.dnspod.update_record,ddns.provider.dnspod.update_record,baf1fdc30c10d98ae44e36bec8f03a2eaf669689,2025-06-16T01:41:34+08:00,baf1fdc30c10d98ae44e36bec8f03a2eaf669689,2025-06-16T01:41:34+08:00,1,427,0.02631578947368421,,,False,False,1,0,14.59,0.0,0.06855031942544676,,60844169.0,NewFuture/DDNS,Python
ddns/provider/edgeone.py,0,class,ok,ddns.provider.edgeone.EdgeOneProvider,ddns.provider.edgeone.EdgeOneProvider,5e1a8d5aaf53158d83ffe6f0dd44a9441a176609,2025-07-14T17:44:30Z,f99fd8f0b3a81f193ed7285b879c6e4025124d91,2025-11-15T16:44:59Z,2,398,0.012195121951219513,,,False,False,0,2,0.0,138.37,,0.014453699105602087,60844169.0,NewFuture/DDNS,Python
ddns/provider/edgeone.py,0,callable,ok,ddns.provider.edgeone.EdgeOneProvider._query_zone_id,ddns.provider.edgeone.EdgeOneProvider._query_zone_id,5e1a8d5aaf53158d83ffe6f0dd44a9441a176609,2025-07-14T17:44:30Z,5e1a8d5aaf53158d83ffe6f0dd44a9441a176609,2025-07-14T17:44:30Z,1,398,0.058823529411764705,,,False,False,0,1,0.0,14.41,,0.06937596957735259,60844169.0,NewFuture/DDNS,Python
ddns/provider/edgeone.py,1,callable,ok,ddns.provider.edgeone.EdgeOneProvider._query_record,ddns.provider.edgeone.EdgeOneProvider._query_record,5e1a8d5aaf53158d83ffe6f0dd44a9441a176609,2025-07-14T17:44:30Z,f99fd8f0b3a81f193ed7285b879c6e4025124d91,2025-11-15T16:44:59Z,2,398,0.046511627906976744,,,False,False,0,2,0.0,138.37,,0.014453699105602087,60844169.0,NewFuture/DDNS,Python
ddns/provider/edgeone.py,2,callable,ok,ddns.provider.edgeone.EdgeOneProvider._create_record,ddns.provider.edgeone.EdgeOneProvider._create_record,5e1a8d5aaf53158d83ffe6f0dd44a9441a176609,2025-07-14T17:44:30Z,f99fd8f0b3a81f193ed7285b879c6e4025124d91,2025-11-15T16:44:59Z,2,398,0.046511627906976744,,,False,False,0,2,0.0,138.37,,0.014453699105602087,60844169.0,NewFuture/DDNS,Python
ddns/provider/edgeone.py,3,callable,ok,ddns.provider.edgeone.EdgeOneProvider._update_record,ddns.provider.edgeone.EdgeOneProvider._update_record,5e1a8d5aaf53158d83ffe6f0dd44a9441a176609,2025-07-14T17:44:30Z,f99fd8f0b3a81f193ed7285b879c6e4025124d91,2025-11-15T16:44:59Z,2,398,0.0425531914893617,,,False,False,0,2,0.0,138.37,,0.014453699105602087,60844169.0,NewFuture/DDNS,Python
ddns/provider/edgeone_dns.py,0,class,ok,ddns.provider.edgeone_dns.EdgeOneDnsProvider,ddns.provider.edgeone_dns.EdgeOneDnsProvider,f99fd8f0b3a81f193ed7285b879c6e4025124d91,2025-11-15T16:44:59Z,f99fd8f0b3a81f193ed7285b879c6e4025124d91,2025-11-15T16:44:59Z,1,274,0.0625,,,False,False,0,1,0.0,138.37,,0.007226849552801043,60844169.0,NewFuture/DDNS,Python
ddns/provider/edgeone_dns.py,0,callable,ok,ddns.provider.edgeone_dns.EdgeOneDnsProvider.__init__,ddns.provider.edgeone_dns.EdgeOneDnsProvider.__init__,f99fd8f0b3a81f193ed7285b879c6e4025124d91,2025-11-15T16:44:59Z,f99fd8f0b3a81f193ed7285b879c6e4025124d91,2025-11-15T16:44:59Z,1,274,0.1,,,False,False,0,1,0.0,138.37,,0.007226849552801043,60844169.0,NewFuture/DDNS,Python
ddns/provider/he.py,0,class,ok,ddns.provider.he.Config,ddns.provider.he.Config,baf1fdc30c10d98ae44e36bec8f03a2eaf669689,2025-06-16T01:41:34+08:00,baf1fdc30c10d98ae44e36bec8f03a2eaf669689,2025-06-16T01:41:34+08:00,1,427,0.3333333333333333,,,False,False,1,0,14.59,0.0,0.06855031942544676,,60844169.0,NewFuture/DDNS,Python
ddns/provider/he.py,1,class,ok,ddns.provider.he.API,ddns.provider.he.API,baf1fdc30c10d98ae44e36bec8f03a2eaf669689,2025-06-16T01:41:34+08:00,baf1fdc30c10d98ae44e36bec8f03a2eaf669689,2025-06-16T01:41:34+08:00,1,427,0.16666666666666666,,,False,False,1,0,14.59,0.0,0.06855031942544676,,60844169.0,NewFuture/DDNS,Python
ddns/provider/he.py,0,callable,ok,ddns.provider.he.request,ddns.provider.he.request,baf1fdc30c10d98ae44e36bec8f03a2eaf669689,2025-06-16T01:41:34+08:00,baf1fdc30c10d98ae44e36bec8f03a2eaf669689,2025-06-16T01:41:34+08:00,1,427,0.02857142857142857,,,False,False,1,0,14.59,0.0,0.06855031942544676,,60844169.0,NewFuture/DDNS,Python
ddns/provider/he.py,1,callable,ok,ddns.provider.he.update_record,ddns.provider.he.update_record,baf1fdc30c10d98ae44e36bec8f03a2eaf669689,2025-06-16T01:41:34+08:00,baf1fdc30c10d98ae44e36bec8f03a2eaf669689,2025-06-16T01:41:34+08:00,1,427,0.07692307692307693,,,False,False,1,0,14.59,0.0,0.06855031942544676,,60844169.0,NewFuture/DDNS,Python
ddns/provider/huaweidns.py,0,class,ok,ddns.provider.huaweidns.Config,ddns.provider.huaweidns.Config,baf1fdc30c10d98ae44e36bec8f03a2eaf669689,2025-06-16T01:41:34+08:00,baf1fdc30c10d98ae44e36bec8f03a2eaf669689,2025-06-16T01:41:34+08:00,1,427,0.2,,,False,False,1,0,14.59,0.0,0.06855031942544676,,60844169.0,NewFuture/DDNS,Python
ddns/provider/huaweidns.py,1,class,ok,ddns.provider.huaweidns.API,ddns.provider.huaweidns.API,baf1fdc30c10d98ae44e36bec8f03a2eaf669689,2025-06-16T01:41:34+08:00,baf1fdc30c10d98ae44e36bec8f03a2eaf669689,2025-06-16T01:41:34+08:00,1,427,0.25,,,False,False,1,0,14.59,0.0,0.06855031942544676,,60844169.0,NewFuture/DDNS,Python
ddns/provider/huaweidns.py,0,callable,ok,ddns.provider.huaweidns.HexEncodeSHA256Hash,ddns.provider.huaweidns.HexEncodeSHA256Hash,baf1fdc30c10d98ae44e36bec8f03a2eaf669689,2025-06-16T01:41:34+08:00,baf1fdc30c10d98ae44e36bec8f03a2eaf669689,2025-06-16T01:41:34+08:00,1,427,0.25,,,False,False,1,0,14.59,0.0,0.06855031942544676,,60844169.0,NewFuture/DDNS,Python
ddns/provider/huaweidns.py,1,callable,ok,ddns.provider.huaweidns.StringToSign,ddns.provider.huaweidns.StringToSign,baf1fdc30c10d98ae44e36bec8f03a2eaf669689,2025-06-16T01:41:34+08:00,baf1fdc30c10d98ae44e36bec8f03a2eaf669689,2025-06-16T01:41:34+08:00,1,427,0.3333333333333333,,,False,False,1,0,14.59,0.0,0.06855031942544676,,60844169.0,NewFuture/DDNS,Python
ddns/provider/huaweidns.py,2,callable,ok,ddns.provider.huaweidns.CanonicalHeaders,ddns.provider.huaweidns.CanonicalHeaders,baf1fdc30c10d98ae44e36bec8f03a2eaf669689,2025-06-16T01:41:34+08:00,baf1fdc30c10d98ae44e36bec8f03a2eaf669689,2025-06-16T01:41:34+08:00,1,427,0.09090909090909091,,,False,False,1,0,14.59,0.0,0.06855031942544676,,60844169.0,NewFuture/DDNS,Python
ddns/provider/huaweidns.py,3,callable,ok,ddns.provider.huaweidns.request,ddns.provider.huaweidns.request,baf1fdc30c10d98ae44e36bec8f03a2eaf669689,2025-06-16T01:41:34+08:00,baf1fdc30c10d98ae44e36bec8f03a2eaf669689,2025-06-16T01:41:34+08:00,1,427,0.014084507042253521,,,False,False,1,0,14.59,0.0,0.06855031942544676,,60844169.0,NewFuture/DDNS,Python
ddns/provider/huaweidns.py,4,callable,ok,ddns.provider.huaweidns.get_zone_id,ddns.provider.huaweidns.get_zone_id,baf1fdc30c10d98ae44e36bec8f03a2eaf669689,2025-06-16T01:41:34+08:00,baf1fdc30c10d98ae44e36bec8f03a2eaf669689,2025-06-16T01:41:34+08:00,1,427,0.0625,,,False,False,1,0,14.59,0.0,0.06855031942544676,,60844169.0,NewFuture/DDNS,Python
ddns/provider/huaweidns.py,5,callable,ok,ddns.provider.huaweidns.get_records,ddns.provider.huaweidns.get_records,baf1fdc30c10d98ae44e36bec8f03a2eaf669689,2025-06-16T01:41:34+08:00,baf1fdc30c10d98ae44e36bec8f03a2eaf669689,2025-06-16T01:41:34+08:00,1,427,0.030303030303030304,,,False,False,1,0,14.59,0.0,0.06855031942544676,,60844169.0,NewFuture/DDNS,Python
ddns/provider/huaweidns.py,6,callable,ok,ddns.provider.huaweidns.update_record,ddns.provider.huaweidns.update_record,baf1fdc30c10d98ae44e36bec8f03a2eaf669689,2025-06-16T01:41:34+08:00,baf1fdc30c10d98ae44e36bec8f03a2eaf669689,2025-06-16T01:41:34+08:00,1,427,0.014285714285714285,,,False,False,1,0,14.59,0.0,0.06855031942544676,,60844169.0,NewFuture/DDNS,Python
ddns/provider/namesilo.py,0,class,ok,ddns.provider.namesilo.NamesiloProvider,ddns.provider.namesilo.NamesiloProvider,22c9cf8d543c2cfcc8da429d7e0a37d99418aabd,2025-07-13T14:10:55+08:00,22c9cf8d543c2cfcc8da429d7e0a37d99418aabd,2025-07-13T14:10:55+08:00,1,400,0.006756756756756757,,,False,False,0,1,0.0,12.93,,0.07732422387152724,60844169.0,NewFuture/DDNS,Python
ddns/provider/namesilo.py,0,callable,ok,ddns.provider.namesilo.NamesiloProvider._validate,ddns.provider.namesilo.NamesiloProvider._validate,22c9cf8d543c2cfcc8da429d7e0a37d99418aabd,2025-07-13T14:10:55+08:00,22c9cf8d543c2cfcc8da429d7e0a37d99418aabd,2025-07-13T14:10:55+08:00,1,400,0.07142857142857142,,,False,False,0,1,0.0,12.93,,0.07732422387152724,60844169.0,NewFuture/DDNS,Python
ddns/provider/namesilo.py,1,callable,ok,ddns.provider.namesilo.NamesiloProvider._request,ddns.provider.namesilo.NamesiloProvider._request,22c9cf8d543c2cfcc8da429d7e0a37d99418aabd,2025-07-13T14:10:55+08:00,22c9cf8d543c2cfcc8da429d7e0a37d99418aabd,2025-07-13T14:10:55+08:00,1,400,0.029411764705882353,,,False,False,0,1,0.0,12.93,,0.07732422387152724,60844169.0,NewFuture/DDNS,Python
ddns/provider/namesilo.py,2,callable,ok,ddns.provider.namesilo.NamesiloProvider._query_zone_id,ddns.provider.namesilo.NamesiloProvider._query_zone_id,22c9cf8d543c2cfcc8da429d7e0a37d99418aabd,2025-07-13T14:10:55+08:00,22c9cf8d543c2cfcc8da429d7e0a37d99418aabd,2025-07-13T14:10:55+08:00,1,400,0.058823529411764705,,,False,False,0,1,0.0,12.93,,0.07732422387152724,60844169.0,NewFuture/DDNS,Python
ddns/provider/namesilo.py,3,callable,ok,ddns.provider.namesilo.NamesiloProvider._query_record,ddns.provider.namesilo.NamesiloProvider._query_record,22c9cf8d543c2cfcc8da429d7e0a37d99418aabd,2025-07-13T14:10:55+08:00,22c9cf8d543c2cfcc8da429d7e0a37d99418aabd,2025-07-13T14:10:55+08:00,1,400,0.05263157894736842,,,False,False,0,1,0.0,12.93,,0.07732422387152724,60844169.0,NewFuture/DDNS,Python
ddns/provider/namesilo.py,4,callable,ok,ddns.provider.namesilo.NamesiloProvider._create_record,ddns.provider.namesilo.NamesiloProvider._create_record,22c9cf8d543c2cfcc8da429d7e0a37d99418aabd,2025-07-13T14:10:55+08:00,22c9cf8d543c2cfcc8da429d7e0a37d99418aabd,2025-07-13T14:10:55+08:00,1,400,0.058823529411764705,,,False,False,0,1,0.0,12.93,,0.07732422387152724,60844169.0,NewFuture/DDNS,Python
ddns/provider/namesilo.py,5,callable,ok,ddns.provider.namesilo.NamesiloProvider._update_record,ddns.provider.namesilo.NamesiloProvider._update_record,22c9cf8d543c2cfcc8da429d7e0a37d99418aabd,2025-07-13T14:10:55+08:00,22c9cf8d543c2cfcc8da429d7e0a37d99418aabd,2025-07-13T14:10:55+08:00,1,400,0.03571428571428571,,,False,False,0,1,0.0,12.93,,0.07732422387152724,60844169.0,NewFuture/DDNS,Python
ddns/provider/noip.py,0,class,ok,ddns.provider.noip.NoipProvider,ddns.provider.noip.NoipProvider,492e4fbf91f8f027476c4d8369f980449185dbde,2025-07-04T18:00:43Z,876889ed841e532a0db587c9211289ef777f2c05,2025-07-16T17:10:15Z,4,408,0.043478260869565216,1.5438693797987544,,False,False,0,4,0.0,16.39,,0.2440448743161836,60844169.0,NewFuture/DDNS,Python
ddns/provider/noip.py,0,callable,ok,ddns.provider.noip.NoipProvider._validate,ddns.provider.noip.NoipProvider._validate,492e4fbf91f8f027476c4d8369f980449185dbde,2025-07-04T18:00:43Z,876889ed841e532a0db587c9211289ef777f2c05,2025-07-16T17:10:15Z,3,408,0.16666666666666666,0.9604091864801452,,False,False,0,3,0.0,16.39,,0.1830336557371377,60844169.0,NewFuture/DDNS,Python
ddns/provider/noip.py,1,callable,ok,ddns.provider.noip.NoipProvider.set_record,ddns.provider.noip.NoipProvider.set_record,492e4fbf91f8f027476c4d8369f980449185dbde,2025-07-04T18:00:43Z,876889ed841e532a0db587c9211289ef777f2c05,2025-07-16T17:10:15Z,4,408,0.06779661016949153,1.5438693797987544,,False,False,0,4,0.0,16.39,,0.2440448743161836,60844169.0,NewFuture/DDNS,Python
ddns/provider/tencentcloud.py,0,class,ok,ddns.provider.tencentcloud.TencentCloudProvider,ddns.provider.tencentcloud.TencentCloudProvider,f1a764d3c2e2c6aade66f85162964e6ce9248fee,2025-07-01T19:08:11+08:00,f7a92b390378437e1f8be366a4e93a68f5f8ce60,2025-08-09T11:29:35+08:00,5,411,0.027777777777777776,1.1248270410938512,,False,False,0,5,0.0,39.82,,0.12556340036151795,60844169.0,NewFuture/DDNS,Python
ddns/provider/tencentcloud.py,0,callable,ok,ddns.provider.tencentcloud.TencentCloudProvider._sign_tc3,ddns.provider.tencentcloud.TencentCloudProvider._sign_tc3,f1a764d3c2e2c6aade66f85162964e6ce9248fee,2025-07-01T19:08:11+08:00,f1a764d3c2e2c6aade66f85162964e6ce9248fee,2025-07-01T19:08:11+08:00,1,0,0.014705882352941176,,,True,False,0,1,0.0,1.14,,0.8779684784928207,60844169.0,NewFuture/DDNS,Python
ddns/provider/tencentcloud.py,1,callable,ok,ddns.provider.tencentcloud.TencentCloudProvider._request,ddns.provider.tencentcloud.TencentCloudProvider._request,f1a764d3c2e2c6aade66f85162964e6ce9248fee,2025-07-01T19:08:11+08:00,485e6a3e26c5aab9c6c9a7287efd24e00c9ee159,2025-07-12T11:04:25+08:00,4,411,0.05405405405405406,0.998655239847933,,False,False,0,4,0.0,11.8,,0.33889562779532506,60844169.0,NewFuture/DDNS,Python
ddns/provider/tencentcloud.py,2,callable,ok,ddns.provider.tencentcloud.TencentCloudProvider._query_zone_id,ddns.provider.tencentcloud.TencentCloudProvider._query_zone_id,f1a764d3c2e2c6aade66f85162964e6ce9248fee,2025-07-01T19:08:11+08:00,f1a764d3c2e2c6aade66f85162964e6ce9248fee,2025-07-01T19:08:11+08:00,1,411,0.05555555555555555,,,False,False,0,1,0.0,1.14,,0.8779684784928207,60844169.0,NewFuture/DDNS,Python
ddns/provider/tencentcloud.py,3,callable,ok,ddns.provider.tencentcloud.TencentCloudProvider._query_record,ddns.provider.tencentcloud.TencentCloudProvider._query_record,f1a764d3c2e2c6aade66f85162964e6ce9248fee,2025-07-01T19:08:11+08:00,f7a92b390378437e1f8be366a4e93a68f5f8ce60,2025-08-09T11:29:35+08:00,2,411,0.06451612903225806,,,False,False,0,2,0.0,39.82,,0.050225360144607184,60844169.0,NewFuture/DDNS,Python
ddns/provider/tencentcloud.py,4,callable,ok,ddns.provider.tencentcloud.TencentCloudProvider._create_record,ddns.provider.tencentcloud.TencentCloudProvider._create_record,f1a764d3c2e2c6aade66f85162964e6ce9248fee,2025-07-01T19:08:11+08:00,f7a92b390378437e1f8be366a4e93a68f5f8ce60,2025-08-09T11:29:35+08:00,2,411,0.10526315789473684,,,False,False,0,2,0.0,39.82,,0.050225360144607184,60844169.0,NewFuture/DDNS,Python
ddns/provider/tencentcloud.py,5,callable,ok,ddns.provider.tencentcloud.TencentCloudProvider._update_record,ddns.provider.tencentcloud.TencentCloudProvider._update_record,f1a764d3c2e2c6aade66f85162964e6ce9248fee,2025-07-01T19:08:11+08:00,f7a92b390378437e1f8be366a4e93a68f5f8ce60,2025-08-09T11:29:35+08:00,2,411,0.09523809523809523,,,False,False,0,2,0.0,39.82,,0.050225360144607184,60844169.0,NewFuture/DDNS,Python
ddns/provider/west.py,0,class,ok,ddns.provider.west.WestProvider,ddns.provider.west.WestProvider,93d4698ff7000b7c585e248ad9746743f00c7a6c,2026-06-12T12:04:51Z,93d4698ff7000b7c585e248ad9746743f00c7a6c,2026-06-12T12:04:51Z,1,65,0.006535947712418301,,,False,False,0,1,0.0,347.18,,0.0028803639819951917,60844169.0,NewFuture/DDNS,Python
ddns/provider/west.py,0,callable,ok,ddns.provider.west.WestProvider._validate,ddns.provider.west.WestProvider._validate,93d4698ff7000b7c585e248ad9746743f00c7a6c,2026-06-12T12:04:51Z,93d4698ff7000b7c585e248ad9746743f00c7a6c,2026-06-12T12:04:51Z,1,65,0.1,,,False,False,0,1,0.0,347.18,,0.0028803639819951917,60844169.0,NewFuture/DDNS,Python
ddns/provider/west.py,1,callable,ok,ddns.provider.west.WestProvider._get_auth_params,ddns.provider.west.WestProvider._get_auth_params,93d4698ff7000b7c585e248ad9746743f00c7a6c,2026-06-12T12:04:51Z,93d4698ff7000b7c585e248ad9746743f00c7a6c,2026-06-12T12:04:51Z,1,65,0.05555555555555555,,,False,False,0,1,0.0,347.18,,0.0028803639819951917,60844169.0,NewFuture/DDNS,Python
ddns/provider/west.py,2,callable,ok,ddns.provider.west.WestProvider.set_record,ddns.provider.west.WestProvider.set_record,93d4698ff7000b7c585e248ad9746743f00c7a6c,2026-06-12T12:04:51Z,93d4698ff7000b7c585e248ad9746743f00c7a6c,2026-06-12T12:04:51Z,1,65,0.017543859649122806,,,False,False,0,1,0.0,347.18,,0.0028803639819951917,60844169.0,NewFuture/DDNS,Python
ddns/provider/west.py,3,callable,ok,ddns.provider.west.WestProvider._try_update,ddns.provider.west.WestProvider._try_update,93d4698ff7000b7c585e248ad9746743f00c7a6c,2026-06-12T12:04:51Z,93d4698ff7000b7c585e248ad9746743f00c7a6c,2026-06-12T12:04:51Z,1,65,0.02040816326530612,,,False,False,0,1,0.0,347.18,,0.0028803639819951917,60844169.0,NewFuture/DDNS,Python
ddns/scheduler/__init__.py,0,callable,ok,ddns.scheduler.get_scheduler,ddns.scheduler.get_scheduler,6c24557505ff3377fdf7d8b47441fc3154a72d55,2025-08-07T17:58:43Z,6f5984c5889038d9a08e673f8262625c449ea999,2025-08-16T09:20:09+08:00,2,374,0.043478260869565216,,,False,False,0,2,0.0,46.73,,0.0427984754033843,60844169.0,NewFuture/DDNS,Python
ddns/scheduler/__init__.py,1,callable,ok,ddns.scheduler.get_schedulers,ddns.scheduler.get_schedulers,d14594f14d68eecc69c09e1796cc1bffd8779ed9,2026-08-12T02:23:17+08:00,d14594f14d68eecc69c09e1796cc1bffd8779ed9,2026-08-12T02:23:17+08:00,1,5,0.07692307692307693,,,False,False,0,1,0.0,407.44,,0.0024543422043316583,60844169.0,NewFuture/DDNS,Python
ddns/scheduler/_base.py,0,class,ok,ddns.scheduler._base.BaseScheduler,ddns.scheduler._base.BaseScheduler,6c24557505ff3377fdf7d8b47441fc3154a72d55,2025-08-07T17:58:43Z,6f5984c5889038d9a08e673f8262625c449ea999,2025-08-16T09:20:09+08:00,3,374,0.04477611940298507,0.8586450457011654,,False,False,0,3,0.0,46.73,,0.06419771310507645,60844169.0,NewFuture/DDNS,Python
ddns/scheduler/_base.py,1,callable,ok,ddns.scheduler._base.BaseScheduler._run_command,ddns.scheduler._base.BaseScheduler._run_command,6c24557505ff3377fdf7d8b47441fc3154a72d55,2025-08-07T17:58:43Z,14630204112c15f1b99e0a3c131b66f884235882,2025-08-14T01:02:44+08:00,2,5,0.2222222222222222,,,True,False,0,2,0.0,44.39,,0.04506005660669611,60844169.0,NewFuture/DDNS,Python
ddns/scheduler/_base.py,0,callable,ok,ddns.scheduler._base.BaseScheduler.__init__,ddns.scheduler._base.BaseScheduler.__init__,6c24557505ff3377fdf7d8b47441fc3154a72d55,2025-08-07T17:58:43Z,6c24557505ff3377fdf7d8b47441fc3154a72d55,2025-08-07T17:58:43Z,1,374,0.5,,,False,False,0,1,0.0,38.42,,0.026025342779970484,60844169.0,NewFuture/DDNS,Python
ddns/scheduler/_base.py,2,callable,ok,ddns.scheduler._base.BaseScheduler._get_ddns_cmd,ddns.scheduler._base.BaseScheduler._get_ddns_cmd,6c24557505ff3377fdf7d8b47441fc3154a72d55,2025-08-07T17:58:43Z,6f5984c5889038d9a08e673f8262625c449ea999,2025-08-16T09:20:09+08:00,3,374,0.5,0.8586450457011654,,False,False,0,3,0.0,46.73,,0.06419771310507645,60844169.0,NewFuture/DDNS,Python
ddns/scheduler/_base.py,3,callable,ok,ddns.scheduler._base.BaseScheduler._build_ddns_command,ddns.scheduler._base.BaseScheduler._build_ddns_command,6c24557505ff3377fdf7d8b47441fc3154a72d55,2025-08-07T17:58:43Z,14630204112c15f1b99e0a3c131b66f884235882,2025-08-14T01:02:44+08:00,2,374,0.09523809523809523,,,False,False,0,2,0.0,44.39,,0.04506005660669611,60844169.0,NewFuture/DDNS,Python
ddns/scheduler/_base.py,4,callable,ok,ddns.scheduler._base.BaseScheduler.is_installed,ddns.scheduler._base.BaseScheduler.is_installed,6c24557505ff3377fdf7d8b47441fc3154a72d55,2025-08-07T17:58:43Z,6c24557505ff3377fdf7d8b47441fc3154a72d55,2025-08-07T17:58:43Z,1,374,0.3333333333333333,,,False,False,0,1,0.0,38.42,,0.026025342779970484,60844169.0,NewFuture/DDNS,Python
ddns/scheduler/_base.py,5,callable,ok,ddns.scheduler._base.BaseScheduler.get_status,ddns.scheduler._base.BaseScheduler.get_status,6c24557505ff3377fdf7d8b47441fc3154a72d55,2025-08-07T17:58:43Z,6c24557505ff3377fdf7d8b47441fc3154a72d55,2025-08-07T17:58:43Z,1,374,0.3333333333333333,,,False,False,0,1,0.0,38.42,,0.026025342779970484,60844169.0,NewFuture/DDNS,Python
ddns/scheduler/_base.py,6,callable,ok,ddns.scheduler._base.BaseScheduler.install,ddns.scheduler._base.BaseScheduler.install,6c24557505ff3377fdf7d8b47441fc3154a72d55,2025-08-07T17:58:43Z,6c24557505ff3377fdf7d8b47441fc3154a72d55,2025-08-07T17:58:43Z,1,374,0.3333333333333333,,,False,False,0,1,0.0,38.42,,0.026025342779970484,60844169.0,NewFuture/DDNS,Python
ddns/scheduler/_base.py,7,callable,ok,ddns.scheduler._base.BaseScheduler.uninstall,ddns.scheduler._base.BaseScheduler.uninstall,6c24557505ff3377fdf7d8b47441fc3154a72d55,2025-08-07T17:58:43Z,6c24557505ff3377fdf7d8b47441fc3154a72d55,2025-08-07T17:58:43Z,1,374,0.3333333333333333,,,False,False,0,1,0.0,38.42,,0.026025342779970484,60844169.0,NewFuture/DDNS,Python
ddns/scheduler/_base.py,8,callable,ok,ddns.scheduler._base.BaseScheduler.enable,ddns.scheduler._base.BaseScheduler.enable,6c24557505ff3377fdf7d8b47441fc3154a72d55,2025-08-07T17:58:43Z,6c24557505ff3377fdf7d8b47441fc3154a72d55,2025-08-07T17:58:43Z,1,374,0.3333333333333333,,,False,False,0,1,0.0,38.42,,0.026025342779970484,60844169.0,NewFuture/DDNS,Python
ddns/scheduler/_base.py,9,callable,ok,ddns.scheduler._base.BaseScheduler.disable,ddns.scheduler._base.BaseScheduler.disable,6c24557505ff3377fdf7d8b47441fc3154a72d55,2025-08-07T17:58:43Z,6c24557505ff3377fdf7d8b47441fc3154a72d55,2025-08-07T17:58:43Z,1,374,0.3333333333333333,,,False,False,0,1,0.0,38.42,,0.026025342779970484,60844169.0,NewFuture/DDNS,Python
ddns/scheduler/_base.py,10,callable,ok,ddns.scheduler._base.BaseScheduler._quote_command_array,ddns.scheduler._base.BaseScheduler._quote_command_array,14630204112c15f1b99e0a3c131b66f884235882,2025-08-14T01:02:44+08:00,14630204112c15f1b99e0a3c131b66f884235882,2025-08-14T01:02:44+08:00,1,368,0.3333333333333333,,,False,False,0,1,0.0,44.39,,0.022530028303348056,60844169.0,NewFuture/DDNS,Python
ddns/scheduler/_base.py,11,callable,ok,ddns.scheduler._base.BaseScheduler._get_description,ddns.scheduler._base.BaseScheduler._get_description,14630204112c15f1b99e0a3c131b66f884235882,2025-08-14T01:02:44+08:00,14630204112c15f1b99e0a3c131b66f884235882,2025-08-14T01:02:44+08:00,1,368,0.25,,,False,False,0,1,0.0,44.39,,0.022530028303348056,60844169.0,NewFuture/DDNS,Python
ddns/scheduler/cron.py,0,class,ok,ddns.scheduler.cron.CronScheduler,ddns.scheduler.cron.CronScheduler,6c24557505ff3377fdf7d8b47441fc3154a72d55,2025-08-07T17:58:43Z,6f5984c5889038d9a08e673f8262625c449ea999,2025-08-16T09:20:09+08:00,4,374,0.041666666666666664,1.4222508654529091,,False,False,0,4,0.0,46.73,,0.0855969508067686,60844169.0,NewFuture/DDNS,Python
ddns/scheduler/cron.py,0,callable,ok,ddns.scheduler.cron.CronScheduler._update_crontab,ddns.scheduler.cron.CronScheduler._update_crontab,6c24557505ff3377fdf7d8b47441fc3154a72d55,2025-08-07T17:58:43Z,f7a92b390378437e1f8be366a4e93a68f5f8ce60,2025-08-09T11:29:35+08:00,2,374,0.18181818181818182,,,False,False,0,2,0.0,39.82,,0.050225360144607184,60844169.0,NewFuture/DDNS,Python
ddns/scheduler/cron.py,1,callable,ok,ddns.scheduler.cron.CronScheduler.is_installed,ddns.scheduler.cron.CronScheduler.is_installed,6c24557505ff3377fdf7d8b47441fc3154a72d55,2025-08-07T17:58:43Z,6f5984c5889038d9a08e673f8262625c449ea999,2025-08-16T09:20:09+08:00,2,374,0.6666666666666666,,,False,False,0,2,0.0,46.73,,0.0427984754033843,60844169.0,NewFuture/DDNS,Python
ddns/scheduler/cron.py,2,callable,ok,ddns.scheduler.cron.CronScheduler.get_status,ddns.scheduler.cron.CronScheduler.get_status,6c24557505ff3377fdf7d8b47441fc3154a72d55,2025-08-07T17:58:43Z,6f5984c5889038d9a08e673f8262625c449ea999,2025-08-16T09:20:09+08:00,2,374,0.1,,,False,False,0,2,0.0,46.73,,0.0427984754033843,60844169.0,NewFuture/DDNS,Python
ddns/scheduler/cron.py,3,callable,ok,ddns.scheduler.cron.CronScheduler.install,ddns.scheduler.cron.CronScheduler.install,6c24557505ff3377fdf7d8b47441fc3154a72d55,2025-08-07T17:58:43Z,6f5984c5889038d9a08e673f8262625c449ea999,2025-08-16T09:20:09+08:00,4,374,0.25,1.4222508654529091,,False,False,0,4,0.0,46.73,,0.0855969508067686,60844169.0,NewFuture/DDNS,Python
ddns/scheduler/cron.py,4,callable,ok,ddns.scheduler.cron.CronScheduler.uninstall,ddns.scheduler.cron.CronScheduler.uninstall,6c24557505ff3377fdf7d8b47441fc3154a72d55,2025-08-07T17:58:43Z,6c24557505ff3377fdf7d8b47441fc3154a72d55,2025-08-07T17:58:43Z,1,374,0.5,,,False,False,0,1,0.0,38.42,,0.026025342779970484,60844169.0,NewFuture/DDNS,Python
ddns/scheduler/cron.py,5,callable,ok,ddns.scheduler.cron.CronScheduler.enable,ddns.scheduler.cron.CronScheduler.enable,6c24557505ff3377fdf7d8b47441fc3154a72d55,2025-08-07T17:58:43Z,6c24557505ff3377fdf7d8b47441fc3154a72d55,2025-08-07T17:58:43Z,1,374,0.5,,,False,False,0,1,0.0,38.42,,0.026025342779970484,60844169.0,NewFuture/DDNS,Python
ddns/scheduler/cron.py,6,callable,ok,ddns.scheduler.cron.CronScheduler.disable,ddns.scheduler.cron.CronScheduler.disable,6c24557505ff3377fdf7d8b47441fc3154a72d55,2025-08-07T17:58:43Z,6c24557505ff3377fdf7d8b47441fc3154a72d55,2025-08-07T17:58:43Z,1,374,0.5,,,False,False,0,1,0.0,38.42,,0.026025342779970484,60844169.0,NewFuture/DDNS,Python
ddns/scheduler/cron.py,7,callable,ok,ddns.scheduler.cron.CronScheduler._modify_cron_lines,ddns.scheduler.cron.CronScheduler._modify_cron_lines,6c24557505ff3377fdf7d8b47441fc3154a72d55,2025-08-07T17:58:43Z,6f5984c5889038d9a08e673f8262625c449ea999,2025-08-16T09:20:09+08:00,3,374,0.11538461538461539,0.6533687502141379,,False,False,0,3,0.0,46.73,,0.06419771310507645,60844169.0,NewFuture/DDNS,Python
ddns/scheduler/launchd.py,0,class,ok,ddns.scheduler.launchd.LaunchdScheduler,ddns.scheduler.launchd.LaunchdScheduler,6c24557505ff3377fdf7d8b47441fc3154a72d55,2025-08-07T17:58:43Z,6f5984c5889038d9a08e673f8262625c449ea999,2025-08-16T09:20:09+08:00,4,374,0.034482758620689655,1.4222508654529091,,False,False,0,4,0.0,46.73,,0.0855969508067686,60844169.0,NewFuture/DDNS,Python
ddns/scheduler/launchd.py,0,callable,ok,ddns.scheduler.launchd.LaunchdScheduler._get_plist_path,ddns.scheduler.launchd.LaunchdScheduler._get_plist_path,6c24557505ff3377fdf7d8b47441fc3154a72d55,2025-08-07T17:58:43Z,6c24557505ff3377fdf7d8b47441fc3154a72d55,2025-08-07T17:58:43Z,1,374,0.5,,,False,False,0,1,0.0,38.42,,0.026025342779970484,60844169.0,NewFuture/DDNS,Python
ddns/scheduler/launchd.py,1,callable,ok,ddns.scheduler.launchd.LaunchdScheduler.is_installed,ddns.scheduler.launchd.LaunchdScheduler.is_installed,6c24557505ff3377fdf7d8b47441fc3154a72d55,2025-08-07T17:58:43Z,6c24557505ff3377fdf7d8b47441fc3154a72d55,2025-08-07T17:58:43Z,1,374,0.5,,,False,False,0,1,0.0,38.42,,0.026025342779970484,60844169.0,NewFuture/DDNS,Python
ddns/scheduler/launchd.py,2,callable,ok,ddns.scheduler.launchd.LaunchdScheduler.get_status,ddns.scheduler.launchd.LaunchdScheduler.get_status,6c24557505ff3377fdf7d8b47441fc3154a72d55,2025-08-07T17:58:43Z,6f5984c5889038d9a08e673f8262625c449ea999,2025-08-16T09:20:09+08:00,2,374,0.06451612903225806,,,False,False,0,2,0.0,46.73,,0.0427984754033843,60844169.0,NewFuture/DDNS,Python
ddns/scheduler/launchd.py,3,callable,ok,ddns.scheduler.launchd.LaunchdScheduler.install,ddns.scheduler.launchd.LaunchdScheduler.install,6c24557505ff3377fdf7d8b47441fc3154a72d55,2025-08-07T17:58:43Z,6f5984c5889038d9a08e673f8262625c449ea999,2025-08-16T09:20:09+08:00,4,374,0.10526315789473684,1.4222508654529091,,False,False,0,4,0.0,46.73,,0.0855969508067686,60844169.0,NewFuture/DDNS,Python
ddns/scheduler/launchd.py,4,callable,ok,ddns.scheduler.launchd.LaunchdScheduler.uninstall,ddns.scheduler.launchd.LaunchdScheduler.uninstall,6c24557505ff3377fdf7d8b47441fc3154a72d55,2025-08-07T17:58:43Z,6f5984c5889038d9a08e673f8262625c449ea999,2025-08-16T09:20:09+08:00,2,374,0.2,,,False,False,0,2,0.0,46.73,,0.0427984754033843,60844169.0,NewFuture/DDNS,Python
ddns/scheduler/launchd.py,5,callable,ok,ddns.scheduler.launchd.LaunchdScheduler.enable,ddns.scheduler.launchd.LaunchdScheduler.enable,6c24557505ff3377fdf7d8b47441fc3154a72d55,2025-08-07T17:58:43Z,6f5984c5889038d9a08e673f8262625c449ea999,2025-08-16T09:20:09+08:00,2,374,0.15384615384615385,,,False,False,0,2,0.0,46.73,,0.0427984754033843,60844169.0,NewFuture/DDNS,Python
ddns/scheduler/launchd.py,6,callable,ok,ddns.scheduler.launchd.LaunchdScheduler.disable,ddns.scheduler.launchd.LaunchdScheduler.disable,6c24557505ff3377fdf7d8b47441fc3154a72d55,2025-08-07T17:58:43Z,6f5984c5889038d9a08e673f8262625c449ea999,2025-08-16T09:20:09+08:00,2,374,0.2222222222222222,,,False,False,0,2,0.0,46.73,,0.0427984754033843,60844169.0,NewFuture/DDNS,Python
ddns/scheduler/schtasks.py,0,class,ok,ddns.scheduler.schtasks.SchtasksScheduler,ddns.scheduler.schtasks.SchtasksScheduler,6c24557505ff3377fdf7d8b47441fc3154a72d55,2025-08-07T17:58:43Z,6f5984c5889038d9a08e673f8262625c449ea999,2025-08-16T09:20:09+08:00,4,374,0.03773584905660377,1.4222508654529091,,False,False,0,4,0.0,46.73,,0.0855969508067686,60844169.0,NewFuture/DDNS,Python
ddns/scheduler/schtasks.py,1,callable,ok,ddns.scheduler.schtasks.SchtasksScheduler._create_vbs_script,ddns.scheduler.schtasks.SchtasksScheduler._create_vbs_script,6c24557505ff3377fdf7d8b47441fc3154a72d55,2025-08-07T17:58:43Z,f7a92b390378437e1f8be366a4e93a68f5f8ce60,2025-08-09T11:29:35+08:00,2,1,0.09090909090909091,,,True,False,0,2,0.0,39.82,,0.050225360144607184,60844169.0,NewFuture/DDNS,Python
ddns/scheduler/schtasks.py,0,callable,ok,ddns.scheduler.schtasks.SchtasksScheduler._schtasks,ddns.scheduler.schtasks.SchtasksScheduler._schtasks,6c24557505ff3377fdf7d8b47441fc3154a72d55,2025-08-07T17:58:43Z,6f5984c5889038d9a08e673f8262625c449ea999,2025-08-16T09:20:09+08:00,2,374,0.5,,,False,False,0,2,0.0,46.73,,0.0427984754033843,60844169.0,NewFuture/DDNS,Python
ddns/scheduler/schtasks.py,2,callable,ok,ddns.scheduler.schtasks.SchtasksScheduler._extract_xml,ddns.scheduler.schtasks.SchtasksScheduler._extract_xml,6c24557505ff3377fdf7d8b47441fc3154a72d55,2025-08-07T17:58:43Z,6f5984c5889038d9a08e673f8262625c449ea999,2025-08-16T09:20:09+08:00,2,374,0.4,,,False,False,0,2,0.0,46.73,,0.0427984754033843,60844169.0,NewFuture/DDNS,Python
ddns/scheduler/schtasks.py,3,callable,ok,ddns.scheduler.schtasks.SchtasksScheduler.is_installed,ddns.scheduler.schtasks.SchtasksScheduler.is_installed,6c24557505ff3377fdf7d8b47441fc3154a72d55,2025-08-07T17:58:43Z,6f5984c5889038d9a08e673f8262625c449ea999,2025-08-16T09:20:09+08:00,2,374,0.6666666666666666,,,False,False,0,2,0.0,46.73,,0.0427984754033843,60844169.0,NewFuture/DDNS,Python
ddns/scheduler/schtasks.py,4,callable,ok,ddns.scheduler.schtasks.SchtasksScheduler.get_status,ddns.scheduler.schtasks.SchtasksScheduler.get_status,6c24557505ff3377fdf7d8b47441fc3154a72d55,2025-08-07T17:58:43Z,6f5984c5889038d9a08e673f8262625c449ea999,2025-08-16T09:20:09+08:00,2,374,0.08695652173913043,,,False,False,0,2,0.0,46.73,,0.0427984754033843,60844169.0,NewFuture/DDNS,Python
ddns/scheduler/schtasks.py,5,callable,ok,ddns.scheduler.schtasks.SchtasksScheduler.install,ddns.scheduler.schtasks.SchtasksScheduler.install,6c24557505ff3377fdf7d8b47441fc3154a72d55,2025-08-07T17:58:43Z,14630204112c15f1b99e0a3c131b66f884235882,2025-08-14T01:02:44+08:00,2,374,0.038461538461538464,,,False,False,0,2,0.0,44.39,,0.04506005660669611,60844169.0,NewFuture/DDNS,Python
ddns/scheduler/schtasks.py,6,callable,ok,ddns.scheduler.schtasks.SchtasksScheduler.uninstall,ddns.scheduler.schtasks.SchtasksScheduler.uninstall,6c24557505ff3377fdf7d8b47441fc3154a72d55,2025-08-07T17:58:43Z,14630204112c15f1b99e0a3c131b66f884235882,2025-08-14T01:02:44+08:00,2,374,0.6666666666666666,,,False,False,0,2,0.0,44.39,,0.04506005660669611,60844169.0,NewFuture/DDNS,Python
ddns/scheduler/schtasks.py,7,callable,ok,ddns.scheduler.schtasks.SchtasksScheduler.enable,ddns.scheduler.schtasks.SchtasksScheduler.enable,6c24557505ff3377fdf7d8b47441fc3154a72d55,2025-08-07T17:58:43Z,6c24557505ff3377fdf7d8b47441fc3154a72d55,2025-08-07T17:58:43Z,1,374,0.5,,,False,False,0,1,0.0,38.42,,0.026025342779970484,60844169.0,NewFuture/DDNS,Python
ddns/scheduler/schtasks.py,8,callable,ok,ddns.scheduler.schtasks.SchtasksScheduler.disable,ddns.scheduler.schtasks.SchtasksScheduler.disable,6c24557505ff3377fdf7d8b47441fc3154a72d55,2025-08-07T17:58:43Z,6c24557505ff3377fdf7d8b47441fc3154a72d55,2025-08-07T17:58:43Z,1,374,0.5,,,False,False,0,1,0.0,38.42,,0.026025342779970484,60844169.0,NewFuture/DDNS,Python
ddns/scheduler/systemd.py,0,class,ok,ddns.scheduler.systemd.SystemdScheduler,ddns.scheduler.systemd.SystemdScheduler,6c24557505ff3377fdf7d8b47441fc3154a72d55,2025-08-07T17:58:43Z,6f5984c5889038d9a08e673f8262625c449ea999,2025-08-16T09:20:09+08:00,4,374,0.03333333333333333,1.4222508654529091,,False,False,0,4,0.0,46.73,,0.0855969508067686,60844169.0,NewFuture/DDNS,Python
ddns/scheduler/systemd.py,0,callable,ok,ddns.scheduler.systemd.SystemdScheduler._systemctl,ddns.scheduler.systemd.SystemdScheduler._systemctl,6c24557505ff3377fdf7d8b47441fc3154a72d55,2025-08-07T17:58:43Z,6f5984c5889038d9a08e673f8262625c449ea999,2025-08-16T09:20:09+08:00,2,374,0.5,,,False,False,0,2,0.0,46.73,,0.0427984754033843,60844169.0,NewFuture/DDNS,Python
ddns/scheduler/systemd.py,1,callable,ok,ddns.scheduler.systemd.SystemdScheduler.is_installed,ddns.scheduler.systemd.SystemdScheduler.is_installed,6c24557505ff3377fdf7d8b47441fc3154a72d55,2025-08-07T17:58:43Z,6c24557505ff3377fdf7d8b47441fc3154a72d55,2025-08-07T17:58:43Z,1,374,0.3333333333333333,,,False,False,0,1,0.0,38.42,,0.026025342779970484,60844169.0,NewFuture/DDNS,Python
ddns/scheduler/systemd.py,2,callable,ok,ddns.scheduler.systemd.SystemdScheduler.get_status,ddns.scheduler.systemd.SystemdScheduler.get_status,6c24557505ff3377fdf7d8b47441fc3154a72d55,2025-08-07T17:58:43Z,6f5984c5889038d9a08e673f8262625c449ea999,2025-08-16T09:20:09+08:00,2,374,0.08333333333333333,,,False,False,0,2,0.0,46.73,,0.0427984754033843,60844169.0,NewFuture/DDNS,Python
ddns/scheduler/systemd.py,3,callable,ok,ddns.scheduler.systemd.SystemdScheduler.install,ddns.scheduler.systemd.SystemdScheduler.install,6c24557505ff3377fdf7d8b47441fc3154a72d55,2025-08-07T17:58:43Z,14630204112c15f1b99e0a3c131b66f884235882,2025-08-14T01:02:44+08:00,3,374,0.058823529411764705,0.7853588478477442,,False,False,0,3,0.0,44.39,,0.06759008491004417,60844169.0,NewFuture/DDNS,Python
ddns/scheduler/systemd.py,4,callable,ok,ddns.scheduler.systemd.SystemdScheduler.uninstall,ddns.scheduler.systemd.SystemdScheduler.uninstall,6c24557505ff3377fdf7d8b47441fc3154a72d55,2025-08-07T17:58:43Z,6c24557505ff3377fdf7d8b47441fc3154a72d55,2025-08-07T17:58:43Z,1,374,0.058823529411764705,,,False,False,0,1,0.0,38.42,,0.026025342779970484,60844169.0,NewFuture/DDNS,Python
ddns/scheduler/systemd.py,5,callable,ok,ddns.scheduler.systemd.SystemdScheduler.enable,ddns.scheduler.systemd.SystemdScheduler.enable,6c24557505ff3377fdf7d8b47441fc3154a72d55,2025-08-07T17:58:43Z,6c24557505ff3377fdf7d8b47441fc3154a72d55,2025-08-07T17:58:43Z,1,374,0.3333333333333333,,,False,False,0,1,0.0,38.42,,0.026025342779970484,60844169.0,NewFuture/DDNS,Python
ddns/scheduler/systemd.py,6,callable,ok,ddns.scheduler.systemd.SystemdScheduler.disable,ddns.scheduler.systemd.SystemdScheduler.disable,6c24557505ff3377fdf7d8b47441fc3154a72d55,2025-08-07T17:58:43Z,6c24557505ff3377fdf7d8b47441fc3154a72d55,2025-08-07T17:58:43Z,1,374,0.25,,,False,False,0,1,0.0,38.42,,0.026025342779970484,60844169.0,NewFuture/DDNS,Python
ddns/util/comment.py,0,callable,ok,ddns.util.comment.remove_comment,ddns.util.comment.remove_comment,d9b0b825d1495989a0bbf55fb47749d97a9ac875,2025-07-13T02:58:38Z,d9b0b825d1495989a0bbf55fb47749d97a9ac875,2025-07-13T02:58:38Z,1,400,0.03333333333333333,,,False,False,0,1,0.0,12.8,,0.07813093442427269,60844169.0,NewFuture/DDNS,Python
ddns/util/comment.py,1,callable,ok,ddns.util.comment._remove_line_comment,ddns.util.comment._remove_line_comment,d9b0b825d1495989a0bbf55fb47749d97a9ac875,2025-07-13T02:58:38Z,d9b0b825d1495989a0bbf55fb47749d97a9ac875,2025-07-13T02:58:38Z,1,400,0.020833333333333332,,,False,False,0,1,0.0,12.8,,0.07813093442427269,60844169.0,NewFuture/DDNS,Python
ddns/util/fileio.py,0,callable,ok,ddns.util.fileio._ensure_directory_exists,ddns.util.fileio._ensure_directory_exists,6c24557505ff3377fdf7d8b47441fc3154a72d55,2025-08-07T17:58:43Z,6c24557505ff3377fdf7d8b47441fc3154a72d55,2025-08-07T17:58:43Z,1,374,0.07692307692307693,,,False,False,0,1,0.0,38.42,,0.026025342779970484,60844169.0,NewFuture/DDNS,Python
ddns/util/fileio.py,1,callable,ok,ddns.util.fileio.read_file_safely,ddns.util.fileio.read_file_safely,6c24557505ff3377fdf7d8b47441fc3154a72d55,2025-08-07T17:58:43Z,6f5984c5889038d9a08e673f8262625c449ea999,2025-08-16T09:20:09+08:00,2,374,0.13333333333333333,,,False,False,0,2,0.0,46.73,,0.0427984754033843,60844169.0,NewFuture/DDNS,Python
ddns/util/fileio.py,2,callable,ok,ddns.util.fileio.write_file_safely,ddns.util.fileio.write_file_safely,6c24557505ff3377fdf7d8b47441fc3154a72d55,2025-08-07T17:58:43Z,6c24557505ff3377fdf7d8b47441fc3154a72d55,2025-08-07T17:58:43Z,1,374,0.058823529411764705,,,False,False,0,1,0.0,38.42,,0.026025342779970484,60844169.0,NewFuture/DDNS,Python
ddns/util/fileio.py,3,callable,ok,ddns.util.fileio.read_file,ddns.util.fileio.read_file,6c24557505ff3377fdf7d8b47441fc3154a72d55,2025-08-07T17:58:43Z,6c24557505ff3377fdf7d8b47441fc3154a72d55,2025-08-07T17:58:43Z,1,374,0.058823529411764705,,,False,False,0,1,0.0,38.42,,0.026025342779970484,60844169.0,NewFuture/DDNS,Python
ddns/util/fileio.py,4,callable,ok,ddns.util.fileio.write_file,ddns.util.fileio.write_file,6c24557505ff3377fdf7d8b47441fc3154a72d55,2025-08-07T17:58:43Z,6c24557505ff3377fdf7d8b47441fc3154a72d55,2025-08-07T17:58:43Z,1,374,0.0625,,,False,False,0,1,0.0,38.42,,0.026025342779970484,60844169.0,NewFuture/DDNS,Python
ddns/util/fileio.py,5,callable,ok,ddns.util.fileio.ensure_directory,ddns.util.fileio.ensure_directory,6c24557505ff3377fdf7d8b47441fc3154a72d55,2025-08-07T17:58:43Z,6c24557505ff3377fdf7d8b47441fc3154a72d55,2025-08-07T17:58:43Z,1,374,0.06666666666666667,,,False,False,0,1,0.0,38.42,,0.026025342779970484,60844169.0,NewFuture/DDNS,Python
ddns/util/http.py,2,class,ok,ddns.util.http.SSLAutoFallbackHandler,ddns.util.http.SSLAutoFallbackHandler,96b4ca2e0c55a21eb88a7ec2bbdf1dd75be10baf,2025-07-18T02:54:09+08:00,96b4ca2e0c55a21eb88a7ec2bbdf1dd75be10baf,2025-07-18T02:54:09+08:00,1,0,0.017241379310344827,,,True,False,0,1,0.0,17.46,,0.05726530339011921,60844169.0,NewFuture/DDNS,Python
ddns/util/http.py,3,class,ok,ddns.util.http.SSLFallbackHandler,ddns.util.http.AutoSSLHandler,254335f407d4b1a5de28a764af03920d5e869341,2025-07-19T04:31:15Z,c2cad12380081d2f6fbcbc02230dc8bc7793664f,2025-07-20T18:51:40Z,2,1,0.023255813953488372,,,True,True,0,2,0.0,20.46,,0.09774761881596408,60844169.0,NewFuture/DDNS,Python
ddns/util/http.py,1,class,ok,ddns.util.http.NoHTTPErrorProcessor,ddns.util.http.NoHTTPErrorHandler,96b4ca2e0c55a21eb88a7ec2bbdf1dd75be10baf,2025-07-18T02:54:09+08:00,c2cad12380081d2f6fbcbc02230dc8bc7793664f,2025-07-20T18:51:40Z,3,2,0.42857142857142855,0.996891628982052,,True,True,0,3,0.0,20.46,,0.14662142822394614,60844169.0,NewFuture/DDNS,Python
ddns/util/http.py,0,class,ok,ddns.util.http.HttpResponse,ddns.util.http.HttpResponse,f1a764d3c2e2c6aade66f85162964e6ce9248fee,2025-07-01T19:08:11+08:00,254335f407d4b1a5de28a764af03920d5e869341,2025-07-19T04:31:15Z,4,411,0.3333333333333333,1.143489239597738,,False,False,0,4,0.0,18.86,,0.21205146911294873,60844169.0,NewFuture/DDNS,Python
ddns/util/http.py,4,class,ok,ddns.util.http.RetryHandler,ddns.util.http.RetryHandler,254335f407d4b1a5de28a764af03920d5e869341,2025-07-19T04:31:15Z,c2cad12380081d2f6fbcbc02230dc8bc7793664f,2025-07-20T18:51:40Z,2,394,0.05555555555555555,,,False,False,0,2,0.0,20.46,,0.09774761881596408,60844169.0,NewFuture/DDNS,Python
ddns/util/http.py,5,class,ok,ddns.util.http.NoHTTPErrorHandler,ddns.util.http.NoHTTPErrorHandler,e66dcf024059173deb9b02ba801b1ed5f9279401,2025-07-22T01:46:01Z,e66dcf024059173deb9b02ba801b1ed5f9279401,2025-07-22T01:46:01Z,1,391,0.14285714285714285,,,False,False,0,1,0.0,21.75,,0.04597997210335489,60844169.0,NewFuture/DDNS,Python
ddns/util/http.py,6,class,ok,ddns.util.http.AutoSSLHandler,ddns.util.http.AutoSSLHandler,e66dcf024059173deb9b02ba801b1ed5f9279401,2025-07-22T01:46:01Z,e66dcf024059173deb9b02ba801b1ed5f9279401,2025-07-22T01:46:01Z,1,391,0.011627906976744186,,,False,False,0,1,0.0,21.75,,0.04597997210335489,60844169.0,NewFuture/DDNS,Python
ddns/util/http.py,0,callable,ok,ddns.util.http._create_connection,ddns.util.http._create_connection,f1a764d3c2e2c6aade66f85162964e6ce9248fee,2025-07-01T19:08:11+08:00,f1a764d3c2e2c6aade66f85162964e6ce9248fee,2025-07-01T19:08:11+08:00,1,0,0.03333333333333333,,,True,False,0,1,0.0,1.14,,0.8779684784928207,60844169.0,NewFuture/DDNS,Python
ddns/util/http.py,2,callable,ok,ddns.util.http._close_connection,ddns.util.http._close_connection,f1a764d3c2e2c6aade66f85162964e6ce9248fee,2025-07-01T19:08:11+08:00,f1a764d3c2e2c6aade66f85162964e6ce9248fee,2025-07-01T19:08:11+08:00,1,0,0.14285714285714285,,,True,False,0,1,0.0,1.14,,0.8779684784928207,60844169.0,NewFuture/DDNS,Python
ddns/util/http.py,4,callable,ok,ddns.util.http._build_redirect_url,ddns.util.http._build_redirect_url,f1a764d3c2e2c6aade66f85162964e6ce9248fee,2025-07-01T19:08:11+08:00,f1a764d3c2e2c6aade66f85162964e6ce9248fee,2025-07-01T19:08:11+08:00,1,0,0.06666666666666667,,,True,False,0,1,0.0,1.14,,0.8779684784928207,60844169.0,NewFuture/DDNS,Python
ddns/util/http.py,7,callable,ok,ddns.util.http.HttpResponse.get_header,ddns.util.http.HttpResponse.get_header,f1a764d3c2e2c6aade66f85162964e6ce9248fee,2025-07-01T19:08:11+08:00,458f354067f7f4aeecb3ead93d119bf3bee0a8d4,2025-07-14T01:36:35+08:00,2,12,0.15384615384615385,,,True,False,0,2,0.0,13.41,,0.14915672072734618,60844169.0,NewFuture/DDNS,Python
ddns/util/http.py,8,callable,ok,ddns.util.http._create_ssl_context,ddns.util.http._create_ssl_context,458f354067f7f4aeecb3ead93d119bf3bee0a8d4,2025-07-14T01:36:35+08:00,458f354067f7f4aeecb3ead93d119bf3bee0a8d4,2025-07-14T01:36:35+08:00,1,0,0.047619047619047616,,,True,False,0,1,0.0,13.41,,0.07457836036367309,60844169.0,NewFuture/DDNS,Python
ddns/util/http.py,9,callable,ok,ddns.util.http._create_opener,ddns.util.http._create_opener,458f354067f7f4aeecb3ead93d119bf3bee0a8d4,2025-07-14T01:36:35+08:00,876889ed841e532a0db587c9211289ef777f2c05,2025-07-16T17:10:15Z,2,2,0.125,,,True,False,0,2,0.0,16.39,,0.1220224371580918,60844169.0,NewFuture/DDNS,Python
ddns/util/http.py,3,callable,ok,ddns.util.http.send_http_request,ddns.util.http.send_http_request,f1a764d3c2e2c6aade66f85162964e6ce9248fee,2025-07-01T19:08:11+08:00,96b4ca2e0c55a21eb88a7ec2bbdf1dd75be10baf,2025-07-18T02:54:09+08:00,4,16,0.06349206349206349,1.0156195020887844,,True,False,0,4,0.0,17.46,,0.22906121356047685,60844169.0,NewFuture/DDNS,Python
ddns/util/http.py,11,callable,ok,ddns.util.http.SSLAutoFallbackHandler.__init__,ddns.util.http.SSLAutoFallbackHandler.__init__,96b4ca2e0c55a21eb88a7ec2bbdf1dd75be10baf,2025-07-18T02:54:09+08:00,96b4ca2e0c55a21eb88a7ec2bbdf1dd75be10baf,2025-07-18T02:54:09+08:00,1,0,0.1111111111111111,,,True,False,0,1,0.0,17.46,,0.05726530339011921,60844169.0,NewFuture/DDNS,Python
ddns/util/http.py,13,callable,ok,ddns.util.http.SSLAutoFallbackHandler.https_open,ddns.util.http.SSLAutoFallbackHandler.https_open,96b4ca2e0c55a21eb88a7ec2bbdf1dd75be10baf,2025-07-18T02:54:09+08:00,96b4ca2e0c55a21eb88a7ec2bbdf1dd75be10baf,2025-07-18T02:54:09+08:00,1,0,0.05555555555555555,,,True,False,0,1,0.0,17.46,,0.05726530339011921,60844169.0,NewFuture/DDNS,Python
ddns/util/http.py,1,callable,ok,ddns.util.http._load_system_ca_certs,ddns.util.http.SSLFallbackHandler._load_system_ca_certs,f1a764d3c2e2c6aade66f85162964e6ce9248fee,2025-07-01T19:08:11+08:00,254335f407d4b1a5de28a764af03920d5e869341,2025-07-19T04:31:15Z,4,17,0.16666666666666666,1.3193783747717438,,True,True,0,4,0.0,18.86,,0.21205146911294873,60844169.0,NewFuture/DDNS,Python
ddns/util/http.py,12,callable,ok,ddns.util.http.SSLAutoFallbackHandler._get_ssl_context,ddns.util.http.SSLFallbackHandler._ssl_context,96b4ca2e0c55a21eb88a7ec2bbdf1dd75be10baf,2025-07-18T02:54:09+08:00,254335f407d4b1a5de28a764af03920d5e869341,2025-07-19T04:31:15Z,2,1,0.09523809523809523,,,True,True,0,2,0.0,18.86,,0.10602573455647436,60844169.0,NewFuture/DDNS,Python
ddns/util/http.py,10,callable,ok,ddns.util.http.NoHTTPErrorProcessor.http_error_default,ddns.util.http.NoHTTPErrorHandler.http_error_default,96b4ca2e0c55a21eb88a7ec2bbdf1dd75be10baf,2025-07-18T02:54:09+08:00,c2cad12380081d2f6fbcbc02230dc8bc7793664f,2025-07-20T18:51:40Z,3,2,0.75,0.996891628982052,,True,True,0,3,0.0,20.46,,0.14662142822394614,60844169.0,NewFuture/DDNS,Python
ddns/util/http.py,15,callable,ok,ddns.util.http.SSLFallbackHandler.__init__,ddns.util.http.AutoSSLHandler.__init__,254335f407d4b1a5de28a764af03920d5e869341,2025-07-19T04:31:15Z,c2cad12380081d2f6fbcbc02230dc8bc7793664f,2025-07-20T18:51:40Z,2,1,0.2222222222222222,,,True,True,0,2,0.0,20.46,,0.09774761881596408,60844169.0,NewFuture/DDNS,Python
ddns/util/http.py,17,callable,ok,ddns.util.http.SSLFallbackHandler._open,ddns.util.http.AutoSSLHandler._open,254335f407d4b1a5de28a764af03920d5e869341,2025-07-19T04:31:15Z,c2cad12380081d2f6fbcbc02230dc8bc7793664f,2025-07-20T18:51:40Z,2,1,0.3333333333333333,,,True,True,0,2,0.0,20.46,,0.09774761881596408,60844169.0,NewFuture/DDNS,Python
ddns/util/http.py,16,callable,ok,ddns.util.http.SSLFallbackHandler.https_open,ddns.util.http.AutoSSLHandler.https_open,254335f407d4b1a5de28a764af03920d5e869341,2025-07-19T04:31:15Z,c2cad12380081d2f6fbcbc02230dc8bc7793664f,2025-07-20T18:51:40Z,2,1,0.11764705882352941,,,True,True,0,2,0.0,20.46,,0.09774761881596408,60844169.0,NewFuture/DDNS,Python
ddns/util/http.py,19,callable,ok,ddns.util.http.RetryHandler.default_open,ddns.util.http.RetryHandler._open,254335f407d4b1a5de28a764af03920d5e869341,2025-07-19T04:31:15Z,c2cad12380081d2f6fbcbc02230dc8bc7793664f,2025-07-20T18:51:40Z,2,1,0.09090909090909091,,,True,True,0,2,0.0,20.46,,0.09774761881596408,60844169.0,NewFuture/DDNS,Python
ddns/util/http.py,5,callable,ok,ddns.util.http._decode_response_body,ddns.util.http._decode_response_body,f1a764d3c2e2c6aade66f85162964e6ce9248fee,2025-07-01T19:08:11+08:00,96b4ca2e0c55a21eb88a7ec2bbdf1dd75be10baf,2025-07-18T02:54:09+08:00,2,411,0.06451612903225806,,,False,False,0,2,0.0,17.46,,0.11453060678023842,60844169.0,NewFuture/DDNS,Python
ddns/util/http.py,6,callable,ok,ddns.util.http.HttpResponse.__init__,ddns.util.http.HttpResponse.__init__,f1a764d3c2e2c6aade66f85162964e6ce9248fee,2025-07-01T19:08:11+08:00,254335f407d4b1a5de28a764af03920d5e869341,2025-07-19T04:31:15Z,4,411,0.4444444444444444,1.143489239597738,,False,False,0,4,0.0,18.86,,0.21205146911294873,60844169.0,NewFuture/DDNS,Python
ddns/util/http.py,14,callable,ok,ddns.util.http.request,ddns.util.http.request,254335f407d4b1a5de28a764af03920d5e869341,2025-07-19T04:31:15Z,6e3d3560c725177ecab74f4880981a6dc7bc190d,2026-08-15T22:23:27+08:00,4,394,0.04938271604938271,0.06997182530742031,,False,False,0,4,0.0,411.27,,0.009725862111421063,60844169.0,NewFuture/DDNS,Python
ddns/util/http.py,18,callable,ok,ddns.util.http.RetryHandler.__init__,ddns.util.http.RetryHandler.__init__,254335f407d4b1a5de28a764af03920d5e869341,2025-07-19T04:31:15Z,c2cad12380081d2f6fbcbc02230dc8bc7793664f,2025-07-20T18:51:40Z,2,394,0.2857142857142857,,,False,False,0,2,0.0,20.46,,0.09774761881596408,60844169.0,NewFuture/DDNS,Python
ddns/util/http.py,20,callable,ok,ddns.util.http._proxy_handler,ddns.util.http._proxy_handler,c2cad12380081d2f6fbcbc02230dc8bc7793664f,2025-07-20T18:51:40Z,c2cad12380081d2f6fbcbc02230dc8bc7793664f,2025-07-20T18:51:40Z,1,392,0.07692307692307693,,,False,False,0,1,0.0,20.46,,0.04887380940798204,60844169.0,NewFuture/DDNS,Python
ddns/util/http.py,21,callable,ok,ddns.util.http.AutoSSLHandler._ssl_context,ddns.util.http.AutoSSLHandler._ssl_context,c2cad12380081d2f6fbcbc02230dc8bc7793664f,2025-07-20T18:51:40Z,c2cad12380081d2f6fbcbc02230dc8bc7793664f,2025-07-20T18:51:40Z,1,392,0.047619047619047616,,,False,False,0,1,0.0,20.46,,0.04887380940798204,60844169.0,NewFuture/DDNS,Python
ddns/util/http.py,22,callable,ok,ddns.util.http.AutoSSLHandler._load_system_ca_certs,ddns.util.http.AutoSSLHandler._load_system_ca_certs,c2cad12380081d2f6fbcbc02230dc8bc7793664f,2025-07-20T18:51:40Z,c2cad12380081d2f6fbcbc02230dc8bc7793664f,2025-07-20T18:51:40Z,1,392,0.041666666666666664,,,False,False,0,1,0.0,20.46,,0.04887380940798204,60844169.0,NewFuture/DDNS,Python
ddns/util/http.py,23,callable,ok,ddns.util.http.NoHTTPErrorHandler.http_error_default,ddns.util.http.NoHTTPErrorHandler.http_error_default,e66dcf024059173deb9b02ba801b1ed5f9279401,2025-07-22T01:46:01Z,e66dcf024059173deb9b02ba801b1ed5f9279401,2025-07-22T01:46:01Z,1,391,0.25,,,False,False,0,1,0.0,21.75,,0.04597997210335489,60844169.0,NewFuture/DDNS,Python
ddns/util/http.py,24,callable,ok,ddns.util.http.AutoSSLHandler.__init__,ddns.util.http.AutoSSLHandler.__init__,e66dcf024059173deb9b02ba801b1ed5f9279401,2025-07-22T01:46:01Z,e66dcf024059173deb9b02ba801b1ed5f9279401,2025-07-22T01:46:01Z,1,391,0.1111111111111111,,,False,False,0,1,0.0,21.75,,0.04597997210335489,60844169.0,NewFuture/DDNS,Python
ddns/util/http.py,25,callable,ok,ddns.util.http.AutoSSLHandler.https_open,ddns.util.http.AutoSSLHandler.https_open,e66dcf024059173deb9b02ba801b1ed5f9279401,2025-07-22T01:46:01Z,e66dcf024059173deb9b02ba801b1ed5f9279401,2025-07-22T01:46:01Z,1,391,0.058823529411764705,,,False,False,0,1,0.0,21.75,,0.04597997210335489,60844169.0,NewFuture/DDNS,Python
ddns/util/http.py,26,callable,ok,ddns.util.http.AutoSSLHandler._open,ddns.util.http.AutoSSLHandler._open,e66dcf024059173deb9b02ba801b1ed5f9279401,2025-07-22T01:46:01Z,e66dcf024059173deb9b02ba801b1ed5f9279401,2025-07-22T01:46:01Z,1,391,0.16666666666666666,,,False,False,0,1,0.0,21.75,,0.04597997210335489,60844169.0,NewFuture/DDNS,Python
ddns/util/http.py,27,callable,ok,ddns.util.http.RetryHandler._open,ddns.util.http.RetryHandler._open,e66dcf024059173deb9b02ba801b1ed5f9279401,2025-07-22T01:46:01Z,e66dcf024059173deb9b02ba801b1ed5f9279401,2025-07-22T01:46:01Z,1,391,0.045454545454545456,,,False,False,0,1,0.0,21.75,,0.04597997210335489,60844169.0,NewFuture/DDNS,Python
ddns/util/try_run.py,0,callable,ok,ddns.util.try_run.try_run,ddns.util.try_run.try_run,6f5984c5889038d9a08e673f8262625c449ea999,2025-08-16T09:20:09+08:00,6f5984c5889038d9a08e673f8262625c449ea999,2025-08-16T09:20:09+08:00,1,366,0.037037037037037035,,,False,False,0,1,0.0,46.73,,0.02139923770169215,60844169.0,NewFuture/DDNS,Python
ddns/web/scheduler.py,0,class,ok,ddns.web.scheduler.WebScheduler,ddns.web.scheduler.WebScheduler,d14594f14d68eecc69c09e1796cc1bffd8779ed9,2026-08-12T02:23:17+08:00,d14594f14d68eecc69c09e1796cc1bffd8779ed9,2026-08-12T02:23:17+08:00,1,5,0.006024096385542169,,,False,False,0,1,0.0,407.44,,0.0024543422043316583,60844169.0,NewFuture/DDNS,Python
ddns/web/scheduler.py,0,callable,ok,ddns.web.scheduler.WebScheduler.__init__,ddns.web.scheduler.WebScheduler.__init__,d14594f14d68eecc69c09e1796cc1bffd8779ed9,2026-08-12T02:23:17+08:00,d14594f14d68eecc69c09e1796cc1bffd8779ed9,2026-08-12T02:23:17+08:00,1,5,0.0625,,,False,False,0,1,0.0,407.44,,0.0024543422043316583,60844169.0,NewFuture/DDNS,Python
ddns/web/scheduler.py,1,callable,ok,ddns.web.scheduler.WebScheduler._validate_interval,ddns.web.scheduler.WebScheduler._validate_interval,d14594f14d68eecc69c09e1796cc1bffd8779ed9,2026-08-12T02:23:17+08:00,d14594f14d68eecc69c09e1796cc1bffd8779ed9,2026-08-12T02:23:17+08:00,1,5,0.07692307692307693,,,False,False,0,1,0.0,407.44,,0.0024543422043316583,60844169.0,NewFuture/DDNS,Python
ddns/web/scheduler.py,2,callable,ok,ddns.web.scheduler.WebScheduler._schedule_next_locked,ddns.web.scheduler.WebScheduler._schedule_next_locked,d14594f14d68eecc69c09e1796cc1bffd8779ed9,2026-08-12T02:23:17+08:00,d14594f14d68eecc69c09e1796cc1bffd8779ed9,2026-08-12T02:23:17+08:00,1,5,0.2,,,False,False,0,1,0.0,407.44,,0.0024543422043316583,60844169.0,NewFuture/DDNS,Python
ddns/web/scheduler.py,3,callable,ok,ddns.web.scheduler.WebScheduler.start,ddns.web.scheduler.WebScheduler.start,d14594f14d68eecc69c09e1796cc1bffd8779ed9,2026-08-12T02:23:17+08:00,d14594f14d68eecc69c09e1796cc1bffd8779ed9,2026-08-12T02:23:17+08:00,1,5,0.07692307692307693,,,False,False,0,1,0.0,407.44,,0.0024543422043316583,60844169.0,NewFuture/DDNS,Python
ddns/web/scheduler.py,4,callable,ok,ddns.web.scheduler.WebScheduler.stop,ddns.web.scheduler.WebScheduler.stop,d14594f14d68eecc69c09e1796cc1bffd8779ed9,2026-08-12T02:23:17+08:00,d14594f14d68eecc69c09e1796cc1bffd8779ed9,2026-08-12T02:23:17+08:00,1,5,0.06666666666666667,,,False,False,0,1,0.0,407.44,,0.0024543422043316583,60844169.0,NewFuture/DDNS,Python
ddns/web/scheduler.py,5,callable,ok,ddns.web.scheduler.WebScheduler.configure,ddns.web.scheduler.WebScheduler.configure,d14594f14d68eecc69c09e1796cc1bffd8779ed9,2026-08-12T02:23:17+08:00,d14594f14d68eecc69c09e1796cc1bffd8779ed9,2026-08-12T02:23:17+08:00,1,5,0.07142857142857142,,,False,False,0,1,0.0,407.44,,0.0024543422043316583,60844169.0,NewFuture/DDNS,Python
ddns/web/scheduler.py,6,callable,ok,ddns.web.scheduler.WebScheduler.status,ddns.web.scheduler.WebScheduler.status,d14594f14d68eecc69c09e1796cc1bffd8779ed9,2026-08-12T02:23:17+08:00,d14594f14d68eecc69c09e1796cc1bffd8779ed9,2026-08-12T02:23:17+08:00,1,5,0.047619047619047616,,,False,False,0,1,0.0,407.44,,0.0024543422043316583,60844169.0,NewFuture/DDNS,Python
ddns/web/scheduler.py,7,callable,ok,ddns.web.scheduler.WebScheduler._guard_allows_run,ddns.web.scheduler.WebScheduler._guard_allows_run,d14594f14d68eecc69c09e1796cc1bffd8779ed9,2026-08-12T02:23:17+08:00,d14594f14d68eecc69c09e1796cc1bffd8779ed9,2026-08-12T02:23:17+08:00,1,5,0.08333333333333333,,,False,False,0,1,0.0,407.44,,0.0024543422043316583,60844169.0,NewFuture/DDNS,Python
ddns/web/scheduler.py,8,callable,ok,ddns.web.scheduler.WebScheduler._run,ddns.web.scheduler.WebScheduler._run,d14594f14d68eecc69c09e1796cc1bffd8779ed9,2026-08-12T02:23:17+08:00,d14594f14d68eecc69c09e1796cc1bffd8779ed9,2026-08-12T02:23:17+08:00,1,5,0.022222222222222223,,,False,False,0,1,0.0,407.44,,0.0024543422043316583,60844169.0,NewFuture/DDNS,Python
ddns/web/server.py,0,class,ok,ddns.web.server.ThreadingHTTPServer,ddns.web.server.ThreadingHTTPServer,d14594f14d68eecc69c09e1796cc1bffd8779ed9,2026-08-12T02:23:17+08:00,d14594f14d68eecc69c09e1796cc1bffd8779ed9,2026-08-12T02:23:17+08:00,1,5,0.03333333333333333,,,False,False,0,1,0.0,407.44,,0.0024543422043316583,60844169.0,NewFuture/DDNS,Python
ddns/web/server.py,1,class,ok,ddns.web.server.ThreadingHTTPServerV6,ddns.web.server.ThreadingHTTPServerV6,d14594f14d68eecc69c09e1796cc1bffd8779ed9,2026-08-12T02:23:17+08:00,d14594f14d68eecc69c09e1796cc1bffd8779ed9,2026-08-12T02:23:17+08:00,1,5,0.25,,,False,False,0,1,0.0,407.44,,0.0024543422043316583,60844169.0,NewFuture/DDNS,Python
ddns/web/server.py,2,class,ok,ddns.web.server.DashboardRequestHandler,ddns.web.server.DashboardRequestHandler,d14594f14d68eecc69c09e1796cc1bffd8779ed9,2026-08-12T02:23:17+08:00,d14594f14d68eecc69c09e1796cc1bffd8779ed9,2026-08-12T02:23:17+08:00,1,5,0.004424778761061947,,,False,False,0,1,0.0,407.44,,0.0024543422043316583,60844169.0,NewFuture/DDNS,Python
ddns/web/server.py,0,callable,ok,ddns.web.server._write_stdout,ddns.web.server._write_stdout,d14594f14d68eecc69c09e1796cc1bffd8779ed9,2026-08-12T02:23:17+08:00,d14594f14d68eecc69c09e1796cc1bffd8779ed9,2026-08-12T02:23:17+08:00,1,5,0.1,,,False,False,0,1,0.0,407.44,,0.0024543422043316583,60844169.0,NewFuture/DDNS,Python
ddns/web/server.py,1,callable,ok,ddns.web.server._resource_file_bytes,ddns.web.server._resource_file_bytes,d14594f14d68eecc69c09e1796cc1bffd8779ed9,2026-08-12T02:23:17+08:00,d14594f14d68eecc69c09e1796cc1bffd8779ed9,2026-08-12T02:23:17+08:00,1,5,0.1,,,False,False,0,1,0.0,407.44,,0.0024543422043316583,60844169.0,NewFuture/DDNS,Python
ddns/web/server.py,2,callable,ok,ddns.web.server._resource_bytes,ddns.web.server._resource_bytes,d14594f14d68eecc69c09e1796cc1bffd8779ed9,2026-08-12T02:23:17+08:00,d14594f14d68eecc69c09e1796cc1bffd8779ed9,2026-08-12T02:23:17+08:00,1,5,0.09090909090909091,,,False,False,0,1,0.0,407.44,,0.0024543422043316583,60844169.0,NewFuture/DDNS,Python
ddns/web/server.py,3,callable,ok,ddns.web.server._json_bytes,ddns.web.server._json_bytes,d14594f14d68eecc69c09e1796cc1bffd8779ed9,2026-08-12T02:23:17+08:00,d14594f14d68eecc69c09e1796cc1bffd8779ed9,2026-08-12T02:23:17+08:00,1,5,0.16666666666666666,,,False,False,0,1,0.0,407.44,,0.0024543422043316583,60844169.0,NewFuture/DDNS,Python
ddns/web/server.py,4,callable,ok,ddns.web.server._local_hostname,ddns.web.server._local_hostname,d14594f14d68eecc69c09e1796cc1bffd8779ed9,2026-08-12T02:23:17+08:00,d14594f14d68eecc69c09e1796cc1bffd8779ed9,2026-08-12T02:23:17+08:00,1,5,0.14285714285714285,,,False,False,0,1,0.0,407.44,,0.0024543422043316583,60844169.0,NewFuture/DDNS,Python
ddns/web/server.py,5,callable,ok,ddns.web.server.create_server,ddns.web.server.create_server,d14594f14d68eecc69c09e1796cc1bffd8779ed9,2026-08-12T02:23:17+08:00,d14594f14d68eecc69c09e1796cc1bffd8779ed9,2026-08-12T02:23:17+08:00,1,5,0.06666666666666667,,,False,False,0,1,0.0,407.44,,0.0024543422043316583,60844169.0,NewFuture/DDNS,Python
ddns/web/server.py,6,callable,ok,ddns.web.server.serve,ddns.web.server.serve,d14594f14d68eecc69c09e1796cc1bffd8779ed9,2026-08-12T02:23:17+08:00,d14594f14d68eecc69c09e1796cc1bffd8779ed9,2026-08-12T02:23:17+08:00,1,5,0.041666666666666664,,,False,False,0,1,0.0,407.44,,0.0024543422043316583,60844169.0,NewFuture/DDNS,Python
ddns/web/server.py,7,callable,ok,ddns.web.server.ThreadingHTTPServer.server_bind,ddns.web.server.ThreadingHTTPServer.server_bind,d14594f14d68eecc69c09e1796cc1bffd8779ed9,2026-08-12T02:23:17+08:00,d14594f14d68eecc69c09e1796cc1bffd8779ed9,2026-08-12T02:23:17+08:00,1,5,0.2,,,False,False,0,1,0.0,407.44,,0.0024543422043316583,60844169.0,NewFuture/DDNS,Python
ddns/web/server.py,8,callable,ok,ddns.web.server.ThreadingHTTPServer.issue_launch_token,ddns.web.server.ThreadingHTTPServer.issue_launch_token,d14594f14d68eecc69c09e1796cc1bffd8779ed9,2026-08-12T02:23:17+08:00,d14594f14d68eecc69c09e1796cc1bffd8779ed9,2026-08-12T02:23:17+08:00,1,5,0.125,,,False,False,0,1,0.0,407.44,,0.0024543422043316583,60844169.0,NewFuture/DDNS,Python
ddns/web/server.py,9,callable,ok,ddns.web.server.ThreadingHTTPServer.consume_launch_token,ddns.web.server.ThreadingHTTPServer.consume_launch_token,d14594f14d68eecc69c09e1796cc1bffd8779ed9,2026-08-12T02:23:17+08:00,d14594f14d68eecc69c09e1796cc1bffd8779ed9,2026-08-12T02:23:17+08:00,1,5,0.1111111111111111,,,False,False,0,1,0.0,407.44,,0.0024543422043316583,60844169.0,NewFuture/DDNS,Python
ddns/web/server.py,10,callable,ok,ddns.web.server.DashboardRequestHandler.service,ddns.web.server.DashboardRequestHandler.service,d14594f14d68eecc69c09e1796cc1bffd8779ed9,2026-08-12T02:23:17+08:00,d14594f14d68eecc69c09e1796cc1bffd8779ed9,2026-08-12T02:23:17+08:00,1,5,0.3333333333333333,,,False,False,0,1,0.0,407.44,,0.0024543422043316583,60844169.0,NewFuture/DDNS,Python
ddns/web/server.py,11,callable,ok,ddns.web.server.DashboardRequestHandler.access_token,ddns.web.server.DashboardRequestHandler.access_token,d14594f14d68eecc69c09e1796cc1bffd8779ed9,2026-08-12T02:23:17+08:00,d14594f14d68eecc69c09e1796cc1bffd8779ed9,2026-08-12T02:23:17+08:00,1,5,0.3333333333333333,,,False,False,0,1,0.0,407.44,,0.0024543422043316583,60844169.0,NewFuture/DDNS,Python
ddns/web/server.py,12,callable,ok,ddns.web.server.DashboardRequestHandler.log_message,ddns.web.server.DashboardRequestHandler.log_message,d14594f14d68eecc69c09e1796cc1bffd8779ed9,2026-08-12T02:23:17+08:00,d14594f14d68eecc69c09e1796cc1bffd8779ed9,2026-08-12T02:23:17+08:00,1,5,0.3333333333333333,,,False,False,0,1,0.0,407.44,,0.0024543422043316583,60844169.0,NewFuture/DDNS,Python
ddns/web/server.py,13,callable,ok,ddns.web.server.DashboardRequestHandler._security_headers,ddns.web.server.DashboardRequestHandler._security_headers,d14594f14d68eecc69c09e1796cc1bffd8779ed9,2026-08-12T02:23:17+08:00,d14594f14d68eecc69c09e1796cc1bffd8779ed9,2026-08-12T02:23:17+08:00,1,5,0.07142857142857142,,,False,False,0,1,0.0,407.44,,0.0024543422043316583,60844169.0,NewFuture/DDNS,Python
ddns/web/server.py,14,callable,ok,ddns.web.server.DashboardRequestHandler._send_bytes,ddns.web.server.DashboardRequestHandler._send_bytes,d14594f14d68eecc69c09e1796cc1bffd8779ed9,2026-08-12T02:23:17+08:00,d14594f14d68eecc69c09e1796cc1bffd8779ed9,2026-08-12T02:23:17+08:00,1,5,0.1,,,False,False,0,1,0.0,407.44,,0.0024543422043316583,60844169.0,NewFuture/DDNS,Python
ddns/web/server.py,15,callable,ok,ddns.web.server.DashboardRequestHandler._send_json,ddns.web.server.DashboardRequestHandler._send_json,d14594f14d68eecc69c09e1796cc1bffd8779ed9,2026-08-12T02:23:17+08:00,d14594f14d68eecc69c09e1796cc1bffd8779ed9,2026-08-12T02:23:17+08:00,1,5,0.3333333333333333,,,False,False,0,1,0.0,407.44,,0.0024543422043316583,60844169.0,NewFuture/DDNS,Python
ddns/web/server.py,16,callable,ok,ddns.web.server.DashboardRequestHandler._send_redirect,ddns.web.server.DashboardRequestHandler._send_redirect,d14594f14d68eecc69c09e1796cc1bffd8779ed9,2026-08-12T02:23:17+08:00,d14594f14d68eecc69c09e1796cc1bffd8779ed9,2026-08-12T02:23:17+08:00,1,5,0.125,,,False,False,0,1,0.0,407.44,,0.0024543422043316583,60844169.0,NewFuture/DDNS,Python
ddns/web/server.py,17,callable,ok,ddns.web.server.DashboardRequestHandler._send_dashboard_error,ddns.web.server.DashboardRequestHandler._send_dashboard_error,d14594f14d68eecc69c09e1796cc1bffd8779ed9,2026-08-12T02:23:17+08:00,d14594f14d68eecc69c09e1796cc1bffd8779ed9,2026-08-12T02:23:17+08:00,1,5,0.3333333333333333,,,False,False,0,1,0.0,407.44,,0.0024543422043316583,60844169.0,NewFuture/DDNS,Python
ddns/web/server.py,18,callable,ok,ddns.web.server.DashboardRequestHandler._send_not_found,ddns.web.server.DashboardRequestHandler._send_not_found,d14594f14d68eecc69c09e1796cc1bffd8779ed9,2026-08-12T02:23:17+08:00,d14594f14d68eecc69c09e1796cc1bffd8779ed9,2026-08-12T02:23:17+08:00,1,5,0.3333333333333333,,,False,False,0,1,0.0,407.44,,0.0024543422043316583,60844169.0,NewFuture/DDNS,Python
ddns/web/server.py,19,callable,ok,ddns.web.server.DashboardRequestHandler._request_is_local,ddns.web.server.DashboardRequestHandler._request_is_local,d14594f14d68eecc69c09e1796cc1bffd8779ed9,2026-08-12T02:23:17+08:00,d14594f14d68eecc69c09e1796cc1bffd8779ed9,2026-08-12T02:23:17+08:00,1,5,0.14285714285714285,,,False,False,0,1,0.0,407.44,,0.0024543422043316583,60844169.0,NewFuture/DDNS,Python
ddns/web/server.py,20,callable,ok,ddns.web.server.DashboardRequestHandler._request_has_token,ddns.web.server.DashboardRequestHandler._request_has_token,d14594f14d68eecc69c09e1796cc1bffd8779ed9,2026-08-12T02:23:17+08:00,d14594f14d68eecc69c09e1796cc1bffd8779ed9,2026-08-12T02:23:17+08:00,1,5,0.16666666666666666,,,False,False,0,1,0.0,407.44,,0.0024543422043316583,60844169.0,NewFuture/DDNS,Python
ddns/web/server.py,21,callable,ok,ddns.web.server.DashboardRequestHandler._read_json,ddns.web.server.DashboardRequestHandler._read_json,d14594f14d68eecc69c09e1796cc1bffd8779ed9,2026-08-12T02:23:17+08:00,d14594f14d68eecc69c09e1796cc1bffd8779ed9,2026-08-12T02:23:17+08:00,1,5,0.025,,,False,False,0,1,0.0,407.44,,0.0024543422043316583,60844169.0,NewFuture/DDNS,Python
ddns/web/server.py,22,callable,ok,ddns.web.server.DashboardRequestHandler._handle_get,ddns.web.server.DashboardRequestHandler._handle_get,d14594f14d68eecc69c09e1796cc1bffd8779ed9,2026-08-12T02:23:17+08:00,d14594f14d68eecc69c09e1796cc1bffd8779ed9,2026-08-12T02:23:17+08:00,1,5,0.02857142857142857,,,False,False,0,1,0.0,407.44,,0.0024543422043316583,60844169.0,NewFuture/DDNS,Python
ddns/web/server.py,23,callable,ok,ddns.web.server.DashboardRequestHandler.do_GET,ddns.web.server.DashboardRequestHandler.do_GET,d14594f14d68eecc69c09e1796cc1bffd8779ed9,2026-08-12T02:23:17+08:00,d14594f14d68eecc69c09e1796cc1bffd8779ed9,2026-08-12T02:23:17+08:00,1,5,0.1111111111111111,,,False,False,0,1,0.0,407.44,,0.0024543422043316583,60844169.0,NewFuture/DDNS,Python
ddns/web/server.py,24,callable,ok,ddns.web.server.DashboardRequestHandler.do_HEAD,ddns.web.server.DashboardRequestHandler.do_HEAD,d14594f14d68eecc69c09e1796cc1bffd8779ed9,2026-08-12T02:23:17+08:00,d14594f14d68eecc69c09e1796cc1bffd8779ed9,2026-08-12T02:23:17+08:00,1,5,0.1111111111111111,,,False,False,0,1,0.0,407.44,,0.0024543422043316583,60844169.0,NewFuture/DDNS,Python
ddns/web/server.py,25,callable,ok,ddns.web.server.DashboardRequestHandler.do_PUT,ddns.web.server.DashboardRequestHandler.do_PUT,d14594f14d68eecc69c09e1796cc1bffd8779ed9,2026-08-12T02:23:17+08:00,d14594f14d68eecc69c09e1796cc1bffd8779ed9,2026-08-12T02:23:17+08:00,1,5,0.0625,,,False,False,0,1,0.0,407.44,,0.0024543422043316583,60844169.0,NewFuture/DDNS,Python
ddns/web/server.py,26,callable,ok,ddns.web.server.DashboardRequestHandler.do_POST,ddns.web.server.DashboardRequestHandler.do_POST,d14594f14d68eecc69c09e1796cc1bffd8779ed9,2026-08-12T02:23:17+08:00,d14594f14d68eecc69c09e1796cc1bffd8779ed9,2026-08-12T02:23:17+08:00,1,5,0.04,,,False,False,0,1,0.0,407.44,,0.0024543422043316583,60844169.0,NewFuture/DDNS,Python
ddns/web/server.py,27,callable,ok,ddns.web.server.DashboardRequestHandler.do_OPTIONS,ddns.web.server.DashboardRequestHandler.do_OPTIONS,d14594f14d68eecc69c09e1796cc1bffd8779ed9,2026-08-12T02:23:17+08:00,d14594f14d68eecc69c09e1796cc1bffd8779ed9,2026-08-12T02:23:17+08:00,1,5,0.3333333333333333,,,False,False,0,1,0.0,407.44,,0.0024543422043316583,60844169.0,NewFuture/DDNS,Python
ddns/web/service.py,0,class,ok,ddns.web.service.DashboardError,ddns.web.service.DashboardError,d14594f14d68eecc69c09e1796cc1bffd8779ed9,2026-08-12T02:23:17+08:00,d14594f14d68eecc69c09e1796cc1bffd8779ed9,2026-08-12T02:23:17+08:00,1,5,0.2,,,False,False,0,1,0.0,407.44,,0.0024543422043316583,60844169.0,NewFuture/DDNS,Python
ddns/web/service.py,1,class,ok,ddns.web.service.ConfigValidationError,ddns.web.service.ConfigValidationError,d14594f14d68eecc69c09e1796cc1bffd8779ed9,2026-08-12T02:23:17+08:00,d14594f14d68eecc69c09e1796cc1bffd8779ed9,2026-08-12T02:23:17+08:00,1,5,0.2,,,False,False,0,1,0.0,407.44,,0.0024543422043316583,60844169.0,NewFuture/DDNS,Python
ddns/web/service.py,2,class,ok,ddns.web.service.DashboardOperationError,ddns.web.service.DashboardOperationError,d14594f14d68eecc69c09e1796cc1bffd8779ed9,2026-08-12T02:23:17+08:00,d14594f14d68eecc69c09e1796cc1bffd8779ed9,2026-08-12T02:23:17+08:00,1,5,0.2,,,False,False,0,1,0.0,407.44,,0.0024543422043316583,60844169.0,NewFuture/DDNS,Python
ddns/web/service.py,3,class,ok,ddns.web.service.DashboardService,ddns.web.service.DashboardService,d14594f14d68eecc69c09e1796cc1bffd8779ed9,2026-08-12T02:23:17+08:00,2e2daa50beed842c31d45e154552b2085b5f6dbd,2026-08-14T17:50:59+08:00,3,5,0.006437768240343348,0.9613611571192539,,False,False,0,3,0.0,410.09,,0.007315549717415724,60844169.0,NewFuture/DDNS,Python
ddns/web/service.py,0,callable,ok,ddns.web.service._load_config_model,ddns.web.service._load_config_model,d14594f14d68eecc69c09e1796cc1bffd8779ed9,2026-08-12T02:23:17+08:00,d14594f14d68eecc69c09e1796cc1bffd8779ed9,2026-08-12T02:23:17+08:00,1,5,0.07142857142857142,,,False,False,0,1,0.0,407.44,,0.0024543422043316583,60844169.0,NewFuture/DDNS,Python
ddns/web/service.py,1,callable,ok,ddns.web.service._default_document,ddns.web.service._default_document,d14594f14d68eecc69c09e1796cc1bffd8779ed9,2026-08-12T02:23:17+08:00,d14594f14d68eecc69c09e1796cc1bffd8779ed9,2026-08-12T02:23:17+08:00,1,5,0.08333333333333333,,,False,False,0,1,0.0,407.44,,0.0024543422043316583,60844169.0,NewFuture/DDNS,Python
ddns/web/service.py,2,callable,ok,ddns.web.service.resolve_config_path,ddns.web.service.resolve_config_path,d14594f14d68eecc69c09e1796cc1bffd8779ed9,2026-08-12T02:23:17+08:00,d14594f14d68eecc69c09e1796cc1bffd8779ed9,2026-08-12T02:23:17+08:00,1,5,0.041666666666666664,,,False,False,0,1,0.0,407.44,,0.0024543422043316583,60844169.0,NewFuture/DDNS,Python
ddns/web/service.py,3,callable,ok,ddns.web.service._global_from_flat,ddns.web.service._global_from_flat,d14594f14d68eecc69c09e1796cc1bffd8779ed9,2026-08-12T02:23:17+08:00,d14594f14d68eecc69c09e1796cc1bffd8779ed9,2026-08-12T02:23:17+08:00,1,5,0.05,,,False,False,0,1,0.0,407.44,,0.0024543422043316583,60844169.0,NewFuture/DDNS,Python
ddns/web/service.py,4,callable,ok,ddns.web.service._provider_from_flat,ddns.web.service._provider_from_flat,d14594f14d68eecc69c09e1796cc1bffd8779ed9,2026-08-12T02:23:17+08:00,d14594f14d68eecc69c09e1796cc1bffd8779ed9,2026-08-12T02:23:17+08:00,1,5,0.03225806451612903,,,False,False,0,1,0.0,407.44,,0.0024543422043316583,60844169.0,NewFuture/DDNS,Python
ddns/web/service.py,5,callable,ok,ddns.web.service.normalize_document,ddns.web.service.normalize_document,d14594f14d68eecc69c09e1796cc1bffd8779ed9,2026-08-12T02:23:17+08:00,d14594f14d68eecc69c09e1796cc1bffd8779ed9,2026-08-12T02:23:17+08:00,1,5,0.02564102564102564,,,False,False,0,1,0.0,407.44,,0.0024543422043316583,60844169.0,NewFuture/DDNS,Python
ddns/web/service.py,6,callable,ok,ddns.web.service._validate_string,ddns.web.service._validate_string,d14594f14d68eecc69c09e1796cc1bffd8779ed9,2026-08-12T02:23:17+08:00,d14594f14d68eecc69c09e1796cc1bffd8779ed9,2026-08-12T02:23:17+08:00,1,5,0.1,,,False,False,0,1,0.0,407.44,,0.0024543422043316583,60844169.0,NewFuture/DDNS,Python
ddns/web/service.py,7,callable,ok,ddns.web.service._validate_domains,ddns.web.service._validate_domains,d14594f14d68eecc69c09e1796cc1bffd8779ed9,2026-08-12T02:23:17+08:00,d14594f14d68eecc69c09e1796cc1bffd8779ed9,2026-08-12T02:23:17+08:00,1,5,0.058823529411764705,,,False,False,0,1,0.0,407.44,,0.0024543422043316583,60844169.0,NewFuture/DDNS,Python
ddns/web/service.py,8,callable,ok,ddns.web.service._is_false_source,ddns.web.service._is_false_source,d14594f14d68eecc69c09e1796cc1bffd8779ed9,2026-08-12T02:23:17+08:00,d14594f14d68eecc69c09e1796cc1bffd8779ed9,2026-08-12T02:23:17+08:00,1,5,0.2,,,False,False,0,1,0.0,407.44,,0.0024543422043316583,60844169.0,NewFuture/DDNS,Python
ddns/web/service.py,9,callable,ok,ddns.web.service._validate_source_rule,ddns.web.service._validate_source_rule,d14594f14d68eecc69c09e1796cc1bffd8779ed9,2026-08-12T02:23:17+08:00,d14594f14d68eecc69c09e1796cc1bffd8779ed9,2026-08-12T02:23:17+08:00,1,5,0.034482758620689655,,,False,False,0,1,0.0,407.44,,0.0024543422043316583,60844169.0,NewFuture/DDNS,Python
ddns/web/service.py,10,callable,ok,ddns.web.service._validate_sources,ddns.web.service._validate_sources,d14594f14d68eecc69c09e1796cc1bffd8779ed9,2026-08-12T02:23:17+08:00,d14594f14d68eecc69c09e1796cc1bffd8779ed9,2026-08-12T02:23:17+08:00,1,5,0.05,,,False,False,0,1,0.0,407.44,,0.0024543422043316583,60844169.0,NewFuture/DDNS,Python
ddns/web/service.py,11,callable,ok,ddns.web.service._validate_proxy,ddns.web.service._validate_proxy,d14594f14d68eecc69c09e1796cc1bffd8779ed9,2026-08-12T02:23:17+08:00,d14594f14d68eecc69c09e1796cc1bffd8779ed9,2026-08-12T02:23:17+08:00,1,5,0.058823529411764705,,,False,False,0,1,0.0,407.44,,0.0024543422043316583,60844169.0,NewFuture/DDNS,Python
ddns/web/service.py,12,callable,ok,ddns.web.service._validate_cache_max_age,ddns.web.service._validate_cache_max_age,d14594f14d68eecc69c09e1796cc1bffd8779ed9,2026-08-12T02:23:17+08:00,d14594f14d68eecc69c09e1796cc1bffd8779ed9,2026-08-12T02:23:17+08:00,1,5,0.05555555555555555,,,False,False,0,1,0.0,407.44,,0.0024543422043316583,60844169.0,NewFuture/DDNS,Python
ddns/web/service.py,13,callable,ok,ddns.web.service._validate_interval,ddns.web.service._validate_interval,d14594f14d68eecc69c09e1796cc1bffd8779ed9,2026-08-12T02:23:17+08:00,d14594f14d68eecc69c09e1796cc1bffd8779ed9,2026-08-12T02:23:17+08:00,1,5,0.125,,,False,False,0,1,0.0,407.44,,0.0024543422043316583,60844169.0,NewFuture/DDNS,Python
ddns/web/service.py,14,callable,ok,ddns.web.service._runtime_log_format,ddns.web.service._runtime_log_format,d14594f14d68eecc69c09e1796cc1bffd8779ed9,2026-08-12T02:23:17+08:00,d14594f14d68eecc69c09e1796cc1bffd8779ed9,2026-08-12T02:23:17+08:00,1,5,0.1111111111111111,,,False,False,0,1,0.0,407.44,,0.0024543422043316583,60844169.0,NewFuture/DDNS,Python
ddns/web/service.py,15,callable,ok,ddns.web.service._activate_runtime_logging,ddns.web.service._activate_runtime_logging,d14594f14d68eecc69c09e1796cc1bffd8779ed9,2026-08-12T02:23:17+08:00,d14594f14d68eecc69c09e1796cc1bffd8779ed9,2026-08-12T02:23:17+08:00,1,5,0.047619047619047616,,,False,False,0,1,0.0,407.44,,0.0024543422043316583,60844169.0,NewFuture/DDNS,Python
ddns/web/service.py,16,callable,ok,ddns.web.service._restore_runtime_logging,ddns.web.service._restore_runtime_logging,d14594f14d68eecc69c09e1796cc1bffd8779ed9,2026-08-12T02:23:17+08:00,d14594f14d68eecc69c09e1796cc1bffd8779ed9,2026-08-12T02:23:17+08:00,1,5,0.1111111111111111,,,False,False,0,1,0.0,407.44,,0.0024543422043316583,60844169.0,NewFuture/DDNS,Python
ddns/web/service.py,17,callable,ok,ddns.web.service._validate_cache,ddns.web.service._validate_cache,d14594f14d68eecc69c09e1796cc1bffd8779ed9,2026-08-12T02:23:17+08:00,d14594f14d68eecc69c09e1796cc1bffd8779ed9,2026-08-12T02:23:17+08:00,1,5,0.07692307692307693,,,False,False,0,1,0.0,407.44,,0.0024543422043316583,60844169.0,NewFuture/DDNS,Python
ddns/web/service.py,18,callable,ok,ddns.web.service._validate_ssl,ddns.web.service._validate_ssl,d14594f14d68eecc69c09e1796cc1bffd8779ed9,2026-08-12T02:23:17+08:00,d14594f14d68eecc69c09e1796cc1bffd8779ed9,2026-08-12T02:23:17+08:00,1,5,0.07142857142857142,,,False,False,0,1,0.0,407.44,,0.0024543422043316583,60844169.0,NewFuture/DDNS,Python
ddns/web/service.py,19,callable,ok,ddns.web.service._validate_log,ddns.web.service._validate_log,d14594f14d68eecc69c09e1796cc1bffd8779ed9,2026-08-12T02:23:17+08:00,d14594f14d68eecc69c09e1796cc1bffd8779ed9,2026-08-12T02:23:17+08:00,1,5,0.058823529411764705,,,False,False,0,1,0.0,407.44,,0.0024543422043316583,60844169.0,NewFuture/DDNS,Python
ddns/web/service.py,20,callable,ok,ddns.web.service._validate_reserved_extras,ddns.web.service._validate_reserved_extras,d14594f14d68eecc69c09e1796cc1bffd8779ed9,2026-08-12T02:23:17+08:00,d14594f14d68eecc69c09e1796cc1bffd8779ed9,2026-08-12T02:23:17+08:00,1,5,0.07142857142857142,,,False,False,0,1,0.0,407.44,,0.0024543422043316583,60844169.0,NewFuture/DDNS,Python
ddns/web/service.py,21,callable,ok,ddns.web.service._validate_inherited_fields,ddns.web.service._validate_inherited_fields,d14594f14d68eecc69c09e1796cc1bffd8779ed9,2026-08-12T02:23:17+08:00,d14594f14d68eecc69c09e1796cc1bffd8779ed9,2026-08-12T02:23:17+08:00,1,5,0.017241379310344827,,,False,False,0,1,0.0,407.44,,0.0024543422043316583,60844169.0,NewFuture/DDNS,Python
ddns/web/service.py,22,callable,ok,ddns.web.service.validate_document,ddns.web.service.validate_document,d14594f14d68eecc69c09e1796cc1bffd8779ed9,2026-08-12T02:23:17+08:00,d14594f14d68eecc69c09e1796cc1bffd8779ed9,2026-08-12T02:23:17+08:00,1,5,0.022222222222222223,,,False,False,0,1,0.0,407.44,,0.0024543422043316583,60844169.0,NewFuture/DDNS,Python
ddns/web/service.py,23,callable,ok,ddns.web.service._parse_document,ddns.web.service._parse_document,d14594f14d68eecc69c09e1796cc1bffd8779ed9,2026-08-12T02:23:17+08:00,d14594f14d68eecc69c09e1796cc1bffd8779ed9,2026-08-12T02:23:17+08:00,1,5,0.1,,,False,False,0,1,0.0,407.44,,0.0024543422043316583,60844169.0,NewFuture/DDNS,Python
ddns/web/service.py,24,callable,ok,ddns.web.service._write_secure_temp,ddns.web.service._write_secure_temp,d14594f14d68eecc69c09e1796cc1bffd8779ed9,2026-08-12T02:23:17+08:00,d14594f14d68eecc69c09e1796cc1bffd8779ed9,2026-08-12T02:23:17+08:00,1,5,0.05263157894736842,,,False,False,0,1,0.0,407.44,,0.0024543422043316583,60844169.0,NewFuture/DDNS,Python
ddns/web/service.py,25,callable,ok,ddns.web.service._copy_secure_temp,ddns.web.service._copy_secure_temp,d14594f14d68eecc69c09e1796cc1bffd8779ed9,2026-08-12T02:23:17+08:00,d14594f14d68eecc69c09e1796cc1bffd8779ed9,2026-08-12T02:23:17+08:00,1,5,0.038461538461538464,,,False,False,0,1,0.0,407.44,,0.0024543422043316583,60844169.0,NewFuture/DDNS,Python
ddns/web/service.py,26,callable,ok,ddns.web.service._replace_file,ddns.web.service._replace_file,d14594f14d68eecc69c09e1796cc1bffd8779ed9,2026-08-12T02:23:17+08:00,d14594f14d68eecc69c09e1796cc1bffd8779ed9,2026-08-12T02:23:17+08:00,1,5,0.043478260869565216,,,False,False,0,1,0.0,407.44,,0.0024543422043316583,60844169.0,NewFuture/DDNS,Python
ddns/web/service.py,27,callable,ok,ddns.web.service._remove_with_warning,ddns.web.service._remove_with_warning,d14594f14d68eecc69c09e1796cc1bffd8779ed9,2026-08-12T02:23:17+08:00,d14594f14d68eecc69c09e1796cc1bffd8779ed9,2026-08-12T02:23:17+08:00,1,5,0.125,,,False,False,0,1,0.0,407.44,,0.0024543422043316583,60844169.0,NewFuture/DDNS,Python
ddns/web/service.py,28,callable,ok,ddns.web.service._configuration_storage_path,ddns.web.service._configuration_storage_path,d14594f14d68eecc69c09e1796cc1bffd8779ed9,2026-08-12T02:23:17+08:00,d14594f14d68eecc69c09e1796cc1bffd8779ed9,2026-08-12T02:23:17+08:00,1,5,0.25,,,False,False,0,1,0.0,407.44,,0.0024543422043316583,60844169.0,NewFuture/DDNS,Python
ddns/web/service.py,29,callable,ok,ddns.web.service._atomic_write,ddns.web.service._atomic_write,d14594f14d68eecc69c09e1796cc1bffd8779ed9,2026-08-12T02:23:17+08:00,d14594f14d68eecc69c09e1796cc1bffd8779ed9,2026-08-12T02:23:17+08:00,1,5,0.02857142857142857,,,False,False,0,1,0.0,407.44,,0.0024543422043316583,60844169.0,NewFuture/DDNS,Python
ddns/web/service.py,30,callable,ok,ddns.web.service._swap_backup,ddns.web.service._swap_backup,d14594f14d68eecc69c09e1796cc1bffd8779ed9,2026-08-12T02:23:17+08:00,d14594f14d68eecc69c09e1796cc1bffd8779ed9,2026-08-12T02:23:17+08:00,1,5,0.02857142857142857,,,False,False,0,1,0.0,407.44,,0.0024543422043316583,60844169.0,NewFuture/DDNS,Python
ddns/web/service.py,31,callable,ok,ddns.web.service.DashboardService.__init__,ddns.web.service.DashboardService.__init__,d14594f14d68eecc69c09e1796cc1bffd8779ed9,2026-08-12T02:23:17+08:00,d14594f14d68eecc69c09e1796cc1bffd8779ed9,2026-08-12T02:23:17+08:00,1,5,0.06666666666666667,,,False,False,0,1,0.0,407.44,,0.0024543422043316583,60844169.0,NewFuture/DDNS,Python
ddns/web/service.py,32,callable,ok,ddns.web.service.DashboardService.start_scheduler,ddns.web.service.DashboardService.start_scheduler,d14594f14d68eecc69c09e1796cc1bffd8779ed9,2026-08-12T02:23:17+08:00,d14594f14d68eecc69c09e1796cc1bffd8779ed9,2026-08-12T02:23:17+08:00,1,5,0.25,,,False,False,0,1,0.0,407.44,,0.0024543422043316583,60844169.0,NewFuture/DDNS,Python
ddns/web/service.py,33,callable,ok,ddns.web.service.DashboardService.stop_scheduler,ddns.web.service.DashboardService.stop_scheduler,d14594f14d68eecc69c09e1796cc1bffd8779ed9,2026-08-12T02:23:17+08:00,d14594f14d68eecc69c09e1796cc1bffd8779ed9,2026-08-12T02:23:17+08:00,1,5,0.25,,,False,False,0,1,0.0,407.44,,0.0024543422043316583,60844169.0,NewFuture/DDNS,Python
ddns/web/service.py,34,callable,ok,ddns.web.service.DashboardService._external_scheduler_states,ddns.web.service.DashboardService._external_scheduler_states,d14594f14d68eecc69c09e1796cc1bffd8779ed9,2026-08-12T02:23:17+08:00,d14594f14d68eecc69c09e1796cc1bffd8779ed9,2026-08-12T02:23:17+08:00,1,5,0.0625,,,False,False,0,1,0.0,407.44,,0.0024543422043316583,60844169.0,NewFuture/DDNS,Python
ddns/web/service.py,35,callable,ok,ddns.web.service.DashboardService._external_scheduler_status,ddns.web.service.DashboardService._external_scheduler_status,d14594f14d68eecc69c09e1796cc1bffd8779ed9,2026-08-12T02:23:17+08:00,d14594f14d68eecc69c09e1796cc1bffd8779ed9,2026-08-12T02:23:17+08:00,1,5,0.058823529411764705,,,False,False,0,1,0.0,407.44,,0.0024543422043316583,60844169.0,NewFuture/DDNS,Python
ddns/web/service.py,36,callable,ok,ddns.web.service.DashboardService._scheduled_sync_guard,ddns.web.service.DashboardService._scheduled_sync_guard,d14594f14d68eecc69c09e1796cc1bffd8779ed9,2026-08-12T02:23:17+08:00,d14594f14d68eecc69c09e1796cc1bffd8779ed9,2026-08-12T02:23:17+08:00,1,5,0.07142857142857142,,,False,False,0,1,0.0,407.44,,0.0024543422043316583,60844169.0,NewFuture/DDNS,Python
ddns/web/service.py,37,callable,ok,ddns.web.service.DashboardService._scheduled_sync,ddns.web.service.DashboardService._scheduled_sync,d14594f14d68eecc69c09e1796cc1bffd8779ed9,2026-08-12T02:23:17+08:00,d14594f14d68eecc69c09e1796cc1bffd8779ed9,2026-08-12T02:23:17+08:00,1,5,0.3333333333333333,,,False,False,0,1,0.0,407.44,,0.0024543422043316583,60844169.0,NewFuture/DDNS,Python
ddns/web/service.py,38,callable,ok,ddns.web.service.DashboardService._reset_sync_state,ddns.web.service.DashboardService._reset_sync_state,d14594f14d68eecc69c09e1796cc1bffd8779ed9,2026-08-12T02:23:17+08:00,d14594f14d68eecc69c09e1796cc1bffd8779ed9,2026-08-12T02:23:17+08:00,1,5,0.16666666666666666,,,False,False,0,1,0.0,407.44,,0.0024543422043316583,60844169.0,NewFuture/DDNS,Python
ddns/web/service.py,39,callable,ok,ddns.web.service.DashboardService._record_activity,ddns.web.service.DashboardService._record_activity,d14594f14d68eecc69c09e1796cc1bffd8779ed9,2026-08-12T02:23:17+08:00,d14594f14d68eecc69c09e1796cc1bffd8779ed9,2026-08-12T02:23:17+08:00,1,5,0.16666666666666666,,,False,False,0,1,0.0,407.44,,0.0024543422043316583,60844169.0,NewFuture/DDNS,Python
ddns/web/service.py,40,callable,ok,ddns.web.service.DashboardService._validate_document,ddns.web.service.DashboardService._validate_document,d14594f14d68eecc69c09e1796cc1bffd8779ed9,2026-08-12T02:23:17+08:00,d14594f14d68eecc69c09e1796cc1bffd8779ed9,2026-08-12T02:23:17+08:00,1,5,0.2,,,False,False,0,1,0.0,407.44,,0.0024543422043316583,60844169.0,NewFuture/DDNS,Python
ddns/web/service.py,41,callable,ok,ddns.web.service.DashboardService.load_document,ddns.web.service.DashboardService.load_document,d14594f14d68eecc69c09e1796cc1bffd8779ed9,2026-08-12T02:23:17+08:00,d14594f14d68eecc69c09e1796cc1bffd8779ed9,2026-08-12T02:23:17+08:00,1,5,0.1,,,False,False,0,1,0.0,407.44,,0.0024543422043316583,60844169.0,NewFuture/DDNS,Python
ddns/web/service.py,42,callable,ok,ddns.web.service.DashboardService.config_state,ddns.web.service.DashboardService.config_state,d14594f14d68eecc69c09e1796cc1bffd8779ed9,2026-08-12T02:23:17+08:00,d14594f14d68eecc69c09e1796cc1bffd8779ed9,2026-08-12T02:23:17+08:00,1,5,0.037037037037037035,,,False,False,0,1,0.0,407.44,,0.0024543422043316583,60844169.0,NewFuture/DDNS,Python
ddns/web/service.py,43,callable,ok,ddns.web.service.DashboardService.validate,ddns.web.service.DashboardService.validate,d14594f14d68eecc69c09e1796cc1bffd8779ed9,2026-08-12T02:23:17+08:00,d14594f14d68eecc69c09e1796cc1bffd8779ed9,2026-08-12T02:23:17+08:00,1,5,0.3333333333333333,,,False,False,0,1,0.0,407.44,,0.0024543422043316583,60844169.0,NewFuture/DDNS,Python
ddns/web/service.py,44,callable,ok,ddns.web.service.DashboardService.save,ddns.web.service.DashboardService.save,d14594f14d68eecc69c09e1796cc1bffd8779ed9,2026-08-12T02:23:17+08:00,d14594f14d68eecc69c09e1796cc1bffd8779ed9,2026-08-12T02:23:17+08:00,1,5,0.04,,,False,False,0,1,0.0,407.44,,0.0024543422043316583,60844169.0,NewFuture/DDNS,Python
ddns/web/service.py,45,callable,ok,ddns.web.service.DashboardService.restore_backup,ddns.web.service.DashboardService.restore_backup,d14594f14d68eecc69c09e1796cc1bffd8779ed9,2026-08-12T02:23:17+08:00,d14594f14d68eecc69c09e1796cc1bffd8779ed9,2026-08-12T02:23:17+08:00,1,5,0.04,,,False,False,0,1,0.0,407.44,,0.0024543422043316583,60844169.0,NewFuture/DDNS,Python
ddns/web/service.py,46,callable,ok,ddns.web.service.DashboardService._runtime_configs,ddns.web.service.DashboardService._runtime_configs,d14594f14d68eecc69c09e1796cc1bffd8779ed9,2026-08-12T02:23:17+08:00,d14594f14d68eecc69c09e1796cc1bffd8779ed9,2026-08-12T02:23:17+08:00,1,5,0.14285714285714285,,,False,False,0,1,0.0,407.44,,0.0024543422043316583,60844169.0,NewFuture/DDNS,Python
ddns/web/service.py,47,callable,ok,ddns.web.service.DashboardService._read_cache,ddns.web.service.DashboardService._read_cache,d14594f14d68eecc69c09e1796cc1bffd8779ed9,2026-08-12T02:23:17+08:00,2e2daa50beed842c31d45e154552b2085b5f6dbd,2026-08-14T17:50:59+08:00,2,5,0.08695652173913043,,,False,False,0,2,0.0,410.09,,0.004877033144943816,60844169.0,NewFuture/DDNS,Python
ddns/web/service.py,48,callable,ok,ddns.web.service.DashboardService._scheduler_status,ddns.web.service.DashboardService._scheduler_status,d14594f14d68eecc69c09e1796cc1bffd8779ed9,2026-08-12T02:23:17+08:00,d14594f14d68eecc69c09e1796cc1bffd8779ed9,2026-08-12T02:23:17+08:00,1,5,0.06666666666666667,,,False,False,0,1,0.0,407.44,,0.0024543422043316583,60844169.0,NewFuture/DDNS,Python
ddns/web/service.py,49,callable,ok,ddns.web.service.DashboardService.dashboard,ddns.web.service.DashboardService.dashboard,d14594f14d68eecc69c09e1796cc1bffd8779ed9,2026-08-12T02:23:17+08:00,d14594f14d68eecc69c09e1796cc1bffd8779ed9,2026-08-12T02:23:17+08:00,1,5,0.009523809523809525,,,False,False,0,1,0.0,407.44,,0.0024543422043316583,60844169.0,NewFuture/DDNS,Python
ddns/web/service.py,50,callable,ok,ddns.web.service.DashboardService.sync,ddns.web.service.DashboardService.sync,d14594f14d68eecc69c09e1796cc1bffd8779ed9,2026-08-12T02:23:17+08:00,c919f2c6afd9f75f2c239642d6ea7f24a631df75,2026-08-13T17:25:47+08:00,2,5,0.03636363636363636,,,False,False,0,2,0.0,409.07,,0.004889164092994278,60844169.0,NewFuture/DDNS,Python
ddns/web/service.py,51,callable,ok,ddns.web.service.DashboardService.configure_scheduler,ddns.web.service.DashboardService.configure_scheduler,d14594f14d68eecc69c09e1796cc1bffd8779ed9,2026-08-12T02:23:17+08:00,d14594f14d68eecc69c09e1796cc1bffd8779ed9,2026-08-12T02:23:17+08:00,1,5,0.017241379310344827,,,False,False,0,1,0.0,407.44,,0.0024543422043316583,60844169.0,NewFuture/DDNS,Python
run.py,0,callable,ok,run.get_config,run.get_config,d87e2c86c5abf6ecad6ba252dd757e5ce7877ae2,2017-04-23T22:53:45+08:00,a21a0d8857ff730d34dcc69920776b3803a61a7e,2021-04-13T11:36:26+08:00,10,1450,0.25,2.746884643443226,,True,False,10,0,2989.7,0.0,0.0033448123240322402,,60844169.0,NewFuture/DDNS,Python
run.py,1,callable,ok,run.update_ip,run.update_ip,d87e2c86c5abf6ecad6ba252dd757e5ce7877ae2,2017-04-23T22:53:45+08:00,da19b8c0c431cd66385ac8067243ae7d337011ba,2025-06-02T16:16:27+08:00,7,2961,0.25,2.3288160337346797,,True,False,7,0,2989.7,0.0,0.002341368626822568,,60844169.0,NewFuture/DDNS,Python
run.py,2,callable,ok,run.main,run.main,d87e2c86c5abf6ecad6ba252dd757e5ce7877ae2,2017-04-23T22:53:45+08:00,bdc9979c10df16dfdd9819aa631d06ab6005ffbd,2025-06-13T21:48:15+08:00,24,2972,0.47058823529411764,3.17765176059847,,True,False,24,0,2989.7,0.0,0.008027549577677377,,60844169.0,NewFuture/DDNS,Python
run.py,3,callable,ok,run.get_ip,run.get_ip,667b72b278e6f7158b62a3408857afe4407e3aef,2018-04-11T19:56:25+08:00,46918ef98df1257fd1cd4928d08c79910c96a834,2025-06-12T01:36:40+08:00,13,2618,0.40625,1.660798986556205,,True,False,13,0,2636.83,0.0,0.004930167006729823,,60844169.0,NewFuture/DDNS,Python
run.py,4,callable,ok,run.change_dns_record,run.change_dns_record,667b72b278e6f7158b62a3408857afe4407e3aef,2018-04-11T19:56:25+08:00,618f08ee7cb10d739c23446d63a9d40f364d80e2,2025-06-04T22:49:05+08:00,7,2611,0.5384615384615384,1.8233886519698312,,True,False,7,0,2636.83,0.0,0.0026547053113160587,,60844169.0,NewFuture/DDNS,Python
run.py,5,callable,ok,run.is_false,run.is_false,46918ef98df1257fd1cd4928d08c79910c96a834,2025-06-12T01:36:40+08:00,46918ef98df1257fd1cd4928d08c79910c96a834,2025-06-12T01:36:40+08:00,1,0,0.1111111111111111,,,True,False,1,0,18.59,0.0,0.053788811678148675,,60844169.0,NewFuture/DDNS,Python
tests/base_test.py,0,class,ok,tests.base_test.BaseProviderTestCase,tests.base_test.BaseProviderTestCase,f1a764d3c2e2c6aade66f85162964e6ce9248fee,2025-07-01T19:08:11+08:00,6e3d3560c725177ecab74f4880981a6dc7bc190d,2026-08-15T22:23:27+08:00,4,411,0.18181818181818182,1.0479704739822486,,False,False,0,4,0.0,411.27,,0.009725862111421063,60844169.0,NewFuture/DDNS,Python
tests/base_test.py,0,callable,ok,tests.base_test.BaseProviderTestCase.setUp,tests.base_test.BaseProviderTestCase.setUp,f1a764d3c2e2c6aade66f85162964e6ce9248fee,2025-07-01T19:08:11+08:00,f1755218704a18870cf7fc0d5fb72d76f2ad41b3,2025-11-14T10:27:22Z,3,411,0.75,0.3966175090134733,,False,False,0,3,0.0,137.11,,0.021880138709274407,60844169.0,NewFuture/DDNS,Python
tests/base_test.py,1,callable,ok,tests.base_test.BaseProviderTestCase.assertProviderInitialized,tests.base_test.BaseProviderTestCase.assertProviderInitialized,f1a764d3c2e2c6aade66f85162964e6ce9248fee,2025-07-01T19:08:11+08:00,f1755218704a18870cf7fc0d5fb72d76f2ad41b3,2025-11-14T10:27:22Z,3,411,0.75,0.3966175090134733,,False,False,0,3,0.0,137.11,,0.021880138709274407,60844169.0,NewFuture/DDNS,Python
tests/base_test.py,2,callable,ok,tests.base_test.BaseProviderTestCase.mock_logger,tests.base_test.BaseProviderTestCase.mock_logger,f1a764d3c2e2c6aade66f85162964e6ce9248fee,2025-07-01T19:08:11+08:00,f1a764d3c2e2c6aade66f85162964e6ce9248fee,2025-07-01T19:08:11+08:00,1,411,0.25,,,False,False,0,1,0.0,1.14,,0.8779684784928207,60844169.0,NewFuture/DDNS,Python
tests/base_test.py,3,callable,ok,tests.base_test.BaseProviderTestCase.configure_test_http,tests.base_test.BaseProviderTestCase.configure_test_http,6e3d3560c725177ecab74f4880981a6dc7bc190d,2026-08-15T22:23:27+08:00,6e3d3560c725177ecab74f4880981a6dc7bc190d,2026-08-15T22:23:27+08:00,1,1,0.25,,,False,False,0,1,0.0,411.27,,0.002431465527855266,60844169.0,NewFuture/DDNS,Python
tests/e2e.py,0,class,ok,tests.e2e._ProcessResult,tests.e2e._ProcessResult,c30822bd33ebf42031b3458bacf2b947ad0ad8c7,2026-08-12T15:39:51+08:00,c30822bd33ebf42031b3458bacf2b947ad0ad8c7,2026-08-12T15:39:51+08:00,1,4,0.14285714285714285,,,False,False,0,1,0.0,407.99,,0.0024510145313672983,60844169.0,NewFuture/DDNS,Python
tests/e2e.py,1,class,ok,tests.e2e._FixtureState,tests.e2e._FixtureState,c30822bd33ebf42031b3458bacf2b947ad0ad8c7,2026-08-12T15:39:51+08:00,c30822bd33ebf42031b3458bacf2b947ad0ad8c7,2026-08-12T15:39:51+08:00,1,4,0.037037037037037035,,,False,False,0,1,0.0,407.99,,0.0024510145313672983,60844169.0,NewFuture/DDNS,Python
tests/e2e.py,2,class,ok,tests.e2e._ThreadingHTTPServer,tests.e2e._ThreadingHTTPServer,c30822bd33ebf42031b3458bacf2b947ad0ad8c7,2026-08-12T15:39:51+08:00,c30822bd33ebf42031b3458bacf2b947ad0ad8c7,2026-08-12T15:39:51+08:00,1,4,0.25,,,False,False,0,1,0.0,407.99,,0.0024510145313672983,60844169.0,NewFuture/DDNS,Python
tests/e2e.py,3,class,ok,tests.e2e._FixtureHandler,tests.e2e._FixtureHandler,c30822bd33ebf42031b3458bacf2b947ad0ad8c7,2026-08-12T15:39:51+08:00,c30822bd33ebf42031b3458bacf2b947ad0ad8c7,2026-08-12T15:39:51+08:00,1,4,0.014925373134328358,,,False,False,0,1,0.0,407.99,,0.0024510145313672983,60844169.0,NewFuture/DDNS,Python
tests/e2e.py,4,class,ok,tests.e2e._BackgroundProcess,tests.e2e._BackgroundProcess,c30822bd33ebf42031b3458bacf2b947ad0ad8c7,2026-08-12T15:39:51+08:00,c30822bd33ebf42031b3458bacf2b947ad0ad8c7,2026-08-12T15:39:51+08:00,1,4,0.012658227848101266,,,False,False,0,1,0.0,407.99,,0.0024510145313672983,60844169.0,NewFuture/DDNS,Python
tests/e2e.py,5,class,ok,tests.e2e.OfflineE2ETestCase,tests.e2e.OfflineE2ETestCase,c30822bd33ebf42031b3458bacf2b947ad0ad8c7,2026-08-12T15:39:51+08:00,06c0e912f4626b1ad9b336fb6d80918e56cf7602,2026-08-16T02:43:33+08:00,2,4,0.014184397163120567,,,False,False,0,2,0.0,411.46,,0.004860796274379685,60844169.0,NewFuture/DDNS,Python
tests/e2e.py,6,class,ok,tests.e2e.TestCliE2E,tests.e2e.TestCliE2E,c30822bd33ebf42031b3458bacf2b947ad0ad8c7,2026-08-12T15:39:51+08:00,06c0e912f4626b1ad9b336fb6d80918e56cf7602,2026-08-16T02:43:33+08:00,2,4,0.007434944237918215,,,False,False,0,2,0.0,411.46,,0.004860796274379685,60844169.0,NewFuture/DDNS,Python
tests/e2e.py,7,class,ok,tests.e2e.TestWebE2E,tests.e2e.TestWebE2E,c30822bd33ebf42031b3458bacf2b947ad0ad8c7,2026-08-12T15:39:51+08:00,c30822bd33ebf42031b3458bacf2b947ad0ad8c7,2026-08-12T15:39:51+08:00,1,4,0.006097560975609756,,,False,False,0,1,0.0,407.99,,0.0024510145313672983,60844169.0,NewFuture/DDNS,Python
tests/e2e.py,8,class,ok,tests.e2e.TestMcpE2E,tests.e2e.TestMcpE2E,06c0e912f4626b1ad9b336fb6d80918e56cf7602,2026-08-16T02:43:33+08:00,06c0e912f4626b1ad9b336fb6d80918e56cf7602,2026-08-16T02:43:33+08:00,1,1,0.005813953488372093,,,False,False,0,1,0.0,411.46,,0.0024303981371898427,60844169.0,NewFuture/DDNS,Python
tests/e2e.py,0,callable,ok,tests.e2e._popen_group_options,tests.e2e._popen_group_options,c30822bd33ebf42031b3458bacf2b947ad0ad8c7,2026-08-12T15:39:51+08:00,c30822bd33ebf42031b3458bacf2b947ad0ad8c7,2026-08-12T15:39:51+08:00,1,4,0.25,,,False,False,0,1,0.0,407.99,,0.0024510145313672983,60844169.0,NewFuture/DDNS,Python
tests/e2e.py,1,callable,ok,tests.e2e._signal_process_group,tests.e2e._signal_process_group,c30822bd33ebf42031b3458bacf2b947ad0ad8c7,2026-08-12T15:39:51+08:00,c30822bd33ebf42031b3458bacf2b947ad0ad8c7,2026-08-12T15:39:51+08:00,1,4,0.1111111111111111,,,False,False,0,1,0.0,407.99,,0.0024510145313672983,60844169.0,NewFuture/DDNS,Python
tests/e2e.py,2,callable,ok,tests.e2e._kill_process_group,tests.e2e._kill_process_group,c30822bd33ebf42031b3458bacf2b947ad0ad8c7,2026-08-12T15:39:51+08:00,c30822bd33ebf42031b3458bacf2b947ad0ad8c7,2026-08-12T15:39:51+08:00,1,4,0.1111111111111111,,,False,False,0,1,0.0,407.99,,0.0024510145313672983,60844169.0,NewFuture/DDNS,Python
tests/e2e.py,3,callable,ok,tests.e2e._ProcessResult.__init__,tests.e2e._ProcessResult.__init__,c30822bd33ebf42031b3458bacf2b947ad0ad8c7,2026-08-12T15:39:51+08:00,c30822bd33ebf42031b3458bacf2b947ad0ad8c7,2026-08-12T15:39:51+08:00,1,4,0.25,,,False,False,0,1,0.0,407.99,,0.0024510145313672983,60844169.0,NewFuture/DDNS,Python
tests/e2e.py,4,callable,ok,tests.e2e._FixtureState.__init__,tests.e2e._FixtureState.__init__,c30822bd33ebf42031b3458bacf2b947ad0ad8c7,2026-08-12T15:39:51+08:00,c30822bd33ebf42031b3458bacf2b947ad0ad8c7,2026-08-12T15:39:51+08:00,1,4,0.3333333333333333,,,False,False,0,1,0.0,407.99,,0.0024510145313672983,60844169.0,NewFuture/DDNS,Python
tests/e2e.py,5,callable,ok,tests.e2e._FixtureState.reset,tests.e2e._FixtureState.reset,c30822bd33ebf42031b3458bacf2b947ad0ad8c7,2026-08-12T15:39:51+08:00,c30822bd33ebf42031b3458bacf2b947ad0ad8c7,2026-08-12T15:39:51+08:00,1,4,0.25,,,False,False,0,1,0.0,407.99,,0.0024510145313672983,60844169.0,NewFuture/DDNS,Python
tests/e2e.py,6,callable,ok,tests.e2e._FixtureState.record,tests.e2e._FixtureState.record,c30822bd33ebf42031b3458bacf2b947ad0ad8c7,2026-08-12T15:39:51+08:00,c30822bd33ebf42031b3458bacf2b947ad0ad8c7,2026-08-12T15:39:51+08:00,1,4,0.3333333333333333,,,False,False,0,1,0.0,407.99,,0.0024510145313672983,60844169.0,NewFuture/DDNS,Python
tests/e2e.py,7,callable,ok,tests.e2e._FixtureState.set_remote_document,tests.e2e._FixtureState.set_remote_document,c30822bd33ebf42031b3458bacf2b947ad0ad8c7,2026-08-12T15:39:51+08:00,c30822bd33ebf42031b3458bacf2b947ad0ad8c7,2026-08-12T15:39:51+08:00,1,4,0.3333333333333333,,,False,False,0,1,0.0,407.99,,0.0024510145313672983,60844169.0,NewFuture/DDNS,Python
tests/e2e.py,8,callable,ok,tests.e2e._FixtureState.remote_document,tests.e2e._FixtureState.remote_document,c30822bd33ebf42031b3458bacf2b947ad0ad8c7,2026-08-12T15:39:51+08:00,c30822bd33ebf42031b3458bacf2b947ad0ad8c7,2026-08-12T15:39:51+08:00,1,4,0.3333333333333333,,,False,False,0,1,0.0,407.99,,0.0024510145313672983,60844169.0,NewFuture/DDNS,Python
tests/e2e.py,9,callable,ok,tests.e2e._FixtureState.requests_for,tests.e2e._FixtureState.requests_for,c30822bd33ebf42031b3458bacf2b947ad0ad8c7,2026-08-12T15:39:51+08:00,c30822bd33ebf42031b3458bacf2b947ad0ad8c7,2026-08-12T15:39:51+08:00,1,4,0.3333333333333333,,,False,False,0,1,0.0,407.99,,0.0024510145313672983,60844169.0,NewFuture/DDNS,Python
tests/e2e.py,10,callable,ok,tests.e2e._FixtureHandler.log_message,tests.e2e._FixtureHandler.log_message,c30822bd33ebf42031b3458bacf2b947ad0ad8c7,2026-08-12T15:39:51+08:00,c30822bd33ebf42031b3458bacf2b947ad0ad8c7,2026-08-12T15:39:51+08:00,1,4,0.5,,,False,False,0,1,0.0,407.99,,0.0024510145313672983,60844169.0,NewFuture/DDNS,Python
tests/e2e.py,11,callable,ok,tests.e2e._FixtureHandler._read_body,tests.e2e._FixtureHandler._read_body,c30822bd33ebf42031b3458bacf2b947ad0ad8c7,2026-08-12T15:39:51+08:00,c30822bd33ebf42031b3458bacf2b947ad0ad8c7,2026-08-12T15:39:51+08:00,1,4,0.25,,,False,False,0,1,0.0,407.99,,0.0024510145313672983,60844169.0,NewFuture/DDNS,Python
tests/e2e.py,12,callable,ok,tests.e2e._FixtureHandler._record,tests.e2e._FixtureHandler._record,c30822bd33ebf42031b3458bacf2b947ad0ad8c7,2026-08-12T15:39:51+08:00,c30822bd33ebf42031b3458bacf2b947ad0ad8c7,2026-08-12T15:39:51+08:00,1,4,0.08333333333333333,,,False,False,0,1,0.0,407.99,,0.0024510145313672983,60844169.0,NewFuture/DDNS,Python
tests/e2e.py,13,callable,ok,tests.e2e._FixtureHandler._send,tests.e2e._FixtureHandler._send,c30822bd33ebf42031b3458bacf2b947ad0ad8c7,2026-08-12T15:39:51+08:00,c30822bd33ebf42031b3458bacf2b947ad0ad8c7,2026-08-12T15:39:51+08:00,1,4,0.125,,,False,False,0,1,0.0,407.99,,0.0024510145313672983,60844169.0,NewFuture/DDNS,Python
tests/e2e.py,14,callable,ok,tests.e2e._FixtureHandler.do_GET,tests.e2e._FixtureHandler.do_GET,c30822bd33ebf42031b3458bacf2b947ad0ad8c7,2026-08-12T15:39:51+08:00,c30822bd33ebf42031b3458bacf2b947ad0ad8c7,2026-08-12T15:39:51+08:00,1,4,0.045454545454545456,,,False,False,0,1,0.0,407.99,,0.0024510145313672983,60844169.0,NewFuture/DDNS,Python
tests/e2e.py,15,callable,ok,tests.e2e._FixtureHandler.do_POST,tests.e2e._FixtureHandler.do_POST,c30822bd33ebf42031b3458bacf2b947ad0ad8c7,2026-08-12T15:39:51+08:00,c30822bd33ebf42031b3458bacf2b947ad0ad8c7,2026-08-12T15:39:51+08:00,1,4,0.1111111111111111,,,False,False,0,1,0.0,407.99,,0.0024510145313672983,60844169.0,NewFuture/DDNS,Python
tests/e2e.py,16,callable,ok,tests.e2e._BackgroundProcess.__init__,tests.e2e._BackgroundProcess.__init__,c30822bd33ebf42031b3458bacf2b947ad0ad8c7,2026-08-12T15:39:51+08:00,c30822bd33ebf42031b3458bacf2b947ad0ad8c7,2026-08-12T15:39:51+08:00,1,4,0.043478260869565216,,,False,False,0,1,0.0,407.99,,0.0024510145313672983,60844169.0,NewFuture/DDNS,Python
tests/e2e.py,17,callable,ok,tests.e2e._BackgroundProcess._drain,tests.e2e._BackgroundProcess._drain,c30822bd33ebf42031b3458bacf2b947ad0ad8c7,2026-08-12T15:39:51+08:00,c30822bd33ebf42031b3458bacf2b947ad0ad8c7,2026-08-12T15:39:51+08:00,1,4,0.2,,,False,False,0,1,0.0,407.99,,0.0024510145313672983,60844169.0,NewFuture/DDNS,Python
tests/e2e.py,18,callable,ok,tests.e2e._BackgroundProcess.stdout,tests.e2e._BackgroundProcess.stdout,c30822bd33ebf42031b3458bacf2b947ad0ad8c7,2026-08-12T15:39:51+08:00,c30822bd33ebf42031b3458bacf2b947ad0ad8c7,2026-08-12T15:39:51+08:00,1,4,0.3333333333333333,,,False,False,0,1,0.0,407.99,,0.0024510145313672983,60844169.0,NewFuture/DDNS,Python
tests/e2e.py,19,callable,ok,tests.e2e._BackgroundProcess.stderr,tests.e2e._BackgroundProcess.stderr,c30822bd33ebf42031b3458bacf2b947ad0ad8c7,2026-08-12T15:39:51+08:00,c30822bd33ebf42031b3458bacf2b947ad0ad8c7,2026-08-12T15:39:51+08:00,1,4,0.3333333333333333,,,False,False,0,1,0.0,407.99,,0.0024510145313672983,60844169.0,NewFuture/DDNS,Python
tests/e2e.py,20,callable,ok,tests.e2e._BackgroundProcess.wait_for_stdout,tests.e2e._BackgroundProcess.wait_for_stdout,c30822bd33ebf42031b3458bacf2b947ad0ad8c7,2026-08-12T15:39:51+08:00,c30822bd33ebf42031b3458bacf2b947ad0ad8c7,2026-08-12T15:39:51+08:00,1,4,0.08333333333333333,,,False,False,0,1,0.0,407.99,,0.0024510145313672983,60844169.0,NewFuture/DDNS,Python
tests/e2e.py,21,callable,ok,tests.e2e._BackgroundProcess.stop,tests.e2e._BackgroundProcess.stop,c30822bd33ebf42031b3458bacf2b947ad0ad8c7,2026-08-12T15:39:51+08:00,c30822bd33ebf42031b3458bacf2b947ad0ad8c7,2026-08-12T15:39:51+08:00,1,4,0.043478260869565216,,,False,False,0,1,0.0,407.99,,0.0024510145313672983,60844169.0,NewFuture/DDNS,Python
tests/e2e.py,22,callable,ok,tests.e2e.OfflineE2ETestCase.setUpClass,tests.e2e.OfflineE2ETestCase.setUpClass,c30822bd33ebf42031b3458bacf2b947ad0ad8c7,2026-08-12T15:39:51+08:00,c30822bd33ebf42031b3458bacf2b947ad0ad8c7,2026-08-12T15:39:51+08:00,1,4,0.1,,,False,False,0,1,0.0,407.99,,0.0024510145313672983,60844169.0,NewFuture/DDNS,Python
tests/e2e.py,23,callable,ok,tests.e2e.OfflineE2ETestCase.tearDownClass,tests.e2e.OfflineE2ETestCase.tearDownClass,c30822bd33ebf42031b3458bacf2b947ad0ad8c7,2026-08-12T15:39:51+08:00,c30822bd33ebf42031b3458bacf2b947ad0ad8c7,2026-08-12T15:39:51+08:00,1,4,0.25,,,False,False,0,1,0.0,407.99,,0.0024510145313672983,60844169.0,NewFuture/DDNS,Python
tests/e2e.py,24,callable,ok,tests.e2e.OfflineE2ETestCase.setUp,tests.e2e.OfflineE2ETestCase.setUp,c30822bd33ebf42031b3458bacf2b947ad0ad8c7,2026-08-12T15:39:51+08:00,c30822bd33ebf42031b3458bacf2b947ad0ad8c7,2026-08-12T15:39:51+08:00,1,4,0.25,,,False,False,0,1,0.0,407.99,,0.0024510145313672983,60844169.0,NewFuture/DDNS,Python
tests/e2e.py,25,callable,ok,tests.e2e.OfflineE2ETestCase._environment,tests.e2e.OfflineE2ETestCase._environment,c30822bd33ebf42031b3458bacf2b947ad0ad8c7,2026-08-12T15:39:51+08:00,c30822bd33ebf42031b3458bacf2b947ad0ad8c7,2026-08-12T15:39:51+08:00,1,4,0.038461538461538464,,,False,False,0,1,0.0,407.99,,0.0024510145313672983,60844169.0,NewFuture/DDNS,Python
tests/e2e.py,26,callable,ok,tests.e2e.OfflineE2ETestCase._command,tests.e2e.OfflineE2ETestCase._command,c30822bd33ebf42031b3458bacf2b947ad0ad8c7,2026-08-12T15:39:51+08:00,c30822bd33ebf42031b3458bacf2b947ad0ad8c7,2026-08-12T15:39:51+08:00,1,4,0.16666666666666666,,,False,False,0,1,0.0,407.99,,0.0024510145313672983,60844169.0,NewFuture/DDNS,Python
tests/e2e.py,27,callable,ok,tests.e2e.OfflineE2ETestCase._run,tests.e2e.OfflineE2ETestCase._run,c30822bd33ebf42031b3458bacf2b947ad0ad8c7,2026-08-12T15:39:51+08:00,06c0e912f4626b1ad9b336fb6d80918e56cf7602,2026-08-16T02:43:33+08:00,2,4,0.06666666666666667,,,False,False,0,2,0.0,411.46,,0.004860796274379685,60844169.0,NewFuture/DDNS,Python
tests/e2e.py,28,callable,ok,tests.e2e.OfflineE2ETestCase._start,tests.e2e.OfflineE2ETestCase._start,c30822bd33ebf42031b3458bacf2b947ad0ad8c7,2026-08-12T15:39:51+08:00,c30822bd33ebf42031b3458bacf2b947ad0ad8c7,2026-08-12T15:39:51+08:00,1,4,0.25,,,False,False,0,1,0.0,407.99,,0.0024510145313672983,60844169.0,NewFuture/DDNS,Python
tests/e2e.py,29,callable,ok,tests.e2e.OfflineE2ETestCase._write_config,tests.e2e.OfflineE2ETestCase._write_config,c30822bd33ebf42031b3458bacf2b947ad0ad8c7,2026-08-12T15:39:51+08:00,c30822bd33ebf42031b3458bacf2b947ad0ad8c7,2026-08-12T15:39:51+08:00,1,4,0.2,,,False,False,0,1,0.0,407.99,,0.0024510145313672983,60844169.0,NewFuture/DDNS,Python
tests/e2e.py,30,callable,ok,tests.e2e.OfflineE2ETestCase._callback_config,tests.e2e.OfflineE2ETestCase._callback_config,c30822bd33ebf42031b3458bacf2b947ad0ad8c7,2026-08-12T15:39:51+08:00,c30822bd33ebf42031b3458bacf2b947ad0ad8c7,2026-08-12T15:39:51+08:00,1,4,0.058823529411764705,,,False,False,0,1,0.0,407.99,,0.0024510145313672983,60844169.0,NewFuture/DDNS,Python
tests/e2e.py,31,callable,ok,tests.e2e.OfflineE2ETestCase.assert_process_success,tests.e2e.OfflineE2ETestCase.assert_process_success,c30822bd33ebf42031b3458bacf2b947ad0ad8c7,2026-08-12T15:39:51+08:00,c30822bd33ebf42031b3458bacf2b947ad0ad8c7,2026-08-12T15:39:51+08:00,1,4,0.16666666666666666,,,False,False,0,1,0.0,407.99,,0.0024510145313672983,60844169.0,NewFuture/DDNS,Python
tests/e2e.py,32,callable,ok,tests.e2e.OfflineE2ETestCase._http_request,tests.e2e.OfflineE2ETestCase._http_request,c30822bd33ebf42031b3458bacf2b947ad0ad8c7,2026-08-12T15:39:51+08:00,c30822bd33ebf42031b3458bacf2b947ad0ad8c7,2026-08-12T15:39:51+08:00,1,4,0.07142857142857142,,,False,False,0,1,0.0,407.99,,0.0024510145313672983,60844169.0,NewFuture/DDNS,Python
tests/e2e.py,33,callable,ok,tests.e2e.TestCliE2E.test_cli_only_dual_stack_and_rule_fallback,tests.e2e.TestCliE2E.test_cli_only_dual_stack_and_rule_fallback,c30822bd33ebf42031b3458bacf2b947ad0ad8c7,2026-08-12T15:39:51+08:00,c30822bd33ebf42031b3458bacf2b947ad0ad8c7,2026-08-12T15:39:51+08:00,1,4,0.03225806451612903,,,False,False,0,1,0.0,407.99,,0.0024510145313672983,60844169.0,NewFuture/DDNS,Python
tests/e2e.py,34,callable,ok,tests.e2e.TestCliE2E.test_local_config_callback_post_and_cli_precedence,tests.e2e.TestCliE2E.test_local_config_callback_post_and_cli_precedence,c30822bd33ebf42031b3458bacf2b947ad0ad8c7,2026-08-12T15:39:51+08:00,c30822bd33ebf42031b3458bacf2b947ad0ad8c7,2026-08-12T15:39:51+08:00,1,4,0.038461538461538464,,,False,False,0,1,0.0,407.99,,0.0024510145313672983,60844169.0,NewFuture/DDNS,Python
tests/e2e.py,35,callable,ok,tests.e2e.TestCliE2E.test_environment_configuration_with_cli_override,tests.e2e.TestCliE2E.test_environment_configuration_with_cli_override,c30822bd33ebf42031b3458bacf2b947ad0ad8c7,2026-08-12T15:39:51+08:00,c30822bd33ebf42031b3458bacf2b947ad0ad8c7,2026-08-12T15:39:51+08:00,1,4,0.034482758620689655,,,False,False,0,1,0.0,407.99,,0.0024510145313672983,60844169.0,NewFuture/DDNS,Python
tests/e2e.py,36,callable,ok,tests.e2e.TestCliE2E.test_remote_multi_provider_configuration,tests.e2e.TestCliE2E.test_remote_multi_provider_configuration,c30822bd33ebf42031b3458bacf2b947ad0ad8c7,2026-08-12T15:39:51+08:00,c30822bd33ebf42031b3458bacf2b947ad0ad8c7,2026-08-12T15:39:51+08:00,1,4,0.014705882352941176,,,False,False,0,1,0.0,407.99,,0.0024510145313672983,60844169.0,NewFuture/DDNS,Python
tests/e2e.py,37,callable,ok,tests.e2e.TestCliE2E.test_cache_skips_unchanged_callback_on_second_process,tests.e2e.TestCliE2E.test_cache_skips_unchanged_callback_on_second_process,c30822bd33ebf42031b3458bacf2b947ad0ad8c7,2026-08-12T15:39:51+08:00,c30822bd33ebf42031b3458bacf2b947ad0ad8c7,2026-08-12T15:39:51+08:00,1,4,0.05555555555555555,,,False,False,0,1,0.0,407.99,,0.0024510145313672983,60844169.0,NewFuture/DDNS,Python
tests/e2e.py,38,callable,ok,tests.e2e.TestCliE2E.test_multiple_configs_continue_after_failure_and_exit_nonzero,tests.e2e.TestCliE2E.test_multiple_configs_continue_after_failure_and_exit_nonzero,c30822bd33ebf42031b3458bacf2b947ad0ad8c7,2026-08-12T15:39:51+08:00,c30822bd33ebf42031b3458bacf2b947ad0ad8c7,2026-08-12T15:39:51+08:00,1,4,0.05,,,False,False,0,1,0.0,407.99,,0.0024510145313672983,60844169.0,NewFuture/DDNS,Python
tests/e2e.py,39,callable,ok,tests.e2e.TestWebE2E.test_dashboard_config_sync_and_scheduler_lifecycle,tests.e2e.TestWebE2E.test_dashboard_config_sync_and_scheduler_lifecycle,c30822bd33ebf42031b3458bacf2b947ad0ad8c7,2026-08-12T15:39:51+08:00,c30822bd33ebf42031b3458bacf2b947ad0ad8c7,2026-08-12T15:39:51+08:00,1,4,0.006211180124223602,,,False,False,0,1,0.0,407.99,,0.0024510145313672983,60844169.0,NewFuture/DDNS,Python
tests/e2e.py,40,callable,ok,tests.e2e.TestCliE2E.test_generate_config_with_realistic_cli_options_and_reuse_it,tests.e2e.TestCliE2E.test_generate_config_with_realistic_cli_options_and_reuse_it,06c0e912f4626b1ad9b336fb6d80918e56cf7602,2026-08-16T02:43:33+08:00,06c0e912f4626b1ad9b336fb6d80918e56cf7602,2026-08-16T02:43:33+08:00,1,1,0.014705882352941176,,,False,False,0,1,0.0,411.46,,0.0024303981371898427,60844169.0,NewFuture/DDNS,Python
tests/e2e.py,41,callable,ok,tests.e2e.TestMcpE2E._modern_request,tests.e2e.TestMcpE2E._modern_request,06c0e912f4626b1ad9b336fb6d80918e56cf7602,2026-08-16T02:43:33+08:00,06c0e912f4626b1ad9b336fb6d80918e56cf7602,2026-08-16T02:43:33+08:00,1,1,0.125,,,False,False,0,1,0.0,411.46,,0.0024303981371898427,60844169.0,NewFuture/DDNS,Python
tests/e2e.py,42,callable,ok,tests.e2e.TestMcpE2E._request_lines,tests.e2e.TestMcpE2E._request_lines,06c0e912f4626b1ad9b336fb6d80918e56cf7602,2026-08-16T02:43:33+08:00,06c0e912f4626b1ad9b336fb6d80918e56cf7602,2026-08-16T02:43:33+08:00,1,1,0.5,,,False,False,0,1,0.0,411.46,,0.0024303981371898427,60844169.0,NewFuture/DDNS,Python
tests/e2e.py,43,callable,ok,tests.e2e.TestMcpE2E._run_mcp,tests.e2e.TestMcpE2E._run_mcp,06c0e912f4626b1ad9b336fb6d80918e56cf7602,2026-08-16T02:43:33+08:00,06c0e912f4626b1ad9b336fb6d80918e56cf7602,2026-08-16T02:43:33+08:00,1,1,0.1,,,False,False,0,1,0.0,411.46,,0.0024303981371898427,60844169.0,NewFuture/DDNS,Python
tests/e2e.py,44,callable,ok,tests.e2e.TestMcpE2E.test_modern_discovery_tools_update_and_cached_status,tests.e2e.TestMcpE2E.test_modern_discovery_tools_update_and_cached_status,06c0e912f4626b1ad9b336fb6d80918e56cf7602,2026-08-16T02:43:33+08:00,06c0e912f4626b1ad9b336fb6d80918e56cf7602,2026-08-16T02:43:33+08:00,1,1,0.009174311926605505,,,False,False,0,1,0.0,411.46,,0.0024303981371898427,60844169.0,NewFuture/DDNS,Python
tests/e2e.py,45,callable,ok,tests.e2e.TestMcpE2E.test_legacy_copilot_initialize_ping_list_and_status,tests.e2e.TestMcpE2E.test_legacy_copilot_initialize_ping_list_and_status,06c0e912f4626b1ad9b336fb6d80918e56cf7602,2026-08-16T02:43:33+08:00,06c0e912f4626b1ad9b336fb6d80918e56cf7602,2026-08-16T02:43:33+08:00,1,1,0.03125,,,False,False,0,1,0.0,411.46,,0.0024303981371898427,60844169.0,NewFuture/DDNS,Python
tests/test_cache.py,0,class,ok,tests.test_cache.TestCache,tests.test_cache.TestCache,485e6a3e26c5aab9c6c9a7287efd24e00c9ee159,2025-07-12T11:04:25+08:00,485e6a3e26c5aab9c6c9a7287efd24e00c9ee159,2025-07-12T11:04:25+08:00,1,401,0.002173913043478261,,,False,False,0,1,0.0,11.8,,0.08472390694883127,60844169.0,NewFuture/DDNS,Python
tests/test_cache.py,0,callable,ok,tests.test_cache.TestCache.setUp,tests.test_cache.TestCache.setUp,485e6a3e26c5aab9c6c9a7287efd24e00c9ee159,2025-07-12T11:04:25+08:00,485e6a3e26c5aab9c6c9a7287efd24e00c9ee159,2025-07-12T11:04:25+08:00,1,401,0.25,,,False,False,0,1,0.0,11.8,,0.08472390694883127,60844169.0,NewFuture/DDNS,Python
tests/test_cache.py,1,callable,ok,tests.test_cache.TestCache.tearDown,tests.test_cache.TestCache.tearDown,485e6a3e26c5aab9c6c9a7287efd24e00c9ee159,2025-07-12T11:04:25+08:00,485e6a3e26c5aab9c6c9a7287efd24e00c9ee159,2025-07-12T11:04:25+08:00,1,401,0.2,,,False,False,0,1,0.0,11.8,,0.08472390694883127,60844169.0,NewFuture/DDNS,Python
tests/test_cache.py,2,callable,ok,tests.test_cache.TestCache.test_init_new_cache,tests.test_cache.TestCache.test_init_new_cache,485e6a3e26c5aab9c6c9a7287efd24e00c9ee159,2025-07-12T11:04:25+08:00,485e6a3e26c5aab9c6c9a7287efd24e00c9ee159,2025-07-12T11:04:25+08:00,1,401,0.125,,,False,False,0,1,0.0,11.8,,0.08472390694883127,60844169.0,NewFuture/DDNS,Python
tests/test_cache.py,3,callable,ok,tests.test_cache.TestCache.test_init_with_logger,tests.test_cache.TestCache.test_init_with_logger,485e6a3e26c5aab9c6c9a7287efd24e00c9ee159,2025-07-12T11:04:25+08:00,485e6a3e26c5aab9c6c9a7287efd24e00c9ee159,2025-07-12T11:04:25+08:00,1,401,0.125,,,False,False,0,1,0.0,11.8,,0.08472390694883127,60844169.0,NewFuture/DDNS,Python
tests/test_cache.py,4,callable,ok,tests.test_cache.TestCache.test_init_with_sync,tests.test_cache.TestCache.test_init_with_sync,485e6a3e26c5aab9c6c9a7287efd24e00c9ee159,2025-07-12T11:04:25+08:00,485e6a3e26c5aab9c6c9a7287efd24e00c9ee159,2025-07-12T11:04:25+08:00,1,401,0.2,,,False,False,0,1,0.0,11.8,,0.08472390694883127,60844169.0,NewFuture/DDNS,Python
tests/test_cache.py,5,callable,ok,tests.test_cache.TestCache.test_setitem_and_getitem,tests.test_cache.TestCache.test_setitem_and_getitem,485e6a3e26c5aab9c6c9a7287efd24e00c9ee159,2025-07-12T11:04:25+08:00,485e6a3e26c5aab9c6c9a7287efd24e00c9ee159,2025-07-12T11:04:25+08:00,1,401,0.08333333333333333,,,False,False,0,1,0.0,11.8,,0.08472390694883127,60844169.0,NewFuture/DDNS,Python
tests/test_cache.py,6,callable,ok,tests.test_cache.TestCache.test_setitem_duplicate_value,tests.test_cache.TestCache.test_setitem_duplicate_value,485e6a3e26c5aab9c6c9a7287efd24e00c9ee159,2025-07-12T11:04:25+08:00,485e6a3e26c5aab9c6c9a7287efd24e00c9ee159,2025-07-12T11:04:25+08:00,1,401,0.08333333333333333,,,False,False,0,1,0.0,11.8,,0.08472390694883127,60844169.0,NewFuture/DDNS,Python
tests/test_cache.py,7,callable,ok,tests.test_cache.TestCache.test_delitem,tests.test_cache.TestCache.test_delitem,485e6a3e26c5aab9c6c9a7287efd24e00c9ee159,2025-07-12T11:04:25+08:00,485e6a3e26c5aab9c6c9a7287efd24e00c9ee159,2025-07-12T11:04:25+08:00,1,401,0.08333333333333333,,,False,False,0,1,0.0,11.8,,0.08472390694883127,60844169.0,NewFuture/DDNS,Python
tests/test_cache.py,8,callable,ok,tests.test_cache.TestCache.test_delitem_nonexistent_key,tests.test_cache.TestCache.test_delitem_nonexistent_key,485e6a3e26c5aab9c6c9a7287efd24e00c9ee159,2025-07-12T11:04:25+08:00,485e6a3e26c5aab9c6c9a7287efd24e00c9ee159,2025-07-12T11:04:25+08:00,1,401,0.09090909090909091,,,False,False,0,1,0.0,11.8,,0.08472390694883127,60844169.0,NewFuture/DDNS,Python
tests/test_cache.py,9,callable,ok,tests.test_cache.TestCache.test_delitem_idempotent,tests.test_cache.TestCache.test_delitem_idempotent,485e6a3e26c5aab9c6c9a7287efd24e00c9ee159,2025-07-12T11:04:25+08:00,485e6a3e26c5aab9c6c9a7287efd24e00c9ee159,2025-07-12T11:04:25+08:00,1,401,0.058823529411764705,,,False,False,0,1,0.0,11.8,,0.08472390694883127,60844169.0,NewFuture/DDNS,Python
tests/test_cache.py,10,callable,ok,tests.test_cache.TestCache.test_contains,tests.test_cache.TestCache.test_contains,485e6a3e26c5aab9c6c9a7287efd24e00c9ee159,2025-07-12T11:04:25+08:00,485e6a3e26c5aab9c6c9a7287efd24e00c9ee159,2025-07-12T11:04:25+08:00,1,401,0.14285714285714285,,,False,False,0,1,0.0,11.8,,0.08472390694883127,60844169.0,NewFuture/DDNS,Python
tests/test_cache.py,11,callable,ok,tests.test_cache.TestCache.test_clear,tests.test_cache.TestCache.test_clear,485e6a3e26c5aab9c6c9a7287efd24e00c9ee159,2025-07-12T11:04:25+08:00,485e6a3e26c5aab9c6c9a7287efd24e00c9ee159,2025-07-12T11:04:25+08:00,1,401,0.09090909090909091,,,False,False,0,1,0.0,11.8,,0.08472390694883127,60844169.0,NewFuture/DDNS,Python
tests/test_cache.py,12,callable,ok,tests.test_cache.TestCache.test_clear_empty_cache,tests.test_cache.TestCache.test_clear_empty_cache,485e6a3e26c5aab9c6c9a7287efd24e00c9ee159,2025-07-12T11:04:25+08:00,485e6a3e26c5aab9c6c9a7287efd24e00c9ee159,2025-07-12T11:04:25+08:00,1,401,0.14285714285714285,,,False,False,0,1,0.0,11.8,,0.08472390694883127,60844169.0,NewFuture/DDNS,Python
tests/test_cache.py,13,callable,ok,tests.test_cache.TestCache.test_clear_preserves_private_fields,tests.test_cache.TestCache.test_clear_preserves_private_fields,485e6a3e26c5aab9c6c9a7287efd24e00c9ee159,2025-07-12T11:04:25+08:00,485e6a3e26c5aab9c6c9a7287efd24e00c9ee159,2025-07-12T11:04:25+08:00,1,401,0.05263157894736842,,,False,False,0,1,0.0,11.8,,0.08472390694883127,60844169.0,NewFuture/DDNS,Python
tests/test_cache.py,14,callable,ok,tests.test_cache.TestCache.test_iteration,tests.test_cache.TestCache.test_iteration,485e6a3e26c5aab9c6c9a7287efd24e00c9ee159,2025-07-12T11:04:25+08:00,485e6a3e26c5aab9c6c9a7287efd24e00c9ee159,2025-07-12T11:04:25+08:00,1,401,0.125,,,False,False,0,1,0.0,11.8,,0.08472390694883127,60844169.0,NewFuture/DDNS,Python
tests/test_cache.py,15,callable,ok,tests.test_cache.TestCache.test_private_fields_excluded,tests.test_cache.TestCache.test_private_fields_excluded,485e6a3e26c5aab9c6c9a7287efd24e00c9ee159,2025-07-12T11:04:25+08:00,485e6a3e26c5aab9c6c9a7287efd24e00c9ee159,2025-07-12T11:04:25+08:00,1,401,0.05555555555555555,,,False,False,0,1,0.0,11.8,,0.08472390694883127,60844169.0,NewFuture/DDNS,Python
tests/test_cache.py,16,callable,ok,tests.test_cache.TestCache.test_private_field_operations_no_sync,tests.test_cache.TestCache.test_private_field_operations_no_sync,485e6a3e26c5aab9c6c9a7287efd24e00c9ee159,2025-07-12T11:04:25+08:00,485e6a3e26c5aab9c6c9a7287efd24e00c9ee159,2025-07-12T11:04:25+08:00,1,401,0.05,,,False,False,0,1,0.0,11.8,,0.08472390694883127,60844169.0,NewFuture/DDNS,Python
tests/test_cache.py,17,callable,ok,tests.test_cache.TestCache.test_private_fields_not_saved_to_file,tests.test_cache.TestCache.test_private_fields_not_saved_to_file,485e6a3e26c5aab9c6c9a7287efd24e00c9ee159,2025-07-12T11:04:25+08:00,485e6a3e26c5aab9c6c9a7287efd24e00c9ee159,2025-07-12T11:04:25+08:00,1,401,0.058823529411764705,,,False,False,0,1,0.0,11.8,,0.08472390694883127,60844169.0,NewFuture/DDNS,Python
tests/test_cache.py,18,callable,ok,tests.test_cache.TestCache.test_data_method,tests.test_cache.TestCache.test_data_method,485e6a3e26c5aab9c6c9a7287efd24e00c9ee159,2025-07-12T11:04:25+08:00,485e6a3e26c5aab9c6c9a7287efd24e00c9ee159,2025-07-12T11:04:25+08:00,1,401,0.07692307692307693,,,False,False,0,1,0.0,11.8,,0.08472390694883127,60844169.0,NewFuture/DDNS,Python
tests/test_cache.py,19,callable,ok,tests.test_cache.TestCache.test_data_method_with_sync,tests.test_cache.TestCache.test_data_method_with_sync,485e6a3e26c5aab9c6c9a7287efd24e00c9ee159,2025-07-12T11:04:25+08:00,485e6a3e26c5aab9c6c9a7287efd24e00c9ee159,2025-07-12T11:04:25+08:00,1,401,0.125,,,False,False,0,1,0.0,11.8,,0.08472390694883127,60844169.0,NewFuture/DDNS,Python
tests/test_cache.py,20,callable,ok,tests.test_cache.TestCache.test_sync_method,tests.test_cache.TestCache.test_sync_method,485e6a3e26c5aab9c6c9a7287efd24e00c9ee159,2025-07-12T11:04:25+08:00,485e6a3e26c5aab9c6c9a7287efd24e00c9ee159,2025-07-12T11:04:25+08:00,1,401,0.058823529411764705,,,False,False,0,1,0.0,11.8,,0.08472390694883127,60844169.0,NewFuture/DDNS,Python
tests/test_cache.py,21,callable,ok,tests.test_cache.TestCache.test_sync_no_changes,tests.test_cache.TestCache.test_sync_no_changes,485e6a3e26c5aab9c6c9a7287efd24e00c9ee159,2025-07-12T11:04:25+08:00,485e6a3e26c5aab9c6c9a7287efd24e00c9ee159,2025-07-12T11:04:25+08:00,1,401,0.1,,,False,False,0,1,0.0,11.8,,0.08472390694883127,60844169.0,NewFuture/DDNS,Python
tests/test_cache.py,22,callable,ok,tests.test_cache.TestCache.test_load_existing_file,tests.test_cache.TestCache.test_load_existing_file,485e6a3e26c5aab9c6c9a7287efd24e00c9ee159,2025-07-12T11:04:25+08:00,485e6a3e26c5aab9c6c9a7287efd24e00c9ee159,2025-07-12T11:04:25+08:00,1,401,0.07142857142857142,,,False,False,0,1,0.0,11.8,,0.08472390694883127,60844169.0,NewFuture/DDNS,Python
tests/test_cache.py,23,callable,ok,tests.test_cache.TestCache.test_load_corrupted_file,tests.test_cache.TestCache.test_load_corrupted_file,485e6a3e26c5aab9c6c9a7287efd24e00c9ee159,2025-07-12T11:04:25+08:00,485e6a3e26c5aab9c6c9a7287efd24e00c9ee159,2025-07-12T11:04:25+08:00,1,401,0.1111111111111111,,,False,False,0,1,0.0,11.8,,0.08472390694883127,60844169.0,NewFuture/DDNS,Python
tests/test_cache.py,24,callable,ok,tests.test_cache.TestCache.test_load_with_exception,tests.test_cache.TestCache.test_load_with_exception,485e6a3e26c5aab9c6c9a7287efd24e00c9ee159,2025-07-12T11:04:25+08:00,485e6a3e26c5aab9c6c9a7287efd24e00c9ee159,2025-07-12T11:04:25+08:00,1,401,0.08333333333333333,,,False,False,0,1,0.0,11.8,,0.08472390694883127,60844169.0,NewFuture/DDNS,Python
tests/test_cache.py,25,callable,ok,tests.test_cache.TestCache.test_time_property,tests.test_cache.TestCache.test_time_property,485e6a3e26c5aab9c6c9a7287efd24e00c9ee159,2025-07-12T11:04:25+08:00,485e6a3e26c5aab9c6c9a7287efd24e00c9ee159,2025-07-12T11:04:25+08:00,1,401,0.14285714285714285,,,False,False,0,1,0.0,11.8,,0.08472390694883127,60844169.0,NewFuture/DDNS,Python
tests/test_cache.py,26,callable,ok,tests.test_cache.TestCache.test_close_method,tests.test_cache.TestCache.test_close_method,485e6a3e26c5aab9c6c9a7287efd24e00c9ee159,2025-07-12T11:04:25+08:00,485e6a3e26c5aab9c6c9a7287efd24e00c9ee159,2025-07-12T11:04:25+08:00,1,401,0.125,,,False,False,0,1,0.0,11.8,,0.08472390694883127,60844169.0,NewFuture/DDNS,Python
tests/test_cache.py,27,callable,ok,tests.test_cache.TestCache.test_str_representation,tests.test_cache.TestCache.test_str_representation,485e6a3e26c5aab9c6c9a7287efd24e00c9ee159,2025-07-12T11:04:25+08:00,485e6a3e26c5aab9c6c9a7287efd24e00c9ee159,2025-07-12T11:04:25+08:00,1,401,0.125,,,False,False,0,1,0.0,11.8,,0.08472390694883127,60844169.0,NewFuture/DDNS,Python
tests/test_cache.py,28,callable,ok,tests.test_cache.TestCache.test_auto_sync_behavior,tests.test_cache.TestCache.test_auto_sync_behavior,485e6a3e26c5aab9c6c9a7287efd24e00c9ee159,2025-07-12T11:04:25+08:00,485e6a3e26c5aab9c6c9a7287efd24e00c9ee159,2025-07-12T11:04:25+08:00,1,401,0.14285714285714285,,,False,False,0,1,0.0,11.8,,0.08472390694883127,60844169.0,NewFuture/DDNS,Python
tests/test_cache.py,29,callable,ok,tests.test_cache.TestCache.test_no_auto_sync_behavior,tests.test_cache.TestCache.test_no_auto_sync_behavior,485e6a3e26c5aab9c6c9a7287efd24e00c9ee159,2025-07-12T11:04:25+08:00,485e6a3e26c5aab9c6c9a7287efd24e00c9ee159,2025-07-12T11:04:25+08:00,1,401,0.14285714285714285,,,False,False,0,1,0.0,11.8,,0.08472390694883127,60844169.0,NewFuture/DDNS,Python
tests/test_cache.py,30,callable,ok,tests.test_cache.TestCache.test_context_manager_like_usage,tests.test_cache.TestCache.test_context_manager_like_usage,485e6a3e26c5aab9c6c9a7287efd24e00c9ee159,2025-07-12T11:04:25+08:00,485e6a3e26c5aab9c6c9a7287efd24e00c9ee159,2025-07-12T11:04:25+08:00,1,401,0.07692307692307693,,,False,False,0,1,0.0,11.8,,0.08472390694883127,60844169.0,NewFuture/DDNS,Python
tests/test_cache.py,31,callable,ok,tests.test_cache.TestCache.test_update_time_on_changes,tests.test_cache.TestCache.test_update_time_on_changes,485e6a3e26c5aab9c6c9a7287efd24e00c9ee159,2025-07-12T11:04:25+08:00,485e6a3e26c5aab9c6c9a7287efd24e00c9ee159,2025-07-12T11:04:25+08:00,1,401,0.08333333333333333,,,False,False,0,1,0.0,11.8,,0.08472390694883127,60844169.0,NewFuture/DDNS,Python
tests/test_cache.py,32,callable,ok,tests.test_cache.TestCache.test_integration_multiple_operations,tests.test_cache.TestCache.test_integration_multiple_operations,485e6a3e26c5aab9c6c9a7287efd24e00c9ee159,2025-07-12T11:04:25+08:00,485e6a3e26c5aab9c6c9a7287efd24e00c9ee159,2025-07-12T11:04:25+08:00,1,401,0.034482758620689655,,,False,False,0,1,0.0,11.8,,0.08472390694883127,60844169.0,NewFuture/DDNS,Python
tests/test_cache.py,33,callable,ok,tests.test_cache.TestCache.test_mixed_public_private_operations,tests.test_cache.TestCache.test_mixed_public_private_operations,485e6a3e26c5aab9c6c9a7287efd24e00c9ee159,2025-07-12T11:04:25+08:00,485e6a3e26c5aab9c6c9a7287efd24e00c9ee159,2025-07-12T11:04:25+08:00,1,401,0.02631578947368421,,,False,False,0,1,0.0,11.8,,0.08472390694883127,60844169.0,NewFuture/DDNS,Python
tests/test_cache.py,34,callable,ok,tests.test_cache.TestCache.test_str_representation_excludes_private,tests.test_cache.TestCache.test_str_representation_excludes_private,485e6a3e26c5aab9c6c9a7287efd24e00c9ee159,2025-07-12T11:04:25+08:00,485e6a3e26c5aab9c6c9a7287efd24e00c9ee159,2025-07-12T11:04:25+08:00,1,401,0.1111111111111111,,,False,False,0,1,0.0,11.8,,0.08472390694883127,60844169.0,NewFuture/DDNS,Python
tests/test_config_cli.py,0,class,ok,tests.test_config_cli.TestCliConfig,tests.test_config_cli.TestCliConfig,485e6a3e26c5aab9c6c9a7287efd24e00c9ee159,2025-07-12T11:04:25+08:00,06fceed0f7413546d3575022a19f319a796f79ef,2026-08-06T17:59:40+08:00,3,401,0.0056179775280898875,0.10933537134522626,,False,False,0,3,0.0,402.09,,0.007460989989320307,60844169.0,NewFuture/DDNS,Python
tests/test_config_cli.py,0,callable,ok,tests.test_config_cli.TestCliConfig.setUp,tests.test_config_cli.TestCliConfig.setUp,485e6a3e26c5aab9c6c9a7287efd24e00c9ee159,2025-07-12T11:04:25+08:00,485e6a3e26c5aab9c6c9a7287efd24e00c9ee159,2025-07-12T11:04:25+08:00,1,401,0.125,,,False,False,0,1,0.0,11.8,,0.08472390694883127,60844169.0,NewFuture/DDNS,Python
tests/test_config_cli.py,1,callable,ok,tests.test_config_cli.TestCliConfig.tearDown,tests.test_config_cli.TestCliConfig.tearDown,485e6a3e26c5aab9c6c9a7287efd24e00c9ee159,2025-07-12T11:04:25+08:00,485e6a3e26c5aab9c6c9a7287efd24e00c9ee159,2025-07-12T11:04:25+08:00,1,401,0.5,,,False,False,0,1,0.0,11.8,,0.08472390694883127,60844169.0,NewFuture/DDNS,Python
tests/test_config_cli.py,2,callable,ok,tests.test_config_cli.TestCliConfig.test_str_bool_function,tests.test_config_cli.TestCliConfig.test_str_bool_function,485e6a3e26c5aab9c6c9a7287efd24e00c9ee159,2025-07-12T11:04:25+08:00,485e6a3e26c5aab9c6c9a7287efd24e00c9ee159,2025-07-12T11:04:25+08:00,1,401,0.02857142857142857,,,False,False,0,1,0.0,11.8,,0.08472390694883127,60844169.0,NewFuture/DDNS,Python
tests/test_config_cli.py,3,callable,ok,tests.test_config_cli.TestCliConfig.test_log_level_function,tests.test_config_cli.TestCliConfig.test_log_level_function,485e6a3e26c5aab9c6c9a7287efd24e00c9ee159,2025-07-12T11:04:25+08:00,485e6a3e26c5aab9c6c9a7287efd24e00c9ee159,2025-07-12T11:04:25+08:00,1,401,0.1,,,False,False,0,1,0.0,11.8,,0.08472390694883127,60844169.0,NewFuture/DDNS,Python
tests/test_config_cli.py,4,callable,ok,tests.test_config_cli.TestCliConfig.test_load_config_basic_args,tests.test_config_cli.TestCliConfig.test_load_config_basic_args,485e6a3e26c5aab9c6c9a7287efd24e00c9ee159,2025-07-12T11:04:25+08:00,485e6a3e26c5aab9c6c9a7287efd24e00c9ee159,2025-07-12T11:04:25+08:00,1,401,0.125,,,False,False,0,1,0.0,11.8,,0.08472390694883127,60844169.0,NewFuture/DDNS,Python
tests/test_config_cli.py,5,callable,ok,tests.test_config_cli.TestCliConfig.test_load_config_with_arrays,tests.test_config_cli.TestCliConfig.test_load_config_with_arrays,485e6a3e26c5aab9c6c9a7287efd24e00c9ee159,2025-07-12T11:04:25+08:00,485e6a3e26c5aab9c6c9a7287efd24e00c9ee159,2025-07-12T11:04:25+08:00,1,401,0.16666666666666666,,,False,False,0,1,0.0,11.8,,0.08472390694883127,60844169.0,NewFuture/DDNS,Python
tests/test_config_cli.py,6,callable,ok,tests.test_config_cli.TestCliConfig.test_load_config_ssl_comprehensive,tests.test_config_cli.TestCliConfig.test_load_config_ssl_comprehensive,485e6a3e26c5aab9c6c9a7287efd24e00c9ee159,2025-07-12T11:04:25+08:00,485e6a3e26c5aab9c6c9a7287efd24e00c9ee159,2025-07-12T11:04:25+08:00,1,401,0.020833333333333332,,,False,False,0,1,0.0,11.8,,0.08472390694883127,60844169.0,NewFuture/DDNS,Python
tests/test_config_cli.py,7,callable,ok,tests.test_config_cli.TestCliConfig.test_load_config_log_settings,tests.test_config_cli.TestCliConfig.test_load_config_log_settings,485e6a3e26c5aab9c6c9a7287efd24e00c9ee159,2025-07-12T11:04:25+08:00,485e6a3e26c5aab9c6c9a7287efd24e00c9ee159,2025-07-12T11:04:25+08:00,1,401,0.03571428571428571,,,False,False,0,1,0.0,11.8,,0.08472390694883127,60844169.0,NewFuture/DDNS,Python
tests/test_config_cli.py,8,callable,ok,tests.test_config_cli.TestCliConfig.test_load_config_system_exit_flags,tests.test_config_cli.TestCliConfig.test_load_config_system_exit_flags,485e6a3e26c5aab9c6c9a7287efd24e00c9ee159,2025-07-12T11:04:25+08:00,485e6a3e26c5aab9c6c9a7287efd24e00c9ee159,2025-07-12T11:04:25+08:00,1,401,0.125,,,False,False,0,1,0.0,11.8,,0.08472390694883127,60844169.0,NewFuture/DDNS,Python
tests/test_config_cli.py,9,callable,ok,tests.test_config_cli.TestCliConfig.test_new_config_action_simple,tests.test_config_cli.TestCliConfig.test_new_config_action_simple,485e6a3e26c5aab9c6c9a7287efd24e00c9ee159,2025-07-12T11:04:25+08:00,485e6a3e26c5aab9c6c9a7287efd24e00c9ee159,2025-07-12T11:04:25+08:00,1,401,0.09090909090909091,,,False,False,0,1,0.0,11.8,,0.08472390694883127,60844169.0,NewFuture/DDNS,Python
tests/test_config_cli.py,10,callable,ok,tests.test_config_cli.TestCliConfig.test_load_config_other_flags,tests.test_config_cli.TestCliConfig.test_load_config_other_flags,485e6a3e26c5aab9c6c9a7287efd24e00c9ee159,2025-07-12T11:04:25+08:00,485e6a3e26c5aab9c6c9a7287efd24e00c9ee159,2025-07-12T11:04:25+08:00,1,401,0.1,,,False,False,0,1,0.0,11.8,,0.08472390694883127,60844169.0,NewFuture/DDNS,Python
tests/test_config_cli.py,11,callable,ok,tests.test_config_cli.TestCliConfig.test_load_config_index_rules,tests.test_config_cli.TestCliConfig.test_load_config_index_rules,485e6a3e26c5aab9c6c9a7287efd24e00c9ee159,2025-07-12T11:04:25+08:00,485e6a3e26c5aab9c6c9a7287efd24e00c9ee159,2025-07-12T11:04:25+08:00,1,401,0.08333333333333333,,,False,False,0,1,0.0,11.8,,0.08472390694883127,60844169.0,NewFuture/DDNS,Python
tests/test_config_cli.py,12,callable,ok,tests.test_config_cli.TestCliConfig.test_load_config_dns_providers,tests.test_config_cli.TestCliConfig.test_load_config_dns_providers,485e6a3e26c5aab9c6c9a7287efd24e00c9ee159,2025-07-12T11:04:25+08:00,485e6a3e26c5aab9c6c9a7287efd24e00c9ee159,2025-07-12T11:04:25+08:00,1,401,0.047619047619047616,,,False,False,0,1,0.0,11.8,,0.08472390694883127,60844169.0,NewFuture/DDNS,Python
tests/test_config_cli.py,13,callable,ok,tests.test_config_cli.TestCliConfig.test_load_config_debug_mode,tests.test_config_cli.TestCliConfig.test_load_config_debug_mode,485e6a3e26c5aab9c6c9a7287efd24e00c9ee159,2025-07-12T11:04:25+08:00,485e6a3e26c5aab9c6c9a7287efd24e00c9ee159,2025-07-12T11:04:25+08:00,1,401,0.16666666666666666,,,False,False,0,1,0.0,11.8,,0.08472390694883127,60844169.0,NewFuture/DDNS,Python
tests/test_config_cli.py,14,callable,ok,tests.test_config_cli.TestCliConfig.test_load_config_minimal_setup,tests.test_config_cli.TestCliConfig.test_load_config_minimal_setup,485e6a3e26c5aab9c6c9a7287efd24e00c9ee159,2025-07-12T11:04:25+08:00,485e6a3e26c5aab9c6c9a7287efd24e00c9ee159,2025-07-12T11:04:25+08:00,1,401,0.14285714285714285,,,False,False,0,1,0.0,11.8,,0.08472390694883127,60844169.0,NewFuture/DDNS,Python
tests/test_config_cli.py,15,callable,ok,tests.test_config_cli.TestCliConfig.test_extend_action_functionality,tests.test_config_cli.TestCliConfig.test_extend_action_functionality,485e6a3e26c5aab9c6c9a7287efd24e00c9ee159,2025-07-12T11:04:25+08:00,485e6a3e26c5aab9c6c9a7287efd24e00c9ee159,2025-07-12T11:04:25+08:00,1,401,0.07142857142857142,,,False,False,0,1,0.0,11.8,,0.08472390694883127,60844169.0,NewFuture/DDNS,Python
tests/test_config_cli.py,16,callable,ok,tests.test_config_cli.TestCliConfig.test_load_config_combined_flags,tests.test_config_cli.TestCliConfig.test_load_config_combined_flags,485e6a3e26c5aab9c6c9a7287efd24e00c9ee159,2025-07-12T11:04:25+08:00,485e6a3e26c5aab9c6c9a7287efd24e00c9ee159,2025-07-12T11:04:25+08:00,1,401,0.023809523809523808,,,False,False,0,1,0.0,11.8,,0.08472390694883127,60844169.0,NewFuture/DDNS,Python
tests/test_config_cli.py,17,callable,ok,tests.test_config_cli.TestCliConfig.test_load_config_invalid_inputs,tests.test_config_cli.TestCliConfig.test_load_config_invalid_inputs,485e6a3e26c5aab9c6c9a7287efd24e00c9ee159,2025-07-12T11:04:25+08:00,485e6a3e26c5aab9c6c9a7287efd24e00c9ee159,2025-07-12T11:04:25+08:00,1,401,0.08333333333333333,,,False,False,0,1,0.0,11.8,,0.08472390694883127,60844169.0,NewFuture/DDNS,Python
tests/test_config_cli.py,18,callable,ok,tests.test_config_cli.TestCliConfig.test_load_config_value_types,tests.test_config_cli.TestCliConfig.test_load_config_value_types,485e6a3e26c5aab9c6c9a7287efd24e00c9ee159,2025-07-12T11:04:25+08:00,485e6a3e26c5aab9c6c9a7287efd24e00c9ee159,2025-07-12T11:04:25+08:00,1,401,0.06666666666666667,,,False,False,0,1,0.0,11.8,,0.08472390694883127,60844169.0,NewFuture/DDNS,Python
tests/test_config_cli.py,19,callable,ok,tests.test_config_cli.TestCliConfig.test_load_config_special_characters,tests.test_config_cli.TestCliConfig.test_load_config_special_characters,485e6a3e26c5aab9c6c9a7287efd24e00c9ee159,2025-07-12T11:04:25+08:00,485e6a3e26c5aab9c6c9a7287efd24e00c9ee159,2025-07-12T11:04:25+08:00,1,401,0.058823529411764705,,,False,False,0,1,0.0,11.8,,0.08472390694883127,60844169.0,NewFuture/DDNS,Python
tests/test_config_cli.py,20,callable,ok,tests.test_config_cli.TestCliConfig.test_load_config_cache_with_different_values,tests.test_config_cli.TestCliConfig.test_load_config_cache_with_different_values,485e6a3e26c5aab9c6c9a7287efd24e00c9ee159,2025-07-12T11:04:25+08:00,485e6a3e26c5aab9c6c9a7287efd24e00c9ee159,2025-07-12T11:04:25+08:00,1,401,0.058823529411764705,,,False,False,0,1,0.0,11.8,,0.08472390694883127,60844169.0,NewFuture/DDNS,Python
tests/test_config_cli.py,21,callable,ok,tests.test_config_cli.TestCliConfig.test_load_config_empty_values,tests.test_config_cli.TestCliConfig.test_load_config_empty_values,485e6a3e26c5aab9c6c9a7287efd24e00c9ee159,2025-07-12T11:04:25+08:00,485e6a3e26c5aab9c6c9a7287efd24e00c9ee159,2025-07-12T11:04:25+08:00,1,401,0.06666666666666667,,,False,False,0,1,0.0,11.8,,0.08472390694883127,60844169.0,NewFuture/DDNS,Python
tests/test_config_cli.py,22,callable,ok,tests.test_config_cli.TestCliConfig.test_load_config_paths_and_numeric,tests.test_config_cli.TestCliConfig.test_load_config_paths_and_numeric,485e6a3e26c5aab9c6c9a7287efd24e00c9ee159,2025-07-12T11:04:25+08:00,96b4ca2e0c55a21eb88a7ec2bbdf1dd75be10baf,2025-07-18T02:54:09+08:00,2,401,0.06060606060606061,,,False,False,0,2,0.0,17.46,,0.11453060678023842,60844169.0,NewFuture/DDNS,Python
tests/test_config_cli.py,23,callable,ok,tests.test_config_cli.TestCliConfig.test_extend_action_class,tests.test_config_cli.TestCliConfig.test_extend_action_class,485e6a3e26c5aab9c6c9a7287efd24e00c9ee159,2025-07-12T11:04:25+08:00,485e6a3e26c5aab9c6c9a7287efd24e00c9ee159,2025-07-12T11:04:25+08:00,1,401,0.038461538461538464,,,False,False,0,1,0.0,11.8,,0.08472390694883127,60844169.0,NewFuture/DDNS,Python
tests/test_config_cli.py,24,callable,ok,tests.test_config_cli.TestCliConfig.test_comprehensive_scenario,tests.test_config_cli.TestCliConfig.test_comprehensive_scenario,485e6a3e26c5aab9c6c9a7287efd24e00c9ee159,2025-07-12T11:04:25+08:00,485e6a3e26c5aab9c6c9a7287efd24e00c9ee159,2025-07-12T11:04:25+08:00,1,401,0.017543859649122806,,,False,False,0,1,0.0,11.8,,0.08472390694883127,60844169.0,NewFuture/DDNS,Python
tests/test_config_cli.py,25,callable,ok,tests.test_config_cli.TestCliConfig.test_load_config_endpoint_parameter,tests.test_config_cli.TestCliConfig.test_load_config_endpoint_parameter,485e6a3e26c5aab9c6c9a7287efd24e00c9ee159,2025-07-12T11:04:25+08:00,485e6a3e26c5aab9c6c9a7287efd24e00c9ee159,2025-07-12T11:04:25+08:00,1,401,0.2,,,False,False,0,1,0.0,11.8,,0.08472390694883127,60844169.0,NewFuture/DDNS,Python
tests/test_config_cli.py,26,callable,ok,tests.test_config_cli.TestCliConfig.test_load_config_hidden_parameters,tests.test_config_cli.TestCliConfig.test_load_config_hidden_parameters,485e6a3e26c5aab9c6c9a7287efd24e00c9ee159,2025-07-12T11:04:25+08:00,485e6a3e26c5aab9c6c9a7287efd24e00c9ee159,2025-07-12T11:04:25+08:00,1,401,0.047619047619047616,,,False,False,0,1,0.0,11.8,,0.08472390694883127,60844169.0,NewFuture/DDNS,Python
tests/test_config_cli.py,27,callable,ok,tests.test_config_cli.TestCliConfig.test_log_level_with_integers,tests.test_config_cli.TestCliConfig.test_log_level_with_integers,485e6a3e26c5aab9c6c9a7287efd24e00c9ee159,2025-07-12T11:04:25+08:00,485e6a3e26c5aab9c6c9a7287efd24e00c9ee159,2025-07-12T11:04:25+08:00,1,401,0.2,,,False,False,0,1,0.0,11.8,,0.08472390694883127,60844169.0,NewFuture/DDNS,Python
tests/test_config_cli.py,28,callable,ok,tests.test_config_cli.TestCliConfig.test_load_config_cache_none_in_debug,tests.test_config_cli.TestCliConfig.test_load_config_cache_none_in_debug,485e6a3e26c5aab9c6c9a7287efd24e00c9ee159,2025-07-12T11:04:25+08:00,485e6a3e26c5aab9c6c9a7287efd24e00c9ee159,2025-07-12T11:04:25+08:00,1,401,0.07142857142857142,,,False,False,0,1,0.0,11.8,,0.08472390694883127,60844169.0,NewFuture/DDNS,Python
tests/test_config_cli.py,29,callable,ok,tests.test_config_cli.TestCliConfig.test_load_config_cache_max_age_aliases,tests.test_config_cli.TestCliConfig.test_load_config_cache_max_age_aliases,06fceed0f7413546d3575022a19f319a796f79ef,2026-08-06T17:59:40+08:00,06fceed0f7413546d3575022a19f319a796f79ef,2026-08-06T17:59:40+08:00,1,10,0.16666666666666666,,,False,False,0,1,0.0,402.09,,0.0024869966631067687,60844169.0,NewFuture/DDNS,Python
tests/test_config_cli_extra.py,0,class,ok,tests.test_config_cli_extra.TestCliExtraFields,tests.test_config_cli_extra.TestCliExtraFields,1600e57aff994e751c31305bcebf0580348ce248,2025-10-13T17:06:56+08:00,1600e57aff994e751c31305bcebf0580348ce248,2025-10-13T17:06:56+08:00,1,307,0.008547008547008548,,,False,False,0,1,0.0,105.05,,0.009518842350122852,60844169.0,NewFuture/DDNS,Python
tests/test_config_cli_extra.py,0,callable,ok,tests.test_config_cli_extra.TestCliExtraFields.setUp,tests.test_config_cli_extra.TestCliExtraFields.setUp,1600e57aff994e751c31305bcebf0580348ce248,2025-10-13T17:06:56+08:00,1600e57aff994e751c31305bcebf0580348ce248,2025-10-13T17:06:56+08:00,1,307,0.3333333333333333,,,False,False,0,1,0.0,105.05,,0.009518842350122852,60844169.0,NewFuture/DDNS,Python
tests/test_config_cli_extra.py,1,callable,ok,tests.test_config_cli_extra.TestCliExtraFields.tearDown,tests.test_config_cli_extra.TestCliExtraFields.tearDown,1600e57aff994e751c31305bcebf0580348ce248,2025-10-13T17:06:56+08:00,1600e57aff994e751c31305bcebf0580348ce248,2025-10-13T17:06:56+08:00,1,307,0.3333333333333333,,,False,False,0,1,0.0,105.05,,0.009518842350122852,60844169.0,NewFuture/DDNS,Python
tests/test_config_cli_extra.py,2,callable,ok,tests.test_config_cli_extra.TestCliExtraFields.test_cli_extra_single_field,tests.test_config_cli_extra.TestCliExtraFields.test_cli_extra_single_field,1600e57aff994e751c31305bcebf0580348ce248,2025-10-13T17:06:56+08:00,1600e57aff994e751c31305bcebf0580348ce248,2025-10-13T17:06:56+08:00,1,307,0.16666666666666666,,,False,False,0,1,0.0,105.05,,0.009518842350122852,60844169.0,NewFuture/DDNS,Python
tests/test_config_cli_extra.py,3,callable,ok,tests.test_config_cli_extra.TestCliExtraFields.test_cli_extra_multiple_fields,tests.test_config_cli_extra.TestCliExtraFields.test_cli_extra_multiple_fields,1600e57aff994e751c31305bcebf0580348ce248,2025-10-13T17:06:56+08:00,1600e57aff994e751c31305bcebf0580348ce248,2025-10-13T17:06:56+08:00,1,307,0.05555555555555555,,,False,False,0,1,0.0,105.05,,0.009518842350122852,60844169.0,NewFuture/DDNS,Python
tests/test_config_cli_extra.py,4,callable,ok,tests.test_config_cli_extra.TestCliExtraFields.test_cli_extra_with_standard_args,tests.test_config_cli_extra.TestCliExtraFields.test_cli_extra_with_standard_args,1600e57aff994e751c31305bcebf0580348ce248,2025-10-13T17:06:56+08:00,1600e57aff994e751c31305bcebf0580348ce248,2025-10-13T17:06:56+08:00,1,307,0.047619047619047616,,,False,False,0,1,0.0,105.05,,0.009518842350122852,60844169.0,NewFuture/DDNS,Python
tests/test_config_cli_extra.py,5,callable,ok,tests.test_config_cli_extra.TestCliExtraFields.test_cli_extra_flag_without_value,tests.test_config_cli_extra.TestCliExtraFields.test_cli_extra_flag_without_value,1600e57aff994e751c31305bcebf0580348ce248,2025-10-13T17:06:56+08:00,1600e57aff994e751c31305bcebf0580348ce248,2025-10-13T17:06:56+08:00,1,307,0.16666666666666666,,,False,False,0,1,0.0,105.05,,0.009518842350122852,60844169.0,NewFuture/DDNS,Python
tests/test_config_cli_extra.py,6,callable,ok,tests.test_config_cli_extra.TestCliExtraFields.test_cli_extra_with_dots_in_name,tests.test_config_cli_extra.TestCliExtraFields.test_cli_extra_with_dots_in_name,1600e57aff994e751c31305bcebf0580348ce248,2025-10-13T17:06:56+08:00,1600e57aff994e751c31305bcebf0580348ce248,2025-10-13T17:06:56+08:00,1,307,0.14285714285714285,,,False,False,0,1,0.0,105.05,,0.009518842350122852,60844169.0,NewFuture/DDNS,Python
tests/test_config_cli_extra.py,7,callable,ok,tests.test_config_cli_extra.TestCliExtraFields.test_cli_extra_empty_value,tests.test_config_cli_extra.TestCliExtraFields.test_cli_extra_empty_value,1600e57aff994e751c31305bcebf0580348ce248,2025-10-13T17:06:56+08:00,1600e57aff994e751c31305bcebf0580348ce248,2025-10-13T17:06:56+08:00,1,307,0.16666666666666666,,,False,False,0,1,0.0,105.05,,0.009518842350122852,60844169.0,NewFuture/DDNS,Python
tests/test_config_cli_extra.py,8,callable,ok,tests.test_config_cli_extra.TestCliExtraFields.test_cli_extra_numeric_values,tests.test_config_cli_extra.TestCliExtraFields.test_cli_extra_numeric_values,1600e57aff994e751c31305bcebf0580348ce248,2025-10-13T17:06:56+08:00,1600e57aff994e751c31305bcebf0580348ce248,2025-10-13T17:06:56+08:00,1,307,0.07142857142857142,,,False,False,0,1,0.0,105.05,,0.009518842350122852,60844169.0,NewFuture/DDNS,Python
tests/test_config_cli_extra.py,9,callable,ok,tests.test_config_cli_extra.TestCliExtraFields.test_cli_extra_special_characters,tests.test_config_cli_extra.TestCliExtraFields.test_cli_extra_special_characters,1600e57aff994e751c31305bcebf0580348ce248,2025-10-13T17:06:56+08:00,1600e57aff994e751c31305bcebf0580348ce248,2025-10-13T17:06:56+08:00,1,307,0.09090909090909091,,,False,False,0,1,0.0,105.05,,0.009518842350122852,60844169.0,NewFuture/DDNS,Python
tests/test_config_cli_extra.py,10,callable,ok,tests.test_config_cli_extra.TestCliExtraFields.test_cli_no_extra_args,tests.test_config_cli_extra.TestCliExtraFields.test_cli_no_extra_args,1600e57aff994e751c31305bcebf0580348ce248,2025-10-13T17:06:56+08:00,1600e57aff994e751c31305bcebf0580348ce248,2025-10-13T17:06:56+08:00,1,307,0.1111111111111111,,,False,False,0,1,0.0,105.05,,0.009518842350122852,60844169.0,NewFuture/DDNS,Python
tests/test_config_cli_mcp.py,0,class,ok,tests.test_config_cli_mcp.TestMcpSubcommand,tests.test_config_cli_mcp.TestMcpSubcommand,c919f2c6afd9f75f2c239642d6ea7f24a631df75,2026-08-13T17:25:47+08:00,c919f2c6afd9f75f2c239642d6ea7f24a631df75,2026-08-13T17:25:47+08:00,1,3,0.010416666666666666,,,False,False,0,1,0.0,409.07,,0.002444582046497139,60844169.0,NewFuture/DDNS,Python
tests/test_config_cli_mcp.py,0,callable,ok,tests.test_config_cli_mcp.TestMcpSubcommand.setUp,tests.test_config_cli_mcp.TestMcpSubcommand.setUp,c919f2c6afd9f75f2c239642d6ea7f24a631df75,2026-08-13T17:25:47+08:00,c919f2c6afd9f75f2c239642d6ea7f24a631df75,2026-08-13T17:25:47+08:00,1,3,0.3333333333333333,,,False,False,0,1,0.0,409.07,,0.002444582046497139,60844169.0,NewFuture/DDNS,Python
tests/test_config_cli_mcp.py,1,callable,ok,tests.test_config_cli_mcp.TestMcpSubcommand.tearDown,tests.test_config_cli_mcp.TestMcpSubcommand.tearDown,c919f2c6afd9f75f2c239642d6ea7f24a631df75,2026-08-13T17:25:47+08:00,c919f2c6afd9f75f2c239642d6ea7f24a631df75,2026-08-13T17:25:47+08:00,1,3,0.3333333333333333,,,False,False,0,1,0.0,409.07,,0.002444582046497139,60844169.0,NewFuture/DDNS,Python
tests/test_config_cli_mcp.py,2,callable,ok,tests.test_config_cli_mcp.TestMcpSubcommand.test_mcp_subcommand_defaults,tests.test_config_cli_mcp.TestMcpSubcommand.test_mcp_subcommand_defaults,c919f2c6afd9f75f2c239642d6ea7f24a631df75,2026-08-13T17:25:47+08:00,c919f2c6afd9f75f2c239642d6ea7f24a631df75,2026-08-13T17:25:47+08:00,1,3,0.07692307692307693,,,False,False,0,1,0.0,409.07,,0.002444582046497139,60844169.0,NewFuture/DDNS,Python
tests/test_config_cli_mcp.py,3,callable,ok,tests.test_config_cli_mcp.TestMcpSubcommand.test_mcp_subcommand_accepts_local_config,tests.test_config_cli_mcp.TestMcpSubcommand.test_mcp_subcommand_accepts_local_config,c919f2c6afd9f75f2c239642d6ea7f24a631df75,2026-08-13T17:25:47+08:00,c919f2c6afd9f75f2c239642d6ea7f24a631df75,2026-08-13T17:25:47+08:00,1,3,0.09090909090909091,,,False,False,0,1,0.0,409.07,,0.002444582046497139,60844169.0,NewFuture/DDNS,Python
tests/test_config_cli_mcp.py,4,callable,ok,tests.test_config_cli_mcp.TestMcpSubcommand.test_mcp_subcommand_rejects_multiple_configs,tests.test_config_cli_mcp.TestMcpSubcommand.test_mcp_subcommand_rejects_multiple_configs,c919f2c6afd9f75f2c239642d6ea7f24a631df75,2026-08-13T17:25:47+08:00,c919f2c6afd9f75f2c239642d6ea7f24a631df75,2026-08-13T17:25:47+08:00,1,3,0.125,,,False,False,0,1,0.0,409.07,,0.002444582046497139,60844169.0,NewFuture/DDNS,Python
tests/test_config_cli_mcp.py,5,callable,ok,tests.test_config_cli_mcp.TestMcpSubcommand.test_mcp_subcommand_rejects_unknown_options,tests.test_config_cli_mcp.TestMcpSubcommand.test_mcp_subcommand_rejects_unknown_options,c919f2c6afd9f75f2c239642d6ea7f24a631df75,2026-08-13T17:25:47+08:00,c919f2c6afd9f75f2c239642d6ea7f24a631df75,2026-08-13T17:25:47+08:00,1,3,0.125,,,False,False,0,1,0.0,409.07,,0.002444582046497139,60844169.0,NewFuture/DDNS,Python
tests/test_config_cli_mcp.py,6,callable,ok,tests.test_config_cli_mcp.TestMcpSubcommand.test_mcp_handler_starts_stdio_server,tests.test_config_cli_mcp.TestMcpSubcommand.test_mcp_handler_starts_stdio_server,c919f2c6afd9f75f2c239642d6ea7f24a631df75,2026-08-13T17:25:47+08:00,c919f2c6afd9f75f2c239642d6ea7f24a631df75,2026-08-13T17:25:47+08:00,1,3,0.14285714285714285,,,False,False,0,1,0.0,409.07,,0.002444582046497139,60844169.0,NewFuture/DDNS,Python
tests/test_config_cli_mcp.py,7,callable,ok,tests.test_config_cli_mcp.TestMcpSubcommand.test_mcp_handler_uses_environment_config,tests.test_config_cli_mcp.TestMcpSubcommand.test_mcp_handler_uses_environment_config,c919f2c6afd9f75f2c239642d6ea7f24a631df75,2026-08-13T17:25:47+08:00,c919f2c6afd9f75f2c239642d6ea7f24a631df75,2026-08-13T17:25:47+08:00,1,3,0.14285714285714285,,,False,False,0,1,0.0,409.07,,0.002444582046497139,60844169.0,NewFuture/DDNS,Python
tests/test_config_cli_mcp.py,8,callable,ok,tests.test_config_cli_mcp.TestMcpSubcommand.test_mcp_handler_rejects_remote_config,tests.test_config_cli_mcp.TestMcpSubcommand.test_mcp_handler_rejects_remote_config,c919f2c6afd9f75f2c239642d6ea7f24a631df75,2026-08-13T17:25:47+08:00,c919f2c6afd9f75f2c239642d6ea7f24a631df75,2026-08-13T17:25:47+08:00,1,3,0.14285714285714285,,,False,False,0,1,0.0,409.07,,0.002444582046497139,60844169.0,NewFuture/DDNS,Python
tests/test_config_cli_mcp.py,9,callable,ok,tests.test_config_cli_mcp.TestMcpSubcommand.test_mcp_handler_rejects_multiple_environment_configs,tests.test_config_cli_mcp.TestMcpSubcommand.test_mcp_handler_rejects_multiple_environment_configs,c919f2c6afd9f75f2c239642d6ea7f24a631df75,2026-08-13T17:25:47+08:00,c919f2c6afd9f75f2c239642d6ea7f24a631df75,2026-08-13T17:25:47+08:00,1,3,0.125,,,False,False,0,1,0.0,409.07,,0.002444582046497139,60844169.0,NewFuture/DDNS,Python
tests/test_config_cli_task.py,0,class,ok,tests.test_config_cli_task.TestTaskSubcommand,tests.test_config_cli_task.TestTaskSubcommand,6c24557505ff3377fdf7d8b47441fc3154a72d55,2025-08-07T17:58:43Z,6c24557505ff3377fdf7d8b47441fc3154a72d55,2025-08-07T17:58:43Z,1,374,0.002197802197802198,,,False,False,0,1,0.0,38.42,,0.026025342779970484,60844169.0,NewFuture/DDNS,Python
tests/test_config_cli_task.py,0,callable,ok,tests.test_config_cli_task.TestTaskSubcommand.setUp,tests.test_config_cli_task.TestTaskSubcommand.setUp,6c24557505ff3377fdf7d8b47441fc3154a72d55,2025-08-07T17:58:43Z,6c24557505ff3377fdf7d8b47441fc3154a72d55,2025-08-07T17:58:43Z,1,374,0.05555555555555555,,,False,False,0,1,0.0,38.42,,0.026025342779970484,60844169.0,NewFuture/DDNS,Python
tests/test_config_cli_task.py,1,callable,ok,tests.test_config_cli_task.TestTaskSubcommand.tearDown,tests.test_config_cli_task.TestTaskSubcommand.tearDown,6c24557505ff3377fdf7d8b47441fc3154a72d55,2025-08-07T17:58:43Z,6c24557505ff3377fdf7d8b47441fc3154a72d55,2025-08-07T17:58:43Z,1,374,0.5,,,False,False,0,1,0.0,38.42,,0.026025342779970484,60844169.0,NewFuture/DDNS,Python
tests/test_config_cli_task.py,2,callable,ok,tests.test_config_cli_task.TestTaskSubcommand.test_task_subcommand_help,tests.test_config_cli_task.TestTaskSubcommand.test_task_subcommand_help,6c24557505ff3377fdf7d8b47441fc3154a72d55,2025-08-07T17:58:43Z,6c24557505ff3377fdf7d8b47441fc3154a72d55,2025-08-07T17:58:43Z,1,374,0.1,,,False,False,0,1,0.0,38.42,,0.026025342779970484,60844169.0,NewFuture/DDNS,Python
tests/test_config_cli_task.py,3,callable,ok,tests.test_config_cli_task.TestTaskSubcommand.test_task_subcommand_status,tests.test_config_cli_task.TestTaskSubcommand.test_task_subcommand_status,6c24557505ff3377fdf7d8b47441fc3154a72d55,2025-08-07T17:58:43Z,6c24557505ff3377fdf7d8b47441fc3154a72d55,2025-08-07T17:58:43Z,1,374,0.03125,,,False,False,0,1,0.0,38.42,,0.026025342779970484,60844169.0,NewFuture/DDNS,Python
tests/test_config_cli_task.py,4,callable,ok,tests.test_config_cli_task.TestTaskSubcommand.test_task_subcommand_install,tests.test_config_cli_task.TestTaskSubcommand.test_task_subcommand_install,6c24557505ff3377fdf7d8b47441fc3154a72d55,2025-08-07T17:58:43Z,6c24557505ff3377fdf7d8b47441fc3154a72d55,2025-08-07T17:58:43Z,1,374,0.037037037037037035,,,False,False,0,1,0.0,38.42,,0.026025342779970484,60844169.0,NewFuture/DDNS,Python
tests/test_config_cli_task.py,5,callable,ok,tests.test_config_cli_task.TestTaskSubcommand.test_task_subcommand_enable,tests.test_config_cli_task.TestTaskSubcommand.test_task_subcommand_enable,6c24557505ff3377fdf7d8b47441fc3154a72d55,2025-08-07T17:58:43Z,6c24557505ff3377fdf7d8b47441fc3154a72d55,2025-08-07T17:58:43Z,1,374,0.037037037037037035,,,False,False,0,1,0.0,38.42,,0.026025342779970484,60844169.0,NewFuture/DDNS,Python
tests/test_config_cli_task.py,6,callable,ok,tests.test_config_cli_task.TestTaskSubcommand.test_task_subcommand_disable,tests.test_config_cli_task.TestTaskSubcommand.test_task_subcommand_disable,6c24557505ff3377fdf7d8b47441fc3154a72d55,2025-08-07T17:58:43Z,6c24557505ff3377fdf7d8b47441fc3154a72d55,2025-08-07T17:58:43Z,1,374,0.037037037037037035,,,False,False,0,1,0.0,38.42,,0.026025342779970484,60844169.0,NewFuture/DDNS,Python
tests/test_config_cli_task.py,7,callable,ok,tests.test_config_cli_task.TestTaskSubcommand.test_task_subcommand_delete,tests.test_config_cli_task.TestTaskSubcommand.test_task_subcommand_delete,6c24557505ff3377fdf7d8b47441fc3154a72d55,2025-08-07T17:58:43Z,6c24557505ff3377fdf7d8b47441fc3154a72d55,2025-08-07T17:58:43Z,1,374,0.038461538461538464,,,False,False,0,1,0.0,38.42,,0.026025342779970484,60844169.0,NewFuture/DDNS,Python
tests/test_config_cli_task.py,8,callable,ok,tests.test_config_cli_task.TestTaskSubcommand.test_task_subcommand_force_install,tests.test_config_cli_task.TestTaskSubcommand.test_task_subcommand_force_install,6c24557505ff3377fdf7d8b47441fc3154a72d55,2025-08-07T17:58:43Z,6c24557505ff3377fdf7d8b47441fc3154a72d55,2025-08-07T17:58:43Z,1,374,0.038461538461538464,,,False,False,0,1,0.0,38.42,,0.026025342779970484,60844169.0,NewFuture/DDNS,Python
tests/test_config_cli_task.py,9,callable,ok,tests.test_config_cli_task.TestTaskSubcommand.test_task_subcommand_with_ddns_args,tests.test_config_cli_task.TestTaskSubcommand.test_task_subcommand_with_ddns_args,6c24557505ff3377fdf7d8b47441fc3154a72d55,2025-08-07T17:58:43Z,6c24557505ff3377fdf7d8b47441fc3154a72d55,2025-08-07T17:58:43Z,1,374,0.020833333333333332,,,False,False,0,1,0.0,38.42,,0.026025342779970484,60844169.0,NewFuture/DDNS,Python
tests/test_config_cli_task.py,10,callable,ok,tests.test_config_cli_task.TestTaskSubcommand.test_task_subcommand_with_provider_args,tests.test_config_cli_task.TestTaskSubcommand.test_task_subcommand_with_provider_args,6c24557505ff3377fdf7d8b47441fc3154a72d55,2025-08-07T17:58:43Z,6c24557505ff3377fdf7d8b47441fc3154a72d55,2025-08-07T17:58:43Z,1,374,0.02631578947368421,,,False,False,0,1,0.0,38.42,,0.026025342779970484,60844169.0,NewFuture/DDNS,Python
tests/test_config_cli_task.py,11,callable,ok,tests.test_config_cli_task.TestTaskSubcommand.test_task_subcommand_status_with_ddns_args,tests.test_config_cli_task.TestTaskSubcommand.test_task_subcommand_status_with_ddns_args,6c24557505ff3377fdf7d8b47441fc3154a72d55,2025-08-07T17:58:43Z,6c24557505ff3377fdf7d8b47441fc3154a72d55,2025-08-07T17:58:43Z,1,374,0.029411764705882353,,,False,False,0,1,0.0,38.42,,0.026025342779970484,60844169.0,NewFuture/DDNS,Python
tests/test_config_cli_task.py,12,callable,ok,tests.test_config_cli_task.TestTaskSubcommand.test_task_subcommand_scheduler_default,tests.test_config_cli_task.TestTaskSubcommand.test_task_subcommand_scheduler_default,6c24557505ff3377fdf7d8b47441fc3154a72d55,2025-08-07T17:58:43Z,6c24557505ff3377fdf7d8b47441fc3154a72d55,2025-08-07T17:58:43Z,1,374,0.041666666666666664,,,False,False,0,1,0.0,38.42,,0.026025342779970484,60844169.0,NewFuture/DDNS,Python
tests/test_config_cli_task.py,13,callable,ok,tests.test_config_cli_task.TestTaskSubcommand.test_task_subcommand_scheduler_explicit_values,tests.test_config_cli_task.TestTaskSubcommand.test_task_subcommand_scheduler_explicit_values,6c24557505ff3377fdf7d8b47441fc3154a72d55,2025-08-07T17:58:43Z,6c24557505ff3377fdf7d8b47441fc3154a72d55,2025-08-07T17:58:43Z,1,374,0.027777777777777776,,,False,False,0,1,0.0,38.42,,0.026025342779970484,60844169.0,NewFuture/DDNS,Python
tests/test_config_cli_task.py,14,callable,ok,tests.test_config_cli_task.TestTaskSubcommand.test_task_subcommand_scheduler_with_install,tests.test_config_cli_task.TestTaskSubcommand.test_task_subcommand_scheduler_with_install,6c24557505ff3377fdf7d8b47441fc3154a72d55,2025-08-07T17:58:43Z,6c24557505ff3377fdf7d8b47441fc3154a72d55,2025-08-07T17:58:43Z,1,374,0.038461538461538464,,,False,False,0,1,0.0,38.42,,0.026025342779970484,60844169.0,NewFuture/DDNS,Python
tests/test_config_cli_task.py,15,callable,ok,tests.test_config_cli_task.TestTaskSubcommand.test_task_subcommand_scheduler_excluded_from_ddns_args,tests.test_config_cli_task.TestTaskSubcommand.test_task_subcommand_scheduler_excluded_from_ddns_args,6c24557505ff3377fdf7d8b47441fc3154a72d55,2025-08-07T17:58:43Z,6c24557505ff3377fdf7d8b47441fc3154a72d55,2025-08-07T17:58:43Z,1,374,0.027777777777777776,,,False,False,0,1,0.0,38.42,,0.026025342779970484,60844169.0,NewFuture/DDNS,Python
tests/test_config_cli_web.py,0,class,ok,tests.test_config_cli_web.TestWebSubcommand,tests.test_config_cli_web.TestWebSubcommand,d14594f14d68eecc69c09e1796cc1bffd8779ed9,2026-08-12T02:23:17+08:00,c30822bd33ebf42031b3458bacf2b947ad0ad8c7,2026-08-12T15:39:51+08:00,2,5,0.005277044854881266,,,False,False,0,2,0.0,407.99,,0.004902029062734597,60844169.0,NewFuture/DDNS,Python
tests/test_config_cli_web.py,0,callable,ok,tests.test_config_cli_web.TestWebSubcommand.setUp,tests.test_config_cli_web.TestWebSubcommand.setUp,d14594f14d68eecc69c09e1796cc1bffd8779ed9,2026-08-12T02:23:17+08:00,d14594f14d68eecc69c09e1796cc1bffd8779ed9,2026-08-12T02:23:17+08:00,1,5,0.25,,,False,False,0,1,0.0,407.44,,0.0024543422043316583,60844169.0,NewFuture/DDNS,Python
tests/test_config_cli_web.py,1,callable,ok,tests.test_config_cli_web.TestWebSubcommand.tearDown,tests.test_config_cli_web.TestWebSubcommand.tearDown,d14594f14d68eecc69c09e1796cc1bffd8779ed9,2026-08-12T02:23:17+08:00,d14594f14d68eecc69c09e1796cc1bffd8779ed9,2026-08-12T02:23:17+08:00,1,5,0.25,,,False,False,0,1,0.0,407.44,,0.0024543422043316583,60844169.0,NewFuture/DDNS,Python
tests/test_config_cli_web.py,2,callable,ok,tests.test_config_cli_web.TestWebSubcommand._config_file,tests.test_config_cli_web.TestWebSubcommand._config_file,d14594f14d68eecc69c09e1796cc1bffd8779ed9,2026-08-12T02:23:17+08:00,d14594f14d68eecc69c09e1796cc1bffd8779ed9,2026-08-12T02:23:17+08:00,1,5,0.1111111111111111,,,False,False,0,1,0.0,407.44,,0.0024543422043316583,60844169.0,NewFuture/DDNS,Python
tests/test_config_cli_web.py,3,callable,ok,tests.test_config_cli_web.TestWebSubcommand.test_web_subcommand_defaults,tests.test_config_cli_web.TestWebSubcommand.test_web_subcommand_defaults,d14594f14d68eecc69c09e1796cc1bffd8779ed9,2026-08-12T02:23:17+08:00,d14594f14d68eecc69c09e1796cc1bffd8779ed9,2026-08-12T02:23:17+08:00,1,5,0.06666666666666667,,,False,False,0,1,0.0,407.44,,0.0024543422043316583,60844169.0,NewFuture/DDNS,Python
tests/test_config_cli_web.py,4,callable,ok,tests.test_config_cli_web.TestWebSubcommand.test_interval_shorthand_starts_web_dashboard,tests.test_config_cli_web.TestWebSubcommand.test_interval_shorthand_starts_web_dashboard,d14594f14d68eecc69c09e1796cc1bffd8779ed9,2026-08-12T02:23:17+08:00,d14594f14d68eecc69c09e1796cc1bffd8779ed9,2026-08-12T02:23:17+08:00,1,5,0.06666666666666667,,,False,False,0,1,0.0,407.44,,0.0024543422043316583,60844169.0,NewFuture/DDNS,Python
tests/test_config_cli_web.py,5,callable,ok,tests.test_config_cli_web.TestWebSubcommand.test_interval_shorthand_accepts_local_config,tests.test_config_cli_web.TestWebSubcommand.test_interval_shorthand_accepts_local_config,d14594f14d68eecc69c09e1796cc1bffd8779ed9,2026-08-12T02:23:17+08:00,d14594f14d68eecc69c09e1796cc1bffd8779ed9,2026-08-12T02:23:17+08:00,1,5,0.08333333333333333,,,False,False,0,1,0.0,407.44,,0.0024543422043316583,60844169.0,NewFuture/DDNS,Python
tests/test_config_cli_web.py,6,callable,ok,tests.test_config_cli_web.TestWebSubcommand.test_config_interval_starts_web_dashboard,tests.test_config_cli_web.TestWebSubcommand.test_config_interval_starts_web_dashboard,d14594f14d68eecc69c09e1796cc1bffd8779ed9,2026-08-12T02:23:17+08:00,d14594f14d68eecc69c09e1796cc1bffd8779ed9,2026-08-12T02:23:17+08:00,1,5,0.06666666666666667,,,False,False,0,1,0.0,407.44,,0.0024543422043316583,60844169.0,NewFuture/DDNS,Python
tests/test_config_cli_web.py,7,callable,ok,tests.test_config_cli_web.TestWebSubcommand.test_default_config_interval_starts_web_dashboard,tests.test_config_cli_web.TestWebSubcommand.test_default_config_interval_starts_web_dashboard,d14594f14d68eecc69c09e1796cc1bffd8779ed9,2026-08-12T02:23:17+08:00,d14594f14d68eecc69c09e1796cc1bffd8779ed9,2026-08-12T02:23:17+08:00,1,5,0.07142857142857142,,,False,False,0,1,0.0,407.44,,0.0024543422043316583,60844169.0,NewFuture/DDNS,Python
tests/test_config_cli_web.py,8,callable,ok,tests.test_config_cli_web.TestWebSubcommand.test_cli_interval_overrides_config_interval,tests.test_config_cli_web.TestWebSubcommand.test_cli_interval_overrides_config_interval,d14594f14d68eecc69c09e1796cc1bffd8779ed9,2026-08-12T02:23:17+08:00,d14594f14d68eecc69c09e1796cc1bffd8779ed9,2026-08-12T02:23:17+08:00,1,5,0.08333333333333333,,,False,False,0,1,0.0,407.44,,0.0024543422043316583,60844169.0,NewFuture/DDNS,Python
tests/test_config_cli_web.py,9,callable,ok,tests.test_config_cli_web.TestWebSubcommand.test_interval_shorthand_rejects_multiple_configs,tests.test_config_cli_web.TestWebSubcommand.test_interval_shorthand_rejects_multiple_configs,d14594f14d68eecc69c09e1796cc1bffd8779ed9,2026-08-12T02:23:17+08:00,d14594f14d68eecc69c09e1796cc1bffd8779ed9,2026-08-12T02:23:17+08:00,1,5,0.07142857142857142,,,False,False,0,1,0.0,407.44,,0.0024543422043316583,60844169.0,NewFuture/DDNS,Python
tests/test_config_cli_web.py,10,callable,ok,tests.test_config_cli_web.TestWebSubcommand.test_config_interval_rejects_multiple_configs,tests.test_config_cli_web.TestWebSubcommand.test_config_interval_rejects_multiple_configs,d14594f14d68eecc69c09e1796cc1bffd8779ed9,2026-08-12T02:23:17+08:00,d14594f14d68eecc69c09e1796cc1bffd8779ed9,2026-08-12T02:23:17+08:00,1,5,0.07142857142857142,,,False,False,0,1,0.0,407.44,,0.0024543422043316583,60844169.0,NewFuture/DDNS,Python
tests/test_config_cli_web.py,11,callable,ok,tests.test_config_cli_web.TestWebSubcommand.test_implicit_web_rejects_provider_cli_overrides,tests.test_config_cli_web.TestWebSubcommand.test_implicit_web_rejects_provider_cli_overrides,d14594f14d68eecc69c09e1796cc1bffd8779ed9,2026-08-12T02:23:17+08:00,d14594f14d68eecc69c09e1796cc1bffd8779ed9,2026-08-12T02:23:17+08:00,1,5,0.09090909090909091,,,False,False,0,1,0.0,407.44,,0.0024543422043316583,60844169.0,NewFuture/DDNS,Python
tests/test_config_cli_web.py,12,callable,ok,tests.test_config_cli_web.TestWebSubcommand.test_interval_shorthand_rejects_inline_provider_config,tests.test_config_cli_web.TestWebSubcommand.test_interval_shorthand_rejects_inline_provider_config,d14594f14d68eecc69c09e1796cc1bffd8779ed9,2026-08-12T02:23:17+08:00,d14594f14d68eecc69c09e1796cc1bffd8779ed9,2026-08-12T02:23:17+08:00,1,5,0.1,,,False,False,0,1,0.0,407.44,,0.0024543422043316583,60844169.0,NewFuture/DDNS,Python
tests/test_config_cli_web.py,13,callable,ok,tests.test_config_cli_web.TestWebSubcommand.test_explicit_web_rejects_repeated_configs,tests.test_config_cli_web.TestWebSubcommand.test_explicit_web_rejects_repeated_configs,d14594f14d68eecc69c09e1796cc1bffd8779ed9,2026-08-12T02:23:17+08:00,d14594f14d68eecc69c09e1796cc1bffd8779ed9,2026-08-12T02:23:17+08:00,1,5,0.1,,,False,False,0,1,0.0,407.44,,0.0024543422043316583,60844169.0,NewFuture/DDNS,Python
tests/test_config_cli_web.py,14,callable,ok,tests.test_config_cli_web.TestWebSubcommand.test_config_without_interval_keeps_one_shot_mode,tests.test_config_cli_web.TestWebSubcommand.test_config_without_interval_keeps_one_shot_mode,d14594f14d68eecc69c09e1796cc1bffd8779ed9,2026-08-12T02:23:17+08:00,d14594f14d68eecc69c09e1796cc1bffd8779ed9,2026-08-12T02:23:17+08:00,1,5,0.1,,,False,False,0,1,0.0,407.44,,0.0024543422043316583,60844169.0,NewFuture/DDNS,Python
tests/test_config_cli_web.py,15,callable,ok,tests.test_config_cli_web.TestWebSubcommand.test_new_config_action_does_not_infer_web_mode,tests.test_config_cli_web.TestWebSubcommand.test_new_config_action_does_not_infer_web_mode,d14594f14d68eecc69c09e1796cc1bffd8779ed9,2026-08-12T02:23:17+08:00,d14594f14d68eecc69c09e1796cc1bffd8779ed9,2026-08-12T02:23:17+08:00,1,5,0.07692307692307693,,,False,False,0,1,0.0,407.44,,0.0024543422043316583,60844169.0,NewFuture/DDNS,Python
tests/test_config_cli_web.py,16,callable,ok,tests.test_config_cli_web.TestWebSubcommand.test_without_interval_keeps_one_shot_mode,tests.test_config_cli_web.TestWebSubcommand.test_without_interval_keeps_one_shot_mode,d14594f14d68eecc69c09e1796cc1bffd8779ed9,2026-08-12T02:23:17+08:00,d14594f14d68eecc69c09e1796cc1bffd8779ed9,2026-08-12T02:23:17+08:00,1,5,0.1,,,False,False,0,1,0.0,407.44,,0.0024543422043316583,60844169.0,NewFuture/DDNS,Python
tests/test_config_cli_web.py,17,callable,ok,tests.test_config_cli_web.TestWebSubcommand.test_web_subcommand_options,tests.test_config_cli_web.TestWebSubcommand.test_web_subcommand_options,d14594f14d68eecc69c09e1796cc1bffd8779ed9,2026-08-12T02:23:17+08:00,d14594f14d68eecc69c09e1796cc1bffd8779ed9,2026-08-12T02:23:17+08:00,1,5,0.034482758620689655,,,False,False,0,1,0.0,407.44,,0.0024543422043316583,60844169.0,NewFuture/DDNS,Python
tests/test_config_cli_web.py,18,callable,ok,tests.test_config_cli_web.TestWebSubcommand.test_web_subcommand_rejects_public_host,tests.test_config_cli_web.TestWebSubcommand.test_web_subcommand_rejects_public_host,d14594f14d68eecc69c09e1796cc1bffd8779ed9,2026-08-12T02:23:17+08:00,d14594f14d68eecc69c09e1796cc1bffd8779ed9,2026-08-12T02:23:17+08:00,1,5,0.125,,,False,False,0,1,0.0,407.44,,0.0024543422043316583,60844169.0,NewFuture/DDNS,Python
tests/test_config_cli_web.py,19,callable,ok,tests.test_config_cli_web.TestWebSubcommand.test_web_subcommand_rejects_invalid_interval,tests.test_config_cli_web.TestWebSubcommand.test_web_subcommand_rejects_invalid_interval,d14594f14d68eecc69c09e1796cc1bffd8779ed9,2026-08-12T02:23:17+08:00,d14594f14d68eecc69c09e1796cc1bffd8779ed9,2026-08-12T02:23:17+08:00,1,5,0.125,,,False,False,0,1,0.0,407.44,,0.0024543422043316583,60844169.0,NewFuture/DDNS,Python
tests/test_config_cli_web.py,20,callable,ok,tests.test_config_cli_web.TestWebSubcommand.test_interval_shorthand_rejects_invalid_interval,tests.test_config_cli_web.TestWebSubcommand.test_interval_shorthand_rejects_invalid_interval,d14594f14d68eecc69c09e1796cc1bffd8779ed9,2026-08-12T02:23:17+08:00,d14594f14d68eecc69c09e1796cc1bffd8779ed9,2026-08-12T02:23:17+08:00,1,5,0.125,,,False,False,0,1,0.0,407.44,,0.0024543422043316583,60844169.0,NewFuture/DDNS,Python
tests/test_config_cli_web.py,21,callable,ok,tests.test_config_cli_web.TestWebSubcommand.test_config_interval_rejects_invalid_interval,tests.test_config_cli_web.TestWebSubcommand.test_config_interval_rejects_invalid_interval,d14594f14d68eecc69c09e1796cc1bffd8779ed9,2026-08-12T02:23:17+08:00,d14594f14d68eecc69c09e1796cc1bffd8779ed9,2026-08-12T02:23:17+08:00,1,5,0.1,,,False,False,0,1,0.0,407.44,,0.0024543422043316583,60844169.0,NewFuture/DDNS,Python
tests/test_config_cli_web.py,22,callable,ok,tests.test_config_cli_web.TestWebSubcommand.test_web_handler_starts_server,tests.test_config_cli_web.TestWebSubcommand.test_web_handler_starts_server,d14594f14d68eecc69c09e1796cc1bffd8779ed9,2026-08-12T02:23:17+08:00,d14594f14d68eecc69c09e1796cc1bffd8779ed9,2026-08-12T02:23:17+08:00,1,5,0.05263157894736842,,,False,False,0,1,0.0,407.44,,0.0024543422043316583,60844169.0,NewFuture/DDNS,Python
tests/test_config_cli_web.py,23,callable,ok,tests.test_config_cli_web.TestWebSubcommand.test_web_handler_reads_config_interval,tests.test_config_cli_web.TestWebSubcommand.test_web_handler_reads_config_interval,d14594f14d68eecc69c09e1796cc1bffd8779ed9,2026-08-12T02:23:17+08:00,d14594f14d68eecc69c09e1796cc1bffd8779ed9,2026-08-12T02:23:17+08:00,1,5,0.1,,,False,False,0,1,0.0,407.44,,0.0024543422043316583,60844169.0,NewFuture/DDNS,Python
tests/test_config_cli_web.py,24,callable,ok,tests.test_config_cli_web.TestWebSubcommand.test_web_handler_reads_default_config_interval,tests.test_config_cli_web.TestWebSubcommand.test_web_handler_reads_default_config_interval,d14594f14d68eecc69c09e1796cc1bffd8779ed9,2026-08-12T02:23:17+08:00,d14594f14d68eecc69c09e1796cc1bffd8779ed9,2026-08-12T02:23:17+08:00,1,5,0.08333333333333333,,,False,False,0,1,0.0,407.44,,0.0024543422043316583,60844169.0,NewFuture/DDNS,Python
tests/test_config_cli_web.py,25,callable,ok,tests.test_config_cli_web.TestWebSubcommand.test_web_handler_uses_environment_config_path,tests.test_config_cli_web.TestWebSubcommand.test_web_handler_uses_environment_config_path,d14594f14d68eecc69c09e1796cc1bffd8779ed9,2026-08-12T02:23:17+08:00,d14594f14d68eecc69c09e1796cc1bffd8779ed9,2026-08-12T02:23:17+08:00,1,5,0.1111111111111111,,,False,False,0,1,0.0,407.44,,0.0024543422043316583,60844169.0,NewFuture/DDNS,Python
tests/test_config_cli_web.py,26,callable,ok,tests.test_config_cli_web.TestWebSubcommand.test_web_handler_rejects_multiple_environment_configs,tests.test_config_cli_web.TestWebSubcommand.test_web_handler_rejects_multiple_environment_configs,d14594f14d68eecc69c09e1796cc1bffd8779ed9,2026-08-12T02:23:17+08:00,d14594f14d68eecc69c09e1796cc1bffd8779ed9,2026-08-12T02:23:17+08:00,1,5,0.125,,,False,False,0,1,0.0,407.44,,0.0024543422043316583,60844169.0,NewFuture/DDNS,Python
tests/test_config_cli_web.py,27,callable,ok,tests.test_config_cli_web.TestWebSubcommand.test_web_handler_rejects_remote_environment_config,tests.test_config_cli_web.TestWebSubcommand.test_web_handler_rejects_remote_environment_config,d14594f14d68eecc69c09e1796cc1bffd8779ed9,2026-08-12T02:23:17+08:00,d14594f14d68eecc69c09e1796cc1bffd8779ed9,2026-08-12T02:23:17+08:00,1,5,0.125,,,False,False,0,1,0.0,407.44,,0.0024543422043316583,60844169.0,NewFuture/DDNS,Python
tests/test_config_cli_web.py,28,callable,ok,tests.test_config_cli_web.TestWebSubcommand.test_web_subcommand_accepts_ephemeral_port,tests.test_config_cli_web.TestWebSubcommand.test_web_subcommand_accepts_ephemeral_port,c30822bd33ebf42031b3458bacf2b947ad0ad8c7,2026-08-12T15:39:51+08:00,c30822bd33ebf42031b3458bacf2b947ad0ad8c7,2026-08-12T15:39:51+08:00,1,4,0.08333333333333333,,,False,False,0,1,0.0,407.99,,0.0024510145313672983,60844169.0,NewFuture/DDNS,Python
tests/test_config_config.py,0,class,ok,tests.test_config_config.TestSplitArrayString,tests.test_config_config.TestSplitArrayString,485e6a3e26c5aab9c6c9a7287efd24e00c9ee159,2025-07-12T11:04:25+08:00,e58daa0a80b759cb5abbfec2acfd2e7cd8593a5b,2026-08-08T11:09:51+08:00,2,401,0.047619047619047616,,,False,False,0,2,0.0,403.81,,0.004952863387043717,60844169.0,NewFuture/DDNS,Python
tests/test_config_config.py,1,class,ok,tests.test_config_config.TestConfig,tests.test_config_config.TestConfig,485e6a3e26c5aab9c6c9a7287efd24e00c9ee159,2025-07-12T11:04:25+08:00,d14594f14d68eecc69c09e1796cc1bffd8779ed9,2026-08-12T02:23:17+08:00,5,401,0.014450867052023121,0.26701736934478615,,False,False,0,5,0.0,407.44,,0.01227171102165829,60844169.0,NewFuture/DDNS,Python
tests/test_config_config.py,2,class,ok,tests.test_config_config.TestIsFalse,tests.test_config_config.TestIsFalse,485e6a3e26c5aab9c6c9a7287efd24e00c9ee159,2025-07-12T11:04:25+08:00,485e6a3e26c5aab9c6c9a7287efd24e00c9ee159,2025-07-12T11:04:25+08:00,1,401,0.058823529411764705,,,False,False,0,1,0.0,11.8,,0.08472390694883127,60844169.0,NewFuture/DDNS,Python
tests/test_config_config.py,0,callable,ok,tests.test_config_config.TestSplitArrayString.test_split_array_string_comprehensive,tests.test_config_config.TestSplitArrayString.test_split_array_string_comprehensive,485e6a3e26c5aab9c6c9a7287efd24e00c9ee159,2025-07-12T11:04:25+08:00,e58daa0a80b759cb5abbfec2acfd2e7cd8593a5b,2026-08-08T11:09:51+08:00,2,401,0.04878048780487805,,,False,False,0,2,0.0,403.81,,0.004952863387043717,60844169.0,NewFuture/DDNS,Python
tests/test_config_config.py,1,callable,ok,tests.test_config_config.TestConfig.test_config_initialization_comprehensive,tests.test_config_config.TestConfig.test_config_initialization_comprehensive,485e6a3e26c5aab9c6c9a7287efd24e00c9ee159,2025-07-12T11:04:25+08:00,e58daa0a80b759cb5abbfec2acfd2e7cd8593a5b,2026-08-08T11:09:51+08:00,3,401,0.08333333333333333,0.04059041835351304,,False,False,0,3,0.0,403.81,,0.007429295080565575,60844169.0,NewFuture/DDNS,Python
tests/test_config_config.py,2,callable,ok,tests.test_config_config.TestConfig.test_config_array_and_conversion_parameters,tests.test_config_config.TestConfig.test_config_array_and_conversion_parameters,485e6a3e26c5aab9c6c9a7287efd24e00c9ee159,2025-07-12T11:04:25+08:00,c2cad12380081d2f6fbcbc02230dc8bc7793664f,2025-07-20T18:51:40Z,2,401,0.04878048780487805,,,False,False,0,2,0.0,20.46,,0.09774761881596408,60844169.0,NewFuture/DDNS,Python
tests/test_config_config.py,3,callable,ok,tests.test_config_config.TestConfig.test_config_boolean_and_special_values,tests.test_config_config.TestConfig.test_config_boolean_and_special_values,485e6a3e26c5aab9c6c9a7287efd24e00c9ee159,2025-07-12T11:04:25+08:00,485e6a3e26c5aab9c6c9a7287efd24e00c9ee159,2025-07-12T11:04:25+08:00,1,401,0.03125,,,False,False,0,1,0.0,11.8,,0.08472390694883127,60844169.0,NewFuture/DDNS,Python
tests/test_config_config.py,4,callable,ok,tests.test_config_config.TestConfig.test_config_dict_and_utility_methods,tests.test_config_config.TestConfig.test_config_dict_and_utility_methods,485e6a3e26c5aab9c6c9a7287efd24e00c9ee159,2025-07-12T11:04:25+08:00,485e6a3e26c5aab9c6c9a7287efd24e00c9ee159,2025-07-12T11:04:25+08:00,1,401,0.047619047619047616,,,False,False,0,1,0.0,11.8,,0.08472390694883127,60844169.0,NewFuture/DDNS,Python
tests/test_config_config.py,5,callable,ok,tests.test_config_config.TestConfig.test_config_md5_and_edge_cases,tests.test_config_config.TestConfig.test_config_md5_and_edge_cases,485e6a3e26c5aab9c6c9a7287efd24e00c9ee159,2025-07-12T11:04:25+08:00,485e6a3e26c5aab9c6c9a7287efd24e00c9ee159,2025-07-12T11:04:25+08:00,1,401,0.020833333333333332,,,False,False,0,1,0.0,11.8,,0.08472390694883127,60844169.0,NewFuture/DDNS,Python
tests/test_config_config.py,6,callable,ok,tests.test_config_config.TestConfig.test_config_environment_variables_comprehensive,tests.test_config_config.TestConfig.test_config_environment_variables_comprehensive,485e6a3e26c5aab9c6c9a7287efd24e00c9ee159,2025-07-12T11:04:25+08:00,485e6a3e26c5aab9c6c9a7287efd24e00c9ee159,2025-07-12T11:04:25+08:00,1,401,0.019230769230769232,,,False,False,0,1,0.0,11.8,,0.08472390694883127,60844169.0,NewFuture/DDNS,Python
tests/test_config_config.py,7,callable,ok,tests.test_config_config.TestConfig.test_config_array_parameters_comprehensive,tests.test_config_config.TestConfig.test_config_array_parameters_comprehensive,485e6a3e26c5aab9c6c9a7287efd24e00c9ee159,2025-07-12T11:04:25+08:00,c2cad12380081d2f6fbcbc02230dc8bc7793664f,2025-07-20T18:51:40Z,2,401,0.028985507246376812,,,False,False,0,2,0.0,20.46,,0.09774761881596408,60844169.0,NewFuture/DDNS,Python
tests/test_config_config.py,8,callable,ok,tests.test_config_config.TestIsFalse.test_is_false_comprehensive,tests.test_config_config.TestIsFalse.test_is_false_comprehensive,485e6a3e26c5aab9c6c9a7287efd24e00c9ee159,2025-07-12T11:04:25+08:00,485e6a3e26c5aab9c6c9a7287efd24e00c9ee159,2025-07-12T11:04:25+08:00,1,401,0.0625,,,False,False,0,1,0.0,11.8,,0.08472390694883127,60844169.0,NewFuture/DDNS,Python
tests/test_config_config.py,9,callable,ok,tests.test_config_config.TestConfig.test_cache_max_age_validation_and_precedence,tests.test_config_config.TestConfig.test_cache_max_age_validation_and_precedence,06fceed0f7413546d3575022a19f319a796f79ef,2026-08-06T17:59:40+08:00,06fceed0f7413546d3575022a19f319a796f79ef,2026-08-06T17:59:40+08:00,1,10,0.02857142857142857,,,False,False,0,1,0.0,402.09,,0.0024869966631067687,60844169.0,NewFuture/DDNS,Python
tests/test_config_config.py,10,callable,ok,tests.test_config_config.TestConfig.test_interval_is_runtime_metadata_not_provider_extra,tests.test_config_config.TestConfig.test_interval_is_runtime_metadata_not_provider_extra,d14594f14d68eecc69c09e1796cc1bffd8779ed9,2026-08-12T02:23:17+08:00,d14594f14d68eecc69c09e1796cc1bffd8779ed9,2026-08-12T02:23:17+08:00,1,5,0.16666666666666666,,,False,False,0,1,0.0,407.44,,0.0024543422043316583,60844169.0,NewFuture/DDNS,Python
tests/test_config_env.py,0,class,ok,tests.test_config_env.TestConfigEnv,tests.test_config_env.TestConfigEnv,485e6a3e26c5aab9c6c9a7287efd24e00c9ee159,2025-07-12T11:04:25+08:00,06fceed0f7413546d3575022a19f319a796f79ef,2026-08-06T17:59:40+08:00,3,401,0.011538461538461539,0.15352863679315581,,False,False,0,3,0.0,402.09,,0.007460989989320307,60844169.0,NewFuture/DDNS,Python
tests/test_config_env.py,2,callable,ok,tests.test_config_env.TestConfigEnv._clear_test_env,tests.test_config_env.TestConfigEnv._clear_test_env,485e6a3e26c5aab9c6c9a7287efd24e00c9ee159,2025-07-12T11:04:25+08:00,485e6a3e26c5aab9c6c9a7287efd24e00c9ee159,2025-07-12T11:04:25+08:00,1,0,0.14285714285714285,,,True,False,0,1,0.0,11.8,,0.08472390694883127,60844169.0,NewFuture/DDNS,Python
tests/test_config_env.py,4,callable,ok,tests.test_config_env.TestConfigEnv._assert_proxy_value,tests.test_config_env.TestConfigEnv._assert_proxy_value,485e6a3e26c5aab9c6c9a7287efd24e00c9ee159,2025-07-12T11:04:25+08:00,485e6a3e26c5aab9c6c9a7287efd24e00c9ee159,2025-07-12T11:04:25+08:00,1,0,0.1111111111111111,,,True,False,0,1,0.0,11.8,,0.08472390694883127,60844169.0,NewFuture/DDNS,Python
tests/test_config_env.py,24,callable,ok,tests.test_config_env.TestConfigEnv.test_standard_environment_variables_integration,tests.test_config_env.TestConfigEnv.test_standard_environment_variables_integration,485e6a3e26c5aab9c6c9a7287efd24e00c9ee159,2025-07-12T11:04:25+08:00,485e6a3e26c5aab9c6c9a7287efd24e00c9ee159,2025-07-12T11:04:25+08:00,1,0,0.07142857142857142,,,True,False,0,1,0.0,11.8,,0.08472390694883127,60844169.0,NewFuture/DDNS,Python
tests/test_config_env.py,26,callable,ok,tests.test_config_env.TestConfigEnv.test_partial_standard_variable_override,tests.test_config_env.TestConfigEnv.test_partial_standard_variable_override,485e6a3e26c5aab9c6c9a7287efd24e00c9ee159,2025-07-12T11:04:25+08:00,485e6a3e26c5aab9c6c9a7287efd24e00c9ee159,2025-07-12T11:04:25+08:00,1,0,0.0625,,,True,False,0,1,0.0,11.8,,0.08472390694883127,60844169.0,NewFuture/DDNS,Python
tests/test_config_env.py,27,callable,ok,tests.test_config_env.TestConfigEnv.test_standard_env_vars_basic,tests.test_config_env.TestConfigEnv.test_standard_env_vars_basic,485e6a3e26c5aab9c6c9a7287efd24e00c9ee159,2025-07-12T11:04:25+08:00,485e6a3e26c5aab9c6c9a7287efd24e00c9ee159,2025-07-12T11:04:25+08:00,1,0,0.058823529411764705,,,True,False,0,1,0.0,11.8,,0.08472390694883127,60844169.0,NewFuture/DDNS,Python
tests/test_config_env.py,28,callable,ok,tests.test_config_env.TestConfigEnv.test_standard_env_vars_priority,tests.test_config_env.TestConfigEnv.test_standard_env_vars_priority,485e6a3e26c5aab9c6c9a7287efd24e00c9ee159,2025-07-12T11:04:25+08:00,485e6a3e26c5aab9c6c9a7287efd24e00c9ee159,2025-07-12T11:04:25+08:00,1,0,0.07692307692307693,,,True,False,0,1,0.0,11.8,,0.08472390694883127,60844169.0,NewFuture/DDNS,Python
tests/test_config_env.py,30,callable,ok,tests.test_config_env.TestConfigEnv.test_standard_env_vars_no_conflict_when_ddns_exists,tests.test_config_env.TestConfigEnv.test_standard_env_vars_no_conflict_when_ddns_exists,485e6a3e26c5aab9c6c9a7287efd24e00c9ee159,2025-07-12T11:04:25+08:00,485e6a3e26c5aab9c6c9a7287efd24e00c9ee159,2025-07-12T11:04:25+08:00,1,0,0.1111111111111111,,,True,False,0,1,0.0,11.8,,0.08472390694883127,60844169.0,NewFuture/DDNS,Python
tests/test_config_env.py,31,callable,ok,tests.test_config_env.TestConfigEnv.test_standard_env_vars_with_json_arrays,tests.test_config_env.TestConfigEnv.test_standard_env_vars_with_json_arrays,485e6a3e26c5aab9c6c9a7287efd24e00c9ee159,2025-07-12T11:04:25+08:00,485e6a3e26c5aab9c6c9a7287efd24e00c9ee159,2025-07-12T11:04:25+08:00,1,0,0.16666666666666666,,,True,False,0,1,0.0,11.8,,0.08472390694883127,60844169.0,NewFuture/DDNS,Python
tests/test_config_env.py,32,callable,ok,tests.test_config_env.TestConfigEnv.test_standard_env_vars_integration_full,tests.test_config_env.TestConfigEnv.test_standard_env_vars_integration_full,485e6a3e26c5aab9c6c9a7287efd24e00c9ee159,2025-07-12T11:04:25+08:00,485e6a3e26c5aab9c6c9a7287efd24e00c9ee159,2025-07-12T11:04:25+08:00,1,0,0.047619047619047616,,,True,False,0,1,0.0,11.8,,0.08472390694883127,60844169.0,NewFuture/DDNS,Python
tests/test_config_env.py,33,callable,ok,tests.test_config_env.TestConfigEnv.test_standard_env_vars_edge_cases,tests.test_config_env.TestConfigEnv.test_standard_env_vars_edge_cases,485e6a3e26c5aab9c6c9a7287efd24e00c9ee159,2025-07-12T11:04:25+08:00,485e6a3e26c5aab9c6c9a7287efd24e00c9ee159,2025-07-12T11:04:25+08:00,1,0,0.058823529411764705,,,True,False,0,1,0.0,11.8,,0.08472390694883127,60844169.0,NewFuture/DDNS,Python
tests/test_config_env.py,34,callable,ok,tests.test_config_env.TestConfigEnv.test_proxy_direct_default_behavior,tests.test_config_env.TestConfigEnv.test_proxy_direct_default_behavior,485e6a3e26c5aab9c6c9a7287efd24e00c9ee159,2025-07-12T11:04:25+08:00,485e6a3e26c5aab9c6c9a7287efd24e00c9ee159,2025-07-12T11:04:25+08:00,1,0,0.038461538461538464,,,True,False,0,1,0.0,11.8,,0.08472390694883127,60844169.0,NewFuture/DDNS,Python
tests/test_config_env.py,35,callable,ok,tests.test_config_env.TestConfigEnv.test_proxy_ddns_priority_over_standard,tests.test_config_env.TestConfigEnv.test_proxy_ddns_priority_over_standard,485e6a3e26c5aab9c6c9a7287efd24e00c9ee159,2025-07-12T11:04:25+08:00,485e6a3e26c5aab9c6c9a7287efd24e00c9ee159,2025-07-12T11:04:25+08:00,1,0,0.1111111111111111,,,True,False,0,1,0.0,11.8,,0.08472390694883127,60844169.0,NewFuture/DDNS,Python
tests/test_config_env.py,36,callable,ok,tests.test_config_env.TestConfigEnv.test_proxy_whitespace_handling,tests.test_config_env.TestConfigEnv.test_proxy_whitespace_handling,485e6a3e26c5aab9c6c9a7287efd24e00c9ee159,2025-07-12T11:04:25+08:00,485e6a3e26c5aab9c6c9a7287efd24e00c9ee159,2025-07-12T11:04:25+08:00,1,0,0.05555555555555555,,,True,False,0,1,0.0,11.8,,0.08472390694883127,60844169.0,NewFuture/DDNS,Python
tests/test_config_env.py,29,callable,ok,tests.test_config_env.TestConfigEnv.test_standard_env_vars_pythonhttpsverify_values,tests.test_config_env.TestConfigEnv.test_pythonhttpsverify_values,485e6a3e26c5aab9c6c9a7287efd24e00c9ee159,2025-07-12T11:04:25+08:00,c2cad12380081d2f6fbcbc02230dc8bc7793664f,2025-07-20T18:51:40Z,2,8,0.13333333333333333,,,True,True,0,2,0.0,20.46,,0.09774761881596408,60844169.0,NewFuture/DDNS,Python
tests/test_config_env.py,0,callable,ok,tests.test_config_env.TestConfigEnv.setUp,tests.test_config_env.TestConfigEnv.setUp,485e6a3e26c5aab9c6c9a7287efd24e00c9ee159,2025-07-12T11:04:25+08:00,c2cad12380081d2f6fbcbc02230dc8bc7793664f,2025-07-20T18:51:40Z,2,401,0.4,,,False,False,0,2,0.0,20.46,,0.09774761881596408,60844169.0,NewFuture/DDNS,Python
tests/test_config_env.py,1,callable,ok,tests.test_config_env.TestConfigEnv.tearDown,tests.test_config_env.TestConfigEnv.tearDown,485e6a3e26c5aab9c6c9a7287efd24e00c9ee159,2025-07-12T11:04:25+08:00,c2cad12380081d2f6fbcbc02230dc8bc7793664f,2025-07-20T18:51:40Z,2,401,0.4,,,False,False,0,2,0.0,20.46,,0.09774761881596408,60844169.0,NewFuture/DDNS,Python
tests/test_config_env.py,3,callable,ok,tests.test_config_env.TestConfigEnv._clear_standard_env,tests.test_config_env.TestConfigEnv._clear_standard_env,485e6a3e26c5aab9c6c9a7287efd24e00c9ee159,2025-07-12T11:04:25+08:00,c2cad12380081d2f6fbcbc02230dc8bc7793664f,2025-07-20T18:51:40Z,2,401,0.2857142857142857,,,False,False,0,2,0.0,20.46,,0.09774761881596408,60844169.0,NewFuture/DDNS,Python
tests/test_config_env.py,5,callable,ok,tests.test_config_env.TestConfigEnv.test_basic_string_values,tests.test_config_env.TestConfigEnv.test_basic_string_values,485e6a3e26c5aab9c6c9a7287efd24e00c9ee159,2025-07-12T11:04:25+08:00,c2cad12380081d2f6fbcbc02230dc8bc7793664f,2025-07-20T18:51:40Z,2,401,0.2,,,False,False,0,2,0.0,20.46,,0.09774761881596408,60844169.0,NewFuture/DDNS,Python
tests/test_config_env.py,6,callable,ok,tests.test_config_env.TestConfigEnv.test_json_array_conversion,tests.test_config_env.TestConfigEnv.test_json_array_conversion,485e6a3e26c5aab9c6c9a7287efd24e00c9ee159,2025-07-12T11:04:25+08:00,c2cad12380081d2f6fbcbc02230dc8bc7793664f,2025-07-20T18:51:40Z,2,401,0.25,,,False,False,0,2,0.0,20.46,,0.09774761881596408,60844169.0,NewFuture/DDNS,Python
tests/test_config_env.py,7,callable,ok,tests.test_config_env.TestConfigEnv.test_regular_comma_values_kept_as_string,tests.test_config_env.TestConfigEnv.test_regular_comma_values_kept_as_string,485e6a3e26c5aab9c6c9a7287efd24e00c9ee159,2025-07-12T11:04:25+08:00,c2cad12380081d2f6fbcbc02230dc8bc7793664f,2025-07-20T18:51:40Z,2,401,0.4,,,False,False,0,2,0.0,20.46,,0.09774761881596408,60844169.0,NewFuture/DDNS,Python
tests/test_config_env.py,8,callable,ok,tests.test_config_env.TestConfigEnv.test_key_normalization,tests.test_config_env.TestConfigEnv.test_key_normalization,485e6a3e26c5aab9c6c9a7287efd24e00c9ee159,2025-07-12T11:04:25+08:00,c2cad12380081d2f6fbcbc02230dc8bc7793664f,2025-07-20T18:51:40Z,2,401,0.25,,,False,False,0,2,0.0,20.46,,0.09774761881596408,60844169.0,NewFuture/DDNS,Python
tests/test_config_env.py,9,callable,ok,tests.test_config_env.TestConfigEnv.test_custom_prefix,tests.test_config_env.TestConfigEnv.test_custom_prefix,485e6a3e26c5aab9c6c9a7287efd24e00c9ee159,2025-07-12T11:04:25+08:00,c2cad12380081d2f6fbcbc02230dc8bc7793664f,2025-07-20T18:51:40Z,2,401,0.16666666666666666,,,False,False,0,2,0.0,20.46,,0.09774761881596408,60844169.0,NewFuture/DDNS,Python
tests/test_config_env.py,10,callable,ok,tests.test_config_env.TestConfigEnv.test_empty_prefix,tests.test_config_env.TestConfigEnv.test_empty_prefix,485e6a3e26c5aab9c6c9a7287efd24e00c9ee159,2025-07-12T11:04:25+08:00,c2cad12380081d2f6fbcbc02230dc8bc7793664f,2025-07-20T18:51:40Z,2,401,0.3333333333333333,,,False,False,0,2,0.0,20.46,,0.09774761881596408,60844169.0,NewFuture/DDNS,Python
tests/test_config_env.py,11,callable,ok,tests.test_config_env.TestConfigEnv.test_edge_cases,tests.test_config_env.TestConfigEnv.test_edge_cases,485e6a3e26c5aab9c6c9a7287efd24e00c9ee159,2025-07-12T11:04:25+08:00,c2cad12380081d2f6fbcbc02230dc8bc7793664f,2025-07-20T18:51:40Z,2,401,0.2222222222222222,,,False,False,0,2,0.0,20.46,,0.09774761881596408,60844169.0,NewFuture/DDNS,Python
tests/test_config_env.py,12,callable,ok,tests.test_config_env.TestConfigEnv.test_invalid_json_array,tests.test_config_env.TestConfigEnv.test_invalid_json_array,485e6a3e26c5aab9c6c9a7287efd24e00c9ee159,2025-07-12T11:04:25+08:00,c2cad12380081d2f6fbcbc02230dc8bc7793664f,2025-07-20T18:51:40Z,2,401,0.4,,,False,False,0,2,0.0,20.46,,0.09774761881596408,60844169.0,NewFuture/DDNS,Python
tests/test_config_env.py,13,callable,ok,tests.test_config_env.TestConfigEnv.test_empty_values_remain_as_strings,tests.test_config_env.TestConfigEnv.test_empty_values_remain_as_strings,485e6a3e26c5aab9c6c9a7287efd24e00c9ee159,2025-07-12T11:04:25+08:00,c2cad12380081d2f6fbcbc02230dc8bc7793664f,2025-07-20T18:51:40Z,2,401,0.4,,,False,False,0,2,0.0,20.46,,0.09774761881596408,60844169.0,NewFuture/DDNS,Python
tests/test_config_env.py,14,callable,ok,tests.test_config_env.TestConfigEnv.test_json_array_edge_cases,tests.test_config_env.TestConfigEnv.test_json_array_edge_cases,485e6a3e26c5aab9c6c9a7287efd24e00c9ee159,2025-07-12T11:04:25+08:00,c2cad12380081d2f6fbcbc02230dc8bc7793664f,2025-07-20T18:51:40Z,2,401,0.15384615384615385,,,False,False,0,2,0.0,20.46,,0.09774761881596408,60844169.0,NewFuture/DDNS,Python
tests/test_config_env.py,15,callable,ok,tests.test_config_env.TestConfigEnv.test_malformed_json_arrays,tests.test_config_env.TestConfigEnv.test_malformed_json_arrays,485e6a3e26c5aab9c6c9a7287efd24e00c9ee159,2025-07-12T11:04:25+08:00,c2cad12380081d2f6fbcbc02230dc8bc7793664f,2025-07-20T18:51:40Z,2,401,0.16666666666666666,,,False,False,0,2,0.0,20.46,,0.09774761881596408,60844169.0,NewFuture/DDNS,Python
tests/test_config_env.py,16,callable,ok,tests.test_config_env.TestConfigEnv.test_case_insensitive_prefix_matching,tests.test_config_env.TestConfigEnv.test_case_insensitive_prefix_matching,485e6a3e26c5aab9c6c9a7287efd24e00c9ee159,2025-07-12T11:04:25+08:00,c2cad12380081d2f6fbcbc02230dc8bc7793664f,2025-07-20T18:51:40Z,2,401,0.25,,,False,False,0,2,0.0,20.46,,0.09774761881596408,60844169.0,NewFuture/DDNS,Python
tests/test_config_env.py,17,callable,ok,tests.test_config_env.TestConfigEnv.test_special_characters_in_values,tests.test_config_env.TestConfigEnv.test_special_characters_in_values,485e6a3e26c5aab9c6c9a7287efd24e00c9ee159,2025-07-12T11:04:25+08:00,c2cad12380081d2f6fbcbc02230dc8bc7793664f,2025-07-20T18:51:40Z,2,401,0.16666666666666666,,,False,False,0,2,0.0,20.46,,0.09774761881596408,60844169.0,NewFuture/DDNS,Python
tests/test_config_env.py,18,callable,ok,tests.test_config_env.TestConfigEnv.test_numeric_and_boolean_strings,tests.test_config_env.TestConfigEnv.test_numeric_and_boolean_strings,485e6a3e26c5aab9c6c9a7287efd24e00c9ee159,2025-07-12T11:04:25+08:00,c2cad12380081d2f6fbcbc02230dc8bc7793664f,2025-07-20T18:51:40Z,2,401,0.15384615384615385,,,False,False,0,2,0.0,20.46,,0.09774761881596408,60844169.0,NewFuture/DDNS,Python
tests/test_config_env.py,19,callable,ok,tests.test_config_env.TestConfigEnv.test_dot_to_underscore_conversion,tests.test_config_env.TestConfigEnv.test_dot_to_underscore_conversion,485e6a3e26c5aab9c6c9a7287efd24e00c9ee159,2025-07-12T11:04:25+08:00,c2cad12380081d2f6fbcbc02230dc8bc7793664f,2025-07-20T18:51:40Z,2,401,0.25,,,False,False,0,2,0.0,20.46,,0.09774761881596408,60844169.0,NewFuture/DDNS,Python
tests/test_config_env.py,20,callable,ok,tests.test_config_env.TestConfigEnv.test_no_matching_environment_variables,tests.test_config_env.TestConfigEnv.test_no_matching_environment_variables,485e6a3e26c5aab9c6c9a7287efd24e00c9ee159,2025-07-12T11:04:25+08:00,c2cad12380081d2f6fbcbc02230dc8bc7793664f,2025-07-20T18:51:40Z,2,401,0.5,,,False,False,0,2,0.0,20.46,,0.09774761881596408,60844169.0,NewFuture/DDNS,Python
tests/test_config_env.py,21,callable,ok,tests.test_config_env.TestConfigEnv.test_mixed_params_config,tests.test_config_env.TestConfigEnv.test_mixed_params_config,485e6a3e26c5aab9c6c9a7287efd24e00c9ee159,2025-07-12T11:04:25+08:00,c2cad12380081d2f6fbcbc02230dc8bc7793664f,2025-07-20T18:51:40Z,2,401,0.16666666666666666,,,False,False,0,2,0.0,20.46,,0.09774761881596408,60844169.0,NewFuture/DDNS,Python
tests/test_config_env.py,22,callable,ok,tests.test_config_env.TestConfigEnv.test_configuration_consistency,tests.test_config_env.TestConfigEnv.test_configuration_consistency,485e6a3e26c5aab9c6c9a7287efd24e00c9ee159,2025-07-12T11:04:25+08:00,c2cad12380081d2f6fbcbc02230dc8bc7793664f,2025-07-20T18:51:40Z,2,401,0.2222222222222222,,,False,False,0,2,0.0,20.46,,0.09774761881596408,60844169.0,NewFuture/DDNS,Python
tests/test_config_env.py,23,callable,ok,tests.test_config_env.TestConfigEnv.test_whitespace_stripping,tests.test_config_env.TestConfigEnv.test_whitespace_stripping,485e6a3e26c5aab9c6c9a7287efd24e00c9ee159,2025-07-12T11:04:25+08:00,c2cad12380081d2f6fbcbc02230dc8bc7793664f,2025-07-20T18:51:40Z,2,401,0.15384615384615385,,,False,False,0,2,0.0,20.46,,0.09774761881596408,60844169.0,NewFuture/DDNS,Python
tests/test_config_env.py,25,callable,ok,tests.test_config_env.TestConfigEnv.test_ddns_variables_override_standard_vars,tests.test_config_env.TestConfigEnv.test_ddns_variables_override_standard_vars,485e6a3e26c5aab9c6c9a7287efd24e00c9ee159,2025-07-12T11:04:25+08:00,c2cad12380081d2f6fbcbc02230dc8bc7793664f,2025-07-20T18:51:40Z,2,401,0.11764705882352941,,,False,False,0,2,0.0,20.46,,0.09774761881596408,60844169.0,NewFuture/DDNS,Python
tests/test_config_env.py,37,callable,ok,tests.test_config_env.TestConfigEnv._clear_env_prefix,tests.test_config_env.TestConfigEnv._clear_env_prefix,c2cad12380081d2f6fbcbc02230dc8bc7793664f,2025-07-20T18:51:40Z,c2cad12380081d2f6fbcbc02230dc8bc7793664f,2025-07-20T18:51:40Z,1,392,0.14285714285714285,,,False,False,0,1,0.0,20.46,,0.04887380940798204,60844169.0,NewFuture/DDNS,Python
tests/test_config_env.py,38,callable,ok,tests.test_config_env.TestConfigEnv.test_ddns_proxy_basic,tests.test_config_env.TestConfigEnv.test_ddns_proxy_basic,c2cad12380081d2f6fbcbc02230dc8bc7793664f,2025-07-20T18:51:40Z,c2cad12380081d2f6fbcbc02230dc8bc7793664f,2025-07-20T18:51:40Z,1,392,0.16666666666666666,,,False,False,0,1,0.0,20.46,,0.04887380940798204,60844169.0,NewFuture/DDNS,Python
tests/test_config_env.py,39,callable,ok,tests.test_config_env.TestConfigEnv.test_pythonhttpsverify_values,tests.test_config_env.TestConfigEnv.test_pythonhttpsverify_values,f7a92b390378437e1f8be366a4e93a68f5f8ce60,2025-08-09T11:29:35+08:00,f7a92b390378437e1f8be366a4e93a68f5f8ce60,2025-08-09T11:29:35+08:00,1,373,0.1111111111111111,,,False,False,0,1,0.0,39.82,,0.025112680072303592,60844169.0,NewFuture/DDNS,Python
tests/test_config_env.py,40,callable,ok,tests.test_config_env.TestConfigEnv.test_ddns_cache_max_age,tests.test_config_env.TestConfigEnv.test_ddns_cache_max_age,06fceed0f7413546d3575022a19f319a796f79ef,2026-08-06T17:59:40+08:00,06fceed0f7413546d3575022a19f319a796f79ef,2026-08-06T17:59:40+08:00,1,10,0.125,,,False,False,0,1,0.0,402.09,,0.0024869966631067687,60844169.0,NewFuture/DDNS,Python
tests/test_config_env_extra.py,0,class,ok,tests.test_config_env_extra.TestEnvExtraFields,tests.test_config_env_extra.TestEnvExtraFields,1600e57aff994e751c31305bcebf0580348ce248,2025-10-13T17:06:56+08:00,1600e57aff994e751c31305bcebf0580348ce248,2025-10-13T17:06:56+08:00,1,307,0.007692307692307693,,,False,False,0,1,0.0,105.05,,0.009518842350122852,60844169.0,NewFuture/DDNS,Python
tests/test_config_env_extra.py,0,callable,ok,tests.test_config_env_extra.TestEnvExtraFields.setUp,tests.test_config_env_extra.TestEnvExtraFields.setUp,1600e57aff994e751c31305bcebf0580348ce248,2025-10-13T17:06:56+08:00,1600e57aff994e751c31305bcebf0580348ce248,2025-10-13T17:06:56+08:00,1,307,0.3333333333333333,,,False,False,0,1,0.0,105.05,,0.009518842350122852,60844169.0,NewFuture/DDNS,Python
tests/test_config_env_extra.py,1,callable,ok,tests.test_config_env_extra.TestEnvExtraFields.tearDown,tests.test_config_env_extra.TestEnvExtraFields.tearDown,1600e57aff994e751c31305bcebf0580348ce248,2025-10-13T17:06:56+08:00,1600e57aff994e751c31305bcebf0580348ce248,2025-10-13T17:06:56+08:00,1,307,0.3333333333333333,,,False,False,0,1,0.0,105.05,,0.009518842350122852,60844169.0,NewFuture/DDNS,Python
tests/test_config_env_extra.py,2,callable,ok,tests.test_config_env_extra.TestEnvExtraFields._clear_env_prefix,tests.test_config_env_extra.TestEnvExtraFields._clear_env_prefix,1600e57aff994e751c31305bcebf0580348ce248,2025-10-13T17:06:56+08:00,1600e57aff994e751c31305bcebf0580348ce248,2025-10-13T17:06:56+08:00,1,307,0.16666666666666666,,,False,False,0,1,0.0,105.05,,0.009518842350122852,60844169.0,NewFuture/DDNS,Python
tests/test_config_env_extra.py,3,callable,ok,tests.test_config_env_extra.TestEnvExtraFields.test_env_extra_single_field,tests.test_config_env_extra.TestEnvExtraFields.test_env_extra_single_field,1600e57aff994e751c31305bcebf0580348ce248,2025-10-13T17:06:56+08:00,1600e57aff994e751c31305bcebf0580348ce248,2025-10-13T17:06:56+08:00,1,307,0.125,,,False,False,0,1,0.0,105.05,,0.009518842350122852,60844169.0,NewFuture/DDNS,Python
tests/test_config_env_extra.py,4,callable,ok,tests.test_config_env_extra.TestEnvExtraFields.test_env_extra_multiple_fields,tests.test_config_env_extra.TestEnvExtraFields.test_env_extra_multiple_fields,1600e57aff994e751c31305bcebf0580348ce248,2025-10-13T17:06:56+08:00,1600e57aff994e751c31305bcebf0580348ce248,2025-10-13T17:06:56+08:00,1,307,0.08333333333333333,,,False,False,0,1,0.0,105.05,,0.009518842350122852,60844169.0,NewFuture/DDNS,Python
tests/test_config_env_extra.py,5,callable,ok,tests.test_config_env_extra.TestEnvExtraFields.test_env_extra_with_standard_vars,tests.test_config_env_extra.TestEnvExtraFields.test_env_extra_with_standard_vars,1600e57aff994e751c31305bcebf0580348ce248,2025-10-13T17:06:56+08:00,1600e57aff994e751c31305bcebf0580348ce248,2025-10-13T17:06:56+08:00,1,307,0.07142857142857142,,,False,False,0,1,0.0,105.05,,0.009518842350122852,60844169.0,NewFuture/DDNS,Python
tests/test_config_env_extra.py,6,callable,ok,tests.test_config_env_extra.TestEnvExtraFields.test_env_extra_case_insensitive,tests.test_config_env_extra.TestEnvExtraFields.test_env_extra_case_insensitive,1600e57aff994e751c31305bcebf0580348ce248,2025-10-13T17:06:56+08:00,1600e57aff994e751c31305bcebf0580348ce248,2025-10-13T17:06:56+08:00,1,307,0.1,,,False,False,0,1,0.0,105.05,,0.009518842350122852,60844169.0,NewFuture/DDNS,Python
tests/test_config_env_extra.py,7,callable,ok,tests.test_config_env_extra.TestEnvExtraFields.test_env_extra_with_underscores,tests.test_config_env_extra.TestEnvExtraFields.test_env_extra_with_underscores,1600e57aff994e751c31305bcebf0580348ce248,2025-10-13T17:06:56+08:00,1600e57aff994e751c31305bcebf0580348ce248,2025-10-13T17:06:56+08:00,1,307,0.125,,,False,False,0,1,0.0,105.05,,0.009518842350122852,60844169.0,NewFuture/DDNS,Python
tests/test_config_env_extra.py,8,callable,ok,tests.test_config_env_extra.TestEnvExtraFields.test_env_extra_with_dots,tests.test_config_env_extra.TestEnvExtraFields.test_env_extra_with_dots,1600e57aff994e751c31305bcebf0580348ce248,2025-10-13T17:06:56+08:00,1600e57aff994e751c31305bcebf0580348ce248,2025-10-13T17:06:56+08:00,1,307,0.1111111111111111,,,False,False,0,1,0.0,105.05,,0.009518842350122852,60844169.0,NewFuture/DDNS,Python
tests/test_config_env_extra.py,9,callable,ok,tests.test_config_env_extra.TestEnvExtraFields.test_env_extra_numeric_values,tests.test_config_env_extra.TestEnvExtraFields.test_env_extra_numeric_values,1600e57aff994e751c31305bcebf0580348ce248,2025-10-13T17:06:56+08:00,1600e57aff994e751c31305bcebf0580348ce248,2025-10-13T17:06:56+08:00,1,307,0.125,,,False,False,0,1,0.0,105.05,,0.009518842350122852,60844169.0,NewFuture/DDNS,Python
tests/test_config_env_extra.py,10,callable,ok,tests.test_config_env_extra.TestEnvExtraFields.test_env_extra_empty_value,tests.test_config_env_extra.TestEnvExtraFields.test_env_extra_empty_value,1600e57aff994e751c31305bcebf0580348ce248,2025-10-13T17:06:56+08:00,1600e57aff994e751c31305bcebf0580348ce248,2025-10-13T17:06:56+08:00,1,307,0.16666666666666666,,,False,False,0,1,0.0,105.05,,0.009518842350122852,60844169.0,NewFuture/DDNS,Python
tests/test_config_env_extra.py,11,callable,ok,tests.test_config_env_extra.TestEnvExtraFields.test_env_no_extra_vars,tests.test_config_env_extra.TestEnvExtraFields.test_env_no_extra_vars,1600e57aff994e751c31305bcebf0580348ce248,2025-10-13T17:06:56+08:00,1600e57aff994e751c31305bcebf0580348ce248,2025-10-13T17:06:56+08:00,1,307,0.06666666666666667,,,False,False,0,1,0.0,105.05,,0.009518842350122852,60844169.0,NewFuture/DDNS,Python
tests/test_config_env_extra.py,12,callable,ok,tests.test_config_env_extra.TestEnvExtraFields.test_env_extra_json_array,tests.test_config_env_extra.TestEnvExtraFields.test_env_extra_json_array,1600e57aff994e751c31305bcebf0580348ce248,2025-10-13T17:06:56+08:00,1600e57aff994e751c31305bcebf0580348ce248,2025-10-13T17:06:56+08:00,1,307,0.16666666666666666,,,False,False,0,1,0.0,105.05,,0.009518842350122852,60844169.0,NewFuture/DDNS,Python
tests/test_config_env_extra.py,13,callable,ok,tests.test_config_env_extra.TestEnvExtraFields.test_env_extra_special_characters,tests.test_config_env_extra.TestEnvExtraFields.test_env_extra_special_characters,1600e57aff994e751c31305bcebf0580348ce248,2025-10-13T17:06:56+08:00,1600e57aff994e751c31305bcebf0580348ce248,2025-10-13T17:06:56+08:00,1,307,0.16666666666666666,,,False,False,0,1,0.0,105.05,,0.009518842350122852,60844169.0,NewFuture/DDNS,Python
tests/test_config_extra.py,0,class,ok,tests.test_config_extra.TestConfigExtra,tests.test_config_extra.TestConfigExtra,1600e57aff994e751c31305bcebf0580348ce248,2025-10-13T17:06:56+08:00,ae5e9d0dc82b9aad72f5e62e540c9c0aca56402f,2025-11-03T08:14:21Z,2,307,0.00796812749003984,,,False,False,0,2,0.0,126.02,,0.015870713931391674,60844169.0,NewFuture/DDNS,Python
tests/test_config_extra.py,0,callable,ok,tests.test_config_extra.TestConfigExtra.test_extra_from_cli,tests.test_config_extra.TestConfigExtra.test_extra_from_cli,1600e57aff994e751c31305bcebf0580348ce248,2025-10-13T17:06:56+08:00,1600e57aff994e751c31305bcebf0580348ce248,2025-10-13T17:06:56+08:00,1,307,0.06666666666666667,,,False,False,0,1,0.0,105.05,,0.009518842350122852,60844169.0,NewFuture/DDNS,Python
tests/test_config_extra.py,1,callable,ok,tests.test_config_extra.TestConfigExtra.test_extra_from_json,tests.test_config_extra.TestConfigExtra.test_extra_from_json,1600e57aff994e751c31305bcebf0580348ce248,2025-10-13T17:06:56+08:00,1600e57aff994e751c31305bcebf0580348ce248,2025-10-13T17:06:56+08:00,1,307,0.058823529411764705,,,False,False,0,1,0.0,105.05,,0.009518842350122852,60844169.0,NewFuture/DDNS,Python
tests/test_config_extra.py,2,callable,ok,tests.test_config_extra.TestConfigExtra.test_extra_from_json_undefined_fields,tests.test_config_extra.TestConfigExtra.test_extra_from_json_undefined_fields,1600e57aff994e751c31305bcebf0580348ce248,2025-10-13T17:06:56+08:00,1600e57aff994e751c31305bcebf0580348ce248,2025-10-13T17:06:56+08:00,1,307,0.08333333333333333,,,False,False,0,1,0.0,105.05,,0.009518842350122852,60844169.0,NewFuture/DDNS,Python
tests/test_config_extra.py,3,callable,ok,tests.test_config_extra.TestConfigExtra.test_extra_from_env,tests.test_config_extra.TestConfigExtra.test_extra_from_env,1600e57aff994e751c31305bcebf0580348ce248,2025-10-13T17:06:56+08:00,1600e57aff994e751c31305bcebf0580348ce248,2025-10-13T17:06:56+08:00,1,307,0.09090909090909091,,,False,False,0,1,0.0,105.05,,0.009518842350122852,60844169.0,NewFuture/DDNS,Python
tests/test_config_extra.py,4,callable,ok,tests.test_config_extra.TestConfigExtra.test_extra_from_env_undefined_fields,tests.test_config_extra.TestConfigExtra.test_extra_from_env_undefined_fields,1600e57aff994e751c31305bcebf0580348ce248,2025-10-13T17:06:56+08:00,1600e57aff994e751c31305bcebf0580348ce248,2025-10-13T17:06:56+08:00,1,307,0.09090909090909091,,,False,False,0,1,0.0,105.05,,0.009518842350122852,60844169.0,NewFuture/DDNS,Python
tests/test_config_extra.py,5,callable,ok,tests.test_config_extra.TestConfigExtra.test_extra_priority_cli_over_json,tests.test_config_extra.TestConfigExtra.test_extra_priority_cli_over_json,1600e57aff994e751c31305bcebf0580348ce248,2025-10-13T17:06:56+08:00,1600e57aff994e751c31305bcebf0580348ce248,2025-10-13T17:06:56+08:00,1,307,0.058823529411764705,,,False,False,0,1,0.0,105.05,,0.009518842350122852,60844169.0,NewFuture/DDNS,Python
tests/test_config_extra.py,6,callable,ok,tests.test_config_extra.TestConfigExtra.test_extra_priority_json_over_env,tests.test_config_extra.TestConfigExtra.test_extra_priority_json_over_env,1600e57aff994e751c31305bcebf0580348ce248,2025-10-13T17:06:56+08:00,1600e57aff994e751c31305bcebf0580348ce248,2025-10-13T17:06:56+08:00,1,307,0.058823529411764705,,,False,False,0,1,0.0,105.05,,0.009518842350122852,60844169.0,NewFuture/DDNS,Python
tests/test_config_extra.py,7,callable,ok,tests.test_config_extra.TestConfigExtra.test_extra_priority_all_sources,tests.test_config_extra.TestConfigExtra.test_extra_priority_all_sources,1600e57aff994e751c31305bcebf0580348ce248,2025-10-13T17:06:56+08:00,1600e57aff994e751c31305bcebf0580348ce248,2025-10-13T17:06:56+08:00,1,307,0.05,,,False,False,0,1,0.0,105.05,,0.009518842350122852,60844169.0,NewFuture/DDNS,Python
tests/test_config_extra.py,8,callable,ok,tests.test_config_extra.TestConfigExtra.test_extra_empty_by_default,tests.test_config_extra.TestConfigExtra.test_extra_empty_by_default,1600e57aff994e751c31305bcebf0580348ce248,2025-10-13T17:06:56+08:00,1600e57aff994e751c31305bcebf0580348ce248,2025-10-13T17:06:56+08:00,1,307,0.2,,,False,False,0,1,0.0,105.05,,0.009518842350122852,60844169.0,NewFuture/DDNS,Python
tests/test_config_extra.py,9,callable,ok,tests.test_config_extra.TestConfigExtra.test_extra_does_not_include_known_fields,tests.test_config_extra.TestConfigExtra.test_extra_does_not_include_known_fields,1600e57aff994e751c31305bcebf0580348ce248,2025-10-13T17:06:56+08:00,1600e57aff994e751c31305bcebf0580348ce248,2025-10-13T17:06:56+08:00,1,307,0.058823529411764705,,,False,False,0,1,0.0,105.05,,0.009518842350122852,60844169.0,NewFuture/DDNS,Python
tests/test_config_extra.py,10,callable,ok,tests.test_config_extra.TestConfigExtra.test_extra_with_json_extra_object_and_undefined_fields,tests.test_config_extra.TestConfigExtra.test_extra_with_json_extra_object_and_undefined_fields,1600e57aff994e751c31305bcebf0580348ce248,2025-10-13T17:06:56+08:00,1600e57aff994e751c31305bcebf0580348ce248,2025-10-13T17:06:56+08:00,1,307,0.058823529411764705,,,False,False,0,1,0.0,105.05,,0.009518842350122852,60844169.0,NewFuture/DDNS,Python
tests/test_config_extra.py,11,callable,ok,tests.test_config_extra.TestConfigExtra.test_extra_in_md5_hash,tests.test_config_extra.TestConfigExtra.test_extra_in_md5_hash,1600e57aff994e751c31305bcebf0580348ce248,2025-10-13T17:06:56+08:00,1600e57aff994e751c31305bcebf0580348ce248,2025-10-13T17:06:56+08:00,1,307,0.1,,,False,False,0,1,0.0,105.05,,0.009518842350122852,60844169.0,NewFuture/DDNS,Python
tests/test_config_extra.py,12,callable,ok,tests.test_config_extra.TestConfigExtra.test_extra_with_complex_values,tests.test_config_extra.TestConfigExtra.test_extra_with_complex_values,1600e57aff994e751c31305bcebf0580348ce248,2025-10-13T17:06:56+08:00,1600e57aff994e751c31305bcebf0580348ce248,2025-10-13T17:06:56+08:00,1,307,0.0625,,,False,False,0,1,0.0,105.05,,0.009518842350122852,60844169.0,NewFuture/DDNS,Python
tests/test_config_extra.py,13,callable,ok,tests.test_config_extra.TestConfigExtra.test_extra_env_with_extra_object,tests.test_config_extra.TestConfigExtra.test_extra_env_with_extra_object,1600e57aff994e751c31305bcebf0580348ce248,2025-10-13T17:06:56+08:00,1600e57aff994e751c31305bcebf0580348ce248,2025-10-13T17:06:56+08:00,1,307,0.08333333333333333,,,False,False,0,1,0.0,105.05,,0.009518842350122852,60844169.0,NewFuture/DDNS,Python
tests/test_config_extra.py,14,callable,ok,tests.test_config_extra.TestConfigExtra.test_extra_mixed_prefix_and_object,tests.test_config_extra.TestConfigExtra.test_extra_mixed_prefix_and_object,1600e57aff994e751c31305bcebf0580348ce248,2025-10-13T17:06:56+08:00,1600e57aff994e751c31305bcebf0580348ce248,2025-10-13T17:06:56+08:00,1,307,0.0625,,,False,False,0,1,0.0,105.05,,0.009518842350122852,60844169.0,NewFuture/DDNS,Python
tests/test_config_extra.py,15,callable,ok,tests.test_config_extra.TestConfigExtra.test_extra_does_not_include_schema_field,tests.test_config_extra.TestConfigExtra.test_extra_does_not_include_schema_field,ae5e9d0dc82b9aad72f5e62e540c9c0aca56402f,2025-11-03T08:14:21Z,ae5e9d0dc82b9aad72f5e62e540c9c0aca56402f,2025-11-03T08:14:21Z,1,286,0.05,,,False,False,0,1,0.0,126.02,,0.007935356965695837,60844169.0,NewFuture/DDNS,Python
tests/test_config_file.py,0,class,ok,tests.test_config_file.TestConfigFile,tests.test_config_file.TestConfigFile,485e6a3e26c5aab9c6c9a7287efd24e00c9ee159,2025-07-12T11:04:25+08:00,d14594f14d68eecc69c09e1796cc1bffd8779ed9,2026-08-12T02:23:17+08:00,6,401,0.00819672131147541,0.5174972427532356,,False,False,0,6,0.0,407.44,,0.01472605322598995,60844169.0,NewFuture/DDNS,Python
tests/test_config_file.py,0,callable,ok,tests.test_config_file.TestConfigFile.setUp,tests.test_config_file.TestConfigFile.setUp,485e6a3e26c5aab9c6c9a7287efd24e00c9ee159,2025-07-12T11:04:25+08:00,96b4ca2e0c55a21eb88a7ec2bbdf1dd75be10baf,2025-07-18T02:54:09+08:00,2,401,0.18181818181818182,,,False,False,0,2,0.0,17.46,,0.11453060678023842,60844169.0,NewFuture/DDNS,Python
tests/test_config_file.py,1,callable,ok,tests.test_config_file.TestConfigFile.tearDown,tests.test_config_file.TestConfigFile.tearDown,485e6a3e26c5aab9c6c9a7287efd24e00c9ee159,2025-07-12T11:04:25+08:00,485e6a3e26c5aab9c6c9a7287efd24e00c9ee159,2025-07-12T11:04:25+08:00,1,401,0.25,,,False,False,0,1,0.0,11.8,,0.08472390694883127,60844169.0,NewFuture/DDNS,Python
tests/test_config_file.py,2,callable,ok,tests.test_config_file.TestConfigFile.create_test_file,tests.test_config_file.TestConfigFile.create_test_file,485e6a3e26c5aab9c6c9a7287efd24e00c9ee159,2025-07-12T11:04:25+08:00,485e6a3e26c5aab9c6c9a7287efd24e00c9ee159,2025-07-12T11:04:25+08:00,1,401,0.07692307692307693,,,False,False,0,1,0.0,11.8,,0.08472390694883127,60844169.0,NewFuture/DDNS,Python
tests/test_config_file.py,3,callable,ok,tests.test_config_file.TestConfigFile.test_load_config_json_parsing,tests.test_config_file.TestConfigFile.test_load_config_json_parsing,485e6a3e26c5aab9c6c9a7287efd24e00c9ee159,2025-07-12T11:04:25+08:00,485e6a3e26c5aab9c6c9a7287efd24e00c9ee159,2025-07-12T11:04:25+08:00,1,401,0.1111111111111111,,,False,False,0,1,0.0,11.8,,0.08472390694883127,60844169.0,NewFuture/DDNS,Python
tests/test_config_file.py,4,callable,ok,tests.test_config_file.TestConfigFile.test_load_config_ast_parsing,tests.test_config_file.TestConfigFile.test_load_config_ast_parsing,485e6a3e26c5aab9c6c9a7287efd24e00c9ee159,2025-07-12T11:04:25+08:00,485e6a3e26c5aab9c6c9a7287efd24e00c9ee159,2025-07-12T11:04:25+08:00,1,401,0.1111111111111111,,,False,False,0,1,0.0,11.8,,0.08472390694883127,60844169.0,NewFuture/DDNS,Python
tests/test_config_file.py,5,callable,ok,tests.test_config_file.TestConfigFile.test_load_config_json_to_ast_fallback,tests.test_config_file.TestConfigFile.test_load_config_json_to_ast_fallback,485e6a3e26c5aab9c6c9a7287efd24e00c9ee159,2025-07-12T11:04:25+08:00,485e6a3e26c5aab9c6c9a7287efd24e00c9ee159,2025-07-12T11:04:25+08:00,1,401,0.041666666666666664,,,False,False,0,1,0.0,11.8,,0.08472390694883127,60844169.0,NewFuture/DDNS,Python
tests/test_config_file.py,6,callable,ok,tests.test_config_file.TestConfigFile.test_load_config_with_arrays,tests.test_config_file.TestConfigFile.test_load_config_with_arrays,485e6a3e26c5aab9c6c9a7287efd24e00c9ee159,2025-07-12T11:04:25+08:00,485e6a3e26c5aab9c6c9a7287efd24e00c9ee159,2025-07-12T11:04:25+08:00,1,401,0.043478260869565216,,,False,False,0,1,0.0,11.8,,0.08472390694883127,60844169.0,NewFuture/DDNS,Python
tests/test_config_file.py,7,callable,ok,tests.test_config_file.TestConfigFile.test_load_config_with_nested_objects_flattening,tests.test_config_file.TestConfigFile.test_load_config_with_nested_objects_flattening,485e6a3e26c5aab9c6c9a7287efd24e00c9ee159,2025-07-12T11:04:25+08:00,485e6a3e26c5aab9c6c9a7287efd24e00c9ee159,2025-07-12T11:04:25+08:00,1,401,0.03225806451612903,,,False,False,0,1,0.0,11.8,,0.08472390694883127,60844169.0,NewFuture/DDNS,Python
tests/test_config_file.py,8,callable,ok,tests.test_config_file.TestConfigFile.test_load_config_boolean_and_null_values,tests.test_config_file.TestConfigFile.test_load_config_boolean_and_null_values,485e6a3e26c5aab9c6c9a7287efd24e00c9ee159,2025-07-12T11:04:25+08:00,485e6a3e26c5aab9c6c9a7287efd24e00c9ee159,2025-07-12T11:04:25+08:00,1,401,0.045454545454545456,,,False,False,0,1,0.0,11.8,,0.08472390694883127,60844169.0,NewFuture/DDNS,Python
tests/test_config_file.py,9,callable,ok,tests.test_config_file.TestConfigFile.test_load_config_special_prefixes,tests.test_config_file.TestConfigFile.test_load_config_special_prefixes,485e6a3e26c5aab9c6c9a7287efd24e00c9ee159,2025-07-12T11:04:25+08:00,485e6a3e26c5aab9c6c9a7287efd24e00c9ee159,2025-07-12T11:04:25+08:00,1,401,0.07142857142857142,,,False,False,0,1,0.0,11.8,,0.08472390694883127,60844169.0,NewFuture/DDNS,Python
tests/test_config_file.py,10,callable,ok,tests.test_config_file.TestConfigFile.test_load_config_unicode_and_special_chars,tests.test_config_file.TestConfigFile.test_load_config_unicode_and_special_chars,485e6a3e26c5aab9c6c9a7287efd24e00c9ee159,2025-07-12T11:04:25+08:00,485e6a3e26c5aab9c6c9a7287efd24e00c9ee159,2025-07-12T11:04:25+08:00,1,401,0.06666666666666667,,,False,False,0,1,0.0,11.8,,0.08472390694883127,60844169.0,NewFuture/DDNS,Python
tests/test_config_file.py,11,callable,ok,tests.test_config_file.TestConfigFile.test_load_config_invalid_json_invalid_ast,tests.test_config_file.TestConfigFile.test_load_config_invalid_json_invalid_ast,485e6a3e26c5aab9c6c9a7287efd24e00c9ee159,2025-07-12T11:04:25+08:00,485e6a3e26c5aab9c6c9a7287efd24e00c9ee159,2025-07-12T11:04:25+08:00,1,401,0.047619047619047616,,,False,False,0,1,0.0,11.8,,0.08472390694883127,60844169.0,NewFuture/DDNS,Python
tests/test_config_file.py,12,callable,ok,tests.test_config_file.TestConfigFile.test_load_config_ast_non_dict,tests.test_config_file.TestConfigFile.test_load_config_ast_non_dict,485e6a3e26c5aab9c6c9a7287efd24e00c9ee159,2025-07-12T11:04:25+08:00,485e6a3e26c5aab9c6c9a7287efd24e00c9ee159,2025-07-12T11:04:25+08:00,1,401,0.125,,,False,False,0,1,0.0,11.8,,0.08472390694883127,60844169.0,NewFuture/DDNS,Python
tests/test_config_file.py,13,callable,ok,tests.test_config_file.TestConfigFile.test_load_config_nonexistent_file,tests.test_config_file.TestConfigFile.test_load_config_nonexistent_file,485e6a3e26c5aab9c6c9a7287efd24e00c9ee159,2025-07-12T11:04:25+08:00,485e6a3e26c5aab9c6c9a7287efd24e00c9ee159,2025-07-12T11:04:25+08:00,1,401,0.16666666666666666,,,False,False,0,1,0.0,11.8,,0.08472390694883127,60844169.0,NewFuture/DDNS,Python
tests/test_config_file.py,14,callable,ok,tests.test_config_file.TestConfigFile.test_load_config_permission_denied,tests.test_config_file.TestConfigFile.test_load_config_permission_denied,485e6a3e26c5aab9c6c9a7287efd24e00c9ee159,2025-07-12T11:04:25+08:00,485e6a3e26c5aab9c6c9a7287efd24e00c9ee159,2025-07-12T11:04:25+08:00,1,401,0.05,,,False,False,0,1,0.0,11.8,,0.08472390694883127,60844169.0,NewFuture/DDNS,Python
tests/test_config_file.py,15,callable,ok,tests.test_config_file.TestConfigFile.test_load_config_empty_file,tests.test_config_file.TestConfigFile.test_load_config_empty_file,485e6a3e26c5aab9c6c9a7287efd24e00c9ee159,2025-07-12T11:04:25+08:00,485e6a3e26c5aab9c6c9a7287efd24e00c9ee159,2025-07-12T11:04:25+08:00,1,401,0.16666666666666666,,,False,False,0,1,0.0,11.8,,0.08472390694883127,60844169.0,NewFuture/DDNS,Python
tests/test_config_file.py,16,callable,ok,tests.test_config_file.TestConfigFile.test_load_config_whitespace_only,tests.test_config_file.TestConfigFile.test_load_config_whitespace_only,485e6a3e26c5aab9c6c9a7287efd24e00c9ee159,2025-07-12T11:04:25+08:00,485e6a3e26c5aab9c6c9a7287efd24e00c9ee159,2025-07-12T11:04:25+08:00,1,401,0.16666666666666666,,,False,False,0,1,0.0,11.8,,0.08472390694883127,60844169.0,NewFuture/DDNS,Python
tests/test_config_file.py,17,callable,ok,tests.test_config_file.TestConfigFile.test_save_config_basic,tests.test_config_file.TestConfigFile.test_save_config_basic,485e6a3e26c5aab9c6c9a7287efd24e00c9ee159,2025-07-12T11:04:25+08:00,06fceed0f7413546d3575022a19f319a796f79ef,2026-08-06T17:59:40+08:00,2,401,0.1,,,False,False,0,2,0.0,402.09,,0.004973993326213537,60844169.0,NewFuture/DDNS,Python
tests/test_config_file.py,18,callable,ok,tests.test_config_file.TestConfigFile.test_save_config_complex_data,tests.test_config_file.TestConfigFile.test_save_config_complex_data,485e6a3e26c5aab9c6c9a7287efd24e00c9ee159,2025-07-12T11:04:25+08:00,485e6a3e26c5aab9c6c9a7287efd24e00c9ee159,2025-07-12T11:04:25+08:00,1,401,0.043478260869565216,,,False,False,0,1,0.0,11.8,,0.08472390694883127,60844169.0,NewFuture/DDNS,Python
tests/test_config_file.py,19,callable,ok,tests.test_config_file.TestConfigFile.test_save_config_invalid_path,tests.test_config_file.TestConfigFile.test_save_config_invalid_path,485e6a3e26c5aab9c6c9a7287efd24e00c9ee159,2025-07-12T11:04:25+08:00,6c24557505ff3377fdf7d8b47441fc3154a72d55,2025-08-07T17:58:43Z,2,401,0.15384615384615385,,,False,False,0,2,0.0,38.42,,0.05205068555994097,60844169.0,NewFuture/DDNS,Python
tests/test_config_file.py,20,callable,ok,tests.test_config_file.TestConfigFile.test_save_config_permission_denied,tests.test_config_file.TestConfigFile.test_save_config_permission_denied,485e6a3e26c5aab9c6c9a7287efd24e00c9ee159,2025-07-12T11:04:25+08:00,485e6a3e26c5aab9c6c9a7287efd24e00c9ee159,2025-07-12T11:04:25+08:00,1,401,0.041666666666666664,,,False,False,0,1,0.0,11.8,,0.08472390694883127,60844169.0,NewFuture/DDNS,Python
tests/test_config_file.py,21,callable,ok,tests.test_config_file.TestConfigFile.test_parser_priority_json_first,tests.test_config_file.TestConfigFile.test_parser_priority_json_first,485e6a3e26c5aab9c6c9a7287efd24e00c9ee159,2025-07-12T11:04:25+08:00,485e6a3e26c5aab9c6c9a7287efd24e00c9ee159,2025-07-12T11:04:25+08:00,1,401,0.1,,,False,False,0,1,0.0,11.8,,0.08472390694883127,60844169.0,NewFuture/DDNS,Python
tests/test_config_file.py,22,callable,ok,tests.test_config_file.TestConfigFile.test_parser_priority_ast_fallback,tests.test_config_file.TestConfigFile.test_parser_priority_ast_fallback,485e6a3e26c5aab9c6c9a7287efd24e00c9ee159,2025-07-12T11:04:25+08:00,485e6a3e26c5aab9c6c9a7287efd24e00c9ee159,2025-07-12T11:04:25+08:00,1,401,0.034482758620689655,,,False,False,0,1,0.0,11.8,,0.08472390694883127,60844169.0,NewFuture/DDNS,Python
tests/test_config_file.py,23,callable,ok,tests.test_config_file.TestConfigFile.test_load_config_large_file,tests.test_config_file.TestConfigFile.test_load_config_large_file,485e6a3e26c5aab9c6c9a7287efd24e00c9ee159,2025-07-12T11:04:25+08:00,485e6a3e26c5aab9c6c9a7287efd24e00c9ee159,2025-07-12T11:04:25+08:00,1,401,0.07692307692307693,,,False,False,0,1,0.0,11.8,,0.08472390694883127,60844169.0,NewFuture/DDNS,Python
tests/test_config_file.py,24,callable,ok,tests.test_config_file.TestConfigFile.test_load_config_numeric_keys_in_nested,tests.test_config_file.TestConfigFile.test_load_config_numeric_keys_in_nested,485e6a3e26c5aab9c6c9a7287efd24e00c9ee159,2025-07-12T11:04:25+08:00,485e6a3e26c5aab9c6c9a7287efd24e00c9ee159,2025-07-12T11:04:25+08:00,1,401,0.1,,,False,False,0,1,0.0,11.8,,0.08472390694883127,60844169.0,NewFuture/DDNS,Python
tests/test_config_file.py,25,callable,ok,tests.test_config_file.TestConfigFile.test_load_config_special_characters_in_keys,tests.test_config_file.TestConfigFile.test_load_config_special_characters_in_keys,485e6a3e26c5aab9c6c9a7287efd24e00c9ee159,2025-07-12T11:04:25+08:00,485e6a3e26c5aab9c6c9a7287efd24e00c9ee159,2025-07-12T11:04:25+08:00,1,401,0.1,,,False,False,0,1,0.0,11.8,,0.08472390694883127,60844169.0,NewFuture/DDNS,Python
tests/test_config_file.py,26,callable,ok,tests.test_config_file.TestConfigFile.test_load_config_file_encoding_utf8,tests.test_config_file.TestConfigFile.test_load_config_file_encoding_utf8,485e6a3e26c5aab9c6c9a7287efd24e00c9ee159,2025-07-12T11:04:25+08:00,485e6a3e26c5aab9c6c9a7287efd24e00c9ee159,2025-07-12T11:04:25+08:00,1,401,0.09090909090909091,,,False,False,0,1,0.0,11.8,,0.08472390694883127,60844169.0,NewFuture/DDNS,Python
tests/test_config_file.py,27,callable,ok,tests.test_config_file.TestConfigFile.test_save_config_pretty_format,tests.test_config_file.TestConfigFile.test_save_config_pretty_format,485e6a3e26c5aab9c6c9a7287efd24e00c9ee159,2025-07-12T11:04:25+08:00,485e6a3e26c5aab9c6c9a7287efd24e00c9ee159,2025-07-12T11:04:25+08:00,1,401,0.0625,,,False,False,0,1,0.0,11.8,,0.08472390694883127,60844169.0,NewFuture/DDNS,Python
tests/test_config_file.py,28,callable,ok,tests.test_config_file.TestConfigFile.test_save_config_readonly_file,tests.test_config_file.TestConfigFile.test_save_config_readonly_file,485e6a3e26c5aab9c6c9a7287efd24e00c9ee159,2025-07-12T11:04:25+08:00,485e6a3e26c5aab9c6c9a7287efd24e00c9ee159,2025-07-12T11:04:25+08:00,1,401,0.047619047619047616,,,False,False,0,1,0.0,11.8,,0.08472390694883127,60844169.0,NewFuture/DDNS,Python
tests/test_config_file.py,29,callable,ok,tests.test_config_file.TestConfigFile.test_load_config_mixed_types_comprehensive,tests.test_config_file.TestConfigFile.test_load_config_mixed_types_comprehensive,485e6a3e26c5aab9c6c9a7287efd24e00c9ee159,2025-07-12T11:04:25+08:00,485e6a3e26c5aab9c6c9a7287efd24e00c9ee159,2025-07-12T11:04:25+08:00,1,401,0.034482758620689655,,,False,False,0,1,0.0,11.8,,0.08472390694883127,60844169.0,NewFuture/DDNS,Python
tests/test_config_file.py,30,callable,ok,tests.test_config_file.TestConfigFile.test_load_config_json_with_hash_comments,tests.test_config_file.TestConfigFile.test_load_config_json_with_hash_comments,d9b0b825d1495989a0bbf55fb47749d97a9ac875,2025-07-13T02:58:38Z,d9b0b825d1495989a0bbf55fb47749d97a9ac875,2025-07-13T02:58:38Z,1,400,0.0625,,,False,False,0,1,0.0,12.8,,0.07813093442427269,60844169.0,NewFuture/DDNS,Python
tests/test_config_file.py,31,callable,ok,tests.test_config_file.TestConfigFile.test_load_config_json_with_double_slash_comments,tests.test_config_file.TestConfigFile.test_load_config_json_with_double_slash_comments,d9b0b825d1495989a0bbf55fb47749d97a9ac875,2025-07-13T02:58:38Z,d9b0b825d1495989a0bbf55fb47749d97a9ac875,2025-07-13T02:58:38Z,1,400,0.03571428571428571,,,False,False,0,1,0.0,12.8,,0.07813093442427269,60844169.0,NewFuture/DDNS,Python
tests/test_config_file.py,32,callable,ok,tests.test_config_file.TestConfigFile.test_load_config_v41_providers_format,tests.test_config_file.TestConfigFile.test_load_config_v41_providers_format,96b4ca2e0c55a21eb88a7ec2bbdf1dd75be10baf,2025-07-18T02:54:09+08:00,96b4ca2e0c55a21eb88a7ec2bbdf1dd75be10baf,2025-07-18T02:54:09+08:00,1,395,0.01694915254237288,,,False,False,0,1,0.0,17.46,,0.05726530339011921,60844169.0,NewFuture/DDNS,Python
tests/test_config_file.py,33,callable,ok,tests.test_config_file.TestConfigFile.test_load_config_v41_providers_conflict_with_dns,tests.test_config_file.TestConfigFile.test_load_config_v41_providers_conflict_with_dns,96b4ca2e0c55a21eb88a7ec2bbdf1dd75be10baf,2025-07-18T02:54:09+08:00,96b4ca2e0c55a21eb88a7ec2bbdf1dd75be10baf,2025-07-18T02:54:09+08:00,1,395,0.04,,,False,False,0,1,0.0,17.46,,0.05726530339011921,60844169.0,NewFuture/DDNS,Python
tests/test_config_file.py,34,callable,ok,tests.test_config_file.TestConfigFile.test_load_config_v41_providers_missing_name,tests.test_config_file.TestConfigFile.test_load_config_v41_providers_missing_name,96b4ca2e0c55a21eb88a7ec2bbdf1dd75be10baf,2025-07-18T02:54:09+08:00,96b4ca2e0c55a21eb88a7ec2bbdf1dd75be10baf,2025-07-18T02:54:09+08:00,1,395,0.03333333333333333,,,False,False,0,1,0.0,17.46,,0.05726530339011921,60844169.0,NewFuture/DDNS,Python
tests/test_config_file.py,35,callable,ok,tests.test_config_file.TestConfigFile.test_load_config_v41_providers_single_provider,tests.test_config_file.TestConfigFile.test_load_config_v41_providers_single_provider,96b4ca2e0c55a21eb88a7ec2bbdf1dd75be10baf,2025-07-18T02:54:09+08:00,96b4ca2e0c55a21eb88a7ec2bbdf1dd75be10baf,2025-07-18T02:54:09+08:00,1,395,0.05263157894736842,,,False,False,0,1,0.0,17.46,,0.05726530339011921,60844169.0,NewFuture/DDNS,Python
tests/test_config_file.py,36,callable,ok,tests.test_config_file.TestConfigFile.test_load_config_v41_providers_with_nested_objects,tests.test_config_file.TestConfigFile.test_load_config_v41_providers_with_nested_objects,96b4ca2e0c55a21eb88a7ec2bbdf1dd75be10baf,2025-07-18T02:54:09+08:00,96b4ca2e0c55a21eb88a7ec2bbdf1dd75be10baf,2025-07-18T02:54:09+08:00,1,395,0.03571428571428571,,,False,False,0,1,0.0,17.46,,0.05726530339011921,60844169.0,NewFuture/DDNS,Python
tests/test_config_file.py,37,callable,ok,tests.test_config_file.TestConfigFile.test_load_raw_config_preserves_root_interval_and_providers,tests.test_config_file.TestConfigFile.test_load_raw_config_preserves_root_interval_and_providers,d14594f14d68eecc69c09e1796cc1bffd8779ed9,2026-08-12T02:23:17+08:00,d14594f14d68eecc69c09e1796cc1bffd8779ed9,2026-08-12T02:23:17+08:00,1,5,0.125,,,False,False,0,1,0.0,407.44,,0.0024543422043316583,60844169.0,NewFuture/DDNS,Python
tests/test_config_file_remote.py,0,class,ok,tests.test_config_file_remote.TestRemoteConfigFile,tests.test_config_file_remote.TestRemoteConfigFile,e66dcf024059173deb9b02ba801b1ed5f9279401,2025-07-22T01:46:01Z,6e3d3560c725177ecab74f4880981a6dc7bc190d,2026-08-15T22:23:27+08:00,2,391,0.005420054200542005,,,False,False,0,2,0.0,411.27,,0.004862931055710532,60844169.0,NewFuture/DDNS,Python
tests/test_config_file_remote.py,0,callable,ok,tests.test_config_file_remote.TestRemoteConfigFile.setUp,tests.test_config_file_remote.TestRemoteConfigFile.setUp,e66dcf024059173deb9b02ba801b1ed5f9279401,2025-07-22T01:46:01Z,e66dcf024059173deb9b02ba801b1ed5f9279401,2025-07-22T01:46:01Z,1,391,0.1,,,False,False,0,1,0.0,21.75,,0.04597997210335489,60844169.0,NewFuture/DDNS,Python
tests/test_config_file_remote.py,1,callable,ok,tests.test_config_file_remote.TestRemoteConfigFile.tearDown,tests.test_config_file_remote.TestRemoteConfigFile.tearDown,e66dcf024059173deb9b02ba801b1ed5f9279401,2025-07-22T01:46:01Z,e66dcf024059173deb9b02ba801b1ed5f9279401,2025-07-22T01:46:01Z,1,391,0.25,,,False,False,0,1,0.0,21.75,,0.04597997210335489,60844169.0,NewFuture/DDNS,Python
tests/test_config_file_remote.py,2,callable,ok,tests.test_config_file_remote.TestRemoteConfigFile.test_load_config_remote_http_success,tests.test_config_file_remote.TestRemoteConfigFile.test_load_config_remote_http_success,e66dcf024059173deb9b02ba801b1ed5f9279401,2025-07-22T01:46:01Z,e66dcf024059173deb9b02ba801b1ed5f9279401,2025-07-22T01:46:01Z,1,391,0.05263157894736842,,,False,False,0,1,0.0,21.75,,0.04597997210335489,60844169.0,NewFuture/DDNS,Python
tests/test_config_file_remote.py,3,callable,ok,tests.test_config_file_remote.TestRemoteConfigFile.test_load_config_remote_https_success,tests.test_config_file_remote.TestRemoteConfigFile.test_load_config_remote_https_success,e66dcf024059173deb9b02ba801b1ed5f9279401,2025-07-22T01:46:01Z,e66dcf024059173deb9b02ba801b1ed5f9279401,2025-07-22T01:46:01Z,1,391,0.1,,,False,False,0,1,0.0,21.75,,0.04597997210335489,60844169.0,NewFuture/DDNS,Python
tests/test_config_file_remote.py,4,callable,ok,tests.test_config_file_remote.TestRemoteConfigFile.test_load_config_remote_with_proxy,tests.test_config_file_remote.TestRemoteConfigFile.test_load_config_remote_with_proxy,e66dcf024059173deb9b02ba801b1ed5f9279401,2025-07-22T01:46:01Z,e66dcf024059173deb9b02ba801b1ed5f9279401,2025-07-22T01:46:01Z,1,391,0.09090909090909091,,,False,False,0,1,0.0,21.75,,0.04597997210335489,60844169.0,NewFuture/DDNS,Python
tests/test_config_file_remote.py,5,callable,ok,tests.test_config_file_remote.TestRemoteConfigFile.test_load_config_remote_with_embedded_auth,tests.test_config_file_remote.TestRemoteConfigFile.test_load_config_remote_with_embedded_auth,e66dcf024059173deb9b02ba801b1ed5f9279401,2025-07-22T01:46:01Z,e66dcf024059173deb9b02ba801b1ed5f9279401,2025-07-22T01:46:01Z,1,391,0.09090909090909091,,,False,False,0,1,0.0,21.75,,0.04597997210335489,60844169.0,NewFuture/DDNS,Python
tests/test_config_file_remote.py,6,callable,ok,tests.test_config_file_remote.TestRemoteConfigFile.test_load_config_remote_http_error,tests.test_config_file_remote.TestRemoteConfigFile.test_load_config_remote_http_error,e66dcf024059173deb9b02ba801b1ed5f9279401,2025-07-22T01:46:01Z,e66dcf024059173deb9b02ba801b1ed5f9279401,2025-07-22T01:46:01Z,1,391,0.1,,,False,False,0,1,0.0,21.75,,0.04597997210335489,60844169.0,NewFuture/DDNS,Python
tests/test_config_file_remote.py,7,callable,ok,tests.test_config_file_remote.TestRemoteConfigFile.test_load_config_remote_http_500_error,tests.test_config_file_remote.TestRemoteConfigFile.test_load_config_remote_http_500_error,e66dcf024059173deb9b02ba801b1ed5f9279401,2025-07-22T01:46:01Z,e66dcf024059173deb9b02ba801b1ed5f9279401,2025-07-22T01:46:01Z,1,391,0.1,,,False,False,0,1,0.0,21.75,,0.04597997210335489,60844169.0,NewFuture/DDNS,Python
tests/test_config_file_remote.py,8,callable,ok,tests.test_config_file_remote.TestRemoteConfigFile.test_load_config_remote_network_error,tests.test_config_file_remote.TestRemoteConfigFile.test_load_config_remote_network_error,e66dcf024059173deb9b02ba801b1ed5f9279401,2025-07-22T01:46:01Z,e66dcf024059173deb9b02ba801b1ed5f9279401,2025-07-22T01:46:01Z,1,391,0.125,,,False,False,0,1,0.0,21.75,,0.04597997210335489,60844169.0,NewFuture/DDNS,Python
tests/test_config_file_remote.py,9,callable,ok,tests.test_config_file_remote.TestRemoteConfigFile.test_load_config_remote_invalid_json,tests.test_config_file_remote.TestRemoteConfigFile.test_load_config_remote_invalid_json,e66dcf024059173deb9b02ba801b1ed5f9279401,2025-07-22T01:46:01Z,e66dcf024059173deb9b02ba801b1ed5f9279401,2025-07-22T01:46:01Z,1,391,0.1,,,False,False,0,1,0.0,21.75,,0.04597997210335489,60844169.0,NewFuture/DDNS,Python
tests/test_config_file_remote.py,10,callable,ok,tests.test_config_file_remote.TestRemoteConfigFile.test_load_config_remote_ast_fallback,tests.test_config_file_remote.TestRemoteConfigFile.test_load_config_remote_ast_fallback,e66dcf024059173deb9b02ba801b1ed5f9279401,2025-07-22T01:46:01Z,e66dcf024059173deb9b02ba801b1ed5f9279401,2025-07-22T01:46:01Z,1,391,0.041666666666666664,,,False,False,0,1,0.0,21.75,,0.04597997210335489,60844169.0,NewFuture/DDNS,Python
tests/test_config_file_remote.py,11,callable,ok,tests.test_config_file_remote.TestRemoteConfigFile.test_load_config_remote_v41_providers_format,tests.test_config_file_remote.TestRemoteConfigFile.test_load_config_remote_v41_providers_format,e66dcf024059173deb9b02ba801b1ed5f9279401,2025-07-22T01:46:01Z,e66dcf024059173deb9b02ba801b1ed5f9279401,2025-07-22T01:46:01Z,1,391,0.024390243902439025,,,False,False,0,1,0.0,21.75,,0.04597997210335489,60844169.0,NewFuture/DDNS,Python
tests/test_config_file_remote.py,12,callable,ok,tests.test_config_file_remote.TestRemoteConfigFile.test_load_config_remote_with_comments,tests.test_config_file_remote.TestRemoteConfigFile.test_load_config_remote_with_comments,e66dcf024059173deb9b02ba801b1ed5f9279401,2025-07-22T01:46:01Z,e66dcf024059173deb9b02ba801b1ed5f9279401,2025-07-22T01:46:01Z,1,391,0.058823529411764705,,,False,False,0,1,0.0,21.75,,0.04597997210335489,60844169.0,NewFuture/DDNS,Python
tests/test_config_file_remote.py,13,callable,ok,tests.test_config_file_remote.TestRemoteConfigFile.test_load_config_remote_unicode_content,tests.test_config_file_remote.TestRemoteConfigFile.test_load_config_remote_unicode_content,e66dcf024059173deb9b02ba801b1ed5f9279401,2025-07-22T01:46:01Z,e66dcf024059173deb9b02ba801b1ed5f9279401,2025-07-22T01:46:01Z,1,391,0.08333333333333333,,,False,False,0,1,0.0,21.75,,0.04597997210335489,60844169.0,NewFuture/DDNS,Python
tests/test_config_file_remote.py,14,callable,ok,tests.test_config_file_remote.TestRemoteConfigFile.test_load_config_local_file_still_works,tests.test_config_file_remote.TestRemoteConfigFile.test_load_config_local_file_still_works,e66dcf024059173deb9b02ba801b1ed5f9279401,2025-07-22T01:46:01Z,e66dcf024059173deb9b02ba801b1ed5f9279401,2025-07-22T01:46:01Z,1,391,0.07692307692307693,,,False,False,0,1,0.0,21.75,,0.04597997210335489,60844169.0,NewFuture/DDNS,Python
tests/test_config_file_remote.py,15,callable,ok,tests.test_config_file_remote.TestRemoteConfigFile.test_load_config_url_detection,tests.test_config_file_remote.TestRemoteConfigFile.test_load_config_url_detection,e66dcf024059173deb9b02ba801b1ed5f9279401,2025-07-22T01:46:01Z,e66dcf024059173deb9b02ba801b1ed5f9279401,2025-07-22T01:46:01Z,1,391,0.023809523809523808,,,False,False,0,1,0.0,21.75,,0.04597997210335489,60844169.0,NewFuture/DDNS,Python
tests/test_config_file_remote.py,16,callable,ok,tests.test_config_file_remote.TestRemoteConfigFile.test_load_config_remote_ssl_configurations,tests.test_config_file_remote.TestRemoteConfigFile.test_load_config_remote_ssl_configurations,e66dcf024059173deb9b02ba801b1ed5f9279401,2025-07-22T01:46:01Z,e66dcf024059173deb9b02ba801b1ed5f9279401,2025-07-22T01:46:01Z,1,391,0.07142857142857142,,,False,False,0,1,0.0,21.75,,0.04597997210335489,60844169.0,NewFuture/DDNS,Python
tests/test_config_file_remote.py,17,callable,ok,tests.test_config_file_remote.TestRemoteConfigFile.test_load_config_remote_proxy_configurations,tests.test_config_file_remote.TestRemoteConfigFile.test_load_config_remote_proxy_configurations,e66dcf024059173deb9b02ba801b1ed5f9279401,2025-07-22T01:46:01Z,e66dcf024059173deb9b02ba801b1ed5f9279401,2025-07-22T01:46:01Z,1,391,0.045454545454545456,,,False,False,0,1,0.0,21.75,,0.04597997210335489,60844169.0,NewFuture/DDNS,Python
tests/test_config_file_remote.py,18,callable,ok,tests.test_config_file_remote.TestRemoteConfigFile.test_load_config_real_remote_url,tests.test_config_file_remote.TestRemoteConfigFile.test_load_config_real_remote_url,e66dcf024059173deb9b02ba801b1ed5f9279401,2025-07-22T01:46:01Z,6e3d3560c725177ecab74f4880981a6dc7bc190d,2026-08-15T22:23:27+08:00,2,391,0.047619047619047616,,,False,False,0,2,0.0,411.27,,0.004862931055710532,60844169.0,NewFuture/DDNS,Python
tests/test_config_file_remote.py,19,callable,ok,tests.test_config_file_remote.TestRemoteConfigFile.test_load_config_remote_with_timeout,tests.test_config_file_remote.TestRemoteConfigFile.test_load_config_remote_with_timeout,6e3d3560c725177ecab74f4880981a6dc7bc190d,2026-08-15T22:23:27+08:00,6e3d3560c725177ecab74f4880981a6dc7bc190d,2026-08-15T22:23:27+08:00,1,1,0.08333333333333333,,,False,False,0,1,0.0,411.27,,0.002431465527855266,60844169.0,NewFuture/DDNS,Python
tests/test_config_init.py,0,class,ok,tests.test_config_init.TestConfigInit,tests.test_config_init.TestConfigInit,485e6a3e26c5aab9c6c9a7287efd24e00c9ee159,2025-07-12T11:04:25+08:00,c2cad12380081d2f6fbcbc02230dc8bc7793664f,2025-07-20T18:51:40Z,3,401,0.007371007371007371,0.930728102170955,,False,False,0,3,0.0,20.46,,0.14662142822394614,60844169.0,NewFuture/DDNS,Python
tests/test_config_init.py,0,callable,ok,tests.test_config_init.capture_stdout_output,tests.test_config_init.capture_stdout_output,485e6a3e26c5aab9c6c9a7287efd24e00c9ee159,2025-07-12T11:04:25+08:00,485e6a3e26c5aab9c6c9a7287efd24e00c9ee159,2025-07-12T11:04:25+08:00,1,401,0.058823529411764705,,,False,False,0,1,0.0,11.8,,0.08472390694883127,60844169.0,NewFuture/DDNS,Python
tests/test_config_init.py,1,callable,ok,tests.test_config_init.TestConfigInit.setUp,tests.test_config_init.TestConfigInit.setUp,485e6a3e26c5aab9c6c9a7287efd24e00c9ee159,2025-07-12T11:04:25+08:00,485e6a3e26c5aab9c6c9a7287efd24e00c9ee159,2025-07-12T11:04:25+08:00,1,401,0.05555555555555555,,,False,False,0,1,0.0,11.8,,0.08472390694883127,60844169.0,NewFuture/DDNS,Python
tests/test_config_init.py,2,callable,ok,tests.test_config_init.TestConfigInit.tearDown,tests.test_config_init.TestConfigInit.tearDown,485e6a3e26c5aab9c6c9a7287efd24e00c9ee159,2025-07-12T11:04:25+08:00,485e6a3e26c5aab9c6c9a7287efd24e00c9ee159,2025-07-12T11:04:25+08:00,1,401,0.1111111111111111,,,False,False,0,1,0.0,11.8,,0.08472390694883127,60844169.0,NewFuture/DDNS,Python
tests/test_config_init.py,3,callable,ok,tests.test_config_init.TestConfigInit.test_module_exports,tests.test_config_init.TestConfigInit.test_module_exports,485e6a3e26c5aab9c6c9a7287efd24e00c9ee159,2025-07-12T11:04:25+08:00,96b4ca2e0c55a21eb88a7ec2bbdf1dd75be10baf,2025-07-18T02:54:09+08:00,2,401,0.25,,,False,False,0,2,0.0,17.46,,0.11453060678023842,60844169.0,NewFuture/DDNS,Python
tests/test_config_init.py,4,callable,ok,tests.test_config_init.TestConfigInit.test_load_config_basic_integration,tests.test_config_init.TestConfigInit.test_load_config_basic_integration,485e6a3e26c5aab9c6c9a7287efd24e00c9ee159,2025-07-12T11:04:25+08:00,96b4ca2e0c55a21eb88a7ec2bbdf1dd75be10baf,2025-07-18T02:54:09+08:00,2,401,0.11764705882352941,,,False,False,0,2,0.0,17.46,,0.11453060678023842,60844169.0,NewFuture/DDNS,Python
tests/test_config_init.py,5,callable,ok,tests.test_config_init.TestConfigInit.test_load_config_priority_order_integration,tests.test_config_init.TestConfigInit.test_load_config_priority_order_integration,485e6a3e26c5aab9c6c9a7287efd24e00c9ee159,2025-07-12T11:04:25+08:00,485e6a3e26c5aab9c6c9a7287efd24e00c9ee159,2025-07-12T11:04:25+08:00,1,401,0.03125,,,False,False,0,1,0.0,11.8,,0.08472390694883127,60844169.0,NewFuture/DDNS,Python
tests/test_config_init.py,6,callable,ok,tests.test_config_init.TestConfigInit.test_load_config_file_paths_integration,tests.test_config_init.TestConfigInit.test_load_config_file_paths_integration,485e6a3e26c5aab9c6c9a7287efd24e00c9ee159,2025-07-12T11:04:25+08:00,96b4ca2e0c55a21eb88a7ec2bbdf1dd75be10baf,2025-07-18T02:54:09+08:00,2,401,0.07692307692307693,,,False,False,0,2,0.0,17.46,,0.11453060678023842,60844169.0,NewFuture/DDNS,Python
tests/test_config_init.py,7,callable,ok,tests.test_config_init.TestConfigInit.test_load_config_default_locations,tests.test_config_init.TestConfigInit.test_load_config_default_locations,485e6a3e26c5aab9c6c9a7287efd24e00c9ee159,2025-07-12T11:04:25+08:00,e66dcf024059173deb9b02ba801b1ed5f9279401,2025-07-22T01:46:01Z,3,401,0.13636363636363635,0.9861979235693297,,False,False,0,3,0.0,21.75,,0.13793991631006466,60844169.0,NewFuture/DDNS,Python
tests/test_config_init.py,8,callable,ok,tests.test_config_init.TestConfigInit.test_load_config_missing_files_integration,tests.test_config_init.TestConfigInit.test_load_config_missing_files_integration,485e6a3e26c5aab9c6c9a7287efd24e00c9ee159,2025-07-12T11:04:25+08:00,96b4ca2e0c55a21eb88a7ec2bbdf1dd75be10baf,2025-07-18T02:54:09+08:00,2,401,0.15384615384615385,,,False,False,0,2,0.0,17.46,,0.11453060678023842,60844169.0,NewFuture/DDNS,Python
tests/test_config_init.py,9,callable,ok,tests.test_config_init.TestConfigInit.test_load_config_doc_string_format_integration,tests.test_config_init.TestConfigInit.test_load_config_doc_string_format_integration,485e6a3e26c5aab9c6c9a7287efd24e00c9ee159,2025-07-12T11:04:25+08:00,96b4ca2e0c55a21eb88a7ec2bbdf1dd75be10baf,2025-07-18T02:54:09+08:00,2,401,0.15384615384615385,,,False,False,0,2,0.0,17.46,,0.11453060678023842,60844169.0,NewFuture/DDNS,Python
tests/test_config_init.py,10,callable,ok,tests.test_config_init.TestConfigInit.test_load_config_config_object_creation,tests.test_config_init.TestConfigInit.test_load_config_config_object_creation,485e6a3e26c5aab9c6c9a7287efd24e00c9ee159,2025-07-12T11:04:25+08:00,96b4ca2e0c55a21eb88a7ec2bbdf1dd75be10baf,2025-07-18T02:54:09+08:00,2,401,0.0625,,,False,False,0,2,0.0,17.46,,0.11453060678023842,60844169.0,NewFuture/DDNS,Python
tests/test_config_init.py,11,callable,ok,tests.test_config_init.TestConfigInit.test_load_config_integration,tests.test_config_init.TestConfigInit.test_load_config_integration,485e6a3e26c5aab9c6c9a7287efd24e00c9ee159,2025-07-12T11:04:25+08:00,96b4ca2e0c55a21eb88a7ec2bbdf1dd75be10baf,2025-07-18T02:54:09+08:00,2,401,0.058823529411764705,,,False,False,0,2,0.0,17.46,,0.11453060678023842,60844169.0,NewFuture/DDNS,Python
tests/test_config_init.py,12,callable,ok,tests.test_config_init.TestConfigInit.test_load_config_parameter_validation_and_edge_cases,tests.test_config_init.TestConfigInit.test_load_config_parameter_validation_and_edge_cases,485e6a3e26c5aab9c6c9a7287efd24e00c9ee159,2025-07-12T11:04:25+08:00,96b4ca2e0c55a21eb88a7ec2bbdf1dd75be10baf,2025-07-18T02:54:09+08:00,2,401,0.07692307692307693,,,False,False,0,2,0.0,17.46,,0.11453060678023842,60844169.0,NewFuture/DDNS,Python
tests/test_config_init.py,13,callable,ok,tests.test_config_init.TestConfigInit.test_config_file_discovery_integration,tests.test_config_init.TestConfigInit.test_config_file_discovery_integration,485e6a3e26c5aab9c6c9a7287efd24e00c9ee159,2025-07-12T11:04:25+08:00,96b4ca2e0c55a21eb88a7ec2bbdf1dd75be10baf,2025-07-18T02:54:09+08:00,2,401,0.06666666666666667,,,False,False,0,2,0.0,17.46,,0.11453060678023842,60844169.0,NewFuture/DDNS,Python
tests/test_config_init.py,14,callable,ok,tests.test_config_init.TestConfigInit.test_environment_config_integration,tests.test_config_init.TestConfigInit.test_environment_config_integration,485e6a3e26c5aab9c6c9a7287efd24e00c9ee159,2025-07-12T11:04:25+08:00,485e6a3e26c5aab9c6c9a7287efd24e00c9ee159,2025-07-12T11:04:25+08:00,1,401,0.03571428571428571,,,False,False,0,1,0.0,11.8,,0.08472390694883127,60844169.0,NewFuture/DDNS,Python
tests/test_config_init.py,15,callable,ok,tests.test_config_init.TestConfigInit.test_config_merging_without_mocks,tests.test_config_init.TestConfigInit.test_config_merging_without_mocks,485e6a3e26c5aab9c6c9a7287efd24e00c9ee159,2025-07-12T11:04:25+08:00,485e6a3e26c5aab9c6c9a7287efd24e00c9ee159,2025-07-12T11:04:25+08:00,1,401,0.058823529411764705,,,False,False,0,1,0.0,11.8,,0.08472390694883127,60844169.0,NewFuture/DDNS,Python
tests/test_config_init.py,16,callable,ok,tests.test_config_init.TestConfigInit.test_array_parameter_processing_integration,tests.test_config_init.TestConfigInit.test_array_parameter_processing_integration,485e6a3e26c5aab9c6c9a7287efd24e00c9ee159,2025-07-12T11:04:25+08:00,485e6a3e26c5aab9c6c9a7287efd24e00c9ee159,2025-07-12T11:04:25+08:00,1,401,0.047619047619047616,,,False,False,0,1,0.0,11.8,,0.08472390694883127,60844169.0,NewFuture/DDNS,Python
tests/test_config_init.py,17,callable,ok,tests.test_config_init.TestConfigInit.test_file_parsing_fallback_integration,tests.test_config_init.TestConfigInit.test_file_parsing_fallback_integration,485e6a3e26c5aab9c6c9a7287efd24e00c9ee159,2025-07-12T11:04:25+08:00,485e6a3e26c5aab9c6c9a7287efd24e00c9ee159,2025-07-12T11:04:25+08:00,1,401,0.07142857142857142,,,False,False,0,1,0.0,11.8,,0.08472390694883127,60844169.0,NewFuture/DDNS,Python
tests/test_config_init.py,18,callable,ok,tests.test_config_init.TestConfigInit.test_special_value_handling_integration,tests.test_config_init.TestConfigInit.test_special_value_handling_integration,485e6a3e26c5aab9c6c9a7287efd24e00c9ee159,2025-07-12T11:04:25+08:00,c2cad12380081d2f6fbcbc02230dc8bc7793664f,2025-07-20T18:51:40Z,2,401,0.14285714285714285,,,False,False,0,2,0.0,20.46,,0.09774761881596408,60844169.0,NewFuture/DDNS,Python
tests/test_config_init_multi.py,0,class,ok,tests.test_config_init_multi.TestMultiConfig,tests.test_config_init_multi.TestMultiConfig,96b4ca2e0c55a21eb88a7ec2bbdf1dd75be10baf,2025-07-18T02:54:09+08:00,06fceed0f7413546d3575022a19f319a796f79ef,2026-08-06T17:59:40+08:00,4,395,0.01384083044982699,0.09810697178374825,,False,False,0,4,0.0,402.09,,0.009947986652427075,60844169.0,NewFuture/DDNS,Python
tests/test_config_init_multi.py,0,callable,ok,tests.test_config_init_multi.TestMultiConfig.setUp,tests.test_config_init_multi.TestMultiConfig.setUp,96b4ca2e0c55a21eb88a7ec2bbdf1dd75be10baf,2025-07-18T02:54:09+08:00,96b4ca2e0c55a21eb88a7ec2bbdf1dd75be10baf,2025-07-18T02:54:09+08:00,1,395,0.3333333333333333,,,False,False,0,1,0.0,17.46,,0.05726530339011921,60844169.0,NewFuture/DDNS,Python
tests/test_config_init_multi.py,1,callable,ok,tests.test_config_init_multi.TestMultiConfig.tearDown,tests.test_config_init_multi.TestMultiConfig.tearDown,96b4ca2e0c55a21eb88a7ec2bbdf1dd75be10baf,2025-07-18T02:54:09+08:00,96b4ca2e0c55a21eb88a7ec2bbdf1dd75be10baf,2025-07-18T02:54:09+08:00,1,395,0.16666666666666666,,,False,False,0,1,0.0,17.46,,0.05726530339011921,60844169.0,NewFuture/DDNS,Python
tests/test_config_init_multi.py,2,callable,ok,tests.test_config_init_multi.TestMultiConfig.test_file_loader_single_object,tests.test_config_init_multi.TestMultiConfig.test_file_loader_single_object,96b4ca2e0c55a21eb88a7ec2bbdf1dd75be10baf,2025-07-18T02:54:09+08:00,96b4ca2e0c55a21eb88a7ec2bbdf1dd75be10baf,2025-07-18T02:54:09+08:00,1,395,0.07692307692307693,,,False,False,0,1,0.0,17.46,,0.05726530339011921,60844169.0,NewFuture/DDNS,Python
tests/test_config_init_multi.py,3,callable,ok,tests.test_config_init_multi.TestMultiConfig.test_cli_multiple_configs,tests.test_config_init_multi.TestMultiConfig.test_cli_multiple_configs,96b4ca2e0c55a21eb88a7ec2bbdf1dd75be10baf,2025-07-18T02:54:09+08:00,96b4ca2e0c55a21eb88a7ec2bbdf1dd75be10baf,2025-07-18T02:54:09+08:00,1,395,0.03571428571428571,,,False,False,0,1,0.0,17.46,,0.05726530339011921,60844169.0,NewFuture/DDNS,Python
tests/test_config_init_multi.py,4,callable,ok,tests.test_config_init_multi.TestMultiConfig.test_env_multiple_configs_integration,tests.test_config_init_multi.TestMultiConfig.test_env_multiple_configs_integration,96b4ca2e0c55a21eb88a7ec2bbdf1dd75be10baf,2025-07-18T02:54:09+08:00,96b4ca2e0c55a21eb88a7ec2bbdf1dd75be10baf,2025-07-18T02:54:09+08:00,1,395,0.03125,,,False,False,0,1,0.0,17.46,,0.05726530339011921,60844169.0,NewFuture/DDNS,Python
tests/test_config_init_multi.py,5,callable,ok,tests.test_config_init_multi.TestMultiConfig.test_multi_provider_proxy_individual_settings,tests.test_config_init_multi.TestMultiConfig.test_multi_provider_proxy_individual_settings,c2cad12380081d2f6fbcbc02230dc8bc7793664f,2025-07-20T18:51:40Z,c2cad12380081d2f6fbcbc02230dc8bc7793664f,2025-07-20T18:51:40Z,1,392,0.017543859649122806,,,False,False,0,1,0.0,20.46,,0.04887380940798204,60844169.0,NewFuture/DDNS,Python
tests/test_config_init_multi.py,6,callable,ok,tests.test_config_init_multi.TestMultiConfig.test_multi_provider_with_global_proxy_override,tests.test_config_init_multi.TestMultiConfig.test_multi_provider_with_global_proxy_override,c2cad12380081d2f6fbcbc02230dc8bc7793664f,2025-07-20T18:51:40Z,c2cad12380081d2f6fbcbc02230dc8bc7793664f,2025-07-20T18:51:40Z,1,392,0.03225806451612903,,,False,False,0,1,0.0,20.46,,0.04887380940798204,60844169.0,NewFuture/DDNS,Python
tests/test_config_init_multi.py,7,callable,ok,tests.test_config_init_multi.TestMultiConfig.test_multi_provider_proxy_array_format,tests.test_config_init_multi.TestMultiConfig.test_multi_provider_proxy_array_format,c2cad12380081d2f6fbcbc02230dc8bc7793664f,2025-07-20T18:51:40Z,c2cad12380081d2f6fbcbc02230dc8bc7793664f,2025-07-20T18:51:40Z,1,392,0.058823529411764705,,,False,False,0,1,0.0,20.46,,0.04887380940798204,60844169.0,NewFuture/DDNS,Python
tests/test_config_init_multi.py,8,callable,ok,tests.test_config_init_multi.TestMultiConfig.test_env_multi_proxy_remote_config_array_conversion,tests.test_config_init_multi.TestMultiConfig.test_env_multi_proxy_remote_config_array_conversion,e66dcf024059173deb9b02ba801b1ed5f9279401,2025-07-22T01:46:01Z,e66dcf024059173deb9b02ba801b1ed5f9279401,2025-07-22T01:46:01Z,1,391,0.01282051282051282,,,False,False,0,1,0.0,21.75,,0.04597997210335489,60844169.0,NewFuture/DDNS,Python
tests/test_config_init_multi.py,9,callable,ok,tests.test_config_init_multi.TestMultiConfig.test_multi_provider_cache_max_age_inheritance_and_override,tests.test_config_init_multi.TestMultiConfig.test_multi_provider_cache_max_age_inheritance_and_override,06fceed0f7413546d3575022a19f319a796f79ef,2026-08-06T17:59:40+08:00,06fceed0f7413546d3575022a19f319a796f79ef,2026-08-06T17:59:40+08:00,1,10,0.07142857142857142,,,False,False,0,1,0.0,402.09,,0.0024869966631067687,60844169.0,NewFuture/DDNS,Python
tests/test_config_log_file_dir.py,0,class,ok,tests.test_config_log_file_dir.TestLogFileDirectory,tests.test_config_log_file_dir.TestLogFileDirectory,21539a6cb47fc08bb7ecdb232beb53bf68ed80f0,2025-11-21T00:17:09+08:00,21539a6cb47fc08bb7ecdb232beb53bf68ed80f0,2025-11-21T00:17:09+08:00,1,269,0.007874015748031496,,,False,False,0,1,0.0,143.35,,0.006975760121694719,60844169.0,NewFuture/DDNS,Python
tests/test_config_log_file_dir.py,0,callable,ok,tests.test_config_log_file_dir.TestLogFileDirectory.setUp,tests.test_config_log_file_dir.TestLogFileDirectory.setUp,21539a6cb47fc08bb7ecdb232beb53bf68ed80f0,2025-11-21T00:17:09+08:00,21539a6cb47fc08bb7ecdb232beb53bf68ed80f0,2025-11-21T00:17:09+08:00,1,269,0.3333333333333333,,,False,False,0,1,0.0,143.35,,0.006975760121694719,60844169.0,NewFuture/DDNS,Python
tests/test_config_log_file_dir.py,1,callable,ok,tests.test_config_log_file_dir.TestLogFileDirectory.tearDown,tests.test_config_log_file_dir.TestLogFileDirectory.tearDown,21539a6cb47fc08bb7ecdb232beb53bf68ed80f0,2025-11-21T00:17:09+08:00,21539a6cb47fc08bb7ecdb232beb53bf68ed80f0,2025-11-21T00:17:09+08:00,1,269,0.125,,,False,False,0,1,0.0,143.35,,0.006975760121694719,60844169.0,NewFuture/DDNS,Python
tests/test_config_log_file_dir.py,2,callable,ok,tests.test_config_log_file_dir.TestLogFileDirectory.test_log_file_with_nonexistent_directory_single_config,tests.test_config_log_file_dir.TestLogFileDirectory.test_log_file_with_nonexistent_directory_single_config,21539a6cb47fc08bb7ecdb232beb53bf68ed80f0,2025-11-21T00:17:09+08:00,21539a6cb47fc08bb7ecdb232beb53bf68ed80f0,2025-11-21T00:17:09+08:00,1,269,0.03333333333333333,,,False,False,0,1,0.0,143.35,,0.006975760121694719,60844169.0,NewFuture/DDNS,Python
tests/test_config_log_file_dir.py,3,callable,ok,tests.test_config_log_file_dir.TestLogFileDirectory.test_log_file_with_nonexistent_directory_multi_provider,tests.test_config_log_file_dir.TestLogFileDirectory.test_log_file_with_nonexistent_directory_multi_provider,21539a6cb47fc08bb7ecdb232beb53bf68ed80f0,2025-11-21T00:17:09+08:00,21539a6cb47fc08bb7ecdb232beb53bf68ed80f0,2025-11-21T00:17:09+08:00,1,269,0.02564102564102564,,,False,False,0,1,0.0,143.35,,0.006975760121694719,60844169.0,NewFuture/DDNS,Python
tests/test_config_log_file_dir.py,4,callable,ok,tests.test_config_log_file_dir.TestLogFileDirectory.test_log_file_with_nested_nonexistent_directory,tests.test_config_log_file_dir.TestLogFileDirectory.test_log_file_with_nested_nonexistent_directory,21539a6cb47fc08bb7ecdb232beb53bf68ed80f0,2025-11-21T00:17:09+08:00,21539a6cb47fc08bb7ecdb232beb53bf68ed80f0,2025-11-21T00:17:09+08:00,1,269,0.05263157894736842,,,False,False,0,1,0.0,143.35,,0.006975760121694719,60844169.0,NewFuture/DDNS,Python
tests/test_config_log_file_dir.py,5,callable,ok,tests.test_config_log_file_dir.TestLogFileDirectory.test_log_file_with_existing_directory,tests.test_config_log_file_dir.TestLogFileDirectory.test_log_file_with_existing_directory,21539a6cb47fc08bb7ecdb232beb53bf68ed80f0,2025-11-21T00:17:09+08:00,21539a6cb47fc08bb7ecdb232beb53bf68ed80f0,2025-11-21T00:17:09+08:00,1,269,0.05,,,False,False,0,1,0.0,143.35,,0.006975760121694719,60844169.0,NewFuture/DDNS,Python
tests/test_config_schema_v4_1.py,0,class,ok,tests.test_config_schema_v4_1.TestAllConfigFormatsIntegration,tests.test_config_schema_v4_1.TestAllConfigFormatsIntegration,96b4ca2e0c55a21eb88a7ec2bbdf1dd75be10baf,2025-07-18T02:54:09+08:00,d14594f14d68eecc69c09e1796cc1bffd8779ed9,2026-08-12T02:23:17+08:00,4,395,0.011527377521613832,0.8777800666723257,,False,False,0,4,0.0,407.44,,0.009817368817326633,60844169.0,NewFuture/DDNS,Python
tests/test_config_schema_v4_1.py,0,callable,ok,tests.test_config_schema_v4_1.TestAllConfigFormatsIntegration.setUp,tests.test_config_schema_v4_1.TestAllConfigFormatsIntegration.setUp,96b4ca2e0c55a21eb88a7ec2bbdf1dd75be10baf,2025-07-18T02:54:09+08:00,96b4ca2e0c55a21eb88a7ec2bbdf1dd75be10baf,2025-07-18T02:54:09+08:00,1,395,0.25,,,False,False,0,1,0.0,17.46,,0.05726530339011921,60844169.0,NewFuture/DDNS,Python
tests/test_config_schema_v4_1.py,1,callable,ok,tests.test_config_schema_v4_1.TestAllConfigFormatsIntegration.create_test_file,tests.test_config_schema_v4_1.TestAllConfigFormatsIntegration.create_test_file,96b4ca2e0c55a21eb88a7ec2bbdf1dd75be10baf,2025-07-18T02:54:09+08:00,96b4ca2e0c55a21eb88a7ec2bbdf1dd75be10baf,2025-07-18T02:54:09+08:00,1,395,0.1,,,False,False,0,1,0.0,17.46,,0.05726530339011921,60844169.0,NewFuture/DDNS,Python
tests/test_config_schema_v4_1.py,2,callable,ok,tests.test_config_schema_v4_1.TestAllConfigFormatsIntegration.test_all_config_formats_integration,tests.test_config_schema_v4_1.TestAllConfigFormatsIntegration.test_all_config_formats_integration,96b4ca2e0c55a21eb88a7ec2bbdf1dd75be10baf,2025-07-18T02:54:09+08:00,96b4ca2e0c55a21eb88a7ec2bbdf1dd75be10baf,2025-07-18T02:54:09+08:00,1,395,0.014925373134328358,,,False,False,0,1,0.0,17.46,,0.05726530339011921,60844169.0,NewFuture/DDNS,Python
tests/test_config_schema_v4_1.py,3,callable,ok,tests.test_config_schema_v4_1.TestAllConfigFormatsIntegration.test_v41_backward_compatibility,tests.test_config_schema_v4_1.TestAllConfigFormatsIntegration.test_v41_backward_compatibility,96b4ca2e0c55a21eb88a7ec2bbdf1dd75be10baf,2025-07-18T02:54:09+08:00,96b4ca2e0c55a21eb88a7ec2bbdf1dd75be10baf,2025-07-18T02:54:09+08:00,1,395,0.02857142857142857,,,False,False,0,1,0.0,17.46,,0.05726530339011921,60844169.0,NewFuture/DDNS,Python
tests/test_config_schema_v4_1.py,4,callable,ok,tests.test_config_schema_v4_1.TestAllConfigFormatsIntegration.test_v41_schema_reference,tests.test_config_schema_v4_1.TestAllConfigFormatsIntegration.test_v41_schema_reference,96b4ca2e0c55a21eb88a7ec2bbdf1dd75be10baf,2025-07-18T02:54:09+08:00,96b4ca2e0c55a21eb88a7ec2bbdf1dd75be10baf,2025-07-18T02:54:09+08:00,1,395,0.058823529411764705,,,False,False,0,1,0.0,17.46,,0.05726530339011921,60844169.0,NewFuture/DDNS,Python
tests/test_config_schema_v4_1.py,5,callable,ok,tests.test_config_schema_v4_1.TestAllConfigFormatsIntegration.test_v40_to_v41_compatibility,tests.test_config_schema_v4_1.TestAllConfigFormatsIntegration.test_v40_to_v41_compatibility,96b4ca2e0c55a21eb88a7ec2bbdf1dd75be10baf,2025-07-18T02:54:09+08:00,96b4ca2e0c55a21eb88a7ec2bbdf1dd75be10baf,2025-07-18T02:54:09+08:00,1,395,0.03571428571428571,,,False,False,0,1,0.0,17.46,,0.05726530339011921,60844169.0,NewFuture/DDNS,Python
tests/test_config_schema_v4_1.py,6,callable,ok,tests.test_config_schema_v4_1.TestAllConfigFormatsIntegration.test_v41_providers_complex_inheritance,tests.test_config_schema_v4_1.TestAllConfigFormatsIntegration.test_v41_providers_complex_inheritance,96b4ca2e0c55a21eb88a7ec2bbdf1dd75be10baf,2025-07-18T02:54:09+08:00,96b4ca2e0c55a21eb88a7ec2bbdf1dd75be10baf,2025-07-18T02:54:09+08:00,1,395,0.01818181818181818,,,False,False,0,1,0.0,17.46,,0.05726530339011921,60844169.0,NewFuture/DDNS,Python
tests/test_config_schema_v4_1.py,7,callable,ok,tests.test_config_schema_v4_1.TestAllConfigFormatsIntegration.test_v41_providers_error_cases,tests.test_config_schema_v4_1.TestAllConfigFormatsIntegration.test_v41_providers_error_cases,96b4ca2e0c55a21eb88a7ec2bbdf1dd75be10baf,2025-07-18T02:54:09+08:00,96b4ca2e0c55a21eb88a7ec2bbdf1dd75be10baf,2025-07-18T02:54:09+08:00,1,395,0.05263157894736842,,,False,False,0,1,0.0,17.46,,0.05726530339011921,60844169.0,NewFuture/DDNS,Python
tests/test_config_schema_v4_1.py,8,callable,ok,tests.test_config_schema_v4_1.TestAllConfigFormatsIntegration.test_v41_multi_provider_log_config,tests.test_config_schema_v4_1.TestAllConfigFormatsIntegration.test_v41_multi_provider_log_config,80813a07144ed1514a8448330ecdc2459dcfcb05,2025-10-15T14:00:14Z,80813a07144ed1514a8448330ecdc2459dcfcb05,2025-10-15T14:00:14Z,1,305,0.013333333333333334,,,False,False,0,1,0.0,107.26,,0.00932327283133552,60844169.0,NewFuture/DDNS,Python
tests/test_config_schema_v4_1.py,9,callable,ok,tests.test_config_schema_v4_1.TestAllConfigFormatsIntegration.test_cache_max_age_schema_definitions,tests.test_config_schema_v4_1.TestAllConfigFormatsIntegration.test_cache_max_age_schema_definitions,06fceed0f7413546d3575022a19f319a796f79ef,2026-08-06T17:59:40+08:00,06fceed0f7413546d3575022a19f319a796f79ef,2026-08-06T17:59:40+08:00,1,10,0.07142857142857142,,,False,False,0,1,0.0,402.09,,0.0024869966631067687,60844169.0,NewFuture/DDNS,Python
tests/test_config_schema_v4_1.py,10,callable,ok,tests.test_config_schema_v4_1.TestAllConfigFormatsIntegration.test_interval_schema_definition,tests.test_config_schema_v4_1.TestAllConfigFormatsIntegration.test_interval_schema_definition,d14594f14d68eecc69c09e1796cc1bffd8779ed9,2026-08-12T02:23:17+08:00,d14594f14d68eecc69c09e1796cc1bffd8779ed9,2026-08-12T02:23:17+08:00,1,5,0.07142857142857142,,,False,False,0,1,0.0,407.44,,0.0024543422043316583,60844169.0,NewFuture/DDNS,Python
tests/test_ip.py,0,class,ok,tests.test_ip.TestIpModule,tests.test_ip.TestIpModule,1e0f066684d0995b6c5574bfa360d6a83d0d6164,2025-08-14T23:50:12+08:00,e102ce50399117ffa64669eaca48ce3112283a7c,2026-08-08T01:05:22+08:00,4,367,0.010666666666666666,0.6669556466919204,,False,False,0,4,0.0,403.39,,0.009916035055020223,60844169.0,NewFuture/DDNS,Python
tests/test_ip.py,15,callable,ok,tests.test_ip.TestIpModule.test_get_ip_multiple_rules_limitation,tests.test_ip.TestIpModule.test_get_ip_multiple_rules_limitation,1e0f066684d0995b6c5574bfa360d6a83d0d6164,2025-08-14T23:50:12+08:00,1e0f066684d0995b6c5574bfa360d6a83d0d6164,2025-08-14T23:50:12+08:00,1,0,0.05263157894736842,,,True,False,0,1,0.0,45.33,,0.022058091413428373,60844169.0,NewFuture/DDNS,Python
tests/test_ip.py,0,callable,ok,tests.test_ip.TestIpModule.setUp,tests.test_ip.TestIpModule.setUp,1e0f066684d0995b6c5574bfa360d6a83d0d6164,2025-08-14T23:50:12+08:00,1e0f066684d0995b6c5574bfa360d6a83d0d6164,2025-08-14T23:50:12+08:00,1,367,0.3333333333333333,,,False,False,0,1,0.0,45.33,,0.022058091413428373,60844169.0,NewFuture/DDNS,Python
tests/test_ip.py,1,callable,ok,tests.test_ip.TestIpModule.tearDown,tests.test_ip.TestIpModule.tearDown,1e0f066684d0995b6c5574bfa360d6a83d0d6164,2025-08-14T23:50:12+08:00,1e0f066684d0995b6c5574bfa360d6a83d0d6164,2025-08-14T23:50:12+08:00,1,367,0.3333333333333333,,,False,False,0,1,0.0,45.33,,0.022058091413428373,60844169.0,NewFuture/DDNS,Python
tests/test_ip.py,2,callable,ok,tests.test_ip.TestIpModule.test_url_v4_success,tests.test_ip.TestIpModule.test_url_v4_success,1e0f066684d0995b6c5574bfa360d6a83d0d6164,2025-08-14T23:50:12+08:00,1e0f066684d0995b6c5574bfa360d6a83d0d6164,2025-08-14T23:50:12+08:00,1,367,0.09090909090909091,,,False,False,0,1,0.0,45.33,,0.022058091413428373,60844169.0,NewFuture/DDNS,Python
tests/test_ip.py,3,callable,ok,tests.test_ip.TestIpModule.test_url_v6_success,tests.test_ip.TestIpModule.test_url_v6_success,1e0f066684d0995b6c5574bfa360d6a83d0d6164,2025-08-14T23:50:12+08:00,1e0f066684d0995b6c5574bfa360d6a83d0d6164,2025-08-14T23:50:12+08:00,1,367,0.09090909090909091,,,False,False,0,1,0.0,45.33,,0.022058091413428373,60844169.0,NewFuture/DDNS,Python
tests/test_ip.py,4,callable,ok,tests.test_ip.TestIpModule.test_url_v4_request_failure,tests.test_ip.TestIpModule.test_url_v4_request_failure,1e0f066684d0995b6c5574bfa360d6a83d0d6164,2025-08-14T23:50:12+08:00,1e0f066684d0995b6c5574bfa360d6a83d0d6164,2025-08-14T23:50:12+08:00,1,367,0.1111111111111111,,,False,False,0,1,0.0,45.33,,0.022058091413428373,60844169.0,NewFuture/DDNS,Python
tests/test_ip.py,5,callable,ok,tests.test_ip.TestIpModule.test_url_v4_invalid_response,tests.test_ip.TestIpModule.test_url_v4_invalid_response,1e0f066684d0995b6c5574bfa360d6a83d0d6164,2025-08-14T23:50:12+08:00,1e0f066684d0995b6c5574bfa360d6a83d0d6164,2025-08-14T23:50:12+08:00,1,367,0.09090909090909091,,,False,False,0,1,0.0,45.33,,0.022058091413428373,60844169.0,NewFuture/DDNS,Python
tests/test_ip.py,6,callable,ok,tests.test_ip.TestIpModule.test_public_v4_multiple_apis_first_success,tests.test_ip.TestIpModule.test_public_v4_multiple_apis_first_success,1e0f066684d0995b6c5574bfa360d6a83d0d6164,2025-08-14T23:50:12+08:00,1e0f066684d0995b6c5574bfa360d6a83d0d6164,2025-08-14T23:50:12+08:00,1,367,0.08333333333333333,,,False,False,0,1,0.0,45.33,,0.022058091413428373,60844169.0,NewFuture/DDNS,Python
tests/test_ip.py,7,callable,ok,tests.test_ip.TestIpModule.test_public_v4_multiple_apis_fallback_success,tests.test_ip.TestIpModule.test_public_v4_multiple_apis_fallback_success,1e0f066684d0995b6c5574bfa360d6a83d0d6164,2025-08-14T23:50:12+08:00,1e0f066684d0995b6c5574bfa360d6a83d0d6164,2025-08-14T23:50:12+08:00,1,367,0.05263157894736842,,,False,False,0,1,0.0,45.33,,0.022058091413428373,60844169.0,NewFuture/DDNS,Python
tests/test_ip.py,8,callable,ok,tests.test_ip.TestIpModule.test_public_v4_multiple_apis_all_fail,tests.test_ip.TestIpModule.test_public_v4_multiple_apis_all_fail,1e0f066684d0995b6c5574bfa360d6a83d0d6164,2025-08-14T23:50:12+08:00,1e0f066684d0995b6c5574bfa360d6a83d0d6164,2025-08-14T23:50:12+08:00,1,367,0.1,,,False,False,0,1,0.0,45.33,,0.022058091413428373,60844169.0,NewFuture/DDNS,Python
tests/test_ip.py,9,callable,ok,tests.test_ip.TestIpModule.test_public_v6_multiple_apis_first_success,tests.test_ip.TestIpModule.test_public_v6_multiple_apis_first_success,1e0f066684d0995b6c5574bfa360d6a83d0d6164,2025-08-14T23:50:12+08:00,1e0f066684d0995b6c5574bfa360d6a83d0d6164,2025-08-14T23:50:12+08:00,1,367,0.08333333333333333,,,False,False,0,1,0.0,45.33,,0.022058091413428373,60844169.0,NewFuture/DDNS,Python
tests/test_ip.py,10,callable,ok,tests.test_ip.TestIpModule.test_public_v6_multiple_apis_fallback_success,tests.test_ip.TestIpModule.test_public_v6_multiple_apis_fallback_success,1e0f066684d0995b6c5574bfa360d6a83d0d6164,2025-08-14T23:50:12+08:00,1e0f066684d0995b6c5574bfa360d6a83d0d6164,2025-08-14T23:50:12+08:00,1,367,0.05263157894736842,,,False,False,0,1,0.0,45.33,,0.022058091413428373,60844169.0,NewFuture/DDNS,Python
tests/test_ip.py,11,callable,ok,tests.test_ip.TestIpModule.test_public_ipv4_apis_list_exists,tests.test_ip.TestIpModule.test_public_ipv4_apis_list_exists,1e0f066684d0995b6c5574bfa360d6a83d0d6164,2025-08-14T23:50:12+08:00,7490657d822e8b30d80e15c91ee15ebcb882ded9,2026-06-12T19:51:59+08:00,2,367,0.2,,,False,False,0,2,0.0,347.17,,0.0057608762292744725,60844169.0,NewFuture/DDNS,Python
tests/test_ip.py,12,callable,ok,tests.test_ip.TestIpModule.test_public_ipv6_apis_list_exists,tests.test_ip.TestIpModule.test_public_ipv6_apis_list_exists,1e0f066684d0995b6c5574bfa360d6a83d0d6164,2025-08-14T23:50:12+08:00,7490657d822e8b30d80e15c91ee15ebcb882ded9,2026-06-12T19:51:59+08:00,2,367,0.2222222222222222,,,False,False,0,2,0.0,347.17,,0.0057608762292744725,60844169.0,NewFuture/DDNS,Python
tests/test_ip.py,13,callable,ok,tests.test_ip.TestIpModule.test_get_ip_public_mode_fallback,tests.test_ip.TestIpModule.test_get_ip_public_mode_fallback,1e0f066684d0995b6c5574bfa360d6a83d0d6164,2025-08-14T23:50:12+08:00,7490657d822e8b30d80e15c91ee15ebcb882ded9,2026-06-12T19:51:59+08:00,2,367,0.09090909090909091,,,False,False,0,2,0.0,347.17,,0.0057608762292744725,60844169.0,NewFuture/DDNS,Python
tests/test_ip.py,14,callable,ok,tests.test_ip.TestIpModule.test_get_ip_url_mode_backward_compatibility,tests.test_ip.TestIpModule.test_get_ip_url_mode_backward_compatibility,1e0f066684d0995b6c5574bfa360d6a83d0d6164,2025-08-14T23:50:12+08:00,1e0f066684d0995b6c5574bfa360d6a83d0d6164,2025-08-14T23:50:12+08:00,1,367,0.06666666666666667,,,False,False,0,1,0.0,45.33,,0.022058091413428373,60844169.0,NewFuture/DDNS,Python
tests/test_ip.py,16,callable,ok,tests.test_ip.TestIpModule.test_get_ip_multiple_url_rules_fallback,tests.test_ip.TestIpModule.test_get_ip_multiple_url_rules_fallback,e61bc6b47424aec5c737ef31da1925c31d2f2902,2026-08-05T19:42:02+12:00,e61bc6b47424aec5c737ef31da1925c31d2f2902,2026-08-05T19:42:02+12:00,1,11,0.05263157894736842,,,False,False,0,1,0.0,401.0,,0.0024937914982491507,60844169.0,NewFuture/DDNS,Python
tests/test_ip.py,17,callable,ok,tests.test_ip.TestIpModule.test_get_ip_multiple_rules_fallback,tests.test_ip.TestIpModule.test_get_ip_multiple_rules_fallback,e61bc6b47424aec5c737ef31da1925c31d2f2902,2026-08-05T19:42:02+12:00,e61bc6b47424aec5c737ef31da1925c31d2f2902,2026-08-05T19:42:02+12:00,1,11,0.05263157894736842,,,False,False,0,1,0.0,401.0,,0.0024937914982491507,60844169.0,NewFuture/DDNS,Python
tests/test_ip.py,18,callable,ok,tests.test_ip.TestIpModule.test_get_ip_regex_rule_fallback,tests.test_ip.TestIpModule.test_get_ip_regex_rule_fallback,e61bc6b47424aec5c737ef31da1925c31d2f2902,2026-08-05T19:42:02+12:00,e102ce50399117ffa64669eaca48ce3112283a7c,2026-08-08T01:05:22+08:00,2,11,0.2222222222222222,,,False,False,0,2,0.0,403.39,,0.0049580175275101114,60844169.0,NewFuture/DDNS,Python
tests/test_ip.py,19,callable,ok,tests.test_ip.TestIpModule.test_get_ip_cmd_rule_fallback_on_empty_output,tests.test_ip.TestIpModule.test_get_ip_cmd_rule_fallback_on_empty_output,e61bc6b47424aec5c737ef31da1925c31d2f2902,2026-08-05T19:42:02+12:00,e61bc6b47424aec5c737ef31da1925c31d2f2902,2026-08-05T19:42:02+12:00,1,11,0.1,,,False,False,0,1,0.0,401.0,,0.0024937914982491507,60844169.0,NewFuture/DDNS,Python
tests/test_ip.py,20,callable,ok,tests.test_ip.TestIpModule.test_get_ip_shell_rule_fallback_on_empty_output,tests.test_ip.TestIpModule.test_get_ip_shell_rule_fallback_on_empty_output,e61bc6b47424aec5c737ef31da1925c31d2f2902,2026-08-05T19:42:02+12:00,e61bc6b47424aec5c737ef31da1925c31d2f2902,2026-08-05T19:42:02+12:00,1,11,0.1,,,False,False,0,1,0.0,401.0,,0.0024937914982491507,60844169.0,NewFuture/DDNS,Python
tests/test_ip.py,21,callable,ok,tests.test_ip.TestIpModule.test_get_ip_ipv6_rule_fallback,tests.test_ip.TestIpModule.test_get_ip_ipv6_rule_fallback,e61bc6b47424aec5c737ef31da1925c31d2f2902,2026-08-05T19:42:02+12:00,e61bc6b47424aec5c737ef31da1925c31d2f2902,2026-08-05T19:42:02+12:00,1,11,0.05263157894736842,,,False,False,0,1,0.0,401.0,,0.0024937914982491507,60844169.0,NewFuture/DDNS,Python
tests/test_ip.py,22,callable,ok,tests.test_ip.TestIpModule.test_regex_v4_uses_ip_address,tests.test_ip.TestIpModule.test_regex_v4_uses_ip_address,e102ce50399117ffa64669eaca48ce3112283a7c,2026-08-08T01:05:22+08:00,e102ce50399117ffa64669eaca48ce3112283a7c,2026-08-08T01:05:22+08:00,1,9,0.125,,,False,False,0,1,0.0,403.39,,0.0024790087637550557,60844169.0,NewFuture/DDNS,Python
tests/test_ip.py,23,callable,ok,tests.test_ip.TestIpModule.test_regex_v6_uses_ip_address,tests.test_ip.TestIpModule.test_regex_v6_uses_ip_address,e102ce50399117ffa64669eaca48ce3112283a7c,2026-08-08T01:05:22+08:00,e102ce50399117ffa64669eaca48ce3112283a7c,2026-08-08T01:05:22+08:00,1,9,0.125,,,False,False,0,1,0.0,403.39,,0.0024790087637550557,60844169.0,NewFuture/DDNS,Python
tests/test_ip.py,24,callable,ok,tests.test_ip.TestIpModule.test_regex_falls_back_to_ifconfig_when_ip_fails,tests.test_ip.TestIpModule.test_regex_falls_back_to_ifconfig_when_ip_fails,e102ce50399117ffa64669eaca48ce3112283a7c,2026-08-08T01:05:22+08:00,e102ce50399117ffa64669eaca48ce3112283a7c,2026-08-08T01:05:22+08:00,1,9,0.1111111111111111,,,False,False,0,1,0.0,403.39,,0.0024790087637550557,60844169.0,NewFuture/DDNS,Python
tests/test_ip.py,25,callable,ok,tests.test_ip.TestIpModule.test_regex_does_not_fallback_after_successful_ip_command,tests.test_ip.TestIpModule.test_regex_does_not_fallback_after_successful_ip_command,e102ce50399117ffa64669eaca48ce3112283a7c,2026-08-08T01:05:22+08:00,e102ce50399117ffa64669eaca48ce3112283a7c,2026-08-08T01:05:22+08:00,1,9,0.125,,,False,False,0,1,0.0,403.39,,0.0024790087637550557,60844169.0,NewFuture/DDNS,Python
tests/test_ip.py,26,callable,ok,tests.test_ip.TestIpModule.test_regex_returns_none_when_network_commands_fail,tests.test_ip.TestIpModule.test_regex_returns_none_when_network_commands_fail,e102ce50399117ffa64669eaca48ce3112283a7c,2026-08-08T01:05:22+08:00,e102ce50399117ffa64669eaca48ce3112283a7c,2026-08-08T01:05:22+08:00,1,9,0.125,,,False,False,0,1,0.0,403.39,,0.0024790087637550557,60844169.0,NewFuture/DDNS,Python
tests/test_ip.py,27,callable,ok,tests.test_ip.TestIpModule.test_regex_v4_uses_ipconfig_on_windows,tests.test_ip.TestIpModule.test_regex_v4_uses_ipconfig_on_windows,e102ce50399117ffa64669eaca48ce3112283a7c,2026-08-08T01:05:22+08:00,e102ce50399117ffa64669eaca48ce3112283a7c,2026-08-08T01:05:22+08:00,1,9,0.125,,,False,False,0,1,0.0,403.39,,0.0024790087637550557,60844169.0,NewFuture/DDNS,Python
tests/test_main.py,0,class,ok,tests.test_main.TestMain,tests.test_main.TestMain,06fceed0f7413546d3575022a19f319a796f79ef,2026-08-06T17:59:40+08:00,c919f2c6afd9f75f2c239642d6ea7f24a631df75,2026-08-13T17:25:47+08:00,2,10,0.031746031746031744,,,False,False,0,2,0.0,409.07,,0.004889164092994278,60844169.0,NewFuture/DDNS,Python
tests/test_main.py,0,callable,ok,tests.test_main.TestMain.test_run_passes_cache_max_age_to_cache,tests.test_main.TestMain.test_run_passes_cache_max_age_to_cache,06fceed0f7413546d3575022a19f319a796f79ef,2026-08-06T17:59:40+08:00,06fceed0f7413546d3575022a19f319a796f79ef,2026-08-06T17:59:40+08:00,1,10,0.09090909090909091,,,False,False,0,1,0.0,402.09,,0.0024869966631067687,60844169.0,NewFuture/DDNS,Python
tests/test_main.py,1,callable,ok,tests.test_main.TestMain.test_update_ip_stops_before_next_domain_when_cancelled,tests.test_main.TestMain.test_update_ip_stops_before_next_domain_when_cancelled,c919f2c6afd9f75f2c239642d6ea7f24a631df75,2026-08-13T17:25:47+08:00,c919f2c6afd9f75f2c239642d6ea7f24a631df75,2026-08-13T17:25:47+08:00,1,3,0.05,,,False,False,0,1,0.0,409.07,,0.002444582046497139,60844169.0,NewFuture/DDNS,Python
tests/test_main.py,2,callable,ok,tests.test_main.TestMain.test_get_ip_stops_before_next_rule_when_cancelled,tests.test_main.TestMain.test_get_ip_stops_before_next_rule_when_cancelled,c919f2c6afd9f75f2c239642d6ea7f24a631df75,2026-08-13T17:25:47+08:00,c919f2c6afd9f75f2c239642d6ea7f24a631df75,2026-08-13T17:25:47+08:00,1,3,0.1111111111111111,,,False,False,0,1,0.0,409.07,,0.002444582046497139,60844169.0,NewFuture/DDNS,Python
tests/test_main.py,3,callable,ok,tests.test_main.TestMain.test_mcp_mode_does_not_write_windows_leading_line,tests.test_main.TestMain.test_mcp_mode_does_not_write_windows_leading_line,c919f2c6afd9f75f2c239642d6ea7f24a631df75,2026-08-13T17:25:47+08:00,c919f2c6afd9f75f2c239642d6ea7f24a631df75,2026-08-13T17:25:47+08:00,1,3,0.08333333333333333,,,False,False,0,1,0.0,409.07,,0.002444582046497139,60844169.0,NewFuture/DDNS,Python
tests/test_mcp.py,0,class,ok,tests.test_mcp.TextCapture,tests.test_mcp.TextCapture,c919f2c6afd9f75f2c239642d6ea7f24a631df75,2026-08-13T17:25:47+08:00,c919f2c6afd9f75f2c239642d6ea7f24a631df75,2026-08-13T17:25:47+08:00,1,3,0.05555555555555555,,,False,False,0,1,0.0,409.07,,0.002444582046497139,60844169.0,NewFuture/DDNS,Python
tests/test_mcp.py,1,class,ok,tests.test_mcp.TestMcpServer,tests.test_mcp.TestMcpServer,c919f2c6afd9f75f2c239642d6ea7f24a631df75,2026-08-13T17:25:47+08:00,c919f2c6afd9f75f2c239642d6ea7f24a631df75,2026-08-13T17:25:47+08:00,1,3,0.0030581039755351682,,,False,False,0,1,0.0,409.07,,0.002444582046497139,60844169.0,NewFuture/DDNS,Python
tests/test_mcp.py,0,callable,ok,tests.test_mcp.TextCapture.__init__,tests.test_mcp.TextCapture.__init__,c919f2c6afd9f75f2c239642d6ea7f24a631df75,2026-08-13T17:25:47+08:00,c919f2c6afd9f75f2c239642d6ea7f24a631df75,2026-08-13T17:25:47+08:00,1,3,0.5,,,False,False,0,1,0.0,409.07,,0.002444582046497139,60844169.0,NewFuture/DDNS,Python
tests/test_mcp.py,1,callable,ok,tests.test_mcp.TextCapture.write,tests.test_mcp.TextCapture.write,c919f2c6afd9f75f2c239642d6ea7f24a631df75,2026-08-13T17:25:47+08:00,c919f2c6afd9f75f2c239642d6ea7f24a631df75,2026-08-13T17:25:47+08:00,1,3,0.2,,,False,False,0,1,0.0,409.07,,0.002444582046497139,60844169.0,NewFuture/DDNS,Python
tests/test_mcp.py,2,callable,ok,tests.test_mcp.TextCapture.flush,tests.test_mcp.TextCapture.flush,c919f2c6afd9f75f2c239642d6ea7f24a631df75,2026-08-13T17:25:47+08:00,c919f2c6afd9f75f2c239642d6ea7f24a631df75,2026-08-13T17:25:47+08:00,1,3,0.5,,,False,False,0,1,0.0,409.07,,0.002444582046497139,60844169.0,NewFuture/DDNS,Python
tests/test_mcp.py,3,callable,ok,tests.test_mcp.TextCapture.getvalue,tests.test_mcp.TextCapture.getvalue,c919f2c6afd9f75f2c239642d6ea7f24a631df75,2026-08-13T17:25:47+08:00,c919f2c6afd9f75f2c239642d6ea7f24a631df75,2026-08-13T17:25:47+08:00,1,3,0.3333333333333333,,,False,False,0,1,0.0,409.07,,0.002444582046497139,60844169.0,NewFuture/DDNS,Python
tests/test_mcp.py,4,callable,ok,tests.test_mcp.TestMcpServer._request,tests.test_mcp.TestMcpServer._request,c919f2c6afd9f75f2c239642d6ea7f24a631df75,2026-08-13T17:25:47+08:00,c919f2c6afd9f75f2c239642d6ea7f24a631df75,2026-08-13T17:25:47+08:00,1,3,0.1111111111111111,,,False,False,0,1,0.0,409.07,,0.002444582046497139,60844169.0,NewFuture/DDNS,Python
tests/test_mcp.py,5,callable,ok,tests.test_mcp.TestMcpServer._dashboard,tests.test_mcp.TestMcpServer._dashboard,c919f2c6afd9f75f2c239642d6ea7f24a631df75,2026-08-13T17:25:47+08:00,c919f2c6afd9f75f2c239642d6ea7f24a631df75,2026-08-13T17:25:47+08:00,1,3,0.07142857142857142,,,False,False,0,1,0.0,409.07,,0.002444582046497139,60844169.0,NewFuture/DDNS,Python
tests/test_mcp.py,6,callable,ok,tests.test_mcp.TestMcpServer.test_discover_declares_modern_tool_capability,tests.test_mcp.TestMcpServer.test_discover_declares_modern_tool_capability,c919f2c6afd9f75f2c239642d6ea7f24a631df75,2026-08-13T17:25:47+08:00,c919f2c6afd9f75f2c239642d6ea7f24a631df75,2026-08-13T17:25:47+08:00,1,3,0.1,,,False,False,0,1,0.0,409.07,,0.002444582046497139,60844169.0,NewFuture/DDNS,Python
tests/test_mcp.py,7,callable,ok,tests.test_mcp.TestMcpServer.test_tools_list_is_deterministic_and_describes_side_effects,tests.test_mcp.TestMcpServer.test_tools_list_is_deterministic_and_describes_side_effects,c919f2c6afd9f75f2c239642d6ea7f24a631df75,2026-08-13T17:25:47+08:00,c919f2c6afd9f75f2c239642d6ea7f24a631df75,2026-08-13T17:25:47+08:00,1,3,0.08333333333333333,,,False,False,0,1,0.0,409.07,,0.002444582046497139,60844169.0,NewFuture/DDNS,Python
tests/test_mcp.py,8,callable,ok,tests.test_mcp.TestMcpServer.test_status_tool_returns_only_whitelisted_state,tests.test_mcp.TestMcpServer.test_status_tool_returns_only_whitelisted_state,c919f2c6afd9f75f2c239642d6ea7f24a631df75,2026-08-13T17:25:47+08:00,c919f2c6afd9f75f2c239642d6ea7f24a631df75,2026-08-13T17:25:47+08:00,1,3,0.05263157894736842,,,False,False,0,1,0.0,409.07,,0.002444582046497139,60844169.0,NewFuture/DDNS,Python
tests/test_mcp.py,9,callable,ok,tests.test_mcp.TestMcpServer.test_update_tool_runs_complete_config_sync,tests.test_mcp.TestMcpServer.test_update_tool_runs_complete_config_sync,c919f2c6afd9f75f2c239642d6ea7f24a631df75,2026-08-13T17:25:47+08:00,c919f2c6afd9f75f2c239642d6ea7f24a631df75,2026-08-13T17:25:47+08:00,1,3,0.08333333333333333,,,False,False,0,1,0.0,409.07,,0.002444582046497139,60844169.0,NewFuture/DDNS,Python
tests/test_mcp.py,10,callable,ok,tests.test_mcp.TestMcpServer.test_update_tool_redirects_provider_stdout_to_stderr,tests.test_mcp.TestMcpServer.test_update_tool_redirects_provider_stdout_to_stderr,c919f2c6afd9f75f2c239642d6ea7f24a631df75,2026-08-13T17:25:47+08:00,c919f2c6afd9f75f2c239642d6ea7f24a631df75,2026-08-13T17:25:47+08:00,1,3,0.043478260869565216,,,False,False,0,1,0.0,409.07,,0.002444582046497139,60844169.0,NewFuture/DDNS,Python
tests/test_mcp.py,11,callable,ok,tests.test_mcp.TestMcpServer.test_tool_rejects_arbitrary_arguments,tests.test_mcp.TestMcpServer.test_tool_rejects_arbitrary_arguments,c919f2c6afd9f75f2c239642d6ea7f24a631df75,2026-08-13T17:25:47+08:00,c919f2c6afd9f75f2c239642d6ea7f24a631df75,2026-08-13T17:25:47+08:00,1,3,0.09090909090909091,,,False,False,0,1,0.0,409.07,,0.002444582046497139,60844169.0,NewFuture/DDNS,Python
tests/test_mcp.py,12,callable,ok,tests.test_mcp.TestMcpServer.test_dashboard_error_is_a_tool_execution_error,tests.test_mcp.TestMcpServer.test_dashboard_error_is_a_tool_execution_error,c919f2c6afd9f75f2c239642d6ea7f24a631df75,2026-08-13T17:25:47+08:00,c919f2c6afd9f75f2c239642d6ea7f24a631df75,2026-08-13T17:25:47+08:00,1,3,0.1,,,False,False,0,1,0.0,409.07,,0.002444582046497139,60844169.0,NewFuture/DDNS,Python
tests/test_mcp.py,13,callable,ok,tests.test_mcp.TestMcpServer.test_unexpected_tool_error_is_sanitized,tests.test_mcp.TestMcpServer.test_unexpected_tool_error_is_sanitized,c919f2c6afd9f75f2c239642d6ea7f24a631df75,2026-08-13T17:25:47+08:00,c919f2c6afd9f75f2c239642d6ea7f24a631df75,2026-08-13T17:25:47+08:00,1,3,0.08333333333333333,,,False,False,0,1,0.0,409.07,,0.002444582046497139,60844169.0,NewFuture/DDNS,Python
tests/test_mcp.py,14,callable,ok,tests.test_mcp.TestMcpServer.test_missing_metadata_is_invalid_params,tests.test_mcp.TestMcpServer.test_missing_metadata_is_invalid_params,c919f2c6afd9f75f2c239642d6ea7f24a631df75,2026-08-13T17:25:47+08:00,c919f2c6afd9f75f2c239642d6ea7f24a631df75,2026-08-13T17:25:47+08:00,1,3,0.14285714285714285,,,False,False,0,1,0.0,409.07,,0.002444582046497139,60844169.0,NewFuture/DDNS,Python
tests/test_mcp.py,15,callable,ok,tests.test_mcp.TestMcpServer.test_invalid_optional_client_info_is_rejected,tests.test_mcp.TestMcpServer.test_invalid_optional_client_info_is_rejected,c919f2c6afd9f75f2c239642d6ea7f24a631df75,2026-08-13T17:25:47+08:00,c919f2c6afd9f75f2c239642d6ea7f24a631df75,2026-08-13T17:25:47+08:00,1,3,0.125,,,False,False,0,1,0.0,409.07,,0.002444582046497139,60844169.0,NewFuture/DDNS,Python
tests/test_mcp.py,16,callable,ok,tests.test_mcp.TestMcpServer.test_unsupported_version_lists_supported_version,tests.test_mcp.TestMcpServer.test_unsupported_version_lists_supported_version,c919f2c6afd9f75f2c239642d6ea7f24a631df75,2026-08-13T17:25:47+08:00,c919f2c6afd9f75f2c239642d6ea7f24a631df75,2026-08-13T17:25:47+08:00,1,3,0.14285714285714285,,,False,False,0,1,0.0,409.07,,0.002444582046497139,60844169.0,NewFuture/DDNS,Python
tests/test_mcp.py,17,callable,ok,tests.test_mcp.TestMcpServer.test_legacy_copilot_lifecycle_lists_and_calls_tools,tests.test_mcp.TestMcpServer.test_legacy_copilot_lifecycle_lists_and_calls_tools,c919f2c6afd9f75f2c239642d6ea7f24a631df75,2026-08-13T17:25:47+08:00,c919f2c6afd9f75f2c239642d6ea7f24a631df75,2026-08-13T17:25:47+08:00,1,3,0.027777777777777776,,,False,False,0,1,0.0,409.07,,0.002444582046497139,60844169.0,NewFuture/DDNS,Python
tests/test_mcp.py,18,callable,ok,tests.test_mcp.TestMcpServer.test_legacy_ping_works_before_initialized_notification,tests.test_mcp.TestMcpServer.test_legacy_ping_works_before_initialized_notification,c919f2c6afd9f75f2c239642d6ea7f24a631df75,2026-08-13T17:25:47+08:00,c919f2c6afd9f75f2c239642d6ea7f24a631df75,2026-08-13T17:25:47+08:00,1,3,0.05263157894736842,,,False,False,0,1,0.0,409.07,,0.002444582046497139,60844169.0,NewFuture/DDNS,Python
tests/test_mcp.py,19,callable,ok,tests.test_mcp.TestMcpServer.test_missing_meta_discover_allows_legacy_fallback,tests.test_mcp.TestMcpServer.test_missing_meta_discover_allows_legacy_fallback,c919f2c6afd9f75f2c239642d6ea7f24a631df75,2026-08-13T17:25:47+08:00,c919f2c6afd9f75f2c239642d6ea7f24a631df75,2026-08-13T17:25:47+08:00,1,3,0.2,,,False,False,0,1,0.0,409.07,,0.002444582046497139,60844169.0,NewFuture/DDNS,Python
tests/test_mcp.py,20,callable,ok,tests.test_mcp.TestMcpServer.test_unknown_method_and_tool_are_protocol_errors,tests.test_mcp.TestMcpServer.test_unknown_method_and_tool_are_protocol_errors,c919f2c6afd9f75f2c239642d6ea7f24a631df75,2026-08-13T17:25:47+08:00,c919f2c6afd9f75f2c239642d6ea7f24a631df75,2026-08-13T17:25:47+08:00,1,3,0.14285714285714285,,,False,False,0,1,0.0,409.07,,0.002444582046497139,60844169.0,NewFuture/DDNS,Python
tests/test_mcp.py,21,callable,ok,tests.test_mcp.TestMcpServer.test_invalid_json_and_request_id_are_rejected,tests.test_mcp.TestMcpServer.test_invalid_json_and_request_id_are_rejected,c919f2c6afd9f75f2c239642d6ea7f24a631df75,2026-08-13T17:25:47+08:00,c919f2c6afd9f75f2c239642d6ea7f24a631df75,2026-08-13T17:25:47+08:00,1,3,0.1111111111111111,,,False,False,0,1,0.0,409.07,,0.002444582046497139,60844169.0,NewFuture/DDNS,Python
tests/test_mcp.py,22,callable,ok,tests.test_mcp.TestMcpServer.test_utf8_bytes_are_decoded_explicitly,tests.test_mcp.TestMcpServer.test_utf8_bytes_are_decoded_explicitly,c919f2c6afd9f75f2c239642d6ea7f24a631df75,2026-08-13T17:25:47+08:00,c919f2c6afd9f75f2c239642d6ea7f24a631df75,2026-08-13T17:25:47+08:00,1,3,0.1111111111111111,,,False,False,0,1,0.0,409.07,,0.002444582046497139,60844169.0,NewFuture/DDNS,Python
tests/test_mcp.py,23,callable,ok,tests.test_mcp.TestMcpServer.test_notifications_do_not_receive_responses,tests.test_mcp.TestMcpServer.test_notifications_do_not_receive_responses,c919f2c6afd9f75f2c239642d6ea7f24a631df75,2026-08-13T17:25:47+08:00,c919f2c6afd9f75f2c239642d6ea7f24a631df75,2026-08-13T17:25:47+08:00,1,3,0.2,,,False,False,0,1,0.0,409.07,,0.002444582046497139,60844169.0,NewFuture/DDNS,Python
tests/test_mcp.py,24,callable,ok,tests.test_mcp.TestMcpServer.test_stdio_writes_one_json_response_per_line,tests.test_mcp.TestMcpServer.test_stdio_writes_one_json_response_per_line,c919f2c6afd9f75f2c239642d6ea7f24a631df75,2026-08-13T17:25:47+08:00,c919f2c6afd9f75f2c239642d6ea7f24a631df75,2026-08-13T17:25:47+08:00,1,3,0.047619047619047616,,,False,False,0,1,0.0,409.07,,0.002444582046497139,60844169.0,NewFuture/DDNS,Python
tests/test_mcp.py,25,callable,ok,tests.test_mcp.TestMcpServer.test_in_flight_cancellation_suppresses_tool_response,tests.test_mcp.TestMcpServer.test_in_flight_cancellation_suppresses_tool_response,c919f2c6afd9f75f2c239642d6ea7f24a631df75,2026-08-13T17:25:47+08:00,c919f2c6afd9f75f2c239642d6ea7f24a631df75,2026-08-13T17:25:47+08:00,1,3,0.02702702702702703,,,False,False,0,1,0.0,409.07,,0.002444582046497139,60844169.0,NewFuture/DDNS,Python
tests/test_provider__signature.py,0,class,ok,tests.test_provider__signature.TestHmacSha256Authorization,tests.test_provider__signature.TestHmacSha256Authorization,485e6a3e26c5aab9c6c9a7287efd24e00c9ee159,2025-07-12T11:04:25+08:00,485e6a3e26c5aab9c6c9a7287efd24e00c9ee159,2025-07-12T11:04:25+08:00,1,401,0.0029585798816568047,,,False,False,0,1,0.0,11.8,,0.08472390694883127,60844169.0,NewFuture/DDNS,Python
tests/test_provider__signature.py,0,callable,ok,tests.test_provider__signature.TestHmacSha256Authorization.test_basic_functionality,tests.test_provider__signature.TestHmacSha256Authorization.test_basic_functionality,485e6a3e26c5aab9c6c9a7287efd24e00c9ee159,2025-07-12T11:04:25+08:00,485e6a3e26c5aab9c6c9a7287efd24e00c9ee159,2025-07-12T11:04:25+08:00,1,401,0.038461538461538464,,,False,False,0,1,0.0,11.8,,0.08472390694883127,60844169.0,NewFuture/DDNS,Python
tests/test_provider__signature.py,1,callable,ok,tests.test_provider__signature.TestHmacSha256Authorization.test_alibaba_cloud_official_example,tests.test_provider__signature.TestHmacSha256Authorization.test_alibaba_cloud_official_example,485e6a3e26c5aab9c6c9a7287efd24e00c9ee159,2025-07-12T11:04:25+08:00,485e6a3e26c5aab9c6c9a7287efd24e00c9ee159,2025-07-12T11:04:25+08:00,1,401,0.024390243902439025,,,False,False,0,1,0.0,11.8,,0.08472390694883127,60844169.0,NewFuture/DDNS,Python
tests/test_provider__signature.py,2,callable,ok,tests.test_provider__signature.TestHmacSha256Authorization.test_huawei_cloud_official_example,tests.test_provider__signature.TestHmacSha256Authorization.test_huawei_cloud_official_example,485e6a3e26c5aab9c6c9a7287efd24e00c9ee159,2025-07-12T11:04:25+08:00,485e6a3e26c5aab9c6c9a7287efd24e00c9ee159,2025-07-12T11:04:25+08:00,1,401,0.02631578947368421,,,False,False,0,1,0.0,11.8,,0.08472390694883127,60844169.0,NewFuture/DDNS,Python
tests/test_provider__signature.py,3,callable,ok,tests.test_provider__signature.TestHmacSha256Authorization.test_tencent_cloud_official_example,tests.test_provider__signature.TestHmacSha256Authorization.test_tencent_cloud_official_example,485e6a3e26c5aab9c6c9a7287efd24e00c9ee159,2025-07-12T11:04:25+08:00,485e6a3e26c5aab9c6c9a7287efd24e00c9ee159,2025-07-12T11:04:25+08:00,1,401,0.02127659574468085,,,False,False,0,1,0.0,11.8,,0.08472390694883127,60844169.0,NewFuture/DDNS,Python
tests/test_provider__signature.py,4,callable,ok,tests.test_provider__signature.TestHmacSha256Authorization.test_edge_cases,tests.test_provider__signature.TestHmacSha256Authorization.test_edge_cases,485e6a3e26c5aab9c6c9a7287efd24e00c9ee159,2025-07-12T11:04:25+08:00,485e6a3e26c5aab9c6c9a7287efd24e00c9ee159,2025-07-12T11:04:25+08:00,1,401,0.03333333333333333,,,False,False,0,1,0.0,11.8,,0.08472390694883127,60844169.0,NewFuture/DDNS,Python
tests/test_provider__signature.py,5,callable,ok,tests.test_provider__signature.TestHmacSha256Authorization.test_header_normalization,tests.test_provider__signature.TestHmacSha256Authorization.test_header_normalization,485e6a3e26c5aab9c6c9a7287efd24e00c9ee159,2025-07-12T11:04:25+08:00,485e6a3e26c5aab9c6c9a7287efd24e00c9ee159,2025-07-12T11:04:25+08:00,1,401,0.030303030303030304,,,False,False,0,1,0.0,11.8,,0.08472390694883127,60844169.0,NewFuture/DDNS,Python
tests/test_provider__signature.py,6,callable,ok,tests.test_provider__signature.TestHmacSha256Authorization.test_reproducible_signatures,tests.test_provider__signature.TestHmacSha256Authorization.test_reproducible_signatures,485e6a3e26c5aab9c6c9a7287efd24e00c9ee159,2025-07-12T11:04:25+08:00,485e6a3e26c5aab9c6c9a7287efd24e00c9ee159,2025-07-12T11:04:25+08:00,1,401,0.03225806451612903,,,False,False,0,1,0.0,11.8,,0.08472390694883127,60844169.0,NewFuture/DDNS,Python
tests/test_provider__signature.py,7,callable,ok,tests.test_provider__signature.TestHmacSha256Authorization.test_different_key_types,tests.test_provider__signature.TestHmacSha256Authorization.test_different_key_types,485e6a3e26c5aab9c6c9a7287efd24e00c9ee159,2025-07-12T11:04:25+08:00,485e6a3e26c5aab9c6c9a7287efd24e00c9ee159,2025-07-12T11:04:25+08:00,1,401,0.05,,,False,False,0,1,0.0,11.8,,0.08472390694883127,60844169.0,NewFuture/DDNS,Python
tests/test_provider__signature.py,8,callable,ok,tests.test_provider__signature.TestHmacSha256Authorization.test_hmac_sha256_basic_functionality,tests.test_provider__signature.TestHmacSha256Authorization.test_hmac_sha256_basic_functionality,485e6a3e26c5aab9c6c9a7287efd24e00c9ee159,2025-07-12T11:04:25+08:00,485e6a3e26c5aab9c6c9a7287efd24e00c9ee159,2025-07-12T11:04:25+08:00,1,401,0.045454545454545456,,,False,False,0,1,0.0,11.8,,0.08472390694883127,60844169.0,NewFuture/DDNS,Python
tests/test_provider__signature.py,9,callable,ok,tests.test_provider__signature.TestHmacSha256Authorization.test_hmac_sha256_different_key_types,tests.test_provider__signature.TestHmacSha256Authorization.test_hmac_sha256_different_key_types,485e6a3e26c5aab9c6c9a7287efd24e00c9ee159,2025-07-12T11:04:25+08:00,485e6a3e26c5aab9c6c9a7287efd24e00c9ee159,2025-07-12T11:04:25+08:00,1,401,0.08333333333333333,,,False,False,0,1,0.0,11.8,,0.08472390694883127,60844169.0,NewFuture/DDNS,Python
tests/test_provider__signature.py,10,callable,ok,tests.test_provider__signature.TestHmacSha256Authorization.test_hmac_sha256_different_message_types,tests.test_provider__signature.TestHmacSha256Authorization.test_hmac_sha256_different_message_types,485e6a3e26c5aab9c6c9a7287efd24e00c9ee159,2025-07-12T11:04:25+08:00,485e6a3e26c5aab9c6c9a7287efd24e00c9ee159,2025-07-12T11:04:25+08:00,1,401,0.08333333333333333,,,False,False,0,1,0.0,11.8,,0.08472390694883127,60844169.0,NewFuture/DDNS,Python
tests/test_provider__signature.py,11,callable,ok,tests.test_provider__signature.TestHmacSha256Authorization.test_hmac_sha256_known_vector,tests.test_provider__signature.TestHmacSha256Authorization.test_hmac_sha256_known_vector,485e6a3e26c5aab9c6c9a7287efd24e00c9ee159,2025-07-12T11:04:25+08:00,485e6a3e26c5aab9c6c9a7287efd24e00c9ee159,2025-07-12T11:04:25+08:00,1,401,0.08333333333333333,,,False,False,0,1,0.0,11.8,,0.08472390694883127,60844169.0,NewFuture/DDNS,Python
tests/test_provider_alidns.py,0,class,ok,tests.test_provider_alidns.TestAlidnsProvider,tests.test_provider_alidns.TestAlidnsProvider,f1a764d3c2e2c6aade66f85162964e6ce9248fee,2025-07-01T19:08:11+08:00,f1755218704a18870cf7fc0d5fb72d76f2ad41b3,2025-11-14T10:27:22Z,8,411,0.020887728459530026,1.831528295748387,,False,False,0,8,0.0,137.11,,0.05834703655806509,60844169.0,NewFuture/DDNS,Python
tests/test_provider_alidns.py,1,class,ok,tests.test_provider_alidns.TestAlidnsProviderIntegration,tests.test_provider_alidns.TestAlidnsProviderIntegration,f1a764d3c2e2c6aade66f85162964e6ce9248fee,2025-07-01T19:08:11+08:00,f1755218704a18870cf7fc0d5fb72d76f2ad41b3,2025-11-14T10:27:22Z,3,411,0.02097902097902098,0.3966175090134733,,False,False,0,3,0.0,137.11,,0.021880138709274407,60844169.0,NewFuture/DDNS,Python
tests/test_provider_alidns.py,3,callable,ok,tests.test_provider_alidns.TestAlidnsProvider.test_signature_v3_generation,tests.test_provider_alidns.TestAlidnsProvider.test_signature_v3_generation,f1a764d3c2e2c6aade66f85162964e6ce9248fee,2025-07-01T19:08:11+08:00,f1a764d3c2e2c6aade66f85162964e6ce9248fee,2025-07-01T19:08:11+08:00,1,0,0.037037037037037035,,,True,False,0,1,0.0,1.14,,0.8779684784928207,60844169.0,NewFuture/DDNS,Python
tests/test_provider_alidns.py,0,callable,ok,tests.test_provider_alidns.TestAlidnsProvider.setUp,tests.test_provider_alidns.TestAlidnsProvider.setUp,f1a764d3c2e2c6aade66f85162964e6ce9248fee,2025-07-01T19:08:11+08:00,f1755218704a18870cf7fc0d5fb72d76f2ad41b3,2025-11-14T10:27:22Z,3,411,0.6,0.3966175090134733,,False,False,0,3,0.0,137.11,,0.021880138709274407,60844169.0,NewFuture/DDNS,Python
tests/test_provider_alidns.py,1,callable,ok,tests.test_provider_alidns.TestAlidnsProvider.test_class_constants,tests.test_provider_alidns.TestAlidnsProvider.test_class_constants,f1a764d3c2e2c6aade66f85162964e6ce9248fee,2025-07-01T19:08:11+08:00,78b0e953daf0739020719f8b44043b9cdae5c550,2025-07-09T18:33:23+08:00,2,411,0.4,,,False,False,0,2,0.0,9.11,,0.21942272015603395,60844169.0,NewFuture/DDNS,Python
tests/test_provider_alidns.py,2,callable,ok,tests.test_provider_alidns.TestAlidnsProvider.test_init_with_basic_config,tests.test_provider_alidns.TestAlidnsProvider.test_init_with_basic_config,f1a764d3c2e2c6aade66f85162964e6ce9248fee,2025-07-01T19:08:11+08:00,f1755218704a18870cf7fc0d5fb72d76f2ad41b3,2025-11-14T10:27:22Z,4,411,0.6666666666666666,0.46050234995552886,,False,False,0,4,0.0,137.11,,0.029173518279032546,60844169.0,NewFuture/DDNS,Python
tests/test_provider_alidns.py,4,callable,ok,tests.test_provider_alidns.TestAlidnsProvider.test_request_basic,tests.test_provider_alidns.TestAlidnsProvider.test_request_basic,f1a764d3c2e2c6aade66f85162964e6ce9248fee,2025-07-01T19:08:11+08:00,f1755218704a18870cf7fc0d5fb72d76f2ad41b3,2025-11-14T10:27:22Z,3,411,0.09375,0.3966175090134733,,False,False,0,3,0.0,137.11,,0.021880138709274407,60844169.0,NewFuture/DDNS,Python
tests/test_provider_alidns.py,5,callable,ok,tests.test_provider_alidns.TestAlidnsProvider.test_request_filters_none_params,tests.test_provider_alidns.TestAlidnsProvider.test_request_filters_none_params,f1a764d3c2e2c6aade66f85162964e6ce9248fee,2025-07-01T19:08:11+08:00,f1755218704a18870cf7fc0d5fb72d76f2ad41b3,2025-11-14T10:27:22Z,3,411,0.15789473684210525,0.3966175090134733,,False,False,0,3,0.0,137.11,,0.021880138709274407,60844169.0,NewFuture/DDNS,Python
tests/test_provider_alidns.py,6,callable,ok,tests.test_provider_alidns.TestAlidnsProvider.test_split_zone_and_sub_success,tests.test_provider_alidns.TestAlidnsProvider.test_split_zone_and_sub_success,f1a764d3c2e2c6aade66f85162964e6ce9248fee,2025-07-01T19:08:11+08:00,f1755218704a18870cf7fc0d5fb72d76f2ad41b3,2025-11-14T10:27:22Z,3,411,0.14285714285714285,0.3966175090134733,,False,False,0,3,0.0,137.11,,0.021880138709274407,60844169.0,NewFuture/DDNS,Python
tests/test_provider_alidns.py,7,callable,ok,tests.test_provider_alidns.TestAlidnsProvider.test_split_zone_and_sub_not_found,tests.test_provider_alidns.TestAlidnsProvider.test_split_zone_and_sub_not_found,f1a764d3c2e2c6aade66f85162964e6ce9248fee,2025-07-01T19:08:11+08:00,f1755218704a18870cf7fc0d5fb72d76f2ad41b3,2025-11-14T10:27:22Z,3,411,0.23076923076923078,0.3966175090134733,,False,False,0,3,0.0,137.11,,0.021880138709274407,60844169.0,NewFuture/DDNS,Python
tests/test_provider_alidns.py,8,callable,ok,tests.test_provider_alidns.TestAlidnsProvider.test_query_record_success_single,tests.test_provider_alidns.TestAlidnsProvider.test_query_record_success_single,f1a764d3c2e2c6aade66f85162964e6ce9248fee,2025-07-01T19:08:11+08:00,f1755218704a18870cf7fc0d5fb72d76f2ad41b3,2025-11-14T10:27:22Z,3,411,0.11538461538461539,0.3966175090134733,,False,False,0,3,0.0,137.11,,0.021880138709274407,60844169.0,NewFuture/DDNS,Python
tests/test_provider_alidns.py,9,callable,ok,tests.test_provider_alidns.TestAlidnsProvider.test_query_record_not_found,tests.test_provider_alidns.TestAlidnsProvider.test_query_record_not_found,f1a764d3c2e2c6aade66f85162964e6ce9248fee,2025-07-01T19:08:11+08:00,f1755218704a18870cf7fc0d5fb72d76f2ad41b3,2025-11-14T10:27:22Z,3,411,0.3,0.3966175090134733,,False,False,0,3,0.0,137.11,,0.021880138709274407,60844169.0,NewFuture/DDNS,Python
tests/test_provider_alidns.py,10,callable,ok,tests.test_provider_alidns.TestAlidnsProvider.test_query_record_empty_response,tests.test_provider_alidns.TestAlidnsProvider.test_query_record_empty_response,f1a764d3c2e2c6aade66f85162964e6ce9248fee,2025-07-01T19:08:11+08:00,f1755218704a18870cf7fc0d5fb72d76f2ad41b3,2025-11-14T10:27:22Z,3,411,0.3,0.3966175090134733,,False,False,0,3,0.0,137.11,,0.021880138709274407,60844169.0,NewFuture/DDNS,Python
tests/test_provider_alidns.py,11,callable,ok,tests.test_provider_alidns.TestAlidnsProvider.test_query_record_with_extra_params,tests.test_provider_alidns.TestAlidnsProvider.test_query_record_with_extra_params,f1a764d3c2e2c6aade66f85162964e6ce9248fee,2025-07-01T19:08:11+08:00,f1755218704a18870cf7fc0d5fb72d76f2ad41b3,2025-11-14T10:27:22Z,3,411,0.1875,0.3966175090134733,,False,False,0,3,0.0,137.11,,0.021880138709274407,60844169.0,NewFuture/DDNS,Python
tests/test_provider_alidns.py,12,callable,ok,tests.test_provider_alidns.TestAlidnsProvider.test_create_record_success,tests.test_provider_alidns.TestAlidnsProvider.test_create_record_success,f1a764d3c2e2c6aade66f85162964e6ce9248fee,2025-07-01T19:08:11+08:00,f1755218704a18870cf7fc0d5fb72d76f2ad41b3,2025-11-14T10:27:22Z,3,411,0.15789473684210525,0.3966175090134733,,False,False,0,3,0.0,137.11,,0.021880138709274407,60844169.0,NewFuture/DDNS,Python
tests/test_provider_alidns.py,13,callable,ok,tests.test_provider_alidns.TestAlidnsProvider.test_create_record_failure,tests.test_provider_alidns.TestAlidnsProvider.test_create_record_failure,f1a764d3c2e2c6aade66f85162964e6ce9248fee,2025-07-01T19:08:11+08:00,f1755218704a18870cf7fc0d5fb72d76f2ad41b3,2025-11-14T10:27:22Z,3,411,0.3,0.3966175090134733,,False,False,0,3,0.0,137.11,,0.021880138709274407,60844169.0,NewFuture/DDNS,Python
tests/test_provider_alidns.py,14,callable,ok,tests.test_provider_alidns.TestAlidnsProvider.test_create_record_with_extra_params,tests.test_provider_alidns.TestAlidnsProvider.test_create_record_with_extra_params,f1a764d3c2e2c6aade66f85162964e6ce9248fee,2025-07-01T19:08:11+08:00,f1755218704a18870cf7fc0d5fb72d76f2ad41b3,2025-11-14T10:27:22Z,4,411,0.18181818181818182,1.0842309256491425,,False,False,0,4,0.0,137.11,,0.029173518279032546,60844169.0,NewFuture/DDNS,Python
tests/test_provider_alidns.py,15,callable,ok,tests.test_provider_alidns.TestAlidnsProvider.test_update_record_success,tests.test_provider_alidns.TestAlidnsProvider.test_update_record_success,f1a764d3c2e2c6aade66f85162964e6ce9248fee,2025-07-01T19:08:11+08:00,f1755218704a18870cf7fc0d5fb72d76f2ad41b3,2025-11-14T10:27:22Z,3,411,0.2,0.3966175090134733,,False,False,0,3,0.0,137.11,,0.021880138709274407,60844169.0,NewFuture/DDNS,Python
tests/test_provider_alidns.py,16,callable,ok,tests.test_provider_alidns.TestAlidnsProvider.test_update_record_with_fallback_line,tests.test_provider_alidns.TestAlidnsProvider.test_update_record_with_fallback_line,f1a764d3c2e2c6aade66f85162964e6ce9248fee,2025-07-01T19:08:11+08:00,f1755218704a18870cf7fc0d5fb72d76f2ad41b3,2025-11-14T10:27:22Z,3,411,0.14285714285714285,0.3966175090134733,,False,False,0,3,0.0,137.11,,0.021880138709274407,60844169.0,NewFuture/DDNS,Python
tests/test_provider_alidns.py,17,callable,ok,tests.test_provider_alidns.TestAlidnsProvider.test_update_record_failure,tests.test_provider_alidns.TestAlidnsProvider.test_update_record_failure,f1a764d3c2e2c6aade66f85162964e6ce9248fee,2025-07-01T19:08:11+08:00,f1755218704a18870cf7fc0d5fb72d76f2ad41b3,2025-11-14T10:27:22Z,3,411,0.25,0.3966175090134733,,False,False,0,3,0.0,137.11,,0.021880138709274407,60844169.0,NewFuture/DDNS,Python
tests/test_provider_alidns.py,18,callable,ok,tests.test_provider_alidns.TestAlidnsProvider.test_update_record_no_changes,tests.test_provider_alidns.TestAlidnsProvider.test_update_record_no_changes,f1a764d3c2e2c6aade66f85162964e6ce9248fee,2025-07-01T19:08:11+08:00,f1755218704a18870cf7fc0d5fb72d76f2ad41b3,2025-11-14T10:27:22Z,3,411,0.23076923076923078,0.3966175090134733,,False,False,0,3,0.0,137.11,,0.021880138709274407,60844169.0,NewFuture/DDNS,Python
tests/test_provider_alidns.py,19,callable,ok,tests.test_provider_alidns.TestAlidnsProvider.test_update_record_with_extra_params,tests.test_provider_alidns.TestAlidnsProvider.test_update_record_with_extra_params,f1a764d3c2e2c6aade66f85162964e6ce9248fee,2025-07-01T19:08:11+08:00,f1755218704a18870cf7fc0d5fb72d76f2ad41b3,2025-11-14T10:27:22Z,3,411,0.125,0.3966175090134733,,False,False,0,3,0.0,137.11,,0.021880138709274407,60844169.0,NewFuture/DDNS,Python
tests/test_provider_alidns.py,20,callable,ok,tests.test_provider_alidns.TestAlidnsProviderIntegration.setUp,tests.test_provider_alidns.TestAlidnsProviderIntegration.setUp,f1a764d3c2e2c6aade66f85162964e6ce9248fee,2025-07-01T19:08:11+08:00,f1755218704a18870cf7fc0d5fb72d76f2ad41b3,2025-11-14T10:27:22Z,3,411,0.6,0.3966175090134733,,False,False,0,3,0.0,137.11,,0.021880138709274407,60844169.0,NewFuture/DDNS,Python
tests/test_provider_alidns.py,21,callable,ok,tests.test_provider_alidns.TestAlidnsProviderIntegration.test_full_workflow_create_new_record,tests.test_provider_alidns.TestAlidnsProviderIntegration.test_full_workflow_create_new_record,f1a764d3c2e2c6aade66f85162964e6ce9248fee,2025-07-01T19:08:11+08:00,f1755218704a18870cf7fc0d5fb72d76f2ad41b3,2025-11-14T10:27:22Z,3,411,0.125,0.3966175090134733,,False,False,0,3,0.0,137.11,,0.021880138709274407,60844169.0,NewFuture/DDNS,Python
tests/test_provider_alidns.py,22,callable,ok,tests.test_provider_alidns.TestAlidnsProviderIntegration.test_full_workflow_update_existing_record,tests.test_provider_alidns.TestAlidnsProviderIntegration.test_full_workflow_update_existing_record,f1a764d3c2e2c6aade66f85162964e6ce9248fee,2025-07-01T19:08:11+08:00,f1755218704a18870cf7fc0d5fb72d76f2ad41b3,2025-11-14T10:27:22Z,3,411,0.1111111111111111,0.3966175090134733,,False,False,0,3,0.0,137.11,,0.021880138709274407,60844169.0,NewFuture/DDNS,Python
tests/test_provider_alidns.py,23,callable,ok,tests.test_provider_alidns.TestAlidnsProviderIntegration.test_full_workflow_zone_not_found,tests.test_provider_alidns.TestAlidnsProviderIntegration.test_full_workflow_zone_not_found,f1a764d3c2e2c6aade66f85162964e6ce9248fee,2025-07-01T19:08:11+08:00,f1755218704a18870cf7fc0d5fb72d76f2ad41b3,2025-11-14T10:27:22Z,3,411,0.2727272727272727,0.3966175090134733,,False,False,0,3,0.0,137.11,,0.021880138709274407,60844169.0,NewFuture/DDNS,Python
tests/test_provider_alidns.py,24,callable,ok,tests.test_provider_alidns.TestAlidnsProviderIntegration.test_full_workflow_create_failure,tests.test_provider_alidns.TestAlidnsProviderIntegration.test_full_workflow_create_failure,f1a764d3c2e2c6aade66f85162964e6ce9248fee,2025-07-01T19:08:11+08:00,f1755218704a18870cf7fc0d5fb72d76f2ad41b3,2025-11-14T10:27:22Z,3,411,0.2,0.3966175090134733,,False,False,0,3,0.0,137.11,,0.021880138709274407,60844169.0,NewFuture/DDNS,Python
tests/test_provider_alidns.py,25,callable,ok,tests.test_provider_alidns.TestAlidnsProviderIntegration.test_full_workflow_update_failure,tests.test_provider_alidns.TestAlidnsProviderIntegration.test_full_workflow_update_failure,f1a764d3c2e2c6aade66f85162964e6ce9248fee,2025-07-01T19:08:11+08:00,f1755218704a18870cf7fc0d5fb72d76f2ad41b3,2025-11-14T10:27:22Z,3,411,0.14285714285714285,0.3966175090134733,,False,False,0,3,0.0,137.11,,0.021880138709274407,60844169.0,NewFuture/DDNS,Python
tests/test_provider_alidns.py,26,callable,ok,tests.test_provider_alidns.TestAlidnsProviderIntegration.test_full_workflow_with_options,tests.test_provider_alidns.TestAlidnsProviderIntegration.test_full_workflow_with_options,f1a764d3c2e2c6aade66f85162964e6ce9248fee,2025-07-01T19:08:11+08:00,f1755218704a18870cf7fc0d5fb72d76f2ad41b3,2025-11-14T10:27:22Z,3,411,0.0967741935483871,0.3966175090134733,,False,False,0,3,0.0,137.11,,0.021880138709274407,60844169.0,NewFuture/DDNS,Python
tests/test_provider_alidns.py,27,callable,ok,tests.test_provider_alidns.TestAlidnsProvider.test_line_configuration_support,tests.test_provider_alidns.TestAlidnsProvider.test_line_configuration_support,1e351642d58fc8bed29060a48666984e9316f4b7,2025-07-02T14:56:56Z,f1755218704a18870cf7fc0d5fb72d76f2ad41b3,2025-11-14T10:27:22Z,3,410,0.13636363636363635,0.36781147031156364,,False,False,0,3,0.0,137.11,,0.021880138709274407,60844169.0,NewFuture/DDNS,Python
tests/test_provider_alidns.py,28,callable,ok,tests.test_provider_alidns.TestAlidnsProvider.test_create_record_with_line,tests.test_provider_alidns.TestAlidnsProvider.test_create_record_with_line,1e351642d58fc8bed29060a48666984e9316f4b7,2025-07-02T14:56:56Z,f1755218704a18870cf7fc0d5fb72d76f2ad41b3,2025-11-14T10:27:22Z,3,410,0.23076923076923078,0.36781147031156364,,False,False,0,3,0.0,137.11,,0.021880138709274407,60844169.0,NewFuture/DDNS,Python
tests/test_provider_alidns.py,29,callable,ok,tests.test_provider_alidns.TestAlidnsProvider.test_update_record_extra_priority_over_old_record,tests.test_provider_alidns.TestAlidnsProvider.test_update_record_extra_priority_over_old_record,d910a06fb723140f0f0ff4a322638141bccf1545,2025-10-15T16:08:45Z,f1755218704a18870cf7fc0d5fb72d76f2ad41b3,2025-11-14T10:27:22Z,2,305,0.08,,,False,False,0,2,0.0,137.11,,0.014586759139516273,60844169.0,NewFuture/DDNS,Python
tests/test_provider_aliesa.py,0,class,ok,tests.test_provider_aliesa.TestAliesaProvider,tests.test_provider_aliesa.TestAliesaProvider,78b0e953daf0739020719f8b44043b9cdae5c550,2025-07-09T18:33:23+08:00,d910a06fb723140f0f0ff4a322638141bccf1545,2025-10-15T16:08:45Z,3,403,0.0084985835694051,0.18100414598246461,,False,False,0,3,0.0,107.35,,0.02794656470195776,60844169.0,NewFuture/DDNS,Python
tests/test_provider_aliesa.py,1,class,ok,tests.test_provider_aliesa.TestAliesaProviderIntegration,tests.test_provider_aliesa.TestAliesaProviderIntegration,78b0e953daf0739020719f8b44043b9cdae5c550,2025-07-09T18:33:23+08:00,485e6a3e26c5aab9c6c9a7287efd24e00c9ee159,2025-07-12T11:04:25+08:00,2,403,0.015503875968992248,,,False,False,0,2,0.0,11.8,,0.16944781389766253,60844169.0,NewFuture/DDNS,Python
tests/test_provider_aliesa.py,2,class,ok,tests.test_provider_aliesa.TestAliesaProviderAPIResponse,tests.test_provider_aliesa.TestAliesaProviderAPIResponse,78b0e953daf0739020719f8b44043b9cdae5c550,2025-07-09T18:33:23+08:00,485e6a3e26c5aab9c6c9a7287efd24e00c9ee159,2025-07-12T11:04:25+08:00,2,403,0.03333333333333333,,,False,False,0,2,0.0,11.8,,0.16944781389766253,60844169.0,NewFuture/DDNS,Python
tests/test_provider_aliesa.py,0,callable,ok,tests.test_provider_aliesa.TestAliesaProvider.setUp,tests.test_provider_aliesa.TestAliesaProvider.setUp,78b0e953daf0739020719f8b44043b9cdae5c550,2025-07-09T18:33:23+08:00,485e6a3e26c5aab9c6c9a7287efd24e00c9ee159,2025-07-12T11:04:25+08:00,2,403,0.5,,,False,False,0,2,0.0,11.8,,0.16944781389766253,60844169.0,NewFuture/DDNS,Python
tests/test_provider_aliesa.py,1,callable,ok,tests.test_provider_aliesa.TestAliesaProvider.test_class_constants,tests.test_provider_aliesa.TestAliesaProvider.test_class_constants,78b0e953daf0739020719f8b44043b9cdae5c550,2025-07-09T18:33:23+08:00,78b0e953daf0739020719f8b44043b9cdae5c550,2025-07-09T18:33:23+08:00,1,403,0.25,,,False,False,0,1,0.0,9.11,,0.10971136007801698,60844169.0,NewFuture/DDNS,Python
tests/test_provider_aliesa.py,2,callable,ok,tests.test_provider_aliesa.TestAliesaProvider.test_init_with_basic_config,tests.test_provider_aliesa.TestAliesaProvider.test_init_with_basic_config,78b0e953daf0739020719f8b44043b9cdae5c550,2025-07-09T18:33:23+08:00,485e6a3e26c5aab9c6c9a7287efd24e00c9ee159,2025-07-12T11:04:25+08:00,2,403,0.3333333333333333,,,False,False,0,2,0.0,11.8,,0.16944781389766253,60844169.0,NewFuture/DDNS,Python
tests/test_provider_aliesa.py,3,callable,ok,tests.test_provider_aliesa.TestAliesaProvider.test_init_with_empty_credentials,tests.test_provider_aliesa.TestAliesaProvider.test_init_with_empty_credentials,78b0e953daf0739020719f8b44043b9cdae5c550,2025-07-09T18:33:23+08:00,485e6a3e26c5aab9c6c9a7287efd24e00c9ee159,2025-07-12T11:04:25+08:00,2,403,0.5,,,False,False,0,2,0.0,11.8,,0.16944781389766253,60844169.0,NewFuture/DDNS,Python
tests/test_provider_aliesa.py,4,callable,ok,tests.test_provider_aliesa.TestAliesaProvider.test_init_with_long_credentials,tests.test_provider_aliesa.TestAliesaProvider.test_init_with_long_credentials,78b0e953daf0739020719f8b44043b9cdae5c550,2025-07-09T18:33:23+08:00,485e6a3e26c5aab9c6c9a7287efd24e00c9ee159,2025-07-12T11:04:25+08:00,2,403,0.2857142857142857,,,False,False,0,2,0.0,11.8,,0.16944781389766253,60844169.0,NewFuture/DDNS,Python
tests/test_provider_aliesa.py,5,callable,ok,tests.test_provider_aliesa.TestAliesaProvider.test_zone_id_query_logic,tests.test_provider_aliesa.TestAliesaProvider.test_zone_id_query_logic,78b0e953daf0739020719f8b44043b9cdae5c550,2025-07-09T18:33:23+08:00,78b0e953daf0739020719f8b44043b9cdae5c550,2025-07-09T18:33:23+08:00,1,403,0.020833333333333332,,,False,False,0,1,0.0,9.11,,0.10971136007801698,60844169.0,NewFuture/DDNS,Python
tests/test_provider_aliesa.py,6,callable,ok,tests.test_provider_aliesa.TestAliesaProvider.test_record_query_logic,tests.test_provider_aliesa.TestAliesaProvider.test_record_query_logic,78b0e953daf0739020719f8b44043b9cdae5c550,2025-07-09T18:33:23+08:00,78b0e953daf0739020719f8b44043b9cdae5c550,2025-07-09T18:33:23+08:00,1,403,0.02,,,False,False,0,1,0.0,9.11,,0.10971136007801698,60844169.0,NewFuture/DDNS,Python
tests/test_provider_aliesa.py,7,callable,ok,tests.test_provider_aliesa.TestAliesaProvider.test_create_record_logic,tests.test_provider_aliesa.TestAliesaProvider.test_create_record_logic,78b0e953daf0739020719f8b44043b9cdae5c550,2025-07-09T18:33:23+08:00,78b0e953daf0739020719f8b44043b9cdae5c550,2025-07-09T18:33:23+08:00,1,403,0.038461538461538464,,,False,False,0,1,0.0,9.11,,0.10971136007801698,60844169.0,NewFuture/DDNS,Python
tests/test_provider_aliesa.py,8,callable,ok,tests.test_provider_aliesa.TestAliesaProvider.test_update_record_logic,tests.test_provider_aliesa.TestAliesaProvider.test_update_record_logic,78b0e953daf0739020719f8b44043b9cdae5c550,2025-07-09T18:33:23+08:00,78b0e953daf0739020719f8b44043b9cdae5c550,2025-07-09T18:33:23+08:00,1,403,0.047619047619047616,,,False,False,0,1,0.0,9.11,,0.10971136007801698,60844169.0,NewFuture/DDNS,Python
tests/test_provider_aliesa.py,9,callable,ok,tests.test_provider_aliesa.TestAliesaProvider.test_update_record_change_detection,tests.test_provider_aliesa.TestAliesaProvider.test_update_record_change_detection,78b0e953daf0739020719f8b44043b9cdae5c550,2025-07-09T18:33:23+08:00,78b0e953daf0739020719f8b44043b9cdae5c550,2025-07-09T18:33:23+08:00,1,403,0.01694915254237288,,,False,False,0,1,0.0,9.11,,0.10971136007801698,60844169.0,NewFuture/DDNS,Python
tests/test_provider_aliesa.py,10,callable,ok,tests.test_provider_aliesa.TestAliesaProvider.test_domain_formatting,tests.test_provider_aliesa.TestAliesaProvider.test_domain_formatting,78b0e953daf0739020719f8b44043b9cdae5c550,2025-07-09T18:33:23+08:00,78b0e953daf0739020719f8b44043b9cdae5c550,2025-07-09T18:33:23+08:00,1,403,0.05,,,False,False,0,1,0.0,9.11,,0.10971136007801698,60844169.0,NewFuture/DDNS,Python
tests/test_provider_aliesa.py,11,callable,ok,tests.test_provider_aliesa.TestAliesaProvider.test_record_type_validation,tests.test_provider_aliesa.TestAliesaProvider.test_record_type_validation,78b0e953daf0739020719f8b44043b9cdae5c550,2025-07-09T18:33:23+08:00,78b0e953daf0739020719f8b44043b9cdae5c550,2025-07-09T18:33:23+08:00,1,403,0.08333333333333333,,,False,False,0,1,0.0,9.11,,0.10971136007801698,60844169.0,NewFuture/DDNS,Python
tests/test_provider_aliesa.py,12,callable,ok,tests.test_provider_aliesa.TestAliesaProvider.test_ttl_validation,tests.test_provider_aliesa.TestAliesaProvider.test_ttl_validation,78b0e953daf0739020719f8b44043b9cdae5c550,2025-07-09T18:33:23+08:00,78b0e953daf0739020719f8b44043b9cdae5c550,2025-07-09T18:33:23+08:00,1,403,0.058823529411764705,,,False,False,0,1,0.0,9.11,,0.10971136007801698,60844169.0,NewFuture/DDNS,Python
tests/test_provider_aliesa.py,13,callable,ok,tests.test_provider_aliesa.TestAliesaProvider.test_error_handling,tests.test_provider_aliesa.TestAliesaProvider.test_error_handling,78b0e953daf0739020719f8b44043b9cdae5c550,2025-07-09T18:33:23+08:00,78b0e953daf0739020719f8b44043b9cdae5c550,2025-07-09T18:33:23+08:00,1,403,0.0625,,,False,False,0,1,0.0,9.11,,0.10971136007801698,60844169.0,NewFuture/DDNS,Python
tests/test_provider_aliesa.py,14,callable,ok,tests.test_provider_aliesa.TestAliesaProvider.test_comment_handling,tests.test_provider_aliesa.TestAliesaProvider.test_comment_handling,78b0e953daf0739020719f8b44043b9cdae5c550,2025-07-09T18:33:23+08:00,78b0e953daf0739020719f8b44043b9cdae5c550,2025-07-09T18:33:23+08:00,1,403,0.06666666666666667,,,False,False,0,1,0.0,9.11,,0.10971136007801698,60844169.0,NewFuture/DDNS,Python
tests/test_provider_aliesa.py,15,callable,ok,tests.test_provider_aliesa.TestAliesaProviderIntegration.setUp,tests.test_provider_aliesa.TestAliesaProviderIntegration.setUp,78b0e953daf0739020719f8b44043b9cdae5c550,2025-07-09T18:33:23+08:00,485e6a3e26c5aab9c6c9a7287efd24e00c9ee159,2025-07-12T11:04:25+08:00,2,403,0.5,,,False,False,0,2,0.0,11.8,,0.16944781389766253,60844169.0,NewFuture/DDNS,Python
tests/test_provider_aliesa.py,16,callable,ok,tests.test_provider_aliesa.TestAliesaProviderIntegration.test_full_workflow_logic,tests.test_provider_aliesa.TestAliesaProviderIntegration.test_full_workflow_logic,78b0e953daf0739020719f8b44043b9cdae5c550,2025-07-09T18:33:23+08:00,78b0e953daf0739020719f8b44043b9cdae5c550,2025-07-09T18:33:23+08:00,1,403,0.03225806451612903,,,False,False,0,1,0.0,9.11,,0.10971136007801698,60844169.0,NewFuture/DDNS,Python
tests/test_provider_aliesa.py,17,callable,ok,tests.test_provider_aliesa.TestAliesaProviderIntegration.test_api_parameter_construction,tests.test_provider_aliesa.TestAliesaProviderIntegration.test_api_parameter_construction,78b0e953daf0739020719f8b44043b9cdae5c550,2025-07-09T18:33:23+08:00,78b0e953daf0739020719f8b44043b9cdae5c550,2025-07-09T18:33:23+08:00,1,403,0.05,,,False,False,0,1,0.0,9.11,,0.10971136007801698,60844169.0,NewFuture/DDNS,Python
tests/test_provider_aliesa.py,18,callable,ok,tests.test_provider_aliesa.TestAliesaProviderIntegration.test_site_matching_logic,tests.test_provider_aliesa.TestAliesaProviderIntegration.test_site_matching_logic,78b0e953daf0739020719f8b44043b9cdae5c550,2025-07-09T18:33:23+08:00,78b0e953daf0739020719f8b44043b9cdae5c550,2025-07-09T18:33:23+08:00,1,403,0.03333333333333333,,,False,False,0,1,0.0,9.11,,0.10971136007801698,60844169.0,NewFuture/DDNS,Python
tests/test_provider_aliesa.py,19,callable,ok,tests.test_provider_aliesa.TestAliesaProviderIntegration.test_record_filtering_logic,tests.test_provider_aliesa.TestAliesaProviderIntegration.test_record_filtering_logic,78b0e953daf0739020719f8b44043b9cdae5c550,2025-07-09T18:33:23+08:00,78b0e953daf0739020719f8b44043b9cdae5c550,2025-07-09T18:33:23+08:00,1,403,0.02702702702702703,,,False,False,0,1,0.0,9.11,,0.10971136007801698,60844169.0,NewFuture/DDNS,Python
tests/test_provider_aliesa.py,20,callable,ok,tests.test_provider_aliesa.TestAliesaProviderAPIResponse.setUp,tests.test_provider_aliesa.TestAliesaProviderAPIResponse.setUp,78b0e953daf0739020719f8b44043b9cdae5c550,2025-07-09T18:33:23+08:00,485e6a3e26c5aab9c6c9a7287efd24e00c9ee159,2025-07-12T11:04:25+08:00,2,403,0.5,,,False,False,0,2,0.0,11.8,,0.16944781389766253,60844169.0,NewFuture/DDNS,Python
tests/test_provider_aliesa.py,21,callable,ok,tests.test_provider_aliesa.TestAliesaProviderAPIResponse.test_successful_response_detection,tests.test_provider_aliesa.TestAliesaProviderAPIResponse.test_successful_response_detection,78b0e953daf0739020719f8b44043b9cdae5c550,2025-07-09T18:33:23+08:00,78b0e953daf0739020719f8b44043b9cdae5c550,2025-07-09T18:33:23+08:00,1,403,0.0625,,,False,False,0,1,0.0,9.11,,0.10971136007801698,60844169.0,NewFuture/DDNS,Python
tests/test_provider_aliesa.py,22,callable,ok,tests.test_provider_aliesa.TestAliesaProviderAPIResponse.test_different_record_types_parameters,tests.test_provider_aliesa.TestAliesaProviderAPIResponse.test_different_record_types_parameters,78b0e953daf0739020719f8b44043b9cdae5c550,2025-07-09T18:33:23+08:00,78b0e953daf0739020719f8b44043b9cdae5c550,2025-07-09T18:33:23+08:00,1,403,0.047619047619047616,,,False,False,0,1,0.0,9.11,,0.10971136007801698,60844169.0,NewFuture/DDNS,Python
tests/test_provider_aliesa.py,23,callable,ok,tests.test_provider_aliesa.TestAliesaProviderAPIResponse.test_parameter_filtering_logic,tests.test_provider_aliesa.TestAliesaProviderAPIResponse.test_parameter_filtering_logic,78b0e953daf0739020719f8b44043b9cdae5c550,2025-07-09T18:33:23+08:00,78b0e953daf0739020719f8b44043b9cdae5c550,2025-07-09T18:33:23+08:00,1,403,0.07692307692307693,,,False,False,0,1,0.0,9.11,,0.10971136007801698,60844169.0,NewFuture/DDNS,Python
tests/test_provider_aliesa.py,24,callable,ok,tests.test_provider_aliesa.TestAliesaProvider.test_update_record_extra_priority_over_old_record,tests.test_provider_aliesa.TestAliesaProvider.test_update_record_extra_priority_over_old_record,d910a06fb723140f0f0ff4a322638141bccf1545,2025-10-15T16:08:45Z,d910a06fb723140f0f0ff4a322638141bccf1545,2025-10-15T16:08:45Z,1,305,0.038461538461538464,,,False,False,0,1,0.0,107.35,,0.009315521567319253,60844169.0,NewFuture/DDNS,Python
tests/test_provider_base.py,0,class,ok,tests.test_provider_base._TestProvider,tests.test_provider_base._TestProvider,f1a764d3c2e2c6aade66f85162964e6ce9248fee,2025-07-01T19:08:11+08:00,485e6a3e26c5aab9c6c9a7287efd24e00c9ee159,2025-07-12T11:04:25+08:00,3,411,0.12,0.8145617100439805,,False,False,0,3,0.0,11.8,,0.2541717208464938,60844169.0,NewFuture/DDNS,Python
tests/test_provider_base.py,1,class,ok,tests.test_provider_base.TestBaseProvider,tests.test_provider_base.TestBaseProvider,f1a764d3c2e2c6aade66f85162964e6ce9248fee,2025-07-01T19:08:11+08:00,e66dcf024059173deb9b02ba801b1ed5f9279401,2025-07-22T01:46:01Z,5,411,0.0273224043715847,1.7353395250700838,,False,False,0,5,0.0,21.75,,0.22989986051677444,60844169.0,NewFuture/DDNS,Python
tests/test_provider_base.py,19,callable,ok,tests.test_provider_base.TestBaseProvider.test_quote_basic,tests.test_provider_base.TestBaseProvider.test_quote_basic,f1a764d3c2e2c6aade66f85162964e6ce9248fee,2025-07-01T19:08:11+08:00,f1a764d3c2e2c6aade66f85162964e6ce9248fee,2025-07-01T19:08:11+08:00,1,0,0.25,,,True,False,0,1,0.0,1.14,,0.8779684784928207,60844169.0,NewFuture/DDNS,Python
tests/test_provider_base.py,11,callable,ok,tests.test_provider_base.TestBaseProvider.test_set_proxy,tests.test_provider_base.TestBaseProvider.test_set_proxy,f1a764d3c2e2c6aade66f85162964e6ce9248fee,2025-07-01T19:08:11+08:00,f1a764d3c2e2c6aade66f85162964e6ce9248fee,2025-07-01T19:08:11+08:00,1,0,0.2,,,True,False,0,1,0.0,1.14,,0.8779684784928207,60844169.0,NewFuture/DDNS,Python
tests/test_provider_base.py,28,callable,ok,tests.test_provider_base.TestBaseProvider.test_user_agent_exists_and_format,tests.test_provider_base.TestBaseProvider.test_user_agent_exists_and_format,485e6a3e26c5aab9c6c9a7287efd24e00c9ee159,2025-07-12T11:04:25+08:00,485e6a3e26c5aab9c6c9a7287efd24e00c9ee159,2025-07-12T11:04:25+08:00,1,0,0.125,,,True,False,0,1,0.0,11.8,,0.08472390694883127,60844169.0,NewFuture/DDNS,Python
tests/test_provider_base.py,0,callable,ok,tests.test_provider_base._TestProvider.__init__,tests.test_provider_base._TestProvider.__init__,f1a764d3c2e2c6aade66f85162964e6ce9248fee,2025-07-01T19:08:11+08:00,485e6a3e26c5aab9c6c9a7287efd24e00c9ee159,2025-07-12T11:04:25+08:00,2,411,0.5,,,False,False,0,2,0.0,11.8,,0.16944781389766253,60844169.0,NewFuture/DDNS,Python
tests/test_provider_base.py,1,callable,ok,tests.test_provider_base._TestProvider._query_zone_id,tests.test_provider_base._TestProvider._query_zone_id,f1a764d3c2e2c6aade66f85162964e6ce9248fee,2025-07-01T19:08:11+08:00,f1a764d3c2e2c6aade66f85162964e6ce9248fee,2025-07-01T19:08:11+08:00,1,411,0.5,,,False,False,0,1,0.0,1.14,,0.8779684784928207,60844169.0,NewFuture/DDNS,Python
tests/test_provider_base.py,2,callable,ok,tests.test_provider_base._TestProvider._query_record,tests.test_provider_base._TestProvider._query_record,f1a764d3c2e2c6aade66f85162964e6ce9248fee,2025-07-01T19:08:11+08:00,f1a764d3c2e2c6aade66f85162964e6ce9248fee,2025-07-01T19:08:11+08:00,1,411,0.3333333333333333,,,False,False,0,1,0.0,1.14,,0.8779684784928207,60844169.0,NewFuture/DDNS,Python
tests/test_provider_base.py,3,callable,ok,tests.test_provider_base._TestProvider._create_record,tests.test_provider_base._TestProvider._create_record,f1a764d3c2e2c6aade66f85162964e6ce9248fee,2025-07-01T19:08:11+08:00,f1a764d3c2e2c6aade66f85162964e6ce9248fee,2025-07-01T19:08:11+08:00,1,411,0.25,,,False,False,0,1,0.0,1.14,,0.8779684784928207,60844169.0,NewFuture/DDNS,Python
tests/test_provider_base.py,4,callable,ok,tests.test_provider_base._TestProvider._update_record,tests.test_provider_base._TestProvider._update_record,f1a764d3c2e2c6aade66f85162964e6ce9248fee,2025-07-01T19:08:11+08:00,f1a764d3c2e2c6aade66f85162964e6ce9248fee,2025-07-01T19:08:11+08:00,1,411,0.3333333333333333,,,False,False,0,1,0.0,1.14,,0.8779684784928207,60844169.0,NewFuture/DDNS,Python
tests/test_provider_base.py,5,callable,ok,tests.test_provider_base.TestBaseProvider.setUp,tests.test_provider_base.TestBaseProvider.setUp,f1a764d3c2e2c6aade66f85162964e6ce9248fee,2025-07-01T19:08:11+08:00,f1a764d3c2e2c6aade66f85162964e6ce9248fee,2025-07-01T19:08:11+08:00,1,411,0.25,,,False,False,0,1,0.0,1.14,,0.8779684784928207,60844169.0,NewFuture/DDNS,Python
tests/test_provider_base.py,6,callable,ok,tests.test_provider_base.TestBaseProvider.test_init_success,tests.test_provider_base.TestBaseProvider.test_init_success,f1a764d3c2e2c6aade66f85162964e6ce9248fee,2025-07-01T19:08:11+08:00,485e6a3e26c5aab9c6c9a7287efd24e00c9ee159,2025-07-12T11:04:25+08:00,2,411,0.25,,,False,False,0,2,0.0,11.8,,0.16944781389766253,60844169.0,NewFuture/DDNS,Python
tests/test_provider_base.py,7,callable,ok,tests.test_provider_base.TestBaseProvider.test_validate_missing_id,tests.test_provider_base.TestBaseProvider.test_validate_missing_id,f1a764d3c2e2c6aade66f85162964e6ce9248fee,2025-07-01T19:08:11+08:00,485e6a3e26c5aab9c6c9a7287efd24e00c9ee159,2025-07-12T11:04:25+08:00,2,411,0.4,,,False,False,0,2,0.0,11.8,,0.16944781389766253,60844169.0,NewFuture/DDNS,Python
tests/test_provider_base.py,8,callable,ok,tests.test_provider_base.TestBaseProvider.test_validate_missing_token,tests.test_provider_base.TestBaseProvider.test_validate_missing_token,f1a764d3c2e2c6aade66f85162964e6ce9248fee,2025-07-01T19:08:11+08:00,485e6a3e26c5aab9c6c9a7287efd24e00c9ee159,2025-07-12T11:04:25+08:00,2,411,0.4,,,False,False,0,2,0.0,11.8,,0.16944781389766253,60844169.0,NewFuture/DDNS,Python
tests/test_provider_base.py,9,callable,ok,tests.test_provider_base.TestBaseProvider.test_get_zone_id_from_cache,tests.test_provider_base.TestBaseProvider.test_get_zone_id_from_cache,f1a764d3c2e2c6aade66f85162964e6ce9248fee,2025-07-01T19:08:11+08:00,f1a764d3c2e2c6aade66f85162964e6ce9248fee,2025-07-01T19:08:11+08:00,1,411,0.2,,,False,False,0,1,0.0,1.14,,0.8779684784928207,60844169.0,NewFuture/DDNS,Python
tests/test_provider_base.py,10,callable,ok,tests.test_provider_base.TestBaseProvider.test_get_zone_id_query_and_cache,tests.test_provider_base.TestBaseProvider.test_get_zone_id_query_and_cache,f1a764d3c2e2c6aade66f85162964e6ce9248fee,2025-07-01T19:08:11+08:00,f1a764d3c2e2c6aade66f85162964e6ce9248fee,2025-07-01T19:08:11+08:00,1,411,0.2,,,False,False,0,1,0.0,1.14,,0.8779684784928207,60844169.0,NewFuture/DDNS,Python
tests/test_provider_base.py,12,callable,ok,tests.test_provider_base.TestBaseProvider.test_split_custom_domain_with_tilde,tests.test_provider_base.TestBaseProvider.test_split_custom_domain_with_tilde,f1a764d3c2e2c6aade66f85162964e6ce9248fee,2025-07-01T19:08:11+08:00,78b0e953daf0739020719f8b44043b9cdae5c550,2025-07-09T18:33:23+08:00,3,411,0.42857142857142855,0.8132821491150133,,False,False,0,3,0.0,9.11,,0.32913408023405094,60844169.0,NewFuture/DDNS,Python
tests/test_provider_base.py,13,callable,ok,tests.test_provider_base.TestBaseProvider.test_split_custom_domain_with_plus,tests.test_provider_base.TestBaseProvider.test_split_custom_domain_with_plus,f1a764d3c2e2c6aade66f85162964e6ce9248fee,2025-07-01T19:08:11+08:00,78b0e953daf0739020719f8b44043b9cdae5c550,2025-07-09T18:33:23+08:00,3,411,0.42857142857142855,0.8132821491150133,,False,False,0,3,0.0,9.11,,0.32913408023405094,60844169.0,NewFuture/DDNS,Python
tests/test_provider_base.py,14,callable,ok,tests.test_provider_base.TestBaseProvider.test_split_custom_domain_no_separator,tests.test_provider_base.TestBaseProvider.test_split_custom_domain_no_separator,f1a764d3c2e2c6aade66f85162964e6ce9248fee,2025-07-01T19:08:11+08:00,78b0e953daf0739020719f8b44043b9cdae5c550,2025-07-09T18:33:23+08:00,3,411,0.42857142857142855,0.8132821491150133,,False,False,0,3,0.0,9.11,,0.32913408023405094,60844169.0,NewFuture/DDNS,Python
tests/test_provider_base.py,15,callable,ok,tests.test_provider_base.TestBaseProvider.test_join_domain_normal,tests.test_provider_base.TestBaseProvider.test_join_domain_normal,f1a764d3c2e2c6aade66f85162964e6ce9248fee,2025-07-01T19:08:11+08:00,3d155b671e089971b2c5123c031702f6fdb7ac82,2025-07-03T19:14:03+08:00,2,411,0.4,,,False,False,0,2,0.0,3.14,,0.6363211212213831,60844169.0,NewFuture/DDNS,Python
tests/test_provider_base.py,16,callable,ok,tests.test_provider_base.TestBaseProvider.test_join_domain_empty_sub,tests.test_provider_base.TestBaseProvider.test_join_domain_empty_sub,f1a764d3c2e2c6aade66f85162964e6ce9248fee,2025-07-01T19:08:11+08:00,3d155b671e089971b2c5123c031702f6fdb7ac82,2025-07-03T19:14:03+08:00,2,411,0.25,,,False,False,0,2,0.0,3.14,,0.6363211212213831,60844169.0,NewFuture/DDNS,Python
tests/test_provider_base.py,17,callable,ok,tests.test_provider_base.TestBaseProvider.test_encode_dict,tests.test_provider_base.TestBaseProvider.test_encode_dict,f1a764d3c2e2c6aade66f85162964e6ce9248fee,2025-07-01T19:08:11+08:00,78b0e953daf0739020719f8b44043b9cdae5c550,2025-07-09T18:33:23+08:00,2,411,0.2857142857142857,,,False,False,0,2,0.0,9.11,,0.21942272015603395,60844169.0,NewFuture/DDNS,Python
tests/test_provider_base.py,18,callable,ok,tests.test_provider_base.TestBaseProvider.test_encode_none,tests.test_provider_base.TestBaseProvider.test_encode_none,f1a764d3c2e2c6aade66f85162964e6ce9248fee,2025-07-01T19:08:11+08:00,78b0e953daf0739020719f8b44043b9cdae5c550,2025-07-09T18:33:23+08:00,2,411,0.5,,,False,False,0,2,0.0,9.11,,0.21942272015603395,60844169.0,NewFuture/DDNS,Python
tests/test_provider_base.py,20,callable,ok,tests.test_provider_base.TestBaseProvider.test_mask_sensitive_data_empty,tests.test_provider_base.TestBaseProvider.test_mask_sensitive_data_empty,f1a764d3c2e2c6aade66f85162964e6ce9248fee,2025-07-01T19:08:11+08:00,f1a764d3c2e2c6aade66f85162964e6ce9248fee,2025-07-01T19:08:11+08:00,1,411,0.14285714285714285,,,False,False,0,1,0.0,1.14,,0.8779684784928207,60844169.0,NewFuture/DDNS,Python
tests/test_provider_base.py,21,callable,ok,tests.test_provider_base.TestBaseProvider.test_mask_sensitive_data_long_token,tests.test_provider_base.TestBaseProvider.test_mask_sensitive_data_long_token,f1a764d3c2e2c6aade66f85162964e6ce9248fee,2025-07-01T19:08:11+08:00,485e6a3e26c5aab9c6c9a7287efd24e00c9ee159,2025-07-12T11:04:25+08:00,2,411,0.3333333333333333,,,False,False,0,2,0.0,11.8,,0.16944781389766253,60844169.0,NewFuture/DDNS,Python
tests/test_provider_base.py,22,callable,ok,tests.test_provider_base.TestBaseProvider.test_set_record_create,tests.test_provider_base.TestBaseProvider.test_set_record_create,f1a764d3c2e2c6aade66f85162964e6ce9248fee,2025-07-01T19:08:11+08:00,f1a764d3c2e2c6aade66f85162964e6ce9248fee,2025-07-01T19:08:11+08:00,1,411,0.1111111111111111,,,False,False,0,1,0.0,1.14,,0.8779684784928207,60844169.0,NewFuture/DDNS,Python
tests/test_provider_base.py,23,callable,ok,tests.test_provider_base.TestBaseProvider.test_set_record_update_existing,tests.test_provider_base.TestBaseProvider.test_set_record_update_existing,f1a764d3c2e2c6aade66f85162964e6ce9248fee,2025-07-01T19:08:11+08:00,f1a764d3c2e2c6aade66f85162964e6ce9248fee,2025-07-01T19:08:11+08:00,1,411,0.1,,,False,False,0,1,0.0,1.14,,0.8779684784928207,60844169.0,NewFuture/DDNS,Python
tests/test_provider_base.py,24,callable,ok,tests.test_provider_base.TestBaseProvider.test_set_record_invalid_domain,tests.test_provider_base.TestBaseProvider.test_set_record_invalid_domain,f1a764d3c2e2c6aade66f85162964e6ce9248fee,2025-07-01T19:08:11+08:00,f1a764d3c2e2c6aade66f85162964e6ce9248fee,2025-07-01T19:08:11+08:00,1,411,0.25,,,False,False,0,1,0.0,1.14,,0.8779684784928207,60844169.0,NewFuture/DDNS,Python
tests/test_provider_base.py,25,callable,ok,tests.test_provider_base.TestBaseProvider.test_init_with_endpoint_override,tests.test_provider_base.TestBaseProvider.test_init_with_endpoint_override,485e6a3e26c5aab9c6c9a7287efd24e00c9ee159,2025-07-12T11:04:25+08:00,485e6a3e26c5aab9c6c9a7287efd24e00c9ee159,2025-07-12T11:04:25+08:00,1,401,0.14285714285714285,,,False,False,0,1,0.0,11.8,,0.08472390694883127,60844169.0,NewFuture/DDNS,Python
tests/test_provider_base.py,26,callable,ok,tests.test_provider_base.TestBaseProvider.test_init_without_endpoint_uses_default,tests.test_provider_base.TestBaseProvider.test_init_without_endpoint_uses_default,485e6a3e26c5aab9c6c9a7287efd24e00c9ee159,2025-07-12T11:04:25+08:00,485e6a3e26c5aab9c6c9a7287efd24e00c9ee159,2025-07-12T11:04:25+08:00,1,401,0.16666666666666666,,,False,False,0,1,0.0,11.8,,0.08472390694883127,60844169.0,NewFuture/DDNS,Python
tests/test_provider_base.py,27,callable,ok,tests.test_provider_base.TestBaseProvider.test_init_with_empty_endpoint_ignored,tests.test_provider_base.TestBaseProvider.test_init_with_empty_endpoint_ignored,485e6a3e26c5aab9c6c9a7287efd24e00c9ee159,2025-07-12T11:04:25+08:00,485e6a3e26c5aab9c6c9a7287efd24e00c9ee159,2025-07-12T11:04:25+08:00,1,401,0.14285714285714285,,,False,False,0,1,0.0,11.8,,0.08472390694883127,60844169.0,NewFuture/DDNS,Python
tests/test_provider_base.py,29,callable,ok,tests.test_provider_base.TestBaseProvider.test_remark_exists_and_format,tests.test_provider_base.TestBaseProvider.test_remark_exists_and_format,485e6a3e26c5aab9c6c9a7287efd24e00c9ee159,2025-07-12T11:04:25+08:00,485e6a3e26c5aab9c6c9a7287efd24e00c9ee159,2025-07-12T11:04:25+08:00,1,401,0.125,,,False,False,0,1,0.0,11.8,,0.08472390694883127,60844169.0,NewFuture/DDNS,Python
tests/test_provider_base.py,30,callable,ok,tests.test_provider_base.TestBaseProvider.test_endpoint_priority_over_class_api,tests.test_provider_base.TestBaseProvider.test_endpoint_priority_over_class_api,485e6a3e26c5aab9c6c9a7287efd24e00c9ee159,2025-07-12T11:04:25+08:00,485e6a3e26c5aab9c6c9a7287efd24e00c9ee159,2025-07-12T11:04:25+08:00,1,401,0.06666666666666667,,,False,False,0,1,0.0,11.8,,0.08472390694883127,60844169.0,NewFuture/DDNS,Python
tests/test_provider_base_simple.py,0,class,ok,tests.test_provider_base_simple._TestableSimpleProvider,tests.test_provider_base_simple._TestableSimpleProvider,485e6a3e26c5aab9c6c9a7287efd24e00c9ee159,2025-07-12T11:04:25+08:00,485e6a3e26c5aab9c6c9a7287efd24e00c9ee159,2025-07-12T11:04:25+08:00,1,401,0.1111111111111111,,,False,False,0,1,0.0,11.8,,0.08472390694883127,60844169.0,NewFuture/DDNS,Python
tests/test_provider_base_simple.py,1,class,ok,tests.test_provider_base_simple._TestableSimpleProviderClass,tests.test_provider_base_simple._TestableSimpleProviderClass,485e6a3e26c5aab9c6c9a7287efd24e00c9ee159,2025-07-12T11:04:25+08:00,485e6a3e26c5aab9c6c9a7287efd24e00c9ee159,2025-07-12T11:04:25+08:00,1,401,0.005,,,False,False,0,1,0.0,11.8,,0.08472390694883127,60844169.0,NewFuture/DDNS,Python
tests/test_provider_base_simple.py,2,class,ok,tests.test_provider_base_simple._TestableSimpleProviderWithNoAPI,tests.test_provider_base_simple._TestableSimpleProviderWithNoAPI,485e6a3e26c5aab9c6c9a7287efd24e00c9ee159,2025-07-12T11:04:25+08:00,485e6a3e26c5aab9c6c9a7287efd24e00c9ee159,2025-07-12T11:04:25+08:00,1,401,0.2,,,False,False,0,1,0.0,11.8,,0.08472390694883127,60844169.0,NewFuture/DDNS,Python
tests/test_provider_base_simple.py,3,class,ok,tests.test_provider_base_simple._TestableSimpleProviderValidation,tests.test_provider_base_simple._TestableSimpleProviderValidation,485e6a3e26c5aab9c6c9a7287efd24e00c9ee159,2025-07-12T11:04:25+08:00,485e6a3e26c5aab9c6c9a7287efd24e00c9ee159,2025-07-12T11:04:25+08:00,1,401,0.07692307692307693,,,False,False,0,1,0.0,11.8,,0.08472390694883127,60844169.0,NewFuture/DDNS,Python
tests/test_provider_base_simple.py,0,callable,ok,tests.test_provider_base_simple._TestableSimpleProvider.set_record,tests.test_provider_base_simple._TestableSimpleProvider.set_record,485e6a3e26c5aab9c6c9a7287efd24e00c9ee159,2025-07-12T11:04:25+08:00,485e6a3e26c5aab9c6c9a7287efd24e00c9ee159,2025-07-12T11:04:25+08:00,1,401,0.25,,,False,False,0,1,0.0,11.8,,0.08472390694883127,60844169.0,NewFuture/DDNS,Python
tests/test_provider_base_simple.py,1,callable,ok,tests.test_provider_base_simple._TestableSimpleProviderClass.setUp,tests.test_provider_base_simple._TestableSimpleProviderClass.setUp,485e6a3e26c5aab9c6c9a7287efd24e00c9ee159,2025-07-12T11:04:25+08:00,485e6a3e26c5aab9c6c9a7287efd24e00c9ee159,2025-07-12T11:04:25+08:00,1,401,0.3333333333333333,,,False,False,0,1,0.0,11.8,,0.08472390694883127,60844169.0,NewFuture/DDNS,Python
tests/test_provider_base_simple.py,2,callable,ok,tests.test_provider_base_simple._TestableSimpleProviderClass.test_init_with_basic_config,tests.test_provider_base_simple._TestableSimpleProviderClass.test_init_with_basic_config,485e6a3e26c5aab9c6c9a7287efd24e00c9ee159,2025-07-12T11:04:25+08:00,485e6a3e26c5aab9c6c9a7287efd24e00c9ee159,2025-07-12T11:04:25+08:00,1,401,0.1,,,False,False,0,1,0.0,11.8,,0.08472390694883127,60844169.0,NewFuture/DDNS,Python
tests/test_provider_base_simple.py,3,callable,ok,tests.test_provider_base_simple._TestableSimpleProviderClass.test_init_with_logger,tests.test_provider_base_simple._TestableSimpleProviderClass.test_init_with_logger,485e6a3e26c5aab9c6c9a7287efd24e00c9ee159,2025-07-12T11:04:25+08:00,485e6a3e26c5aab9c6c9a7287efd24e00c9ee159,2025-07-12T11:04:25+08:00,1,401,0.16666666666666666,,,False,False,0,1,0.0,11.8,,0.08472390694883127,60844169.0,NewFuture/DDNS,Python
tests/test_provider_base_simple.py,4,callable,ok,tests.test_provider_base_simple._TestableSimpleProviderClass.test_init_with_options,tests.test_provider_base_simple._TestableSimpleProviderClass.test_init_with_options,485e6a3e26c5aab9c6c9a7287efd24e00c9ee159,2025-07-12T11:04:25+08:00,485e6a3e26c5aab9c6c9a7287efd24e00c9ee159,2025-07-12T11:04:25+08:00,1,401,0.16666666666666666,,,False,False,0,1,0.0,11.8,,0.08472390694883127,60844169.0,NewFuture/DDNS,Python
tests/test_provider_base_simple.py,5,callable,ok,tests.test_provider_base_simple._TestableSimpleProviderClass.test_init_with_verify_ssl_string,tests.test_provider_base_simple._TestableSimpleProviderClass.test_init_with_verify_ssl_string,485e6a3e26c5aab9c6c9a7287efd24e00c9ee159,2025-07-12T11:04:25+08:00,485e6a3e26c5aab9c6c9a7287efd24e00c9ee159,2025-07-12T11:04:25+08:00,1,401,0.25,,,False,False,0,1,0.0,11.8,,0.08472390694883127,60844169.0,NewFuture/DDNS,Python
tests/test_provider_base_simple.py,6,callable,ok,tests.test_provider_base_simple._TestableSimpleProviderClass.test_init_with_verify_ssl_false,tests.test_provider_base_simple._TestableSimpleProviderClass.test_init_with_verify_ssl_false,485e6a3e26c5aab9c6c9a7287efd24e00c9ee159,2025-07-12T11:04:25+08:00,485e6a3e26c5aab9c6c9a7287efd24e00c9ee159,2025-07-12T11:04:25+08:00,1,401,0.25,,,False,False,0,1,0.0,11.8,,0.08472390694883127,60844169.0,NewFuture/DDNS,Python
tests/test_provider_base_simple.py,7,callable,ok,tests.test_provider_base_simple._TestableSimpleProviderClass.test_init_with_verify_ssl_truthy_value,tests.test_provider_base_simple._TestableSimpleProviderClass.test_init_with_verify_ssl_truthy_value,485e6a3e26c5aab9c6c9a7287efd24e00c9ee159,2025-07-12T11:04:25+08:00,485e6a3e26c5aab9c6c9a7287efd24e00c9ee159,2025-07-12T11:04:25+08:00,1,401,0.25,,,False,False,0,1,0.0,11.8,,0.08472390694883127,60844169.0,NewFuture/DDNS,Python
tests/test_provider_base_simple.py,8,callable,ok,tests.test_provider_base_simple._TestableSimpleProviderClass.test_init_with_verify_ssl_falsy_value,tests.test_provider_base_simple._TestableSimpleProviderClass.test_init_with_verify_ssl_falsy_value,485e6a3e26c5aab9c6c9a7287efd24e00c9ee159,2025-07-12T11:04:25+08:00,485e6a3e26c5aab9c6c9a7287efd24e00c9ee159,2025-07-12T11:04:25+08:00,1,401,0.25,,,False,False,0,1,0.0,11.8,,0.08472390694883127,60844169.0,NewFuture/DDNS,Python
tests/test_provider_base_simple.py,9,callable,ok,tests.test_provider_base_simple._TestableSimpleProviderClass.test_validate_missing_id,tests.test_provider_base_simple._TestableSimpleProviderClass.test_validate_missing_id,485e6a3e26c5aab9c6c9a7287efd24e00c9ee159,2025-07-12T11:04:25+08:00,485e6a3e26c5aab9c6c9a7287efd24e00c9ee159,2025-07-12T11:04:25+08:00,1,401,0.2,,,False,False,0,1,0.0,11.8,,0.08472390694883127,60844169.0,NewFuture/DDNS,Python
tests/test_provider_base_simple.py,10,callable,ok,tests.test_provider_base_simple._TestableSimpleProviderClass.test_validate_missing_token,tests.test_provider_base_simple._TestableSimpleProviderClass.test_validate_missing_token,485e6a3e26c5aab9c6c9a7287efd24e00c9ee159,2025-07-12T11:04:25+08:00,485e6a3e26c5aab9c6c9a7287efd24e00c9ee159,2025-07-12T11:04:25+08:00,1,401,0.2,,,False,False,0,1,0.0,11.8,,0.08472390694883127,60844169.0,NewFuture/DDNS,Python
tests/test_provider_base_simple.py,11,callable,ok,tests.test_provider_base_simple._TestableSimpleProviderClass.test_validate_empty_id,tests.test_provider_base_simple._TestableSimpleProviderClass.test_validate_empty_id,485e6a3e26c5aab9c6c9a7287efd24e00c9ee159,2025-07-12T11:04:25+08:00,485e6a3e26c5aab9c6c9a7287efd24e00c9ee159,2025-07-12T11:04:25+08:00,1,401,0.2,,,False,False,0,1,0.0,11.8,,0.08472390694883127,60844169.0,NewFuture/DDNS,Python
tests/test_provider_base_simple.py,12,callable,ok,tests.test_provider_base_simple._TestableSimpleProviderClass.test_validate_empty_token,tests.test_provider_base_simple._TestableSimpleProviderClass.test_validate_empty_token,485e6a3e26c5aab9c6c9a7287efd24e00c9ee159,2025-07-12T11:04:25+08:00,485e6a3e26c5aab9c6c9a7287efd24e00c9ee159,2025-07-12T11:04:25+08:00,1,401,0.2,,,False,False,0,1,0.0,11.8,,0.08472390694883127,60844169.0,NewFuture/DDNS,Python
tests/test_provider_base_simple.py,13,callable,ok,tests.test_provider_base_simple._TestableSimpleProviderClass.test_encode_dict,tests.test_provider_base_simple._TestableSimpleProviderClass.test_encode_dict,485e6a3e26c5aab9c6c9a7287efd24e00c9ee159,2025-07-12T11:04:25+08:00,485e6a3e26c5aab9c6c9a7287efd24e00c9ee159,2025-07-12T11:04:25+08:00,1,401,0.1111111111111111,,,False,False,0,1,0.0,11.8,,0.08472390694883127,60844169.0,NewFuture/DDNS,Python
tests/test_provider_base_simple.py,14,callable,ok,tests.test_provider_base_simple._TestableSimpleProviderClass.test_mask_sensitive_data_basic,tests.test_provider_base_simple._TestableSimpleProviderClass.test_mask_sensitive_data_basic,485e6a3e26c5aab9c6c9a7287efd24e00c9ee159,2025-07-12T11:04:25+08:00,485e6a3e26c5aab9c6c9a7287efd24e00c9ee159,2025-07-12T11:04:25+08:00,1,401,0.1111111111111111,,,False,False,0,1,0.0,11.8,,0.08472390694883127,60844169.0,NewFuture/DDNS,Python
tests/test_provider_base_simple.py,15,callable,ok,tests.test_provider_base_simple._TestableSimpleProviderClass.test_mask_sensitive_data_short_token,tests.test_provider_base_simple._TestableSimpleProviderClass.test_mask_sensitive_data_short_token,485e6a3e26c5aab9c6c9a7287efd24e00c9ee159,2025-07-12T11:04:25+08:00,485e6a3e26c5aab9c6c9a7287efd24e00c9ee159,2025-07-12T11:04:25+08:00,1,401,0.1111111111111111,,,False,False,0,1,0.0,11.8,,0.08472390694883127,60844169.0,NewFuture/DDNS,Python
tests/test_provider_base_simple.py,16,callable,ok,tests.test_provider_base_simple._TestableSimpleProviderClass.test_mask_sensitive_data_empty_data,tests.test_provider_base_simple._TestableSimpleProviderClass.test_mask_sensitive_data_empty_data,485e6a3e26c5aab9c6c9a7287efd24e00c9ee159,2025-07-12T11:04:25+08:00,485e6a3e26c5aab9c6c9a7287efd24e00c9ee159,2025-07-12T11:04:25+08:00,1,401,0.14285714285714285,,,False,False,0,1,0.0,11.8,,0.08472390694883127,60844169.0,NewFuture/DDNS,Python
tests/test_provider_base_simple.py,17,callable,ok,tests.test_provider_base_simple._TestableSimpleProviderClass.test_mask_sensitive_data_none_data,tests.test_provider_base_simple._TestableSimpleProviderClass.test_mask_sensitive_data_none_data,485e6a3e26c5aab9c6c9a7287efd24e00c9ee159,2025-07-12T11:04:25+08:00,485e6a3e26c5aab9c6c9a7287efd24e00c9ee159,2025-07-12T11:04:25+08:00,1,401,0.14285714285714285,,,False,False,0,1,0.0,11.8,,0.08472390694883127,60844169.0,NewFuture/DDNS,Python
tests/test_provider_base_simple.py,18,callable,ok,tests.test_provider_base_simple._TestableSimpleProviderClass.test_mask_sensitive_data_no_token,tests.test_provider_base_simple._TestableSimpleProviderClass.test_mask_sensitive_data_no_token,485e6a3e26c5aab9c6c9a7287efd24e00c9ee159,2025-07-12T11:04:25+08:00,485e6a3e26c5aab9c6c9a7287efd24e00c9ee159,2025-07-12T11:04:25+08:00,1,401,0.1,,,False,False,0,1,0.0,11.8,,0.08472390694883127,60844169.0,NewFuture/DDNS,Python
tests/test_provider_base_simple.py,19,callable,ok,tests.test_provider_base_simple._TestableSimpleProviderClass.test_mask_sensitive_data_long_token,tests.test_provider_base_simple._TestableSimpleProviderClass.test_mask_sensitive_data_long_token,485e6a3e26c5aab9c6c9a7287efd24e00c9ee159,2025-07-12T11:04:25+08:00,485e6a3e26c5aab9c6c9a7287efd24e00c9ee159,2025-07-12T11:04:25+08:00,1,401,0.125,,,False,False,0,1,0.0,11.8,,0.08472390694883127,60844169.0,NewFuture/DDNS,Python
tests/test_provider_base_simple.py,20,callable,ok,tests.test_provider_base_simple._TestableSimpleProviderClass.test_mask_sensitive_data_url_encoded,tests.test_provider_base_simple._TestableSimpleProviderClass.test_mask_sensitive_data_url_encoded,485e6a3e26c5aab9c6c9a7287efd24e00c9ee159,2025-07-12T11:04:25+08:00,485e6a3e26c5aab9c6c9a7287efd24e00c9ee159,2025-07-12T11:04:25+08:00,1,401,0.037037037037037035,,,False,False,0,1,0.0,11.8,,0.08472390694883127,60844169.0,NewFuture/DDNS,Python
tests/test_provider_base_simple.py,21,callable,ok,tests.test_provider_base_simple._TestableSimpleProviderClass.test_mask_sensitive_data_bytes_url_encoded,tests.test_provider_base_simple._TestableSimpleProviderClass.test_mask_sensitive_data_bytes_url_encoded,485e6a3e26c5aab9c6c9a7287efd24e00c9ee159,2025-07-12T11:04:25+08:00,485e6a3e26c5aab9c6c9a7287efd24e00c9ee159,2025-07-12T11:04:25+08:00,1,401,0.045454545454545456,,,False,False,0,1,0.0,11.8,,0.08472390694883127,60844169.0,NewFuture/DDNS,Python
tests/test_provider_base_simple.py,22,callable,ok,tests.test_provider_base_simple._TestableSimpleProviderClass.test_set_record_abstract_method,tests.test_provider_base_simple._TestableSimpleProviderClass.test_set_record_abstract_method,485e6a3e26c5aab9c6c9a7287efd24e00c9ee159,2025-07-12T11:04:25+08:00,485e6a3e26c5aab9c6c9a7287efd24e00c9ee159,2025-07-12T11:04:25+08:00,1,401,0.14285714285714285,,,False,False,0,1,0.0,11.8,,0.08472390694883127,60844169.0,NewFuture/DDNS,Python
tests/test_provider_base_simple.py,23,callable,ok,tests.test_provider_base_simple._TestableSimpleProviderWithNoAPI.set_record,tests.test_provider_base_simple._TestableSimpleProviderWithNoAPI.set_record,485e6a3e26c5aab9c6c9a7287efd24e00c9ee159,2025-07-12T11:04:25+08:00,485e6a3e26c5aab9c6c9a7287efd24e00c9ee159,2025-07-12T11:04:25+08:00,1,401,0.5,,,False,False,0,1,0.0,11.8,,0.08472390694883127,60844169.0,NewFuture/DDNS,Python
tests/test_provider_base_simple.py,24,callable,ok,tests.test_provider_base_simple._TestableSimpleProviderValidation.setUp,tests.test_provider_base_simple._TestableSimpleProviderValidation.setUp,485e6a3e26c5aab9c6c9a7287efd24e00c9ee159,2025-07-12T11:04:25+08:00,485e6a3e26c5aab9c6c9a7287efd24e00c9ee159,2025-07-12T11:04:25+08:00,1,401,0.3333333333333333,,,False,False,0,1,0.0,11.8,,0.08472390694883127,60844169.0,NewFuture/DDNS,Python
tests/test_provider_base_simple.py,25,callable,ok,tests.test_provider_base_simple._TestableSimpleProviderValidation.test_validate_missing_api,tests.test_provider_base_simple._TestableSimpleProviderValidation.test_validate_missing_api,485e6a3e26c5aab9c6c9a7287efd24e00c9ee159,2025-07-12T11:04:25+08:00,485e6a3e26c5aab9c6c9a7287efd24e00c9ee159,2025-07-12T11:04:25+08:00,1,401,0.16666666666666666,,,False,False,0,1,0.0,11.8,,0.08472390694883127,60844169.0,NewFuture/DDNS,Python
tests/test_provider_callback.py,0,class,ok,tests.test_provider_callback.TestCallbackProvider,tests.test_provider_callback.TestCallbackProvider,f1a764d3c2e2c6aade66f85162964e6ce9248fee,2025-07-01T19:08:11+08:00,f1755218704a18870cf7fc0d5fb72d76f2ad41b3,2025-11-14T10:27:22Z,3,411,0.011764705882352941,0.3966175090134733,,False,False,0,3,0.0,137.11,,0.021880138709274407,60844169.0,NewFuture/DDNS,Python
tests/test_provider_callback.py,1,class,ok,tests.test_provider_callback.TestCallbackProviderRealIntegration,tests.test_provider_callback.TestCallbackProviderRealIntegration,f1a764d3c2e2c6aade66f85162964e6ce9248fee,2025-07-01T19:08:11+08:00,6e3d3560c725177ecab74f4880981a6dc7bc190d,2026-08-15T22:23:27+08:00,10,411,0.055865921787709494,0.6599106710999669,,False,False,0,10,0.0,411.27,,0.02431465527855266,60844169.0,NewFuture/DDNS,Python
tests/test_provider_callback.py,27,callable,ok,tests.test_provider_callback.TestCallbackProviderRealIntegration.test_real_callback_simple_http_endpoint,tests.test_provider_callback.TestCallbackProviderRealIntegration.test_real_callback_simple_http_endpoint,f1a764d3c2e2c6aade66f85162964e6ce9248fee,2025-07-01T19:08:11+08:00,f1a764d3c2e2c6aade66f85162964e6ce9248fee,2025-07-01T19:08:11+08:00,1,0,0.07142857142857142,,,True,False,0,1,0.0,1.14,,0.8779684784928207,60844169.0,NewFuture/DDNS,Python
tests/test_provider_callback.py,28,callable,ok,tests.test_provider_callback.TestCallbackProviderRealIntegration.test_real_callback_redirect_following,tests.test_provider_callback.TestCallbackProviderRealIntegration.test_real_callback_redirect_following,f1a764d3c2e2c6aade66f85162964e6ce9248fee,2025-07-01T19:08:11+08:00,f1a764d3c2e2c6aade66f85162964e6ce9248fee,2025-07-01T19:08:11+08:00,1,0,0.07142857142857142,,,True,False,0,1,0.0,1.14,,0.8779684784928207,60844169.0,NewFuture/DDNS,Python
tests/test_provider_callback.py,29,callable,ok,tests.test_provider_callback.TestCallbackProviderRealIntegration.test_real_callback_multiple_redirects,tests.test_provider_callback.TestCallbackProviderRealIntegration.test_real_callback_multiple_redirects,f1a764d3c2e2c6aade66f85162964e6ce9248fee,2025-07-01T19:08:11+08:00,f1a764d3c2e2c6aade66f85162964e6ce9248fee,2025-07-01T19:08:11+08:00,1,0,0.047619047619047616,,,True,False,0,1,0.0,1.14,,0.8779684784928207,60844169.0,NewFuture/DDNS,Python
tests/test_provider_callback.py,31,callable,ok,tests.test_provider_callback.TestCallbackProviderRealIntegration.test_real_callback_absolute_vs_relative_redirects,tests.test_provider_callback.TestCallbackProviderRealIntegration.test_real_callback_absolute_vs_relative_redirects,f1a764d3c2e2c6aade66f85162964e6ce9248fee,2025-07-01T19:08:11+08:00,f1a764d3c2e2c6aade66f85162964e6ce9248fee,2025-07-01T19:08:11+08:00,1,0,0.047619047619047616,,,True,False,0,1,0.0,1.14,,0.8779684784928207,60844169.0,NewFuture/DDNS,Python
tests/test_provider_callback.py,33,callable,ok,tests.test_provider_callback.TestCallbackProviderRealIntegration.test_real_callback_redirects_handling_relative,tests.test_provider_callback.TestCallbackProviderRealIntegration.test_real_callback_redirects_handling_relative,b3a5ff9817c7a3b141fd8425cc55ce027aa9a17a,2025-07-02T02:57:16+08:00,b3a5ff9817c7a3b141fd8425cc55ce027aa9a17a,2025-07-02T02:57:16+08:00,1,0,0.05263157894736842,,,True,False,0,1,0.0,1.46,,0.682712517976516,60844169.0,NewFuture/DDNS,Python
tests/test_provider_callback.py,26,callable,ok,tests.test_provider_callback.TestCallbackProviderRealIntegration.test_real_callback_redirects_handling,tests.test_provider_callback.TestCallbackProviderRealIntegration.test_real_callback_redirects_handling,f1a764d3c2e2c6aade66f85162964e6ce9248fee,2025-07-01T19:08:11+08:00,485e6a3e26c5aab9c6c9a7287efd24e00c9ee159,2025-07-12T11:04:25+08:00,4,10,0.21052631578947367,0.8174591295005528,,True,False,0,4,0.0,11.8,,0.33889562779532506,60844169.0,NewFuture/DDNS,Python
tests/test_provider_callback.py,30,callable,ok,tests.test_provider_callback.TestCallbackProviderRealIntegration.test_real_callback_redirect_with_post,tests.test_provider_callback.TestCallbackProviderRealIntegration.test_real_callback_redirect_with_post,f1a764d3c2e2c6aade66f85162964e6ce9248fee,2025-07-01T19:08:11+08:00,485e6a3e26c5aab9c6c9a7287efd24e00c9ee159,2025-07-12T11:04:25+08:00,4,10,0.16666666666666666,0.8174591295005528,,True,False,0,4,0.0,11.8,,0.33889562779532506,60844169.0,NewFuture/DDNS,Python
tests/test_provider_callback.py,34,callable,ok,tests.test_provider_callback.TestCallbackProviderRealIntegration._run_with_retry,tests.test_provider_callback.TestCallbackProviderRealIntegration._run_with_retry,3d155b671e089971b2c5123c031702f6fdb7ac82,2025-07-03T19:14:03+08:00,3d155b671e089971b2c5123c031702f6fdb7ac82,2025-07-03T19:14:03+08:00,1,0,0.1,,,True,False,0,1,0.0,3.14,,0.31816056061069153,60844169.0,NewFuture/DDNS,Python
tests/test_provider_callback.py,0,callable,ok,tests.test_provider_callback.TestCallbackProvider.setUp,tests.test_provider_callback.TestCallbackProvider.setUp,f1a764d3c2e2c6aade66f85162964e6ce9248fee,2025-07-01T19:08:11+08:00,f1755218704a18870cf7fc0d5fb72d76f2ad41b3,2025-11-14T10:27:22Z,3,411,0.6,0.3966175090134733,,False,False,0,3,0.0,137.11,,0.021880138709274407,60844169.0,NewFuture/DDNS,Python
tests/test_provider_callback.py,1,callable,ok,tests.test_provider_callback.TestCallbackProvider.test_init_with_basic_config,tests.test_provider_callback.TestCallbackProvider.test_init_with_basic_config,f1a764d3c2e2c6aade66f85162964e6ce9248fee,2025-07-01T19:08:11+08:00,f1755218704a18870cf7fc0d5fb72d76f2ad41b3,2025-11-14T10:27:22Z,3,411,0.5,0.3966175090134733,,False,False,0,3,0.0,137.11,,0.021880138709274407,60844169.0,NewFuture/DDNS,Python
tests/test_provider_callback.py,2,callable,ok,tests.test_provider_callback.TestCallbackProvider.test_init_with_token_config,tests.test_provider_callback.TestCallbackProvider.test_init_with_token_config,f1a764d3c2e2c6aade66f85162964e6ce9248fee,2025-07-01T19:08:11+08:00,f1755218704a18870cf7fc0d5fb72d76f2ad41b3,2025-11-14T10:27:22Z,3,411,0.6,0.3966175090134733,,False,False,0,3,0.0,137.11,,0.021880138709274407,60844169.0,NewFuture/DDNS,Python
tests/test_provider_callback.py,3,callable,ok,tests.test_provider_callback.TestCallbackProvider.test_validate_success,tests.test_provider_callback.TestCallbackProvider.test_validate_success,f1a764d3c2e2c6aade66f85162964e6ce9248fee,2025-07-01T19:08:11+08:00,f1755218704a18870cf7fc0d5fb72d76f2ad41b3,2025-11-14T10:27:22Z,3,411,0.6,0.3966175090134733,,False,False,0,3,0.0,137.11,,0.021880138709274407,60844169.0,NewFuture/DDNS,Python
tests/test_provider_callback.py,4,callable,ok,tests.test_provider_callback.TestCallbackProvider.test_validate_failure_no_id,tests.test_provider_callback.TestCallbackProvider.test_validate_failure_no_id,f1a764d3c2e2c6aade66f85162964e6ce9248fee,2025-07-01T19:08:11+08:00,485e6a3e26c5aab9c6c9a7287efd24e00c9ee159,2025-07-12T11:04:25+08:00,2,411,0.3333333333333333,,,False,False,0,2,0.0,11.8,,0.16944781389766253,60844169.0,NewFuture/DDNS,Python
tests/test_provider_callback.py,5,callable,ok,tests.test_provider_callback.TestCallbackProvider.test_validate_failure_empty_id,tests.test_provider_callback.TestCallbackProvider.test_validate_failure_empty_id,f1a764d3c2e2c6aade66f85162964e6ce9248fee,2025-07-01T19:08:11+08:00,485e6a3e26c5aab9c6c9a7287efd24e00c9ee159,2025-07-12T11:04:25+08:00,2,411,0.3333333333333333,,,False,False,0,2,0.0,11.8,,0.16944781389766253,60844169.0,NewFuture/DDNS,Python
tests/test_provider_callback.py,6,callable,ok,tests.test_provider_callback.TestCallbackProvider.test_replace_vars_basic,tests.test_provider_callback.TestCallbackProvider.test_replace_vars_basic,f1a764d3c2e2c6aade66f85162964e6ce9248fee,2025-07-01T19:08:11+08:00,f1755218704a18870cf7fc0d5fb72d76f2ad41b3,2025-11-14T10:27:22Z,3,411,0.3,0.3966175090134733,,False,False,0,3,0.0,137.11,,0.021880138709274407,60844169.0,NewFuture/DDNS,Python
tests/test_provider_callback.py,7,callable,ok,tests.test_provider_callback.TestCallbackProvider.test_replace_vars_no_matches,tests.test_provider_callback.TestCallbackProvider.test_replace_vars_no_matches,f1a764d3c2e2c6aade66f85162964e6ce9248fee,2025-07-01T19:08:11+08:00,f1755218704a18870cf7fc0d5fb72d76f2ad41b3,2025-11-14T10:27:22Z,3,411,0.3333333333333333,0.3966175090134733,,False,False,0,3,0.0,137.11,,0.021880138709274407,60844169.0,NewFuture/DDNS,Python
tests/test_provider_callback.py,8,callable,ok,tests.test_provider_callback.TestCallbackProvider.test_replace_vars_partial_matches,tests.test_provider_callback.TestCallbackProvider.test_replace_vars_partial_matches,f1a764d3c2e2c6aade66f85162964e6ce9248fee,2025-07-01T19:08:11+08:00,f1755218704a18870cf7fc0d5fb72d76f2ad41b3,2025-11-14T10:27:22Z,3,411,0.3,0.3966175090134733,,False,False,0,3,0.0,137.11,,0.021880138709274407,60844169.0,NewFuture/DDNS,Python
tests/test_provider_callback.py,9,callable,ok,tests.test_provider_callback.TestCallbackProvider.test_replace_vars_empty_string,tests.test_provider_callback.TestCallbackProvider.test_replace_vars_empty_string,f1a764d3c2e2c6aade66f85162964e6ce9248fee,2025-07-01T19:08:11+08:00,f1755218704a18870cf7fc0d5fb72d76f2ad41b3,2025-11-14T10:27:22Z,3,411,0.5,0.3966175090134733,,False,False,0,3,0.0,137.11,,0.021880138709274407,60844169.0,NewFuture/DDNS,Python
tests/test_provider_callback.py,10,callable,ok,tests.test_provider_callback.TestCallbackProvider.test_replace_vars_empty_mapping,tests.test_provider_callback.TestCallbackProvider.test_replace_vars_empty_mapping,f1a764d3c2e2c6aade66f85162964e6ce9248fee,2025-07-01T19:08:11+08:00,f1755218704a18870cf7fc0d5fb72d76f2ad41b3,2025-11-14T10:27:22Z,3,411,0.42857142857142855,0.3966175090134733,,False,False,0,3,0.0,137.11,,0.021880138709274407,60844169.0,NewFuture/DDNS,Python
tests/test_provider_callback.py,11,callable,ok,tests.test_provider_callback.TestCallbackProvider.test_replace_vars_none_values,tests.test_provider_callback.TestCallbackProvider.test_replace_vars_none_values,f1a764d3c2e2c6aade66f85162964e6ce9248fee,2025-07-01T19:08:11+08:00,f1755218704a18870cf7fc0d5fb72d76f2ad41b3,2025-11-14T10:27:22Z,3,411,0.3,0.3966175090134733,,False,False,0,3,0.0,137.11,,0.021880138709274407,60844169.0,NewFuture/DDNS,Python
tests/test_provider_callback.py,12,callable,ok,tests.test_provider_callback.TestCallbackProvider.test_replace_vars_numeric_values,tests.test_provider_callback.TestCallbackProvider.test_replace_vars_numeric_values,f1a764d3c2e2c6aade66f85162964e6ce9248fee,2025-07-01T19:08:11+08:00,f1755218704a18870cf7fc0d5fb72d76f2ad41b3,2025-11-14T10:27:22Z,3,411,0.3,0.3966175090134733,,False,False,0,3,0.0,137.11,,0.021880138709274407,60844169.0,NewFuture/DDNS,Python
tests/test_provider_callback.py,13,callable,ok,tests.test_provider_callback.TestCallbackProvider.test_set_record_get_method,tests.test_provider_callback.TestCallbackProvider.test_set_record_get_method,f1a764d3c2e2c6aade66f85162964e6ce9248fee,2025-07-01T19:08:11+08:00,f1755218704a18870cf7fc0d5fb72d76f2ad41b3,2025-11-14T10:27:22Z,3,411,0.15789473684210525,0.3966175090134733,,False,False,0,3,0.0,137.11,,0.021880138709274407,60844169.0,NewFuture/DDNS,Python
tests/test_provider_callback.py,14,callable,ok,tests.test_provider_callback.TestCallbackProvider.test_set_record_post_method_dict_token,tests.test_provider_callback.TestCallbackProvider.test_set_record_post_method_dict_token,f1a764d3c2e2c6aade66f85162964e6ce9248fee,2025-07-01T19:08:11+08:00,f1755218704a18870cf7fc0d5fb72d76f2ad41b3,2025-11-14T10:27:22Z,3,411,0.12,0.3966175090134733,,False,False,0,3,0.0,137.11,,0.021880138709274407,60844169.0,NewFuture/DDNS,Python
tests/test_provider_callback.py,15,callable,ok,tests.test_provider_callback.TestCallbackProvider.test_set_record_post_method_json_token,tests.test_provider_callback.TestCallbackProvider.test_set_record_post_method_json_token,f1a764d3c2e2c6aade66f85162964e6ce9248fee,2025-07-01T19:08:11+08:00,f1755218704a18870cf7fc0d5fb72d76f2ad41b3,2025-11-14T10:27:22Z,3,411,0.12,0.3966175090134733,,False,False,0,3,0.0,137.11,,0.021880138709274407,60844169.0,NewFuture/DDNS,Python
tests/test_provider_callback.py,16,callable,ok,tests.test_provider_callback.TestCallbackProvider.test_set_record_post_method_mixed_types,tests.test_provider_callback.TestCallbackProvider.test_set_record_post_method_mixed_types,f1a764d3c2e2c6aade66f85162964e6ce9248fee,2025-07-01T19:08:11+08:00,f1755218704a18870cf7fc0d5fb72d76f2ad41b3,2025-11-14T10:27:22Z,3,411,0.125,0.3966175090134733,,False,False,0,3,0.0,137.11,,0.021880138709274407,60844169.0,NewFuture/DDNS,Python
tests/test_provider_callback.py,17,callable,ok,tests.test_provider_callback.TestCallbackProvider.test_set_record_http_failure,tests.test_provider_callback.TestCallbackProvider.test_set_record_http_failure,f1a764d3c2e2c6aade66f85162964e6ce9248fee,2025-07-01T19:08:11+08:00,f1755218704a18870cf7fc0d5fb72d76f2ad41b3,2025-11-14T10:27:22Z,3,411,0.2727272727272727,0.3966175090134733,,False,False,0,3,0.0,137.11,,0.021880138709274407,60844169.0,NewFuture/DDNS,Python
tests/test_provider_callback.py,18,callable,ok,tests.test_provider_callback.TestCallbackProvider.test_set_record_http_none_response,tests.test_provider_callback.TestCallbackProvider.test_set_record_http_none_response,f1a764d3c2e2c6aade66f85162964e6ce9248fee,2025-07-01T19:08:11+08:00,f1755218704a18870cf7fc0d5fb72d76f2ad41b3,2025-11-14T10:27:22Z,3,411,0.2727272727272727,0.3966175090134733,,False,False,0,3,0.0,137.11,,0.021880138709274407,60844169.0,NewFuture/DDNS,Python
tests/test_provider_callback.py,19,callable,ok,tests.test_provider_callback.TestCallbackProvider.test_json_decode_error_handling,tests.test_provider_callback.TestCallbackProvider.test_json_decode_error_handling,f1a764d3c2e2c6aade66f85162964e6ce9248fee,2025-07-01T19:08:11+08:00,f1755218704a18870cf7fc0d5fb72d76f2ad41b3,2025-11-14T10:27:22Z,3,411,0.3,0.3966175090134733,,False,False,0,3,0.0,137.11,,0.021880138709274407,60844169.0,NewFuture/DDNS,Python
tests/test_provider_callback.py,20,callable,ok,tests.test_provider_callback.TestCallbackProviderRealIntegration.setUp,tests.test_provider_callback.TestCallbackProviderRealIntegration.setUp,f1a764d3c2e2c6aade66f85162964e6ce9248fee,2025-07-01T19:08:11+08:00,e66dcf024059173deb9b02ba801b1ed5f9279401,2025-07-22T01:46:01Z,4,411,0.21052631578947367,0.787867850972543,,False,False,0,4,0.0,21.75,,0.18391988841341955,60844169.0,NewFuture/DDNS,Python
tests/test_provider_callback.py,21,callable,ok,tests.test_provider_callback.TestCallbackProviderRealIntegration._setup_provider_with_mock_logger,tests.test_provider_callback.TestCallbackProviderRealIntegration._setup_provider_with_mock_logger,f1a764d3c2e2c6aade66f85162964e6ce9248fee,2025-07-01T19:08:11+08:00,f1a764d3c2e2c6aade66f85162964e6ce9248fee,2025-07-01T19:08:11+08:00,1,411,0.16666666666666666,,,False,False,0,1,0.0,1.14,,0.8779684784928207,60844169.0,NewFuture/DDNS,Python
tests/test_provider_callback.py,22,callable,ok,tests.test_provider_callback.TestCallbackProviderRealIntegration._assert_callback_result_logged,tests.test_provider_callback.TestCallbackProviderRealIntegration._assert_callback_result_logged,f1a764d3c2e2c6aade66f85162964e6ce9248fee,2025-07-01T19:08:11+08:00,6c24557505ff3377fdf7d8b47441fc3154a72d55,2025-08-07T17:58:43Z,2,411,0.08333333333333333,,,False,False,0,2,0.0,38.42,,0.05205068555994097,60844169.0,NewFuture/DDNS,Python
tests/test_provider_callback.py,23,callable,ok,tests.test_provider_callback.TestCallbackProviderRealIntegration.test_real_callback_get_method,tests.test_provider_callback.TestCallbackProviderRealIntegration.test_real_callback_get_method,f1a764d3c2e2c6aade66f85162964e6ce9248fee,2025-07-01T19:08:11+08:00,6e3d3560c725177ecab74f4880981a6dc7bc190d,2026-08-15T22:23:27+08:00,8,411,0.1568627450980392,0.4494139864508823,,False,False,0,8,0.0,411.27,,0.019451724222842127,60844169.0,NewFuture/DDNS,Python
tests/test_provider_callback.py,24,callable,ok,tests.test_provider_callback.TestCallbackProviderRealIntegration.test_real_callback_post_method_with_json,tests.test_provider_callback.TestCallbackProviderRealIntegration.test_real_callback_post_method_with_json,f1a764d3c2e2c6aade66f85162964e6ce9248fee,2025-07-01T19:08:11+08:00,6e3d3560c725177ecab74f4880981a6dc7bc190d,2026-08-15T22:23:27+08:00,9,411,0.17307692307692307,0.4593591283364181,,False,False,0,9,0.0,411.27,,0.021883189750697394,60844169.0,NewFuture/DDNS,Python
tests/test_provider_callback.py,25,callable,ok,tests.test_provider_callback.TestCallbackProviderRealIntegration.test_real_callback_error_handling,tests.test_provider_callback.TestCallbackProviderRealIntegration.test_real_callback_error_handling,f1a764d3c2e2c6aade66f85162964e6ce9248fee,2025-07-01T19:08:11+08:00,6e3d3560c725177ecab74f4880981a6dc7bc190d,2026-08-15T22:23:27+08:00,6,411,0.6,0.3562760918938141,,False,False,0,6,0.0,411.27,,0.014588793167131596,60844169.0,NewFuture/DDNS,Python
tests/test_provider_callback.py,32,callable,ok,tests.test_provider_callback.TestCallbackProviderRealIntegration._random_delay,tests.test_provider_callback.TestCallbackProviderRealIntegration._random_delay,b3a5ff9817c7a3b141fd8425cc55ce027aa9a17a,2025-07-02T02:57:16+08:00,b3a5ff9817c7a3b141fd8425cc55ce027aa9a17a,2025-07-02T02:57:16+08:00,1,411,0.125,,,False,False,0,1,0.0,1.46,,0.682712517976516,60844169.0,NewFuture/DDNS,Python
tests/test_provider_cloudflare.py,0,class,ok,tests.test_provider_cloudflare.TestCloudflareProvider,tests.test_provider_cloudflare.TestCloudflareProvider,f1a764d3c2e2c6aade66f85162964e6ce9248fee,2025-07-01T19:08:11+08:00,f1755218704a18870cf7fc0d5fb72d76f2ad41b3,2025-11-14T10:27:22Z,9,411,0.018556701030927835,2.0520422012219406,,False,False,0,9,0.0,137.11,,0.06564041612782323,60844169.0,NewFuture/DDNS,Python
tests/test_provider_cloudflare.py,1,class,ok,tests.test_provider_cloudflare.TestCloudflareProviderIntegration,tests.test_provider_cloudflare.TestCloudflareProviderIntegration,f1a764d3c2e2c6aade66f85162964e6ce9248fee,2025-07-01T19:08:11+08:00,f1755218704a18870cf7fc0d5fb72d76f2ad41b3,2025-11-14T10:27:22Z,4,411,0.024844720496894408,1.0576912200361324,,False,False,0,4,0.0,137.11,,0.029173518279032546,60844169.0,NewFuture/DDNS,Python
tests/test_provider_cloudflare.py,0,callable,ok,tests.test_provider_cloudflare.TestCloudflareProvider.setUp,tests.test_provider_cloudflare.TestCloudflareProvider.setUp,f1a764d3c2e2c6aade66f85162964e6ce9248fee,2025-07-01T19:08:11+08:00,f1755218704a18870cf7fc0d5fb72d76f2ad41b3,2025-11-14T10:27:22Z,3,411,0.6,0.3966175090134733,,False,False,0,3,0.0,137.11,,0.021880138709274407,60844169.0,NewFuture/DDNS,Python
tests/test_provider_cloudflare.py,1,callable,ok,tests.test_provider_cloudflare.TestCloudflareProvider.test_class_constants,tests.test_provider_cloudflare.TestCloudflareProvider.test_class_constants,f1a764d3c2e2c6aade66f85162964e6ce9248fee,2025-07-01T19:08:11+08:00,78b0e953daf0739020719f8b44043b9cdae5c550,2025-07-09T18:33:23+08:00,2,411,0.4,,,False,False,0,2,0.0,9.11,,0.21942272015603395,60844169.0,NewFuture/DDNS,Python
tests/test_provider_cloudflare.py,2,callable,ok,tests.test_provider_cloudflare.TestCloudflareProvider.test_init_with_basic_config,tests.test_provider_cloudflare.TestCloudflareProvider.test_init_with_basic_config,f1a764d3c2e2c6aade66f85162964e6ce9248fee,2025-07-01T19:08:11+08:00,f1755218704a18870cf7fc0d5fb72d76f2ad41b3,2025-11-14T10:27:22Z,4,411,0.6666666666666666,0.46050234995552886,,False,False,0,4,0.0,137.11,,0.029173518279032546,60844169.0,NewFuture/DDNS,Python
tests/test_provider_cloudflare.py,3,callable,ok,tests.test_provider_cloudflare.TestCloudflareProvider.test_init_with_token_only,tests.test_provider_cloudflare.TestCloudflareProvider.test_init_with_token_only,f1a764d3c2e2c6aade66f85162964e6ce9248fee,2025-07-01T19:08:11+08:00,485e6a3e26c5aab9c6c9a7287efd24e00c9ee159,2025-07-12T11:04:25+08:00,2,411,0.4,,,False,False,0,2,0.0,11.8,,0.16944781389766253,60844169.0,NewFuture/DDNS,Python
tests/test_provider_cloudflare.py,4,callable,ok,tests.test_provider_cloudflare.TestCloudflareProvider.test_validate_success_with_email,tests.test_provider_cloudflare.TestCloudflareProvider.test_validate_success_with_email,f1a764d3c2e2c6aade66f85162964e6ce9248fee,2025-07-01T19:08:11+08:00,f1755218704a18870cf7fc0d5fb72d76f2ad41b3,2025-11-14T10:27:22Z,3,411,0.6,0.3966175090134733,,False,False,0,3,0.0,137.11,,0.021880138709274407,60844169.0,NewFuture/DDNS,Python
tests/test_provider_cloudflare.py,5,callable,ok,tests.test_provider_cloudflare.TestCloudflareProvider.test_validate_success_with_token_only,tests.test_provider_cloudflare.TestCloudflareProvider.test_validate_success_with_token_only,f1a764d3c2e2c6aade66f85162964e6ce9248fee,2025-07-01T19:08:11+08:00,485e6a3e26c5aab9c6c9a7287efd24e00c9ee159,2025-07-12T11:04:25+08:00,2,411,0.4,,,False,False,0,2,0.0,11.8,,0.16944781389766253,60844169.0,NewFuture/DDNS,Python
tests/test_provider_cloudflare.py,6,callable,ok,tests.test_provider_cloudflare.TestCloudflareProvider.test_validate_failure_no_token,tests.test_provider_cloudflare.TestCloudflareProvider.test_validate_failure_no_token,f1a764d3c2e2c6aade66f85162964e6ce9248fee,2025-07-01T19:08:11+08:00,f1755218704a18870cf7fc0d5fb72d76f2ad41b3,2025-11-14T10:27:22Z,3,411,0.6,0.3966175090134733,,False,False,0,3,0.0,137.11,,0.021880138709274407,60844169.0,NewFuture/DDNS,Python
tests/test_provider_cloudflare.py,7,callable,ok,tests.test_provider_cloudflare.TestCloudflareProvider.test_validate_failure_invalid_email,tests.test_provider_cloudflare.TestCloudflareProvider.test_validate_failure_invalid_email,f1a764d3c2e2c6aade66f85162964e6ce9248fee,2025-07-01T19:08:11+08:00,485e6a3e26c5aab9c6c9a7287efd24e00c9ee159,2025-07-12T11:04:25+08:00,2,411,0.4,,,False,False,0,2,0.0,11.8,,0.16944781389766253,60844169.0,NewFuture/DDNS,Python
tests/test_provider_cloudflare.py,8,callable,ok,tests.test_provider_cloudflare.TestCloudflareProvider.test_request_with_email_auth,tests.test_provider_cloudflare.TestCloudflareProvider.test_request_with_email_auth,f1a764d3c2e2c6aade66f85162964e6ce9248fee,2025-07-01T19:08:11+08:00,f1755218704a18870cf7fc0d5fb72d76f2ad41b3,2025-11-14T10:27:22Z,3,411,0.1875,0.3966175090134733,,False,False,0,3,0.0,137.11,,0.021880138709274407,60844169.0,NewFuture/DDNS,Python
tests/test_provider_cloudflare.py,9,callable,ok,tests.test_provider_cloudflare.TestCloudflareProvider.test_request_with_bearer_auth,tests.test_provider_cloudflare.TestCloudflareProvider.test_request_with_bearer_auth,f1a764d3c2e2c6aade66f85162964e6ce9248fee,2025-07-01T19:08:11+08:00,485e6a3e26c5aab9c6c9a7287efd24e00c9ee159,2025-07-12T11:04:25+08:00,2,411,0.125,,,False,False,0,2,0.0,11.8,,0.16944781389766253,60844169.0,NewFuture/DDNS,Python
tests/test_provider_cloudflare.py,10,callable,ok,tests.test_provider_cloudflare.TestCloudflareProvider.test_request_failure,tests.test_provider_cloudflare.TestCloudflareProvider.test_request_failure,f1a764d3c2e2c6aade66f85162964e6ce9248fee,2025-07-01T19:08:11+08:00,f1755218704a18870cf7fc0d5fb72d76f2ad41b3,2025-11-14T10:27:22Z,3,411,0.3,0.3966175090134733,,False,False,0,3,0.0,137.11,,0.021880138709274407,60844169.0,NewFuture/DDNS,Python
tests/test_provider_cloudflare.py,11,callable,ok,tests.test_provider_cloudflare.TestCloudflareProvider.test_request_filters_none_params,tests.test_provider_cloudflare.TestCloudflareProvider.test_request_filters_none_params,f1a764d3c2e2c6aade66f85162964e6ce9248fee,2025-07-01T19:08:11+08:00,f1755218704a18870cf7fc0d5fb72d76f2ad41b3,2025-11-14T10:27:22Z,3,411,0.23076923076923078,0.3966175090134733,,False,False,0,3,0.0,137.11,,0.021880138709274407,60844169.0,NewFuture/DDNS,Python
tests/test_provider_cloudflare.py,12,callable,ok,tests.test_provider_cloudflare.TestCloudflareProvider.test_query_zone_id_success,tests.test_provider_cloudflare.TestCloudflareProvider.test_query_zone_id_success,f1a764d3c2e2c6aade66f85162964e6ce9248fee,2025-07-01T19:08:11+08:00,f1755218704a18870cf7fc0d5fb72d76f2ad41b3,2025-11-14T10:27:22Z,3,411,0.21428571428571427,0.3966175090134733,,False,False,0,3,0.0,137.11,,0.021880138709274407,60844169.0,NewFuture/DDNS,Python
tests/test_provider_cloudflare.py,13,callable,ok,tests.test_provider_cloudflare.TestCloudflareProvider.test_query_zone_id_not_found,tests.test_provider_cloudflare.TestCloudflareProvider.test_query_zone_id_not_found,f1a764d3c2e2c6aade66f85162964e6ce9248fee,2025-07-01T19:08:11+08:00,f1755218704a18870cf7fc0d5fb72d76f2ad41b3,2025-11-14T10:27:22Z,3,411,0.3,0.3966175090134733,,False,False,0,3,0.0,137.11,,0.021880138709274407,60844169.0,NewFuture/DDNS,Python
tests/test_provider_cloudflare.py,14,callable,ok,tests.test_provider_cloudflare.TestCloudflareProvider.test_query_zone_id_empty_response,tests.test_provider_cloudflare.TestCloudflareProvider.test_query_zone_id_empty_response,f1a764d3c2e2c6aade66f85162964e6ce9248fee,2025-07-01T19:08:11+08:00,f1755218704a18870cf7fc0d5fb72d76f2ad41b3,2025-11-14T10:27:22Z,3,411,0.3,0.3966175090134733,,False,False,0,3,0.0,137.11,,0.021880138709274407,60844169.0,NewFuture/DDNS,Python
tests/test_provider_cloudflare.py,15,callable,ok,tests.test_provider_cloudflare.TestCloudflareProvider.test_query_record_success,tests.test_provider_cloudflare.TestCloudflareProvider.test_query_record_success,f1a764d3c2e2c6aade66f85162964e6ce9248fee,2025-07-01T19:08:11+08:00,f1755218704a18870cf7fc0d5fb72d76f2ad41b3,2025-11-14T10:27:22Z,5,411,0.29411764705882354,1.1389047464259348,,False,False,0,5,0.0,137.11,,0.03646689784879068,60844169.0,NewFuture/DDNS,Python
tests/test_provider_cloudflare.py,16,callable,ok,tests.test_provider_cloudflare.TestCloudflareProvider.test_query_record_not_found,tests.test_provider_cloudflare.TestCloudflareProvider.test_query_record_not_found,f1a764d3c2e2c6aade66f85162964e6ce9248fee,2025-07-01T19:08:11+08:00,f1755218704a18870cf7fc0d5fb72d76f2ad41b3,2025-11-14T10:27:22Z,4,411,0.26666666666666666,0.4512913297902656,,False,False,0,4,0.0,137.11,,0.029173518279032546,60844169.0,NewFuture/DDNS,Python
tests/test_provider_cloudflare.py,17,callable,ok,tests.test_provider_cloudflare.TestCloudflareProvider.test_query_record_with_proxy_option,tests.test_provider_cloudflare.TestCloudflareProvider.test_query_record_with_proxy_option,f1a764d3c2e2c6aade66f85162964e6ce9248fee,2025-07-01T19:08:11+08:00,f1755218704a18870cf7fc0d5fb72d76f2ad41b3,2025-11-14T10:27:22Z,6,411,0.23076923076923078,1.743530746559295,,False,False,0,6,0.0,137.11,,0.043760277418548814,60844169.0,NewFuture/DDNS,Python
tests/test_provider_cloudflare.py,18,callable,ok,tests.test_provider_cloudflare.TestCloudflareProvider.test_create_record_success,tests.test_provider_cloudflare.TestCloudflareProvider.test_create_record_success,f1a764d3c2e2c6aade66f85162964e6ce9248fee,2025-07-01T19:08:11+08:00,f1755218704a18870cf7fc0d5fb72d76f2ad41b3,2025-11-14T10:27:22Z,4,411,0.17391304347826086,0.4512913297902656,,False,False,0,4,0.0,137.11,,0.029173518279032546,60844169.0,NewFuture/DDNS,Python
tests/test_provider_cloudflare.py,19,callable,ok,tests.test_provider_cloudflare.TestCloudflareProvider.test_create_record_failure,tests.test_provider_cloudflare.TestCloudflareProvider.test_create_record_failure,f1a764d3c2e2c6aade66f85162964e6ce9248fee,2025-07-01T19:08:11+08:00,f1755218704a18870cf7fc0d5fb72d76f2ad41b3,2025-11-14T10:27:22Z,4,411,0.3076923076923077,0.4512913297902656,,False,False,0,4,0.0,137.11,,0.029173518279032546,60844169.0,NewFuture/DDNS,Python
tests/test_provider_cloudflare.py,20,callable,ok,tests.test_provider_cloudflare.TestCloudflareProvider.test_create_record_with_extra_params,tests.test_provider_cloudflare.TestCloudflareProvider.test_create_record_with_extra_params,f1a764d3c2e2c6aade66f85162964e6ce9248fee,2025-07-01T19:08:11+08:00,f1755218704a18870cf7fc0d5fb72d76f2ad41b3,2025-11-14T10:27:22Z,4,411,0.16,0.4512913297902656,,False,False,0,4,0.0,137.11,,0.029173518279032546,60844169.0,NewFuture/DDNS,Python
tests/test_provider_cloudflare.py,21,callable,ok,tests.test_provider_cloudflare.TestCloudflareProvider.test_update_record_success,tests.test_provider_cloudflare.TestCloudflareProvider.test_update_record_success,f1a764d3c2e2c6aade66f85162964e6ce9248fee,2025-07-01T19:08:11+08:00,f1755218704a18870cf7fc0d5fb72d76f2ad41b3,2025-11-14T10:27:22Z,3,411,0.0967741935483871,0.3966175090134733,,False,False,0,3,0.0,137.11,,0.021880138709274407,60844169.0,NewFuture/DDNS,Python
tests/test_provider_cloudflare.py,22,callable,ok,tests.test_provider_cloudflare.TestCloudflareProvider.test_update_record_failure,tests.test_provider_cloudflare.TestCloudflareProvider.test_update_record_failure,f1a764d3c2e2c6aade66f85162964e6ce9248fee,2025-07-01T19:08:11+08:00,f1755218704a18870cf7fc0d5fb72d76f2ad41b3,2025-11-14T10:27:22Z,3,411,0.25,0.3966175090134733,,False,False,0,3,0.0,137.11,,0.021880138709274407,60844169.0,NewFuture/DDNS,Python
tests/test_provider_cloudflare.py,23,callable,ok,tests.test_provider_cloudflare.TestCloudflareProvider.test_update_record_with_extra_params,tests.test_provider_cloudflare.TestCloudflareProvider.test_update_record_with_extra_params,f1a764d3c2e2c6aade66f85162964e6ce9248fee,2025-07-01T19:08:11+08:00,f1755218704a18870cf7fc0d5fb72d76f2ad41b3,2025-11-14T10:27:22Z,4,411,0.11428571428571428,1.1254791556866481,,False,False,0,4,0.0,137.11,,0.029173518279032546,60844169.0,NewFuture/DDNS,Python
tests/test_provider_cloudflare.py,24,callable,ok,tests.test_provider_cloudflare.TestCloudflareProvider.test_update_record_preserves_old_values,tests.test_provider_cloudflare.TestCloudflareProvider.test_update_record_preserves_old_values,f1a764d3c2e2c6aade66f85162964e6ce9248fee,2025-07-01T19:08:11+08:00,f1755218704a18870cf7fc0d5fb72d76f2ad41b3,2025-11-14T10:27:22Z,3,411,0.09375,0.3966175090134733,,False,False,0,3,0.0,137.11,,0.021880138709274407,60844169.0,NewFuture/DDNS,Python
tests/test_provider_cloudflare.py,25,callable,ok,tests.test_provider_cloudflare.TestCloudflareProviderIntegration.setUp,tests.test_provider_cloudflare.TestCloudflareProviderIntegration.setUp,f1a764d3c2e2c6aade66f85162964e6ce9248fee,2025-07-01T19:08:11+08:00,f1755218704a18870cf7fc0d5fb72d76f2ad41b3,2025-11-14T10:27:22Z,3,411,0.6,0.3966175090134733,,False,False,0,3,0.0,137.11,,0.021880138709274407,60844169.0,NewFuture/DDNS,Python
tests/test_provider_cloudflare.py,26,callable,ok,tests.test_provider_cloudflare.TestCloudflareProviderIntegration.test_full_workflow_create_new_record,tests.test_provider_cloudflare.TestCloudflareProviderIntegration.test_full_workflow_create_new_record,f1a764d3c2e2c6aade66f85162964e6ce9248fee,2025-07-01T19:08:11+08:00,f1755218704a18870cf7fc0d5fb72d76f2ad41b3,2025-11-14T10:27:22Z,3,411,0.0967741935483871,0.3966175090134733,,False,False,0,3,0.0,137.11,,0.021880138709274407,60844169.0,NewFuture/DDNS,Python
tests/test_provider_cloudflare.py,27,callable,ok,tests.test_provider_cloudflare.TestCloudflareProviderIntegration.test_full_workflow_update_existing_record,tests.test_provider_cloudflare.TestCloudflareProviderIntegration.test_full_workflow_update_existing_record,f1a764d3c2e2c6aade66f85162964e6ce9248fee,2025-07-01T19:08:11+08:00,f1755218704a18870cf7fc0d5fb72d76f2ad41b3,2025-11-14T10:27:22Z,3,411,0.1,0.3966175090134733,,False,False,0,3,0.0,137.11,,0.021880138709274407,60844169.0,NewFuture/DDNS,Python
tests/test_provider_cloudflare.py,28,callable,ok,tests.test_provider_cloudflare.TestCloudflareProviderIntegration.test_full_workflow_zone_not_found,tests.test_provider_cloudflare.TestCloudflareProviderIntegration.test_full_workflow_zone_not_found,f1a764d3c2e2c6aade66f85162964e6ce9248fee,2025-07-01T19:08:11+08:00,f1755218704a18870cf7fc0d5fb72d76f2ad41b3,2025-11-14T10:27:22Z,3,411,0.3,0.3966175090134733,,False,False,0,3,0.0,137.11,,0.021880138709274407,60844169.0,NewFuture/DDNS,Python
tests/test_provider_cloudflare.py,29,callable,ok,tests.test_provider_cloudflare.TestCloudflareProviderIntegration.test_full_workflow_create_failure,tests.test_provider_cloudflare.TestCloudflareProviderIntegration.test_full_workflow_create_failure,f1a764d3c2e2c6aade66f85162964e6ce9248fee,2025-07-01T19:08:11+08:00,f1755218704a18870cf7fc0d5fb72d76f2ad41b3,2025-11-14T10:27:22Z,3,411,0.2,0.3966175090134733,,False,False,0,3,0.0,137.11,,0.021880138709274407,60844169.0,NewFuture/DDNS,Python
tests/test_provider_cloudflare.py,30,callable,ok,tests.test_provider_cloudflare.TestCloudflareProviderIntegration.test_full_workflow_update_failure,tests.test_provider_cloudflare.TestCloudflareProviderIntegration.test_full_workflow_update_failure,f1a764d3c2e2c6aade66f85162964e6ce9248fee,2025-07-01T19:08:11+08:00,f1755218704a18870cf7fc0d5fb72d76f2ad41b3,2025-11-14T10:27:22Z,3,411,0.17647058823529413,0.3966175090134733,,False,False,0,3,0.0,137.11,,0.021880138709274407,60844169.0,NewFuture/DDNS,Python
tests/test_provider_cloudflare.py,31,callable,ok,tests.test_provider_cloudflare.TestCloudflareProviderIntegration.test_full_workflow_with_proxy_options,tests.test_provider_cloudflare.TestCloudflareProviderIntegration.test_full_workflow_with_proxy_options,f1a764d3c2e2c6aade66f85162964e6ce9248fee,2025-07-01T19:08:11+08:00,f1755218704a18870cf7fc0d5fb72d76f2ad41b3,2025-11-14T10:27:22Z,4,411,0.14285714285714285,1.0576912200361324,,False,False,0,4,0.0,137.11,,0.029173518279032546,60844169.0,NewFuture/DDNS,Python
tests/test_provider_cloudflare.py,32,callable,ok,tests.test_provider_cloudflare.TestCloudflareProviderIntegration.test_full_workflow_bearer_token_auth,tests.test_provider_cloudflare.TestCloudflareProviderIntegration.test_full_workflow_bearer_token_auth,f1a764d3c2e2c6aade66f85162964e6ce9248fee,2025-07-01T19:08:11+08:00,485e6a3e26c5aab9c6c9a7287efd24e00c9ee159,2025-07-12T11:04:25+08:00,2,411,0.13333333333333333,,,False,False,0,2,0.0,11.8,,0.16944781389766253,60844169.0,NewFuture/DDNS,Python
tests/test_provider_cloudflare.py,33,callable,ok,tests.test_provider_cloudflare.TestCloudflareProvider.test_query_record_with_proxy_false_fallback,tests.test_provider_cloudflare.TestCloudflareProvider.test_query_record_with_proxy_false_fallback,aba52bc51760d28d5b48302727a741c16e0d4c3f,2025-10-20T15:51:13Z,f1755218704a18870cf7fc0d5fb72d76f2ad41b3,2025-11-14T10:27:22Z,2,300,0.05405405405405406,,,False,False,0,2,0.0,137.11,,0.014586759139516273,60844169.0,NewFuture/DDNS,Python
tests/test_provider_cloudflare.py,34,callable,ok,tests.test_provider_cloudflare.TestCloudflareProvider.test_query_record_with_proxy_true_fallback,tests.test_provider_cloudflare.TestCloudflareProvider.test_query_record_with_proxy_true_fallback,aba52bc51760d28d5b48302727a741c16e0d4c3f,2025-10-20T15:51:13Z,f1755218704a18870cf7fc0d5fb72d76f2ad41b3,2025-11-14T10:27:22Z,2,300,0.09090909090909091,,,False,False,0,2,0.0,137.11,,0.014586759139516273,60844169.0,NewFuture/DDNS,Python
tests/test_provider_cloudflare.py,35,callable,ok,tests.test_provider_cloudflare.TestCloudflareProvider.test_query_record_with_proxy_found_with_filter,tests.test_provider_cloudflare.TestCloudflareProvider.test_query_record_with_proxy_found_with_filter,aba52bc51760d28d5b48302727a741c16e0d4c3f,2025-10-20T15:51:13Z,f1755218704a18870cf7fc0d5fb72d76f2ad41b3,2025-11-14T10:27:22Z,2,300,0.1,,,False,False,0,2,0.0,137.11,,0.014586759139516273,60844169.0,NewFuture/DDNS,Python
tests/test_provider_cloudflare.py,36,callable,ok,tests.test_provider_cloudflare.TestCloudflareProvider.test_query_record_no_extra_filter,tests.test_provider_cloudflare.TestCloudflareProvider.test_query_record_no_extra_filter,aba52bc51760d28d5b48302727a741c16e0d4c3f,2025-10-20T15:51:13Z,f1755218704a18870cf7fc0d5fb72d76f2ad41b3,2025-11-14T10:27:22Z,2,300,0.125,,,False,False,0,2,0.0,137.11,,0.014586759139516273,60844169.0,NewFuture/DDNS,Python
tests/test_provider_cloudns.py,0,class,ok,tests.test_provider_cloudns.TestCloudnsProvider,tests.test_provider_cloudns.TestCloudnsProvider,81840212e066393df4025c7e7acc123744ea79cd,2026-01-27T13:58:29+08:00,81840212e066393df4025c7e7acc123744ea79cd,2026-01-27T13:58:29+08:00,1,202,0.005847953216374269,,,False,False,0,1,0.0,210.92,,0.004741045884599321,60844169.0,NewFuture/DDNS,Python
tests/test_provider_cloudns.py,1,class,ok,tests.test_provider_cloudns.TestCloudnsProviderIntegration,tests.test_provider_cloudns.TestCloudnsProviderIntegration,81840212e066393df4025c7e7acc123744ea79cd,2026-01-27T13:58:29+08:00,81840212e066393df4025c7e7acc123744ea79cd,2026-01-27T13:58:29+08:00,1,202,0.018867924528301886,,,False,False,0,1,0.0,210.92,,0.004741045884599321,60844169.0,NewFuture/DDNS,Python
tests/test_provider_cloudns.py,0,callable,ok,tests.test_provider_cloudns.TestCloudnsProvider.setUp,tests.test_provider_cloudns.TestCloudnsProvider.setUp,81840212e066393df4025c7e7acc123744ea79cd,2026-01-27T13:58:29+08:00,81840212e066393df4025c7e7acc123744ea79cd,2026-01-27T13:58:29+08:00,1,202,0.2,,,False,False,0,1,0.0,210.92,,0.004741045884599321,60844169.0,NewFuture/DDNS,Python
tests/test_provider_cloudns.py,1,callable,ok,tests.test_provider_cloudns.TestCloudnsProvider.test_class_constants,tests.test_provider_cloudns.TestCloudnsProvider.test_class_constants,81840212e066393df4025c7e7acc123744ea79cd,2026-01-27T13:58:29+08:00,81840212e066393df4025c7e7acc123744ea79cd,2026-01-27T13:58:29+08:00,1,202,0.2,,,False,False,0,1,0.0,210.92,,0.004741045884599321,60844169.0,NewFuture/DDNS,Python
tests/test_provider_cloudns.py,2,callable,ok,tests.test_provider_cloudns.TestCloudnsProvider.test_init,tests.test_provider_cloudns.TestCloudnsProvider.test_init,81840212e066393df4025c7e7acc123744ea79cd,2026-01-27T13:58:29+08:00,81840212e066393df4025c7e7acc123744ea79cd,2026-01-27T13:58:29+08:00,1,202,0.16666666666666666,,,False,False,0,1,0.0,210.92,,0.004741045884599321,60844169.0,NewFuture/DDNS,Python
tests/test_provider_cloudns.py,3,callable,ok,tests.test_provider_cloudns.TestCloudnsProvider.test_query_zone_id,tests.test_provider_cloudns.TestCloudnsProvider.test_query_zone_id,81840212e066393df4025c7e7acc123744ea79cd,2026-01-27T13:58:29+08:00,81840212e066393df4025c7e7acc123744ea79cd,2026-01-27T13:58:29+08:00,1,202,0.2,,,False,False,0,1,0.0,210.92,,0.004741045884599321,60844169.0,NewFuture/DDNS,Python
tests/test_provider_cloudns.py,4,callable,ok,tests.test_provider_cloudns.TestCloudnsProvider.test_query_record_success,tests.test_provider_cloudns.TestCloudnsProvider.test_query_record_success,81840212e066393df4025c7e7acc123744ea79cd,2026-01-27T13:58:29+08:00,81840212e066393df4025c7e7acc123744ea79cd,2026-01-27T13:58:29+08:00,1,202,0.06666666666666667,,,False,False,0,1,0.0,210.92,,0.004741045884599321,60844169.0,NewFuture/DDNS,Python
tests/test_provider_cloudns.py,5,callable,ok,tests.test_provider_cloudns.TestCloudnsProvider.test_query_record_root,tests.test_provider_cloudns.TestCloudnsProvider.test_query_record_root,81840212e066393df4025c7e7acc123744ea79cd,2026-01-27T13:58:29+08:00,81840212e066393df4025c7e7acc123744ea79cd,2026-01-27T13:58:29+08:00,1,202,0.07692307692307693,,,False,False,0,1,0.0,210.92,,0.004741045884599321,60844169.0,NewFuture/DDNS,Python
tests/test_provider_cloudns.py,6,callable,ok,tests.test_provider_cloudns.TestCloudnsProvider.test_query_record_not_found,tests.test_provider_cloudns.TestCloudnsProvider.test_query_record_not_found,81840212e066393df4025c7e7acc123744ea79cd,2026-01-27T13:58:29+08:00,81840212e066393df4025c7e7acc123744ea79cd,2026-01-27T13:58:29+08:00,1,202,0.09090909090909091,,,False,False,0,1,0.0,210.92,,0.004741045884599321,60844169.0,NewFuture/DDNS,Python
tests/test_provider_cloudns.py,7,callable,ok,tests.test_provider_cloudns.TestCloudnsProvider.test_create_record_success,tests.test_provider_cloudns.TestCloudnsProvider.test_create_record_success,81840212e066393df4025c7e7acc123744ea79cd,2026-01-27T13:58:29+08:00,81840212e066393df4025c7e7acc123744ea79cd,2026-01-27T13:58:29+08:00,1,202,0.07692307692307693,,,False,False,0,1,0.0,210.92,,0.004741045884599321,60844169.0,NewFuture/DDNS,Python
tests/test_provider_cloudns.py,8,callable,ok,tests.test_provider_cloudns.TestCloudnsProvider.test_create_record_default_ttl,tests.test_provider_cloudns.TestCloudnsProvider.test_create_record_default_ttl,81840212e066393df4025c7e7acc123744ea79cd,2026-01-27T13:58:29+08:00,81840212e066393df4025c7e7acc123744ea79cd,2026-01-27T13:58:29+08:00,1,202,0.06666666666666667,,,False,False,0,1,0.0,210.92,,0.004741045884599321,60844169.0,NewFuture/DDNS,Python
tests/test_provider_cloudns.py,9,callable,ok,tests.test_provider_cloudns.TestCloudnsProvider.test_create_record_failure,tests.test_provider_cloudns.TestCloudnsProvider.test_create_record_failure,81840212e066393df4025c7e7acc123744ea79cd,2026-01-27T13:58:29+08:00,81840212e066393df4025c7e7acc123744ea79cd,2026-01-27T13:58:29+08:00,1,202,0.07692307692307693,,,False,False,0,1,0.0,210.92,,0.004741045884599321,60844169.0,NewFuture/DDNS,Python
tests/test_provider_cloudns.py,10,callable,ok,tests.test_provider_cloudns.TestCloudnsProvider.test_update_record_success,tests.test_provider_cloudns.TestCloudnsProvider.test_update_record_success,81840212e066393df4025c7e7acc123744ea79cd,2026-01-27T13:58:29+08:00,81840212e066393df4025c7e7acc123744ea79cd,2026-01-27T13:58:29+08:00,1,202,0.06666666666666667,,,False,False,0,1,0.0,210.92,,0.004741045884599321,60844169.0,NewFuture/DDNS,Python
tests/test_provider_cloudns.py,11,callable,ok,tests.test_provider_cloudns.TestCloudnsProvider.test_update_record_missing_id,tests.test_provider_cloudns.TestCloudnsProvider.test_update_record_missing_id,81840212e066393df4025c7e7acc123744ea79cd,2026-01-27T13:58:29+08:00,81840212e066393df4025c7e7acc123744ea79cd,2026-01-27T13:58:29+08:00,1,202,0.1111111111111111,,,False,False,0,1,0.0,210.92,,0.004741045884599321,60844169.0,NewFuture/DDNS,Python
tests/test_provider_cloudns.py,12,callable,ok,tests.test_provider_cloudns.TestCloudnsProvider.test_update_record_default_ttl,tests.test_provider_cloudns.TestCloudnsProvider.test_update_record_default_ttl,81840212e066393df4025c7e7acc123744ea79cd,2026-01-27T13:58:29+08:00,81840212e066393df4025c7e7acc123744ea79cd,2026-01-27T13:58:29+08:00,1,202,0.058823529411764705,,,False,False,0,1,0.0,210.92,,0.004741045884599321,60844169.0,NewFuture/DDNS,Python
tests/test_provider_cloudns.py,13,callable,ok,tests.test_provider_cloudns.TestCloudnsProvider.test_request_adds_auth,tests.test_provider_cloudns.TestCloudnsProvider.test_request_adds_auth,81840212e066393df4025c7e7acc123744ea79cd,2026-01-27T13:58:29+08:00,81840212e066393df4025c7e7acc123744ea79cd,2026-01-27T13:58:29+08:00,1,202,0.07692307692307693,,,False,False,0,1,0.0,210.92,,0.004741045884599321,60844169.0,NewFuture/DDNS,Python
tests/test_provider_cloudns.py,14,callable,ok,tests.test_provider_cloudns.TestCloudnsProviderIntegration.setUp,tests.test_provider_cloudns.TestCloudnsProviderIntegration.setUp,81840212e066393df4025c7e7acc123744ea79cd,2026-01-27T13:58:29+08:00,81840212e066393df4025c7e7acc123744ea79cd,2026-01-27T13:58:29+08:00,1,202,0.2,,,False,False,0,1,0.0,210.92,,0.004741045884599321,60844169.0,NewFuture/DDNS,Python
tests/test_provider_cloudns.py,15,callable,ok,tests.test_provider_cloudns.TestCloudnsProviderIntegration.test_full_workflow_create_new_record,tests.test_provider_cloudns.TestCloudnsProviderIntegration.test_full_workflow_create_new_record,81840212e066393df4025c7e7acc123744ea79cd,2026-01-27T13:58:29+08:00,81840212e066393df4025c7e7acc123744ea79cd,2026-01-27T13:58:29+08:00,1,202,0.07142857142857142,,,False,False,0,1,0.0,210.92,,0.004741045884599321,60844169.0,NewFuture/DDNS,Python
tests/test_provider_cloudns.py,16,callable,ok,tests.test_provider_cloudns.TestCloudnsProviderIntegration.test_full_workflow_update_existing_record,tests.test_provider_cloudns.TestCloudnsProviderIntegration.test_full_workflow_update_existing_record,81840212e066393df4025c7e7acc123744ea79cd,2026-01-27T13:58:29+08:00,81840212e066393df4025c7e7acc123744ea79cd,2026-01-27T13:58:29+08:00,1,202,0.06666666666666667,,,False,False,0,1,0.0,210.92,,0.004741045884599321,60844169.0,NewFuture/DDNS,Python
tests/test_provider_cloudns.py,17,callable,ok,tests.test_provider_cloudns.TestCloudnsProviderIntegration.test_full_workflow_root_record,tests.test_provider_cloudns.TestCloudnsProviderIntegration.test_full_workflow_root_record,81840212e066393df4025c7e7acc123744ea79cd,2026-01-27T13:58:29+08:00,81840212e066393df4025c7e7acc123744ea79cd,2026-01-27T13:58:29+08:00,1,202,0.07692307692307693,,,False,False,0,1,0.0,210.92,,0.004741045884599321,60844169.0,NewFuture/DDNS,Python
tests/test_provider_debug.py,0,class,ok,tests.test_provider_debug.TestDebugProvider,tests.test_provider_debug.TestDebugProvider,f1a764d3c2e2c6aade66f85162964e6ce9248fee,2025-07-01T19:08:11+08:00,f1755218704a18870cf7fc0d5fb72d76f2ad41b3,2025-11-14T10:27:22Z,3,411,0.018633540372670808,0.3966175090134733,,False,False,0,3,0.0,137.11,,0.021880138709274407,60844169.0,NewFuture/DDNS,Python
tests/test_provider_debug.py,1,class,ok,tests.test_provider_debug.TestDebugProviderIntegration,tests.test_provider_debug.TestDebugProviderIntegration,f1a764d3c2e2c6aade66f85162964e6ce9248fee,2025-07-01T19:08:11+08:00,485e6a3e26c5aab9c6c9a7287efd24e00c9ee159,2025-07-12T11:04:25+08:00,2,411,0.05714285714285714,,,False,False,0,2,0.0,11.8,,0.16944781389766253,60844169.0,NewFuture/DDNS,Python
tests/test_provider_debug.py,0,callable,ok,tests.test_provider_debug.TestDebugProvider.setUp,tests.test_provider_debug.TestDebugProvider.setUp,f1a764d3c2e2c6aade66f85162964e6ce9248fee,2025-07-01T19:08:11+08:00,f1a764d3c2e2c6aade66f85162964e6ce9248fee,2025-07-01T19:08:11+08:00,1,411,0.3333333333333333,,,False,False,0,1,0.0,1.14,,0.8779684784928207,60844169.0,NewFuture/DDNS,Python
tests/test_provider_debug.py,1,callable,ok,tests.test_provider_debug.TestDebugProvider.test_init_with_basic_config,tests.test_provider_debug.TestDebugProvider.test_init_with_basic_config,f1a764d3c2e2c6aade66f85162964e6ce9248fee,2025-07-01T19:08:11+08:00,f1755218704a18870cf7fc0d5fb72d76f2ad41b3,2025-11-14T10:27:22Z,3,411,0.6,0.3966175090134733,,False,False,0,3,0.0,137.11,,0.021880138709274407,60844169.0,NewFuture/DDNS,Python
tests/test_provider_debug.py,2,callable,ok,tests.test_provider_debug.TestDebugProvider.test_validate_always_passes,tests.test_provider_debug.TestDebugProvider.test_validate_always_passes,f1a764d3c2e2c6aade66f85162964e6ce9248fee,2025-07-01T19:08:11+08:00,f1755218704a18870cf7fc0d5fb72d76f2ad41b3,2025-11-14T10:27:22Z,3,411,0.6,0.3966175090134733,,False,False,0,3,0.0,137.11,,0.021880138709274407,60844169.0,NewFuture/DDNS,Python
tests/test_provider_debug.py,3,callable,ok,tests.test_provider_debug.TestDebugProvider.test_validate_with_none_values,tests.test_provider_debug.TestDebugProvider.test_validate_with_none_values,f1a764d3c2e2c6aade66f85162964e6ce9248fee,2025-07-01T19:08:11+08:00,f1a764d3c2e2c6aade66f85162964e6ce9248fee,2025-07-01T19:08:11+08:00,1,411,0.2,,,False,False,0,1,0.0,1.14,,0.8779684784928207,60844169.0,NewFuture/DDNS,Python
tests/test_provider_debug.py,4,callable,ok,tests.test_provider_debug.TestDebugProvider.test_set_record_ipv4,tests.test_provider_debug.TestDebugProvider.test_set_record_ipv4,f1a764d3c2e2c6aade66f85162964e6ce9248fee,2025-07-01T19:08:11+08:00,f1755218704a18870cf7fc0d5fb72d76f2ad41b3,2025-11-14T10:27:22Z,3,411,0.25,0.3966175090134733,,False,False,0,3,0.0,137.11,,0.021880138709274407,60844169.0,NewFuture/DDNS,Python
tests/test_provider_debug.py,5,callable,ok,tests.test_provider_debug.TestDebugProvider.test_set_record_ipv6,tests.test_provider_debug.TestDebugProvider.test_set_record_ipv6,f1a764d3c2e2c6aade66f85162964e6ce9248fee,2025-07-01T19:08:11+08:00,f1755218704a18870cf7fc0d5fb72d76f2ad41b3,2025-11-14T10:27:22Z,3,411,0.25,0.3966175090134733,,False,False,0,3,0.0,137.11,,0.021880138709274407,60844169.0,NewFuture/DDNS,Python
tests/test_provider_debug.py,6,callable,ok,tests.test_provider_debug.TestDebugProvider.test_set_record_other_type,tests.test_provider_debug.TestDebugProvider.test_set_record_other_type,f1a764d3c2e2c6aade66f85162964e6ce9248fee,2025-07-01T19:08:11+08:00,f1755218704a18870cf7fc0d5fb72d76f2ad41b3,2025-11-14T10:27:22Z,3,411,0.25,0.3966175090134733,,False,False,0,3,0.0,137.11,,0.021880138709274407,60844169.0,NewFuture/DDNS,Python
tests/test_provider_debug.py,7,callable,ok,tests.test_provider_debug.TestDebugProvider.test_set_record_mx_type,tests.test_provider_debug.TestDebugProvider.test_set_record_mx_type,f1a764d3c2e2c6aade66f85162964e6ce9248fee,2025-07-01T19:08:11+08:00,f1755218704a18870cf7fc0d5fb72d76f2ad41b3,2025-11-14T10:27:22Z,3,411,0.25,0.3966175090134733,,False,False,0,3,0.0,137.11,,0.021880138709274407,60844169.0,NewFuture/DDNS,Python
tests/test_provider_debug.py,8,callable,ok,tests.test_provider_debug.TestDebugProvider.test_set_record_with_all_parameters,tests.test_provider_debug.TestDebugProvider.test_set_record_with_all_parameters,f1a764d3c2e2c6aade66f85162964e6ce9248fee,2025-07-01T19:08:11+08:00,f1755218704a18870cf7fc0d5fb72d76f2ad41b3,2025-11-14T10:27:22Z,3,411,0.21428571428571427,0.3966175090134733,,False,False,0,3,0.0,137.11,,0.021880138709274407,60844169.0,NewFuture/DDNS,Python
tests/test_provider_debug.py,9,callable,ok,tests.test_provider_debug.TestDebugProvider.test_set_record_logger_debug_called,tests.test_provider_debug.TestDebugProvider.test_set_record_logger_debug_called,f1a764d3c2e2c6aade66f85162964e6ce9248fee,2025-07-01T19:08:11+08:00,f1755218704a18870cf7fc0d5fb72d76f2ad41b3,2025-11-14T10:27:22Z,3,411,0.2,0.3966175090134733,,False,False,0,3,0.0,137.11,,0.021880138709274407,60844169.0,NewFuture/DDNS,Python
tests/test_provider_debug.py,10,callable,ok,tests.test_provider_debug.TestDebugProvider.test_set_record_multiple_calls,tests.test_provider_debug.TestDebugProvider.test_set_record_multiple_calls,f1a764d3c2e2c6aade66f85162964e6ce9248fee,2025-07-01T19:08:11+08:00,f1755218704a18870cf7fc0d5fb72d76f2ad41b3,2025-11-14T10:27:22Z,3,411,0.15789473684210525,0.3966175090134733,,False,False,0,3,0.0,137.11,,0.021880138709274407,60844169.0,NewFuture/DDNS,Python
tests/test_provider_debug.py,11,callable,ok,tests.test_provider_debug.TestDebugProvider.test_set_record_empty_values,tests.test_provider_debug.TestDebugProvider.test_set_record_empty_values,f1a764d3c2e2c6aade66f85162964e6ce9248fee,2025-07-01T19:08:11+08:00,f1755218704a18870cf7fc0d5fb72d76f2ad41b3,2025-11-14T10:27:22Z,3,411,0.25,0.3966175090134733,,False,False,0,3,0.0,137.11,,0.021880138709274407,60844169.0,NewFuture/DDNS,Python
tests/test_provider_debug.py,12,callable,ok,tests.test_provider_debug.TestDebugProvider.test_set_record_none_values,tests.test_provider_debug.TestDebugProvider.test_set_record_none_values,f1a764d3c2e2c6aade66f85162964e6ce9248fee,2025-07-01T19:08:11+08:00,f1755218704a18870cf7fc0d5fb72d76f2ad41b3,2025-11-14T10:27:22Z,3,411,0.25,0.3966175090134733,,False,False,0,3,0.0,137.11,,0.021880138709274407,60844169.0,NewFuture/DDNS,Python
tests/test_provider_debug.py,13,callable,ok,tests.test_provider_debug.TestDebugProviderIntegration.test_full_workflow_ipv4,tests.test_provider_debug.TestDebugProviderIntegration.test_full_workflow_ipv4,f1a764d3c2e2c6aade66f85162964e6ce9248fee,2025-07-01T19:08:11+08:00,485e6a3e26c5aab9c6c9a7287efd24e00c9ee159,2025-07-12T11:04:25+08:00,2,411,0.2,,,False,False,0,2,0.0,11.8,,0.16944781389766253,60844169.0,NewFuture/DDNS,Python
tests/test_provider_debug.py,14,callable,ok,tests.test_provider_debug.TestDebugProviderIntegration.test_full_workflow_ipv6,tests.test_provider_debug.TestDebugProviderIntegration.test_full_workflow_ipv6,f1a764d3c2e2c6aade66f85162964e6ce9248fee,2025-07-01T19:08:11+08:00,485e6a3e26c5aab9c6c9a7287efd24e00c9ee159,2025-07-12T11:04:25+08:00,2,411,0.2,,,False,False,0,2,0.0,11.8,,0.16944781389766253,60844169.0,NewFuture/DDNS,Python
tests/test_provider_debug.py,15,callable,ok,tests.test_provider_debug.TestDebugProviderIntegration.test_full_workflow_cname,tests.test_provider_debug.TestDebugProviderIntegration.test_full_workflow_cname,f1a764d3c2e2c6aade66f85162964e6ce9248fee,2025-07-01T19:08:11+08:00,485e6a3e26c5aab9c6c9a7287efd24e00c9ee159,2025-07-12T11:04:25+08:00,2,411,0.2,,,False,False,0,2,0.0,11.8,,0.16944781389766253,60844169.0,NewFuture/DDNS,Python
tests/test_provider_dnscom.py,0,class,ok,tests.test_provider_dnscom.TestDnscomProvider,tests.test_provider_dnscom.TestDnscomProvider,f1a764d3c2e2c6aade66f85162964e6ce9248fee,2025-07-01T19:08:11+08:00,f1755218704a18870cf7fc0d5fb72d76f2ad41b3,2025-11-14T10:27:22Z,5,411,0.016339869281045753,1.1893639966287037,,False,False,0,5,0.0,137.11,,0.03646689784879068,60844169.0,NewFuture/DDNS,Python
tests/test_provider_dnscom.py,1,class,ok,tests.test_provider_dnscom.TestDnscomProviderIntegration,tests.test_provider_dnscom.TestDnscomProviderIntegration,f1a764d3c2e2c6aade66f85162964e6ce9248fee,2025-07-01T19:08:11+08:00,f1755218704a18870cf7fc0d5fb72d76f2ad41b3,2025-11-14T10:27:22Z,3,411,0.027777777777777776,0.3966175090134733,,False,False,0,3,0.0,137.11,,0.021880138709274407,60844169.0,NewFuture/DDNS,Python
tests/test_provider_dnscom.py,0,callable,ok,tests.test_provider_dnscom.TestDnscomProvider.setUp,tests.test_provider_dnscom.TestDnscomProvider.setUp,f1a764d3c2e2c6aade66f85162964e6ce9248fee,2025-07-01T19:08:11+08:00,f1755218704a18870cf7fc0d5fb72d76f2ad41b3,2025-11-14T10:27:22Z,3,411,0.6,0.3966175090134733,,False,False,0,3,0.0,137.11,,0.021880138709274407,60844169.0,NewFuture/DDNS,Python
tests/test_provider_dnscom.py,1,callable,ok,tests.test_provider_dnscom.TestDnscomProvider.test_class_constants,tests.test_provider_dnscom.TestDnscomProvider.test_class_constants,f1a764d3c2e2c6aade66f85162964e6ce9248fee,2025-07-01T19:08:11+08:00,78b0e953daf0739020719f8b44043b9cdae5c550,2025-07-09T18:33:23+08:00,2,411,0.4,,,False,False,0,2,0.0,9.11,,0.21942272015603395,60844169.0,NewFuture/DDNS,Python
tests/test_provider_dnscom.py,2,callable,ok,tests.test_provider_dnscom.TestDnscomProvider.test_init_with_basic_config,tests.test_provider_dnscom.TestDnscomProvider.test_init_with_basic_config,f1a764d3c2e2c6aade66f85162964e6ce9248fee,2025-07-01T19:08:11+08:00,f1755218704a18870cf7fc0d5fb72d76f2ad41b3,2025-11-14T10:27:22Z,4,411,0.6666666666666666,0.46050234995552886,,False,False,0,4,0.0,137.11,,0.029173518279032546,60844169.0,NewFuture/DDNS,Python
tests/test_provider_dnscom.py,3,callable,ok,tests.test_provider_dnscom.TestDnscomProvider.test_signature_generation,tests.test_provider_dnscom.TestDnscomProvider.test_signature_generation,f1a764d3c2e2c6aade66f85162964e6ce9248fee,2025-07-01T19:08:11+08:00,f1755218704a18870cf7fc0d5fb72d76f2ad41b3,2025-11-14T10:27:22Z,3,411,0.16666666666666666,0.3966175090134733,,False,False,0,3,0.0,137.11,,0.021880138709274407,60844169.0,NewFuture/DDNS,Python
tests/test_provider_dnscom.py,4,callable,ok,tests.test_provider_dnscom.TestDnscomProvider.test_signature_filters_none_params,tests.test_provider_dnscom.TestDnscomProvider.test_signature_filters_none_params,f1a764d3c2e2c6aade66f85162964e6ce9248fee,2025-07-01T19:08:11+08:00,f1755218704a18870cf7fc0d5fb72d76f2ad41b3,2025-11-14T10:27:22Z,3,411,0.16666666666666666,0.3966175090134733,,False,False,0,3,0.0,137.11,,0.021880138709274407,60844169.0,NewFuture/DDNS,Python
tests/test_provider_dnscom.py,5,callable,ok,tests.test_provider_dnscom.TestDnscomProvider.test_request_success,tests.test_provider_dnscom.TestDnscomProvider.test_request_success,f1a764d3c2e2c6aade66f85162964e6ce9248fee,2025-07-01T19:08:11+08:00,f1755218704a18870cf7fc0d5fb72d76f2ad41b3,2025-11-14T10:27:22Z,3,411,0.23076923076923078,0.3966175090134733,,False,False,0,3,0.0,137.11,,0.021880138709274407,60844169.0,NewFuture/DDNS,Python
tests/test_provider_dnscom.py,6,callable,ok,tests.test_provider_dnscom.TestDnscomProvider.test_request_failure_none_response,tests.test_provider_dnscom.TestDnscomProvider.test_request_failure_none_response,f1a764d3c2e2c6aade66f85162964e6ce9248fee,2025-07-01T19:08:11+08:00,f1755218704a18870cf7fc0d5fb72d76f2ad41b3,2025-11-14T10:27:22Z,3,411,0.25,0.3966175090134733,,False,False,0,3,0.0,137.11,,0.021880138709274407,60844169.0,NewFuture/DDNS,Python
tests/test_provider_dnscom.py,7,callable,ok,tests.test_provider_dnscom.TestDnscomProvider.test_request_failure_api_error,tests.test_provider_dnscom.TestDnscomProvider.test_request_failure_api_error,f1a764d3c2e2c6aade66f85162964e6ce9248fee,2025-07-01T19:08:11+08:00,f1755218704a18870cf7fc0d5fb72d76f2ad41b3,2025-11-14T10:27:22Z,3,411,0.25,0.3966175090134733,,False,False,0,3,0.0,137.11,,0.021880138709274407,60844169.0,NewFuture/DDNS,Python
tests/test_provider_dnscom.py,8,callable,ok,tests.test_provider_dnscom.TestDnscomProvider.test_query_zone_id_success,tests.test_provider_dnscom.TestDnscomProvider.test_query_zone_id_success,f1a764d3c2e2c6aade66f85162964e6ce9248fee,2025-07-01T19:08:11+08:00,f1755218704a18870cf7fc0d5fb72d76f2ad41b3,2025-11-14T10:27:22Z,3,411,0.2727272727272727,0.3966175090134733,,False,False,0,3,0.0,137.11,,0.021880138709274407,60844169.0,NewFuture/DDNS,Python
tests/test_provider_dnscom.py,9,callable,ok,tests.test_provider_dnscom.TestDnscomProvider.test_query_zone_id_not_found,tests.test_provider_dnscom.TestDnscomProvider.test_query_zone_id_not_found,f1a764d3c2e2c6aade66f85162964e6ce9248fee,2025-07-01T19:08:11+08:00,f1755218704a18870cf7fc0d5fb72d76f2ad41b3,2025-11-14T10:27:22Z,3,411,0.2727272727272727,0.3966175090134733,,False,False,0,3,0.0,137.11,,0.021880138709274407,60844169.0,NewFuture/DDNS,Python
tests/test_provider_dnscom.py,10,callable,ok,tests.test_provider_dnscom.TestDnscomProvider.test_query_record_success,tests.test_provider_dnscom.TestDnscomProvider.test_query_record_success,f1a764d3c2e2c6aade66f85162964e6ce9248fee,2025-07-01T19:08:11+08:00,f1755218704a18870cf7fc0d5fb72d76f2ad41b3,2025-11-14T10:27:22Z,3,411,0.15789473684210525,0.3966175090134733,,False,False,0,3,0.0,137.11,,0.021880138709274407,60844169.0,NewFuture/DDNS,Python
tests/test_provider_dnscom.py,11,callable,ok,tests.test_provider_dnscom.TestDnscomProvider.test_query_record_with_line,tests.test_provider_dnscom.TestDnscomProvider.test_query_record_with_line,f1a764d3c2e2c6aade66f85162964e6ce9248fee,2025-07-01T19:08:11+08:00,f1755218704a18870cf7fc0d5fb72d76f2ad41b3,2025-11-14T10:27:22Z,3,411,0.16666666666666666,0.3966175090134733,,False,False,0,3,0.0,137.11,,0.021880138709274407,60844169.0,NewFuture/DDNS,Python
tests/test_provider_dnscom.py,12,callable,ok,tests.test_provider_dnscom.TestDnscomProvider.test_query_record_not_found,tests.test_provider_dnscom.TestDnscomProvider.test_query_record_not_found,f1a764d3c2e2c6aade66f85162964e6ce9248fee,2025-07-01T19:08:11+08:00,f1755218704a18870cf7fc0d5fb72d76f2ad41b3,2025-11-14T10:27:22Z,3,411,0.25,0.3966175090134733,,False,False,0,3,0.0,137.11,,0.021880138709274407,60844169.0,NewFuture/DDNS,Python
tests/test_provider_dnscom.py,13,callable,ok,tests.test_provider_dnscom.TestDnscomProvider.test_query_record_empty_response,tests.test_provider_dnscom.TestDnscomProvider.test_query_record_empty_response,f1a764d3c2e2c6aade66f85162964e6ce9248fee,2025-07-01T19:08:11+08:00,f1755218704a18870cf7fc0d5fb72d76f2ad41b3,2025-11-14T10:27:22Z,3,411,0.3,0.3966175090134733,,False,False,0,3,0.0,137.11,,0.021880138709274407,60844169.0,NewFuture/DDNS,Python
tests/test_provider_dnscom.py,14,callable,ok,tests.test_provider_dnscom.TestDnscomProvider.test_create_record_success,tests.test_provider_dnscom.TestDnscomProvider.test_create_record_success,f1a764d3c2e2c6aade66f85162964e6ce9248fee,2025-07-01T19:08:11+08:00,f1755218704a18870cf7fc0d5fb72d76f2ad41b3,2025-11-14T10:27:22Z,3,411,0.15,0.3966175090134733,,False,False,0,3,0.0,137.11,,0.021880138709274407,60844169.0,NewFuture/DDNS,Python
tests/test_provider_dnscom.py,15,callable,ok,tests.test_provider_dnscom.TestDnscomProvider.test_create_record_with_extra_params,tests.test_provider_dnscom.TestDnscomProvider.test_create_record_with_extra_params,f1a764d3c2e2c6aade66f85162964e6ce9248fee,2025-07-01T19:08:11+08:00,f1755218704a18870cf7fc0d5fb72d76f2ad41b3,2025-11-14T10:27:22Z,3,411,0.13636363636363635,0.3966175090134733,,False,False,0,3,0.0,137.11,,0.021880138709274407,60844169.0,NewFuture/DDNS,Python
tests/test_provider_dnscom.py,16,callable,ok,tests.test_provider_dnscom.TestDnscomProvider.test_create_record_failure,tests.test_provider_dnscom.TestDnscomProvider.test_create_record_failure,f1a764d3c2e2c6aade66f85162964e6ce9248fee,2025-07-01T19:08:11+08:00,f1755218704a18870cf7fc0d5fb72d76f2ad41b3,2025-11-14T10:27:22Z,3,411,0.3,0.3966175090134733,,False,False,0,3,0.0,137.11,,0.021880138709274407,60844169.0,NewFuture/DDNS,Python
tests/test_provider_dnscom.py,17,callable,ok,tests.test_provider_dnscom.TestDnscomProvider.test_update_record_success,tests.test_provider_dnscom.TestDnscomProvider.test_update_record_success,f1a764d3c2e2c6aade66f85162964e6ce9248fee,2025-07-01T19:08:11+08:00,f1755218704a18870cf7fc0d5fb72d76f2ad41b3,2025-11-14T10:27:22Z,3,411,0.2,0.3966175090134733,,False,False,0,3,0.0,137.11,,0.021880138709274407,60844169.0,NewFuture/DDNS,Python
tests/test_provider_dnscom.py,18,callable,ok,tests.test_provider_dnscom.TestDnscomProvider.test_update_record_with_extra_params,tests.test_provider_dnscom.TestDnscomProvider.test_update_record_with_extra_params,f1a764d3c2e2c6aade66f85162964e6ce9248fee,2025-07-01T19:08:11+08:00,f1755218704a18870cf7fc0d5fb72d76f2ad41b3,2025-11-14T10:27:22Z,3,411,0.1875,0.3966175090134733,,False,False,0,3,0.0,137.11,,0.021880138709274407,60844169.0,NewFuture/DDNS,Python
tests/test_provider_dnscom.py,19,callable,ok,tests.test_provider_dnscom.TestDnscomProvider.test_update_record_failure,tests.test_provider_dnscom.TestDnscomProvider.test_update_record_failure,f1a764d3c2e2c6aade66f85162964e6ce9248fee,2025-07-01T19:08:11+08:00,f1755218704a18870cf7fc0d5fb72d76f2ad41b3,2025-11-14T10:27:22Z,3,411,0.25,0.3966175090134733,,False,False,0,3,0.0,137.11,,0.021880138709274407,60844169.0,NewFuture/DDNS,Python
tests/test_provider_dnscom.py,20,callable,ok,tests.test_provider_dnscom.TestDnscomProviderIntegration.setUp,tests.test_provider_dnscom.TestDnscomProviderIntegration.setUp,f1a764d3c2e2c6aade66f85162964e6ce9248fee,2025-07-01T19:08:11+08:00,f1755218704a18870cf7fc0d5fb72d76f2ad41b3,2025-11-14T10:27:22Z,3,411,0.6,0.3966175090134733,,False,False,0,3,0.0,137.11,,0.021880138709274407,60844169.0,NewFuture/DDNS,Python
tests/test_provider_dnscom.py,21,callable,ok,tests.test_provider_dnscom.TestDnscomProviderIntegration.test_full_workflow_create_new_record,tests.test_provider_dnscom.TestDnscomProviderIntegration.test_full_workflow_create_new_record,f1a764d3c2e2c6aade66f85162964e6ce9248fee,2025-07-01T19:08:11+08:00,f1755218704a18870cf7fc0d5fb72d76f2ad41b3,2025-11-14T10:27:22Z,3,411,0.1,0.3966175090134733,,False,False,0,3,0.0,137.11,,0.021880138709274407,60844169.0,NewFuture/DDNS,Python
tests/test_provider_dnscom.py,22,callable,ok,tests.test_provider_dnscom.TestDnscomProviderIntegration.test_full_workflow_update_existing_record,tests.test_provider_dnscom.TestDnscomProviderIntegration.test_full_workflow_update_existing_record,f1a764d3c2e2c6aade66f85162964e6ce9248fee,2025-07-01T19:08:11+08:00,f1755218704a18870cf7fc0d5fb72d76f2ad41b3,2025-11-14T10:27:22Z,3,411,0.13043478260869565,0.3966175090134733,,False,False,0,3,0.0,137.11,,0.021880138709274407,60844169.0,NewFuture/DDNS,Python
tests/test_provider_dnscom.py,23,callable,ok,tests.test_provider_dnscom.TestDnscomProviderIntegration.test_full_workflow_zone_not_found,tests.test_provider_dnscom.TestDnscomProviderIntegration.test_full_workflow_zone_not_found,f1a764d3c2e2c6aade66f85162964e6ce9248fee,2025-07-01T19:08:11+08:00,f1755218704a18870cf7fc0d5fb72d76f2ad41b3,2025-11-14T10:27:22Z,3,411,0.3,0.3966175090134733,,False,False,0,3,0.0,137.11,,0.021880138709274407,60844169.0,NewFuture/DDNS,Python
tests/test_provider_dnscom.py,24,callable,ok,tests.test_provider_dnscom.TestDnscomProviderIntegration.test_full_workflow_create_failure,tests.test_provider_dnscom.TestDnscomProviderIntegration.test_full_workflow_create_failure,f1a764d3c2e2c6aade66f85162964e6ce9248fee,2025-07-01T19:08:11+08:00,f1755218704a18870cf7fc0d5fb72d76f2ad41b3,2025-11-14T10:27:22Z,3,411,0.2,0.3966175090134733,,False,False,0,3,0.0,137.11,,0.021880138709274407,60844169.0,NewFuture/DDNS,Python
tests/test_provider_dnscom.py,25,callable,ok,tests.test_provider_dnscom.TestDnscomProviderIntegration.test_full_workflow_update_failure,tests.test_provider_dnscom.TestDnscomProviderIntegration.test_full_workflow_update_failure,f1a764d3c2e2c6aade66f85162964e6ce9248fee,2025-07-01T19:08:11+08:00,f1755218704a18870cf7fc0d5fb72d76f2ad41b3,2025-11-14T10:27:22Z,3,411,0.17647058823529413,0.3966175090134733,,False,False,0,3,0.0,137.11,,0.021880138709274407,60844169.0,NewFuture/DDNS,Python
tests/test_provider_dnscom.py,26,callable,ok,tests.test_provider_dnscom.TestDnscomProvider.test_update_record_extra_priority_over_old_record,tests.test_provider_dnscom.TestDnscomProvider.test_update_record_extra_priority_over_old_record,d910a06fb723140f0f0ff4a322638141bccf1545,2025-10-15T16:08:45Z,f1755218704a18870cf7fc0d5fb72d76f2ad41b3,2025-11-14T10:27:22Z,2,305,0.125,,,False,False,0,2,0.0,137.11,,0.014586759139516273,60844169.0,NewFuture/DDNS,Python
tests/test_provider_dnspod.py,0,class,ok,tests.test_provider_dnspod.TestDnspodProvider,tests.test_provider_dnspod.TestDnspodProvider,f1a764d3c2e2c6aade66f85162964e6ce9248fee,2025-07-01T19:08:11+08:00,f1755218704a18870cf7fc0d5fb72d76f2ad41b3,2025-11-14T10:27:22Z,6,411,0.015037593984962405,1.2244380814598876,,False,False,0,6,0.0,137.11,,0.043760277418548814,60844169.0,NewFuture/DDNS,Python
tests/test_provider_dnspod.py,1,class,ok,tests.test_provider_dnspod.TestDnspodProviderIntegration,tests.test_provider_dnspod.TestDnspodProviderIntegration,f1a764d3c2e2c6aade66f85162964e6ce9248fee,2025-07-01T19:08:11+08:00,f1755218704a18870cf7fc0d5fb72d76f2ad41b3,2025-11-14T10:27:22Z,3,411,0.02459016393442623,0.3966175090134733,,False,False,0,3,0.0,137.11,,0.021880138709274407,60844169.0,NewFuture/DDNS,Python
tests/test_provider_dnspod.py,2,class,ok,tests.test_provider_dnspod.TestDnspodProviderRealRequest,tests.test_provider_dnspod.TestDnspodProviderRealRequest,f1a764d3c2e2c6aade66f85162964e6ce9248fee,2025-07-01T19:08:11+08:00,6e3d3560c725177ecab74f4880981a6dc7bc190d,2026-08-15T22:23:27+08:00,2,411,0.10526315789473684,,,False,False,0,2,0.0,411.27,,0.004862931055710532,60844169.0,NewFuture/DDNS,Python
tests/test_provider_dnspod.py,0,callable,ok,tests.test_provider_dnspod.TestDnspodProvider.setUp,tests.test_provider_dnspod.TestDnspodProvider.setUp,f1a764d3c2e2c6aade66f85162964e6ce9248fee,2025-07-01T19:08:11+08:00,f1755218704a18870cf7fc0d5fb72d76f2ad41b3,2025-11-14T10:27:22Z,3,411,0.75,0.3966175090134733,,False,False,0,3,0.0,137.11,,0.021880138709274407,60844169.0,NewFuture/DDNS,Python
tests/test_provider_dnspod.py,1,callable,ok,tests.test_provider_dnspod.TestDnspodProvider.test_init_with_basic_config,tests.test_provider_dnspod.TestDnspodProvider.test_init_with_basic_config,f1a764d3c2e2c6aade66f85162964e6ce9248fee,2025-07-01T19:08:11+08:00,f1755218704a18870cf7fc0d5fb72d76f2ad41b3,2025-11-14T10:27:22Z,4,411,0.5714285714285714,0.46050234995552886,,False,False,0,4,0.0,137.11,,0.029173518279032546,60844169.0,NewFuture/DDNS,Python
tests/test_provider_dnspod.py,2,callable,ok,tests.test_provider_dnspod.TestDnspodProvider.test_class_constants,tests.test_provider_dnspod.TestDnspodProvider.test_class_constants,f1a764d3c2e2c6aade66f85162964e6ce9248fee,2025-07-01T19:08:11+08:00,78b0e953daf0739020719f8b44043b9cdae5c550,2025-07-09T18:33:23+08:00,2,411,0.25,,,False,False,0,2,0.0,9.11,,0.21942272015603395,60844169.0,NewFuture/DDNS,Python
tests/test_provider_dnspod.py,3,callable,ok,tests.test_provider_dnspod.TestDnspodProvider.test_request_success,tests.test_provider_dnspod.TestDnspodProvider.test_request_success,f1a764d3c2e2c6aade66f85162964e6ce9248fee,2025-07-01T19:08:11+08:00,f1755218704a18870cf7fc0d5fb72d76f2ad41b3,2025-11-14T10:27:22Z,3,411,0.13636363636363635,0.3966175090134733,,False,False,0,3,0.0,137.11,,0.021880138709274407,60844169.0,NewFuture/DDNS,Python
tests/test_provider_dnspod.py,4,callable,ok,tests.test_provider_dnspod.TestDnspodProvider.test_request_failure,tests.test_provider_dnspod.TestDnspodProvider.test_request_failure,f1a764d3c2e2c6aade66f85162964e6ce9248fee,2025-07-01T19:08:11+08:00,f1a764d3c2e2c6aade66f85162964e6ce9248fee,2025-07-01T19:08:11+08:00,1,411,0.08333333333333333,,,False,False,0,1,0.0,1.14,,0.8779684784928207,60844169.0,NewFuture/DDNS,Python
tests/test_provider_dnspod.py,5,callable,ok,tests.test_provider_dnspod.TestDnspodProvider.test_request_filters_none_params,tests.test_provider_dnspod.TestDnspodProvider.test_request_filters_none_params,f1a764d3c2e2c6aade66f85162964e6ce9248fee,2025-07-01T19:08:11+08:00,f1a764d3c2e2c6aade66f85162964e6ce9248fee,2025-07-01T19:08:11+08:00,1,411,0.09090909090909091,,,False,False,0,1,0.0,1.14,,0.8779684784928207,60844169.0,NewFuture/DDNS,Python
tests/test_provider_dnspod.py,6,callable,ok,tests.test_provider_dnspod.TestDnspodProvider.test_request_with_extra_params,tests.test_provider_dnspod.TestDnspodProvider.test_request_with_extra_params,f1a764d3c2e2c6aade66f85162964e6ce9248fee,2025-07-01T19:08:11+08:00,f1a764d3c2e2c6aade66f85162964e6ce9248fee,2025-07-01T19:08:11+08:00,1,411,0.08333333333333333,,,False,False,0,1,0.0,1.14,,0.8779684784928207,60844169.0,NewFuture/DDNS,Python
tests/test_provider_dnspod.py,7,callable,ok,tests.test_provider_dnspod.TestDnspodProvider.test_query_zone_id_success,tests.test_provider_dnspod.TestDnspodProvider.test_query_zone_id_success,f1a764d3c2e2c6aade66f85162964e6ce9248fee,2025-07-01T19:08:11+08:00,f1a764d3c2e2c6aade66f85162964e6ce9248fee,2025-07-01T19:08:11+08:00,1,411,0.09090909090909091,,,False,False,0,1,0.0,1.14,,0.8779684784928207,60844169.0,NewFuture/DDNS,Python
tests/test_provider_dnspod.py,8,callable,ok,tests.test_provider_dnspod.TestDnspodProvider.test_query_zone_id_not_found,tests.test_provider_dnspod.TestDnspodProvider.test_query_zone_id_not_found,f1a764d3c2e2c6aade66f85162964e6ce9248fee,2025-07-01T19:08:11+08:00,f1a764d3c2e2c6aade66f85162964e6ce9248fee,2025-07-01T19:08:11+08:00,1,411,0.14285714285714285,,,False,False,0,1,0.0,1.14,,0.8779684784928207,60844169.0,NewFuture/DDNS,Python
tests/test_provider_dnspod.py,9,callable,ok,tests.test_provider_dnspod.TestDnspodProvider.test_query_record_success_single,tests.test_provider_dnspod.TestDnspodProvider.test_query_record_success_single,f1a764d3c2e2c6aade66f85162964e6ce9248fee,2025-07-01T19:08:11+08:00,f1a764d3c2e2c6aade66f85162964e6ce9248fee,2025-07-01T19:08:11+08:00,1,411,0.07692307692307693,,,False,False,0,1,0.0,1.14,,0.8779684784928207,60844169.0,NewFuture/DDNS,Python
tests/test_provider_dnspod.py,10,callable,ok,tests.test_provider_dnspod.TestDnspodProvider.test_query_record_success_multiple,tests.test_provider_dnspod.TestDnspodProvider.test_query_record_success_multiple,f1a764d3c2e2c6aade66f85162964e6ce9248fee,2025-07-01T19:08:11+08:00,f1a764d3c2e2c6aade66f85162964e6ce9248fee,2025-07-01T19:08:11+08:00,1,411,0.05555555555555555,,,False,False,0,1,0.0,1.14,,0.8779684784928207,60844169.0,NewFuture/DDNS,Python
tests/test_provider_dnspod.py,11,callable,ok,tests.test_provider_dnspod.TestDnspodProvider.test_query_record_not_found,tests.test_provider_dnspod.TestDnspodProvider.test_query_record_not_found,f1a764d3c2e2c6aade66f85162964e6ce9248fee,2025-07-01T19:08:11+08:00,f1a764d3c2e2c6aade66f85162964e6ce9248fee,2025-07-01T19:08:11+08:00,1,411,0.09090909090909091,,,False,False,0,1,0.0,1.14,,0.8779684784928207,60844169.0,NewFuture/DDNS,Python
tests/test_provider_dnspod.py,12,callable,ok,tests.test_provider_dnspod.TestDnspodProvider.test_create_record_success,tests.test_provider_dnspod.TestDnspodProvider.test_create_record_success,f1a764d3c2e2c6aade66f85162964e6ce9248fee,2025-07-01T19:08:11+08:00,f1a764d3c2e2c6aade66f85162964e6ce9248fee,2025-07-01T19:08:11+08:00,1,411,0.043478260869565216,,,False,False,0,1,0.0,1.14,,0.8779684784928207,60844169.0,NewFuture/DDNS,Python
tests/test_provider_dnspod.py,13,callable,ok,tests.test_provider_dnspod.TestDnspodProvider.test_create_record_with_default_line,tests.test_provider_dnspod.TestDnspodProvider.test_create_record_with_default_line,f1a764d3c2e2c6aade66f85162964e6ce9248fee,2025-07-01T19:08:11+08:00,f1a764d3c2e2c6aade66f85162964e6ce9248fee,2025-07-01T19:08:11+08:00,1,411,0.1,,,False,False,0,1,0.0,1.14,,0.8779684784928207,60844169.0,NewFuture/DDNS,Python
tests/test_provider_dnspod.py,14,callable,ok,tests.test_provider_dnspod.TestDnspodProvider.test_create_record_failure,tests.test_provider_dnspod.TestDnspodProvider.test_create_record_failure,f1a764d3c2e2c6aade66f85162964e6ce9248fee,2025-07-01T19:08:11+08:00,f1a764d3c2e2c6aade66f85162964e6ce9248fee,2025-07-01T19:08:11+08:00,1,411,0.09090909090909091,,,False,False,0,1,0.0,1.14,,0.8779684784928207,60844169.0,NewFuture/DDNS,Python
tests/test_provider_dnspod.py,15,callable,ok,tests.test_provider_dnspod.TestDnspodProvider.test_create_record_with_extra_params,tests.test_provider_dnspod.TestDnspodProvider.test_create_record_with_extra_params,f1a764d3c2e2c6aade66f85162964e6ce9248fee,2025-07-01T19:08:11+08:00,f1a764d3c2e2c6aade66f85162964e6ce9248fee,2025-07-01T19:08:11+08:00,1,411,0.05555555555555555,,,False,False,0,1,0.0,1.14,,0.8779684784928207,60844169.0,NewFuture/DDNS,Python
tests/test_provider_dnspod.py,16,callable,ok,tests.test_provider_dnspod.TestDnspodProvider.test_update_record_success,tests.test_provider_dnspod.TestDnspodProvider.test_update_record_success,f1a764d3c2e2c6aade66f85162964e6ce9248fee,2025-07-01T19:08:11+08:00,f1a764d3c2e2c6aade66f85162964e6ce9248fee,2025-07-01T19:08:11+08:00,1,411,0.043478260869565216,,,False,False,0,1,0.0,1.14,,0.8779684784928207,60844169.0,NewFuture/DDNS,Python
tests/test_provider_dnspod.py,17,callable,ok,tests.test_provider_dnspod.TestDnspodProvider.test_update_record_failure,tests.test_provider_dnspod.TestDnspodProvider.test_update_record_failure,f1a764d3c2e2c6aade66f85162964e6ce9248fee,2025-07-01T19:08:11+08:00,f1a764d3c2e2c6aade66f85162964e6ce9248fee,2025-07-01T19:08:11+08:00,1,411,0.07692307692307693,,,False,False,0,1,0.0,1.14,,0.8779684784928207,60844169.0,NewFuture/DDNS,Python
tests/test_provider_dnspod.py,18,callable,ok,tests.test_provider_dnspod.TestDnspodProvider.test_update_record_with_line_conversion,tests.test_provider_dnspod.TestDnspodProvider.test_update_record_with_line_conversion,f1a764d3c2e2c6aade66f85162964e6ce9248fee,2025-07-01T19:08:11+08:00,f1a764d3c2e2c6aade66f85162964e6ce9248fee,2025-07-01T19:08:11+08:00,1,411,0.08333333333333333,,,False,False,0,1,0.0,1.14,,0.8779684784928207,60844169.0,NewFuture/DDNS,Python
tests/test_provider_dnspod.py,19,callable,ok,tests.test_provider_dnspod.TestDnspodProvider.test_update_record_with_fallback_line,tests.test_provider_dnspod.TestDnspodProvider.test_update_record_with_fallback_line,f1a764d3c2e2c6aade66f85162964e6ce9248fee,2025-07-01T19:08:11+08:00,f1a764d3c2e2c6aade66f85162964e6ce9248fee,2025-07-01T19:08:11+08:00,1,411,0.08333333333333333,,,False,False,0,1,0.0,1.14,,0.8779684784928207,60844169.0,NewFuture/DDNS,Python
tests/test_provider_dnspod.py,20,callable,ok,tests.test_provider_dnspod.TestDnspodProvider.test_update_record_with_extra_params,tests.test_provider_dnspod.TestDnspodProvider.test_update_record_with_extra_params,f1a764d3c2e2c6aade66f85162964e6ce9248fee,2025-07-01T19:08:11+08:00,f1a764d3c2e2c6aade66f85162964e6ce9248fee,2025-07-01T19:08:11+08:00,1,411,0.08333333333333333,,,False,False,0,1,0.0,1.14,,0.8779684784928207,60844169.0,NewFuture/DDNS,Python
tests/test_provider_dnspod.py,21,callable,ok,tests.test_provider_dnspod.TestDnspodProvider.test_request_with_none_response,tests.test_provider_dnspod.TestDnspodProvider.test_request_with_none_response,f1a764d3c2e2c6aade66f85162964e6ce9248fee,2025-07-01T19:08:11+08:00,f1a764d3c2e2c6aade66f85162964e6ce9248fee,2025-07-01T19:08:11+08:00,1,411,0.08333333333333333,,,False,False,0,1,0.0,1.14,,0.8779684784928207,60844169.0,NewFuture/DDNS,Python
tests/test_provider_dnspod.py,22,callable,ok,tests.test_provider_dnspod.TestDnspodProvider.test_create_record_with_no_record_in_response,tests.test_provider_dnspod.TestDnspodProvider.test_create_record_with_no_record_in_response,f1a764d3c2e2c6aade66f85162964e6ce9248fee,2025-07-01T19:08:11+08:00,f1a764d3c2e2c6aade66f85162964e6ce9248fee,2025-07-01T19:08:11+08:00,1,411,0.1,,,False,False,0,1,0.0,1.14,,0.8779684784928207,60844169.0,NewFuture/DDNS,Python
tests/test_provider_dnspod.py,23,callable,ok,tests.test_provider_dnspod.TestDnspodProvider.test_update_record_with_no_record_in_response,tests.test_provider_dnspod.TestDnspodProvider.test_update_record_with_no_record_in_response,f1a764d3c2e2c6aade66f85162964e6ce9248fee,2025-07-01T19:08:11+08:00,f1a764d3c2e2c6aade66f85162964e6ce9248fee,2025-07-01T19:08:11+08:00,1,411,0.09090909090909091,,,False,False,0,1,0.0,1.14,,0.8779684784928207,60844169.0,NewFuture/DDNS,Python
tests/test_provider_dnspod.py,24,callable,ok,tests.test_provider_dnspod.TestDnspodProviderIntegration.setUp,tests.test_provider_dnspod.TestDnspodProviderIntegration.setUp,f1a764d3c2e2c6aade66f85162964e6ce9248fee,2025-07-01T19:08:11+08:00,f1755218704a18870cf7fc0d5fb72d76f2ad41b3,2025-11-14T10:27:22Z,3,411,0.6,0.3966175090134733,,False,False,0,3,0.0,137.11,,0.021880138709274407,60844169.0,NewFuture/DDNS,Python
tests/test_provider_dnspod.py,25,callable,ok,tests.test_provider_dnspod.TestDnspodProviderIntegration.test_full_workflow_create_record,tests.test_provider_dnspod.TestDnspodProviderIntegration.test_full_workflow_create_record,f1a764d3c2e2c6aade66f85162964e6ce9248fee,2025-07-01T19:08:11+08:00,f1a764d3c2e2c6aade66f85162964e6ce9248fee,2025-07-01T19:08:11+08:00,1,411,0.058823529411764705,,,False,False,0,1,0.0,1.14,,0.8779684784928207,60844169.0,NewFuture/DDNS,Python
tests/test_provider_dnspod.py,26,callable,ok,tests.test_provider_dnspod.TestDnspodProviderIntegration.test_full_workflow_update_record,tests.test_provider_dnspod.TestDnspodProviderIntegration.test_full_workflow_update_record,f1a764d3c2e2c6aade66f85162964e6ce9248fee,2025-07-01T19:08:11+08:00,f1a764d3c2e2c6aade66f85162964e6ce9248fee,2025-07-01T19:08:11+08:00,1,411,0.05,,,False,False,0,1,0.0,1.14,,0.8779684784928207,60844169.0,NewFuture/DDNS,Python
tests/test_provider_dnspod.py,27,callable,ok,tests.test_provider_dnspod.TestDnspodProviderIntegration.test_full_workflow_zone_not_found,tests.test_provider_dnspod.TestDnspodProviderIntegration.test_full_workflow_zone_not_found,f1a764d3c2e2c6aade66f85162964e6ce9248fee,2025-07-01T19:08:11+08:00,f1a764d3c2e2c6aade66f85162964e6ce9248fee,2025-07-01T19:08:11+08:00,1,411,0.125,,,False,False,0,1,0.0,1.14,,0.8779684784928207,60844169.0,NewFuture/DDNS,Python
tests/test_provider_dnspod.py,28,callable,ok,tests.test_provider_dnspod.TestDnspodProviderIntegration.test_full_workflow_create_failure,tests.test_provider_dnspod.TestDnspodProviderIntegration.test_full_workflow_create_failure,f1a764d3c2e2c6aade66f85162964e6ce9248fee,2025-07-01T19:08:11+08:00,f1a764d3c2e2c6aade66f85162964e6ce9248fee,2025-07-01T19:08:11+08:00,1,411,0.0625,,,False,False,0,1,0.0,1.14,,0.8779684784928207,60844169.0,NewFuture/DDNS,Python
tests/test_provider_dnspod.py,29,callable,ok,tests.test_provider_dnspod.TestDnspodProviderIntegration.test_full_workflow_update_failure,tests.test_provider_dnspod.TestDnspodProviderIntegration.test_full_workflow_update_failure,f1a764d3c2e2c6aade66f85162964e6ce9248fee,2025-07-01T19:08:11+08:00,f1a764d3c2e2c6aade66f85162964e6ce9248fee,2025-07-01T19:08:11+08:00,1,411,0.05263157894736842,,,False,False,0,1,0.0,1.14,,0.8779684784928207,60844169.0,NewFuture/DDNS,Python
tests/test_provider_dnspod.py,30,callable,ok,tests.test_provider_dnspod.TestDnspodProviderIntegration.test_full_workflow_with_options,tests.test_provider_dnspod.TestDnspodProviderIntegration.test_full_workflow_with_options,f1a764d3c2e2c6aade66f85162964e6ce9248fee,2025-07-01T19:08:11+08:00,f1a764d3c2e2c6aade66f85162964e6ce9248fee,2025-07-01T19:08:11+08:00,1,411,0.045454545454545456,,,False,False,0,1,0.0,1.14,,0.8779684784928207,60844169.0,NewFuture/DDNS,Python
tests/test_provider_dnspod.py,31,callable,ok,tests.test_provider_dnspod.TestDnspodProviderRealRequest.test_auth_failure_real_request,tests.test_provider_dnspod.TestDnspodProviderRealRequest.test_auth_failure_real_request,f1a764d3c2e2c6aade66f85162964e6ce9248fee,2025-07-01T19:08:11+08:00,6e3d3560c725177ecab74f4880981a6dc7bc190d,2026-08-15T22:23:27+08:00,2,411,0.125,,,False,False,0,2,0.0,411.27,,0.004862931055710532,60844169.0,NewFuture/DDNS,Python
tests/test_provider_dnspod.py,32,callable,ok,tests.test_provider_dnspod.TestDnspodProvider.test_line_configuration_support,tests.test_provider_dnspod.TestDnspodProvider.test_line_configuration_support,1e351642d58fc8bed29060a48666984e9316f4b7,2025-07-02T14:56:56Z,1e351642d58fc8bed29060a48666984e9316f4b7,2025-07-02T14:56:56Z,1,410,0.05263157894736842,,,False,False,0,1,0.0,2.3,,0.43518994227688956,60844169.0,NewFuture/DDNS,Python
tests/test_provider_dnspod.py,33,callable,ok,tests.test_provider_dnspod.TestDnspodProvider.test_update_record_with_custom_line,tests.test_provider_dnspod.TestDnspodProvider.test_update_record_with_custom_line,1e351642d58fc8bed29060a48666984e9316f4b7,2025-07-02T14:56:56Z,1e351642d58fc8bed29060a48666984e9316f4b7,2025-07-02T14:56:56Z,1,410,0.07692307692307693,,,False,False,0,1,0.0,2.3,,0.43518994227688956,60844169.0,NewFuture/DDNS,Python
tests/test_provider_dnspod.py,34,callable,ok,tests.test_provider_dnspod.TestDnspodProvider.test_update_record_extra_priority_over_old_record,tests.test_provider_dnspod.TestDnspodProvider.test_update_record_extra_priority_over_old_record,d910a06fb723140f0f0ff4a322638141bccf1545,2025-10-15T16:08:45Z,d910a06fb723140f0f0ff4a322638141bccf1545,2025-10-15T16:08:45Z,1,305,0.0625,,,False,False,0,1,0.0,107.35,,0.009315521567319253,60844169.0,NewFuture/DDNS,Python
tests/test_provider_dnspod_com.py,0,class,ok,tests.test_provider_dnspod_com.TestDnspodComProvider,tests.test_provider_dnspod_com.TestDnspodComProvider,f1a764d3c2e2c6aade66f85162964e6ce9248fee,2025-07-01T19:08:11+08:00,f1755218704a18870cf7fc0d5fb72d76f2ad41b3,2025-11-14T10:27:22Z,4,411,0.12121212121212122,0.46050234995552886,,False,False,0,4,0.0,137.11,,0.029173518279032546,60844169.0,NewFuture/DDNS,Python
tests/test_provider_dnspod_com.py,1,class,ok,tests.test_provider_dnspod_com.TestDnspodComProviderIntegration,tests.test_provider_dnspod_com.TestDnspodComProviderIntegration,f1a764d3c2e2c6aade66f85162964e6ce9248fee,2025-07-01T19:08:11+08:00,f1755218704a18870cf7fc0d5fb72d76f2ad41b3,2025-11-14T10:27:22Z,3,411,0.125,0.3966175090134733,,False,False,0,3,0.0,137.11,,0.021880138709274407,60844169.0,NewFuture/DDNS,Python
tests/test_provider_dnspod_com.py,0,callable,ok,tests.test_provider_dnspod_com.TestDnspodComProvider.setUp,tests.test_provider_dnspod_com.TestDnspodComProvider.setUp,f1a764d3c2e2c6aade66f85162964e6ce9248fee,2025-07-01T19:08:11+08:00,f1755218704a18870cf7fc0d5fb72d76f2ad41b3,2025-11-14T10:27:22Z,3,411,0.6,0.3966175090134733,,False,False,0,3,0.0,137.11,,0.021880138709274407,60844169.0,NewFuture/DDNS,Python
tests/test_provider_dnspod_com.py,1,callable,ok,tests.test_provider_dnspod_com.TestDnspodComProvider.test_class_constants,tests.test_provider_dnspod_com.TestDnspodComProvider.test_class_constants,f1a764d3c2e2c6aade66f85162964e6ce9248fee,2025-07-01T19:08:11+08:00,78b0e953daf0739020719f8b44043b9cdae5c550,2025-07-09T18:33:23+08:00,2,411,0.5,,,False,False,0,2,0.0,9.11,,0.21942272015603395,60844169.0,NewFuture/DDNS,Python
tests/test_provider_dnspod_com.py,2,callable,ok,tests.test_provider_dnspod_com.TestDnspodComProvider.test_init_with_basic_config,tests.test_provider_dnspod_com.TestDnspodComProvider.test_init_with_basic_config,f1a764d3c2e2c6aade66f85162964e6ce9248fee,2025-07-01T19:08:11+08:00,f1755218704a18870cf7fc0d5fb72d76f2ad41b3,2025-11-14T10:27:22Z,4,411,0.6666666666666666,0.46050234995552886,,False,False,0,4,0.0,137.11,,0.029173518279032546,60844169.0,NewFuture/DDNS,Python
tests/test_provider_dnspod_com.py,3,callable,ok,tests.test_provider_dnspod_com.TestDnspodComProvider.test_inheritance_from_dnspod,tests.test_provider_dnspod_com.TestDnspodComProvider.test_inheritance_from_dnspod,f1a764d3c2e2c6aade66f85162964e6ce9248fee,2025-07-01T19:08:11+08:00,f1755218704a18870cf7fc0d5fb72d76f2ad41b3,2025-11-14T10:27:22Z,3,411,0.25,0.3966175090134733,,False,False,0,3,0.0,137.11,,0.021880138709274407,60844169.0,NewFuture/DDNS,Python
tests/test_provider_dnspod_com.py,4,callable,ok,tests.test_provider_dnspod_com.TestDnspodComProviderIntegration.setUp,tests.test_provider_dnspod_com.TestDnspodComProviderIntegration.setUp,f1a764d3c2e2c6aade66f85162964e6ce9248fee,2025-07-01T19:08:11+08:00,f1755218704a18870cf7fc0d5fb72d76f2ad41b3,2025-11-14T10:27:22Z,3,411,0.6,0.3966175090134733,,False,False,0,3,0.0,137.11,,0.021880138709274407,60844169.0,NewFuture/DDNS,Python
tests/test_provider_dnspod_com.py,5,callable,ok,tests.test_provider_dnspod_com.TestDnspodComProviderIntegration.test_api_endpoint_difference,tests.test_provider_dnspod_com.TestDnspodComProviderIntegration.test_api_endpoint_difference,f1a764d3c2e2c6aade66f85162964e6ce9248fee,2025-07-01T19:08:11+08:00,f1755218704a18870cf7fc0d5fb72d76f2ad41b3,2025-11-14T10:27:22Z,3,411,0.3,0.3966175090134733,,False,False,0,3,0.0,137.11,,0.021880138709274407,60844169.0,NewFuture/DDNS,Python
tests/test_provider_dnspod_com.py,6,callable,ok,tests.test_provider_dnspod_com.TestDnspodComProviderIntegration.test_default_line_setting,tests.test_provider_dnspod_com.TestDnspodComProviderIntegration.test_default_line_setting,f1a764d3c2e2c6aade66f85162964e6ce9248fee,2025-07-01T19:08:11+08:00,f1755218704a18870cf7fc0d5fb72d76f2ad41b3,2025-11-14T10:27:22Z,3,411,0.75,0.3966175090134733,,False,False,0,3,0.0,137.11,,0.021880138709274407,60844169.0,NewFuture/DDNS,Python
tests/test_provider_edgeone.py,0,class,ok,tests.test_provider_edgeone.TestEdgeOneProvider,tests.test_provider_edgeone.TestEdgeOneProvider,5e1a8d5aaf53158d83ffe6f0dd44a9441a176609,2025-07-14T17:44:30Z,f1755218704a18870cf7fc0d5fb72d76f2ad41b3,2025-11-14T10:27:22Z,2,398,0.00558659217877095,,,False,False,0,2,0.0,137.11,,0.014586759139516273,60844169.0,NewFuture/DDNS,Python
tests/test_provider_edgeone.py,1,class,ok,tests.test_provider_edgeone.TestEdgeOneProviderIntegration,tests.test_provider_edgeone.TestEdgeOneProviderIntegration,5e1a8d5aaf53158d83ffe6f0dd44a9441a176609,2025-07-14T17:44:30Z,f1755218704a18870cf7fc0d5fb72d76f2ad41b3,2025-11-14T10:27:22Z,2,398,0.02127659574468085,,,False,False,0,2,0.0,137.11,,0.014586759139516273,60844169.0,NewFuture/DDNS,Python
tests/test_provider_edgeone.py,2,class,ok,tests.test_provider_edgeone.TestEdgeOneProviderRealRequest,tests.test_provider_edgeone.TestEdgeOneProviderRealRequest,5e1a8d5aaf53158d83ffe6f0dd44a9441a176609,2025-07-14T17:44:30Z,6e3d3560c725177ecab74f4880981a6dc7bc190d,2026-08-15T22:23:27+08:00,2,398,0.05555555555555555,,,False,False,0,2,0.0,411.27,,0.004862931055710532,60844169.0,NewFuture/DDNS,Python
tests/test_provider_edgeone.py,0,callable,ok,tests.test_provider_edgeone.TestEdgeOneProvider.setUp,tests.test_provider_edgeone.TestEdgeOneProvider.setUp,5e1a8d5aaf53158d83ffe6f0dd44a9441a176609,2025-07-14T17:44:30Z,f1755218704a18870cf7fc0d5fb72d76f2ad41b3,2025-11-14T10:27:22Z,2,398,0.4,,,False,False,0,2,0.0,137.11,,0.014586759139516273,60844169.0,NewFuture/DDNS,Python
tests/test_provider_edgeone.py,1,callable,ok,tests.test_provider_edgeone.TestEdgeOneProvider.test_init,tests.test_provider_edgeone.TestEdgeOneProvider.test_init,5e1a8d5aaf53158d83ffe6f0dd44a9441a176609,2025-07-14T17:44:30Z,5e1a8d5aaf53158d83ffe6f0dd44a9441a176609,2025-07-14T17:44:30Z,1,398,0.14285714285714285,,,False,False,0,1,0.0,14.41,,0.06937596957735259,60844169.0,NewFuture/DDNS,Python
tests/test_provider_edgeone.py,2,callable,ok,tests.test_provider_edgeone.TestEdgeOneProvider.test_validate_success,tests.test_provider_edgeone.TestEdgeOneProvider.test_validate_success,5e1a8d5aaf53158d83ffe6f0dd44a9441a176609,2025-07-14T17:44:30Z,5e1a8d5aaf53158d83ffe6f0dd44a9441a176609,2025-07-14T17:44:30Z,1,398,0.25,,,False,False,0,1,0.0,14.41,,0.06937596957735259,60844169.0,NewFuture/DDNS,Python
tests/test_provider_edgeone.py,3,callable,ok,tests.test_provider_edgeone.TestEdgeOneProvider.test_validate_missing_id,tests.test_provider_edgeone.TestEdgeOneProvider.test_validate_missing_id,5e1a8d5aaf53158d83ffe6f0dd44a9441a176609,2025-07-14T17:44:30Z,5e1a8d5aaf53158d83ffe6f0dd44a9441a176609,2025-07-14T17:44:30Z,1,398,0.2,,,False,False,0,1,0.0,14.41,,0.06937596957735259,60844169.0,NewFuture/DDNS,Python
tests/test_provider_edgeone.py,4,callable,ok,tests.test_provider_edgeone.TestEdgeOneProvider.test_validate_missing_token,tests.test_provider_edgeone.TestEdgeOneProvider.test_validate_missing_token,5e1a8d5aaf53158d83ffe6f0dd44a9441a176609,2025-07-14T17:44:30Z,f1755218704a18870cf7fc0d5fb72d76f2ad41b3,2025-11-14T10:27:22Z,2,398,0.4,,,False,False,0,2,0.0,137.11,,0.014586759139516273,60844169.0,NewFuture/DDNS,Python
tests/test_provider_edgeone.py,5,callable,ok,tests.test_provider_edgeone.TestEdgeOneProvider.test_query_zone_id_success,tests.test_provider_edgeone.TestEdgeOneProvider.test_query_zone_id_success,5e1a8d5aaf53158d83ffe6f0dd44a9441a176609,2025-07-14T17:44:30Z,5e1a8d5aaf53158d83ffe6f0dd44a9441a176609,2025-07-14T17:44:30Z,1,398,0.09090909090909091,,,False,False,0,1,0.0,14.41,,0.06937596957735259,60844169.0,NewFuture/DDNS,Python
tests/test_provider_edgeone.py,6,callable,ok,tests.test_provider_edgeone.TestEdgeOneProvider.test_query_zone_id_not_found,tests.test_provider_edgeone.TestEdgeOneProvider.test_query_zone_id_not_found,5e1a8d5aaf53158d83ffe6f0dd44a9441a176609,2025-07-14T17:44:30Z,5e1a8d5aaf53158d83ffe6f0dd44a9441a176609,2025-07-14T17:44:30Z,1,398,0.16666666666666666,,,False,False,0,1,0.0,14.41,,0.06937596957735259,60844169.0,NewFuture/DDNS,Python
tests/test_provider_edgeone.py,7,callable,ok,tests.test_provider_edgeone.TestEdgeOneProvider.test_query_zone_id_empty_zones,tests.test_provider_edgeone.TestEdgeOneProvider.test_query_zone_id_empty_zones,5e1a8d5aaf53158d83ffe6f0dd44a9441a176609,2025-07-14T17:44:30Z,5e1a8d5aaf53158d83ffe6f0dd44a9441a176609,2025-07-14T17:44:30Z,1,398,0.16666666666666666,,,False,False,0,1,0.0,14.41,,0.06937596957735259,60844169.0,NewFuture/DDNS,Python
tests/test_provider_edgeone.py,8,callable,ok,tests.test_provider_edgeone.TestEdgeOneProvider.test_query_zone_id_invalid_response,tests.test_provider_edgeone.TestEdgeOneProvider.test_query_zone_id_invalid_response,5e1a8d5aaf53158d83ffe6f0dd44a9441a176609,2025-07-14T17:44:30Z,5e1a8d5aaf53158d83ffe6f0dd44a9441a176609,2025-07-14T17:44:30Z,1,398,0.16666666666666666,,,False,False,0,1,0.0,14.41,,0.06937596957735259,60844169.0,NewFuture/DDNS,Python
tests/test_provider_edgeone.py,9,callable,ok,tests.test_provider_edgeone.TestEdgeOneProvider.test_query_record_found,tests.test_provider_edgeone.TestEdgeOneProvider.test_query_record_found,5e1a8d5aaf53158d83ffe6f0dd44a9441a176609,2025-07-14T17:44:30Z,5e1a8d5aaf53158d83ffe6f0dd44a9441a176609,2025-07-14T17:44:30Z,1,398,0.043478260869565216,,,False,False,0,1,0.0,14.41,,0.06937596957735259,60844169.0,NewFuture/DDNS,Python
tests/test_provider_edgeone.py,10,callable,ok,tests.test_provider_edgeone.TestEdgeOneProvider.test_query_record_not_found,tests.test_provider_edgeone.TestEdgeOneProvider.test_query_record_not_found,5e1a8d5aaf53158d83ffe6f0dd44a9441a176609,2025-07-14T17:44:30Z,5e1a8d5aaf53158d83ffe6f0dd44a9441a176609,2025-07-14T17:44:30Z,1,398,0.1111111111111111,,,False,False,0,1,0.0,14.41,,0.06937596957735259,60844169.0,NewFuture/DDNS,Python
tests/test_provider_edgeone.py,11,callable,ok,tests.test_provider_edgeone.TestEdgeOneProvider.test_query_record_root_domain,tests.test_provider_edgeone.TestEdgeOneProvider.test_query_record_root_domain,5e1a8d5aaf53158d83ffe6f0dd44a9441a176609,2025-07-14T17:44:30Z,5e1a8d5aaf53158d83ffe6f0dd44a9441a176609,2025-07-14T17:44:30Z,1,398,0.05263157894736842,,,False,False,0,1,0.0,14.41,,0.06937596957735259,60844169.0,NewFuture/DDNS,Python
tests/test_provider_edgeone.py,12,callable,ok,tests.test_provider_edgeone.TestEdgeOneProvider.test_create_record_success,tests.test_provider_edgeone.TestEdgeOneProvider.test_create_record_success,5e1a8d5aaf53158d83ffe6f0dd44a9441a176609,2025-07-14T17:44:30Z,5e1a8d5aaf53158d83ffe6f0dd44a9441a176609,2025-07-14T17:44:30Z,1,398,0.07692307692307693,,,False,False,0,1,0.0,14.41,,0.06937596957735259,60844169.0,NewFuture/DDNS,Python
tests/test_provider_edgeone.py,13,callable,ok,tests.test_provider_edgeone.TestEdgeOneProvider.test_create_record_root_domain,tests.test_provider_edgeone.TestEdgeOneProvider.test_create_record_root_domain,5e1a8d5aaf53158d83ffe6f0dd44a9441a176609,2025-07-14T17:44:30Z,5e1a8d5aaf53158d83ffe6f0dd44a9441a176609,2025-07-14T17:44:30Z,1,398,0.1,,,False,False,0,1,0.0,14.41,,0.06937596957735259,60844169.0,NewFuture/DDNS,Python
tests/test_provider_edgeone.py,14,callable,ok,tests.test_provider_edgeone.TestEdgeOneProvider.test_create_record_with_extra_params,tests.test_provider_edgeone.TestEdgeOneProvider.test_create_record_with_extra_params,5e1a8d5aaf53158d83ffe6f0dd44a9441a176609,2025-07-14T17:44:30Z,5e1a8d5aaf53158d83ffe6f0dd44a9441a176609,2025-07-14T17:44:30Z,1,398,0.08333333333333333,,,False,False,0,1,0.0,14.41,,0.06937596957735259,60844169.0,NewFuture/DDNS,Python
tests/test_provider_edgeone.py,15,callable,ok,tests.test_provider_edgeone.TestEdgeOneProvider.test_create_record_failure,tests.test_provider_edgeone.TestEdgeOneProvider.test_create_record_failure,5e1a8d5aaf53158d83ffe6f0dd44a9441a176609,2025-07-14T17:44:30Z,5e1a8d5aaf53158d83ffe6f0dd44a9441a176609,2025-07-14T17:44:30Z,1,398,0.14285714285714285,,,False,False,0,1,0.0,14.41,,0.06937596957735259,60844169.0,NewFuture/DDNS,Python
tests/test_provider_edgeone.py,16,callable,ok,tests.test_provider_edgeone.TestEdgeOneProvider.test_update_record_success,tests.test_provider_edgeone.TestEdgeOneProvider.test_update_record_success,5e1a8d5aaf53158d83ffe6f0dd44a9441a176609,2025-07-14T17:44:30Z,5e1a8d5aaf53158d83ffe6f0dd44a9441a176609,2025-07-14T17:44:30Z,1,398,0.0625,,,False,False,0,1,0.0,14.41,,0.06937596957735259,60844169.0,NewFuture/DDNS,Python
tests/test_provider_edgeone.py,17,callable,ok,tests.test_provider_edgeone.TestEdgeOneProvider.test_update_record_preserve_backup_origin,tests.test_provider_edgeone.TestEdgeOneProvider.test_update_record_preserve_backup_origin,5e1a8d5aaf53158d83ffe6f0dd44a9441a176609,2025-07-14T17:44:30Z,5e1a8d5aaf53158d83ffe6f0dd44a9441a176609,2025-07-14T17:44:30Z,1,398,0.0625,,,False,False,0,1,0.0,14.41,,0.06937596957735259,60844169.0,NewFuture/DDNS,Python
tests/test_provider_edgeone.py,18,callable,ok,tests.test_provider_edgeone.TestEdgeOneProvider.test_update_record_missing_domain_name,tests.test_provider_edgeone.TestEdgeOneProvider.test_update_record_missing_domain_name,5e1a8d5aaf53158d83ffe6f0dd44a9441a176609,2025-07-14T17:44:30Z,5e1a8d5aaf53158d83ffe6f0dd44a9441a176609,2025-07-14T17:44:30Z,1,398,0.07142857142857142,,,False,False,0,1,0.0,14.41,,0.06937596957735259,60844169.0,NewFuture/DDNS,Python
tests/test_provider_edgeone.py,19,callable,ok,tests.test_provider_edgeone.TestEdgeOneProvider.test_update_record_failure,tests.test_provider_edgeone.TestEdgeOneProvider.test_update_record_failure,5e1a8d5aaf53158d83ffe6f0dd44a9441a176609,2025-07-14T17:44:30Z,5e1a8d5aaf53158d83ffe6f0dd44a9441a176609,2025-07-14T17:44:30Z,1,398,0.07692307692307693,,,False,False,0,1,0.0,14.41,,0.06937596957735259,60844169.0,NewFuture/DDNS,Python
tests/test_provider_edgeone.py,20,callable,ok,tests.test_provider_edgeone.TestEdgeOneProvider.test_request_success,tests.test_provider_edgeone.TestEdgeOneProvider.test_request_success,5e1a8d5aaf53158d83ffe6f0dd44a9441a176609,2025-07-14T17:44:30Z,5e1a8d5aaf53158d83ffe6f0dd44a9441a176609,2025-07-14T17:44:30Z,1,398,0.06666666666666667,,,False,False,0,1,0.0,14.41,,0.06937596957735259,60844169.0,NewFuture/DDNS,Python
tests/test_provider_edgeone.py,21,callable,ok,tests.test_provider_edgeone.TestEdgeOneProvider.test_request_api_error,tests.test_provider_edgeone.TestEdgeOneProvider.test_request_api_error,5e1a8d5aaf53158d83ffe6f0dd44a9441a176609,2025-07-14T17:44:30Z,5e1a8d5aaf53158d83ffe6f0dd44a9441a176609,2025-07-14T17:44:30Z,1,398,0.09090909090909091,,,False,False,0,1,0.0,14.41,,0.06937596957735259,60844169.0,NewFuture/DDNS,Python
tests/test_provider_edgeone.py,22,callable,ok,tests.test_provider_edgeone.TestEdgeOneProvider.test_request_unexpected_response,tests.test_provider_edgeone.TestEdgeOneProvider.test_request_unexpected_response,5e1a8d5aaf53158d83ffe6f0dd44a9441a176609,2025-07-14T17:44:30Z,5e1a8d5aaf53158d83ffe6f0dd44a9441a176609,2025-07-14T17:44:30Z,1,398,0.09090909090909091,,,False,False,0,1,0.0,14.41,,0.06937596957735259,60844169.0,NewFuture/DDNS,Python
tests/test_provider_edgeone.py,23,callable,ok,tests.test_provider_edgeone.TestEdgeOneProvider.test_request_exception,tests.test_provider_edgeone.TestEdgeOneProvider.test_request_exception,5e1a8d5aaf53158d83ffe6f0dd44a9441a176609,2025-07-14T17:44:30Z,5e1a8d5aaf53158d83ffe6f0dd44a9441a176609,2025-07-14T17:44:30Z,1,398,0.07692307692307693,,,False,False,0,1,0.0,14.41,,0.06937596957735259,60844169.0,NewFuture/DDNS,Python
tests/test_provider_edgeone.py,24,callable,ok,tests.test_provider_edgeone.TestEdgeOneProvider.test_set_record_create_new,tests.test_provider_edgeone.TestEdgeOneProvider.test_set_record_create_new,5e1a8d5aaf53158d83ffe6f0dd44a9441a176609,2025-07-14T17:44:30Z,5e1a8d5aaf53158d83ffe6f0dd44a9441a176609,2025-07-14T17:44:30Z,1,398,0.05555555555555555,,,False,False,0,1,0.0,14.41,,0.06937596957735259,60844169.0,NewFuture/DDNS,Python
tests/test_provider_edgeone.py,25,callable,ok,tests.test_provider_edgeone.TestEdgeOneProvider.test_set_record_update_existing,tests.test_provider_edgeone.TestEdgeOneProvider.test_set_record_update_existing,5e1a8d5aaf53158d83ffe6f0dd44a9441a176609,2025-07-14T17:44:30Z,5e1a8d5aaf53158d83ffe6f0dd44a9441a176609,2025-07-14T17:44:30Z,1,398,0.038461538461538464,,,False,False,0,1,0.0,14.41,,0.06937596957735259,60844169.0,NewFuture/DDNS,Python
tests/test_provider_edgeone.py,26,callable,ok,tests.test_provider_edgeone.TestEdgeOneProviderIntegration.setUp,tests.test_provider_edgeone.TestEdgeOneProviderIntegration.setUp,5e1a8d5aaf53158d83ffe6f0dd44a9441a176609,2025-07-14T17:44:30Z,f1755218704a18870cf7fc0d5fb72d76f2ad41b3,2025-11-14T10:27:22Z,2,398,0.4,,,False,False,0,2,0.0,137.11,,0.014586759139516273,60844169.0,NewFuture/DDNS,Python
tests/test_provider_edgeone.py,27,callable,ok,tests.test_provider_edgeone.TestEdgeOneProviderIntegration.test_full_domain_resolution_flow,tests.test_provider_edgeone.TestEdgeOneProviderIntegration.test_full_domain_resolution_flow,5e1a8d5aaf53158d83ffe6f0dd44a9441a176609,2025-07-14T17:44:30Z,5e1a8d5aaf53158d83ffe6f0dd44a9441a176609,2025-07-14T17:44:30Z,1,398,0.05555555555555555,,,False,False,0,1,0.0,14.41,,0.06937596957735259,60844169.0,NewFuture/DDNS,Python
tests/test_provider_edgeone.py,28,callable,ok,tests.test_provider_edgeone.TestEdgeOneProviderIntegration.test_custom_domain_format,tests.test_provider_edgeone.TestEdgeOneProviderIntegration.test_custom_domain_format,5e1a8d5aaf53158d83ffe6f0dd44a9441a176609,2025-07-14T17:44:30Z,5e1a8d5aaf53158d83ffe6f0dd44a9441a176609,2025-07-14T17:44:30Z,1,398,0.05,,,False,False,0,1,0.0,14.41,,0.06937596957735259,60844169.0,NewFuture/DDNS,Python
tests/test_provider_edgeone.py,29,callable,ok,tests.test_provider_edgeone.TestEdgeOneProviderIntegration.test_update_existing_record,tests.test_provider_edgeone.TestEdgeOneProviderIntegration.test_update_existing_record,5e1a8d5aaf53158d83ffe6f0dd44a9441a176609,2025-07-14T17:44:30Z,5e1a8d5aaf53158d83ffe6f0dd44a9441a176609,2025-07-14T17:44:30Z,1,398,0.03333333333333333,,,False,False,0,1,0.0,14.41,,0.06937596957735259,60844169.0,NewFuture/DDNS,Python
tests/test_provider_edgeone.py,30,callable,ok,tests.test_provider_edgeone.TestEdgeOneProviderIntegration.test_api_error_handling,tests.test_provider_edgeone.TestEdgeOneProviderIntegration.test_api_error_handling,5e1a8d5aaf53158d83ffe6f0dd44a9441a176609,2025-07-14T17:44:30Z,5e1a8d5aaf53158d83ffe6f0dd44a9441a176609,2025-07-14T17:44:30Z,1,398,0.1,,,False,False,0,1,0.0,14.41,,0.06937596957735259,60844169.0,NewFuture/DDNS,Python
tests/test_provider_edgeone.py,31,callable,ok,tests.test_provider_edgeone.TestEdgeOneProviderRealRequest.setUp,tests.test_provider_edgeone.TestEdgeOneProviderRealRequest.setUp,5e1a8d5aaf53158d83ffe6f0dd44a9441a176609,2025-07-14T17:44:30Z,5e1a8d5aaf53158d83ffe6f0dd44a9441a176609,2025-07-14T17:44:30Z,1,398,0.3333333333333333,,,False,False,0,1,0.0,14.41,,0.06937596957735259,60844169.0,NewFuture/DDNS,Python
tests/test_provider_edgeone.py,32,callable,ok,tests.test_provider_edgeone.TestEdgeOneProviderRealRequest.test_auth_failure_real_request,tests.test_provider_edgeone.TestEdgeOneProviderRealRequest.test_auth_failure_real_request,5e1a8d5aaf53158d83ffe6f0dd44a9441a176609,2025-07-14T17:44:30Z,6e3d3560c725177ecab74f4880981a6dc7bc190d,2026-08-15T22:23:27+08:00,2,398,0.06896551724137931,,,False,False,0,2,0.0,411.27,,0.004862931055710532,60844169.0,NewFuture/DDNS,Python
tests/test_provider_edgeone_dns.py,0,class,ok,tests.test_provider_edgeone_dns.TestEdgeOneDnsProvider,tests.test_provider_edgeone_dns.TestEdgeOneDnsProvider,f99fd8f0b3a81f193ed7285b879c6e4025124d91,2025-11-15T16:44:59Z,f99fd8f0b3a81f193ed7285b879c6e4025124d91,2025-11-15T16:44:59Z,1,274,0.003484320557491289,,,False,False,0,1,0.0,138.37,,0.007226849552801043,60844169.0,NewFuture/DDNS,Python
tests/test_provider_edgeone_dns.py,1,class,ok,tests.test_provider_edgeone_dns.TestEdgeOneDnsProviderIntegration,tests.test_provider_edgeone_dns.TestEdgeOneDnsProviderIntegration,f99fd8f0b3a81f193ed7285b879c6e4025124d91,2025-11-15T16:44:59Z,f99fd8f0b3a81f193ed7285b879c6e4025124d91,2025-11-15T16:44:59Z,1,274,0.008771929824561403,,,False,False,0,1,0.0,138.37,,0.007226849552801043,60844169.0,NewFuture/DDNS,Python
tests/test_provider_edgeone_dns.py,2,class,ok,tests.test_provider_edgeone_dns.TestEdgeOneDnsProviderRealRequest,tests.test_provider_edgeone_dns.TestEdgeOneDnsProviderRealRequest,f99fd8f0b3a81f193ed7285b879c6e4025124d91,2025-11-15T16:44:59Z,6e3d3560c725177ecab74f4880981a6dc7bc190d,2026-08-15T22:23:27+08:00,2,274,0.05128205128205128,,,False,False,0,2,0.0,411.27,,0.004862931055710532,60844169.0,NewFuture/DDNS,Python
tests/test_provider_edgeone_dns.py,0,callable,ok,tests.test_provider_edgeone_dns.TestEdgeOneDnsProvider.setUp,tests.test_provider_edgeone_dns.TestEdgeOneDnsProvider.setUp,f99fd8f0b3a81f193ed7285b879c6e4025124d91,2025-11-15T16:44:59Z,f99fd8f0b3a81f193ed7285b879c6e4025124d91,2025-11-15T16:44:59Z,1,274,0.2,,,False,False,0,1,0.0,138.37,,0.007226849552801043,60844169.0,NewFuture/DDNS,Python
tests/test_provider_edgeone_dns.py,1,callable,ok,tests.test_provider_edgeone_dns.TestEdgeOneDnsProvider.test_init,tests.test_provider_edgeone_dns.TestEdgeOneDnsProvider.test_init,f99fd8f0b3a81f193ed7285b879c6e4025124d91,2025-11-15T16:44:59Z,f99fd8f0b3a81f193ed7285b879c6e4025124d91,2025-11-15T16:44:59Z,1,274,0.14285714285714285,,,False,False,0,1,0.0,138.37,,0.007226849552801043,60844169.0,NewFuture/DDNS,Python
tests/test_provider_edgeone_dns.py,2,callable,ok,tests.test_provider_edgeone_dns.TestEdgeOneDnsProvider.test_validate_success,tests.test_provider_edgeone_dns.TestEdgeOneDnsProvider.test_validate_success,f99fd8f0b3a81f193ed7285b879c6e4025124d91,2025-11-15T16:44:59Z,f99fd8f0b3a81f193ed7285b879c6e4025124d91,2025-11-15T16:44:59Z,1,274,0.25,,,False,False,0,1,0.0,138.37,,0.007226849552801043,60844169.0,NewFuture/DDNS,Python
tests/test_provider_edgeone_dns.py,3,callable,ok,tests.test_provider_edgeone_dns.TestEdgeOneDnsProvider.test_validate_missing_id,tests.test_provider_edgeone_dns.TestEdgeOneDnsProvider.test_validate_missing_id,f99fd8f0b3a81f193ed7285b879c6e4025124d91,2025-11-15T16:44:59Z,f99fd8f0b3a81f193ed7285b879c6e4025124d91,2025-11-15T16:44:59Z,1,274,0.2,,,False,False,0,1,0.0,138.37,,0.007226849552801043,60844169.0,NewFuture/DDNS,Python
tests/test_provider_edgeone_dns.py,4,callable,ok,tests.test_provider_edgeone_dns.TestEdgeOneDnsProvider.test_validate_missing_token,tests.test_provider_edgeone_dns.TestEdgeOneDnsProvider.test_validate_missing_token,f99fd8f0b3a81f193ed7285b879c6e4025124d91,2025-11-15T16:44:59Z,f99fd8f0b3a81f193ed7285b879c6e4025124d91,2025-11-15T16:44:59Z,1,274,0.2,,,False,False,0,1,0.0,138.37,,0.007226849552801043,60844169.0,NewFuture/DDNS,Python
tests/test_provider_edgeone_dns.py,5,callable,ok,tests.test_provider_edgeone_dns.TestEdgeOneDnsProvider.test_query_zone_id_success,tests.test_provider_edgeone_dns.TestEdgeOneDnsProvider.test_query_zone_id_success,f99fd8f0b3a81f193ed7285b879c6e4025124d91,2025-11-15T16:44:59Z,f99fd8f0b3a81f193ed7285b879c6e4025124d91,2025-11-15T16:44:59Z,1,274,0.09090909090909091,,,False,False,0,1,0.0,138.37,,0.007226849552801043,60844169.0,NewFuture/DDNS,Python
tests/test_provider_edgeone_dns.py,6,callable,ok,tests.test_provider_edgeone_dns.TestEdgeOneDnsProvider.test_query_zone_id_not_found,tests.test_provider_edgeone_dns.TestEdgeOneDnsProvider.test_query_zone_id_not_found,f99fd8f0b3a81f193ed7285b879c6e4025124d91,2025-11-15T16:44:59Z,f99fd8f0b3a81f193ed7285b879c6e4025124d91,2025-11-15T16:44:59Z,1,274,0.16666666666666666,,,False,False,0,1,0.0,138.37,,0.007226849552801043,60844169.0,NewFuture/DDNS,Python
tests/test_provider_edgeone_dns.py,7,callable,ok,tests.test_provider_edgeone_dns.TestEdgeOneDnsProvider.test_query_record_found,tests.test_provider_edgeone_dns.TestEdgeOneDnsProvider.test_query_record_found,f99fd8f0b3a81f193ed7285b879c6e4025124d91,2025-11-15T16:44:59Z,f99fd8f0b3a81f193ed7285b879c6e4025124d91,2025-11-15T16:44:59Z,1,274,0.038461538461538464,,,False,False,0,1,0.0,138.37,,0.007226849552801043,60844169.0,NewFuture/DDNS,Python
tests/test_provider_edgeone_dns.py,8,callable,ok,tests.test_provider_edgeone_dns.TestEdgeOneDnsProvider.test_query_record_not_found,tests.test_provider_edgeone_dns.TestEdgeOneDnsProvider.test_query_record_not_found,f99fd8f0b3a81f193ed7285b879c6e4025124d91,2025-11-15T16:44:59Z,f99fd8f0b3a81f193ed7285b879c6e4025124d91,2025-11-15T16:44:59Z,1,274,0.14285714285714285,,,False,False,0,1,0.0,138.37,,0.007226849552801043,60844169.0,NewFuture/DDNS,Python
tests/test_provider_edgeone_dns.py,9,callable,ok,tests.test_provider_edgeone_dns.TestEdgeOneDnsProvider.test_query_record_wrong_type,tests.test_provider_edgeone_dns.TestEdgeOneDnsProvider.test_query_record_wrong_type,f99fd8f0b3a81f193ed7285b879c6e4025124d91,2025-11-15T16:44:59Z,f99fd8f0b3a81f193ed7285b879c6e4025124d91,2025-11-15T16:44:59Z,1,274,0.05555555555555555,,,False,False,0,1,0.0,138.37,,0.007226849552801043,60844169.0,NewFuture/DDNS,Python
tests/test_provider_edgeone_dns.py,10,callable,ok,tests.test_provider_edgeone_dns.TestEdgeOneDnsProvider.test_query_record_root_domain,tests.test_provider_edgeone_dns.TestEdgeOneDnsProvider.test_query_record_root_domain,f99fd8f0b3a81f193ed7285b879c6e4025124d91,2025-11-15T16:44:59Z,f99fd8f0b3a81f193ed7285b879c6e4025124d91,2025-11-15T16:44:59Z,1,274,0.05555555555555555,,,False,False,0,1,0.0,138.37,,0.007226849552801043,60844169.0,NewFuture/DDNS,Python
tests/test_provider_edgeone_dns.py,11,callable,ok,tests.test_provider_edgeone_dns.TestEdgeOneDnsProvider.test_create_record_success,tests.test_provider_edgeone_dns.TestEdgeOneDnsProvider.test_create_record_success,f99fd8f0b3a81f193ed7285b879c6e4025124d91,2025-11-15T16:44:59Z,f99fd8f0b3a81f193ed7285b879c6e4025124d91,2025-11-15T16:44:59Z,1,274,0.06666666666666667,,,False,False,0,1,0.0,138.37,,0.007226849552801043,60844169.0,NewFuture/DDNS,Python
tests/test_provider_edgeone_dns.py,12,callable,ok,tests.test_provider_edgeone_dns.TestEdgeOneDnsProvider.test_create_record_root_domain,tests.test_provider_edgeone_dns.TestEdgeOneDnsProvider.test_create_record_root_domain,f99fd8f0b3a81f193ed7285b879c6e4025124d91,2025-11-15T16:44:59Z,f99fd8f0b3a81f193ed7285b879c6e4025124d91,2025-11-15T16:44:59Z,1,274,0.1,,,False,False,0,1,0.0,138.37,,0.007226849552801043,60844169.0,NewFuture/DDNS,Python
tests/test_provider_edgeone_dns.py,13,callable,ok,tests.test_provider_edgeone_dns.TestEdgeOneDnsProvider.test_create_record_aaaa,tests.test_provider_edgeone_dns.TestEdgeOneDnsProvider.test_create_record_aaaa,f99fd8f0b3a81f193ed7285b879c6e4025124d91,2025-11-15T16:44:59Z,f99fd8f0b3a81f193ed7285b879c6e4025124d91,2025-11-15T16:44:59Z,1,274,0.07692307692307693,,,False,False,0,1,0.0,138.37,,0.007226849552801043,60844169.0,NewFuture/DDNS,Python
tests/test_provider_edgeone_dns.py,14,callable,ok,tests.test_provider_edgeone_dns.TestEdgeOneDnsProvider.test_create_record_failure,tests.test_provider_edgeone_dns.TestEdgeOneDnsProvider.test_create_record_failure,f99fd8f0b3a81f193ed7285b879c6e4025124d91,2025-11-15T16:44:59Z,f99fd8f0b3a81f193ed7285b879c6e4025124d91,2025-11-15T16:44:59Z,1,274,0.14285714285714285,,,False,False,0,1,0.0,138.37,,0.007226849552801043,60844169.0,NewFuture/DDNS,Python
tests/test_provider_edgeone_dns.py,15,callable,ok,tests.test_provider_edgeone_dns.TestEdgeOneDnsProvider.test_update_record_success,tests.test_provider_edgeone_dns.TestEdgeOneDnsProvider.test_update_record_success,f99fd8f0b3a81f193ed7285b879c6e4025124d91,2025-11-15T16:44:59Z,f99fd8f0b3a81f193ed7285b879c6e4025124d91,2025-11-15T16:44:59Z,1,274,0.038461538461538464,,,False,False,0,1,0.0,138.37,,0.007226849552801043,60844169.0,NewFuture/DDNS,Python
tests/test_provider_edgeone_dns.py,16,callable,ok,tests.test_provider_edgeone_dns.TestEdgeOneDnsProvider.test_update_record_change_type,tests.test_provider_edgeone_dns.TestEdgeOneDnsProvider.test_update_record_change_type,f99fd8f0b3a81f193ed7285b879c6e4025124d91,2025-11-15T16:44:59Z,f99fd8f0b3a81f193ed7285b879c6e4025124d91,2025-11-15T16:44:59Z,1,274,0.07142857142857142,,,False,False,0,1,0.0,138.37,,0.007226849552801043,60844169.0,NewFuture/DDNS,Python
tests/test_provider_edgeone_dns.py,17,callable,ok,tests.test_provider_edgeone_dns.TestEdgeOneDnsProvider.test_update_record_failure,tests.test_provider_edgeone_dns.TestEdgeOneDnsProvider.test_update_record_failure,f99fd8f0b3a81f193ed7285b879c6e4025124d91,2025-11-15T16:44:59Z,f99fd8f0b3a81f193ed7285b879c6e4025124d91,2025-11-15T16:44:59Z,1,274,0.1111111111111111,,,False,False,0,1,0.0,138.37,,0.007226849552801043,60844169.0,NewFuture/DDNS,Python
tests/test_provider_edgeone_dns.py,18,callable,ok,tests.test_provider_edgeone_dns.TestEdgeOneDnsProvider.test_set_record_create_new,tests.test_provider_edgeone_dns.TestEdgeOneDnsProvider.test_set_record_create_new,f99fd8f0b3a81f193ed7285b879c6e4025124d91,2025-11-15T16:44:59Z,f99fd8f0b3a81f193ed7285b879c6e4025124d91,2025-11-15T16:44:59Z,1,274,0.058823529411764705,,,False,False,0,1,0.0,138.37,,0.007226849552801043,60844169.0,NewFuture/DDNS,Python
tests/test_provider_edgeone_dns.py,19,callable,ok,tests.test_provider_edgeone_dns.TestEdgeOneDnsProvider.test_set_record_update_existing,tests.test_provider_edgeone_dns.TestEdgeOneDnsProvider.test_set_record_update_existing,f99fd8f0b3a81f193ed7285b879c6e4025124d91,2025-11-15T16:44:59Z,f99fd8f0b3a81f193ed7285b879c6e4025124d91,2025-11-15T16:44:59Z,1,274,0.037037037037037035,,,False,False,0,1,0.0,138.37,,0.007226849552801043,60844169.0,NewFuture/DDNS,Python
tests/test_provider_edgeone_dns.py,20,callable,ok,tests.test_provider_edgeone_dns.TestEdgeOneDnsProviderIntegration.setUp,tests.test_provider_edgeone_dns.TestEdgeOneDnsProviderIntegration.setUp,f99fd8f0b3a81f193ed7285b879c6e4025124d91,2025-11-15T16:44:59Z,f99fd8f0b3a81f193ed7285b879c6e4025124d91,2025-11-15T16:44:59Z,1,274,0.2,,,False,False,0,1,0.0,138.37,,0.007226849552801043,60844169.0,NewFuture/DDNS,Python
tests/test_provider_edgeone_dns.py,21,callable,ok,tests.test_provider_edgeone_dns.TestEdgeOneDnsProviderIntegration.test_full_domain_resolution_flow,tests.test_provider_edgeone_dns.TestEdgeOneDnsProviderIntegration.test_full_domain_resolution_flow,f99fd8f0b3a81f193ed7285b879c6e4025124d91,2025-11-15T16:44:59Z,f99fd8f0b3a81f193ed7285b879c6e4025124d91,2025-11-15T16:44:59Z,1,274,0.058823529411764705,,,False,False,0,1,0.0,138.37,,0.007226849552801043,60844169.0,NewFuture/DDNS,Python
tests/test_provider_edgeone_dns.py,22,callable,ok,tests.test_provider_edgeone_dns.TestEdgeOneDnsProviderIntegration.test_custom_domain_format,tests.test_provider_edgeone_dns.TestEdgeOneDnsProviderIntegration.test_custom_domain_format,f99fd8f0b3a81f193ed7285b879c6e4025124d91,2025-11-15T16:44:59Z,f99fd8f0b3a81f193ed7285b879c6e4025124d91,2025-11-15T16:44:59Z,1,274,0.05555555555555555,,,False,False,0,1,0.0,138.37,,0.007226849552801043,60844169.0,NewFuture/DDNS,Python
tests/test_provider_edgeone_dns.py,23,callable,ok,tests.test_provider_edgeone_dns.TestEdgeOneDnsProviderIntegration.test_update_existing_record,tests.test_provider_edgeone_dns.TestEdgeOneDnsProviderIntegration.test_update_existing_record,f99fd8f0b3a81f193ed7285b879c6e4025124d91,2025-11-15T16:44:59Z,f99fd8f0b3a81f193ed7285b879c6e4025124d91,2025-11-15T16:44:59Z,1,274,0.03225806451612903,,,False,False,0,1,0.0,138.37,,0.007226849552801043,60844169.0,NewFuture/DDNS,Python
tests/test_provider_edgeone_dns.py,24,callable,ok,tests.test_provider_edgeone_dns.TestEdgeOneDnsProviderIntegration.test_ipv6_record,tests.test_provider_edgeone_dns.TestEdgeOneDnsProviderIntegration.test_ipv6_record,f99fd8f0b3a81f193ed7285b879c6e4025124d91,2025-11-15T16:44:59Z,f99fd8f0b3a81f193ed7285b879c6e4025124d91,2025-11-15T16:44:59Z,1,274,0.05,,,False,False,0,1,0.0,138.37,,0.007226849552801043,60844169.0,NewFuture/DDNS,Python
tests/test_provider_edgeone_dns.py,25,callable,ok,tests.test_provider_edgeone_dns.TestEdgeOneDnsProviderIntegration.test_api_error_handling,tests.test_provider_edgeone_dns.TestEdgeOneDnsProviderIntegration.test_api_error_handling,f99fd8f0b3a81f193ed7285b879c6e4025124d91,2025-11-15T16:44:59Z,f99fd8f0b3a81f193ed7285b879c6e4025124d91,2025-11-15T16:44:59Z,1,274,0.1,,,False,False,0,1,0.0,138.37,,0.007226849552801043,60844169.0,NewFuture/DDNS,Python
tests/test_provider_edgeone_dns.py,26,callable,ok,tests.test_provider_edgeone_dns.TestEdgeOneDnsProviderRealRequest.setUp,tests.test_provider_edgeone_dns.TestEdgeOneDnsProviderRealRequest.setUp,f99fd8f0b3a81f193ed7285b879c6e4025124d91,2025-11-15T16:44:59Z,f99fd8f0b3a81f193ed7285b879c6e4025124d91,2025-11-15T16:44:59Z,1,274,0.3333333333333333,,,False,False,0,1,0.0,138.37,,0.007226849552801043,60844169.0,NewFuture/DDNS,Python
tests/test_provider_edgeone_dns.py,27,callable,ok,tests.test_provider_edgeone_dns.TestEdgeOneDnsProviderRealRequest.test_auth_failure_real_request,tests.test_provider_edgeone_dns.TestEdgeOneDnsProviderRealRequest.test_auth_failure_real_request,f99fd8f0b3a81f193ed7285b879c6e4025124d91,2025-11-15T16:44:59Z,6e3d3560c725177ecab74f4880981a6dc7bc190d,2026-08-15T22:23:27+08:00,2,274,0.0625,,,False,False,0,2,0.0,411.27,,0.004862931055710532,60844169.0,NewFuture/DDNS,Python
tests/test_provider_he.py,0,class,ok,tests.test_provider_he.TestHeProvider,tests.test_provider_he.TestHeProvider,f1a764d3c2e2c6aade66f85162964e6ce9248fee,2025-07-01T19:08:11+08:00,f1755218704a18870cf7fc0d5fb72d76f2ad41b3,2025-11-14T10:27:22Z,4,411,0.013157894736842105,0.46050234995552886,,False,False,0,4,0.0,137.11,,0.029173518279032546,60844169.0,NewFuture/DDNS,Python
tests/test_provider_he.py,1,class,ok,tests.test_provider_he.TestHeProviderIntegration,tests.test_provider_he.TestHeProviderIntegration,f1a764d3c2e2c6aade66f85162964e6ce9248fee,2025-07-01T19:08:11+08:00,485e6a3e26c5aab9c6c9a7287efd24e00c9ee159,2025-07-12T11:04:25+08:00,2,411,0.04081632653061224,,,False,False,0,2,0.0,11.8,,0.16944781389766253,60844169.0,NewFuture/DDNS,Python
tests/test_provider_he.py,4,callable,ok,tests.test_provider_he.TestHeProvider.test_validate_fails_with_auth_id,tests.test_provider_he.TestHeProvider.test_validate_fails_with_id,f1a764d3c2e2c6aade66f85162964e6ce9248fee,2025-07-01T19:08:11+08:00,485e6a3e26c5aab9c6c9a7287efd24e00c9ee159,2025-07-12T11:04:25+08:00,2,10,0.4,,,True,True,0,2,0.0,11.8,,0.16944781389766253,60844169.0,NewFuture/DDNS,Python
tests/test_provider_he.py,0,callable,ok,tests.test_provider_he.TestHeProvider.setUp,tests.test_provider_he.TestHeProvider.setUp,f1a764d3c2e2c6aade66f85162964e6ce9248fee,2025-07-01T19:08:11+08:00,f1755218704a18870cf7fc0d5fb72d76f2ad41b3,2025-11-14T10:27:22Z,3,411,0.5,0.3966175090134733,,False,False,0,3,0.0,137.11,,0.021880138709274407,60844169.0,NewFuture/DDNS,Python
tests/test_provider_he.py,1,callable,ok,tests.test_provider_he.TestHeProvider.test_init_with_basic_config,tests.test_provider_he.TestHeProvider.test_init_with_basic_config,f1a764d3c2e2c6aade66f85162964e6ce9248fee,2025-07-01T19:08:11+08:00,485e6a3e26c5aab9c6c9a7287efd24e00c9ee159,2025-07-12T11:04:25+08:00,3,411,0.375,0.8145617100439805,,False,False,0,3,0.0,11.8,,0.2541717208464938,60844169.0,NewFuture/DDNS,Python
tests/test_provider_he.py,2,callable,ok,tests.test_provider_he.TestHeProvider.test_class_constants,tests.test_provider_he.TestHeProvider.test_class_constants,f1a764d3c2e2c6aade66f85162964e6ce9248fee,2025-07-01T19:08:11+08:00,485e6a3e26c5aab9c6c9a7287efd24e00c9ee159,2025-07-12T11:04:25+08:00,3,411,0.3333333333333333,0.8145617100439805,,False,False,0,3,0.0,11.8,,0.2541717208464938,60844169.0,NewFuture/DDNS,Python
tests/test_provider_he.py,3,callable,ok,tests.test_provider_he.TestHeProvider.test_validate_success_with_token_only,tests.test_provider_he.TestHeProvider.test_validate_success_with_token_only,f1a764d3c2e2c6aade66f85162964e6ce9248fee,2025-07-01T19:08:11+08:00,485e6a3e26c5aab9c6c9a7287efd24e00c9ee159,2025-07-12T11:04:25+08:00,2,411,0.4,,,False,False,0,2,0.0,11.8,,0.16944781389766253,60844169.0,NewFuture/DDNS,Python
tests/test_provider_he.py,5,callable,ok,tests.test_provider_he.TestHeProvider.test_validate_fails_without_token,tests.test_provider_he.TestHeProvider.test_validate_fails_without_token,f1a764d3c2e2c6aade66f85162964e6ce9248fee,2025-07-01T19:08:11+08:00,485e6a3e26c5aab9c6c9a7287efd24e00c9ee159,2025-07-12T11:04:25+08:00,2,411,0.4,,,False,False,0,2,0.0,11.8,,0.16944781389766253,60844169.0,NewFuture/DDNS,Python
tests/test_provider_he.py,6,callable,ok,tests.test_provider_he.TestHeProvider.test_set_record_success_good_response,tests.test_provider_he.TestHeProvider.test_set_record_success_good_response,f1a764d3c2e2c6aade66f85162964e6ce9248fee,2025-07-01T19:08:11+08:00,485e6a3e26c5aab9c6c9a7287efd24e00c9ee159,2025-07-12T11:04:25+08:00,2,411,0.09090909090909091,,,False,False,0,2,0.0,11.8,,0.16944781389766253,60844169.0,NewFuture/DDNS,Python
tests/test_provider_he.py,7,callable,ok,tests.test_provider_he.TestHeProvider.test_set_record_success_nochg_response,tests.test_provider_he.TestHeProvider.test_set_record_success_nochg_response,f1a764d3c2e2c6aade66f85162964e6ce9248fee,2025-07-01T19:08:11+08:00,485e6a3e26c5aab9c6c9a7287efd24e00c9ee159,2025-07-12T11:04:25+08:00,2,411,0.09090909090909091,,,False,False,0,2,0.0,11.8,,0.16944781389766253,60844169.0,NewFuture/DDNS,Python
tests/test_provider_he.py,8,callable,ok,tests.test_provider_he.TestHeProvider.test_set_record_ipv6_address,tests.test_provider_he.TestHeProvider.test_set_record_ipv6_address,f1a764d3c2e2c6aade66f85162964e6ce9248fee,2025-07-01T19:08:11+08:00,485e6a3e26c5aab9c6c9a7287efd24e00c9ee159,2025-07-12T11:04:25+08:00,2,411,0.125,,,False,False,0,2,0.0,11.8,,0.16944781389766253,60844169.0,NewFuture/DDNS,Python
tests/test_provider_he.py,9,callable,ok,tests.test_provider_he.TestHeProvider.test_set_record_with_all_parameters,tests.test_provider_he.TestHeProvider.test_set_record_with_all_parameters,f1a764d3c2e2c6aade66f85162964e6ce9248fee,2025-07-01T19:08:11+08:00,485e6a3e26c5aab9c6c9a7287efd24e00c9ee159,2025-07-12T11:04:25+08:00,2,411,0.10526315789473684,,,False,False,0,2,0.0,11.8,,0.16944781389766253,60844169.0,NewFuture/DDNS,Python
tests/test_provider_he.py,10,callable,ok,tests.test_provider_he.TestHeProvider.test_set_record_empty_response_error,tests.test_provider_he.TestHeProvider.test_set_record_empty_response_error,f1a764d3c2e2c6aade66f85162964e6ce9248fee,2025-07-01T19:08:11+08:00,485e6a3e26c5aab9c6c9a7287efd24e00c9ee159,2025-07-12T11:04:25+08:00,2,411,0.16666666666666666,,,False,False,0,2,0.0,11.8,,0.16944781389766253,60844169.0,NewFuture/DDNS,Python
tests/test_provider_he.py,11,callable,ok,tests.test_provider_he.TestHeProvider.test_set_record_none_response_error,tests.test_provider_he.TestHeProvider.test_set_record_none_response_error,f1a764d3c2e2c6aade66f85162964e6ce9248fee,2025-07-01T19:08:11+08:00,485e6a3e26c5aab9c6c9a7287efd24e00c9ee159,2025-07-12T11:04:25+08:00,2,411,0.125,,,False,False,0,2,0.0,11.8,,0.16944781389766253,60844169.0,NewFuture/DDNS,Python
tests/test_provider_he.py,12,callable,ok,tests.test_provider_he.TestHeProvider.test_set_record_http_exception,tests.test_provider_he.TestHeProvider.test_set_record_http_exception,f1a764d3c2e2c6aade66f85162964e6ce9248fee,2025-07-01T19:08:11+08:00,485e6a3e26c5aab9c6c9a7287efd24e00c9ee159,2025-07-12T11:04:25+08:00,2,411,0.125,,,False,False,0,2,0.0,11.8,,0.16944781389766253,60844169.0,NewFuture/DDNS,Python
tests/test_provider_he.py,13,callable,ok,tests.test_provider_he.TestHeProvider.test_set_record_error_response,tests.test_provider_he.TestHeProvider.test_set_record_error_response,f1a764d3c2e2c6aade66f85162964e6ce9248fee,2025-07-01T19:08:11+08:00,485e6a3e26c5aab9c6c9a7287efd24e00c9ee159,2025-07-12T11:04:25+08:00,2,411,0.16666666666666666,,,False,False,0,2,0.0,11.8,,0.16944781389766253,60844169.0,NewFuture/DDNS,Python
tests/test_provider_he.py,14,callable,ok,tests.test_provider_he.TestHeProvider.test_set_record_abuse_response,tests.test_provider_he.TestHeProvider.test_set_record_abuse_response,f1a764d3c2e2c6aade66f85162964e6ce9248fee,2025-07-01T19:08:11+08:00,485e6a3e26c5aab9c6c9a7287efd24e00c9ee159,2025-07-12T11:04:25+08:00,2,411,0.16666666666666666,,,False,False,0,2,0.0,11.8,,0.16944781389766253,60844169.0,NewFuture/DDNS,Python
tests/test_provider_he.py,15,callable,ok,tests.test_provider_he.TestHeProvider.test_set_record_notfqdn_response,tests.test_provider_he.TestHeProvider.test_set_record_notfqdn_response,f1a764d3c2e2c6aade66f85162964e6ce9248fee,2025-07-01T19:08:11+08:00,485e6a3e26c5aab9c6c9a7287efd24e00c9ee159,2025-07-12T11:04:25+08:00,2,411,0.16666666666666666,,,False,False,0,2,0.0,11.8,,0.16944781389766253,60844169.0,NewFuture/DDNS,Python
tests/test_provider_he.py,16,callable,ok,tests.test_provider_he.TestHeProvider.test_set_record_partial_good_response,tests.test_provider_he.TestHeProvider.test_set_record_partial_good_response,f1a764d3c2e2c6aade66f85162964e6ce9248fee,2025-07-01T19:08:11+08:00,485e6a3e26c5aab9c6c9a7287efd24e00c9ee159,2025-07-12T11:04:25+08:00,2,411,0.14285714285714285,,,False,False,0,2,0.0,11.8,,0.16944781389766253,60844169.0,NewFuture/DDNS,Python
tests/test_provider_he.py,17,callable,ok,tests.test_provider_he.TestHeProvider.test_set_record_partial_nochg_response,tests.test_provider_he.TestHeProvider.test_set_record_partial_nochg_response,f1a764d3c2e2c6aade66f85162964e6ce9248fee,2025-07-01T19:08:11+08:00,485e6a3e26c5aab9c6c9a7287efd24e00c9ee159,2025-07-12T11:04:25+08:00,2,411,0.14285714285714285,,,False,False,0,2,0.0,11.8,,0.16944781389766253,60844169.0,NewFuture/DDNS,Python
tests/test_provider_he.py,18,callable,ok,tests.test_provider_he.TestHeProvider.test_set_record_logger_info_called,tests.test_provider_he.TestHeProvider.test_set_record_logger_info_called,f1a764d3c2e2c6aade66f85162964e6ce9248fee,2025-07-01T19:08:11+08:00,485e6a3e26c5aab9c6c9a7287efd24e00c9ee159,2025-07-12T11:04:25+08:00,2,411,0.14285714285714285,,,False,False,0,2,0.0,11.8,,0.16944781389766253,60844169.0,NewFuture/DDNS,Python
tests/test_provider_he.py,19,callable,ok,tests.test_provider_he.TestHeProvider.test_set_record_logger_info_on_success,tests.test_provider_he.TestHeProvider.test_set_record_logger_info_on_success,f1a764d3c2e2c6aade66f85162964e6ce9248fee,2025-07-01T19:08:11+08:00,485e6a3e26c5aab9c6c9a7287efd24e00c9ee159,2025-07-12T11:04:25+08:00,2,411,0.13333333333333333,,,False,False,0,2,0.0,11.8,,0.16944781389766253,60844169.0,NewFuture/DDNS,Python
tests/test_provider_he.py,20,callable,ok,tests.test_provider_he.TestHeProvider.test_set_record_logger_error_called,tests.test_provider_he.TestHeProvider.test_set_record_logger_error_called,f1a764d3c2e2c6aade66f85162964e6ce9248fee,2025-07-01T19:08:11+08:00,485e6a3e26c5aab9c6c9a7287efd24e00c9ee159,2025-07-12T11:04:25+08:00,2,411,0.13333333333333333,,,False,False,0,2,0.0,11.8,,0.16944781389766253,60844169.0,NewFuture/DDNS,Python
tests/test_provider_he.py,21,callable,ok,tests.test_provider_he.TestHeProviderIntegration.test_full_workflow_ipv4_success,tests.test_provider_he.TestHeProviderIntegration.test_full_workflow_ipv4_success,f1a764d3c2e2c6aade66f85162964e6ce9248fee,2025-07-01T19:08:11+08:00,485e6a3e26c5aab9c6c9a7287efd24e00c9ee159,2025-07-12T11:04:25+08:00,2,411,0.10526315789473684,,,False,False,0,2,0.0,11.8,,0.16944781389766253,60844169.0,NewFuture/DDNS,Python
tests/test_provider_he.py,22,callable,ok,tests.test_provider_he.TestHeProviderIntegration.test_full_workflow_ipv6_success,tests.test_provider_he.TestHeProviderIntegration.test_full_workflow_ipv6_success,f1a764d3c2e2c6aade66f85162964e6ce9248fee,2025-07-01T19:08:11+08:00,485e6a3e26c5aab9c6c9a7287efd24e00c9ee159,2025-07-12T11:04:25+08:00,2,411,0.125,,,False,False,0,2,0.0,11.8,,0.16944781389766253,60844169.0,NewFuture/DDNS,Python
tests/test_provider_he.py,23,callable,ok,tests.test_provider_he.TestHeProviderIntegration.test_full_workflow_error_handling,tests.test_provider_he.TestHeProviderIntegration.test_full_workflow_error_handling,f1a764d3c2e2c6aade66f85162964e6ce9248fee,2025-07-01T19:08:11+08:00,485e6a3e26c5aab9c6c9a7287efd24e00c9ee159,2025-07-12T11:04:25+08:00,2,411,0.2222222222222222,,,False,False,0,2,0.0,11.8,,0.16944781389766253,60844169.0,NewFuture/DDNS,Python
tests/test_provider_he.py,24,callable,ok,tests.test_provider_he.TestHeProvider.test_validate_fails_with_id,tests.test_provider_he.TestHeProvider.test_validate_fails_with_id,f1755218704a18870cf7fc0d5fb72d76f2ad41b3,2025-11-14T10:27:22Z,f1755218704a18870cf7fc0d5fb72d76f2ad41b3,2025-11-14T10:27:22Z,1,275,0.2,,,False,False,0,1,0.0,137.11,,0.0072933795697581365,60844169.0,NewFuture/DDNS,Python
tests/test_provider_huaweidns.py,0,class,ok,tests.test_provider_huaweidns.TestHuaweiDNSProvider,tests.test_provider_huaweidns.TestHuaweiDNSProvider,f1a764d3c2e2c6aade66f85162964e6ce9248fee,2025-07-01T19:08:11+08:00,f1755218704a18870cf7fc0d5fb72d76f2ad41b3,2025-11-14T10:27:22Z,7,411,0.020710059171597635,1.2317416072449126,,False,False,0,7,0.0,137.11,,0.05105365698830695,60844169.0,NewFuture/DDNS,Python
tests/test_provider_huaweidns.py,1,class,ok,tests.test_provider_huaweidns.TestHuaweiDNSProviderIntegration,tests.test_provider_huaweidns.TestHuaweiDNSProviderIntegration,f1a764d3c2e2c6aade66f85162964e6ce9248fee,2025-07-01T19:08:11+08:00,f1755218704a18870cf7fc0d5fb72d76f2ad41b3,2025-11-14T10:27:22Z,3,411,0.01948051948051948,0.3966175090134733,,False,False,0,3,0.0,137.11,,0.021880138709274407,60844169.0,NewFuture/DDNS,Python
tests/test_provider_huaweidns.py,4,callable,ok,tests.test_provider_huaweidns.TestHuaweiDNSProvider.test_hex_encode_sha256,tests.test_provider_huaweidns.TestHuaweiDNSProvider.test_hex_encode_sha256,f1a764d3c2e2c6aade66f85162964e6ce9248fee,2025-07-01T19:08:11+08:00,f1a764d3c2e2c6aade66f85162964e6ce9248fee,2025-07-01T19:08:11+08:00,1,0,0.09090909090909091,,,True,False,0,1,0.0,1.14,,0.8779684784928207,60844169.0,NewFuture/DDNS,Python
tests/test_provider_huaweidns.py,5,callable,ok,tests.test_provider_huaweidns.TestHuaweiDNSProvider.test_sign_headers,tests.test_provider_huaweidns.TestHuaweiDNSProvider.test_sign_headers,f1a764d3c2e2c6aade66f85162964e6ce9248fee,2025-07-01T19:08:11+08:00,f1a764d3c2e2c6aade66f85162964e6ce9248fee,2025-07-01T19:08:11+08:00,1,0,0.07692307692307693,,,True,False,0,1,0.0,1.14,,0.8779684784928207,60844169.0,NewFuture/DDNS,Python
tests/test_provider_huaweidns.py,0,callable,ok,tests.test_provider_huaweidns.TestHuaweiDNSProvider.setUp,tests.test_provider_huaweidns.TestHuaweiDNSProvider.setUp,f1a764d3c2e2c6aade66f85162964e6ce9248fee,2025-07-01T19:08:11+08:00,f1755218704a18870cf7fc0d5fb72d76f2ad41b3,2025-11-14T10:27:22Z,3,411,0.2727272727272727,0.3966175090134733,,False,False,0,3,0.0,137.11,,0.021880138709274407,60844169.0,NewFuture/DDNS,Python
tests/test_provider_huaweidns.py,1,callable,ok,tests.test_provider_huaweidns.TestHuaweiDNSProvider.tearDown,tests.test_provider_huaweidns.TestHuaweiDNSProvider.tearDown,f1a764d3c2e2c6aade66f85162964e6ce9248fee,2025-07-01T19:08:11+08:00,f1a764d3c2e2c6aade66f85162964e6ce9248fee,2025-07-01T19:08:11+08:00,1,411,0.25,,,False,False,0,1,0.0,1.14,,0.8779684784928207,60844169.0,NewFuture/DDNS,Python
tests/test_provider_huaweidns.py,2,callable,ok,tests.test_provider_huaweidns.TestHuaweiDNSProvider.test_class_constants,tests.test_provider_huaweidns.TestHuaweiDNSProvider.test_class_constants,f1a764d3c2e2c6aade66f85162964e6ce9248fee,2025-07-01T19:08:11+08:00,78b0e953daf0739020719f8b44043b9cdae5c550,2025-07-09T18:33:23+08:00,2,411,0.3333333333333333,,,False,False,0,2,0.0,9.11,,0.21942272015603395,60844169.0,NewFuture/DDNS,Python
tests/test_provider_huaweidns.py,3,callable,ok,tests.test_provider_huaweidns.TestHuaweiDNSProvider.test_init_with_basic_config,tests.test_provider_huaweidns.TestHuaweiDNSProvider.test_init_with_basic_config,f1a764d3c2e2c6aade66f85162964e6ce9248fee,2025-07-01T19:08:11+08:00,f1755218704a18870cf7fc0d5fb72d76f2ad41b3,2025-11-14T10:27:22Z,4,411,0.8,0.46050234995552886,,False,False,0,4,0.0,137.11,,0.029173518279032546,60844169.0,NewFuture/DDNS,Python
tests/test_provider_huaweidns.py,6,callable,ok,tests.test_provider_huaweidns.TestHuaweiDNSProvider.test_request_get_method,tests.test_provider_huaweidns.TestHuaweiDNSProvider.test_request_get_method,f1a764d3c2e2c6aade66f85162964e6ce9248fee,2025-07-01T19:08:11+08:00,f1a764d3c2e2c6aade66f85162964e6ce9248fee,2025-07-01T19:08:11+08:00,1,411,0.1111111111111111,,,False,False,0,1,0.0,1.14,,0.8779684784928207,60844169.0,NewFuture/DDNS,Python
tests/test_provider_huaweidns.py,7,callable,ok,tests.test_provider_huaweidns.TestHuaweiDNSProvider.test_request_post_method,tests.test_provider_huaweidns.TestHuaweiDNSProvider.test_request_post_method,f1a764d3c2e2c6aade66f85162964e6ce9248fee,2025-07-01T19:08:11+08:00,f1a764d3c2e2c6aade66f85162964e6ce9248fee,2025-07-01T19:08:11+08:00,1,411,0.09090909090909091,,,False,False,0,1,0.0,1.14,,0.8779684784928207,60844169.0,NewFuture/DDNS,Python
tests/test_provider_huaweidns.py,8,callable,ok,tests.test_provider_huaweidns.TestHuaweiDNSProvider.test_request_filters_none_params,tests.test_provider_huaweidns.TestHuaweiDNSProvider.test_request_filters_none_params,f1a764d3c2e2c6aade66f85162964e6ce9248fee,2025-07-01T19:08:11+08:00,f1a764d3c2e2c6aade66f85162964e6ce9248fee,2025-07-01T19:08:11+08:00,1,411,0.1111111111111111,,,False,False,0,1,0.0,1.14,,0.8779684784928207,60844169.0,NewFuture/DDNS,Python
tests/test_provider_huaweidns.py,9,callable,ok,tests.test_provider_huaweidns.TestHuaweiDNSProvider.test_query_zone_id_success,tests.test_provider_huaweidns.TestHuaweiDNSProvider.test_query_zone_id_success,f1a764d3c2e2c6aade66f85162964e6ce9248fee,2025-07-01T19:08:11+08:00,f1a764d3c2e2c6aade66f85162964e6ce9248fee,2025-07-01T19:08:11+08:00,1,411,0.07692307692307693,,,False,False,0,1,0.0,1.14,,0.8779684784928207,60844169.0,NewFuture/DDNS,Python
tests/test_provider_huaweidns.py,10,callable,ok,tests.test_provider_huaweidns.TestHuaweiDNSProvider.test_query_zone_id_with_trailing_dot,tests.test_provider_huaweidns.TestHuaweiDNSProvider.test_query_zone_id_with_trailing_dot,f1a764d3c2e2c6aade66f85162964e6ce9248fee,2025-07-01T19:08:11+08:00,f1a764d3c2e2c6aade66f85162964e6ce9248fee,2025-07-01T19:08:11+08:00,1,411,0.09090909090909091,,,False,False,0,1,0.0,1.14,,0.8779684784928207,60844169.0,NewFuture/DDNS,Python
tests/test_provider_huaweidns.py,11,callable,ok,tests.test_provider_huaweidns.TestHuaweiDNSProvider.test_query_zone_id_not_found,tests.test_provider_huaweidns.TestHuaweiDNSProvider.test_query_zone_id_not_found,f1a764d3c2e2c6aade66f85162964e6ce9248fee,2025-07-01T19:08:11+08:00,f1a764d3c2e2c6aade66f85162964e6ce9248fee,2025-07-01T19:08:11+08:00,1,411,0.125,,,False,False,0,1,0.0,1.14,,0.8779684784928207,60844169.0,NewFuture/DDNS,Python
tests/test_provider_huaweidns.py,12,callable,ok,tests.test_provider_huaweidns.TestHuaweiDNSProvider.test_query_record_success,tests.test_provider_huaweidns.TestHuaweiDNSProvider.test_query_record_success,f1a764d3c2e2c6aade66f85162964e6ce9248fee,2025-07-01T19:08:11+08:00,f1a764d3c2e2c6aade66f85162964e6ce9248fee,2025-07-01T19:08:11+08:00,1,411,0.04,,,False,False,0,1,0.0,1.14,,0.8779684784928207,60844169.0,NewFuture/DDNS,Python
tests/test_provider_huaweidns.py,13,callable,ok,tests.test_provider_huaweidns.TestHuaweiDNSProvider.test_query_record_with_line,tests.test_provider_huaweidns.TestHuaweiDNSProvider.test_query_record_with_line,f1a764d3c2e2c6aade66f85162964e6ce9248fee,2025-07-01T19:08:11+08:00,f1a764d3c2e2c6aade66f85162964e6ce9248fee,2025-07-01T19:08:11+08:00,1,411,0.0625,,,False,False,0,1,0.0,1.14,,0.8779684784928207,60844169.0,NewFuture/DDNS,Python
tests/test_provider_huaweidns.py,14,callable,ok,tests.test_provider_huaweidns.TestHuaweiDNSProvider.test_query_record_not_found,tests.test_provider_huaweidns.TestHuaweiDNSProvider.test_query_record_not_found,f1a764d3c2e2c6aade66f85162964e6ce9248fee,2025-07-01T19:08:11+08:00,f1a764d3c2e2c6aade66f85162964e6ce9248fee,2025-07-01T19:08:11+08:00,1,411,0.1,,,False,False,0,1,0.0,1.14,,0.8779684784928207,60844169.0,NewFuture/DDNS,Python
tests/test_provider_huaweidns.py,15,callable,ok,tests.test_provider_huaweidns.TestHuaweiDNSProvider.test_create_record_success,tests.test_provider_huaweidns.TestHuaweiDNSProvider.test_create_record_success,f1a764d3c2e2c6aade66f85162964e6ce9248fee,2025-07-01T19:08:11+08:00,f1a764d3c2e2c6aade66f85162964e6ce9248fee,2025-07-01T19:08:11+08:00,1,411,0.05555555555555555,,,False,False,0,1,0.0,1.14,,0.8779684784928207,60844169.0,NewFuture/DDNS,Python
tests/test_provider_huaweidns.py,16,callable,ok,tests.test_provider_huaweidns.TestHuaweiDNSProvider.test_create_record_with_extra_params,tests.test_provider_huaweidns.TestHuaweiDNSProvider.test_create_record_with_extra_params,f1a764d3c2e2c6aade66f85162964e6ce9248fee,2025-07-01T19:08:11+08:00,f1a764d3c2e2c6aade66f85162964e6ce9248fee,2025-07-01T19:08:11+08:00,1,411,0.05,,,False,False,0,1,0.0,1.14,,0.8779684784928207,60844169.0,NewFuture/DDNS,Python
tests/test_provider_huaweidns.py,17,callable,ok,tests.test_provider_huaweidns.TestHuaweiDNSProvider.test_create_record_failure,tests.test_provider_huaweidns.TestHuaweiDNSProvider.test_create_record_failure,f1a764d3c2e2c6aade66f85162964e6ce9248fee,2025-07-01T19:08:11+08:00,f1755218704a18870cf7fc0d5fb72d76f2ad41b3,2025-11-14T10:27:22Z,3,411,0.3,0.3966175090134733,,False,False,0,3,0.0,137.11,,0.021880138709274407,60844169.0,NewFuture/DDNS,Python
tests/test_provider_huaweidns.py,18,callable,ok,tests.test_provider_huaweidns.TestHuaweiDNSProvider.test_update_record_success,tests.test_provider_huaweidns.TestHuaweiDNSProvider.test_update_record_success,f1a764d3c2e2c6aade66f85162964e6ce9248fee,2025-07-01T19:08:11+08:00,f1755218704a18870cf7fc0d5fb72d76f2ad41b3,2025-11-14T10:27:22Z,3,411,0.14285714285714285,0.3966175090134733,,False,False,0,3,0.0,137.11,,0.021880138709274407,60844169.0,NewFuture/DDNS,Python
tests/test_provider_huaweidns.py,19,callable,ok,tests.test_provider_huaweidns.TestHuaweiDNSProvider.test_update_record_with_fallback_ttl,tests.test_provider_huaweidns.TestHuaweiDNSProvider.test_update_record_with_fallback_ttl,f1a764d3c2e2c6aade66f85162964e6ce9248fee,2025-07-01T19:08:11+08:00,f1755218704a18870cf7fc0d5fb72d76f2ad41b3,2025-11-14T10:27:22Z,3,411,0.14285714285714285,0.3966175090134733,,False,False,0,3,0.0,137.11,,0.021880138709274407,60844169.0,NewFuture/DDNS,Python
tests/test_provider_huaweidns.py,20,callable,ok,tests.test_provider_huaweidns.TestHuaweiDNSProvider.test_update_record_with_extra_params,tests.test_provider_huaweidns.TestHuaweiDNSProvider.test_update_record_with_extra_params,f1a764d3c2e2c6aade66f85162964e6ce9248fee,2025-07-01T19:08:11+08:00,f1755218704a18870cf7fc0d5fb72d76f2ad41b3,2025-11-14T10:27:22Z,3,411,0.13043478260869565,0.3966175090134733,,False,False,0,3,0.0,137.11,,0.021880138709274407,60844169.0,NewFuture/DDNS,Python
tests/test_provider_huaweidns.py,21,callable,ok,tests.test_provider_huaweidns.TestHuaweiDNSProvider.test_update_record_failure,tests.test_provider_huaweidns.TestHuaweiDNSProvider.test_update_record_failure,f1a764d3c2e2c6aade66f85162964e6ce9248fee,2025-07-01T19:08:11+08:00,f1755218704a18870cf7fc0d5fb72d76f2ad41b3,2025-11-14T10:27:22Z,3,411,0.25,0.3966175090134733,,False,False,0,3,0.0,137.11,,0.021880138709274407,60844169.0,NewFuture/DDNS,Python
tests/test_provider_huaweidns.py,22,callable,ok,tests.test_provider_huaweidns.TestHuaweiDNSProviderIntegration.setUp,tests.test_provider_huaweidns.TestHuaweiDNSProviderIntegration.setUp,f1a764d3c2e2c6aade66f85162964e6ce9248fee,2025-07-01T19:08:11+08:00,f1755218704a18870cf7fc0d5fb72d76f2ad41b3,2025-11-14T10:27:22Z,3,411,0.6,0.3966175090134733,,False,False,0,3,0.0,137.11,,0.021880138709274407,60844169.0,NewFuture/DDNS,Python
tests/test_provider_huaweidns.py,23,callable,ok,tests.test_provider_huaweidns.TestHuaweiDNSProviderIntegration.test_full_workflow_create_new_record,tests.test_provider_huaweidns.TestHuaweiDNSProviderIntegration.test_full_workflow_create_new_record,f1a764d3c2e2c6aade66f85162964e6ce9248fee,2025-07-01T19:08:11+08:00,f1755218704a18870cf7fc0d5fb72d76f2ad41b3,2025-11-14T10:27:22Z,3,411,0.07894736842105263,0.3966175090134733,,False,False,0,3,0.0,137.11,,0.021880138709274407,60844169.0,NewFuture/DDNS,Python
tests/test_provider_huaweidns.py,24,callable,ok,tests.test_provider_huaweidns.TestHuaweiDNSProviderIntegration.test_full_workflow_update_existing_record,tests.test_provider_huaweidns.TestHuaweiDNSProviderIntegration.test_full_workflow_update_existing_record,f1a764d3c2e2c6aade66f85162964e6ce9248fee,2025-07-01T19:08:11+08:00,f1755218704a18870cf7fc0d5fb72d76f2ad41b3,2025-11-14T10:27:22Z,3,411,0.10344827586206896,0.3966175090134733,,False,False,0,3,0.0,137.11,,0.021880138709274407,60844169.0,NewFuture/DDNS,Python
tests/test_provider_huaweidns.py,25,callable,ok,tests.test_provider_huaweidns.TestHuaweiDNSProviderIntegration.test_full_workflow_zone_not_found,tests.test_provider_huaweidns.TestHuaweiDNSProviderIntegration.test_full_workflow_zone_not_found,f1a764d3c2e2c6aade66f85162964e6ce9248fee,2025-07-01T19:08:11+08:00,f1755218704a18870cf7fc0d5fb72d76f2ad41b3,2025-11-14T10:27:22Z,3,411,0.3,0.3966175090134733,,False,False,0,3,0.0,137.11,,0.021880138709274407,60844169.0,NewFuture/DDNS,Python
tests/test_provider_huaweidns.py,26,callable,ok,tests.test_provider_huaweidns.TestHuaweiDNSProviderIntegration.test_full_workflow_create_failure,tests.test_provider_huaweidns.TestHuaweiDNSProviderIntegration.test_full_workflow_create_failure,f1a764d3c2e2c6aade66f85162964e6ce9248fee,2025-07-01T19:08:11+08:00,f1755218704a18870cf7fc0d5fb72d76f2ad41b3,2025-11-14T10:27:22Z,3,411,0.2,0.3966175090134733,,False,False,0,3,0.0,137.11,,0.021880138709274407,60844169.0,NewFuture/DDNS,Python
tests/test_provider_huaweidns.py,27,callable,ok,tests.test_provider_huaweidns.TestHuaweiDNSProviderIntegration.test_full_workflow_update_failure,tests.test_provider_huaweidns.TestHuaweiDNSProviderIntegration.test_full_workflow_update_failure,f1a764d3c2e2c6aade66f85162964e6ce9248fee,2025-07-01T19:08:11+08:00,f1755218704a18870cf7fc0d5fb72d76f2ad41b3,2025-11-14T10:27:22Z,3,411,0.15789473684210525,0.3966175090134733,,False,False,0,3,0.0,137.11,,0.021880138709274407,60844169.0,NewFuture/DDNS,Python
tests/test_provider_huaweidns.py,28,callable,ok,tests.test_provider_huaweidns.TestHuaweiDNSProviderIntegration.test_full_workflow_with_extra_options,tests.test_provider_huaweidns.TestHuaweiDNSProviderIntegration.test_full_workflow_with_extra_options,f1a764d3c2e2c6aade66f85162964e6ce9248fee,2025-07-01T19:08:11+08:00,f1755218704a18870cf7fc0d5fb72d76f2ad41b3,2025-11-14T10:27:22Z,3,411,0.10344827586206896,0.3966175090134733,,False,False,0,3,0.0,137.11,,0.021880138709274407,60844169.0,NewFuture/DDNS,Python
tests/test_provider_huaweidns.py,29,callable,ok,tests.test_provider_huaweidns.TestHuaweiDNSProvider.test_line_configuration_support,tests.test_provider_huaweidns.TestHuaweiDNSProvider.test_line_configuration_support,1e351642d58fc8bed29060a48666984e9316f4b7,2025-07-02T14:56:56Z,f1755218704a18870cf7fc0d5fb72d76f2ad41b3,2025-11-14T10:27:22Z,3,410,0.23076923076923078,0.36781147031156364,,False,False,0,3,0.0,137.11,,0.021880138709274407,60844169.0,NewFuture/DDNS,Python
tests/test_provider_huaweidns.py,30,callable,ok,tests.test_provider_huaweidns.TestHuaweiDNSProvider.test_update_record_with_line,tests.test_provider_huaweidns.TestHuaweiDNSProvider.test_update_record_with_line,1e351642d58fc8bed29060a48666984e9316f4b7,2025-07-02T14:56:56Z,f1755218704a18870cf7fc0d5fb72d76f2ad41b3,2025-11-14T10:27:22Z,3,410,0.21428571428571427,0.36781147031156364,,False,False,0,3,0.0,137.11,,0.021880138709274407,60844169.0,NewFuture/DDNS,Python
tests/test_provider_huaweidns.py,31,callable,ok,tests.test_provider_huaweidns.TestHuaweiDNSProvider.test_update_record_extra_priority_over_old_record,tests.test_provider_huaweidns.TestHuaweiDNSProvider.test_update_record_extra_priority_over_old_record,d910a06fb723140f0f0ff4a322638141bccf1545,2025-10-15T16:08:45Z,f1755218704a18870cf7fc0d5fb72d76f2ad41b3,2025-11-14T10:27:22Z,2,305,0.08695652173913043,,,False,False,0,2,0.0,137.11,,0.014586759139516273,60844169.0,NewFuture/DDNS,Python
tests/test_provider_namesilo.py,0,class,ok,tests.test_provider_namesilo.TestNamesiloProvider,tests.test_provider_namesilo.TestNamesiloProvider,22c9cf8d543c2cfcc8da429d7e0a37d99418aabd,2025-07-13T14:10:55+08:00,f1755218704a18870cf7fc0d5fb72d76f2ad41b3,2025-11-14T10:27:22Z,3,400,0.009375,0.7945067003024189,,False,False,0,3,0.0,137.11,,0.021880138709274407,60844169.0,NewFuture/DDNS,Python
tests/test_provider_namesilo.py,0,callable,ok,tests.test_provider_namesilo.TestNamesiloProvider.setUp,tests.test_provider_namesilo.TestNamesiloProvider.setUp,22c9cf8d543c2cfcc8da429d7e0a37d99418aabd,2025-07-13T14:10:55+08:00,f1755218704a18870cf7fc0d5fb72d76f2ad41b3,2025-11-14T10:27:22Z,2,400,0.5,,,False,False,0,2,0.0,137.11,,0.014586759139516273,60844169.0,NewFuture/DDNS,Python
tests/test_provider_namesilo.py,1,callable,ok,tests.test_provider_namesilo.TestNamesiloProvider.test_init_with_basic_config,tests.test_provider_namesilo.TestNamesiloProvider.test_init_with_basic_config,22c9cf8d543c2cfcc8da429d7e0a37d99418aabd,2025-07-13T14:10:55+08:00,22c9cf8d543c2cfcc8da429d7e0a37d99418aabd,2025-07-13T14:10:55+08:00,1,400,0.2,,,False,False,0,1,0.0,12.93,,0.07732422387152724,60844169.0,NewFuture/DDNS,Python
tests/test_provider_namesilo.py,2,callable,ok,tests.test_provider_namesilo.TestNamesiloProvider.test_init_with_custom_endpoint,tests.test_provider_namesilo.TestNamesiloProvider.test_init_with_custom_endpoint,22c9cf8d543c2cfcc8da429d7e0a37d99418aabd,2025-07-13T14:10:55+08:00,f1755218704a18870cf7fc0d5fb72d76f2ad41b3,2025-11-14T10:27:22Z,2,400,0.4,,,False,False,0,2,0.0,137.11,,0.014586759139516273,60844169.0,NewFuture/DDNS,Python
tests/test_provider_namesilo.py,3,callable,ok,tests.test_provider_namesilo.TestNamesiloProvider.test_validate_success,tests.test_provider_namesilo.TestNamesiloProvider.test_validate_success,22c9cf8d543c2cfcc8da429d7e0a37d99418aabd,2025-07-13T14:10:55+08:00,22c9cf8d543c2cfcc8da429d7e0a37d99418aabd,2025-07-13T14:10:55+08:00,1,400,0.14285714285714285,,,False,False,0,1,0.0,12.93,,0.07732422387152724,60844169.0,NewFuture/DDNS,Python
tests/test_provider_namesilo.py,4,callable,ok,tests.test_provider_namesilo.TestNamesiloProvider.test_validate_missing_token,tests.test_provider_namesilo.TestNamesiloProvider.test_validate_missing_token,22c9cf8d543c2cfcc8da429d7e0a37d99418aabd,2025-07-13T14:10:55+08:00,f1755218704a18870cf7fc0d5fb72d76f2ad41b3,2025-11-14T10:27:22Z,2,400,0.4,,,False,False,0,2,0.0,137.11,,0.014586759139516273,60844169.0,NewFuture/DDNS,Python
tests/test_provider_namesilo.py,5,callable,ok,tests.test_provider_namesilo.TestNamesiloProvider.test_validate_missing_id_allowed,tests.test_provider_namesilo.TestNamesiloProvider.test_validate_missing_id_allowed,22c9cf8d543c2cfcc8da429d7e0a37d99418aabd,2025-07-13T14:10:55+08:00,22c9cf8d543c2cfcc8da429d7e0a37d99418aabd,2025-07-13T14:10:55+08:00,1,400,0.125,,,False,False,0,1,0.0,12.93,,0.07732422387152724,60844169.0,NewFuture/DDNS,Python
tests/test_provider_namesilo.py,6,callable,ok,tests.test_provider_namesilo.TestNamesiloProvider.test_request_success,tests.test_provider_namesilo.TestNamesiloProvider.test_request_success,22c9cf8d543c2cfcc8da429d7e0a37d99418aabd,2025-07-13T14:10:55+08:00,22c9cf8d543c2cfcc8da429d7e0a37d99418aabd,2025-07-13T14:10:55+08:00,1,400,0.05555555555555555,,,False,False,0,1,0.0,12.93,,0.07732422387152724,60844169.0,NewFuture/DDNS,Python
tests/test_provider_namesilo.py,7,callable,ok,tests.test_provider_namesilo.TestNamesiloProvider.test_request_api_error,tests.test_provider_namesilo.TestNamesiloProvider.test_request_api_error,22c9cf8d543c2cfcc8da429d7e0a37d99418aabd,2025-07-13T14:10:55+08:00,22c9cf8d543c2cfcc8da429d7e0a37d99418aabd,2025-07-13T14:10:55+08:00,1,400,0.05555555555555555,,,False,False,0,1,0.0,12.93,,0.07732422387152724,60844169.0,NewFuture/DDNS,Python
tests/test_provider_namesilo.py,8,callable,ok,tests.test_provider_namesilo.TestNamesiloProvider.test_query_zone_id_success,tests.test_provider_namesilo.TestNamesiloProvider.test_query_zone_id_success,22c9cf8d543c2cfcc8da429d7e0a37d99418aabd,2025-07-13T14:10:55+08:00,22c9cf8d543c2cfcc8da429d7e0a37d99418aabd,2025-07-13T14:10:55+08:00,1,400,0.125,,,False,False,0,1,0.0,12.93,,0.07732422387152724,60844169.0,NewFuture/DDNS,Python
tests/test_provider_namesilo.py,9,callable,ok,tests.test_provider_namesilo.TestNamesiloProvider.test_query_zone_id_not_found,tests.test_provider_namesilo.TestNamesiloProvider.test_query_zone_id_not_found,22c9cf8d543c2cfcc8da429d7e0a37d99418aabd,2025-07-13T14:10:55+08:00,22c9cf8d543c2cfcc8da429d7e0a37d99418aabd,2025-07-13T14:10:55+08:00,1,400,0.14285714285714285,,,False,False,0,1,0.0,12.93,,0.07732422387152724,60844169.0,NewFuture/DDNS,Python
tests/test_provider_namesilo.py,10,callable,ok,tests.test_provider_namesilo.TestNamesiloProvider.test_query_record_success_multiple_records,tests.test_provider_namesilo.TestNamesiloProvider.test_query_record_success_multiple_records,22c9cf8d543c2cfcc8da429d7e0a37d99418aabd,2025-07-13T14:10:55+08:00,22c9cf8d543c2cfcc8da429d7e0a37d99418aabd,2025-07-13T14:10:55+08:00,1,400,0.06666666666666667,,,False,False,0,1,0.0,12.93,,0.07732422387152724,60844169.0,NewFuture/DDNS,Python
tests/test_provider_namesilo.py,11,callable,ok,tests.test_provider_namesilo.TestNamesiloProvider.test_query_record_not_found,tests.test_provider_namesilo.TestNamesiloProvider.test_query_record_not_found,22c9cf8d543c2cfcc8da429d7e0a37d99418aabd,2025-07-13T14:10:55+08:00,22c9cf8d543c2cfcc8da429d7e0a37d99418aabd,2025-07-13T14:10:55+08:00,1,400,0.08333333333333333,,,False,False,0,1,0.0,12.93,,0.07732422387152724,60844169.0,NewFuture/DDNS,Python
tests/test_provider_namesilo.py,12,callable,ok,tests.test_provider_namesilo.TestNamesiloProvider.test_create_record_success,tests.test_provider_namesilo.TestNamesiloProvider.test_create_record_success,22c9cf8d543c2cfcc8da429d7e0a37d99418aabd,2025-07-13T14:10:55+08:00,22c9cf8d543c2cfcc8da429d7e0a37d99418aabd,2025-07-13T14:10:55+08:00,1,400,0.06666666666666667,,,False,False,0,1,0.0,12.93,,0.07732422387152724,60844169.0,NewFuture/DDNS,Python
tests/test_provider_namesilo.py,13,callable,ok,tests.test_provider_namesilo.TestNamesiloProvider.test_create_record_without_ttl,tests.test_provider_namesilo.TestNamesiloProvider.test_create_record_without_ttl,22c9cf8d543c2cfcc8da429d7e0a37d99418aabd,2025-07-13T14:10:55+08:00,22c9cf8d543c2cfcc8da429d7e0a37d99418aabd,2025-07-13T14:10:55+08:00,1,400,0.06666666666666667,,,False,False,0,1,0.0,12.93,,0.07732422387152724,60844169.0,NewFuture/DDNS,Python
tests/test_provider_namesilo.py,14,callable,ok,tests.test_provider_namesilo.TestNamesiloProvider.test_create_record_failure,tests.test_provider_namesilo.TestNamesiloProvider.test_create_record_failure,22c9cf8d543c2cfcc8da429d7e0a37d99418aabd,2025-07-13T14:10:55+08:00,22c9cf8d543c2cfcc8da429d7e0a37d99418aabd,2025-07-13T14:10:55+08:00,1,400,0.14285714285714285,,,False,False,0,1,0.0,12.93,,0.07732422387152724,60844169.0,NewFuture/DDNS,Python
tests/test_provider_namesilo.py,15,callable,ok,tests.test_provider_namesilo.TestNamesiloProvider.test_update_record_success,tests.test_provider_namesilo.TestNamesiloProvider.test_update_record_success,22c9cf8d543c2cfcc8da429d7e0a37d99418aabd,2025-07-13T14:10:55+08:00,22c9cf8d543c2cfcc8da429d7e0a37d99418aabd,2025-07-13T14:10:55+08:00,1,400,0.05555555555555555,,,False,False,0,1,0.0,12.93,,0.07732422387152724,60844169.0,NewFuture/DDNS,Python
tests/test_provider_namesilo.py,16,callable,ok,tests.test_provider_namesilo.TestNamesiloProvider.test_update_record_keep_existing_ttl,tests.test_provider_namesilo.TestNamesiloProvider.test_update_record_keep_existing_ttl,22c9cf8d543c2cfcc8da429d7e0a37d99418aabd,2025-07-13T14:10:55+08:00,22c9cf8d543c2cfcc8da429d7e0a37d99418aabd,2025-07-13T14:10:55+08:00,1,400,0.05555555555555555,,,False,False,0,1,0.0,12.93,,0.07732422387152724,60844169.0,NewFuture/DDNS,Python
tests/test_provider_namesilo.py,17,callable,ok,tests.test_provider_namesilo.TestNamesiloProvider.test_update_record_missing_record_id,tests.test_provider_namesilo.TestNamesiloProvider.test_update_record_missing_record_id,22c9cf8d543c2cfcc8da429d7e0a37d99418aabd,2025-07-13T14:10:55+08:00,22c9cf8d543c2cfcc8da429d7e0a37d99418aabd,2025-07-13T14:10:55+08:00,1,400,0.1111111111111111,,,False,False,0,1,0.0,12.93,,0.07732422387152724,60844169.0,NewFuture/DDNS,Python
tests/test_provider_namesilo.py,18,callable,ok,tests.test_provider_namesilo.TestNamesiloProvider.test_update_record_failure,tests.test_provider_namesilo.TestNamesiloProvider.test_update_record_failure,22c9cf8d543c2cfcc8da429d7e0a37d99418aabd,2025-07-13T14:10:55+08:00,22c9cf8d543c2cfcc8da429d7e0a37d99418aabd,2025-07-13T14:10:55+08:00,1,400,0.1111111111111111,,,False,False,0,1,0.0,12.93,,0.07732422387152724,60844169.0,NewFuture/DDNS,Python
tests/test_provider_namesilo.py,19,callable,ok,tests.test_provider_namesilo.TestNamesiloProvider.test_integration_set_record_update_flow,tests.test_provider_namesilo.TestNamesiloProvider.test_integration_set_record_update_flow,22c9cf8d543c2cfcc8da429d7e0a37d99418aabd,2025-07-13T14:10:55+08:00,22c9cf8d543c2cfcc8da429d7e0a37d99418aabd,2025-07-13T14:10:55+08:00,1,400,0.02564102564102564,,,False,False,0,1,0.0,12.93,,0.07732422387152724,60844169.0,NewFuture/DDNS,Python
tests/test_provider_namesilo.py,20,callable,ok,tests.test_provider_namesilo.TestNamesiloProvider.test_integration_set_record_create_flow,tests.test_provider_namesilo.TestNamesiloProvider.test_integration_set_record_create_flow,22c9cf8d543c2cfcc8da429d7e0a37d99418aabd,2025-07-13T14:10:55+08:00,22c9cf8d543c2cfcc8da429d7e0a37d99418aabd,2025-07-13T14:10:55+08:00,1,400,0.043478260869565216,,,False,False,0,1,0.0,12.93,,0.07732422387152724,60844169.0,NewFuture/DDNS,Python
tests/test_provider_namesilo.py,21,callable,ok,tests.test_provider_namesilo.TestNamesiloProvider.test_update_record_extra_priority_over_old_record,tests.test_provider_namesilo.TestNamesiloProvider.test_update_record_extra_priority_over_old_record,d910a06fb723140f0f0ff4a322638141bccf1545,2025-10-15T16:08:45Z,d910a06fb723140f0f0ff4a322638141bccf1545,2025-10-15T16:08:45Z,1,305,0.047619047619047616,,,False,False,0,1,0.0,107.35,,0.009315521567319253,60844169.0,NewFuture/DDNS,Python
tests/test_provider_noip.py,0,class,ok,tests.test_provider_noip.TestNoipProvider,tests.test_provider_noip.TestNoipProvider,492e4fbf91f8f027476c4d8369f980449185dbde,2025-07-04T18:00:43Z,f1755218704a18870cf7fc0d5fb72d76f2ad41b3,2025-11-14T10:27:22Z,5,408,0.015527950310559006,0.5762746026378793,,False,False,0,5,0.0,137.11,,0.03646689784879068,60844169.0,NewFuture/DDNS,Python
tests/test_provider_noip.py,1,class,ok,tests.test_provider_noip.TestNoipProviderIntegration,tests.test_provider_noip.TestNoipProviderIntegration,492e4fbf91f8f027476c4d8369f980449185dbde,2025-07-04T18:00:43Z,876889ed841e532a0db587c9211289ef777f2c05,2025-07-16T17:10:15Z,3,408,0.06,0.9604091864801452,,False,False,0,3,0.0,16.39,,0.1830336557371377,60844169.0,NewFuture/DDNS,Python
tests/test_provider_noip.py,4,callable,ok,tests.test_provider_noip.TestNoipProvider.test_validate_fails_without_auth_id,tests.test_provider_noip.TestNoipProvider.test_validate_fails_without_id,492e4fbf91f8f027476c4d8369f980449185dbde,2025-07-04T18:00:43Z,485e6a3e26c5aab9c6c9a7287efd24e00c9ee159,2025-07-12T11:04:25+08:00,2,7,0.4,,,True,True,0,2,0.0,11.8,,0.16944781389766253,60844169.0,NewFuture/DDNS,Python
tests/test_provider_noip.py,5,callable,ok,tests.test_provider_noip.TestNoipProvider.test_validate_fails_without_auth_token,tests.test_provider_noip.TestNoipProvider.test_validate_fails_without_token,492e4fbf91f8f027476c4d8369f980449185dbde,2025-07-04T18:00:43Z,485e6a3e26c5aab9c6c9a7287efd24e00c9ee159,2025-07-12T11:04:25+08:00,2,7,0.4,,,True,True,0,2,0.0,11.8,,0.16944781389766253,60844169.0,NewFuture/DDNS,Python
tests/test_provider_noip.py,20,callable,ok,tests.test_provider_noip.TestNoipProvider.test_authentication_header_creation,tests.test_provider_noip.TestNoipProvider.test_authentication_header_creation,492e4fbf91f8f027476c4d8369f980449185dbde,2025-07-04T18:00:43Z,78b0e953daf0739020719f8b44043b9cdae5c550,2025-07-09T18:33:23+08:00,2,4,0.11764705882352941,,,True,False,0,2,0.0,9.11,,0.21942272015603395,60844169.0,NewFuture/DDNS,Python
tests/test_provider_noip.py,0,callable,ok,tests.test_provider_noip.TestNoipProvider.setUp,tests.test_provider_noip.TestNoipProvider.setUp,492e4fbf91f8f027476c4d8369f980449185dbde,2025-07-04T18:00:43Z,f1755218704a18870cf7fc0d5fb72d76f2ad41b3,2025-11-14T10:27:22Z,3,408,0.5,0.30973349878701684,,False,False,0,3,0.0,137.11,,0.021880138709274407,60844169.0,NewFuture/DDNS,Python
tests/test_provider_noip.py,1,callable,ok,tests.test_provider_noip.TestNoipProvider.test_init_with_basic_config,tests.test_provider_noip.TestNoipProvider.test_init_with_basic_config,492e4fbf91f8f027476c4d8369f980449185dbde,2025-07-04T18:00:43Z,f1755218704a18870cf7fc0d5fb72d76f2ad41b3,2025-11-14T10:27:22Z,5,408,0.625,0.5762746026378793,,False,False,0,5,0.0,137.11,,0.03646689784879068,60844169.0,NewFuture/DDNS,Python
tests/test_provider_noip.py,2,callable,ok,tests.test_provider_noip.TestNoipProvider.test_class_constants,tests.test_provider_noip.TestNoipProvider.test_class_constants,492e4fbf91f8f027476c4d8369f980449185dbde,2025-07-04T18:00:43Z,f1755218704a18870cf7fc0d5fb72d76f2ad41b3,2025-11-14T10:27:22Z,5,408,0.45454545454545453,0.5762746026378793,,False,False,0,5,0.0,137.11,,0.03646689784879068,60844169.0,NewFuture/DDNS,Python
tests/test_provider_noip.py,3,callable,ok,tests.test_provider_noip.TestNoipProvider.test_validate_success_with_credentials,tests.test_provider_noip.TestNoipProvider.test_validate_success_with_credentials,492e4fbf91f8f027476c4d8369f980449185dbde,2025-07-04T18:00:43Z,f1755218704a18870cf7fc0d5fb72d76f2ad41b3,2025-11-14T10:27:22Z,3,408,0.6,0.30973349878701684,,False,False,0,3,0.0,137.11,,0.021880138709274407,60844169.0,NewFuture/DDNS,Python
tests/test_provider_noip.py,6,callable,ok,tests.test_provider_noip.TestNoipProvider.test_validate_fails_with_both_missing,tests.test_provider_noip.TestNoipProvider.test_validate_fails_with_both_missing,492e4fbf91f8f027476c4d8369f980449185dbde,2025-07-04T18:00:43Z,492e4fbf91f8f027476c4d8369f980449185dbde,2025-07-04T18:00:43Z,1,408,0.2,,,False,False,0,1,0.0,4.43,,0.22596446813351778,60844169.0,NewFuture/DDNS,Python
tests/test_provider_noip.py,7,callable,ok,tests.test_provider_noip.TestNoipProvider.test_set_record_success_good_response,tests.test_provider_noip.TestNoipProvider.test_set_record_success_good_response,492e4fbf91f8f027476c4d8369f980449185dbde,2025-07-04T18:00:43Z,f1755218704a18870cf7fc0d5fb72d76f2ad41b3,2025-11-14T10:27:22Z,4,408,0.19047619047619047,0.5236607799249355,,False,False,0,4,0.0,137.11,,0.029173518279032546,60844169.0,NewFuture/DDNS,Python
tests/test_provider_noip.py,8,callable,ok,tests.test_provider_noip.TestNoipProvider.test_set_record_success_nochg_response,tests.test_provider_noip.TestNoipProvider.test_set_record_success_nochg_response,492e4fbf91f8f027476c4d8369f980449185dbde,2025-07-04T18:00:43Z,f1755218704a18870cf7fc0d5fb72d76f2ad41b3,2025-11-14T10:27:22Z,3,408,0.14285714285714285,0.30973349878701684,,False,False,0,3,0.0,137.11,,0.021880138709274407,60844169.0,NewFuture/DDNS,Python
tests/test_provider_noip.py,9,callable,ok,tests.test_provider_noip.TestNoipProvider.test_set_record_ipv6_address,tests.test_provider_noip.TestNoipProvider.test_set_record_ipv6_address,492e4fbf91f8f027476c4d8369f980449185dbde,2025-07-04T18:00:43Z,f1755218704a18870cf7fc0d5fb72d76f2ad41b3,2025-11-14T10:27:22Z,3,408,0.1875,0.30973349878701684,,False,False,0,3,0.0,137.11,,0.021880138709274407,60844169.0,NewFuture/DDNS,Python
tests/test_provider_noip.py,10,callable,ok,tests.test_provider_noip.TestNoipProvider.test_set_record_with_all_parameters,tests.test_provider_noip.TestNoipProvider.test_set_record_with_all_parameters,492e4fbf91f8f027476c4d8369f980449185dbde,2025-07-04T18:00:43Z,f1755218704a18870cf7fc0d5fb72d76f2ad41b3,2025-11-14T10:27:22Z,3,408,0.16666666666666666,0.30973349878701684,,False,False,0,3,0.0,137.11,,0.021880138709274407,60844169.0,NewFuture/DDNS,Python
tests/test_provider_noip.py,11,callable,ok,tests.test_provider_noip.TestNoipProvider.test_set_record_nohost_error,tests.test_provider_noip.TestNoipProvider.test_set_record_nohost_error,492e4fbf91f8f027476c4d8369f980449185dbde,2025-07-04T18:00:43Z,f1755218704a18870cf7fc0d5fb72d76f2ad41b3,2025-11-14T10:27:22Z,3,408,0.21428571428571427,0.30973349878701684,,False,False,0,3,0.0,137.11,,0.021880138709274407,60844169.0,NewFuture/DDNS,Python
tests/test_provider_noip.py,12,callable,ok,tests.test_provider_noip.TestNoipProvider.test_set_record_badauth_error,tests.test_provider_noip.TestNoipProvider.test_set_record_badauth_error,492e4fbf91f8f027476c4d8369f980449185dbde,2025-07-04T18:00:43Z,f1755218704a18870cf7fc0d5fb72d76f2ad41b3,2025-11-14T10:27:22Z,3,408,0.21428571428571427,0.30973349878701684,,False,False,0,3,0.0,137.11,,0.021880138709274407,60844169.0,NewFuture/DDNS,Python
tests/test_provider_noip.py,13,callable,ok,tests.test_provider_noip.TestNoipProvider.test_set_record_badagent_error,tests.test_provider_noip.TestNoipProvider.test_set_record_badagent_error,492e4fbf91f8f027476c4d8369f980449185dbde,2025-07-04T18:00:43Z,f1755218704a18870cf7fc0d5fb72d76f2ad41b3,2025-11-14T10:27:22Z,3,408,0.21428571428571427,0.30973349878701684,,False,False,0,3,0.0,137.11,,0.021880138709274407,60844169.0,NewFuture/DDNS,Python
tests/test_provider_noip.py,14,callable,ok,tests.test_provider_noip.TestNoipProvider.test_set_record_donator_error,tests.test_provider_noip.TestNoipProvider.test_set_record_donator_error,492e4fbf91f8f027476c4d8369f980449185dbde,2025-07-04T18:00:43Z,f1755218704a18870cf7fc0d5fb72d76f2ad41b3,2025-11-14T10:27:22Z,3,408,0.21428571428571427,0.30973349878701684,,False,False,0,3,0.0,137.11,,0.021880138709274407,60844169.0,NewFuture/DDNS,Python
tests/test_provider_noip.py,15,callable,ok,tests.test_provider_noip.TestNoipProvider.test_set_record_abuse_error,tests.test_provider_noip.TestNoipProvider.test_set_record_abuse_error,492e4fbf91f8f027476c4d8369f980449185dbde,2025-07-04T18:00:43Z,f1755218704a18870cf7fc0d5fb72d76f2ad41b3,2025-11-14T10:27:22Z,3,408,0.21428571428571427,0.30973349878701684,,False,False,0,3,0.0,137.11,,0.021880138709274407,60844169.0,NewFuture/DDNS,Python
tests/test_provider_noip.py,16,callable,ok,tests.test_provider_noip.TestNoipProvider.test_set_record_unexpected_response,tests.test_provider_noip.TestNoipProvider.test_set_record_unexpected_response,492e4fbf91f8f027476c4d8369f980449185dbde,2025-07-04T18:00:43Z,f1755218704a18870cf7fc0d5fb72d76f2ad41b3,2025-11-14T10:27:22Z,3,408,0.21428571428571427,0.30973349878701684,,False,False,0,3,0.0,137.11,,0.021880138709274407,60844169.0,NewFuture/DDNS,Python
tests/test_provider_noip.py,17,callable,ok,tests.test_provider_noip.TestNoipProvider.test_set_record_empty_response_error,tests.test_provider_noip.TestNoipProvider.test_set_record_empty_response_error,492e4fbf91f8f027476c4d8369f980449185dbde,2025-07-04T18:00:43Z,f1755218704a18870cf7fc0d5fb72d76f2ad41b3,2025-11-14T10:27:22Z,3,408,0.2,0.30973349878701684,,False,False,0,3,0.0,137.11,,0.021880138709274407,60844169.0,NewFuture/DDNS,Python
tests/test_provider_noip.py,18,callable,ok,tests.test_provider_noip.TestNoipProvider.test_set_record_none_response_error,tests.test_provider_noip.TestNoipProvider.test_set_record_none_response_error,492e4fbf91f8f027476c4d8369f980449185dbde,2025-07-04T18:00:43Z,f1755218704a18870cf7fc0d5fb72d76f2ad41b3,2025-11-14T10:27:22Z,3,408,0.21428571428571427,0.30973349878701684,,False,False,0,3,0.0,137.11,,0.021880138709274407,60844169.0,NewFuture/DDNS,Python
tests/test_provider_noip.py,19,callable,ok,tests.test_provider_noip.TestNoipProvider.test_set_record_http_exception,tests.test_provider_noip.TestNoipProvider.test_set_record_http_exception,492e4fbf91f8f027476c4d8369f980449185dbde,2025-07-04T18:00:43Z,f1755218704a18870cf7fc0d5fb72d76f2ad41b3,2025-11-14T10:27:22Z,3,408,0.1875,0.30973349878701684,,False,False,0,3,0.0,137.11,,0.021880138709274407,60844169.0,NewFuture/DDNS,Python
tests/test_provider_noip.py,21,callable,ok,tests.test_provider_noip.TestNoipProvider.test_set_record_logger_info_called,tests.test_provider_noip.TestNoipProvider.test_set_record_logger_info_called,492e4fbf91f8f027476c4d8369f980449185dbde,2025-07-04T18:00:43Z,f1755218704a18870cf7fc0d5fb72d76f2ad41b3,2025-11-14T10:27:22Z,3,408,0.2727272727272727,0.30973349878701684,,False,False,0,3,0.0,137.11,,0.021880138709274407,60844169.0,NewFuture/DDNS,Python
tests/test_provider_noip.py,22,callable,ok,tests.test_provider_noip.TestNoipProviderIntegration.test_full_workflow_ipv4_success,tests.test_provider_noip.TestNoipProviderIntegration.test_full_workflow_ipv4_success,492e4fbf91f8f027476c4d8369f980449185dbde,2025-07-04T18:00:43Z,876889ed841e532a0db587c9211289ef777f2c05,2025-07-16T17:10:15Z,3,408,0.16666666666666666,0.9604091864801452,,False,False,0,3,0.0,16.39,,0.1830336557371377,60844169.0,NewFuture/DDNS,Python
tests/test_provider_noip.py,23,callable,ok,tests.test_provider_noip.TestNoipProviderIntegration.test_full_workflow_ipv6_success,tests.test_provider_noip.TestNoipProviderIntegration.test_full_workflow_ipv6_success,492e4fbf91f8f027476c4d8369f980449185dbde,2025-07-04T18:00:43Z,492e4fbf91f8f027476c4d8369f980449185dbde,2025-07-04T18:00:43Z,1,408,0.058823529411764705,,,False,False,0,1,0.0,4.43,,0.22596446813351778,60844169.0,NewFuture/DDNS,Python
tests/test_provider_noip.py,24,callable,ok,tests.test_provider_noip.TestNoipProviderIntegration.test_full_workflow_error_handling,tests.test_provider_noip.TestNoipProviderIntegration.test_full_workflow_error_handling,492e4fbf91f8f027476c4d8369f980449185dbde,2025-07-04T18:00:43Z,492e4fbf91f8f027476c4d8369f980449185dbde,2025-07-04T18:00:43Z,1,408,0.1111111111111111,,,False,False,0,1,0.0,4.43,,0.22596446813351778,60844169.0,NewFuture/DDNS,Python
tests/test_provider_noip.py,25,callable,ok,tests.test_provider_noip.TestNoipProvider.test_validate_fails_without_id,tests.test_provider_noip.TestNoipProvider.test_validate_fails_without_id,876889ed841e532a0db587c9211289ef777f2c05,2025-07-16T17:10:15Z,876889ed841e532a0db587c9211289ef777f2c05,2025-07-16T17:10:15Z,1,396,0.2,,,False,False,0,1,0.0,16.39,,0.0610112185790459,60844169.0,NewFuture/DDNS,Python
tests/test_provider_noip.py,26,callable,ok,tests.test_provider_noip.TestNoipProvider.test_validate_fails_without_token,tests.test_provider_noip.TestNoipProvider.test_validate_fails_without_token,876889ed841e532a0db587c9211289ef777f2c05,2025-07-16T17:10:15Z,f1755218704a18870cf7fc0d5fb72d76f2ad41b3,2025-11-14T10:27:22Z,2,396,0.4,,,False,False,0,2,0.0,137.11,,0.014586759139516273,60844169.0,NewFuture/DDNS,Python
tests/test_provider_noip.py,27,callable,ok,tests.test_provider_noip.TestNoipProvider.test_authentication_url_embedding,tests.test_provider_noip.TestNoipProvider.test_authentication_url_embedding,876889ed841e532a0db587c9211289ef777f2c05,2025-07-16T17:10:15Z,876889ed841e532a0db587c9211289ef777f2c05,2025-07-16T17:10:15Z,1,396,0.058823529411764705,,,False,False,0,1,0.0,16.39,,0.0610112185790459,60844169.0,NewFuture/DDNS,Python
tests/test_provider_proxy_list.py,0,class,ok,tests.test_provider_proxy_list.TestSimpleProvider,tests.test_provider_proxy_list.TestSimpleProvider,c2cad12380081d2f6fbcbc02230dc8bc7793664f,2025-07-20T18:51:40Z,c2cad12380081d2f6fbcbc02230dc8bc7793664f,2025-07-20T18:51:40Z,1,392,0.1111111111111111,,,False,False,0,1,0.0,20.46,,0.04887380940798204,60844169.0,NewFuture/DDNS,Python
tests/test_provider_proxy_list.py,1,class,ok,tests.test_provider_proxy_list.TestProviderProxyList,tests.test_provider_proxy_list.TestProviderProxyList,c2cad12380081d2f6fbcbc02230dc8bc7793664f,2025-07-20T18:51:40Z,6e3d3560c725177ecab74f4880981a6dc7bc190d,2026-08-15T22:23:27+08:00,3,392,0.02142857142857143,0.8794239946445004,,False,False,0,3,0.0,411.27,,0.007294396583565798,60844169.0,NewFuture/DDNS,Python
tests/test_provider_proxy_list.py,0,callable,ok,tests.test_provider_proxy_list.TestSimpleProvider.set_record,tests.test_provider_proxy_list.TestSimpleProvider.set_record,c2cad12380081d2f6fbcbc02230dc8bc7793664f,2025-07-20T18:51:40Z,c2cad12380081d2f6fbcbc02230dc8bc7793664f,2025-07-20T18:51:40Z,1,392,0.25,,,False,False,0,1,0.0,20.46,,0.04887380940798204,60844169.0,NewFuture/DDNS,Python
tests/test_provider_proxy_list.py,1,callable,ok,tests.test_provider_proxy_list.TestProviderProxyList.setUp,tests.test_provider_proxy_list.TestProviderProxyList.setUp,c2cad12380081d2f6fbcbc02230dc8bc7793664f,2025-07-20T18:51:40Z,c2cad12380081d2f6fbcbc02230dc8bc7793664f,2025-07-20T18:51:40Z,1,392,0.2,,,False,False,0,1,0.0,20.46,,0.04887380940798204,60844169.0,NewFuture/DDNS,Python
tests/test_provider_proxy_list.py,2,callable,ok,tests.test_provider_proxy_list.TestProviderProxyList.test_provider_http_with_proxy_list,tests.test_provider_proxy_list.TestProviderProxyList.test_provider_http_with_proxy_list,c2cad12380081d2f6fbcbc02230dc8bc7793664f,2025-07-20T18:51:40Z,f1755218704a18870cf7fc0d5fb72d76f2ad41b3,2025-11-14T10:27:22Z,2,392,0.10526315789473684,,,False,False,0,2,0.0,137.11,,0.014586759139516273,60844169.0,NewFuture/DDNS,Python
tests/test_provider_proxy_list.py,3,callable,ok,tests.test_provider_proxy_list.TestProviderProxyList.test_provider_http_with_single_proxy_backward_compatibility,tests.test_provider_proxy_list.TestProviderProxyList.test_provider_http_with_single_proxy_backward_compatibility,c2cad12380081d2f6fbcbc02230dc8bc7793664f,2025-07-20T18:51:40Z,f1755218704a18870cf7fc0d5fb72d76f2ad41b3,2025-11-14T10:27:22Z,2,392,0.1,,,False,False,0,2,0.0,137.11,,0.014586759139516273,60844169.0,NewFuture/DDNS,Python
tests/test_provider_proxy_list.py,4,callable,ok,tests.test_provider_proxy_list.TestProviderProxyList.test_provider_http_no_proxy,tests.test_provider_proxy_list.TestProviderProxyList.test_provider_http_no_proxy,c2cad12380081d2f6fbcbc02230dc8bc7793664f,2025-07-20T18:51:40Z,f1755218704a18870cf7fc0d5fb72d76f2ad41b3,2025-11-14T10:27:22Z,2,392,0.10526315789473684,,,False,False,0,2,0.0,137.11,,0.014586759139516273,60844169.0,NewFuture/DDNS,Python
tests/test_provider_proxy_list.py,5,callable,ok,tests.test_provider_proxy_list.TestProviderProxyList.test_provider_http_empty_proxy_list,tests.test_provider_proxy_list.TestProviderProxyList.test_provider_http_empty_proxy_list,c2cad12380081d2f6fbcbc02230dc8bc7793664f,2025-07-20T18:51:40Z,f1755218704a18870cf7fc0d5fb72d76f2ad41b3,2025-11-14T10:27:22Z,2,392,0.10526315789473684,,,False,False,0,2,0.0,137.11,,0.014586759139516273,60844169.0,NewFuture/DDNS,Python
tests/test_provider_proxy_list.py,6,callable,ok,tests.test_provider_proxy_list.TestProviderProxyList.test_provider_http_request_failure_handling,tests.test_provider_proxy_list.TestProviderProxyList.test_provider_http_request_failure_handling,c2cad12380081d2f6fbcbc02230dc8bc7793664f,2025-07-20T18:51:40Z,f1755218704a18870cf7fc0d5fb72d76f2ad41b3,2025-11-14T10:27:22Z,2,392,0.15384615384615385,,,False,False,0,2,0.0,137.11,,0.014586759139516273,60844169.0,NewFuture/DDNS,Python
tests/test_provider_proxy_list.py,7,callable,ok,tests.test_provider_proxy_list.TestProviderProxyList.test_provider_initialization_with_proxy_types,tests.test_provider_proxy_list.TestProviderProxyList.test_provider_initialization_with_proxy_types,c2cad12380081d2f6fbcbc02230dc8bc7793664f,2025-07-20T18:51:40Z,f1755218704a18870cf7fc0d5fb72d76f2ad41b3,2025-11-14T10:27:22Z,2,392,0.10526315789473684,,,False,False,0,2,0.0,137.11,,0.014586759139516273,60844169.0,NewFuture/DDNS,Python
tests/test_provider_proxy_list.py,8,callable,ok,tests.test_provider_proxy_list.TestProviderProxyList.test_provider_http_forwards_timeout_and_retries,tests.test_provider_proxy_list.TestProviderProxyList.test_provider_http_forwards_timeout_and_retries,6e3d3560c725177ecab74f4880981a6dc7bc190d,2026-08-15T22:23:27+08:00,6e3d3560c725177ecab74f4880981a6dc7bc190d,2026-08-15T22:23:27+08:00,1,1,0.1,,,False,False,0,1,0.0,411.27,,0.002431465527855266,60844169.0,NewFuture/DDNS,Python
tests/test_provider_tencentcloud.py,0,class,ok,tests.test_provider_tencentcloud.TestTencentCloudProvider,tests.test_provider_tencentcloud.TestTencentCloudProvider,f1a764d3c2e2c6aade66f85162964e6ce9248fee,2025-07-01T19:08:11+08:00,f1755218704a18870cf7fc0d5fb72d76f2ad41b3,2025-11-14T10:27:22Z,7,411,0.017766497461928935,1.2317416072449126,,False,False,0,7,0.0,137.11,,0.05105365698830695,60844169.0,NewFuture/DDNS,Python
tests/test_provider_tencentcloud.py,1,class,ok,tests.test_provider_tencentcloud.TestTencentCloudProviderIntegration,tests.test_provider_tencentcloud.TestTencentCloudProviderIntegration,f1a764d3c2e2c6aade66f85162964e6ce9248fee,2025-07-01T19:08:11+08:00,f1755218704a18870cf7fc0d5fb72d76f2ad41b3,2025-11-14T10:27:22Z,3,411,0.027522935779816515,0.3966175090134733,,False,False,0,3,0.0,137.11,,0.021880138709274407,60844169.0,NewFuture/DDNS,Python
tests/test_provider_tencentcloud.py,2,class,ok,tests.test_provider_tencentcloud.TestTencentCloudProviderRealRequest,tests.test_provider_tencentcloud.TestTencentCloudProviderRealRequest,f1a764d3c2e2c6aade66f85162964e6ce9248fee,2025-07-01T19:08:11+08:00,6e3d3560c725177ecab74f4880981a6dc7bc190d,2026-08-15T22:23:27+08:00,2,411,0.05263157894736842,,,False,False,0,2,0.0,411.27,,0.004862931055710532,60844169.0,NewFuture/DDNS,Python
tests/test_provider_tencentcloud.py,5,callable,ok,tests.test_provider_tencentcloud.TestTencentCloudProvider.test_sign_tc3,tests.test_provider_tencentcloud.TestTencentCloudProvider.test_sign_tc3,f1a764d3c2e2c6aade66f85162964e6ce9248fee,2025-07-01T19:08:11+08:00,f1a764d3c2e2c6aade66f85162964e6ce9248fee,2025-07-01T19:08:11+08:00,1,0,0.05263157894736842,,,True,False,0,1,0.0,1.14,,0.8779684784928207,60844169.0,NewFuture/DDNS,Python
tests/test_provider_tencentcloud.py,26,callable,ok,tests.test_provider_tencentcloud.TestTencentCloudProvider.test_sign_tc3_date_format,tests.test_provider_tencentcloud.TestTencentCloudProvider.test_sign_tc3_date_format,f1a764d3c2e2c6aade66f85162964e6ce9248fee,2025-07-01T19:08:11+08:00,f1a764d3c2e2c6aade66f85162964e6ce9248fee,2025-07-01T19:08:11+08:00,1,0,0.06666666666666667,,,True,False,0,1,0.0,1.14,,0.8779684784928207,60844169.0,NewFuture/DDNS,Python
tests/test_provider_tencentcloud.py,3,callable,ok,tests.test_provider_tencentcloud.TestTencentCloudProvider.test_validate_missing_auth_id,tests.test_provider_tencentcloud.TestTencentCloudProvider.test_validate_missing_id,f1a764d3c2e2c6aade66f85162964e6ce9248fee,2025-07-01T19:08:11+08:00,485e6a3e26c5aab9c6c9a7287efd24e00c9ee159,2025-07-12T11:04:25+08:00,2,10,0.4,,,True,True,0,2,0.0,11.8,,0.16944781389766253,60844169.0,NewFuture/DDNS,Python
tests/test_provider_tencentcloud.py,4,callable,ok,tests.test_provider_tencentcloud.TestTencentCloudProvider.test_validate_missing_auth_token,tests.test_provider_tencentcloud.TestTencentCloudProvider.test_validate_missing_token,f1a764d3c2e2c6aade66f85162964e6ce9248fee,2025-07-01T19:08:11+08:00,485e6a3e26c5aab9c6c9a7287efd24e00c9ee159,2025-07-12T11:04:25+08:00,2,10,0.4,,,True,True,0,2,0.0,11.8,,0.16944781389766253,60844169.0,NewFuture/DDNS,Python
tests/test_provider_tencentcloud.py,0,callable,ok,tests.test_provider_tencentcloud.TestTencentCloudProvider.setUp,tests.test_provider_tencentcloud.TestTencentCloudProvider.setUp,f1a764d3c2e2c6aade66f85162964e6ce9248fee,2025-07-01T19:08:11+08:00,f1755218704a18870cf7fc0d5fb72d76f2ad41b3,2025-11-14T10:27:22Z,3,411,0.6,0.3966175090134733,,False,False,0,3,0.0,137.11,,0.021880138709274407,60844169.0,NewFuture/DDNS,Python
tests/test_provider_tencentcloud.py,1,callable,ok,tests.test_provider_tencentcloud.TestTencentCloudProvider.test_init,tests.test_provider_tencentcloud.TestTencentCloudProvider.test_init,f1a764d3c2e2c6aade66f85162964e6ce9248fee,2025-07-01T19:08:11+08:00,78b0e953daf0739020719f8b44043b9cdae5c550,2025-07-09T18:33:23+08:00,2,411,0.2857142857142857,,,False,False,0,2,0.0,9.11,,0.21942272015603395,60844169.0,NewFuture/DDNS,Python
tests/test_provider_tencentcloud.py,2,callable,ok,tests.test_provider_tencentcloud.TestTencentCloudProvider.test_validate_success,tests.test_provider_tencentcloud.TestTencentCloudProvider.test_validate_success,f1a764d3c2e2c6aade66f85162964e6ce9248fee,2025-07-01T19:08:11+08:00,f1a764d3c2e2c6aade66f85162964e6ce9248fee,2025-07-01T19:08:11+08:00,1,411,0.25,,,False,False,0,1,0.0,1.14,,0.8779684784928207,60844169.0,NewFuture/DDNS,Python
tests/test_provider_tencentcloud.py,6,callable,ok,tests.test_provider_tencentcloud.TestTencentCloudProvider.test_query_zone_id_success,tests.test_provider_tencentcloud.TestTencentCloudProvider.test_query_zone_id_success,f1a764d3c2e2c6aade66f85162964e6ce9248fee,2025-07-01T19:08:11+08:00,f1a764d3c2e2c6aade66f85162964e6ce9248fee,2025-07-01T19:08:11+08:00,1,411,0.09090909090909091,,,False,False,0,1,0.0,1.14,,0.8779684784928207,60844169.0,NewFuture/DDNS,Python
tests/test_provider_tencentcloud.py,7,callable,ok,tests.test_provider_tencentcloud.TestTencentCloudProvider.test_query_zone_id_not_found,tests.test_provider_tencentcloud.TestTencentCloudProvider.test_query_zone_id_not_found,f1a764d3c2e2c6aade66f85162964e6ce9248fee,2025-07-01T19:08:11+08:00,f1a764d3c2e2c6aade66f85162964e6ce9248fee,2025-07-01T19:08:11+08:00,1,411,0.06666666666666667,,,False,False,0,1,0.0,1.14,,0.8779684784928207,60844169.0,NewFuture/DDNS,Python
tests/test_provider_tencentcloud.py,8,callable,ok,tests.test_provider_tencentcloud.TestTencentCloudProvider.test_query_zone_id_invalid_response,tests.test_provider_tencentcloud.TestTencentCloudProvider.test_query_zone_id_invalid_response,f1a764d3c2e2c6aade66f85162964e6ce9248fee,2025-07-01T19:08:11+08:00,f1a764d3c2e2c6aade66f85162964e6ce9248fee,2025-07-01T19:08:11+08:00,1,411,0.125,,,False,False,0,1,0.0,1.14,,0.8779684784928207,60844169.0,NewFuture/DDNS,Python
tests/test_provider_tencentcloud.py,9,callable,ok,tests.test_provider_tencentcloud.TestTencentCloudProvider.test_query_record_found,tests.test_provider_tencentcloud.TestTencentCloudProvider.test_query_record_found,f1a764d3c2e2c6aade66f85162964e6ce9248fee,2025-07-01T19:08:11+08:00,f1a764d3c2e2c6aade66f85162964e6ce9248fee,2025-07-01T19:08:11+08:00,1,411,0.043478260869565216,,,False,False,0,1,0.0,1.14,,0.8779684784928207,60844169.0,NewFuture/DDNS,Python
tests/test_provider_tencentcloud.py,10,callable,ok,tests.test_provider_tencentcloud.TestTencentCloudProvider.test_query_record_not_found,tests.test_provider_tencentcloud.TestTencentCloudProvider.test_query_record_not_found,f1a764d3c2e2c6aade66f85162964e6ce9248fee,2025-07-01T19:08:11+08:00,f1a764d3c2e2c6aade66f85162964e6ce9248fee,2025-07-01T19:08:11+08:00,1,411,0.1111111111111111,,,False,False,0,1,0.0,1.14,,0.8779684784928207,60844169.0,NewFuture/DDNS,Python
tests/test_provider_tencentcloud.py,11,callable,ok,tests.test_provider_tencentcloud.TestTencentCloudProvider.test_query_record_root_domain,tests.test_provider_tencentcloud.TestTencentCloudProvider.test_query_record_root_domain,f1a764d3c2e2c6aade66f85162964e6ce9248fee,2025-07-01T19:08:11+08:00,f1a764d3c2e2c6aade66f85162964e6ce9248fee,2025-07-01T19:08:11+08:00,1,411,0.08333333333333333,,,False,False,0,1,0.0,1.14,,0.8779684784928207,60844169.0,NewFuture/DDNS,Python
tests/test_provider_tencentcloud.py,12,callable,ok,tests.test_provider_tencentcloud.TestTencentCloudProvider.test_create_record_success,tests.test_provider_tencentcloud.TestTencentCloudProvider.test_create_record_success,f1a764d3c2e2c6aade66f85162964e6ce9248fee,2025-07-01T19:08:11+08:00,f1a764d3c2e2c6aade66f85162964e6ce9248fee,2025-07-01T19:08:11+08:00,1,411,0.1111111111111111,,,False,False,0,1,0.0,1.14,,0.8779684784928207,60844169.0,NewFuture/DDNS,Python
tests/test_provider_tencentcloud.py,13,callable,ok,tests.test_provider_tencentcloud.TestTencentCloudProvider.test_create_record_root_domain,tests.test_provider_tencentcloud.TestTencentCloudProvider.test_create_record_root_domain,f1a764d3c2e2c6aade66f85162964e6ce9248fee,2025-07-01T19:08:11+08:00,f1a764d3c2e2c6aade66f85162964e6ce9248fee,2025-07-01T19:08:11+08:00,1,411,0.1111111111111111,,,False,False,0,1,0.0,1.14,,0.8779684784928207,60844169.0,NewFuture/DDNS,Python
tests/test_provider_tencentcloud.py,14,callable,ok,tests.test_provider_tencentcloud.TestTencentCloudProvider.test_create_record_with_mx,tests.test_provider_tencentcloud.TestTencentCloudProvider.test_create_record_with_mx,f1a764d3c2e2c6aade66f85162964e6ce9248fee,2025-07-01T19:08:11+08:00,f1a764d3c2e2c6aade66f85162964e6ce9248fee,2025-07-01T19:08:11+08:00,1,411,0.09090909090909091,,,False,False,0,1,0.0,1.14,,0.8779684784928207,60844169.0,NewFuture/DDNS,Python
tests/test_provider_tencentcloud.py,15,callable,ok,tests.test_provider_tencentcloud.TestTencentCloudProvider.test_create_record_failure,tests.test_provider_tencentcloud.TestTencentCloudProvider.test_create_record_failure,f1a764d3c2e2c6aade66f85162964e6ce9248fee,2025-07-01T19:08:11+08:00,f1a764d3c2e2c6aade66f85162964e6ce9248fee,2025-07-01T19:08:11+08:00,1,411,0.14285714285714285,,,False,False,0,1,0.0,1.14,,0.8779684784928207,60844169.0,NewFuture/DDNS,Python
tests/test_provider_tencentcloud.py,16,callable,ok,tests.test_provider_tencentcloud.TestTencentCloudProvider.test_update_record_success,tests.test_provider_tencentcloud.TestTencentCloudProvider.test_update_record_success,f1a764d3c2e2c6aade66f85162964e6ce9248fee,2025-07-01T19:08:11+08:00,f1a764d3c2e2c6aade66f85162964e6ce9248fee,2025-07-01T19:08:11+08:00,1,411,0.09090909090909091,,,False,False,0,1,0.0,1.14,,0.8779684784928207,60844169.0,NewFuture/DDNS,Python
tests/test_provider_tencentcloud.py,17,callable,ok,tests.test_provider_tencentcloud.TestTencentCloudProvider.test_update_record_preserve_old_values,tests.test_provider_tencentcloud.TestTencentCloudProvider.test_update_record_preserve_old_values,f1a764d3c2e2c6aade66f85162964e6ce9248fee,2025-07-01T19:08:11+08:00,f1a764d3c2e2c6aade66f85162964e6ce9248fee,2025-07-01T19:08:11+08:00,1,411,0.047619047619047616,,,False,False,0,1,0.0,1.14,,0.8779684784928207,60844169.0,NewFuture/DDNS,Python
tests/test_provider_tencentcloud.py,18,callable,ok,tests.test_provider_tencentcloud.TestTencentCloudProvider.test_update_record_missing_record_id,tests.test_provider_tencentcloud.TestTencentCloudProvider.test_update_record_missing_record_id,f1a764d3c2e2c6aade66f85162964e6ce9248fee,2025-07-01T19:08:11+08:00,f1a764d3c2e2c6aade66f85162964e6ce9248fee,2025-07-01T19:08:11+08:00,1,411,0.1111111111111111,,,False,False,0,1,0.0,1.14,,0.8779684784928207,60844169.0,NewFuture/DDNS,Python
tests/test_provider_tencentcloud.py,19,callable,ok,tests.test_provider_tencentcloud.TestTencentCloudProvider.test_update_record_failure,tests.test_provider_tencentcloud.TestTencentCloudProvider.test_update_record_failure,f1a764d3c2e2c6aade66f85162964e6ce9248fee,2025-07-01T19:08:11+08:00,f1a764d3c2e2c6aade66f85162964e6ce9248fee,2025-07-01T19:08:11+08:00,1,411,0.1111111111111111,,,False,False,0,1,0.0,1.14,,0.8779684784928207,60844169.0,NewFuture/DDNS,Python
tests/test_provider_tencentcloud.py,20,callable,ok,tests.test_provider_tencentcloud.TestTencentCloudProvider.test_request_success,tests.test_provider_tencentcloud.TestTencentCloudProvider.test_request_success,f1a764d3c2e2c6aade66f85162964e6ce9248fee,2025-07-01T19:08:11+08:00,f1a764d3c2e2c6aade66f85162964e6ce9248fee,2025-07-01T19:08:11+08:00,1,411,0.07692307692307693,,,False,False,0,1,0.0,1.14,,0.8779684784928207,60844169.0,NewFuture/DDNS,Python
tests/test_provider_tencentcloud.py,21,callable,ok,tests.test_provider_tencentcloud.TestTencentCloudProvider.test_request_api_error,tests.test_provider_tencentcloud.TestTencentCloudProvider.test_request_api_error,f1a764d3c2e2c6aade66f85162964e6ce9248fee,2025-07-01T19:08:11+08:00,f1a764d3c2e2c6aade66f85162964e6ce9248fee,2025-07-01T19:08:11+08:00,1,411,0.09090909090909091,,,False,False,0,1,0.0,1.14,,0.8779684784928207,60844169.0,NewFuture/DDNS,Python
tests/test_provider_tencentcloud.py,22,callable,ok,tests.test_provider_tencentcloud.TestTencentCloudProvider.test_request_unexpected_response,tests.test_provider_tencentcloud.TestTencentCloudProvider.test_request_unexpected_response,f1a764d3c2e2c6aade66f85162964e6ce9248fee,2025-07-01T19:08:11+08:00,f1a764d3c2e2c6aade66f85162964e6ce9248fee,2025-07-01T19:08:11+08:00,1,411,0.1111111111111111,,,False,False,0,1,0.0,1.14,,0.8779684784928207,60844169.0,NewFuture/DDNS,Python
tests/test_provider_tencentcloud.py,23,callable,ok,tests.test_provider_tencentcloud.TestTencentCloudProvider.test_request_exception,tests.test_provider_tencentcloud.TestTencentCloudProvider.test_request_exception,f1a764d3c2e2c6aade66f85162964e6ce9248fee,2025-07-01T19:08:11+08:00,f1a764d3c2e2c6aade66f85162964e6ce9248fee,2025-07-01T19:08:11+08:00,1,411,0.09090909090909091,,,False,False,0,1,0.0,1.14,,0.8779684784928207,60844169.0,NewFuture/DDNS,Python
tests/test_provider_tencentcloud.py,24,callable,ok,tests.test_provider_tencentcloud.TestTencentCloudProvider.test_set_record_create_new,tests.test_provider_tencentcloud.TestTencentCloudProvider.test_set_record_create_new,f1a764d3c2e2c6aade66f85162964e6ce9248fee,2025-07-01T19:08:11+08:00,f1a764d3c2e2c6aade66f85162964e6ce9248fee,2025-07-01T19:08:11+08:00,1,411,0.058823529411764705,,,False,False,0,1,0.0,1.14,,0.8779684784928207,60844169.0,NewFuture/DDNS,Python
tests/test_provider_tencentcloud.py,25,callable,ok,tests.test_provider_tencentcloud.TestTencentCloudProvider.test_set_record_update_existing,tests.test_provider_tencentcloud.TestTencentCloudProvider.test_set_record_update_existing,f1a764d3c2e2c6aade66f85162964e6ce9248fee,2025-07-01T19:08:11+08:00,f1a764d3c2e2c6aade66f85162964e6ce9248fee,2025-07-01T19:08:11+08:00,1,411,0.03333333333333333,,,False,False,0,1,0.0,1.14,,0.8779684784928207,60844169.0,NewFuture/DDNS,Python
tests/test_provider_tencentcloud.py,27,callable,ok,tests.test_provider_tencentcloud.TestTencentCloudProviderIntegration.setUp,tests.test_provider_tencentcloud.TestTencentCloudProviderIntegration.setUp,f1a764d3c2e2c6aade66f85162964e6ce9248fee,2025-07-01T19:08:11+08:00,f1755218704a18870cf7fc0d5fb72d76f2ad41b3,2025-11-14T10:27:22Z,3,411,0.6,0.3966175090134733,,False,False,0,3,0.0,137.11,,0.021880138709274407,60844169.0,NewFuture/DDNS,Python
tests/test_provider_tencentcloud.py,28,callable,ok,tests.test_provider_tencentcloud.TestTencentCloudProviderIntegration.test_full_domain_resolution_flow,tests.test_provider_tencentcloud.TestTencentCloudProviderIntegration.test_full_domain_resolution_flow,f1a764d3c2e2c6aade66f85162964e6ce9248fee,2025-07-01T19:08:11+08:00,f1a764d3c2e2c6aade66f85162964e6ce9248fee,2025-07-01T19:08:11+08:00,1,411,0.043478260869565216,,,False,False,0,1,0.0,1.14,,0.8779684784928207,60844169.0,NewFuture/DDNS,Python
tests/test_provider_tencentcloud.py,29,callable,ok,tests.test_provider_tencentcloud.TestTencentCloudProviderIntegration.test_custom_domain_format,tests.test_provider_tencentcloud.TestTencentCloudProviderIntegration.test_custom_domain_format,f1a764d3c2e2c6aade66f85162964e6ce9248fee,2025-07-01T19:08:11+08:00,f1a764d3c2e2c6aade66f85162964e6ce9248fee,2025-07-01T19:08:11+08:00,1,411,0.038461538461538464,,,False,False,0,1,0.0,1.14,,0.8779684784928207,60844169.0,NewFuture/DDNS,Python
tests/test_provider_tencentcloud.py,30,callable,ok,tests.test_provider_tencentcloud.TestTencentCloudProviderIntegration.test_update_existing_record,tests.test_provider_tencentcloud.TestTencentCloudProviderIntegration.test_update_existing_record,f1a764d3c2e2c6aade66f85162964e6ce9248fee,2025-07-01T19:08:11+08:00,f1a764d3c2e2c6aade66f85162964e6ce9248fee,2025-07-01T19:08:11+08:00,1,411,0.029411764705882353,,,False,False,0,1,0.0,1.14,,0.8779684784928207,60844169.0,NewFuture/DDNS,Python
tests/test_provider_tencentcloud.py,31,callable,ok,tests.test_provider_tencentcloud.TestTencentCloudProviderIntegration.test_api_error_handling,tests.test_provider_tencentcloud.TestTencentCloudProviderIntegration.test_api_error_handling,f1a764d3c2e2c6aade66f85162964e6ce9248fee,2025-07-01T19:08:11+08:00,f1a764d3c2e2c6aade66f85162964e6ce9248fee,2025-07-01T19:08:11+08:00,1,411,0.08333333333333333,,,False,False,0,1,0.0,1.14,,0.8779684784928207,60844169.0,NewFuture/DDNS,Python
tests/test_provider_tencentcloud.py,32,callable,ok,tests.test_provider_tencentcloud.TestTencentCloudProviderRealRequest.setUp,tests.test_provider_tencentcloud.TestTencentCloudProviderRealRequest.setUp,f1a764d3c2e2c6aade66f85162964e6ce9248fee,2025-07-01T19:08:11+08:00,f1a764d3c2e2c6aade66f85162964e6ce9248fee,2025-07-01T19:08:11+08:00,1,411,0.3333333333333333,,,False,False,0,1,0.0,1.14,,0.8779684784928207,60844169.0,NewFuture/DDNS,Python
tests/test_provider_tencentcloud.py,33,callable,ok,tests.test_provider_tencentcloud.TestTencentCloudProviderRealRequest.test_auth_failure_real_request,tests.test_provider_tencentcloud.TestTencentCloudProviderRealRequest.test_auth_failure_real_request,f1a764d3c2e2c6aade66f85162964e6ce9248fee,2025-07-01T19:08:11+08:00,6e3d3560c725177ecab74f4880981a6dc7bc190d,2026-08-15T22:23:27+08:00,2,411,0.06451612903225806,,,False,False,0,2,0.0,411.27,,0.004862931055710532,60844169.0,NewFuture/DDNS,Python
tests/test_provider_tencentcloud.py,34,callable,ok,tests.test_provider_tencentcloud.TestTencentCloudProvider.test_line_configuration_support,tests.test_provider_tencentcloud.TestTencentCloudProvider.test_line_configuration_support,1e351642d58fc8bed29060a48666984e9316f4b7,2025-07-02T14:56:56Z,485e6a3e26c5aab9c6c9a7287efd24e00c9ee159,2025-07-12T11:04:25+08:00,2,410,0.1,,,False,False,0,2,0.0,11.8,,0.16944781389766253,60844169.0,NewFuture/DDNS,Python
tests/test_provider_tencentcloud.py,35,callable,ok,tests.test_provider_tencentcloud.TestTencentCloudProvider.test_update_record_with_line,tests.test_provider_tencentcloud.TestTencentCloudProvider.test_update_record_with_line,1e351642d58fc8bed29060a48666984e9316f4b7,2025-07-02T14:56:56Z,485e6a3e26c5aab9c6c9a7287efd24e00c9ee159,2025-07-12T11:04:25+08:00,2,410,0.06666666666666667,,,False,False,0,2,0.0,11.8,,0.16944781389766253,60844169.0,NewFuture/DDNS,Python
tests/test_provider_tencentcloud.py,36,callable,ok,tests.test_provider_tencentcloud.TestTencentCloudProvider.test_validate_missing_id,tests.test_provider_tencentcloud.TestTencentCloudProvider.test_validate_missing_id,6c24557505ff3377fdf7d8b47441fc3154a72d55,2025-08-07T17:58:43Z,6c24557505ff3377fdf7d8b47441fc3154a72d55,2025-08-07T17:58:43Z,1,374,0.2,,,False,False,0,1,0.0,38.42,,0.026025342779970484,60844169.0,NewFuture/DDNS,Python
tests/test_provider_tencentcloud.py,37,callable,ok,tests.test_provider_tencentcloud.TestTencentCloudProvider.test_validate_missing_token,tests.test_provider_tencentcloud.TestTencentCloudProvider.test_validate_missing_token,6c24557505ff3377fdf7d8b47441fc3154a72d55,2025-08-07T17:58:43Z,f1755218704a18870cf7fc0d5fb72d76f2ad41b3,2025-11-14T10:27:22Z,2,374,0.4,,,False,False,0,2,0.0,137.11,,0.014586759139516273,60844169.0,NewFuture/DDNS,Python
tests/test_provider_tencentcloud.py,38,callable,ok,tests.test_provider_tencentcloud.TestTencentCloudProvider.test_update_record_extra_priority_over_old_record,tests.test_provider_tencentcloud.TestTencentCloudProvider.test_update_record_extra_priority_over_old_record,d910a06fb723140f0f0ff4a322638141bccf1545,2025-10-15T16:08:45Z,d910a06fb723140f0f0ff4a322638141bccf1545,2025-10-15T16:08:45Z,1,305,0.05263157894736842,,,False,False,0,1,0.0,107.35,,0.009315521567319253,60844169.0,NewFuture/DDNS,Python
tests/test_provider_west.py,0,class,ok,tests.test_provider_west.TestWestProvider,tests.test_provider_west.TestWestProvider,93d4698ff7000b7c585e248ad9746743f00c7a6c,2026-06-12T12:04:51Z,93d4698ff7000b7c585e248ad9746743f00c7a6c,2026-06-12T12:04:51Z,1,65,0.004081632653061225,,,False,False,0,1,0.0,347.18,,0.0028803639819951917,60844169.0,NewFuture/DDNS,Python
tests/test_provider_west.py,1,class,ok,tests.test_provider_west.TestWestProviderIntegration,tests.test_provider_west.TestWestProviderIntegration,93d4698ff7000b7c585e248ad9746743f00c7a6c,2026-06-12T12:04:51Z,93d4698ff7000b7c585e248ad9746743f00c7a6c,2026-06-12T12:04:51Z,1,65,0.016666666666666666,,,False,False,0,1,0.0,347.18,,0.0028803639819951917,60844169.0,NewFuture/DDNS,Python
tests/test_provider_west.py,2,class,ok,tests.test_provider_west.TestWestProviderTryUpdate,tests.test_provider_west.TestWestProviderTryUpdate,93d4698ff7000b7c585e248ad9746743f00c7a6c,2026-06-12T12:04:51Z,93d4698ff7000b7c585e248ad9746743f00c7a6c,2026-06-12T12:04:51Z,1,65,0.02702702702702703,,,False,False,0,1,0.0,347.18,,0.0028803639819951917,60844169.0,NewFuture/DDNS,Python
tests/test_provider_west.py,3,class,ok,tests.test_provider_west.TestWestProviderFromRegistry,tests.test_provider_west.TestWestProviderFromRegistry,93d4698ff7000b7c585e248ad9746743f00c7a6c,2026-06-12T12:04:51Z,93d4698ff7000b7c585e248ad9746743f00c7a6c,2026-06-12T12:04:51Z,1,65,0.03333333333333333,,,False,False,0,1,0.0,347.18,,0.0028803639819951917,60844169.0,NewFuture/DDNS,Python
tests/test_provider_west.py,0,callable,ok,tests.test_provider_west.TestWestProvider.setUp,tests.test_provider_west.TestWestProvider.setUp,93d4698ff7000b7c585e248ad9746743f00c7a6c,2026-06-12T12:04:51Z,93d4698ff7000b7c585e248ad9746743f00c7a6c,2026-06-12T12:04:51Z,1,65,0.25,,,False,False,0,1,0.0,347.18,,0.0028803639819951917,60844169.0,NewFuture/DDNS,Python
tests/test_provider_west.py,1,callable,ok,tests.test_provider_west.TestWestProvider.test_init_with_basic_config,tests.test_provider_west.TestWestProvider.test_init_with_basic_config,93d4698ff7000b7c585e248ad9746743f00c7a6c,2026-06-12T12:04:51Z,93d4698ff7000b7c585e248ad9746743f00c7a6c,2026-06-12T12:04:51Z,1,65,0.16666666666666666,,,False,False,0,1,0.0,347.18,,0.0028803639819951917,60844169.0,NewFuture/DDNS,Python
tests/test_provider_west.py,2,callable,ok,tests.test_provider_west.TestWestProvider.test_class_constants,tests.test_provider_west.TestWestProvider.test_class_constants,93d4698ff7000b7c585e248ad9746743f00c7a6c,2026-06-12T12:04:51Z,93d4698ff7000b7c585e248ad9746743f00c7a6c,2026-06-12T12:04:51Z,1,65,0.14285714285714285,,,False,False,0,1,0.0,347.18,,0.0028803639819951917,60844169.0,NewFuture/DDNS,Python
tests/test_provider_west.py,3,callable,ok,tests.test_provider_west.TestWestProvider.test_init_with_custom_endpoint,tests.test_provider_west.TestWestProvider.test_init_with_custom_endpoint,93d4698ff7000b7c585e248ad9746743f00c7a6c,2026-06-12T12:04:51Z,93d4698ff7000b7c585e248ad9746743f00c7a6c,2026-06-12T12:04:51Z,1,65,0.2,,,False,False,0,1,0.0,347.18,,0.0028803639819951917,60844169.0,NewFuture/DDNS,Python
tests/test_provider_west.py,4,callable,ok,tests.test_provider_west.TestWestProvider.test_validate_with_token_only,tests.test_provider_west.TestWestProvider.test_validate_with_token_only,93d4698ff7000b7c585e248ad9746743f00c7a6c,2026-06-12T12:04:51Z,93d4698ff7000b7c585e248ad9746743f00c7a6c,2026-06-12T12:04:51Z,1,65,0.16666666666666666,,,False,False,0,1,0.0,347.18,,0.0028803639819951917,60844169.0,NewFuture/DDNS,Python
tests/test_provider_west.py,5,callable,ok,tests.test_provider_west.TestWestProvider.test_validate_missing_token,tests.test_provider_west.TestWestProvider.test_validate_missing_token,93d4698ff7000b7c585e248ad9746743f00c7a6c,2026-06-12T12:04:51Z,93d4698ff7000b7c585e248ad9746743f00c7a6c,2026-06-12T12:04:51Z,1,65,0.2,,,False,False,0,1,0.0,347.18,,0.0028803639819951917,60844169.0,NewFuture/DDNS,Python
tests/test_provider_west.py,6,callable,ok,tests.test_provider_west.TestWestProvider.test_validate_missing_token_none,tests.test_provider_west.TestWestProvider.test_validate_missing_token_none,93d4698ff7000b7c585e248ad9746743f00c7a6c,2026-06-12T12:04:51Z,93d4698ff7000b7c585e248ad9746743f00c7a6c,2026-06-12T12:04:51Z,1,65,0.2,,,False,False,0,1,0.0,347.18,,0.0028803639819951917,60844169.0,NewFuture/DDNS,Python
tests/test_provider_west.py,7,callable,ok,tests.test_provider_west.TestWestProvider.test_get_auth_params_domain_auth,tests.test_provider_west.TestWestProvider.test_get_auth_params_domain_auth,93d4698ff7000b7c585e248ad9746743f00c7a6c,2026-06-12T12:04:51Z,93d4698ff7000b7c585e248ad9746743f00c7a6c,2026-06-12T12:04:51Z,1,65,0.16666666666666666,,,False,False,0,1,0.0,347.18,,0.0028803639819951917,60844169.0,NewFuture/DDNS,Python
tests/test_provider_west.py,8,callable,ok,tests.test_provider_west.TestWestProvider.test_get_auth_params_account_auth,tests.test_provider_west.TestWestProvider.test_get_auth_params_account_auth,93d4698ff7000b7c585e248ad9746743f00c7a6c,2026-06-12T12:04:51Z,93d4698ff7000b7c585e248ad9746743f00c7a6c,2026-06-12T12:04:51Z,1,65,0.2,,,False,False,0,1,0.0,347.18,,0.0028803639819951917,60844169.0,NewFuture/DDNS,Python
tests/test_provider_west.py,9,callable,ok,tests.test_provider_west.TestWestProvider.test_get_auth_params_with_email_id,tests.test_provider_west.TestWestProvider.test_get_auth_params_with_email_id,93d4698ff7000b7c585e248ad9746743f00c7a6c,2026-06-12T12:04:51Z,93d4698ff7000b7c585e248ad9746743f00c7a6c,2026-06-12T12:04:51Z,1,65,0.2,,,False,False,0,1,0.0,347.18,,0.0028803639819951917,60844169.0,NewFuture/DDNS,Python
tests/test_provider_west.py,10,callable,ok,tests.test_provider_west.TestWestProvider.test_get_auth_params_with_numeric_id,tests.test_provider_west.TestWestProvider.test_get_auth_params_with_numeric_id,93d4698ff7000b7c585e248ad9746743f00c7a6c,2026-06-12T12:04:51Z,93d4698ff7000b7c585e248ad9746743f00c7a6c,2026-06-12T12:04:51Z,1,65,0.2,,,False,False,0,1,0.0,347.18,,0.0028803639819951917,60844169.0,NewFuture/DDNS,Python
tests/test_provider_west.py,11,callable,ok,tests.test_provider_west.TestWestProvider.test_set_record_success,tests.test_provider_west.TestWestProvider.test_set_record_success,93d4698ff7000b7c585e248ad9746743f00c7a6c,2026-06-12T12:04:51Z,93d4698ff7000b7c585e248ad9746743f00c7a6c,2026-06-12T12:04:51Z,1,65,0.07692307692307693,,,False,False,0,1,0.0,347.18,,0.0028803639819951917,60844169.0,NewFuture/DDNS,Python
tests/test_provider_west.py,12,callable,ok,tests.test_provider_west.TestWestProvider.test_set_record_with_root_domain,tests.test_provider_west.TestWestProvider.test_set_record_with_root_domain,93d4698ff7000b7c585e248ad9746743f00c7a6c,2026-06-12T12:04:51Z,93d4698ff7000b7c585e248ad9746743f00c7a6c,2026-06-12T12:04:51Z,1,65,0.1,,,False,False,0,1,0.0,347.18,,0.0028803639819951917,60844169.0,NewFuture/DDNS,Python
tests/test_provider_west.py,13,callable,ok,tests.test_provider_west.TestWestProvider.test_set_record_with_ipv6,tests.test_provider_west.TestWestProvider.test_set_record_with_ipv6,93d4698ff7000b7c585e248ad9746743f00c7a6c,2026-06-12T12:04:51Z,93d4698ff7000b7c585e248ad9746743f00c7a6c,2026-06-12T12:04:51Z,1,65,0.1111111111111111,,,False,False,0,1,0.0,347.18,,0.0028803639819951917,60844169.0,NewFuture/DDNS,Python
tests/test_provider_west.py,14,callable,ok,tests.test_provider_west.TestWestProvider.test_set_record_with_line,tests.test_provider_west.TestWestProvider.test_set_record_with_line,93d4698ff7000b7c585e248ad9746743f00c7a6c,2026-06-12T12:04:51Z,93d4698ff7000b7c585e248ad9746743f00c7a6c,2026-06-12T12:04:51Z,1,65,0.1111111111111111,,,False,False,0,1,0.0,347.18,,0.0028803639819951917,60844169.0,NewFuture/DDNS,Python
tests/test_provider_west.py,15,callable,ok,tests.test_provider_west.TestWestProvider.test_set_record_with_line_code,tests.test_provider_west.TestWestProvider.test_set_record_with_line_code,93d4698ff7000b7c585e248ad9746743f00c7a6c,2026-06-12T12:04:51Z,93d4698ff7000b7c585e248ad9746743f00c7a6c,2026-06-12T12:04:51Z,1,65,0.1111111111111111,,,False,False,0,1,0.0,347.18,,0.0028803639819951917,60844169.0,NewFuture/DDNS,Python
tests/test_provider_west.py,16,callable,ok,tests.test_provider_west.TestWestProvider.test_set_record_failure_api_error,tests.test_provider_west.TestWestProvider.test_set_record_failure_api_error,93d4698ff7000b7c585e248ad9746743f00c7a6c,2026-06-12T12:04:51Z,93d4698ff7000b7c585e248ad9746743f00c7a6c,2026-06-12T12:04:51Z,1,65,0.1111111111111111,,,False,False,0,1,0.0,347.18,,0.0028803639819951917,60844169.0,NewFuture/DDNS,Python
tests/test_provider_west.py,17,callable,ok,tests.test_provider_west.TestWestProvider.test_set_record_failure_invalid_response,tests.test_provider_west.TestWestProvider.test_set_record_failure_invalid_response,93d4698ff7000b7c585e248ad9746743f00c7a6c,2026-06-12T12:04:51Z,93d4698ff7000b7c585e248ad9746743f00c7a6c,2026-06-12T12:04:51Z,1,65,0.1111111111111111,,,False,False,0,1,0.0,347.18,,0.0028803639819951917,60844169.0,NewFuture/DDNS,Python
tests/test_provider_west.py,18,callable,ok,tests.test_provider_west.TestWestProvider.test_set_record_failure_exception,tests.test_provider_west.TestWestProvider.test_set_record_failure_exception,93d4698ff7000b7c585e248ad9746743f00c7a6c,2026-06-12T12:04:51Z,93d4698ff7000b7c585e248ad9746743f00c7a6c,2026-06-12T12:04:51Z,1,65,0.1111111111111111,,,False,False,0,1,0.0,347.18,,0.0028803639819951917,60844169.0,NewFuture/DDNS,Python
tests/test_provider_west.py,19,callable,ok,tests.test_provider_west.TestWestProvider.test_set_record_auth_domain_mode,tests.test_provider_west.TestWestProvider.test_set_record_auth_domain_mode,93d4698ff7000b7c585e248ad9746743f00c7a6c,2026-06-12T12:04:51Z,93d4698ff7000b7c585e248ad9746743f00c7a6c,2026-06-12T12:04:51Z,1,65,0.08333333333333333,,,False,False,0,1,0.0,347.18,,0.0028803639819951917,60844169.0,NewFuture/DDNS,Python
tests/test_provider_west.py,20,callable,ok,tests.test_provider_west.TestWestProvider.test_set_record_auth_account_mode,tests.test_provider_west.TestWestProvider.test_set_record_auth_account_mode,93d4698ff7000b7c585e248ad9746743f00c7a6c,2026-06-12T12:04:51Z,93d4698ff7000b7c585e248ad9746743f00c7a6c,2026-06-12T12:04:51Z,1,65,0.08333333333333333,,,False,False,0,1,0.0,347.18,,0.0028803639819951917,60844169.0,NewFuture/DDNS,Python
tests/test_provider_west.py,21,callable,ok,tests.test_provider_west.TestWestProvider.test_set_record_with_tilde_domain,tests.test_provider_west.TestWestProvider.test_set_record_with_tilde_domain,93d4698ff7000b7c585e248ad9746743f00c7a6c,2026-06-12T12:04:51Z,93d4698ff7000b7c585e248ad9746743f00c7a6c,2026-06-12T12:04:51Z,1,65,0.1,,,False,False,0,1,0.0,347.18,,0.0028803639819951917,60844169.0,NewFuture/DDNS,Python
tests/test_provider_west.py,22,callable,ok,tests.test_provider_west.TestWestProvider.test_set_record_with_plus_domain,tests.test_provider_west.TestWestProvider.test_set_record_with_plus_domain,93d4698ff7000b7c585e248ad9746743f00c7a6c,2026-06-12T12:04:51Z,93d4698ff7000b7c585e248ad9746743f00c7a6c,2026-06-12T12:04:51Z,1,65,0.1,,,False,False,0,1,0.0,347.18,,0.0028803639819951917,60844169.0,NewFuture/DDNS,Python
tests/test_provider_west.py,23,callable,ok,tests.test_provider_west.TestWestProvider.test_set_record_domain_lowercase,tests.test_provider_west.TestWestProvider.test_set_record_domain_lowercase,93d4698ff7000b7c585e248ad9746743f00c7a6c,2026-06-12T12:04:51Z,93d4698ff7000b7c585e248ad9746743f00c7a6c,2026-06-12T12:04:51Z,1,65,0.09090909090909091,,,False,False,0,1,0.0,347.18,,0.0028803639819951917,60844169.0,NewFuture/DDNS,Python
tests/test_provider_west.py,24,callable,ok,tests.test_provider_west.TestWestProvider.test_set_record_domain_not_found_fallback,tests.test_provider_west.TestWestProvider.test_set_record_domain_not_found_fallback,93d4698ff7000b7c585e248ad9746743f00c7a6c,2026-06-12T12:04:51Z,93d4698ff7000b7c585e248ad9746743f00c7a6c,2026-06-12T12:04:51Z,1,65,0.07692307692307693,,,False,False,0,1,0.0,347.18,,0.0028803639819951917,60844169.0,NewFuture/DDNS,Python
tests/test_provider_west.py,25,callable,ok,tests.test_provider_west.TestWestProviderIntegration.setUp,tests.test_provider_west.TestWestProviderIntegration.setUp,93d4698ff7000b7c585e248ad9746743f00c7a6c,2026-06-12T12:04:51Z,93d4698ff7000b7c585e248ad9746743f00c7a6c,2026-06-12T12:04:51Z,1,65,0.2,,,False,False,0,1,0.0,347.18,,0.0028803639819951917,60844169.0,NewFuture/DDNS,Python
tests/test_provider_west.py,26,callable,ok,tests.test_provider_west.TestWestProviderIntegration.test_full_workflow_success,tests.test_provider_west.TestWestProviderIntegration.test_full_workflow_success,93d4698ff7000b7c585e248ad9746743f00c7a6c,2026-06-12T12:04:51Z,93d4698ff7000b7c585e248ad9746743f00c7a6c,2026-06-12T12:04:51Z,1,65,0.06666666666666667,,,False,False,0,1,0.0,347.18,,0.0028803639819951917,60844169.0,NewFuture/DDNS,Python
tests/test_provider_west.py,27,callable,ok,tests.test_provider_west.TestWestProviderIntegration.test_full_workflow_with_multilevel_subdomain,tests.test_provider_west.TestWestProviderIntegration.test_full_workflow_with_multilevel_subdomain,93d4698ff7000b7c585e248ad9746743f00c7a6c,2026-06-12T12:04:51Z,93d4698ff7000b7c585e248ad9746743f00c7a6c,2026-06-12T12:04:51Z,1,65,0.1,,,False,False,0,1,0.0,347.18,,0.0028803639819951917,60844169.0,NewFuture/DDNS,Python
tests/test_provider_west.py,28,callable,ok,tests.test_provider_west.TestWestProviderIntegration.test_full_workflow_api_failure,tests.test_provider_west.TestWestProviderIntegration.test_full_workflow_api_failure,93d4698ff7000b7c585e248ad9746743f00c7a6c,2026-06-12T12:04:51Z,93d4698ff7000b7c585e248ad9746743f00c7a6c,2026-06-12T12:04:51Z,1,65,0.125,,,False,False,0,1,0.0,347.18,,0.0028803639819951917,60844169.0,NewFuture/DDNS,Python
tests/test_provider_west.py,29,callable,ok,tests.test_provider_west.TestWestProviderIntegration.test_workflow_with_different_record_types,tests.test_provider_west.TestWestProviderIntegration.test_workflow_with_different_record_types,93d4698ff7000b7c585e248ad9746743f00c7a6c,2026-06-12T12:04:51Z,93d4698ff7000b7c585e248ad9746743f00c7a6c,2026-06-12T12:04:51Z,1,65,0.09090909090909091,,,False,False,0,1,0.0,347.18,,0.0028803639819951917,60844169.0,NewFuture/DDNS,Python
tests/test_provider_west.py,30,callable,ok,tests.test_provider_west.TestWestProviderTryUpdate.setUp,tests.test_provider_west.TestWestProviderTryUpdate.setUp,93d4698ff7000b7c585e248ad9746743f00c7a6c,2026-06-12T12:04:51Z,93d4698ff7000b7c585e248ad9746743f00c7a6c,2026-06-12T12:04:51Z,1,65,0.2,,,False,False,0,1,0.0,347.18,,0.0028803639819951917,60844169.0,NewFuture/DDNS,Python
tests/test_provider_west.py,31,callable,ok,tests.test_provider_west.TestWestProviderTryUpdate.test_try_update_success,tests.test_provider_west.TestWestProviderTryUpdate.test_try_update_success,93d4698ff7000b7c585e248ad9746743f00c7a6c,2026-06-12T12:04:51Z,93d4698ff7000b7c585e248ad9746743f00c7a6c,2026-06-12T12:04:51Z,1,65,0.14285714285714285,,,False,False,0,1,0.0,347.18,,0.0028803639819951917,60844169.0,NewFuture/DDNS,Python
tests/test_provider_west.py,32,callable,ok,tests.test_provider_west.TestWestProviderTryUpdate.test_try_update_not_found,tests.test_provider_west.TestWestProviderTryUpdate.test_try_update_not_found,93d4698ff7000b7c585e248ad9746743f00c7a6c,2026-06-12T12:04:51Z,93d4698ff7000b7c585e248ad9746743f00c7a6c,2026-06-12T12:04:51Z,1,65,0.14285714285714285,,,False,False,0,1,0.0,347.18,,0.0028803639819951917,60844169.0,NewFuture/DDNS,Python
tests/test_provider_west.py,33,callable,ok,tests.test_provider_west.TestWestProviderTryUpdate.test_try_update_with_line,tests.test_provider_west.TestWestProviderTryUpdate.test_try_update_with_line,93d4698ff7000b7c585e248ad9746743f00c7a6c,2026-06-12T12:04:51Z,93d4698ff7000b7c585e248ad9746743f00c7a6c,2026-06-12T12:04:51Z,1,65,0.1111111111111111,,,False,False,0,1,0.0,347.18,,0.0028803639819951917,60844169.0,NewFuture/DDNS,Python
tests/test_provider_west.py,34,callable,ok,tests.test_provider_west.TestWestProviderFromRegistry.test_west_provider_registered,tests.test_provider_west.TestWestProviderFromRegistry.test_west_provider_registered,93d4698ff7000b7c585e248ad9746743f00c7a6c,2026-06-12T12:04:51Z,93d4698ff7000b7c585e248ad9746743f00c7a6c,2026-06-12T12:04:51Z,1,65,0.16666666666666666,,,False,False,0,1,0.0,347.18,,0.0028803639819951917,60844169.0,NewFuture/DDNS,Python
tests/test_provider_west.py,35,callable,ok,tests.test_provider_west.TestWestProviderFromRegistry.test_west_cn_alias_registered,tests.test_provider_west.TestWestProviderFromRegistry.test_west_cn_alias_registered,93d4698ff7000b7c585e248ad9746743f00c7a6c,2026-06-12T12:04:51Z,93d4698ff7000b7c585e248ad9746743f00c7a6c,2026-06-12T12:04:51Z,1,65,0.16666666666666666,,,False,False,0,1,0.0,347.18,,0.0028803639819951917,60844169.0,NewFuture/DDNS,Python
tests/test_provider_west.py,36,callable,ok,tests.test_provider_west.TestWestProviderFromRegistry.test_35cn_alias_registered,tests.test_provider_west.TestWestProviderFromRegistry.test_35cn_alias_registered,93d4698ff7000b7c585e248ad9746743f00c7a6c,2026-06-12T12:04:51Z,93d4698ff7000b7c585e248ad9746743f00c7a6c,2026-06-12T12:04:51Z,1,65,0.16666666666666666,,,False,False,0,1,0.0,347.18,,0.0028803639819951917,60844169.0,NewFuture/DDNS,Python
tests/test_provider_west.py,37,callable,ok,tests.test_provider_west.TestWestProviderFromRegistry.test_35_alias_not_registered,tests.test_provider_west.TestWestProviderFromRegistry.test_35_alias_not_registered,93d4698ff7000b7c585e248ad9746743f00c7a6c,2026-06-12T12:04:51Z,93d4698ff7000b7c585e248ad9746743f00c7a6c,2026-06-12T12:04:51Z,1,65,0.16666666666666666,,,False,False,0,1,0.0,347.18,,0.0028803639819951917,60844169.0,NewFuture/DDNS,Python
tests/test_scheduler_base.py,0,class,ok,tests.test_scheduler_base.MockScheduler,tests.test_scheduler_base.MockScheduler,6c24557505ff3377fdf7d8b47441fc3154a72d55,2025-08-07T17:58:43Z,6c24557505ff3377fdf7d8b47441fc3154a72d55,2025-08-07T17:58:43Z,1,374,0.045454545454545456,,,False,False,0,1,0.0,38.42,,0.026025342779970484,60844169.0,NewFuture/DDNS,Python
tests/test_scheduler_base.py,1,class,ok,tests.test_scheduler_base.TestBaseScheduler,tests.test_scheduler_base.TestBaseScheduler,6c24557505ff3377fdf7d8b47441fc3154a72d55,2025-08-07T17:58:43Z,06fceed0f7413546d3575022a19f319a796f79ef,2026-08-06T17:59:40+08:00,3,374,0.015544041450777202,0.12067067119803003,,False,False,0,3,0.0,402.09,,0.007460989989320307,60844169.0,NewFuture/DDNS,Python
tests/test_scheduler_base.py,0,callable,ok,tests.test_scheduler_base.MockScheduler.get_status,tests.test_scheduler_base.MockScheduler.get_status,6c24557505ff3377fdf7d8b47441fc3154a72d55,2025-08-07T17:58:43Z,6c24557505ff3377fdf7d8b47441fc3154a72d55,2025-08-07T17:58:43Z,1,374,0.5,,,False,False,0,1,0.0,38.42,,0.026025342779970484,60844169.0,NewFuture/DDNS,Python
tests/test_scheduler_base.py,1,callable,ok,tests.test_scheduler_base.MockScheduler.is_installed,tests.test_scheduler_base.MockScheduler.is_installed,6c24557505ff3377fdf7d8b47441fc3154a72d55,2025-08-07T17:58:43Z,6c24557505ff3377fdf7d8b47441fc3154a72d55,2025-08-07T17:58:43Z,1,374,0.5,,,False,False,0,1,0.0,38.42,,0.026025342779970484,60844169.0,NewFuture/DDNS,Python
tests/test_scheduler_base.py,2,callable,ok,tests.test_scheduler_base.MockScheduler.install,tests.test_scheduler_base.MockScheduler.install,6c24557505ff3377fdf7d8b47441fc3154a72d55,2025-08-07T17:58:43Z,6c24557505ff3377fdf7d8b47441fc3154a72d55,2025-08-07T17:58:43Z,1,374,0.5,,,False,False,0,1,0.0,38.42,,0.026025342779970484,60844169.0,NewFuture/DDNS,Python
tests/test_scheduler_base.py,3,callable,ok,tests.test_scheduler_base.MockScheduler.uninstall,tests.test_scheduler_base.MockScheduler.uninstall,6c24557505ff3377fdf7d8b47441fc3154a72d55,2025-08-07T17:58:43Z,6c24557505ff3377fdf7d8b47441fc3154a72d55,2025-08-07T17:58:43Z,1,374,0.5,,,False,False,0,1,0.0,38.42,,0.026025342779970484,60844169.0,NewFuture/DDNS,Python
tests/test_scheduler_base.py,4,callable,ok,tests.test_scheduler_base.MockScheduler.enable,tests.test_scheduler_base.MockScheduler.enable,6c24557505ff3377fdf7d8b47441fc3154a72d55,2025-08-07T17:58:43Z,6c24557505ff3377fdf7d8b47441fc3154a72d55,2025-08-07T17:58:43Z,1,374,0.5,,,False,False,0,1,0.0,38.42,,0.026025342779970484,60844169.0,NewFuture/DDNS,Python
tests/test_scheduler_base.py,5,callable,ok,tests.test_scheduler_base.MockScheduler.disable,tests.test_scheduler_base.MockScheduler.disable,6c24557505ff3377fdf7d8b47441fc3154a72d55,2025-08-07T17:58:43Z,6c24557505ff3377fdf7d8b47441fc3154a72d55,2025-08-07T17:58:43Z,1,374,0.5,,,False,False,0,1,0.0,38.42,,0.026025342779970484,60844169.0,NewFuture/DDNS,Python
tests/test_scheduler_base.py,6,callable,ok,tests.test_scheduler_base.TestBaseScheduler.setUp,tests.test_scheduler_base.TestBaseScheduler.setUp,6c24557505ff3377fdf7d8b47441fc3154a72d55,2025-08-07T17:58:43Z,6c24557505ff3377fdf7d8b47441fc3154a72d55,2025-08-07T17:58:43Z,1,374,0.3333333333333333,,,False,False,0,1,0.0,38.42,,0.026025342779970484,60844169.0,NewFuture/DDNS,Python
tests/test_scheduler_base.py,7,callable,ok,tests.test_scheduler_base.TestBaseScheduler.test_scheduler_name_property,tests.test_scheduler_base.TestBaseScheduler.test_scheduler_name_property,6c24557505ff3377fdf7d8b47441fc3154a72d55,2025-08-07T17:58:43Z,6c24557505ff3377fdf7d8b47441fc3154a72d55,2025-08-07T17:58:43Z,1,374,0.3333333333333333,,,False,False,0,1,0.0,38.42,,0.026025342779970484,60844169.0,NewFuture/DDNS,Python
tests/test_scheduler_base.py,8,callable,ok,tests.test_scheduler_base.TestBaseScheduler.test_abstract_methods_exist,tests.test_scheduler_base.TestBaseScheduler.test_abstract_methods_exist,6c24557505ff3377fdf7d8b47441fc3154a72d55,2025-08-07T17:58:43Z,6c24557505ff3377fdf7d8b47441fc3154a72d55,2025-08-07T17:58:43Z,1,374,0.125,,,False,False,0,1,0.0,38.42,,0.026025342779970484,60844169.0,NewFuture/DDNS,Python
tests/test_scheduler_base.py,9,callable,ok,tests.test_scheduler_base.TestBaseScheduler.test_build_ddns_command_basic,tests.test_scheduler_base.TestBaseScheduler.test_build_ddns_command_basic,6c24557505ff3377fdf7d8b47441fc3154a72d55,2025-08-07T17:58:43Z,14630204112c15f1b99e0a3c131b66f884235882,2025-08-14T01:02:44+08:00,2,374,0.13333333333333333,,,False,False,0,2,0.0,44.39,,0.04506005660669611,60844169.0,NewFuture/DDNS,Python
tests/test_scheduler_base.py,10,callable,ok,tests.test_scheduler_base.TestBaseScheduler.test_build_ddns_command_with_config,tests.test_scheduler_base.TestBaseScheduler.test_build_ddns_command_with_config,6c24557505ff3377fdf7d8b47441fc3154a72d55,2025-08-07T17:58:43Z,6c24557505ff3377fdf7d8b47441fc3154a72d55,2025-08-07T17:58:43Z,1,374,0.1111111111111111,,,False,False,0,1,0.0,38.42,,0.026025342779970484,60844169.0,NewFuture/DDNS,Python
tests/test_scheduler_base.py,11,callable,ok,tests.test_scheduler_base.TestBaseScheduler.test_build_ddns_command_with_lists,tests.test_scheduler_base.TestBaseScheduler.test_build_ddns_command_with_lists,6c24557505ff3377fdf7d8b47441fc3154a72d55,2025-08-07T17:58:43Z,6c24557505ff3377fdf7d8b47441fc3154a72d55,2025-08-07T17:58:43Z,1,374,0.06666666666666667,,,False,False,0,1,0.0,38.42,,0.026025342779970484,60844169.0,NewFuture/DDNS,Python
tests/test_scheduler_base.py,12,callable,ok,tests.test_scheduler_base.TestBaseScheduler.test_build_ddns_command_with_boolean_flags,tests.test_scheduler_base.TestBaseScheduler.test_build_ddns_command_with_boolean_flags,6c24557505ff3377fdf7d8b47441fc3154a72d55,2025-08-07T17:58:43Z,6c24557505ff3377fdf7d8b47441fc3154a72d55,2025-08-07T17:58:43Z,1,374,0.125,,,False,False,0,1,0.0,38.42,,0.026025342779970484,60844169.0,NewFuture/DDNS,Python
tests/test_scheduler_base.py,13,callable,ok,tests.test_scheduler_base.TestBaseScheduler.test_build_ddns_command_filters_debug_false,tests.test_scheduler_base.TestBaseScheduler.test_build_ddns_command_filters_debug_false,6c24557505ff3377fdf7d8b47441fc3154a72d55,2025-08-07T17:58:43Z,14630204112c15f1b99e0a3c131b66f884235882,2025-08-14T01:02:44+08:00,2,374,0.2,,,False,False,0,2,0.0,44.39,,0.04506005660669611,60844169.0,NewFuture/DDNS,Python
tests/test_scheduler_base.py,14,callable,ok,tests.test_scheduler_base.TestBaseScheduler.test_build_ddns_command_with_single_values,tests.test_scheduler_base.TestBaseScheduler.test_build_ddns_command_with_single_values,6c24557505ff3377fdf7d8b47441fc3154a72d55,2025-08-07T17:58:43Z,6c24557505ff3377fdf7d8b47441fc3154a72d55,2025-08-07T17:58:43Z,1,374,0.08333333333333333,,,False,False,0,1,0.0,38.42,,0.026025342779970484,60844169.0,NewFuture/DDNS,Python
tests/test_scheduler_base.py,15,callable,ok,tests.test_scheduler_base.TestBaseScheduler.test_build_ddns_command_excludes_none_values,tests.test_scheduler_base.TestBaseScheduler.test_build_ddns_command_excludes_none_values,6c24557505ff3377fdf7d8b47441fc3154a72d55,2025-08-07T17:58:43Z,6c24557505ff3377fdf7d8b47441fc3154a72d55,2025-08-07T17:58:43Z,1,374,0.09090909090909091,,,False,False,0,1,0.0,38.42,,0.026025342779970484,60844169.0,NewFuture/DDNS,Python
tests/test_scheduler_base.py,16,callable,ok,tests.test_scheduler_base.TestBaseScheduler.test_build_ddns_command_excludes_empty_lists,tests.test_scheduler_base.TestBaseScheduler.test_build_ddns_command_excludes_empty_lists,6c24557505ff3377fdf7d8b47441fc3154a72d55,2025-08-07T17:58:43Z,6c24557505ff3377fdf7d8b47441fc3154a72d55,2025-08-07T17:58:43Z,1,374,0.1,,,False,False,0,1,0.0,38.42,,0.026025342779970484,60844169.0,NewFuture/DDNS,Python
tests/test_scheduler_base.py,17,callable,ok,tests.test_scheduler_base.TestBaseScheduler.test_build_ddns_command_uses_current_python,tests.test_scheduler_base.TestBaseScheduler.test_build_ddns_command_uses_current_python,6c24557505ff3377fdf7d8b47441fc3154a72d55,2025-08-07T17:58:43Z,14630204112c15f1b99e0a3c131b66f884235882,2025-08-14T01:02:44+08:00,2,374,0.25,,,False,False,0,2,0.0,44.39,,0.04506005660669611,60844169.0,NewFuture/DDNS,Python
tests/test_scheduler_base.py,18,callable,ok,tests.test_scheduler_base.TestBaseScheduler.test_build_ddns_command_with_special_characters,tests.test_scheduler_base.TestBaseScheduler.test_build_ddns_command_with_special_characters,6c24557505ff3377fdf7d8b47441fc3154a72d55,2025-08-07T17:58:43Z,14630204112c15f1b99e0a3c131b66f884235882,2025-08-14T01:02:44+08:00,2,374,0.2222222222222222,,,False,False,0,2,0.0,44.39,,0.04506005660669611,60844169.0,NewFuture/DDNS,Python
tests/test_scheduler_base.py,19,callable,ok,tests.test_scheduler_base.TestBaseScheduler.test_all_scheduler_interface_methods,tests.test_scheduler_base.TestBaseScheduler.test_all_scheduler_interface_methods,6c24557505ff3377fdf7d8b47441fc3154a72d55,2025-08-07T17:58:43Z,6c24557505ff3377fdf7d8b47441fc3154a72d55,2025-08-07T17:58:43Z,1,374,0.038461538461538464,,,False,False,0,1,0.0,38.42,,0.026025342779970484,60844169.0,NewFuture/DDNS,Python
tests/test_scheduler_base.py,20,callable,ok,tests.test_scheduler_base.TestBaseScheduler.test_quote_command_array,tests.test_scheduler_base.TestBaseScheduler.test_quote_command_array,14630204112c15f1b99e0a3c131b66f884235882,2025-08-14T01:02:44+08:00,14630204112c15f1b99e0a3c131b66f884235882,2025-08-14T01:02:44+08:00,1,368,0.05,,,False,False,0,1,0.0,44.39,,0.022530028303348056,60844169.0,NewFuture/DDNS,Python
tests/test_scheduler_base.py,21,callable,ok,tests.test_scheduler_base.TestBaseScheduler.test_build_ddns_command_with_cache_max_age,tests.test_scheduler_base.TestBaseScheduler.test_build_ddns_command_with_cache_max_age,06fceed0f7413546d3575022a19f319a796f79ef,2026-08-06T17:59:40+08:00,06fceed0f7413546d3575022a19f319a796f79ef,2026-08-06T17:59:40+08:00,1,10,0.16666666666666666,,,False,False,0,1,0.0,402.09,,0.0024869966631067687,60844169.0,NewFuture/DDNS,Python
tests/test_scheduler_cron.py,0,class,ok,tests.test_scheduler_cron.TestCronScheduler,tests.test_scheduler_cron.TestCronScheduler,6c24557505ff3377fdf7d8b47441fc3154a72d55,2025-08-07T17:58:43Z,6f5984c5889038d9a08e673f8262625c449ea999,2025-08-16T09:20:09+08:00,4,374,0.00936768149882904,1.4222508654529091,,False,False,0,4,0.0,46.73,,0.0855969508067686,60844169.0,NewFuture/DDNS,Python
tests/test_scheduler_cron.py,0,callable,ok,tests.test_scheduler_cron.TestCronScheduler.setUp,tests.test_scheduler_cron.TestCronScheduler.setUp,6c24557505ff3377fdf7d8b47441fc3154a72d55,2025-08-07T17:58:43Z,6c24557505ff3377fdf7d8b47441fc3154a72d55,2025-08-07T17:58:43Z,1,374,0.3333333333333333,,,False,False,0,1,0.0,38.42,,0.026025342779970484,60844169.0,NewFuture/DDNS,Python
tests/test_scheduler_cron.py,1,callable,ok,tests.test_scheduler_cron.TestCronScheduler.test_install_with_version_and_date,tests.test_scheduler_cron.TestCronScheduler.test_install_with_version_and_date,6c24557505ff3377fdf7d8b47441fc3154a72d55,2025-08-07T17:58:43Z,6f5984c5889038d9a08e673f8262625c449ea999,2025-08-16T09:20:09+08:00,3,374,0.14285714285714285,0.6533687502141379,,False,False,0,3,0.0,46.73,,0.06419771310507645,60844169.0,NewFuture/DDNS,Python
tests/test_scheduler_cron.py,2,callable,ok,tests.test_scheduler_cron.TestCronScheduler.test_get_status_extracts_comments,tests.test_scheduler_cron.TestCronScheduler.test_get_status_extracts_comments,6c24557505ff3377fdf7d8b47441fc3154a72d55,2025-08-07T17:58:43Z,6f5984c5889038d9a08e673f8262625c449ea999,2025-08-16T09:20:09+08:00,2,374,0.08333333333333333,,,False,False,0,2,0.0,46.73,,0.0427984754033843,60844169.0,NewFuture/DDNS,Python
tests/test_scheduler_cron.py,3,callable,ok,tests.test_scheduler_cron.TestCronScheduler.test_get_status_handles_missing_comment_info,tests.test_scheduler_cron.TestCronScheduler.test_get_status_handles_missing_comment_info,6c24557505ff3377fdf7d8b47441fc3154a72d55,2025-08-07T17:58:43Z,6f5984c5889038d9a08e673f8262625c449ea999,2025-08-16T09:20:09+08:00,2,374,0.09523809523809523,,,False,False,0,2,0.0,46.73,,0.0427984754033843,60844169.0,NewFuture/DDNS,Python
tests/test_scheduler_cron.py,4,callable,ok,tests.test_scheduler_cron.TestCronScheduler.test_version_in_cron_entry,tests.test_scheduler_cron.TestCronScheduler.test_version_in_cron_entry,6c24557505ff3377fdf7d8b47441fc3154a72d55,2025-08-07T17:58:43Z,6f5984c5889038d9a08e673f8262625c449ea999,2025-08-16T09:20:09+08:00,4,374,0.2,1.4222508654529091,,False,False,0,4,0.0,46.73,,0.0855969508067686,60844169.0,NewFuture/DDNS,Python
tests/test_scheduler_cron.py,5,callable,ok,tests.test_scheduler_cron.TestCronScheduler.test_get_status_with_no_comment,tests.test_scheduler_cron.TestCronScheduler.test_get_status_with_no_comment,6c24557505ff3377fdf7d8b47441fc3154a72d55,2025-08-07T17:58:43Z,6f5984c5889038d9a08e673f8262625c449ea999,2025-08-16T09:20:09+08:00,2,374,0.08333333333333333,,,False,False,0,2,0.0,46.73,,0.0427984754033843,60844169.0,NewFuture/DDNS,Python
tests/test_scheduler_cron.py,6,callable,ok,tests.test_scheduler_cron.TestCronScheduler.test_modify_cron_lines_enable_disable,tests.test_scheduler_cron.TestCronScheduler.test_modify_cron_lines_enable_disable,6c24557505ff3377fdf7d8b47441fc3154a72d55,2025-08-07T17:58:43Z,6f5984c5889038d9a08e673f8262625c449ea999,2025-08-16T09:20:09+08:00,3,374,0.1111111111111111,0.6533687502141379,,False,False,0,3,0.0,46.73,,0.06419771310507645,60844169.0,NewFuture/DDNS,Python
tests/test_scheduler_cron.py,7,callable,ok,tests.test_scheduler_cron.TestCronScheduler.test_modify_cron_lines_uninstall,tests.test_scheduler_cron.TestCronScheduler.test_modify_cron_lines_uninstall,6c24557505ff3377fdf7d8b47441fc3154a72d55,2025-08-07T17:58:43Z,6f5984c5889038d9a08e673f8262625c449ea999,2025-08-16T09:20:09+08:00,3,374,0.21428571428571427,0.6533687502141379,,False,False,0,3,0.0,46.73,,0.06419771310507645,60844169.0,NewFuture/DDNS,Python
tests/test_scheduler_cron.py,8,callable,ok,tests.test_scheduler_cron.TestCronScheduler.test_real_cron_integration,tests.test_scheduler_cron.TestCronScheduler.test_real_cron_integration,6c24557505ff3377fdf7d8b47441fc3154a72d55,2025-08-07T17:58:43Z,6f5984c5889038d9a08e673f8262625c449ea999,2025-08-16T09:20:09+08:00,2,374,0.10526315789473684,,,False,False,0,2,0.0,46.73,,0.0427984754033843,60844169.0,NewFuture/DDNS,Python
tests/test_scheduler_cron.py,9,callable,ok,tests.test_scheduler_cron.TestCronScheduler._setup_real_cron_test,tests.test_scheduler_cron.TestCronScheduler._setup_real_cron_test,6c24557505ff3377fdf7d8b47441fc3154a72d55,2025-08-07T17:58:43Z,6f5984c5889038d9a08e673f8262625c449ea999,2025-08-16T09:20:09+08:00,2,374,0.18181818181818182,,,False,False,0,2,0.0,46.73,,0.0427984754033843,60844169.0,NewFuture/DDNS,Python
tests/test_scheduler_cron.py,10,callable,ok,tests.test_scheduler_cron.TestCronScheduler._cleanup_real_cron_test,tests.test_scheduler_cron.TestCronScheduler._cleanup_real_cron_test,6c24557505ff3377fdf7d8b47441fc3154a72d55,2025-08-07T17:58:43Z,6c24557505ff3377fdf7d8b47441fc3154a72d55,2025-08-07T17:58:43Z,1,374,0.1,,,False,False,0,1,0.0,38.42,,0.026025342779970484,60844169.0,NewFuture/DDNS,Python
tests/test_scheduler_cron.py,11,callable,ok,tests.test_scheduler_cron.TestCronScheduler.test_real_scheduler_methods_safe,tests.test_scheduler_cron.TestCronScheduler.test_real_scheduler_methods_safe,6c24557505ff3377fdf7d8b47441fc3154a72d55,2025-08-07T17:58:43Z,14630204112c15f1b99e0a3c131b66f884235882,2025-08-14T01:02:44+08:00,2,374,0.07142857142857142,,,False,False,0,2,0.0,44.39,,0.04506005660669611,60844169.0,NewFuture/DDNS,Python
tests/test_scheduler_cron.py,12,callable,ok,tests.test_scheduler_cron.TestCronScheduler.test_real_lifecycle_comprehensive,tests.test_scheduler_cron.TestCronScheduler.test_real_lifecycle_comprehensive,6c24557505ff3377fdf7d8b47441fc3154a72d55,2025-08-07T17:58:43Z,6f5984c5889038d9a08e673f8262625c449ea999,2025-08-16T09:20:09+08:00,2,374,0.010810810810810811,,,False,False,0,2,0.0,46.73,,0.0427984754033843,60844169.0,NewFuture/DDNS,Python
tests/test_scheduler_init.py,0,class,ok,tests.test_scheduler_init.TestSchedulerInit,tests.test_scheduler_init.TestSchedulerInit,6c24557505ff3377fdf7d8b47441fc3154a72d55,2025-08-07T17:58:43Z,d14594f14d68eecc69c09e1796cc1bffd8779ed9,2026-08-12T02:23:17+08:00,2,374,0.03333333333333333,,,False,False,0,2,0.0,407.44,,0.004908684408663317,60844169.0,NewFuture/DDNS,Python
tests/test_scheduler_init.py,1,class,ok,tests.test_scheduler_init.TestSchedulerRealFunctionality,tests.test_scheduler_init.TestSchedulerRealFunctionality,6c24557505ff3377fdf7d8b47441fc3154a72d55,2025-08-07T17:58:43Z,14630204112c15f1b99e0a3c131b66f884235882,2025-08-14T01:02:44+08:00,2,374,0.008368200836820083,,,False,False,0,2,0.0,44.39,,0.04506005660669611,60844169.0,NewFuture/DDNS,Python
tests/test_scheduler_init.py,0,callable,ok,tests.test_scheduler_init.TestSchedulerInit.test_auto_detection_returns_scheduler,tests.test_scheduler_init.TestSchedulerInit.test_auto_detection_returns_scheduler,6c24557505ff3377fdf7d8b47441fc3154a72d55,2025-08-07T17:58:43Z,6c24557505ff3377fdf7d8b47441fc3154a72d55,2025-08-07T17:58:43Z,1,374,0.1111111111111111,,,False,False,0,1,0.0,38.42,,0.026025342779970484,60844169.0,NewFuture/DDNS,Python
tests/test_scheduler_init.py,1,callable,ok,tests.test_scheduler_init.TestSchedulerInit.test_explicit_scheduler_selection,tests.test_scheduler_init.TestSchedulerInit.test_explicit_scheduler_selection,6c24557505ff3377fdf7d8b47441fc3154a72d55,2025-08-07T17:58:43Z,6c24557505ff3377fdf7d8b47441fc3154a72d55,2025-08-07T17:58:43Z,1,374,0.045454545454545456,,,False,False,0,1,0.0,38.42,,0.026025342779970484,60844169.0,NewFuture/DDNS,Python
tests/test_scheduler_init.py,2,callable,ok,tests.test_scheduler_init.TestSchedulerInit.test_invalid_scheduler_raises_error,tests.test_scheduler_init.TestSchedulerInit.test_invalid_scheduler_raises_error,6c24557505ff3377fdf7d8b47441fc3154a72d55,2025-08-07T17:58:43Z,6c24557505ff3377fdf7d8b47441fc3154a72d55,2025-08-07T17:58:43Z,1,374,0.25,,,False,False,0,1,0.0,38.42,,0.026025342779970484,60844169.0,NewFuture/DDNS,Python
tests/test_scheduler_init.py,3,callable,ok,tests.test_scheduler_init.TestSchedulerInit.test_auto_and_none_equivalent,tests.test_scheduler_init.TestSchedulerInit.test_auto_and_none_equivalent,6c24557505ff3377fdf7d8b47441fc3154a72d55,2025-08-07T17:58:43Z,6c24557505ff3377fdf7d8b47441fc3154a72d55,2025-08-07T17:58:43Z,1,374,0.2,,,False,False,0,1,0.0,38.42,,0.026025342779970484,60844169.0,NewFuture/DDNS,Python
tests/test_scheduler_init.py,4,callable,ok,tests.test_scheduler_init.TestSchedulerRealFunctionality.setUp,tests.test_scheduler_init.TestSchedulerRealFunctionality.setUp,6c24557505ff3377fdf7d8b47441fc3154a72d55,2025-08-07T17:58:43Z,6c24557505ff3377fdf7d8b47441fc3154a72d55,2025-08-07T17:58:43Z,1,374,0.2,,,False,False,0,1,0.0,38.42,,0.026025342779970484,60844169.0,NewFuture/DDNS,Python
tests/test_scheduler_init.py,5,callable,ok,tests.test_scheduler_init.TestSchedulerRealFunctionality._is_command_available,tests.test_scheduler_init.TestSchedulerRealFunctionality._is_command_available,6c24557505ff3377fdf7d8b47441fc3154a72d55,2025-08-07T17:58:43Z,6c24557505ff3377fdf7d8b47441fc3154a72d55,2025-08-07T17:58:43Z,1,374,0.1,,,False,False,0,1,0.0,38.42,,0.026025342779970484,60844169.0,NewFuture/DDNS,Python
tests/test_scheduler_init.py,6,callable,ok,tests.test_scheduler_init.TestSchedulerRealFunctionality._is_scheduler_available,tests.test_scheduler_init.TestSchedulerRealFunctionality._is_scheduler_available,6c24557505ff3377fdf7d8b47441fc3154a72d55,2025-08-07T17:58:43Z,6c24557505ff3377fdf7d8b47441fc3154a72d55,2025-08-07T17:58:43Z,1,374,0.045454545454545456,,,False,False,0,1,0.0,38.42,,0.026025342779970484,60844169.0,NewFuture/DDNS,Python
tests/test_scheduler_init.py,7,callable,ok,tests.test_scheduler_init.TestSchedulerRealFunctionality.test_scheduler_status_call,tests.test_scheduler_init.TestSchedulerRealFunctionality.test_scheduler_status_call,6c24557505ff3377fdf7d8b47441fc3154a72d55,2025-08-07T17:58:43Z,6c24557505ff3377fdf7d8b47441fc3154a72d55,2025-08-07T17:58:43Z,1,374,0.045454545454545456,,,False,False,0,1,0.0,38.42,,0.026025342779970484,60844169.0,NewFuture/DDNS,Python
tests/test_scheduler_init.py,8,callable,ok,tests.test_scheduler_init.TestSchedulerRealFunctionality.test_scheduler_is_installed_call,tests.test_scheduler_init.TestSchedulerRealFunctionality.test_scheduler_is_installed_call,6c24557505ff3377fdf7d8b47441fc3154a72d55,2025-08-07T17:58:43Z,6c24557505ff3377fdf7d8b47441fc3154a72d55,2025-08-07T17:58:43Z,1,374,0.14285714285714285,,,False,False,0,1,0.0,38.42,,0.026025342779970484,60844169.0,NewFuture/DDNS,Python
tests/test_scheduler_init.py,9,callable,ok,tests.test_scheduler_init.TestSchedulerRealFunctionality.test_scheduler_build_ddns_command,tests.test_scheduler_init.TestSchedulerRealFunctionality.test_scheduler_build_ddns_command,6c24557505ff3377fdf7d8b47441fc3154a72d55,2025-08-07T17:58:43Z,14630204112c15f1b99e0a3c131b66f884235882,2025-08-14T01:02:44+08:00,2,374,0.16666666666666666,,,False,False,0,2,0.0,44.39,,0.04506005660669611,60844169.0,NewFuture/DDNS,Python
tests/test_scheduler_init.py,10,callable,ok,tests.test_scheduler_init.TestSchedulerRealFunctionality.test_windows_scheduler_real_calls,tests.test_scheduler_init.TestSchedulerRealFunctionality.test_windows_scheduler_real_calls,6c24557505ff3377fdf7d8b47441fc3154a72d55,2025-08-07T17:58:43Z,14630204112c15f1b99e0a3c131b66f884235882,2025-08-14T01:02:44+08:00,2,374,0.08695652173913043,,,False,False,0,2,0.0,44.39,,0.04506005660669611,60844169.0,NewFuture/DDNS,Python
tests/test_scheduler_init.py,11,callable,ok,tests.test_scheduler_init.TestSchedulerRealFunctionality.test_systemd_scheduler_real_calls,tests.test_scheduler_init.TestSchedulerRealFunctionality.test_systemd_scheduler_real_calls,6c24557505ff3377fdf7d8b47441fc3154a72d55,2025-08-07T17:58:43Z,6c24557505ff3377fdf7d8b47441fc3154a72d55,2025-08-07T17:58:43Z,1,374,0.058823529411764705,,,False,False,0,1,0.0,38.42,,0.026025342779970484,60844169.0,NewFuture/DDNS,Python
tests/test_scheduler_init.py,12,callable,ok,tests.test_scheduler_init.TestSchedulerRealFunctionality.test_cron_scheduler_real_calls,tests.test_scheduler_init.TestSchedulerRealFunctionality.test_cron_scheduler_real_calls,6c24557505ff3377fdf7d8b47441fc3154a72d55,2025-08-07T17:58:43Z,6c24557505ff3377fdf7d8b47441fc3154a72d55,2025-08-07T17:58:43Z,1,374,0.058823529411764705,,,False,False,0,1,0.0,38.42,,0.026025342779970484,60844169.0,NewFuture/DDNS,Python
tests/test_scheduler_init.py,13,callable,ok,tests.test_scheduler_init.TestSchedulerRealFunctionality.test_launchd_scheduler_real_calls,tests.test_scheduler_init.TestSchedulerRealFunctionality.test_launchd_scheduler_real_calls,6c24557505ff3377fdf7d8b47441fc3154a72d55,2025-08-07T17:58:43Z,6c24557505ff3377fdf7d8b47441fc3154a72d55,2025-08-07T17:58:43Z,1,374,0.058823529411764705,,,False,False,0,1,0.0,38.42,,0.026025342779970484,60844169.0,NewFuture/DDNS,Python
tests/test_scheduler_init.py,14,callable,ok,tests.test_scheduler_init.TestSchedulerRealFunctionality.test_scheduler_methods_exist,tests.test_scheduler_init.TestSchedulerRealFunctionality.test_scheduler_methods_exist,6c24557505ff3377fdf7d8b47441fc3154a72d55,2025-08-07T17:58:43Z,6c24557505ff3377fdf7d8b47441fc3154a72d55,2025-08-07T17:58:43Z,1,374,0.07692307692307693,,,False,False,0,1,0.0,38.42,,0.026025342779970484,60844169.0,NewFuture/DDNS,Python
tests/test_scheduler_init.py,15,callable,ok,tests.test_scheduler_init.TestSchedulerRealFunctionality.test_scheduler_safe_operations,tests.test_scheduler_init.TestSchedulerRealFunctionality.test_scheduler_safe_operations,6c24557505ff3377fdf7d8b47441fc3154a72d55,2025-08-07T17:58:43Z,14630204112c15f1b99e0a3c131b66f884235882,2025-08-14T01:02:44+08:00,2,374,0.14285714285714285,,,False,False,0,2,0.0,44.39,,0.04506005660669611,60844169.0,NewFuture/DDNS,Python
tests/test_scheduler_init.py,16,callable,ok,tests.test_scheduler_init.TestSchedulerRealFunctionality.test_scheduler_real_integration,tests.test_scheduler_init.TestSchedulerRealFunctionality.test_scheduler_real_integration,6c24557505ff3377fdf7d8b47441fc3154a72d55,2025-08-07T17:58:43Z,14630204112c15f1b99e0a3c131b66f884235882,2025-08-14T01:02:44+08:00,2,374,0.04878048780487805,,,False,False,0,2,0.0,44.39,,0.04506005660669611,60844169.0,NewFuture/DDNS,Python
tests/test_scheduler_init.py,17,callable,ok,tests.test_scheduler_init.TestSchedulerInit.test_linux_exposes_systemd_and_cron_backends,tests.test_scheduler_init.TestSchedulerInit.test_linux_exposes_systemd_and_cron_backends,d14594f14d68eecc69c09e1796cc1bffd8779ed9,2026-08-12T02:23:17+08:00,d14594f14d68eecc69c09e1796cc1bffd8779ed9,2026-08-12T02:23:17+08:00,1,5,0.2,,,False,False,0,1,0.0,407.44,,0.0024543422043316583,60844169.0,NewFuture/DDNS,Python
tests/test_scheduler_init.py,18,callable,ok,tests.test_scheduler_init.TestSchedulerInit.test_macos_exposes_launchd_and_cron_backends,tests.test_scheduler_init.TestSchedulerInit.test_macos_exposes_launchd_and_cron_backends,d14594f14d68eecc69c09e1796cc1bffd8779ed9,2026-08-12T02:23:17+08:00,d14594f14d68eecc69c09e1796cc1bffd8779ed9,2026-08-12T02:23:17+08:00,1,5,0.2,,,False,False,0,1,0.0,407.44,,0.0024543422043316583,60844169.0,NewFuture/DDNS,Python
tests/test_scheduler_launchd.py,0,class,ok,tests.test_scheduler_launchd.TestLaunchdScheduler,tests.test_scheduler_launchd.TestLaunchdScheduler,6c24557505ff3377fdf7d8b47441fc3154a72d55,2025-08-07T17:58:43Z,6f5984c5889038d9a08e673f8262625c449ea999,2025-08-16T09:20:09+08:00,3,374,0.007075471698113208,0.8586450457011654,,False,False,0,3,0.0,46.73,,0.06419771310507645,60844169.0,NewFuture/DDNS,Python
tests/test_scheduler_launchd.py,0,callable,ok,tests.test_scheduler_launchd.TestLaunchdScheduler.setUp,tests.test_scheduler_launchd.TestLaunchdScheduler.setUp,6c24557505ff3377fdf7d8b47441fc3154a72d55,2025-08-07T17:58:43Z,6c24557505ff3377fdf7d8b47441fc3154a72d55,2025-08-07T17:58:43Z,1,374,0.3333333333333333,,,False,False,0,1,0.0,38.42,,0.026025342779970484,60844169.0,NewFuture/DDNS,Python
tests/test_scheduler_launchd.py,1,callable,ok,tests.test_scheduler_launchd.TestLaunchdScheduler.test_service_name_property,tests.test_scheduler_launchd.TestLaunchdScheduler.test_service_name_property,6c24557505ff3377fdf7d8b47441fc3154a72d55,2025-08-07T17:58:43Z,6c24557505ff3377fdf7d8b47441fc3154a72d55,2025-08-07T17:58:43Z,1,374,0.25,,,False,False,0,1,0.0,38.42,,0.026025342779970484,60844169.0,NewFuture/DDNS,Python
tests/test_scheduler_launchd.py,2,callable,ok,tests.test_scheduler_launchd.TestLaunchdScheduler.test_plist_path_property,tests.test_scheduler_launchd.TestLaunchdScheduler.test_plist_path_property,6c24557505ff3377fdf7d8b47441fc3154a72d55,2025-08-07T17:58:43Z,6c24557505ff3377fdf7d8b47441fc3154a72d55,2025-08-07T17:58:43Z,1,374,0.25,,,False,False,0,1,0.0,38.42,,0.026025342779970484,60844169.0,NewFuture/DDNS,Python
tests/test_scheduler_launchd.py,3,callable,ok,tests.test_scheduler_launchd.TestLaunchdScheduler.test_get_status_loaded_enabled,tests.test_scheduler_launchd.TestLaunchdScheduler.test_get_status_loaded_enabled,6c24557505ff3377fdf7d8b47441fc3154a72d55,2025-08-07T17:58:43Z,6f5984c5889038d9a08e673f8262625c449ea999,2025-08-16T09:20:09+08:00,2,374,0.06451612903225806,,,False,False,0,2,0.0,46.73,,0.0427984754033843,60844169.0,NewFuture/DDNS,Python
tests/test_scheduler_launchd.py,4,callable,ok,tests.test_scheduler_launchd.TestLaunchdScheduler.test_get_status_not_loaded,tests.test_scheduler_launchd.TestLaunchdScheduler.test_get_status_not_loaded,6c24557505ff3377fdf7d8b47441fc3154a72d55,2025-08-07T17:58:43Z,6c24557505ff3377fdf7d8b47441fc3154a72d55,2025-08-07T17:58:43Z,1,374,0.07142857142857142,,,False,False,0,1,0.0,38.42,,0.026025342779970484,60844169.0,NewFuture/DDNS,Python
tests/test_scheduler_launchd.py,5,callable,ok,tests.test_scheduler_launchd.TestLaunchdScheduler.test_is_installed_true,tests.test_scheduler_launchd.TestLaunchdScheduler.test_is_installed_true,6c24557505ff3377fdf7d8b47441fc3154a72d55,2025-08-07T17:58:43Z,6c24557505ff3377fdf7d8b47441fc3154a72d55,2025-08-07T17:58:43Z,1,374,0.16666666666666666,,,False,False,0,1,0.0,38.42,,0.026025342779970484,60844169.0,NewFuture/DDNS,Python
tests/test_scheduler_launchd.py,6,callable,ok,tests.test_scheduler_launchd.TestLaunchdScheduler.test_is_installed_false,tests.test_scheduler_launchd.TestLaunchdScheduler.test_is_installed_false,6c24557505ff3377fdf7d8b47441fc3154a72d55,2025-08-07T17:58:43Z,6c24557505ff3377fdf7d8b47441fc3154a72d55,2025-08-07T17:58:43Z,1,374,0.16666666666666666,,,False,False,0,1,0.0,38.42,,0.026025342779970484,60844169.0,NewFuture/DDNS,Python
tests/test_scheduler_launchd.py,7,callable,ok,tests.test_scheduler_launchd.TestLaunchdScheduler.test_install_with_sudo_fallback,tests.test_scheduler_launchd.TestLaunchdScheduler.test_install_with_sudo_fallback,6c24557505ff3377fdf7d8b47441fc3154a72d55,2025-08-07T17:58:43Z,6f5984c5889038d9a08e673f8262625c449ea999,2025-08-16T09:20:09+08:00,2,374,0.25,,,False,False,0,2,0.0,46.73,,0.0427984754033843,60844169.0,NewFuture/DDNS,Python
tests/test_scheduler_launchd.py,8,callable,ok,tests.test_scheduler_launchd.TestLaunchdScheduler.test_launchctl_with_sudo_retry,tests.test_scheduler_launchd.TestLaunchdScheduler.test_launchctl_with_sudo_retry,6c24557505ff3377fdf7d8b47441fc3154a72d55,2025-08-07T17:58:43Z,6f5984c5889038d9a08e673f8262625c449ea999,2025-08-16T09:20:09+08:00,2,374,0.15384615384615385,,,False,False,0,2,0.0,46.73,,0.0427984754033843,60844169.0,NewFuture/DDNS,Python
tests/test_scheduler_launchd.py,9,callable,ok,tests.test_scheduler_launchd.TestLaunchdScheduler.test_uninstall_success,tests.test_scheduler_launchd.TestLaunchdScheduler.test_uninstall_success,6c24557505ff3377fdf7d8b47441fc3154a72d55,2025-08-07T17:58:43Z,6f5984c5889038d9a08e673f8262625c449ea999,2025-08-16T09:20:09+08:00,2,374,0.25,,,False,False,0,2,0.0,46.73,,0.0427984754033843,60844169.0,NewFuture/DDNS,Python
tests/test_scheduler_launchd.py,10,callable,ok,tests.test_scheduler_launchd.TestLaunchdScheduler.test_uninstall_with_permission_handling,tests.test_scheduler_launchd.TestLaunchdScheduler.test_uninstall_with_permission_handling,6c24557505ff3377fdf7d8b47441fc3154a72d55,2025-08-07T17:58:43Z,6f5984c5889038d9a08e673f8262625c449ea999,2025-08-16T09:20:09+08:00,2,374,0.125,,,False,False,0,2,0.0,46.73,,0.0427984754033843,60844169.0,NewFuture/DDNS,Python
tests/test_scheduler_launchd.py,11,callable,ok,tests.test_scheduler_launchd.TestLaunchdScheduler.test_enable_success,tests.test_scheduler_launchd.TestLaunchdScheduler.test_enable_success,6c24557505ff3377fdf7d8b47441fc3154a72d55,2025-08-07T17:58:43Z,6f5984c5889038d9a08e673f8262625c449ea999,2025-08-16T09:20:09+08:00,2,374,0.3333333333333333,,,False,False,0,2,0.0,46.73,,0.0427984754033843,60844169.0,NewFuture/DDNS,Python
tests/test_scheduler_launchd.py,12,callable,ok,tests.test_scheduler_launchd.TestLaunchdScheduler.test_disable_success,tests.test_scheduler_launchd.TestLaunchdScheduler.test_disable_success,6c24557505ff3377fdf7d8b47441fc3154a72d55,2025-08-07T17:58:43Z,6f5984c5889038d9a08e673f8262625c449ea999,2025-08-16T09:20:09+08:00,2,374,0.4,,,False,False,0,2,0.0,46.73,,0.0427984754033843,60844169.0,NewFuture/DDNS,Python
tests/test_scheduler_launchd.py,13,callable,ok,tests.test_scheduler_launchd.TestLaunchdScheduler.test_build_ddns_command,tests.test_scheduler_launchd.TestLaunchdScheduler.test_build_ddns_command,6c24557505ff3377fdf7d8b47441fc3154a72d55,2025-08-07T17:58:43Z,14630204112c15f1b99e0a3c131b66f884235882,2025-08-14T01:02:44+08:00,2,374,0.2,,,False,False,0,2,0.0,44.39,,0.04506005660669611,60844169.0,NewFuture/DDNS,Python
tests/test_scheduler_launchd.py,14,callable,ok,tests.test_scheduler_launchd.TestLaunchdScheduler.test_real_launchctl_availability,tests.test_scheduler_launchd.TestLaunchdScheduler.test_real_launchctl_availability,6c24557505ff3377fdf7d8b47441fc3154a72d55,2025-08-07T17:58:43Z,6f5984c5889038d9a08e673f8262625c449ea999,2025-08-16T09:20:09+08:00,2,374,0.2,,,False,False,0,2,0.0,46.73,,0.0427984754033843,60844169.0,NewFuture/DDNS,Python
tests/test_scheduler_launchd.py,15,callable,ok,tests.test_scheduler_launchd.TestLaunchdScheduler.test_permission_check_methods,tests.test_scheduler_launchd.TestLaunchdScheduler.test_permission_check_methods,6c24557505ff3377fdf7d8b47441fc3154a72d55,2025-08-07T17:58:43Z,6f5984c5889038d9a08e673f8262625c449ea999,2025-08-16T09:20:09+08:00,2,374,0.06451612903225806,,,False,False,0,2,0.0,46.73,,0.0427984754033843,60844169.0,NewFuture/DDNS,Python
tests/test_scheduler_launchd.py,16,callable,ok,tests.test_scheduler_launchd.TestLaunchdScheduler.test_real_launchd_integration,tests.test_scheduler_launchd.TestLaunchdScheduler.test_real_launchd_integration,6c24557505ff3377fdf7d8b47441fc3154a72d55,2025-08-07T17:58:43Z,6f5984c5889038d9a08e673f8262625c449ea999,2025-08-16T09:20:09+08:00,2,374,0.08,,,False,False,0,2,0.0,46.73,,0.0427984754033843,60844169.0,NewFuture/DDNS,Python
tests/test_scheduler_launchd.py,17,callable,ok,tests.test_scheduler_launchd.TestLaunchdScheduler.test_real_scheduler_methods_safe,tests.test_scheduler_launchd.TestLaunchdScheduler.test_real_scheduler_methods_safe,6c24557505ff3377fdf7d8b47441fc3154a72d55,2025-08-07T17:58:43Z,6f5984c5889038d9a08e673f8262625c449ea999,2025-08-16T09:20:09+08:00,3,374,0.06818181818181818,0.8586450457011654,,False,False,0,3,0.0,46.73,,0.06419771310507645,60844169.0,NewFuture/DDNS,Python
tests/test_scheduler_launchd.py,18,callable,ok,tests.test_scheduler_launchd.TestLaunchdScheduler._setup_real_launchd_test,tests.test_scheduler_launchd.TestLaunchdScheduler._setup_real_launchd_test,6c24557505ff3377fdf7d8b47441fc3154a72d55,2025-08-07T17:58:43Z,6f5984c5889038d9a08e673f8262625c449ea999,2025-08-16T09:20:09+08:00,2,374,0.09523809523809523,,,False,False,0,2,0.0,46.73,,0.0427984754033843,60844169.0,NewFuture/DDNS,Python
tests/test_scheduler_launchd.py,19,callable,ok,tests.test_scheduler_launchd.TestLaunchdScheduler._cleanup_real_launchd_test,tests.test_scheduler_launchd.TestLaunchdScheduler._cleanup_real_launchd_test,6c24557505ff3377fdf7d8b47441fc3154a72d55,2025-08-07T17:58:43Z,6c24557505ff3377fdf7d8b47441fc3154a72d55,2025-08-07T17:58:43Z,1,374,0.041666666666666664,,,False,False,0,1,0.0,38.42,,0.026025342779970484,60844169.0,NewFuture/DDNS,Python
tests/test_scheduler_launchd.py,20,callable,ok,tests.test_scheduler_launchd.TestLaunchdScheduler.test_real_lifecycle_comprehensive,tests.test_scheduler_launchd.TestLaunchdScheduler.test_real_lifecycle_comprehensive,6c24557505ff3377fdf7d8b47441fc3154a72d55,2025-08-07T17:58:43Z,6c24557505ff3377fdf7d8b47441fc3154a72d55,2025-08-07T17:58:43Z,1,374,0.010101010101010102,,,False,False,0,1,0.0,38.42,,0.026025342779970484,60844169.0,NewFuture/DDNS,Python
tests/test_scheduler_schtasks.py,0,class,ok,tests.test_scheduler_schtasks.TestSchtasksScheduler,tests.test_scheduler_schtasks.TestSchtasksScheduler,6c24557505ff3377fdf7d8b47441fc3154a72d55,2025-08-07T17:58:43Z,6f5984c5889038d9a08e673f8262625c449ea999,2025-08-16T09:20:09+08:00,3,374,0.009615384615384616,0.8586450457011654,,False,False,0,3,0.0,46.73,,0.06419771310507645,60844169.0,NewFuture/DDNS,Python
tests/test_scheduler_schtasks.py,0,callable,ok,tests.test_scheduler_schtasks.TestSchtasksScheduler.setUp,tests.test_scheduler_schtasks.TestSchtasksScheduler.setUp,6c24557505ff3377fdf7d8b47441fc3154a72d55,2025-08-07T17:58:43Z,6c24557505ff3377fdf7d8b47441fc3154a72d55,2025-08-07T17:58:43Z,1,374,0.3333333333333333,,,False,False,0,1,0.0,38.42,,0.026025342779970484,60844169.0,NewFuture/DDNS,Python
tests/test_scheduler_schtasks.py,1,callable,ok,tests.test_scheduler_schtasks.TestSchtasksScheduler.test_task_name_property,tests.test_scheduler_schtasks.TestSchtasksScheduler.test_task_name_property,6c24557505ff3377fdf7d8b47441fc3154a72d55,2025-08-07T17:58:43Z,6c24557505ff3377fdf7d8b47441fc3154a72d55,2025-08-07T17:58:43Z,1,374,0.25,,,False,False,0,1,0.0,38.42,,0.026025342779970484,60844169.0,NewFuture/DDNS,Python
tests/test_scheduler_schtasks.py,2,callable,ok,tests.test_scheduler_schtasks.TestSchtasksScheduler.test_get_status_installed_enabled,tests.test_scheduler_schtasks.TestSchtasksScheduler.test_get_status_installed_enabled,6c24557505ff3377fdf7d8b47441fc3154a72d55,2025-08-07T17:58:43Z,14630204112c15f1b99e0a3c131b66f884235882,2025-08-14T01:02:44+08:00,2,374,0.06060606060606061,,,False,False,0,2,0.0,44.39,,0.04506005660669611,60844169.0,NewFuture/DDNS,Python
tests/test_scheduler_schtasks.py,3,callable,ok,tests.test_scheduler_schtasks.TestSchtasksScheduler.test_get_status_not_installed,tests.test_scheduler_schtasks.TestSchtasksScheduler.test_get_status_not_installed,6c24557505ff3377fdf7d8b47441fc3154a72d55,2025-08-07T17:58:43Z,6f5984c5889038d9a08e673f8262625c449ea999,2025-08-16T09:20:09+08:00,2,374,0.16666666666666666,,,False,False,0,2,0.0,46.73,,0.0427984754033843,60844169.0,NewFuture/DDNS,Python
tests/test_scheduler_schtasks.py,4,callable,ok,tests.test_scheduler_schtasks.TestSchtasksScheduler.test_is_installed_true,tests.test_scheduler_schtasks.TestSchtasksScheduler.test_is_installed_true,6c24557505ff3377fdf7d8b47441fc3154a72d55,2025-08-07T17:58:43Z,6c24557505ff3377fdf7d8b47441fc3154a72d55,2025-08-07T17:58:43Z,1,374,0.16666666666666666,,,False,False,0,1,0.0,38.42,,0.026025342779970484,60844169.0,NewFuture/DDNS,Python
tests/test_scheduler_schtasks.py,5,callable,ok,tests.test_scheduler_schtasks.TestSchtasksScheduler.test_is_installed_false,tests.test_scheduler_schtasks.TestSchtasksScheduler.test_is_installed_false,6c24557505ff3377fdf7d8b47441fc3154a72d55,2025-08-07T17:58:43Z,6c24557505ff3377fdf7d8b47441fc3154a72d55,2025-08-07T17:58:43Z,1,374,0.16666666666666666,,,False,False,0,1,0.0,38.42,,0.026025342779970484,60844169.0,NewFuture/DDNS,Python
tests/test_scheduler_schtasks.py,6,callable,ok,tests.test_scheduler_schtasks.TestSchtasksScheduler.test_install_success,tests.test_scheduler_schtasks.TestSchtasksScheduler.test_install_success,6c24557505ff3377fdf7d8b47441fc3154a72d55,2025-08-07T17:58:43Z,14630204112c15f1b99e0a3c131b66f884235882,2025-08-14T01:02:44+08:00,2,374,0.25,,,False,False,0,2,0.0,44.39,,0.04506005660669611,60844169.0,NewFuture/DDNS,Python
tests/test_scheduler_schtasks.py,7,callable,ok,tests.test_scheduler_schtasks.TestSchtasksScheduler.test_uninstall_success,tests.test_scheduler_schtasks.TestSchtasksScheduler.test_uninstall_success,6c24557505ff3377fdf7d8b47441fc3154a72d55,2025-08-07T17:58:43Z,6c24557505ff3377fdf7d8b47441fc3154a72d55,2025-08-07T17:58:43Z,1,374,0.14285714285714285,,,False,False,0,1,0.0,38.42,,0.026025342779970484,60844169.0,NewFuture/DDNS,Python
tests/test_scheduler_schtasks.py,8,callable,ok,tests.test_scheduler_schtasks.TestSchtasksScheduler.test_enable_success,tests.test_scheduler_schtasks.TestSchtasksScheduler.test_enable_success,6c24557505ff3377fdf7d8b47441fc3154a72d55,2025-08-07T17:58:43Z,6c24557505ff3377fdf7d8b47441fc3154a72d55,2025-08-07T17:58:43Z,1,374,0.14285714285714285,,,False,False,0,1,0.0,38.42,,0.026025342779970484,60844169.0,NewFuture/DDNS,Python
tests/test_scheduler_schtasks.py,9,callable,ok,tests.test_scheduler_schtasks.TestSchtasksScheduler.test_disable_success,tests.test_scheduler_schtasks.TestSchtasksScheduler.test_disable_success,6c24557505ff3377fdf7d8b47441fc3154a72d55,2025-08-07T17:58:43Z,6c24557505ff3377fdf7d8b47441fc3154a72d55,2025-08-07T17:58:43Z,1,374,0.14285714285714285,,,False,False,0,1,0.0,38.42,,0.026025342779970484,60844169.0,NewFuture/DDNS,Python
tests/test_scheduler_schtasks.py,10,callable,ok,tests.test_scheduler_schtasks.TestSchtasksScheduler.test_build_ddns_command,tests.test_scheduler_schtasks.TestSchtasksScheduler.test_build_ddns_command,6c24557505ff3377fdf7d8b47441fc3154a72d55,2025-08-07T17:58:43Z,14630204112c15f1b99e0a3c131b66f884235882,2025-08-14T01:02:44+08:00,2,374,0.14285714285714285,,,False,False,0,2,0.0,44.39,,0.04506005660669611,60844169.0,NewFuture/DDNS,Python
tests/test_scheduler_schtasks.py,11,callable,ok,tests.test_scheduler_schtasks.TestSchtasksScheduler.test_xml_extraction,tests.test_scheduler_schtasks.TestSchtasksScheduler.test_xml_extraction,6c24557505ff3377fdf7d8b47441fc3154a72d55,2025-08-07T17:58:43Z,6c24557505ff3377fdf7d8b47441fc3154a72d55,2025-08-07T17:58:43Z,1,374,0.1,,,False,False,0,1,0.0,38.42,,0.026025342779970484,60844169.0,NewFuture/DDNS,Python
tests/test_scheduler_schtasks.py,12,callable,ok,tests.test_scheduler_schtasks.TestSchtasksScheduler.test_real_schtasks_availability,tests.test_scheduler_schtasks.TestSchtasksScheduler.test_real_schtasks_availability,6c24557505ff3377fdf7d8b47441fc3154a72d55,2025-08-07T17:58:43Z,6c24557505ff3377fdf7d8b47441fc3154a72d55,2025-08-07T17:58:43Z,1,374,0.1,,,False,False,0,1,0.0,38.42,,0.026025342779970484,60844169.0,NewFuture/DDNS,Python
tests/test_scheduler_schtasks.py,13,callable,ok,tests.test_scheduler_schtasks.TestSchtasksScheduler.test_real_schtasks_integration,tests.test_scheduler_schtasks.TestSchtasksScheduler.test_real_schtasks_integration,6c24557505ff3377fdf7d8b47441fc3154a72d55,2025-08-07T17:58:43Z,6f5984c5889038d9a08e673f8262625c449ea999,2025-08-16T09:20:09+08:00,2,374,0.11764705882352941,,,False,False,0,2,0.0,46.73,,0.0427984754033843,60844169.0,NewFuture/DDNS,Python
tests/test_scheduler_schtasks.py,14,callable,ok,tests.test_scheduler_schtasks.TestSchtasksScheduler.test_real_scheduler_methods_safe,tests.test_scheduler_schtasks.TestSchtasksScheduler.test_real_scheduler_methods_safe,6c24557505ff3377fdf7d8b47441fc3154a72d55,2025-08-07T17:58:43Z,14630204112c15f1b99e0a3c131b66f884235882,2025-08-14T01:02:44+08:00,2,374,0.043478260869565216,,,False,False,0,2,0.0,44.39,,0.04506005660669611,60844169.0,NewFuture/DDNS,Python
tests/test_scheduler_schtasks.py,15,callable,ok,tests.test_scheduler_schtasks.TestSchtasksScheduler.test_real_lifecycle_install_enable_disable_uninstall,tests.test_scheduler_schtasks.TestSchtasksScheduler.test_real_lifecycle_install_enable_disable_uninstall,6c24557505ff3377fdf7d8b47441fc3154a72d55,2025-08-07T17:58:43Z,14630204112c15f1b99e0a3c131b66f884235882,2025-08-14T01:02:44+08:00,2,374,0.02197802197802198,,,False,False,0,2,0.0,44.39,,0.04506005660669611,60844169.0,NewFuture/DDNS,Python
tests/test_scheduler_systemd.py,0,class,ok,tests.test_scheduler_systemd.TestSystemdScheduler,tests.test_scheduler_systemd.TestSystemdScheduler,6c24557505ff3377fdf7d8b47441fc3154a72d55,2025-08-07T17:58:43Z,6f5984c5889038d9a08e673f8262625c449ea999,2025-08-16T09:20:09+08:00,3,374,0.008595988538681949,0.8586450457011654,,False,False,0,3,0.0,46.73,,0.06419771310507645,60844169.0,NewFuture/DDNS,Python
tests/test_scheduler_systemd.py,7,callable,ok,tests.test_scheduler_systemd.TestSystemdScheduler.test_systemctl_with_sudo_retry,tests.test_scheduler_systemd.TestSystemdScheduler.test_systemctl_with_sudo_retry,6c24557505ff3377fdf7d8b47441fc3154a72d55,2025-08-07T17:58:43Z,6c24557505ff3377fdf7d8b47441fc3154a72d55,2025-08-07T17:58:43Z,1,0,0.125,,,True,False,0,1,0.0,38.42,,0.026025342779970484,60844169.0,NewFuture/DDNS,Python
tests/test_scheduler_systemd.py,0,callable,ok,tests.test_scheduler_systemd.TestSystemdScheduler.setUp,tests.test_scheduler_systemd.TestSystemdScheduler.setUp,6c24557505ff3377fdf7d8b47441fc3154a72d55,2025-08-07T17:58:43Z,6c24557505ff3377fdf7d8b47441fc3154a72d55,2025-08-07T17:58:43Z,1,374,0.3333333333333333,,,False,False,0,1,0.0,38.42,,0.026025342779970484,60844169.0,NewFuture/DDNS,Python
tests/test_scheduler_systemd.py,1,callable,ok,tests.test_scheduler_systemd.TestSystemdScheduler.test_service_name_property,tests.test_scheduler_systemd.TestSystemdScheduler.test_service_name_property,6c24557505ff3377fdf7d8b47441fc3154a72d55,2025-08-07T17:58:43Z,6c24557505ff3377fdf7d8b47441fc3154a72d55,2025-08-07T17:58:43Z,1,374,0.3333333333333333,,,False,False,0,1,0.0,38.42,,0.026025342779970484,60844169.0,NewFuture/DDNS,Python
tests/test_scheduler_systemd.py,2,callable,ok,tests.test_scheduler_systemd.TestSystemdScheduler.test_timer_name_property,tests.test_scheduler_systemd.TestSystemdScheduler.test_timer_name_property,6c24557505ff3377fdf7d8b47441fc3154a72d55,2025-08-07T17:58:43Z,6c24557505ff3377fdf7d8b47441fc3154a72d55,2025-08-07T17:58:43Z,1,374,0.3333333333333333,,,False,False,0,1,0.0,38.42,,0.026025342779970484,60844169.0,NewFuture/DDNS,Python
tests/test_scheduler_systemd.py,3,callable,ok,tests.test_scheduler_systemd.TestSystemdScheduler.test_is_installed_true,tests.test_scheduler_systemd.TestSystemdScheduler.test_is_installed_true,6c24557505ff3377fdf7d8b47441fc3154a72d55,2025-08-07T17:58:43Z,6c24557505ff3377fdf7d8b47441fc3154a72d55,2025-08-07T17:58:43Z,1,374,0.2,,,False,False,0,1,0.0,38.42,,0.026025342779970484,60844169.0,NewFuture/DDNS,Python
tests/test_scheduler_systemd.py,4,callable,ok,tests.test_scheduler_systemd.TestSystemdScheduler.test_is_installed_false,tests.test_scheduler_systemd.TestSystemdScheduler.test_is_installed_false,6c24557505ff3377fdf7d8b47441fc3154a72d55,2025-08-07T17:58:43Z,6c24557505ff3377fdf7d8b47441fc3154a72d55,2025-08-07T17:58:43Z,1,374,0.2,,,False,False,0,1,0.0,38.42,,0.026025342779970484,60844169.0,NewFuture/DDNS,Python
tests/test_scheduler_systemd.py,5,callable,ok,tests.test_scheduler_systemd.TestSystemdScheduler.test_get_status_success,tests.test_scheduler_systemd.TestSystemdScheduler.test_get_status_success,6c24557505ff3377fdf7d8b47441fc3154a72d55,2025-08-07T17:58:43Z,6c24557505ff3377fdf7d8b47441fc3154a72d55,2025-08-07T17:58:43Z,1,374,0.045454545454545456,,,False,False,0,1,0.0,38.42,,0.026025342779970484,60844169.0,NewFuture/DDNS,Python
tests/test_scheduler_systemd.py,6,callable,ok,tests.test_scheduler_systemd.TestSystemdScheduler.test_install_with_sudo_fallback,tests.test_scheduler_systemd.TestSystemdScheduler.test_install_with_sudo_fallback,6c24557505ff3377fdf7d8b47441fc3154a72d55,2025-08-07T17:58:43Z,6c24557505ff3377fdf7d8b47441fc3154a72d55,2025-08-07T17:58:43Z,1,374,0.07142857142857142,,,False,False,0,1,0.0,38.42,,0.026025342779970484,60844169.0,NewFuture/DDNS,Python
tests/test_scheduler_systemd.py,8,callable,ok,tests.test_scheduler_systemd.TestSystemdScheduler.test_uninstall_with_permission_handling,tests.test_scheduler_systemd.TestSystemdScheduler.test_uninstall_with_permission_handling,6c24557505ff3377fdf7d8b47441fc3154a72d55,2025-08-07T17:58:43Z,6c24557505ff3377fdf7d8b47441fc3154a72d55,2025-08-07T17:58:43Z,1,374,0.08333333333333333,,,False,False,0,1,0.0,38.42,,0.026025342779970484,60844169.0,NewFuture/DDNS,Python
tests/test_scheduler_systemd.py,9,callable,ok,tests.test_scheduler_systemd.TestSystemdScheduler.test_build_ddns_command,tests.test_scheduler_systemd.TestSystemdScheduler.test_build_ddns_command,6c24557505ff3377fdf7d8b47441fc3154a72d55,2025-08-07T17:58:43Z,14630204112c15f1b99e0a3c131b66f884235882,2025-08-14T01:02:44+08:00,2,374,0.25,,,False,False,0,2,0.0,44.39,,0.04506005660669611,60844169.0,NewFuture/DDNS,Python
tests/test_scheduler_systemd.py,10,callable,ok,tests.test_scheduler_systemd.TestSystemdScheduler.test_real_systemctl_availability,tests.test_scheduler_systemd.TestSystemdScheduler.test_real_systemctl_availability,6c24557505ff3377fdf7d8b47441fc3154a72d55,2025-08-07T17:58:43Z,6f5984c5889038d9a08e673f8262625c449ea999,2025-08-16T09:20:09+08:00,2,374,0.08333333333333333,,,False,False,0,2,0.0,46.73,,0.0427984754033843,60844169.0,NewFuture/DDNS,Python
tests/test_scheduler_systemd.py,11,callable,ok,tests.test_scheduler_systemd.TestSystemdScheduler.test_permission_check_methods,tests.test_scheduler_systemd.TestSystemdScheduler.test_permission_check_methods,6c24557505ff3377fdf7d8b47441fc3154a72d55,2025-08-07T17:58:43Z,6f5984c5889038d9a08e673f8262625c449ea999,2025-08-16T09:20:09+08:00,2,374,0.15384615384615385,,,False,False,0,2,0.0,46.73,,0.0427984754033843,60844169.0,NewFuture/DDNS,Python
tests/test_scheduler_systemd.py,12,callable,ok,tests.test_scheduler_systemd.TestSystemdScheduler.test_real_systemd_integration,tests.test_scheduler_systemd.TestSystemdScheduler.test_real_systemd_integration,6c24557505ff3377fdf7d8b47441fc3154a72d55,2025-08-07T17:58:43Z,6f5984c5889038d9a08e673f8262625c449ea999,2025-08-16T09:20:09+08:00,2,374,0.07692307692307693,,,False,False,0,2,0.0,46.73,,0.0427984754033843,60844169.0,NewFuture/DDNS,Python
tests/test_scheduler_systemd.py,13,callable,ok,tests.test_scheduler_systemd.TestSystemdScheduler.test_real_scheduler_methods_safe,tests.test_scheduler_systemd.TestSystemdScheduler.test_real_scheduler_methods_safe,6c24557505ff3377fdf7d8b47441fc3154a72d55,2025-08-07T17:58:43Z,6f5984c5889038d9a08e673f8262625c449ea999,2025-08-16T09:20:09+08:00,3,374,0.075,0.8586450457011654,,False,False,0,3,0.0,46.73,,0.06419771310507645,60844169.0,NewFuture/DDNS,Python
tests/test_scheduler_systemd.py,14,callable,ok,tests.test_scheduler_systemd.TestSystemdScheduler.test_real_systemd_lifecycle_operations,tests.test_scheduler_systemd.TestSystemdScheduler.test_real_systemd_lifecycle_operations,6c24557505ff3377fdf7d8b47441fc3154a72d55,2025-08-07T17:58:43Z,6f5984c5889038d9a08e673f8262625c449ea999,2025-08-16T09:20:09+08:00,2,374,0.023809523809523808,,,False,False,0,2,0.0,46.73,,0.0427984754033843,60844169.0,NewFuture/DDNS,Python
tests/test_scheduler_systemd.py,15,callable,ok,tests.test_scheduler_systemd.TestSystemdScheduler.test_real_systemd_status_consistency,tests.test_scheduler_systemd.TestSystemdScheduler.test_real_systemd_status_consistency,6c24557505ff3377fdf7d8b47441fc3154a72d55,2025-08-07T17:58:43Z,6f5984c5889038d9a08e673f8262625c449ea999,2025-08-16T09:20:09+08:00,2,374,0.05,,,False,False,0,2,0.0,46.73,,0.0427984754033843,60844169.0,NewFuture/DDNS,Python
tests/test_scheduler_systemd.py,16,callable,ok,tests.test_scheduler_systemd.TestSystemdScheduler.test_systemctl_basic_functionality,tests.test_scheduler_systemd.TestSystemdScheduler.test_systemctl_basic_functionality,6f5984c5889038d9a08e673f8262625c449ea999,2025-08-16T09:20:09+08:00,6f5984c5889038d9a08e673f8262625c449ea999,2025-08-16T09:20:09+08:00,1,366,0.07142857142857142,,,False,False,0,1,0.0,46.73,,0.02139923770169215,60844169.0,NewFuture/DDNS,Python
tests/test_util_comment.py,0,class,ok,tests.test_util_comment.TestRemoveComment,tests.test_util_comment.TestRemoveComment,d9b0b825d1495989a0bbf55fb47749d97a9ac875,2025-07-13T02:58:38Z,d9b0b825d1495989a0bbf55fb47749d97a9ac875,2025-07-13T02:58:38Z,1,400,0.004273504273504274,,,False,False,0,1,0.0,12.8,,0.07813093442427269,60844169.0,NewFuture/DDNS,Python
tests/test_util_comment.py,0,callable,ok,tests.test_util_comment.TestRemoveComment.test_remove_comment_empty_string,tests.test_util_comment.TestRemoveComment.test_remove_comment_empty_string,d9b0b825d1495989a0bbf55fb47749d97a9ac875,2025-07-13T02:58:38Z,d9b0b825d1495989a0bbf55fb47749d97a9ac875,2025-07-13T02:58:38Z,1,400,0.25,,,False,False,0,1,0.0,12.8,,0.07813093442427269,60844169.0,NewFuture/DDNS,Python
tests/test_util_comment.py,1,callable,ok,tests.test_util_comment.TestRemoveComment.test_remove_comment_no_comments,tests.test_util_comment.TestRemoveComment.test_remove_comment_no_comments,d9b0b825d1495989a0bbf55fb47749d97a9ac875,2025-07-13T02:58:38Z,d9b0b825d1495989a0bbf55fb47749d97a9ac875,2025-07-13T02:58:38Z,1,400,0.2,,,False,False,0,1,0.0,12.8,,0.07813093442427269,60844169.0,NewFuture/DDNS,Python
tests/test_util_comment.py,2,callable,ok,tests.test_util_comment.TestRemoveComment.test_remove_comment_hash_full_line,tests.test_util_comment.TestRemoveComment.test_remove_comment_hash_full_line,d9b0b825d1495989a0bbf55fb47749d97a9ac875,2025-07-13T02:58:38Z,d9b0b825d1495989a0bbf55fb47749d97a9ac875,2025-07-13T02:58:38Z,1,400,0.16666666666666666,,,False,False,0,1,0.0,12.8,,0.07813093442427269,60844169.0,NewFuture/DDNS,Python
tests/test_util_comment.py,3,callable,ok,tests.test_util_comment.TestRemoveComment.test_remove_comment_double_slash_full_line,tests.test_util_comment.TestRemoveComment.test_remove_comment_double_slash_full_line,d9b0b825d1495989a0bbf55fb47749d97a9ac875,2025-07-13T02:58:38Z,d9b0b825d1495989a0bbf55fb47749d97a9ac875,2025-07-13T02:58:38Z,1,400,0.16666666666666666,,,False,False,0,1,0.0,12.8,,0.07813093442427269,60844169.0,NewFuture/DDNS,Python
tests/test_util_comment.py,4,callable,ok,tests.test_util_comment.TestRemoveComment.test_remove_comment_hash_with_leading_whitespace,tests.test_util_comment.TestRemoveComment.test_remove_comment_hash_with_leading_whitespace,d9b0b825d1495989a0bbf55fb47749d97a9ac875,2025-07-13T02:58:38Z,d9b0b825d1495989a0bbf55fb47749d97a9ac875,2025-07-13T02:58:38Z,1,400,0.16666666666666666,,,False,False,0,1,0.0,12.8,,0.07813093442427269,60844169.0,NewFuture/DDNS,Python
tests/test_util_comment.py,5,callable,ok,tests.test_util_comment.TestRemoveComment.test_remove_comment_double_slash_with_leading_whitespace,tests.test_util_comment.TestRemoveComment.test_remove_comment_double_slash_with_leading_whitespace,d9b0b825d1495989a0bbf55fb47749d97a9ac875,2025-07-13T02:58:38Z,d9b0b825d1495989a0bbf55fb47749d97a9ac875,2025-07-13T02:58:38Z,1,400,0.16666666666666666,,,False,False,0,1,0.0,12.8,,0.07813093442427269,60844169.0,NewFuture/DDNS,Python
tests/test_util_comment.py,6,callable,ok,tests.test_util_comment.TestRemoveComment.test_remove_comment_hash_end_of_line,tests.test_util_comment.TestRemoveComment.test_remove_comment_hash_end_of_line,d9b0b825d1495989a0bbf55fb47749d97a9ac875,2025-07-13T02:58:38Z,d9b0b825d1495989a0bbf55fb47749d97a9ac875,2025-07-13T02:58:38Z,1,400,0.16666666666666666,,,False,False,0,1,0.0,12.8,,0.07813093442427269,60844169.0,NewFuture/DDNS,Python
tests/test_util_comment.py,7,callable,ok,tests.test_util_comment.TestRemoveComment.test_remove_comment_double_slash_end_of_line,tests.test_util_comment.TestRemoveComment.test_remove_comment_double_slash_end_of_line,d9b0b825d1495989a0bbf55fb47749d97a9ac875,2025-07-13T02:58:38Z,d9b0b825d1495989a0bbf55fb47749d97a9ac875,2025-07-13T02:58:38Z,1,400,0.16666666666666666,,,False,False,0,1,0.0,12.8,,0.07813093442427269,60844169.0,NewFuture/DDNS,Python
tests/test_util_comment.py,8,callable,ok,tests.test_util_comment.TestRemoveComment.test_remove_comment_hash_in_string_should_not_remove,tests.test_util_comment.TestRemoveComment.test_remove_comment_hash_in_string_should_not_remove,d9b0b825d1495989a0bbf55fb47749d97a9ac875,2025-07-13T02:58:38Z,d9b0b825d1495989a0bbf55fb47749d97a9ac875,2025-07-13T02:58:38Z,1,400,0.2,,,False,False,0,1,0.0,12.8,,0.07813093442427269,60844169.0,NewFuture/DDNS,Python
tests/test_util_comment.py,9,callable,ok,tests.test_util_comment.TestRemoveComment.test_remove_comment_double_slash_in_string_should_not_remove,tests.test_util_comment.TestRemoveComment.test_remove_comment_double_slash_in_string_should_not_remove,d9b0b825d1495989a0bbf55fb47749d97a9ac875,2025-07-13T02:58:38Z,d9b0b825d1495989a0bbf55fb47749d97a9ac875,2025-07-13T02:58:38Z,1,400,0.2,,,False,False,0,1,0.0,12.8,,0.07813093442427269,60844169.0,NewFuture/DDNS,Python
tests/test_util_comment.py,10,callable,ok,tests.test_util_comment.TestRemoveComment.test_remove_comment_single_quoted_string_with_hash,tests.test_util_comment.TestRemoveComment.test_remove_comment_single_quoted_string_with_hash,d9b0b825d1495989a0bbf55fb47749d97a9ac875,2025-07-13T02:58:38Z,d9b0b825d1495989a0bbf55fb47749d97a9ac875,2025-07-13T02:58:38Z,1,400,0.2,,,False,False,0,1,0.0,12.8,,0.07813093442427269,60844169.0,NewFuture/DDNS,Python
tests/test_util_comment.py,11,callable,ok,tests.test_util_comment.TestRemoveComment.test_remove_comment_single_quoted_string_with_double_slash,tests.test_util_comment.TestRemoveComment.test_remove_comment_single_quoted_string_with_double_slash,d9b0b825d1495989a0bbf55fb47749d97a9ac875,2025-07-13T02:58:38Z,d9b0b825d1495989a0bbf55fb47749d97a9ac875,2025-07-13T02:58:38Z,1,400,0.2,,,False,False,0,1,0.0,12.8,,0.07813093442427269,60844169.0,NewFuture/DDNS,Python
tests/test_util_comment.py,12,callable,ok,tests.test_util_comment.TestRemoveComment.test_remove_comment_escaped_quotes_in_string,tests.test_util_comment.TestRemoveComment.test_remove_comment_escaped_quotes_in_string,d9b0b825d1495989a0bbf55fb47749d97a9ac875,2025-07-13T02:58:38Z,d9b0b825d1495989a0bbf55fb47749d97a9ac875,2025-07-13T02:58:38Z,1,400,0.16666666666666666,,,False,False,0,1,0.0,12.8,,0.07813093442427269,60844169.0,NewFuture/DDNS,Python
tests/test_util_comment.py,13,callable,ok,tests.test_util_comment.TestRemoveComment.test_remove_comment_complex_json_with_comments,tests.test_util_comment.TestRemoveComment.test_remove_comment_complex_json_with_comments,d9b0b825d1495989a0bbf55fb47749d97a9ac875,2025-07-13T02:58:38Z,d9b0b825d1495989a0bbf55fb47749d97a9ac875,2025-07-13T02:58:38Z,1,400,0.03333333333333333,,,False,False,0,1,0.0,12.8,,0.07813093442427269,60844169.0,NewFuture/DDNS,Python
tests/test_util_comment.py,14,callable,ok,tests.test_util_comment.TestRemoveComment.test_remove_comment_mixed_comment_styles,tests.test_util_comment.TestRemoveComment.test_remove_comment_mixed_comment_styles,d9b0b825d1495989a0bbf55fb47749d97a9ac875,2025-07-13T02:58:38Z,d9b0b825d1495989a0bbf55fb47749d97a9ac875,2025-07-13T02:58:38Z,1,400,0.05555555555555555,,,False,False,0,1,0.0,12.8,,0.07813093442427269,60844169.0,NewFuture/DDNS,Python
tests/test_util_comment.py,15,callable,ok,tests.test_util_comment.TestRemoveComment.test_remove_comment_comments_with_special_chars,tests.test_util_comment.TestRemoveComment.test_remove_comment_comments_with_special_chars,d9b0b825d1495989a0bbf55fb47749d97a9ac875,2025-07-13T02:58:38Z,d9b0b825d1495989a0bbf55fb47749d97a9ac875,2025-07-13T02:58:38Z,1,400,0.08333333333333333,,,False,False,0,1,0.0,12.8,,0.07813093442427269,60844169.0,NewFuture/DDNS,Python
tests/test_util_comment.py,16,callable,ok,tests.test_util_comment.TestRemoveComment.test_remove_comment_preserve_empty_lines,tests.test_util_comment.TestRemoveComment.test_remove_comment_preserve_empty_lines,d9b0b825d1495989a0bbf55fb47749d97a9ac875,2025-07-13T02:58:38Z,d9b0b825d1495989a0bbf55fb47749d97a9ac875,2025-07-13T02:58:38Z,1,400,0.05555555555555555,,,False,False,0,1,0.0,12.8,,0.07813093442427269,60844169.0,NewFuture/DDNS,Python
tests/test_util_comment.py,17,callable,ok,tests.test_util_comment.TestRemoveComment.test_remove_comment_url_with_hash_and_comment,tests.test_util_comment.TestRemoveComment.test_remove_comment_url_with_hash_and_comment,d9b0b825d1495989a0bbf55fb47749d97a9ac875,2025-07-13T02:58:38Z,d9b0b825d1495989a0bbf55fb47749d97a9ac875,2025-07-13T02:58:38Z,1,400,0.16666666666666666,,,False,False,0,1,0.0,12.8,,0.07813093442427269,60844169.0,NewFuture/DDNS,Python
tests/test_util_comment.py,18,callable,ok,tests.test_util_comment.TestRemoveComment.test_remove_comment_json_array_with_comments,tests.test_util_comment.TestRemoveComment.test_remove_comment_json_array_with_comments,d9b0b825d1495989a0bbf55fb47749d97a9ac875,2025-07-13T02:58:38Z,d9b0b825d1495989a0bbf55fb47749d97a9ac875,2025-07-13T02:58:38Z,1,400,0.0625,,,False,False,0,1,0.0,12.8,,0.07813093442427269,60844169.0,NewFuture/DDNS,Python
tests/test_util_comment.py,19,callable,ok,tests.test_util_comment.TestRemoveComment.test_remove_comment_nested_quotes,tests.test_util_comment.TestRemoveComment.test_remove_comment_nested_quotes,d9b0b825d1495989a0bbf55fb47749d97a9ac875,2025-07-13T02:58:38Z,d9b0b825d1495989a0bbf55fb47749d97a9ac875,2025-07-13T02:58:38Z,1,400,0.14285714285714285,,,False,False,0,1,0.0,12.8,,0.07813093442427269,60844169.0,NewFuture/DDNS,Python
tests/test_util_comment.py,20,callable,ok,tests.test_util_comment.TestRemoveComment.test_remove_comment_multiple_slashes,tests.test_util_comment.TestRemoveComment.test_remove_comment_multiple_slashes,d9b0b825d1495989a0bbf55fb47749d97a9ac875,2025-07-13T02:58:38Z,d9b0b825d1495989a0bbf55fb47749d97a9ac875,2025-07-13T02:58:38Z,1,400,0.16666666666666666,,,False,False,0,1,0.0,12.8,,0.07813093442427269,60844169.0,NewFuture/DDNS,Python
tests/test_util_comment.py,21,callable,ok,tests.test_util_comment.TestRemoveComment.test_remove_comment_hash_after_double_slash_comment,tests.test_util_comment.TestRemoveComment.test_remove_comment_hash_after_double_slash_comment,d9b0b825d1495989a0bbf55fb47749d97a9ac875,2025-07-13T02:58:38Z,d9b0b825d1495989a0bbf55fb47749d97a9ac875,2025-07-13T02:58:38Z,1,400,0.16666666666666666,,,False,False,0,1,0.0,12.8,,0.07813093442427269,60844169.0,NewFuture/DDNS,Python
tests/test_util_comment.py,22,callable,ok,tests.test_util_comment.TestRemoveComment.test_remove_comment_single_line_various_formats,tests.test_util_comment.TestRemoveComment.test_remove_comment_single_line_various_formats,d9b0b825d1495989a0bbf55fb47749d97a9ac875,2025-07-13T02:58:38Z,d9b0b825d1495989a0bbf55fb47749d97a9ac875,2025-07-13T02:58:38Z,1,400,0.05263157894736842,,,False,False,0,1,0.0,12.8,,0.07813093442427269,60844169.0,NewFuture/DDNS,Python
tests/test_util_fileio.py,0,class,ok,tests.test_util_fileio.TestFileIOModule,tests.test_util_fileio.TestFileIOModule,6c24557505ff3377fdf7d8b47441fc3154a72d55,2025-08-07T17:58:43Z,f7a92b390378437e1f8be366a4e93a68f5f8ce60,2025-08-09T11:29:35+08:00,2,374,0.005277044854881266,,,False,False,0,2,0.0,39.82,,0.050225360144607184,60844169.0,NewFuture/DDNS,Python
tests/test_util_fileio.py,0,callable,ok,tests.test_util_fileio.TestFileIOModule.setUp,tests.test_util_fileio.TestFileIOModule.setUp,6c24557505ff3377fdf7d8b47441fc3154a72d55,2025-08-07T17:58:43Z,6c24557505ff3377fdf7d8b47441fc3154a72d55,2025-08-07T17:58:43Z,1,374,0.25,,,False,False,0,1,0.0,38.42,,0.026025342779970484,60844169.0,NewFuture/DDNS,Python
tests/test_util_fileio.py,1,callable,ok,tests.test_util_fileio.TestFileIOModule.tearDown,tests.test_util_fileio.TestFileIOModule.tearDown,6c24557505ff3377fdf7d8b47441fc3154a72d55,2025-08-07T17:58:43Z,6c24557505ff3377fdf7d8b47441fc3154a72d55,2025-08-07T17:58:43Z,1,374,0.3333333333333333,,,False,False,0,1,0.0,38.42,,0.026025342779970484,60844169.0,NewFuture/DDNS,Python
tests/test_util_fileio.py,2,callable,ok,tests.test_util_fileio.TestFileIOModule.test_ensure_directory_exists_success,tests.test_util_fileio.TestFileIOModule.test_ensure_directory_exists_success,6c24557505ff3377fdf7d8b47441fc3154a72d55,2025-08-07T17:58:43Z,6c24557505ff3377fdf7d8b47441fc3154a72d55,2025-08-07T17:58:43Z,1,374,0.1111111111111111,,,False,False,0,1,0.0,38.42,,0.026025342779970484,60844169.0,NewFuture/DDNS,Python
tests/test_util_fileio.py,3,callable,ok,tests.test_util_fileio.TestFileIOModule.test_ensure_directory_exists_already_exists,tests.test_util_fileio.TestFileIOModule.test_ensure_directory_exists_already_exists,6c24557505ff3377fdf7d8b47441fc3154a72d55,2025-08-07T17:58:43Z,6c24557505ff3377fdf7d8b47441fc3154a72d55,2025-08-07T17:58:43Z,1,374,0.1,,,False,False,0,1,0.0,38.42,,0.026025342779970484,60844169.0,NewFuture/DDNS,Python
tests/test_util_fileio.py,4,callable,ok,tests.test_util_fileio.TestFileIOModule.test_ensure_directory_exists_empty_path,tests.test_util_fileio.TestFileIOModule.test_ensure_directory_exists_empty_path,6c24557505ff3377fdf7d8b47441fc3154a72d55,2025-08-07T17:58:43Z,6c24557505ff3377fdf7d8b47441fc3154a72d55,2025-08-07T17:58:43Z,1,374,0.25,,,False,False,0,1,0.0,38.42,,0.026025342779970484,60844169.0,NewFuture/DDNS,Python
tests/test_util_fileio.py,5,callable,ok,tests.test_util_fileio.TestFileIOModule.test_ensure_directory_exists_makedirs_called,tests.test_util_fileio.TestFileIOModule.test_ensure_directory_exists_makedirs_called,6c24557505ff3377fdf7d8b47441fc3154a72d55,2025-08-07T17:58:43Z,6c24557505ff3377fdf7d8b47441fc3154a72d55,2025-08-07T17:58:43Z,1,374,0.1,,,False,False,0,1,0.0,38.42,,0.026025342779970484,60844169.0,NewFuture/DDNS,Python
tests/test_util_fileio.py,6,callable,ok,tests.test_util_fileio.TestFileIOModule.test_ensure_directory_exists_raises_exception,tests.test_util_fileio.TestFileIOModule.test_ensure_directory_exists_raises_exception,6c24557505ff3377fdf7d8b47441fc3154a72d55,2025-08-07T17:58:43Z,6c24557505ff3377fdf7d8b47441fc3154a72d55,2025-08-07T17:58:43Z,1,374,0.125,,,False,False,0,1,0.0,38.42,,0.026025342779970484,60844169.0,NewFuture/DDNS,Python
tests/test_util_fileio.py,7,callable,ok,tests.test_util_fileio.TestFileIOModule.test_read_file_success,tests.test_util_fileio.TestFileIOModule.test_read_file_success,6c24557505ff3377fdf7d8b47441fc3154a72d55,2025-08-07T17:58:43Z,6c24557505ff3377fdf7d8b47441fc3154a72d55,2025-08-07T17:58:43Z,1,374,0.07142857142857142,,,False,False,0,1,0.0,38.42,,0.026025342779970484,60844169.0,NewFuture/DDNS,Python
tests/test_util_fileio.py,8,callable,ok,tests.test_util_fileio.TestFileIOModule.test_read_file_nonexistent_file,tests.test_util_fileio.TestFileIOModule.test_read_file_nonexistent_file,6c24557505ff3377fdf7d8b47441fc3154a72d55,2025-08-07T17:58:43Z,6c24557505ff3377fdf7d8b47441fc3154a72d55,2025-08-07T17:58:43Z,1,374,0.25,,,False,False,0,1,0.0,38.42,,0.026025342779970484,60844169.0,NewFuture/DDNS,Python
tests/test_util_fileio.py,9,callable,ok,tests.test_util_fileio.TestFileIOModule.test_read_file_different_encoding,tests.test_util_fileio.TestFileIOModule.test_read_file_different_encoding,6c24557505ff3377fdf7d8b47441fc3154a72d55,2025-08-07T17:58:43Z,f7a92b390378437e1f8be366a4e93a68f5f8ce60,2025-08-09T11:29:35+08:00,2,374,0.125,,,False,False,0,2,0.0,39.82,,0.050225360144607184,60844169.0,NewFuture/DDNS,Python
tests/test_util_fileio.py,10,callable,ok,tests.test_util_fileio.TestFileIOModule.test_read_file_with_mock,tests.test_util_fileio.TestFileIOModule.test_read_file_with_mock,6c24557505ff3377fdf7d8b47441fc3154a72d55,2025-08-07T17:58:43Z,6c24557505ff3377fdf7d8b47441fc3154a72d55,2025-08-07T17:58:43Z,1,374,0.09090909090909091,,,False,False,0,1,0.0,38.42,,0.026025342779970484,60844169.0,NewFuture/DDNS,Python
tests/test_util_fileio.py,11,callable,ok,tests.test_util_fileio.TestFileIOModule.test_read_file_safely_success,tests.test_util_fileio.TestFileIOModule.test_read_file_safely_success,6c24557505ff3377fdf7d8b47441fc3154a72d55,2025-08-07T17:58:43Z,6c24557505ff3377fdf7d8b47441fc3154a72d55,2025-08-07T17:58:43Z,1,374,0.07692307692307693,,,False,False,0,1,0.0,38.42,,0.026025342779970484,60844169.0,NewFuture/DDNS,Python
tests/test_util_fileio.py,12,callable,ok,tests.test_util_fileio.TestFileIOModule.test_read_file_safely_nonexistent_file,tests.test_util_fileio.TestFileIOModule.test_read_file_safely_nonexistent_file,6c24557505ff3377fdf7d8b47441fc3154a72d55,2025-08-07T17:58:43Z,6c24557505ff3377fdf7d8b47441fc3154a72d55,2025-08-07T17:58:43Z,1,374,0.25,,,False,False,0,1,0.0,38.42,,0.026025342779970484,60844169.0,NewFuture/DDNS,Python
tests/test_util_fileio.py,13,callable,ok,tests.test_util_fileio.TestFileIOModule.test_read_file_safely_exception_handling,tests.test_util_fileio.TestFileIOModule.test_read_file_safely_exception_handling,6c24557505ff3377fdf7d8b47441fc3154a72d55,2025-08-07T17:58:43Z,6c24557505ff3377fdf7d8b47441fc3154a72d55,2025-08-07T17:58:43Z,1,374,0.1111111111111111,,,False,False,0,1,0.0,38.42,,0.026025342779970484,60844169.0,NewFuture/DDNS,Python
tests/test_util_fileio.py,14,callable,ok,tests.test_util_fileio.TestFileIOModule.test_read_file_safely_unicode_error,tests.test_util_fileio.TestFileIOModule.test_read_file_safely_unicode_error,6c24557505ff3377fdf7d8b47441fc3154a72d55,2025-08-07T17:58:43Z,6c24557505ff3377fdf7d8b47441fc3154a72d55,2025-08-07T17:58:43Z,1,374,0.16666666666666666,,,False,False,0,1,0.0,38.42,,0.026025342779970484,60844169.0,NewFuture/DDNS,Python
tests/test_util_fileio.py,15,callable,ok,tests.test_util_fileio.TestFileIOModule.test_write_file_success,tests.test_util_fileio.TestFileIOModule.test_write_file_success,6c24557505ff3377fdf7d8b47441fc3154a72d55,2025-08-07T17:58:43Z,6c24557505ff3377fdf7d8b47441fc3154a72d55,2025-08-07T17:58:43Z,1,374,0.06666666666666667,,,False,False,0,1,0.0,38.42,,0.026025342779970484,60844169.0,NewFuture/DDNS,Python
tests/test_util_fileio.py,16,callable,ok,tests.test_util_fileio.TestFileIOModule.test_write_file_creates_directory,tests.test_util_fileio.TestFileIOModule.test_write_file_creates_directory,6c24557505ff3377fdf7d8b47441fc3154a72d55,2025-08-07T17:58:43Z,6c24557505ff3377fdf7d8b47441fc3154a72d55,2025-08-07T17:58:43Z,1,374,0.07692307692307693,,,False,False,0,1,0.0,38.42,,0.026025342779970484,60844169.0,NewFuture/DDNS,Python
tests/test_util_fileio.py,17,callable,ok,tests.test_util_fileio.TestFileIOModule.test_write_file_with_mock,tests.test_util_fileio.TestFileIOModule.test_write_file_with_mock,6c24557505ff3377fdf7d8b47441fc3154a72d55,2025-08-07T17:58:43Z,6c24557505ff3377fdf7d8b47441fc3154a72d55,2025-08-07T17:58:43Z,1,374,0.1,,,False,False,0,1,0.0,38.42,,0.026025342779970484,60844169.0,NewFuture/DDNS,Python
tests/test_util_fileio.py,18,callable,ok,tests.test_util_fileio.TestFileIOModule.test_write_file_safely_success,tests.test_util_fileio.TestFileIOModule.test_write_file_safely_success,6c24557505ff3377fdf7d8b47441fc3154a72d55,2025-08-07T17:58:43Z,6c24557505ff3377fdf7d8b47441fc3154a72d55,2025-08-07T17:58:43Z,1,374,0.06666666666666667,,,False,False,0,1,0.0,38.42,,0.026025342779970484,60844169.0,NewFuture/DDNS,Python
tests/test_util_fileio.py,19,callable,ok,tests.test_util_fileio.TestFileIOModule.test_write_file_safely_exception_handling,tests.test_util_fileio.TestFileIOModule.test_write_file_safely_exception_handling,6c24557505ff3377fdf7d8b47441fc3154a72d55,2025-08-07T17:58:43Z,6c24557505ff3377fdf7d8b47441fc3154a72d55,2025-08-07T17:58:43Z,1,374,0.14285714285714285,,,False,False,0,1,0.0,38.42,,0.026025342779970484,60844169.0,NewFuture/DDNS,Python
tests/test_util_fileio.py,20,callable,ok,tests.test_util_fileio.TestFileIOModule.test_write_file_safely_unicode_error,tests.test_util_fileio.TestFileIOModule.test_write_file_safely_unicode_error,6c24557505ff3377fdf7d8b47441fc3154a72d55,2025-08-07T17:58:43Z,f7a92b390378437e1f8be366a4e93a68f5f8ce60,2025-08-09T11:29:35+08:00,2,374,0.14285714285714285,,,False,False,0,2,0.0,39.82,,0.050225360144607184,60844169.0,NewFuture/DDNS,Python
tests/test_util_fileio.py,21,callable,ok,tests.test_util_fileio.TestFileIOModule.test_ensure_directory_success,tests.test_util_fileio.TestFileIOModule.test_ensure_directory_success,6c24557505ff3377fdf7d8b47441fc3154a72d55,2025-08-07T17:58:43Z,6c24557505ff3377fdf7d8b47441fc3154a72d55,2025-08-07T17:58:43Z,1,374,0.08333333333333333,,,False,False,0,1,0.0,38.42,,0.026025342779970484,60844169.0,NewFuture/DDNS,Python
tests/test_util_fileio.py,22,callable,ok,tests.test_util_fileio.TestFileIOModule.test_ensure_directory_already_exists,tests.test_util_fileio.TestFileIOModule.test_ensure_directory_already_exists,6c24557505ff3377fdf7d8b47441fc3154a72d55,2025-08-07T17:58:43Z,6c24557505ff3377fdf7d8b47441fc3154a72d55,2025-08-07T17:58:43Z,1,374,0.09090909090909091,,,False,False,0,1,0.0,38.42,,0.026025342779970484,60844169.0,NewFuture/DDNS,Python
tests/test_util_fileio.py,23,callable,ok,tests.test_util_fileio.TestFileIOModule.test_ensure_directory_exception_handling,tests.test_util_fileio.TestFileIOModule.test_ensure_directory_exception_handling,6c24557505ff3377fdf7d8b47441fc3154a72d55,2025-08-07T17:58:43Z,6c24557505ff3377fdf7d8b47441fc3154a72d55,2025-08-07T17:58:43Z,1,374,0.14285714285714285,,,False,False,0,1,0.0,38.42,,0.026025342779970484,60844169.0,NewFuture/DDNS,Python
tests/test_util_fileio.py,24,callable,ok,tests.test_util_fileio.TestFileIOModule.test_ensure_directory_io_error,tests.test_util_fileio.TestFileIOModule.test_ensure_directory_io_error,6c24557505ff3377fdf7d8b47441fc3154a72d55,2025-08-07T17:58:43Z,6c24557505ff3377fdf7d8b47441fc3154a72d55,2025-08-07T17:58:43Z,1,374,0.16666666666666666,,,False,False,0,1,0.0,38.42,,0.026025342779970484,60844169.0,NewFuture/DDNS,Python
tests/test_util_fileio.py,25,callable,ok,tests.test_util_fileio.TestFileIOModule.test_integration_full_workflow,tests.test_util_fileio.TestFileIOModule.test_integration_full_workflow,6c24557505ff3377fdf7d8b47441fc3154a72d55,2025-08-07T17:58:43Z,f7a92b390378437e1f8be366a4e93a68f5f8ce60,2025-08-09T11:29:35+08:00,2,374,0.08,,,False,False,0,2,0.0,39.82,,0.050225360144607184,60844169.0,NewFuture/DDNS,Python
tests/test_util_fileio.py,26,callable,ok,tests.test_util_fileio.TestFileIOModule.test_integration_error_scenarios,tests.test_util_fileio.TestFileIOModule.test_integration_error_scenarios,6c24557505ff3377fdf7d8b47441fc3154a72d55,2025-08-07T17:58:43Z,6c24557505ff3377fdf7d8b47441fc3154a72d55,2025-08-07T17:58:43Z,1,374,0.05555555555555555,,,False,False,0,1,0.0,38.42,,0.026025342779970484,60844169.0,NewFuture/DDNS,Python
tests/test_util_fileio.py,27,callable,ok,tests.test_util_fileio.TestFileIOModule.test_utf8_encoding_support,tests.test_util_fileio.TestFileIOModule.test_utf8_encoding_support,6c24557505ff3377fdf7d8b47441fc3154a72d55,2025-08-07T17:58:43Z,f7a92b390378437e1f8be366a4e93a68f5f8ce60,2025-08-09T11:29:35+08:00,2,374,0.06060606060606061,,,False,False,0,2,0.0,39.82,,0.050225360144607184,60844169.0,NewFuture/DDNS,Python
tests/test_util_fileio.py,28,callable,ok,tests.test_util_fileio.TestFileIOModule.test_different_encodings,tests.test_util_fileio.TestFileIOModule.test_different_encodings,6c24557505ff3377fdf7d8b47441fc3154a72d55,2025-08-07T17:58:43Z,f7a92b390378437e1f8be366a4e93a68f5f8ce60,2025-08-09T11:29:35+08:00,2,374,0.09090909090909091,,,False,False,0,2,0.0,39.82,,0.050225360144607184,60844169.0,NewFuture/DDNS,Python
tests/test_util_http.py,1,class,ok,tests.test_util_http.TestCreateConnection,tests.test_util_http.TestCreateConnection,f1a764d3c2e2c6aade66f85162964e6ce9248fee,2025-07-01T19:08:11+08:00,f1a764d3c2e2c6aade66f85162964e6ce9248fee,2025-07-01T19:08:11+08:00,1,0,0.012345679012345678,,,True,False,0,1,0.0,1.14,,0.8779684784928207,60844169.0,NewFuture/DDNS,Python
tests/test_util_http.py,2,class,ok,tests.test_util_http.TestLoadSystemCaCerts,tests.test_util_http.TestLoadSystemCaCerts,f1a764d3c2e2c6aade66f85162964e6ce9248fee,2025-07-01T19:08:11+08:00,f1a764d3c2e2c6aade66f85162964e6ce9248fee,2025-07-01T19:08:11+08:00,1,0,0.02631578947368421,,,True,False,0,1,0.0,1.14,,0.8779684784928207,60844169.0,NewFuture/DDNS,Python
tests/test_util_http.py,3,class,ok,tests.test_util_http.TestCloseConnection,tests.test_util_http.TestCloseConnection,f1a764d3c2e2c6aade66f85162964e6ce9248fee,2025-07-01T19:08:11+08:00,f1a764d3c2e2c6aade66f85162964e6ce9248fee,2025-07-01T19:08:11+08:00,1,0,0.047619047619047616,,,True,False,0,1,0.0,1.14,,0.8779684784928207,60844169.0,NewFuture/DDNS,Python
tests/test_util_http.py,4,class,ok,tests.test_util_http.TestBuildRedirectUrl,tests.test_util_http.TestBuildRedirectUrl,f1a764d3c2e2c6aade66f85162964e6ce9248fee,2025-07-01T19:08:11+08:00,f1a764d3c2e2c6aade66f85162964e6ce9248fee,2025-07-01T19:08:11+08:00,1,0,0.037037037037037035,,,True,False,0,1,0.0,1.14,,0.8779684784928207,60844169.0,NewFuture/DDNS,Python
tests/test_util_http.py,0,class,ok,tests.test_util_http.TestHttpResponse,tests.test_util_http.TestHttpResponse,f1a764d3c2e2c6aade66f85162964e6ce9248fee,2025-07-01T19:08:11+08:00,96b4ca2e0c55a21eb88a7ec2bbdf1dd75be10baf,2025-07-18T02:54:09+08:00,3,411,0.041666666666666664,0.8086429205580721,,False,False,0,3,0.0,17.46,,0.17179591017035764,60844169.0,NewFuture/DDNS,Python
tests/test_util_http.py,5,class,ok,tests.test_util_http.TestDecodeResponseBody,tests.test_util_http.TestDecodeResponseBody,f1a764d3c2e2c6aade66f85162964e6ce9248fee,2025-07-01T19:08:11+08:00,f1a764d3c2e2c6aade66f85162964e6ce9248fee,2025-07-01T19:08:11+08:00,1,411,0.017857142857142856,,,False,False,0,1,0.0,1.14,,0.8779684784928207,60844169.0,NewFuture/DDNS,Python
tests/test_util_http.py,6,class,ok,tests.test_util_http.TestSendHttpRequest,tests.test_util_http.TestSendHttpRequest,f1a764d3c2e2c6aade66f85162964e6ce9248fee,2025-07-01T19:08:11+08:00,6e3d3560c725177ecab74f4880981a6dc7bc190d,2026-08-15T22:23:27+08:00,9,411,0.03543307086614173,0.4538406572262059,,False,False,0,9,0.0,411.27,,0.021883189750697394,60844169.0,NewFuture/DDNS,Python
tests/test_util_http.py,7,class,ok,tests.test_util_http.TestUserAgent,tests.test_util_http.TestUserAgent,e66dcf024059173deb9b02ba801b1ed5f9279401,2025-07-22T01:46:01Z,6e3d3560c725177ecab74f4880981a6dc7bc190d,2026-08-15T22:23:27+08:00,2,391,0.017241379310344827,,,False,False,0,2,0.0,411.27,,0.004862931055710532,60844169.0,NewFuture/DDNS,Python
tests/test_util_http.py,7,callable,ok,tests.test_util_http.TestCreateConnection.test_create_http_connection,tests.test_util_http.TestCreateConnection.test_create_http_connection,f1a764d3c2e2c6aade66f85162964e6ce9248fee,2025-07-01T19:08:11+08:00,f1a764d3c2e2c6aade66f85162964e6ce9248fee,2025-07-01T19:08:11+08:00,1,0,0.1,,,True,False,0,1,0.0,1.14,,0.8779684784928207,60844169.0,NewFuture/DDNS,Python
tests/test_util_http.py,8,callable,ok,tests.test_util_http.TestCreateConnection.test_create_https_connection_default_ssl,tests.test_util_http.TestCreateConnection.test_create_https_connection_default_ssl,f1a764d3c2e2c6aade66f85162964e6ce9248fee,2025-07-01T19:08:11+08:00,f1a764d3c2e2c6aade66f85162964e6ce9248fee,2025-07-01T19:08:11+08:00,1,0,0.09090909090909091,,,True,False,0,1,0.0,1.14,,0.8779684784928207,60844169.0,NewFuture/DDNS,Python
tests/test_util_http.py,9,callable,ok,tests.test_util_http.TestCreateConnection.test_create_https_connection_no_ssl_verify,tests.test_util_http.TestCreateConnection.test_create_https_connection_no_ssl_verify,f1a764d3c2e2c6aade66f85162964e6ce9248fee,2025-07-01T19:08:11+08:00,f1a764d3c2e2c6aade66f85162964e6ce9248fee,2025-07-01T19:08:11+08:00,1,0,0.07692307692307693,,,True,False,0,1,0.0,1.14,,0.8779684784928207,60844169.0,NewFuture/DDNS,Python
tests/test_util_http.py,10,callable,ok,tests.test_util_http.TestCreateConnection.test_create_connection_with_proxy,tests.test_util_http.TestCreateConnection.test_create_connection_with_proxy,f1a764d3c2e2c6aade66f85162964e6ce9248fee,2025-07-01T19:08:11+08:00,f1a764d3c2e2c6aade66f85162964e6ce9248fee,2025-07-01T19:08:11+08:00,1,0,0.1,,,True,False,0,1,0.0,1.14,,0.8779684784928207,60844169.0,NewFuture/DDNS,Python
tests/test_util_http.py,11,callable,ok,tests.test_util_http.TestCreateConnection.test_create_https_connection_custom_ca_success,tests.test_util_http.TestCreateConnection.test_create_https_connection_custom_ca_success,f1a764d3c2e2c6aade66f85162964e6ce9248fee,2025-07-01T19:08:11+08:00,f1a764d3c2e2c6aade66f85162964e6ce9248fee,2025-07-01T19:08:11+08:00,1,0,0.09090909090909091,,,True,False,0,1,0.0,1.14,,0.8779684784928207,60844169.0,NewFuture/DDNS,Python
tests/test_util_http.py,12,callable,ok,tests.test_util_http.TestCreateConnection.test_create_https_connection_custom_ca_failure,tests.test_util_http.TestCreateConnection.test_create_https_connection_custom_ca_failure,f1a764d3c2e2c6aade66f85162964e6ce9248fee,2025-07-01T19:08:11+08:00,f1a764d3c2e2c6aade66f85162964e6ce9248fee,2025-07-01T19:08:11+08:00,1,0,0.1111111111111111,,,True,False,0,1,0.0,1.14,,0.8779684784928207,60844169.0,NewFuture/DDNS,Python
tests/test_util_http.py,13,callable,ok,tests.test_util_http.TestLoadSystemCaCerts.test_load_ca_certs_success,tests.test_util_http.TestLoadSystemCaCerts.test_load_ca_certs_success,f1a764d3c2e2c6aade66f85162964e6ce9248fee,2025-07-01T19:08:11+08:00,f1a764d3c2e2c6aade66f85162964e6ce9248fee,2025-07-01T19:08:11+08:00,1,0,0.1111111111111111,,,True,False,0,1,0.0,1.14,,0.8779684784928207,60844169.0,NewFuture/DDNS,Python
tests/test_util_http.py,14,callable,ok,tests.test_util_http.TestLoadSystemCaCerts.test_load_ca_certs_no_files,tests.test_util_http.TestLoadSystemCaCerts.test_load_ca_certs_no_files,f1a764d3c2e2c6aade66f85162964e6ce9248fee,2025-07-01T19:08:11+08:00,f1a764d3c2e2c6aade66f85162964e6ce9248fee,2025-07-01T19:08:11+08:00,1,0,0.1111111111111111,,,True,False,0,1,0.0,1.14,,0.8779684784928207,60844169.0,NewFuture/DDNS,Python
tests/test_util_http.py,15,callable,ok,tests.test_util_http.TestLoadSystemCaCerts.test_load_ca_certs_partial_failure,tests.test_util_http.TestLoadSystemCaCerts.test_load_ca_certs_partial_failure,f1a764d3c2e2c6aade66f85162964e6ce9248fee,2025-07-01T19:08:11+08:00,f1a764d3c2e2c6aade66f85162964e6ce9248fee,2025-07-01T19:08:11+08:00,1,0,0.09090909090909091,,,True,False,0,1,0.0,1.14,,0.8779684784928207,60844169.0,NewFuture/DDNS,Python
tests/test_util_http.py,16,callable,ok,tests.test_util_http.TestCloseConnection.test_close_connection_success,tests.test_util_http.TestCloseConnection.test_close_connection_success,f1a764d3c2e2c6aade66f85162964e6ce9248fee,2025-07-01T19:08:11+08:00,f1a764d3c2e2c6aade66f85162964e6ce9248fee,2025-07-01T19:08:11+08:00,1,0,0.14285714285714285,,,True,False,0,1,0.0,1.14,,0.8779684784928207,60844169.0,NewFuture/DDNS,Python
tests/test_util_http.py,17,callable,ok,tests.test_util_http.TestCloseConnection.test_close_connection_failure,tests.test_util_http.TestCloseConnection.test_close_connection_failure,f1a764d3c2e2c6aade66f85162964e6ce9248fee,2025-07-01T19:08:11+08:00,f1a764d3c2e2c6aade66f85162964e6ce9248fee,2025-07-01T19:08:11+08:00,1,0,0.1111111111111111,,,True,False,0,1,0.0,1.14,,0.8779684784928207,60844169.0,NewFuture/DDNS,Python
tests/test_util_http.py,18,callable,ok,tests.test_util_http.TestBuildRedirectUrl.test_absolute_url,tests.test_util_http.TestBuildRedirectUrl.test_absolute_url,f1a764d3c2e2c6aade66f85162964e6ce9248fee,2025-07-01T19:08:11+08:00,f1a764d3c2e2c6aade66f85162964e6ce9248fee,2025-07-01T19:08:11+08:00,1,0,0.25,,,True,False,0,1,0.0,1.14,,0.8779684784928207,60844169.0,NewFuture/DDNS,Python
tests/test_util_http.py,19,callable,ok,tests.test_util_http.TestBuildRedirectUrl.test_absolute_path,tests.test_util_http.TestBuildRedirectUrl.test_absolute_path,f1a764d3c2e2c6aade66f85162964e6ce9248fee,2025-07-01T19:08:11+08:00,f1a764d3c2e2c6aade66f85162964e6ce9248fee,2025-07-01T19:08:11+08:00,1,0,0.25,,,True,False,0,1,0.0,1.14,,0.8779684784928207,60844169.0,NewFuture/DDNS,Python
tests/test_util_http.py,20,callable,ok,tests.test_util_http.TestBuildRedirectUrl.test_relative_path,tests.test_util_http.TestBuildRedirectUrl.test_relative_path,f1a764d3c2e2c6aade66f85162964e6ce9248fee,2025-07-01T19:08:11+08:00,f1a764d3c2e2c6aade66f85162964e6ce9248fee,2025-07-01T19:08:11+08:00,1,0,0.25,,,True,False,0,1,0.0,1.14,,0.8779684784928207,60844169.0,NewFuture/DDNS,Python
tests/test_util_http.py,21,callable,ok,tests.test_util_http.TestBuildRedirectUrl.test_relative_path_root,tests.test_util_http.TestBuildRedirectUrl.test_relative_path_root,f1a764d3c2e2c6aade66f85162964e6ce9248fee,2025-07-01T19:08:11+08:00,f1a764d3c2e2c6aade66f85162964e6ce9248fee,2025-07-01T19:08:11+08:00,1,0,0.25,,,True,False,0,1,0.0,1.14,,0.8779684784928207,60844169.0,NewFuture/DDNS,Python
tests/test_util_http.py,22,callable,ok,tests.test_util_http.TestBuildRedirectUrl.test_relative_path_no_slash,tests.test_util_http.TestBuildRedirectUrl.test_relative_path_no_slash,f1a764d3c2e2c6aade66f85162964e6ce9248fee,2025-07-01T19:08:11+08:00,f1a764d3c2e2c6aade66f85162964e6ce9248fee,2025-07-01T19:08:11+08:00,1,0,0.25,,,True,False,0,1,0.0,1.14,,0.8779684784928207,60844169.0,NewFuture/DDNS,Python
tests/test_util_http.py,32,callable,ok,tests.test_util_http.TestSendHttpRequest.test_http_request_success,tests.test_util_http.TestSendHttpRequest.test_http_request_success,f1a764d3c2e2c6aade66f85162964e6ce9248fee,2025-07-01T19:08:11+08:00,f1a764d3c2e2c6aade66f85162964e6ce9248fee,2025-07-01T19:08:11+08:00,1,0,0.041666666666666664,,,True,False,0,1,0.0,1.14,,0.8779684784928207,60844169.0,NewFuture/DDNS,Python
tests/test_util_http.py,33,callable,ok,tests.test_util_http.TestSendHttpRequest.test_https_request_success,tests.test_util_http.TestSendHttpRequest.test_https_request_success,f1a764d3c2e2c6aade66f85162964e6ce9248fee,2025-07-01T19:08:11+08:00,f1a764d3c2e2c6aade66f85162964e6ce9248fee,2025-07-01T19:08:11+08:00,1,0,0.05555555555555555,,,True,False,0,1,0.0,1.14,,0.8779684784928207,60844169.0,NewFuture/DDNS,Python
tests/test_util_http.py,34,callable,ok,tests.test_util_http.TestSendHttpRequest.test_request_with_body_and_headers,tests.test_util_http.TestSendHttpRequest.test_request_with_body_and_headers,f1a764d3c2e2c6aade66f85162964e6ce9248fee,2025-07-01T19:08:11+08:00,f1a764d3c2e2c6aade66f85162964e6ce9248fee,2025-07-01T19:08:11+08:00,1,0,0.047619047619047616,,,True,False,0,1,0.0,1.14,,0.8779684784928207,60844169.0,NewFuture/DDNS,Python
tests/test_util_http.py,35,callable,ok,tests.test_util_http.TestSendHttpRequest.test_request_with_query_params,tests.test_util_http.TestSendHttpRequest.test_request_with_query_params,f1a764d3c2e2c6aade66f85162964e6ce9248fee,2025-07-01T19:08:11+08:00,f1a764d3c2e2c6aade66f85162964e6ce9248fee,2025-07-01T19:08:11+08:00,1,0,0.058823529411764705,,,True,False,0,1,0.0,1.14,,0.8779684784928207,60844169.0,NewFuture/DDNS,Python
tests/test_util_http.py,36,callable,ok,tests.test_util_http.TestSendHttpRequest.test_http_error_response,tests.test_util_http.TestSendHttpRequest.test_http_error_response,f1a764d3c2e2c6aade66f85162964e6ce9248fee,2025-07-01T19:08:11+08:00,f1a764d3c2e2c6aade66f85162964e6ce9248fee,2025-07-01T19:08:11+08:00,1,0,0.05,,,True,False,0,1,0.0,1.14,,0.8779684784928207,60844169.0,NewFuture/DDNS,Python
tests/test_util_http.py,37,callable,ok,tests.test_util_http.TestSendHttpRequest.test_too_many_redirects,tests.test_util_http.TestSendHttpRequest.test_too_many_redirects,f1a764d3c2e2c6aade66f85162964e6ce9248fee,2025-07-01T19:08:11+08:00,f1a764d3c2e2c6aade66f85162964e6ce9248fee,2025-07-01T19:08:11+08:00,1,0,0.16666666666666666,,,True,False,0,1,0.0,1.14,,0.8779684784928207,60844169.0,NewFuture/DDNS,Python
tests/test_util_http.py,38,callable,ok,tests.test_util_http.TestSendHttpRequest.test_ssl_auto_fallback,tests.test_util_http.TestSendHttpRequest.test_ssl_auto_fallback,f1a764d3c2e2c6aade66f85162964e6ce9248fee,2025-07-01T19:08:11+08:00,f1a764d3c2e2c6aade66f85162964e6ce9248fee,2025-07-01T19:08:11+08:00,1,0,0.043478260869565216,,,True,False,0,1,0.0,1.14,,0.8779684784928207,60844169.0,NewFuture/DDNS,Python
tests/test_util_http.py,39,callable,ok,tests.test_util_http.TestSendHttpRequest.test_redirect_301_absolute_url,tests.test_util_http.TestSendHttpRequest.test_redirect_301_absolute_url,f1a764d3c2e2c6aade66f85162964e6ce9248fee,2025-07-01T19:08:11+08:00,f1a764d3c2e2c6aade66f85162964e6ce9248fee,2025-07-01T19:08:11+08:00,1,0,0.03571428571428571,,,True,False,0,1,0.0,1.14,,0.8779684784928207,60844169.0,NewFuture/DDNS,Python
tests/test_util_http.py,40,callable,ok,tests.test_util_http.TestSendHttpRequest.test_redirect_302_relative_path,tests.test_util_http.TestSendHttpRequest.test_redirect_302_relative_path,f1a764d3c2e2c6aade66f85162964e6ce9248fee,2025-07-01T19:08:11+08:00,f1a764d3c2e2c6aade66f85162964e6ce9248fee,2025-07-01T19:08:11+08:00,1,0,0.037037037037037035,,,True,False,0,1,0.0,1.14,,0.8779684784928207,60844169.0,NewFuture/DDNS,Python
tests/test_util_http.py,41,callable,ok,tests.test_util_http.TestSendHttpRequest.test_redirect_303_post_to_get,tests.test_util_http.TestSendHttpRequest.test_redirect_303_post_to_get,f1a764d3c2e2c6aade66f85162964e6ce9248fee,2025-07-01T19:08:11+08:00,f1a764d3c2e2c6aade66f85162964e6ce9248fee,2025-07-01T19:08:11+08:00,1,0,0.037037037037037035,,,True,False,0,1,0.0,1.14,,0.8779684784928207,60844169.0,NewFuture/DDNS,Python
tests/test_util_http.py,42,callable,ok,tests.test_util_http.TestSendHttpRequest.test_redirect_without_location_header,tests.test_util_http.TestSendHttpRequest.test_redirect_without_location_header,f1a764d3c2e2c6aade66f85162964e6ce9248fee,2025-07-01T19:08:11+08:00,f1a764d3c2e2c6aade66f85162964e6ce9248fee,2025-07-01T19:08:11+08:00,1,0,0.038461538461538464,,,True,False,0,1,0.0,1.14,,0.8779684784928207,60844169.0,NewFuture/DDNS,Python
tests/test_util_http.py,4,callable,ok,tests.test_util_http.TestHttpResponse.test_get_header_case_insensitive,tests.test_util_http.TestHttpResponse.test_headers_get_case_insensitive,f1a764d3c2e2c6aade66f85162964e6ce9248fee,2025-07-01T19:08:11+08:00,96b4ca2e0c55a21eb88a7ec2bbdf1dd75be10baf,2025-07-18T02:54:09+08:00,3,16,0.13636363636363635,0.8086429205580721,,True,True,0,3,0.0,17.46,,0.17179591017035764,60844169.0,NewFuture/DDNS,Python
tests/test_util_http.py,5,callable,ok,tests.test_util_http.TestHttpResponse.test_get_header_not_found,tests.test_util_http.TestHttpResponse.test_headers_get_not_found,f1a764d3c2e2c6aade66f85162964e6ce9248fee,2025-07-01T19:08:11+08:00,96b4ca2e0c55a21eb88a7ec2bbdf1dd75be10baf,2025-07-18T02:54:09+08:00,3,16,0.16666666666666666,0.8086429205580721,,True,True,0,3,0.0,17.46,,0.17179591017035764,60844169.0,NewFuture/DDNS,Python
tests/test_util_http.py,6,callable,ok,tests.test_util_http.TestHttpResponse.test_get_header_first_match,tests.test_util_http.TestHttpResponse.test_headers_get_first_match,f1a764d3c2e2c6aade66f85162964e6ce9248fee,2025-07-01T19:08:11+08:00,96b4ca2e0c55a21eb88a7ec2bbdf1dd75be10baf,2025-07-18T02:54:09+08:00,3,16,0.17647058823529413,0.8086429205580721,,True,True,0,3,0.0,17.46,,0.17179591017035764,60844169.0,NewFuture/DDNS,Python
tests/test_util_http.py,43,callable,ok,tests.test_util_http.TestSendHttpRequest.test_get_request_real_api,tests.test_util_http.TestSendHttpRequest.test_get_request_real_api,458f354067f7f4aeecb3ead93d119bf3bee0a8d4,2025-07-14T01:36:35+08:00,96b4ca2e0c55a21eb88a7ec2bbdf1dd75be10baf,2025-07-18T02:54:09+08:00,2,4,0.1111111111111111,,,True,False,0,2,0.0,17.46,,0.11453060678023842,60844169.0,NewFuture/DDNS,Python
tests/test_util_http.py,44,callable,ok,tests.test_util_http.TestSendHttpRequest.test_json_api_response,tests.test_util_http.TestSendHttpRequest.test_json_api_response,458f354067f7f4aeecb3ead93d119bf3bee0a8d4,2025-07-14T01:36:35+08:00,96b4ca2e0c55a21eb88a7ec2bbdf1dd75be10baf,2025-07-18T02:54:09+08:00,2,4,0.10526315789473684,,,True,False,0,2,0.0,17.46,,0.11453060678023842,60844169.0,NewFuture/DDNS,Python
tests/test_util_http.py,45,callable,ok,tests.test_util_http.TestSendHttpRequest.test_provider_api_patterns,tests.test_util_http.TestSendHttpRequest.test_provider_api_patterns,458f354067f7f4aeecb3ead93d119bf3bee0a8d4,2025-07-14T01:36:35+08:00,96b4ca2e0c55a21eb88a7ec2bbdf1dd75be10baf,2025-07-18T02:54:09+08:00,2,4,0.09090909090909091,,,True,False,0,2,0.0,17.46,,0.11453060678023842,60844169.0,NewFuture/DDNS,Python
tests/test_util_http.py,46,callable,ok,tests.test_util_http.TestSendHttpRequest.test_dns_over_https_simulation,tests.test_util_http.TestSendHttpRequest.test_dns_over_https_simulation,458f354067f7f4aeecb3ead93d119bf3bee0a8d4,2025-07-14T01:36:35+08:00,96b4ca2e0c55a21eb88a7ec2bbdf1dd75be10baf,2025-07-18T02:54:09+08:00,2,4,0.09090909090909091,,,True,False,0,2,0.0,17.46,,0.11453060678023842,60844169.0,NewFuture/DDNS,Python
tests/test_util_http.py,48,callable,ok,tests.test_util_http.TestSendHttpRequest.test_basic_auth_with_httpbin,tests.test_util_http.TestSendHttpRequest.test_basic_auth_with_httpbin,876889ed841e532a0db587c9211289ef777f2c05,2025-07-16T17:10:15Z,96b4ca2e0c55a21eb88a7ec2bbdf1dd75be10baf,2025-07-18T02:54:09+08:00,2,1,0.0625,,,True,False,0,2,0.0,17.46,,0.11453060678023842,60844169.0,NewFuture/DDNS,Python
tests/test_util_http.py,50,callable,ok,tests.test_util_http.TestSendHttpRequest.test_ssl_auto_fallback_real_network,tests.test_util_http.TestSendHttpRequest.test_ssl_auto_fallback_real_network,96b4ca2e0c55a21eb88a7ec2bbdf1dd75be10baf,2025-07-18T02:54:09+08:00,96b4ca2e0c55a21eb88a7ec2bbdf1dd75be10baf,2025-07-18T02:54:09+08:00,1,0,0.041666666666666664,,,True,False,0,1,0.0,17.46,,0.05726530339011921,60844169.0,NewFuture/DDNS,Python
tests/test_util_http.py,49,callable,ok,tests.test_util_http.TestSendHttpRequest.test_http_400_bad_request_handling,tests.test_util_http.TestSendHttpRequest.test_http_400_status_code,96b4ca2e0c55a21eb88a7ec2bbdf1dd75be10baf,2025-07-18T02:54:09+08:00,254335f407d4b1a5de28a764af03920d5e869341,2025-07-19T04:31:15Z,2,1,0.1,,,True,True,0,2,0.0,18.86,,0.10602573455647436,60844169.0,NewFuture/DDNS,Python
tests/test_util_http.py,54,callable,ok,tests.test_util_http.TestSendHttpRequest.test_comprehensive_http_requests,tests.test_util_http.TestSendHttpRequest.test_comprehensive_http_requests,254335f407d4b1a5de28a764af03920d5e869341,2025-07-19T04:31:15Z,254335f407d4b1a5de28a764af03920d5e869341,2025-07-19T04:31:15Z,1,0,0.016129032258064516,,,True,False,0,1,0.0,18.86,,0.05301286727823718,60844169.0,NewFuture/DDNS,Python
tests/test_util_http.py,57,callable,ok,tests.test_util_http.TestSendHttpRequest.test_basic_auth_with_embedded_url,tests.test_util_http.TestSendHttpRequest.test_basic_auth_with_embedded_url,254335f407d4b1a5de28a764af03920d5e869341,2025-07-19T04:31:15Z,254335f407d4b1a5de28a764af03920d5e869341,2025-07-19T04:31:15Z,1,0,0.027777777777777776,,,True,False,0,1,0.0,18.86,,0.05301286727823718,60844169.0,NewFuture/DDNS,Python
tests/test_util_http.py,0,callable,ok,tests.test_util_http.to_bytes,tests.test_util_http.to_bytes,f1a764d3c2e2c6aade66f85162964e6ce9248fee,2025-07-01T19:08:11+08:00,f1a764d3c2e2c6aade66f85162964e6ce9248fee,2025-07-01T19:08:11+08:00,1,411,0.25,,,False,False,0,1,0.0,1.14,,0.8779684784928207,60844169.0,NewFuture/DDNS,Python
tests/test_util_http.py,1,callable,ok,tests.test_util_http.to_unicode,tests.test_util_http.to_unicode,f1a764d3c2e2c6aade66f85162964e6ce9248fee,2025-07-01T19:08:11+08:00,f1a764d3c2e2c6aade66f85162964e6ce9248fee,2025-07-01T19:08:11+08:00,1,411,0.25,,,False,False,0,1,0.0,1.14,,0.8779684784928207,60844169.0,NewFuture/DDNS,Python
tests/test_util_http.py,2,callable,ok,tests.test_util_http.byte_string,tests.test_util_http.byte_string,f1a764d3c2e2c6aade66f85162964e6ce9248fee,2025-07-01T19:08:11+08:00,f1a764d3c2e2c6aade66f85162964e6ce9248fee,2025-07-01T19:08:11+08:00,1,411,0.25,,,False,False,0,1,0.0,1.14,,0.8779684784928207,60844169.0,NewFuture/DDNS,Python
tests/test_util_http.py,3,callable,ok,tests.test_util_http.TestHttpResponse.test_init,tests.test_util_http.TestHttpResponse.test_init,f1a764d3c2e2c6aade66f85162964e6ce9248fee,2025-07-01T19:08:11+08:00,f1a764d3c2e2c6aade66f85162964e6ce9248fee,2025-07-01T19:08:11+08:00,1,411,0.1111111111111111,,,False,False,0,1,0.0,1.14,,0.8779684784928207,60844169.0,NewFuture/DDNS,Python
tests/test_util_http.py,23,callable,ok,tests.test_util_http.TestDecodeResponseBody.test_utf8_decoding,tests.test_util_http.TestDecodeResponseBody.test_utf8_decoding,f1a764d3c2e2c6aade66f85162964e6ce9248fee,2025-07-01T19:08:11+08:00,f1a764d3c2e2c6aade66f85162964e6ce9248fee,2025-07-01T19:08:11+08:00,1,411,0.2,,,False,False,0,1,0.0,1.14,,0.8779684784928207,60844169.0,NewFuture/DDNS,Python
tests/test_util_http.py,24,callable,ok,tests.test_util_http.TestDecodeResponseBody.test_gbk_decoding,tests.test_util_http.TestDecodeResponseBody.test_gbk_decoding,f1a764d3c2e2c6aade66f85162964e6ce9248fee,2025-07-01T19:08:11+08:00,f1a764d3c2e2c6aade66f85162964e6ce9248fee,2025-07-01T19:08:11+08:00,1,411,0.2,,,False,False,0,1,0.0,1.14,,0.8779684784928207,60844169.0,NewFuture/DDNS,Python
tests/test_util_http.py,25,callable,ok,tests.test_util_http.TestDecodeResponseBody.test_gb2312_alias,tests.test_util_http.TestDecodeResponseBody.test_gb2312_alias,f1a764d3c2e2c6aade66f85162964e6ce9248fee,2025-07-01T19:08:11+08:00,f1a764d3c2e2c6aade66f85162964e6ce9248fee,2025-07-01T19:08:11+08:00,1,411,0.2,,,False,False,0,1,0.0,1.14,,0.8779684784928207,60844169.0,NewFuture/DDNS,Python
tests/test_util_http.py,26,callable,ok,tests.test_util_http.TestDecodeResponseBody.test_iso_8859_1_alias,tests.test_util_http.TestDecodeResponseBody.test_iso_8859_1_alias,f1a764d3c2e2c6aade66f85162964e6ce9248fee,2025-07-01T19:08:11+08:00,f1a764d3c2e2c6aade66f85162964e6ce9248fee,2025-07-01T19:08:11+08:00,1,411,0.2,,,False,False,0,1,0.0,1.14,,0.8779684784928207,60844169.0,NewFuture/DDNS,Python
tests/test_util_http.py,27,callable,ok,tests.test_util_http.TestDecodeResponseBody.test_no_charset_fallback_to_utf8,tests.test_util_http.TestDecodeResponseBody.test_no_charset_fallback_to_utf8,f1a764d3c2e2c6aade66f85162964e6ce9248fee,2025-07-01T19:08:11+08:00,f1a764d3c2e2c6aade66f85162964e6ce9248fee,2025-07-01T19:08:11+08:00,1,411,0.2,,,False,False,0,1,0.0,1.14,,0.8779684784928207,60844169.0,NewFuture/DDNS,Python
tests/test_util_http.py,28,callable,ok,tests.test_util_http.TestDecodeResponseBody.test_no_content_type,tests.test_util_http.TestDecodeResponseBody.test_no_content_type,f1a764d3c2e2c6aade66f85162964e6ce9248fee,2025-07-01T19:08:11+08:00,f1a764d3c2e2c6aade66f85162964e6ce9248fee,2025-07-01T19:08:11+08:00,1,411,0.2,,,False,False,0,1,0.0,1.14,,0.8779684784928207,60844169.0,NewFuture/DDNS,Python
tests/test_util_http.py,29,callable,ok,tests.test_util_http.TestDecodeResponseBody.test_empty_body,tests.test_util_http.TestDecodeResponseBody.test_empty_body,f1a764d3c2e2c6aade66f85162964e6ce9248fee,2025-07-01T19:08:11+08:00,f1a764d3c2e2c6aade66f85162964e6ce9248fee,2025-07-01T19:08:11+08:00,1,411,0.25,,,False,False,0,1,0.0,1.14,,0.8779684784928207,60844169.0,NewFuture/DDNS,Python
tests/test_util_http.py,30,callable,ok,tests.test_util_http.TestDecodeResponseBody.test_invalid_encoding_fallback,tests.test_util_http.TestDecodeResponseBody.test_invalid_encoding_fallback,f1a764d3c2e2c6aade66f85162964e6ce9248fee,2025-07-01T19:08:11+08:00,f1a764d3c2e2c6aade66f85162964e6ce9248fee,2025-07-01T19:08:11+08:00,1,411,0.16666666666666666,,,False,False,0,1,0.0,1.14,,0.8779684784928207,60844169.0,NewFuture/DDNS,Python
tests/test_util_http.py,31,callable,ok,tests.test_util_http.TestDecodeResponseBody.test_malformed_charset,tests.test_util_http.TestDecodeResponseBody.test_malformed_charset,f1a764d3c2e2c6aade66f85162964e6ce9248fee,2025-07-01T19:08:11+08:00,f1a764d3c2e2c6aade66f85162964e6ce9248fee,2025-07-01T19:08:11+08:00,1,411,0.2,,,False,False,0,1,0.0,1.14,,0.8779684784928207,60844169.0,NewFuture/DDNS,Python
tests/test_util_http.py,47,callable,ok,tests.test_util_http.TestSendHttpRequest.test_basic_auth_with_url_embedding,tests.test_util_http.TestSendHttpRequest.test_basic_auth_with_url_embedding,876889ed841e532a0db587c9211289ef777f2c05,2025-07-16T17:10:15Z,876889ed841e532a0db587c9211289ef777f2c05,2025-07-16T17:10:15Z,1,396,0.027777777777777776,,,False,False,0,1,0.0,16.39,,0.0610112185790459,60844169.0,NewFuture/DDNS,Python
tests/test_util_http.py,51,callable,ok,tests.test_util_http.TestHttpResponse.test_headers_get_case_insensitive,tests.test_util_http.TestHttpResponse.test_headers_get_case_insensitive,254335f407d4b1a5de28a764af03920d5e869341,2025-07-19T04:31:15Z,254335f407d4b1a5de28a764af03920d5e869341,2025-07-19T04:31:15Z,1,394,0.045454545454545456,,,False,False,0,1,0.0,18.86,,0.05301286727823718,60844169.0,NewFuture/DDNS,Python
tests/test_util_http.py,52,callable,ok,tests.test_util_http.TestHttpResponse.test_headers_get_not_found,tests.test_util_http.TestHttpResponse.test_headers_get_not_found,254335f407d4b1a5de28a764af03920d5e869341,2025-07-19T04:31:15Z,254335f407d4b1a5de28a764af03920d5e869341,2025-07-19T04:31:15Z,1,394,0.05555555555555555,,,False,False,0,1,0.0,18.86,,0.05301286727823718,60844169.0,NewFuture/DDNS,Python
tests/test_util_http.py,53,callable,ok,tests.test_util_http.TestHttpResponse.test_headers_get_first_match,tests.test_util_http.TestHttpResponse.test_headers_get_first_match,254335f407d4b1a5de28a764af03920d5e869341,2025-07-19T04:31:15Z,254335f407d4b1a5de28a764af03920d5e869341,2025-07-19T04:31:15Z,1,394,0.058823529411764705,,,False,False,0,1,0.0,18.86,,0.05301286727823718,60844169.0,NewFuture/DDNS,Python
tests/test_util_http.py,55,callable,ok,tests.test_util_http.TestSendHttpRequest.test_http_get_redirect,tests.test_util_http.TestSendHttpRequest.test_http_get_redirect,254335f407d4b1a5de28a764af03920d5e869341,2025-07-19T04:31:15Z,6e3d3560c725177ecab74f4880981a6dc7bc190d,2026-08-15T22:23:27+08:00,4,394,0.07142857142857142,0.13523814504940612,,False,False,0,4,0.0,411.27,,0.009725862111421063,60844169.0,NewFuture/DDNS,Python
tests/test_util_http.py,56,callable,ok,tests.test_util_http.TestSendHttpRequest.test_http_post_redirect,tests.test_util_http.TestSendHttpRequest.test_http_post_redirect,254335f407d4b1a5de28a764af03920d5e869341,2025-07-19T04:31:15Z,6e3d3560c725177ecab74f4880981a6dc7bc190d,2026-08-15T22:23:27+08:00,5,394,0.08771929824561403,0.14563248708910628,,False,False,0,5,0.0,411.27,,0.01215732763927633,60844169.0,NewFuture/DDNS,Python
tests/test_util_http.py,58,callable,ok,tests.test_util_http.TestSendHttpRequest.test_basic_get_request_with_json_response,tests.test_util_http.TestSendHttpRequest.test_basic_get_request_with_json_response,c2cad12380081d2f6fbcbc02230dc8bc7793664f,2025-07-20T18:51:40Z,6e3d3560c725177ecab74f4880981a6dc7bc190d,2026-08-15T22:23:27+08:00,2,392,0.06896551724137931,,,False,False,0,2,0.0,411.27,,0.004862931055710532,60844169.0,NewFuture/DDNS,Python
tests/test_util_http.py,59,callable,ok,tests.test_util_http.TestSendHttpRequest.test_http_401_status_code_with_headers,tests.test_util_http.TestSendHttpRequest.test_http_401_status_code_with_headers,c2cad12380081d2f6fbcbc02230dc8bc7793664f,2025-07-20T18:51:40Z,6e3d3560c725177ecab74f4880981a6dc7bc190d,2026-08-15T22:23:27+08:00,2,392,0.08,,,False,False,0,2,0.0,411.27,,0.004862931055710532,60844169.0,NewFuture/DDNS,Python
tests/test_util_http.py,60,callable,ok,tests.test_util_http.TestSendHttpRequest.test_ssl_auto_mode,tests.test_util_http.TestSendHttpRequest.test_ssl_auto_mode,c2cad12380081d2f6fbcbc02230dc8bc7793664f,2025-07-20T18:51:40Z,6e3d3560c725177ecab74f4880981a6dc7bc190d,2026-08-15T22:23:27+08:00,2,392,0.1,,,False,False,0,2,0.0,411.27,,0.004862931055710532,60844169.0,NewFuture/DDNS,Python
tests/test_util_http.py,61,callable,ok,tests.test_util_http.TestSendHttpRequest.test_http_400_status_code,tests.test_util_http.TestSendHttpRequest.test_http_400_status_code,c2cad12380081d2f6fbcbc02230dc8bc7793664f,2025-07-20T18:51:40Z,6e3d3560c725177ecab74f4880981a6dc7bc190d,2026-08-15T22:23:27+08:00,2,392,0.09090909090909091,,,False,False,0,2,0.0,411.27,,0.004862931055710532,60844169.0,NewFuture/DDNS,Python
tests/test_util_http.py,62,callable,ok,tests.test_util_http.TestUserAgent._test_user_agent_with_endpoints,tests.test_util_http.TestUserAgent._test_user_agent_with_endpoints,e66dcf024059173deb9b02ba801b1ed5f9279401,2025-07-22T01:46:01Z,6e3d3560c725177ecab74f4880981a6dc7bc190d,2026-08-15T22:23:27+08:00,2,391,0.0425531914893617,,,False,False,0,2,0.0,411.27,,0.004862931055710532,60844169.0,NewFuture/DDNS,Python
tests/test_util_http.py,63,callable,ok,tests.test_util_http.TestUserAgent.test_user_agent_constant,tests.test_util_http.TestUserAgent.test_user_agent_constant,e66dcf024059173deb9b02ba801b1ed5f9279401,2025-07-22T01:46:01Z,e66dcf024059173deb9b02ba801b1ed5f9279401,2025-07-22T01:46:01Z,1,391,0.16666666666666666,,,False,False,0,1,0.0,21.75,,0.04597997210335489,60844169.0,NewFuture/DDNS,Python
tests/test_util_http.py,64,callable,ok,tests.test_util_http.TestUserAgent.test_user_agent_version_format,tests.test_util_http.TestUserAgent.test_user_agent_version_format,e66dcf024059173deb9b02ba801b1ed5f9279401,2025-07-22T01:46:01Z,e66dcf024059173deb9b02ba801b1ed5f9279401,2025-07-22T01:46:01Z,1,391,0.2,,,False,False,0,1,0.0,21.75,,0.04597997210335489,60844169.0,NewFuture/DDNS,Python
tests/test_util_http.py,65,callable,ok,tests.test_util_http.TestUserAgent.test_request_sets_user_agent_automatically,tests.test_util_http.TestUserAgent.test_request_sets_user_agent_automatically,e66dcf024059173deb9b02ba801b1ed5f9279401,2025-07-22T01:46:01Z,e66dcf024059173deb9b02ba801b1ed5f9279401,2025-07-22T01:46:01Z,1,391,0.25,,,False,False,0,1,0.0,21.75,,0.04597997210335489,60844169.0,NewFuture/DDNS,Python
tests/test_util_http.py,66,callable,ok,tests.test_util_http.TestUserAgent.test_custom_user_agent_override,tests.test_util_http.TestUserAgent.test_custom_user_agent_override,e66dcf024059173deb9b02ba801b1ed5f9279401,2025-07-22T01:46:01Z,e66dcf024059173deb9b02ba801b1ed5f9279401,2025-07-22T01:46:01Z,1,391,0.1,,,False,False,0,1,0.0,21.75,,0.04597997210335489,60844169.0,NewFuture/DDNS,Python
tests/test_util_http.py,67,callable,ok,tests.test_util_http.TestUserAgent.test_case_insensitive_user_agent_header,tests.test_util_http.TestUserAgent.test_case_insensitive_user_agent_header,e66dcf024059173deb9b02ba801b1ed5f9279401,2025-07-22T01:46:01Z,e66dcf024059173deb9b02ba801b1ed5f9279401,2025-07-22T01:46:01Z,1,391,0.09090909090909091,,,False,False,0,1,0.0,21.75,,0.04597997210335489,60844169.0,NewFuture/DDNS,Python
tests/test_util_http.py,68,callable,ok,tests.test_util_http.TestUserAgent.test_user_agent_header_with_empty_value,tests.test_util_http.TestUserAgent.test_user_agent_header_with_empty_value,e66dcf024059173deb9b02ba801b1ed5f9279401,2025-07-22T01:46:01Z,e66dcf024059173deb9b02ba801b1ed5f9279401,2025-07-22T01:46:01Z,1,391,0.14285714285714285,,,False,False,0,1,0.0,21.75,,0.04597997210335489,60844169.0,NewFuture/DDNS,Python
tests/test_util_http.py,69,callable,ok,tests.test_util_http.TestUserAgent.test_user_agent_endpoint_timeout_falls_back,tests.test_util_http.TestUserAgent.test_user_agent_endpoint_timeout_falls_back,6e3d3560c725177ecab74f4880981a6dc7bc190d,2026-08-15T22:23:27+08:00,6e3d3560c725177ecab74f4880981a6dc7bc190d,2026-08-15T22:23:27+08:00,1,1,0.14285714285714285,,,False,False,0,1,0.0,411.27,,0.002431465527855266,60844169.0,NewFuture/DDNS,Python
tests/test_util_http.py,70,callable,ok,tests.test_util_http.TestUserAgent.test_user_agent_all_endpoint_timeouts_return_false,tests.test_util_http.TestUserAgent.test_user_agent_all_endpoint_timeouts_return_false,6e3d3560c725177ecab74f4880981a6dc7bc190d,2026-08-15T22:23:27+08:00,6e3d3560c725177ecab74f4880981a6dc7bc190d,2026-08-15T22:23:27+08:00,1,1,0.16666666666666666,,,False,False,0,1,0.0,411.27,,0.002431465527855266,60844169.0,NewFuture/DDNS,Python
tests/test_util_http_proxy_list.py,0,class,ok,tests.test_util_http_proxy_list.TestRequestProxyList,tests.test_util_http_proxy_list.TestRequestProxyList,c2cad12380081d2f6fbcbc02230dc8bc7793664f,2025-07-20T18:51:40Z,6e3d3560c725177ecab74f4880981a6dc7bc190d,2026-08-15T22:23:27+08:00,4,392,0.01818181818181818,0.10788496651542412,,False,False,0,4,0.0,411.27,,0.009725862111421063,60844169.0,NewFuture/DDNS,Python
tests/test_util_http_proxy_list.py,0,callable,ok,tests.test_util_http_proxy_list.TestRequestProxyList.test_request_with_single_proxy_in_list,tests.test_util_http_proxy_list.TestRequestProxyList.test_request_with_single_proxy_in_list,c2cad12380081d2f6fbcbc02230dc8bc7793664f,2025-07-20T18:51:40Z,c2cad12380081d2f6fbcbc02230dc8bc7793664f,2025-07-20T18:51:40Z,1,392,0.05263157894736842,,,False,False,0,1,0.0,20.46,,0.04887380940798204,60844169.0,NewFuture/DDNS,Python
tests/test_util_http_proxy_list.py,1,callable,ok,tests.test_util_http_proxy_list.TestRequestProxyList.test_request_with_proxy_list,tests.test_util_http_proxy_list.TestRequestProxyList.test_request_with_proxy_list,c2cad12380081d2f6fbcbc02230dc8bc7793664f,2025-07-20T18:51:40Z,c2cad12380081d2f6fbcbc02230dc8bc7793664f,2025-07-20T18:51:40Z,1,392,0.05,,,False,False,0,1,0.0,20.46,,0.04887380940798204,60844169.0,NewFuture/DDNS,Python
tests/test_util_http_proxy_list.py,2,callable,ok,tests.test_util_http_proxy_list.TestRequestProxyList.test_request_with_direct_connection_only,tests.test_util_http_proxy_list.TestRequestProxyList.test_request_with_direct_connection_only,c2cad12380081d2f6fbcbc02230dc8bc7793664f,2025-07-20T18:51:40Z,c2cad12380081d2f6fbcbc02230dc8bc7793664f,2025-07-20T18:51:40Z,1,392,0.05263157894736842,,,False,False,0,1,0.0,20.46,,0.04887380940798204,60844169.0,NewFuture/DDNS,Python
tests/test_util_http_proxy_list.py,3,callable,ok,tests.test_util_http_proxy_list.TestRequestProxyList.test_request_no_proxy_parameters,tests.test_util_http_proxy_list.TestRequestProxyList.test_request_no_proxy_parameters,c2cad12380081d2f6fbcbc02230dc8bc7793664f,2025-07-20T18:51:40Z,c2cad12380081d2f6fbcbc02230dc8bc7793664f,2025-07-20T18:51:40Z,1,392,0.05263157894736842,,,False,False,0,1,0.0,20.46,,0.04887380940798204,60844169.0,NewFuture/DDNS,Python
tests/test_util_http_proxy_list.py,4,callable,ok,tests.test_util_http_proxy_list.TestRequestProxyList.test_request_with_empty_proxy_list,tests.test_util_http_proxy_list.TestRequestProxyList.test_request_with_empty_proxy_list,c2cad12380081d2f6fbcbc02230dc8bc7793664f,2025-07-20T18:51:40Z,c2cad12380081d2f6fbcbc02230dc8bc7793664f,2025-07-20T18:51:40Z,1,392,0.05263157894736842,,,False,False,0,1,0.0,20.46,,0.04887380940798204,60844169.0,NewFuture/DDNS,Python
tests/test_util_http_proxy_list.py,5,callable,ok,tests.test_util_http_proxy_list.TestRequestProxyList.test_real_network_proxy_fallback,tests.test_util_http_proxy_list.TestRequestProxyList.test_real_network_proxy_fallback,c2cad12380081d2f6fbcbc02230dc8bc7793664f,2025-07-20T18:51:40Z,6e3d3560c725177ecab74f4880981a6dc7bc190d,2026-08-15T22:23:27+08:00,3,392,0.07317073170731707,0.09744813599571253,,False,False,0,3,0.0,411.27,,0.007294396583565798,60844169.0,NewFuture/DDNS,Python
tests/test_util_http_proxy_list.py,6,callable,ok,tests.test_util_http_proxy_list.TestRequestProxyList.test_basic_auth_with_embedded_url,tests.test_util_http_proxy_list.TestRequestProxyList.test_basic_auth_with_embedded_url,e66dcf024059173deb9b02ba801b1ed5f9279401,2025-07-22T01:46:01Z,6e3d3560c725177ecab74f4880981a6dc7bc190d,2026-08-15T22:23:27+08:00,3,391,0.046875,0.07622108721485611,,False,False,0,3,0.0,411.27,,0.007294396583565798,60844169.0,NewFuture/DDNS,Python
tests/test_util_http_retry.py,2,class,ok,tests.test_util_http_retry.TestHttpRetryRealNetwork,tests.test_util_http_retry.TestHttpRetryRealNetwork,254335f407d4b1a5de28a764af03920d5e869341,2025-07-19T04:31:15Z,c2cad12380081d2f6fbcbc02230dc8bc7793664f,2025-07-20T18:51:40Z,2,1,0.01904761904761905,,,True,False,0,2,0.0,20.46,,0.09774761881596408,60844169.0,NewFuture/DDNS,Python
tests/test_util_http_retry.py,0,class,ok,tests.test_util_http_retry.TestRetryHandler,tests.test_util_http_retry.TestRetryHandler,254335f407d4b1a5de28a764af03920d5e869341,2025-07-19T04:31:15Z,c2cad12380081d2f6fbcbc02230dc8bc7793664f,2025-07-20T18:51:40Z,2,394,0.011363636363636364,,,False,False,0,2,0.0,20.46,,0.09774761881596408,60844169.0,NewFuture/DDNS,Python
tests/test_util_http_retry.py,1,class,ok,tests.test_util_http_retry.TestRequestFunction,tests.test_util_http_retry.TestRequestFunction,254335f407d4b1a5de28a764af03920d5e869341,2025-07-19T04:31:15Z,6e3d3560c725177ecab74f4880981a6dc7bc190d,2026-08-15T22:23:27+08:00,3,394,0.01744186046511628,0.03818672175019524,,False,False,0,3,0.0,411.27,,0.007294396583565798,60844169.0,NewFuture/DDNS,Python
tests/test_util_http_retry.py,3,class,ok,tests.test_util_http_retry._RetryStatusHandler,tests.test_util_http_retry._RetryStatusHandler,0a80f32fb82339813c3be21c792166733a1bb940,2026-08-07T23:23:43+08:00,0a80f32fb82339813c3be21c792166733a1bb940,2026-08-07T23:23:43+08:00,1,9,0.07692307692307693,,,False,False,0,1,0.0,403.32,,0.0024794426511371677,60844169.0,NewFuture/DDNS,Python
tests/test_util_http_retry.py,4,class,ok,tests.test_util_http_retry.TestHttpRetryLogging,tests.test_util_http_retry.TestHttpRetryLogging,0a80f32fb82339813c3be21c792166733a1bb940,2026-08-07T23:23:43+08:00,0a80f32fb82339813c3be21c792166733a1bb940,2026-08-07T23:23:43+08:00,1,9,0.013888888888888888,,,False,False,0,1,0.0,403.32,,0.0024794426511371677,60844169.0,NewFuture/DDNS,Python
tests/test_util_http_retry.py,12,callable,ok,tests.test_util_http_retry.TestHttpRetryRealNetwork.test_http_502_retry_auto,tests.test_util_http_retry.TestHttpRetryRealNetwork.test_http_502_retry_auto,254335f407d4b1a5de28a764af03920d5e869341,2025-07-19T04:31:15Z,c2cad12380081d2f6fbcbc02230dc8bc7793664f,2025-07-20T18:51:40Z,2,1,0.05128205128205128,,,True,False,0,2,0.0,20.46,,0.09774761881596408,60844169.0,NewFuture/DDNS,Python
tests/test_util_http_retry.py,13,callable,ok,tests.test_util_http_retry.TestHttpRetryRealNetwork.test_ssl_certificate_error_no_retry_real_case,tests.test_util_http_retry.TestHttpRetryRealNetwork.test_ssl_certificate_error_no_retry_real_case,254335f407d4b1a5de28a764af03920d5e869341,2025-07-19T04:31:15Z,c2cad12380081d2f6fbcbc02230dc8bc7793664f,2025-07-20T18:51:40Z,2,1,0.03225806451612903,,,True,False,0,2,0.0,20.46,,0.09774761881596408,60844169.0,NewFuture/DDNS,Python
tests/test_util_http_retry.py,0,callable,ok,tests.test_util_http_retry.TestRetryHandler.setUp,tests.test_util_http_retry.TestRetryHandler.setUp,254335f407d4b1a5de28a764af03920d5e869341,2025-07-19T04:31:15Z,254335f407d4b1a5de28a764af03920d5e869341,2025-07-19T04:31:15Z,1,394,0.3333333333333333,,,False,False,0,1,0.0,18.86,,0.05301286727823718,60844169.0,NewFuture/DDNS,Python
tests/test_util_http_retry.py,1,callable,ok,tests.test_util_http_retry.TestRetryHandler.test_init_default,tests.test_util_http_retry.TestRetryHandler.test_init_default,254335f407d4b1a5de28a764af03920d5e869341,2025-07-19T04:31:15Z,254335f407d4b1a5de28a764af03920d5e869341,2025-07-19T04:31:15Z,1,394,0.2,,,False,False,0,1,0.0,18.86,,0.05301286727823718,60844169.0,NewFuture/DDNS,Python
tests/test_util_http_retry.py,2,callable,ok,tests.test_util_http_retry.TestRetryHandler.test_init_custom,tests.test_util_http_retry.TestRetryHandler.test_init_custom,254335f407d4b1a5de28a764af03920d5e869341,2025-07-19T04:31:15Z,254335f407d4b1a5de28a764af03920d5e869341,2025-07-19T04:31:15Z,1,394,0.2,,,False,False,0,1,0.0,18.86,,0.05301286727823718,60844169.0,NewFuture/DDNS,Python
tests/test_util_http_retry.py,3,callable,ok,tests.test_util_http_retry.TestRetryHandler.test_retry_codes_default,tests.test_util_http_retry.TestRetryHandler.test_retry_codes_default,254335f407d4b1a5de28a764af03920d5e869341,2025-07-19T04:31:15Z,254335f407d4b1a5de28a764af03920d5e869341,2025-07-19T04:31:15Z,1,394,0.25,,,False,False,0,1,0.0,18.86,,0.05301286727823718,60844169.0,NewFuture/DDNS,Python
tests/test_util_http_retry.py,4,callable,ok,tests.test_util_http_retry.TestRetryHandler.test_network_error_retry,tests.test_util_http_retry.TestRetryHandler.test_network_error_retry,254335f407d4b1a5de28a764af03920d5e869341,2025-07-19T04:31:15Z,c2cad12380081d2f6fbcbc02230dc8bc7793664f,2025-07-20T18:51:40Z,2,394,0.07407407407407407,,,False,False,0,2,0.0,20.46,,0.09774761881596408,60844169.0,NewFuture/DDNS,Python
tests/test_util_http_retry.py,5,callable,ok,tests.test_util_http_retry.TestRetryHandler.test_http_error_retry,tests.test_util_http_retry.TestRetryHandler.test_http_error_retry,254335f407d4b1a5de28a764af03920d5e869341,2025-07-19T04:31:15Z,c2cad12380081d2f6fbcbc02230dc8bc7793664f,2025-07-20T18:51:40Z,2,394,0.06666666666666667,,,False,False,0,2,0.0,20.46,,0.09774761881596408,60844169.0,NewFuture/DDNS,Python
tests/test_util_http_retry.py,6,callable,ok,tests.test_util_http_retry.TestRetryHandler.test_non_retryable_error_immediate_failure,tests.test_util_http_retry.TestRetryHandler.test_non_retryable_error_immediate_failure,254335f407d4b1a5de28a764af03920d5e869341,2025-07-19T04:31:15Z,c2cad12380081d2f6fbcbc02230dc8bc7793664f,2025-07-20T18:51:40Z,2,394,0.10526315789473684,,,False,False,0,2,0.0,20.46,,0.09774761881596408,60844169.0,NewFuture/DDNS,Python
tests/test_util_http_retry.py,7,callable,ok,tests.test_util_http_retry.TestRetryHandler.test_max_retries_exceeded,tests.test_util_http_retry.TestRetryHandler.test_max_retries_exceeded,254335f407d4b1a5de28a764af03920d5e869341,2025-07-19T04:31:15Z,c2cad12380081d2f6fbcbc02230dc8bc7793664f,2025-07-20T18:51:40Z,2,394,0.08695652173913043,,,False,False,0,2,0.0,20.46,,0.09774761881596408,60844169.0,NewFuture/DDNS,Python
tests/test_util_http_retry.py,8,callable,ok,tests.test_util_http_retry.TestRequestFunction.test_request_with_retry,tests.test_util_http_retry.TestRequestFunction.test_request_with_retry,254335f407d4b1a5de28a764af03920d5e869341,2025-07-19T04:31:15Z,254335f407d4b1a5de28a764af03920d5e869341,2025-07-19T04:31:15Z,1,394,0.037037037037037035,,,False,False,0,1,0.0,18.86,,0.05301286727823718,60844169.0,NewFuture/DDNS,Python
tests/test_util_http_retry.py,9,callable,ok,tests.test_util_http_retry.TestRequestFunction.test_request_with_proxy,tests.test_util_http_retry.TestRequestFunction.test_request_with_proxy,254335f407d4b1a5de28a764af03920d5e869341,2025-07-19T04:31:15Z,c2cad12380081d2f6fbcbc02230dc8bc7793664f,2025-07-20T18:51:40Z,2,394,0.1111111111111111,,,False,False,0,2,0.0,20.46,,0.09774761881596408,60844169.0,NewFuture/DDNS,Python
tests/test_util_http_retry.py,10,callable,ok,tests.test_util_http_retry.TestRequestFunction.test_retry_handler_backoff_delays,tests.test_util_http_retry.TestRequestFunction.test_retry_handler_backoff_delays,254335f407d4b1a5de28a764af03920d5e869341,2025-07-19T04:31:15Z,c2cad12380081d2f6fbcbc02230dc8bc7793664f,2025-07-20T18:51:40Z,2,394,0.05263157894736842,,,False,False,0,2,0.0,20.46,,0.09774761881596408,60844169.0,NewFuture/DDNS,Python
tests/test_util_http_retry.py,11,callable,ok,tests.test_util_http_retry.TestRequestFunction.test_default_retry_counts,tests.test_util_http_retry.TestRequestFunction.test_default_retry_counts,254335f407d4b1a5de28a764af03920d5e869341,2025-07-19T04:31:15Z,254335f407d4b1a5de28a764af03920d5e869341,2025-07-19T04:31:15Z,1,394,0.03333333333333333,,,False,False,0,1,0.0,18.86,,0.05301286727823718,60844169.0,NewFuture/DDNS,Python
tests/test_util_http_retry.py,14,callable,ok,tests.test_util_http_retry.TestRetryHandler.test_zero_retries_init,tests.test_util_http_retry.TestRetryHandler.test_zero_retries_init,c2cad12380081d2f6fbcbc02230dc8bc7793664f,2025-07-20T18:51:40Z,c2cad12380081d2f6fbcbc02230dc8bc7793664f,2025-07-20T18:51:40Z,1,392,0.2,,,False,False,0,1,0.0,20.46,,0.04887380940798204,60844169.0,NewFuture/DDNS,Python
tests/test_util_http_retry.py,15,callable,ok,tests.test_util_http_retry.TestRetryHandler.test_zero_retries_behavior,tests.test_util_http_retry.TestRetryHandler.test_zero_retries_behavior,c2cad12380081d2f6fbcbc02230dc8bc7793664f,2025-07-20T18:51:40Z,c2cad12380081d2f6fbcbc02230dc8bc7793664f,2025-07-20T18:51:40Z,1,392,0.02564102564102564,,,False,False,0,1,0.0,20.46,,0.04887380940798204,60844169.0,NewFuture/DDNS,Python
tests/test_util_http_retry.py,16,callable,ok,tests.test_util_http_retry.TestRequestFunction.test_request_with_zero_retries,tests.test_util_http_retry.TestRequestFunction.test_request_with_zero_retries,c2cad12380081d2f6fbcbc02230dc8bc7793664f,2025-07-20T18:51:40Z,c2cad12380081d2f6fbcbc02230dc8bc7793664f,2025-07-20T18:51:40Z,1,392,0.041666666666666664,,,False,False,0,1,0.0,20.46,,0.04887380940798204,60844169.0,NewFuture/DDNS,Python
tests/test_util_http_retry.py,17,callable,ok,tests.test_util_http_retry._RetryStatusHandler.do_GET,tests.test_util_http_retry._RetryStatusHandler.do_GET,0a80f32fb82339813c3be21c792166733a1bb940,2026-08-07T23:23:43+08:00,0a80f32fb82339813c3be21c792166733a1bb940,2026-08-07T23:23:43+08:00,1,9,0.2,,,False,False,0,1,0.0,403.32,,0.0024794426511371677,60844169.0,NewFuture/DDNS,Python
tests/test_util_http_retry.py,18,callable,ok,tests.test_util_http_retry._RetryStatusHandler.log_message,tests.test_util_http_retry._RetryStatusHandler.log_message,0a80f32fb82339813c3be21c792166733a1bb940,2026-08-07T23:23:43+08:00,0a80f32fb82339813c3be21c792166733a1bb940,2026-08-07T23:23:43+08:00,1,9,0.5,,,False,False,0,1,0.0,403.32,,0.0024794426511371677,60844169.0,NewFuture/DDNS,Python
tests/test_util_http_retry.py,19,callable,ok,tests.test_util_http_retry.TestHttpRetryLogging.test_http_502_retry_auto,tests.test_util_http_retry.TestHttpRetryLogging.test_http_502_retry_auto,0a80f32fb82339813c3be21c792166733a1bb940,2026-08-07T23:23:43+08:00,0a80f32fb82339813c3be21c792166733a1bb940,2026-08-07T23:23:43+08:00,1,9,0.020833333333333332,,,False,False,0,1,0.0,403.32,,0.0024794426511371677,60844169.0,NewFuture/DDNS,Python
tests/test_util_http_retry.py,20,callable,ok,tests.test_util_http_retry.TestHttpRetryLogging.test_ssl_certificate_error_no_retry,tests.test_util_http_retry.TestHttpRetryLogging.test_ssl_certificate_error_no_retry,0a80f32fb82339813c3be21c792166733a1bb940,2026-08-07T23:23:43+08:00,0a80f32fb82339813c3be21c792166733a1bb940,2026-08-07T23:23:43+08:00,1,9,0.05555555555555555,,,False,False,0,1,0.0,403.32,,0.0024794426511371677,60844169.0,NewFuture/DDNS,Python
tests/test_util_http_retry.py,21,callable,ok,tests.test_util_http_retry.TestRequestFunction.test_request_timeout_defaults_and_override,tests.test_util_http_retry.TestRequestFunction.test_request_timeout_defaults_and_override,6e3d3560c725177ecab74f4880981a6dc7bc190d,2026-08-15T22:23:27+08:00,6e3d3560c725177ecab74f4880981a6dc7bc190d,2026-08-15T22:23:27+08:00,1,1,0.047619047619047616,,,False,False,0,1,0.0,411.27,,0.002431465527855266,60844169.0,NewFuture/DDNS,Python
tests/test_web.py,0,class,ok,tests.test_web.TestDashboardAssets,tests.test_web.TestDashboardAssets,d14594f14d68eecc69c09e1796cc1bffd8779ed9,2026-08-12T02:23:17+08:00,d14594f14d68eecc69c09e1796cc1bffd8779ed9,2026-08-12T02:23:17+08:00,1,5,0.030303030303030304,,,False,False,0,1,0.0,407.44,,0.0024543422043316583,60844169.0,NewFuture/DDNS,Python
tests/test_web.py,1,class,ok,tests.test_web.TestDashboardService,tests.test_web.TestDashboardService,d14594f14d68eecc69c09e1796cc1bffd8779ed9,2026-08-12T02:23:17+08:00,2e2daa50beed842c31d45e154552b2085b5f6dbd,2026-08-14T17:50:59+08:00,3,5,0.003926701570680628,0.9613611571192539,,False,False,0,3,0.0,410.09,,0.007315549717415724,60844169.0,NewFuture/DDNS,Python
tests/test_web.py,2,class,ok,tests.test_web.TestWebScheduler,tests.test_web.TestWebScheduler,d14594f14d68eecc69c09e1796cc1bffd8779ed9,2026-08-12T02:23:17+08:00,d14594f14d68eecc69c09e1796cc1bffd8779ed9,2026-08-12T02:23:17+08:00,1,5,0.023255813953488372,,,False,False,0,1,0.0,407.44,,0.0024543422043316583,60844169.0,NewFuture/DDNS,Python
tests/test_web.py,3,class,ok,tests.test_web.TestDashboardStartup,tests.test_web.TestDashboardStartup,d14594f14d68eecc69c09e1796cc1bffd8779ed9,2026-08-12T02:23:17+08:00,d14594f14d68eecc69c09e1796cc1bffd8779ed9,2026-08-12T02:23:17+08:00,1,5,0.02631578947368421,,,False,False,0,1,0.0,407.44,,0.0024543422043316583,60844169.0,NewFuture/DDNS,Python
tests/test_web.py,4,class,ok,tests.test_web.TestDashboardServer,tests.test_web.TestDashboardServer,d14594f14d68eecc69c09e1796cc1bffd8779ed9,2026-08-12T02:23:17+08:00,d14594f14d68eecc69c09e1796cc1bffd8779ed9,2026-08-12T02:23:17+08:00,1,5,0.007352941176470588,,,False,False,0,1,0.0,407.44,,0.0024543422043316583,60844169.0,NewFuture/DDNS,Python
tests/test_web.py,0,callable,ok,tests.test_web._valid_config,tests.test_web._valid_config,d14594f14d68eecc69c09e1796cc1bffd8779ed9,2026-08-12T02:23:17+08:00,d14594f14d68eecc69c09e1796cc1bffd8779ed9,2026-08-12T02:23:17+08:00,1,5,0.043478260869565216,,,False,False,0,1,0.0,407.44,,0.0024543422043316583,60844169.0,NewFuture/DDNS,Python
tests/test_web.py,1,callable,ok,tests.test_web.TestDashboardAssets.test_frontend_sources_live_in_top_level_web_directory,tests.test_web.TestDashboardAssets.test_frontend_sources_live_in_top_level_web_directory,d14594f14d68eecc69c09e1796cc1bffd8779ed9,2026-08-12T02:23:17+08:00,d14594f14d68eecc69c09e1796cc1bffd8779ed9,2026-08-12T02:23:17+08:00,1,5,0.16666666666666666,,,False,False,0,1,0.0,407.44,,0.0024543422043316583,60844169.0,NewFuture/DDNS,Python
tests/test_web.py,2,callable,ok,tests.test_web.TestDashboardAssets.test_resource_loader_prefers_standalone_source,tests.test_web.TestDashboardAssets.test_resource_loader_prefers_standalone_source,d14594f14d68eecc69c09e1796cc1bffd8779ed9,2026-08-12T02:23:17+08:00,d14594f14d68eecc69c09e1796cc1bffd8779ed9,2026-08-12T02:23:17+08:00,1,5,0.25,,,False,False,0,1,0.0,407.44,,0.0024543422043316583,60844169.0,NewFuture/DDNS,Python
tests/test_web.py,3,callable,ok,tests.test_web.TestDashboardAssets.test_resource_loader_prefers_packaged_assets,tests.test_web.TestDashboardAssets.test_resource_loader_prefers_packaged_assets,d14594f14d68eecc69c09e1796cc1bffd8779ed9,2026-08-12T02:23:17+08:00,d14594f14d68eecc69c09e1796cc1bffd8779ed9,2026-08-12T02:23:17+08:00,1,5,0.16666666666666666,,,False,False,0,1,0.0,407.44,,0.0024543422043316583,60844169.0,NewFuture/DDNS,Python
tests/test_web.py,4,callable,ok,tests.test_web.TestDashboardAssets.test_resource_loader_falls_back_to_package_data,tests.test_web.TestDashboardAssets.test_resource_loader_falls_back_to_package_data,d14594f14d68eecc69c09e1796cc1bffd8779ed9,2026-08-12T02:23:17+08:00,d14594f14d68eecc69c09e1796cc1bffd8779ed9,2026-08-12T02:23:17+08:00,1,5,0.2,,,False,False,0,1,0.0,407.44,,0.0024543422043316583,60844169.0,NewFuture/DDNS,Python
tests/test_web.py,5,callable,ok,tests.test_web.TestDashboardService.setUp,tests.test_web.TestDashboardService.setUp,d14594f14d68eecc69c09e1796cc1bffd8779ed9,2026-08-12T02:23:17+08:00,d14594f14d68eecc69c09e1796cc1bffd8779ed9,2026-08-12T02:23:17+08:00,1,5,0.06666666666666667,,,False,False,0,1,0.0,407.44,,0.0024543422043316583,60844169.0,NewFuture/DDNS,Python
tests/test_web.py,6,callable,ok,tests.test_web.TestDashboardService.test_validate_accepts_supported_compact_values,tests.test_web.TestDashboardService.test_validate_accepts_supported_compact_values,d14594f14d68eecc69c09e1796cc1bffd8779ed9,2026-08-12T02:23:17+08:00,d14594f14d68eecc69c09e1796cc1bffd8779ed9,2026-08-12T02:23:17+08:00,1,5,0.1,,,False,False,0,1,0.0,407.44,,0.0024543422043316583,60844169.0,NewFuture/DDNS,Python
tests/test_web.py,7,callable,ok,tests.test_web.TestDashboardService.test_shared_field_model_matches_public_schema,tests.test_web.TestDashboardService.test_shared_field_model_matches_public_schema,d14594f14d68eecc69c09e1796cc1bffd8779ed9,2026-08-12T02:23:17+08:00,d14594f14d68eecc69c09e1796cc1bffd8779ed9,2026-08-12T02:23:17+08:00,1,5,0.06666666666666667,,,False,False,0,1,0.0,407.44,,0.0024543422043316583,60844169.0,NewFuture/DDNS,Python
tests/test_web.py,8,callable,ok,tests.test_web.TestDashboardService.test_validate_canonicalizes_runtime_boolean_strings,tests.test_web.TestDashboardService.test_validate_canonicalizes_runtime_boolean_strings,d14594f14d68eecc69c09e1796cc1bffd8779ed9,2026-08-12T02:23:17+08:00,d14594f14d68eecc69c09e1796cc1bffd8779ed9,2026-08-12T02:23:17+08:00,1,5,0.07142857142857142,,,False,False,0,1,0.0,407.44,,0.0024543422043316583,60844169.0,NewFuture/DDNS,Python
tests/test_web.py,9,callable,ok,tests.test_web.TestDashboardService.test_validate_preserves_zero_interface_index,tests.test_web.TestDashboardService.test_validate_preserves_zero_interface_index,d14594f14d68eecc69c09e1796cc1bffd8779ed9,2026-08-12T02:23:17+08:00,d14594f14d68eecc69c09e1796cc1bffd8779ed9,2026-08-12T02:23:17+08:00,1,5,0.125,,,False,False,0,1,0.0,407.44,,0.0024543422043316583,60844169.0,NewFuture/DDNS,Python
tests/test_web.py,10,callable,ok,tests.test_web.TestDashboardService.test_validate_rejects_malformed_provider_container,tests.test_web.TestDashboardService.test_validate_rejects_malformed_provider_container,d14594f14d68eecc69c09e1796cc1bffd8779ed9,2026-08-12T02:23:17+08:00,d14594f14d68eecc69c09e1796cc1bffd8779ed9,2026-08-12T02:23:17+08:00,1,5,0.16666666666666666,,,False,False,0,1,0.0,407.44,,0.0024543422043316583,60844169.0,NewFuture/DDNS,Python
tests/test_web.py,11,callable,ok,tests.test_web.TestDashboardService.test_validate_preserves_ssl_paths_and_null_lines,tests.test_web.TestDashboardService.test_validate_preserves_ssl_paths_and_null_lines,d14594f14d68eecc69c09e1796cc1bffd8779ed9,2026-08-12T02:23:17+08:00,d14594f14d68eecc69c09e1796cc1bffd8779ed9,2026-08-12T02:23:17+08:00,1,5,0.1111111111111111,,,False,False,0,1,0.0,407.44,,0.0024543422043316583,60844169.0,NewFuture/DDNS,Python
tests/test_web.py,12,callable,ok,tests.test_web.TestDashboardService.test_legacy_provider_extensions_are_migrated,tests.test_web.TestDashboardService.test_legacy_provider_extensions_are_migrated,d14594f14d68eecc69c09e1796cc1bffd8779ed9,2026-08-12T02:23:17+08:00,d14594f14d68eecc69c09e1796cc1bffd8779ed9,2026-08-12T02:23:17+08:00,1,5,0.0625,,,False,False,0,1,0.0,407.44,,0.0024543422043316583,60844169.0,NewFuture/DDNS,Python
tests/test_web.py,13,callable,ok,tests.test_web.TestDashboardService.test_legacy_single_provider_promotes_global_fields_once,tests.test_web.TestDashboardService.test_legacy_single_provider_promotes_global_fields_once,d14594f14d68eecc69c09e1796cc1bffd8779ed9,2026-08-12T02:23:17+08:00,d14594f14d68eecc69c09e1796cc1bffd8779ed9,2026-08-12T02:23:17+08:00,1,5,0.045454545454545456,,,False,False,0,1,0.0,407.44,,0.0024543422043316583,60844169.0,NewFuture/DDNS,Python
tests/test_web.py,14,callable,ok,tests.test_web.TestDashboardService.test_interval_is_validated_and_kept_global,tests.test_web.TestDashboardService.test_interval_is_validated_and_kept_global,d14594f14d68eecc69c09e1796cc1bffd8779ed9,2026-08-12T02:23:17+08:00,d14594f14d68eecc69c09e1796cc1bffd8779ed9,2026-08-12T02:23:17+08:00,1,5,0.07692307692307693,,,False,False,0,1,0.0,407.44,,0.0024543422043316583,60844169.0,NewFuture/DDNS,Python
tests/test_web.py,15,callable,ok,tests.test_web.TestDashboardService.test_provider_interval_is_rejected,tests.test_web.TestDashboardService.test_provider_interval_is_rejected,d14594f14d68eecc69c09e1796cc1bffd8779ed9,2026-08-12T02:23:17+08:00,d14594f14d68eecc69c09e1796cc1bffd8779ed9,2026-08-12T02:23:17+08:00,1,5,0.14285714285714285,,,False,False,0,1,0.0,407.44,,0.0024543422043316583,60844169.0,NewFuture/DDNS,Python
tests/test_web.py,16,callable,ok,tests.test_web.TestDashboardService.test_runtime_config_uses_existing_v41_inheritance,tests.test_web.TestDashboardService.test_runtime_config_uses_existing_v41_inheritance,d14594f14d68eecc69c09e1796cc1bffd8779ed9,2026-08-12T02:23:17+08:00,d14594f14d68eecc69c09e1796cc1bffd8779ed9,2026-08-12T02:23:17+08:00,1,5,0.0625,,,False,False,0,1,0.0,407.44,,0.0024543422043316583,60844169.0,NewFuture/DDNS,Python
tests/test_web.py,17,callable,ok,tests.test_web.TestDashboardService.test_runtime_config_inherits_environment_values,tests.test_web.TestDashboardService.test_runtime_config_inherits_environment_values,d14594f14d68eecc69c09e1796cc1bffd8779ed9,2026-08-12T02:23:17+08:00,d14594f14d68eecc69c09e1796cc1bffd8779ed9,2026-08-12T02:23:17+08:00,1,5,0.058823529411764705,,,False,False,0,1,0.0,407.44,,0.0024543422043316583,60844169.0,NewFuture/DDNS,Python
tests/test_web.py,18,callable,ok,tests.test_web.TestDashboardService.test_omitted_global_fields_continue_to_inherit_environment,tests.test_web.TestDashboardService.test_omitted_global_fields_continue_to_inherit_environment,d14594f14d68eecc69c09e1796cc1bffd8779ed9,2026-08-12T02:23:17+08:00,d14594f14d68eecc69c09e1796cc1bffd8779ed9,2026-08-12T02:23:17+08:00,1,5,0.047619047619047616,,,False,False,0,1,0.0,407.44,,0.0024543422043316583,60844169.0,NewFuture/DDNS,Python
tests/test_web.py,19,callable,ok,tests.test_web.TestDashboardService.test_legacy_config_uses_environment_provider_without_losing_fields,tests.test_web.TestDashboardService.test_legacy_config_uses_environment_provider_without_losing_fields,d14594f14d68eecc69c09e1796cc1bffd8779ed9,2026-08-12T02:23:17+08:00,d14594f14d68eecc69c09e1796cc1bffd8779ed9,2026-08-12T02:23:17+08:00,1,5,0.1,,,False,False,0,1,0.0,407.44,,0.0024543422043316583,60844169.0,NewFuture/DDNS,Python
tests/test_web.py,20,callable,ok,tests.test_web.TestDashboardService.test_legacy_config_without_provider_is_recoverable,tests.test_web.TestDashboardService.test_legacy_config_without_provider_is_recoverable,d14594f14d68eecc69c09e1796cc1bffd8779ed9,2026-08-12T02:23:17+08:00,d14594f14d68eecc69c09e1796cc1bffd8779ed9,2026-08-12T02:23:17+08:00,1,5,0.1,,,False,False,0,1,0.0,407.44,,0.0024543422043316583,60844169.0,NewFuture/DDNS,Python
tests/test_web.py,21,callable,ok,tests.test_web.TestDashboardService.test_legacy_list_preserves_independent_environment_fallbacks,tests.test_web.TestDashboardService.test_legacy_list_preserves_independent_environment_fallbacks,d14594f14d68eecc69c09e1796cc1bffd8779ed9,2026-08-12T02:23:17+08:00,d14594f14d68eecc69c09e1796cc1bffd8779ed9,2026-08-12T02:23:17+08:00,1,5,0.07692307692307693,,,False,False,0,1,0.0,407.44,,0.0024543422043316583,60844169.0,NewFuture/DDNS,Python
tests/test_web.py,22,callable,ok,tests.test_web.TestDashboardService.test_legacy_list_rejects_non_object_entries,tests.test_web.TestDashboardService.test_legacy_list_rejects_non_object_entries,d14594f14d68eecc69c09e1796cc1bffd8779ed9,2026-08-12T02:23:17+08:00,d14594f14d68eecc69c09e1796cc1bffd8779ed9,2026-08-12T02:23:17+08:00,1,5,0.16666666666666666,,,False,False,0,1,0.0,407.44,,0.0024543422043316583,60844169.0,NewFuture/DDNS,Python
tests/test_web.py,23,callable,ok,tests.test_web.TestDashboardService.test_invalid_global_provider_field_is_rejected,tests.test_web.TestDashboardService.test_invalid_global_provider_field_is_rejected,d14594f14d68eecc69c09e1796cc1bffd8779ed9,2026-08-12T02:23:17+08:00,d14594f14d68eecc69c09e1796cc1bffd8779ed9,2026-08-12T02:23:17+08:00,1,5,0.125,,,False,False,0,1,0.0,407.44,,0.0024543422043316583,60844169.0,NewFuture/DDNS,Python
tests/test_web.py,24,callable,ok,tests.test_web.TestDashboardService.test_shared_validation_rules_reject_invalid_values,tests.test_web.TestDashboardService.test_shared_validation_rules_reject_invalid_values,d14594f14d68eecc69c09e1796cc1bffd8779ed9,2026-08-12T02:23:17+08:00,d14594f14d68eecc69c09e1796cc1bffd8779ed9,2026-08-12T02:23:17+08:00,1,5,0.07692307692307693,,,False,False,0,1,0.0,407.44,,0.0024543422043316583,60844169.0,NewFuture/DDNS,Python
tests/test_web.py,25,callable,ok,tests.test_web.TestDashboardService.test_providers_reject_global_legacy_fields,tests.test_web.TestDashboardService.test_providers_reject_global_legacy_fields,d14594f14d68eecc69c09e1796cc1bffd8779ed9,2026-08-12T02:23:17+08:00,d14594f14d68eecc69c09e1796cc1bffd8779ed9,2026-08-12T02:23:17+08:00,1,5,0.058823529411764705,,,False,False,0,1,0.0,407.44,,0.0024543422043316583,60844169.0,NewFuture/DDNS,Python
tests/test_web.py,26,callable,ok,tests.test_web.TestDashboardService.test_provider_rejects_hidden_dns_override,tests.test_web.TestDashboardService.test_provider_rejects_hidden_dns_override,d14594f14d68eecc69c09e1796cc1bffd8779ed9,2026-08-12T02:23:17+08:00,d14594f14d68eecc69c09e1796cc1bffd8779ed9,2026-08-12T02:23:17+08:00,1,5,0.1111111111111111,,,False,False,0,1,0.0,407.44,,0.0024543422043316583,60844169.0,NewFuture/DDNS,Python
tests/test_web.py,27,callable,ok,tests.test_web.TestDashboardService.test_reserved_extra_fields_are_rejected,tests.test_web.TestDashboardService.test_reserved_extra_fields_are_rejected,d14594f14d68eecc69c09e1796cc1bffd8779ed9,2026-08-12T02:23:17+08:00,d14594f14d68eecc69c09e1796cc1bffd8779ed9,2026-08-12T02:23:17+08:00,1,5,0.125,,,False,False,0,1,0.0,407.44,,0.0024543422043316583,60844169.0,NewFuture/DDNS,Python
tests/test_web.py,28,callable,ok,tests.test_web.TestDashboardService.test_numeric_validation_does_not_truncate_values,tests.test_web.TestDashboardService.test_numeric_validation_does_not_truncate_values,d14594f14d68eecc69c09e1796cc1bffd8779ed9,2026-08-12T02:23:17+08:00,d14594f14d68eecc69c09e1796cc1bffd8779ed9,2026-08-12T02:23:17+08:00,1,5,0.09090909090909091,,,False,False,0,1,0.0,407.44,,0.0024543422043316583,60844169.0,NewFuture/DDNS,Python
tests/test_web.py,29,callable,ok,tests.test_web.TestDashboardService.test_save_and_restore_unicode_configuration,tests.test_web.TestDashboardService.test_save_and_restore_unicode_configuration,d14594f14d68eecc69c09e1796cc1bffd8779ed9,2026-08-12T02:23:17+08:00,d14594f14d68eecc69c09e1796cc1bffd8779ed9,2026-08-12T02:23:17+08:00,1,5,0.06666666666666667,,,False,False,0,1,0.0,407.44,,0.0024543422043316583,60844169.0,NewFuture/DDNS,Python
tests/test_web.py,30,callable,ok,tests.test_web.TestDashboardService.test_failed_save_preserves_current_file_and_previous_backup,tests.test_web.TestDashboardService.test_failed_save_preserves_current_file_and_previous_backup,d14594f14d68eecc69c09e1796cc1bffd8779ed9,2026-08-12T02:23:17+08:00,d14594f14d68eecc69c09e1796cc1bffd8779ed9,2026-08-12T02:23:17+08:00,1,5,0.043478260869565216,,,False,False,0,1,0.0,407.44,,0.0024543422043316583,60844169.0,NewFuture/DDNS,Python
tests/test_web.py,31,callable,ok,tests.test_web.TestDashboardService.test_save_replaces_active_configuration_without_missing_path,tests.test_web.TestDashboardService.test_save_replaces_active_configuration_without_missing_path,d14594f14d68eecc69c09e1796cc1bffd8779ed9,2026-08-12T02:23:17+08:00,d14594f14d68eecc69c09e1796cc1bffd8779ed9,2026-08-12T02:23:17+08:00,1,5,0.06666666666666667,,,False,False,0,1,0.0,407.44,,0.0024543422043316583,60844169.0,NewFuture/DDNS,Python
tests/test_web.py,32,callable,ok,tests.test_web.TestDashboardService.test_restore_replaces_active_configuration_without_missing_path,tests.test_web.TestDashboardService.test_restore_replaces_active_configuration_without_missing_path,d14594f14d68eecc69c09e1796cc1bffd8779ed9,2026-08-12T02:23:17+08:00,d14594f14d68eecc69c09e1796cc1bffd8779ed9,2026-08-12T02:23:17+08:00,1,5,0.058823529411764705,,,False,False,0,1,0.0,407.44,,0.0024543422043316583,60844169.0,NewFuture/DDNS,Python
tests/test_web.py,33,callable,ok,tests.test_web.TestDashboardService.test_restore_valid_backup_over_invalid_active_configuration,tests.test_web.TestDashboardService.test_restore_valid_backup_over_invalid_active_configuration,d14594f14d68eecc69c09e1796cc1bffd8779ed9,2026-08-12T02:23:17+08:00,d14594f14d68eecc69c09e1796cc1bffd8779ed9,2026-08-12T02:23:17+08:00,1,5,0.1,,,False,False,0,1,0.0,407.44,,0.0024543422043316583,60844169.0,NewFuture/DDNS,Python
tests/test_web.py,34,callable,ok,tests.test_web.TestDashboardService.test_save_preserves_configuration_symlink,tests.test_web.TestDashboardService.test_save_preserves_configuration_symlink,d14594f14d68eecc69c09e1796cc1bffd8779ed9,2026-08-12T02:23:17+08:00,d14594f14d68eecc69c09e1796cc1bffd8779ed9,2026-08-12T02:23:17+08:00,1,5,0.045454545454545456,,,False,False,0,1,0.0,407.44,,0.0024543422043316583,60844169.0,NewFuture/DDNS,Python
tests/test_web.py,35,callable,ok,tests.test_web.TestDashboardService.test_non_ascii_byte_config_path_is_normalized,tests.test_web.TestDashboardService.test_non_ascii_byte_config_path_is_normalized,d14594f14d68eecc69c09e1796cc1bffd8779ed9,2026-08-12T02:23:17+08:00,d14594f14d68eecc69c09e1796cc1bffd8779ed9,2026-08-12T02:23:17+08:00,1,5,0.08333333333333333,,,False,False,0,1,0.0,407.44,,0.0024543422043316583,60844169.0,NewFuture/DDNS,Python
tests/test_web.py,36,callable,ok,tests.test_web.TestDashboardService.test_dashboard_reports_configured_records_without_secrets,tests.test_web.TestDashboardService.test_dashboard_reports_configured_records_without_secrets,d14594f14d68eecc69c09e1796cc1bffd8779ed9,2026-08-12T02:23:17+08:00,d14594f14d68eecc69c09e1796cc1bffd8779ed9,2026-08-12T02:23:17+08:00,1,5,0.07692307692307693,,,False,False,0,1,0.0,407.44,,0.0024543422043316583,60844169.0,NewFuture/DDNS,Python
tests/test_web.py,37,callable,ok,tests.test_web.TestDashboardService.test_dashboard_filters_records_from_shared_cache_by_provider_domains,tests.test_web.TestDashboardService.test_dashboard_filters_records_from_shared_cache_by_provider_domains,d14594f14d68eecc69c09e1796cc1bffd8779ed9,2026-08-12T02:23:17+08:00,2e2daa50beed842c31d45e154552b2085b5f6dbd,2026-08-14T17:50:59+08:00,2,5,0.06896551724137931,,,False,False,0,2,0.0,410.09,,0.004877033144943816,60844169.0,NewFuture/DDNS,Python
tests/test_web.py,38,callable,ok,tests.test_web.TestDashboardService.test_missing_file_projects_environment_only_configuration,tests.test_web.TestDashboardService.test_missing_file_projects_environment_only_configuration,d14594f14d68eecc69c09e1796cc1bffd8779ed9,2026-08-12T02:23:17+08:00,d14594f14d68eecc69c09e1796cc1bffd8779ed9,2026-08-12T02:23:17+08:00,1,5,0.07142857142857142,,,False,False,0,1,0.0,407.44,,0.0024543422043316583,60844169.0,NewFuture/DDNS,Python
tests/test_web.py,39,callable,ok,tests.test_web.TestDashboardService.test_invalid_config_remains_recoverable,tests.test_web.TestDashboardService.test_invalid_config_remains_recoverable,d14594f14d68eecc69c09e1796cc1bffd8779ed9,2026-08-12T02:23:17+08:00,d14594f14d68eecc69c09e1796cc1bffd8779ed9,2026-08-12T02:23:17+08:00,1,5,0.1,,,False,False,0,1,0.0,407.44,,0.0024543422043316583,60844169.0,NewFuture/DDNS,Python
tests/test_web.py,40,callable,ok,tests.test_web.TestDashboardService.test_unicode_validation_error_remains_api_safe,tests.test_web.TestDashboardService.test_unicode_validation_error_remains_api_safe,d14594f14d68eecc69c09e1796cc1bffd8779ed9,2026-08-12T02:23:17+08:00,d14594f14d68eecc69c09e1796cc1bffd8779ed9,2026-08-12T02:23:17+08:00,1,5,0.1111111111111111,,,False,False,0,1,0.0,407.44,,0.0024543422043316583,60844169.0,NewFuture/DDNS,Python
tests/test_web.py,41,callable,ok,tests.test_web.TestDashboardService.test_unicode_provider_error_remains_recoverable,tests.test_web.TestDashboardService.test_unicode_provider_error_remains_recoverable,d14594f14d68eecc69c09e1796cc1bffd8779ed9,2026-08-12T02:23:17+08:00,d14594f14d68eecc69c09e1796cc1bffd8779ed9,2026-08-12T02:23:17+08:00,1,5,0.1111111111111111,,,False,False,0,1,0.0,407.44,,0.0024543422043316583,60844169.0,NewFuture/DDNS,Python
tests/test_web.py,42,callable,ok,tests.test_web.TestDashboardService.test_sync_uses_runtime_config,tests.test_web.TestDashboardService.test_sync_uses_runtime_config,d14594f14d68eecc69c09e1796cc1bffd8779ed9,2026-08-12T02:23:17+08:00,d14594f14d68eecc69c09e1796cc1bffd8779ed9,2026-08-12T02:23:17+08:00,1,5,0.09090909090909091,,,False,False,0,1,0.0,407.44,,0.0024543422043316583,60844169.0,NewFuture/DDNS,Python
tests/test_web.py,43,callable,ok,tests.test_web.TestDashboardService.test_sync_applies_and_restores_runtime_logging,tests.test_web.TestDashboardService.test_sync_applies_and_restores_runtime_logging,d14594f14d68eecc69c09e1796cc1bffd8779ed9,2026-08-12T02:23:17+08:00,d14594f14d68eecc69c09e1796cc1bffd8779ed9,2026-08-12T02:23:17+08:00,1,5,0.04,,,False,False,0,1,0.0,407.44,,0.0024543422043316583,60844169.0,NewFuture/DDNS,Python
tests/test_web.py,44,callable,ok,tests.test_web.TestDashboardService.test_sync_rejects_configuration_without_domains,tests.test_web.TestDashboardService.test_sync_rejects_configuration_without_domains,d14594f14d68eecc69c09e1796cc1bffd8779ed9,2026-08-12T02:23:17+08:00,d14594f14d68eecc69c09e1796cc1bffd8779ed9,2026-08-12T02:23:17+08:00,1,5,0.09090909090909091,,,False,False,0,1,0.0,407.44,,0.0024543422043316583,60844169.0,NewFuture/DDNS,Python
tests/test_web.py,45,callable,ok,tests.test_web.TestDashboardService.test_sync_reports_success_when_cache_is_disabled,tests.test_web.TestDashboardService.test_sync_reports_success_when_cache_is_disabled,d14594f14d68eecc69c09e1796cc1bffd8779ed9,2026-08-12T02:23:17+08:00,d14594f14d68eecc69c09e1796cc1bffd8779ed9,2026-08-12T02:23:17+08:00,1,5,0.07142857142857142,,,False,False,0,1,0.0,407.44,,0.0024543422043316583,60844169.0,NewFuture/DDNS,Python
tests/test_web.py,46,callable,ok,tests.test_web.TestDashboardService.test_failed_sync_overrides_previous_success_state,tests.test_web.TestDashboardService.test_failed_sync_overrides_previous_success_state,d14594f14d68eecc69c09e1796cc1bffd8779ed9,2026-08-12T02:23:17+08:00,d14594f14d68eecc69c09e1796cc1bffd8779ed9,2026-08-12T02:23:17+08:00,1,5,0.058823529411764705,,,False,False,0,1,0.0,407.44,,0.0024543422043316583,60844169.0,NewFuture/DDNS,Python
tests/test_web.py,47,callable,ok,tests.test_web.TestDashboardService.test_duplicate_provider_types_keep_independent_sync_status,tests.test_web.TestDashboardService.test_duplicate_provider_types_keep_independent_sync_status,d14594f14d68eecc69c09e1796cc1bffd8779ed9,2026-08-12T02:23:17+08:00,d14594f14d68eecc69c09e1796cc1bffd8779ed9,2026-08-12T02:23:17+08:00,1,5,0.06666666666666667,,,False,False,0,1,0.0,407.44,,0.0024543422043316583,60844169.0,NewFuture/DDNS,Python
tests/test_web.py,48,callable,ok,tests.test_web.TestDashboardService.test_scheduler_action_uses_selected_interval,tests.test_web.TestDashboardService.test_scheduler_action_uses_selected_interval,d14594f14d68eecc69c09e1796cc1bffd8779ed9,2026-08-12T02:23:17+08:00,d14594f14d68eecc69c09e1796cc1bffd8779ed9,2026-08-12T02:23:17+08:00,1,5,0.16666666666666666,,,False,False,0,1,0.0,407.44,,0.0024543422043316583,60844169.0,NewFuture/DDNS,Python
tests/test_web.py,49,callable,ok,tests.test_web.TestDashboardService.test_saving_config_interval_updates_current_scheduler,tests.test_web.TestDashboardService.test_saving_config_interval_updates_current_scheduler,d14594f14d68eecc69c09e1796cc1bffd8779ed9,2026-08-12T02:23:17+08:00,d14594f14d68eecc69c09e1796cc1bffd8779ed9,2026-08-12T02:23:17+08:00,1,5,0.1111111111111111,,,False,False,0,1,0.0,407.44,,0.0024543422043316583,60844169.0,NewFuture/DDNS,Python
tests/test_web.py,50,callable,ok,tests.test_web.TestDashboardService.test_scheduler_rejects_fractional_interval,tests.test_web.TestDashboardService.test_scheduler_rejects_fractional_interval,d14594f14d68eecc69c09e1796cc1bffd8779ed9,2026-08-12T02:23:17+08:00,d14594f14d68eecc69c09e1796cc1bffd8779ed9,2026-08-12T02:23:17+08:00,1,5,0.25,,,False,False,0,1,0.0,407.44,,0.0024543422043316583,60844169.0,NewFuture/DDNS,Python
tests/test_web.py,51,callable,ok,tests.test_web.TestDashboardService.test_scheduler_state_resets_on_service_restart,tests.test_web.TestDashboardService.test_scheduler_state_resets_on_service_restart,d14594f14d68eecc69c09e1796cc1bffd8779ed9,2026-08-12T02:23:17+08:00,d14594f14d68eecc69c09e1796cc1bffd8779ed9,2026-08-12T02:23:17+08:00,1,5,0.1111111111111111,,,False,False,0,1,0.0,407.44,,0.0024543422043316583,60844169.0,NewFuture/DDNS,Python
tests/test_web.py,52,callable,ok,tests.test_web.TestDashboardService.test_scheduler_reports_external_task_conflict,tests.test_web.TestDashboardService.test_scheduler_reports_external_task_conflict,d14594f14d68eecc69c09e1796cc1bffd8779ed9,2026-08-12T02:23:17+08:00,d14594f14d68eecc69c09e1796cc1bffd8779ed9,2026-08-12T02:23:17+08:00,1,5,0.1111111111111111,,,False,False,0,1,0.0,407.44,,0.0024543422043316583,60844169.0,NewFuture/DDNS,Python
tests/test_web.py,53,callable,ok,tests.test_web.TestDashboardService.test_scheduler_takeover_disables_external_task,tests.test_web.TestDashboardService.test_scheduler_takeover_disables_external_task,d14594f14d68eecc69c09e1796cc1bffd8779ed9,2026-08-12T02:23:17+08:00,d14594f14d68eecc69c09e1796cc1bffd8779ed9,2026-08-12T02:23:17+08:00,1,5,0.07142857142857142,,,False,False,0,1,0.0,407.44,,0.0024543422043316583,60844169.0,NewFuture/DDNS,Python
tests/test_web.py,54,callable,ok,tests.test_web.TestDashboardService.test_scheduler_detects_and_disables_all_enabled_backends,tests.test_web.TestDashboardService.test_scheduler_detects_and_disables_all_enabled_backends,d14594f14d68eecc69c09e1796cc1bffd8779ed9,2026-08-12T02:23:17+08:00,d14594f14d68eecc69c09e1796cc1bffd8779ed9,2026-08-12T02:23:17+08:00,1,5,0.03571428571428571,,,False,False,0,1,0.0,407.44,,0.0024543422043316583,60844169.0,NewFuture/DDNS,Python
tests/test_web.py,55,callable,ok,tests.test_web.TestWebScheduler.test_runs_callback_and_stops_cleanly,tests.test_web.TestWebScheduler.test_runs_callback_and_stops_cleanly,d14594f14d68eecc69c09e1796cc1bffd8779ed9,2026-08-12T02:23:17+08:00,d14594f14d68eecc69c09e1796cc1bffd8779ed9,2026-08-12T02:23:17+08:00,1,5,0.1,,,False,False,0,1,0.0,407.44,,0.0024543422043316583,60844169.0,NewFuture/DDNS,Python
tests/test_web.py,56,callable,ok,tests.test_web.TestWebScheduler.test_paused_scheduler_waits_until_enabled,tests.test_web.TestWebScheduler.test_paused_scheduler_waits_until_enabled,d14594f14d68eecc69c09e1796cc1bffd8779ed9,2026-08-12T02:23:17+08:00,d14594f14d68eecc69c09e1796cc1bffd8779ed9,2026-08-12T02:23:17+08:00,1,5,0.08333333333333333,,,False,False,0,1,0.0,407.44,,0.0024543422043316583,60844169.0,NewFuture/DDNS,Python
tests/test_web.py,57,callable,ok,tests.test_web.TestWebScheduler.test_guard_blocks_duplicate_scheduler,tests.test_web.TestWebScheduler.test_guard_blocks_duplicate_scheduler,d14594f14d68eecc69c09e1796cc1bffd8779ed9,2026-08-12T02:23:17+08:00,d14594f14d68eecc69c09e1796cc1bffd8779ed9,2026-08-12T02:23:17+08:00,1,5,0.07692307692307693,,,False,False,0,1,0.0,407.44,,0.0024543422043316583,60844169.0,NewFuture/DDNS,Python
tests/test_web.py,58,callable,ok,tests.test_web.TestDashboardStartup.test_status_output_is_flushed,tests.test_web.TestDashboardStartup.test_status_output_is_flushed,d14594f14d68eecc69c09e1796cc1bffd8779ed9,2026-08-12T02:23:17+08:00,d14594f14d68eecc69c09e1796cc1bffd8779ed9,2026-08-12T02:23:17+08:00,1,5,0.16666666666666666,,,False,False,0,1,0.0,407.44,,0.0024543422043316583,60844169.0,NewFuture/DDNS,Python
tests/test_web.py,59,callable,ok,tests.test_web.TestDashboardStartup.test_startup_prints_single_use_launch_url,tests.test_web.TestDashboardStartup.test_startup_prints_single_use_launch_url,d14594f14d68eecc69c09e1796cc1bffd8779ed9,2026-08-12T02:23:17+08:00,d14594f14d68eecc69c09e1796cc1bffd8779ed9,2026-08-12T02:23:17+08:00,1,5,0.043478260869565216,,,False,False,0,1,0.0,407.44,,0.0024543422043316583,60844169.0,NewFuture/DDNS,Python
tests/test_web.py,60,callable,ok,tests.test_web.TestDashboardServer.setUp,tests.test_web.TestDashboardServer.setUp,d14594f14d68eecc69c09e1796cc1bffd8779ed9,2026-08-12T02:23:17+08:00,d14594f14d68eecc69c09e1796cc1bffd8779ed9,2026-08-12T02:23:17+08:00,1,5,0.038461538461538464,,,False,False,0,1,0.0,407.44,,0.0024543422043316583,60844169.0,NewFuture/DDNS,Python
tests/test_web.py,61,callable,ok,tests.test_web.TestDashboardServer._stop_server,tests.test_web.TestDashboardServer._stop_server,d14594f14d68eecc69c09e1796cc1bffd8779ed9,2026-08-12T02:23:17+08:00,d14594f14d68eecc69c09e1796cc1bffd8779ed9,2026-08-12T02:23:17+08:00,1,5,0.2,,,False,False,0,1,0.0,407.44,,0.0024543422043316583,60844169.0,NewFuture/DDNS,Python
tests/test_web.py,62,callable,ok,tests.test_web.TestDashboardServer._request,tests.test_web.TestDashboardServer._request,d14594f14d68eecc69c09e1796cc1bffd8779ed9,2026-08-12T02:23:17+08:00,d14594f14d68eecc69c09e1796cc1bffd8779ed9,2026-08-12T02:23:17+08:00,1,5,0.09090909090909091,,,False,False,0,1,0.0,407.44,,0.0024543422043316583,60844169.0,NewFuture/DDNS,Python
tests/test_web.py,63,callable,ok,tests.test_web.TestDashboardServer.test_head_never_writes_response_body,tests.test_web.TestDashboardServer.test_head_never_writes_response_body,d14594f14d68eecc69c09e1796cc1bffd8779ed9,2026-08-12T02:23:17+08:00,d14594f14d68eecc69c09e1796cc1bffd8779ed9,2026-08-12T02:23:17+08:00,1,5,0.1111111111111111,,,False,False,0,1,0.0,407.44,,0.0024543422043316583,60844169.0,NewFuture/DDNS,Python
tests/test_web.py,64,callable,ok,tests.test_web.TestDashboardServer.test_serves_embedded_page_and_assets,tests.test_web.TestDashboardServer.test_serves_embedded_page_and_assets,d14594f14d68eecc69c09e1796cc1bffd8779ed9,2026-08-12T02:23:17+08:00,d14594f14d68eecc69c09e1796cc1bffd8779ed9,2026-08-12T02:23:17+08:00,1,5,0.09090909090909091,,,False,False,0,1,0.0,407.44,,0.0024543422043316583,60844169.0,NewFuture/DDNS,Python
tests/test_web.py,65,callable,ok,tests.test_web.TestDashboardServer.test_read_api_requires_launch_token,tests.test_web.TestDashboardServer.test_read_api_requires_launch_token,d14594f14d68eecc69c09e1796cc1bffd8779ed9,2026-08-12T02:23:17+08:00,d14594f14d68eecc69c09e1796cc1bffd8779ed9,2026-08-12T02:23:17+08:00,1,5,0.16666666666666666,,,False,False,0,1,0.0,407.44,,0.0024543422043316583,60844169.0,NewFuture/DDNS,Python
tests/test_web.py,66,callable,ok,tests.test_web.TestDashboardServer.test_dashboard_reports_invalid_runtime_environment,tests.test_web.TestDashboardServer.test_dashboard_reports_invalid_runtime_environment,d14594f14d68eecc69c09e1796cc1bffd8779ed9,2026-08-12T02:23:17+08:00,d14594f14d68eecc69c09e1796cc1bffd8779ed9,2026-08-12T02:23:17+08:00,1,5,0.07692307692307693,,,False,False,0,1,0.0,407.44,,0.0024543422043316583,60844169.0,NewFuture/DDNS,Python
tests/test_web.py,67,callable,ok,tests.test_web.TestDashboardServer.test_browser_bootstrap_token_is_single_use,tests.test_web.TestDashboardServer.test_browser_bootstrap_token_is_single_use,d14594f14d68eecc69c09e1796cc1bffd8779ed9,2026-08-12T02:23:17+08:00,d14594f14d68eecc69c09e1796cc1bffd8779ed9,2026-08-12T02:23:17+08:00,1,5,0.09090909090909091,,,False,False,0,1,0.0,407.44,,0.0024543422043316583,60844169.0,NewFuture/DDNS,Python
tests/test_web.py,68,callable,ok,tests.test_web.TestDashboardServer.test_write_requires_session_token,tests.test_web.TestDashboardServer.test_write_requires_session_token,d14594f14d68eecc69c09e1796cc1bffd8779ed9,2026-08-12T02:23:17+08:00,d14594f14d68eecc69c09e1796cc1bffd8779ed9,2026-08-12T02:23:17+08:00,1,5,0.09090909090909091,,,False,False,0,1,0.0,407.44,,0.0024543422043316583,60844169.0,NewFuture/DDNS,Python
tests/test_web.py,69,callable,ok,tests.test_web.TestDashboardServer.test_rejects_nonlocal_host_header,tests.test_web.TestDashboardServer.test_rejects_nonlocal_host_header,d14594f14d68eecc69c09e1796cc1bffd8779ed9,2026-08-12T02:23:17+08:00,d14594f14d68eecc69c09e1796cc1bffd8779ed9,2026-08-12T02:23:17+08:00,1,5,0.16666666666666666,,,False,False,0,1,0.0,407.44,,0.0024543422043316583,60844169.0,NewFuture/DDNS,Python
tests/test_web.py,70,callable,ok,tests.test_web.TestDashboardServer.test_config_api_saves_and_reads_normalized_document,tests.test_web.TestDashboardServer.test_config_api_saves_and_reads_normalized_document,d14594f14d68eecc69c09e1796cc1bffd8779ed9,2026-08-12T02:23:17+08:00,d14594f14d68eecc69c09e1796cc1bffd8779ed9,2026-08-12T02:23:17+08:00,1,5,0.07142857142857142,,,False,False,0,1,0.0,407.44,,0.0024543422043316583,60844169.0,NewFuture/DDNS,Python
tests/test_web.py,71,callable,ok,tests.test_web.TestDashboardService.test_sync_stops_before_next_provider_when_cancelled,tests.test_web.TestDashboardService.test_sync_stops_before_next_provider_when_cancelled,c919f2c6afd9f75f2c239642d6ea7f24a631df75,2026-08-13T17:25:47+08:00,c919f2c6afd9f75f2c239642d6ea7f24a631df75,2026-08-13T17:25:47+08:00,1,3,0.045454545454545456,,,False,False,0,1,0.0,409.07,,0.002444582046497139,60844169.0,NewFuture/DDNS,Python
tests/test_web.py,72,callable,ok,tests.test_web.TestDashboardService.test_dashboard_allows_small_cache_mtime_clock_skew,tests.test_web.TestDashboardService.test_dashboard_allows_small_cache_mtime_clock_skew,2e2daa50beed842c31d45e154552b2085b5f6dbd,2026-08-14T17:50:59+08:00,2e2daa50beed842c31d45e154552b2085b5f6dbd,2026-08-14T17:50:59+08:00,1,2,0.058823529411764705,,,False,False,0,1,0.0,410.09,,0.002438516572471908,60844169.0,NewFuture/DDNS,Python
