repo_id,full_name,language,track,target_date,commit_sha,error
614765452.0,Significant-Gravitas/AutoGPT,Python,A1,2023-04-01T00:00:00+00:00,39b51697f118a237161c476257d71bcf15b7bdea,Significant-Gravitas/AutoGPT@39b51697 not materialized at C:\Users\kvrlv\Projects\Codebook_AIDev-pysmells\data\snapshots\Significant-Gravitas__AutoGPT\39b51697f118a237161c476257d71bcf15b7bdea - run materialize_snapshots.py (Phase 1e) first
614765452.0,Significant-Gravitas/AutoGPT,Python,A1,2023-05-01T00:00:00+00:00,c317cf0e75d70c3b38eebe4b1a4855f9a28789d9,Significant-Gravitas/AutoGPT@c317cf0e not materialized at C:\Users\kvrlv\Projects\Codebook_AIDev-pysmells\data\snapshots\Significant-Gravitas__AutoGPT\c317cf0e75d70c3b38eebe4b1a4855f9a28789d9 - run materialize_snapshots.py (Phase 1e) first
614765452.0,Significant-Gravitas/AutoGPT,Python,A1,2023-06-01T00:00:00+00:00,63b79a88c6d10e23f7b21081ec17651df22033d5,Significant-Gravitas/AutoGPT@63b79a88 not materialized at C:\Users\kvrlv\Projects\Codebook_AIDev-pysmells\data\snapshots\Significant-Gravitas__AutoGPT\63b79a88c6d10e23f7b21081ec17651df22033d5 - run materialize_snapshots.py (Phase 1e) first
614765452.0,Significant-Gravitas/AutoGPT,Python,A1,2023-07-01T00:00:00+00:00,0f33416b0ee6a245e790a46f94c6777240bbdc3c,Significant-Gravitas/AutoGPT@0f33416b not materialized at C:\Users\kvrlv\Projects\Codebook_AIDev-pysmells\data\snapshots\Significant-Gravitas__AutoGPT\0f33416b0ee6a245e790a46f94c6777240bbdc3c - run materialize_snapshots.py (Phase 1e) first
614765452.0,Significant-Gravitas/AutoGPT,Python,A1,2023-08-01T00:00:00+00:00,a14ddcd6af70d679a200d1bd4addf8e7796a7d00,Significant-Gravitas/AutoGPT@a14ddcd6 not materialized at C:\Users\kvrlv\Projects\Codebook_AIDev-pysmells\data\snapshots\Significant-Gravitas__AutoGPT\a14ddcd6af70d679a200d1bd4addf8e7796a7d00 - run materialize_snapshots.py (Phase 1e) first
614765452.0,Significant-Gravitas/AutoGPT,Python,A1,2023-09-01T00:00:00+00:00,ecb9580a13ce56497dd8e95157c4fd2d60e31c3b,Significant-Gravitas/AutoGPT@ecb9580a not materialized at C:\Users\kvrlv\Projects\Codebook_AIDev-pysmells\data\snapshots\Significant-Gravitas__AutoGPT\ecb9580a13ce56497dd8e95157c4fd2d60e31c3b - run materialize_snapshots.py (Phase 1e) first
614765452.0,Significant-Gravitas/AutoGPT,Python,A1,2023-10-01T00:00:00+00:00,a0fba5d1f13d35a1c4a8b7718550677bf62b5101,Significant-Gravitas/AutoGPT@a0fba5d1 not materialized at C:\Users\kvrlv\Projects\Codebook_AIDev-pysmells\data\snapshots\Significant-Gravitas__AutoGPT\a0fba5d1f13d35a1c4a8b7718550677bf62b5101 - run materialize_snapshots.py (Phase 1e) first
614765452.0,Significant-Gravitas/AutoGPT,Python,A1,2023-11-01T00:00:00+00:00,688ba62db73fe227b448b3a116f875bc7b805e51,Significant-Gravitas/AutoGPT@688ba62d not materialized at C:\Users\kvrlv\Projects\Codebook_AIDev-pysmells\data\snapshots\Significant-Gravitas__AutoGPT\688ba62db73fe227b448b3a116f875bc7b805e51 - run materialize_snapshots.py (Phase 1e) first
614765452.0,Significant-Gravitas/AutoGPT,Python,A1,2023-12-01T00:00:00+00:00,207201d907382af05619372fd9e7ac30c1ba14cb,Significant-Gravitas/AutoGPT@207201d9 not materialized at C:\Users\kvrlv\Projects\Codebook_AIDev-pysmells\data\snapshots\Significant-Gravitas__AutoGPT\207201d907382af05619372fd9e7ac30c1ba14cb - run materialize_snapshots.py (Phase 1e) first
614765452.0,Significant-Gravitas/AutoGPT,Python,A1,2024-01-01T00:00:00+00:00,45c8476e67b1bfd214d855efd9c5c86e357dc235,Significant-Gravitas/AutoGPT@45c8476e not materialized at C:\Users\kvrlv\Projects\Codebook_AIDev-pysmells\data\snapshots\Significant-Gravitas__AutoGPT\45c8476e67b1bfd214d855efd9c5c86e357dc235 - run materialize_snapshots.py (Phase 1e) first
614765452.0,Significant-Gravitas/AutoGPT,Python,A1,2024-02-01T00:00:00+00:00,66e0c87894cf363d6c7d7076be9f7f0686706bec,Significant-Gravitas/AutoGPT@66e0c878 not materialized at C:\Users\kvrlv\Projects\Codebook_AIDev-pysmells\data\snapshots\Significant-Gravitas__AutoGPT\66e0c87894cf363d6c7d7076be9f7f0686706bec - run materialize_snapshots.py (Phase 1e) first
614765452.0,Significant-Gravitas/AutoGPT,Python,A1,2024-03-01T00:00:00+00:00,51f58084305dbd5a373eb913f9fbd530aa4b266c,Significant-Gravitas/AutoGPT@51f58084 not materialized at C:\Users\kvrlv\Projects\Codebook_AIDev-pysmells\data\snapshots\Significant-Gravitas__AutoGPT\51f58084305dbd5a373eb913f9fbd530aa4b266c - run materialize_snapshots.py (Phase 1e) first
614765452.0,Significant-Gravitas/AutoGPT,Python,A1,2024-04-01T00:00:00+00:00,fb8ed0b46b4623cb54bb8c64c76e5786f89c194c,Significant-Gravitas/AutoGPT@fb8ed0b4 not materialized at C:\Users\kvrlv\Projects\Codebook_AIDev-pysmells\data\snapshots\Significant-Gravitas__AutoGPT\fb8ed0b46b4623cb54bb8c64c76e5786f89c194c - run materialize_snapshots.py (Phase 1e) first
614765452.0,Significant-Gravitas/AutoGPT,Python,A1,2024-05-01T00:00:00+00:00,a7c7a5e18b7f3670ac2a66434764e8181cb11f77,Significant-Gravitas/AutoGPT@a7c7a5e1 not materialized at C:\Users\kvrlv\Projects\Codebook_AIDev-pysmells\data\snapshots\Significant-Gravitas__AutoGPT\a7c7a5e18b7f3670ac2a66434764e8181cb11f77 - run materialize_snapshots.py (Phase 1e) first
614765452.0,Significant-Gravitas/AutoGPT,Python,A1,2024-06-01T00:00:00+00:00,cb9ad6f64d07de84cef59a360aea02a1e16f39ae,Significant-Gravitas/AutoGPT@cb9ad6f6 not materialized at C:\Users\kvrlv\Projects\Codebook_AIDev-pysmells\data\snapshots\Significant-Gravitas__AutoGPT\cb9ad6f64d07de84cef59a360aea02a1e16f39ae - run materialize_snapshots.py (Phase 1e) first
614765452.0,Significant-Gravitas/AutoGPT,Python,A1,2024-07-01T00:00:00+00:00,d5ab83aa34cdcb970c5b25b38681ef1783f68f17,Significant-Gravitas/AutoGPT@d5ab83aa not materialized at C:\Users\kvrlv\Projects\Codebook_AIDev-pysmells\data\snapshots\Significant-Gravitas__AutoGPT\d5ab83aa34cdcb970c5b25b38681ef1783f68f17 - run materialize_snapshots.py (Phase 1e) first
614765452.0,Significant-Gravitas/AutoGPT,Python,A1,2024-08-01T00:00:00+00:00,ca7182403b3bd1322b044fa5d3c73ef9fc0967c8,Significant-Gravitas/AutoGPT@ca718240 not materialized at C:\Users\kvrlv\Projects\Codebook_AIDev-pysmells\data\snapshots\Significant-Gravitas__AutoGPT\ca7182403b3bd1322b044fa5d3c73ef9fc0967c8 - run materialize_snapshots.py (Phase 1e) first
614765452.0,Significant-Gravitas/AutoGPT,Python,A1,2024-09-01T00:00:00+00:00,370b2dabe8795fd94b6b3a62abfd9b2ba67a2d59,Significant-Gravitas/AutoGPT@370b2dab not materialized at C:\Users\kvrlv\Projects\Codebook_AIDev-pysmells\data\snapshots\Significant-Gravitas__AutoGPT\370b2dabe8795fd94b6b3a62abfd9b2ba67a2d59 - run materialize_snapshots.py (Phase 1e) first
614765452.0,Significant-Gravitas/AutoGPT,Python,A1,2024-10-01T00:00:00+00:00,a80b0de18da5c74aff1276b822582de777710a23,Significant-Gravitas/AutoGPT@a80b0de1 not materialized at C:\Users\kvrlv\Projects\Codebook_AIDev-pysmells\data\snapshots\Significant-Gravitas__AutoGPT\a80b0de18da5c74aff1276b822582de777710a23 - run materialize_snapshots.py (Phase 1e) first
614765452.0,Significant-Gravitas/AutoGPT,Python,A1,2024-11-01T00:00:00+00:00,151fad5cedfe912c11780b8834ab2c35e3cb7fe6,Significant-Gravitas/AutoGPT@151fad5c not materialized at C:\Users\kvrlv\Projects\Codebook_AIDev-pysmells\data\snapshots\Significant-Gravitas__AutoGPT\151fad5cedfe912c11780b8834ab2c35e3cb7fe6 - run materialize_snapshots.py (Phase 1e) first
614765452.0,Significant-Gravitas/AutoGPT,Python,A1,2024-12-01T00:00:00+00:00,7d48eebc78661911acf8644fc2bf322527859c61,Significant-Gravitas/AutoGPT@7d48eebc not materialized at C:\Users\kvrlv\Projects\Codebook_AIDev-pysmells\data\snapshots\Significant-Gravitas__AutoGPT\7d48eebc78661911acf8644fc2bf322527859c61 - run materialize_snapshots.py (Phase 1e) first
614765452.0,Significant-Gravitas/AutoGPT,Python,A1,2025-01-01T00:00:00+00:00,1ce1918967955587092c634e638adea505ef9226,Significant-Gravitas/AutoGPT@1ce19189 not materialized at C:\Users\kvrlv\Projects\Codebook_AIDev-pysmells\data\snapshots\Significant-Gravitas__AutoGPT\1ce1918967955587092c634e638adea505ef9226 - run materialize_snapshots.py (Phase 1e) first
614765452.0,Significant-Gravitas/AutoGPT,Python,A1,2025-02-01T00:00:00+00:00,8e33af6d9927dac490c3823fe0e483db4b447071,Significant-Gravitas/AutoGPT@8e33af6d not materialized at C:\Users\kvrlv\Projects\Codebook_AIDev-pysmells\data\snapshots\Significant-Gravitas__AutoGPT\8e33af6d9927dac490c3823fe0e483db4b447071 - run materialize_snapshots.py (Phase 1e) first
614765452.0,Significant-Gravitas/AutoGPT,Python,A1,2025-03-01T00:00:00+00:00,7747ad8f4c90c6ce4ace14b115de0991398047a0,Significant-Gravitas/AutoGPT@7747ad8f not materialized at C:\Users\kvrlv\Projects\Codebook_AIDev-pysmells\data\snapshots\Significant-Gravitas__AutoGPT\7747ad8f4c90c6ce4ace14b115de0991398047a0 - run materialize_snapshots.py (Phase 1e) first
614765452.0,Significant-Gravitas/AutoGPT,Python,A1,2025-04-01T00:00:00+00:00,c6089bb6a661233b3fc7c9c5783e95b50a3f240d,Significant-Gravitas/AutoGPT@c6089bb6 not materialized at C:\Users\kvrlv\Projects\Codebook_AIDev-pysmells\data\snapshots\Significant-Gravitas__AutoGPT\c6089bb6a661233b3fc7c9c5783e95b50a3f240d - run materialize_snapshots.py (Phase 1e) first
614765452.0,Significant-Gravitas/AutoGPT,Python,A1,2025-05-01T00:00:00+00:00,602f887623e7367a76b3c2cff6dc3d917868b124,Significant-Gravitas/AutoGPT@602f8876 not materialized at C:\Users\kvrlv\Projects\Codebook_AIDev-pysmells\data\snapshots\Significant-Gravitas__AutoGPT\602f887623e7367a76b3c2cff6dc3d917868b124 - run materialize_snapshots.py (Phase 1e) first
614765452.0,Significant-Gravitas/AutoGPT,Python,A1,2025-06-01T00:00:00+00:00,768c6b1c971aa0d7dcd83013324166325df3057b,Significant-Gravitas/AutoGPT@768c6b1c not materialized at C:\Users\kvrlv\Projects\Codebook_AIDev-pysmells\data\snapshots\Significant-Gravitas__AutoGPT\768c6b1c971aa0d7dcd83013324166325df3057b - run materialize_snapshots.py (Phase 1e) first
614765452.0,Significant-Gravitas/AutoGPT,Python,A1,2025-07-01T00:00:00+00:00,198b3d9f4563bb17733d42d100f056ae338dbd38,Significant-Gravitas/AutoGPT@198b3d9f not materialized at C:\Users\kvrlv\Projects\Codebook_AIDev-pysmells\data\snapshots\Significant-Gravitas__AutoGPT\198b3d9f4563bb17733d42d100f056ae338dbd38 - run materialize_snapshots.py (Phase 1e) first
614765452.0,Significant-Gravitas/AutoGPT,Python,A1,2025-08-01T00:00:00+00:00,d323dc2821477adabf03a93de87e5e2ea9f28a9d,Significant-Gravitas/AutoGPT@d323dc28 not materialized at C:\Users\kvrlv\Projects\Codebook_AIDev-pysmells\data\snapshots\Significant-Gravitas__AutoGPT\d323dc2821477adabf03a93de87e5e2ea9f28a9d - run materialize_snapshots.py (Phase 1e) first
614765452.0,Significant-Gravitas/AutoGPT,Python,A1,2025-09-01T00:00:00+00:00,7544028b94627d792cc2c06f14d583db48a80038,Significant-Gravitas/AutoGPT@7544028b not materialized at C:\Users\kvrlv\Projects\Codebook_AIDev-pysmells\data\snapshots\Significant-Gravitas__AutoGPT\7544028b94627d792cc2c06f14d583db48a80038 - run materialize_snapshots.py (Phase 1e) first
614765452.0,Significant-Gravitas/AutoGPT,Python,A1,2025-10-01T00:00:00+00:00,e68b873bcf13aa5cd7c14baa792636bc8240237a,Significant-Gravitas/AutoGPT@e68b873b not materialized at C:\Users\kvrlv\Projects\Codebook_AIDev-pysmells\data\snapshots\Significant-Gravitas__AutoGPT\e68b873bcf13aa5cd7c14baa792636bc8240237a - run materialize_snapshots.py (Phase 1e) first
614765452.0,Significant-Gravitas/AutoGPT,Python,A1,2025-11-01T00:00:00+00:00,42b9facd4a1940de5ca8092268f7df7cefdeb28b,Significant-Gravitas/AutoGPT@42b9facd not materialized at C:\Users\kvrlv\Projects\Codebook_AIDev-pysmells\data\snapshots\Significant-Gravitas__AutoGPT\42b9facd4a1940de5ca8092268f7df7cefdeb28b - run materialize_snapshots.py (Phase 1e) first
614765452.0,Significant-Gravitas/AutoGPT,Python,A1,2025-12-01T00:00:00+00:00,a37b52774465af0ab9f546137c23282109bdd937,Significant-Gravitas/AutoGPT@a37b5277 not materialized at C:\Users\kvrlv\Projects\Codebook_AIDev-pysmells\data\snapshots\Significant-Gravitas__AutoGPT\a37b52774465af0ab9f546137c23282109bdd937 - run materialize_snapshots.py (Phase 1e) first
614765452.0,Significant-Gravitas/AutoGPT,Python,A1,2026-01-01T00:00:00+00:00,290d0d9a9beaccb74221540bd32363bf73743172,Significant-Gravitas/AutoGPT@290d0d9a not materialized at C:\Users\kvrlv\Projects\Codebook_AIDev-pysmells\data\snapshots\Significant-Gravitas__AutoGPT\290d0d9a9beaccb74221540bd32363bf73743172 - run materialize_snapshots.py (Phase 1e) first
614765452.0,Significant-Gravitas/AutoGPT,Python,A1,2026-02-01T00:00:00+00:00,7e37de8e30529bd9b8c2ee3e3e74bf689ff13783,Significant-Gravitas/AutoGPT@7e37de8e not materialized at C:\Users\kvrlv\Projects\Codebook_AIDev-pysmells\data\snapshots\Significant-Gravitas__AutoGPT\7e37de8e30529bd9b8c2ee3e3e74bf689ff13783 - run materialize_snapshots.py (Phase 1e) first
614765452.0,Significant-Gravitas/AutoGPT,Python,A1,2026-03-01T00:00:00+00:00,6f4f80871d1e9b975320f0f77d6eeac1d2d17887,Significant-Gravitas/AutoGPT@6f4f8087 not materialized at C:\Users\kvrlv\Projects\Codebook_AIDev-pysmells\data\snapshots\Significant-Gravitas__AutoGPT\6f4f80871d1e9b975320f0f77d6eeac1d2d17887 - run materialize_snapshots.py (Phase 1e) first
614765452.0,Significant-Gravitas/AutoGPT,Python,A2,2024-05-17T11:20:49+00:00,e8d7dfa386f9e104bdb0b42aaedbf537318544ba,Significant-Gravitas/AutoGPT@e8d7dfa3 not materialized at C:\Users\kvrlv\Projects\Codebook_AIDev-pysmells\data\snapshots\Significant-Gravitas__AutoGPT\e8d7dfa386f9e104bdb0b42aaedbf537318544ba - run materialize_snapshots.py (Phase 1e) first
614765452.0,Significant-Gravitas/AutoGPT,Python,A2,2024-06-17T11:20:49+00:00,227cf41612f577f1d1406cb97022c4ce3144027a,Significant-Gravitas/AutoGPT@227cf416 not materialized at C:\Users\kvrlv\Projects\Codebook_AIDev-pysmells\data\snapshots\Significant-Gravitas__AutoGPT\227cf41612f577f1d1406cb97022c4ce3144027a - run materialize_snapshots.py (Phase 1e) first
614765452.0,Significant-Gravitas/AutoGPT,Python,A2,2024-07-17T11:20:49+00:00,78b84289cb01ebebc60dcc1a664a304416d44b27,Significant-Gravitas/AutoGPT@78b84289 not materialized at C:\Users\kvrlv\Projects\Codebook_AIDev-pysmells\data\snapshots\Significant-Gravitas__AutoGPT\78b84289cb01ebebc60dcc1a664a304416d44b27 - run materialize_snapshots.py (Phase 1e) first
614765452.0,Significant-Gravitas/AutoGPT,Python,A2,2024-08-17T11:20:49+00:00,526364297c9dc7bd3242c6bac19dee9ee61916da,Significant-Gravitas/AutoGPT@52636429 not materialized at C:\Users\kvrlv\Projects\Codebook_AIDev-pysmells\data\snapshots\Significant-Gravitas__AutoGPT\526364297c9dc7bd3242c6bac19dee9ee61916da - run materialize_snapshots.py (Phase 1e) first
614765452.0,Significant-Gravitas/AutoGPT,Python,A2,2024-09-17T11:20:49+00:00,80161decb9551264e4f2dfa54b89ccc0baa67ba6,Significant-Gravitas/AutoGPT@80161dec not materialized at C:\Users\kvrlv\Projects\Codebook_AIDev-pysmells\data\snapshots\Significant-Gravitas__AutoGPT\80161decb9551264e4f2dfa54b89ccc0baa67ba6 - run materialize_snapshots.py (Phase 1e) first
614765452.0,Significant-Gravitas/AutoGPT,Python,A2,2024-10-17T11:20:49+00:00,615a9746dc926221f604ec3dc467b075676edfc2,Significant-Gravitas/AutoGPT@615a9746 not materialized at C:\Users\kvrlv\Projects\Codebook_AIDev-pysmells\data\snapshots\Significant-Gravitas__AutoGPT\615a9746dc926221f604ec3dc467b075676edfc2 - run materialize_snapshots.py (Phase 1e) first
614765452.0,Significant-Gravitas/AutoGPT,Python,A2,2024-11-17T11:20:49+00:00,e30dac575d9db5ef338da966e9bac14aea9b5a04,Significant-Gravitas/AutoGPT@e30dac57 not materialized at C:\Users\kvrlv\Projects\Codebook_AIDev-pysmells\data\snapshots\Significant-Gravitas__AutoGPT\e30dac575d9db5ef338da966e9bac14aea9b5a04 - run materialize_snapshots.py (Phase 1e) first
614765452.0,Significant-Gravitas/AutoGPT,Python,A2,2024-12-17T11:20:49+00:00,41be88f0bf63b5e828baa62fa16db038b448574a,Significant-Gravitas/AutoGPT@41be88f0 not materialized at C:\Users\kvrlv\Projects\Codebook_AIDev-pysmells\data\snapshots\Significant-Gravitas__AutoGPT\41be88f0bf63b5e828baa62fa16db038b448574a - run materialize_snapshots.py (Phase 1e) first
614765452.0,Significant-Gravitas/AutoGPT,Python,A2,2025-01-17T11:20:49+00:00,3c30783b144918f02dee511a5a28d6dfd2a0394e,Significant-Gravitas/AutoGPT@3c30783b not materialized at C:\Users\kvrlv\Projects\Codebook_AIDev-pysmells\data\snapshots\Significant-Gravitas__AutoGPT\3c30783b144918f02dee511a5a28d6dfd2a0394e - run materialize_snapshots.py (Phase 1e) first
614765452.0,Significant-Gravitas/AutoGPT,Python,A2,2025-02-15T11:20:49+00:00,e55084673702ddc4cafdf5463f416d66ea229920,Significant-Gravitas/AutoGPT@e5508467 not materialized at C:\Users\kvrlv\Projects\Codebook_AIDev-pysmells\data\snapshots\Significant-Gravitas__AutoGPT\e55084673702ddc4cafdf5463f416d66ea229920 - run materialize_snapshots.py (Phase 1e) first
614765452.0,Significant-Gravitas/AutoGPT,Python,A2,2025-02-22T11:20:49+00:00,bfcc0c93b39fd97e1fe8d3b71494cb8b8590f472,Significant-Gravitas/AutoGPT@bfcc0c93 not materialized at C:\Users\kvrlv\Projects\Codebook_AIDev-pysmells\data\snapshots\Significant-Gravitas__AutoGPT\bfcc0c93b39fd97e1fe8d3b71494cb8b8590f472 - run materialize_snapshots.py (Phase 1e) first
614765452.0,Significant-Gravitas/AutoGPT,Python,A2,2025-03-01T11:20:49+00:00,7747ad8f4c90c6ce4ace14b115de0991398047a0,Significant-Gravitas/AutoGPT@7747ad8f not materialized at C:\Users\kvrlv\Projects\Codebook_AIDev-pysmells\data\snapshots\Significant-Gravitas__AutoGPT\7747ad8f4c90c6ce4ace14b115de0991398047a0 - run materialize_snapshots.py (Phase 1e) first
614765452.0,Significant-Gravitas/AutoGPT,Python,A2,2025-03-08T11:20:49+00:00,aa6f91039c84842cb944467702a386f33a89aba0,Significant-Gravitas/AutoGPT@aa6f9103 not materialized at C:\Users\kvrlv\Projects\Codebook_AIDev-pysmells\data\snapshots\Significant-Gravitas__AutoGPT\aa6f91039c84842cb944467702a386f33a89aba0 - run materialize_snapshots.py (Phase 1e) first
614765452.0,Significant-Gravitas/AutoGPT,Python,A2,2025-03-15T11:20:49+00:00,6127727aebfea79250d17c72df9f52258e58cbf7,Significant-Gravitas/AutoGPT@6127727a not materialized at C:\Users\kvrlv\Projects\Codebook_AIDev-pysmells\data\snapshots\Significant-Gravitas__AutoGPT\6127727aebfea79250d17c72df9f52258e58cbf7 - run materialize_snapshots.py (Phase 1e) first
614765452.0,Significant-Gravitas/AutoGPT,Python,A2,2025-03-22T11:20:49+00:00,f01b31873fabeea929d1607522f441eb10a31d8b,Significant-Gravitas/AutoGPT@f01b3187 not materialized at C:\Users\kvrlv\Projects\Codebook_AIDev-pysmells\data\snapshots\Significant-Gravitas__AutoGPT\f01b31873fabeea929d1607522f441eb10a31d8b - run materialize_snapshots.py (Phase 1e) first
614765452.0,Significant-Gravitas/AutoGPT,Python,A2,2025-03-29T11:20:49+00:00,1f2af183889a59c1fd384fa0028cc913fe9e4ecd,Significant-Gravitas/AutoGPT@1f2af183 not materialized at C:\Users\kvrlv\Projects\Codebook_AIDev-pysmells\data\snapshots\Significant-Gravitas__AutoGPT\1f2af183889a59c1fd384fa0028cc913fe9e4ecd - run materialize_snapshots.py (Phase 1e) first
614765452.0,Significant-Gravitas/AutoGPT,Python,A2,2025-04-05T11:20:49+00:00,73d43312d150ae1192e84b7601d1f66b084da174,Significant-Gravitas/AutoGPT@73d43312 not materialized at C:\Users\kvrlv\Projects\Codebook_AIDev-pysmells\data\snapshots\Significant-Gravitas__AutoGPT\73d43312d150ae1192e84b7601d1f66b084da174 - run materialize_snapshots.py (Phase 1e) first
614765452.0,Significant-Gravitas/AutoGPT,Python,A2,2025-04-12T11:20:49+00:00,d791cdea760e7549a970c9eb927be9ce3d423a83,Significant-Gravitas/AutoGPT@d791cdea not materialized at C:\Users\kvrlv\Projects\Codebook_AIDev-pysmells\data\snapshots\Significant-Gravitas__AutoGPT\d791cdea760e7549a970c9eb927be9ce3d423a83 - run materialize_snapshots.py (Phase 1e) first
614765452.0,Significant-Gravitas/AutoGPT,Python,A2,2025-04-19T11:20:49+00:00,2a92970a5fa5a2de5dd11acf2f283ae8358a2481,Significant-Gravitas/AutoGPT@2a92970a not materialized at C:\Users\kvrlv\Projects\Codebook_AIDev-pysmells\data\snapshots\Significant-Gravitas__AutoGPT\2a92970a5fa5a2de5dd11acf2f283ae8358a2481 - run materialize_snapshots.py (Phase 1e) first
614765452.0,Significant-Gravitas/AutoGPT,Python,A2,2025-04-26T11:20:49+00:00,96a173a85f311f1bbe186b74586df54178542c7f,Significant-Gravitas/AutoGPT@96a173a8 not materialized at C:\Users\kvrlv\Projects\Codebook_AIDev-pysmells\data\snapshots\Significant-Gravitas__AutoGPT\96a173a85f311f1bbe186b74586df54178542c7f - run materialize_snapshots.py (Phase 1e) first
614765452.0,Significant-Gravitas/AutoGPT,Python,A2,2025-05-03T11:20:49+00:00,afb66f75ec81d175610afbdd8c0c6a23c1832a98,Significant-Gravitas/AutoGPT@afb66f75 not materialized at C:\Users\kvrlv\Projects\Codebook_AIDev-pysmells\data\snapshots\Significant-Gravitas__AutoGPT\afb66f75ec81d175610afbdd8c0c6a23c1832a98 - run materialize_snapshots.py (Phase 1e) first
614765452.0,Significant-Gravitas/AutoGPT,Python,A2,2025-05-10T11:20:49+00:00,c5946927ea3573815f137db86f507602cc0baaba,Significant-Gravitas/AutoGPT@c5946927 not materialized at C:\Users\kvrlv\Projects\Codebook_AIDev-pysmells\data\snapshots\Significant-Gravitas__AutoGPT\c5946927ea3573815f137db86f507602cc0baaba - run materialize_snapshots.py (Phase 1e) first
614765452.0,Significant-Gravitas/AutoGPT,Python,A2,2025-05-17T11:20:49+00:00,bd425331f11c5a6e8eafc1e52046e4b6c6164c51,Significant-Gravitas/AutoGPT@bd425331 not materialized at C:\Users\kvrlv\Projects\Codebook_AIDev-pysmells\data\snapshots\Significant-Gravitas__AutoGPT\bd425331f11c5a6e8eafc1e52046e4b6c6164c51 - run materialize_snapshots.py (Phase 1e) first
614765452.0,Significant-Gravitas/AutoGPT,Python,A2,2025-05-24T11:20:49+00:00,dc981b52a3b97eb08f67a5a63251f635de4aeaef,Significant-Gravitas/AutoGPT@dc981b52 not materialized at C:\Users\kvrlv\Projects\Codebook_AIDev-pysmells\data\snapshots\Significant-Gravitas__AutoGPT\dc981b52a3b97eb08f67a5a63251f635de4aeaef - run materialize_snapshots.py (Phase 1e) first
614765452.0,Significant-Gravitas/AutoGPT,Python,A2,2025-05-31T11:20:49+00:00,768c6b1c971aa0d7dcd83013324166325df3057b,Significant-Gravitas/AutoGPT@768c6b1c not materialized at C:\Users\kvrlv\Projects\Codebook_AIDev-pysmells\data\snapshots\Significant-Gravitas__AutoGPT\768c6b1c971aa0d7dcd83013324166325df3057b - run materialize_snapshots.py (Phase 1e) first
614765452.0,Significant-Gravitas/AutoGPT,Python,A2,2025-06-07T11:20:49+00:00,a3d082a5fa5c2754c73d12036e0d4dbef2573b7d,Significant-Gravitas/AutoGPT@a3d082a5 not materialized at C:\Users\kvrlv\Projects\Codebook_AIDev-pysmells\data\snapshots\Significant-Gravitas__AutoGPT\a3d082a5fa5c2754c73d12036e0d4dbef2573b7d - run materialize_snapshots.py (Phase 1e) first
614765452.0,Significant-Gravitas/AutoGPT,Python,A2,2025-06-14T11:20:49+00:00,fb18ddf95d16f774053a42f40a4854255e17c873,Significant-Gravitas/AutoGPT@fb18ddf9 not materialized at C:\Users\kvrlv\Projects\Codebook_AIDev-pysmells\data\snapshots\Significant-Gravitas__AutoGPT\fb18ddf95d16f774053a42f40a4854255e17c873 - run materialize_snapshots.py (Phase 1e) first
614765452.0,Significant-Gravitas/AutoGPT,Python,A2,2025-06-21T11:20:49+00:00,e701f41e668f0490b0aad26d416b9ea4d369160a,Significant-Gravitas/AutoGPT@e701f41e not materialized at C:\Users\kvrlv\Projects\Codebook_AIDev-pysmells\data\snapshots\Significant-Gravitas__AutoGPT\e701f41e668f0490b0aad26d416b9ea4d369160a - run materialize_snapshots.py (Phase 1e) first
614765452.0,Significant-Gravitas/AutoGPT,Python,A2,2025-06-28T11:20:49+00:00,2dd366172e75f2cb36fe67730a5388ea1a740dd6,Significant-Gravitas/AutoGPT@2dd36617 not materialized at C:\Users\kvrlv\Projects\Codebook_AIDev-pysmells\data\snapshots\Significant-Gravitas__AutoGPT\2dd366172e75f2cb36fe67730a5388ea1a740dd6 - run materialize_snapshots.py (Phase 1e) first
614765452.0,Significant-Gravitas/AutoGPT,Python,A2,2025-07-05T11:20:49+00:00,171deea806186c15e217b40e49543390d83ed18a,Significant-Gravitas/AutoGPT@171deea8 not materialized at C:\Users\kvrlv\Projects\Codebook_AIDev-pysmells\data\snapshots\Significant-Gravitas__AutoGPT\171deea806186c15e217b40e49543390d83ed18a - run materialize_snapshots.py (Phase 1e) first
614765452.0,Significant-Gravitas/AutoGPT,Python,A2,2025-07-12T11:20:49+00:00,36f5f24333b027ebc90b711fd06c1a51601fae39,Significant-Gravitas/AutoGPT@36f5f243 not materialized at C:\Users\kvrlv\Projects\Codebook_AIDev-pysmells\data\snapshots\Significant-Gravitas__AutoGPT\36f5f24333b027ebc90b711fd06c1a51601fae39 - run materialize_snapshots.py (Phase 1e) first
614765452.0,Significant-Gravitas/AutoGPT,Python,A2,2025-07-19T11:20:49+00:00,e9b682cc7ab38063889b4b4093e9f9e31be306f0,Significant-Gravitas/AutoGPT@e9b682cc not materialized at C:\Users\kvrlv\Projects\Codebook_AIDev-pysmells\data\snapshots\Significant-Gravitas__AutoGPT\e9b682cc7ab38063889b4b4093e9f9e31be306f0 - run materialize_snapshots.py (Phase 1e) first
614765452.0,Significant-Gravitas/AutoGPT,Python,A2,2025-07-26T11:20:49+00:00,3c62ca23df4c4a9f54f28ce59582fcb9999dcbe9,Significant-Gravitas/AutoGPT@3c62ca23 not materialized at C:\Users\kvrlv\Projects\Codebook_AIDev-pysmells\data\snapshots\Significant-Gravitas__AutoGPT\3c62ca23df4c4a9f54f28ce59582fcb9999dcbe9 - run materialize_snapshots.py (Phase 1e) first
614765452.0,Significant-Gravitas/AutoGPT,Python,A2,2025-08-02T11:20:49+00:00,69d873debc126c10542c8e6915e0ce1130492c5d,Significant-Gravitas/AutoGPT@69d873de not materialized at C:\Users\kvrlv\Projects\Codebook_AIDev-pysmells\data\snapshots\Significant-Gravitas__AutoGPT\69d873debc126c10542c8e6915e0ce1130492c5d - run materialize_snapshots.py (Phase 1e) first
614765452.0,Significant-Gravitas/AutoGPT,Python,A2,2025-08-09T11:20:49+00:00,d4b5508ed14dc1742bf5f0bdb7762b5253a73708,Significant-Gravitas/AutoGPT@d4b5508e not materialized at C:\Users\kvrlv\Projects\Codebook_AIDev-pysmells\data\snapshots\Significant-Gravitas__AutoGPT\d4b5508ed14dc1742bf5f0bdb7762b5253a73708 - run materialize_snapshots.py (Phase 1e) first
614765452.0,Significant-Gravitas/AutoGPT,Python,A2,2025-08-16T11:20:49+00:00,6fce3a09eacf0c302cb650d1b2a67a6285b76cc4,Significant-Gravitas/AutoGPT@6fce3a09 not materialized at C:\Users\kvrlv\Projects\Codebook_AIDev-pysmells\data\snapshots\Significant-Gravitas__AutoGPT\6fce3a09eacf0c302cb650d1b2a67a6285b76cc4 - run materialize_snapshots.py (Phase 1e) first
614765452.0,Significant-Gravitas/AutoGPT,Python,A2,2025-09-17T11:20:49+00:00,634f826d82e8b93af293cee4966efa00adaa00e7,Significant-Gravitas/AutoGPT@634f826d not materialized at C:\Users\kvrlv\Projects\Codebook_AIDev-pysmells\data\snapshots\Significant-Gravitas__AutoGPT\634f826d82e8b93af293cee4966efa00adaa00e7 - run materialize_snapshots.py (Phase 1e) first
614765452.0,Significant-Gravitas/AutoGPT,Python,A2,2025-10-17T11:20:49+00:00,73c0b6899a1eba2e88fba7d65e990c98b496dff9,Significant-Gravitas/AutoGPT@73c0b689 not materialized at C:\Users\kvrlv\Projects\Codebook_AIDev-pysmells\data\snapshots\Significant-Gravitas__AutoGPT\73c0b6899a1eba2e88fba7d65e990c98b496dff9 - run materialize_snapshots.py (Phase 1e) first
614765452.0,Significant-Gravitas/AutoGPT,Python,A2,2025-11-17T11:20:49+00:00,9c3f679f30e4ffdd30ef2c50abc8c6f40b86e370,Significant-Gravitas/AutoGPT@9c3f679f not materialized at C:\Users\kvrlv\Projects\Codebook_AIDev-pysmells\data\snapshots\Significant-Gravitas__AutoGPT\9c3f679f30e4ffdd30ef2c50abc8c6f40b86e370 - run materialize_snapshots.py (Phase 1e) first
614765452.0,Significant-Gravitas/AutoGPT,Python,A2,2025-12-17T11:20:49+00:00,cc9179178f6a820ca83da3b7cf5f148dfeccdd5f,Significant-Gravitas/AutoGPT@cc917917 not materialized at C:\Users\kvrlv\Projects\Codebook_AIDev-pysmells\data\snapshots\Significant-Gravitas__AutoGPT\cc9179178f6a820ca83da3b7cf5f148dfeccdd5f - run materialize_snapshots.py (Phase 1e) first
614765452.0,Significant-Gravitas/AutoGPT,Python,A2,2026-01-17T11:20:49+00:00,f31c16004374151db4795ffa2ed58d5615fb0824,Significant-Gravitas/AutoGPT@f31c1600 not materialized at C:\Users\kvrlv\Projects\Codebook_AIDev-pysmells\data\snapshots\Significant-Gravitas__AutoGPT\f31c16004374151db4795ffa2ed58d5615fb0824 - run materialize_snapshots.py (Phase 1e) first
614765452.0,Significant-Gravitas/AutoGPT,Python,A2,2026-02-17T11:20:49+00:00,05aaf7a85e3d266d61750528afba48a29d6d7992,Significant-Gravitas/AutoGPT@05aaf7a8 not materialized at C:\Users\kvrlv\Projects\Codebook_AIDev-pysmells\data\snapshots\Significant-Gravitas__AutoGPT\05aaf7a85e3d266d61750528afba48a29d6d7992 - run materialize_snapshots.py (Phase 1e) first
614765452.0,Significant-Gravitas/AutoGPT,Python,A2,2026-03-17T11:20:49+00:00,c6b729bdfa7df1c59994b3e326bf7d612f03b57a,Significant-Gravitas/AutoGPT@c6b729bd not materialized at C:\Users\kvrlv\Projects\Codebook_AIDev-pysmells\data\snapshots\Significant-Gravitas__AutoGPT\c6b729bdfa7df1c59994b3e326bf7d612f03b57a - run materialize_snapshots.py (Phase 1e) first
614765452.0,Significant-Gravitas/AutoGPT,Python,A2,2026-04-17T11:20:49+00:00,334ec18c3179491545b1c136f9fcb88f02cbaa0f,Significant-Gravitas/AutoGPT@334ec18c not materialized at C:\Users\kvrlv\Projects\Codebook_AIDev-pysmells\data\snapshots\Significant-Gravitas__AutoGPT\334ec18c3179491545b1c136f9fcb88f02cbaa0f - run materialize_snapshots.py (Phase 1e) first
614765452.0,Significant-Gravitas/AutoGPT,Python,A2,2026-05-17T11:20:49+00:00,94ebce7f633f40af8fd59e5cdaea75159cf2e6d1,Significant-Gravitas/AutoGPT@94ebce7f not materialized at C:\Users\kvrlv\Projects\Codebook_AIDev-pysmells\data\snapshots\Significant-Gravitas__AutoGPT\94ebce7f633f40af8fd59e5cdaea75159cf2e6d1 - run materialize_snapshots.py (Phase 1e) first
881458615.0,browser-use/browser-use,Python,A1,2024-11-01T00:00:00+00:00,8b2404479ee34b00b3f47edb36c5250a791db539,browser-use/browser-use@8b240447 not materialized at C:\Users\kvrlv\Projects\Codebook_AIDev-pysmells\data\snapshots\browser-use__browser-use\8b2404479ee34b00b3f47edb36c5250a791db539 - run materialize_snapshots.py (Phase 1e) first
881458615.0,browser-use/browser-use,Python,A1,2024-12-01T00:00:00+00:00,1db4cf8dda2004ecd3b45bb476226395c8dcf858,browser-use/browser-use@1db4cf8d not materialized at C:\Users\kvrlv\Projects\Codebook_AIDev-pysmells\data\snapshots\browser-use__browser-use\1db4cf8dda2004ecd3b45bb476226395c8dcf858 - run materialize_snapshots.py (Phase 1e) first
881458615.0,browser-use/browser-use,Python,A1,2025-01-01T00:00:00+00:00,ecce85ca73fcb2371c404b741ee9d9a27b7e47fc,browser-use/browser-use@ecce85ca not materialized at C:\Users\kvrlv\Projects\Codebook_AIDev-pysmells\data\snapshots\browser-use__browser-use\ecce85ca73fcb2371c404b741ee9d9a27b7e47fc - run materialize_snapshots.py (Phase 1e) first
881458615.0,browser-use/browser-use,Python,A1,2025-02-01T00:00:00+00:00,2d658b0d6a9c4f1e086edd6c977ef6e6b32473c3,browser-use/browser-use@2d658b0d not materialized at C:\Users\kvrlv\Projects\Codebook_AIDev-pysmells\data\snapshots\browser-use__browser-use\2d658b0d6a9c4f1e086edd6c977ef6e6b32473c3 - run materialize_snapshots.py (Phase 1e) first
881458615.0,browser-use/browser-use,Python,A1,2025-03-01T00:00:00+00:00,f4065dd1a2c8d056a1c197a37c550d1522f8ee78,browser-use/browser-use@f4065dd1 not materialized at C:\Users\kvrlv\Projects\Codebook_AIDev-pysmells\data\snapshots\browser-use__browser-use\f4065dd1a2c8d056a1c197a37c550d1522f8ee78 - run materialize_snapshots.py (Phase 1e) first
881458615.0,browser-use/browser-use,Python,A1,2025-04-01T00:00:00+00:00,ca0c6fdd0dca6a1f26405e35120ee624d53c5f63,browser-use/browser-use@ca0c6fdd not materialized at C:\Users\kvrlv\Projects\Codebook_AIDev-pysmells\data\snapshots\browser-use__browser-use\ca0c6fdd0dca6a1f26405e35120ee624d53c5f63 - run materialize_snapshots.py (Phase 1e) first
881458615.0,browser-use/browser-use,Python,A1,2025-05-01T00:00:00+00:00,3d89b12cb9c0218740f40a66eb6fee80df7d2dd4,browser-use/browser-use@3d89b12c not materialized at C:\Users\kvrlv\Projects\Codebook_AIDev-pysmells\data\snapshots\browser-use__browser-use\3d89b12cb9c0218740f40a66eb6fee80df7d2dd4 - run materialize_snapshots.py (Phase 1e) first
881458615.0,browser-use/browser-use,Python,A1,2025-06-01T00:00:00+00:00,9f1006b0ace776bff076eb2c636ad710dc6c496b,browser-use/browser-use@9f1006b0 not materialized at C:\Users\kvrlv\Projects\Codebook_AIDev-pysmells\data\snapshots\browser-use__browser-use\9f1006b0ace776bff076eb2c636ad710dc6c496b - run materialize_snapshots.py (Phase 1e) first
881458615.0,browser-use/browser-use,Python,A1,2025-07-01T00:00:00+00:00,3b38d956016d349e04b6558ded31e8d7ff79afa4,browser-use/browser-use@3b38d956 not materialized at C:\Users\kvrlv\Projects\Codebook_AIDev-pysmells\data\snapshots\browser-use__browser-use\3b38d956016d349e04b6558ded31e8d7ff79afa4 - run materialize_snapshots.py (Phase 1e) first
881458615.0,browser-use/browser-use,Python,A1,2025-08-01T00:00:00+00:00,7d0b2f411c3a56ef0ea6cb2f259eccc0e15c23cd,browser-use/browser-use@7d0b2f41 not materialized at C:\Users\kvrlv\Projects\Codebook_AIDev-pysmells\data\snapshots\browser-use__browser-use\7d0b2f411c3a56ef0ea6cb2f259eccc0e15c23cd - run materialize_snapshots.py (Phase 1e) first
881458615.0,browser-use/browser-use,Python,A1,2025-09-01T00:00:00+00:00,a35707153fe33ad1985fdfbc32a182dd1844e4bf,browser-use/browser-use@a3570715 not materialized at C:\Users\kvrlv\Projects\Codebook_AIDev-pysmells\data\snapshots\browser-use__browser-use\a35707153fe33ad1985fdfbc32a182dd1844e4bf - run materialize_snapshots.py (Phase 1e) first
881458615.0,browser-use/browser-use,Python,A1,2025-10-01T00:00:00+00:00,5552212429985c90da9ced19b54f856ebf59dc50,browser-use/browser-use@55522124 not materialized at C:\Users\kvrlv\Projects\Codebook_AIDev-pysmells\data\snapshots\browser-use__browser-use\5552212429985c90da9ced19b54f856ebf59dc50 - run materialize_snapshots.py (Phase 1e) first
881458615.0,browser-use/browser-use,Python,A1,2025-11-01T00:00:00+00:00,508d72dbf27770bf3fa9d51f8976c8d491839b3c,browser-use/browser-use@508d72db not materialized at C:\Users\kvrlv\Projects\Codebook_AIDev-pysmells\data\snapshots\browser-use__browser-use\508d72dbf27770bf3fa9d51f8976c8d491839b3c - run materialize_snapshots.py (Phase 1e) first
881458615.0,browser-use/browser-use,Python,A1,2025-12-01T00:00:00+00:00,0126a7a7ee4d38120d7be4bfab59f6529c3f7edb,browser-use/browser-use@0126a7a7 not materialized at C:\Users\kvrlv\Projects\Codebook_AIDev-pysmells\data\snapshots\browser-use__browser-use\0126a7a7ee4d38120d7be4bfab59f6529c3f7edb - run materialize_snapshots.py (Phase 1e) first
881458615.0,browser-use/browser-use,Python,A1,2026-01-01T00:00:00+00:00,6b4ed25347a5999297e3ff3df88edd1cb8bbaa57,browser-use/browser-use@6b4ed253 not materialized at C:\Users\kvrlv\Projects\Codebook_AIDev-pysmells\data\snapshots\browser-use__browser-use\6b4ed25347a5999297e3ff3df88edd1cb8bbaa57 - run materialize_snapshots.py (Phase 1e) first
881458615.0,browser-use/browser-use,Python,A1,2026-02-01T00:00:00+00:00,b98118a27bf473588fdc81a89522682c46245eaf,browser-use/browser-use@b98118a2 not materialized at C:\Users\kvrlv\Projects\Codebook_AIDev-pysmells\data\snapshots\browser-use__browser-use\b98118a27bf473588fdc81a89522682c46245eaf - run materialize_snapshots.py (Phase 1e) first
881458615.0,browser-use/browser-use,Python,A1,2026-03-01T00:00:00+00:00,c21cfc7d417ed481622124f3618d693d5be4e21b,browser-use/browser-use@c21cfc7d not materialized at C:\Users\kvrlv\Projects\Codebook_AIDev-pysmells\data\snapshots\browser-use__browser-use\c21cfc7d417ed481622124f3618d693d5be4e21b - run materialize_snapshots.py (Phase 1e) first
881458615.0,browser-use/browser-use,Python,A2,2024-11-24T11:08:50+00:00,0f9fd1c78da0a43f40ac78324b9981aec2bafe3c,browser-use/browser-use@0f9fd1c7 not materialized at C:\Users\kvrlv\Projects\Codebook_AIDev-pysmells\data\snapshots\browser-use__browser-use\0f9fd1c78da0a43f40ac78324b9981aec2bafe3c - run materialize_snapshots.py (Phase 1e) first
881458615.0,browser-use/browser-use,Python,A2,2024-12-24T11:08:50+00:00,2454893f69f08a646f4d32180b4a99f88ad14c21,browser-use/browser-use@2454893f not materialized at C:\Users\kvrlv\Projects\Codebook_AIDev-pysmells\data\snapshots\browser-use__browser-use\2454893f69f08a646f4d32180b4a99f88ad14c21 - run materialize_snapshots.py (Phase 1e) first
881458615.0,browser-use/browser-use,Python,A2,2025-01-24T11:08:50+00:00,9ce97b23aa0525fe0a84d3d255d64fb17985da2b,browser-use/browser-use@9ce97b23 not materialized at C:\Users\kvrlv\Projects\Codebook_AIDev-pysmells\data\snapshots\browser-use__browser-use\9ce97b23aa0525fe0a84d3d255d64fb17985da2b - run materialize_snapshots.py (Phase 1e) first
881458615.0,browser-use/browser-use,Python,A2,2025-02-24T11:08:50+00:00,ded1addb95d78020a5d0e38a20f57ce3cced8d12,browser-use/browser-use@ded1addb not materialized at C:\Users\kvrlv\Projects\Codebook_AIDev-pysmells\data\snapshots\browser-use__browser-use\ded1addb95d78020a5d0e38a20f57ce3cced8d12 - run materialize_snapshots.py (Phase 1e) first
881458615.0,browser-use/browser-use,Python,A2,2025-03-25T11:08:50+00:00,bf521fda9e051aeb4c5f028d55f90027b2c592ad,browser-use/browser-use@bf521fda not materialized at C:\Users\kvrlv\Projects\Codebook_AIDev-pysmells\data\snapshots\browser-use__browser-use\bf521fda9e051aeb4c5f028d55f90027b2c592ad - run materialize_snapshots.py (Phase 1e) first
881458615.0,browser-use/browser-use,Python,A2,2025-04-01T11:08:50+00:00,364a3f311000f69dbc8e19d7f3f62c6a9eacd9c2,browser-use/browser-use@364a3f31 not materialized at C:\Users\kvrlv\Projects\Codebook_AIDev-pysmells\data\snapshots\browser-use__browser-use\364a3f311000f69dbc8e19d7f3f62c6a9eacd9c2 - run materialize_snapshots.py (Phase 1e) first
881458615.0,browser-use/browser-use,Python,A2,2025-04-08T11:08:50+00:00,026ac9551a2423fab6d37f26ed2362374a59a5b7,browser-use/browser-use@026ac955 not materialized at C:\Users\kvrlv\Projects\Codebook_AIDev-pysmells\data\snapshots\browser-use__browser-use\026ac9551a2423fab6d37f26ed2362374a59a5b7 - run materialize_snapshots.py (Phase 1e) first
881458615.0,browser-use/browser-use,Python,A2,2025-04-15T11:08:50+00:00,03a453753885d5f5e498e93b9b102b22ac891023,browser-use/browser-use@03a45375 not materialized at C:\Users\kvrlv\Projects\Codebook_AIDev-pysmells\data\snapshots\browser-use__browser-use\03a453753885d5f5e498e93b9b102b22ac891023 - run materialize_snapshots.py (Phase 1e) first
881458615.0,browser-use/browser-use,Python,A2,2025-04-22T11:08:50+00:00,d6a5d6dcab7002677e2226392493d70d8c28ae45,browser-use/browser-use@d6a5d6dc not materialized at C:\Users\kvrlv\Projects\Codebook_AIDev-pysmells\data\snapshots\browser-use__browser-use\d6a5d6dcab7002677e2226392493d70d8c28ae45 - run materialize_snapshots.py (Phase 1e) first
881458615.0,browser-use/browser-use,Python,A2,2025-04-29T11:08:50+00:00,f283f3abf8108dee112f4715c3c443f99895c536,browser-use/browser-use@f283f3ab not materialized at C:\Users\kvrlv\Projects\Codebook_AIDev-pysmells\data\snapshots\browser-use__browser-use\f283f3abf8108dee112f4715c3c443f99895c536 - run materialize_snapshots.py (Phase 1e) first
881458615.0,browser-use/browser-use,Python,A2,2025-05-06T11:08:50+00:00,4f625fd762bdca0a384629d2cf2b5559eb10694e,browser-use/browser-use@4f625fd7 not materialized at C:\Users\kvrlv\Projects\Codebook_AIDev-pysmells\data\snapshots\browser-use__browser-use\4f625fd762bdca0a384629d2cf2b5559eb10694e - run materialize_snapshots.py (Phase 1e) first
881458615.0,browser-use/browser-use,Python,A2,2025-05-13T11:08:50+00:00,bdc60097aa9e77c50c5175dd9182af177ad51fa5,browser-use/browser-use@bdc60097 not materialized at C:\Users\kvrlv\Projects\Codebook_AIDev-pysmells\data\snapshots\browser-use__browser-use\bdc60097aa9e77c50c5175dd9182af177ad51fa5 - run materialize_snapshots.py (Phase 1e) first
881458615.0,browser-use/browser-use,Python,A2,2025-05-20T11:08:50+00:00,bdb9bc81a340701b406005cfcd20a91af6753303,browser-use/browser-use@bdb9bc81 not materialized at C:\Users\kvrlv\Projects\Codebook_AIDev-pysmells\data\snapshots\browser-use__browser-use\bdb9bc81a340701b406005cfcd20a91af6753303 - run materialize_snapshots.py (Phase 1e) first
881458615.0,browser-use/browser-use,Python,A2,2025-05-27T11:08:50+00:00,000ee0d26201be7dad0cecc6f1f4b135e2e22c12,browser-use/browser-use@000ee0d2 not materialized at C:\Users\kvrlv\Projects\Codebook_AIDev-pysmells\data\snapshots\browser-use__browser-use\000ee0d26201be7dad0cecc6f1f4b135e2e22c12 - run materialize_snapshots.py (Phase 1e) first
881458615.0,browser-use/browser-use,Python,A2,2025-06-03T11:08:50+00:00,d2059e85125db2e36d904b2aa914d5f93ff28349,browser-use/browser-use@d2059e85 not materialized at C:\Users\kvrlv\Projects\Codebook_AIDev-pysmells\data\snapshots\browser-use__browser-use\d2059e85125db2e36d904b2aa914d5f93ff28349 - run materialize_snapshots.py (Phase 1e) first
881458615.0,browser-use/browser-use,Python,A2,2025-06-10T11:08:50+00:00,ffd36eb5da1a09cb7e054aaeb2c5f71a8bddd59c,browser-use/browser-use@ffd36eb5 not materialized at C:\Users\kvrlv\Projects\Codebook_AIDev-pysmells\data\snapshots\browser-use__browser-use\ffd36eb5da1a09cb7e054aaeb2c5f71a8bddd59c - run materialize_snapshots.py (Phase 1e) first
881458615.0,browser-use/browser-use,Python,A2,2025-06-17T11:08:50+00:00,0b7ada4731066cd6b0df898b7c67da4f2263c12a,browser-use/browser-use@0b7ada47 not materialized at C:\Users\kvrlv\Projects\Codebook_AIDev-pysmells\data\snapshots\browser-use__browser-use\0b7ada4731066cd6b0df898b7c67da4f2263c12a - run materialize_snapshots.py (Phase 1e) first
881458615.0,browser-use/browser-use,Python,A2,2025-06-24T11:08:50+00:00,bf4887bb262efdbb761e106a5e5b25458348fa7f,browser-use/browser-use@bf4887bb not materialized at C:\Users\kvrlv\Projects\Codebook_AIDev-pysmells\data\snapshots\browser-use__browser-use\bf4887bb262efdbb761e106a5e5b25458348fa7f - run materialize_snapshots.py (Phase 1e) first
881458615.0,browser-use/browser-use,Python,A2,2025-07-01T11:08:50+00:00,6de2a103ad7c4939da1057acca0a41d1129c3fb5,browser-use/browser-use@6de2a103 not materialized at C:\Users\kvrlv\Projects\Codebook_AIDev-pysmells\data\snapshots\browser-use__browser-use\6de2a103ad7c4939da1057acca0a41d1129c3fb5 - run materialize_snapshots.py (Phase 1e) first
881458615.0,browser-use/browser-use,Python,A2,2025-07-08T11:08:50+00:00,20fec94c19b1d7908144ea88571abaab4bad18d3,browser-use/browser-use@20fec94c not materialized at C:\Users\kvrlv\Projects\Codebook_AIDev-pysmells\data\snapshots\browser-use__browser-use\20fec94c19b1d7908144ea88571abaab4bad18d3 - run materialize_snapshots.py (Phase 1e) first
881458615.0,browser-use/browser-use,Python,A2,2025-07-15T11:08:50+00:00,0f6aa7de4f655c29ae92954791c1ba8b5c286dec,browser-use/browser-use@0f6aa7de not materialized at C:\Users\kvrlv\Projects\Codebook_AIDev-pysmells\data\snapshots\browser-use__browser-use\0f6aa7de4f655c29ae92954791c1ba8b5c286dec - run materialize_snapshots.py (Phase 1e) first
881458615.0,browser-use/browser-use,Python,A2,2025-07-22T11:08:50+00:00,9d99e64c2a95efb62df9de36900f298f08d837a3,browser-use/browser-use@9d99e64c not materialized at C:\Users\kvrlv\Projects\Codebook_AIDev-pysmells\data\snapshots\browser-use__browser-use\9d99e64c2a95efb62df9de36900f298f08d837a3 - run materialize_snapshots.py (Phase 1e) first
881458615.0,browser-use/browser-use,Python,A2,2025-07-29T11:08:50+00:00,582021e9e0c681f07c609ef11444c0dc2e8ceb91,browser-use/browser-use@582021e9 not materialized at C:\Users\kvrlv\Projects\Codebook_AIDev-pysmells\data\snapshots\browser-use__browser-use\582021e9e0c681f07c609ef11444c0dc2e8ceb91 - run materialize_snapshots.py (Phase 1e) first
881458615.0,browser-use/browser-use,Python,A2,2025-08-05T11:08:50+00:00,762b3d10a70b8f9f177c4b492c80ec83c5f872b7,browser-use/browser-use@762b3d10 not materialized at C:\Users\kvrlv\Projects\Codebook_AIDev-pysmells\data\snapshots\browser-use__browser-use\762b3d10a70b8f9f177c4b492c80ec83c5f872b7 - run materialize_snapshots.py (Phase 1e) first
881458615.0,browser-use/browser-use,Python,A2,2025-08-12T11:08:50+00:00,7cadc3fdb21fd6e56aa98a1fb0933ce5209ba096,browser-use/browser-use@7cadc3fd not materialized at C:\Users\kvrlv\Projects\Codebook_AIDev-pysmells\data\snapshots\browser-use__browser-use\7cadc3fdb21fd6e56aa98a1fb0933ce5209ba096 - run materialize_snapshots.py (Phase 1e) first
881458615.0,browser-use/browser-use,Python,A2,2025-08-19T11:08:50+00:00,74a54754659999ab8041b368a8a95772137281a9,browser-use/browser-use@74a54754 not materialized at C:\Users\kvrlv\Projects\Codebook_AIDev-pysmells\data\snapshots\browser-use__browser-use\74a54754659999ab8041b368a8a95772137281a9 - run materialize_snapshots.py (Phase 1e) first
881458615.0,browser-use/browser-use,Python,A2,2025-08-26T11:08:50+00:00,4946df6183b9a2debb5cd80c0cc6791d64d4bcfb,browser-use/browser-use@4946df61 not materialized at C:\Users\kvrlv\Projects\Codebook_AIDev-pysmells\data\snapshots\browser-use__browser-use\4946df6183b9a2debb5cd80c0cc6791d64d4bcfb - run materialize_snapshots.py (Phase 1e) first
881458615.0,browser-use/browser-use,Python,A2,2025-09-02T11:08:50+00:00,a99971f39c80a09189600afdcfffbe9cf43a7f49,browser-use/browser-use@a99971f3 not materialized at C:\Users\kvrlv\Projects\Codebook_AIDev-pysmells\data\snapshots\browser-use__browser-use\a99971f39c80a09189600afdcfffbe9cf43a7f49 - run materialize_snapshots.py (Phase 1e) first
881458615.0,browser-use/browser-use,Python,A2,2025-09-09T11:08:50+00:00,15d7d23171649f3d58ffbcc70eb143eb82c8e225,browser-use/browser-use@15d7d231 not materialized at C:\Users\kvrlv\Projects\Codebook_AIDev-pysmells\data\snapshots\browser-use__browser-use\15d7d23171649f3d58ffbcc70eb143eb82c8e225 - run materialize_snapshots.py (Phase 1e) first
881458615.0,browser-use/browser-use,Python,A2,2025-09-16T11:08:50+00:00,a94a5575f1d7090878e8cd96122e5f92f911872e,browser-use/browser-use@a94a5575 not materialized at C:\Users\kvrlv\Projects\Codebook_AIDev-pysmells\data\snapshots\browser-use__browser-use\a94a5575f1d7090878e8cd96122e5f92f911872e - run materialize_snapshots.py (Phase 1e) first
881458615.0,browser-use/browser-use,Python,A2,2025-09-23T11:08:50+00:00,075f663dbffe81baceff7407264853a00ae8db7c,browser-use/browser-use@075f663d not materialized at C:\Users\kvrlv\Projects\Codebook_AIDev-pysmells\data\snapshots\browser-use__browser-use\075f663dbffe81baceff7407264853a00ae8db7c - run materialize_snapshots.py (Phase 1e) first
881458615.0,browser-use/browser-use,Python,A2,2025-10-24T11:08:50+00:00,ec36152b41dca335003dee50df361109abb1315f,browser-use/browser-use@ec36152b not materialized at C:\Users\kvrlv\Projects\Codebook_AIDev-pysmells\data\snapshots\browser-use__browser-use\ec36152b41dca335003dee50df361109abb1315f - run materialize_snapshots.py (Phase 1e) first
881458615.0,browser-use/browser-use,Python,A2,2025-11-24T11:08:50+00:00,57852a490b28568b2c89d242b04463286b231f5f,browser-use/browser-use@57852a49 not materialized at C:\Users\kvrlv\Projects\Codebook_AIDev-pysmells\data\snapshots\browser-use__browser-use\57852a490b28568b2c89d242b04463286b231f5f - run materialize_snapshots.py (Phase 1e) first
881458615.0,browser-use/browser-use,Python,A2,2025-12-24T11:08:50+00:00,310bc12c3eb412c967ef24f9e94a48adff84aa45,browser-use/browser-use@310bc12c not materialized at C:\Users\kvrlv\Projects\Codebook_AIDev-pysmells\data\snapshots\browser-use__browser-use\310bc12c3eb412c967ef24f9e94a48adff84aa45 - run materialize_snapshots.py (Phase 1e) first
881458615.0,browser-use/browser-use,Python,A2,2026-01-24T11:08:50+00:00,965bc6819555b6a9cfeece70b8f1709d869df62e,browser-use/browser-use@965bc681 not materialized at C:\Users\kvrlv\Projects\Codebook_AIDev-pysmells\data\snapshots\browser-use__browser-use\965bc6819555b6a9cfeece70b8f1709d869df62e - run materialize_snapshots.py (Phase 1e) first
881458615.0,browser-use/browser-use,Python,A2,2026-02-24T11:08:50+00:00,f60a62bc760d23258225dba2f15f5bf786efb072,browser-use/browser-use@f60a62bc not materialized at C:\Users\kvrlv\Projects\Codebook_AIDev-pysmells\data\snapshots\browser-use__browser-use\f60a62bc760d23258225dba2f15f5bf786efb072 - run materialize_snapshots.py (Phase 1e) first
881458615.0,browser-use/browser-use,Python,A2,2026-03-24T11:08:50+00:00,8fbf07f06ea5c10c117eab481d8780781b2f307b,browser-use/browser-use@8fbf07f0 not materialized at C:\Users\kvrlv\Projects\Codebook_AIDev-pysmells\data\snapshots\browser-use__browser-use\8fbf07f06ea5c10c117eab481d8780781b2f307b - run materialize_snapshots.py (Phase 1e) first
881458615.0,browser-use/browser-use,Python,A2,2026-04-24T11:08:50+00:00,99e9a455e77b9809c9358674555ac2ab87133b18,browser-use/browser-use@99e9a455 not materialized at C:\Users\kvrlv\Projects\Codebook_AIDev-pysmells\data\snapshots\browser-use__browser-use\99e9a455e77b9809c9358674555ac2ab87133b18 - run materialize_snapshots.py (Phase 1e) first
881458615.0,browser-use/browser-use,Python,A2,2026-05-24T11:08:50+00:00,d21b3da4ac9c341d66ee064264abda67af36eab3,browser-use/browser-use@d21b3da4 not materialized at C:\Users\kvrlv\Projects\Codebook_AIDev-pysmells\data\snapshots\browser-use__browser-use\d21b3da4ac9c341d66ee064264abda67af36eab3 - run materialize_snapshots.py (Phase 1e) first
881458615.0,browser-use/browser-use,Python,A2,2026-06-24T11:08:50+00:00,48c3c882ac5f5557c011cb0c8edfc53962da5899,browser-use/browser-use@48c3c882 not materialized at C:\Users\kvrlv\Projects\Codebook_AIDev-pysmells\data\snapshots\browser-use__browser-use\48c3c882ac5f5557c011cb0c8edfc53962da5899 - run materialize_snapshots.py (Phase 1e) first
710601088.0,crewAIInc/crewAI,Python,A2,2025-01-17T20:52:41+00:00,30d027158a04e633b42b21f246478a9af61a9ce1,crewAIInc/crewAI@30d02715 not materialized at C:\Users\kvrlv\Projects\Codebook_AIDev-pysmells\data\snapshots\crewAIInc__crewAI\30d027158a04e633b42b21f246478a9af61a9ce1 - run materialize_snapshots.py (Phase 1e) first
710601088.0,crewAIInc/crewAI,Python,A2,2025-01-24T20:52:41+00:00,8c76bad50f5bb72b061500910dfb14c4defe7185,crewAIInc/crewAI@8c76bad5 not materialized at C:\Users\kvrlv\Projects\Codebook_AIDev-pysmells\data\snapshots\crewAIInc__crewAI\8c76bad50f5bb72b061500910dfb14c4defe7185 - run materialize_snapshots.py (Phase 1e) first
742063678.0,crewAIInc/crewAI-tools,Python,A1,2024-02-01T00:00:00+00:00,cae7e9fbf0bc09b6af695d9f405873c18be7f04a,crewAIInc/crewAI-tools@cae7e9fb not materialized at C:\Users\kvrlv\Projects\Codebook_AIDev-pysmells\data\snapshots\crewAIInc__crewAI-tools\cae7e9fbf0bc09b6af695d9f405873c18be7f04a - run materialize_snapshots.py (Phase 1e) first
742063678.0,crewAIInc/crewAI-tools,Python,A1,2024-03-01T00:00:00+00:00,74c74bb822152a1abd006b140e0e858665594365,crewAIInc/crewAI-tools@74c74bb8 not materialized at C:\Users\kvrlv\Projects\Codebook_AIDev-pysmells\data\snapshots\crewAIInc__crewAI-tools\74c74bb822152a1abd006b140e0e858665594365 - run materialize_snapshots.py (Phase 1e) first
742063678.0,crewAIInc/crewAI-tools,Python,A1,2024-04-01T00:00:00+00:00,1abbdcba4ab49406109c8c07df54072e40619b52,crewAIInc/crewAI-tools@1abbdcba not materialized at C:\Users\kvrlv\Projects\Codebook_AIDev-pysmells\data\snapshots\crewAIInc__crewAI-tools\1abbdcba4ab49406109c8c07df54072e40619b52 - run materialize_snapshots.py (Phase 1e) first
742063678.0,crewAIInc/crewAI-tools,Python,A1,2024-05-01T00:00:00+00:00,5b02473c9c25ee4d81db75c5ab5fa0ebd54b7dda,crewAIInc/crewAI-tools@5b02473c not materialized at C:\Users\kvrlv\Projects\Codebook_AIDev-pysmells\data\snapshots\crewAIInc__crewAI-tools\5b02473c9c25ee4d81db75c5ab5fa0ebd54b7dda - run materialize_snapshots.py (Phase 1e) first
742063678.0,crewAIInc/crewAI-tools,Python,A1,2024-06-01T00:00:00+00:00,49f5d8b212f0bce5861074092a2778647cdde747,crewAIInc/crewAI-tools@49f5d8b2 not materialized at C:\Users\kvrlv\Projects\Codebook_AIDev-pysmells\data\snapshots\crewAIInc__crewAI-tools\49f5d8b212f0bce5861074092a2778647cdde747 - run materialize_snapshots.py (Phase 1e) first
742063678.0,crewAIInc/crewAI-tools,Python,A1,2024-07-01T00:00:00+00:00,4cc086e4f770d6dfc395ed37f1ee809bc6810df3,crewAIInc/crewAI-tools@4cc086e4 not materialized at C:\Users\kvrlv\Projects\Codebook_AIDev-pysmells\data\snapshots\crewAIInc__crewAI-tools\4cc086e4f770d6dfc395ed37f1ee809bc6810df3 - run materialize_snapshots.py (Phase 1e) first
742063678.0,crewAIInc/crewAI-tools,Python,A1,2024-08-01T00:00:00+00:00,ac530258dcaaeb278cbf228eca8a4a83e7eb5fb5,crewAIInc/crewAI-tools@ac530258 not materialized at C:\Users\kvrlv\Projects\Codebook_AIDev-pysmells\data\snapshots\crewAIInc__crewAI-tools\ac530258dcaaeb278cbf228eca8a4a83e7eb5fb5 - run materialize_snapshots.py (Phase 1e) first
742063678.0,crewAIInc/crewAI-tools,Python,A1,2024-09-01T00:00:00+00:00,7972c8a9d438024f94efb933c5750ed7d65dfd61,crewAIInc/crewAI-tools@7972c8a9 not materialized at C:\Users\kvrlv\Projects\Codebook_AIDev-pysmells\data\snapshots\crewAIInc__crewAI-tools\7972c8a9d438024f94efb933c5750ed7d65dfd61 - run materialize_snapshots.py (Phase 1e) first
742063678.0,crewAIInc/crewAI-tools,Python,A1,2024-10-01T00:00:00+00:00,6ed996dfc0b7ff33134c7e922f9c3afbdca2f585,crewAIInc/crewAI-tools@6ed996df not materialized at C:\Users\kvrlv\Projects\Codebook_AIDev-pysmells\data\snapshots\crewAIInc__crewAI-tools\6ed996dfc0b7ff33134c7e922f9c3afbdca2f585 - run materialize_snapshots.py (Phase 1e) first
742063678.0,crewAIInc/crewAI-tools,Python,A1,2024-11-01T00:00:00+00:00,b2beaac7ce4601dc2126633436725f7471b198de,crewAIInc/crewAI-tools@b2beaac7 not materialized at C:\Users\kvrlv\Projects\Codebook_AIDev-pysmells\data\snapshots\crewAIInc__crewAI-tools\b2beaac7ce4601dc2126633436725f7471b198de - run materialize_snapshots.py (Phase 1e) first
742063678.0,crewAIInc/crewAI-tools,Python,A2,2024-01-28T00:55:17+00:00,cae7e9fbf0bc09b6af695d9f405873c18be7f04a,crewAIInc/crewAI-tools@cae7e9fb not materialized at C:\Users\kvrlv\Projects\Codebook_AIDev-pysmells\data\snapshots\crewAIInc__crewAI-tools\cae7e9fbf0bc09b6af695d9f405873c18be7f04a - run materialize_snapshots.py (Phase 1e) first
742063678.0,crewAIInc/crewAI-tools,Python,A2,2024-05-28T00:55:17+00:00,49f5d8b212f0bce5861074092a2778647cdde747,crewAIInc/crewAI-tools@49f5d8b2 not materialized at C:\Users\kvrlv\Projects\Codebook_AIDev-pysmells\data\snapshots\crewAIInc__crewAI-tools\49f5d8b212f0bce5861074092a2778647cdde747 - run materialize_snapshots.py (Phase 1e) first
742063678.0,crewAIInc/crewAI-tools,Python,A2,2024-06-28T00:55:17+00:00,4cc086e4f770d6dfc395ed37f1ee809bc6810df3,crewAIInc/crewAI-tools@4cc086e4 not materialized at C:\Users\kvrlv\Projects\Codebook_AIDev-pysmells\data\snapshots\crewAIInc__crewAI-tools\4cc086e4f770d6dfc395ed37f1ee809bc6810df3 - run materialize_snapshots.py (Phase 1e) first
742063678.0,crewAIInc/crewAI-tools,Python,A2,2024-09-28T00:55:17+00:00,6ed996dfc0b7ff33134c7e922f9c3afbdca2f585,crewAIInc/crewAI-tools@6ed996df not materialized at C:\Users\kvrlv\Projects\Codebook_AIDev-pysmells\data\snapshots\crewAIInc__crewAI-tools\6ed996dfc0b7ff33134c7e922f9c3afbdca2f585 - run materialize_snapshots.py (Phase 1e) first
742063678.0,crewAIInc/crewAI-tools,Python,A2,2024-10-05T00:55:17+00:00,6ed996dfc0b7ff33134c7e922f9c3afbdca2f585,crewAIInc/crewAI-tools@6ed996df not materialized at C:\Users\kvrlv\Projects\Codebook_AIDev-pysmells\data\snapshots\crewAIInc__crewAI-tools\6ed996dfc0b7ff33134c7e922f9c3afbdca2f585 - run materialize_snapshots.py (Phase 1e) first
742063678.0,crewAIInc/crewAI-tools,Python,A2,2024-10-12T00:55:17+00:00,6ed996dfc0b7ff33134c7e922f9c3afbdca2f585,crewAIInc/crewAI-tools@6ed996df not materialized at C:\Users\kvrlv\Projects\Codebook_AIDev-pysmells\data\snapshots\crewAIInc__crewAI-tools\6ed996dfc0b7ff33134c7e922f9c3afbdca2f585 - run materialize_snapshots.py (Phase 1e) first
958026130.0,featureform/enrichmcp,Python,A1,2025-06-01T00:00:00+00:00,ee571f5fa930614152c368005c7492b68cda6329,featureform/enrichmcp@ee571f5f not materialized at C:\Users\kvrlv\Projects\Codebook_AIDev-pysmells\data\snapshots\featureform__enrichmcp\ee571f5fa930614152c368005c7492b68cda6329 - run materialize_snapshots.py (Phase 1e) first
958026130.0,featureform/enrichmcp,Python,A1,2025-07-01T00:00:00+00:00,0e5658d9e9d87eb8224cb64f32ba15078af1def0,featureform/enrichmcp@0e5658d9 not materialized at C:\Users\kvrlv\Projects\Codebook_AIDev-pysmells\data\snapshots\featureform__enrichmcp\0e5658d9e9d87eb8224cb64f32ba15078af1def0 - run materialize_snapshots.py (Phase 1e) first
958026130.0,featureform/enrichmcp,Python,A1,2025-08-01T00:00:00+00:00,0b974f1d671ab72dd71573b33b807a6ac6bc658b,featureform/enrichmcp@0b974f1d not materialized at C:\Users\kvrlv\Projects\Codebook_AIDev-pysmells\data\snapshots\featureform__enrichmcp\0b974f1d671ab72dd71573b33b807a6ac6bc658b - run materialize_snapshots.py (Phase 1e) first
958026130.0,featureform/enrichmcp,Python,A1,2025-09-01T00:00:00+00:00,cda19c627ff312b082b23fc6d9dafc6468b56879,featureform/enrichmcp@cda19c62 not materialized at C:\Users\kvrlv\Projects\Codebook_AIDev-pysmells\data\snapshots\featureform__enrichmcp\cda19c627ff312b082b23fc6d9dafc6468b56879 - run materialize_snapshots.py (Phase 1e) first
958026130.0,featureform/enrichmcp,Python,A1,2025-10-01T00:00:00+00:00,052edbadcd53c7e65159ddd3910e918117e1de2f,featureform/enrichmcp@052edbad not materialized at C:\Users\kvrlv\Projects\Codebook_AIDev-pysmells\data\snapshots\featureform__enrichmcp\052edbadcd53c7e65159ddd3910e918117e1de2f - run materialize_snapshots.py (Phase 1e) first
958026130.0,featureform/enrichmcp,Python,A1,2025-11-01T00:00:00+00:00,052edbadcd53c7e65159ddd3910e918117e1de2f,featureform/enrichmcp@052edbad not materialized at C:\Users\kvrlv\Projects\Codebook_AIDev-pysmells\data\snapshots\featureform__enrichmcp\052edbadcd53c7e65159ddd3910e918117e1de2f - run materialize_snapshots.py (Phase 1e) first
958026130.0,featureform/enrichmcp,Python,A2,2025-05-29T14:37:13+00:00,ee571f5fa930614152c368005c7492b68cda6329,featureform/enrichmcp@ee571f5f not materialized at C:\Users\kvrlv\Projects\Codebook_AIDev-pysmells\data\snapshots\featureform__enrichmcp\ee571f5fa930614152c368005c7492b68cda6329 - run materialize_snapshots.py (Phase 1e) first
958026130.0,featureform/enrichmcp,Python,A2,2025-06-05T14:37:13+00:00,ee571f5fa930614152c368005c7492b68cda6329,featureform/enrichmcp@ee571f5f not materialized at C:\Users\kvrlv\Projects\Codebook_AIDev-pysmells\data\snapshots\featureform__enrichmcp\ee571f5fa930614152c368005c7492b68cda6329 - run materialize_snapshots.py (Phase 1e) first
958026130.0,featureform/enrichmcp,Python,A2,2025-06-12T14:37:13+00:00,dcf2930f278930fbd9eb6a99ea991a76c27fb004,featureform/enrichmcp@dcf2930f not materialized at C:\Users\kvrlv\Projects\Codebook_AIDev-pysmells\data\snapshots\featureform__enrichmcp\dcf2930f278930fbd9eb6a99ea991a76c27fb004 - run materialize_snapshots.py (Phase 1e) first
958026130.0,featureform/enrichmcp,Python,A2,2025-06-19T14:37:13+00:00,dc3841bf6cb658866e981786684bf9bb93a47ab7,featureform/enrichmcp@dc3841bf not materialized at C:\Users\kvrlv\Projects\Codebook_AIDev-pysmells\data\snapshots\featureform__enrichmcp\dc3841bf6cb658866e981786684bf9bb93a47ab7 - run materialize_snapshots.py (Phase 1e) first
958026130.0,featureform/enrichmcp,Python,A2,2025-06-26T14:37:13+00:00,7f4b9c3662c2390903d6c994116f3475850b0940,featureform/enrichmcp@7f4b9c36 not materialized at C:\Users\kvrlv\Projects\Codebook_AIDev-pysmells\data\snapshots\featureform__enrichmcp\7f4b9c3662c2390903d6c994116f3475850b0940 - run materialize_snapshots.py (Phase 1e) first
958026130.0,featureform/enrichmcp,Python,A2,2025-07-03T14:37:13+00:00,cfed69acb687c10cbf528df5e51992d1226197aa,featureform/enrichmcp@cfed69ac not materialized at C:\Users\kvrlv\Projects\Codebook_AIDev-pysmells\data\snapshots\featureform__enrichmcp\cfed69acb687c10cbf528df5e51992d1226197aa - run materialize_snapshots.py (Phase 1e) first
958026130.0,featureform/enrichmcp,Python,A2,2025-07-10T14:37:13+00:00,55bbe02525a5936c650871df36819c43b91fe5ed,featureform/enrichmcp@55bbe025 not materialized at C:\Users\kvrlv\Projects\Codebook_AIDev-pysmells\data\snapshots\featureform__enrichmcp\55bbe02525a5936c650871df36819c43b91fe5ed - run materialize_snapshots.py (Phase 1e) first
958026130.0,featureform/enrichmcp,Python,A2,2025-07-17T14:37:13+00:00,04c953180dab8b86b46fb910d73ed935730a9ab3,featureform/enrichmcp@04c95318 not materialized at C:\Users\kvrlv\Projects\Codebook_AIDev-pysmells\data\snapshots\featureform__enrichmcp\04c953180dab8b86b46fb910d73ed935730a9ab3 - run materialize_snapshots.py (Phase 1e) first
958026130.0,featureform/enrichmcp,Python,A2,2025-07-24T14:37:13+00:00,0b974f1d671ab72dd71573b33b807a6ac6bc658b,featureform/enrichmcp@0b974f1d not materialized at C:\Users\kvrlv\Projects\Codebook_AIDev-pysmells\data\snapshots\featureform__enrichmcp\0b974f1d671ab72dd71573b33b807a6ac6bc658b - run materialize_snapshots.py (Phase 1e) first
958026130.0,featureform/enrichmcp,Python,A2,2025-07-31T14:37:13+00:00,0b974f1d671ab72dd71573b33b807a6ac6bc658b,featureform/enrichmcp@0b974f1d not materialized at C:\Users\kvrlv\Projects\Codebook_AIDev-pysmells\data\snapshots\featureform__enrichmcp\0b974f1d671ab72dd71573b33b807a6ac6bc658b - run materialize_snapshots.py (Phase 1e) first
958026130.0,featureform/enrichmcp,Python,A2,2025-08-07T14:37:13+00:00,1693f955e9137027001d430f22d0b5c5d4e49ee0,featureform/enrichmcp@1693f955 not materialized at C:\Users\kvrlv\Projects\Codebook_AIDev-pysmells\data\snapshots\featureform__enrichmcp\1693f955e9137027001d430f22d0b5c5d4e49ee0 - run materialize_snapshots.py (Phase 1e) first
958026130.0,featureform/enrichmcp,Python,A2,2025-08-14T14:37:13+00:00,1693f955e9137027001d430f22d0b5c5d4e49ee0,featureform/enrichmcp@1693f955 not materialized at C:\Users\kvrlv\Projects\Codebook_AIDev-pysmells\data\snapshots\featureform__enrichmcp\1693f955e9137027001d430f22d0b5c5d4e49ee0 - run materialize_snapshots.py (Phase 1e) first
958026130.0,featureform/enrichmcp,Python,A2,2025-08-21T14:37:13+00:00,1693f955e9137027001d430f22d0b5c5d4e49ee0,featureform/enrichmcp@1693f955 not materialized at C:\Users\kvrlv\Projects\Codebook_AIDev-pysmells\data\snapshots\featureform__enrichmcp\1693f955e9137027001d430f22d0b5c5d4e49ee0 - run materialize_snapshots.py (Phase 1e) first
958026130.0,featureform/enrichmcp,Python,A2,2025-08-28T14:37:13+00:00,cda19c627ff312b082b23fc6d9dafc6468b56879,featureform/enrichmcp@cda19c62 not materialized at C:\Users\kvrlv\Projects\Codebook_AIDev-pysmells\data\snapshots\featureform__enrichmcp\cda19c627ff312b082b23fc6d9dafc6468b56879 - run materialize_snapshots.py (Phase 1e) first
958026130.0,featureform/enrichmcp,Python,A2,2025-09-04T14:37:13+00:00,cda19c627ff312b082b23fc6d9dafc6468b56879,featureform/enrichmcp@cda19c62 not materialized at C:\Users\kvrlv\Projects\Codebook_AIDev-pysmells\data\snapshots\featureform__enrichmcp\cda19c627ff312b082b23fc6d9dafc6468b56879 - run materialize_snapshots.py (Phase 1e) first
958026130.0,featureform/enrichmcp,Python,A2,2025-09-11T14:37:13+00:00,052edbadcd53c7e65159ddd3910e918117e1de2f,featureform/enrichmcp@052edbad not materialized at C:\Users\kvrlv\Projects\Codebook_AIDev-pysmells\data\snapshots\featureform__enrichmcp\052edbadcd53c7e65159ddd3910e918117e1de2f - run materialize_snapshots.py (Phase 1e) first
958026130.0,featureform/enrichmcp,Python,A2,2025-10-12T14:37:13+00:00,052edbadcd53c7e65159ddd3910e918117e1de2f,featureform/enrichmcp@052edbad not materialized at C:\Users\kvrlv\Projects\Codebook_AIDev-pysmells\data\snapshots\featureform__enrichmcp\052edbadcd53c7e65159ddd3910e918117e1de2f - run materialize_snapshots.py (Phase 1e) first
958026130.0,featureform/enrichmcp,Python,A2,2025-11-12T14:37:13+00:00,052edbadcd53c7e65159ddd3910e918117e1de2f,featureform/enrichmcp@052edbad not materialized at C:\Users\kvrlv\Projects\Codebook_AIDev-pysmells\data\snapshots\featureform__enrichmcp\052edbadcd53c7e65159ddd3910e918117e1de2f - run materialize_snapshots.py (Phase 1e) first
174731004.0,ikamensh/flynt,Python,A1,2022-01-01T00:00:00+00:00,5864a0988c511a544a7d9bb290557cb2b0c83ce4,ikamensh/flynt@5864a098 not materialized at C:\Users\kvrlv\Projects\Codebook_AIDev-pysmells\data\snapshots\ikamensh__flynt\5864a0988c511a544a7d9bb290557cb2b0c83ce4 - run materialize_snapshots.py (Phase 1e) first
174731004.0,ikamensh/flynt,Python,A1,2022-02-01T00:00:00+00:00,dac96e184d9bebae785cf3ac6dbf909c5dc83208,ikamensh/flynt@dac96e18 not materialized at C:\Users\kvrlv\Projects\Codebook_AIDev-pysmells\data\snapshots\ikamensh__flynt\dac96e184d9bebae785cf3ac6dbf909c5dc83208 - run materialize_snapshots.py (Phase 1e) first
174731004.0,ikamensh/flynt,Python,A1,2022-03-01T00:00:00+00:00,dac96e184d9bebae785cf3ac6dbf909c5dc83208,ikamensh/flynt@dac96e18 not materialized at C:\Users\kvrlv\Projects\Codebook_AIDev-pysmells\data\snapshots\ikamensh__flynt\dac96e184d9bebae785cf3ac6dbf909c5dc83208 - run materialize_snapshots.py (Phase 1e) first
174731004.0,ikamensh/flynt,Python,A1,2022-04-01T00:00:00+00:00,dac96e184d9bebae785cf3ac6dbf909c5dc83208,ikamensh/flynt@dac96e18 not materialized at C:\Users\kvrlv\Projects\Codebook_AIDev-pysmells\data\snapshots\ikamensh__flynt\dac96e184d9bebae785cf3ac6dbf909c5dc83208 - run materialize_snapshots.py (Phase 1e) first
174731004.0,ikamensh/flynt,Python,A1,2022-05-01T00:00:00+00:00,90cc1ee672a290449ea7286af2983e9536316dde,ikamensh/flynt@90cc1ee6 not materialized at C:\Users\kvrlv\Projects\Codebook_AIDev-pysmells\data\snapshots\ikamensh__flynt\90cc1ee672a290449ea7286af2983e9536316dde - run materialize_snapshots.py (Phase 1e) first
174731004.0,ikamensh/flynt,Python,A1,2022-06-01T00:00:00+00:00,90cc1ee672a290449ea7286af2983e9536316dde,ikamensh/flynt@90cc1ee6 not materialized at C:\Users\kvrlv\Projects\Codebook_AIDev-pysmells\data\snapshots\ikamensh__flynt\90cc1ee672a290449ea7286af2983e9536316dde - run materialize_snapshots.py (Phase 1e) first
174731004.0,ikamensh/flynt,Python,A1,2022-07-01T00:00:00+00:00,3288859be7bf9c44e0b2664d9181b8b7f0cde1c6,ikamensh/flynt@3288859b not materialized at C:\Users\kvrlv\Projects\Codebook_AIDev-pysmells\data\snapshots\ikamensh__flynt\3288859be7bf9c44e0b2664d9181b8b7f0cde1c6 - run materialize_snapshots.py (Phase 1e) first
174731004.0,ikamensh/flynt,Python,A1,2022-08-01T00:00:00+00:00,3288859be7bf9c44e0b2664d9181b8b7f0cde1c6,ikamensh/flynt@3288859b not materialized at C:\Users\kvrlv\Projects\Codebook_AIDev-pysmells\data\snapshots\ikamensh__flynt\3288859be7bf9c44e0b2664d9181b8b7f0cde1c6 - run materialize_snapshots.py (Phase 1e) first
174731004.0,ikamensh/flynt,Python,A1,2022-09-01T00:00:00+00:00,3288859be7bf9c44e0b2664d9181b8b7f0cde1c6,ikamensh/flynt@3288859b not materialized at C:\Users\kvrlv\Projects\Codebook_AIDev-pysmells\data\snapshots\ikamensh__flynt\3288859be7bf9c44e0b2664d9181b8b7f0cde1c6 - run materialize_snapshots.py (Phase 1e) first
174731004.0,ikamensh/flynt,Python,A1,2022-10-01T00:00:00+00:00,3288859be7bf9c44e0b2664d9181b8b7f0cde1c6,ikamensh/flynt@3288859b not materialized at C:\Users\kvrlv\Projects\Codebook_AIDev-pysmells\data\snapshots\ikamensh__flynt\3288859be7bf9c44e0b2664d9181b8b7f0cde1c6 - run materialize_snapshots.py (Phase 1e) first
174731004.0,ikamensh/flynt,Python,A1,2022-11-01T00:00:00+00:00,1b4246181b71eba0fe7388fb86a9169f811eb0a5,ikamensh/flynt@1b424618 not materialized at C:\Users\kvrlv\Projects\Codebook_AIDev-pysmells\data\snapshots\ikamensh__flynt\1b4246181b71eba0fe7388fb86a9169f811eb0a5 - run materialize_snapshots.py (Phase 1e) first
174731004.0,ikamensh/flynt,Python,A1,2022-12-01T00:00:00+00:00,90c66b4b7a59853e97b4d3a70ca6259c12e5a68c,ikamensh/flynt@90c66b4b not materialized at C:\Users\kvrlv\Projects\Codebook_AIDev-pysmells\data\snapshots\ikamensh__flynt\90c66b4b7a59853e97b4d3a70ca6259c12e5a68c - run materialize_snapshots.py (Phase 1e) first
174731004.0,ikamensh/flynt,Python,A1,2023-01-01T00:00:00+00:00,2fdb9a830961b9f7e289633282db4bc6c890cc9d,ikamensh/flynt@2fdb9a83 not materialized at C:\Users\kvrlv\Projects\Codebook_AIDev-pysmells\data\snapshots\ikamensh__flynt\2fdb9a830961b9f7e289633282db4bc6c890cc9d - run materialize_snapshots.py (Phase 1e) first
174731004.0,ikamensh/flynt,Python,A1,2023-02-01T00:00:00+00:00,b247c6b8a7ef9a96c64acff3b8206851e3811755,ikamensh/flynt@b247c6b8 not materialized at C:\Users\kvrlv\Projects\Codebook_AIDev-pysmells\data\snapshots\ikamensh__flynt\b247c6b8a7ef9a96c64acff3b8206851e3811755 - run materialize_snapshots.py (Phase 1e) first
174731004.0,ikamensh/flynt,Python,A1,2023-03-01T00:00:00+00:00,b247c6b8a7ef9a96c64acff3b8206851e3811755,ikamensh/flynt@b247c6b8 not materialized at C:\Users\kvrlv\Projects\Codebook_AIDev-pysmells\data\snapshots\ikamensh__flynt\b247c6b8a7ef9a96c64acff3b8206851e3811755 - run materialize_snapshots.py (Phase 1e) first
174731004.0,ikamensh/flynt,Python,A1,2023-04-01T00:00:00+00:00,22f17df9dcd62e270427fc394d60abb3fa80ef2d,ikamensh/flynt@22f17df9 not materialized at C:\Users\kvrlv\Projects\Codebook_AIDev-pysmells\data\snapshots\ikamensh__flynt\22f17df9dcd62e270427fc394d60abb3fa80ef2d - run materialize_snapshots.py (Phase 1e) first
174731004.0,ikamensh/flynt,Python,A1,2023-05-01T00:00:00+00:00,22f17df9dcd62e270427fc394d60abb3fa80ef2d,ikamensh/flynt@22f17df9 not materialized at C:\Users\kvrlv\Projects\Codebook_AIDev-pysmells\data\snapshots\ikamensh__flynt\22f17df9dcd62e270427fc394d60abb3fa80ef2d - run materialize_snapshots.py (Phase 1e) first
174731004.0,ikamensh/flynt,Python,A1,2023-06-01T00:00:00+00:00,798e1044ea1b80ee86ac17acfd7d9e0e8b6d81b2,ikamensh/flynt@798e1044 not materialized at C:\Users\kvrlv\Projects\Codebook_AIDev-pysmells\data\snapshots\ikamensh__flynt\798e1044ea1b80ee86ac17acfd7d9e0e8b6d81b2 - run materialize_snapshots.py (Phase 1e) first
174731004.0,ikamensh/flynt,Python,A1,2023-07-01T00:00:00+00:00,c573f8b05cfb6ffe1f92bb72bf59d3851a81cbc1,ikamensh/flynt@c573f8b0 not materialized at C:\Users\kvrlv\Projects\Codebook_AIDev-pysmells\data\snapshots\ikamensh__flynt\c573f8b05cfb6ffe1f92bb72bf59d3851a81cbc1 - run materialize_snapshots.py (Phase 1e) first
174731004.0,ikamensh/flynt,Python,A1,2023-08-01T00:00:00+00:00,651c822fdcf45fffcf9743dc755085f32acb65e3,ikamensh/flynt@651c822f not materialized at C:\Users\kvrlv\Projects\Codebook_AIDev-pysmells\data\snapshots\ikamensh__flynt\651c822fdcf45fffcf9743dc755085f32acb65e3 - run materialize_snapshots.py (Phase 1e) first
174731004.0,ikamensh/flynt,Python,A1,2023-09-01T00:00:00+00:00,651c822fdcf45fffcf9743dc755085f32acb65e3,ikamensh/flynt@651c822f not materialized at C:\Users\kvrlv\Projects\Codebook_AIDev-pysmells\data\snapshots\ikamensh__flynt\651c822fdcf45fffcf9743dc755085f32acb65e3 - run materialize_snapshots.py (Phase 1e) first
174731004.0,ikamensh/flynt,Python,A1,2023-10-01T00:00:00+00:00,651c822fdcf45fffcf9743dc755085f32acb65e3,ikamensh/flynt@651c822f not materialized at C:\Users\kvrlv\Projects\Codebook_AIDev-pysmells\data\snapshots\ikamensh__flynt\651c822fdcf45fffcf9743dc755085f32acb65e3 - run materialize_snapshots.py (Phase 1e) first
174731004.0,ikamensh/flynt,Python,A1,2023-11-01T00:00:00+00:00,651c822fdcf45fffcf9743dc755085f32acb65e3,ikamensh/flynt@651c822f not materialized at C:\Users\kvrlv\Projects\Codebook_AIDev-pysmells\data\snapshots\ikamensh__flynt\651c822fdcf45fffcf9743dc755085f32acb65e3 - run materialize_snapshots.py (Phase 1e) first
174731004.0,ikamensh/flynt,Python,A1,2023-12-01T00:00:00+00:00,651c822fdcf45fffcf9743dc755085f32acb65e3,ikamensh/flynt@651c822f not materialized at C:\Users\kvrlv\Projects\Codebook_AIDev-pysmells\data\snapshots\ikamensh__flynt\651c822fdcf45fffcf9743dc755085f32acb65e3 - run materialize_snapshots.py (Phase 1e) first
174731004.0,ikamensh/flynt,Python,A1,2024-01-01T00:00:00+00:00,651c822fdcf45fffcf9743dc755085f32acb65e3,ikamensh/flynt@651c822f not materialized at C:\Users\kvrlv\Projects\Codebook_AIDev-pysmells\data\snapshots\ikamensh__flynt\651c822fdcf45fffcf9743dc755085f32acb65e3 - run materialize_snapshots.py (Phase 1e) first
174731004.0,ikamensh/flynt,Python,A1,2024-02-01T00:00:00+00:00,651c822fdcf45fffcf9743dc755085f32acb65e3,ikamensh/flynt@651c822f not materialized at C:\Users\kvrlv\Projects\Codebook_AIDev-pysmells\data\snapshots\ikamensh__flynt\651c822fdcf45fffcf9743dc755085f32acb65e3 - run materialize_snapshots.py (Phase 1e) first
174731004.0,ikamensh/flynt,Python,A1,2024-03-01T00:00:00+00:00,651c822fdcf45fffcf9743dc755085f32acb65e3,ikamensh/flynt@651c822f not materialized at C:\Users\kvrlv\Projects\Codebook_AIDev-pysmells\data\snapshots\ikamensh__flynt\651c822fdcf45fffcf9743dc755085f32acb65e3 - run materialize_snapshots.py (Phase 1e) first
174731004.0,ikamensh/flynt,Python,A1,2024-04-01T00:00:00+00:00,651c822fdcf45fffcf9743dc755085f32acb65e3,ikamensh/flynt@651c822f not materialized at C:\Users\kvrlv\Projects\Codebook_AIDev-pysmells\data\snapshots\ikamensh__flynt\651c822fdcf45fffcf9743dc755085f32acb65e3 - run materialize_snapshots.py (Phase 1e) first
174731004.0,ikamensh/flynt,Python,A1,2024-05-01T00:00:00+00:00,651c822fdcf45fffcf9743dc755085f32acb65e3,ikamensh/flynt@651c822f not materialized at C:\Users\kvrlv\Projects\Codebook_AIDev-pysmells\data\snapshots\ikamensh__flynt\651c822fdcf45fffcf9743dc755085f32acb65e3 - run materialize_snapshots.py (Phase 1e) first
174731004.0,ikamensh/flynt,Python,A1,2024-06-01T00:00:00+00:00,651c822fdcf45fffcf9743dc755085f32acb65e3,ikamensh/flynt@651c822f not materialized at C:\Users\kvrlv\Projects\Codebook_AIDev-pysmells\data\snapshots\ikamensh__flynt\651c822fdcf45fffcf9743dc755085f32acb65e3 - run materialize_snapshots.py (Phase 1e) first
174731004.0,ikamensh/flynt,Python,A1,2024-07-01T00:00:00+00:00,651c822fdcf45fffcf9743dc755085f32acb65e3,ikamensh/flynt@651c822f not materialized at C:\Users\kvrlv\Projects\Codebook_AIDev-pysmells\data\snapshots\ikamensh__flynt\651c822fdcf45fffcf9743dc755085f32acb65e3 - run materialize_snapshots.py (Phase 1e) first
174731004.0,ikamensh/flynt,Python,A1,2024-08-01T00:00:00+00:00,651c822fdcf45fffcf9743dc755085f32acb65e3,ikamensh/flynt@651c822f not materialized at C:\Users\kvrlv\Projects\Codebook_AIDev-pysmells\data\snapshots\ikamensh__flynt\651c822fdcf45fffcf9743dc755085f32acb65e3 - run materialize_snapshots.py (Phase 1e) first
174731004.0,ikamensh/flynt,Python,A1,2024-09-01T00:00:00+00:00,27b798863474d15b7686152ff9941f2287be34d9,ikamensh/flynt@27b79886 not materialized at C:\Users\kvrlv\Projects\Codebook_AIDev-pysmells\data\snapshots\ikamensh__flynt\27b798863474d15b7686152ff9941f2287be34d9 - run materialize_snapshots.py (Phase 1e) first
174731004.0,ikamensh/flynt,Python,A1,2024-10-01T00:00:00+00:00,27b798863474d15b7686152ff9941f2287be34d9,ikamensh/flynt@27b79886 not materialized at C:\Users\kvrlv\Projects\Codebook_AIDev-pysmells\data\snapshots\ikamensh__flynt\27b798863474d15b7686152ff9941f2287be34d9 - run materialize_snapshots.py (Phase 1e) first
174731004.0,ikamensh/flynt,Python,A1,2024-11-01T00:00:00+00:00,27b798863474d15b7686152ff9941f2287be34d9,ikamensh/flynt@27b79886 not materialized at C:\Users\kvrlv\Projects\Codebook_AIDev-pysmells\data\snapshots\ikamensh__flynt\27b798863474d15b7686152ff9941f2287be34d9 - run materialize_snapshots.py (Phase 1e) first
174731004.0,ikamensh/flynt,Python,A1,2024-12-01T00:00:00+00:00,27b798863474d15b7686152ff9941f2287be34d9,ikamensh/flynt@27b79886 not materialized at C:\Users\kvrlv\Projects\Codebook_AIDev-pysmells\data\snapshots\ikamensh__flynt\27b798863474d15b7686152ff9941f2287be34d9 - run materialize_snapshots.py (Phase 1e) first
174731004.0,ikamensh/flynt,Python,A1,2025-01-01T00:00:00+00:00,27b798863474d15b7686152ff9941f2287be34d9,ikamensh/flynt@27b79886 not materialized at C:\Users\kvrlv\Projects\Codebook_AIDev-pysmells\data\snapshots\ikamensh__flynt\27b798863474d15b7686152ff9941f2287be34d9 - run materialize_snapshots.py (Phase 1e) first
174731004.0,ikamensh/flynt,Python,A1,2025-02-01T00:00:00+00:00,7ff03ad8c155a81d882009ae9ca24c89c2cb6da6,ikamensh/flynt@7ff03ad8 not materialized at C:\Users\kvrlv\Projects\Codebook_AIDev-pysmells\data\snapshots\ikamensh__flynt\7ff03ad8c155a81d882009ae9ca24c89c2cb6da6 - run materialize_snapshots.py (Phase 1e) first
174731004.0,ikamensh/flynt,Python,A1,2025-03-01T00:00:00+00:00,f763e2d83471fd60d811f595cb5cf94a41eeee57,ikamensh/flynt@f763e2d8 not materialized at C:\Users\kvrlv\Projects\Codebook_AIDev-pysmells\data\snapshots\ikamensh__flynt\f763e2d83471fd60d811f595cb5cf94a41eeee57 - run materialize_snapshots.py (Phase 1e) first
174731004.0,ikamensh/flynt,Python,A1,2025-04-01T00:00:00+00:00,f763e2d83471fd60d811f595cb5cf94a41eeee57,ikamensh/flynt@f763e2d8 not materialized at C:\Users\kvrlv\Projects\Codebook_AIDev-pysmells\data\snapshots\ikamensh__flynt\f763e2d83471fd60d811f595cb5cf94a41eeee57 - run materialize_snapshots.py (Phase 1e) first
174731004.0,ikamensh/flynt,Python,A1,2025-05-01T00:00:00+00:00,c16efb842b4c745a3ead0bf7dd8686066549d6f4,ikamensh/flynt@c16efb84 not materialized at C:\Users\kvrlv\Projects\Codebook_AIDev-pysmells\data\snapshots\ikamensh__flynt\c16efb842b4c745a3ead0bf7dd8686066549d6f4 - run materialize_snapshots.py (Phase 1e) first
174731004.0,ikamensh/flynt,Python,A1,2025-06-01T00:00:00+00:00,c16efb842b4c745a3ead0bf7dd8686066549d6f4,ikamensh/flynt@c16efb84 not materialized at C:\Users\kvrlv\Projects\Codebook_AIDev-pysmells\data\snapshots\ikamensh__flynt\c16efb842b4c745a3ead0bf7dd8686066549d6f4 - run materialize_snapshots.py (Phase 1e) first
174731004.0,ikamensh/flynt,Python,A1,2025-07-01T00:00:00+00:00,90dec318e9fe76a152410a8cb2b4e5eb26355bcc,ikamensh/flynt@90dec318 not materialized at C:\Users\kvrlv\Projects\Codebook_AIDev-pysmells\data\snapshots\ikamensh__flynt\90dec318e9fe76a152410a8cb2b4e5eb26355bcc - run materialize_snapshots.py (Phase 1e) first
174731004.0,ikamensh/flynt,Python,A1,2025-08-01T00:00:00+00:00,2eb0297b81ece720847301dd05c5dace9062f343,ikamensh/flynt@2eb0297b not materialized at C:\Users\kvrlv\Projects\Codebook_AIDev-pysmells\data\snapshots\ikamensh__flynt\2eb0297b81ece720847301dd05c5dace9062f343 - run materialize_snapshots.py (Phase 1e) first
174731004.0,ikamensh/flynt,Python,A1,2025-09-01T00:00:00+00:00,56fd34ca513a3e9eb0cdccfe6964e9606e80b231,ikamensh/flynt@56fd34ca not materialized at C:\Users\kvrlv\Projects\Codebook_AIDev-pysmells\data\snapshots\ikamensh__flynt\56fd34ca513a3e9eb0cdccfe6964e9606e80b231 - run materialize_snapshots.py (Phase 1e) first
174731004.0,ikamensh/flynt,Python,A1,2025-10-01T00:00:00+00:00,56fd34ca513a3e9eb0cdccfe6964e9606e80b231,ikamensh/flynt@56fd34ca not materialized at C:\Users\kvrlv\Projects\Codebook_AIDev-pysmells\data\snapshots\ikamensh__flynt\56fd34ca513a3e9eb0cdccfe6964e9606e80b231 - run materialize_snapshots.py (Phase 1e) first
174731004.0,ikamensh/flynt,Python,A1,2025-11-01T00:00:00+00:00,56fd34ca513a3e9eb0cdccfe6964e9606e80b231,ikamensh/flynt@56fd34ca not materialized at C:\Users\kvrlv\Projects\Codebook_AIDev-pysmells\data\snapshots\ikamensh__flynt\56fd34ca513a3e9eb0cdccfe6964e9606e80b231 - run materialize_snapshots.py (Phase 1e) first
174731004.0,ikamensh/flynt,Python,A1,2025-12-01T00:00:00+00:00,84470a1d2a32e4e7dcdf5571ad1206bb289db297,ikamensh/flynt@84470a1d not materialized at C:\Users\kvrlv\Projects\Codebook_AIDev-pysmells\data\snapshots\ikamensh__flynt\84470a1d2a32e4e7dcdf5571ad1206bb289db297 - run materialize_snapshots.py (Phase 1e) first
174731004.0,ikamensh/flynt,Python,A1,2026-01-01T00:00:00+00:00,84470a1d2a32e4e7dcdf5571ad1206bb289db297,ikamensh/flynt@84470a1d not materialized at C:\Users\kvrlv\Projects\Codebook_AIDev-pysmells\data\snapshots\ikamensh__flynt\84470a1d2a32e4e7dcdf5571ad1206bb289db297 - run materialize_snapshots.py (Phase 1e) first
174731004.0,ikamensh/flynt,Python,A1,2026-02-01T00:00:00+00:00,84470a1d2a32e4e7dcdf5571ad1206bb289db297,ikamensh/flynt@84470a1d not materialized at C:\Users\kvrlv\Projects\Codebook_AIDev-pysmells\data\snapshots\ikamensh__flynt\84470a1d2a32e4e7dcdf5571ad1206bb289db297 - run materialize_snapshots.py (Phase 1e) first
174731004.0,ikamensh/flynt,Python,A1,2026-03-01T00:00:00+00:00,84470a1d2a32e4e7dcdf5571ad1206bb289db297,ikamensh/flynt@84470a1d not materialized at C:\Users\kvrlv\Projects\Codebook_AIDev-pysmells\data\snapshots\ikamensh__flynt\84470a1d2a32e4e7dcdf5571ad1206bb289db297 - run materialize_snapshots.py (Phase 1e) first
174731004.0,ikamensh/flynt,Python,A2,2024-06-04T17:58:39+00:00,651c822fdcf45fffcf9743dc755085f32acb65e3,ikamensh/flynt@651c822f not materialized at C:\Users\kvrlv\Projects\Codebook_AIDev-pysmells\data\snapshots\ikamensh__flynt\651c822fdcf45fffcf9743dc755085f32acb65e3 - run materialize_snapshots.py (Phase 1e) first
174731004.0,ikamensh/flynt,Python,A2,2024-07-04T17:58:39+00:00,651c822fdcf45fffcf9743dc755085f32acb65e3,ikamensh/flynt@651c822f not materialized at C:\Users\kvrlv\Projects\Codebook_AIDev-pysmells\data\snapshots\ikamensh__flynt\651c822fdcf45fffcf9743dc755085f32acb65e3 - run materialize_snapshots.py (Phase 1e) first
174731004.0,ikamensh/flynt,Python,A2,2024-08-04T17:58:39+00:00,651c822fdcf45fffcf9743dc755085f32acb65e3,ikamensh/flynt@651c822f not materialized at C:\Users\kvrlv\Projects\Codebook_AIDev-pysmells\data\snapshots\ikamensh__flynt\651c822fdcf45fffcf9743dc755085f32acb65e3 - run materialize_snapshots.py (Phase 1e) first
174731004.0,ikamensh/flynt,Python,A2,2024-09-04T17:58:39+00:00,27b798863474d15b7686152ff9941f2287be34d9,ikamensh/flynt@27b79886 not materialized at C:\Users\kvrlv\Projects\Codebook_AIDev-pysmells\data\snapshots\ikamensh__flynt\27b798863474d15b7686152ff9941f2287be34d9 - run materialize_snapshots.py (Phase 1e) first
174731004.0,ikamensh/flynt,Python,A2,2024-10-04T17:58:39+00:00,27b798863474d15b7686152ff9941f2287be34d9,ikamensh/flynt@27b79886 not materialized at C:\Users\kvrlv\Projects\Codebook_AIDev-pysmells\data\snapshots\ikamensh__flynt\27b798863474d15b7686152ff9941f2287be34d9 - run materialize_snapshots.py (Phase 1e) first
174731004.0,ikamensh/flynt,Python,A2,2024-11-04T17:58:39+00:00,27b798863474d15b7686152ff9941f2287be34d9,ikamensh/flynt@27b79886 not materialized at C:\Users\kvrlv\Projects\Codebook_AIDev-pysmells\data\snapshots\ikamensh__flynt\27b798863474d15b7686152ff9941f2287be34d9 - run materialize_snapshots.py (Phase 1e) first
174731004.0,ikamensh/flynt,Python,A2,2024-12-04T17:58:39+00:00,27b798863474d15b7686152ff9941f2287be34d9,ikamensh/flynt@27b79886 not materialized at C:\Users\kvrlv\Projects\Codebook_AIDev-pysmells\data\snapshots\ikamensh__flynt\27b798863474d15b7686152ff9941f2287be34d9 - run materialize_snapshots.py (Phase 1e) first
174731004.0,ikamensh/flynt,Python,A2,2025-01-04T17:58:39+00:00,27b798863474d15b7686152ff9941f2287be34d9,ikamensh/flynt@27b79886 not materialized at C:\Users\kvrlv\Projects\Codebook_AIDev-pysmells\data\snapshots\ikamensh__flynt\27b798863474d15b7686152ff9941f2287be34d9 - run materialize_snapshots.py (Phase 1e) first
174731004.0,ikamensh/flynt,Python,A2,2025-02-04T17:58:39+00:00,f763e2d83471fd60d811f595cb5cf94a41eeee57,ikamensh/flynt@f763e2d8 not materialized at C:\Users\kvrlv\Projects\Codebook_AIDev-pysmells\data\snapshots\ikamensh__flynt\f763e2d83471fd60d811f595cb5cf94a41eeee57 - run materialize_snapshots.py (Phase 1e) first
174731004.0,ikamensh/flynt,Python,A2,2025-03-05T17:58:39+00:00,f763e2d83471fd60d811f595cb5cf94a41eeee57,ikamensh/flynt@f763e2d8 not materialized at C:\Users\kvrlv\Projects\Codebook_AIDev-pysmells\data\snapshots\ikamensh__flynt\f763e2d83471fd60d811f595cb5cf94a41eeee57 - run materialize_snapshots.py (Phase 1e) first
174731004.0,ikamensh/flynt,Python,A2,2025-03-12T17:58:39+00:00,f763e2d83471fd60d811f595cb5cf94a41eeee57,ikamensh/flynt@f763e2d8 not materialized at C:\Users\kvrlv\Projects\Codebook_AIDev-pysmells\data\snapshots\ikamensh__flynt\f763e2d83471fd60d811f595cb5cf94a41eeee57 - run materialize_snapshots.py (Phase 1e) first
174731004.0,ikamensh/flynt,Python,A2,2025-03-19T17:58:39+00:00,f763e2d83471fd60d811f595cb5cf94a41eeee57,ikamensh/flynt@f763e2d8 not materialized at C:\Users\kvrlv\Projects\Codebook_AIDev-pysmells\data\snapshots\ikamensh__flynt\f763e2d83471fd60d811f595cb5cf94a41eeee57 - run materialize_snapshots.py (Phase 1e) first
174731004.0,ikamensh/flynt,Python,A2,2025-03-26T17:58:39+00:00,f763e2d83471fd60d811f595cb5cf94a41eeee57,ikamensh/flynt@f763e2d8 not materialized at C:\Users\kvrlv\Projects\Codebook_AIDev-pysmells\data\snapshots\ikamensh__flynt\f763e2d83471fd60d811f595cb5cf94a41eeee57 - run materialize_snapshots.py (Phase 1e) first
174731004.0,ikamensh/flynt,Python,A2,2025-04-02T17:58:39+00:00,f763e2d83471fd60d811f595cb5cf94a41eeee57,ikamensh/flynt@f763e2d8 not materialized at C:\Users\kvrlv\Projects\Codebook_AIDev-pysmells\data\snapshots\ikamensh__flynt\f763e2d83471fd60d811f595cb5cf94a41eeee57 - run materialize_snapshots.py (Phase 1e) first
174731004.0,ikamensh/flynt,Python,A2,2025-04-09T17:58:39+00:00,c16efb842b4c745a3ead0bf7dd8686066549d6f4,ikamensh/flynt@c16efb84 not materialized at C:\Users\kvrlv\Projects\Codebook_AIDev-pysmells\data\snapshots\ikamensh__flynt\c16efb842b4c745a3ead0bf7dd8686066549d6f4 - run materialize_snapshots.py (Phase 1e) first
174731004.0,ikamensh/flynt,Python,A2,2025-04-16T17:58:39+00:00,c16efb842b4c745a3ead0bf7dd8686066549d6f4,ikamensh/flynt@c16efb84 not materialized at C:\Users\kvrlv\Projects\Codebook_AIDev-pysmells\data\snapshots\ikamensh__flynt\c16efb842b4c745a3ead0bf7dd8686066549d6f4 - run materialize_snapshots.py (Phase 1e) first
174731004.0,ikamensh/flynt,Python,A2,2025-04-23T17:58:39+00:00,c16efb842b4c745a3ead0bf7dd8686066549d6f4,ikamensh/flynt@c16efb84 not materialized at C:\Users\kvrlv\Projects\Codebook_AIDev-pysmells\data\snapshots\ikamensh__flynt\c16efb842b4c745a3ead0bf7dd8686066549d6f4 - run materialize_snapshots.py (Phase 1e) first
174731004.0,ikamensh/flynt,Python,A2,2025-04-30T17:58:39+00:00,c16efb842b4c745a3ead0bf7dd8686066549d6f4,ikamensh/flynt@c16efb84 not materialized at C:\Users\kvrlv\Projects\Codebook_AIDev-pysmells\data\snapshots\ikamensh__flynt\c16efb842b4c745a3ead0bf7dd8686066549d6f4 - run materialize_snapshots.py (Phase 1e) first
174731004.0,ikamensh/flynt,Python,A2,2025-05-07T17:58:39+00:00,c16efb842b4c745a3ead0bf7dd8686066549d6f4,ikamensh/flynt@c16efb84 not materialized at C:\Users\kvrlv\Projects\Codebook_AIDev-pysmells\data\snapshots\ikamensh__flynt\c16efb842b4c745a3ead0bf7dd8686066549d6f4 - run materialize_snapshots.py (Phase 1e) first
174731004.0,ikamensh/flynt,Python,A2,2025-05-14T17:58:39+00:00,c16efb842b4c745a3ead0bf7dd8686066549d6f4,ikamensh/flynt@c16efb84 not materialized at C:\Users\kvrlv\Projects\Codebook_AIDev-pysmells\data\snapshots\ikamensh__flynt\c16efb842b4c745a3ead0bf7dd8686066549d6f4 - run materialize_snapshots.py (Phase 1e) first
174731004.0,ikamensh/flynt,Python,A2,2025-05-21T17:58:39+00:00,c16efb842b4c745a3ead0bf7dd8686066549d6f4,ikamensh/flynt@c16efb84 not materialized at C:\Users\kvrlv\Projects\Codebook_AIDev-pysmells\data\snapshots\ikamensh__flynt\c16efb842b4c745a3ead0bf7dd8686066549d6f4 - run materialize_snapshots.py (Phase 1e) first
174731004.0,ikamensh/flynt,Python,A2,2025-05-28T17:58:39+00:00,c16efb842b4c745a3ead0bf7dd8686066549d6f4,ikamensh/flynt@c16efb84 not materialized at C:\Users\kvrlv\Projects\Codebook_AIDev-pysmells\data\snapshots\ikamensh__flynt\c16efb842b4c745a3ead0bf7dd8686066549d6f4 - run materialize_snapshots.py (Phase 1e) first
174731004.0,ikamensh/flynt,Python,A2,2025-06-04T17:58:39+00:00,c16efb842b4c745a3ead0bf7dd8686066549d6f4,ikamensh/flynt@c16efb84 not materialized at C:\Users\kvrlv\Projects\Codebook_AIDev-pysmells\data\snapshots\ikamensh__flynt\c16efb842b4c745a3ead0bf7dd8686066549d6f4 - run materialize_snapshots.py (Phase 1e) first
174731004.0,ikamensh/flynt,Python,A2,2025-06-11T17:58:39+00:00,90dec318e9fe76a152410a8cb2b4e5eb26355bcc,ikamensh/flynt@90dec318 not materialized at C:\Users\kvrlv\Projects\Codebook_AIDev-pysmells\data\snapshots\ikamensh__flynt\90dec318e9fe76a152410a8cb2b4e5eb26355bcc - run materialize_snapshots.py (Phase 1e) first
174731004.0,ikamensh/flynt,Python,A2,2025-06-18T17:58:39+00:00,90dec318e9fe76a152410a8cb2b4e5eb26355bcc,ikamensh/flynt@90dec318 not materialized at C:\Users\kvrlv\Projects\Codebook_AIDev-pysmells\data\snapshots\ikamensh__flynt\90dec318e9fe76a152410a8cb2b4e5eb26355bcc - run materialize_snapshots.py (Phase 1e) first
174731004.0,ikamensh/flynt,Python,A2,2025-06-25T17:58:39+00:00,90dec318e9fe76a152410a8cb2b4e5eb26355bcc,ikamensh/flynt@90dec318 not materialized at C:\Users\kvrlv\Projects\Codebook_AIDev-pysmells\data\snapshots\ikamensh__flynt\90dec318e9fe76a152410a8cb2b4e5eb26355bcc - run materialize_snapshots.py (Phase 1e) first
174731004.0,ikamensh/flynt,Python,A2,2025-07-02T17:58:39+00:00,90dec318e9fe76a152410a8cb2b4e5eb26355bcc,ikamensh/flynt@90dec318 not materialized at C:\Users\kvrlv\Projects\Codebook_AIDev-pysmells\data\snapshots\ikamensh__flynt\90dec318e9fe76a152410a8cb2b4e5eb26355bcc - run materialize_snapshots.py (Phase 1e) first
174731004.0,ikamensh/flynt,Python,A2,2025-07-09T17:58:39+00:00,90dec318e9fe76a152410a8cb2b4e5eb26355bcc,ikamensh/flynt@90dec318 not materialized at C:\Users\kvrlv\Projects\Codebook_AIDev-pysmells\data\snapshots\ikamensh__flynt\90dec318e9fe76a152410a8cb2b4e5eb26355bcc - run materialize_snapshots.py (Phase 1e) first
174731004.0,ikamensh/flynt,Python,A2,2025-07-16T17:58:39+00:00,90dec318e9fe76a152410a8cb2b4e5eb26355bcc,ikamensh/flynt@90dec318 not materialized at C:\Users\kvrlv\Projects\Codebook_AIDev-pysmells\data\snapshots\ikamensh__flynt\90dec318e9fe76a152410a8cb2b4e5eb26355bcc - run materialize_snapshots.py (Phase 1e) first
174731004.0,ikamensh/flynt,Python,A2,2025-07-23T17:58:39+00:00,90dec318e9fe76a152410a8cb2b4e5eb26355bcc,ikamensh/flynt@90dec318 not materialized at C:\Users\kvrlv\Projects\Codebook_AIDev-pysmells\data\snapshots\ikamensh__flynt\90dec318e9fe76a152410a8cb2b4e5eb26355bcc - run materialize_snapshots.py (Phase 1e) first
174731004.0,ikamensh/flynt,Python,A2,2025-07-30T17:58:39+00:00,2eb0297b81ece720847301dd05c5dace9062f343,ikamensh/flynt@2eb0297b not materialized at C:\Users\kvrlv\Projects\Codebook_AIDev-pysmells\data\snapshots\ikamensh__flynt\2eb0297b81ece720847301dd05c5dace9062f343 - run materialize_snapshots.py (Phase 1e) first
174731004.0,ikamensh/flynt,Python,A2,2025-08-06T17:58:39+00:00,2eb0297b81ece720847301dd05c5dace9062f343,ikamensh/flynt@2eb0297b not materialized at C:\Users\kvrlv\Projects\Codebook_AIDev-pysmells\data\snapshots\ikamensh__flynt\2eb0297b81ece720847301dd05c5dace9062f343 - run materialize_snapshots.py (Phase 1e) first
174731004.0,ikamensh/flynt,Python,A2,2025-08-13T17:58:39+00:00,2eb0297b81ece720847301dd05c5dace9062f343,ikamensh/flynt@2eb0297b not materialized at C:\Users\kvrlv\Projects\Codebook_AIDev-pysmells\data\snapshots\ikamensh__flynt\2eb0297b81ece720847301dd05c5dace9062f343 - run materialize_snapshots.py (Phase 1e) first
174731004.0,ikamensh/flynt,Python,A2,2025-08-20T17:58:39+00:00,2eb0297b81ece720847301dd05c5dace9062f343,ikamensh/flynt@2eb0297b not materialized at C:\Users\kvrlv\Projects\Codebook_AIDev-pysmells\data\snapshots\ikamensh__flynt\2eb0297b81ece720847301dd05c5dace9062f343 - run materialize_snapshots.py (Phase 1e) first
174731004.0,ikamensh/flynt,Python,A2,2025-08-27T17:58:39+00:00,2eb0297b81ece720847301dd05c5dace9062f343,ikamensh/flynt@2eb0297b not materialized at C:\Users\kvrlv\Projects\Codebook_AIDev-pysmells\data\snapshots\ikamensh__flynt\2eb0297b81ece720847301dd05c5dace9062f343 - run materialize_snapshots.py (Phase 1e) first
174731004.0,ikamensh/flynt,Python,A2,2025-09-03T17:58:39+00:00,56fd34ca513a3e9eb0cdccfe6964e9606e80b231,ikamensh/flynt@56fd34ca not materialized at C:\Users\kvrlv\Projects\Codebook_AIDev-pysmells\data\snapshots\ikamensh__flynt\56fd34ca513a3e9eb0cdccfe6964e9606e80b231 - run materialize_snapshots.py (Phase 1e) first
174731004.0,ikamensh/flynt,Python,A2,2025-10-04T17:58:39+00:00,56fd34ca513a3e9eb0cdccfe6964e9606e80b231,ikamensh/flynt@56fd34ca not materialized at C:\Users\kvrlv\Projects\Codebook_AIDev-pysmells\data\snapshots\ikamensh__flynt\56fd34ca513a3e9eb0cdccfe6964e9606e80b231 - run materialize_snapshots.py (Phase 1e) first
174731004.0,ikamensh/flynt,Python,A2,2025-11-04T17:58:39+00:00,56fd34ca513a3e9eb0cdccfe6964e9606e80b231,ikamensh/flynt@56fd34ca not materialized at C:\Users\kvrlv\Projects\Codebook_AIDev-pysmells\data\snapshots\ikamensh__flynt\56fd34ca513a3e9eb0cdccfe6964e9606e80b231 - run materialize_snapshots.py (Phase 1e) first
174731004.0,ikamensh/flynt,Python,A2,2025-12-04T17:58:39+00:00,84470a1d2a32e4e7dcdf5571ad1206bb289db297,ikamensh/flynt@84470a1d not materialized at C:\Users\kvrlv\Projects\Codebook_AIDev-pysmells\data\snapshots\ikamensh__flynt\84470a1d2a32e4e7dcdf5571ad1206bb289db297 - run materialize_snapshots.py (Phase 1e) first
174731004.0,ikamensh/flynt,Python,A2,2026-01-04T17:58:39+00:00,84470a1d2a32e4e7dcdf5571ad1206bb289db297,ikamensh/flynt@84470a1d not materialized at C:\Users\kvrlv\Projects\Codebook_AIDev-pysmells\data\snapshots\ikamensh__flynt\84470a1d2a32e4e7dcdf5571ad1206bb289db297 - run materialize_snapshots.py (Phase 1e) first
174731004.0,ikamensh/flynt,Python,A2,2026-02-04T17:58:39+00:00,84470a1d2a32e4e7dcdf5571ad1206bb289db297,ikamensh/flynt@84470a1d not materialized at C:\Users\kvrlv\Projects\Codebook_AIDev-pysmells\data\snapshots\ikamensh__flynt\84470a1d2a32e4e7dcdf5571ad1206bb289db297 - run materialize_snapshots.py (Phase 1e) first
174731004.0,ikamensh/flynt,Python,A2,2026-03-04T17:58:39+00:00,b66f9703271613a912cb2e92a5b71a245aaddeae,ikamensh/flynt@b66f9703 not materialized at C:\Users\kvrlv\Projects\Codebook_AIDev-pysmells\data\snapshots\ikamensh__flynt\b66f9703271613a912cb2e92a5b71a245aaddeae - run materialize_snapshots.py (Phase 1e) first
174731004.0,ikamensh/flynt,Python,A2,2026-04-04T17:58:39+00:00,9a74f6f17b320cc62f3943e59403df7f3d03360e,ikamensh/flynt@9a74f6f1 not materialized at C:\Users\kvrlv\Projects\Codebook_AIDev-pysmells\data\snapshots\ikamensh__flynt\9a74f6f17b320cc62f3943e59403df7f3d03360e - run materialize_snapshots.py (Phase 1e) first
174731004.0,ikamensh/flynt,Python,A2,2026-05-04T17:58:39+00:00,9a74f6f17b320cc62f3943e59403df7f3d03360e,ikamensh/flynt@9a74f6f1 not materialized at C:\Users\kvrlv\Projects\Codebook_AIDev-pysmells\data\snapshots\ikamensh__flynt\9a74f6f17b320cc62f3943e59403df7f3d03360e - run materialize_snapshots.py (Phase 1e) first
174731004.0,ikamensh/flynt,Python,A2,2026-06-04T17:58:39+00:00,9a74f6f17b320cc62f3943e59403df7f3d03360e,ikamensh/flynt@9a74f6f1 not materialized at C:\Users\kvrlv\Projects\Codebook_AIDev-pysmells\data\snapshots\ikamensh__flynt\9a74f6f17b320cc62f3943e59403df7f3d03360e - run materialize_snapshots.py (Phase 1e) first
678526156.0,marimo-team/marimo,Python,A1,2023-09-01T00:00:00+00:00,3558f3da57157b97eb49c85a5382cd5776f4889f,marimo-team/marimo@3558f3da not materialized at C:\Users\kvrlv\Projects\Codebook_AIDev-pysmells\data\snapshots\marimo-team__marimo\3558f3da57157b97eb49c85a5382cd5776f4889f - run materialize_snapshots.py (Phase 1e) first
678526156.0,marimo-team/marimo,Python,A1,2023-10-01T00:00:00+00:00,a74444ea443743f1b7c77d57c01f589c43d1cfe5,marimo-team/marimo@a74444ea not materialized at C:\Users\kvrlv\Projects\Codebook_AIDev-pysmells\data\snapshots\marimo-team__marimo\a74444ea443743f1b7c77d57c01f589c43d1cfe5 - run materialize_snapshots.py (Phase 1e) first
678526156.0,marimo-team/marimo,Python,A1,2023-11-01T00:00:00+00:00,d218d3a5fa6d38a73ccbb4bad88353afee2cbc6a,marimo-team/marimo@d218d3a5 not materialized at C:\Users\kvrlv\Projects\Codebook_AIDev-pysmells\data\snapshots\marimo-team__marimo\d218d3a5fa6d38a73ccbb4bad88353afee2cbc6a - run materialize_snapshots.py (Phase 1e) first
678526156.0,marimo-team/marimo,Python,A1,2023-12-01T00:00:00+00:00,81cda966b8a59185f1b051c8e6ba047a51e703c9,marimo-team/marimo@81cda966 not materialized at C:\Users\kvrlv\Projects\Codebook_AIDev-pysmells\data\snapshots\marimo-team__marimo\81cda966b8a59185f1b051c8e6ba047a51e703c9 - run materialize_snapshots.py (Phase 1e) first
678526156.0,marimo-team/marimo,Python,A1,2024-01-01T00:00:00+00:00,b57c5f2e1ab7647474b7a9b2d70f07b20d81e55d,marimo-team/marimo@b57c5f2e not materialized at C:\Users\kvrlv\Projects\Codebook_AIDev-pysmells\data\snapshots\marimo-team__marimo\b57c5f2e1ab7647474b7a9b2d70f07b20d81e55d - run materialize_snapshots.py (Phase 1e) first
678526156.0,marimo-team/marimo,Python,A1,2024-02-01T00:00:00+00:00,36d3d24db7b8b7fa24ded41807359574e01f4d85,marimo-team/marimo@36d3d24d not materialized at C:\Users\kvrlv\Projects\Codebook_AIDev-pysmells\data\snapshots\marimo-team__marimo\36d3d24db7b8b7fa24ded41807359574e01f4d85 - run materialize_snapshots.py (Phase 1e) first
678526156.0,marimo-team/marimo,Python,A1,2024-03-01T00:00:00+00:00,07275d0408aa9367e1704aacbb7e2122679b799e,marimo-team/marimo@07275d04 not materialized at C:\Users\kvrlv\Projects\Codebook_AIDev-pysmells\data\snapshots\marimo-team__marimo\07275d0408aa9367e1704aacbb7e2122679b799e - run materialize_snapshots.py (Phase 1e) first
678526156.0,marimo-team/marimo,Python,A1,2024-04-01T00:00:00+00:00,e74532ac90ba5bdcc09c73fced6eb6b6d4bfa2e1,marimo-team/marimo@e74532ac not materialized at C:\Users\kvrlv\Projects\Codebook_AIDev-pysmells\data\snapshots\marimo-team__marimo\e74532ac90ba5bdcc09c73fced6eb6b6d4bfa2e1 - run materialize_snapshots.py (Phase 1e) first
678526156.0,marimo-team/marimo,Python,A1,2024-05-01T00:00:00+00:00,df634e74b4d12a49ae685d54821ae8b0b27e5e33,marimo-team/marimo@df634e74 not materialized at C:\Users\kvrlv\Projects\Codebook_AIDev-pysmells\data\snapshots\marimo-team__marimo\df634e74b4d12a49ae685d54821ae8b0b27e5e33 - run materialize_snapshots.py (Phase 1e) first
678526156.0,marimo-team/marimo,Python,A1,2024-06-01T00:00:00+00:00,686201289e3b5fe60f724545e4a0d96f8a14c989,marimo-team/marimo@68620128 not materialized at C:\Users\kvrlv\Projects\Codebook_AIDev-pysmells\data\snapshots\marimo-team__marimo\686201289e3b5fe60f724545e4a0d96f8a14c989 - run materialize_snapshots.py (Phase 1e) first
678526156.0,marimo-team/marimo,Python,A1,2024-07-01T00:00:00+00:00,c6051bef22965a885b7718fcbed79ef841f04ef3,marimo-team/marimo@c6051bef not materialized at C:\Users\kvrlv\Projects\Codebook_AIDev-pysmells\data\snapshots\marimo-team__marimo\c6051bef22965a885b7718fcbed79ef841f04ef3 - run materialize_snapshots.py (Phase 1e) first
678526156.0,marimo-team/marimo,Python,A1,2024-08-01T00:00:00+00:00,57f94ff80fba5251cd4e03c0da2e672e00ef4b7d,marimo-team/marimo@57f94ff8 not materialized at C:\Users\kvrlv\Projects\Codebook_AIDev-pysmells\data\snapshots\marimo-team__marimo\57f94ff80fba5251cd4e03c0da2e672e00ef4b7d - run materialize_snapshots.py (Phase 1e) first
678526156.0,marimo-team/marimo,Python,A1,2024-09-01T00:00:00+00:00,7f3023ff0caef22b2bf4c1b5a18ad1899bd40fa3,marimo-team/marimo@7f3023ff not materialized at C:\Users\kvrlv\Projects\Codebook_AIDev-pysmells\data\snapshots\marimo-team__marimo\7f3023ff0caef22b2bf4c1b5a18ad1899bd40fa3 - run materialize_snapshots.py (Phase 1e) first
678526156.0,marimo-team/marimo,Python,A1,2024-10-01T00:00:00+00:00,9eb1072d20b57da20c76f8801c8a457e056cd1d0,marimo-team/marimo@9eb1072d not materialized at C:\Users\kvrlv\Projects\Codebook_AIDev-pysmells\data\snapshots\marimo-team__marimo\9eb1072d20b57da20c76f8801c8a457e056cd1d0 - run materialize_snapshots.py (Phase 1e) first
678526156.0,marimo-team/marimo,Python,A1,2024-11-01T00:00:00+00:00,c90743defeeccc54b7fec613253404487c0c52d4,marimo-team/marimo@c90743de not materialized at C:\Users\kvrlv\Projects\Codebook_AIDev-pysmells\data\snapshots\marimo-team__marimo\c90743defeeccc54b7fec613253404487c0c52d4 - run materialize_snapshots.py (Phase 1e) first
678526156.0,marimo-team/marimo,Python,A1,2024-12-01T00:00:00+00:00,064e07ecbc89e699afab9ae1065bc6846dbef36c,marimo-team/marimo@064e07ec not materialized at C:\Users\kvrlv\Projects\Codebook_AIDev-pysmells\data\snapshots\marimo-team__marimo\064e07ecbc89e699afab9ae1065bc6846dbef36c - run materialize_snapshots.py (Phase 1e) first
678526156.0,marimo-team/marimo,Python,A1,2025-01-01T00:00:00+00:00,3bf98070519f18d68be6c72e3acd66ec4cdc4825,marimo-team/marimo@3bf98070 not materialized at C:\Users\kvrlv\Projects\Codebook_AIDev-pysmells\data\snapshots\marimo-team__marimo\3bf98070519f18d68be6c72e3acd66ec4cdc4825 - run materialize_snapshots.py (Phase 1e) first
678526156.0,marimo-team/marimo,Python,A1,2025-02-01T00:00:00+00:00,14bf70b68d7c6876dac039debff18ab26a75f406,marimo-team/marimo@14bf70b6 not materialized at C:\Users\kvrlv\Projects\Codebook_AIDev-pysmells\data\snapshots\marimo-team__marimo\14bf70b68d7c6876dac039debff18ab26a75f406 - run materialize_snapshots.py (Phase 1e) first
678526156.0,marimo-team/marimo,Python,A1,2025-03-01T00:00:00+00:00,bc7ae2e6a5a0d3495655bce0b273b4c313df3775,marimo-team/marimo@bc7ae2e6 not materialized at C:\Users\kvrlv\Projects\Codebook_AIDev-pysmells\data\snapshots\marimo-team__marimo\bc7ae2e6a5a0d3495655bce0b273b4c313df3775 - run materialize_snapshots.py (Phase 1e) first
678526156.0,marimo-team/marimo,Python,A1,2025-04-01T00:00:00+00:00,07f43e0f8c2d388116edf6a9021086b56b815cb9,marimo-team/marimo@07f43e0f not materialized at C:\Users\kvrlv\Projects\Codebook_AIDev-pysmells\data\snapshots\marimo-team__marimo\07f43e0f8c2d388116edf6a9021086b56b815cb9 - run materialize_snapshots.py (Phase 1e) first
678526156.0,marimo-team/marimo,Python,A1,2025-05-01T00:00:00+00:00,2beb9c724ccb17eaa2dd041b79fdba8c3f3d2299,marimo-team/marimo@2beb9c72 not materialized at C:\Users\kvrlv\Projects\Codebook_AIDev-pysmells\data\snapshots\marimo-team__marimo\2beb9c724ccb17eaa2dd041b79fdba8c3f3d2299 - run materialize_snapshots.py (Phase 1e) first
678526156.0,marimo-team/marimo,Python,A1,2025-06-01T00:00:00+00:00,85c575e14bf72f23397892a6d830c2e48ccc358c,marimo-team/marimo@85c575e1 not materialized at C:\Users\kvrlv\Projects\Codebook_AIDev-pysmells\data\snapshots\marimo-team__marimo\85c575e14bf72f23397892a6d830c2e48ccc358c - run materialize_snapshots.py (Phase 1e) first
678526156.0,marimo-team/marimo,Python,A1,2025-07-01T00:00:00+00:00,145a96dddd98e1bf1b6f47ac02c503dbe956df5a,marimo-team/marimo@145a96dd not materialized at C:\Users\kvrlv\Projects\Codebook_AIDev-pysmells\data\snapshots\marimo-team__marimo\145a96dddd98e1bf1b6f47ac02c503dbe956df5a - run materialize_snapshots.py (Phase 1e) first
678526156.0,marimo-team/marimo,Python,A1,2025-08-01T00:00:00+00:00,ed9f0af7701e107e18e690c5abd1f7c1c683f624,marimo-team/marimo@ed9f0af7 not materialized at C:\Users\kvrlv\Projects\Codebook_AIDev-pysmells\data\snapshots\marimo-team__marimo\ed9f0af7701e107e18e690c5abd1f7c1c683f624 - run materialize_snapshots.py (Phase 1e) first
678526156.0,marimo-team/marimo,Python,A1,2025-09-01T00:00:00+00:00,53801bc330aecc4cb9ca8740cc6126731bfc25e1,marimo-team/marimo@53801bc3 not materialized at C:\Users\kvrlv\Projects\Codebook_AIDev-pysmells\data\snapshots\marimo-team__marimo\53801bc330aecc4cb9ca8740cc6126731bfc25e1 - run materialize_snapshots.py (Phase 1e) first
678526156.0,marimo-team/marimo,Python,A1,2025-10-01T00:00:00+00:00,29db9c012fbf264862abf0c58a26c75ce17c8fed,marimo-team/marimo@29db9c01 not materialized at C:\Users\kvrlv\Projects\Codebook_AIDev-pysmells\data\snapshots\marimo-team__marimo\29db9c012fbf264862abf0c58a26c75ce17c8fed - run materialize_snapshots.py (Phase 1e) first
678526156.0,marimo-team/marimo,Python,A1,2025-11-01T00:00:00+00:00,c262318f0015c08d1a1dbe900c02f8b1dd852cac,marimo-team/marimo@c262318f not materialized at C:\Users\kvrlv\Projects\Codebook_AIDev-pysmells\data\snapshots\marimo-team__marimo\c262318f0015c08d1a1dbe900c02f8b1dd852cac - run materialize_snapshots.py (Phase 1e) first
678526156.0,marimo-team/marimo,Python,A1,2025-12-01T00:00:00+00:00,f82b9e55bf5a6ab247cf0b362c9038b0b6745d07,marimo-team/marimo@f82b9e55 not materialized at C:\Users\kvrlv\Projects\Codebook_AIDev-pysmells\data\snapshots\marimo-team__marimo\f82b9e55bf5a6ab247cf0b362c9038b0b6745d07 - run materialize_snapshots.py (Phase 1e) first
678526156.0,marimo-team/marimo,Python,A1,2026-01-01T00:00:00+00:00,b70293a7f077ac30e981401fa99328777b76d48f,marimo-team/marimo@b70293a7 not materialized at C:\Users\kvrlv\Projects\Codebook_AIDev-pysmells\data\snapshots\marimo-team__marimo\b70293a7f077ac30e981401fa99328777b76d48f - run materialize_snapshots.py (Phase 1e) first
678526156.0,marimo-team/marimo,Python,A1,2026-02-01T00:00:00+00:00,d4f8e5ab52a2885a52398562326f8044c454edfb,marimo-team/marimo@d4f8e5ab not materialized at C:\Users\kvrlv\Projects\Codebook_AIDev-pysmells\data\snapshots\marimo-team__marimo\d4f8e5ab52a2885a52398562326f8044c454edfb - run materialize_snapshots.py (Phase 1e) first
678526156.0,marimo-team/marimo,Python,A1,2026-03-01T00:00:00+00:00,543bea433c4f203952ff8075dd62eba7e241116d,marimo-team/marimo@543bea43 not materialized at C:\Users\kvrlv\Projects\Codebook_AIDev-pysmells\data\snapshots\marimo-team__marimo\543bea433c4f203952ff8075dd62eba7e241116d - run materialize_snapshots.py (Phase 1e) first
678526156.0,marimo-team/marimo,Python,A2,2023-12-24T18:44:06+00:00,9a6d1d8b525c1bf7dcb1b2f055a8b3407567320e,marimo-team/marimo@9a6d1d8b not materialized at C:\Users\kvrlv\Projects\Codebook_AIDev-pysmells\data\snapshots\marimo-team__marimo\9a6d1d8b525c1bf7dcb1b2f055a8b3407567320e - run materialize_snapshots.py (Phase 1e) first
678526156.0,marimo-team/marimo,Python,A2,2024-01-24T18:44:06+00:00,a3adf8f564d9bdd0976fd75dbc1a2f5b90fee7d8,marimo-team/marimo@a3adf8f5 not materialized at C:\Users\kvrlv\Projects\Codebook_AIDev-pysmells\data\snapshots\marimo-team__marimo\a3adf8f564d9bdd0976fd75dbc1a2f5b90fee7d8 - run materialize_snapshots.py (Phase 1e) first
678526156.0,marimo-team/marimo,Python,A2,2024-02-24T18:44:06+00:00,2eb2adf6212ff7ee28124d7637109f8d080937e0,marimo-team/marimo@2eb2adf6 not materialized at C:\Users\kvrlv\Projects\Codebook_AIDev-pysmells\data\snapshots\marimo-team__marimo\2eb2adf6212ff7ee28124d7637109f8d080937e0 - run materialize_snapshots.py (Phase 1e) first
678526156.0,marimo-team/marimo,Python,A2,2024-03-24T18:44:06+00:00,aec409dcd1234abbb84a1dab2ac6a6a03b6745b9,marimo-team/marimo@aec409dc not materialized at C:\Users\kvrlv\Projects\Codebook_AIDev-pysmells\data\snapshots\marimo-team__marimo\aec409dcd1234abbb84a1dab2ac6a6a03b6745b9 - run materialize_snapshots.py (Phase 1e) first
678526156.0,marimo-team/marimo,Python,A2,2024-04-24T18:44:06+00:00,d2592d8f8ae030183f7412acd5b9369a6326d55f,marimo-team/marimo@d2592d8f not materialized at C:\Users\kvrlv\Projects\Codebook_AIDev-pysmells\data\snapshots\marimo-team__marimo\d2592d8f8ae030183f7412acd5b9369a6326d55f - run materialize_snapshots.py (Phase 1e) first
678526156.0,marimo-team/marimo,Python,A2,2024-05-24T18:44:06+00:00,f5dcfef4d3c1ee01e149849e6804078070327fd3,marimo-team/marimo@f5dcfef4 not materialized at C:\Users\kvrlv\Projects\Codebook_AIDev-pysmells\data\snapshots\marimo-team__marimo\f5dcfef4d3c1ee01e149849e6804078070327fd3 - run materialize_snapshots.py (Phase 1e) first
678526156.0,marimo-team/marimo,Python,A2,2024-06-24T18:44:06+00:00,36a23192d58bb1f4b86dd6e083e539b3eb4b21b9,marimo-team/marimo@36a23192 not materialized at C:\Users\kvrlv\Projects\Codebook_AIDev-pysmells\data\snapshots\marimo-team__marimo\36a23192d58bb1f4b86dd6e083e539b3eb4b21b9 - run materialize_snapshots.py (Phase 1e) first
678526156.0,marimo-team/marimo,Python,A2,2024-07-24T18:44:06+00:00,7b639049cddfd4697b93b395456c1f0deb8b87a3,marimo-team/marimo@7b639049 not materialized at C:\Users\kvrlv\Projects\Codebook_AIDev-pysmells\data\snapshots\marimo-team__marimo\7b639049cddfd4697b93b395456c1f0deb8b87a3 - run materialize_snapshots.py (Phase 1e) first
678526156.0,marimo-team/marimo,Python,A2,2024-08-24T18:44:06+00:00,36854486e96c17ab5ac5a5e8bcf7d27145df86c2,marimo-team/marimo@36854486 not materialized at C:\Users\kvrlv\Projects\Codebook_AIDev-pysmells\data\snapshots\marimo-team__marimo\36854486e96c17ab5ac5a5e8bcf7d27145df86c2 - run materialize_snapshots.py (Phase 1e) first
678526156.0,marimo-team/marimo,Python,A2,2024-09-24T18:44:06+00:00,a181691d3ebdaf505ecaeccd420bdc38d7748d6c,marimo-team/marimo@a181691d not materialized at C:\Users\kvrlv\Projects\Codebook_AIDev-pysmells\data\snapshots\marimo-team__marimo\a181691d3ebdaf505ecaeccd420bdc38d7748d6c - run materialize_snapshots.py (Phase 1e) first
678526156.0,marimo-team/marimo,Python,A2,2024-10-01T18:44:06+00:00,218870cee12faf5fe6b14c60cd0a640267508e48,marimo-team/marimo@218870ce not materialized at C:\Users\kvrlv\Projects\Codebook_AIDev-pysmells\data\snapshots\marimo-team__marimo\218870cee12faf5fe6b14c60cd0a640267508e48 - run materialize_snapshots.py (Phase 1e) first
678526156.0,marimo-team/marimo,Python,A2,2024-10-08T18:44:06+00:00,87f8ac93995264321a91d4674977e657375c8e4a,marimo-team/marimo@87f8ac93 not materialized at C:\Users\kvrlv\Projects\Codebook_AIDev-pysmells\data\snapshots\marimo-team__marimo\87f8ac93995264321a91d4674977e657375c8e4a - run materialize_snapshots.py (Phase 1e) first
678526156.0,marimo-team/marimo,Python,A2,2024-10-15T18:44:06+00:00,536a0a52622d878c32eea75d57547b2f15de19c2,marimo-team/marimo@536a0a52 not materialized at C:\Users\kvrlv\Projects\Codebook_AIDev-pysmells\data\snapshots\marimo-team__marimo\536a0a52622d878c32eea75d57547b2f15de19c2 - run materialize_snapshots.py (Phase 1e) first
678526156.0,marimo-team/marimo,Python,A2,2024-10-22T18:44:06+00:00,0a1d28eafe9e67478534774c15fb322a4b275f2b,marimo-team/marimo@0a1d28ea not materialized at C:\Users\kvrlv\Projects\Codebook_AIDev-pysmells\data\snapshots\marimo-team__marimo\0a1d28eafe9e67478534774c15fb322a4b275f2b - run materialize_snapshots.py (Phase 1e) first
678526156.0,marimo-team/marimo,Python,A2,2024-10-29T18:44:06+00:00,3c9d84c6cba61066f83a0b4836ee6891b2a483a1,marimo-team/marimo@3c9d84c6 not materialized at C:\Users\kvrlv\Projects\Codebook_AIDev-pysmells\data\snapshots\marimo-team__marimo\3c9d84c6cba61066f83a0b4836ee6891b2a483a1 - run materialize_snapshots.py (Phase 1e) first
678526156.0,marimo-team/marimo,Python,A2,2024-11-05T18:44:06+00:00,4c20bbcf84a2837199a82b5eb1a38fd05abda05a,marimo-team/marimo@4c20bbcf not materialized at C:\Users\kvrlv\Projects\Codebook_AIDev-pysmells\data\snapshots\marimo-team__marimo\4c20bbcf84a2837199a82b5eb1a38fd05abda05a - run materialize_snapshots.py (Phase 1e) first
678526156.0,marimo-team/marimo,Python,A2,2024-11-12T18:44:06+00:00,6cab3879bd8b064ba82142763f4f973628672315,marimo-team/marimo@6cab3879 not materialized at C:\Users\kvrlv\Projects\Codebook_AIDev-pysmells\data\snapshots\marimo-team__marimo\6cab3879bd8b064ba82142763f4f973628672315 - run materialize_snapshots.py (Phase 1e) first
678526156.0,marimo-team/marimo,Python,A2,2024-11-19T18:44:06+00:00,32f29d506b1e64c8aab48a88bc796d267f85f052,marimo-team/marimo@32f29d50 not materialized at C:\Users\kvrlv\Projects\Codebook_AIDev-pysmells\data\snapshots\marimo-team__marimo\32f29d506b1e64c8aab48a88bc796d267f85f052 - run materialize_snapshots.py (Phase 1e) first
678526156.0,marimo-team/marimo,Python,A2,2024-11-26T18:44:06+00:00,700e0aa697cc6a6ba698946c417bd529d6f4b0c7,marimo-team/marimo@700e0aa6 not materialized at C:\Users\kvrlv\Projects\Codebook_AIDev-pysmells\data\snapshots\marimo-team__marimo\700e0aa697cc6a6ba698946c417bd529d6f4b0c7 - run materialize_snapshots.py (Phase 1e) first
678526156.0,marimo-team/marimo,Python,A2,2024-12-03T18:44:06+00:00,e07943d9cc141935423bfcf32d8878eebb0af690,marimo-team/marimo@e07943d9 not materialized at C:\Users\kvrlv\Projects\Codebook_AIDev-pysmells\data\snapshots\marimo-team__marimo\e07943d9cc141935423bfcf32d8878eebb0af690 - run materialize_snapshots.py (Phase 1e) first
678526156.0,marimo-team/marimo,Python,A2,2024-12-10T18:44:06+00:00,ed67b0193e8ac1e6f4dd6cf488630a86808447ad,marimo-team/marimo@ed67b019 not materialized at C:\Users\kvrlv\Projects\Codebook_AIDev-pysmells\data\snapshots\marimo-team__marimo\ed67b0193e8ac1e6f4dd6cf488630a86808447ad - run materialize_snapshots.py (Phase 1e) first
678526156.0,marimo-team/marimo,Python,A2,2024-12-17T18:44:06+00:00,951c689eedcf1495e3cbcf330724445ff81ba908,marimo-team/marimo@951c689e not materialized at C:\Users\kvrlv\Projects\Codebook_AIDev-pysmells\data\snapshots\marimo-team__marimo\951c689eedcf1495e3cbcf330724445ff81ba908 - run materialize_snapshots.py (Phase 1e) first
678526156.0,marimo-team/marimo,Python,A2,2024-12-24T18:44:06+00:00,d1a5394ffd417884b03a03f984be18abde57eb19,marimo-team/marimo@d1a5394f not materialized at C:\Users\kvrlv\Projects\Codebook_AIDev-pysmells\data\snapshots\marimo-team__marimo\d1a5394ffd417884b03a03f984be18abde57eb19 - run materialize_snapshots.py (Phase 1e) first
678526156.0,marimo-team/marimo,Python,A2,2024-12-31T18:44:06+00:00,3bf98070519f18d68be6c72e3acd66ec4cdc4825,marimo-team/marimo@3bf98070 not materialized at C:\Users\kvrlv\Projects\Codebook_AIDev-pysmells\data\snapshots\marimo-team__marimo\3bf98070519f18d68be6c72e3acd66ec4cdc4825 - run materialize_snapshots.py (Phase 1e) first
678526156.0,marimo-team/marimo,Python,A2,2025-01-07T18:44:06+00:00,79717dbd058f2178ba527920ee1566519f3a3ffa,marimo-team/marimo@79717dbd not materialized at C:\Users\kvrlv\Projects\Codebook_AIDev-pysmells\data\snapshots\marimo-team__marimo\79717dbd058f2178ba527920ee1566519f3a3ffa - run materialize_snapshots.py (Phase 1e) first
678526156.0,marimo-team/marimo,Python,A2,2025-01-14T18:44:06+00:00,f231ff5f2d3184ae112b5e64d5a0c223b00d5885,marimo-team/marimo@f231ff5f not materialized at C:\Users\kvrlv\Projects\Codebook_AIDev-pysmells\data\snapshots\marimo-team__marimo\f231ff5f2d3184ae112b5e64d5a0c223b00d5885 - run materialize_snapshots.py (Phase 1e) first
678526156.0,marimo-team/marimo,Python,A2,2025-01-21T18:44:06+00:00,4d8cfccf5e478d5dcdf87103c537a0c4e4ec3e5c,marimo-team/marimo@4d8cfccf not materialized at C:\Users\kvrlv\Projects\Codebook_AIDev-pysmells\data\snapshots\marimo-team__marimo\4d8cfccf5e478d5dcdf87103c537a0c4e4ec3e5c - run materialize_snapshots.py (Phase 1e) first
678526156.0,marimo-team/marimo,Python,A2,2025-01-28T18:44:06+00:00,755a85580bfe9fc428582911e398a7cc9dfd32aa,marimo-team/marimo@755a8558 not materialized at C:\Users\kvrlv\Projects\Codebook_AIDev-pysmells\data\snapshots\marimo-team__marimo\755a85580bfe9fc428582911e398a7cc9dfd32aa - run materialize_snapshots.py (Phase 1e) first
678526156.0,marimo-team/marimo,Python,A2,2025-02-04T18:44:06+00:00,33dcefb76b1354c2c48609f72384c867fc195566,marimo-team/marimo@33dcefb7 not materialized at C:\Users\kvrlv\Projects\Codebook_AIDev-pysmells\data\snapshots\marimo-team__marimo\33dcefb76b1354c2c48609f72384c867fc195566 - run materialize_snapshots.py (Phase 1e) first
678526156.0,marimo-team/marimo,Python,A2,2025-02-11T18:44:06+00:00,34e3d00aa8681b4ded9917d6b46ed45a814e6742,marimo-team/marimo@34e3d00a not materialized at C:\Users\kvrlv\Projects\Codebook_AIDev-pysmells\data\snapshots\marimo-team__marimo\34e3d00aa8681b4ded9917d6b46ed45a814e6742 - run materialize_snapshots.py (Phase 1e) first
678526156.0,marimo-team/marimo,Python,A2,2025-02-18T18:44:06+00:00,dd03b875b573f343b6434b2280a8c8aa80cafd3f,marimo-team/marimo@dd03b875 not materialized at C:\Users\kvrlv\Projects\Codebook_AIDev-pysmells\data\snapshots\marimo-team__marimo\dd03b875b573f343b6434b2280a8c8aa80cafd3f - run materialize_snapshots.py (Phase 1e) first
678526156.0,marimo-team/marimo,Python,A2,2025-02-25T18:44:06+00:00,451981485d4c0fa72ebfca081342e16405909f7d,marimo-team/marimo@45198148 not materialized at C:\Users\kvrlv\Projects\Codebook_AIDev-pysmells\data\snapshots\marimo-team__marimo\451981485d4c0fa72ebfca081342e16405909f7d - run materialize_snapshots.py (Phase 1e) first
678526156.0,marimo-team/marimo,Python,A2,2025-03-04T18:44:06+00:00,48e57bdb48cad22fce17fb099ab3e8e66ce375cc,marimo-team/marimo@48e57bdb not materialized at C:\Users\kvrlv\Projects\Codebook_AIDev-pysmells\data\snapshots\marimo-team__marimo\48e57bdb48cad22fce17fb099ab3e8e66ce375cc - run materialize_snapshots.py (Phase 1e) first
678526156.0,marimo-team/marimo,Python,A2,2025-03-11T18:44:06+00:00,b845f5d3e33b43a2d9850eb81d63dbebed5f26b1,marimo-team/marimo@b845f5d3 not materialized at C:\Users\kvrlv\Projects\Codebook_AIDev-pysmells\data\snapshots\marimo-team__marimo\b845f5d3e33b43a2d9850eb81d63dbebed5f26b1 - run materialize_snapshots.py (Phase 1e) first
678526156.0,marimo-team/marimo,Python,A2,2025-03-18T18:44:06+00:00,f98326c6b03e2df598c3c42a810458896a58ebd8,marimo-team/marimo@f98326c6 not materialized at C:\Users\kvrlv\Projects\Codebook_AIDev-pysmells\data\snapshots\marimo-team__marimo\f98326c6b03e2df598c3c42a810458896a58ebd8 - run materialize_snapshots.py (Phase 1e) first
678526156.0,marimo-team/marimo,Python,A2,2025-03-25T18:44:06+00:00,c85747ccb679e790ad48beae5e11833ee56cc675,marimo-team/marimo@c85747cc not materialized at C:\Users\kvrlv\Projects\Codebook_AIDev-pysmells\data\snapshots\marimo-team__marimo\c85747ccb679e790ad48beae5e11833ee56cc675 - run materialize_snapshots.py (Phase 1e) first
678526156.0,marimo-team/marimo,Python,A2,2025-04-24T18:44:06+00:00,f32ebf855b19551f2bfa44114aa024f4a38c00fd,marimo-team/marimo@f32ebf85 not materialized at C:\Users\kvrlv\Projects\Codebook_AIDev-pysmells\data\snapshots\marimo-team__marimo\f32ebf855b19551f2bfa44114aa024f4a38c00fd - run materialize_snapshots.py (Phase 1e) first
678526156.0,marimo-team/marimo,Python,A2,2025-05-24T18:44:06+00:00,8a65a4a43fa0108e90dedf665aa7184db8d9eefd,marimo-team/marimo@8a65a4a4 not materialized at C:\Users\kvrlv\Projects\Codebook_AIDev-pysmells\data\snapshots\marimo-team__marimo\8a65a4a43fa0108e90dedf665aa7184db8d9eefd - run materialize_snapshots.py (Phase 1e) first
678526156.0,marimo-team/marimo,Python,A2,2025-06-24T18:44:06+00:00,80a17194c84711eeca2bd9264ad6c09d07b44675,marimo-team/marimo@80a17194 not materialized at C:\Users\kvrlv\Projects\Codebook_AIDev-pysmells\data\snapshots\marimo-team__marimo\80a17194c84711eeca2bd9264ad6c09d07b44675 - run materialize_snapshots.py (Phase 1e) first
678526156.0,marimo-team/marimo,Python,A2,2025-07-24T18:44:06+00:00,364905967ae630dcc531ce20a393f0d9f950e8fe,marimo-team/marimo@36490596 not materialized at C:\Users\kvrlv\Projects\Codebook_AIDev-pysmells\data\snapshots\marimo-team__marimo\364905967ae630dcc531ce20a393f0d9f950e8fe - run materialize_snapshots.py (Phase 1e) first
678526156.0,marimo-team/marimo,Python,A2,2025-08-24T18:44:06+00:00,33ee2fcb493a89abb761bc752c663e3be9252ab3,marimo-team/marimo@33ee2fcb not materialized at C:\Users\kvrlv\Projects\Codebook_AIDev-pysmells\data\snapshots\marimo-team__marimo\33ee2fcb493a89abb761bc752c663e3be9252ab3 - run materialize_snapshots.py (Phase 1e) first
678526156.0,marimo-team/marimo,Python,A2,2025-09-24T18:44:06+00:00,4c77d6bc5242124f778cb099a804c72ea80c47e1,marimo-team/marimo@4c77d6bc not materialized at C:\Users\kvrlv\Projects\Codebook_AIDev-pysmells\data\snapshots\marimo-team__marimo\4c77d6bc5242124f778cb099a804c72ea80c47e1 - run materialize_snapshots.py (Phase 1e) first
678526156.0,marimo-team/marimo,Python,A2,2025-10-24T18:44:06+00:00,2789f84ecf5560e87789b39b2acc38ecb20cf83e,marimo-team/marimo@2789f84e not materialized at C:\Users\kvrlv\Projects\Codebook_AIDev-pysmells\data\snapshots\marimo-team__marimo\2789f84ecf5560e87789b39b2acc38ecb20cf83e - run materialize_snapshots.py (Phase 1e) first
678526156.0,marimo-team/marimo,Python,A2,2025-11-24T18:44:06+00:00,3bc4d8dd68bd478f7646cd5d40733853414070a7,marimo-team/marimo@3bc4d8dd not materialized at C:\Users\kvrlv\Projects\Codebook_AIDev-pysmells\data\snapshots\marimo-team__marimo\3bc4d8dd68bd478f7646cd5d40733853414070a7 - run materialize_snapshots.py (Phase 1e) first
678526156.0,marimo-team/marimo,Python,A2,2025-12-24T18:44:06+00:00,c192611e6760e7b169ec5104a5c514bb6939c908,marimo-team/marimo@c192611e not materialized at C:\Users\kvrlv\Projects\Codebook_AIDev-pysmells\data\snapshots\marimo-team__marimo\c192611e6760e7b169ec5104a5c514bb6939c908 - run materialize_snapshots.py (Phase 1e) first
496005961.0,marin-community/levanter,Python,A1,2022-06-01T00:00:00+00:00,55a059cf8277700ffe5a87f0958d78f6677f542f,marin-community/levanter@55a059cf not materialized at C:\Users\kvrlv\Projects\Codebook_AIDev-pysmells\data\snapshots\marin-community__levanter\55a059cf8277700ffe5a87f0958d78f6677f542f - run materialize_snapshots.py (Phase 1e) first
496005961.0,marin-community/levanter,Python,A1,2022-07-01T00:00:00+00:00,e12f43703069e2cbbf441bfa447a5c9079e83e6a,marin-community/levanter@e12f4370 not materialized at C:\Users\kvrlv\Projects\Codebook_AIDev-pysmells\data\snapshots\marin-community__levanter\e12f43703069e2cbbf441bfa447a5c9079e83e6a - run materialize_snapshots.py (Phase 1e) first
496005961.0,marin-community/levanter,Python,A1,2022-08-01T00:00:00+00:00,3331b4c13fcefb04846cc7f1f24030ac12841bfc,marin-community/levanter@3331b4c1 not materialized at C:\Users\kvrlv\Projects\Codebook_AIDev-pysmells\data\snapshots\marin-community__levanter\3331b4c13fcefb04846cc7f1f24030ac12841bfc - run materialize_snapshots.py (Phase 1e) first
496005961.0,marin-community/levanter,Python,A1,2022-09-01T00:00:00+00:00,9d10461449ebe0d317dbcc7d6e31a42072cda041,marin-community/levanter@9d104614 not materialized at C:\Users\kvrlv\Projects\Codebook_AIDev-pysmells\data\snapshots\marin-community__levanter\9d10461449ebe0d317dbcc7d6e31a42072cda041 - run materialize_snapshots.py (Phase 1e) first
496005961.0,marin-community/levanter,Python,A1,2022-10-01T00:00:00+00:00,5ecd74b645cf0907922ab059b83f400661a8e398,marin-community/levanter@5ecd74b6 not materialized at C:\Users\kvrlv\Projects\Codebook_AIDev-pysmells\data\snapshots\marin-community__levanter\5ecd74b645cf0907922ab059b83f400661a8e398 - run materialize_snapshots.py (Phase 1e) first
496005961.0,marin-community/levanter,Python,A1,2022-11-01T00:00:00+00:00,5bc29ed5e1a146c9467f233ea111def9dc7260e1,marin-community/levanter@5bc29ed5 not materialized at C:\Users\kvrlv\Projects\Codebook_AIDev-pysmells\data\snapshots\marin-community__levanter\5bc29ed5e1a146c9467f233ea111def9dc7260e1 - run materialize_snapshots.py (Phase 1e) first
496005961.0,marin-community/levanter,Python,A1,2022-12-01T00:00:00+00:00,2bf516731e8febfebc376e1ae293d26d3366039d,marin-community/levanter@2bf51673 not materialized at C:\Users\kvrlv\Projects\Codebook_AIDev-pysmells\data\snapshots\marin-community__levanter\2bf516731e8febfebc376e1ae293d26d3366039d - run materialize_snapshots.py (Phase 1e) first
496005961.0,marin-community/levanter,Python,A1,2023-01-01T00:00:00+00:00,e4da3336a7e0535790bfeecabe1710fc8505d44e,marin-community/levanter@e4da3336 not materialized at C:\Users\kvrlv\Projects\Codebook_AIDev-pysmells\data\snapshots\marin-community__levanter\e4da3336a7e0535790bfeecabe1710fc8505d44e - run materialize_snapshots.py (Phase 1e) first
496005961.0,marin-community/levanter,Python,A1,2023-02-01T00:00:00+00:00,b53fecb8b42bec646bd31c2a427cbb883c3b1b9c,marin-community/levanter@b53fecb8 not materialized at C:\Users\kvrlv\Projects\Codebook_AIDev-pysmells\data\snapshots\marin-community__levanter\b53fecb8b42bec646bd31c2a427cbb883c3b1b9c - run materialize_snapshots.py (Phase 1e) first
496005961.0,marin-community/levanter,Python,A1,2023-03-01T00:00:00+00:00,3c80c6b277c638e7037ead3d33cc29d50a633935,marin-community/levanter@3c80c6b2 not materialized at C:\Users\kvrlv\Projects\Codebook_AIDev-pysmells\data\snapshots\marin-community__levanter\3c80c6b277c638e7037ead3d33cc29d50a633935 - run materialize_snapshots.py (Phase 1e) first
496005961.0,marin-community/levanter,Python,A1,2023-04-01T00:00:00+00:00,5f71dd1a30cef6a6221d109c585abbcc78ebda36,marin-community/levanter@5f71dd1a not materialized at C:\Users\kvrlv\Projects\Codebook_AIDev-pysmells\data\snapshots\marin-community__levanter\5f71dd1a30cef6a6221d109c585abbcc78ebda36 - run materialize_snapshots.py (Phase 1e) first
496005961.0,marin-community/levanter,Python,A1,2023-05-01T00:00:00+00:00,5c85d105b23ba71b02f71372fcbe96199d06748b,marin-community/levanter@5c85d105 not materialized at C:\Users\kvrlv\Projects\Codebook_AIDev-pysmells\data\snapshots\marin-community__levanter\5c85d105b23ba71b02f71372fcbe96199d06748b - run materialize_snapshots.py (Phase 1e) first
496005961.0,marin-community/levanter,Python,A1,2023-06-01T00:00:00+00:00,51a51b6418c1655a870fa8d8191fdaf1c48f2579,marin-community/levanter@51a51b64 not materialized at C:\Users\kvrlv\Projects\Codebook_AIDev-pysmells\data\snapshots\marin-community__levanter\51a51b6418c1655a870fa8d8191fdaf1c48f2579 - run materialize_snapshots.py (Phase 1e) first
496005961.0,marin-community/levanter,Python,A1,2023-07-01T00:00:00+00:00,dbdc87a37199a3adfbffbc2970c3520d9475796e,marin-community/levanter@dbdc87a3 not materialized at C:\Users\kvrlv\Projects\Codebook_AIDev-pysmells\data\snapshots\marin-community__levanter\dbdc87a37199a3adfbffbc2970c3520d9475796e - run materialize_snapshots.py (Phase 1e) first
496005961.0,marin-community/levanter,Python,A1,2023-08-01T00:00:00+00:00,94b32c10be666b1dd95d49b6e9814e4075e30df5,marin-community/levanter@94b32c10 not materialized at C:\Users\kvrlv\Projects\Codebook_AIDev-pysmells\data\snapshots\marin-community__levanter\94b32c10be666b1dd95d49b6e9814e4075e30df5 - run materialize_snapshots.py (Phase 1e) first
496005961.0,marin-community/levanter,Python,A1,2023-09-01T00:00:00+00:00,ac12e7940fe577c0f32d45cd7f1d8fd1a06126d8,marin-community/levanter@ac12e794 not materialized at C:\Users\kvrlv\Projects\Codebook_AIDev-pysmells\data\snapshots\marin-community__levanter\ac12e7940fe577c0f32d45cd7f1d8fd1a06126d8 - run materialize_snapshots.py (Phase 1e) first
496005961.0,marin-community/levanter,Python,A1,2023-10-01T00:00:00+00:00,4ec6fab92d02e6d2c45b1cc493b7e891a72700ba,marin-community/levanter@4ec6fab9 not materialized at C:\Users\kvrlv\Projects\Codebook_AIDev-pysmells\data\snapshots\marin-community__levanter\4ec6fab92d02e6d2c45b1cc493b7e891a72700ba - run materialize_snapshots.py (Phase 1e) first
496005961.0,marin-community/levanter,Python,A1,2023-11-01T00:00:00+00:00,e6c1ae3d127daa5c34486c836e4fb477b7c7c1ef,marin-community/levanter@e6c1ae3d not materialized at C:\Users\kvrlv\Projects\Codebook_AIDev-pysmells\data\snapshots\marin-community__levanter\e6c1ae3d127daa5c34486c836e4fb477b7c7c1ef - run materialize_snapshots.py (Phase 1e) first
496005961.0,marin-community/levanter,Python,A1,2023-12-01T00:00:00+00:00,1d4a84085c37d8d9ff155b0e13349a72262b1222,marin-community/levanter@1d4a8408 not materialized at C:\Users\kvrlv\Projects\Codebook_AIDev-pysmells\data\snapshots\marin-community__levanter\1d4a84085c37d8d9ff155b0e13349a72262b1222 - run materialize_snapshots.py (Phase 1e) first
496005961.0,marin-community/levanter,Python,A1,2024-01-01T00:00:00+00:00,7d3044938e949dddd2b519b77eb37bf706fe0952,marin-community/levanter@7d304493 not materialized at C:\Users\kvrlv\Projects\Codebook_AIDev-pysmells\data\snapshots\marin-community__levanter\7d3044938e949dddd2b519b77eb37bf706fe0952 - run materialize_snapshots.py (Phase 1e) first
496005961.0,marin-community/levanter,Python,A1,2024-02-01T00:00:00+00:00,4cdf5afcf2ad3b5b2afc02cd157bae613836ec59,marin-community/levanter@4cdf5afc not materialized at C:\Users\kvrlv\Projects\Codebook_AIDev-pysmells\data\snapshots\marin-community__levanter\4cdf5afcf2ad3b5b2afc02cd157bae613836ec59 - run materialize_snapshots.py (Phase 1e) first
496005961.0,marin-community/levanter,Python,A1,2024-03-01T00:00:00+00:00,26ccca16e676a2585ad0d0e5020fd015525e32cc,marin-community/levanter@26ccca16 not materialized at C:\Users\kvrlv\Projects\Codebook_AIDev-pysmells\data\snapshots\marin-community__levanter\26ccca16e676a2585ad0d0e5020fd015525e32cc - run materialize_snapshots.py (Phase 1e) first
496005961.0,marin-community/levanter,Python,A1,2024-04-01T00:00:00+00:00,4c60d69cc11c443a1375b9cb054a51c6688cf833,marin-community/levanter@4c60d69c not materialized at C:\Users\kvrlv\Projects\Codebook_AIDev-pysmells\data\snapshots\marin-community__levanter\4c60d69cc11c443a1375b9cb054a51c6688cf833 - run materialize_snapshots.py (Phase 1e) first
496005961.0,marin-community/levanter,Python,A1,2024-05-01T00:00:00+00:00,2516d06be6fec2ff5660f144649a9f5f577b06e9,marin-community/levanter@2516d06b not materialized at C:\Users\kvrlv\Projects\Codebook_AIDev-pysmells\data\snapshots\marin-community__levanter\2516d06be6fec2ff5660f144649a9f5f577b06e9 - run materialize_snapshots.py (Phase 1e) first
496005961.0,marin-community/levanter,Python,A1,2024-06-01T00:00:00+00:00,dae12f61ce92f24d7682b4af27598d4a5d8b003b,marin-community/levanter@dae12f61 not materialized at C:\Users\kvrlv\Projects\Codebook_AIDev-pysmells\data\snapshots\marin-community__levanter\dae12f61ce92f24d7682b4af27598d4a5d8b003b - run materialize_snapshots.py (Phase 1e) first
496005961.0,marin-community/levanter,Python,A1,2024-07-01T00:00:00+00:00,880de336e39090ff4c0ffa103df83c5a2af828d9,marin-community/levanter@880de336 not materialized at C:\Users\kvrlv\Projects\Codebook_AIDev-pysmells\data\snapshots\marin-community__levanter\880de336e39090ff4c0ffa103df83c5a2af828d9 - run materialize_snapshots.py (Phase 1e) first
496005961.0,marin-community/levanter,Python,A1,2024-08-01T00:00:00+00:00,ac0882dcda59759a58878cc99587e2e5cdb21e9c,marin-community/levanter@ac0882dc not materialized at C:\Users\kvrlv\Projects\Codebook_AIDev-pysmells\data\snapshots\marin-community__levanter\ac0882dcda59759a58878cc99587e2e5cdb21e9c - run materialize_snapshots.py (Phase 1e) first
496005961.0,marin-community/levanter,Python,A1,2024-09-01T00:00:00+00:00,ffa8e28aad5ab159a8fdea0e3a94380300e97833,marin-community/levanter@ffa8e28a not materialized at C:\Users\kvrlv\Projects\Codebook_AIDev-pysmells\data\snapshots\marin-community__levanter\ffa8e28aad5ab159a8fdea0e3a94380300e97833 - run materialize_snapshots.py (Phase 1e) first
496005961.0,marin-community/levanter,Python,A1,2024-10-01T00:00:00+00:00,45d41d8d54712ede785dbecef77f48d4e7221e7f,marin-community/levanter@45d41d8d not materialized at C:\Users\kvrlv\Projects\Codebook_AIDev-pysmells\data\snapshots\marin-community__levanter\45d41d8d54712ede785dbecef77f48d4e7221e7f - run materialize_snapshots.py (Phase 1e) first
496005961.0,marin-community/levanter,Python,A1,2024-11-01T00:00:00+00:00,ba682cac098e38331b9bcc2d1da5e96ea5e697b5,marin-community/levanter@ba682cac not materialized at C:\Users\kvrlv\Projects\Codebook_AIDev-pysmells\data\snapshots\marin-community__levanter\ba682cac098e38331b9bcc2d1da5e96ea5e697b5 - run materialize_snapshots.py (Phase 1e) first
496005961.0,marin-community/levanter,Python,A1,2024-12-01T00:00:00+00:00,9804b3473e763e32eb65e590871f3463498a6266,marin-community/levanter@9804b347 not materialized at C:\Users\kvrlv\Projects\Codebook_AIDev-pysmells\data\snapshots\marin-community__levanter\9804b3473e763e32eb65e590871f3463498a6266 - run materialize_snapshots.py (Phase 1e) first
496005961.0,marin-community/levanter,Python,A1,2025-01-01T00:00:00+00:00,736d9ea1db597d47803a2814e852a8cb52d070c4,marin-community/levanter@736d9ea1 not materialized at C:\Users\kvrlv\Projects\Codebook_AIDev-pysmells\data\snapshots\marin-community__levanter\736d9ea1db597d47803a2814e852a8cb52d070c4 - run materialize_snapshots.py (Phase 1e) first
496005961.0,marin-community/levanter,Python,A1,2025-02-01T00:00:00+00:00,04a81ca2957a1a02ee3bec97f129c09cb442a2ca,marin-community/levanter@04a81ca2 not materialized at C:\Users\kvrlv\Projects\Codebook_AIDev-pysmells\data\snapshots\marin-community__levanter\04a81ca2957a1a02ee3bec97f129c09cb442a2ca - run materialize_snapshots.py (Phase 1e) first
496005961.0,marin-community/levanter,Python,A1,2025-03-01T00:00:00+00:00,6866fb085486783d97ec646ae6ab2b75791851a1,marin-community/levanter@6866fb08 not materialized at C:\Users\kvrlv\Projects\Codebook_AIDev-pysmells\data\snapshots\marin-community__levanter\6866fb085486783d97ec646ae6ab2b75791851a1 - run materialize_snapshots.py (Phase 1e) first
496005961.0,marin-community/levanter,Python,A1,2025-04-01T00:00:00+00:00,0fc5ac869ee3afb77564b1502fa5836193980066,marin-community/levanter@0fc5ac86 not materialized at C:\Users\kvrlv\Projects\Codebook_AIDev-pysmells\data\snapshots\marin-community__levanter\0fc5ac869ee3afb77564b1502fa5836193980066 - run materialize_snapshots.py (Phase 1e) first
496005961.0,marin-community/levanter,Python,A1,2025-05-01T00:00:00+00:00,0fa750da9797d36e4600855874a4bf7563f3cd96,marin-community/levanter@0fa750da not materialized at C:\Users\kvrlv\Projects\Codebook_AIDev-pysmells\data\snapshots\marin-community__levanter\0fa750da9797d36e4600855874a4bf7563f3cd96 - run materialize_snapshots.py (Phase 1e) first
496005961.0,marin-community/levanter,Python,A1,2025-06-01T00:00:00+00:00,6e2d938a369f248c48c19b06971a844b8153926f,marin-community/levanter@6e2d938a not materialized at C:\Users\kvrlv\Projects\Codebook_AIDev-pysmells\data\snapshots\marin-community__levanter\6e2d938a369f248c48c19b06971a844b8153926f - run materialize_snapshots.py (Phase 1e) first
496005961.0,marin-community/levanter,Python,A1,2025-07-01T00:00:00+00:00,dae9ea2ac4e5854fae085785c4548c5f48239a9a,marin-community/levanter@dae9ea2a not materialized at C:\Users\kvrlv\Projects\Codebook_AIDev-pysmells\data\snapshots\marin-community__levanter\dae9ea2ac4e5854fae085785c4548c5f48239a9a - run materialize_snapshots.py (Phase 1e) first
496005961.0,marin-community/levanter,Python,A1,2025-08-01T00:00:00+00:00,ea77bc898ecbd8e4e4b97d6b97ec8834b62c7c18,marin-community/levanter@ea77bc89 not materialized at C:\Users\kvrlv\Projects\Codebook_AIDev-pysmells\data\snapshots\marin-community__levanter\ea77bc898ecbd8e4e4b97d6b97ec8834b62c7c18 - run materialize_snapshots.py (Phase 1e) first
496005961.0,marin-community/levanter,Python,A1,2025-09-01T00:00:00+00:00,c4b3769ff745f792ec19f49d69a640e8df540234,marin-community/levanter@c4b3769f not materialized at C:\Users\kvrlv\Projects\Codebook_AIDev-pysmells\data\snapshots\marin-community__levanter\c4b3769ff745f792ec19f49d69a640e8df540234 - run materialize_snapshots.py (Phase 1e) first
496005961.0,marin-community/levanter,Python,A1,2025-10-01T00:00:00+00:00,27a0992434d7a1d7cee044f2b0154a41d222baad,marin-community/levanter@27a09924 not materialized at C:\Users\kvrlv\Projects\Codebook_AIDev-pysmells\data\snapshots\marin-community__levanter\27a0992434d7a1d7cee044f2b0154a41d222baad - run materialize_snapshots.py (Phase 1e) first
496005961.0,marin-community/levanter,Python,A1,2025-11-01T00:00:00+00:00,77aa5913d28590c7b55e6ae5e004b4da5d4ba22d,marin-community/levanter@77aa5913 not materialized at C:\Users\kvrlv\Projects\Codebook_AIDev-pysmells\data\snapshots\marin-community__levanter\77aa5913d28590c7b55e6ae5e004b4da5d4ba22d - run materialize_snapshots.py (Phase 1e) first
496005961.0,marin-community/levanter,Python,A2,2024-06-17T05:56:22+00:00,b16db86e9b1d80abb63a4976714c21dc6496b8e3,marin-community/levanter@b16db86e not materialized at C:\Users\kvrlv\Projects\Codebook_AIDev-pysmells\data\snapshots\marin-community__levanter\b16db86e9b1d80abb63a4976714c21dc6496b8e3 - run materialize_snapshots.py (Phase 1e) first
496005961.0,marin-community/levanter,Python,A2,2024-07-17T05:56:22+00:00,427874a9faa5e91bd186fbcce31a7fd7b73daf50,marin-community/levanter@427874a9 not materialized at C:\Users\kvrlv\Projects\Codebook_AIDev-pysmells\data\snapshots\marin-community__levanter\427874a9faa5e91bd186fbcce31a7fd7b73daf50 - run materialize_snapshots.py (Phase 1e) first
496005961.0,marin-community/levanter,Python,A2,2024-08-17T05:56:22+00:00,ef6349c7bfaccfb7d591886b327ce7fee02d2402,marin-community/levanter@ef6349c7 not materialized at C:\Users\kvrlv\Projects\Codebook_AIDev-pysmells\data\snapshots\marin-community__levanter\ef6349c7bfaccfb7d591886b327ce7fee02d2402 - run materialize_snapshots.py (Phase 1e) first
496005961.0,marin-community/levanter,Python,A2,2024-09-17T05:56:22+00:00,79fa64c2f4b9ba96bfe7bd5b5ff24280fad8a29e,marin-community/levanter@79fa64c2 not materialized at C:\Users\kvrlv\Projects\Codebook_AIDev-pysmells\data\snapshots\marin-community__levanter\79fa64c2f4b9ba96bfe7bd5b5ff24280fad8a29e - run materialize_snapshots.py (Phase 1e) first
496005961.0,marin-community/levanter,Python,A2,2024-10-17T05:56:22+00:00,667a5a3602cf48d1bb40742677b2ee48c5bcc8de,marin-community/levanter@667a5a36 not materialized at C:\Users\kvrlv\Projects\Codebook_AIDev-pysmells\data\snapshots\marin-community__levanter\667a5a3602cf48d1bb40742677b2ee48c5bcc8de - run materialize_snapshots.py (Phase 1e) first
496005961.0,marin-community/levanter,Python,A2,2024-11-17T05:56:22+00:00,3d5677e5b68cb0e9b05e1c42b659c1d54e2d90c7,marin-community/levanter@3d5677e5 not materialized at C:\Users\kvrlv\Projects\Codebook_AIDev-pysmells\data\snapshots\marin-community__levanter\3d5677e5b68cb0e9b05e1c42b659c1d54e2d90c7 - run materialize_snapshots.py (Phase 1e) first
496005961.0,marin-community/levanter,Python,A2,2024-12-17T05:56:22+00:00,5d0460937721aa37d2a04d1b56c0ccb078be3e99,marin-community/levanter@5d046093 not materialized at C:\Users\kvrlv\Projects\Codebook_AIDev-pysmells\data\snapshots\marin-community__levanter\5d0460937721aa37d2a04d1b56c0ccb078be3e99 - run materialize_snapshots.py (Phase 1e) first
496005961.0,marin-community/levanter,Python,A2,2025-01-17T05:56:22+00:00,55810626fe2df6c44a65cc432034839b1f9821b2,marin-community/levanter@55810626 not materialized at C:\Users\kvrlv\Projects\Codebook_AIDev-pysmells\data\snapshots\marin-community__levanter\55810626fe2df6c44a65cc432034839b1f9821b2 - run materialize_snapshots.py (Phase 1e) first
496005961.0,marin-community/levanter,Python,A2,2025-02-17T05:56:22+00:00,7b9158366d545c89f9b3476b8d41d10958199e4c,marin-community/levanter@7b915836 not materialized at C:\Users\kvrlv\Projects\Codebook_AIDev-pysmells\data\snapshots\marin-community__levanter\7b9158366d545c89f9b3476b8d41d10958199e4c - run materialize_snapshots.py (Phase 1e) first
496005961.0,marin-community/levanter,Python,A2,2025-03-18T05:56:22+00:00,f534b271614259d501be17a4121d4777a87db1b0,marin-community/levanter@f534b271 not materialized at C:\Users\kvrlv\Projects\Codebook_AIDev-pysmells\data\snapshots\marin-community__levanter\f534b271614259d501be17a4121d4777a87db1b0 - run materialize_snapshots.py (Phase 1e) first
496005961.0,marin-community/levanter,Python,A2,2025-03-25T05:56:22+00:00,2c6ab6366421f582f2c59be292c4fbcb1bb2f82b,marin-community/levanter@2c6ab636 not materialized at C:\Users\kvrlv\Projects\Codebook_AIDev-pysmells\data\snapshots\marin-community__levanter\2c6ab6366421f582f2c59be292c4fbcb1bb2f82b - run materialize_snapshots.py (Phase 1e) first
496005961.0,marin-community/levanter,Python,A2,2025-04-01T05:56:22+00:00,0fc5ac869ee3afb77564b1502fa5836193980066,marin-community/levanter@0fc5ac86 not materialized at C:\Users\kvrlv\Projects\Codebook_AIDev-pysmells\data\snapshots\marin-community__levanter\0fc5ac869ee3afb77564b1502fa5836193980066 - run materialize_snapshots.py (Phase 1e) first
496005961.0,marin-community/levanter,Python,A2,2025-04-08T05:56:22+00:00,7bdbfa33ae0fd2cb56ffa096fa26bb85f394fca1,marin-community/levanter@7bdbfa33 not materialized at C:\Users\kvrlv\Projects\Codebook_AIDev-pysmells\data\snapshots\marin-community__levanter\7bdbfa33ae0fd2cb56ffa096fa26bb85f394fca1 - run materialize_snapshots.py (Phase 1e) first
496005961.0,marin-community/levanter,Python,A2,2025-04-15T05:56:22+00:00,82f4dfc9274190fe7a39eb69fcaf8f92cf2fd761,marin-community/levanter@82f4dfc9 not materialized at C:\Users\kvrlv\Projects\Codebook_AIDev-pysmells\data\snapshots\marin-community__levanter\82f4dfc9274190fe7a39eb69fcaf8f92cf2fd761 - run materialize_snapshots.py (Phase 1e) first
496005961.0,marin-community/levanter,Python,A2,2025-04-22T05:56:22+00:00,007f32b36a04b53bd57d816fd99a2e7b272f8251,marin-community/levanter@007f32b3 not materialized at C:\Users\kvrlv\Projects\Codebook_AIDev-pysmells\data\snapshots\marin-community__levanter\007f32b36a04b53bd57d816fd99a2e7b272f8251 - run materialize_snapshots.py (Phase 1e) first
496005961.0,marin-community/levanter,Python,A2,2025-04-29T05:56:22+00:00,333b3277ad5a7f913e0f8b0a9f9abdf928a70b1c,marin-community/levanter@333b3277 not materialized at C:\Users\kvrlv\Projects\Codebook_AIDev-pysmells\data\snapshots\marin-community__levanter\333b3277ad5a7f913e0f8b0a9f9abdf928a70b1c - run materialize_snapshots.py (Phase 1e) first
496005961.0,marin-community/levanter,Python,A2,2025-05-06T05:56:22+00:00,1aaee1bb4073b9938e2778490cc66a70b3c8a22b,marin-community/levanter@1aaee1bb not materialized at C:\Users\kvrlv\Projects\Codebook_AIDev-pysmells\data\snapshots\marin-community__levanter\1aaee1bb4073b9938e2778490cc66a70b3c8a22b - run materialize_snapshots.py (Phase 1e) first
496005961.0,marin-community/levanter,Python,A2,2025-05-13T05:56:22+00:00,080ee177278334b10cf218808cd4f135d2f40193,marin-community/levanter@080ee177 not materialized at C:\Users\kvrlv\Projects\Codebook_AIDev-pysmells\data\snapshots\marin-community__levanter\080ee177278334b10cf218808cd4f135d2f40193 - run materialize_snapshots.py (Phase 1e) first
496005961.0,marin-community/levanter,Python,A2,2025-05-20T05:56:22+00:00,97da5ea667760c409f5d84147065a85aa2ab5f48,marin-community/levanter@97da5ea6 not materialized at C:\Users\kvrlv\Projects\Codebook_AIDev-pysmells\data\snapshots\marin-community__levanter\97da5ea667760c409f5d84147065a85aa2ab5f48 - run materialize_snapshots.py (Phase 1e) first
496005961.0,marin-community/levanter,Python,A2,2025-05-27T05:56:22+00:00,93fe339f546bfa7639aa56a1c85871a6711200bb,marin-community/levanter@93fe339f not materialized at C:\Users\kvrlv\Projects\Codebook_AIDev-pysmells\data\snapshots\marin-community__levanter\93fe339f546bfa7639aa56a1c85871a6711200bb - run materialize_snapshots.py (Phase 1e) first
496005961.0,marin-community/levanter,Python,A2,2025-06-03T05:56:22+00:00,6e2d938a369f248c48c19b06971a844b8153926f,marin-community/levanter@6e2d938a not materialized at C:\Users\kvrlv\Projects\Codebook_AIDev-pysmells\data\snapshots\marin-community__levanter\6e2d938a369f248c48c19b06971a844b8153926f - run materialize_snapshots.py (Phase 1e) first
496005961.0,marin-community/levanter,Python,A2,2025-06-10T05:56:22+00:00,ea8f4c8252d21c3d2aaf1c72e113d6aeaa8cc601,marin-community/levanter@ea8f4c82 not materialized at C:\Users\kvrlv\Projects\Codebook_AIDev-pysmells\data\snapshots\marin-community__levanter\ea8f4c8252d21c3d2aaf1c72e113d6aeaa8cc601 - run materialize_snapshots.py (Phase 1e) first
496005961.0,marin-community/levanter,Python,A2,2025-06-17T05:56:22+00:00,51c551bda7fd535ae1a873cb0a634ed3900dad5c,marin-community/levanter@51c551bd not materialized at C:\Users\kvrlv\Projects\Codebook_AIDev-pysmells\data\snapshots\marin-community__levanter\51c551bda7fd535ae1a873cb0a634ed3900dad5c - run materialize_snapshots.py (Phase 1e) first
496005961.0,marin-community/levanter,Python,A2,2025-06-24T05:56:22+00:00,63adf6aaae4a10e2514d8f3b2e710d2c98e7be1f,marin-community/levanter@63adf6aa not materialized at C:\Users\kvrlv\Projects\Codebook_AIDev-pysmells\data\snapshots\marin-community__levanter\63adf6aaae4a10e2514d8f3b2e710d2c98e7be1f - run materialize_snapshots.py (Phase 1e) first
496005961.0,marin-community/levanter,Python,A2,2025-07-01T05:56:22+00:00,dae9ea2ac4e5854fae085785c4548c5f48239a9a,marin-community/levanter@dae9ea2a not materialized at C:\Users\kvrlv\Projects\Codebook_AIDev-pysmells\data\snapshots\marin-community__levanter\dae9ea2ac4e5854fae085785c4548c5f48239a9a - run materialize_snapshots.py (Phase 1e) first
496005961.0,marin-community/levanter,Python,A2,2025-07-08T05:56:22+00:00,dc485b1831a1e7ef64c9990e1282c3d109d956ca,marin-community/levanter@dc485b18 not materialized at C:\Users\kvrlv\Projects\Codebook_AIDev-pysmells\data\snapshots\marin-community__levanter\dc485b1831a1e7ef64c9990e1282c3d109d956ca - run materialize_snapshots.py (Phase 1e) first
496005961.0,marin-community/levanter,Python,A2,2025-07-15T05:56:22+00:00,a3552122f0a7418e94b346ea585af3d2a7ed8ffa,marin-community/levanter@a3552122 not materialized at C:\Users\kvrlv\Projects\Codebook_AIDev-pysmells\data\snapshots\marin-community__levanter\a3552122f0a7418e94b346ea585af3d2a7ed8ffa - run materialize_snapshots.py (Phase 1e) first
496005961.0,marin-community/levanter,Python,A2,2025-07-22T05:56:22+00:00,b01e8b1c360cae3b7ffa6abe7cf8b9ebf3c1aa51,marin-community/levanter@b01e8b1c not materialized at C:\Users\kvrlv\Projects\Codebook_AIDev-pysmells\data\snapshots\marin-community__levanter\b01e8b1c360cae3b7ffa6abe7cf8b9ebf3c1aa51 - run materialize_snapshots.py (Phase 1e) first
496005961.0,marin-community/levanter,Python,A2,2025-07-29T05:56:22+00:00,93f80dac5890b63126734f2d7c46c545dea06d75,marin-community/levanter@93f80dac not materialized at C:\Users\kvrlv\Projects\Codebook_AIDev-pysmells\data\snapshots\marin-community__levanter\93f80dac5890b63126734f2d7c46c545dea06d75 - run materialize_snapshots.py (Phase 1e) first
496005961.0,marin-community/levanter,Python,A2,2025-08-05T05:56:22+00:00,ea77bc898ecbd8e4e4b97d6b97ec8834b62c7c18,marin-community/levanter@ea77bc89 not materialized at C:\Users\kvrlv\Projects\Codebook_AIDev-pysmells\data\snapshots\marin-community__levanter\ea77bc898ecbd8e4e4b97d6b97ec8834b62c7c18 - run materialize_snapshots.py (Phase 1e) first
496005961.0,marin-community/levanter,Python,A2,2025-08-12T05:56:22+00:00,1cb20cea3a0f22c3c22fc99a26af11f1609dc41a,marin-community/levanter@1cb20cea not materialized at C:\Users\kvrlv\Projects\Codebook_AIDev-pysmells\data\snapshots\marin-community__levanter\1cb20cea3a0f22c3c22fc99a26af11f1609dc41a - run materialize_snapshots.py (Phase 1e) first
496005961.0,marin-community/levanter,Python,A2,2025-08-19T05:56:22+00:00,ec65438b22eb43d5dc13509aed13a44c19c3e059,marin-community/levanter@ec65438b not materialized at C:\Users\kvrlv\Projects\Codebook_AIDev-pysmells\data\snapshots\marin-community__levanter\ec65438b22eb43d5dc13509aed13a44c19c3e059 - run materialize_snapshots.py (Phase 1e) first
496005961.0,marin-community/levanter,Python,A2,2025-08-26T05:56:22+00:00,c4b3769ff745f792ec19f49d69a640e8df540234,marin-community/levanter@c4b3769f not materialized at C:\Users\kvrlv\Projects\Codebook_AIDev-pysmells\data\snapshots\marin-community__levanter\c4b3769ff745f792ec19f49d69a640e8df540234 - run materialize_snapshots.py (Phase 1e) first
496005961.0,marin-community/levanter,Python,A2,2025-09-02T05:56:22+00:00,c4b3769ff745f792ec19f49d69a640e8df540234,marin-community/levanter@c4b3769f not materialized at C:\Users\kvrlv\Projects\Codebook_AIDev-pysmells\data\snapshots\marin-community__levanter\c4b3769ff745f792ec19f49d69a640e8df540234 - run materialize_snapshots.py (Phase 1e) first
496005961.0,marin-community/levanter,Python,A2,2025-09-09T05:56:22+00:00,5eab08523da811992b7ae9f741ef0578de9caf94,marin-community/levanter@5eab0852 not materialized at C:\Users\kvrlv\Projects\Codebook_AIDev-pysmells\data\snapshots\marin-community__levanter\5eab08523da811992b7ae9f741ef0578de9caf94 - run materialize_snapshots.py (Phase 1e) first
496005961.0,marin-community/levanter,Python,A2,2025-09-16T05:56:22+00:00,e9b2607851ee6a24da29b8b058781cb11074a1e8,marin-community/levanter@e9b26078 not materialized at C:\Users\kvrlv\Projects\Codebook_AIDev-pysmells\data\snapshots\marin-community__levanter\e9b2607851ee6a24da29b8b058781cb11074a1e8 - run materialize_snapshots.py (Phase 1e) first
496005961.0,marin-community/levanter,Python,A2,2025-10-17T05:56:22+00:00,c6d120099c0ad14a84f962ecf6da2d29ba234003,marin-community/levanter@c6d12009 not materialized at C:\Users\kvrlv\Projects\Codebook_AIDev-pysmells\data\snapshots\marin-community__levanter\c6d120099c0ad14a84f962ecf6da2d29ba234003 - run materialize_snapshots.py (Phase 1e) first
