relpath,lineage_id,kind,status,first_qualified_name,last_qualified_name,first_commit,first_date,last_commit,last_date,modification_count,age_days,relative_churn,change_entropy,review_count,ended,had_rename_or_move,pre_touch_count,post_touch_count,pre_window_days,post_window_days,pre_churn_rate,post_churn_rate,repo_id,full_name,language
docs/app.py,0,callable,ok,docs.app.format_json,docs.app.format_json,ca4692704af1e9174c7c756ae3db6661e922b4cf,2024-06-10T10:35:27+02:00,c64893e5155b5d296329109ac8b36cc7bddf198e,2024-06-10T14:38:03+02:00,2,794,0.18181818181818182,,,False,False,2,0,342.05,0.0,0.005847079977395351,,688141049.0,mangiucugna/json_repair,Python
examples/chinese_llm_output.py,0,callable,ok,examples.chinese_llm_output.main,examples.chinese_llm_output.main,4efdf6ef8bc12517682e891359fe9cd583e08e63,2026-04-16T14:17:38+02:00,4efdf6ef8bc12517682e891359fe9cd583e08e63,2026-04-16T14:17:38+02:00,1,119,0.3333333333333333,,,False,False,0,1,0.0,333.1,,0.0030020724723922258,688141049.0,mangiucugna/json_repair,Python
examples/fastapi_app.py,0,class,ok,examples.fastapi_app.IncomingLLMResponse,examples.fastapi_app.IncomingLLMResponse,4efdf6ef8bc12517682e891359fe9cd583e08e63,2026-04-16T14:17:38+02:00,4efdf6ef8bc12517682e891359fe9cd583e08e63,2026-04-16T14:17:38+02:00,1,119,0.5,,,False,False,0,1,0.0,333.1,,0.0030020724723922258,688141049.0,mangiucugna/json_repair,Python
examples/fastapi_app.py,1,class,ok,examples.fastapi_app.SupportTicket,examples.fastapi_app.SupportTicket,4efdf6ef8bc12517682e891359fe9cd583e08e63,2026-04-16T14:17:38+02:00,4efdf6ef8bc12517682e891359fe9cd583e08e63,2026-04-16T14:17:38+02:00,1,119,0.2,,,False,False,0,1,0.0,333.1,,0.0030020724723922258,688141049.0,mangiucugna/json_repair,Python
examples/fastapi_app.py,0,callable,ok,examples.fastapi_app.parse_ticket,examples.fastapi_app.parse_ticket,4efdf6ef8bc12517682e891359fe9cd583e08e63,2026-04-16T14:17:38+02:00,4efdf6ef8bc12517682e891359fe9cd583e08e63,2026-04-16T14:17:38+02:00,1,119,0.09090909090909091,,,False,False,0,1,0.0,333.1,,0.0030020724723922258,688141049.0,mangiucugna/json_repair,Python
examples/pydantic_schema.py,0,class,ok,examples.pydantic_schema.SupportTicket,examples.pydantic_schema.SupportTicket,4efdf6ef8bc12517682e891359fe9cd583e08e63,2026-04-16T14:17:38+02:00,4efdf6ef8bc12517682e891359fe9cd583e08e63,2026-04-16T14:17:38+02:00,1,119,0.2,,,False,False,0,1,0.0,333.1,,0.0030020724723922258,688141049.0,mangiucugna/json_repair,Python
examples/pydantic_schema.py,0,callable,ok,examples.pydantic_schema.main,examples.pydantic_schema.main,4efdf6ef8bc12517682e891359fe9cd583e08e63,2026-04-16T14:17:38+02:00,4efdf6ef8bc12517682e891359fe9cd583e08e63,2026-04-16T14:17:38+02:00,1,119,0.1111111111111111,,,False,False,0,1,0.0,333.1,,0.0030020724723922258,688141049.0,mangiucugna/json_repair,Python
examples/repair_llm_output.py,0,callable,ok,examples.repair_llm_output.main,examples.repair_llm_output.main,4efdf6ef8bc12517682e891359fe9cd583e08e63,2026-04-16T14:17:38+02:00,4efdf6ef8bc12517682e891359fe9cd583e08e63,2026-04-16T14:17:38+02:00,1,119,0.3333333333333333,,,False,False,0,1,0.0,333.1,,0.0030020724723922258,688141049.0,mangiucugna/json_repair,Python
examples/stream_stable.py,0,callable,ok,examples.stream_stable.main,examples.stream_stable.main,4efdf6ef8bc12517682e891359fe9cd583e08e63,2026-04-16T14:17:38+02:00,4efdf6ef8bc12517682e891359fe9cd583e08e63,2026-04-16T14:17:38+02:00,1,119,0.1111111111111111,,,False,False,0,1,0.0,333.1,,0.0030020724723922258,688141049.0,mangiucugna/json_repair,Python
src/json_repair/json_parser.py,0,class,ok,src.json_repair.json_parser.JSONParser,src.json_repair.json_parser.JSONParser,3211eb8a7badcc9578c1eeba8becb7d4648dc489,2024-09-12T06:55:55+02:00,7707441b46759d5b752d0a659fbb15a37f1391dd,2026-07-12T18:05:11+02:00,25,701,0.07621951219512195,3.543371693203594,,False,False,9,16,248.2,420.26,0.0362605640485554,0.038071557729015056,688141049.0,mangiucugna/json_repair,Python
src/json_repair/json_parser.py,11,callable,ok,src.json_repair.json_parser.JSONParser.set_context,src.json_repair.json_parser.JSONParser.set_context,3211eb8a7badcc9578c1eeba8becb7d4648dc489,2024-09-12T06:55:55+02:00,3211eb8a7badcc9578c1eeba8becb7d4648dc489,2024-09-12T06:55:55+02:00,1,0,0.25,,,True,False,1,0,248.2,0.0,0.0040289515609506,,688141049.0,mangiucugna/json_repair,Python
src/json_repair/json_parser.py,12,callable,ok,src.json_repair.json_parser.JSONParser.reset_context,src.json_repair.json_parser.JSONParser.reset_context,3211eb8a7badcc9578c1eeba8becb7d4648dc489,2024-09-12T06:55:55+02:00,3211eb8a7badcc9578c1eeba8becb7d4648dc489,2024-09-12T06:55:55+02:00,1,0,0.5,,,True,False,1,0,248.2,0.0,0.0040289515609506,,688141049.0,mangiucugna/json_repair,Python
src/json_repair/json_parser.py,13,callable,ok,src.json_repair.json_parser.JSONParser.get_context,src.json_repair.json_parser.JSONParser.get_context,3211eb8a7badcc9578c1eeba8becb7d4648dc489,2024-09-12T06:55:55+02:00,3211eb8a7badcc9578c1eeba8becb7d4648dc489,2024-09-12T06:55:55+02:00,1,0,0.5,,,True,False,1,0,248.2,0.0,0.0040289515609506,,688141049.0,mangiucugna/json_repair,Python
src/json_repair/json_parser.py,14,callable,ok,src.json_repair.json_parser.JSONParser.log,src.json_repair.json_parser.JSONParser.log,3211eb8a7badcc9578c1eeba8becb7d4648dc489,2024-09-12T06:55:55+02:00,e599d0ad2d3b765932ac2566dae0e5c2137b0bad,2024-09-13T06:46:52+02:00,2,0,0.16666666666666666,,,True,False,2,0,248.2,0.0,0.0080579031219012,,688141049.0,mangiucugna/json_repair,Python
src/json_repair/json_parser.py,3,callable,ok,src.json_repair.json_parser.JSONParser.parse_object,src.json_repair.json_parser.JSONParser.parse_object,3211eb8a7badcc9578c1eeba8becb7d4648dc489,2024-09-12T06:55:55+02:00,6f25b0cb2ef675b87fce357e68b0304f6a9a11aa,2025-04-29T13:22:47+08:00,5,229,0.04854368932038835,1.3614670620076506,,True,False,5,0,248.2,0.0,0.020144757804752996,,688141049.0,mangiucugna/json_repair,Python
src/json_repair/json_parser.py,4,callable,ok,src.json_repair.json_parser.JSONParser.parse_array,src.json_repair.json_parser.JSONParser.parse_array,3211eb8a7badcc9578c1eeba8becb7d4648dc489,2024-09-12T06:55:55+02:00,ef3e44f2972112aa0b4d70b05fed8d76a0fb7edb,2025-06-05T10:51:29+02:00,6,266,0.13043478260869565,1.7545419702265281,,True,False,5,1,248.2,17.96,0.020144757804752996,0.05567910789696014,688141049.0,mangiucugna/json_repair,Python
src/json_repair/json_parser.py,5,callable,ok,src.json_repair.json_parser.JSONParser.parse_string,src.json_repair.json_parser.JSONParser.parse_string,3211eb8a7badcc9578c1eeba8becb7d4648dc489,2024-09-12T06:55:55+02:00,f5f8a1128dc67aa6b71db4b137e90e71f4c732b3,2025-06-19T07:29:45+02:00,10,280,0.025906735751295335,2.1186108546985114,,True,False,8,2,248.2,31.82,0.0322316124876048,0.06285361981198474,688141049.0,mangiucugna/json_repair,Python
src/json_repair/json_parser.py,6,callable,ok,src.json_repair.json_parser.JSONParser.parse_number,src.json_repair.json_parser.JSONParser.parse_number,3211eb8a7badcc9578c1eeba8becb7d4648dc489,2024-09-12T06:55:55+02:00,71c5cbdc49c32433661d95283f47e699cbbd51a6,2025-05-20T10:34:01+02:00,8,250,0.3076923076923077,1.7396683446349366,,True,False,6,2,248.2,1.95,0.024173709365703597,1.0267318673091663,688141049.0,mangiucugna/json_repair,Python
src/json_repair/json_parser.py,7,callable,ok,src.json_repair.json_parser.JSONParser.parse_boolean_or_null,src.json_repair.json_parser.JSONParser.parse_boolean_or_null,3211eb8a7badcc9578c1eeba8becb7d4648dc489,2024-09-12T06:55:55+02:00,3de725cca0de5d1eee44f8c0d64d707304ea08fc,2025-05-01T09:18:02+02:00,2,231,0.08333333333333333,,,True,False,2,0,248.2,0.0,0.0080579031219012,,688141049.0,mangiucugna/json_repair,Python
src/json_repair/json_parser.py,16,callable,ok,src.json_repair.json_parser.JSONParser.parse_comment,src.json_repair.json_parser.JSONParser.parse_comment,092f1e8e6ffe4a5ef1aa475ad6a2d4aaef40274e,2025-02-18T16:31:06+01:00,ef3e44f2972112aa0b4d70b05fed8d76a0fb7edb,2025-06-05T10:51:29+02:00,3,106,0.046875,0.6537557083602807,,True,False,1,2,88.76,17.96,0.01126602768469831,0.11135821579392027,688141049.0,mangiucugna/json_repair,Python
src/json_repair/json_parser.py,18,callable,ok,src.json_repair.json_parser.JSONParser.parse_boolean_or_null,src.json_repair.json_parser.JSONParser.parse_boolean_or_null,5ecff61f5f54b73ea037ace6258a4199fc6800e6,2025-08-08T11:44:01-04:00,ec55ec284b3a8dc798743dd6827fc93c0704ac77,2025-11-09T20:14:10+01:00,2,93,1.0,,,True,False,0,2,0.0,175.39,,0.011402997642192676,688141049.0,mangiucugna/json_repair,Python
src/json_repair/json_parser.py,9,callable,ok,src.json_repair.json_parser.JSONParser.skip_whitespaces_at,src.json_repair.json_parser.JSONParser.skip_whitespaces_at,3211eb8a7badcc9578c1eeba8becb7d4648dc489,2024-09-12T06:55:55+02:00,ec55ec284b3a8dc798743dd6827fc93c0704ac77,2025-11-09T20:14:10+01:00,2,423,0.1111111111111111,,,True,False,1,1,248.2,175.39,0.0040289515609506,0.005701498821096338,688141049.0,mangiucugna/json_repair,Python
src/json_repair/json_parser.py,33,callable,ok,src.json_repair.json_parser.JSONParser._try_parse_valid_json_suffix,src.json_repair.json_parser.JSONParser._try_parse_valid_json_value,bca6b7c708133cfc66df7aec6e36d9b4c721f0de,2026-07-11T18:00:34+02:00,7707441b46759d5b752d0a659fbb15a37f1391dd,2026-07-12T18:05:11+02:00,2,1,0.1111111111111111,,,True,True,0,2,0.0,420.26,,0.004758944716126882,688141049.0,mangiucugna/json_repair,Python
src/json_repair/json_parser.py,0,callable,ok,src.json_repair.json_parser.JSONParser.__init__,src.json_repair.json_parser.JSONParser.__init__,3211eb8a7badcc9578c1eeba8becb7d4648dc489,2024-09-12T06:55:55+02:00,bca6b7c708133cfc66df7aec6e36d9b4c721f0de,2026-07-11T18:00:34+02:00,11,701,0.22916666666666666,2.6015148261662158,,False,False,5,6,248.2,419.26,0.020144757804752996,0.014310995940966478,688141049.0,mangiucugna/json_repair,Python
src/json_repair/json_parser.py,1,callable,ok,src.json_repair.json_parser.JSONParser.parse,src.json_repair.json_parser.JSONParser.parse,3211eb8a7badcc9578c1eeba8becb7d4648dc489,2024-09-12T06:55:55+02:00,9a27d7c8ac7ab4138e11f0c6fff87c0d78a3453c,2026-02-03T13:43:34+01:00,11,701,2.75,2.225781493306247,,False,False,5,6,248.2,261.12,0.020144757804752996,0.022977833216922358,688141049.0,mangiucugna/json_repair,Python
src/json_repair/json_parser.py,2,callable,ok,src.json_repair.json_parser.JSONParser.parse_json,src.json_repair.json_parser.JSONParser.parse_json,3211eb8a7badcc9578c1eeba8becb7d4648dc489,2024-09-12T06:55:55+02:00,7707441b46759d5b752d0a659fbb15a37f1391dd,2026-07-12T18:05:11+02:00,11,701,0.19642857142857142,2.746929543577954,,False,False,4,7,248.2,420.26,0.0161158062438024,0.016656306506444087,688141049.0,mangiucugna/json_repair,Python
src/json_repair/json_parser.py,8,callable,ok,src.json_repair.json_parser.JSONParser.get_char_at,src.json_repair.json_parser.JSONParser.get_char_at,3211eb8a7badcc9578c1eeba8becb7d4648dc489,2024-09-12T06:55:55+02:00,9036c7ad2399c11af87fc54df4233eb6b77ef79d,2025-11-11T13:35:02+01:00,3,701,0.5,0.9945698908136231,,False,False,2,1,248.2,177.12,0.0080579031219012,0.00564603958422669,688141049.0,mangiucugna/json_repair,Python
src/json_repair/json_parser.py,10,callable,ok,src.json_repair.json_parser.JSONParser.skip_to_character,src.json_repair.json_parser.JSONParser.skip_to_character,3211eb8a7badcc9578c1eeba8becb7d4648dc489,2024-09-12T06:55:55+02:00,ec55ec284b3a8dc798743dd6827fc93c0704ac77,2025-11-09T20:14:10+01:00,5,701,0.17857142857142858,1.6772234354431828,,False,False,2,3,248.2,175.39,0.0080579031219012,0.01710449646328901,688141049.0,mangiucugna/json_repair,Python
src/json_repair/json_parser.py,15,callable,ok,src.json_repair.json_parser.JSONParser._log,src.json_repair.json_parser.JSONParser._log,bab914333336538b8c56488bc9e951a8fdee640b,2024-10-08T12:13:30+02:00,bab914333336538b8c56488bc9e951a8fdee640b,2024-10-08T12:13:30+02:00,1,674,0.09090909090909091,,,False,False,1,0,221.98,0.0,0.004504849752311473,,688141049.0,mangiucugna/json_repair,Python
src/json_repair/json_parser.py,17,callable,ok,src.json_repair.json_parser.JSONParser.parse_array,src.json_repair.json_parser.JSONParser.parse_array,5ecff61f5f54b73ea037ace6258a4199fc6800e6,2025-08-08T11:44:01-04:00,9eaa327ee53f84555c2bd4bd425cb9466ffe1878,2026-04-13T11:39:28+02:00,4,370,0.5714285714285714,1.5738133445517153,,False,False,0,4,0.0,329.99,,0.012121455298556072,688141049.0,mangiucugna/json_repair,Python
src/json_repair/json_parser.py,19,callable,ok,src.json_repair.json_parser.JSONParser.parse_comment,src.json_repair.json_parser.JSONParser.parse_comment,5ecff61f5f54b73ea037ace6258a4199fc6800e6,2025-08-08T11:44:01-04:00,ec55ec284b3a8dc798743dd6827fc93c0704ac77,2025-11-09T20:14:10+01:00,2,370,1.0,,,False,False,0,2,0.0,175.39,,0.011402997642192676,688141049.0,mangiucugna/json_repair,Python
src/json_repair/json_parser.py,20,callable,ok,src.json_repair.json_parser.JSONParser.parse_number,src.json_repair.json_parser.JSONParser.parse_number,5ecff61f5f54b73ea037ace6258a4199fc6800e6,2025-08-08T11:44:01-04:00,ec55ec284b3a8dc798743dd6827fc93c0704ac77,2025-11-09T20:14:10+01:00,2,370,1.0,,,False,False,0,2,0.0,175.39,,0.011402997642192676,688141049.0,mangiucugna/json_repair,Python
src/json_repair/json_parser.py,21,callable,ok,src.json_repair.json_parser.JSONParser.parse_object,src.json_repair.json_parser.JSONParser.parse_object,5ecff61f5f54b73ea037ace6258a4199fc6800e6,2025-08-08T11:44:01-04:00,9a27d7c8ac7ab4138e11f0c6fff87c0d78a3453c,2026-02-03T13:43:34+01:00,3,370,0.5,0.9987593484972803,,False,False,0,3,0.0,261.12,,0.011488916608461179,688141049.0,mangiucugna/json_repair,Python
src/json_repair/json_parser.py,22,callable,ok,src.json_repair.json_parser.JSONParser.parse_string,src.json_repair.json_parser.JSONParser.parse_string,5ecff61f5f54b73ea037ace6258a4199fc6800e6,2025-08-08T11:44:01-04:00,ec55ec284b3a8dc798743dd6827fc93c0704ac77,2025-11-09T20:14:10+01:00,2,370,1.0,,,False,False,0,2,0.0,175.39,,0.011402997642192676,688141049.0,mangiucugna/json_repair,Python
src/json_repair/json_parser.py,23,callable,ok,src.json_repair.json_parser.JSONParser.skip_whitespaces,src.json_repair.json_parser.JSONParser.skip_whitespaces,0c21240486e61e6ce50f06320298357963437c4b,2025-11-18T12:07:03+01:00,0c21240486e61e6ce50f06320298357963437c4b,2025-11-18T12:07:03+01:00,1,268,0.09090909090909091,,,False,False,0,1,0.0,184.05,,0.005433182141205763,688141049.0,mangiucugna/json_repair,Python
src/json_repair/json_parser.py,24,callable,ok,src.json_repair.json_parser.JSONParser.scroll_whitespaces,src.json_repair.json_parser.JSONParser.scroll_whitespaces,0c21240486e61e6ce50f06320298357963437c4b,2025-11-18T12:07:03+01:00,0c21240486e61e6ce50f06320298357963437c4b,2025-11-18T12:07:03+01:00,1,268,0.08333333333333333,,,False,False,0,1,0.0,184.05,,0.005433182141205763,688141049.0,mangiucugna/json_repair,Python
src/json_repair/json_parser.py,25,callable,ok,src.json_repair.json_parser.JSONParser.parse_with_schema,src.json_repair.json_parser.JSONParser.parse_with_schema,9a27d7c8ac7ab4138e11f0c6fff87c0d78a3453c,2026-02-03T13:43:34+01:00,9a27d7c8ac7ab4138e11f0c6fff87c0d78a3453c,2026-02-03T13:43:34+01:00,1,191,0.125,,,False,False,0,1,0.0,261.12,,0.0038296388694870594,688141049.0,mangiucugna/json_repair,Python
src/json_repair/json_parser.py,26,callable,ok,src.json_repair.json_parser.JSONParser._parse_top_level,src.json_repair.json_parser.JSONParser._parse_top_level,9a27d7c8ac7ab4138e11f0c6fff87c0d78a3453c,2026-02-03T13:43:34+01:00,4d000b123521ab40083cfeb476806c1024424405,2026-06-09T05:36:28+02:00,3,191,0.08823529411764706,0.9932700551047866,,False,False,0,3,0.0,386.74,,0.007757123505377076,688141049.0,mangiucugna/json_repair,Python
src/json_repair/json_parser.py,27,callable,ok,src.json_repair.json_parser.JSONParser._resolve_schema_for_parse,src.json_repair.json_parser.JSONParser._resolve_schema_for_parse,9eaa327ee53f84555c2bd4bd425cb9466ffe1878,2026-04-13T11:39:28+02:00,9eaa327ee53f84555c2bd4bd425cb9466ffe1878,2026-04-13T11:39:28+02:00,1,122,0.07142857142857142,,,False,False,0,1,0.0,329.99,,0.003030363824639018,688141049.0,mangiucugna/json_repair,Python
src/json_repair/json_parser.py,28,callable,ok,src.json_repair.json_parser.JSONParser._finalize_parsed_value,src.json_repair.json_parser.JSONParser._finalize_parsed_value,9eaa327ee53f84555c2bd4bd425cb9466ffe1878,2026-04-13T11:39:28+02:00,9eaa327ee53f84555c2bd4bd425cb9466ffe1878,2026-04-13T11:39:28+02:00,1,122,0.1111111111111111,,,False,False,0,1,0.0,329.99,,0.003030363824639018,688141049.0,mangiucugna/json_repair,Python
src/json_repair/json_parser.py,29,callable,ok,src.json_repair.json_parser.JSONParser.parenthesized_is_explicit_tuple,src.json_repair.json_parser.JSONParser.parenthesized_is_explicit_tuple,9eaa327ee53f84555c2bd4bd425cb9466ffe1878,2026-04-13T11:39:28+02:00,9eaa327ee53f84555c2bd4bd425cb9466ffe1878,2026-04-13T11:39:28+02:00,1,122,0.5,,,False,False,0,1,0.0,329.99,,0.003030363824639018,688141049.0,mangiucugna/json_repair,Python
src/json_repair/json_parser.py,30,callable,ok,src.json_repair.json_parser.JSONParser.top_level_parenthesized_can_start_value,src.json_repair.json_parser.JSONParser.top_level_parenthesized_can_start_value,9eaa327ee53f84555c2bd4bd425cb9466ffe1878,2026-04-13T11:39:28+02:00,9eaa327ee53f84555c2bd4bd425cb9466ffe1878,2026-04-13T11:39:28+02:00,1,122,0.5,,,False,False,0,1,0.0,329.99,,0.003030363824639018,688141049.0,mangiucugna/json_repair,Python
src/json_repair/json_parser.py,31,callable,ok,src.json_repair.json_parser.JSONParser.parse_parenthesized,src.json_repair.json_parser.JSONParser.parse_parenthesized,9eaa327ee53f84555c2bd4bd425cb9466ffe1878,2026-04-13T11:39:28+02:00,9eaa327ee53f84555c2bd4bd425cb9466ffe1878,2026-04-13T11:39:28+02:00,1,122,0.09090909090909091,,,False,False,0,1,0.0,329.99,,0.003030363824639018,688141049.0,mangiucugna/json_repair,Python
src/json_repair/json_parser.py,32,callable,ok,src.json_repair.json_parser.JSONParser._next_top_level_value_is_comma_separated,src.json_repair.json_parser.JSONParser._next_top_level_value_is_comma_separated,4d000b123521ab40083cfeb476806c1024424405,2026-06-09T05:36:28+02:00,4d000b123521ab40083cfeb476806c1024424405,2026-06-09T05:36:28+02:00,1,66,0.1111111111111111,,,False,False,0,1,0.0,386.74,,0.0025857078351256917,688141049.0,mangiucugna/json_repair,Python
src/json_repair/json_parser.py,34,callable,ok,src.json_repair.json_parser.JSONParser._try_parse_valid_json_value,src.json_repair.json_parser.JSONParser._try_parse_valid_json_value,32a3a6943d9a27dadcc04e98634d3fc2ab507108,2026-07-20T05:01:41+02:00,32a3a6943d9a27dadcc04e98634d3fc2ab507108,2026-07-20T05:01:41+02:00,1,25,0.05555555555555555,,,False,False,0,1,0.0,427.72,,0.002337993743214846,688141049.0,mangiucugna/json_repair,Python
src/json_repair/json_repair.py,0,class,ok,src.json_repair.json_repair.JSONParser,src.json_repair.json_repair.JSONParser,f0e239249fadb8ac0b990c779f2c8cc93664642a,2023-09-06T20:40:32+02:00,f18fbdbd0cd03af5eb9dfcca715a33df8fc30fb7,2024-09-10T08:48:37+02:00,71,369,0.12157534246575342,4.733633975025542,,True,False,71,0,619.63,0.0,0.11458434744640011,,688141049.0,mangiucugna/json_repair,Python
src/json_repair/json_repair.py,1,class,ok,src.json_repair.json_repair.StringFileWrapper,src.json_repair.json_repair.StringFileWrapper,a490c7c2a2750a6434fa9d3d3fb64180e6fe5023,2024-05-20T10:36:50+02:00,3bb9845de0e47df21320930f59b04be5cf591834,2024-08-29T09:36:33+02:00,8,100,0.14035087719298245,1.230587429208283,,True,False,8,0,363.05,0.0,0.02203552527087724,,688141049.0,mangiucugna/json_repair,Python
src/json_repair/json_repair.py,2,class,ok,src.json_repair.json_repair.LoggerConfig,src.json_repair.json_repair.LoggerConfig,5970b370ce295d0d4c28381b2e2ee97ea5448ee0,2024-05-26T18:18:31+02:00,5970b370ce295d0d4c28381b2e2ee97ea5448ee0,2024-05-26T18:18:31+02:00,1,0,0.16666666666666666,,,True,False,1,0,356.73,0.0,0.002803244456965315,,688141049.0,mangiucugna/json_repair,Python
src/json_repair/json_repair.py,13,callable,ok,src.json_repair.json_repair.JSONParser.trim,src.json_repair.json_repair.JSONParser.skip_whitespaces_at,54c5cae95d2e778ae8125b9eb7536ea46827b0b7,2023-11-16T10:28:34+01:00,e63b7f7d891b18fa81a88dabab0e48389d524ea4,2023-11-16T19:10:48+01:00,2,0,0.5,,,True,True,2,0,549.01,0.0,0.0036428930929355576,,688141049.0,mangiucugna/json_repair,Python
src/json_repair/json_repair.py,15,callable,ok,src.json_repair.json_repair.JSONParser.get_prev_char,src.json_repair.json_repair.JSONParser.get_prev_char,6e17875a71380df3177813418939b5a00598a9cf,2024-01-23T09:43:03+01:00,6e17875a71380df3177813418939b5a00598a9cf,2024-01-23T09:43:03+01:00,1,0,0.16666666666666666,,,True,False,1,0,481.05,0.0,0.0020788041448178696,,688141049.0,mangiucugna/json_repair,Python
src/json_repair/json_repair.py,16,callable,ok,src.json_repair.json_repair.JSONParser.get_next_char,src.json_repair.json_repair.JSONParser.get_next_char,6e17875a71380df3177813418939b5a00598a9cf,2024-01-23T09:43:03+01:00,6e17875a71380df3177813418939b5a00598a9cf,2024-01-23T09:43:03+01:00,1,0,0.16666666666666666,,,True,False,1,0,481.05,0.0,0.0020788041448178696,,688141049.0,mangiucugna/json_repair,Python
src/json_repair/json_repair.py,19,callable,ok,src.json_repair.json_repair.JSONParser.update_context,src.json_repair.json_repair.JSONParser.update_context,6180d12400b1e1269890a77bae8225ba92968bc8,2024-04-18T17:45:55+02:00,6180d12400b1e1269890a77bae8225ba92968bc8,2024-04-18T17:45:55+02:00,1,0,0.08333333333333333,,,True,False,1,0,394.75,0.0,0.0025332351509246673,,688141049.0,mangiucugna/json_repair,Python
src/json_repair/json_repair.py,9,callable,ok,src.json_repair.json_repair.JSONParser.insert_char_at,src.json_repair.json_repair.JSONParser.insert_char_at,f0e239249fadb8ac0b990c779f2c8cc93664642a,2023-09-06T20:40:32+02:00,fb383fcae13ddedb7eee480920ae266e96e983af,2023-10-11T09:34:55+02:00,2,34,0.6666666666666666,,,True,False,2,0,619.63,0.0,0.0032277280970816934,,688141049.0,mangiucugna/json_repair,Python
src/json_repair/json_repair.py,11,callable,ok,src.json_repair.json_repair.JSONParser.remove_char_at,src.json_repair.json_repair.JSONParser.remove_char_at,f0e239249fadb8ac0b990c779f2c8cc93664642a,2023-09-06T20:40:32+02:00,0d8182bbc6156ec5f2861af2a82dbae802cc1221,2024-04-01T21:28:36+02:00,5,208,1.0,1.281066731951621,,True,False,5,0,619.63,0.0,0.008069320242704233,,688141049.0,mangiucugna/json_repair,Python
src/json_repair/json_repair.py,27,callable,ok,src.json_repair.json_repair.StringFileWrapper.__setitem__,src.json_repair.json_repair.StringFileWrapper.__setitem__,a490c7c2a2750a6434fa9d3d3fb64180e6fe5023,2024-05-20T10:36:50+02:00,5970b370ce295d0d4c28381b2e2ee97ea5448ee0,2024-05-26T18:18:31+02:00,2,6,1.0,,,True,False,2,0,363.05,0.0,0.00550888131771931,,688141049.0,mangiucugna/json_repair,Python
src/json_repair/json_repair.py,29,callable,ok,src.json_repair.json_repair.StringFileWrapper.fill_buffer,src.json_repair.json_repair.StringFileWrapper.get_buffer,acbf9ec61ada59d211630ab49e4f73b32568d5f9,2024-08-27T23:07:04+03:00,3bb9845de0e47df21320930f59b04be5cf591834,2024-08-29T09:36:33+02:00,3,1,0.3,0.8613613996590965,,True,True,3,0,263.57,0.0,0.011382141525336944,,688141049.0,mangiucugna/json_repair,Python
src/json_repair/json_repair.py,1,callable,ok,src.json_repair.json_repair.JSONParser.__init__,src.json_repair.json_repair.JSONParser.__init__,f0e239249fadb8ac0b990c779f2c8cc93664642a,2023-09-06T20:40:32+02:00,b3f49be8200134d7f0f949d8de234083080a4727,2024-08-28T08:12:40+02:00,11,356,0.5789473684210527,1.5451056536197059,,True,False,11,0,619.63,0.0,0.017752504533949314,,688141049.0,mangiucugna/json_repair,Python
src/json_repair/json_repair.py,2,callable,ok,src.json_repair.json_repair.JSONParser.parse,src.json_repair.json_repair.JSONParser.parse,f0e239249fadb8ac0b990c779f2c8cc93664642a,2023-09-06T20:40:32+02:00,308cae238056ee211305e7cfce5e377e85ec8533,2024-06-02T17:08:14+02:00,7,269,0.2413793103448276,1.2516745866530659,,True,False,7,0,619.63,0.0,0.011297048339785926,,688141049.0,mangiucugna/json_repair,Python
src/json_repair/json_repair.py,3,callable,ok,src.json_repair.json_repair.JSONParser.parse_json,src.json_repair.json_repair.JSONParser.parse_json,f0e239249fadb8ac0b990c779f2c8cc93664642a,2023-09-06T20:40:32+02:00,9cfda9d1e0defb9d18a20a0b4558471ffec4616a,2024-06-20T22:09:10+02:00,21,288,0.6,3.3002707100966795,,True,False,21,0,619.63,0.0,0.03389114501935778,,688141049.0,mangiucugna/json_repair,Python
src/json_repair/json_repair.py,4,callable,ok,src.json_repair.json_repair.JSONParser.parse_object,src.json_repair.json_repair.JSONParser.parse_object,f0e239249fadb8ac0b990c779f2c8cc93664642a,2023-09-06T20:40:32+02:00,9c27be516783832ebec56bcbd53fec1b1655165c,2024-08-11T14:53:57+02:00,23,339,0.34328358208955223,3.163346915922524,,True,False,23,0,619.63,0.0,0.03711887311643947,,688141049.0,mangiucugna/json_repair,Python
src/json_repair/json_repair.py,5,callable,ok,src.json_repair.json_repair.JSONParser.parse_array,src.json_repair.json_repair.JSONParser.parse_array,f0e239249fadb8ac0b990c779f2c8cc93664642a,2023-09-06T20:40:32+02:00,9c27be516783832ebec56bcbd53fec1b1655165c,2024-08-11T14:53:57+02:00,22,339,0.5945945945945946,2.686940598141694,,True,False,22,0,619.63,0.0,0.03550500906789863,,688141049.0,mangiucugna/json_repair,Python
src/json_repair/json_repair.py,6,callable,ok,src.json_repair.json_repair.JSONParser.parse_string,src.json_repair.json_repair.JSONParser.parse_string,f0e239249fadb8ac0b990c779f2c8cc93664642a,2023-09-06T20:40:32+02:00,f18fbdbd0cd03af5eb9dfcca715a33df8fc30fb7,2024-09-10T08:48:37+02:00,49,369,0.1828358208955224,4.296166753792156,,True,False,49,0,619.63,0.0,0.07907933837850148,,688141049.0,mangiucugna/json_repair,Python
src/json_repair/json_repair.py,7,callable,ok,src.json_repair.json_repair.JSONParser.parse_number,src.json_repair.json_repair.JSONParser.parse_number,f0e239249fadb8ac0b990c779f2c8cc93664642a,2023-09-06T20:40:32+02:00,9c27be516783832ebec56bcbd53fec1b1655165c,2024-08-11T14:53:57+02:00,14,339,0.5384615384615384,3.206766351074784,,True,False,14,0,619.63,0.0,0.02259409667957185,,688141049.0,mangiucugna/json_repair,Python
src/json_repair/json_repair.py,8,callable,ok,src.json_repair.json_repair.JSONParser.parse_boolean_or_null,src.json_repair.json_repair.JSONParser.parse_boolean_or_null,f0e239249fadb8ac0b990c779f2c8cc93664642a,2023-09-06T20:40:32+02:00,b55dab42211e8a79d297d9d590a05e764e0d02ee,2024-08-19T17:30:34+02:00,12,347,0.5,2.461144859997091,,True,False,12,0,619.63,0.0,0.01936636858249016,,688141049.0,mangiucugna/json_repair,Python
src/json_repair/json_repair.py,10,callable,ok,src.json_repair.json_repair.JSONParser.get_char_at,src.json_repair.json_repair.JSONParser.get_char_at,f0e239249fadb8ac0b990c779f2c8cc93664642a,2023-09-06T20:40:32+02:00,4014630a7b4e2d1e61308118724c2aefc7aead0f,2024-08-19T16:21:27+02:00,13,347,2.1666666666666665,2.596380421760682,,True,False,13,0,619.63,0.0,0.020980232631031007,,688141049.0,mangiucugna/json_repair,Python
src/json_repair/json_repair.py,14,callable,ok,src.json_repair.json_repair.JSONParser.skip_whitespaces_at,src.json_repair.json_repair.JSONParser.skip_whitespaces_at,6430d353f91e184939ee75f80cca376d722451e7,2023-11-20T11:52:57+01:00,f18fbdbd0cd03af5eb9dfcca715a33df8fc30fb7,2024-09-10T08:48:37+02:00,7,294,0.3888888888888889,1.265480399179444,,True,False,7,0,544.96,0.0,0.01284508338822971,,688141049.0,mangiucugna/json_repair,Python
src/json_repair/json_repair.py,20,callable,ok,src.json_repair.json_repair.JSONParser.set_context,src.json_repair.json_repair.JSONParser.set_context,6d489beaf69ac04ee7e2749c1f58aba346393939,2024-04-21T08:23:58+02:00,6d489beaf69ac04ee7e2749c1f58aba346393939,2024-04-21T08:23:58+02:00,1,0,0.25,,,True,False,1,0,392.14,0.0,0.0025500941498301914,,688141049.0,mangiucugna/json_repair,Python
src/json_repair/json_repair.py,21,callable,ok,src.json_repair.json_repair.JSONParser.reset_context,src.json_repair.json_repair.JSONParser.reset_context,6d489beaf69ac04ee7e2749c1f58aba346393939,2024-04-21T08:23:58+02:00,53f6cd0626e1eff512e0d8f9b38dc2aeba383408,2024-08-12T07:40:54+02:00,2,112,1.0,,,True,False,2,0,392.14,0.0,0.005100188299660383,,688141049.0,mangiucugna/json_repair,Python
src/json_repair/json_repair.py,22,callable,ok,src.json_repair.json_repair.JSONParser.get_context,src.json_repair.json_repair.JSONParser.get_context,6d489beaf69ac04ee7e2749c1f58aba346393939,2024-04-21T08:23:58+02:00,53f6cd0626e1eff512e0d8f9b38dc2aeba383408,2024-08-12T07:40:54+02:00,2,112,1.0,,,True,False,2,0,392.14,0.0,0.005100188299660383,,688141049.0,mangiucugna/json_repair,Python
src/json_repair/json_repair.py,23,callable,ok,src.json_repair.json_repair.JSONParser.log,src.json_repair.json_repair.JSONParser.log,d457557eecca857953e358c394ace11d4e6210c2,2024-04-21T17:07:43+02:00,be43db8257119b05fc1ab9a6180a6d88271bb866,2024-05-20T16:55:23+02:00,5,28,0.4166666666666667,1.493347879528928,,True,False,5,0,391.78,0.0,0.012762307894400292,,688141049.0,mangiucugna/json_repair,Python
src/json_repair/json_repair.py,24,callable,ok,src.json_repair.json_repair.StringFileWrapper.__init__,src.json_repair.json_repair.StringFileWrapper.__init__,a490c7c2a2750a6434fa9d3d3fb64180e6fe5023,2024-05-20T10:36:50+02:00,b3f49be8200134d7f0f949d8de234083080a4727,2024-08-28T08:12:40+02:00,5,99,0.5,0.39496386343199047,,True,False,5,0,363.05,0.0,0.013772203294298275,,688141049.0,mangiucugna/json_repair,Python
src/json_repair/json_repair.py,25,callable,ok,src.json_repair.json_repair.StringFileWrapper.__getitem__,src.json_repair.json_repair.StringFileWrapper.__getitem__,a490c7c2a2750a6434fa9d3d3fb64180e6fe5023,2024-05-20T10:36:50+02:00,3bb9845de0e47df21320930f59b04be5cf591834,2024-08-29T09:36:33+02:00,7,100,0.28,0.8709494577016059,,True,False,7,0,363.05,0.0,0.019281084612017586,,688141049.0,mangiucugna/json_repair,Python
src/json_repair/json_repair.py,26,callable,ok,src.json_repair.json_repair.StringFileWrapper.__len__,src.json_repair.json_repair.StringFileWrapper.__len__,a490c7c2a2750a6434fa9d3d3fb64180e6fe5023,2024-05-20T10:36:50+02:00,5970b370ce295d0d4c28381b2e2ee97ea5448ee0,2024-05-26T18:18:31+02:00,3,6,0.42857142857142855,0.24954084563654894,,True,False,3,0,363.05,0.0,0.008263321976578966,,688141049.0,mangiucugna/json_repair,Python
src/json_repair/json_repair.py,28,callable,ok,src.json_repair.json_repair.LoggerConfig.__init__,src.json_repair.json_repair.LoggerConfig.__init__,5970b370ce295d0d4c28381b2e2ee97ea5448ee0,2024-05-26T18:18:31+02:00,5970b370ce295d0d4c28381b2e2ee97ea5448ee0,2024-05-26T18:18:31+02:00,1,0,0.25,,,True,False,1,0,356.73,0.0,0.002803244456965315,,688141049.0,mangiucugna/json_repair,Python
src/json_repair/json_repair.py,31,callable,ok,src.json_repair.json_repair.StringFileWrapper.get_buffer,src.json_repair.json_repair.StringFileWrapper.get_buffer,0dac89780c3f6abded1c4788a112b2902f1bc541,2024-09-04T21:30:33+02:00,0dac89780c3f6abded1c4788a112b2902f1bc541,2024-09-04T21:30:33+02:00,1,0,0.1,,,True,False,1,0,255.6,0.0,0.003912422062311027,,688141049.0,mangiucugna/json_repair,Python
src/json_repair/json_repair.py,32,callable,ok,src.json_repair.json_repair.JSONParser.skip_to_character,src.json_repair.json_repair.JSONParser.skip_to_character,f18fbdbd0cd03af5eb9dfcca715a33df8fc30fb7,2024-09-10T08:48:37+02:00,f18fbdbd0cd03af5eb9dfcca715a33df8fc30fb7,2024-09-10T08:48:37+02:00,1,0,0.05,,,True,False,1,0,250.13,0.0,0.003997996744501586,,688141049.0,mangiucugna/json_repair,Python
src/json_repair/json_repair.py,0,callable,ok,src.json_repair.json_repair.repair_json,src.json_repair.json_repair.repair_json,f0e239249fadb8ac0b990c779f2c8cc93664642a,2023-09-06T20:40:32+02:00,32a3a6943d9a27dadcc04e98634d3fc2ab507108,2026-07-20T05:01:41+02:00,42,1072,0.33070866141732286,4.1936297200493104,,False,False,23,19,619.63,427.72,0.03711887311643947,0.04442188112108207,688141049.0,mangiucugna/json_repair,Python
src/json_repair/json_repair.py,12,callable,ok,src.json_repair.json_repair.loads,src.json_repair.json_repair.loads,be437ba98ad06b7a2c43cc3b817131ce66f8eff2,2023-10-17T18:16:26+02:00,529be35078ed8e5f0d30c745a003c1f294f01ba1,2026-02-17T13:17:01+01:00,13,1031,0.38235294117647056,2.748153490977099,,False,False,8,5,578.73,275.1,0.01382334919671982,0.018175024730865536,688141049.0,mangiucugna/json_repair,Python
src/json_repair/json_repair.py,17,callable,ok,src.json_repair.json_repair.load,src.json_repair.json_repair.load,7d91782b5fc4c0e9ab12bfcfe3989a57a6f374bf,2024-04-11T18:36:38+02:00,529be35078ed8e5f0d30c745a003c1f294f01ba1,2026-02-17T13:17:01+01:00,14,854,0.4,2.1509869263817145,,False,False,9,5,401.72,275.1,0.0224038359423795,0.018175024730865536,688141049.0,mangiucugna/json_repair,Python
src/json_repair/json_repair.py,18,callable,ok,src.json_repair.json_repair.from_file,src.json_repair.json_repair.from_file,7d91782b5fc4c0e9ab12bfcfe3989a57a6f374bf,2024-04-11T18:36:38+02:00,529be35078ed8e5f0d30c745a003c1f294f01ba1,2026-02-17T13:17:01+01:00,16,854,0.47058823529411764,2.2488284373740477,,False,False,10,6,401.72,275.1,0.024893151047088335,0.021810029677038646,688141049.0,mangiucugna/json_repair,Python
src/json_repair/json_repair.py,30,callable,ok,src.json_repair.json_repair.cli,src.json_repair.json_repair.cli,0dac89780c3f6abded1c4788a112b2902f1bc541,2024-09-04T21:30:33+02:00,294e425e596377e19ada0444b5b06eed354d5e2d,2026-03-06T09:23:52+01:00,13,708,0.09090909090909091,2.5420156244226386,,False,False,7,6,255.6,291.94,0.02738695443617719,0.020552106329239983,688141049.0,mangiucugna/json_repair,Python
src/json_repair/parse_array.py,0,callable,ok,src.json_repair.parse_array.parse_array,src.json_repair.parse_array.parse_array,43f2b50e17a1cd61fcfe46329795a93400ca7593,2025-06-29T14:51:55+02:00,6733278cd2df965e97ec183deba4a640777ebb34,2026-08-14T09:29:52+02:00,10,410,0.12658227848101267,2.3763467442606796,,False,False,0,10,0.0,452.9,,0.022079764580643427,688141049.0,mangiucugna/json_repair,Python
src/json_repair/parse_array.py,1,callable,ok,src.json_repair.parse_array._resolve_array_item_schema,src.json_repair.parse_array._resolve_array_item_schema,9ce0b277c9e0e2ac37b60d62e5545d90f3d0cd59,2026-04-12T17:26:32+02:00,9ce0b277c9e0e2ac37b60d62e5545d90f3d0cd59,2026-04-12T17:26:32+02:00,1,123,0.037037037037037035,,,False,False,0,1,0.0,329.23,,0.0030373496986485058,688141049.0,mangiucugna/json_repair,Python
src/json_repair/parse_comment.py,0,callable,ok,src.json_repair.parse_comment.parse_comment,src.json_repair.parse_comment.parse_comment,43f2b50e17a1cd61fcfe46329795a93400ca7593,2025-06-29T14:51:55+02:00,dab9d6744274d3221671aabdb8643deee98805b0,2026-08-05T11:10:09+02:00,5,410,0.07352941176470588,1.0093049705818227,,False,False,0,5,0.0,443.97,,0.01126194558087121,688141049.0,mangiucugna/json_repair,Python
src/json_repair/parse_number.py,0,callable,ok,src.json_repair.parse_number.parse_number,src.json_repair.parse_number.parse_number,43f2b50e17a1cd61fcfe46329795a93400ca7593,2025-06-29T14:51:55+02:00,d8f6bf949114935a2d85e6a386bf866097b5c6bb,2026-01-28T06:43:35+01:00,8,410,0.3076923076923077,1.848895772977954,,False,False,0,8,0.0,254.83,,0.03139353076164057,688141049.0,mangiucugna/json_repair,Python
src/json_repair/parse_object.py,0,callable,ok,src.json_repair.parse_object.parse_object,src.json_repair.parse_object.parse_object,43f2b50e17a1cd61fcfe46329795a93400ca7593,2025-06-29T14:51:55+02:00,9ce0b277c9e0e2ac37b60d62e5545d90f3d0cd59,2026-04-12T17:26:32+02:00,23,410,0.21495327102803738,3.494549990153026,,False,False,0,23,0.0,329.23,,0.06985904306891563,688141049.0,mangiucugna/json_repair,Python
src/json_repair/parse_object.py,1,callable,ok,src.json_repair.parse_object._finalize_object,src.json_repair.parse_object._finalize_object,9ce0b277c9e0e2ac37b60d62e5545d90f3d0cd59,2026-04-12T17:26:32+02:00,9ce0b277c9e0e2ac37b60d62e5545d90f3d0cd59,2026-04-12T17:26:32+02:00,1,123,0.05,,,False,False,0,1,0.0,329.23,,0.0030373496986485058,688141049.0,mangiucugna/json_repair,Python
src/json_repair/parse_object.py,2,callable,ok,src.json_repair.parse_object._classify_empty_object_repair,src.json_repair.parse_object._classify_empty_object_repair,9ce0b277c9e0e2ac37b60d62e5545d90f3d0cd59,2026-04-12T17:26:32+02:00,b8cd2e231a1c9dc36a043c958d40bda68848b7d7,2026-05-10T07:22:22+02:00,2,123,0.041666666666666664,,,False,False,0,2,0.0,356.81,,0.005605148069003784,688141049.0,mangiucugna/json_repair,Python
src/json_repair/parse_object.py,3,callable,ok,src.json_repair.parse_object._merge_object_array_continuation,src.json_repair.parse_object._merge_object_array_continuation,9ce0b277c9e0e2ac37b60d62e5545d90f3d0cd59,2026-04-12T17:26:32+02:00,9ce0b277c9e0e2ac37b60d62e5545d90f3d0cd59,2026-04-12T17:26:32+02:00,1,123,0.02127659574468085,,,False,False,0,1,0.0,329.23,,0.0030373496986485058,688141049.0,mangiucugna/json_repair,Python
src/json_repair/parse_object.py,4,callable,ok,src.json_repair.parse_object._parse_object_key,src.json_repair.parse_object._parse_object_key,9ce0b277c9e0e2ac37b60d62e5545d90f3d0cd59,2026-04-12T17:26:32+02:00,3230844d4b52b2dce9ea63969be4263010f1af67,2026-04-24T11:48:31+02:00,2,123,0.07142857142857142,,,False,False,0,2,0.0,341.0,,0.005865108412354186,688141049.0,mangiucugna/json_repair,Python
src/json_repair/parse_object.py,5,callable,ok,src.json_repair.parse_object._should_split_duplicate_object,src.json_repair.parse_object._should_split_duplicate_object,9ce0b277c9e0e2ac37b60d62e5545d90f3d0cd59,2026-04-12T17:26:32+02:00,9ce0b277c9e0e2ac37b60d62e5545d90f3d0cd59,2026-04-12T17:26:32+02:00,1,123,0.1111111111111111,,,False,False,0,1,0.0,329.23,,0.0030373496986485058,688141049.0,mangiucugna/json_repair,Python
src/json_repair/parse_object.py,6,callable,ok,src.json_repair.parse_object._split_object_on_duplicate_key,src.json_repair.parse_object._split_object_on_duplicate_key,9ce0b277c9e0e2ac37b60d62e5545d90f3d0cd59,2026-04-12T17:26:32+02:00,9ce0b277c9e0e2ac37b60d62e5545d90f3d0cd59,2026-04-12T17:26:32+02:00,1,123,0.3333333333333333,,,False,False,0,1,0.0,329.23,,0.0030373496986485058,688141049.0,mangiucugna/json_repair,Python
src/json_repair/parse_object.py,7,callable,ok,src.json_repair.parse_object._resolve_object_property_schema,src.json_repair.parse_object._resolve_object_property_schema,9ce0b277c9e0e2ac37b60d62e5545d90f3d0cd59,2026-04-12T17:26:32+02:00,9ce0b277c9e0e2ac37b60d62e5545d90f3d0cd59,2026-04-12T17:26:32+02:00,1,123,0.023809523809523808,,,False,False,0,1,0.0,329.23,,0.0030373496986485058,688141049.0,mangiucugna/json_repair,Python
src/json_repair/parse_object.py,8,callable,ok,src.json_repair.parse_object._parse_object_value,src.json_repair.parse_object._parse_object_value,9ce0b277c9e0e2ac37b60d62e5545d90f3d0cd59,2026-04-12T17:26:32+02:00,3230844d4b52b2dce9ea63969be4263010f1af67,2026-04-24T11:48:31+02:00,2,123,0.08695652173913043,,,False,False,0,2,0.0,341.0,,0.005865108412354186,688141049.0,mangiucugna/json_repair,Python
src/json_repair/parse_object.py,9,callable,ok,src.json_repair.parse_object._repair_empty_object_result,src.json_repair.parse_object._repair_empty_object_result,9ce0b277c9e0e2ac37b60d62e5545d90f3d0cd59,2026-04-12T17:26:32+02:00,9ce0b277c9e0e2ac37b60d62e5545d90f3d0cd59,2026-04-12T17:26:32+02:00,1,123,0.02127659574468085,,,False,False,0,1,0.0,329.23,,0.0030373496986485058,688141049.0,mangiucugna/json_repair,Python
src/json_repair/parse_object.py,10,callable,ok,src.json_repair.parse_object._complete_object_parse,src.json_repair.parse_object._complete_object_parse,9ce0b277c9e0e2ac37b60d62e5545d90f3d0cd59,2026-04-12T17:26:32+02:00,9ce0b277c9e0e2ac37b60d62e5545d90f3d0cd59,2026-04-12T17:26:32+02:00,1,123,0.03125,,,False,False,0,1,0.0,329.23,,0.0030373496986485058,688141049.0,mangiucugna/json_repair,Python
src/json_repair/parse_object.py,11,callable,ok,src.json_repair.parse_object._strip_comments_for_empty_object_classification,src.json_repair.parse_object._strip_comments_for_empty_object_classification,b8cd2e231a1c9dc36a043c958d40bda68848b7d7,2026-05-10T07:22:22+02:00,b8cd2e231a1c9dc36a043c958d40bda68848b7d7,2026-05-10T07:22:22+02:00,1,96,0.022222222222222223,,,False,False,0,1,0.0,356.81,,0.002802574034501892,688141049.0,mangiucugna/json_repair,Python
src/json_repair/parse_string.py,0,class,ok,src.json_repair.parse_string.StringParseState,src.json_repair.parse_string.StringParseState,9ce0b277c9e0e2ac37b60d62e5545d90f3d0cd59,2026-04-12T17:26:32+02:00,898f8e6da87ce2cf9180cfc2255c7290fffc0d1c,2026-07-19T19:32:06+02:00,4,123,0.3076923076923077,0.9147588488635057,,False,False,0,4,0.0,427.32,,0.009360631491602002,688141049.0,mangiucugna/json_repair,Python
src/json_repair/parse_string.py,0,callable,ok,src.json_repair.parse_string.parse_string,src.json_repair.parse_string.parse_string,43f2b50e17a1cd61fcfe46329795a93400ca7593,2025-06-29T14:51:55+02:00,7ae33750510331774fb28984087247518f0e5d98,2026-04-24T11:45:08+02:00,17,410,2.125,3.250752727665194,,False,False,0,17,0.0,341.0,,0.04985376500466632,688141049.0,mangiucugna/json_repair,Python
src/json_repair/parse_string.py,1,callable,ok,src.json_repair.parse_string._only_whitespace_until,src.json_repair.parse_string._only_whitespace_until,bbfc716358f345dd9b6e0fdd4b49f03f462076db,2025-12-17T10:04:07+01:00,bbfc716358f345dd9b6e0fdd4b49f03f462076db,2025-12-17T10:04:07+01:00,1,239,0.16666666666666666,,,False,False,0,1,0.0,212.97,,0.004695522791844812,688141049.0,mangiucugna/json_repair,Python
src/json_repair/parse_string.py,2,callable,ok,src.json_repair.parse_string._try_parse_simple_quoted_string,src.json_repair.parse_string._try_parse_simple_quoted_string,0a7ad6679249d274afeaba1d414b8541af8c5fb7,2026-03-07T13:41:43+01:00,0a7ad6679249d274afeaba1d414b8541af8c5fb7,2026-03-07T13:41:43+01:00,1,159,0.020833333333333332,,,False,False,0,1,0.0,293.12,,0.0034115727259449277,688141049.0,mangiucugna/json_repair,Python
src/json_repair/parse_string.py,3,callable,ok,src.json_repair.parse_string._append_literal_char,src.json_repair.parse_string._append_literal_char,9ce0b277c9e0e2ac37b60d62e5545d90f3d0cd59,2026-04-12T17:26:32+02:00,d06589771d8e56d51aeaf1aa4a70a8fe13a9b0c1,2026-07-05T13:38:11+02:00,2,123,0.25,,,False,False,0,2,0.0,413.08,,0.0048417261302831725,688141049.0,mangiucugna/json_repair,Python
src/json_repair/parse_string.py,4,callable,ok,src.json_repair.parse_string._prepare_string_entry,src.json_repair.parse_string._prepare_string_entry,9ce0b277c9e0e2ac37b60d62e5545d90f3d0cd59,2026-04-12T17:26:32+02:00,1e95cbdcb054262d9ac8b39ed0a073c60a4ecd56,2026-08-11T11:21:51+02:00,2,123,0.022988505747126436,,,False,False,0,2,0.0,449.98,,0.004444630666238562,688141049.0,mangiucugna/json_repair,Python
src/json_repair/parse_string.py,5,callable,ok,src.json_repair.parse_string._normalize_escape_sequence,src.json_repair.parse_string._normalize_escape_sequence,9ce0b277c9e0e2ac37b60d62e5545d90f3d0cd59,2026-04-12T17:26:32+02:00,600ede6be7d125d14812be3bbd7ef3e0b526a84e,2026-07-21T14:58:31+02:00,4,123,0.06779661016949153,1.441333502253207,,False,False,0,4,0.0,429.13,,0.009321149777849976,688141049.0,mangiucugna/json_repair,Python
src/json_repair/parse_string.py,6,callable,ok,src.json_repair.parse_string._handle_right_delimiter_candidate,src.json_repair.parse_string._handle_right_delimiter_candidate,9ce0b277c9e0e2ac37b60d62e5545d90f3d0cd59,2026-04-12T17:26:32+02:00,7cd8391fbf5f89bd6da952f1f95c64451638c937,2026-06-03T12:46:26+02:00,3,123,0.02459016393442623,0.2297669474592837,,False,False,0,3,0.0,381.04,,0.007873191557970352,688141049.0,mangiucugna/json_repair,Python
src/json_repair/parse_string.py,7,callable,ok,src.json_repair.parse_string._scan_string_body,src.json_repair.parse_string._scan_string_body,9ce0b277c9e0e2ac37b60d62e5545d90f3d0cd59,2026-04-12T17:26:32+02:00,898f8e6da87ce2cf9180cfc2255c7290fffc0d1c,2026-07-19T19:32:06+02:00,9,123,0.04090909090909091,2.455403447425026,,False,False,0,9,0.0,427.32,,0.021061420856104504,688141049.0,mangiucugna/json_repair,Python
src/json_repair/parse_string.py,8,callable,ok,src.json_repair.parse_string._finalize_string_result,src.json_repair.parse_string._finalize_string_result,9ce0b277c9e0e2ac37b60d62e5545d90f3d0cd59,2026-04-12T17:26:32+02:00,7cd8391fbf5f89bd6da952f1f95c64451638c937,2026-06-03T12:46:26+02:00,2,123,0.07407407407407407,,,False,False,0,2,0.0,381.04,,0.005248794371980234,688141049.0,mangiucugna/json_repair,Python
src/json_repair/parse_string.py,9,callable,ok,src.json_repair.parse_string._brace_before_code_fence_belongs_to_string,src.json_repair.parse_string._brace_before_code_fence_belongs_to_string,d14f73dd75c735b6f59696db8da76072723a15ab,2026-04-14T11:59:32+02:00,7cd8391fbf5f89bd6da952f1f95c64451638c937,2026-06-03T12:46:26+02:00,4,121,0.14285714285714285,0.13586928345853164,,False,False,0,4,0.0,381.04,,0.010497588743960468,688141049.0,mangiucugna/json_repair,Python
src/json_repair/parse_string.py,10,callable,ok,src.json_repair.parse_string._matching_string_delimiter,src.json_repair.parse_string._matching_string_delimiter,2dbddfa4f1951b74e1ebef49ae81252205d3026e,2026-04-14T15:49:01+02:00,2dbddfa4f1951b74e1ebef49ae81252205d3026e,2026-04-14T15:49:01+02:00,1,121,0.5,,,False,False,0,1,0.0,331.17,,0.003019627473731076,688141049.0,mangiucugna/json_repair,Python
src/json_repair/parse_string.py,11,callable,ok,src.json_repair.parse_string._scroll_comment_prefixed_member_start,src.json_repair.parse_string._scroll_comment_prefixed_member_start,2dbddfa4f1951b74e1ebef49ae81252205d3026e,2026-04-14T15:49:01+02:00,2dbddfa4f1951b74e1ebef49ae81252205d3026e,2026-04-14T15:49:01+02:00,1,121,0.027777777777777776,,,False,False,0,1,0.0,331.17,,0.003019627473731076,688141049.0,mangiucugna/json_repair,Python
src/json_repair/parse_string.py,12,callable,ok,src.json_repair.parse_string._quoted_object_member_follows,src.json_repair.parse_string._quoted_object_member_follows,2dbddfa4f1951b74e1ebef49ae81252205d3026e,2026-04-14T15:49:01+02:00,e59446c3c950fff303595683357d3fedee5e73b0,2026-04-15T08:21:53+02:00,2,121,0.2,,,False,False,0,2,0.0,331.86,,0.006026707311599218,688141049.0,mangiucugna/json_repair,Python
src/json_repair/parse_string.py,13,callable,ok,src.json_repair.parse_string._bare_key_is_followed_by_colon,src.json_repair.parse_string._bare_key_is_followed_by_colon,e59446c3c950fff303595683357d3fedee5e73b0,2026-04-15T08:21:53+02:00,e59446c3c950fff303595683357d3fedee5e73b0,2026-04-15T08:21:53+02:00,1,121,0.0625,,,False,False,0,1,0.0,331.86,,0.003013353655799609,688141049.0,mangiucugna/json_repair,Python
src/json_repair/parse_string.py,14,callable,ok,src.json_repair.parse_string._post_fence_container_starts_next_member,src.json_repair.parse_string._post_fence_container_starts_next_member,e59446c3c950fff303595683357d3fedee5e73b0,2026-04-15T08:21:53+02:00,e59446c3c950fff303595683357d3fedee5e73b0,2026-04-15T08:21:53+02:00,1,121,0.07692307692307693,,,False,False,0,1,0.0,331.86,,0.003013353655799609,688141049.0,mangiucugna/json_repair,Python
src/json_repair/parse_string.py,15,callable,ok,src.json_repair.parse_string._starts_nested_inline_container,src.json_repair.parse_string._starts_nested_inline_container,e59446c3c950fff303595683357d3fedee5e73b0,2026-04-15T08:21:53+02:00,e59446c3c950fff303595683357d3fedee5e73b0,2026-04-15T08:21:53+02:00,1,121,0.034482758620689655,,,False,False,0,1,0.0,331.86,,0.003013353655799609,688141049.0,mangiucugna/json_repair,Python
src/json_repair/parse_string.py,16,callable,ok,src.json_repair.parse_string._skip_inline_container,src.json_repair.parse_string._skip_inline_container,e59446c3c950fff303595683357d3fedee5e73b0,2026-04-15T08:21:53+02:00,e59446c3c950fff303595683357d3fedee5e73b0,2026-04-15T08:21:53+02:00,1,121,0.03571428571428571,,,False,False,0,1,0.0,331.86,,0.003013353655799609,688141049.0,mangiucugna/json_repair,Python
src/json_repair/parse_string.py,17,callable,ok,src.json_repair.parse_string._object_member_starts_at,src.json_repair.parse_string._object_member_starts_at,e59446c3c950fff303595683357d3fedee5e73b0,2026-04-15T08:21:53+02:00,e59446c3c950fff303595683357d3fedee5e73b0,2026-04-15T08:21:53+02:00,1,121,0.05,,,False,False,0,1,0.0,331.86,,0.003013353655799609,688141049.0,mangiucugna/json_repair,Python
src/json_repair/parse_string.py,18,callable,ok,src.json_repair.parse_string._outer_rstring_delimiter,src.json_repair.parse_string._outer_rstring_delimiter,7cd8391fbf5f89bd6da952f1f95c64451638c937,2026-06-03T12:46:26+02:00,7cd8391fbf5f89bd6da952f1f95c64451638c937,2026-06-03T12:46:26+02:00,1,71,0.5,,,False,False,0,1,0.0,381.04,,0.002624397185990117,688141049.0,mangiucugna/json_repair,Python
src/json_repair/parse_string.py,19,callable,ok,src.json_repair.parse_string._active_rstring_delimiter,src.json_repair.parse_string._active_rstring_delimiter,7cd8391fbf5f89bd6da952f1f95c64451638c937,2026-06-03T12:46:26+02:00,7cd8391fbf5f89bd6da952f1f95c64451638c937,2026-06-03T12:46:26+02:00,1,71,0.5,,,False,False,0,1,0.0,381.04,,0.002624397185990117,688141049.0,mangiucugna/json_repair,Python
src/json_repair/parse_string.py,20,callable,ok,src.json_repair.parse_string._in_low_smart_quote_span,src.json_repair.parse_string._in_low_smart_quote_span,7cd8391fbf5f89bd6da952f1f95c64451638c937,2026-06-03T12:46:26+02:00,7cd8391fbf5f89bd6da952f1f95c64451638c937,2026-06-03T12:46:26+02:00,1,71,0.5,,,False,False,0,1,0.0,381.04,,0.002624397185990117,688141049.0,mangiucugna/json_repair,Python
src/json_repair/parse_string.py,21,callable,ok,src.json_repair.parse_string._push_low_smart_quote_span,src.json_repair.parse_string._push_low_smart_quote_span,7cd8391fbf5f89bd6da952f1f95c64451638c937,2026-06-03T12:46:26+02:00,7cd8391fbf5f89bd6da952f1f95c64451638c937,2026-06-03T12:46:26+02:00,1,71,0.5,,,False,False,0,1,0.0,381.04,,0.002624397185990117,688141049.0,mangiucugna/json_repair,Python
src/json_repair/parse_string.py,22,callable,ok,src.json_repair.parse_string._pop_low_smart_quote_span,src.json_repair.parse_string._pop_low_smart_quote_span,7cd8391fbf5f89bd6da952f1f95c64451638c937,2026-06-03T12:46:26+02:00,7cd8391fbf5f89bd6da952f1f95c64451638c937,2026-06-03T12:46:26+02:00,1,71,0.5,,,False,False,0,1,0.0,381.04,,0.002624397185990117,688141049.0,mangiucugna/json_repair,Python
src/json_repair/parse_string.py,23,callable,ok,src.json_repair.parse_string._append_string_content,src.json_repair.parse_string._append_string_content,d06589771d8e56d51aeaf1aa4a70a8fe13a9b0c1,2026-07-05T13:38:11+02:00,898f8e6da87ce2cf9180cfc2255c7290fffc0d1c,2026-07-19T19:32:06+02:00,2,39,0.16666666666666666,,,False,False,0,2,0.0,427.32,,0.004680315745801001,688141049.0,mangiucugna/json_repair,Python
src/json_repair/parse_string.py,24,callable,ok,src.json_repair.parse_string._rebuild_unmatched_opening_braces,src.json_repair.parse_string._rebuild_unmatched_opening_braces,d06589771d8e56d51aeaf1aa4a70a8fe13a9b0c1,2026-07-05T13:38:11+02:00,898f8e6da87ce2cf9180cfc2255c7290fffc0d1c,2026-07-19T19:32:06+02:00,2,39,0.16666666666666666,,,False,False,0,2,0.0,427.32,,0.004680315745801001,688141049.0,mangiucugna/json_repair,Python
src/json_repair/parse_string.py,25,callable,ok,src.json_repair.parse_string._cached_skip_to_character,src.json_repair.parse_string._cached_skip_to_character,d06589771d8e56d51aeaf1aa4a70a8fe13a9b0c1,2026-07-05T13:38:11+02:00,d06589771d8e56d51aeaf1aa4a70a8fe13a9b0c1,2026-07-05T13:38:11+02:00,1,39,0.038461538461538464,,,False,False,0,1,0.0,413.08,,0.0024208630651415862,688141049.0,mangiucugna/json_repair,Python
src/json_repair/parse_string.py,26,callable,ok,src.json_repair.parse_string._quote_belongs_to_regex_character_class,src.json_repair.parse_string._quote_belongs_to_regex_character_class,898f8e6da87ce2cf9180cfc2255c7290fffc0d1c,2026-07-19T19:32:06+02:00,898f8e6da87ce2cf9180cfc2255c7290fffc0d1c,2026-07-19T19:32:06+02:00,1,25,0.09090909090909091,,,False,False,0,1,0.0,427.32,,0.0023401578729005004,688141049.0,mangiucugna/json_repair,Python
src/json_repair/parse_string_helpers/object_value_context.py,0,callable,ok,src.json_repair.parse_string_helpers.object_value_context.classify_object_value_comma,src.json_repair.parse_string_helpers.object_value_context.classify_object_value_comma,42a0909820f3652c732c371a2420e742e2294013,2026-04-11T17:53:25+02:00,bca6b7c708133cfc66df7aec6e36d9b4c721f0de,2026-07-11T18:00:34+02:00,5,124,0.08771929824561403,1.5358680629311199,,False,False,0,5,0.0,419.26,,0.011925829950805399,688141049.0,mangiucugna/json_repair,Python
src/json_repair/parse_string_helpers/object_value_context.py,1,callable,ok,src.json_repair.parse_string_helpers.object_value_context.update_inline_container_stack,src.json_repair.parse_string_helpers.object_value_context.update_inline_container_stack,42a0909820f3652c732c371a2420e742e2294013,2026-04-11T17:53:25+02:00,42a0909820f3652c732c371a2420e742e2294013,2026-04-11T17:53:25+02:00,1,124,0.05263157894736842,,,False,False,0,1,0.0,328.25,,0.003046430026516987,688141049.0,mangiucugna/json_repair,Python
src/json_repair/parse_string_helpers/object_value_context.py,2,callable,ok,src.json_repair.parse_string_helpers.object_value_context._bare_member_has_recoverable_value,src.json_repair.parse_string_helpers.object_value_context._bare_member_has_recoverable_value,bca6b7c708133cfc66df7aec6e36d9b4c721f0de,2026-07-11T18:00:34+02:00,bca6b7c708133cfc66df7aec6e36d9b4c721f0de,2026-07-11T18:00:34+02:00,1,33,0.043478260869565216,,,False,False,0,1,0.0,419.26,,0.0023851659901610797,688141049.0,mangiucugna/json_repair,Python
src/json_repair/parse_string_helpers/parse_boolean_or_null.py,0,callable,ok,src.json_repair.parse_string_helpers.parse_boolean_or_null.parse_boolean_or_null,src.json_repair.parse_string_helpers.parse_boolean_or_null.parse_boolean_or_null,047f27f1b1a5b43b569744b4fc8cb45a00ad675f,2025-11-10T16:10:54+01:00,1e95cbdcb054262d9ac8b39ed0a073c60a4ecd56,2026-08-11T11:21:51+02:00,3,276,0.14285714285714285,0.03160525847972986,,False,False,0,3,0.0,449.98,,0.0066669459993578435,688141049.0,mangiucugna/json_repair,Python
src/json_repair/parse_string_helpers/parse_json_llm_block.py,0,callable,ok,src.json_repair.parse_string_helpers.parse_json_llm_block.parse_json_llm_block,src.json_repair.parse_string_helpers.parse_json_llm_block.parse_json_llm_block,7a0e88cf4b0f922e074906aa4cccb8942ae3d9cd,2025-11-08T14:12:59+01:00,9036c7ad2399c11af87fc54df4233eb6b77ef79d,2025-11-11T13:35:02+01:00,2,278,0.18181818181818182,,,False,False,0,2,0.0,177.12,,0.01129207916845338,688141049.0,mangiucugna/json_repair,Python
src/json_repair/parser_parenthesized.py,0,callable,ok,src.json_repair.parser_parenthesized.parenthesized_is_explicit_tuple,src.json_repair.parser_parenthesized.parenthesized_is_explicit_tuple,9ce0b277c9e0e2ac37b60d62e5545d90f3d0cd59,2026-04-12T17:26:32+02:00,9ce0b277c9e0e2ac37b60d62e5545d90f3d0cd59,2026-04-12T17:26:32+02:00,1,123,0.014084507042253521,,,False,False,0,1,0.0,329.23,,0.0030373496986485058,688141049.0,mangiucugna/json_repair,Python
src/json_repair/parser_parenthesized.py,1,callable,ok,src.json_repair.parser_parenthesized.top_level_parenthesized_can_start_value,src.json_repair.parser_parenthesized.top_level_parenthesized_can_start_value,9ce0b277c9e0e2ac37b60d62e5545d90f3d0cd59,2026-04-12T17:26:32+02:00,7ab1ebacd57f1dbd6b411a7d9c790d8f95f136c3,2026-08-12T20:09:26+02:00,2,123,0.022727272727272728,,,False,False,0,2,0.0,451.35,,0.004431175308219271,688141049.0,mangiucugna/json_repair,Python
src/json_repair/parser_schema.py,0,class,ok,src.json_repair.parser_schema.ObjectSchemaConfig,src.json_repair.parser_schema.ObjectSchemaConfig,9ce0b277c9e0e2ac37b60d62e5545d90f3d0cd59,2026-04-12T17:26:32+02:00,9ce0b277c9e0e2ac37b60d62e5545d90f3d0cd59,2026-04-12T17:26:32+02:00,1,123,0.2,,,False,False,0,1,0.0,329.23,,0.0030373496986485058,688141049.0,mangiucugna/json_repair,Python
src/json_repair/parser_schema.py,1,class,ok,src.json_repair.parser_schema.ArraySchemaConfig,src.json_repair.parser_schema.ArraySchemaConfig,9ce0b277c9e0e2ac37b60d62e5545d90f3d0cd59,2026-04-12T17:26:32+02:00,9ce0b277c9e0e2ac37b60d62e5545d90f3d0cd59,2026-04-12T17:26:32+02:00,1,123,0.3333333333333333,,,False,False,0,1,0.0,329.23,,0.0030373496986485058,688141049.0,mangiucugna/json_repair,Python
src/json_repair/parser_schema.py,0,callable,ok,src.json_repair.parser_schema.resolve_parser_object_schema,src.json_repair.parser_schema.resolve_parser_object_schema,9ce0b277c9e0e2ac37b60d62e5545d90f3d0cd59,2026-04-12T17:26:32+02:00,9ce0b277c9e0e2ac37b60d62e5545d90f3d0cd59,2026-04-12T17:26:32+02:00,1,123,0.07692307692307693,,,False,False,0,1,0.0,329.23,,0.0030373496986485058,688141049.0,mangiucugna/json_repair,Python
src/json_repair/parser_schema.py,1,callable,ok,src.json_repair.parser_schema.resolve_parser_array_schema,src.json_repair.parser_schema.resolve_parser_array_schema,9ce0b277c9e0e2ac37b60d62e5545d90f3d0cd59,2026-04-12T17:26:32+02:00,9ce0b277c9e0e2ac37b60d62e5545d90f3d0cd59,2026-04-12T17:26:32+02:00,1,123,0.07692307692307693,,,False,False,0,1,0.0,329.23,,0.0030373496986485058,688141049.0,mangiucugna/json_repair,Python
src/json_repair/parser_schema.py,2,callable,ok,src.json_repair.parser_schema.object_schema_config,src.json_repair.parser_schema.object_schema_config,9ce0b277c9e0e2ac37b60d62e5545d90f3d0cd59,2026-04-12T17:26:32+02:00,9ce0b277c9e0e2ac37b60d62e5545d90f3d0cd59,2026-04-12T17:26:32+02:00,1,123,0.07692307692307693,,,False,False,0,1,0.0,329.23,,0.0030373496986485058,688141049.0,mangiucugna/json_repair,Python
src/json_repair/parser_schema.py,3,callable,ok,src.json_repair.parser_schema.array_schema_config,src.json_repair.parser_schema.array_schema_config,9ce0b277c9e0e2ac37b60d62e5545d90f3d0cd59,2026-04-12T17:26:32+02:00,9ce0b277c9e0e2ac37b60d62e5545d90f3d0cd59,2026-04-12T17:26:32+02:00,1,123,0.2,,,False,False,0,1,0.0,329.23,,0.0030373496986485058,688141049.0,mangiucugna/json_repair,Python
src/json_repair/schema_repair.py,0,class,ok,src.json_repair.schema_repair.SchemaRepairer,src.json_repair.schema_repair.SchemaRepairer,9a27d7c8ac7ab4138e11f0c6fff87c0d78a3453c,2026-02-03T13:43:34+01:00,89815cf9c9675a2ff1bd3569f9418fd2be80af35,2026-07-15T20:57:37+02:00,11,191,0.0176,2.7333042172172286,,False,False,0,11,0.0,423.38,,0.025981327506415578,688141049.0,mangiucugna/json_repair,Python
src/json_repair/schema_repair.py,1,class,ok,src.json_repair.schema_repair.SchemaDefinitionError,src.json_repair.schema_repair.SchemaDefinitionError,529be35078ed8e5f0d30c745a003c1f294f01ba1,2026-02-17T13:17:01+01:00,529be35078ed8e5f0d30c745a003c1f294f01ba1,2026-02-17T13:17:01+01:00,1,177,0.5,,,False,False,0,1,0.0,275.1,,0.0036350049461731076,688141049.0,mangiucugna/json_repair,Python
src/json_repair/schema_repair.py,0,callable,ok,src.json_repair.schema_repair._require_jsonschema,src.json_repair.schema_repair._require_jsonschema,9a27d7c8ac7ab4138e11f0c6fff87c0d78a3453c,2026-02-03T13:43:34+01:00,9a27d7c8ac7ab4138e11f0c6fff87c0d78a3453c,2026-02-03T13:43:34+01:00,1,191,0.2,,,False,False,0,1,0.0,261.12,,0.0038296388694870594,688141049.0,mangiucugna/json_repair,Python
src/json_repair/schema_repair.py,1,callable,ok,src.json_repair.schema_repair._require_pydantic,src.json_repair.schema_repair._require_pydantic,9a27d7c8ac7ab4138e11f0c6fff87c0d78a3453c,2026-02-03T13:43:34+01:00,9a27d7c8ac7ab4138e11f0c6fff87c0d78a3453c,2026-02-03T13:43:34+01:00,1,191,0.2,,,False,False,0,1,0.0,261.12,,0.0038296388694870594,688141049.0,mangiucugna/json_repair,Python
src/json_repair/schema_repair.py,2,callable,ok,src.json_repair.schema_repair.load_schema_model,src.json_repair.schema_repair.load_schema_model,9a27d7c8ac7ab4138e11f0c6fff87c0d78a3453c,2026-02-03T13:43:34+01:00,294e425e596377e19ada0444b5b06eed354d5e2d,2026-03-06T09:23:52+01:00,2,191,0.2222222222222222,,,False,False,0,2,0.0,291.94,,0.006850702109746662,688141049.0,mangiucugna/json_repair,Python
src/json_repair/schema_repair.py,3,callable,ok,src.json_repair.schema_repair.normalize_missing_values,src.json_repair.schema_repair.normalize_missing_values,9a27d7c8ac7ab4138e11f0c6fff87c0d78a3453c,2026-02-03T13:43:34+01:00,9a27d7c8ac7ab4138e11f0c6fff87c0d78a3453c,2026-02-03T13:43:34+01:00,1,191,0.06666666666666667,,,False,False,0,1,0.0,261.12,,0.0038296388694870594,688141049.0,mangiucugna/json_repair,Python
src/json_repair/schema_repair.py,4,callable,ok,src.json_repair.schema_repair.schema_from_input,src.json_repair.schema_repair.schema_from_input,9a27d7c8ac7ab4138e11f0c6fff87c0d78a3453c,2026-02-03T13:43:34+01:00,9a27d7c8ac7ab4138e11f0c6fff87c0d78a3453c,2026-02-03T13:43:34+01:00,1,191,0.03225806451612903,,,False,False,0,1,0.0,261.12,,0.0038296388694870594,688141049.0,mangiucugna/json_repair,Python
src/json_repair/schema_repair.py,5,callable,ok,src.json_repair.schema_repair.SchemaRepairer.__init__,src.json_repair.schema_repair.SchemaRepairer.__init__,9a27d7c8ac7ab4138e11f0c6fff87c0d78a3453c,2026-02-03T13:43:34+01:00,89815cf9c9675a2ff1bd3569f9418fd2be80af35,2026-07-15T20:57:37+02:00,4,191,0.36363636363636365,0.91124429407757,,False,False,0,4,0.0,423.38,,0.009447755456878391,688141049.0,mangiucugna/json_repair,Python
src/json_repair/schema_repair.py,6,callable,ok,src.json_repair.schema_repair.SchemaRepairer._log,src.json_repair.schema_repair.SchemaRepairer._log,9a27d7c8ac7ab4138e11f0c6fff87c0d78a3453c,2026-02-03T13:43:34+01:00,9a27d7c8ac7ab4138e11f0c6fff87c0d78a3453c,2026-02-03T13:43:34+01:00,1,191,0.3333333333333333,,,False,False,0,1,0.0,261.12,,0.0038296388694870594,688141049.0,mangiucugna/json_repair,Python
src/json_repair/schema_repair.py,7,callable,ok,src.json_repair.schema_repair.SchemaRepairer.validate,src.json_repair.schema_repair.SchemaRepairer.validate,9a27d7c8ac7ab4138e11f0c6fff87c0d78a3453c,2026-02-03T13:43:34+01:00,0a7ad6679249d274afeaba1d414b8541af8c5fb7,2026-03-07T13:41:43+01:00,2,191,0.16666666666666666,,,False,False,0,2,0.0,293.12,,0.0068231454518898555,688141049.0,mangiucugna/json_repair,Python
src/json_repair/schema_repair.py,8,callable,ok,src.json_repair.schema_repair.SchemaRepairer.resolve_schema,src.json_repair.schema_repair.SchemaRepairer.resolve_schema,9a27d7c8ac7ab4138e11f0c6fff87c0d78a3453c,2026-02-03T13:43:34+01:00,63992e94b9cfec79a3d6671c9eceebfe596f55e3,2026-06-03T19:25:43+02:00,4,191,0.16,1.3651505784486466,,False,False,0,4,0.0,381.32,,0.010489955275942129,688141049.0,mangiucugna/json_repair,Python
src/json_repair/schema_repair.py,9,callable,ok,src.json_repair.schema_repair.SchemaRepairer.is_object_schema,src.json_repair.schema_repair.SchemaRepairer.is_object_schema,9a27d7c8ac7ab4138e11f0c6fff87c0d78a3453c,2026-02-03T13:43:34+01:00,9a27d7c8ac7ab4138e11f0c6fff87c0d78a3453c,2026-02-03T13:43:34+01:00,1,191,0.1,,,False,False,0,1,0.0,261.12,,0.0038296388694870594,688141049.0,mangiucugna/json_repair,Python
src/json_repair/schema_repair.py,10,callable,ok,src.json_repair.schema_repair.SchemaRepairer.is_array_schema,src.json_repair.schema_repair.SchemaRepairer.is_array_schema,9a27d7c8ac7ab4138e11f0c6fff87c0d78a3453c,2026-02-03T13:43:34+01:00,9a27d7c8ac7ab4138e11f0c6fff87c0d78a3453c,2026-02-03T13:43:34+01:00,1,191,0.1,,,False,False,0,1,0.0,261.12,,0.0038296388694870594,688141049.0,mangiucugna/json_repair,Python
src/json_repair/schema_repair.py,11,callable,ok,src.json_repair.schema_repair.SchemaRepairer.repair_value,src.json_repair.schema_repair.SchemaRepairer.repair_value,9a27d7c8ac7ab4138e11f0c6fff87c0d78a3453c,2026-02-03T13:43:34+01:00,9a27d7c8ac7ab4138e11f0c6fff87c0d78a3453c,2026-02-03T13:43:34+01:00,1,191,0.02127659574468085,,,False,False,0,1,0.0,261.12,,0.0038296388694870594,688141049.0,mangiucugna/json_repair,Python
src/json_repair/schema_repair.py,12,callable,ok,src.json_repair.schema_repair.SchemaRepairer._repair_union,src.json_repair.schema_repair.SchemaRepairer._repair_union,9a27d7c8ac7ab4138e11f0c6fff87c0d78a3453c,2026-02-03T13:43:34+01:00,294e425e596377e19ada0444b5b06eed354d5e2d,2026-03-06T09:23:52+01:00,2,191,0.15384615384615385,,,False,False,0,2,0.0,291.94,,0.006850702109746662,688141049.0,mangiucugna/json_repair,Python
src/json_repair/schema_repair.py,13,callable,ok,src.json_repair.schema_repair.SchemaRepairer._repair_type_union,src.json_repair.schema_repair.SchemaRepairer._repair_type_union,9a27d7c8ac7ab4138e11f0c6fff87c0d78a3453c,2026-02-03T13:43:34+01:00,294e425e596377e19ada0444b5b06eed354d5e2d,2026-03-06T09:23:52+01:00,3,191,0.13636363636363635,0.21046342370888077,,False,False,0,3,0.0,291.94,,0.010276053164619992,688141049.0,mangiucugna/json_repair,Python
src/json_repair/schema_repair.py,14,callable,ok,src.json_repair.schema_repair.SchemaRepairer._repair_by_type,src.json_repair.schema_repair.SchemaRepairer._repair_by_type,9a27d7c8ac7ab4138e11f0c6fff87c0d78a3453c,2026-02-03T13:43:34+01:00,9a27d7c8ac7ab4138e11f0c6fff87c0d78a3453c,2026-02-03T13:43:34+01:00,1,191,0.16666666666666666,,,False,False,0,1,0.0,261.12,,0.0038296388694870594,688141049.0,mangiucugna/json_repair,Python
src/json_repair/schema_repair.py,15,callable,ok,src.json_repair.schema_repair.SchemaRepairer._repair_array,src.json_repair.schema_repair.SchemaRepairer._repair_array,9a27d7c8ac7ab4138e11f0c6fff87c0d78a3453c,2026-02-03T13:43:34+01:00,2921f3abbdc3a86e51eea2c838e554ecc0eff02a,2026-06-16T14:12:05+02:00,4,191,0.06349206349206349,1.3746853321079877,,False,False,0,4,0.0,394.1,,0.010149724590336294,688141049.0,mangiucugna/json_repair,Python
src/json_repair/schema_repair.py,16,callable,ok,src.json_repair.schema_repair.SchemaRepairer._repair_object,src.json_repair.schema_repair.SchemaRepairer._repair_object,9a27d7c8ac7ab4138e11f0c6fff87c0d78a3453c,2026-02-03T13:43:34+01:00,2921f3abbdc3a86e51eea2c838e554ecc0eff02a,2026-06-16T14:12:05+02:00,7,191,0.08139534883720931,1.854983715368258,,False,False,0,7,0.0,394.1,,0.017762018033088516,688141049.0,mangiucugna/json_repair,Python
src/json_repair/schema_repair.py,17,callable,ok,src.json_repair.schema_repair.SchemaRepairer._fill_missing,src.json_repair.schema_repair.SchemaRepairer._fill_missing,9a27d7c8ac7ab4138e11f0c6fff87c0d78a3453c,2026-02-03T13:43:34+01:00,9a27d7c8ac7ab4138e11f0c6fff87c0d78a3453c,2026-02-03T13:43:34+01:00,1,191,0.017543859649122806,,,False,False,0,1,0.0,261.12,,0.0038296388694870594,688141049.0,mangiucugna/json_repair,Python
src/json_repair/schema_repair.py,18,callable,ok,src.json_repair.schema_repair.SchemaRepairer._coerce_scalar,src.json_repair.schema_repair.SchemaRepairer._coerce_scalar,9a27d7c8ac7ab4138e11f0c6fff87c0d78a3453c,2026-02-03T13:43:34+01:00,529be35078ed8e5f0d30c745a003c1f294f01ba1,2026-02-17T13:17:01+01:00,2,191,0.0273972602739726,,,False,False,0,2,0.0,275.1,,0.007270009892346215,688141049.0,mangiucugna/json_repair,Python
src/json_repair/schema_repair.py,19,callable,ok,src.json_repair.schema_repair.SchemaRepairer._apply_enum_const,src.json_repair.schema_repair.SchemaRepairer._apply_enum_const,9a27d7c8ac7ab4138e11f0c6fff87c0d78a3453c,2026-02-03T13:43:34+01:00,9a27d7c8ac7ab4138e11f0c6fff87c0d78a3453c,2026-02-03T13:43:34+01:00,1,191,0.16666666666666666,,,False,False,0,1,0.0,261.12,,0.0038296388694870594,688141049.0,mangiucugna/json_repair,Python
src/json_repair/schema_repair.py,20,callable,ok,src.json_repair.schema_repair.SchemaRepairer._resolve_ref,src.json_repair.schema_repair.SchemaRepairer._resolve_ref,9a27d7c8ac7ab4138e11f0c6fff87c0d78a3453c,2026-02-03T13:43:34+01:00,529be35078ed8e5f0d30c745a003c1f294f01ba1,2026-02-17T13:17:01+01:00,2,191,0.11764705882352941,,,False,False,0,2,0.0,275.1,,0.007270009892346215,688141049.0,mangiucugna/json_repair,Python
src/json_repair/schema_repair.py,21,callable,ok,src.json_repair.schema_repair.SchemaRepairer._copy_json_value,src.json_repair.schema_repair.SchemaRepairer._copy_json_value,9a27d7c8ac7ab4138e11f0c6fff87c0d78a3453c,2026-02-03T13:43:34+01:00,9a27d7c8ac7ab4138e11f0c6fff87c0d78a3453c,2026-02-03T13:43:34+01:00,1,191,0.07692307692307693,,,False,False,0,1,0.0,261.12,,0.0038296388694870594,688141049.0,mangiucugna/json_repair,Python
src/json_repair/schema_repair.py,22,callable,ok,src.json_repair.schema_repair.SchemaRepairer._prepare_schema_for_validation,src.json_repair.schema_repair.SchemaRepairer._prepare_schema_for_validation,9a27d7c8ac7ab4138e11f0c6fff87c0d78a3453c,2026-02-03T13:43:34+01:00,0a7ad6679249d274afeaba1d414b8541af8c5fb7,2026-03-07T13:41:43+01:00,2,191,0.4,,,False,False,0,2,0.0,293.12,,0.0068231454518898555,688141049.0,mangiucugna/json_repair,Python
src/json_repair/schema_repair.py,23,callable,ok,src.json_repair.schema_repair.normalize_schema_repair_mode,src.json_repair.schema_repair.normalize_schema_repair_mode,529be35078ed8e5f0d30c745a003c1f294f01ba1,2026-02-17T13:17:01+01:00,ec20d907d50c481718467c1814c8efdb03304674,2026-04-10T14:54:08+02:00,2,177,0.2222222222222222,,,False,False,0,2,0.0,327.13,,0.00611380421985523,688141049.0,mangiucugna/json_repair,Python
src/json_repair/schema_repair.py,24,callable,ok,src.json_repair.schema_repair.SchemaRepairer._map_list_to_object,src.json_repair.schema_repair.SchemaRepairer._map_list_to_object,529be35078ed8e5f0d30c745a003c1f294f01ba1,2026-02-17T13:17:01+01:00,4e523430b0c5323ab6cca71c22ea4123da0aeb3f,2026-03-16T09:34:31+01:00,2,177,0.06896551724137931,,,False,False,0,2,0.0,301.95,,0.006623651010867656,688141049.0,mangiucugna/json_repair,Python
src/json_repair/schema_repair.py,25,callable,ok,src.json_repair.schema_repair.SchemaRepairer._fill_missing_required_for_salvage,src.json_repair.schema_repair.SchemaRepairer._fill_missing_required_for_salvage,bc631297ea19ac26c6f26b5e6aa107adad668982,2026-02-28T10:20:05+01:00,294e425e596377e19ada0444b5b06eed354d5e2d,2026-03-06T09:23:52+01:00,2,166,0.07692307692307693,,,False,False,0,2,0.0,291.94,,0.006850702109746662,688141049.0,mangiucugna/json_repair,Python
src/json_repair/schema_repair.py,26,callable,ok,src.json_repair.schema_repair.SchemaRepairer._allows_schema_type,src.json_repair.schema_repair.SchemaRepairer._allows_schema_type,158efed1f8256b34e99d235a1dd48550a9f029cb,2026-03-05T08:47:59+01:00,158efed1f8256b34e99d235a1dd48550a9f029cb,2026-03-05T08:47:59+01:00,1,161,0.1,,,False,False,0,1,0.0,290.92,,0.003437418826289363,688141049.0,mangiucugna/json_repair,Python
src/json_repair/schema_repair.py,27,callable,ok,src.json_repair.schema_repair.SchemaRepairer._can_salvage_list_as_object,src.json_repair.schema_repair.SchemaRepairer._can_salvage_list_as_object,158efed1f8256b34e99d235a1dd48550a9f029cb,2026-03-05T08:47:59+01:00,158efed1f8256b34e99d235a1dd48550a9f029cb,2026-03-05T08:47:59+01:00,1,161,0.5,,,False,False,0,1,0.0,290.92,,0.003437418826289363,688141049.0,mangiucugna/json_repair,Python
src/json_repair/schema_repair.py,28,callable,ok,src.json_repair.schema_repair._prepare_schema_for_validation_node,src.json_repair.schema_repair._prepare_schema_for_validation_node,0a7ad6679249d274afeaba1d414b8541af8c5fb7,2026-03-07T13:41:43+01:00,0a7ad6679249d274afeaba1d414b8541af8c5fb7,2026-03-07T13:41:43+01:00,1,159,0.0625,,,False,False,0,1,0.0,293.12,,0.0034115727259449277,688141049.0,mangiucugna/json_repair,Python
src/json_repair/schema_repair.py,29,callable,ok,src.json_repair.schema_repair.SchemaRepairer._get_validator,src.json_repair.schema_repair.SchemaRepairer._get_validator,0a7ad6679249d274afeaba1d414b8541af8c5fb7,2026-03-07T13:41:43+01:00,89815cf9c9675a2ff1bd3569f9418fd2be80af35,2026-07-15T20:57:37+02:00,2,159,0.18181818181818182,,,False,False,0,2,0.0,423.38,,0.004723877728439196,688141049.0,mangiucugna/json_repair,Python
src/json_repair/schema_repair.py,30,callable,ok,src.json_repair.schema_repair.SchemaRepairer.is_valid,src.json_repair.schema_repair.SchemaRepairer.is_valid,0a7ad6679249d274afeaba1d414b8541af8c5fb7,2026-03-07T13:41:43+01:00,0a7ad6679249d274afeaba1d414b8541af8c5fb7,2026-03-07T13:41:43+01:00,1,159,0.125,,,False,False,0,1,0.0,293.12,,0.0034115727259449277,688141049.0,mangiucugna/json_repair,Python
src/json_repair/schema_repair.py,31,callable,ok,src.json_repair.schema_repair.SchemaRepairer._load_json_string_container,src.json_repair.schema_repair.SchemaRepairer._load_json_string_container,2921f3abbdc3a86e51eea2c838e554ecc0eff02a,2026-06-16T14:12:05+02:00,2921f3abbdc3a86e51eea2c838e554ecc0eff02a,2026-06-16T14:12:05+02:00,1,58,0.04,,,False,False,0,1,0.0,394.1,,0.0025374311475840736,688141049.0,mangiucugna/json_repair,Python
src/json_repair/schema_repair.py,32,callable,ok,src.json_repair.schema_repair.SchemaRepairer._get_root_validator,src.json_repair.schema_repair.SchemaRepairer._get_root_validator,89815cf9c9675a2ff1bd3569f9418fd2be80af35,2026-07-15T20:57:37+02:00,89815cf9c9675a2ff1bd3569f9418fd2be80af35,2026-07-15T20:57:37+02:00,1,29,0.1111111111111111,,,False,False,0,1,0.0,423.38,,0.002361938864219598,688141049.0,mangiucugna/json_repair,Python
src/json_repair/utils/json_context.py,0,class,ok,src.json_repair.utils.json_context.ContextValues,src.json_repair.utils.json_context.ContextValues,9036c7ad2399c11af87fc54df4233eb6b77ef79d,2025-11-11T13:35:02+01:00,9036c7ad2399c11af87fc54df4233eb6b77ef79d,2025-11-11T13:35:02+01:00,1,275,0.25,,,False,False,0,1,0.0,177.12,,0.00564603958422669,688141049.0,mangiucugna/json_repair,Python
src/json_repair/utils/json_context.py,1,class,ok,src.json_repair.utils.json_context.JsonContext,src.json_repair.utils.json_context.JsonContext,9036c7ad2399c11af87fc54df4233eb6b77ef79d,2025-11-11T13:35:02+01:00,9036c7ad2399c11af87fc54df4233eb6b77ef79d,2025-11-11T13:35:02+01:00,1,275,0.030303030303030304,,,False,False,0,1,0.0,177.12,,0.00564603958422669,688141049.0,mangiucugna/json_repair,Python
src/json_repair/utils/json_context.py,0,callable,ok,src.json_repair.utils.json_context.JsonContext.__init__,src.json_repair.utils.json_context.JsonContext.__init__,9036c7ad2399c11af87fc54df4233eb6b77ef79d,2025-11-11T13:35:02+01:00,9036c7ad2399c11af87fc54df4233eb6b77ef79d,2025-11-11T13:35:02+01:00,1,275,0.25,,,False,False,0,1,0.0,177.12,,0.00564603958422669,688141049.0,mangiucugna/json_repair,Python
src/json_repair/utils/json_context.py,1,callable,ok,src.json_repair.utils.json_context.JsonContext.set,src.json_repair.utils.json_context.JsonContext.set,9036c7ad2399c11af87fc54df4233eb6b77ef79d,2025-11-11T13:35:02+01:00,9036c7ad2399c11af87fc54df4233eb6b77ef79d,2025-11-11T13:35:02+01:00,1,275,0.07692307692307693,,,False,False,0,1,0.0,177.12,,0.00564603958422669,688141049.0,mangiucugna/json_repair,Python
src/json_repair/utils/json_context.py,2,callable,ok,src.json_repair.utils.json_context.JsonContext.reset,src.json_repair.utils.json_context.JsonContext.reset,9036c7ad2399c11af87fc54df4233eb6b77ef79d,2025-11-11T13:35:02+01:00,9036c7ad2399c11af87fc54df4233eb6b77ef79d,2025-11-11T13:35:02+01:00,1,275,0.07692307692307693,,,False,False,0,1,0.0,177.12,,0.00564603958422669,688141049.0,mangiucugna/json_repair,Python
src/json_repair/utils/object_comparer.py,0,class,ok,src.json_repair.utils.object_comparer.ObjectComparer,src.json_repair.utils.object_comparer.ObjectComparer,9036c7ad2399c11af87fc54df4233eb6b77ef79d,2025-11-11T13:35:02+01:00,9036c7ad2399c11af87fc54df4233eb6b77ef79d,2025-11-11T13:35:02+01:00,1,275,0.022727272727272728,,,False,False,0,1,0.0,177.12,,0.00564603958422669,688141049.0,mangiucugna/json_repair,Python
src/json_repair/utils/object_comparer.py,0,callable,ok,src.json_repair.utils.object_comparer.ObjectComparer.__init__,src.json_repair.utils.object_comparer.ObjectComparer.__init__,9036c7ad2399c11af87fc54df4233eb6b77ef79d,2025-11-11T13:35:02+01:00,9036c7ad2399c11af87fc54df4233eb6b77ef79d,2025-11-11T13:35:02+01:00,1,275,0.5,,,False,False,0,1,0.0,177.12,,0.00564603958422669,688141049.0,mangiucugna/json_repair,Python
src/json_repair/utils/object_comparer.py,1,callable,ok,src.json_repair.utils.object_comparer.ObjectComparer.is_same_object,src.json_repair.utils.object_comparer.ObjectComparer.is_same_object,9036c7ad2399c11af87fc54df4233eb6b77ef79d,2025-11-11T13:35:02+01:00,9036c7ad2399c11af87fc54df4233eb6b77ef79d,2025-11-11T13:35:02+01:00,1,275,0.03225806451612903,,,False,False,0,1,0.0,177.12,,0.00564603958422669,688141049.0,mangiucugna/json_repair,Python
src/json_repair/utils/object_comparer.py,2,callable,ok,src.json_repair.utils.object_comparer.ObjectComparer.is_strictly_empty,src.json_repair.utils.object_comparer.ObjectComparer.is_strictly_empty,9036c7ad2399c11af87fc54df4233eb6b77ef79d,2025-11-11T13:35:02+01:00,9036c7ad2399c11af87fc54df4233eb6b77ef79d,2025-11-11T13:35:02+01:00,1,275,0.16666666666666666,,,False,False,0,1,0.0,177.12,,0.00564603958422669,688141049.0,mangiucugna/json_repair,Python
src/json_repair/utils/pattern_properties.py,0,callable,ok,src.json_repair.utils.pattern_properties.match_pattern_properties,src.json_repair.utils.pattern_properties.match_pattern_properties,a210ec4ec74dbe26a46d2aecf3190076cb55d8b6,2026-03-05T16:00:38+01:00,b2486d793bee88440750e1c2f22c54c1dfb75a68,2026-03-06T09:10:56+01:00,2,161,0.045454545454545456,,,False,False,0,2,0.0,291.93,,0.006850912876211458,688141049.0,mangiucugna/json_repair,Python
src/json_repair/utils/string_file_wrapper.py,0,class,ok,src.json_repair.utils.string_file_wrapper.StringFileWrapper,src.json_repair.utils.string_file_wrapper.StringFileWrapper,9036c7ad2399c11af87fc54df4233eb6b77ef79d,2025-11-11T13:35:02+01:00,9036c7ad2399c11af87fc54df4233eb6b77ef79d,2025-11-11T13:35:02+01:00,1,275,0.009615384615384616,,,False,False,0,1,0.0,177.12,,0.00564603958422669,688141049.0,mangiucugna/json_repair,Python
src/json_repair/utils/string_file_wrapper.py,0,callable,ok,src.json_repair.utils.string_file_wrapper.StringFileWrapper.__init__,src.json_repair.utils.string_file_wrapper.StringFileWrapper.__init__,9036c7ad2399c11af87fc54df4233eb6b77ef79d,2025-11-11T13:35:02+01:00,9036c7ad2399c11af87fc54df4233eb6b77ef79d,2025-11-11T13:35:02+01:00,1,275,0.043478260869565216,,,False,False,0,1,0.0,177.12,,0.00564603958422669,688141049.0,mangiucugna/json_repair,Python
src/json_repair/utils/string_file_wrapper.py,1,callable,ok,src.json_repair.utils.string_file_wrapper.StringFileWrapper.get_buffer,src.json_repair.utils.string_file_wrapper.StringFileWrapper.get_buffer,9036c7ad2399c11af87fc54df4233eb6b77ef79d,2025-11-11T13:35:02+01:00,9036c7ad2399c11af87fc54df4233eb6b77ef79d,2025-11-11T13:35:02+01:00,1,275,0.05263157894736842,,,False,False,0,1,0.0,177.12,,0.00564603958422669,688141049.0,mangiucugna/json_repair,Python
src/json_repair/utils/string_file_wrapper.py,2,callable,ok,src.json_repair.utils.string_file_wrapper.StringFileWrapper.__getitem__,src.json_repair.utils.string_file_wrapper.StringFileWrapper.__getitem__,9036c7ad2399c11af87fc54df4233eb6b77ef79d,2025-11-11T13:35:02+01:00,9036c7ad2399c11af87fc54df4233eb6b77ef79d,2025-11-11T13:35:02+01:00,1,275,0.038461538461538464,,,False,False,0,1,0.0,177.12,,0.00564603958422669,688141049.0,mangiucugna/json_repair,Python
src/json_repair/utils/string_file_wrapper.py,3,callable,ok,src.json_repair.utils.string_file_wrapper.StringFileWrapper.__len__,src.json_repair.utils.string_file_wrapper.StringFileWrapper.__len__,9036c7ad2399c11af87fc54df4233eb6b77ef79d,2025-11-11T13:35:02+01:00,9036c7ad2399c11af87fc54df4233eb6b77ef79d,2025-11-11T13:35:02+01:00,1,275,0.07692307692307693,,,False,False,0,1,0.0,177.12,,0.00564603958422669,688141049.0,mangiucugna/json_repair,Python
src/json_repair/utils/string_file_wrapper.py,4,callable,ok,src.json_repair.utils.string_file_wrapper.StringFileWrapper.__setitem__,src.json_repair.utils.string_file_wrapper.StringFileWrapper.__setitem__,9036c7ad2399c11af87fc54df4233eb6b77ef79d,2025-11-11T13:35:02+01:00,9036c7ad2399c11af87fc54df4233eb6b77ef79d,2025-11-11T13:35:02+01:00,1,275,0.058823529411764705,,,False,False,0,1,0.0,177.12,,0.00564603958422669,688141049.0,mangiucugna/json_repair,Python
tests/profiler.py,0,callable,ok,tests.profiler.benchmark,tests.profiler.benchmark,bc36872cc51268566c046287482df0ed06495905,2023-11-21T09:26:43+01:00,bc36872cc51268566c046287482df0ed06495905,2023-11-21T09:26:43+01:00,1,996,0.2,,,False,False,1,0,544.06,0.0,0.001838042228041602,,688141049.0,mangiucugna/json_repair,Python
tests/test_docs_app_schema.py,0,callable,ok,tests.test_docs_app_schema.client,tests.test_docs_app_schema.client,a03b8be5a09b154ea2fe5b3f8c9d82e34c464376,2026-02-08T10:49:28+01:00,a03b8be5a09b154ea2fe5b3f8c9d82e34c464376,2026-02-08T10:49:28+01:00,1,186,0.25,,,False,False,0,1,0.0,266.0,,0.0037593939160823217,688141049.0,mangiucugna/json_repair,Python
tests/test_docs_app_schema.py,1,callable,ok,tests.test_docs_app_schema.test_docs_api_without_schema_keeps_existing_behavior,tests.test_docs_app_schema.test_docs_api_without_schema_keeps_existing_behavior,a03b8be5a09b154ea2fe5b3f8c9d82e34c464376,2026-02-08T10:49:28+01:00,a03b8be5a09b154ea2fe5b3f8c9d82e34c464376,2026-02-08T10:49:28+01:00,1,186,0.1111111111111111,,,False,False,0,1,0.0,266.0,,0.0037593939160823217,688141049.0,mangiucugna/json_repair,Python
tests/test_docs_app_schema.py,2,callable,ok,tests.test_docs_app_schema.test_docs_api_schema_null_is_treated_as_missing,tests.test_docs_app_schema.test_docs_api_schema_null_is_treated_as_missing,a03b8be5a09b154ea2fe5b3f8c9d82e34c464376,2026-02-08T10:49:28+01:00,a03b8be5a09b154ea2fe5b3f8c9d82e34c464376,2026-02-08T10:49:28+01:00,1,186,0.1111111111111111,,,False,False,0,1,0.0,266.0,,0.0037593939160823217,688141049.0,mangiucugna/json_repair,Python
tests/test_docs_app_schema.py,3,callable,ok,tests.test_docs_app_schema.test_docs_api_schema_guides_coercion,tests.test_docs_app_schema.test_docs_api_schema_guides_coercion,a03b8be5a09b154ea2fe5b3f8c9d82e34c464376,2026-02-08T10:49:28+01:00,a03b8be5a09b154ea2fe5b3f8c9d82e34c464376,2026-02-08T10:49:28+01:00,1,186,0.05263157894736842,,,False,False,0,1,0.0,266.0,,0.0037593939160823217,688141049.0,mangiucugna/json_repair,Python
tests/test_docs_app_schema.py,4,callable,ok,tests.test_docs_app_schema.test_docs_api_rejects_invalid_schema_type,tests.test_docs_app_schema.test_docs_api_rejects_invalid_schema_type,a03b8be5a09b154ea2fe5b3f8c9d82e34c464376,2026-02-08T10:49:28+01:00,a03b8be5a09b154ea2fe5b3f8c9d82e34c464376,2026-02-08T10:49:28+01:00,1,186,0.125,,,False,False,0,1,0.0,266.0,,0.0037593939160823217,688141049.0,mangiucugna/json_repair,Python
tests/test_docs_app_schema.py,5,callable,ok,tests.test_docs_app_schema.test_docs_api_schema_validation_error_returns_400,tests.test_docs_app_schema.test_docs_api_schema_validation_error_returns_400,a03b8be5a09b154ea2fe5b3f8c9d82e34c464376,2026-02-08T10:49:28+01:00,a03b8be5a09b154ea2fe5b3f8c9d82e34c464376,2026-02-08T10:49:28+01:00,1,186,0.06666666666666667,,,False,False,0,1,0.0,266.0,,0.0037593939160823217,688141049.0,mangiucugna/json_repair,Python
tests/test_docs_app_schema.py,6,callable,ok,tests.test_docs_app_schema.test_docs_api_rejects_invalid_schema_repair_mode_type,tests.test_docs_app_schema.test_docs_api_rejects_invalid_schema_repair_mode_type,529be35078ed8e5f0d30c745a003c1f294f01ba1,2026-02-17T13:17:01+01:00,529be35078ed8e5f0d30c745a003c1f294f01ba1,2026-02-17T13:17:01+01:00,1,177,0.125,,,False,False,0,1,0.0,275.1,,0.0036350049461731076,688141049.0,mangiucugna/json_repair,Python
tests/test_docs_app_schema.py,7,callable,ok,tests.test_docs_app_schema.test_docs_api_rejects_invalid_schema_repair_mode_value,tests.test_docs_app_schema.test_docs_api_rejects_invalid_schema_repair_mode_value,529be35078ed8e5f0d30c745a003c1f294f01ba1,2026-02-17T13:17:01+01:00,529be35078ed8e5f0d30c745a003c1f294f01ba1,2026-02-17T13:17:01+01:00,1,177,0.125,,,False,False,0,1,0.0,275.1,,0.0036350049461731076,688141049.0,mangiucugna/json_repair,Python
tests/test_docs_app_schema.py,8,callable,ok,tests.test_docs_app_schema.test_docs_api_rejects_salvage_mode_without_schema,tests.test_docs_app_schema.test_docs_api_rejects_salvage_mode_without_schema,529be35078ed8e5f0d30c745a003c1f294f01ba1,2026-02-17T13:17:01+01:00,529be35078ed8e5f0d30c745a003c1f294f01ba1,2026-02-17T13:17:01+01:00,1,177,0.125,,,False,False,0,1,0.0,275.1,,0.0036350049461731076,688141049.0,mangiucugna/json_repair,Python
tests/test_docs_app_schema.py,9,callable,ok,tests.test_docs_app_schema.test_docs_api_salvage_mode_drops_invalid_array_items,tests.test_docs_app_schema.test_docs_api_salvage_mode_drops_invalid_array_items,529be35078ed8e5f0d30c745a003c1f294f01ba1,2026-02-17T13:17:01+01:00,529be35078ed8e5f0d30c745a003c1f294f01ba1,2026-02-17T13:17:01+01:00,1,177,0.030303030303030304,,,False,False,0,1,0.0,275.1,,0.0036350049461731076,688141049.0,mangiucugna/json_repair,Python
tests/test_docs_app_schema.py,10,callable,ok,tests.test_docs_app_schema.test_docs_api_rejects_circular_schema_ref,tests.test_docs_app_schema.test_docs_api_rejects_circular_schema_ref,63992e94b9cfec79a3d6671c9eceebfe596f55e3,2026-06-03T19:25:43+02:00,63992e94b9cfec79a3d6671c9eceebfe596f55e3,2026-06-03T19:25:43+02:00,1,71,0.0625,,,False,False,0,1,0.0,381.32,,0.0026224888189855322,688141049.0,mangiucugna/json_repair,Python
tests/test_docs_app_schema.py,11,callable,ok,tests.test_docs_app_schema.test_docs_api_deep_schema_returns_400_instead_of_500,tests.test_docs_app_schema.test_docs_api_deep_schema_returns_400_instead_of_500,4d000b123521ab40083cfeb476806c1024424405,2026-06-09T05:36:28+02:00,4d000b123521ab40083cfeb476806c1024424405,2026-06-09T05:36:28+02:00,1,66,0.07692307692307693,,,False,False,0,1,0.0,386.74,,0.0025857078351256917,688141049.0,mangiucugna/json_repair,Python
tests/test_json_repair.py,4,callable,ok,tests.test_json_repair.test_functions_output,tests.test_json_repair.test_functions_output,6986456013683175d3063c3270ff71ab14575e09,2023-10-16T09:36:26+02:00,6986456013683175d3063c3270ff71ab14575e09,2023-10-16T09:36:26+02:00,1,0,0.01818181818181818,,,True,False,1,0,580.09,0.0,0.001723864311607309,,688141049.0,mangiucugna/json_repair,Python
tests/test_json_repair.py,7,callable,ok,tests.test_json_repair.test_fractions,tests.test_json_repair.test_fractions,0ac59de6b7a59fd499b3c7c5168a44cf6b01b2f7,2024-04-23T15:05:43-04:00,0ac59de6b7a59fd499b3c7c5168a44cf6b01b2f7,2024-04-23T15:05:43-04:00,1,0,0.2,,,True,False,1,0,389.61,0.0,0.002566646892989272,,688141049.0,mangiucugna/json_repair,Python
tests/test_json_repair.py,0,callable,ok,tests.test_json_repair.test_repair_json,tests.test_json_repair.test_repair_json,f0e239249fadb8ac0b990c779f2c8cc93664642a,2023-09-06T20:40:32+02:00,c741d6bdb75974b3bb1d8a29e18a12a9fc6f2679,2024-05-13T21:14:21+02:00,24,250,0.192,3.5336644688895955,,True,False,24,0,619.63,0.0,0.03873273716498032,,688141049.0,mangiucugna/json_repair,Python
tests/test_json_repair.py,2,callable,ok,tests.test_json_repair.test_repair_json_corner_cases_generate_by_gpt,tests.test_json_repair.test_repair_json_corner_cases_generate_by_gpt,680c458d94d297f537ad4d7ceeda401337c180da,2023-10-11T10:36:53+02:00,427ffcc47ffc00ff8a939cf825c400f2832bde6d,2024-02-19T08:46:17-08:00,2,131,0.06666666666666667,,,True,False,2,0,585.05,0.0,0.0034185107649556826,,688141049.0,mangiucugna/json_repair,Python
tests/test_json_repair.py,3,callable,ok,tests.test_json_repair.test_repair_json_corner_cases_generate_by_gpt_with_objects,tests.test_json_repair.test_repair_json_corner_cases_generate_by_gpt_with_objects,680c458d94d297f537ad4d7ceeda401337c180da,2023-10-11T10:36:53+02:00,cf04bfa42422dd5f6b634759f8167c1aa2f040f5,2024-05-03T17:16:33+02:00,3,205,0.09375,0.9428358067680609,,True,False,3,0,585.05,0.0,0.005127766147433524,,688141049.0,mangiucugna/json_repair,Python
tests/test_json_repair.py,23,callable,ok,tests.test_json_repair.test_repair_json_from_file_many_seeks,tests.test_json_repair.test_repair_json_from_file_many_seeks,acbf9ec61ada59d211630ab49e4f73b32568d5f9,2024-08-27T23:07:04+03:00,acbf9ec61ada59d211630ab49e4f73b32568d5f9,2024-08-27T23:07:04+03:00,1,0,0.125,,,True,False,1,0,263.57,0.0,0.003794047175112315,,688141049.0,mangiucugna/json_repair,Python
tests/test_json_repair.py,24,callable,ok,tests.test_json_repair.test_repair_json_from_file_many_seeks_multiple_chunks,tests.test_json_repair.test_repair_json_from_file_many_seeks_multiple_chunks,acbf9ec61ada59d211630ab49e4f73b32568d5f9,2024-08-27T23:07:04+03:00,acbf9ec61ada59d211630ab49e4f73b32568d5f9,2024-08-27T23:07:04+03:00,1,0,0.0625,,,True,False,1,0,263.57,0.0,0.003794047175112315,,688141049.0,mangiucugna/json_repair,Python
tests/test_json_repair.py,6,callable,ok,tests.test_json_repair.test_repair_json_from_file,tests.test_json_repair.test_repair_json_from_file,7d91782b5fc4c0e9ab12bfcfe3989a57a6f374bf,2024-04-11T18:36:38+02:00,530877f9a2d109f37e114fd6b8bcb2182ead0440,2025-02-19T15:08:59+01:00,12,313,0.3870967741935484,2.0149923897096365,,True,False,12,0,401.72,0.0,0.029871781256506,,688141049.0,mangiucugna/json_repair,Python
tests/test_json_repair.py,9,callable,ok,tests.test_json_repair.test_brackets_edge_cases,tests.test_json_repair.test_brackets_edge_cases,df6d945a04bd87a0b5e7b3b2dc342881a238057d,2024-05-20T09:26:51+02:00,df6d945a04bd87a0b5e7b3b2dc342881a238057d,2024-05-20T09:26:51+02:00,1,0,0.1,,,True,False,1,0,363.1,0.0,0.002754071986277836,,688141049.0,mangiucugna/json_repair,Python
tests/test_json_repair.py,10,callable,ok,tests.test_json_repair.test_general_edge_cases,tests.test_json_repair.test_general_edge_cases,df6d945a04bd87a0b5e7b3b2dc342881a238057d,2024-05-20T09:26:51+02:00,df6d945a04bd87a0b5e7b3b2dc342881a238057d,2024-05-20T09:26:51+02:00,1,0,0.14285714285714285,,,True,False,1,0,363.1,0.0,0.002754071986277836,,688141049.0,mangiucugna/json_repair,Python
tests/test_json_repair.py,11,callable,ok,tests.test_json_repair.test_mixed_data_types,tests.test_json_repair.test_mixed_data_types,df6d945a04bd87a0b5e7b3b2dc342881a238057d,2024-05-20T09:26:51+02:00,df6d945a04bd87a0b5e7b3b2dc342881a238057d,2024-05-20T09:26:51+02:00,1,0,0.3333333333333333,,,True,False,1,0,363.1,0.0,0.002754071986277836,,688141049.0,mangiucugna/json_repair,Python
tests/test_json_repair.py,12,callable,ok,tests.test_json_repair.test_missing_and_mixed_quotes,tests.test_json_repair.test_missing_and_mixed_quotes,df6d945a04bd87a0b5e7b3b2dc342881a238057d,2024-05-20T09:26:51+02:00,6725afbc77c7d472c851bee2c613cb6c6678d485,2025-02-13T08:09:47+01:00,8,268,0.22857142857142856,2.370222411305218,,True,False,8,0,363.1,0.0,0.02203257589022269,,688141049.0,mangiucugna/json_repair,Python
tests/test_json_repair.py,13,callable,ok,tests.test_json_repair.test_array_edge_cases,tests.test_json_repair.test_array_edge_cases,df6d945a04bd87a0b5e7b3b2dc342881a238057d,2024-05-20T09:26:51+02:00,fc090b6b8f1498cf3051999d5ac9152e18a087ec,2025-06-30T08:39:34+02:00,10,405,0.43478260869565216,2.4101521522275933,,True,False,9,1,363.1,42.87,0.024786647876500527,0.023327179349830474,688141049.0,mangiucugna/json_repair,Python
tests/test_json_repair.py,14,callable,ok,tests.test_json_repair.test_escaping,tests.test_json_repair.test_escaping,df6d945a04bd87a0b5e7b3b2dc342881a238057d,2024-05-20T09:26:51+02:00,fa61063ba9856914580d8768921f9abc1838dac3,2025-06-06T10:03:24+02:00,3,382,0.23076923076923078,0.9308308999810511,,True,False,2,1,363.1,18.93,0.005508143972555672,0.0528355054596689,688141049.0,mangiucugna/json_repair,Python
tests/test_json_repair.py,15,callable,ok,tests.test_json_repair.test_object_edge_cases,tests.test_json_repair.test_object_edge_cases,df6d945a04bd87a0b5e7b3b2dc342881a238057d,2024-05-20T09:26:51+02:00,5ac5f8a4a2829994fc4ea5885a2f7d98e03add1d,2025-04-29T09:28:50+02:00,13,344,0.43333333333333335,2.3993857055911776,,True,False,13,0,363.1,0.0,0.03580293582161187,,688141049.0,mangiucugna/json_repair,Python
tests/test_json_repair.py,16,callable,ok,tests.test_json_repair.test_number_edge_cases,tests.test_json_repair.test_number_edge_cases,df6d945a04bd87a0b5e7b3b2dc342881a238057d,2024-05-20T09:26:51+02:00,45b9ea699ae258c80f1545533c09452f46b874bc,2025-04-22T13:08:47+02:00,2,337,0.11764705882352941,,,True,False,2,0,363.1,0.0,0.005508143972555672,,688141049.0,mangiucugna/json_repair,Python
tests/test_json_repair.py,17,callable,ok,tests.test_json_repair.test_markdown,tests.test_json_repair.test_markdown,df6d945a04bd87a0b5e7b3b2dc342881a238057d,2024-05-20T09:26:51+02:00,df6d945a04bd87a0b5e7b3b2dc342881a238057d,2024-05-20T09:26:51+02:00,1,0,0.25,,,True,False,1,0,363.1,0.0,0.002754071986277836,,688141049.0,mangiucugna/json_repair,Python
tests/test_json_repair.py,18,callable,ok,tests.test_json_repair.test_leading_trailing_characters,tests.test_json_repair.test_leading_trailing_characters,df6d945a04bd87a0b5e7b3b2dc342881a238057d,2024-05-20T09:26:51+02:00,b175c2ac25b5d2c6daa55ae7c9f5301115312869,2024-06-01T11:05:52+02:00,2,12,0.2222222222222222,,,True,False,2,0,363.1,0.0,0.005508143972555672,,688141049.0,mangiucugna/json_repair,Python
tests/test_json_repair.py,19,callable,ok,tests.test_json_repair.test_basic_types_valid,tests.test_json_repair.test_basic_types_valid,65e80b0341c178e4b39a4a4e6052444feaef1442,2024-05-30T08:53:28+02:00,b175c2ac25b5d2c6daa55ae7c9f5301115312869,2024-06-01T11:05:52+02:00,2,2,0.2222222222222222,,,True,False,2,0,353.12,0.0,0.005663766564714498,,688141049.0,mangiucugna/json_repair,Python
tests/test_json_repair.py,20,callable,ok,tests.test_json_repair.test_basic_types_invalid,tests.test_json_repair.test_basic_types_invalid,65e80b0341c178e4b39a4a4e6052444feaef1442,2024-05-30T08:53:28+02:00,bc08a92f2af8dcc0b783c82383641322ad263f6b,2025-05-08T07:43:03+02:00,2,342,0.18181818181818182,,,True,False,2,0,353.12,0.0,0.005663766564714498,,688141049.0,mangiucugna/json_repair,Python
tests/test_json_repair.py,25,callable,ok,tests.test_json_repair.test_cli,tests.test_json_repair.test_cli,838374cf18bcf7b469d9d4051a13048965321200,2024-09-05T07:43:26+02:00,bc08a92f2af8dcc0b783c82383641322ad263f6b,2025-05-08T07:43:03+02:00,3,244,0.07894736842105263,0.9052303898384552,,True,False,3,0,255.17,0.0,0.011756843439939902,,688141049.0,mangiucugna/json_repair,Python
tests/test_json_repair.py,27,callable,ok,tests.test_json_repair.test_cli_inline_requires_filename,tests.test_json_repair.test_cli_inline_requires_filename,d762fa93fdd7e440adceaf2a547c94b7eed21b54,2025-05-18T11:50:36+02:00,d762fa93fdd7e440adceaf2a547c94b7eed21b54,2025-05-18T11:50:36+02:00,1,0,0.14285714285714285,,,True,False,0,1,0.0,0.0,,900.0,688141049.0,mangiucugna/json_repair,Python
tests/test_json_repair.py,28,callable,ok,tests.test_json_repair.test_cli_inline_and_output_error,tests.test_json_repair.test_cli_inline_and_output_error,d762fa93fdd7e440adceaf2a547c94b7eed21b54,2025-05-18T11:50:36+02:00,d762fa93fdd7e440adceaf2a547c94b7eed21b54,2025-05-18T11:50:36+02:00,1,0,0.125,,,True,False,0,1,0.0,0.0,,900.0,688141049.0,mangiucugna/json_repair,Python
tests/test_json_repair.py,38,callable,ok,tests.test_json_repair.test_prefixed_valid_json_uses_suffix_fast_path_unless_json_loads_is_skipped,tests.test_json_repair.test_prefixed_valid_json_uses_value_fast_path_unless_json_loads_is_skipped,bca6b7c708133cfc66df7aec6e36d9b4c721f0de,2026-07-11T18:00:34+02:00,7707441b46759d5b752d0a659fbb15a37f1391dd,2026-07-12T18:05:11+02:00,2,1,0.1111111111111111,,,True,True,0,2,0.0,420.26,,0.004758944716126882,688141049.0,mangiucugna/json_repair,Python
tests/test_json_repair.py,1,callable,ok,tests.test_json_repair.test_repair_json_with_objects,tests.test_json_repair.test_repair_json_with_objects,24ce43cae27d6712c5051788642dc1a3f8fc2359,2023-09-06T22:11:36+02:00,df6d945a04bd87a0b5e7b3b2dc342881a238057d,2024-05-20T09:26:51+02:00,11,1072,0.2391304347826087,2.256698478406295,,False,False,11,0,619.57,0.0,0.017754316574259785,,688141049.0,mangiucugna/json_repair,Python
tests/test_json_repair.py,5,callable,ok,tests.test_json_repair.test_repair_json_skip_json_loads,tests.test_json_repair.test_repair_json_skip_json_loads,6430d353f91e184939ee75f80cca376d722451e7,2023-11-20T11:52:57+01:00,ff8bf22ce8f111b5a42c36486ad156244a03bc0e,2024-04-23T17:56:05+02:00,2,997,0.4,,,False,False,2,0,544.96,0.0,0.003670023825208489,,688141049.0,mangiucugna/json_repair,Python
tests/test_json_repair.py,8,callable,ok,tests.test_json_repair.test_valid_json,tests.test_json_repair.test_valid_json,df6d945a04bd87a0b5e7b3b2dc342881a238057d,2024-05-20T09:26:51+02:00,df6d945a04bd87a0b5e7b3b2dc342881a238057d,2024-05-20T09:26:51+02:00,1,816,0.034482758620689655,,,False,False,1,0,363.1,0.0,0.002754071986277836,,688141049.0,mangiucugna/json_repair,Python
tests/test_json_repair.py,21,callable,ok,tests.test_json_repair.test_multiple_jsons,tests.test_json_repair.test_multiple_jsons,d40dec845721fdbafee6a2bb6547d77f0f43bb64,2024-06-02T11:44:25+02:00,4206302f1a9c107d8219d63c6a72075aea6d58a9,2026-05-12T14:19:20+02:00,3,802,0.23076923076923078,0.9895705584660237,,False,False,2,1,350.0,359.1,0.00571423374952774,0.0027847055206142337,688141049.0,mangiucugna/json_repair,Python
tests/test_json_repair.py,22,callable,ok,tests.test_json_repair.test_ensure_ascii,tests.test_json_repair.test_ensure_ascii,578441fa35c9d9d37e1e4934deb508faa3588cd2,2024-08-02T10:41:42+02:00,578441fa35c9d9d37e1e4934deb508faa3588cd2,2024-08-02T10:41:42+02:00,1,741,0.5,,,False,False,1,0,289.05,0.0,0.003459648129759869,,688141049.0,mangiucugna/json_repair,Python
tests/test_json_repair.py,26,callable,ok,tests.test_json_repair.test_stream_stable,tests.test_json_repair.test_stream_stable,6f25b0cb2ef675b87fce357e68b0304f6a9a11aa,2025-04-29T13:22:47+08:00,6aa68c8d73b9a1c6e791a072b7150ee845f5f713,2025-07-13T17:02:10+02:00,3,472,0.2,0.03353666878557121,,False,False,1,2,19.18,56.22,0.05212440115759608,0.035576125290548655,688141049.0,mangiucugna/json_repair,Python
tests/test_json_repair.py,29,callable,ok,tests.test_json_repair.test_logging,tests.test_json_repair.test_logging,d27052805b081d103d7b2306dfab36d1f7093b75,2025-08-10T10:25:25+02:00,d27052805b081d103d7b2306dfab36d1f7093b75,2025-08-10T10:25:25+02:00,1,368,0.058823529411764705,,,False,False,0,1,0.0,83.94,,0.01191299378083814,688141049.0,mangiucugna/json_repair,Python
tests/test_json_repair.py,30,callable,ok,tests.test_json_repair.test_parenthesized_prose_does_not_hijack_fenced_json,tests.test_json_repair.test_parenthesized_prose_does_not_hijack_fenced_json,cd94f1fb39a1479e2e4592727fc7c3e999e73919,2026-04-11T07:12:50+02:00,cd94f1fb39a1479e2e4592727fc7c3e999e73919,2026-04-11T07:12:50+02:00,1,125,0.06666666666666667,,,False,False,0,1,0.0,327.81,,0.0030505641601786273,688141049.0,mangiucugna/json_repair,Python
tests/test_json_repair.py,31,callable,ok,tests.test_json_repair.test_numbered_prose_line_does_not_hijack_fenced_json,tests.test_json_repair.test_numbered_prose_line_does_not_hijack_fenced_json,cd94f1fb39a1479e2e4592727fc7c3e999e73919,2026-04-11T07:12:50+02:00,cd94f1fb39a1479e2e4592727fc7c3e999e73919,2026-04-11T07:12:50+02:00,1,125,0.06666666666666667,,,False,False,0,1,0.0,327.81,,0.0030505641601786273,688141049.0,mangiucugna/json_repair,Python
tests/test_json_repair.py,32,callable,ok,tests.test_json_repair.test_parenthesized_tuple_still_parses_when_it_is_the_fenced_json_payload,tests.test_json_repair.test_parenthesized_tuple_still_parses_when_it_is_the_fenced_json_payload,cd94f1fb39a1479e2e4592727fc7c3e999e73919,2026-04-11T07:12:50+02:00,cd94f1fb39a1479e2e4592727fc7c3e999e73919,2026-04-11T07:12:50+02:00,1,125,0.09090909090909091,,,False,False,0,1,0.0,327.81,,0.0030505641601786273,688141049.0,mangiucugna/json_repair,Python
tests/test_json_repair.py,33,callable,ok,tests.test_json_repair._nested_repair_payload,tests.test_json_repair._nested_repair_payload,9eaa327ee53f84555c2bd4bd425cb9466ffe1878,2026-04-13T11:39:28+02:00,9eaa327ee53f84555c2bd4bd425cb9466ffe1878,2026-04-13T11:39:28+02:00,1,122,0.5,,,False,False,0,1,0.0,329.99,,0.003030363824639018,688141049.0,mangiucugna/json_repair,Python
tests/test_json_repair.py,34,callable,ok,tests.test_json_repair._find_real_recursion_payload,tests.test_json_repair._find_real_recursion_payload,9eaa327ee53f84555c2bd4bd425cb9466ffe1878,2026-04-13T11:39:28+02:00,9eaa327ee53f84555c2bd4bd425cb9466ffe1878,2026-04-13T11:39:28+02:00,1,122,0.07692307692307693,,,False,False,0,1,0.0,329.99,,0.003030363824639018,688141049.0,mangiucugna/json_repair,Python
tests/test_json_repair.py,35,callable,ok,tests.test_json_repair.test_repair_json_normalizes_real_parser_recursion_error,tests.test_json_repair.test_repair_json_normalizes_real_parser_recursion_error,9eaa327ee53f84555c2bd4bd425cb9466ffe1878,2026-04-13T11:39:28+02:00,9eaa327ee53f84555c2bd4bd425cb9466ffe1878,2026-04-13T11:39:28+02:00,1,122,0.2,,,False,False,0,1,0.0,329.99,,0.003030363824639018,688141049.0,mangiucugna/json_repair,Python
tests/test_json_repair.py,36,callable,ok,tests.test_json_repair.test_valid_json_fast_path_does_not_initialize_repair_parser,tests.test_json_repair.test_valid_json_fast_path_does_not_initialize_repair_parser,198cbf8751debf1a0028b02c62c4f30457dd9ce4,2026-04-24T11:32:26+02:00,198cbf8751debf1a0028b02c62c4f30457dd9ce4,2026-04-24T11:32:26+02:00,1,111,0.14285714285714285,,,False,False,0,1,0.0,340.99,,0.0029326502611586158,688141049.0,mangiucugna/json_repair,Python
tests/test_json_repair.py,37,callable,ok,tests.test_json_repair.test_top_level_separator_detects_pending_comma,tests.test_json_repair.test_top_level_separator_detects_pending_comma,4206302f1a9c107d8219d63c6a72075aea6d58a9,2026-05-12T14:19:20+02:00,4206302f1a9c107d8219d63c6a72075aea6d58a9,2026-05-12T14:19:20+02:00,1,93,0.25,,,False,False,0,1,0.0,359.1,,0.0027847055206142337,688141049.0,mangiucugna/json_repair,Python
tests/test_json_repair.py,39,callable,ok,tests.test_json_repair.test_prefixed_invalid_json_falls_back_to_repair_parser,tests.test_json_repair.test_prefixed_invalid_json_falls_back_to_repair_parser,bca6b7c708133cfc66df7aec6e36d9b4c721f0de,2026-07-11T18:00:34+02:00,bca6b7c708133cfc66df7aec6e36d9b4c721f0de,2026-07-11T18:00:34+02:00,1,33,0.5,,,False,False,0,1,0.0,419.26,,0.0023851659901610797,688141049.0,mangiucugna/json_repair,Python
tests/test_json_repair.py,40,callable,ok,tests.test_json_repair.test_prefixed_valid_json_with_trailing_text_uses_value_fast_path,tests.test_json_repair.test_prefixed_valid_json_with_trailing_text_uses_value_fast_path,7707441b46759d5b752d0a659fbb15a37f1391dd,2026-07-12T18:05:11+02:00,7707441b46759d5b752d0a659fbb15a37f1391dd,2026-07-12T18:05:11+02:00,1,32,0.1111111111111111,,,False,False,0,1,0.0,420.26,,0.002379472358063441,688141049.0,mangiucugna/json_repair,Python
tests/test_json_repair.py,41,callable,ok,tests.test_json_repair.test_prefixed_valid_json_uses_value_fast_path_when_json_loads_is_skipped,tests.test_json_repair.test_prefixed_valid_json_uses_value_fast_path_when_json_loads_is_skipped,32a3a6943d9a27dadcc04e98634d3fc2ab507108,2026-07-20T05:01:41+02:00,32a3a6943d9a27dadcc04e98634d3fc2ab507108,2026-07-20T05:01:41+02:00,1,25,0.043478260869565216,,,False,False,0,1,0.0,427.72,,0.002337993743214846,688141049.0,mangiucugna/json_repair,Python
tests/test_parse_array.py,0,callable,ok,tests.test_parse_array.test_parse_array,tests.test_parse_array.test_parse_array,3f99704271fcd7ff4ae10920321208dd6a401ba3,2025-06-30T09:33:10+02:00,3f99704271fcd7ff4ae10920321208dd6a401ba3,2025-06-30T09:33:10+02:00,1,409,0.2,,,False,False,0,1,0.0,42.91,,0.023306942177742408,688141049.0,mangiucugna/json_repair,Python
tests/test_parse_array.py,1,callable,ok,tests.test_parse_array.test_parse_array_edge_cases,tests.test_parse_array.test_parse_array_edge_cases,3f99704271fcd7ff4ae10920321208dd6a401ba3,2025-06-30T09:33:10+02:00,3d50aca0ae7a1f86af3739e1c9a7617e9d0076b7,2026-02-02T06:43:34+01:00,4,409,0.10810810810810811,1.3072263443857772,,False,False,0,4,0.0,259.83,,0.015394707196321805,688141049.0,mangiucugna/json_repair,Python
tests/test_parse_array.py,2,callable,ok,tests.test_parse_array.test_parse_array_missing_quotes,tests.test_parse_array.test_parse_array_missing_quotes,2619034d89beb08bd9807529d20aadb38f0ccc6f,2025-09-19T09:30:40+02:00,2619034d89beb08bd9807529d20aadb38f0ccc6f,2025-09-19T09:30:40+02:00,1,328,0.1,,,False,False,0,1,0.0,123.9,,0.00807076868467021,688141049.0,mangiucugna/json_repair,Python
tests/test_parse_array.py,3,callable,ok,tests.test_parse_array.test_parse_array_python_tuple_literals,tests.test_parse_array.test_parse_array_python_tuple_literals,82ed2d0274e85f6ef05a93356b24a8fff81d8b25,2026-04-10T13:52:46+02:00,82ed2d0274e85f6ef05a93356b24a8fff81d8b25,2026-04-10T13:52:46+02:00,1,125,0.2,,,False,False,0,1,0.0,327.09,,0.0030573003910159815,688141049.0,mangiucugna/json_repair,Python
tests/test_parse_array.py,4,callable,ok,tests.test_parse_array.test_parse_array_parenthesized_scalar_keeps_scalar_shape,tests.test_parse_array.test_parse_array_parenthesized_scalar_keeps_scalar_shape,82ed2d0274e85f6ef05a93356b24a8fff81d8b25,2026-04-10T13:52:46+02:00,82ed2d0274e85f6ef05a93356b24a8fff81d8b25,2026-04-10T13:52:46+02:00,1,125,0.2,,,False,False,0,1,0.0,327.09,,0.0030573003910159815,688141049.0,mangiucugna/json_repair,Python
tests/test_parse_array.py,5,callable,ok,tests.test_parse_array.test_parse_array_mismatched_parenthesis_still_logs_missing_bracket,tests.test_parse_array.test_parse_array_mismatched_parenthesis_still_logs_missing_bracket,82ed2d0274e85f6ef05a93356b24a8fff81d8b25,2026-04-10T13:52:46+02:00,82ed2d0274e85f6ef05a93356b24a8fff81d8b25,2026-04-10T13:52:46+02:00,1,125,0.2,,,False,False,0,1,0.0,327.09,,0.0030573003910159815,688141049.0,mangiucugna/json_repair,Python
tests/test_parse_array.py,6,callable,ok,tests.test_parse_array.test_parenthesized_tuple_classifier_handles_nested_delimiters_and_missing_close,tests.test_parse_array.test_parenthesized_tuple_classifier_handles_nested_delimiters_and_missing_close,82ed2d0274e85f6ef05a93356b24a8fff81d8b25,2026-04-10T13:52:46+02:00,82ed2d0274e85f6ef05a93356b24a8fff81d8b25,2026-04-10T13:52:46+02:00,1,125,0.16666666666666666,,,False,False,0,1,0.0,327.09,,0.0030573003910159815,688141049.0,mangiucugna/json_repair,Python
tests/test_parse_array.py,7,callable,ok,tests.test_parse_array.test_top_level_parenthesized_value_gate_rejects_prose_and_accepts_standalone_jsonish_values,tests.test_parse_array.test_top_level_parenthesized_value_gate_rejects_prose_and_accepts_standalone_jsonish_values,cd94f1fb39a1479e2e4592727fc7c3e999e73919,2026-04-11T07:12:50+02:00,cd94f1fb39a1479e2e4592727fc7c3e999e73919,2026-04-11T07:12:50+02:00,1,125,0.08333333333333333,,,False,False,0,1,0.0,327.81,,0.0030505641601786273,688141049.0,mangiucugna/json_repair,Python
tests/test_parse_array.py,8,callable,ok,tests.test_parse_array.test_parse_array_python_tuple_literals_accept_boolean_and_null_values,tests.test_parse_array.test_parse_array_python_tuple_literals_accept_boolean_and_null_values,7ab1ebacd57f1dbd6b411a7d9c790d8f95f136c3,2026-08-12T20:09:26+02:00,7ab1ebacd57f1dbd6b411a7d9c790d8f95f136c3,2026-08-12T20:09:26+02:00,1,1,0.16666666666666666,,,False,False,0,1,0.0,451.35,,0.0022155876541096356,688141049.0,mangiucugna/json_repair,Python
tests/test_parse_array.py,9,callable,ok,tests.test_parse_array.test_parse_array_closes_before_object_member_after_scalar_items,tests.test_parse_array.test_parse_array_closes_before_object_member_after_scalar_items,6733278cd2df965e97ec183deba4a640777ebb34,2026-08-14T09:29:52+02:00,6733278cd2df965e97ec183deba4a640777ebb34,2026-08-14T09:29:52+02:00,1,0,0.14285714285714285,,,False,False,0,1,0.0,452.9,,0.002207976458064343,688141049.0,mangiucugna/json_repair,Python
tests/test_parse_array.py,10,callable,ok,tests.test_parse_array.test_parse_array_contextually_closes_in_strict_mode,tests.test_parse_array.test_parse_array_contextually_closes_in_strict_mode,6733278cd2df965e97ec183deba4a640777ebb34,2026-08-14T09:29:52+02:00,6733278cd2df965e97ec183deba4a640777ebb34,2026-08-14T09:29:52+02:00,1,0,0.2,,,False,False,0,1,0.0,452.9,,0.002207976458064343,688141049.0,mangiucugna/json_repair,Python
tests/test_parse_comment.py,0,callable,ok,tests.test_parse_comment.test_parse_comment,tests.test_parse_comment.test_parse_comment,fc090b6b8f1498cf3051999d5ac9152e18a087ec,2025-06-30T08:39:34+02:00,b8cd2e231a1c9dc36a043c958d40bda68848b7d7,2026-05-10T07:22:22+02:00,2,410,0.1111111111111111,,,False,False,0,2,0.0,356.81,,0.005605148069003784,688141049.0,mangiucugna/json_repair,Python
tests/test_parse_comment.py,1,callable,ok,tests.test_parse_comment.test_parse_many_top_level_comments_without_recursion_error,tests.test_parse_comment.test_parse_many_top_level_comments_without_recursion_error,344d25ce0e30ef0a1ce732e67f80a67d01e94521,2026-04-10T13:51:56+02:00,344d25ce0e30ef0a1ce732e67f80a67d01e94521,2026-04-10T13:51:56+02:00,1,125,0.1111111111111111,,,False,False,0,1,0.0,327.09,,0.003057305800218654,688141049.0,mangiucugna/json_repair,Python
tests/test_parse_comment.py,2,callable,ok,tests.test_parse_comment.test_line_comment_brackets_do_not_trigger_empty_object_array_fallback,tests.test_parse_comment.test_line_comment_brackets_do_not_trigger_empty_object_array_fallback,b8cd2e231a1c9dc36a043c958d40bda68848b7d7,2026-05-10T07:22:22+02:00,b8cd2e231a1c9dc36a043c958d40bda68848b7d7,2026-05-10T07:22:22+02:00,1,96,0.2,,,False,False,0,1,0.0,356.81,,0.002802574034501892,688141049.0,mangiucugna/json_repair,Python
tests/test_parse_comment.py,3,callable,ok,tests.test_parse_comment.test_block_comment_brackets_do_not_trigger_empty_object_array_fallback,tests.test_parse_comment.test_block_comment_brackets_do_not_trigger_empty_object_array_fallback,b8cd2e231a1c9dc36a043c958d40bda68848b7d7,2026-05-10T07:22:22+02:00,b8cd2e231a1c9dc36a043c958d40bda68848b7d7,2026-05-10T07:22:22+02:00,1,96,0.2,,,False,False,0,1,0.0,356.81,,0.002802574034501892,688141049.0,mangiucugna/json_repair,Python
tests/test_parse_comment.py,4,callable,ok,tests.test_parse_comment.test_line_comment_brackets_do_not_close_array_items,tests.test_parse_comment.test_line_comment_brackets_do_not_close_array_items,b8cd2e231a1c9dc36a043c958d40bda68848b7d7,2026-05-10T07:22:22+02:00,b8cd2e231a1c9dc36a043c958d40bda68848b7d7,2026-05-10T07:22:22+02:00,1,96,0.043478260869565216,,,False,False,0,1,0.0,356.81,,0.002802574034501892,688141049.0,mangiucugna/json_repair,Python
tests/test_parse_number.py,0,callable,ok,tests.test_parse_number.test_parse_number,tests.test_parse_number.test_parse_number,3f99704271fcd7ff4ae10920321208dd6a401ba3,2025-06-30T09:33:10+02:00,6bc1a2d25de5dd9a628ef72bef56456e2da7d93e,2025-11-19T14:49:04Z,2,409,0.4,,,False,False,0,2,0.0,185.21,,0.010798647469404458,688141049.0,mangiucugna/json_repair,Python
tests/test_parse_number.py,1,callable,ok,tests.test_parse_number.test_parse_number_edge_cases,tests.test_parse_number.test_parse_number_edge_cases,3f99704271fcd7ff4ae10920321208dd6a401ba3,2025-06-30T09:33:10+02:00,aaa0490b0347002188962a2e3404aca50e467565,2026-01-23T10:30:52+01:00,2,409,0.08695652173913043,,,False,False,0,2,0.0,249.99,,0.008000402983261379,688141049.0,mangiucugna/json_repair,Python
tests/test_parse_object.py,0,callable,ok,tests.test_parse_object.test_parse_object,tests.test_parse_object.test_parse_object,3f99704271fcd7ff4ae10920321208dd6a401ba3,2025-06-30T09:33:10+02:00,3f99704271fcd7ff4ae10920321208dd6a401ba3,2025-06-30T09:33:10+02:00,1,409,0.058823529411764705,,,False,False,0,1,0.0,42.91,,0.023306942177742408,688141049.0,mangiucugna/json_repair,Python
tests/test_parse_object.py,1,callable,ok,tests.test_parse_object.test_parse_object_edge_cases,tests.test_parse_object.test_parse_object_edge_cases,3f99704271fcd7ff4ae10920321208dd6a401ba3,2025-06-30T09:33:10+02:00,eea54ac0b924d47cc726de710e92db1ec8e3adce,2026-03-26T20:07:28+01:00,8,409,0.0963855421686747,2.234176314650259,,False,False,0,8,0.0,312.39,,0.025609192751709246,688141049.0,mangiucugna/json_repair,Python
tests/test_parse_object.py,2,callable,ok,tests.test_parse_object.test_parse_object_merge_at_the_end,tests.test_parse_object.test_parse_object_merge_at_the_end,67612a21c2f2a803a4122db5d6d18fe98af6e8a2,2025-09-19T06:06:57+02:00,67612a21c2f2a803a4122db5d6d18fe98af6e8a2,2025-09-19T06:06:57+02:00,1,329,0.08333333333333333,,,False,False,0,1,0.0,123.76,,0.00807999418689307,688141049.0,mangiucugna/json_repair,Python
tests/test_parse_object.py,3,callable,ok,tests.test_parse_object.test_parse_object_preserves_backslash_escaped_keys,tests.test_parse_object.test_parse_object_preserves_backslash_escaped_keys,eea54ac0b924d47cc726de710e92db1ec8e3adce,2026-03-26T20:07:28+01:00,eea54ac0b924d47cc726de710e92db1ec8e3adce,2026-03-26T20:07:28+01:00,1,140,0.125,,,False,False,0,1,0.0,312.39,,0.003201149093963656,688141049.0,mangiucugna/json_repair,Python
tests/test_parse_object.py,4,callable,ok,tests.test_parse_object.test_parse_object_empty_object_classifier_keeps_objectish_inputs,tests.test_parse_object.test_parse_object_empty_object_classifier_keeps_objectish_inputs,eea54ac0b924d47cc726de710e92db1ec8e3adce,2026-03-26T20:07:28+01:00,eea54ac0b924d47cc726de710e92db1ec8e3adce,2026-03-26T20:07:28+01:00,1,140,0.1,,,False,False,0,1,0.0,312.39,,0.003201149093963656,688141049.0,mangiucugna/json_repair,Python
tests/test_parse_object.py,5,callable,ok,tests.test_parse_object.test_parse_object_empty_object_classifier_keeps_array_fallback_for_backslash_noise,tests.test_parse_object.test_parse_object_empty_object_classifier_keeps_array_fallback_for_backslash_noise,eea54ac0b924d47cc726de710e92db1ec8e3adce,2026-03-26T20:07:28+01:00,eea54ac0b924d47cc726de710e92db1ec8e3adce,2026-03-26T20:07:28+01:00,1,140,0.2,,,False,False,0,1,0.0,312.39,,0.003201149093963656,688141049.0,mangiucugna/json_repair,Python
tests/test_parse_object.py,6,callable,ok,tests.test_parse_object.test_parse_object_empty_object_array_fallback_preserves_legacy_key_context,tests.test_parse_object.test_parse_object_empty_object_array_fallback_preserves_legacy_key_context,9ce0b277c9e0e2ac37b60d62e5545d90f3d0cd59,2026-04-12T17:26:32+02:00,9ce0b277c9e0e2ac37b60d62e5545d90f3d0cd59,2026-04-12T17:26:32+02:00,1,123,0.5,,,False,False,0,1,0.0,329.23,,0.0030373496986485058,688141049.0,mangiucugna/json_repair,Python
tests/test_parse_string.py,0,class,ok,tests.test_parse_string.CountingParser,tests.test_parse_string.CountingParser,6a8b72b78dc312b70286bad96f568cc843e670eb,2026-06-29T14:07:41+02:00,6a8b72b78dc312b70286bad96f568cc843e670eb,2026-06-29T14:07:41+02:00,1,45,0.125,,,False,False,0,1,0.0,407.1,,0.0024564211973114357,688141049.0,mangiucugna/json_repair,Python
tests/test_parse_string.py,18,callable,ok,tests.test_parse_string.test_parse_string_keeps_literal_fenced_snippet_in_multiline_object_value,tests.test_parse_string.test_parse_string_keeps_literal_fenced_snippet_in_multiline_object_value,d14f73dd75c735b6f59696db8da76072723a15ab,2026-04-14T11:59:32+02:00,d14f73dd75c735b6f59696db8da76072723a15ab,2026-04-14T11:59:32+02:00,1,0,0.16666666666666666,,,True,False,0,1,0.0,331.01,,0.003021081272960567,688141049.0,mangiucugna/json_repair,Python
tests/test_parse_string.py,19,callable,ok,tests.test_parse_string.test_parse_string_keeps_literal_fenced_snippet_before_stray_quote_line,tests.test_parse_string.test_parse_string_keeps_literal_fenced_snippet_before_stray_quote_line,2dbddfa4f1951b74e1ebef49ae81252205d3026e,2026-04-14T15:49:01+02:00,2dbddfa4f1951b74e1ebef49ae81252205d3026e,2026-04-14T15:49:01+02:00,1,0,0.16666666666666666,,,True,False,0,1,0.0,331.17,,0.003019627473731076,688141049.0,mangiucugna/json_repair,Python
tests/test_parse_string.py,20,callable,ok,tests.test_parse_string.test_parse_string_keeps_literal_fenced_snippet_before_stray_quote_line_with_single_quoted_key,tests.test_parse_string.test_parse_string_keeps_literal_fenced_snippet_before_stray_quote_line_with_single_quoted_key,2dbddfa4f1951b74e1ebef49ae81252205d3026e,2026-04-14T15:49:01+02:00,2dbddfa4f1951b74e1ebef49ae81252205d3026e,2026-04-14T15:49:01+02:00,1,0,0.16666666666666666,,,True,False,0,1,0.0,331.17,,0.003019627473731076,688141049.0,mangiucugna/json_repair,Python
tests/test_parse_string.py,21,callable,ok,tests.test_parse_string.test_parse_string_keeps_literal_fenced_snippet_before_stray_quote_line_with_comment_before_key,tests.test_parse_string.test_parse_string_keeps_literal_fenced_snippet_before_stray_quote_line_with_comment_before_key,2dbddfa4f1951b74e1ebef49ae81252205d3026e,2026-04-14T15:49:01+02:00,2dbddfa4f1951b74e1ebef49ae81252205d3026e,2026-04-14T15:49:01+02:00,1,0,0.16666666666666666,,,True,False,0,1,0.0,331.17,,0.003019627473731076,688141049.0,mangiucugna/json_repair,Python
tests/test_parse_string.py,22,callable,ok,tests.test_parse_string.test_parse_string_keeps_literal_fenced_snippet_before_stray_quote_line_with_bare_key,tests.test_parse_string.test_parse_string_keeps_literal_fenced_snippet_before_stray_quote_line_with_bare_key,2dbddfa4f1951b74e1ebef49ae81252205d3026e,2026-04-14T15:49:01+02:00,2dbddfa4f1951b74e1ebef49ae81252205d3026e,2026-04-14T15:49:01+02:00,1,0,0.16666666666666666,,,True,False,0,1,0.0,331.17,,0.003019627473731076,688141049.0,mangiucugna/json_repair,Python
tests/test_parse_string.py,0,callable,ok,tests.test_parse_string.test_parse_string,tests.test_parse_string.test_parse_string,3f99704271fcd7ff4ae10920321208dd6a401ba3,2025-06-30T09:33:10+02:00,3f99704271fcd7ff4ae10920321208dd6a401ba3,2025-06-30T09:33:10+02:00,1,409,0.16666666666666666,,,False,False,0,1,0.0,42.91,,0.023306942177742408,688141049.0,mangiucugna/json_repair,Python
tests/test_parse_string.py,1,callable,ok,tests.test_parse_string.test_missing_and_mixed_quotes,tests.test_parse_string.test_missing_and_mixed_quotes,3f99704271fcd7ff4ae10920321208dd6a401ba3,2025-06-30T09:33:10+02:00,16e74a72b603baea38c0a22f78ec8d5f85eb6091,2025-07-01T17:40:23+02:00,2,409,0.0425531914893617,,,False,False,0,2,0.0,44.24,,0.04520385289598955,688141049.0,mangiucugna/json_repair,Python
tests/test_parse_string.py,2,callable,ok,tests.test_parse_string.test_escaping,tests.test_parse_string.test_escaping,3f99704271fcd7ff4ae10920321208dd6a401ba3,2025-06-30T09:33:10+02:00,869e3da31f275ae0420b4cec2798cc977231af8e,2025-08-10T10:04:23+02:00,3,409,0.2,0.9622158364192672,,False,False,0,3,0.0,83.93,,0.035745201254998575,688141049.0,mangiucugna/json_repair,Python
tests/test_parse_string.py,3,callable,ok,tests.test_parse_string.test_markdown,tests.test_parse_string.test_markdown,3f99704271fcd7ff4ae10920321208dd6a401ba3,2025-06-30T09:33:10+02:00,3f99704271fcd7ff4ae10920321208dd6a401ba3,2025-06-30T09:33:10+02:00,1,409,0.14285714285714285,,,False,False,0,1,0.0,42.91,,0.023306942177742408,688141049.0,mangiucugna/json_repair,Python
tests/test_parse_string.py,4,callable,ok,tests.test_parse_string.test_leading_trailing_characters,tests.test_parse_string.test_leading_trailing_characters,3f99704271fcd7ff4ae10920321208dd6a401ba3,2025-06-30T09:33:10+02:00,3f99704271fcd7ff4ae10920321208dd6a401ba3,2025-06-30T09:33:10+02:00,1,409,0.06666666666666667,,,False,False,0,1,0.0,42.91,,0.023306942177742408,688141049.0,mangiucugna/json_repair,Python
tests/test_parse_string.py,5,callable,ok,tests.test_parse_string.test_string_json_llm_block,tests.test_parse_string.test_string_json_llm_block,7a0e88cf4b0f922e074906aa4cccb8942ae3d9cd,2025-11-08T14:12:59+01:00,7a0e88cf4b0f922e074906aa4cccb8942ae3d9cd,2025-11-08T14:12:59+01:00,1,278,0.125,,,False,False,0,1,0.0,174.14,,0.0057424514511952435,688141049.0,mangiucugna/json_repair,Python
tests/test_parse_string.py,6,callable,ok,tests.test_parse_string.test_parse_boolean_or_null,tests.test_parse_string.test_parse_boolean_or_null,047f27f1b1a5b43b569744b4fc8cb45a00ad675f,2025-11-10T16:10:54+01:00,047f27f1b1a5b43b569744b4fc8cb45a00ad675f,2025-11-10T16:10:54+01:00,1,276,0.1111111111111111,,,False,False,0,1,0.0,176.22,,0.005674610727615138,688141049.0,mangiucugna/json_repair,Python
tests/test_parse_string.py,7,callable,ok,tests.test_parse_string.test_fenced_json_wrapper_matches_plain_for_duplicate_keys,tests.test_parse_string.test_fenced_json_wrapper_matches_plain_for_duplicate_keys,25a0883f7f1051040f25543a93ed764646594d20,2026-03-03T06:31:41+01:00,25a0883f7f1051040f25543a93ed764646594d20,2026-03-03T06:31:41+01:00,1,164,0.041666666666666664,,,False,False,0,1,0.0,288.82,,0.003462348423575531,688141049.0,mangiucugna/json_repair,Python
tests/test_parse_string.py,8,callable,ok,tests.test_parse_string.test_parse_string_logs_invalid_code_fences,tests.test_parse_string.test_parse_string_logs_invalid_code_fences,0a7ad6679249d274afeaba1d414b8541af8c5fb7,2026-03-07T13:41:43+01:00,0a7ad6679249d274afeaba1d414b8541af8c5fb7,2026-03-07T13:41:43+01:00,1,159,0.25,,,False,False,0,1,0.0,293.12,,0.0034115727259449277,688141049.0,mangiucugna/json_repair,Python
tests/test_parse_string.py,9,callable,ok,tests.test_parse_string.test_parse_string_fast_path_keeps_clean_values_log_free,tests.test_parse_string.test_parse_string_fast_path_keeps_clean_values_log_free,0a7ad6679249d274afeaba1d414b8541af8c5fb7,2026-03-07T13:41:43+01:00,0a7ad6679249d274afeaba1d414b8541af8c5fb7,2026-03-07T13:41:43+01:00,1,159,0.25,,,False,False,0,1,0.0,293.12,,0.0034115727259449277,688141049.0,mangiucugna/json_repair,Python
tests/test_parse_string.py,10,callable,ok,tests.test_parse_string.test_parse_string_fast_path_falls_back_for_escapes_with_logs,tests.test_parse_string.test_parse_string_fast_path_falls_back_for_escapes_with_logs,0a7ad6679249d274afeaba1d414b8541af8c5fb7,2026-03-07T13:41:43+01:00,0a7ad6679249d274afeaba1d414b8541af8c5fb7,2026-03-07T13:41:43+01:00,1,159,0.1111111111111111,,,False,False,0,1,0.0,293.12,,0.0034115727259449277,688141049.0,mangiucugna/json_repair,Python
tests/test_parse_string.py,11,callable,ok,tests.test_parse_string.test_parse_string_fast_path_rejects_ambiguous_top_level_trailing_text,tests.test_parse_string.test_parse_string_fast_path_rejects_ambiguous_top_level_trailing_text,0a7ad6679249d274afeaba1d414b8541af8c5fb7,2026-03-07T13:41:43+01:00,0a7ad6679249d274afeaba1d414b8541af8c5fb7,2026-03-07T13:41:43+01:00,1,159,0.3333333333333333,,,False,False,0,1,0.0,293.12,,0.0034115727259449277,688141049.0,mangiucugna/json_repair,Python
tests/test_parse_string.py,12,callable,ok,tests.test_parse_string.test_parse_string_fast_path_string_wrapper_fallbacks,tests.test_parse_string.test_parse_string_fast_path_string_wrapper_fallbacks,0a7ad6679249d274afeaba1d414b8541af8c5fb7,2026-03-07T13:41:43+01:00,0a7ad6679249d274afeaba1d414b8541af8c5fb7,2026-03-07T13:41:43+01:00,1,159,0.125,,,False,False,0,1,0.0,293.12,,0.0034115727259449277,688141049.0,mangiucugna/json_repair,Python
tests/test_parse_string.py,13,callable,ok,tests.test_parse_string.test_parse_string_empty_single_quoted_key,tests.test_parse_string.test_parse_string_empty_single_quoted_key,0a7ad6679249d274afeaba1d414b8541af8c5fb7,2026-03-07T13:41:43+01:00,0a7ad6679249d274afeaba1d414b8541af8c5fb7,2026-03-07T13:41:43+01:00,1,159,0.5,,,False,False,0,1,0.0,293.12,,0.0034115727259449277,688141049.0,mangiucugna/json_repair,Python
tests/test_parse_string.py,14,callable,ok,tests.test_parse_string.test_parse_string_keeps_inline_object_literal_after_comma,tests.test_parse_string.test_parse_string_keeps_inline_object_literal_after_comma,42a0909820f3652c732c371a2420e742e2294013,2026-04-11T17:53:25+02:00,42a0909820f3652c732c371a2420e742e2294013,2026-04-11T17:53:25+02:00,1,124,0.16666666666666666,,,False,False,0,1,0.0,328.25,,0.003046430026516987,688141049.0,mangiucugna/json_repair,Python
tests/test_parse_string.py,15,callable,ok,tests.test_parse_string.test_parse_string_keeps_inline_object_literal_before_next_member,tests.test_parse_string.test_parse_string_keeps_inline_object_literal_before_next_member,42a0909820f3652c732c371a2420e742e2294013,2026-04-11T17:53:25+02:00,42a0909820f3652c732c371a2420e742e2294013,2026-04-11T17:53:25+02:00,1,124,0.06666666666666667,,,False,False,0,1,0.0,328.25,,0.003046430026516987,688141049.0,mangiucugna/json_repair,Python
tests/test_parse_string.py,16,callable,ok,tests.test_parse_string.test_parse_string_object_value_brace_heuristics,tests.test_parse_string.test_parse_string_object_value_brace_heuristics,42a0909820f3652c732c371a2420e742e2294013,2026-04-11T17:53:25+02:00,42a0909820f3652c732c371a2420e742e2294013,2026-04-11T17:53:25+02:00,1,124,0.1,,,False,False,0,1,0.0,328.25,,0.003046430026516987,688141049.0,mangiucugna/json_repair,Python
tests/test_parse_string.py,17,callable,ok,tests.test_parse_string.test_parse_string_missing_quotes_object_value_stops_at_quote_fragment,tests.test_parse_string.test_parse_string_missing_quotes_object_value_stops_at_quote_fragment,9ce0b277c9e0e2ac37b60d62e5545d90f3d0cd59,2026-04-12T17:26:32+02:00,9ce0b277c9e0e2ac37b60d62e5545d90f3d0cd59,2026-04-12T17:26:32+02:00,1,123,0.5,,,False,False,0,1,0.0,329.23,,0.0030373496986485058,688141049.0,mangiucugna/json_repair,Python
tests/test_parse_string.py,23,callable,ok,tests.test_parse_string.test_parse_string_stray_quote_line_before_trailing_comma_drops_stray_quote,tests.test_parse_string.test_parse_string_stray_quote_line_before_trailing_comma_drops_stray_quote,2dbddfa4f1951b74e1ebef49ae81252205d3026e,2026-04-14T15:49:01+02:00,e59446c3c950fff303595683357d3fedee5e73b0,2026-04-15T08:21:53+02:00,2,121,1.0,,,False,False,0,2,0.0,331.86,,0.006026707311599218,688141049.0,mangiucugna/json_repair,Python
tests/test_parse_string.py,24,callable,ok,tests.test_parse_string.test_parse_string_stray_quote_line_before_trailing_comma_at_eof_drops_stray_quote,tests.test_parse_string.test_parse_string_stray_quote_line_before_trailing_comma_at_eof_drops_stray_quote,2dbddfa4f1951b74e1ebef49ae81252205d3026e,2026-04-14T15:49:01+02:00,e59446c3c950fff303595683357d3fedee5e73b0,2026-04-15T08:21:53+02:00,2,121,1.0,,,False,False,0,2,0.0,331.86,,0.006026707311599218,688141049.0,mangiucugna/json_repair,Python
tests/test_parse_string.py,25,callable,ok,tests.test_parse_string.test_parse_string_keeps_multiline_curly_quoted_prose_after_comma,tests.test_parse_string.test_parse_string_keeps_multiline_curly_quoted_prose_after_comma,2dbddfa4f1951b74e1ebef49ae81252205d3026e,2026-04-14T15:49:01+02:00,e59446c3c950fff303595683357d3fedee5e73b0,2026-04-15T08:21:53+02:00,2,121,1.0,,,False,False,0,2,0.0,331.86,,0.006026707311599218,688141049.0,mangiucugna/json_repair,Python
tests/test_parse_string.py,26,callable,ok,tests.test_parse_string.test_brace_before_code_fence_helper_rejects_non_delimiter_after_quote,tests.test_parse_string.test_brace_before_code_fence_helper_rejects_non_delimiter_after_quote,2dbddfa4f1951b74e1ebef49ae81252205d3026e,2026-04-14T15:49:01+02:00,2dbddfa4f1951b74e1ebef49ae81252205d3026e,2026-04-14T15:49:01+02:00,1,121,0.3333333333333333,,,False,False,0,1,0.0,331.17,,0.003019627473731076,688141049.0,mangiucugna/json_repair,Python
tests/test_parse_string.py,27,callable,ok,tests.test_parse_string.test_quoted_object_member_follows_rejects_unquoted_next_key,tests.test_parse_string.test_quoted_object_member_follows_rejects_unquoted_next_key,2dbddfa4f1951b74e1ebef49ae81252205d3026e,2026-04-14T15:49:01+02:00,2dbddfa4f1951b74e1ebef49ae81252205d3026e,2026-04-14T15:49:01+02:00,1,121,0.3333333333333333,,,False,False,0,1,0.0,331.17,,0.003019627473731076,688141049.0,mangiucugna/json_repair,Python
tests/test_parse_string.py,28,callable,ok,tests.test_parse_string.test_quoted_object_member_follows_rejects_unterminated_next_key,tests.test_parse_string.test_quoted_object_member_follows_rejects_unterminated_next_key,2dbddfa4f1951b74e1ebef49ae81252205d3026e,2026-04-14T15:49:01+02:00,2dbddfa4f1951b74e1ebef49ae81252205d3026e,2026-04-14T15:49:01+02:00,1,121,0.3333333333333333,,,False,False,0,1,0.0,331.17,,0.003019627473731076,688141049.0,mangiucugna/json_repair,Python
tests/test_parse_string.py,29,callable,ok,tests.test_parse_string.test_quoted_object_member_follows_accepts_single_quoted_next_key,tests.test_parse_string.test_quoted_object_member_follows_accepts_single_quoted_next_key,2dbddfa4f1951b74e1ebef49ae81252205d3026e,2026-04-14T15:49:01+02:00,2dbddfa4f1951b74e1ebef49ae81252205d3026e,2026-04-14T15:49:01+02:00,1,121,0.3333333333333333,,,False,False,0,1,0.0,331.17,,0.003019627473731076,688141049.0,mangiucugna/json_repair,Python
tests/test_parse_string.py,30,callable,ok,tests.test_parse_string.test_quoted_object_member_follows_accepts_curly_quoted_next_key,tests.test_parse_string.test_quoted_object_member_follows_accepts_curly_quoted_next_key,2dbddfa4f1951b74e1ebef49ae81252205d3026e,2026-04-14T15:49:01+02:00,2dbddfa4f1951b74e1ebef49ae81252205d3026e,2026-04-14T15:49:01+02:00,1,121,0.3333333333333333,,,False,False,0,1,0.0,331.17,,0.003019627473731076,688141049.0,mangiucugna/json_repair,Python
tests/test_parse_string.py,31,callable,ok,tests.test_parse_string.test_quoted_object_member_follows_accepts_comment_before_next_key,tests.test_parse_string.test_quoted_object_member_follows_accepts_comment_before_next_key,2dbddfa4f1951b74e1ebef49ae81252205d3026e,2026-04-14T15:49:01+02:00,2dbddfa4f1951b74e1ebef49ae81252205d3026e,2026-04-14T15:49:01+02:00,1,121,0.3333333333333333,,,False,False,0,1,0.0,331.17,,0.003019627473731076,688141049.0,mangiucugna/json_repair,Python
tests/test_parse_string.py,32,callable,ok,tests.test_parse_string.test_quoted_object_member_follows_accepts_hash_comment_before_next_key,tests.test_parse_string.test_quoted_object_member_follows_accepts_hash_comment_before_next_key,2dbddfa4f1951b74e1ebef49ae81252205d3026e,2026-04-14T15:49:01+02:00,2dbddfa4f1951b74e1ebef49ae81252205d3026e,2026-04-14T15:49:01+02:00,1,121,0.3333333333333333,,,False,False,0,1,0.0,331.17,,0.003019627473731076,688141049.0,mangiucugna/json_repair,Python
tests/test_parse_string.py,33,callable,ok,tests.test_parse_string.test_quoted_object_member_follows_accepts_block_comment_before_next_key,tests.test_parse_string.test_quoted_object_member_follows_accepts_block_comment_before_next_key,2dbddfa4f1951b74e1ebef49ae81252205d3026e,2026-04-14T15:49:01+02:00,2dbddfa4f1951b74e1ebef49ae81252205d3026e,2026-04-14T15:49:01+02:00,1,121,0.3333333333333333,,,False,False,0,1,0.0,331.17,,0.003019627473731076,688141049.0,mangiucugna/json_repair,Python
tests/test_parse_string.py,34,callable,ok,tests.test_parse_string.test_quoted_object_member_follows_accepts_comment_before_bare_next_key,tests.test_parse_string.test_quoted_object_member_follows_accepts_comment_before_bare_next_key,2dbddfa4f1951b74e1ebef49ae81252205d3026e,2026-04-14T15:49:01+02:00,2dbddfa4f1951b74e1ebef49ae81252205d3026e,2026-04-14T15:49:01+02:00,1,121,0.3333333333333333,,,False,False,0,1,0.0,331.17,,0.003019627473731076,688141049.0,mangiucugna/json_repair,Python
tests/test_parse_string.py,35,callable,ok,tests.test_parse_string.test_quoted_object_member_follows_accepts_bare_next_key,tests.test_parse_string.test_quoted_object_member_follows_accepts_bare_next_key,2dbddfa4f1951b74e1ebef49ae81252205d3026e,2026-04-14T15:49:01+02:00,2dbddfa4f1951b74e1ebef49ae81252205d3026e,2026-04-14T15:49:01+02:00,1,121,0.3333333333333333,,,False,False,0,1,0.0,331.17,,0.003019627473731076,688141049.0,mangiucugna/json_repair,Python
tests/test_parse_string.py,36,callable,ok,tests.test_parse_string.test_quoted_object_member_follows_rejects_trailing_comma_endings,tests.test_parse_string.test_quoted_object_member_follows_rejects_trailing_comma_endings,2dbddfa4f1951b74e1ebef49ae81252205d3026e,2026-04-14T15:49:01+02:00,2dbddfa4f1951b74e1ebef49ae81252205d3026e,2026-04-14T15:49:01+02:00,1,121,0.3333333333333333,,,False,False,0,1,0.0,331.17,,0.003019627473731076,688141049.0,mangiucugna/json_repair,Python
tests/test_parse_string.py,37,callable,ok,tests.test_parse_string.test_quoted_object_member_follows_rejects_unclosed_block_comment_before_next_key,tests.test_parse_string.test_quoted_object_member_follows_rejects_unclosed_block_comment_before_next_key,2dbddfa4f1951b74e1ebef49ae81252205d3026e,2026-04-14T15:49:01+02:00,2dbddfa4f1951b74e1ebef49ae81252205d3026e,2026-04-14T15:49:01+02:00,1,121,0.3333333333333333,,,False,False,0,1,0.0,331.17,,0.003019627473731076,688141049.0,mangiucugna/json_repair,Python
tests/test_parse_string.py,38,callable,ok,tests.test_parse_string.test_quoted_object_member_follows_rejects_array_after_comment,tests.test_parse_string.test_quoted_object_member_follows_rejects_array_after_comment,2dbddfa4f1951b74e1ebef49ae81252205d3026e,2026-04-14T15:49:01+02:00,2dbddfa4f1951b74e1ebef49ae81252205d3026e,2026-04-14T15:49:01+02:00,1,121,0.3333333333333333,,,False,False,0,1,0.0,331.17,,0.003019627473731076,688141049.0,mangiucugna/json_repair,Python
tests/test_parse_string.py,39,callable,ok,tests.test_parse_string._assert_object_repairs,tests.test_parse_string._assert_object_repairs,e59446c3c950fff303595683357d3fedee5e73b0,2026-04-15T08:21:53+02:00,e59446c3c950fff303595683357d3fedee5e73b0,2026-04-15T08:21:53+02:00,1,121,0.3333333333333333,,,False,False,0,1,0.0,331.86,,0.003013353655799609,688141049.0,mangiucugna/json_repair,Python
tests/test_parse_string.py,40,callable,ok,tests.test_parse_string.test_parse_string_keeps_literal_fenced_snippet_cases,tests.test_parse_string.test_parse_string_keeps_literal_fenced_snippet_cases,e59446c3c950fff303595683357d3fedee5e73b0,2026-04-15T08:21:53+02:00,e59446c3c950fff303595683357d3fedee5e73b0,2026-04-15T08:21:53+02:00,1,121,0.5,,,False,False,0,1,0.0,331.86,,0.003013353655799609,688141049.0,mangiucugna/json_repair,Python
tests/test_parse_string.py,41,callable,ok,tests.test_parse_string.test_brace_before_code_fence_helper_rejects_unterminated_container_after_fence,tests.test_parse_string.test_brace_before_code_fence_helper_rejects_unterminated_container_after_fence,e59446c3c950fff303595683357d3fedee5e73b0,2026-04-15T08:21:53+02:00,e59446c3c950fff303595683357d3fedee5e73b0,2026-04-15T08:21:53+02:00,1,121,0.3333333333333333,,,False,False,0,1,0.0,331.86,,0.003013353655799609,688141049.0,mangiucugna/json_repair,Python
tests/test_parse_string.py,42,callable,ok,tests.test_parse_string.test_brace_before_code_fence_helper_accepts_unbalanced_container_like_prose_after_fence,tests.test_parse_string.test_brace_before_code_fence_helper_accepts_unbalanced_container_like_prose_after_fence,e59446c3c950fff303595683357d3fedee5e73b0,2026-04-15T08:21:53+02:00,e59446c3c950fff303595683357d3fedee5e73b0,2026-04-15T08:21:53+02:00,1,121,0.3333333333333333,,,False,False,0,1,0.0,331.86,,0.003013353655799609,688141049.0,mangiucugna/json_repair,Python
tests/test_parse_string.py,43,callable,ok,tests.test_parse_string.test_brace_before_code_fence_helper_accepts_later_closing_quote_after_quoted_prose,tests.test_parse_string.test_brace_before_code_fence_helper_accepts_later_closing_quote_after_quoted_prose,e59446c3c950fff303595683357d3fedee5e73b0,2026-04-15T08:21:53+02:00,e59446c3c950fff303595683357d3fedee5e73b0,2026-04-15T08:21:53+02:00,1,121,0.3333333333333333,,,False,False,0,1,0.0,331.86,,0.003013353655799609,688141049.0,mangiucugna/json_repair,Python
tests/test_parse_string.py,44,callable,ok,tests.test_parse_string.test_brace_before_code_fence_helper_rejects_container_started_after_fence,tests.test_parse_string.test_brace_before_code_fence_helper_rejects_container_started_after_fence,e59446c3c950fff303595683357d3fedee5e73b0,2026-04-15T08:21:53+02:00,e59446c3c950fff303595683357d3fedee5e73b0,2026-04-15T08:21:53+02:00,1,121,0.3333333333333333,,,False,False,0,1,0.0,331.86,,0.003013353655799609,688141049.0,mangiucugna/json_repair,Python
tests/test_parse_string.py,45,callable,ok,tests.test_parse_string.test_brace_before_code_fence_helper_rejects_container_closing_object_after_fence,tests.test_parse_string.test_brace_before_code_fence_helper_rejects_container_closing_object_after_fence,e59446c3c950fff303595683357d3fedee5e73b0,2026-04-15T08:21:53+02:00,e59446c3c950fff303595683357d3fedee5e73b0,2026-04-15T08:21:53+02:00,1,121,0.3333333333333333,,,False,False,0,1,0.0,331.86,,0.003013353655799609,688141049.0,mangiucugna/json_repair,Python
tests/test_parse_string.py,46,callable,ok,tests.test_parse_string.test_brace_before_code_fence_helper_accepts_literal_container_after_fence,tests.test_parse_string.test_brace_before_code_fence_helper_accepts_literal_container_after_fence,e59446c3c950fff303595683357d3fedee5e73b0,2026-04-15T08:21:53+02:00,e59446c3c950fff303595683357d3fedee5e73b0,2026-04-15T08:21:53+02:00,1,121,0.3333333333333333,,,False,False,0,1,0.0,331.86,,0.003013353655799609,688141049.0,mangiucugna/json_repair,Python
tests/test_parse_string.py,47,callable,ok,tests.test_parse_string.test_brace_before_code_fence_helper_rejects_comment_prefixed_container_after_fence,tests.test_parse_string.test_brace_before_code_fence_helper_rejects_comment_prefixed_container_after_fence,e59446c3c950fff303595683357d3fedee5e73b0,2026-04-15T08:21:53+02:00,e59446c3c950fff303595683357d3fedee5e73b0,2026-04-15T08:21:53+02:00,1,121,0.3333333333333333,,,False,False,0,1,0.0,331.86,,0.003013353655799609,688141049.0,mangiucugna/json_repair,Python
tests/test_parse_string.py,48,callable,ok,tests.test_parse_string.test_brace_before_code_fence_helper_accepts_comment_prefixed_literal_container_after_fence,tests.test_parse_string.test_brace_before_code_fence_helper_accepts_comment_prefixed_literal_container_after_fence,e59446c3c950fff303595683357d3fedee5e73b0,2026-04-15T08:21:53+02:00,e59446c3c950fff303595683357d3fedee5e73b0,2026-04-15T08:21:53+02:00,1,121,0.3333333333333333,,,False,False,0,1,0.0,331.86,,0.003013353655799609,688141049.0,mangiucugna/json_repair,Python
tests/test_parse_string.py,49,callable,ok,tests.test_parse_string.test_brace_before_code_fence_helper_accepts_literal_container_after_fence_with_trailing_comma,tests.test_parse_string.test_brace_before_code_fence_helper_accepts_literal_container_after_fence_with_trailing_comma,e59446c3c950fff303595683357d3fedee5e73b0,2026-04-15T08:21:53+02:00,e59446c3c950fff303595683357d3fedee5e73b0,2026-04-15T08:21:53+02:00,1,121,0.3333333333333333,,,False,False,0,1,0.0,331.86,,0.003013353655799609,688141049.0,mangiucugna/json_repair,Python
tests/test_parse_string.py,50,callable,ok,tests.test_parse_string.test_brace_before_code_fence_helper_accepts_comment_prefixed_literal_container_after_fence_with_trailing_comma,tests.test_parse_string.test_brace_before_code_fence_helper_accepts_comment_prefixed_literal_container_after_fence_with_trailing_comma,e59446c3c950fff303595683357d3fedee5e73b0,2026-04-15T08:21:53+02:00,e59446c3c950fff303595683357d3fedee5e73b0,2026-04-15T08:21:53+02:00,1,121,0.3333333333333333,,,False,False,0,1,0.0,331.86,,0.003013353655799609,688141049.0,mangiucugna/json_repair,Python
tests/test_parse_string.py,51,callable,ok,tests.test_parse_string.test_skip_inline_container_returns_same_index_for_non_container,tests.test_parse_string.test_skip_inline_container_returns_same_index_for_non_container,e59446c3c950fff303595683357d3fedee5e73b0,2026-04-15T08:21:53+02:00,e59446c3c950fff303595683357d3fedee5e73b0,2026-04-15T08:21:53+02:00,1,121,0.3333333333333333,,,False,False,0,1,0.0,331.86,,0.003013353655799609,688141049.0,mangiucugna/json_repair,Python
tests/test_parse_string.py,52,callable,ok,tests.test_parse_string.test_starts_nested_inline_container_accepts_container_at_start,tests.test_parse_string.test_starts_nested_inline_container_accepts_container_at_start,e59446c3c950fff303595683357d3fedee5e73b0,2026-04-15T08:21:53+02:00,e59446c3c950fff303595683357d3fedee5e73b0,2026-04-15T08:21:53+02:00,1,121,0.3333333333333333,,,False,False,0,1,0.0,331.86,,0.003013353655799609,688141049.0,mangiucugna/json_repair,Python
tests/test_parse_string.py,53,callable,ok,tests.test_parse_string.test_starts_nested_inline_container_accepts_out_of_range_prefix_conservatively,tests.test_parse_string.test_starts_nested_inline_container_accepts_out_of_range_prefix_conservatively,e59446c3c950fff303595683357d3fedee5e73b0,2026-04-15T08:21:53+02:00,e59446c3c950fff303595683357d3fedee5e73b0,2026-04-15T08:21:53+02:00,1,121,0.3333333333333333,,,False,False,0,1,0.0,331.86,,0.003013353655799609,688141049.0,mangiucugna/json_repair,Python
tests/test_parse_string.py,54,callable,ok,tests.test_parse_string.test_starts_nested_inline_container_rejects_unmatched_inner_array_after_comma,tests.test_parse_string.test_starts_nested_inline_container_rejects_unmatched_inner_array_after_comma,e59446c3c950fff303595683357d3fedee5e73b0,2026-04-15T08:21:53+02:00,e59446c3c950fff303595683357d3fedee5e73b0,2026-04-15T08:21:53+02:00,1,121,0.3333333333333333,,,False,False,0,1,0.0,331.86,,0.003013353655799609,688141049.0,mangiucugna/json_repair,Python
tests/test_parse_string.py,55,callable,ok,tests.test_parse_string.test_starts_nested_inline_container_accepts_object_with_quoted_key_after_comma,tests.test_parse_string.test_starts_nested_inline_container_accepts_object_with_quoted_key_after_comma,e59446c3c950fff303595683357d3fedee5e73b0,2026-04-15T08:21:53+02:00,e59446c3c950fff303595683357d3fedee5e73b0,2026-04-15T08:21:53+02:00,1,121,0.3333333333333333,,,False,False,0,1,0.0,331.86,,0.003013353655799609,688141049.0,mangiucugna/json_repair,Python
tests/test_parse_string.py,56,callable,ok,tests.test_parse_string.test_starts_nested_inline_container_accepts_numeric_array_after_comma,tests.test_parse_string.test_starts_nested_inline_container_accepts_numeric_array_after_comma,e59446c3c950fff303595683357d3fedee5e73b0,2026-04-15T08:21:53+02:00,e59446c3c950fff303595683357d3fedee5e73b0,2026-04-15T08:21:53+02:00,1,121,0.3333333333333333,,,False,False,0,1,0.0,331.86,,0.003013353655799609,688141049.0,mangiucugna/json_repair,Python
tests/test_parse_string.py,57,callable,ok,tests.test_parse_string.test_starts_nested_inline_container_accepts_numeric_parenthesized_value_after_comma,tests.test_parse_string.test_starts_nested_inline_container_accepts_numeric_parenthesized_value_after_comma,e59446c3c950fff303595683357d3fedee5e73b0,2026-04-15T08:21:53+02:00,e59446c3c950fff303595683357d3fedee5e73b0,2026-04-15T08:21:53+02:00,1,121,0.3333333333333333,,,False,False,0,1,0.0,331.86,,0.003013353655799609,688141049.0,mangiucugna/json_repair,Python
tests/test_parse_string.py,58,callable,ok,tests.test_parse_string.test_starts_nested_inline_container_accepts_object_with_bare_key_after_colon,tests.test_parse_string.test_starts_nested_inline_container_accepts_object_with_bare_key_after_colon,e59446c3c950fff303595683357d3fedee5e73b0,2026-04-15T08:21:53+02:00,e59446c3c950fff303595683357d3fedee5e73b0,2026-04-15T08:21:53+02:00,1,121,0.3333333333333333,,,False,False,0,1,0.0,331.86,,0.003013353655799609,688141049.0,mangiucugna/json_repair,Python
tests/test_parse_string.py,59,callable,ok,tests.test_parse_string.test_starts_nested_inline_container_rejects_object_with_bare_key_after_comma,tests.test_parse_string.test_starts_nested_inline_container_rejects_object_with_bare_key_after_comma,e59446c3c950fff303595683357d3fedee5e73b0,2026-04-15T08:21:53+02:00,e59446c3c950fff303595683357d3fedee5e73b0,2026-04-15T08:21:53+02:00,1,121,0.3333333333333333,,,False,False,0,1,0.0,331.86,,0.003013353655799609,688141049.0,mangiucugna/json_repair,Python
tests/test_parse_string.py,60,callable,ok,tests.test_parse_string.test_starts_nested_inline_container_rejects_non_container_after_separator,tests.test_parse_string.test_starts_nested_inline_container_rejects_non_container_after_separator,e59446c3c950fff303595683357d3fedee5e73b0,2026-04-15T08:21:53+02:00,e59446c3c950fff303595683357d3fedee5e73b0,2026-04-15T08:21:53+02:00,1,121,0.3333333333333333,,,False,False,0,1,0.0,331.86,,0.003013353655799609,688141049.0,mangiucugna/json_repair,Python
tests/test_parse_string.py,61,callable,ok,tests.test_parse_string.test_starts_nested_inline_container_rejects_object_with_non_key_start_after_colon,tests.test_parse_string.test_starts_nested_inline_container_rejects_object_with_non_key_start_after_colon,e59446c3c950fff303595683357d3fedee5e73b0,2026-04-15T08:21:53+02:00,e59446c3c950fff303595683357d3fedee5e73b0,2026-04-15T08:21:53+02:00,1,121,0.3333333333333333,,,False,False,0,1,0.0,331.86,,0.003013353655799609,688141049.0,mangiucugna/json_repair,Python
tests/test_parse_string.py,62,callable,ok,tests.test_parse_string.test_skip_inline_container_skips_nested_inline_container,tests.test_parse_string.test_skip_inline_container_skips_nested_inline_container,e59446c3c950fff303595683357d3fedee5e73b0,2026-04-15T08:21:53+02:00,e59446c3c950fff303595683357d3fedee5e73b0,2026-04-15T08:21:53+02:00,1,121,0.3333333333333333,,,False,False,0,1,0.0,331.86,,0.003013353655799609,688141049.0,mangiucugna/json_repair,Python
tests/test_parse_string.py,63,callable,ok,tests.test_parse_string.test_skip_inline_container_keeps_hash_like_literal_content,tests.test_parse_string.test_skip_inline_container_keeps_hash_like_literal_content,e59446c3c950fff303595683357d3fedee5e73b0,2026-04-15T08:21:53+02:00,e59446c3c950fff303595683357d3fedee5e73b0,2026-04-15T08:21:53+02:00,1,121,0.3333333333333333,,,False,False,0,1,0.0,331.86,,0.003013353655799609,688141049.0,mangiucugna/json_repair,Python
tests/test_parse_string.py,64,callable,ok,tests.test_parse_string.test_skip_inline_container_keeps_line_comment_like_literal_content,tests.test_parse_string.test_skip_inline_container_keeps_line_comment_like_literal_content,e59446c3c950fff303595683357d3fedee5e73b0,2026-04-15T08:21:53+02:00,e59446c3c950fff303595683357d3fedee5e73b0,2026-04-15T08:21:53+02:00,1,121,0.3333333333333333,,,False,False,0,1,0.0,331.86,,0.003013353655799609,688141049.0,mangiucugna/json_repair,Python
tests/test_parse_string.py,65,callable,ok,tests.test_parse_string.test_skip_inline_container_keeps_block_comment_like_literal_content,tests.test_parse_string.test_skip_inline_container_keeps_block_comment_like_literal_content,e59446c3c950fff303595683357d3fedee5e73b0,2026-04-15T08:21:53+02:00,e59446c3c950fff303595683357d3fedee5e73b0,2026-04-15T08:21:53+02:00,1,121,0.3333333333333333,,,False,False,0,1,0.0,331.86,,0.003013353655799609,688141049.0,mangiucugna/json_repair,Python
tests/test_parse_string.py,66,callable,ok,tests.test_parse_string.test_skip_inline_container_keeps_regex_like_literal_content,tests.test_parse_string.test_skip_inline_container_keeps_regex_like_literal_content,e59446c3c950fff303595683357d3fedee5e73b0,2026-04-15T08:21:53+02:00,e59446c3c950fff303595683357d3fedee5e73b0,2026-04-15T08:21:53+02:00,1,121,0.3333333333333333,,,False,False,0,1,0.0,331.86,,0.003013353655799609,688141049.0,mangiucugna/json_repair,Python
tests/test_parse_string.py,67,callable,ok,tests.test_parse_string.test_skip_inline_container_keeps_unmatched_inner_delimiter_as_literal_content,tests.test_parse_string.test_skip_inline_container_keeps_unmatched_inner_delimiter_as_literal_content,e59446c3c950fff303595683357d3fedee5e73b0,2026-04-15T08:21:53+02:00,e59446c3c950fff303595683357d3fedee5e73b0,2026-04-15T08:21:53+02:00,1,121,0.3333333333333333,,,False,False,0,1,0.0,331.86,,0.003013353655799609,688141049.0,mangiucugna/json_repair,Python
tests/test_parse_string.py,68,callable,ok,tests.test_parse_string.test_skip_inline_container_rejects_unterminated_container,tests.test_parse_string.test_skip_inline_container_rejects_unterminated_container,e59446c3c950fff303595683357d3fedee5e73b0,2026-04-15T08:21:53+02:00,e59446c3c950fff303595683357d3fedee5e73b0,2026-04-15T08:21:53+02:00,1,121,0.3333333333333333,,,False,False,0,1,0.0,331.86,,0.003013353655799609,688141049.0,mangiucugna/json_repair,Python
tests/test_parse_string.py,69,callable,ok,tests.test_parse_string.test_skip_inline_container_rejects_unterminated_string_inside_container,tests.test_parse_string.test_skip_inline_container_rejects_unterminated_string_inside_container,e59446c3c950fff303595683357d3fedee5e73b0,2026-04-15T08:21:53+02:00,e59446c3c950fff303595683357d3fedee5e73b0,2026-04-15T08:21:53+02:00,1,121,0.3333333333333333,,,False,False,0,1,0.0,331.86,,0.003013353655799609,688141049.0,mangiucugna/json_repair,Python
tests/test_parse_string.py,70,callable,ok,tests.test_parse_string.test_skip_inline_container_rejects_unterminated_block_comment,tests.test_parse_string.test_skip_inline_container_rejects_unterminated_block_comment,e59446c3c950fff303595683357d3fedee5e73b0,2026-04-15T08:21:53+02:00,e59446c3c950fff303595683357d3fedee5e73b0,2026-04-15T08:21:53+02:00,1,121,0.3333333333333333,,,False,False,0,1,0.0,331.86,,0.003013353655799609,688141049.0,mangiucugna/json_repair,Python
tests/test_parse_string.py,71,callable,ok,tests.test_parse_string.test_update_inline_container_stack_starts_tracking_pending_container,tests.test_parse_string.test_update_inline_container_stack_starts_tracking_pending_container,e59446c3c950fff303595683357d3fedee5e73b0,2026-04-15T08:21:53+02:00,e59446c3c950fff303595683357d3fedee5e73b0,2026-04-15T08:21:53+02:00,1,121,0.1111111111111111,,,False,False,0,1,0.0,331.86,,0.003013353655799609,688141049.0,mangiucugna/json_repair,Python
tests/test_parse_string.py,72,callable,ok,tests.test_parse_string.test_update_inline_container_stack_tracks_nested_container,tests.test_parse_string.test_update_inline_container_stack_tracks_nested_container,e59446c3c950fff303595683357d3fedee5e73b0,2026-04-15T08:21:53+02:00,e59446c3c950fff303595683357d3fedee5e73b0,2026-04-15T08:21:53+02:00,1,121,0.1111111111111111,,,False,False,0,1,0.0,331.86,,0.003013353655799609,688141049.0,mangiucugna/json_repair,Python
tests/test_parse_string.py,73,callable,ok,tests.test_parse_string.test_update_inline_container_stack_keeps_closing_container_character,tests.test_parse_string.test_update_inline_container_stack_keeps_closing_container_character,e59446c3c950fff303595683357d3fedee5e73b0,2026-04-15T08:21:53+02:00,e59446c3c950fff303595683357d3fedee5e73b0,2026-04-15T08:21:53+02:00,1,121,0.1111111111111111,,,False,False,0,1,0.0,331.86,,0.003013353655799609,688141049.0,mangiucugna/json_repair,Python
tests/test_parse_string.py,74,callable,ok,tests.test_parse_string.test_scan_string_body_keeps_closing_inline_container_character,tests.test_parse_string.test_scan_string_body_keeps_closing_inline_container_character,e59446c3c950fff303595683357d3fedee5e73b0,2026-04-15T08:21:53+02:00,e59446c3c950fff303595683357d3fedee5e73b0,2026-04-15T08:21:53+02:00,1,121,0.1,,,False,False,0,1,0.0,331.86,,0.003013353655799609,688141049.0,mangiucugna/json_repair,Python
tests/test_parse_string.py,75,callable,ok,tests.test_parse_string.test_parse_string_preserves_escaped_braces_after_comma_group,tests.test_parse_string.test_parse_string_preserves_escaped_braces_after_comma_group,397fbe06ebf1f7fd5c354f2fa3c757db84f3ea2e,2026-05-11T11:00:36+02:00,397fbe06ebf1f7fd5c354f2fa3c757db84f3ea2e,2026-05-11T11:00:36+02:00,1,94,0.25,,,False,False,0,1,0.0,357.97,,0.002793558364806131,688141049.0,mangiucugna/json_repair,Python
tests/test_parse_string.py,76,callable,ok,tests.test_parse_string.test_parse_string_preserves_latex_command_after_bracketed_comma,tests.test_parse_string.test_parse_string_preserves_latex_command_after_bracketed_comma,9c9db65484d7b7186206fd2b1f3d2aa32438015d,2026-05-12T08:42:16+02:00,9c9db65484d7b7186206fd2b1f3d2aa32438015d,2026-05-12T08:42:16+02:00,1,94,0.25,,,False,False,0,1,0.0,358.87,,0.0027865218518140582,688141049.0,mangiucugna/json_repair,Python
tests/test_parse_string.py,77,callable,ok,tests.test_parse_string.test_parse_string_keeps_latex_braces_before_inline_object_literal,tests.test_parse_string.test_parse_string_keeps_latex_braces_before_inline_object_literal,d7f2a3bd29a4c65f06271b9bed391a8586b73135,2026-05-14T08:37:16+02:00,d7f2a3bd29a4c65f06271b9bed391a8586b73135,2026-05-14T08:37:16+02:00,1,92,0.14285714285714285,,,False,False,0,1,0.0,360.87,,0.0027711051731915074,688141049.0,mangiucugna/json_repair,Python
tests/test_parse_string.py,78,callable,ok,tests.test_parse_string.test_parse_string_keeps_low_smart_quote_span_closed_by_ascii_quote,tests.test_parse_string.test_parse_string_keeps_low_smart_quote_span_closed_by_ascii_quote,7cd8391fbf5f89bd6da952f1f95c64451638c937,2026-06-03T12:46:26+02:00,7cd8391fbf5f89bd6da952f1f95c64451638c937,2026-06-03T12:46:26+02:00,1,71,0.2,,,False,False,0,1,0.0,381.04,,0.002624397185990117,688141049.0,mangiucugna/json_repair,Python
tests/test_parse_string.py,79,callable,ok,tests.test_parse_string.test_parse_string_keeps_low_smart_quote_span_closed_by_unicode_quote,tests.test_parse_string.test_parse_string_keeps_low_smart_quote_span_closed_by_unicode_quote,7cd8391fbf5f89bd6da952f1f95c64451638c937,2026-06-03T12:46:26+02:00,7cd8391fbf5f89bd6da952f1f95c64451638c937,2026-06-03T12:46:26+02:00,1,71,0.2,,,False,False,0,1,0.0,381.04,,0.002624397185990117,688141049.0,mangiucugna/json_repair,Python
tests/test_parse_string.py,80,callable,ok,tests.test_parse_string.test_parse_string_keeps_low_smart_quote_span_closed_by_escaped_ascii_quote,tests.test_parse_string.test_parse_string_keeps_low_smart_quote_span_closed_by_escaped_ascii_quote,7cd8391fbf5f89bd6da952f1f95c64451638c937,2026-06-03T12:46:26+02:00,7cd8391fbf5f89bd6da952f1f95c64451638c937,2026-06-03T12:46:26+02:00,1,71,0.2,,,False,False,0,1,0.0,381.04,,0.002624397185990117,688141049.0,mangiucugna/json_repair,Python
tests/test_parse_string.py,81,callable,ok,tests.test_parse_string.test_parse_string_escaped_low_smart_quote_does_not_open_inner_span,tests.test_parse_string.test_parse_string_escaped_low_smart_quote_does_not_open_inner_span,7cd8391fbf5f89bd6da952f1f95c64451638c937,2026-06-03T12:46:26+02:00,7cd8391fbf5f89bd6da952f1f95c64451638c937,2026-06-03T12:46:26+02:00,1,71,0.2,,,False,False,0,1,0.0,381.04,,0.002624397185990117,688141049.0,mangiucugna/json_repair,Python
tests/test_parse_string.py,82,callable,ok,tests.test_parse_string.test_scan_string_body_closes_low_smart_quote_span_with_unicode_quote,tests.test_parse_string.test_scan_string_body_closes_low_smart_quote_span_with_unicode_quote,7cd8391fbf5f89bd6da952f1f95c64451638c937,2026-06-03T12:46:26+02:00,7cd8391fbf5f89bd6da952f1f95c64451638c937,2026-06-03T12:46:26+02:00,1,71,0.1,,,False,False,0,1,0.0,381.04,,0.002624397185990117,688141049.0,mangiucugna/json_repair,Python
tests/test_parse_string.py,83,callable,ok,tests.test_parse_string.test_object_value_comma_without_future_delimiter_scans_once,tests.test_parse_string.test_object_value_comma_without_future_delimiter_scans_once,6a8b72b78dc312b70286bad96f568cc843e670eb,2026-06-29T14:07:41+02:00,6a8b72b78dc312b70286bad96f568cc843e670eb,2026-06-29T14:07:41+02:00,1,45,0.16666666666666666,,,False,False,0,1,0.0,407.1,,0.0024564211973114357,688141049.0,mangiucugna/json_repair,Python
tests/test_parse_string.py,84,callable,ok,tests.test_parse_string.CountingParser.__init__,tests.test_parse_string.CountingParser.__init__,6a8b72b78dc312b70286bad96f568cc843e670eb,2026-06-29T14:07:41+02:00,6a8b72b78dc312b70286bad96f568cc843e670eb,2026-06-29T14:07:41+02:00,1,45,0.3333333333333333,,,False,False,0,1,0.0,407.1,,0.0024564211973114357,688141049.0,mangiucugna/json_repair,Python
tests/test_parse_string.py,85,callable,ok,tests.test_parse_string.CountingParser.skip_to_character,tests.test_parse_string.CountingParser.skip_to_character,6a8b72b78dc312b70286bad96f568cc843e670eb,2026-06-29T14:07:41+02:00,6a8b72b78dc312b70286bad96f568cc843e670eb,2026-06-29T14:07:41+02:00,1,45,0.3333333333333333,,,False,False,0,1,0.0,407.1,,0.0024564211973114357,688141049.0,mangiucugna/json_repair,Python
tests/test_parse_string.py,86,callable,ok,tests.test_parse_string.test_parse_string_far_quote_comma_payload_keeps_existing_repair_shape,tests.test_parse_string.test_parse_string_far_quote_comma_payload_keeps_existing_repair_shape,d06589771d8e56d51aeaf1aa4a70a8fe13a9b0c1,2026-07-05T13:38:11+02:00,d06589771d8e56d51aeaf1aa4a70a8fe13a9b0c1,2026-07-05T13:38:11+02:00,1,39,0.25,,,False,False,0,1,0.0,413.08,,0.0024208630651415862,688141049.0,mangiucugna/json_repair,Python
tests/test_parse_string.py,87,callable,ok,tests.test_parse_string.test_parse_string_far_quote_brace_payload_keeps_existing_repair_shape,tests.test_parse_string.test_parse_string_far_quote_brace_payload_keeps_existing_repair_shape,d06589771d8e56d51aeaf1aa4a70a8fe13a9b0c1,2026-07-05T13:38:11+02:00,d06589771d8e56d51aeaf1aa4a70a8fe13a9b0c1,2026-07-05T13:38:11+02:00,1,39,0.25,,,False,False,0,1,0.0,413.08,,0.0024208630651415862,688141049.0,mangiucugna/json_repair,Python
tests/test_parse_string.py,88,callable,ok,tests.test_parse_string.test_object_value_bare_key_prose_scans_once,tests.test_parse_string.test_object_value_bare_key_prose_scans_once,bca6b7c708133cfc66df7aec6e36d9b4c721f0de,2026-07-11T18:00:34+02:00,bca6b7c708133cfc66df7aec6e36d9b4c721f0de,2026-07-11T18:00:34+02:00,1,33,0.14285714285714285,,,False,False,0,1,0.0,419.26,,0.0023851659901610797,688141049.0,mangiucugna/json_repair,Python
tests/test_parse_string.py,89,callable,ok,tests.test_parse_string.test_parse_string_keeps_colon_prose_inside_wrapped_valid_json,tests.test_parse_string.test_parse_string_keeps_colon_prose_inside_wrapped_valid_json,bca6b7c708133cfc66df7aec6e36d9b4c721f0de,2026-07-11T18:00:34+02:00,bca6b7c708133cfc66df7aec6e36d9b4c721f0de,2026-07-11T18:00:34+02:00,1,33,0.034482758620689655,,,False,False,0,1,0.0,419.26,,0.0023851659901610797,688141049.0,mangiucugna/json_repair,Python
tests/test_parse_string.py,90,callable,ok,tests.test_parse_string.test_parse_string_keeps_bare_member_recovery_for_explicit_and_unclosed_values,tests.test_parse_string.test_parse_string_keeps_bare_member_recovery_for_explicit_and_unclosed_values,bca6b7c708133cfc66df7aec6e36d9b4c721f0de,2026-07-11T18:00:34+02:00,bca6b7c708133cfc66df7aec6e36d9b4c721f0de,2026-07-11T18:00:34+02:00,1,33,0.5,,,False,False,0,1,0.0,419.26,,0.0023851659901610797,688141049.0,mangiucugna/json_repair,Python
tests/test_parse_string.py,91,callable,ok,tests.test_parse_string.test_parse_string_keeps_code_like_content_inside_valid_json,tests.test_parse_string.test_parse_string_keeps_code_like_content_inside_valid_json,c6b21d4f2a6513f027b25b5e03e40cf8b6969739,2026-07-13T10:37:35+02:00,c6b21d4f2a6513f027b25b5e03e40cf8b6969739,2026-07-13T10:37:35+02:00,1,31,0.125,,,False,False,0,1,0.0,420.95,,0.002375576761305264,688141049.0,mangiucugna/json_repair,Python
tests/test_parse_string.py,92,callable,ok,tests.test_parse_string.test_parse_string_keeps_pseudo_object_code_inside_valid_json,tests.test_parse_string.test_parse_string_keeps_pseudo_object_code_inside_valid_json,c6b21d4f2a6513f027b25b5e03e40cf8b6969739,2026-07-13T10:37:35+02:00,c6b21d4f2a6513f027b25b5e03e40cf8b6969739,2026-07-13T10:37:35+02:00,1,31,0.2,,,False,False,0,1,0.0,420.95,,0.002375576761305264,688141049.0,mangiucugna/json_repair,Python
tests/test_parse_string.py,93,callable,ok,tests.test_parse_string.test_parse_string_keeps_bare_quotes_inside_regex_character_classes,tests.test_parse_string.test_parse_string_keeps_bare_quotes_inside_regex_character_classes,898f8e6da87ce2cf9180cfc2255c7290fffc0d1c,2026-07-19T19:32:06+02:00,898f8e6da87ce2cf9180cfc2255c7290fffc0d1c,2026-07-19T19:32:06+02:00,1,25,0.0625,,,False,False,0,1,0.0,427.32,,0.0023401578729005004,688141049.0,mangiucugna/json_repair,Python
tests/test_parse_string.py,94,callable,ok,tests.test_parse_string.test_parse_string_still_closes_regular_object_members_after_quoted_values,tests.test_parse_string.test_parse_string_still_closes_regular_object_members_after_quoted_values,898f8e6da87ce2cf9180cfc2255c7290fffc0d1c,2026-07-19T19:32:06+02:00,898f8e6da87ce2cf9180cfc2255c7290fffc0d1c,2026-07-19T19:32:06+02:00,1,25,0.2,,,False,False,0,1,0.0,427.32,,0.0023401578729005004,688141049.0,mangiucugna/json_repair,Python
tests/test_parse_string.py,95,callable,ok,tests.test_parse_string.test_parse_string_preserves_repeated_escaped_backslashes_during_repair,tests.test_parse_string.test_parse_string_preserves_repeated_escaped_backslashes_during_repair,600ede6be7d125d14812be3bbd7ef3e0b526a84e,2026-07-21T14:58:31+02:00,600ede6be7d125d14812be3bbd7ef3e0b526a84e,2026-07-21T14:58:31+02:00,1,23,0.25,,,False,False,0,1,0.0,429.13,,0.002330287444462494,688141049.0,mangiucugna/json_repair,Python
tests/test_parse_string.py,96,callable,ok,tests.test_parse_string.test_parse_literals_require_boundaries_and_support_python_none,tests.test_parse_string.test_parse_literals_require_boundaries_and_support_python_none,1e95cbdcb054262d9ac8b39ed0a073c60a4ecd56,2026-08-11T11:21:51+02:00,1e95cbdcb054262d9ac8b39ed0a073c60a4ecd56,2026-08-11T11:21:51+02:00,1,2,0.06666666666666667,,,False,False,0,1,0.0,449.98,,0.002222315333119281,688141049.0,mangiucugna/json_repair,Python
tests/test_performance.py,0,callable,ok,tests.test_performance.test_true_true,tests.test_performance.test_true_true,bc36872cc51268566c046287482df0ed06495905,2023-11-21T09:26:43+01:00,bc36872cc51268566c046287482df0ed06495905,2023-11-21T09:26:43+01:00,1,996,0.09090909090909091,,,False,False,1,0,544.06,0.0,0.001838042228041602,,688141049.0,mangiucugna/json_repair,Python
tests/test_performance.py,1,callable,ok,tests.test_performance.test_true_false,tests.test_performance.test_true_false,bc36872cc51268566c046287482df0ed06495905,2023-11-21T09:26:43+01:00,bc36872cc51268566c046287482df0ed06495905,2023-11-21T09:26:43+01:00,1,996,0.1,,,False,False,1,0,544.06,0.0,0.001838042228041602,,688141049.0,mangiucugna/json_repair,Python
tests/test_performance.py,2,callable,ok,tests.test_performance.test_false_true,tests.test_performance.test_false_true,bc36872cc51268566c046287482df0ed06495905,2023-11-21T09:26:43+01:00,bc36872cc51268566c046287482df0ed06495905,2023-11-21T09:26:43+01:00,1,996,0.1,,,False,False,1,0,544.06,0.0,0.001838042228041602,,688141049.0,mangiucugna/json_repair,Python
tests/test_performance.py,3,callable,ok,tests.test_performance.test_false_false,tests.test_performance.test_false_false,bc36872cc51268566c046287482df0ed06495905,2023-11-21T09:26:43+01:00,bc36872cc51268566c046287482df0ed06495905,2023-11-21T09:26:43+01:00,1,996,0.1,,,False,False,1,0,544.06,0.0,0.001838042228041602,,688141049.0,mangiucugna/json_repair,Python
tests/test_repair_json_cli.py,4,callable,ok,tests.test_repair_json_cli.test_cli_schema_skip_json_loads_controls_validation,tests.test_repair_json_cli.test_cli_schema_applies_to_valid_json,9a27d7c8ac7ab4138e11f0c6fff87c0d78a3453c,2026-02-03T13:43:34+01:00,287a4187f92d73d4b9c5b94860f397a82b560215,2026-02-07T15:01:23+01:00,2,4,0.07142857142857142,,,True,True,0,2,0.0,265.18,,0.007542181548951967,688141049.0,mangiucugna/json_repair,Python
tests/test_repair_json_cli.py,0,callable,ok,tests.test_repair_json_cli.test_cli,tests.test_repair_json_cli.test_cli,3f99704271fcd7ff4ae10920321208dd6a401ba3,2025-06-30T09:33:10+02:00,d8f6bf949114935a2d85e6a386bf866097b5c6bb,2026-01-28T06:43:35+01:00,3,409,0.075,0.954365377114425,,False,False,0,3,0.0,254.83,,0.011772574035615215,688141049.0,mangiucugna/json_repair,Python
tests/test_repair_json_cli.py,1,callable,ok,tests.test_repair_json_cli.test_cli_inline_requires_filename,tests.test_repair_json_cli.test_cli_inline_requires_filename,3f99704271fcd7ff4ae10920321208dd6a401ba3,2025-06-30T09:33:10+02:00,3f99704271fcd7ff4ae10920321208dd6a401ba3,2025-06-30T09:33:10+02:00,1,409,0.14285714285714285,,,False,False,0,1,0.0,42.91,,0.023306942177742408,688141049.0,mangiucugna/json_repair,Python
tests/test_repair_json_cli.py,2,callable,ok,tests.test_repair_json_cli.test_cli_inline_and_output_error,tests.test_repair_json_cli.test_cli_inline_and_output_error,3f99704271fcd7ff4ae10920321208dd6a401ba3,2025-06-30T09:33:10+02:00,3f99704271fcd7ff4ae10920321208dd6a401ba3,2025-06-30T09:33:10+02:00,1,409,0.125,,,False,False,0,1,0.0,42.91,,0.023306942177742408,688141049.0,mangiucugna/json_repair,Python
tests/test_repair_json_cli.py,3,callable,ok,tests.test_repair_json_cli.test_cli_schema_file_guides_repair,tests.test_repair_json_cli.test_cli_schema_file_guides_repair,9a27d7c8ac7ab4138e11f0c6fff87c0d78a3453c,2026-02-03T13:43:34+01:00,9a27d7c8ac7ab4138e11f0c6fff87c0d78a3453c,2026-02-03T13:43:34+01:00,1,191,0.06666666666666667,,,False,False,0,1,0.0,261.12,,0.0038296388694870594,688141049.0,mangiucugna/json_repair,Python
tests/test_repair_json_cli.py,5,callable,ok,tests.test_repair_json_cli.test_cli_schema_model_guides_repair,tests.test_repair_json_cli.test_cli_schema_model_guides_repair,9a27d7c8ac7ab4138e11f0c6fff87c0d78a3453c,2026-02-03T13:43:34+01:00,9a27d7c8ac7ab4138e11f0c6fff87c0d78a3453c,2026-02-03T13:43:34+01:00,1,191,0.038461538461538464,,,False,False,0,1,0.0,261.12,,0.0038296388694870594,688141049.0,mangiucugna/json_repair,Python
tests/test_repair_json_cli.py,6,callable,ok,tests.test_repair_json_cli.test_cli_schema_and_strict_error,tests.test_repair_json_cli.test_cli_schema_and_strict_error,9a27d7c8ac7ab4138e11f0c6fff87c0d78a3453c,2026-02-03T13:43:34+01:00,9a27d7c8ac7ab4138e11f0c6fff87c0d78a3453c,2026-02-03T13:43:34+01:00,1,191,0.09090909090909091,,,False,False,0,1,0.0,261.12,,0.0038296388694870594,688141049.0,mangiucugna/json_repair,Python
tests/test_repair_json_cli.py,7,callable,ok,tests.test_repair_json_cli.test_cli_schema_and_schema_model_are_mutually_exclusive,tests.test_repair_json_cli.test_cli_schema_and_schema_model_are_mutually_exclusive,9a27d7c8ac7ab4138e11f0c6fff87c0d78a3453c,2026-02-03T13:43:34+01:00,9a27d7c8ac7ab4138e11f0c6fff87c0d78a3453c,2026-02-03T13:43:34+01:00,1,191,0.058823529411764705,,,False,False,0,1,0.0,261.12,,0.0038296388694870594,688141049.0,mangiucugna/json_repair,Python
tests/test_repair_json_cli.py,8,callable,ok,tests.test_repair_json_cli.test_cli_schema_applies_to_valid_json,tests.test_repair_json_cli.test_cli_schema_applies_to_valid_json,529be35078ed8e5f0d30c745a003c1f294f01ba1,2026-02-17T13:17:01+01:00,529be35078ed8e5f0d30c745a003c1f294f01ba1,2026-02-17T13:17:01+01:00,1,177,0.03571428571428571,,,False,False,0,1,0.0,275.1,,0.0036350049461731076,688141049.0,mangiucugna/json_repair,Python
tests/test_repair_json_cli.py,9,callable,ok,tests.test_repair_json_cli.test_cli_schema_repair_mode_salvage_requires_schema,tests.test_repair_json_cli.test_cli_schema_repair_mode_salvage_requires_schema,529be35078ed8e5f0d30c745a003c1f294f01ba1,2026-02-17T13:17:01+01:00,529be35078ed8e5f0d30c745a003c1f294f01ba1,2026-02-17T13:17:01+01:00,1,177,0.16666666666666666,,,False,False,0,1,0.0,275.1,,0.0036350049461731076,688141049.0,mangiucugna/json_repair,Python
tests/test_repair_json_cli.py,10,callable,ok,tests.test_repair_json_cli.test_cli_schema_repair_mode_salvage_drops_invalid_items,tests.test_repair_json_cli.test_cli_schema_repair_mode_salvage_drops_invalid_items,529be35078ed8e5f0d30c745a003c1f294f01ba1,2026-02-17T13:17:01+01:00,529be35078ed8e5f0d30c745a003c1f294f01ba1,2026-02-17T13:17:01+01:00,1,177,0.02702702702702703,,,False,False,0,1,0.0,275.1,,0.0036350049461731076,688141049.0,mangiucugna/json_repair,Python
tests/test_repair_json_from_file.py,0,callable,ok,tests.test_repair_json_from_file.test_repair_json_from_file,tests.test_repair_json_from_file.test_repair_json_from_file,3f99704271fcd7ff4ae10920321208dd6a401ba3,2025-06-30T09:33:10+02:00,cd94f1fb39a1479e2e4592727fc7c3e999e73919,2026-04-11T07:12:50+02:00,2,409,0.004098360655737705,,,False,False,0,2,0.0,327.81,,0.0061011283203572545,688141049.0,mangiucugna/json_repair,Python
tests/test_repair_json_from_file.py,1,callable,ok,tests.test_repair_json_from_file.test_load_repairs_from_current_file_position,tests.test_repair_json_from_file.test_load_repairs_from_current_file_position,198cbf8751debf1a0028b02c62c4f30457dd9ce4,2026-04-24T11:32:26+02:00,198cbf8751debf1a0028b02c62c4f30457dd9ce4,2026-04-24T11:32:26+02:00,1,111,0.1111111111111111,,,False,False,0,1,0.0,340.99,,0.0029326502611586158,688141049.0,mangiucugna/json_repair,Python
tests/test_schema_guided_parse.py,32,callable,ok,tests.test_schema_guided_parse.test_schema_pydantic_model_keeps_literal_fenced_snippet_in_multiline_string,tests.test_schema_guided_parse.test_schema_pydantic_model_keeps_literal_fenced_snippet_in_multiline_string,d14f73dd75c735b6f59696db8da76072723a15ab,2026-04-14T11:59:32+02:00,d14f73dd75c735b6f59696db8da76072723a15ab,2026-04-14T11:59:32+02:00,1,0,0.058823529411764705,,,True,False,0,1,0.0,331.01,,0.003021081272960567,688141049.0,mangiucugna/json_repair,Python
tests/test_schema_guided_parse.py,33,callable,ok,tests.test_schema_guided_parse.test_schema_pydantic_model_keeps_literal_fenced_snippet_before_stray_quote_line,tests.test_schema_guided_parse.test_schema_pydantic_model_keeps_literal_fenced_snippet_before_stray_quote_line,2dbddfa4f1951b74e1ebef49ae81252205d3026e,2026-04-14T15:49:01+02:00,2dbddfa4f1951b74e1ebef49ae81252205d3026e,2026-04-14T15:49:01+02:00,1,0,0.058823529411764705,,,True,False,0,1,0.0,331.17,,0.003019627473731076,688141049.0,mangiucugna/json_repair,Python
tests/test_schema_guided_parse.py,34,callable,ok,tests.test_schema_guided_parse.test_schema_pydantic_model_keeps_literal_fenced_snippet_before_stray_quote_line_with_single_quoted_key,tests.test_schema_guided_parse.test_schema_pydantic_model_keeps_literal_fenced_snippet_before_stray_quote_line_with_single_quoted_key,2dbddfa4f1951b74e1ebef49ae81252205d3026e,2026-04-14T15:49:01+02:00,2dbddfa4f1951b74e1ebef49ae81252205d3026e,2026-04-14T15:49:01+02:00,1,0,0.058823529411764705,,,True,False,0,1,0.0,331.17,,0.003019627473731076,688141049.0,mangiucugna/json_repair,Python
tests/test_schema_guided_parse.py,35,callable,ok,tests.test_schema_guided_parse.test_schema_pydantic_model_keeps_literal_fenced_snippet_before_stray_quote_line_with_comment_before_key,tests.test_schema_guided_parse.test_schema_pydantic_model_keeps_literal_fenced_snippet_before_stray_quote_line_with_comment_before_key,2dbddfa4f1951b74e1ebef49ae81252205d3026e,2026-04-14T15:49:01+02:00,2dbddfa4f1951b74e1ebef49ae81252205d3026e,2026-04-14T15:49:01+02:00,1,0,0.058823529411764705,,,True,False,0,1,0.0,331.17,,0.003019627473731076,688141049.0,mangiucugna/json_repair,Python
tests/test_schema_guided_parse.py,36,callable,ok,tests.test_schema_guided_parse.test_schema_pydantic_model_keeps_literal_fenced_snippet_before_stray_quote_line_with_bare_key,tests.test_schema_guided_parse.test_schema_pydantic_model_keeps_literal_fenced_snippet_before_stray_quote_line_with_bare_key,2dbddfa4f1951b74e1ebef49ae81252205d3026e,2026-04-14T15:49:01+02:00,2dbddfa4f1951b74e1ebef49ae81252205d3026e,2026-04-14T15:49:01+02:00,1,0,0.058823529411764705,,,True,False,0,1,0.0,331.17,,0.003019627473731076,688141049.0,mangiucugna/json_repair,Python
tests/test_schema_guided_parse.py,0,callable,ok,tests.test_schema_guided_parse.repair_with_schema,tests.test_schema_guided_parse.repair_with_schema,9a27d7c8ac7ab4138e11f0c6fff87c0d78a3453c,2026-02-03T13:43:34+01:00,9a27d7c8ac7ab4138e11f0c6fff87c0d78a3453c,2026-02-03T13:43:34+01:00,1,191,0.5,,,False,False,0,1,0.0,261.12,,0.0038296388694870594,688141049.0,mangiucugna/json_repair,Python
tests/test_schema_guided_parse.py,1,callable,ok,tests.test_schema_guided_parse.test_schema_guides_missing_value_type_defaults,tests.test_schema_guided_parse.test_schema_guides_missing_value_type_defaults,9a27d7c8ac7ab4138e11f0c6fff87c0d78a3453c,2026-02-03T13:43:34+01:00,9a27d7c8ac7ab4138e11f0c6fff87c0d78a3453c,2026-02-03T13:43:34+01:00,1,191,0.04,,,False,False,0,1,0.0,261.12,,0.0038296388694870594,688141049.0,mangiucugna/json_repair,Python
tests/test_schema_guided_parse.py,2,callable,ok,tests.test_schema_guided_parse.test_schema_missing_required_property_raises,tests.test_schema_guided_parse.test_schema_missing_required_property_raises,9a27d7c8ac7ab4138e11f0c6fff87c0d78a3453c,2026-02-03T13:43:34+01:00,9a27d7c8ac7ab4138e11f0c6fff87c0d78a3453c,2026-02-03T13:43:34+01:00,1,191,0.1111111111111111,,,False,False,0,1,0.0,261.12,,0.0038296388694870594,688141049.0,mangiucugna/json_repair,Python
tests/test_schema_guided_parse.py,3,callable,ok,tests.test_schema_guided_parse.test_schema_optional_default_is_inserted,tests.test_schema_guided_parse.test_schema_optional_default_is_inserted,9a27d7c8ac7ab4138e11f0c6fff87c0d78a3453c,2026-02-03T13:43:34+01:00,9a27d7c8ac7ab4138e11f0c6fff87c0d78a3453c,2026-02-03T13:43:34+01:00,1,191,0.14285714285714285,,,False,False,0,1,0.0,261.12,,0.0038296388694870594,688141049.0,mangiucugna/json_repair,Python
tests/test_schema_guided_parse.py,4,callable,ok,tests.test_schema_guided_parse.test_schema_and_strict_are_mutually_exclusive,tests.test_schema_guided_parse.test_schema_and_strict_are_mutually_exclusive,9a27d7c8ac7ab4138e11f0c6fff87c0d78a3453c,2026-02-03T13:43:34+01:00,9a27d7c8ac7ab4138e11f0c6fff87c0d78a3453c,2026-02-03T13:43:34+01:00,1,191,0.3333333333333333,,,False,False,0,1,0.0,261.12,,0.0038296388694870594,688141049.0,mangiucugna/json_repair,Python
tests/test_schema_guided_parse.py,5,callable,ok,tests.test_schema_guided_parse.test_schema_pydantic_v2_defaults,tests.test_schema_guided_parse.test_schema_pydantic_v2_defaults,9a27d7c8ac7ab4138e11f0c6fff87c0d78a3453c,2026-02-03T13:43:34+01:00,9a27d7c8ac7ab4138e11f0c6fff87c0d78a3453c,2026-02-03T13:43:34+01:00,1,191,0.07142857142857142,,,False,False,0,1,0.0,261.12,,0.0038296388694870594,688141049.0,mangiucugna/json_repair,Python
tests/test_schema_guided_parse.py,6,callable,ok,tests.test_schema_guided_parse.test_schema_applies_to_valid_json_without_skip_json_loads,tests.test_schema_guided_parse.test_schema_applies_to_valid_json_without_skip_json_loads,287a4187f92d73d4b9c5b94860f397a82b560215,2026-02-07T15:01:23+01:00,158efed1f8256b34e99d235a1dd48550a9f029cb,2026-03-05T08:47:59+01:00,3,187,0.1875,0.18053756718748287,,False,False,0,3,0.0,290.92,,0.01031225647886809,688141049.0,mangiucugna/json_repair,Python
tests/test_schema_guided_parse.py,7,callable,ok,tests.test_schema_guided_parse.test_schema_applies_to_valid_json_fast_path_outputs_and_logging,tests.test_schema_guided_parse.test_schema_applies_to_valid_json_fast_path_outputs_and_logging,287a4187f92d73d4b9c5b94860f397a82b560215,2026-02-07T15:01:23+01:00,287a4187f92d73d4b9c5b94860f397a82b560215,2026-02-07T15:01:23+01:00,1,187,0.08333333333333333,,,False,False,0,1,0.0,265.18,,0.0037710907744759833,688141049.0,mangiucugna/json_repair,Python
tests/test_schema_guided_parse.py,8,callable,ok,tests.test_schema_guided_parse.test_schema_applies_to_valid_empty_string,tests.test_schema_guided_parse.test_schema_applies_to_valid_empty_string,287a4187f92d73d4b9c5b94860f397a82b560215,2026-02-07T15:01:23+01:00,287a4187f92d73d4b9c5b94860f397a82b560215,2026-02-07T15:01:23+01:00,1,187,0.3333333333333333,,,False,False,0,1,0.0,265.18,,0.0037710907744759833,688141049.0,mangiucugna/json_repair,Python
tests/test_schema_guided_parse.py,9,callable,ok,tests.test_schema_guided_parse.test_schema_valid_fast_path_keeps_logging_empty,tests.test_schema_guided_parse.test_schema_valid_fast_path_keeps_logging_empty,47da7b7b70016e217eaf62f0f40f2e094fb74dd0,2026-02-08T07:52:23+01:00,47da7b7b70016e217eaf62f0f40f2e094fb74dd0,2026-02-08T07:52:23+01:00,1,187,0.1,,,False,False,0,1,0.0,265.88,,0.003761132724322945,688141049.0,mangiucugna/json_repair,Python
tests/test_schema_guided_parse.py,10,callable,ok,tests.test_schema_guided_parse.test_schema_boolean_coercion_is_mode_independent,tests.test_schema_guided_parse.test_schema_boolean_coercion_is_mode_independent,529be35078ed8e5f0d30c745a003c1f294f01ba1,2026-02-17T13:17:01+01:00,529be35078ed8e5f0d30c745a003c1f294f01ba1,2026-02-17T13:17:01+01:00,1,177,0.037037037037037035,,,False,False,0,1,0.0,275.1,,0.0036350049461731076,688141049.0,mangiucugna/json_repair,Python
tests/test_schema_guided_parse.py,11,callable,ok,tests.test_schema_guided_parse.test_schema_boolean_coercion_accepts_number_tokens,tests.test_schema_guided_parse.test_schema_boolean_coercion_accepts_number_tokens,529be35078ed8e5f0d30c745a003c1f294f01ba1,2026-02-17T13:17:01+01:00,529be35078ed8e5f0d30c745a003c1f294f01ba1,2026-02-17T13:17:01+01:00,1,177,0.09090909090909091,,,False,False,0,1,0.0,275.1,,0.0036350049461731076,688141049.0,mangiucugna/json_repair,Python
tests/test_schema_guided_parse.py,12,callable,ok,tests.test_schema_guided_parse.test_schema_salvage_mode_drops_invalid_array_items,tests.test_schema_guided_parse.test_schema_salvage_mode_drops_invalid_array_items,529be35078ed8e5f0d30c745a003c1f294f01ba1,2026-02-17T13:17:01+01:00,529be35078ed8e5f0d30c745a003c1f294f01ba1,2026-02-17T13:17:01+01:00,1,177,0.023255813953488372,,,False,False,0,1,0.0,275.1,,0.0036350049461731076,688141049.0,mangiucugna/json_repair,Python
tests/test_schema_guided_parse.py,13,callable,ok,tests.test_schema_guided_parse.test_schema_salvage_mode_still_enforces_min_items,tests.test_schema_guided_parse.test_schema_salvage_mode_still_enforces_min_items,529be35078ed8e5f0d30c745a003c1f294f01ba1,2026-02-17T13:17:01+01:00,529be35078ed8e5f0d30c745a003c1f294f01ba1,2026-02-17T13:17:01+01:00,1,177,0.06666666666666667,,,False,False,0,1,0.0,275.1,,0.0036350049461731076,688141049.0,mangiucugna/json_repair,Python
tests/test_schema_guided_parse.py,14,callable,ok,tests.test_schema_guided_parse.test_schema_salvage_mode_does_not_hide_schema_definition_errors,tests.test_schema_guided_parse.test_schema_salvage_mode_does_not_hide_schema_definition_errors,529be35078ed8e5f0d30c745a003c1f294f01ba1,2026-02-17T13:17:01+01:00,529be35078ed8e5f0d30c745a003c1f294f01ba1,2026-02-17T13:17:01+01:00,1,177,0.09090909090909091,,,False,False,0,1,0.0,275.1,,0.0036350049461731076,688141049.0,mangiucugna/json_repair,Python
tests/test_schema_guided_parse.py,15,callable,ok,tests.test_schema_guided_parse.test_schema_salvage_mode_maps_list_to_object_when_unambiguous,tests.test_schema_guided_parse.test_schema_salvage_mode_maps_list_to_object_when_unambiguous,529be35078ed8e5f0d30c745a003c1f294f01ba1,2026-02-17T13:17:01+01:00,529be35078ed8e5f0d30c745a003c1f294f01ba1,2026-02-17T13:17:01+01:00,1,177,0.045454545454545456,,,False,False,0,1,0.0,275.1,,0.0036350049461731076,688141049.0,mangiucugna/json_repair,Python
tests/test_schema_guided_parse.py,16,callable,ok,tests.test_schema_guided_parse.test_schema_salvage_mode_mapping_rejects_length_mismatch,tests.test_schema_guided_parse.test_schema_salvage_mode_mapping_rejects_length_mismatch,529be35078ed8e5f0d30c745a003c1f294f01ba1,2026-02-17T13:17:01+01:00,529be35078ed8e5f0d30c745a003c1f294f01ba1,2026-02-17T13:17:01+01:00,1,177,0.05555555555555555,,,False,False,0,1,0.0,275.1,,0.0036350049461731076,688141049.0,mangiucugna/json_repair,Python
tests/test_schema_guided_parse.py,17,callable,ok,tests.test_schema_guided_parse.test_schema_salvage_mode_mapping_rejects_type_mismatch,tests.test_schema_guided_parse.test_schema_salvage_mode_mapping_rejects_type_mismatch,529be35078ed8e5f0d30c745a003c1f294f01ba1,2026-02-17T13:17:01+01:00,529be35078ed8e5f0d30c745a003c1f294f01ba1,2026-02-17T13:17:01+01:00,1,177,0.05555555555555555,,,False,False,0,1,0.0,275.1,,0.0036350049461731076,688141049.0,mangiucugna/json_repair,Python
tests/test_schema_guided_parse.py,18,callable,ok,tests.test_schema_guided_parse.test_schema_salvage_mode_requires_schema,tests.test_schema_guided_parse.test_schema_salvage_mode_requires_schema,529be35078ed8e5f0d30c745a003c1f294f01ba1,2026-02-17T13:17:01+01:00,529be35078ed8e5f0d30c745a003c1f294f01ba1,2026-02-17T13:17:01+01:00,1,177,0.3333333333333333,,,False,False,0,1,0.0,275.1,,0.0036350049461731076,688141049.0,mangiucugna/json_repair,Python
tests/test_schema_guided_parse.py,19,callable,ok,tests.test_schema_guided_parse.test_schema_salvage_mode_unwraps_root_single_item_array_and_fills_required_array,tests.test_schema_guided_parse.test_schema_salvage_mode_unwraps_root_single_item_array_and_fills_required_array,bc631297ea19ac26c6f26b5e6aa107adad668982,2026-02-28T10:20:05+01:00,bc631297ea19ac26c6f26b5e6aa107adad668982,2026-02-28T10:20:05+01:00,1,166,0.014285714285714285,,,False,False,0,1,0.0,285.98,,0.003496749014971064,688141049.0,mangiucugna/json_repair,Python
tests/test_schema_guided_parse.py,20,callable,ok,tests.test_schema_guided_parse.test_schema_salvage_mode_fills_required_with_safe_inference_sources,tests.test_schema_guided_parse.test_schema_salvage_mode_fills_required_with_safe_inference_sources,bc631297ea19ac26c6f26b5e6aa107adad668982,2026-02-28T10:20:05+01:00,bc631297ea19ac26c6f26b5e6aa107adad668982,2026-02-28T10:20:05+01:00,1,166,0.03225806451612903,,,False,False,0,1,0.0,285.98,,0.003496749014971064,688141049.0,mangiucugna/json_repair,Python
tests/test_schema_guided_parse.py,21,callable,ok,tests.test_schema_guided_parse.test_schema_salvage_mode_missing_required_without_property_schema_still_raises,tests.test_schema_guided_parse.test_schema_salvage_mode_missing_required_without_property_schema_still_raises,bc631297ea19ac26c6f26b5e6aa107adad668982,2026-02-28T10:20:05+01:00,bc631297ea19ac26c6f26b5e6aa107adad668982,2026-02-28T10:20:05+01:00,1,166,0.1,,,False,False,0,1,0.0,285.98,,0.003496749014971064,688141049.0,mangiucugna/json_repair,Python
tests/test_schema_guided_parse.py,22,callable,ok,tests.test_schema_guided_parse.test_schema_salvage_mode_missing_required_boolean_schema_still_raises,tests.test_schema_guided_parse.test_schema_salvage_mode_missing_required_boolean_schema_still_raises,bc631297ea19ac26c6f26b5e6aa107adad668982,2026-02-28T10:20:05+01:00,bc631297ea19ac26c6f26b5e6aa107adad668982,2026-02-28T10:20:05+01:00,1,166,0.07142857142857142,,,False,False,0,1,0.0,285.98,,0.003496749014971064,688141049.0,mangiucugna/json_repair,Python
tests/test_schema_guided_parse.py,23,callable,ok,tests.test_schema_guided_parse.test_schema_salvage_mode_root_unwrap_requires_single_item,tests.test_schema_guided_parse.test_schema_salvage_mode_root_unwrap_requires_single_item,bc631297ea19ac26c6f26b5e6aa107adad668982,2026-02-28T10:20:05+01:00,bc631297ea19ac26c6f26b5e6aa107adad668982,2026-02-28T10:20:05+01:00,1,166,0.07142857142857142,,,False,False,0,1,0.0,285.98,,0.003496749014971064,688141049.0,mangiucugna/json_repair,Python
tests/test_schema_guided_parse.py,24,callable,ok,tests.test_schema_guided_parse.test_schema_salvage_mode_missing_required_scalar_still_raises,tests.test_schema_guided_parse.test_schema_salvage_mode_missing_required_scalar_still_raises,bc631297ea19ac26c6f26b5e6aa107adad668982,2026-02-28T10:20:05+01:00,bc631297ea19ac26c6f26b5e6aa107adad668982,2026-02-28T10:20:05+01:00,1,166,0.07142857142857142,,,False,False,0,1,0.0,285.98,,0.003496749014971064,688141049.0,mangiucugna/json_repair,Python
tests/test_schema_guided_parse.py,25,callable,ok,tests.test_schema_guided_parse.test_schema_skip_json_loads_keeps_parser_path_for_scalars,tests.test_schema_guided_parse.test_schema_skip_json_loads_keeps_parser_path_for_scalars,158efed1f8256b34e99d235a1dd48550a9f029cb,2026-03-05T08:47:59+01:00,158efed1f8256b34e99d235a1dd48550a9f029cb,2026-03-05T08:47:59+01:00,1,161,0.2,,,False,False,0,1,0.0,290.92,,0.003437418826289363,688141049.0,mangiucugna/json_repair,Python
tests/test_schema_guided_parse.py,26,callable,ok,tests.test_schema_guided_parse.test_schema_salvage_mode_union_object_array_falls_back_to_valid_array_branch,tests.test_schema_guided_parse.test_schema_salvage_mode_union_object_array_falls_back_to_valid_array_branch,158efed1f8256b34e99d235a1dd48550a9f029cb,2026-03-05T08:47:59+01:00,158efed1f8256b34e99d235a1dd48550a9f029cb,2026-03-05T08:47:59+01:00,1,161,0.08333333333333333,,,False,False,0,1,0.0,290.92,,0.003437418826289363,688141049.0,mangiucugna/json_repair,Python
tests/test_schema_guided_parse.py,27,callable,ok,tests.test_schema_guided_parse.test_schema_salvage_mode_union_object_array_does_not_remap_valid_array,tests.test_schema_guided_parse.test_schema_salvage_mode_union_object_array_does_not_remap_valid_array,158efed1f8256b34e99d235a1dd48550a9f029cb,2026-03-05T08:47:59+01:00,158efed1f8256b34e99d235a1dd48550a9f029cb,2026-03-05T08:47:59+01:00,1,161,0.02702702702702703,,,False,False,0,1,0.0,290.92,,0.003437418826289363,688141049.0,mangiucugna/json_repair,Python
tests/test_schema_guided_parse.py,28,callable,ok,tests.test_schema_guided_parse.test_schema_salvage_mode_maps_set_like_object_members_to_null_valued_keys,tests.test_schema_guided_parse.test_schema_salvage_mode_maps_set_like_object_members_to_null_valued_keys,eea54ac0b924d47cc726de710e92db1ec8e3adce,2026-03-26T20:07:28+01:00,eea54ac0b924d47cc726de710e92db1ec8e3adce,2026-03-26T20:07:28+01:00,1,140,0.02702702702702703,,,False,False,0,1,0.0,312.39,,0.003201149093963656,688141049.0,mangiucugna/json_repair,Python
tests/test_schema_guided_parse.py,29,callable,ok,tests.test_schema_guided_parse.test_schema_salvage_mode_set_like_members_do_not_override_mixed_object_array_schema,tests.test_schema_guided_parse.test_schema_salvage_mode_set_like_members_do_not_override_mixed_object_array_schema,eea54ac0b924d47cc726de710e92db1ec8e3adce,2026-03-26T20:07:28+01:00,eea54ac0b924d47cc726de710e92db1ec8e3adce,2026-03-26T20:07:28+01:00,1,140,0.08333333333333333,,,False,False,0,1,0.0,312.39,,0.003201149093963656,688141049.0,mangiucugna/json_repair,Python
tests/test_schema_guided_parse.py,30,callable,ok,tests.test_schema_guided_parse.test_schema_salvage_mode_set_like_members_still_fail_incompatible_object_schema,tests.test_schema_guided_parse.test_schema_salvage_mode_set_like_members_still_fail_incompatible_object_schema,eea54ac0b924d47cc726de710e92db1ec8e3adce,2026-03-26T20:07:28+01:00,eea54ac0b924d47cc726de710e92db1ec8e3adce,2026-03-26T20:07:28+01:00,1,140,0.058823529411764705,,,False,False,0,1,0.0,312.39,,0.003201149093963656,688141049.0,mangiucugna/json_repair,Python
tests/test_schema_guided_parse.py,31,callable,ok,tests.test_schema_guided_parse.test_schema_salvage_mode_set_like_members_require_string_keys,tests.test_schema_guided_parse.test_schema_salvage_mode_set_like_members_require_string_keys,eea54ac0b924d47cc726de710e92db1ec8e3adce,2026-03-26T20:07:28+01:00,eea54ac0b924d47cc726de710e92db1ec8e3adce,2026-03-26T20:07:28+01:00,1,140,0.07692307692307693,,,False,False,0,1,0.0,312.39,,0.003201149093963656,688141049.0,mangiucugna/json_repair,Python
tests/test_schema_guided_parse.py,37,callable,ok,tests.test_schema_guided_parse._two_string_schema,tests.test_schema_guided_parse._two_string_schema,e59446c3c950fff303595683357d3fedee5e73b0,2026-04-15T08:21:53+02:00,e59446c3c950fff303595683357d3fedee5e73b0,2026-04-15T08:21:53+02:00,1,121,0.08333333333333333,,,False,False,0,1,0.0,331.86,,0.003013353655799609,688141049.0,mangiucugna/json_repair,Python
tests/test_schema_guided_parse.py,38,callable,ok,tests.test_schema_guided_parse._assert_two_string_schema_repairs,tests.test_schema_guided_parse._assert_two_string_schema_repairs,e59446c3c950fff303595683357d3fedee5e73b0,2026-04-15T08:21:53+02:00,e59446c3c950fff303595683357d3fedee5e73b0,2026-04-15T08:21:53+02:00,1,121,0.25,,,False,False,0,1,0.0,331.86,,0.003013353655799609,688141049.0,mangiucugna/json_repair,Python
tests/test_schema_guided_parse.py,39,callable,ok,tests.test_schema_guided_parse.test_schema_pydantic_model_keeps_literal_fenced_snippet_cases,tests.test_schema_guided_parse.test_schema_pydantic_model_keeps_literal_fenced_snippet_cases,e59446c3c950fff303595683357d3fedee5e73b0,2026-04-15T08:21:53+02:00,e59446c3c950fff303595683357d3fedee5e73b0,2026-04-15T08:21:53+02:00,1,121,0.5,,,False,False,0,1,0.0,331.86,,0.003013353655799609,688141049.0,mangiucugna/json_repair,Python
tests/test_schema_guided_parse.py,40,callable,ok,tests.test_schema_guided_parse.test_schema_circular_ref_raises_definition_error,tests.test_schema_guided_parse.test_schema_circular_ref_raises_definition_error,63992e94b9cfec79a3d6671c9eceebfe596f55e3,2026-06-03T19:25:43+02:00,63992e94b9cfec79a3d6671c9eceebfe596f55e3,2026-06-03T19:25:43+02:00,1,71,0.09090909090909091,,,False,False,0,1,0.0,381.32,,0.0026224888189855322,688141049.0,mangiucugna/json_repair,Python
tests/test_schema_guided_parse.py,41,callable,ok,tests.test_schema_guided_parse.test_schema_non_string_ref_raises_definition_error,tests.test_schema_guided_parse.test_schema_non_string_ref_raises_definition_error,63992e94b9cfec79a3d6671c9eceebfe596f55e3,2026-06-03T19:25:43+02:00,63992e94b9cfec79a3d6671c9eceebfe596f55e3,2026-06-03T19:25:43+02:00,1,71,0.2,,,False,False,0,1,0.0,381.32,,0.0026224888189855322,688141049.0,mangiucugna/json_repair,Python
tests/test_schema_guided_parse.py,42,callable,ok,tests.test_schema_guided_parse.test_deep_allof_schema_raises_value_error_instead_of_recursion_error,tests.test_schema_guided_parse.test_deep_allof_schema_raises_value_error_instead_of_recursion_error,4d000b123521ab40083cfeb476806c1024424405,2026-06-09T05:36:28+02:00,4d000b123521ab40083cfeb476806c1024424405,2026-06-09T05:36:28+02:00,1,66,0.125,,,False,False,0,1,0.0,386.74,,0.0025857078351256917,688141049.0,mangiucugna/json_repair,Python
tests/test_schema_guided_parse.py,43,callable,ok,tests.test_schema_guided_parse.test_deep_properties_schema_raises_value_error_instead_of_recursion_error,tests.test_schema_guided_parse.test_deep_properties_schema_raises_value_error_instead_of_recursion_error,4d000b123521ab40083cfeb476806c1024424405,2026-06-09T05:36:28+02:00,4d000b123521ab40083cfeb476806c1024424405,2026-06-09T05:36:28+02:00,1,66,0.125,,,False,False,0,1,0.0,386.74,,0.0025857078351256917,688141049.0,mangiucugna/json_repair,Python
tests/test_schema_guided_parse.py,44,callable,ok,tests.test_schema_guided_parse.test_schema_unwraps_double_serialized_object_in_all_modes,tests.test_schema_guided_parse.test_schema_unwraps_double_serialized_object_in_all_modes,2921f3abbdc3a86e51eea2c838e554ecc0eff02a,2026-06-16T14:12:05+02:00,2921f3abbdc3a86e51eea2c838e554ecc0eff02a,2026-06-16T14:12:05+02:00,1,58,0.04,,,False,False,0,1,0.0,394.1,,0.0025374311475840736,688141049.0,mangiucugna/json_repair,Python
tests/test_schema_guided_parse.py,45,callable,ok,tests.test_schema_guided_parse.test_schema_salvage_repairs_malformed_double_serialized_object_string,tests.test_schema_guided_parse.test_schema_salvage_repairs_malformed_double_serialized_object_string,2921f3abbdc3a86e51eea2c838e554ecc0eff02a,2026-06-16T14:12:05+02:00,2921f3abbdc3a86e51eea2c838e554ecc0eff02a,2026-06-16T14:12:05+02:00,1,58,0.037037037037037035,,,False,False,0,1,0.0,394.1,,0.0025374311475840736,688141049.0,mangiucugna/json_repair,Python
tests/test_schema_guided_parse.py,46,callable,ok,tests.test_schema_guided_parse.test_schema_unwraps_double_serialized_array_in_all_modes,tests.test_schema_guided_parse.test_schema_unwraps_double_serialized_array_in_all_modes,2921f3abbdc3a86e51eea2c838e554ecc0eff02a,2026-06-16T14:12:05+02:00,2921f3abbdc3a86e51eea2c838e554ecc0eff02a,2026-06-16T14:12:05+02:00,1,58,0.047619047619047616,,,False,False,0,1,0.0,394.1,,0.0025374311475840736,688141049.0,mangiucugna/json_repair,Python
tests/test_schema_guided_parse.py,47,callable,ok,tests.test_schema_guided_parse.test_schema_salvage_repairs_malformed_double_serialized_array_string,tests.test_schema_guided_parse.test_schema_salvage_repairs_malformed_double_serialized_array_string,2921f3abbdc3a86e51eea2c838e554ecc0eff02a,2026-06-16T14:12:05+02:00,2921f3abbdc3a86e51eea2c838e554ecc0eff02a,2026-06-16T14:12:05+02:00,1,58,0.045454545454545456,,,False,False,0,1,0.0,394.1,,0.0025374311475840736,688141049.0,mangiucugna/json_repair,Python
tests/test_schema_guided_parse.py,48,callable,ok,tests.test_schema_guided_parse.test_schema_object_string_unwrap_preserves_existing_failures,tests.test_schema_guided_parse.test_schema_object_string_unwrap_preserves_existing_failures,2921f3abbdc3a86e51eea2c838e554ecc0eff02a,2026-06-16T14:12:05+02:00,2921f3abbdc3a86e51eea2c838e554ecc0eff02a,2026-06-16T14:12:05+02:00,1,58,0.05263157894736842,,,False,False,0,1,0.0,394.1,,0.0025374311475840736,688141049.0,mangiucugna/json_repair,Python
tests/test_schema_guided_parse.py,49,callable,ok,tests.test_schema_guided_parse.test_schema_array_string_unwrap_preserves_existing_fallbacks,tests.test_schema_guided_parse.test_schema_array_string_unwrap_preserves_existing_fallbacks,2921f3abbdc3a86e51eea2c838e554ecc0eff02a,2026-06-16T14:12:05+02:00,2921f3abbdc3a86e51eea2c838e554ecc0eff02a,2026-06-16T14:12:05+02:00,1,58,0.05555555555555555,,,False,False,0,1,0.0,394.1,,0.0025374311475840736,688141049.0,mangiucugna/json_repair,Python
tests/test_schema_guided_parse.py,50,callable,ok,tests.test_schema_guided_parse.test_schema_preserves_prefixed_valid_json_string_content,tests.test_schema_guided_parse.test_schema_preserves_prefixed_valid_json_string_content,7707441b46759d5b752d0a659fbb15a37f1391dd,2026-07-12T18:05:11+02:00,7707441b46759d5b752d0a659fbb15a37f1391dd,2026-07-12T18:05:11+02:00,1,32,0.05263157894736842,,,False,False,0,1,0.0,420.26,,0.002379472358063441,688141049.0,mangiucugna/json_repair,Python
tests/test_schema_guided_parse.py,51,callable,ok,tests.test_schema_guided_parse.test_schema_union_branch_keeps_root_defs_scope_during_repair,tests.test_schema_guided_parse.test_schema_union_branch_keeps_root_defs_scope_during_repair,89815cf9c9675a2ff1bd3569f9418fd2be80af35,2026-07-15T20:57:37+02:00,89815cf9c9675a2ff1bd3569f9418fd2be80af35,2026-07-15T20:57:37+02:00,1,29,0.037037037037037035,,,False,False,0,1,0.0,423.38,,0.002361938864219598,688141049.0,mangiucugna/json_repair,Python
tests/test_schema_guided_parse.py,52,callable,ok,tests.test_schema_guided_parse.test_schema_salvage_selects_first_matching_top_level_fragment,tests.test_schema_guided_parse.test_schema_salvage_selects_first_matching_top_level_fragment,dab9d6744274d3221671aabdb8643deee98805b0,2026-08-05T11:10:09+02:00,dab9d6744274d3221671aabdb8643deee98805b0,2026-08-05T11:10:09+02:00,1,8,0.043478260869565216,,,False,False,0,1,0.0,443.97,,0.0022523891161742417,688141049.0,mangiucugna/json_repair,Python
tests/test_schema_guided_parse.py,53,callable,ok,tests.test_schema_guided_parse.test_schema_salvage_skips_list_fragment_before_matching_object,tests.test_schema_guided_parse.test_schema_salvage_skips_list_fragment_before_matching_object,dab9d6744274d3221671aabdb8643deee98805b0,2026-08-05T11:10:09+02:00,dab9d6744274d3221671aabdb8643deee98805b0,2026-08-05T11:10:09+02:00,1,8,0.08333333333333333,,,False,False,0,1,0.0,443.97,,0.0022523891161742417,688141049.0,mangiucugna/json_repair,Python
tests/test_schema_guided_parse.py,54,callable,ok,tests.test_schema_guided_parse.test_schema_standard_still_rejects_invalid_first_top_level_fragment,tests.test_schema_guided_parse.test_schema_standard_still_rejects_invalid_first_top_level_fragment,dab9d6744274d3221671aabdb8643deee98805b0,2026-08-05T11:10:09+02:00,dab9d6744274d3221671aabdb8643deee98805b0,2026-08-05T11:10:09+02:00,1,8,0.1,,,False,False,0,1,0.0,443.97,,0.0022523891161742417,688141049.0,mangiucugna/json_repair,Python
tests/test_schema_guided_parse.py,55,callable,ok,tests.test_schema_guided_parse.test_schema_salvage_raises_when_no_top_level_fragment_matches,tests.test_schema_guided_parse.test_schema_salvage_raises_when_no_top_level_fragment_matches,dab9d6744274d3221671aabdb8643deee98805b0,2026-08-05T11:10:09+02:00,dab9d6744274d3221671aabdb8643deee98805b0,2026-08-05T11:10:09+02:00,1,8,0.05263157894736842,,,False,False,0,1,0.0,443.97,,0.0022523891161742417,688141049.0,mangiucugna/json_repair,Python
tests/test_schema_guided_parse.py,56,callable,ok,tests.test_schema_guided_parse.test_schema_salvage_does_not_select_an_item_from_a_real_top_level_array,tests.test_schema_guided_parse.test_schema_salvage_does_not_select_an_item_from_a_real_top_level_array,dab9d6744274d3221671aabdb8643deee98805b0,2026-08-05T11:10:09+02:00,dab9d6744274d3221671aabdb8643deee98805b0,2026-08-05T11:10:09+02:00,1,8,0.07142857142857142,,,False,False,0,1,0.0,443.97,,0.0022523891161742417,688141049.0,mangiucugna/json_repair,Python
tests/test_schema_parser_paths.py,0,callable,ok,tests.test_schema_parser_paths.parse_object_direct,tests.test_schema_parser_paths.parse_object_direct,9a27d7c8ac7ab4138e11f0c6fff87c0d78a3453c,2026-02-03T13:43:34+01:00,9a27d7c8ac7ab4138e11f0c6fff87c0d78a3453c,2026-02-03T13:43:34+01:00,1,191,0.125,,,False,False,0,1,0.0,261.12,,0.0038296388694870594,688141049.0,mangiucugna/json_repair,Python
tests/test_schema_parser_paths.py,1,callable,ok,tests.test_schema_parser_paths.parse_array_direct,tests.test_schema_parser_paths.parse_array_direct,9a27d7c8ac7ab4138e11f0c6fff87c0d78a3453c,2026-02-03T13:43:34+01:00,9a27d7c8ac7ab4138e11f0c6fff87c0d78a3453c,2026-02-03T13:43:34+01:00,1,191,0.16666666666666666,,,False,False,0,1,0.0,261.12,,0.0038296388694870594,688141049.0,mangiucugna/json_repair,Python
tests/test_schema_parser_paths.py,2,callable,ok,tests.test_schema_parser_paths.test_parse_object_schema_true_false_and_non_object,tests.test_schema_parser_paths.test_parse_object_schema_true_false_and_non_object,9a27d7c8ac7ab4138e11f0c6fff87c0d78a3453c,2026-02-03T13:43:34+01:00,9a27d7c8ac7ab4138e11f0c6fff87c0d78a3453c,2026-02-03T13:43:34+01:00,1,191,0.2,,,False,False,0,1,0.0,261.12,,0.0038296388694870594,688141049.0,mangiucugna/json_repair,Python
tests/test_schema_parser_paths.py,3,callable,ok,tests.test_schema_parser_paths.test_parse_object_schema_property_fallbacks_and_stray_colon,tests.test_schema_parser_paths.test_parse_object_schema_property_fallbacks_and_stray_colon,9a27d7c8ac7ab4138e11f0c6fff87c0d78a3453c,2026-02-03T13:43:34+01:00,9a27d7c8ac7ab4138e11f0c6fff87c0d78a3453c,2026-02-03T13:43:34+01:00,1,191,0.125,,,False,False,0,1,0.0,261.12,,0.0038296388694870594,688141049.0,mangiucugna/json_repair,Python
tests/test_schema_parser_paths.py,4,callable,ok,tests.test_schema_parser_paths.test_parse_object_schema_invalid_property_schema_raises,tests.test_schema_parser_paths.test_parse_object_schema_invalid_property_schema_raises,9a27d7c8ac7ab4138e11f0c6fff87c0d78a3453c,2026-02-03T13:43:34+01:00,9a27d7c8ac7ab4138e11f0c6fff87c0d78a3453c,2026-02-03T13:43:34+01:00,1,191,0.25,,,False,False,0,1,0.0,261.12,,0.0038296388694870594,688141049.0,mangiucugna/json_repair,Python
tests/test_schema_parser_paths.py,5,callable,ok,tests.test_schema_parser_paths.test_parse_object_schema_invalid_pattern_schema_raises,tests.test_schema_parser_paths.test_parse_object_schema_invalid_pattern_schema_raises,9a27d7c8ac7ab4138e11f0c6fff87c0d78a3453c,2026-02-03T13:43:34+01:00,9a27d7c8ac7ab4138e11f0c6fff87c0d78a3453c,2026-02-03T13:43:34+01:00,1,191,0.25,,,False,False,0,1,0.0,261.12,,0.0038296388694870594,688141049.0,mangiucugna/json_repair,Python
tests/test_schema_parser_paths.py,6,callable,ok,tests.test_schema_parser_paths.test_parse_object_schema_invalid_pattern_extra_schema_raises,tests.test_schema_parser_paths.test_parse_object_schema_invalid_pattern_extra_schema_raises,9a27d7c8ac7ab4138e11f0c6fff87c0d78a3453c,2026-02-03T13:43:34+01:00,9a27d7c8ac7ab4138e11f0c6fff87c0d78a3453c,2026-02-03T13:43:34+01:00,1,191,0.14285714285714285,,,False,False,0,1,0.0,261.12,,0.0038296388694870594,688141049.0,mangiucugna/json_repair,Python
tests/test_schema_parser_paths.py,7,callable,ok,tests.test_schema_parser_paths.test_parse_array_schema_missing_object_brace,tests.test_schema_parser_paths.test_parse_array_schema_missing_object_brace,9a27d7c8ac7ab4138e11f0c6fff87c0d78a3453c,2026-02-03T13:43:34+01:00,9a27d7c8ac7ab4138e11f0c6fff87c0d78a3453c,2026-02-03T13:43:34+01:00,1,191,0.1,,,False,False,0,1,0.0,261.12,,0.0038296388694870594,688141049.0,mangiucugna/json_repair,Python
tests/test_schema_parser_paths.py,8,callable,ok,tests.test_schema_parser_paths.test_parse_object_schema_pattern_extra_schemas,tests.test_schema_parser_paths.test_parse_object_schema_pattern_extra_schemas,9a27d7c8ac7ab4138e11f0c6fff87c0d78a3453c,2026-02-03T13:43:34+01:00,9a27d7c8ac7ab4138e11f0c6fff87c0d78a3453c,2026-02-03T13:43:34+01:00,1,191,0.1111111111111111,,,False,False,0,1,0.0,261.12,,0.0038296388694870594,688141049.0,mangiucugna/json_repair,Python
tests/test_schema_parser_paths.py,9,callable,ok,tests.test_schema_parser_paths.test_parse_object_schema_drop_property_and_additional_schema,tests.test_schema_parser_paths.test_parse_object_schema_drop_property_and_additional_schema,9a27d7c8ac7ab4138e11f0c6fff87c0d78a3453c,2026-02-03T13:43:34+01:00,9a27d7c8ac7ab4138e11f0c6fff87c0d78a3453c,2026-02-03T13:43:34+01:00,1,191,0.06666666666666667,,,False,False,0,1,0.0,261.12,,0.0038296388694870594,688141049.0,mangiucugna/json_repair,Python
tests/test_schema_parser_paths.py,10,callable,ok,tests.test_schema_parser_paths.test_parse_object_schema_closing_array_bracket_and_extra_brace,tests.test_schema_parser_paths.test_parse_object_schema_closing_array_bracket_and_extra_brace,9a27d7c8ac7ab4138e11f0c6fff87c0d78a3453c,2026-02-03T13:43:34+01:00,9a27d7c8ac7ab4138e11f0c6fff87c0d78a3453c,2026-02-03T13:43:34+01:00,1,191,0.05555555555555555,,,False,False,0,1,0.0,261.12,,0.0038296388694870594,688141049.0,mangiucugna/json_repair,Python
tests/test_schema_parser_paths.py,11,callable,ok,tests.test_schema_parser_paths.test_parse_object_schema_empty_object_falls_back_to_array,tests.test_schema_parser_paths.test_parse_object_schema_empty_object_falls_back_to_array,9a27d7c8ac7ab4138e11f0c6fff87c0d78a3453c,2026-02-03T13:43:34+01:00,9a27d7c8ac7ab4138e11f0c6fff87c0d78a3453c,2026-02-03T13:43:34+01:00,1,191,0.3333333333333333,,,False,False,0,1,0.0,261.12,,0.0038296388694870594,688141049.0,mangiucugna/json_repair,Python
tests/test_schema_parser_paths.py,12,callable,ok,tests.test_schema_parser_paths.test_parse_array_schema_true_false_and_non_array,tests.test_schema_parser_paths.test_parse_array_schema_true_false_and_non_array,9a27d7c8ac7ab4138e11f0c6fff87c0d78a3453c,2026-02-03T13:43:34+01:00,9a27d7c8ac7ab4138e11f0c6fff87c0d78a3453c,2026-02-03T13:43:34+01:00,1,191,0.2,,,False,False,0,1,0.0,261.12,,0.0038296388694870594,688141049.0,mangiucugna/json_repair,Python
tests/test_schema_parser_paths.py,13,callable,ok,tests.test_schema_parser_paths.test_parse_array_schema_items_and_additional_items,tests.test_schema_parser_paths.test_parse_array_schema_items_and_additional_items,9a27d7c8ac7ab4138e11f0c6fff87c0d78a3453c,2026-02-03T13:43:34+01:00,9a27d7c8ac7ab4138e11f0c6fff87c0d78a3453c,2026-02-03T13:43:34+01:00,1,191,0.043478260869565216,,,False,False,0,1,0.0,261.12,,0.0038296388694870594,688141049.0,mangiucugna/json_repair,Python
tests/test_schema_parser_paths.py,14,callable,ok,tests.test_schema_parser_paths.test_parse_array_schema_invalid_items_schema_raises,tests.test_schema_parser_paths.test_parse_array_schema_invalid_items_schema_raises,9a27d7c8ac7ab4138e11f0c6fff87c0d78a3453c,2026-02-03T13:43:34+01:00,9a27d7c8ac7ab4138e11f0c6fff87c0d78a3453c,2026-02-03T13:43:34+01:00,1,191,0.25,,,False,False,0,1,0.0,261.12,,0.0038296388694870594,688141049.0,mangiucugna/json_repair,Python
tests/test_schema_parser_paths.py,15,callable,ok,tests.test_schema_parser_paths.test_parse_json_with_schema_branches,tests.test_schema_parser_paths.test_parse_json_with_schema_branches,9a27d7c8ac7ab4138e11f0c6fff87c0d78a3453c,2026-02-03T13:43:34+01:00,9a27d7c8ac7ab4138e11f0c6fff87c0d78a3453c,2026-02-03T13:43:34+01:00,1,191,0.02857142857142857,,,False,False,0,1,0.0,261.12,,0.0038296388694870594,688141049.0,mangiucugna/json_repair,Python
tests/test_schema_parser_paths.py,16,callable,ok,tests.test_schema_parser_paths.test_schema_ref_to_true_short_circuits,tests.test_schema_parser_paths.test_schema_ref_to_true_short_circuits,9a27d7c8ac7ab4138e11f0c6fff87c0d78a3453c,2026-02-03T13:43:34+01:00,9a27d7c8ac7ab4138e11f0c6fff87c0d78a3453c,2026-02-03T13:43:34+01:00,1,191,0.05555555555555555,,,False,False,0,1,0.0,261.12,,0.0038296388694870594,688141049.0,mangiucugna/json_repair,Python
tests/test_schema_parser_paths.py,17,callable,ok,tests.test_schema_parser_paths.parse_array_direct_with_mode,tests.test_schema_parser_paths.parse_array_direct_with_mode,529be35078ed8e5f0d30c745a003c1f294f01ba1,2026-02-17T13:17:01+01:00,529be35078ed8e5f0d30c745a003c1f294f01ba1,2026-02-17T13:17:01+01:00,1,177,0.16666666666666666,,,False,False,0,1,0.0,275.1,,0.0036350049461731076,688141049.0,mangiucugna/json_repair,Python
tests/test_schema_parser_paths.py,18,callable,ok,tests.test_schema_parser_paths.test_parse_array_salvage_mode_parses_even_when_item_schema_would_fail,tests.test_schema_parser_paths.test_parse_array_salvage_mode_parses_even_when_item_schema_would_fail,529be35078ed8e5f0d30c745a003c1f294f01ba1,2026-02-17T13:17:01+01:00,529be35078ed8e5f0d30c745a003c1f294f01ba1,2026-02-17T13:17:01+01:00,1,177,0.25,,,False,False,0,1,0.0,275.1,,0.0036350049461731076,688141049.0,mangiucugna/json_repair,Python
tests/test_schema_parser_paths.py,19,callable,ok,tests.test_schema_parser_paths.test_parse_array_salvage_mode_keeps_object_heuristic_values,tests.test_schema_parser_paths.test_parse_array_salvage_mode_keeps_object_heuristic_values,529be35078ed8e5f0d30c745a003c1f294f01ba1,2026-02-17T13:17:01+01:00,529be35078ed8e5f0d30c745a003c1f294f01ba1,2026-02-17T13:17:01+01:00,1,177,0.25,,,False,False,0,1,0.0,275.1,,0.0036350049461731076,688141049.0,mangiucugna/json_repair,Python
tests/test_schema_parser_paths.py,20,callable,ok,tests.test_schema_parser_paths.test_parse_object_schema_skips_unsupported_pattern_regex_with_log,tests.test_schema_parser_paths.test_parse_object_schema_skips_unsupported_pattern_regex_with_log,a210ec4ec74dbe26a46d2aecf3190076cb55d8b6,2026-03-05T16:00:38+01:00,a210ec4ec74dbe26a46d2aecf3190076cb55d8b6,2026-03-05T16:00:38+01:00,1,161,0.07692307692307693,,,False,False,0,1,0.0,291.22,,0.0034338724009580182,688141049.0,mangiucugna/json_repair,Python
tests/test_schema_parser_paths.py,21,callable,ok,tests.test_schema_parser_paths.parse_object_direct_with_mode,tests.test_schema_parser_paths.parse_object_direct_with_mode,eea54ac0b924d47cc726de710e92db1ec8e3adce,2026-03-26T20:07:28+01:00,eea54ac0b924d47cc726de710e92db1ec8e3adce,2026-03-26T20:07:28+01:00,1,140,0.125,,,False,False,0,1,0.0,312.39,,0.003201149093963656,688141049.0,mangiucugna/json_repair,Python
tests/test_schema_parser_paths.py,22,callable,ok,tests.test_schema_parser_paths.test_parse_object_schema_salvage_set_literal_keeps_non_string_members_as_array,tests.test_schema_parser_paths.test_parse_object_schema_salvage_set_literal_keeps_non_string_members_as_array,eea54ac0b924d47cc726de710e92db1ec8e3adce,2026-03-26T20:07:28+01:00,eea54ac0b924d47cc726de710e92db1ec8e3adce,2026-03-26T20:07:28+01:00,1,140,0.3333333333333333,,,False,False,0,1,0.0,312.39,,0.003201149093963656,688141049.0,mangiucugna/json_repair,Python
tests/test_schema_repairer.py,0,callable,ok,tests.test_schema_repairer.test_missing_value_deepcopy,tests.test_schema_repairer.test_missing_value_deepcopy,9a27d7c8ac7ab4138e11f0c6fff87c0d78a3453c,2026-02-03T13:43:34+01:00,9a27d7c8ac7ab4138e11f0c6fff87c0d78a3453c,2026-02-03T13:43:34+01:00,1,191,0.5,,,False,False,0,1,0.0,261.12,,0.0038296388694870594,688141049.0,mangiucugna/json_repair,Python
tests/test_schema_repairer.py,1,callable,ok,tests.test_schema_repairer.test_normalize_missing_values_nested_and_invalid,tests.test_schema_repairer.test_normalize_missing_values_nested_and_invalid,9a27d7c8ac7ab4138e11f0c6fff87c0d78a3453c,2026-02-03T13:43:34+01:00,9a27d7c8ac7ab4138e11f0c6fff87c0d78a3453c,2026-02-03T13:43:34+01:00,1,191,0.14285714285714285,,,False,False,0,1,0.0,261.12,,0.0038296388694870594,688141049.0,mangiucugna/json_repair,Python
tests/test_schema_repairer.py,2,callable,ok,tests.test_schema_repairer.test_load_schema_model_errors_and_success,tests.test_schema_repairer.test_load_schema_model_errors_and_success,9a27d7c8ac7ab4138e11f0c6fff87c0d78a3453c,2026-02-03T13:43:34+01:00,9a27d7c8ac7ab4138e11f0c6fff87c0d78a3453c,2026-02-03T13:43:34+01:00,1,191,0.09090909090909091,,,False,False,0,1,0.0,261.12,,0.0038296388694870594,688141049.0,mangiucugna/json_repair,Python
tests/test_schema_repairer.py,3,callable,ok,tests.test_schema_repairer.test_schema_from_input_basic_and_invalid,tests.test_schema_repairer.test_schema_from_input_basic_and_invalid,9a27d7c8ac7ab4138e11f0c6fff87c0d78a3453c,2026-02-03T13:43:34+01:00,9a27d7c8ac7ab4138e11f0c6fff87c0d78a3453c,2026-02-03T13:43:34+01:00,1,191,0.16666666666666666,,,False,False,0,1,0.0,261.12,,0.0038296388694870594,688141049.0,mangiucugna/json_repair,Python
tests/test_schema_repairer.py,4,callable,ok,tests.test_schema_repairer.test_schema_from_input_model_defaults_and_required,tests.test_schema_repairer.test_schema_from_input_model_defaults_and_required,9a27d7c8ac7ab4138e11f0c6fff87c0d78a3453c,2026-02-03T13:43:34+01:00,9a27d7c8ac7ab4138e11f0c6fff87c0d78a3453c,2026-02-03T13:43:34+01:00,1,191,0.023809523809523808,,,False,False,0,1,0.0,261.12,,0.0038296388694870594,688141049.0,mangiucugna/json_repair,Python
tests/test_schema_repairer.py,5,callable,ok,tests.test_schema_repairer.test_schema_from_input_non_dict_properties,tests.test_schema_repairer.test_schema_from_input_non_dict_properties,9a27d7c8ac7ab4138e11f0c6fff87c0d78a3453c,2026-02-03T13:43:34+01:00,9a27d7c8ac7ab4138e11f0c6fff87c0d78a3453c,2026-02-03T13:43:34+01:00,1,191,0.041666666666666664,,,False,False,0,1,0.0,261.12,,0.0038296388694870594,688141049.0,mangiucugna/json_repair,Python
tests/test_schema_repairer.py,6,callable,ok,tests.test_schema_repairer.test_schema_from_input_requires_pydantic_v2,tests.test_schema_repairer.test_schema_from_input_requires_pydantic_v2,9a27d7c8ac7ab4138e11f0c6fff87c0d78a3453c,2026-02-03T13:43:34+01:00,9a27d7c8ac7ab4138e11f0c6fff87c0d78a3453c,2026-02-03T13:43:34+01:00,1,191,0.09090909090909091,,,False,False,0,1,0.0,261.12,,0.0038296388694870594,688141049.0,mangiucugna/json_repair,Python
tests/test_schema_repairer.py,7,callable,ok,tests.test_schema_repairer.test_schema_repairer_validate_and_prepare,tests.test_schema_repairer.test_schema_repairer_validate_and_prepare,9a27d7c8ac7ab4138e11f0c6fff87c0d78a3453c,2026-02-03T13:43:34+01:00,6d7caf2d2d0bc2b7ce63e77b3c19b43e141fc40c,2026-04-24T11:21:20+02:00,3,191,0.08108108108108109,0.9713512467700869,,False,False,0,3,0.0,340.98,,0.008798149673090358,688141049.0,mangiucugna/json_repair,Python
tests/test_schema_repairer.py,8,callable,ok,tests.test_schema_repairer.test_schema_repairer_resolve_schema_and_refs,tests.test_schema_repairer.test_schema_repairer_resolve_schema_and_refs,9a27d7c8ac7ab4138e11f0c6fff87c0d78a3453c,2026-02-03T13:43:34+01:00,9a27d7c8ac7ab4138e11f0c6fff87c0d78a3453c,2026-02-03T13:43:34+01:00,1,191,0.05,,,False,False,0,1,0.0,261.12,,0.0038296388694870594,688141049.0,mangiucugna/json_repair,Python
tests/test_schema_repairer.py,9,callable,ok,tests.test_schema_repairer.test_schema_repairer_copy_json_value_edges,tests.test_schema_repairer.test_schema_repairer_copy_json_value_edges,9a27d7c8ac7ab4138e11f0c6fff87c0d78a3453c,2026-02-03T13:43:34+01:00,9a27d7c8ac7ab4138e11f0c6fff87c0d78a3453c,2026-02-03T13:43:34+01:00,1,191,0.14285714285714285,,,False,False,0,1,0.0,261.12,,0.0038296388694870594,688141049.0,mangiucugna/json_repair,Python
tests/test_schema_repairer.py,10,callable,ok,tests.test_schema_repairer.test_schema_repairer_object_and_array_helpers,tests.test_schema_repairer.test_schema_repairer_object_and_array_helpers,9a27d7c8ac7ab4138e11f0c6fff87c0d78a3453c,2026-02-03T13:43:34+01:00,9a27d7c8ac7ab4138e11f0c6fff87c0d78a3453c,2026-02-03T13:43:34+01:00,1,191,0.07142857142857142,,,False,False,0,1,0.0,261.12,,0.0038296388694870594,688141049.0,mangiucugna/json_repair,Python
tests/test_schema_repairer.py,11,callable,ok,tests.test_schema_repairer.test_repair_value_missing_and_unions,tests.test_schema_repairer.test_repair_value_missing_and_unions,9a27d7c8ac7ab4138e11f0c6fff87c0d78a3453c,2026-02-03T13:43:34+01:00,9a27d7c8ac7ab4138e11f0c6fff87c0d78a3453c,2026-02-03T13:43:34+01:00,1,191,0.030303030303030304,,,False,False,0,1,0.0,261.12,,0.0038296388694870594,688141049.0,mangiucugna/json_repair,Python
tests/test_schema_repairer.py,12,callable,ok,tests.test_schema_repairer.test_repair_object_and_array_paths,tests.test_schema_repairer.test_repair_object_and_array_paths,9a27d7c8ac7ab4138e11f0c6fff87c0d78a3453c,2026-02-03T13:43:34+01:00,4e523430b0c5323ab6cca71c22ea4123da0aeb3f,2026-03-16T09:34:31+01:00,3,191,0.030303030303030304,0.9271517446789732,,False,False,0,3,0.0,301.95,,0.009935476516301485,688141049.0,mangiucugna/json_repair,Python
tests/test_schema_repairer.py,13,callable,ok,tests.test_schema_repairer.test_fill_missing_and_coerce_scalar_paths,tests.test_schema_repairer.test_fill_missing_and_coerce_scalar_paths,9a27d7c8ac7ab4138e11f0c6fff87c0d78a3453c,2026-02-03T13:43:34+01:00,529be35078ed8e5f0d30c745a003c1f294f01ba1,2026-02-17T13:17:01+01:00,2,191,0.02702702702702703,,,False,False,0,2,0.0,275.1,,0.007270009892346215,688141049.0,mangiucugna/json_repair,Python
tests/test_schema_repairer.py,14,callable,ok,tests.test_schema_repairer.test_apply_enum_const_mismatch_raises,tests.test_schema_repairer.test_apply_enum_const_mismatch_raises,9a27d7c8ac7ab4138e11f0c6fff87c0d78a3453c,2026-02-03T13:43:34+01:00,9a27d7c8ac7ab4138e11f0c6fff87c0d78a3453c,2026-02-03T13:43:34+01:00,1,191,0.16666666666666666,,,False,False,0,1,0.0,261.12,,0.0038296388694870594,688141049.0,mangiucugna/json_repair,Python
tests/test_schema_repairer.py,15,callable,ok,tests.test_schema_repairer.test_repair_json_valid_empty_string_returns_empty,tests.test_schema_repairer.test_repair_json_valid_empty_string_returns_empty,9a27d7c8ac7ab4138e11f0c6fff87c0d78a3453c,2026-02-03T13:43:34+01:00,9a27d7c8ac7ab4138e11f0c6fff87c0d78a3453c,2026-02-03T13:43:34+01:00,1,191,0.5,,,False,False,0,1,0.0,261.12,,0.0038296388694870594,688141049.0,mangiucugna/json_repair,Python
tests/test_schema_repairer.py,16,callable,ok,tests.test_schema_repairer.test_schema_repair_mode_validation,tests.test_schema_repairer.test_schema_repair_mode_validation,529be35078ed8e5f0d30c745a003c1f294f01ba1,2026-02-17T13:17:01+01:00,529be35078ed8e5f0d30c745a003c1f294f01ba1,2026-02-17T13:17:01+01:00,1,177,0.16666666666666666,,,False,False,0,1,0.0,275.1,,0.0036350049461731076,688141049.0,mangiucugna/json_repair,Python
tests/test_schema_repairer.py,17,callable,ok,tests.test_schema_repairer.test_type_union_validates_branch_before_returning,tests.test_schema_repairer.test_type_union_validates_branch_before_returning,158efed1f8256b34e99d235a1dd48550a9f029cb,2026-03-05T08:47:59+01:00,158efed1f8256b34e99d235a1dd48550a9f029cb,2026-03-05T08:47:59+01:00,1,161,0.08333333333333333,,,False,False,0,1,0.0,290.92,,0.003437418826289363,688141049.0,mangiucugna/json_repair,Python
tests/test_schema_repairer.py,18,callable,ok,tests.test_schema_repairer.test_salvage_skips_object_mapping_for_mixed_object_array_schema,tests.test_schema_repairer.test_salvage_skips_object_mapping_for_mixed_object_array_schema,158efed1f8256b34e99d235a1dd48550a9f029cb,2026-03-05T08:47:59+01:00,158efed1f8256b34e99d235a1dd48550a9f029cb,2026-03-05T08:47:59+01:00,1,161,0.1,,,False,False,0,1,0.0,290.92,,0.003437418826289363,688141049.0,mangiucugna/json_repair,Python
tests/test_schema_repairer.py,19,callable,ok,tests.test_schema_repairer.test_can_salvage_list_as_object_requires_object_without_array,tests.test_schema_repairer.test_can_salvage_list_as_object_requires_object_without_array,158efed1f8256b34e99d235a1dd48550a9f029cb,2026-03-05T08:47:59+01:00,158efed1f8256b34e99d235a1dd48550a9f029cb,2026-03-05T08:47:59+01:00,1,161,0.125,,,False,False,0,1,0.0,290.92,,0.003437418826289363,688141049.0,mangiucugna/json_repair,Python
tests/test_schema_repairer.py,20,callable,ok,tests.test_schema_repairer.test_repair_object_skips_unsupported_pattern_regex_with_fallback_and_log,tests.test_schema_repairer.test_repair_object_skips_unsupported_pattern_regex_with_fallback_and_log,a210ec4ec74dbe26a46d2aecf3190076cb55d8b6,2026-03-05T16:00:38+01:00,a210ec4ec74dbe26a46d2aecf3190076cb55d8b6,2026-03-05T16:00:38+01:00,1,161,0.07692307692307693,,,False,False,0,1,0.0,291.22,,0.0034338724009580182,688141049.0,mangiucugna/json_repair,Python
tests/test_strict_mode.py,0,callable,ok,tests.test_strict_mode.test_strict_rejects_multiple_top_level_values,tests.test_strict_mode.test_strict_rejects_multiple_top_level_values,0c21240486e61e6ce50f06320298357963437c4b,2025-11-18T12:07:03+01:00,7a3aef95f245c14dd258b443af60a3f597e682a1,2025-11-25T16:14:21+01:00,2,268,0.6666666666666666,,,False,False,0,2,0.0,191.23,,0.010458832238696699,688141049.0,mangiucugna/json_repair,Python
tests/test_strict_mode.py,1,callable,ok,tests.test_strict_mode.test_strict_duplicate_keys_inside_array,tests.test_strict_mode.test_strict_duplicate_keys_inside_array,0c21240486e61e6ce50f06320298357963437c4b,2025-11-18T12:07:03+01:00,0c21240486e61e6ce50f06320298357963437c4b,2025-11-18T12:07:03+01:00,1,268,0.25,,,False,False,0,1,0.0,184.05,,0.005433182141205763,688141049.0,mangiucugna/json_repair,Python
tests/test_strict_mode.py,2,callable,ok,tests.test_strict_mode.test_strict_requires_colon_between_key_and_value,tests.test_strict_mode.test_strict_requires_colon_between_key_and_value,0c21240486e61e6ce50f06320298357963437c4b,2025-11-18T12:07:03+01:00,0c21240486e61e6ce50f06320298357963437c4b,2025-11-18T12:07:03+01:00,1,268,0.3333333333333333,,,False,False,0,1,0.0,184.05,,0.005433182141205763,688141049.0,mangiucugna/json_repair,Python
tests/test_strict_mode.py,3,callable,ok,tests.test_strict_mode.test_strict_rejects_empty_object_with_extra_characters,tests.test_strict_mode.test_strict_rejects_empty_object_with_extra_characters,0c21240486e61e6ce50f06320298357963437c4b,2025-11-18T12:07:03+01:00,0c21240486e61e6ce50f06320298357963437c4b,2025-11-18T12:07:03+01:00,1,268,0.3333333333333333,,,False,False,0,1,0.0,184.05,,0.005433182141205763,688141049.0,mangiucugna/json_repair,Python
tests/test_strict_mode.py,4,callable,ok,tests.test_strict_mode.test_strict_detects_immediate_doubled_quotes,tests.test_strict_mode.test_strict_detects_immediate_doubled_quotes,0c21240486e61e6ce50f06320298357963437c4b,2025-11-18T12:07:03+01:00,294e425e596377e19ada0444b5b06eed354d5e2d,2026-03-06T09:23:52+01:00,2,268,0.6666666666666666,,,False,False,0,2,0.0,291.94,,0.006850702109746662,688141049.0,mangiucugna/json_repair,Python
tests/test_strict_mode.py,5,callable,ok,tests.test_strict_mode.test_strict_detects_doubled_quotes_followed_by_string,tests.test_strict_mode.test_strict_detects_doubled_quotes_followed_by_string,0c21240486e61e6ce50f06320298357963437c4b,2025-11-18T12:07:03+01:00,0c21240486e61e6ce50f06320298357963437c4b,2025-11-18T12:07:03+01:00,1,268,0.16666666666666666,,,False,False,0,1,0.0,184.05,,0.005433182141205763,688141049.0,mangiucugna/json_repair,Python
tests/test_strict_mode.py,6,callable,ok,tests.test_strict_mode.test_strict_rejects_empty_keys,tests.test_strict_mode.test_strict_rejects_empty_keys,b582172db4dafe0032b889fe47da0482c6d3a2b1,2025-11-18T15:09:22+01:00,b582172db4dafe0032b889fe47da0482c6d3a2b1,2025-11-18T15:09:22+01:00,1,268,0.25,,,False,False,0,1,0.0,184.18,,0.005429447286036731,688141049.0,mangiucugna/json_repair,Python
tests/test_strict_mode.py,7,callable,ok,tests.test_strict_mode.test_strict_rejects_empty_values,tests.test_strict_mode.test_strict_rejects_empty_values,b582172db4dafe0032b889fe47da0482c6d3a2b1,2025-11-18T15:09:22+01:00,b582172db4dafe0032b889fe47da0482c6d3a2b1,2025-11-18T15:09:22+01:00,1,268,0.25,,,False,False,0,1,0.0,184.18,,0.005429447286036731,688141049.0,mangiucugna/json_repair,Python
tests/test_strict_mode.py,8,callable,ok,tests.test_strict_mode.test_strict_rejects_empty_escaped_object_with_extra_characters,tests.test_strict_mode.test_strict_rejects_empty_escaped_object_with_extra_characters,eea54ac0b924d47cc726de710e92db1ec8e3adce,2026-03-26T20:07:28+01:00,eea54ac0b924d47cc726de710e92db1ec8e3adce,2026-03-26T20:07:28+01:00,1,140,0.3333333333333333,,,False,False,0,1,0.0,312.39,,0.003201149093963656,688141049.0,mangiucugna/json_repair,Python
tests/test_strict_mode.py,9,callable,ok,tests.test_strict_mode.test_strict_rejects_comma_separated_same_shape_top_level_objects,tests.test_strict_mode.test_strict_rejects_comma_separated_same_shape_top_level_objects,4206302f1a9c107d8219d63c6a72075aea6d58a9,2026-05-12T14:19:20+02:00,4206302f1a9c107d8219d63c6a72075aea6d58a9,2026-05-12T14:19:20+02:00,1,93,0.3333333333333333,,,False,False,0,1,0.0,359.1,,0.0027847055206142337,688141049.0,mangiucugna/json_repair,Python
tests/test_strict_mode.py,10,callable,ok,tests.test_strict_mode.test_strict_rejects_adjacent_same_shape_top_level_objects,tests.test_strict_mode.test_strict_rejects_adjacent_same_shape_top_level_objects,4206302f1a9c107d8219d63c6a72075aea6d58a9,2026-05-12T14:19:20+02:00,4206302f1a9c107d8219d63c6a72075aea6d58a9,2026-05-12T14:19:20+02:00,1,93,0.3333333333333333,,,False,False,0,1,0.0,359.1,,0.0027847055206142337,688141049.0,mangiucugna/json_repair,Python
tests/test_strict_mode.py,11,callable,ok,tests.test_strict_mode.test_strict_rejects_adjacent_same_shape_top_level_arrays,tests.test_strict_mode.test_strict_rejects_adjacent_same_shape_top_level_arrays,4206302f1a9c107d8219d63c6a72075aea6d58a9,2026-05-12T14:19:20+02:00,4206302f1a9c107d8219d63c6a72075aea6d58a9,2026-05-12T14:19:20+02:00,1,93,0.3333333333333333,,,False,False,0,1,0.0,359.1,,0.0027847055206142337,688141049.0,mangiucugna/json_repair,Python
tests/test_strict_mode.py,12,callable,ok,tests.test_strict_mode.test_strict_rejects_falsy_top_level_values,tests.test_strict_mode.test_strict_rejects_falsy_top_level_values,4206302f1a9c107d8219d63c6a72075aea6d58a9,2026-05-12T14:19:20+02:00,4206302f1a9c107d8219d63c6a72075aea6d58a9,2026-05-12T14:19:20+02:00,1,93,0.3333333333333333,,,False,False,0,1,0.0,359.1,,0.0027847055206142337,688141049.0,mangiucugna/json_repair,Python
tests/test_type_inference.py,0,callable,ok,tests.test_type_inference._run_type_check,tests.test_type_inference._run_type_check,4e523430b0c5323ab6cca71c22ea4123da0aeb3f,2026-03-16T09:34:31+01:00,4e523430b0c5323ab6cca71c22ea4123da0aeb3f,2026-03-16T09:34:31+01:00,1,150,0.2,,,False,False,0,1,0.0,301.95,,0.003311825505433828,688141049.0,mangiucugna/json_repair,Python
tests/test_type_inference.py,1,callable,ok,tests.test_type_inference.test_repair_json_type_inference,tests.test_type_inference.test_repair_json_type_inference,4e523430b0c5323ab6cca71c22ea4123da0aeb3f,2026-03-16T09:34:31+01:00,4e523430b0c5323ab6cca71c22ea4123da0aeb3f,2026-03-16T09:34:31+01:00,1,150,0.25,,,False,False,0,1,0.0,301.95,,0.003311825505433828,688141049.0,mangiucugna/json_repair,Python
tests/utils/test_pattern_properties.py,0,callable,ok,tests.utils.test_pattern_properties.test_match_pattern_properties_exact_anchor_contains,tests.utils.test_pattern_properties.test_match_pattern_properties_exact_anchor_contains,a210ec4ec74dbe26a46d2aecf3190076cb55d8b6,2026-03-05T16:00:38+01:00,a210ec4ec74dbe26a46d2aecf3190076cb55d8b6,2026-03-05T16:00:38+01:00,1,161,0.1,,,False,False,0,1,0.0,291.22,,0.0034338724009580182,688141049.0,mangiucugna/json_repair,Python
tests/utils/test_pattern_properties.py,1,callable,ok,tests.utils.test_pattern_properties.test_match_pattern_properties_marks_unsupported_regex_patterns,tests.utils.test_pattern_properties.test_match_pattern_properties_marks_unsupported_regex_patterns,a210ec4ec74dbe26a46d2aecf3190076cb55d8b6,2026-03-05T16:00:38+01:00,a210ec4ec74dbe26a46d2aecf3190076cb55d8b6,2026-03-05T16:00:38+01:00,1,161,0.1,,,False,False,0,1,0.0,291.22,,0.0034338724009580182,688141049.0,mangiucugna/json_repair,Python
tests/utils/test_pattern_properties.py,2,callable,ok,tests.utils.test_pattern_properties.test_match_pattern_properties_empty_mapping,tests.utils.test_pattern_properties.test_match_pattern_properties_empty_mapping,b2486d793bee88440750e1c2f22c54c1dfb75a68,2026-03-06T09:10:56+01:00,b2486d793bee88440750e1c2f22c54c1dfb75a68,2026-03-06T09:10:56+01:00,1,160,0.25,,,False,False,0,1,0.0,291.93,,0.003425456438105729,688141049.0,mangiucugna/json_repair,Python
tests/utils/test_string_file_wrapper.py,0,callable,ok,tests.utils.test_string_file_wrapper.test_string_file_wrapper_handles_multibyte,tests.utils.test_string_file_wrapper.test_string_file_wrapper_handles_multibyte,51961aeffdd54ce5f8bcce09d57e9e64f835095c,2025-11-18T14:19:43+01:00,51961aeffdd54ce5f8bcce09d57e9e64f835095c,2025-11-18T14:19:43+01:00,1,268,0.1111111111111111,,,False,False,0,1,0.0,184.15,,0.005430463884178262,688141049.0,mangiucugna/json_repair,Python
tests/utils/test_string_file_wrapper.py,1,callable,ok,tests.utils.test_string_file_wrapper.test_string_file_wrapper_invalid_buffer_access,tests.utils.test_string_file_wrapper.test_string_file_wrapper_invalid_buffer_access,51961aeffdd54ce5f8bcce09d57e9e64f835095c,2025-11-18T14:19:43+01:00,51961aeffdd54ce5f8bcce09d57e9e64f835095c,2025-11-18T14:19:43+01:00,1,268,0.09090909090909091,,,False,False,0,1,0.0,184.15,,0.005430463884178262,688141049.0,mangiucugna/json_repair,Python
tests/utils/test_string_file_wrapper.py,2,callable,ok,tests.utils.test_string_file_wrapper.test_string_file_wrapper_slice_variations,tests.utils.test_string_file_wrapper.test_string_file_wrapper_slice_variations,51961aeffdd54ce5f8bcce09d57e9e64f835095c,2025-11-18T14:19:43+01:00,51961aeffdd54ce5f8bcce09d57e9e64f835095c,2025-11-18T14:19:43+01:00,1,268,0.09090909090909091,,,False,False,0,1,0.0,184.15,,0.005430463884178262,688141049.0,mangiucugna/json_repair,Python
tests/utils/test_string_file_wrapper.py,3,callable,ok,tests.utils.test_string_file_wrapper.test_string_file_wrapper_negative_indices,tests.utils.test_string_file_wrapper.test_string_file_wrapper_negative_indices,51961aeffdd54ce5f8bcce09d57e9e64f835095c,2025-11-18T14:19:43+01:00,51961aeffdd54ce5f8bcce09d57e9e64f835095c,2025-11-18T14:19:43+01:00,1,268,0.125,,,False,False,0,1,0.0,184.15,,0.005430463884178262,688141049.0,mangiucugna/json_repair,Python
tests/utils/test_string_file_wrapper.py,4,callable,ok,tests.utils.test_string_file_wrapper.test_string_file_wrapper_ensure_chunk_position_raises,tests.utils.test_string_file_wrapper.test_string_file_wrapper_ensure_chunk_position_raises,51961aeffdd54ce5f8bcce09d57e9e64f835095c,2025-11-18T14:19:43+01:00,51961aeffdd54ce5f8bcce09d57e9e64f835095c,2025-11-18T14:19:43+01:00,1,268,0.14285714285714285,,,False,False,0,1,0.0,184.15,,0.005430463884178262,688141049.0,mangiucugna/json_repair,Python
