manifest: C:\Users\kvrlv\Projects\Codebook_AIDev\results\snapshots\07-21-repo-snapshot-manifest-480.csv (480 rows)
192 eligible row(s) (have a resolved commit)
resuming: 50 row(s) already done in C:\Users\kvrlv\Projects\Codebook_AIDev\results\analysis\07-28-smell-metrics-airbyteDock-192.csv, skipping
  [row] (51/192) starting airbytehq/airbyte A1 2026-03-01 @c27d1755
    [dpy] WARNING: 1 chunk(s) still over 8000 LOC and can't be split further (no subdirectories) - DPy will skip CSV export for these: ['C:\\Users\\kvrlv\\AppData\\Local\\Temp\\dpy_chunks_z3xtzyln\\loose__root__airbyte-integrations__connectors__source-github__source_github__loose1']
    [dpy] 390 chunk(s) planned, 342271 total LOC
    [dpy] chunk 1/390 (389 LOC) done in 3.1s - ~20.2min left in this row
    [dpy] chunk 2/390 (867 LOC) done in 3.9s - ~22.8min left in this row
    [dpy] chunk 3/390 (811 LOC) done in 3.3s - ~22.3min left in this row
    [dpy] chunk 4/390 (1045 LOC) done in 3.5s - ~22.3min left in this row
    [dpy] chunk 5/390 (698 LOC) done in 3.4s - ~22.2min left in this row
    [dpy] chunk 6/390 (6691 LOC) done in 4.3s - ~23.0min left in this row
    [dpy] chunk 7/390 (6599 LOC) done in 4.3s - ~23.6min left in this row
    [dpy] chunk 8/390 (3234 LOC) done in 3.9s - ~23.7min left in this row
    [dpy] chunk 9/390 (692 LOC) done in 3.2s - ~23.2min left in this row
    [dpy] chunk 10/390 (205 LOC) done in 3.5s - ~23.1min left in this row
    [dpy] chunk 11/390 (227 LOC) done in 4.4s - ~23.4min left in this row
    [dpy] chunk 12/390 (59 LOC) done in 3.7s - ~23.4min left in this row
    [dpy] chunk 13/390 (473 LOC) done in 5.0s - ~23.9min left in this row
    [dpy] chunk 14/390 (2528 LOC) done in 4.8s - ~24.3min left in this row
    [dpy] chunk 15/390 (1198 LOC) done in 5.7s - ~25.0min left in this row
    [dpy] chunk 16/390 (193 LOC) done in 4.5s - ~25.1min left in this row
    [dpy] chunk 17/390 (1959 LOC) done in 4.7s - ~25.3min left in this row
    [dpy] chunk 18/390 (237 LOC) done in 4.7s - ~25.5min left in this row
    [dpy] chunk 19/390 (456 LOC) done in 4.5s - ~25.5min left in this row
    [dpy] chunk 20/390 (914 LOC) done in 4.5s - ~25.6min left in this row
    [dpy] chunk 21/390 (179 LOC) done in 4.2s - ~25.5min left in this row
    [dpy] chunk 22/390 (156 LOC) done in 4.7s - ~25.6min left in this row
    [dpy] chunk 23/390 (1108 LOC) done in 5.3s - ~25.9min left in this row
    [dpy] chunk 24/390 (543 LOC) done in 4.3s - ~25.8min left in this row
    [dpy] chunk 25/390 (27 LOC) done in 5.0s - ~25.9min left in this row
    [dpy] chunk 26/390 (3 LOC) done in 3.9s - ~25.8min left in this row
    [dpy] chunk 27/390 (1004 LOC) done in 3.7s - ~25.6min left in this row
    [dpy] chunk 28/390 (1482 LOC) done in 3.3s - ~25.3min left in this row
    [dpy] chunk 29/390 (190 LOC) done in 4.9s - ~25.4min left in this row
    [dpy] chunk 30/390 (1955 LOC) done in 5.3s - ~25.5min left in this row
    [dpy] chunk 31/390 (1488 LOC) done in 4.2s - ~25.5min left in this row
    [dpy] chunk 32/390 (276 LOC) done in 3.4s - ~25.2min left in this row
    [dpy] chunk 33/390 (6 LOC) done in 4.6s - ~25.2min left in this row
    [dpy] chunk 34/390 (3817 LOC) done in 8.0s - ~25.8min left in this row
    [dpy] chunk 35/390 (2018 LOC) done in 4.4s - ~25.7min left in this row
    [dpy] chunk 36/390 (6507 LOC) done in 6.1s - ~26.0min left in this row
    [dpy] chunk 37/390 (1137 LOC) done in 4.7s - ~25.9min left in this row
    [dpy] chunk 38/390 (70 LOC) done in 3.2s - ~25.7min left in this row
    [dpy] chunk 39/390 (4941 LOC) done in 5.6s - ~25.8min left in this row
    [dpy] chunk 40/390 (7948 LOC) done in 4.6s - ~25.7min left in this row
    [dpy] chunk 41/390 (618 LOC) done in 3.6s - ~25.5min left in this row
    [dpy] chunk 42/390 (470 LOC) done in 2.9s - ~25.3min left in this row
    [dpy] chunk 43/390 (698 LOC) done in 3.4s - ~25.1min left in this row
    [dpy] chunk 44/390 (2062 LOC) done in 3.1s - ~24.8min left in this row
    [dpy] chunk 45/390 (634 LOC) done in 3.9s - ~24.7min left in this row
    [dpy] chunk 46/390 (462 LOC) done in 3.9s - ~24.6min left in this row
    [dpy] chunk 47/390 (731 LOC) done in 3.7s - ~24.4min left in this row
    [dpy] chunk 48/390 (2271 LOC) done in 3.9s - ~24.3min left in this row
    [dpy] chunk 49/390 (638 LOC) done in 4.4s - ~24.3min left in this row
    [dpy] chunk 50/390 (957 LOC) done in 4.4s - ~24.2min left in this row
    [dpy] chunk 51/390 (635 LOC) done in 3.1s - ~24.0min left in this row
    [dpy] chunk 52/390 (962 LOC) done in 3.6s - ~23.9min left in this row
    [dpy] chunk 53/390 (262 LOC) done in 3.1s - ~23.7min left in this row
    [dpy] chunk 54/390 (320 LOC) done in 6.4s - ~23.9min left in this row
    [dpy] chunk 55/390 (1289 LOC) done in 4.7s - ~23.8min left in this row
    [dpy] chunk 56/390 (240 LOC) done in 3.2s - ~23.6min left in this row
    [dpy] chunk 57/390 (14 LOC) done in 2.5s - ~23.4min left in this row
    [dpy] chunk 58/390 (698 LOC) done in 3.3s - ~23.3min left in this row
    [dpy] chunk 59/390 (1846 LOC) done in 3.3s - ~23.1min left in this row
    [dpy] chunk 60/390 (2324 LOC) done in 3.5s - ~23.0min left in this row
    [dpy] chunk 61/390 (1034 LOC) done in 3.6s - ~22.8min left in this row
    [dpy] chunk 62/390 (569 LOC) done in 2.9s - ~22.7min left in this row
    [dpy] chunk 63/390 (330 LOC) done in 2.8s - ~22.5min left in this row
    [dpy] chunk 64/390 (1693 LOC) done in 3.4s - ~22.3min left in this row
    [dpy] chunk 65/390 (472 LOC) done in 4.0s - ~22.3min left in this row
    [dpy] chunk 66/390 (2583 LOC) done in 6.0s - ~22.3min left in this row
    [dpy] chunk 67/390 (326 LOC) done in 2.7s - ~22.2min left in this row
    [dpy] chunk 68/390 (514 LOC) done in 5.0s - ~22.2min left in this row
    [dpy] chunk 69/390 (289 LOC) done in 3.7s - ~22.1min left in this row
    [dpy] chunk 70/390 (323 LOC) done in 2.9s - ~21.9min left in this row
    [dpy] chunk 71/390 (649 LOC) done in 3.4s - ~21.8min left in this row
    [dpy] chunk 72/390 (954 LOC) done in 4.0s - ~21.7min left in this row
    [dpy] chunk 73/390 (249 LOC) done in 3.2s - ~21.6min left in this row
    [dpy] chunk 74/390 (20 LOC) done in 4.0s - ~21.5min left in this row
    [dpy] chunk 75/390 (863 LOC) done in 3.6s - ~21.4min left in this row
    [dpy] chunk 76/390 (20 LOC) done in 4.3s - ~21.4min left in this row
    [dpy] chunk 77/390 (20 LOC) done in 3.7s - ~21.3min left in this row
    [dpy] chunk 78/390 (18 LOC) done in 4.1s - ~21.2min left in this row
    [dpy] chunk 79/390 (289 LOC) done in 3.1s - ~21.1min left in this row
    [dpy] chunk 80/390 (3285 LOC) done in 8.1s - ~21.2min left in this row
    [dpy] chunk 81/390 (3189 LOC) done in 3.5s - ~21.1min left in this row
    [dpy] chunk 82/390 (210 LOC) done in 4.0s - ~21.1min left in this row
    [dpy] chunk 83/390 (345 LOC) done in 2.5s - ~20.9min left in this row
    [dpy] chunk 84/390 (45 LOC) done in 3.0s - ~20.8min left in this row
    [dpy] chunk 85/390 (17 LOC) done in 3.8s - ~20.7min left in this row
    [dpy] chunk 86/390 (20 LOC) done in 3.5s - ~20.6min left in this row
    [dpy] chunk 87/390 (1052 LOC) done in 4.0s - ~20.5min left in this row
    [dpy] chunk 88/390 (354 LOC) done in 4.7s - ~20.5min left in this row
    [dpy] chunk 89/390 (18 LOC) done in 2.8s - ~20.3min left in this row
    [dpy] chunk 90/390 (17 LOC) done in 2.9s - ~20.2min left in this row
    [dpy] chunk 91/390 (154 LOC) done in 3.0s - ~20.1min left in this row
    [dpy] chunk 92/390 (134 LOC) done in 3.0s - ~20.0min left in this row
    [dpy] chunk 93/390 (1062 LOC) done in 3.7s - ~19.9min left in this row
    [dpy] chunk 94/390 (548 LOC) done in 2.9s - ~19.8min left in this row
    [dpy] chunk 95/390 (20 LOC) done in 3.3s - ~19.6min left in this row
    [dpy] chunk 96/390 (77 LOC) done in 3.5s - ~19.6min left in this row
    [dpy] chunk 97/390 (49 LOC) done in 3.0s - ~19.4min left in this row
    [dpy] chunk 98/390 (17 LOC) done in 2.8s - ~19.3min left in this row
    [dpy] chunk 99/390 (4829 LOC) done in 4.2s - ~19.3min left in this row
    [dpy] chunk 100/390 (873 LOC) done in 3.3s - ~19.2min left in this row
    [dpy] chunk 101/390 (871 LOC) done in 3.5s - ~19.1min left in this row
    [dpy] chunk 102/390 (195 LOC) done in 3.0s - ~19.0min left in this row
    [dpy] chunk 103/390 (18 LOC) done in 2.9s - ~18.9min left in this row
    [dpy] chunk 104/390 (20 LOC) done in 3.1s - ~18.7min left in this row
    [dpy] chunk 105/390 (18 LOC) done in 2.9s - ~18.6min left in this row
    [dpy] chunk 106/390 (418 LOC) done in 3.0s - ~18.5min left in this row
    [dpy] chunk 107/390 (4706 LOC) done in 5.4s - ~18.5min left in this row
    [dpy] chunk 108/390 (20 LOC) done in 3.0s - ~18.4min left in this row
    [dpy] chunk 109/390 (18 LOC) done in 2.9s - ~18.3min left in this row
    [dpy] chunk 110/390 (18 LOC) done in 3.1s - ~18.2min left in this row
    [dpy] chunk 111/390 (17 LOC) done in 3.3s - ~18.1min left in this row
    [dpy] chunk 112/390 (20 LOC) done in 3.6s - ~18.0min left in this row
    [dpy] chunk 113/390 (20 LOC) done in 4.1s - ~18.0min left in this row
    [dpy] chunk 114/390 (15 LOC) done in 2.8s - ~17.9min left in this row
    [dpy] chunk 115/390 (17 LOC) done in 3.0s - ~17.8min left in this row
    [dpy] chunk 116/390 (20 LOC) done in 2.9s - ~17.7min left in this row
    [dpy] chunk 117/390 (18 LOC) done in 3.1s - ~17.6min left in this row
    [dpy] chunk 118/390 (20 LOC) done in 3.3s - ~17.5min left in this row
    [dpy] chunk 119/390 (20 LOC) done in 2.8s - ~17.4min left in this row
    [dpy] chunk 120/390 (411 LOC) done in 3.0s - ~17.3min left in this row
    [dpy] chunk 121/390 (115 LOC) done in 3.7s - ~17.2min left in this row
    [dpy] chunk 122/390 (20 LOC) done in 3.3s - ~17.1min left in this row
    [dpy] chunk 123/390 (20 LOC) done in 3.5s - ~17.1min left in this row
    [dpy] chunk 124/390 (20 LOC) done in 3.8s - ~17.0min left in this row
    [dpy] chunk 125/390 (671 LOC) done in 4.1s - ~17.0min left in this row
    [dpy] chunk 126/390 (18 LOC) done in 2.3s - ~16.8min left in this row
    [dpy] chunk 127/390 (476 LOC) done in 4.0s - ~16.8min left in this row
    [dpy] chunk 128/390 (20 LOC) done in 3.3s - ~16.7min left in this row
    [dpy] chunk 129/390 (20 LOC) done in 3.5s - ~16.6min left in this row
    [dpy] chunk 130/390 (18 LOC) done in 3.8s - ~16.6min left in this row
    [dpy] chunk 131/390 (17 LOC) done in 2.8s - ~16.5min left in this row
    [dpy] chunk 132/390 (17 LOC) done in 3.2s - ~16.4min left in this row
    [dpy] chunk 133/390 (20 LOC) done in 2.7s - ~16.3min left in this row
    [dpy] chunk 134/390 (20 LOC) done in 3.6s - ~16.2min left in this row
    [dpy] chunk 135/390 (20 LOC) done in 3.7s - ~16.1min left in this row
    [dpy] chunk 136/390 (17 LOC) done in 3.1s - ~16.1min left in this row
    [dpy] chunk 137/390 (17 LOC) done in 3.2s - ~16.0min left in this row
    [dpy] chunk 138/390 (18 LOC) done in 2.6s - ~15.9min left in this row
    [dpy] chunk 139/390 (20 LOC) done in 3.8s - ~15.8min left in this row
    [dpy] chunk 140/390 (18 LOC) done in 3.2s - ~15.7min left in this row
    [dpy] chunk 141/390 (86 LOC) done in 2.4s - ~15.6min left in this row
    [dpy] chunk 142/390 (3639 LOC) done in 4.4s - ~15.6min left in this row
    [dpy] chunk 143/390 (5974 LOC) done in 4.3s - ~15.5min left in this row
    [dpy] chunk 144/390 (10 LOC) done in 3.1s - ~15.5min left in this row
    [dpy] chunk 145/390 (747 LOC) done in 3.6s - ~15.4min left in this row
    [dpy] chunk 146/390 (787 LOC) done in 3.6s - ~15.3min left in this row
    [dpy] chunk 147/390 (39 LOC) done in 3.3s - ~15.2min left in this row
    [dpy] chunk 148/390 (2508 LOC) done in 4.0s - ~15.2min left in this row
    [dpy] chunk 149/390 (2235 LOC) done in 3.4s - ~15.1min left in this row
    [dpy] chunk 150/390 (393 LOC) done in 2.7s - ~15.0min left in this row
    [dpy] chunk 151/390 (934 LOC) done in 3.4s - ~15.0min left in this row
    [dpy] chunk 152/390 (20 LOC) done in 2.9s - ~14.9min left in this row
    [dpy] chunk 153/390 (20 LOC) done in 3.5s - ~14.8min left in this row
    [dpy] chunk 154/390 (114 LOC) done in 3.4s - ~14.7min left in this row
    [dpy] chunk 155/390 (181 LOC) done in 3.4s - ~14.7min left in this row
    [dpy] chunk 156/390 (26 LOC) done in 3.3s - ~14.6min left in this row
    [dpy] chunk 157/390 (20 LOC) done in 3.8s - ~14.5min left in this row
    [dpy] chunk 158/390 (20 LOC) done in 2.9s - ~14.4min left in this row
    [dpy] chunk 159/390 (20 LOC) done in 3.6s - ~14.4min left in this row
    [dpy] chunk 160/390 (1496 LOC) done in 5.2s - ~14.3min left in this row
    [dpy] chunk 161/390 (503 LOC) done in 3.2s - ~14.3min left in this row
    [dpy] chunk 162/390 (20 LOC) done in 2.8s - ~14.2min left in this row
    [dpy] chunk 163/390 (175 LOC) done in 3.7s - ~14.1min left in this row
    [dpy] chunk 164/390 (17 LOC) done in 2.8s - ~14.0min left in this row
    [dpy] chunk 165/390 (319 LOC) done in 3.4s - ~14.0min left in this row
    [dpy] chunk 166/390 (41035 LOC) done in 5.1s - ~13.9min left in this row
    [dpy] chunk 167/390 (2611 LOC) done in 3.8s - ~13.9min left in this row
    [dpy] chunk 168/390 (2644 LOC) done in 3.4s - ~13.8min left in this row
    [dpy] chunk 169/390 (9 LOC) done in 3.6s - ~13.7min left in this row
    [dpy] chunk 170/390 (626 LOC) done in 3.4s - ~13.7min left in this row
    [dpy] chunk 171/390 (20 LOC) done in 3.0s - ~13.6min left in this row
    [dpy] chunk 172/390 (48 LOC) done in 3.1s - ~13.5min left in this row
    [dpy] chunk 173/390 (20 LOC) done in 2.9s - ~13.4min left in this row
    [dpy] chunk 174/390 (20 LOC) done in 3.4s - ~13.4min left in this row
    [dpy] chunk 175/390 (20 LOC) done in 3.1s - ~13.3min left in this row
    [dpy] chunk 176/390 (6696 LOC) done in 4.9s - ~13.3min left in this row
    [dpy] chunk 177/390 (476 LOC) done in 3.1s - ~13.2min left in this row
    [dpy] chunk 178/390 (1332 LOC) done in 3.7s - ~13.1min left in this row
    [dpy] chunk 179/390 (151 LOC) done in 2.7s - ~13.0min left in this row
    [dpy] chunk 180/390 (263 LOC) done in 3.1s - ~13.0min left in this row
    [dpy] chunk 181/390 (2013 LOC) done in 3.1s - ~12.9min left in this row
    [dpy] chunk 182/390 (18 LOC) done in 2.8s - ~12.8min left in this row
    [dpy] chunk 183/390 (5101 LOC) done in 4.5s - ~12.8min left in this row
    [dpy] chunk 184/390 (2991 LOC) done in 3.6s - ~12.7min left in this row
    [dpy] chunk 185/390 (20 LOC) done in 3.4s - ~12.6min left in this row
    [dpy] chunk 186/390 (83 LOC) done in 3.4s - ~12.6min left in this row
    [dpy] chunk 187/390 (415 LOC) done in 3.4s - ~12.5min left in this row
    [dpy] chunk 188/390 (18 LOC) done in 3.4s - ~12.4min left in this row
    [dpy] chunk 189/390 (226 LOC) done in 4.0s - ~12.4min left in this row
    [dpy] chunk 190/390 (20 LOC) done in 2.7s - ~12.3min left in this row
    [dpy] chunk 191/390 (7688 LOC) done in 6.5s - ~12.3min left in this row
    [dpy] chunk 192/390 (20 LOC) done in 2.8s - ~12.2min left in this row
    [dpy] chunk 193/390 (20 LOC) done in 3.3s - ~12.1min left in this row
    [dpy] chunk 194/390 (4314 LOC) done in 4.3s - ~12.1min left in this row
    [dpy] chunk 195/390 (20 LOC) done in 3.4s - ~12.0min left in this row
    [dpy] chunk 196/390 (3499 LOC) done in 4.5s - ~12.0min left in this row
    [dpy] chunk 197/390 (208 LOC) done in 3.9s - ~11.9min left in this row
    [dpy] chunk 198/390 (380 LOC) done in 2.9s - ~11.8min left in this row
    [dpy] chunk 199/390 (20 LOC) done in 3.0s - ~11.8min left in this row
    [dpy] chunk 200/390 (20 LOC) done in 2.9s - ~11.7min left in this row
    [dpy] chunk 201/390 (1798 LOC) done in 3.4s - ~11.6min left in this row
    [dpy] chunk 202/390 (224 LOC) done in 3.0s - ~11.6min left in this row
    [dpy] chunk 203/390 (558 LOC) done in 2.9s - ~11.5min left in this row
    [dpy] chunk 204/390 (7866 LOC) done in 5.6s - ~11.5min left in this row
    [dpy] chunk 205/390 (3516 LOC) done in 4.5s - ~11.4min left in this row
    [dpy] chunk 206/390 (1584 LOC) done in 3.1s - ~11.3min left in this row
    [dpy] chunk 207/390 (107 LOC) done in 2.9s - ~11.3min left in this row
    [dpy] chunk 208/390 (20 LOC) done in 2.7s - ~11.2min left in this row
    [dpy] chunk 209/390 (17 LOC) done in 2.4s - ~11.1min left in this row
    [dpy] chunk 210/390 (20 LOC) done in 3.5s - ~11.0min left in this row
    [dpy] chunk 211/390 (18 LOC) done in 3.3s - ~11.0min left in this row
    [dpy] chunk 212/390 (7283 LOC) done in 5.1s - ~10.9min left in this row
    [dpy] chunk 213/390 (861 LOC) done in 4.1s - ~10.9min left in this row
    [dpy] chunk 214/390 (672 LOC) done in 3.2s - ~10.8min left in this row
    [dpy] chunk 215/390 (20 LOC) done in 2.9s - ~10.7min left in this row
    [dpy] chunk 216/390 (20 LOC) done in 2.8s - ~10.7min left in this row
    [dpy] chunk 217/390 (20 LOC) done in 3.1s - ~10.6min left in this row
    [dpy] chunk 218/390 (7228 LOC) done in 5.5s - ~10.6min left in this row
    [dpy] chunk 219/390 (17 LOC) done in 2.9s - ~10.5min left in this row
    [dpy] chunk 220/390 (949 LOC) done in 3.6s - ~10.4min left in this row
    [dpy] chunk 221/390 (18 LOC) done in 2.6s - ~10.4min left in this row
    [dpy] chunk 222/390 (133 LOC) done in 2.7s - ~10.3min left in this row
    [dpy] chunk 223/390 (522 LOC) done in 2.9s - ~10.2min left in this row
    [dpy] chunk 224/390 (20 LOC) done in 3.7s - ~10.1min left in this row
    [dpy] chunk 225/390 (20 LOC) done in 2.8s - ~10.1min left in this row
    [dpy] chunk 226/390 (17 LOC) done in 3.1s - ~10.0min left in this row
    [dpy] chunk 227/390 (20 LOC) done in 3.2s - ~9.9min left in this row
    [dpy] chunk 228/390 (20 LOC) done in 2.9s - ~9.9min left in this row
    [dpy] chunk 229/390 (1302 LOC) done in 3.4s - ~9.8min left in this row
    [dpy] chunk 230/390 (20 LOC) done in 2.7s - ~9.7min left in this row
    [dpy] chunk 231/390 (15 LOC) done in 2.7s - ~9.7min left in this row
    [dpy] chunk 232/390 (758 LOC) done in 2.8s - ~9.6min left in this row
    [dpy] chunk 233/390 (23 LOC) done in 2.5s - ~9.5min left in this row
    [dpy] chunk 234/390 (836 LOC) done in 3.1s - ~9.5min left in this row
    [dpy] chunk 235/390 (2238 LOC) done in 3.2s - ~9.4min left in this row
    [dpy] chunk 236/390 (20 LOC) done in 3.9s - ~9.3min left in this row
    [dpy] chunk 237/390 (2725 LOC) done in 4.6s - ~9.3min left in this row
    [dpy] chunk 238/390 (1627 LOC) done in 3.9s - ~9.2min left in this row
    [dpy] chunk 239/390 (17 LOC) done in 3.1s - ~9.2min left in this row
    [dpy] chunk 240/390 (107 LOC) done in 3.3s - ~9.1min left in this row
    [dpy] chunk 241/390 (230 LOC) done in 3.5s - ~9.0min left in this row
    [dpy] chunk 242/390 (20 LOC) done in 2.6s - ~9.0min left in this row
    [dpy] chunk 243/390 (20 LOC) done in 3.4s - ~8.9min left in this row
    [dpy] chunk 244/390 (585 LOC) done in 3.5s - ~8.8min left in this row
    [dpy] chunk 245/390 (20 LOC) done in 3.8s - ~8.8min left in this row
    [dpy] chunk 246/390 (18 LOC) done in 3.2s - ~8.7min left in this row
    [dpy] chunk 247/390 (234 LOC) done in 3.3s - ~8.6min left in this row
    [dpy] chunk 248/390 (527 LOC) done in 3.5s - ~8.6min left in this row
    [dpy] chunk 249/390 (20 LOC) done in 2.7s - ~8.5min left in this row
    [dpy] chunk 250/390 (1070 LOC) done in 3.6s - ~8.5min left in this row
    [dpy] chunk 251/390 (20 LOC) done in 3.9s - ~8.4min left in this row
    [dpy] chunk 252/390 (18 LOC) done in 2.7s - ~8.3min left in this row
    [dpy] chunk 253/390 (20 LOC) done in 2.6s - ~8.3min left in this row
    [dpy] chunk 254/390 (20 LOC) done in 3.2s - ~8.2min left in this row
    [dpy] chunk 255/390 (15 LOC) done in 3.5s - ~8.1min left in this row
    [dpy] chunk 256/390 (17 LOC) done in 3.2s - ~8.1min left in this row
    [dpy] chunk 257/390 (135 LOC) done in 3.2s - ~8.0min left in this row
    [dpy] chunk 258/390 (18 LOC) done in 3.2s - ~7.9min left in this row
    [dpy] chunk 259/390 (1513 LOC) done in 4.9s - ~7.9min left in this row
    [dpy] chunk 260/390 (54 LOC) done in 3.4s - ~7.8min left in this row
    [dpy] chunk 261/390 (20 LOC) done in 3.5s - ~7.8min left in this row
    [dpy] chunk 262/390 (20 LOC) done in 4.8s - ~7.7min left in this row
    [dpy] chunk 263/390 (20 LOC) done in 4.1s - ~7.7min left in this row
    [dpy] chunk 264/390 (1079 LOC) done in 5.8s - ~7.6min left in this row
    [dpy] chunk 265/390 (18 LOC) done in 4.0s - ~7.6min left in this row
    [dpy] chunk 266/390 (20 LOC) done in 5.1s - ~7.5min left in this row
    [dpy] chunk 267/390 (20 LOC) done in 3.7s - ~7.5min left in this row
    [dpy] chunk 268/390 (20 LOC) done in 3.3s - ~7.4min left in this row
    [dpy] chunk 269/390 (681 LOC) done in 3.0s - ~7.3min left in this row
    [dpy] chunk 270/390 (76 LOC) done in 2.9s - ~7.3min left in this row
    [dpy] chunk 271/390 (20 LOC) done in 3.0s - ~7.2min left in this row
    [dpy] chunk 272/390 (18 LOC) done in 3.4s - ~7.1min left in this row
    [dpy] chunk 273/390 (18 LOC) done in 3.2s - ~7.1min left in this row
    [dpy] chunk 274/390 (55 LOC) done in 2.9s - ~7.0min left in this row
    [dpy] chunk 275/390 (20 LOC) done in 3.0s - ~6.9min left in this row
    [dpy] chunk 276/390 (20 LOC) done in 3.0s - ~6.9min left in this row
    [dpy] chunk 277/390 (316 LOC) done in 4.4s - ~6.8min left in this row
    [dpy] chunk 278/390 (366 LOC) done in 3.8s - ~6.8min left in this row
    [dpy] chunk 279/390 (20 LOC) done in 4.8s - ~6.7min left in this row
    [dpy] chunk 280/390 (194 LOC) done in 5.0s - ~6.7min left in this row
    [dpy] chunk 281/390 (20 LOC) done in 3.1s - ~6.6min left in this row
    [dpy] chunk 282/390 (88 LOC) done in 3.5s - ~6.5min left in this row
    [dpy] chunk 283/390 (18 LOC) done in 4.5s - ~6.5min left in this row
    [dpy] chunk 284/390 (185 LOC) done in 4.4s - ~6.4min left in this row
    [dpy] chunk 285/390 (20 LOC) done in 3.1s - ~6.4min left in this row
    [dpy] chunk 286/390 (53 LOC) done in 5.1s - ~6.3min left in this row
    [dpy] chunk 287/390 (20 LOC) done in 3.1s - ~6.2min left in this row
    [dpy] chunk 288/390 (147 LOC) done in 4.1s - ~6.2min left in this row
    [dpy] chunk 289/390 (18 LOC) done in 4.8s - ~6.1min left in this row
    [dpy] chunk 290/390 (1444 LOC) done in 4.0s - ~6.1min left in this row
    [dpy] chunk 291/390 (20 LOC) done in 4.6s - ~6.0min left in this row
    [dpy] chunk 292/390 (18 LOC) done in 2.9s - ~6.0min left in this row
    [dpy] chunk 293/390 (31 LOC) done in 6.5s - ~5.9min left in this row
    [dpy] chunk 294/390 (17 LOC) done in 5.2s - ~5.9min left in this row
    [dpy] chunk 295/390 (20 LOC) done in 1.8s - ~5.8min left in this row
    [dpy] chunk 296/390 (43 LOC) done in 1.8s - ~5.7min left in this row
    [dpy] chunk 297/390 (20 LOC) done in 1.8s - ~5.6min left in this row
    [dpy] chunk 298/390 (1469 LOC) done in 2.3s - ~5.6min left in this row
    [dpy] chunk 299/390 (20 LOC) done in 1.8s - ~5.5min left in this row
    [dpy] chunk 300/390 (142 LOC) done in 2.0s - ~5.4min left in this row
    [dpy] chunk 301/390 (4252 LOC) done in 3.0s - ~5.4min left in this row
    [dpy] chunk 302/390 (7609 LOC) done in 2.8s - ~5.3min left in this row
    [dpy] chunk 303/390 (42 LOC) done in 1.7s - ~5.2min left in this row
    [dpy] chunk 304/390 (20 LOC) done in 1.6s - ~5.2min left in this row
    [dpy] chunk 305/390 (17 LOC) done in 1.6s - ~5.1min left in this row
    [dpy] chunk 306/390 (20 LOC) done in 1.5s - ~5.0min left in this row
    [dpy] chunk 307/390 (2550 LOC) done in 2.1s - ~5.0min left in this row
    [dpy] chunk 308/390 (20 LOC) done in 1.7s - ~4.9min left in this row
    [dpy] chunk 309/390 (18 LOC) done in 1.6s - ~4.8min left in this row
    [dpy] chunk 310/390 (1170 LOC) done in 2.0s - ~4.8min left in this row
    [dpy] chunk 311/390 (20 LOC) done in 1.6s - ~4.7min left in this row
    [dpy] chunk 312/390 (17 LOC) done in 1.4s - ~4.6min left in this row
    [dpy] chunk 313/390 (1336 LOC) done in 2.0s - ~4.6min left in this row
    [dpy] chunk 314/390 (17 LOC) done in 1.5s - ~4.5min left in this row
    [dpy] chunk 315/390 (7348 LOC) done in 2.3s - ~4.4min left in this row
    [dpy] chunk 316/390 (5351 LOC) done in 2.2s - ~4.4min left in this row
    [dpy] chunk 317/390 (10 LOC) done in 1.7s - ~4.3min left in this row
    [dpy] chunk 318/390 (17 LOC) done in 1.4s - ~4.2min left in this row
    [dpy] chunk 319/390 (15 LOC) done in 1.3s - ~4.2min left in this row
    [dpy] chunk 320/390 (1101 LOC) done in 1.5s - ~4.1min left in this row
    [dpy] chunk 321/390 (20 LOC) done in 1.5s - ~4.0min left in this row
    [dpy] chunk 322/390 (20 LOC) done in 1.5s - ~4.0min left in this row
    [dpy] chunk 323/390 (514 LOC) done in 1.6s - ~3.9min left in this row
    [dpy] chunk 324/390 (3627 LOC) done in 2.0s - ~3.8min left in this row
    [dpy] chunk 325/390 (20 LOC) done in 1.6s - ~3.8min left in this row
    [dpy] chunk 326/390 (20 LOC) done in 1.5s - ~3.7min left in this row
    [dpy] chunk 327/390 (15 LOC) done in 1.5s - ~3.6min left in this row
    [dpy] chunk 328/390 (20 LOC) done in 1.5s - ~3.6min left in this row
    [dpy] chunk 329/390 (212 LOC) done in 1.4s - ~3.5min left in this row
    [dpy] chunk 330/390 (20 LOC) done in 1.5s - ~3.5min left in this row
    [dpy] chunk 331/390 (5823 LOC) done in 2.9s - ~3.4min left in this row
    [dpy] chunk 332/390 (20 LOC) done in 1.4s - ~3.3min left in this row
    [dpy] chunk 333/390 (370 LOC) done in 1.8s - ~3.3min left in this row
    [dpy] chunk 334/390 (839 LOC) done in 2.2s - ~3.2min left in this row
    [dpy] chunk 335/390 (20 LOC) done in 1.5s - ~3.1min left in this row
    [dpy] chunk 336/390 (17 LOC) done in 1.6s - ~3.1min left in this row
    [dpy] chunk 337/390 (148 LOC) done in 1.5s - ~3.0min left in this row
    [dpy] chunk 338/390 (17 LOC) done in 1.3s - ~3.0min left in this row
    [dpy] chunk 339/390 (1432 LOC) done in 2.1s - ~2.9min left in this row
    [dpy] chunk 340/390 (20 LOC) done in 1.6s - ~2.8min left in this row
    [dpy] chunk 341/390 (20 LOC) done in 1.5s - ~2.8min left in this row
    [dpy] chunk 342/390 (20 LOC) done in 1.6s - ~2.7min left in this row
    [dpy] chunk 343/390 (20 LOC) done in 1.6s - ~2.7min left in this row
    [dpy] chunk 344/390 (846 LOC) done in 1.8s - ~2.6min left in this row
    [dpy] chunk 345/390 (136 LOC) done in 1.6s - ~2.5min left in this row
    [dpy] chunk 346/390 (20 LOC) done in 1.6s - ~2.5min left in this row
    [dpy] chunk 347/390 (18 LOC) done in 1.6s - ~2.4min left in this row
    [dpy] chunk 348/390 (847 LOC) done in 1.7s - ~2.4min left in this row
    [dpy] chunk 349/390 (20 LOC) done in 1.6s - ~2.3min left in this row
    [dpy] chunk 350/390 (20 LOC) done in 1.4s - ~2.2min left in this row
    [dpy] chunk 351/390 (20 LOC) done in 1.6s - ~2.2min left in this row
    [dpy] chunk 352/390 (59 LOC) done in 1.5s - ~2.1min left in this row
    [dpy] chunk 353/390 (20 LOC) done in 1.6s - ~2.1min left in this row
    [dpy] chunk 354/390 (202 LOC) done in 1.4s - ~2.0min left in this row
    [dpy] chunk 355/390 (20 LOC) done in 1.6s - ~1.9min left in this row
    [dpy] chunk 356/390 (20 LOC) done in 1.5s - ~1.9min left in this row
    [dpy] chunk 357/390 (20 LOC) done in 1.5s - ~1.8min left in this row
    [dpy] chunk 358/390 (20 LOC) done in 1.8s - ~1.8min left in this row
    [dpy] chunk 359/390 (18 LOC) done in 1.9s - ~1.7min left in this row
    [dpy] chunk 360/390 (560 LOC) done in 1.8s - ~1.7min left in this row
    [dpy] chunk 361/390 (18 LOC) done in 1.6s - ~1.6min left in this row
    [dpy] chunk 362/390 (20 LOC) done in 1.5s - ~1.5min left in this row
    [dpy] chunk 363/390 (3479 LOC) done in 2.9s - ~1.5min left in this row
    [dpy] chunk 364/390 (20 LOC) done in 1.6s - ~1.4min left in this row
    [dpy] chunk 365/390 (20 LOC) done in 1.5s - ~1.4min left in this row
    [dpy] chunk 366/390 (20 LOC) done in 1.6s - ~1.3min left in this row
    [dpy] chunk 367/390 (144 LOC) done in 1.5s - ~1.3min left in this row
    [dpy] chunk 368/390 (20 LOC) done in 1.5s - ~1.2min left in this row
    [dpy] chunk 369/390 (437 LOC) done in 1.8s - ~1.1min left in this row
    [dpy] chunk 370/390 (20 LOC) done in 1.6s - ~1.1min left in this row
    [dpy] chunk 371/390 (108 LOC) done in 1.6s - ~1.0min left in this row
    [dpy] chunk 372/390 (169 LOC) done in 1.6s - ~1.0min left in this row
    [dpy] chunk 373/390 (18 LOC) done in 1.4s - ~0.9min left in this row
    [dpy] chunk 374/390 (20 LOC) done in 1.5s - ~0.9min left in this row
    [dpy] chunk 375/390 (2079 LOC) done in 2.2s - ~0.8min left in this row
    [dpy] chunk 376/390 (20 LOC) done in 1.5s - ~0.8min left in this row
    [dpy] chunk 377/390 (20 LOC) done in 1.6s - ~0.7min left in this row
    [dpy] chunk 378/390 (18 LOC) done in 1.5s - ~0.6min left in this row
    [dpy] chunk 379/390 (7938 LOC) done in 3.5s - ~0.6min left in this row
    [dpy] chunk 380/390 (965 LOC) done in 1.8s - ~0.5min left in this row
    [dpy] chunk 381/390 (41 LOC) done in 1.8s - ~0.5min left in this row
    [dpy] chunk 382/390 (280 LOC) done in 1.6s - ~0.4min left in this row
    [dpy] chunk 383/390 (43 LOC) done in 1.7s - ~0.4min left in this row
    [dpy] chunk 384/390 (190 LOC) done in 1.5s - ~0.3min left in this row
    [dpy] chunk 385/390 (18 LOC) done in 1.5s - ~0.3min left in this row
    [dpy] chunk 386/390 (329 LOC) done in 1.7s - ~0.2min left in this row
    [dpy] chunk 387/390 (1428 LOC) done in 2.1s - ~0.2min left in this row
    [dpy] chunk 388/390 (105 LOC) done in 1.6s - ~0.1min left in this row
    [dpy] chunk 389/390 (186 LOC) done in 1.5s - ~0.1min left in this row
    [dpy] chunk 390/390 (543 LOC) done in 1.8s - ~0.0min left in this row
  [ok] (51/192) airbytehq/airbyte A1 2026-03-01 @c27d1755
  [row] (52/192) starting airbytehq/airbyte A2 2024-01-21 @b374a9cb
    [dpy] WARNING: 2 chunk(s) still over 8000 LOC and can't be split further (no subdirectories) - DPy will skip CSV export for these: ['C:\\Users\\kvrlv\\AppData\\Local\\Temp\\dpy_chunks_4jydb7im\\loose__root__airbyte-integrations__connectors__source-github__source_github__loose1', 'C:\\Users\\kvrlv\\AppData\\Local\\Temp\\dpy_chunks_4jydb7im\\loose__root__airbyte-integrations__connectors__source-shopify__source_shopify__loose1']
    [dpy] 437 chunk(s) planned, 375096 total LOC
    [dpy] chunk 1/437 (547 LOC) done in 1.7s - ~12.4min left in this row
    [dpy] chunk 2/437 (1130 LOC) done in 1.7s - ~12.2min left in this row
    [dpy] chunk 3/437 (70 LOC) done in 1.6s - ~12.0min left in this row
    [dpy] chunk 4/437 (554 LOC) done in 1.6s - ~11.8min left in this row
    [dpy] chunk 5/437 (569 LOC) done in 1.6s - ~11.7min left in this row
    [dpy] chunk 6/437 (89 LOC) done in 1.4s - ~11.5min left in this row
    [dpy] chunk 7/437 (141 LOC) done in 1.6s - ~11.4min left in this row
    [dpy] chunk 8/437 (57 LOC) done in 1.5s - ~11.3min left in this row
    [dpy] chunk 9/437 (290 LOC) done in 1.6s - ~11.3min left in this row
    [dpy] chunk 10/437 (639 LOC) done in 1.8s - ~11.4min left in this row
    [dpy] chunk 11/437 (573 LOC) done in 1.7s - ~11.4min left in this row
    [dpy] chunk 12/437 (1367 LOC) done in 1.5s - ~11.4min left in this row
    [dpy] chunk 13/437 (1579 LOC) done in 1.7s - ~11.4min left in this row
    [dpy] chunk 14/437 (302 LOC) done in 1.8s - ~11.5min left in this row
    [dpy] chunk 15/437 (2498 LOC) done in 2.0s - ~11.6min left in this row
    [dpy] chunk 16/437 (502 LOC) done in 1.9s - ~11.7min left in this row
    [dpy] chunk 17/437 (183 LOC) done in 1.7s - ~11.7min left in this row
    [dpy] chunk 18/437 (48 LOC) done in 1.8s - ~11.7min left in this row
    [dpy] chunk 19/437 (142 LOC) done in 1.9s - ~11.8min left in this row
    [dpy] chunk 20/437 (247 LOC) done in 1.8s - ~11.8min left in this row
    [dpy] chunk 21/437 (607 LOC) done in 1.6s - ~11.7min left in this row
    [dpy] chunk 22/437 (193 LOC) done in 1.5s - ~11.6min left in this row
    [dpy] chunk 23/437 (163 LOC) done in 1.5s - ~11.6min left in this row
    [dpy] chunk 24/437 (3546 LOC) done in 1.8s - ~11.6min left in this row
    [dpy] chunk 25/437 (136 LOC) done in 1.4s - ~11.5min left in this row
    [dpy] chunk 26/437 (498 LOC) done in 1.5s - ~11.4min left in this row
    [dpy] chunk 27/437 (4053 LOC) done in 2.1s - ~11.5min left in this row
    [dpy] chunk 28/437 (643 LOC) done in 1.5s - ~11.4min left in this row
    [dpy] chunk 29/437 (692 LOC) done in 1.6s - ~11.4min left in this row
    [dpy] chunk 30/437 (704 LOC) done in 1.7s - ~11.4min left in this row
    [dpy] chunk 31/437 (622 LOC) done in 1.6s - ~11.3min left in this row
    [dpy] chunk 32/437 (658 LOC) done in 1.6s - ~11.3min left in this row
    [dpy] chunk 33/437 (76 LOC) done in 1.5s - ~11.2min left in this row
    [dpy] chunk 34/437 (112 LOC) done in 1.4s - ~11.2min left in this row
    [dpy] chunk 35/437 (29 LOC) done in 1.5s - ~11.1min left in this row
    [dpy] chunk 36/437 (1607 LOC) done in 1.6s - ~11.1min left in this row
    [dpy] chunk 37/437 (1583 LOC) done in 1.6s - ~11.0min left in this row
    [dpy] chunk 38/437 (168 LOC) done in 1.4s - ~11.0min left in this row
    [dpy] chunk 39/437 (108 LOC) done in 1.5s - ~10.9min left in this row
    [dpy] chunk 40/437 (801 LOC) done in 1.6s - ~10.9min left in this row
    [dpy] chunk 41/437 (149 LOC) done in 1.5s - ~10.8min left in this row
    [dpy] chunk 42/437 (171 LOC) done in 1.5s - ~10.8min left in this row
    [dpy] chunk 43/437 (16 LOC) done in 1.5s - ~10.7min left in this row
    [dpy] chunk 44/437 (292 LOC) done in 1.3s - ~10.7min left in this row
    [dpy] chunk 45/437 (1228 LOC) done in 1.7s - ~10.6min left in this row
    [dpy] chunk 46/437 (541 LOC) done in 1.5s - ~10.6min left in this row
    [dpy] chunk 47/437 (2313 LOC) done in 1.8s - ~10.6min left in this row
    [dpy] chunk 48/437 (441 LOC) done in 1.6s - ~10.6min left in this row
    [dpy] chunk 49/437 (2455 LOC) done in 1.8s - ~10.6min left in this row
    [dpy] chunk 50/437 (504 LOC) done in 1.8s - ~10.5min left in this row
    [dpy] chunk 51/437 (94 LOC) done in 1.7s - ~10.5min left in this row
    [dpy] chunk 52/437 (34 LOC) done in 1.5s - ~10.5min left in this row
    [dpy] chunk 53/437 (3 LOC) done in 1.8s - ~10.5min left in this row
    [dpy] chunk 54/437 (177 LOC) done in 1.6s - ~10.4min left in this row
    [dpy] chunk 55/437 (183 LOC) done in 1.6s - ~10.4min left in this row
    [dpy] chunk 56/437 (1580 LOC) done in 1.7s - ~10.4min left in this row
    [dpy] chunk 57/437 (162 LOC) done in 1.6s - ~10.4min left in this row
    [dpy] chunk 58/437 (100 LOC) done in 1.5s - ~10.3min left in this row
    [dpy] chunk 59/437 (140 LOC) done in 1.6s - ~10.3min left in this row
    [dpy] chunk 60/437 (31 LOC) done in 1.4s - ~10.2min left in this row
    [dpy] chunk 61/437 (1702 LOC) done in 1.6s - ~10.2min left in this row
    [dpy] chunk 62/437 (7776 LOC) done in 1.6s - ~10.2min left in this row
    [dpy] chunk 63/437 (2370 LOC) done in 1.6s - ~10.1min left in this row
    [dpy] chunk 64/437 (50 LOC) done in 1.5s - ~10.1min left in this row
    [dpy] chunk 65/437 (572 LOC) done in 1.4s - ~10.1min left in this row
    [dpy] chunk 66/437 (1349 LOC) done in 1.8s - ~10.0min left in this row
    [dpy] chunk 67/437 (156 LOC) done in 1.9s - ~10.0min left in this row
    [dpy] chunk 68/437 (153 LOC) done in 1.6s - ~10.0min left in this row
    [dpy] chunk 69/437 (5617 LOC) done in 2.0s - ~10.0min left in this row
    [dpy] chunk 70/437 (698 LOC) done in 1.5s - ~10.0min left in this row
    [dpy] chunk 71/437 (3513 LOC) done in 1.6s - ~10.0min left in this row
    [dpy] chunk 72/437 (800 LOC) done in 1.5s - ~9.9min left in this row
    [dpy] chunk 73/437 (633 LOC) done in 1.6s - ~9.9min left in this row
    [dpy] chunk 74/437 (1088 LOC) done in 1.6s - ~9.9min left in this row
    [dpy] chunk 75/437 (119 LOC) done in 1.6s - ~9.8min left in this row
    [dpy] chunk 76/437 (1597 LOC) done in 1.6s - ~9.8min left in this row
    [dpy] chunk 77/437 (688 LOC) done in 1.5s - ~9.8min left in this row
    [dpy] chunk 78/437 (228 LOC) done in 1.5s - ~9.7min left in this row
    [dpy] chunk 79/437 (1860 LOC) done in 1.7s - ~9.7min left in this row
    [dpy] chunk 80/437 (7224 LOC) done in 1.9s - ~9.7min left in this row
    [dpy] chunk 81/437 (5381 LOC) done in 2.4s - ~9.7min left in this row
    [dpy] chunk 82/437 (938 LOC) done in 2.0s - ~9.7min left in this row
    [dpy] chunk 83/437 (1427 LOC) done in 1.9s - ~9.7min left in this row
    [dpy] chunk 84/437 (190 LOC) done in 1.7s - ~9.7min left in this row
    [dpy] chunk 85/437 (1288 LOC) done in 1.6s - ~9.7min left in this row
    [dpy] chunk 86/437 (1081 LOC) done in 1.7s - ~9.6min left in this row
    [dpy] chunk 87/437 (194 LOC) done in 1.7s - ~9.6min left in this row
    [dpy] chunk 88/437 (6 LOC) done in 1.6s - ~9.6min left in this row
    [dpy] chunk 89/437 (3067 LOC) done in 2.1s - ~9.6min left in this row
    [dpy] chunk 90/437 (1500 LOC) done in 1.9s - ~9.6min left in this row
    [dpy] chunk 91/437 (2018 LOC) done in 1.9s - ~9.6min left in this row
    [dpy] chunk 92/437 (6507 LOC) done in 1.9s - ~9.6min left in this row
    [dpy] chunk 93/437 (1137 LOC) done in 1.6s - ~9.5min left in this row
    [dpy] chunk 94/437 (70 LOC) done in 1.7s - ~9.5min left in this row
    [dpy] chunk 95/437 (3741 LOC) done in 1.9s - ~9.5min left in this row
    [dpy] chunk 96/437 (7197 LOC) done in 1.9s - ~9.5min left in this row
    [dpy] chunk 97/437 (138 LOC) done in 1.6s - ~9.4min left in this row
    [dpy] chunk 98/437 (490 LOC) done in 1.8s - ~9.4min left in this row
    [dpy] chunk 99/437 (2057 LOC) done in 2.1s - ~9.4min left in this row
    [dpy] chunk 100/437 (658 LOC) done in 1.5s - ~9.4min left in this row
    [dpy] chunk 101/437 (479 LOC) done in 1.6s - ~9.3min left in this row
    [dpy] chunk 102/437 (2287 LOC) done in 1.8s - ~9.3min left in this row
    [dpy] chunk 103/437 (650 LOC) done in 1.7s - ~9.3min left in this row
    [dpy] chunk 104/437 (435 LOC) done in 1.5s - ~9.3min left in this row
    [dpy] chunk 105/437 (949 LOC) done in 1.9s - ~9.2min left in this row
    [dpy] chunk 106/437 (283 LOC) done in 1.5s - ~9.2min left in this row
    [dpy] chunk 107/437 (1133 LOC) done in 1.6s - ~9.2min left in this row
    [dpy] chunk 108/437 (13 LOC) done in 1.5s - ~9.1min left in this row
    [dpy] chunk 109/437 (404 LOC) done in 1.8s - ~9.1min left in this row
    [dpy] chunk 110/437 (1816 LOC) done in 2.0s - ~9.1min left in this row
    [dpy] chunk 111/437 (297 LOC) done in 1.9s - ~9.1min left in this row
    [dpy] chunk 112/437 (699 LOC) done in 1.7s - ~9.1min left in this row
    [dpy] chunk 113/437 (744 LOC) done in 1.8s - ~9.0min left in this row
    [dpy] chunk 114/437 (587 LOC) done in 1.6s - ~9.0min left in this row
    [dpy] chunk 115/437 (346 LOC) done in 1.6s - ~9.0min left in this row
    [dpy] chunk 116/437 (112 LOC) done in 1.8s - ~9.0min left in this row
    [dpy] chunk 117/437 (422 LOC) done in 1.6s - ~8.9min left in this row
    [dpy] chunk 118/437 (356 LOC) done in 1.3s - ~8.9min left in this row
    [dpy] chunk 119/437 (296 LOC) done in 1.6s - ~8.9min left in this row
    [dpy] chunk 120/437 (281 LOC) done in 1.6s - ~8.8min left in this row
    [dpy] chunk 121/437 (648 LOC) done in 1.8s - ~8.8min left in this row
    [dpy] chunk 122/437 (955 LOC) done in 1.4s - ~8.8min left in this row
    [dpy] chunk 123/437 (269 LOC) done in 1.6s - ~8.7min left in this row
    [dpy] chunk 124/437 (90 LOC) done in 1.8s - ~8.7min left in this row
    [dpy] chunk 125/437 (1081 LOC) done in 1.8s - ~8.7min left in this row
    [dpy] chunk 126/437 (90 LOC) done in 1.9s - ~8.7min left in this row
    [dpy] chunk 127/437 (90 LOC) done in 1.8s - ~8.6min left in this row
    [dpy] chunk 128/437 (1076 LOC) done in 1.8s - ~8.6min left in this row
    [dpy] chunk 129/437 (350 LOC) done in 1.5s - ~8.6min left in this row
    [dpy] chunk 130/437 (4872 LOC) done in 1.9s - ~8.6min left in this row
    [dpy] chunk 131/437 (3166 LOC) done in 1.8s - ~8.5min left in this row
    [dpy] chunk 132/437 (358 LOC) done in 1.6s - ~8.5min left in this row
    [dpy] chunk 133/437 (803 LOC) done in 2.9s - ~8.5min left in this row
    [dpy] chunk 134/437 (123 LOC) done in 1.5s - ~8.5min left in this row
    [dpy] chunk 135/437 (83 LOC) done in 1.5s - ~8.5min left in this row
    [dpy] chunk 136/437 (90 LOC) done in 1.8s - ~8.4min left in this row
    [dpy] chunk 137/437 (1126 LOC) done in 1.5s - ~8.4min left in this row
    [dpy] chunk 138/437 (168 LOC) done in 1.6s - ~8.4min left in this row
    [dpy] chunk 139/437 (687 LOC) done in 1.7s - ~8.4min left in this row
    [dpy] chunk 140/437 (98 LOC) done in 1.9s - ~8.3min left in this row
    [dpy] chunk 141/437 (112 LOC) done in 1.4s - ~8.3min left in this row
    [dpy] chunk 142/437 (369 LOC) done in 1.8s - ~8.3min left in this row
    [dpy] chunk 143/437 (314 LOC) done in 1.7s - ~8.2min left in this row
    [dpy] chunk 144/437 (454 LOC) done in 1.9s - ~8.2min left in this row
    [dpy] chunk 145/437 (90 LOC) done in 1.7s - ~8.2min left in this row
    [dpy] chunk 146/437 (376 LOC) done in 1.5s - ~8.2min left in this row
    [dpy] chunk 147/437 (119 LOC) done in 1.7s - ~8.1min left in this row
    [dpy] chunk 148/437 (16 LOC) done in 1.6s - ~8.1min left in this row
    [dpy] chunk 149/437 (2946 LOC) done in 2.0s - ~8.1min left in this row
    [dpy] chunk 150/437 (882 LOC) done in 1.8s - ~8.1min left in this row
    [dpy] chunk 151/437 (244 LOC) done in 1.6s - ~8.0min left in this row
    [dpy] chunk 152/437 (88 LOC) done in 1.5s - ~8.0min left in this row
    [dpy] chunk 153/437 (90 LOC) done in 1.7s - ~8.0min left in this row
    [dpy] chunk 154/437 (88 LOC) done in 1.7s - ~7.9min left in this row
    [dpy] chunk 155/437 (435 LOC) done in 1.8s - ~7.9min left in this row
    [dpy] chunk 156/437 (164 LOC) done in 1.6s - ~7.9min left in this row
    [dpy] chunk 157/437 (90 LOC) done in 1.7s - ~7.9min left in this row
    [dpy] chunk 158/437 (88 LOC) done in 2.0s - ~7.8min left in this row
    [dpy] chunk 159/437 (16 LOC) done in 1.5s - ~7.8min left in this row
    [dpy] chunk 160/437 (90 LOC) done in 1.6s - ~7.8min left in this row
    [dpy] chunk 161/437 (91 LOC) done in 1.7s - ~7.7min left in this row
    [dpy] chunk 162/437 (889 LOC) done in 1.9s - ~7.7min left in this row
    [dpy] chunk 163/437 (16 LOC) done in 1.8s - ~7.7min left in this row
    [dpy] chunk 164/437 (89 LOC) done in 1.5s - ~7.7min left in this row
    [dpy] chunk 165/437 (88 LOC) done in 1.6s - ~7.6min left in this row
    [dpy] chunk 166/437 (90 LOC) done in 1.9s - ~7.6min left in this row
    [dpy] chunk 167/437 (90 LOC) done in 1.6s - ~7.6min left in this row
    [dpy] chunk 168/437 (437 LOC) done in 1.6s - ~7.6min left in this row
    [dpy] chunk 169/437 (124 LOC) done in 1.5s - ~7.5min left in this row
    [dpy] chunk 170/437 (90 LOC) done in 1.5s - ~7.5min left in this row
    [dpy] chunk 171/437 (91 LOC) done in 1.4s - ~7.5min left in this row
    [dpy] chunk 172/437 (90 LOC) done in 1.5s - ~7.4min left in this row
    [dpy] chunk 173/437 (686 LOC) done in 1.6s - ~7.4min left in this row
    [dpy] chunk 174/437 (82 LOC) done in 1.4s - ~7.4min left in this row
    [dpy] chunk 175/437 (90 LOC) done in 1.5s - ~7.3min left in this row
    [dpy] chunk 176/437 (88 LOC) done in 1.5s - ~7.3min left in this row
    [dpy] chunk 177/437 (90 LOC) done in 1.6s - ~7.3min left in this row
    [dpy] chunk 178/437 (88 LOC) done in 1.5s - ~7.2min left in this row
    [dpy] chunk 179/437 (16 LOC) done in 1.6s - ~7.2min left in this row
    [dpy] chunk 180/437 (125 LOC) done in 1.6s - ~7.2min left in this row
    [dpy] chunk 181/437 (90 LOC) done in 1.5s - ~7.1min left in this row
    [dpy] chunk 182/437 (90 LOC) done in 1.8s - ~7.1min left in this row
    [dpy] chunk 183/437 (90 LOC) done in 1.4s - ~7.1min left in this row
    [dpy] chunk 184/437 (87 LOC) done in 1.5s - ~7.0min left in this row
    [dpy] chunk 185/437 (1504 LOC) done in 1.8s - ~7.0min left in this row
    [dpy] chunk 186/437 (16 LOC) done in 1.5s - ~7.0min left in this row
    [dpy] chunk 187/437 (88 LOC) done in 1.5s - ~7.0min left in this row
    [dpy] chunk 188/437 (86 LOC) done in 1.5s - ~6.9min left in this row
    [dpy] chunk 189/437 (87 LOC) done in 1.8s - ~6.9min left in this row
    [dpy] chunk 190/437 (5691 LOC) done in 1.7s - ~6.9min left in this row
    [dpy] chunk 191/437 (736 LOC) done in 1.4s - ~6.8min left in this row
    [dpy] chunk 192/437 (820 LOC) done in 1.6s - ~6.8min left in this row
    [dpy] chunk 193/437 (118 LOC) done in 1.6s - ~6.8min left in this row
    [dpy] chunk 194/437 (3059 LOC) done in 1.9s - ~6.8min left in this row
    [dpy] chunk 195/437 (1981 LOC) done in 1.6s - ~6.7min left in this row
    [dpy] chunk 196/437 (414 LOC) done in 1.4s - ~6.7min left in this row
    [dpy] chunk 197/437 (915 LOC) done in 1.6s - ~6.7min left in this row
    [dpy] chunk 198/437 (90 LOC) done in 1.3s - ~6.6min left in this row
    [dpy] chunk 199/437 (88 LOC) done in 1.5s - ~6.6min left in this row
    [dpy] chunk 200/437 (1078 LOC) done in 1.6s - ~6.6min left in this row
    [dpy] chunk 201/437 (95 LOC) done in 1.7s - ~6.6min left in this row
    [dpy] chunk 202/437 (86 LOC) done in 1.5s - ~6.5min left in this row
    [dpy] chunk 203/437 (90 LOC) done in 1.5s - ~6.5min left in this row
    [dpy] chunk 204/437 (90 LOC) done in 1.3s - ~6.5min left in this row
    [dpy] chunk 205/437 (530 LOC) done in 1.8s - ~6.4min left in this row
    [dpy] chunk 206/437 (521 LOC) done in 1.6s - ~6.4min left in this row
    [dpy] chunk 207/437 (90 LOC) done in 1.7s - ~6.4min left in this row
    [dpy] chunk 208/437 (173 LOC) done in 1.6s - ~6.3min left in this row
    [dpy] chunk 209/437 (16 LOC) done in 1.8s - ~6.3min left in this row
    [dpy] chunk 210/437 (115 LOC) done in 1.7s - ~6.3min left in this row
    [dpy] chunk 211/437 (41034 LOC) done in 2.9s - ~6.3min left in this row
    [dpy] chunk 212/437 (2451 LOC) done in 2.0s - ~6.3min left in this row
    [dpy] chunk 213/437 (2020 LOC) done in 1.6s - ~6.2min left in this row
    [dpy] chunk 214/437 (39 LOC) done in 1.6s - ~6.2min left in this row
    [dpy] chunk 215/437 (1472 LOC) done in 1.6s - ~6.2min left in this row
    [dpy] chunk 216/437 (90 LOC) done in 1.7s - ~6.2min left in this row
    [dpy] chunk 217/437 (149 LOC) done in 1.7s - ~6.1min left in this row
    [dpy] chunk 218/437 (90 LOC) done in 1.7s - ~6.1min left in this row
    [dpy] chunk 219/437 (90 LOC) done in 1.6s - ~6.1min left in this row
    [dpy] chunk 220/437 (4726 LOC) done in 1.9s - ~6.0min left in this row
    [dpy] chunk 221/437 (2614 LOC) done in 1.8s - ~6.0min left in this row
    [dpy] chunk 222/437 (1323 LOC) done in 1.8s - ~6.0min left in this row
    [dpy] chunk 223/437 (284 LOC) done in 1.4s - ~6.0min left in this row
    [dpy] chunk 224/437 (1101 LOC) done in 1.5s - ~5.9min left in this row
    [dpy] chunk 225/437 (88 LOC) done in 1.8s - ~5.9min left in this row
    [dpy] chunk 226/437 (1529 LOC) done in 1.9s - ~5.9min left in this row
    [dpy] chunk 227/437 (1568 LOC) done in 1.5s - ~5.9min left in this row
    [dpy] chunk 228/437 (90 LOC) done in 1.5s - ~5.8min left in this row
    [dpy] chunk 229/437 (344 LOC) done in 1.8s - ~5.8min left in this row
    [dpy] chunk 230/437 (565 LOC) done in 1.8s - ~5.8min left in this row
    [dpy] chunk 231/437 (430 LOC) done in 1.6s - ~5.7min left in this row
    [dpy] chunk 232/437 (88 LOC) done in 1.5s - ~5.7min left in this row
    [dpy] chunk 233/437 (88 LOC) done in 1.6s - ~5.7min left in this row
    [dpy] chunk 234/437 (843 LOC) done in 1.9s - ~5.7min left in this row
    [dpy] chunk 235/437 (90 LOC) done in 1.4s - ~5.6min left in this row
    [dpy] chunk 236/437 (91 LOC) done in 1.5s - ~5.6min left in this row
    [dpy] chunk 237/437 (4782 LOC) done in 2.3s - ~5.6min left in this row
    [dpy] chunk 238/437 (88 LOC) done in 1.7s - ~5.5min left in this row
    [dpy] chunk 239/437 (1714 LOC) done in 1.6s - ~5.5min left in this row
    [dpy] chunk 240/437 (271 LOC) done in 1.4s - ~5.5min left in this row
    [dpy] chunk 241/437 (624 LOC) done in 1.8s - ~5.5min left in this row
    [dpy] chunk 242/437 (90 LOC) done in 1.7s - ~5.4min left in this row
    [dpy] chunk 243/437 (90 LOC) done in 1.7s - ~5.4min left in this row
    [dpy] chunk 244/437 (1940 LOC) done in 1.8s - ~5.4min left in this row
    [dpy] chunk 245/437 (4406 LOC) done in 2.2s - ~5.4min left in this row
    [dpy] chunk 246/437 (90 LOC) done in 1.8s - ~5.3min left in this row
    [dpy] chunk 247/437 (16 LOC) done in 1.6s - ~5.3min left in this row
    [dpy] chunk 248/437 (90 LOC) done in 1.6s - ~5.3min left in this row
    [dpy] chunk 249/437 (84 LOC) done in 2.0s - ~5.2min left in this row
    [dpy] chunk 250/437 (1024 LOC) done in 2.0s - ~5.2min left in this row
    [dpy] chunk 251/437 (182 LOC) done in 1.6s - ~5.2min left in this row
    [dpy] chunk 252/437 (884 LOC) done in 1.7s - ~5.2min left in this row
    [dpy] chunk 253/437 (686 LOC) done in 1.7s - ~5.1min left in this row
    [dpy] chunk 254/437 (90 LOC) done in 1.7s - ~5.1min left in this row
    [dpy] chunk 255/437 (90 LOC) done in 1.6s - ~5.1min left in this row
    [dpy] chunk 256/437 (825 LOC) done in 1.7s - ~5.1min left in this row
    [dpy] chunk 257/437 (1963 LOC) done in 2.0s - ~5.0min left in this row
    [dpy] chunk 258/437 (546 LOC) done in 1.5s - ~5.0min left in this row
    [dpy] chunk 259/437 (962 LOC) done in 1.7s - ~5.0min left in this row
    [dpy] chunk 260/437 (88 LOC) done in 1.8s - ~4.9min left in this row
    [dpy] chunk 261/437 (763 LOC) done in 1.6s - ~4.9min left in this row
    [dpy] chunk 262/437 (1665 LOC) done in 1.7s - ~4.9min left in this row
    [dpy] chunk 263/437 (90 LOC) done in 1.6s - ~4.9min left in this row
    [dpy] chunk 264/437 (90 LOC) done in 1.5s - ~4.8min left in this row
    [dpy] chunk 265/437 (86 LOC) done in 1.7s - ~4.8min left in this row
    [dpy] chunk 266/437 (90 LOC) done in 1.5s - ~4.8min left in this row
    [dpy] chunk 267/437 (90 LOC) done in 1.5s - ~4.7min left in this row
    [dpy] chunk 268/437 (1420 LOC) done in 1.9s - ~4.7min left in this row
    [dpy] chunk 269/437 (90 LOC) done in 1.5s - ~4.7min left in this row
    [dpy] chunk 270/437 (79 LOC) done in 1.5s - ~4.7min left in this row
    [dpy] chunk 271/437 (777 LOC) done in 1.6s - ~4.6min left in this row
    [dpy] chunk 272/437 (526 LOC) done in 1.5s - ~4.6min left in this row
    [dpy] chunk 273/437 (391 LOC) done in 1.7s - ~4.6min left in this row
    [dpy] chunk 274/437 (2674 LOC) done in 1.6s - ~4.5min left in this row
    [dpy] chunk 275/437 (1217 LOC) done in 1.5s - ~4.5min left in this row
    [dpy] chunk 276/437 (16 LOC) done in 1.4s - ~4.5min left in this row
    [dpy] chunk 277/437 (16 LOC) done in 1.4s - ~4.5min left in this row
    [dpy] chunk 278/437 (435 LOC) done in 1.7s - ~4.4min left in this row
    [dpy] chunk 279/437 (16 LOC) done in 1.9s - ~4.4min left in this row
    [dpy] chunk 280/437 (90 LOC) done in 1.5s - ~4.4min left in this row
    [dpy] chunk 281/437 (84 LOC) done in 1.5s - ~4.3min left in this row
    [dpy] chunk 282/437 (605 LOC) done in 1.7s - ~4.3min left in this row
    [dpy] chunk 283/437 (90 LOC) done in 1.7s - ~4.3min left in this row
    [dpy] chunk 284/437 (88 LOC) done in 1.5s - ~4.3min left in this row
    [dpy] chunk 285/437 (1459 LOC) done in 1.4s - ~4.2min left in this row
    [dpy] chunk 286/437 (90 LOC) done in 1.5s - ~4.2min left in this row
    [dpy] chunk 287/437 (1564 LOC) done in 2.0s - ~4.2min left in this row
    [dpy] chunk 288/437 (90 LOC) done in 1.3s - ~4.1min left in this row
    [dpy] chunk 289/437 (84 LOC) done in 1.5s - ~4.1min left in this row
    [dpy] chunk 290/437 (90 LOC) done in 1.5s - ~4.1min left in this row
    [dpy] chunk 291/437 (91 LOC) done in 1.8s - ~4.1min left in this row
    [dpy] chunk 292/437 (81 LOC) done in 1.8s - ~4.0min left in this row
    [dpy] chunk 293/437 (16 LOC) done in 1.6s - ~4.0min left in this row
    [dpy] chunk 294/437 (1602 LOC) done in 1.6s - ~4.0min left in this row
    [dpy] chunk 295/437 (84 LOC) done in 1.5s - ~3.9min left in this row
    [dpy] chunk 296/437 (88 LOC) done in 1.6s - ~3.9min left in this row
    [dpy] chunk 297/437 (1463 LOC) done in 1.7s - ~3.9min left in this row
    [dpy] chunk 298/437 (545 LOC) done in 1.7s - ~3.9min left in this row
    [dpy] chunk 299/437 (88 LOC) done in 1.3s - ~3.8min left in this row
    [dpy] chunk 300/437 (457 LOC) done in 1.5s - ~3.8min left in this row
    [dpy] chunk 301/437 (150 LOC) done in 1.8s - ~3.8min left in this row
    [dpy] chunk 302/437 (455 LOC) done in 1.8s - ~3.8min left in this row
    [dpy] chunk 303/437 (570 LOC) done in 1.6s - ~3.7min left in this row
    [dpy] chunk 304/437 (90 LOC) done in 1.6s - ~3.7min left in this row
    [dpy] chunk 305/437 (90 LOC) done in 1.7s - ~3.7min left in this row
    [dpy] chunk 306/437 (90 LOC) done in 2.0s - ~3.6min left in this row
    [dpy] chunk 307/437 (1783 LOC) done in 1.8s - ~3.6min left in this row
    [dpy] chunk 308/437 (198 LOC) done in 1.7s - ~3.6min left in this row
    [dpy] chunk 309/437 (412 LOC) done in 1.7s - ~3.6min left in this row
    [dpy] chunk 310/437 (86 LOC) done in 1.6s - ~3.5min left in this row
    [dpy] chunk 311/437 (88 LOC) done in 1.8s - ~3.5min left in this row
    [dpy] chunk 312/437 (167 LOC) done in 1.7s - ~3.5min left in this row
    [dpy] chunk 313/437 (89 LOC) done in 1.5s - ~3.4min left in this row
    [dpy] chunk 314/437 (90 LOC) done in 1.2s - ~3.4min left in this row
    [dpy] chunk 315/437 (16 LOC) done in 1.7s - ~3.4min left in this row
    [dpy] chunk 316/437 (376 LOC) done in 1.7s - ~3.4min left in this row
    [dpy] chunk 317/437 (90 LOC) done in 1.5s - ~3.3min left in this row
    [dpy] chunk 318/437 (215 LOC) done in 1.5s - ~3.3min left in this row
    [dpy] chunk 319/437 (377 LOC) done in 1.7s - ~3.3min left in this row
    [dpy] chunk 320/437 (100 LOC) done in 1.9s - ~3.3min left in this row
    [dpy] chunk 321/437 (90 LOC) done in 1.5s - ~3.2min left in this row
    [dpy] chunk 322/437 (88 LOC) done in 1.6s - ~3.2min left in this row
    [dpy] chunk 323/437 (157 LOC) done in 1.5s - ~3.2min left in this row
    [dpy] chunk 324/437 (90 LOC) done in 1.6s - ~3.1min left in this row
    [dpy] chunk 325/437 (154 LOC) done in 1.5s - ~3.1min left in this row
    [dpy] chunk 326/437 (279 LOC) done in 1.7s - ~3.1min left in this row
    [dpy] chunk 327/437 (260 LOC) done in 1.6s - ~3.1min left in this row
    [dpy] chunk 328/437 (585 LOC) done in 1.9s - ~3.0min left in this row
    [dpy] chunk 329/437 (766 LOC) done in 1.7s - ~3.0min left in this row
    [dpy] chunk 330/437 (90 LOC) done in 1.5s - ~3.0min left in this row
    [dpy] chunk 331/437 (88 LOC) done in 1.6s - ~2.9min left in this row
    [dpy] chunk 332/437 (677 LOC) done in 1.7s - ~2.9min left in this row
    [dpy] chunk 333/437 (16 LOC) done in 1.8s - ~2.9min left in this row
    [dpy] chunk 334/437 (90 LOC) done in 1.7s - ~2.9min left in this row
    [dpy] chunk 335/437 (113 LOC) done in 1.5s - ~2.8min left in this row
    [dpy] chunk 336/437 (90 LOC) done in 1.5s - ~2.8min left in this row
    [dpy] chunk 337/437 (1483 LOC) done in 1.6s - ~2.8min left in this row
    [dpy] chunk 338/437 (90 LOC) done in 1.6s - ~2.7min left in this row
    [dpy] chunk 339/437 (405 LOC) done in 1.5s - ~2.7min left in this row
    [dpy] chunk 340/437 (3498 LOC) done in 1.9s - ~2.7min left in this row
    [dpy] chunk 341/437 (3378 LOC) done in 1.7s - ~2.7min left in this row
    [dpy] chunk 342/437 (489 LOC) done in 1.5s - ~2.6min left in this row
    [dpy] chunk 343/437 (90 LOC) done in 1.6s - ~2.6min left in this row
    [dpy] chunk 344/437 (16 LOC) done in 1.5s - ~2.6min left in this row
    [dpy] chunk 345/437 (443 LOC) done in 1.5s - ~2.5min left in this row
    [dpy] chunk 346/437 (182 LOC) done in 1.5s - ~2.5min left in this row
    [dpy] chunk 347/437 (448 LOC) done in 1.7s - ~2.5min left in this row
    [dpy] chunk 348/437 (90 LOC) done in 1.4s - ~2.5min left in this row
    [dpy] chunk 349/437 (744 LOC) done in 1.6s - ~2.4min left in this row
    [dpy] chunk 350/437 (90 LOC) done in 1.7s - ~2.4min left in this row
    [dpy] chunk 351/437 (88 LOC) done in 1.7s - ~2.4min left in this row
    [dpy] chunk 352/437 (603 LOC) done in 1.6s - ~2.4min left in this row
    [dpy] chunk 353/437 (90 LOC) done in 1.5s - ~2.3min left in this row
    [dpy] chunk 354/437 (16 LOC) done in 1.6s - ~2.3min left in this row
    [dpy] chunk 355/437 (914 LOC) done in 1.6s - ~2.3min left in this row
    [dpy] chunk 356/437 (16 LOC) done in 1.6s - ~2.2min left in this row
    [dpy] chunk 357/437 (129 LOC) done in 1.8s - ~2.2min left in this row
    [dpy] chunk 358/437 (25370 LOC) done in 2.8s - ~2.2min left in this row
    [dpy] chunk 359/437 (1545 LOC) done in 1.5s - ~2.2min left in this row
    [dpy] chunk 360/437 (1156 LOC) done in 1.8s - ~2.1min left in this row
    [dpy] chunk 361/437 (41 LOC) done in 1.4s - ~2.1min left in this row
    [dpy] chunk 362/437 (87 LOC) done in 1.7s - ~2.1min left in this row
    [dpy] chunk 363/437 (724 LOC) done in 1.6s - ~2.1min left in this row
    [dpy] chunk 364/437 (90 LOC) done in 1.7s - ~2.0min left in this row
    [dpy] chunk 365/437 (90 LOC) done in 1.6s - ~2.0min left in this row
    [dpy] chunk 366/437 (487 LOC) done in 1.6s - ~2.0min left in this row
    [dpy] chunk 367/437 (1314 LOC) done in 1.6s - ~1.9min left in this row
    [dpy] chunk 368/437 (16 LOC) done in 1.8s - ~1.9min left in this row
    [dpy] chunk 369/437 (90 LOC) done in 1.8s - ~1.9min left in this row
    [dpy] chunk 370/437 (90 LOC) done in 1.9s - ~1.9min left in this row
    [dpy] chunk 371/437 (339 LOC) done in 1.5s - ~1.8min left in this row
    [dpy] chunk 372/437 (90 LOC) done in 1.5s - ~1.8min left in this row
    [dpy] chunk 373/437 (212 LOC) done in 1.4s - ~1.8min left in this row
    [dpy] chunk 374/437 (88 LOC) done in 1.6s - ~1.7min left in this row
    [dpy] chunk 375/437 (17 LOC) done in 1.4s - ~1.7min left in this row
    [dpy] chunk 376/437 (1590 LOC) done in 1.8s - ~1.7min left in this row
    [dpy] chunk 377/437 (6998 LOC) done in 2.8s - ~1.7min left in this row
    [dpy] chunk 378/437 (38 LOC) done in 1.6s - ~1.6min left in this row
    [dpy] chunk 379/437 (90 LOC) done in 1.5s - ~1.6min left in this row
    [dpy] chunk 380/437 (385 LOC) done in 1.6s - ~1.6min left in this row
    [dpy] chunk 381/437 (1067 LOC) done in 1.6s - ~1.6min left in this row
    [dpy] chunk 382/437 (418 LOC) done in 1.9s - ~1.5min left in this row
    [dpy] chunk 383/437 (79 LOC) done in 1.5s - ~1.5min left in this row
    [dpy] chunk 384/437 (16 LOC) done in 1.5s - ~1.5min left in this row
    [dpy] chunk 385/437 (122 LOC) done in 1.5s - ~1.4min left in this row
    [dpy] chunk 386/437 (16 LOC) done in 1.7s - ~1.4min left in this row
    [dpy] chunk 387/437 (1739 LOC) done in 1.6s - ~1.4min left in this row
    [dpy] chunk 388/437 (84 LOC) done in 1.8s - ~1.4min left in this row
    [dpy] chunk 389/437 (90 LOC) done in 1.5s - ~1.3min left in this row
    [dpy] chunk 390/437 (90 LOC) done in 1.6s - ~1.3min left in this row
    [dpy] chunk 391/437 (90 LOC) done in 1.7s - ~1.3min left in this row
    [dpy] chunk 392/437 (862 LOC) done in 1.8s - ~1.2min left in this row
    [dpy] chunk 393/437 (226 LOC) done in 1.5s - ~1.2min left in this row
    [dpy] chunk 394/437 (679 LOC) done in 1.7s - ~1.2min left in this row
    [dpy] chunk 395/437 (88 LOC) done in 1.9s - ~1.2min left in this row
    [dpy] chunk 396/437 (1337 LOC) done in 1.8s - ~1.1min left in this row
    [dpy] chunk 397/437 (90 LOC) done in 1.6s - ~1.1min left in this row
    [dpy] chunk 398/437 (90 LOC) done in 1.6s - ~1.1min left in this row
    [dpy] chunk 399/437 (90 LOC) done in 1.7s - ~1.1min left in this row
    [dpy] chunk 400/437 (215 LOC) done in 1.7s - ~1.0min left in this row
    [dpy] chunk 401/437 (90 LOC) done in 1.7s - ~1.0min left in this row
    [dpy] chunk 402/437 (437 LOC) done in 1.6s - ~1.0min left in this row
    [dpy] chunk 403/437 (90 LOC) done in 1.5s - ~0.9min left in this row
    [dpy] chunk 404/437 (90 LOC) done in 1.8s - ~0.9min left in this row
    [dpy] chunk 405/437 (90 LOC) done in 1.6s - ~0.9min left in this row
    [dpy] chunk 406/437 (90 LOC) done in 1.6s - ~0.9min left in this row
    [dpy] chunk 407/437 (424 LOC) done in 1.6s - ~0.8min left in this row
    [dpy] chunk 408/437 (579 LOC) done in 2.1s - ~0.8min left in this row
    [dpy] chunk 409/437 (88 LOC) done in 1.5s - ~0.8min left in this row
    [dpy] chunk 410/437 (90 LOC) done in 1.5s - ~0.7min left in this row
    [dpy] chunk 411/437 (90 LOC) done in 1.6s - ~0.7min left in this row
    [dpy] chunk 412/437 (88 LOC) done in 1.6s - ~0.7min left in this row
    [dpy] chunk 413/437 (90 LOC) done in 1.7s - ~0.7min left in this row
    [dpy] chunk 414/437 (86 LOC) done in 1.6s - ~0.6min left in this row
    [dpy] chunk 415/437 (818 LOC) done in 1.7s - ~0.6min left in this row
    [dpy] chunk 416/437 (273 LOC) done in 1.8s - ~0.6min left in this row
    [dpy] chunk 417/437 (87 LOC) done in 1.3s - ~0.6min left in this row
    [dpy] chunk 418/437 (442 LOC) done in 1.6s - ~0.5min left in this row
    [dpy] chunk 419/437 (90 LOC) done in 1.6s - ~0.5min left in this row
    [dpy] chunk 420/437 (176 LOC) done in 2.0s - ~0.5min left in this row
    [dpy] chunk 421/437 (635 LOC) done in 1.9s - ~0.4min left in this row
    [dpy] chunk 422/437 (90 LOC) done in 1.5s - ~0.4min left in this row
    [dpy] chunk 423/437 (892 LOC) done in 1.8s - ~0.4min left in this row
    [dpy] chunk 424/437 (88 LOC) done in 1.5s - ~0.4min left in this row
    [dpy] chunk 425/437 (112 LOC) done in 1.6s - ~0.3min left in this row
    [dpy] chunk 426/437 (2422 LOC) done in 1.8s - ~0.3min left in this row
    [dpy] chunk 427/437 (845 LOC) done in 1.6s - ~0.3min left in this row
    [dpy] chunk 428/437 (84 LOC) done in 1.6s - ~0.2min left in this row
    [dpy] chunk 429/437 (349 LOC) done in 1.5s - ~0.2min left in this row
    [dpy] chunk 430/437 (1433 LOC) done in 1.7s - ~0.2min left in this row
    [dpy] chunk 431/437 (235 LOC) done in 1.6s - ~0.2min left in this row
    [dpy] chunk 432/437 (1023 LOC) done in 1.7s - ~0.1min left in this row
    [dpy] chunk 433/437 (272 LOC) done in 1.6s - ~0.1min left in this row
    [dpy] chunk 434/437 (3965 LOC) done in 1.8s - ~0.1min left in this row
    [dpy] chunk 435/437 (7254 LOC) done in 2.2s - ~0.1min left in this row
    [dpy] chunk 436/437 (132 LOC) done in 1.4s - ~0.0min left in this row
    [dpy] chunk 437/437 (1068 LOC) done in 1.7s - ~0.0min left in this row
  [ok] (52/192) airbytehq/airbyte A2 2024-01-21 @b374a9cb
  [row] (53/192) starting airbytehq/airbyte A2 2024-02-21 @c9b7d8ac
    [dpy] WARNING: 2 chunk(s) still over 8000 LOC and can't be split further (no subdirectories) - DPy will skip CSV export for these: ['C:\\Users\\kvrlv\\AppData\\Local\\Temp\\dpy_chunks_70_p_pq5\\loose__root__airbyte-integrations__connectors__source-github__source_github__loose1', 'C:\\Users\\kvrlv\\AppData\\Local\\Temp\\dpy_chunks_70_p_pq5\\loose__root__airbyte-integrations__connectors__source-shopify__source_shopify__loose1']
    [dpy] 440 chunk(s) planned, 398207 total LOC
    [dpy] chunk 1/440 (547 LOC) done in 1.6s - ~11.5min left in this row
    [dpy] chunk 2/440 (1130 LOC) done in 1.9s - ~12.8min left in this row
    [dpy] chunk 3/440 (70 LOC) done in 1.6s - ~12.3min left in this row
    [dpy] chunk 4/440 (560 LOC) done in 1.5s - ~12.0min left in this row
    [dpy] chunk 5/440 (569 LOC) done in 1.3s - ~11.5min left in this row
    [dpy] chunk 6/440 (89 LOC) done in 1.3s - ~11.1min left in this row
    [dpy] chunk 7/440 (141 LOC) done in 1.5s - ~11.0min left in this row
    [dpy] chunk 8/440 (57 LOC) done in 1.3s - ~10.9min left in this row
    [dpy] chunk 9/440 (290 LOC) done in 1.3s - ~10.7min left in this row
    [dpy] chunk 10/440 (639 LOC) done in 1.8s - ~10.8min left in this row
    [dpy] chunk 11/440 (573 LOC) done in 1.6s - ~10.8min left in this row
    [dpy] chunk 12/440 (1377 LOC) done in 1.6s - ~10.9min left in this row
    [dpy] chunk 13/440 (1587 LOC) done in 1.7s - ~10.9min left in this row
    [dpy] chunk 14/440 (302 LOC) done in 1.6s - ~10.9min left in this row
    [dpy] chunk 15/440 (2498 LOC) done in 1.6s - ~10.9min left in this row
    [dpy] chunk 16/440 (502 LOC) done in 1.5s - ~10.9min left in this row
    [dpy] chunk 17/440 (183 LOC) done in 1.5s - ~10.9min left in this row
    [dpy] chunk 18/440 (48 LOC) done in 1.5s - ~10.8min left in this row
    [dpy] chunk 19/440 (142 LOC) done in 1.4s - ~10.7min left in this row
    [dpy] chunk 20/440 (256 LOC) done in 1.4s - ~10.7min left in this row
    [dpy] chunk 21/440 (607 LOC) done in 1.5s - ~10.6min left in this row
    [dpy] chunk 22/440 (193 LOC) done in 1.5s - ~10.6min left in this row
    [dpy] chunk 23/440 (163 LOC) done in 1.6s - ~10.6min left in this row
    [dpy] chunk 24/440 (4446 LOC) done in 2.0s - ~10.7min left in this row
    [dpy] chunk 25/440 (136 LOC) done in 1.5s - ~10.7min left in this row
    [dpy] chunk 26/440 (498 LOC) done in 1.7s - ~10.7min left in this row
    [dpy] chunk 27/440 (4112 LOC) done in 1.9s - ~10.8min left in this row
    [dpy] chunk 28/440 (643 LOC) done in 1.6s - ~10.7min left in this row
    [dpy] chunk 29/440 (725 LOC) done in 1.7s - ~10.7min left in this row
    [dpy] chunk 30/440 (725 LOC) done in 1.6s - ~10.7min left in this row
    [dpy] chunk 31/440 (643 LOC) done in 1.6s - ~10.7min left in this row
    [dpy] chunk 32/440 (660 LOC) done in 1.8s - ~10.7min left in this row
    [dpy] chunk 33/440 (76 LOC) done in 1.6s - ~10.7min left in this row
    [dpy] chunk 34/440 (112 LOC) done in 1.5s - ~10.7min left in this row
    [dpy] chunk 35/440 (29 LOC) done in 1.8s - ~10.7min left in this row
    [dpy] chunk 36/440 (1614 LOC) done in 1.7s - ~10.7min left in this row
    [dpy] chunk 37/440 (1583 LOC) done in 1.7s - ~10.7min left in this row
    [dpy] chunk 38/440 (168 LOC) done in 1.6s - ~10.7min left in this row
    [dpy] chunk 39/440 (108 LOC) done in 1.6s - ~10.6min left in this row
    [dpy] chunk 40/440 (828 LOC) done in 2.5s - ~10.7min left in this row
    [dpy] chunk 41/440 (149 LOC) done in 1.5s - ~10.7min left in this row
    [dpy] chunk 42/440 (171 LOC) done in 1.6s - ~10.7min left in this row
    [dpy] chunk 43/440 (16 LOC) done in 1.4s - ~10.6min left in this row
    [dpy] chunk 44/440 (292 LOC) done in 1.5s - ~10.6min left in this row
    [dpy] chunk 45/440 (1228 LOC) done in 1.6s - ~10.5min left in this row
    [dpy] chunk 46/440 (541 LOC) done in 1.6s - ~10.5min left in this row
    [dpy] chunk 47/440 (2370 LOC) done in 1.6s - ~10.5min left in this row
    [dpy] chunk 48/440 (441 LOC) done in 1.5s - ~10.5min left in this row
    [dpy] chunk 49/440 (2455 LOC) done in 1.6s - ~10.4min left in this row
    [dpy] chunk 50/440 (504 LOC) done in 1.4s - ~10.4min left in this row
    [dpy] chunk 51/440 (94 LOC) done in 1.5s - ~10.3min left in this row
    [dpy] chunk 52/440 (34 LOC) done in 1.5s - ~10.3min left in this row
    [dpy] chunk 53/440 (3 LOC) done in 1.5s - ~10.3min left in this row
    [dpy] chunk 54/440 (177 LOC) done in 1.5s - ~10.2min left in this row
    [dpy] chunk 55/440 (223 LOC) done in 1.5s - ~10.2min left in this row
    [dpy] chunk 56/440 (1580 LOC) done in 1.9s - ~10.2min left in this row
    [dpy] chunk 57/440 (162 LOC) done in 1.5s - ~10.2min left in this row
    [dpy] chunk 58/440 (100 LOC) done in 1.6s - ~10.1min left in this row
    [dpy] chunk 59/440 (140 LOC) done in 1.4s - ~10.1min left in this row
    [dpy] chunk 60/440 (31 LOC) done in 1.8s - ~10.1min left in this row
    [dpy] chunk 61/440 (1708 LOC) done in 1.6s - ~10.1min left in this row
    [dpy] chunk 62/440 (6950 LOC) done in 1.9s - ~10.1min left in this row
    [dpy] chunk 63/440 (5910 LOC) done in 1.7s - ~10.1min left in this row
    [dpy] chunk 64/440 (50 LOC) done in 1.4s - ~10.0min left in this row
    [dpy] chunk 65/440 (1399 LOC) done in 1.6s - ~10.0min left in this row
    [dpy] chunk 66/440 (1433 LOC) done in 1.4s - ~9.9min left in this row
    [dpy] chunk 67/440 (156 LOC) done in 1.6s - ~9.9min left in this row
    [dpy] chunk 68/440 (153 LOC) done in 1.5s - ~9.9min left in this row
    [dpy] chunk 69/440 (5680 LOC) done in 1.9s - ~9.9min left in this row
    [dpy] chunk 70/440 (698 LOC) done in 1.6s - ~9.8min left in this row
    [dpy] chunk 71/440 (3692 LOC) done in 1.7s - ~9.8min left in this row
    [dpy] chunk 72/440 (803 LOC) done in 1.4s - ~9.8min left in this row
    [dpy] chunk 73/440 (645 LOC) done in 1.4s - ~9.7min left in this row
    [dpy] chunk 74/440 (1088 LOC) done in 1.6s - ~9.7min left in this row
    [dpy] chunk 75/440 (119 LOC) done in 1.4s - ~9.7min left in this row
    [dpy] chunk 76/440 (1597 LOC) done in 1.6s - ~9.7min left in this row
    [dpy] chunk 77/440 (688 LOC) done in 1.5s - ~9.6min left in this row
    [dpy] chunk 78/440 (228 LOC) done in 1.5s - ~9.6min left in this row
    [dpy] chunk 79/440 (2246 LOC) done in 1.6s - ~9.6min left in this row
    [dpy] chunk 80/440 (1267 LOC) done in 1.5s - ~9.5min left in this row
    [dpy] chunk 81/440 (7224 LOC) done in 1.9s - ~9.5min left in this row
    [dpy] chunk 82/440 (6217 LOC) done in 1.8s - ~9.5min left in this row
    [dpy] chunk 83/440 (944 LOC) done in 1.4s - ~9.5min left in this row
    [dpy] chunk 84/440 (1462 LOC) done in 1.6s - ~9.5min left in this row
    [dpy] chunk 85/440 (190 LOC) done in 1.4s - ~9.4min left in this row
    [dpy] chunk 86/440 (1398 LOC) done in 1.6s - ~9.4min left in this row
    [dpy] chunk 87/440 (1234 LOC) done in 1.6s - ~9.4min left in this row
    [dpy] chunk 88/440 (197 LOC) done in 1.4s - ~9.3min left in this row
    [dpy] chunk 89/440 (6 LOC) done in 1.5s - ~9.3min left in this row
    [dpy] chunk 90/440 (3435 LOC) done in 1.8s - ~9.3min left in this row
    [dpy] chunk 91/440 (1500 LOC) done in 1.4s - ~9.2min left in this row
    [dpy] chunk 92/440 (2018 LOC) done in 1.7s - ~9.2min left in this row
    [dpy] chunk 93/440 (6507 LOC) done in 1.8s - ~9.2min left in this row
    [dpy] chunk 94/440 (1137 LOC) done in 1.7s - ~9.2min left in this row
    [dpy] chunk 95/440 (70 LOC) done in 1.3s - ~9.1min left in this row
    [dpy] chunk 96/440 (4372 LOC) done in 1.8s - ~9.1min left in this row
    [dpy] chunk 97/440 (7953 LOC) done in 1.6s - ~9.1min left in this row
    [dpy] chunk 98/440 (371 LOC) done in 1.5s - ~9.1min left in this row
    [dpy] chunk 99/440 (138 LOC) done in 1.3s - ~9.0min left in this row
    [dpy] chunk 100/440 (490 LOC) done in 1.6s - ~9.0min left in this row
    [dpy] chunk 101/440 (711 LOC) done in 1.6s - ~9.0min left in this row
    [dpy] chunk 102/440 (2057 LOC) done in 1.8s - ~9.0min left in this row
    [dpy] chunk 103/440 (658 LOC) done in 1.6s - ~8.9min left in this row
    [dpy] chunk 104/440 (479 LOC) done in 1.7s - ~8.9min left in this row
    [dpy] chunk 105/440 (2287 LOC) done in 1.6s - ~8.9min left in this row
    [dpy] chunk 106/440 (650 LOC) done in 1.6s - ~8.9min left in this row
    [dpy] chunk 107/440 (435 LOC) done in 1.6s - ~8.8min left in this row
    [dpy] chunk 108/440 (949 LOC) done in 1.4s - ~8.8min left in this row
    [dpy] chunk 109/440 (283 LOC) done in 1.3s - ~8.8min left in this row
    [dpy] chunk 110/440 (1133 LOC) done in 1.6s - ~8.7min left in this row
    [dpy] chunk 111/440 (13 LOC) done in 1.3s - ~8.7min left in this row
    [dpy] chunk 112/440 (240 LOC) done in 1.5s - ~8.7min left in this row
    [dpy] chunk 113/440 (1816 LOC) done in 1.7s - ~8.7min left in this row
    [dpy] chunk 114/440 (297 LOC) done in 1.3s - ~8.6min left in this row
    [dpy] chunk 115/440 (699 LOC) done in 1.6s - ~8.6min left in this row
    [dpy] chunk 116/440 (744 LOC) done in 1.6s - ~8.6min left in this row
    [dpy] chunk 117/440 (587 LOC) done in 1.3s - ~8.5min left in this row
    [dpy] chunk 118/440 (346 LOC) done in 1.5s - ~8.5min left in this row
    [dpy] chunk 119/440 (112 LOC) done in 1.5s - ~8.5min left in this row
    [dpy] chunk 120/440 (422 LOC) done in 1.7s - ~8.4min left in this row
    [dpy] chunk 121/440 (356 LOC) done in 1.4s - ~8.4min left in this row
    [dpy] chunk 122/440 (296 LOC) done in 1.5s - ~8.4min left in this row
    [dpy] chunk 123/440 (281 LOC) done in 1.7s - ~8.4min left in this row
    [dpy] chunk 124/440 (668 LOC) done in 1.3s - ~8.3min left in this row
    [dpy] chunk 125/440 (955 LOC) done in 1.7s - ~8.3min left in this row
    [dpy] chunk 126/440 (269 LOC) done in 1.6s - ~8.3min left in this row
    [dpy] chunk 127/440 (116 LOC) done in 1.6s - ~8.2min left in this row
    [dpy] chunk 128/440 (1107 LOC) done in 1.7s - ~8.2min left in this row
    [dpy] chunk 129/440 (116 LOC) done in 1.5s - ~8.2min left in this row
    [dpy] chunk 130/440 (116 LOC) done in 1.6s - ~8.2min left in this row
    [dpy] chunk 131/440 (1056 LOC) done in 1.6s - ~8.1min left in this row
    [dpy] chunk 132/440 (376 LOC) done in 1.6s - ~8.1min left in this row
    [dpy] chunk 133/440 (7541 LOC) done in 2.0s - ~8.1min left in this row
    [dpy] chunk 134/440 (4645 LOC) done in 2.0s - ~8.1min left in this row
    [dpy] chunk 135/440 (384 LOC) done in 1.5s - ~8.1min left in this row
    [dpy] chunk 136/440 (783 LOC) done in 1.7s - ~8.0min left in this row
    [dpy] chunk 137/440 (135 LOC) done in 1.3s - ~8.0min left in this row
    [dpy] chunk 138/440 (109 LOC) done in 1.8s - ~8.0min left in this row
    [dpy] chunk 139/440 (116 LOC) done in 1.6s - ~8.0min left in this row
    [dpy] chunk 140/440 (1152 LOC) done in 1.5s - ~7.9min left in this row
    [dpy] chunk 141/440 (194 LOC) done in 1.5s - ~7.9min left in this row
    [dpy] chunk 142/440 (713 LOC) done in 1.5s - ~7.9min left in this row
    [dpy] chunk 143/440 (124 LOC) done in 1.5s - ~7.8min left in this row
    [dpy] chunk 144/440 (138 LOC) done in 1.5s - ~7.8min left in this row
    [dpy] chunk 145/440 (395 LOC) done in 1.6s - ~7.8min left in this row
    [dpy] chunk 146/440 (349 LOC) done in 1.5s - ~7.8min left in this row
    [dpy] chunk 147/440 (601 LOC) done in 1.5s - ~7.7min left in this row
    [dpy] chunk 148/440 (116 LOC) done in 1.4s - ~7.7min left in this row
    [dpy] chunk 149/440 (402 LOC) done in 1.5s - ~7.7min left in this row
    [dpy] chunk 150/440 (145 LOC) done in 1.5s - ~7.6min left in this row
    [dpy] chunk 151/440 (16 LOC) done in 1.3s - ~7.6min left in this row
    [dpy] chunk 152/440 (2956 LOC) done in 1.7s - ~7.6min left in this row
    [dpy] chunk 153/440 (908 LOC) done in 1.6s - ~7.6min left in this row
    [dpy] chunk 154/440 (270 LOC) done in 1.8s - ~7.5min left in this row
    [dpy] chunk 155/440 (114 LOC) done in 1.4s - ~7.5min left in this row
    [dpy] chunk 156/440 (116 LOC) done in 1.3s - ~7.5min left in this row
    [dpy] chunk 157/440 (114 LOC) done in 1.5s - ~7.4min left in this row
    [dpy] chunk 158/440 (461 LOC) done in 1.8s - ~7.4min left in this row
    [dpy] chunk 159/440 (308 LOC) done in 1.5s - ~7.4min left in this row
    [dpy] chunk 160/440 (116 LOC) done in 1.7s - ~7.4min left in this row
    [dpy] chunk 161/440 (114 LOC) done in 1.6s - ~7.3min left in this row
    [dpy] chunk 162/440 (16 LOC) done in 1.6s - ~7.3min left in this row
    [dpy] chunk 163/440 (116 LOC) done in 1.5s - ~7.3min left in this row
    [dpy] chunk 164/440 (117 LOC) done in 1.4s - ~7.3min left in this row
    [dpy] chunk 165/440 (915 LOC) done in 1.5s - ~7.2min left in this row
    [dpy] chunk 166/440 (16 LOC) done in 1.4s - ~7.2min left in this row
    [dpy] chunk 167/440 (115 LOC) done in 1.3s - ~7.2min left in this row
    [dpy] chunk 168/440 (114 LOC) done in 1.8s - ~7.1min left in this row
    [dpy] chunk 169/440 (116 LOC) done in 1.6s - ~7.1min left in this row
    [dpy] chunk 170/440 (116 LOC) done in 1.5s - ~7.1min left in this row
    [dpy] chunk 171/440 (463 LOC) done in 1.4s - ~7.1min left in this row
    [dpy] chunk 172/440 (150 LOC) done in 1.3s - ~7.0min left in this row
    [dpy] chunk 173/440 (116 LOC) done in 1.5s - ~7.0min left in this row
    [dpy] chunk 174/440 (117 LOC) done in 1.5s - ~7.0min left in this row
    [dpy] chunk 175/440 (116 LOC) done in 1.3s - ~6.9min left in this row
    [dpy] chunk 176/440 (712 LOC) done in 1.5s - ~6.9min left in this row
    [dpy] chunk 177/440 (108 LOC) done in 1.5s - ~6.9min left in this row
    [dpy] chunk 178/440 (116 LOC) done in 1.3s - ~6.9min left in this row
    [dpy] chunk 179/440 (114 LOC) done in 1.5s - ~6.8min left in this row
    [dpy] chunk 180/440 (116 LOC) done in 1.6s - ~6.8min left in this row
    [dpy] chunk 181/440 (114 LOC) done in 1.3s - ~6.8min left in this row
    [dpy] chunk 182/440 (16 LOC) done in 1.4s - ~6.7min left in this row
    [dpy] chunk 183/440 (151 LOC) done in 1.4s - ~6.7min left in this row
    [dpy] chunk 184/440 (116 LOC) done in 1.5s - ~6.7min left in this row
    [dpy] chunk 185/440 (116 LOC) done in 1.5s - ~6.7min left in this row
    [dpy] chunk 186/440 (116 LOC) done in 1.8s - ~6.6min left in this row
    [dpy] chunk 187/440 (113 LOC) done in 1.5s - ~6.6min left in this row
    [dpy] chunk 188/440 (1530 LOC) done in 1.5s - ~6.6min left in this row
    [dpy] chunk 189/440 (16 LOC) done in 1.5s - ~6.6min left in this row
    [dpy] chunk 190/440 (114 LOC) done in 1.6s - ~6.5min left in this row
    [dpy] chunk 191/440 (112 LOC) done in 1.5s - ~6.5min left in this row
    [dpy] chunk 192/440 (113 LOC) done in 1.6s - ~6.5min left in this row
    [dpy] chunk 193/440 (7893 LOC) done in 2.0s - ~6.5min left in this row
    [dpy] chunk 194/440 (762 LOC) done in 1.5s - ~6.4min left in this row
    [dpy] chunk 195/440 (787 LOC) done in 1.5s - ~6.4min left in this row
    [dpy] chunk 196/440 (144 LOC) done in 1.6s - ~6.4min left in this row
    [dpy] chunk 197/440 (3085 LOC) done in 2.0s - ~6.4min left in this row
    [dpy] chunk 198/440 (2031 LOC) done in 1.7s - ~6.3min left in this row
    [dpy] chunk 199/440 (440 LOC) done in 1.5s - ~6.3min left in this row
    [dpy] chunk 200/440 (941 LOC) done in 1.7s - ~6.3min left in this row
    [dpy] chunk 201/440 (116 LOC) done in 1.4s - ~6.3min left in this row
    [dpy] chunk 202/440 (114 LOC) done in 1.6s - ~6.2min left in this row
    [dpy] chunk 203/440 (1045 LOC) done in 1.6s - ~6.2min left in this row
    [dpy] chunk 204/440 (121 LOC) done in 1.5s - ~6.2min left in this row
    [dpy] chunk 205/440 (112 LOC) done in 1.8s - ~6.2min left in this row
    [dpy] chunk 206/440 (116 LOC) done in 1.5s - ~6.1min left in this row
    [dpy] chunk 207/440 (116 LOC) done in 1.9s - ~6.1min left in this row
    [dpy] chunk 208/440 (585 LOC) done in 1.6s - ~6.1min left in this row
    [dpy] chunk 209/440 (547 LOC) done in 1.5s - ~6.1min left in this row
    [dpy] chunk 210/440 (116 LOC) done in 1.3s - ~6.0min left in this row
    [dpy] chunk 211/440 (173 LOC) done in 1.6s - ~6.0min left in this row
    [dpy] chunk 212/440 (16 LOC) done in 1.5s - ~6.0min left in this row
    [dpy] chunk 213/440 (115 LOC) done in 1.4s - ~5.9min left in this row
    [dpy] chunk 214/440 (41034 LOC) done in 2.7s - ~5.9min left in this row
    [dpy] chunk 215/440 (2543 LOC) done in 1.9s - ~5.9min left in this row
    [dpy] chunk 216/440 (2360 LOC) done in 1.9s - ~5.9min left in this row
    [dpy] chunk 217/440 (8 LOC) done in 1.5s - ~5.9min left in this row
    [dpy] chunk 218/440 (1444 LOC) done in 2.1s - ~5.8min left in this row
    [dpy] chunk 219/440 (116 LOC) done in 1.4s - ~5.8min left in this row
    [dpy] chunk 220/440 (175 LOC) done in 1.4s - ~5.8min left in this row
    [dpy] chunk 221/440 (116 LOC) done in 1.5s - ~5.8min left in this row
    [dpy] chunk 222/440 (116 LOC) done in 1.6s - ~5.7min left in this row
    [dpy] chunk 223/440 (4733 LOC) done in 1.6s - ~5.7min left in this row
    [dpy] chunk 224/440 (2598 LOC) done in 1.7s - ~5.7min left in this row
    [dpy] chunk 225/440 (1304 LOC) done in 1.9s - ~5.7min left in this row
    [dpy] chunk 226/440 (136 LOC) done in 1.7s - ~5.6min left in this row
    [dpy] chunk 227/440 (310 LOC) done in 1.9s - ~5.6min left in this row
    [dpy] chunk 228/440 (1122 LOC) done in 1.5s - ~5.6min left in this row
    [dpy] chunk 229/440 (114 LOC) done in 1.7s - ~5.6min left in this row
    [dpy] chunk 230/440 (1518 LOC) done in 1.7s - ~5.5min left in this row
    [dpy] chunk 231/440 (1527 LOC) done in 1.5s - ~5.5min left in this row
    [dpy] chunk 232/440 (116 LOC) done in 1.3s - ~5.5min left in this row
    [dpy] chunk 233/440 (370 LOC) done in 1.7s - ~5.5min left in this row
    [dpy] chunk 234/440 (549 LOC) done in 1.7s - ~5.4min left in this row
    [dpy] chunk 235/440 (456 LOC) done in 1.8s - ~5.4min left in this row
    [dpy] chunk 236/440 (114 LOC) done in 1.5s - ~5.4min left in this row
    [dpy] chunk 237/440 (114 LOC) done in 1.8s - ~5.4min left in this row
    [dpy] chunk 238/440 (1041 LOC) done in 1.9s - ~5.3min left in this row
    [dpy] chunk 239/440 (116 LOC) done in 1.5s - ~5.3min left in this row
    [dpy] chunk 240/440 (117 LOC) done in 1.6s - ~5.3min left in this row
    [dpy] chunk 241/440 (4775 LOC) done in 2.4s - ~5.3min left in this row
    [dpy] chunk 242/440 (114 LOC) done in 1.5s - ~5.2min left in this row
    [dpy] chunk 243/440 (1677 LOC) done in 1.7s - ~5.2min left in this row
    [dpy] chunk 244/440 (297 LOC) done in 1.7s - ~5.2min left in this row
    [dpy] chunk 245/440 (604 LOC) done in 1.8s - ~5.2min left in this row
    [dpy] chunk 246/440 (116 LOC) done in 1.7s - ~5.1min left in this row
    [dpy] chunk 247/440 (116 LOC) done in 1.5s - ~5.1min left in this row
    [dpy] chunk 248/440 (1906 LOC) done in 1.5s - ~5.1min left in this row
    [dpy] chunk 249/440 (4387 LOC) done in 2.2s - ~5.1min left in this row
    [dpy] chunk 250/440 (116 LOC) done in 1.4s - ~5.0min left in this row
    [dpy] chunk 251/440 (16 LOC) done in 1.5s - ~5.0min left in this row
    [dpy] chunk 252/440 (116 LOC) done in 1.3s - ~5.0min left in this row
    [dpy] chunk 253/440 (110 LOC) done in 1.5s - ~5.0min left in this row
    [dpy] chunk 254/440 (1016 LOC) done in 1.6s - ~4.9min left in this row
    [dpy] chunk 255/440 (208 LOC) done in 1.5s - ~4.9min left in this row
    [dpy] chunk 256/440 (902 LOC) done in 1.7s - ~4.9min left in this row
    [dpy] chunk 257/440 (712 LOC) done in 1.7s - ~4.8min left in this row
    [dpy] chunk 258/440 (116 LOC) done in 1.7s - ~4.8min left in this row
    [dpy] chunk 259/440 (116 LOC) done in 1.5s - ~4.8min left in this row
    [dpy] chunk 260/440 (851 LOC) done in 1.5s - ~4.8min left in this row
    [dpy] chunk 261/440 (1931 LOC) done in 1.4s - ~4.7min left in this row
    [dpy] chunk 262/440 (572 LOC) done in 1.6s - ~4.7min left in this row
    [dpy] chunk 263/440 (989 LOC) done in 1.7s - ~4.7min left in this row
    [dpy] chunk 264/440 (114 LOC) done in 1.3s - ~4.7min left in this row
    [dpy] chunk 265/440 (789 LOC) done in 1.6s - ~4.6min left in this row
    [dpy] chunk 266/440 (1637 LOC) done in 1.4s - ~4.6min left in this row
    [dpy] chunk 267/440 (116 LOC) done in 1.6s - ~4.6min left in this row
    [dpy] chunk 268/440 (116 LOC) done in 1.7s - ~4.6min left in this row
    [dpy] chunk 269/440 (112 LOC) done in 1.4s - ~4.5min left in this row
    [dpy] chunk 270/440 (116 LOC) done in 1.5s - ~4.5min left in this row
    [dpy] chunk 271/440 (116 LOC) done in 1.5s - ~4.5min left in this row
    [dpy] chunk 272/440 (1385 LOC) done in 1.6s - ~4.4min left in this row
    [dpy] chunk 273/440 (116 LOC) done in 1.4s - ~4.4min left in this row
    [dpy] chunk 274/440 (105 LOC) done in 1.6s - ~4.4min left in this row
    [dpy] chunk 275/440 (803 LOC) done in 1.6s - ~4.4min left in this row
    [dpy] chunk 276/440 (566 LOC) done in 1.6s - ~4.3min left in this row
    [dpy] chunk 277/440 (855 LOC) done in 1.8s - ~4.3min left in this row
    [dpy] chunk 278/440 (417 LOC) done in 1.8s - ~4.3min left in this row
    [dpy] chunk 279/440 (2644 LOC) done in 1.8s - ~4.3min left in this row
    [dpy] chunk 280/440 (1540 LOC) done in 1.7s - ~4.2min left in this row
    [dpy] chunk 281/440 (16 LOC) done in 1.8s - ~4.2min left in this row
    [dpy] chunk 282/440 (16 LOC) done in 1.6s - ~4.2min left in this row
    [dpy] chunk 283/440 (461 LOC) done in 1.5s - ~4.2min left in this row
    [dpy] chunk 284/440 (16 LOC) done in 1.5s - ~4.1min left in this row
    [dpy] chunk 285/440 (116 LOC) done in 1.6s - ~4.1min left in this row
    [dpy] chunk 286/440 (110 LOC) done in 1.7s - ~4.1min left in this row
    [dpy] chunk 287/440 (631 LOC) done in 1.6s - ~4.1min left in this row
    [dpy] chunk 288/440 (116 LOC) done in 1.5s - ~4.0min left in this row
    [dpy] chunk 289/440 (114 LOC) done in 1.6s - ~4.0min left in this row
    [dpy] chunk 290/440 (1437 LOC) done in 1.7s - ~4.0min left in this row
    [dpy] chunk 291/440 (116 LOC) done in 1.6s - ~3.9min left in this row
    [dpy] chunk 292/440 (1590 LOC) done in 1.7s - ~3.9min left in this row
    [dpy] chunk 293/440 (116 LOC) done in 1.5s - ~3.9min left in this row
    [dpy] chunk 294/440 (110 LOC) done in 1.5s - ~3.9min left in this row
    [dpy] chunk 295/440 (116 LOC) done in 1.4s - ~3.8min left in this row
    [dpy] chunk 296/440 (117 LOC) done in 1.5s - ~3.8min left in this row
    [dpy] chunk 297/440 (107 LOC) done in 1.5s - ~3.8min left in this row
    [dpy] chunk 298/440 (16 LOC) done in 1.4s - ~3.8min left in this row
    [dpy] chunk 299/440 (1628 LOC) done in 1.7s - ~3.7min left in this row
    [dpy] chunk 300/440 (110 LOC) done in 1.5s - ~3.7min left in this row
    [dpy] chunk 301/440 (114 LOC) done in 1.6s - ~3.7min left in this row
    [dpy] chunk 302/440 (1489 LOC) done in 1.8s - ~3.7min left in this row
    [dpy] chunk 303/440 (571 LOC) done in 1.5s - ~3.6min left in this row
    [dpy] chunk 304/440 (114 LOC) done in 1.6s - ~3.6min left in this row
    [dpy] chunk 305/440 (483 LOC) done in 1.9s - ~3.6min left in this row
    [dpy] chunk 306/440 (176 LOC) done in 1.4s - ~3.5min left in this row
    [dpy] chunk 307/440 (1335 LOC) done in 1.6s - ~3.5min left in this row
    [dpy] chunk 308/440 (596 LOC) done in 1.8s - ~3.5min left in this row
    [dpy] chunk 309/440 (116 LOC) done in 1.4s - ~3.5min left in this row
    [dpy] chunk 310/440 (116 LOC) done in 1.6s - ~3.4min left in this row
    [dpy] chunk 311/440 (116 LOC) done in 1.7s - ~3.4min left in this row
    [dpy] chunk 312/440 (1764 LOC) done in 1.7s - ~3.4min left in this row
    [dpy] chunk 313/440 (210 LOC) done in 1.6s - ~3.4min left in this row
    [dpy] chunk 314/440 (438 LOC) done in 1.5s - ~3.3min left in this row
    [dpy] chunk 315/440 (112 LOC) done in 1.6s - ~3.3min left in this row
    [dpy] chunk 316/440 (114 LOC) done in 1.7s - ~3.3min left in this row
    [dpy] chunk 317/440 (193 LOC) done in 1.6s - ~3.3min left in this row
    [dpy] chunk 318/440 (115 LOC) done in 1.5s - ~3.2min left in this row
    [dpy] chunk 319/440 (116 LOC) done in 1.5s - ~3.2min left in this row
    [dpy] chunk 320/440 (16 LOC) done in 1.6s - ~3.2min left in this row
    [dpy] chunk 321/440 (402 LOC) done in 1.8s - ~3.2min left in this row
    [dpy] chunk 322/440 (116 LOC) done in 1.5s - ~3.1min left in this row
    [dpy] chunk 323/440 (241 LOC) done in 1.5s - ~3.1min left in this row
    [dpy] chunk 324/440 (403 LOC) done in 1.5s - ~3.1min left in this row
    [dpy] chunk 325/440 (126 LOC) done in 1.7s - ~3.0min left in this row
    [dpy] chunk 326/440 (116 LOC) done in 1.6s - ~3.0min left in this row
    [dpy] chunk 327/440 (114 LOC) done in 1.7s - ~3.0min left in this row
    [dpy] chunk 328/440 (183 LOC) done in 1.2s - ~3.0min left in this row
    [dpy] chunk 329/440 (116 LOC) done in 1.5s - ~2.9min left in this row
    [dpy] chunk 330/440 (180 LOC) done in 1.3s - ~2.9min left in this row
    [dpy] chunk 331/440 (259 LOC) done in 1.7s - ~2.9min left in this row
    [dpy] chunk 332/440 (286 LOC) done in 1.7s - ~2.9min left in this row
    [dpy] chunk 333/440 (611 LOC) done in 1.7s - ~2.8min left in this row
    [dpy] chunk 334/440 (804 LOC) done in 1.5s - ~2.8min left in this row
    [dpy] chunk 335/440 (116 LOC) done in 1.8s - ~2.8min left in this row
    [dpy] chunk 336/440 (114 LOC) done in 1.7s - ~2.8min left in this row
    [dpy] chunk 337/440 (703 LOC) done in 1.5s - ~2.7min left in this row
    [dpy] chunk 338/440 (16 LOC) done in 1.5s - ~2.7min left in this row
    [dpy] chunk 339/440 (116 LOC) done in 1.7s - ~2.7min left in this row
    [dpy] chunk 340/440 (139 LOC) done in 1.6s - ~2.6min left in this row
    [dpy] chunk 341/440 (116 LOC) done in 1.6s - ~2.6min left in this row
    [dpy] chunk 342/440 (1509 LOC) done in 1.7s - ~2.6min left in this row
    [dpy] chunk 343/440 (116 LOC) done in 1.4s - ~2.6min left in this row
    [dpy] chunk 344/440 (431 LOC) done in 1.8s - ~2.5min left in this row
    [dpy] chunk 345/440 (3552 LOC) done in 2.1s - ~2.5min left in this row
    [dpy] chunk 346/440 (3391 LOC) done in 1.9s - ~2.5min left in this row
    [dpy] chunk 347/440 (515 LOC) done in 1.5s - ~2.5min left in this row
    [dpy] chunk 348/440 (116 LOC) done in 1.6s - ~2.4min left in this row
    [dpy] chunk 349/440 (16 LOC) done in 1.8s - ~2.4min left in this row
    [dpy] chunk 350/440 (469 LOC) done in 1.6s - ~2.4min left in this row
    [dpy] chunk 351/440 (208 LOC) done in 1.6s - ~2.4min left in this row
    [dpy] chunk 352/440 (474 LOC) done in 1.6s - ~2.3min left in this row
    [dpy] chunk 353/440 (116 LOC) done in 1.8s - ~2.3min left in this row
    [dpy] chunk 354/440 (726 LOC) done in 1.7s - ~2.3min left in this row
    [dpy] chunk 355/440 (116 LOC) done in 1.6s - ~2.3min left in this row
    [dpy] chunk 356/440 (114 LOC) done in 1.5s - ~2.2min left in this row
    [dpy] chunk 357/440 (582 LOC) done in 1.6s - ~2.2min left in this row
    [dpy] chunk 358/440 (116 LOC) done in 1.6s - ~2.2min left in this row
    [dpy] chunk 359/440 (16 LOC) done in 1.6s - ~2.2min left in this row
    [dpy] chunk 360/440 (940 LOC) done in 1.6s - ~2.1min left in this row
    [dpy] chunk 361/440 (16 LOC) done in 1.5s - ~2.1min left in this row
    [dpy] chunk 362/440 (129 LOC) done in 1.9s - ~2.1min left in this row
    [dpy] chunk 363/440 (25370 LOC) done in 2.7s - ~2.1min left in this row
    [dpy] chunk 364/440 (1545 LOC) done in 1.8s - ~2.0min left in this row
    [dpy] chunk 365/440 (1156 LOC) done in 1.9s - ~2.0min left in this row
    [dpy] chunk 366/440 (9 LOC) done in 1.5s - ~2.0min left in this row
    [dpy] chunk 367/440 (113 LOC) done in 1.4s - ~1.9min left in this row
    [dpy] chunk 368/440 (743 LOC) done in 1.8s - ~1.9min left in this row
    [dpy] chunk 369/440 (116 LOC) done in 1.8s - ~1.9min left in this row
    [dpy] chunk 370/440 (116 LOC) done in 1.5s - ~1.9min left in this row
    [dpy] chunk 371/440 (499 LOC) done in 1.6s - ~1.8min left in this row
    [dpy] chunk 372/440 (1298 LOC) done in 1.7s - ~1.8min left in this row
    [dpy] chunk 373/440 (16 LOC) done in 1.4s - ~1.8min left in this row
    [dpy] chunk 374/440 (116 LOC) done in 1.8s - ~1.8min left in this row
    [dpy] chunk 375/440 (116 LOC) done in 1.6s - ~1.7min left in this row
    [dpy] chunk 376/440 (365 LOC) done in 1.5s - ~1.7min left in this row
    [dpy] chunk 377/440 (116 LOC) done in 1.9s - ~1.7min left in this row
    [dpy] chunk 378/440 (212 LOC) done in 1.7s - ~1.7min left in this row
    [dpy] chunk 379/440 (114 LOC) done in 1.6s - ~1.6min left in this row
    [dpy] chunk 380/440 (17 LOC) done in 1.6s - ~1.6min left in this row
    [dpy] chunk 381/440 (1623 LOC) done in 1.7s - ~1.6min left in this row
    [dpy] chunk 382/440 (7021 LOC) done in 2.2s - ~1.5min left in this row
    [dpy] chunk 383/440 (9 LOC) done in 1.8s - ~1.5min left in this row
    [dpy] chunk 384/440 (116 LOC) done in 1.5s - ~1.5min left in this row
    [dpy] chunk 385/440 (411 LOC) done in 1.6s - ~1.5min left in this row
    [dpy] chunk 386/440 (1053 LOC) done in 1.7s - ~1.4min left in this row
    [dpy] chunk 387/440 (444 LOC) done in 1.6s - ~1.4min left in this row
    [dpy] chunk 388/440 (105 LOC) done in 1.6s - ~1.4min left in this row
    [dpy] chunk 389/440 (16 LOC) done in 1.8s - ~1.4min left in this row
    [dpy] chunk 390/440 (148 LOC) done in 1.6s - ~1.3min left in this row
    [dpy] chunk 391/440 (16 LOC) done in 1.5s - ~1.3min left in this row
    [dpy] chunk 392/440 (1727 LOC) done in 1.4s - ~1.3min left in this row
    [dpy] chunk 393/440 (110 LOC) done in 1.5s - ~1.3min left in this row
    [dpy] chunk 394/440 (116 LOC) done in 1.6s - ~1.2min left in this row
    [dpy] chunk 395/440 (116 LOC) done in 1.6s - ~1.2min left in this row
    [dpy] chunk 396/440 (116 LOC) done in 1.5s - ~1.2min left in this row
    [dpy] chunk 397/440 (888 LOC) done in 1.6s - ~1.1min left in this row
    [dpy] chunk 398/440 (252 LOC) done in 1.4s - ~1.1min left in this row
    [dpy] chunk 399/440 (705 LOC) done in 1.7s - ~1.1min left in this row
    [dpy] chunk 400/440 (114 LOC) done in 1.4s - ~1.1min left in this row
    [dpy] chunk 401/440 (1319 LOC) done in 1.6s - ~1.0min left in this row
    [dpy] chunk 402/440 (116 LOC) done in 1.8s - ~1.0min left in this row
    [dpy] chunk 403/440 (116 LOC) done in 1.7s - ~1.0min left in this row
    [dpy] chunk 404/440 (116 LOC) done in 1.7s - ~1.0min left in this row
    [dpy] chunk 405/440 (187 LOC) done in 1.5s - ~0.9min left in this row
    [dpy] chunk 406/440 (116 LOC) done in 1.6s - ~0.9min left in this row
    [dpy] chunk 407/440 (463 LOC) done in 1.6s - ~0.9min left in this row
    [dpy] chunk 408/440 (116 LOC) done in 1.6s - ~0.9min left in this row
    [dpy] chunk 409/440 (116 LOC) done in 1.9s - ~0.8min left in this row
    [dpy] chunk 410/440 (116 LOC) done in 1.5s - ~0.8min left in this row
    [dpy] chunk 411/440 (116 LOC) done in 1.6s - ~0.8min left in this row
    [dpy] chunk 412/440 (450 LOC) done in 1.5s - ~0.7min left in this row
    [dpy] chunk 413/440 (605 LOC) done in 1.6s - ~0.7min left in this row
    [dpy] chunk 414/440 (114 LOC) done in 1.5s - ~0.7min left in this row
    [dpy] chunk 415/440 (116 LOC) done in 1.6s - ~0.7min left in this row
    [dpy] chunk 416/440 (116 LOC) done in 1.5s - ~0.6min left in this row
    [dpy] chunk 417/440 (114 LOC) done in 1.7s - ~0.6min left in this row
    [dpy] chunk 418/440 (116 LOC) done in 1.5s - ~0.6min left in this row
    [dpy] chunk 419/440 (112 LOC) done in 1.8s - ~0.6min left in this row
    [dpy] chunk 420/440 (830 LOC) done in 1.5s - ~0.5min left in this row
    [dpy] chunk 421/440 (299 LOC) done in 1.5s - ~0.5min left in this row
    [dpy] chunk 422/440 (113 LOC) done in 1.6s - ~0.5min left in this row
    [dpy] chunk 423/440 (468 LOC) done in 1.6s - ~0.5min left in this row
    [dpy] chunk 424/440 (116 LOC) done in 1.5s - ~0.4min left in this row
    [dpy] chunk 425/440 (202 LOC) done in 1.6s - ~0.4min left in this row
    [dpy] chunk 426/440 (661 LOC) done in 1.6s - ~0.4min left in this row
    [dpy] chunk 427/440 (116 LOC) done in 1.8s - ~0.3min left in this row
    [dpy] chunk 428/440 (877 LOC) done in 1.7s - ~0.3min left in this row
    [dpy] chunk 429/440 (114 LOC) done in 1.7s - ~0.3min left in this row
    [dpy] chunk 430/440 (138 LOC) done in 1.5s - ~0.3min left in this row
    [dpy] chunk 431/440 (3647 LOC) done in 2.2s - ~0.2min left in this row
    [dpy] chunk 432/440 (812 LOC) done in 1.7s - ~0.2min left in this row
    [dpy] chunk 433/440 (110 LOC) done in 1.7s - ~0.2min left in this row
    [dpy] chunk 434/440 (375 LOC) done in 1.5s - ~0.2min left in this row
    [dpy] chunk 435/440 (1459 LOC) done in 1.6s - ~0.1min left in this row
    [dpy] chunk 436/440 (261 LOC) done in 1.8s - ~0.1min left in this row
    [dpy] chunk 437/440 (1049 LOC) done in 1.6s - ~0.1min left in this row
    [dpy] chunk 438/440 (272 LOC) done in 1.6s - ~0.1min left in this row
    [dpy] chunk 439/440 (7903 LOC) done in 2.3s - ~0.0min left in this row
    [dpy] chunk 440/440 (1068 LOC) done in 1.4s - ~0.0min left in this row
  [ok] (53/192) airbytehq/airbyte A2 2024-02-21 @c9b7d8ac
  [row] (54/192) starting airbytehq/airbyte A2 2024-03-21 @d4174a08
    [dpy] WARNING: 2 chunk(s) still over 8000 LOC and can't be split further (no subdirectories) - DPy will skip CSV export for these: ['C:\\Users\\kvrlv\\AppData\\Local\\Temp\\dpy_chunks_7gbjuwhi\\loose__root__airbyte-integrations__connectors__source-github__source_github__loose1', 'C:\\Users\\kvrlv\\AppData\\Local\\Temp\\dpy_chunks_7gbjuwhi\\loose__root__airbyte-integrations__connectors__source-shopify__source_shopify__shopify_graphql__loose1']
    [dpy] 434 chunk(s) planned, 409148 total LOC
    [dpy] chunk 1/434 (583 LOC) done in 1.4s - ~10.1min left in this row
    [dpy] chunk 2/434 (1130 LOC) done in 1.5s - ~10.5min left in this row
    [dpy] chunk 3/434 (70 LOC) done in 1.6s - ~10.8min left in this row
    [dpy] chunk 4/434 (560 LOC) done in 1.6s - ~10.9min left in this row
    [dpy] chunk 5/434 (569 LOC) done in 1.5s - ~10.9min left in this row
    [dpy] chunk 6/434 (89 LOC) done in 1.6s - ~11.0min left in this row
    [dpy] chunk 7/434 (156 LOC) done in 1.4s - ~10.8min left in this row
    [dpy] chunk 8/434 (57 LOC) done in 1.4s - ~10.7min left in this row
    [dpy] chunk 9/434 (290 LOC) done in 1.5s - ~10.7min left in this row
    [dpy] chunk 10/434 (681 LOC) done in 1.7s - ~10.9min left in this row
    [dpy] chunk 11/434 (573 LOC) done in 1.7s - ~10.9min left in this row
    [dpy] chunk 12/434 (1429 LOC) done in 1.6s - ~10.9min left in this row
    [dpy] chunk 13/434 (1605 LOC) done in 1.7s - ~11.0min left in this row
    [dpy] chunk 14/434 (307 LOC) done in 1.5s - ~10.9min left in this row
    [dpy] chunk 15/434 (2513 LOC) done in 1.6s - ~10.9min left in this row
    [dpy] chunk 16/434 (506 LOC) done in 1.8s - ~11.0min left in this row
    [dpy] chunk 17/434 (183 LOC) done in 1.5s - ~10.9min left in this row
    [dpy] chunk 18/434 (48 LOC) done in 1.3s - ~10.8min left in this row
    [dpy] chunk 19/434 (152 LOC) done in 1.5s - ~10.8min left in this row
    [dpy] chunk 20/434 (256 LOC) done in 1.5s - ~10.7min left in this row
    [dpy] chunk 21/434 (679 LOC) done in 1.6s - ~10.7min left in this row
    [dpy] chunk 22/434 (193 LOC) done in 1.8s - ~10.7min left in this row
    [dpy] chunk 23/434 (163 LOC) done in 1.5s - ~10.7min left in this row
    [dpy] chunk 24/434 (4475 LOC) done in 1.8s - ~10.7min left in this row
    [dpy] chunk 25/434 (136 LOC) done in 1.6s - ~10.7min left in this row
    [dpy] chunk 26/434 (498 LOC) done in 1.9s - ~10.8min left in this row
    [dpy] chunk 27/434 (4127 LOC) done in 1.8s - ~10.8min left in this row
    [dpy] chunk 28/434 (643 LOC) done in 1.6s - ~10.8min left in this row
    [dpy] chunk 29/434 (671 LOC) done in 1.9s - ~10.8min left in this row
    [dpy] chunk 30/434 (758 LOC) done in 1.7s - ~10.8min left in this row
    [dpy] chunk 31/434 (772 LOC) done in 1.6s - ~10.8min left in this row
    [dpy] chunk 32/434 (680 LOC) done in 1.6s - ~10.8min left in this row
    [dpy] chunk 33/434 (76 LOC) done in 1.5s - ~10.7min left in this row
    [dpy] chunk 34/434 (112 LOC) done in 1.2s - ~10.6min left in this row
    [dpy] chunk 35/434 (29 LOC) done in 1.5s - ~10.6min left in this row
    [dpy] chunk 36/434 (1676 LOC) done in 1.7s - ~10.6min left in this row
    [dpy] chunk 37/434 (1581 LOC) done in 1.8s - ~10.6min left in this row
    [dpy] chunk 38/434 (168 LOC) done in 1.4s - ~10.5min left in this row
    [dpy] chunk 39/434 (109 LOC) done in 1.5s - ~10.5min left in this row
    [dpy] chunk 40/434 (828 LOC) done in 1.6s - ~10.4min left in this row
    [dpy] chunk 41/434 (149 LOC) done in 1.5s - ~10.4min left in this row
    [dpy] chunk 42/434 (186 LOC) done in 1.7s - ~10.4min left in this row
    [dpy] chunk 43/434 (16 LOC) done in 1.4s - ~10.3min left in this row
    [dpy] chunk 44/434 (292 LOC) done in 1.5s - ~10.3min left in this row
    [dpy] chunk 45/434 (1596 LOC) done in 1.9s - ~10.3min left in this row
    [dpy] chunk 46/434 (541 LOC) done in 1.5s - ~10.3min left in this row
    [dpy] chunk 47/434 (2431 LOC) done in 1.6s - ~10.3min left in this row
    [dpy] chunk 48/434 (576 LOC) done in 1.5s - ~10.2min left in this row
    [dpy] chunk 49/434 (2550 LOC) done in 2.0s - ~10.3min left in this row
    [dpy] chunk 50/434 (545 LOC) done in 1.9s - ~10.3min left in this row
    [dpy] chunk 51/434 (94 LOC) done in 1.4s - ~10.2min left in this row
    [dpy] chunk 52/434 (34 LOC) done in 1.6s - ~10.2min left in this row
    [dpy] chunk 53/434 (3 LOC) done in 1.6s - ~10.2min left in this row
    [dpy] chunk 54/434 (228 LOC) done in 1.7s - ~10.2min left in this row
    [dpy] chunk 55/434 (223 LOC) done in 1.7s - ~10.1min left in this row
    [dpy] chunk 56/434 (1649 LOC) done in 1.5s - ~10.1min left in this row
    [dpy] chunk 57/434 (162 LOC) done in 1.5s - ~10.1min left in this row
    [dpy] chunk 58/434 (100 LOC) done in 1.9s - ~10.1min left in this row
    [dpy] chunk 59/434 (146 LOC) done in 1.6s - ~10.0min left in this row
    [dpy] chunk 60/434 (31 LOC) done in 1.6s - ~10.0min left in this row
    [dpy] chunk 61/434 (1883 LOC) done in 1.7s - ~10.0min left in this row
    [dpy] chunk 62/434 (7010 LOC) done in 1.6s - ~10.0min left in this row
    [dpy] chunk 63/434 (5924 LOC) done in 1.6s - ~9.9min left in this row
    [dpy] chunk 64/434 (50 LOC) done in 1.3s - ~9.9min left in this row
    [dpy] chunk 65/434 (1374 LOC) done in 1.8s - ~9.9min left in this row
    [dpy] chunk 66/434 (1472 LOC) done in 1.5s - ~9.8min left in this row
    [dpy] chunk 67/434 (156 LOC) done in 1.4s - ~9.8min left in this row
    [dpy] chunk 68/434 (153 LOC) done in 1.5s - ~9.8min left in this row
    [dpy] chunk 69/434 (753 LOC) done in 1.5s - ~9.7min left in this row
    [dpy] chunk 70/434 (5951 LOC) done in 2.3s - ~9.8min left in this row
    [dpy] chunk 71/434 (698 LOC) done in 1.8s - ~9.7min left in this row
    [dpy] chunk 72/434 (3614 LOC) done in 1.7s - ~9.7min left in this row
    [dpy] chunk 73/434 (801 LOC) done in 1.5s - ~9.7min left in this row
    [dpy] chunk 74/434 (827 LOC) done in 1.9s - ~9.7min left in this row
    [dpy] chunk 75/434 (1200 LOC) done in 1.9s - ~9.7min left in this row
    [dpy] chunk 76/434 (119 LOC) done in 1.2s - ~9.6min left in this row
    [dpy] chunk 77/434 (1597 LOC) done in 1.6s - ~9.6min left in this row
    [dpy] chunk 78/434 (688 LOC) done in 1.7s - ~9.6min left in this row
    [dpy] chunk 79/434 (228 LOC) done in 1.7s - ~9.6min left in this row
    [dpy] chunk 80/434 (2356 LOC) done in 1.7s - ~9.5min left in this row
    [dpy] chunk 81/434 (1267 LOC) done in 1.3s - ~9.5min left in this row
    [dpy] chunk 82/434 (7224 LOC) done in 2.4s - ~9.5min left in this row
    [dpy] chunk 83/434 (6824 LOC) done in 2.1s - ~9.5min left in this row
    [dpy] chunk 84/434 (944 LOC) done in 1.3s - ~9.5min left in this row
    [dpy] chunk 85/434 (1462 LOC) done in 1.5s - ~9.4min left in this row
    [dpy] chunk 86/434 (190 LOC) done in 1.5s - ~9.4min left in this row
    [dpy] chunk 87/434 (1540 LOC) done in 1.8s - ~9.4min left in this row
    [dpy] chunk 88/434 (1297 LOC) done in 1.6s - ~9.4min left in this row
    [dpy] chunk 89/434 (197 LOC) done in 1.6s - ~9.3min left in this row
    [dpy] chunk 90/434 (6 LOC) done in 1.5s - ~9.3min left in this row
    [dpy] chunk 91/434 (3537 LOC) done in 1.8s - ~9.3min left in this row
    [dpy] chunk 92/434 (1500 LOC) done in 2.0s - ~9.3min left in this row
    [dpy] chunk 93/434 (2018 LOC) done in 1.7s - ~9.3min left in this row
    [dpy] chunk 94/434 (6507 LOC) done in 1.8s - ~9.2min left in this row
    [dpy] chunk 95/434 (1137 LOC) done in 2.0s - ~9.2min left in this row
    [dpy] chunk 96/434 (70 LOC) done in 1.6s - ~9.2min left in this row
    [dpy] chunk 97/434 (4312 LOC) done in 1.8s - ~9.2min left in this row
    [dpy] chunk 98/434 (7898 LOC) done in 2.3s - ~9.2min left in this row
    [dpy] chunk 99/434 (357 LOC) done in 1.8s - ~9.2min left in this row
    [dpy] chunk 100/434 (119 LOC) done in 1.4s - ~9.1min left in this row
    [dpy] chunk 101/434 (490 LOC) done in 1.4s - ~9.1min left in this row
    [dpy] chunk 102/434 (711 LOC) done in 1.5s - ~9.1min left in this row
    [dpy] chunk 103/434 (2057 LOC) done in 2.1s - ~9.1min left in this row
    [dpy] chunk 104/434 (658 LOC) done in 1.7s - ~9.0min left in this row
    [dpy] chunk 105/434 (479 LOC) done in 1.4s - ~9.0min left in this row
    [dpy] chunk 106/434 (2287 LOC) done in 1.4s - ~9.0min left in this row
    [dpy] chunk 107/434 (650 LOC) done in 1.8s - ~9.0min left in this row
    [dpy] chunk 108/434 (435 LOC) done in 1.6s - ~8.9min left in this row
    [dpy] chunk 109/434 (949 LOC) done in 1.7s - ~8.9min left in this row
    [dpy] chunk 110/434 (283 LOC) done in 1.5s - ~8.9min left in this row
    [dpy] chunk 111/434 (1133 LOC) done in 1.7s - ~8.8min left in this row
    [dpy] chunk 112/434 (13 LOC) done in 1.5s - ~8.8min left in this row
    [dpy] chunk 113/434 (240 LOC) done in 1.4s - ~8.8min left in this row
    [dpy] chunk 114/434 (1816 LOC) done in 1.9s - ~8.8min left in this row
    [dpy] chunk 115/434 (297 LOC) done in 1.5s - ~8.7min left in this row
    [dpy] chunk 116/434 (699 LOC) done in 1.6s - ~8.7min left in this row
    [dpy] chunk 117/434 (744 LOC) done in 1.6s - ~8.7min left in this row
    [dpy] chunk 118/434 (587 LOC) done in 1.5s - ~8.6min left in this row
    [dpy] chunk 119/434 (346 LOC) done in 1.6s - ~8.6min left in this row
    [dpy] chunk 120/434 (422 LOC) done in 1.6s - ~8.6min left in this row
    [dpy] chunk 121/434 (356 LOC) done in 1.6s - ~8.5min left in this row
    [dpy] chunk 122/434 (296 LOC) done in 1.6s - ~8.5min left in this row
    [dpy] chunk 123/434 (281 LOC) done in 1.7s - ~8.5min left in this row
    [dpy] chunk 124/434 (670 LOC) done in 1.8s - ~8.5min left in this row
    [dpy] chunk 125/434 (955 LOC) done in 1.6s - ~8.4min left in this row
    [dpy] chunk 126/434 (269 LOC) done in 1.7s - ~8.4min left in this row
    [dpy] chunk 127/434 (116 LOC) done in 1.6s - ~8.4min left in this row
    [dpy] chunk 128/434 (1107 LOC) done in 1.8s - ~8.4min left in this row
    [dpy] chunk 129/434 (116 LOC) done in 1.5s - ~8.3min left in this row
    [dpy] chunk 130/434 (116 LOC) done in 1.5s - ~8.3min left in this row
    [dpy] chunk 131/434 (1056 LOC) done in 1.8s - ~8.3min left in this row
    [dpy] chunk 132/434 (376 LOC) done in 1.8s - ~8.3min left in this row
    [dpy] chunk 133/434 (7591 LOC) done in 2.1s - ~8.3min left in this row
    [dpy] chunk 134/434 (4962 LOC) done in 2.0s - ~8.2min left in this row
    [dpy] chunk 135/434 (384 LOC) done in 1.6s - ~8.2min left in this row
    [dpy] chunk 136/434 (785 LOC) done in 1.6s - ~8.2min left in this row
    [dpy] chunk 137/434 (135 LOC) done in 1.9s - ~8.2min left in this row
    [dpy] chunk 138/434 (109 LOC) done in 1.8s - ~8.1min left in this row
    [dpy] chunk 139/434 (116 LOC) done in 1.5s - ~8.1min left in this row
    [dpy] chunk 140/434 (1152 LOC) done in 1.9s - ~8.1min left in this row
    [dpy] chunk 141/434 (713 LOC) done in 1.9s - ~8.1min left in this row
    [dpy] chunk 142/434 (124 LOC) done in 1.6s - ~8.0min left in this row
    [dpy] chunk 143/434 (138 LOC) done in 1.6s - ~8.0min left in this row
    [dpy] chunk 144/434 (395 LOC) done in 1.9s - ~8.0min left in this row
    [dpy] chunk 145/434 (349 LOC) done in 1.7s - ~8.0min left in this row
    [dpy] chunk 146/434 (601 LOC) done in 1.6s - ~7.9min left in this row
    [dpy] chunk 147/434 (116 LOC) done in 1.6s - ~7.9min left in this row
    [dpy] chunk 148/434 (402 LOC) done in 1.7s - ~7.9min left in this row
    [dpy] chunk 149/434 (145 LOC) done in 1.5s - ~7.8min left in this row
    [dpy] chunk 150/434 (16 LOC) done in 1.6s - ~7.8min left in this row
    [dpy] chunk 151/434 (3780 LOC) done in 1.8s - ~7.8min left in this row
    [dpy] chunk 152/434 (908 LOC) done in 1.6s - ~7.8min left in this row
    [dpy] chunk 153/434 (270 LOC) done in 1.8s - ~7.7min left in this row
    [dpy] chunk 154/434 (114 LOC) done in 1.8s - ~7.7min left in this row
    [dpy] chunk 155/434 (116 LOC) done in 1.6s - ~7.7min left in this row
    [dpy] chunk 156/434 (114 LOC) done in 1.5s - ~7.7min left in this row
    [dpy] chunk 157/434 (461 LOC) done in 1.5s - ~7.6min left in this row
    [dpy] chunk 158/434 (2335 LOC) done in 4.4s - ~7.7min left in this row
    [dpy] chunk 159/434 (116 LOC) done in 1.4s - ~7.6min left in this row
    [dpy] chunk 160/434 (114 LOC) done in 1.5s - ~7.6min left in this row
    [dpy] chunk 161/434 (16 LOC) done in 1.8s - ~7.6min left in this row
    [dpy] chunk 162/434 (116 LOC) done in 1.7s - ~7.6min left in this row
    [dpy] chunk 163/434 (117 LOC) done in 2.0s - ~7.5min left in this row
    [dpy] chunk 164/434 (915 LOC) done in 2.0s - ~7.5min left in this row
    [dpy] chunk 165/434 (16 LOC) done in 1.6s - ~7.5min left in this row
    [dpy] chunk 166/434 (115 LOC) done in 1.5s - ~7.5min left in this row
    [dpy] chunk 167/434 (114 LOC) done in 1.6s - ~7.4min left in this row
    [dpy] chunk 168/434 (116 LOC) done in 1.6s - ~7.4min left in this row
    [dpy] chunk 169/434 (116 LOC) done in 1.4s - ~7.4min left in this row
    [dpy] chunk 170/434 (463 LOC) done in 1.4s - ~7.3min left in this row
    [dpy] chunk 171/434 (150 LOC) done in 1.5s - ~7.3min left in this row
    [dpy] chunk 172/434 (116 LOC) done in 1.5s - ~7.3min left in this row
    [dpy] chunk 173/434 (117 LOC) done in 1.5s - ~7.2min left in this row
    [dpy] chunk 174/434 (116 LOC) done in 1.5s - ~7.2min left in this row
    [dpy] chunk 175/434 (712 LOC) done in 1.5s - ~7.2min left in this row
    [dpy] chunk 176/434 (108 LOC) done in 1.5s - ~7.1min left in this row
    [dpy] chunk 177/434 (114 LOC) done in 1.5s - ~7.1min left in this row
    [dpy] chunk 178/434 (116 LOC) done in 1.3s - ~7.1min left in this row
    [dpy] chunk 179/434 (114 LOC) done in 1.4s - ~7.0min left in this row
    [dpy] chunk 180/434 (16 LOC) done in 1.6s - ~7.0min left in this row
    [dpy] chunk 181/434 (151 LOC) done in 1.5s - ~7.0min left in this row
    [dpy] chunk 182/434 (116 LOC) done in 1.5s - ~6.9min left in this row
    [dpy] chunk 183/434 (116 LOC) done in 1.5s - ~6.9min left in this row
    [dpy] chunk 184/434 (116 LOC) done in 1.5s - ~6.9min left in this row
    [dpy] chunk 185/434 (113 LOC) done in 1.5s - ~6.9min left in this row
    [dpy] chunk 186/434 (16 LOC) done in 1.5s - ~6.8min left in this row
    [dpy] chunk 187/434 (114 LOC) done in 1.8s - ~6.8min left in this row
    [dpy] chunk 188/434 (112 LOC) done in 1.6s - ~6.8min left in this row
    [dpy] chunk 189/434 (113 LOC) done in 1.5s - ~6.7min left in this row
    [dpy] chunk 190/434 (7575 LOC) done in 2.1s - ~6.7min left in this row
    [dpy] chunk 191/434 (720 LOC) done in 1.4s - ~6.7min left in this row
    [dpy] chunk 192/434 (789 LOC) done in 1.5s - ~6.7min left in this row
    [dpy] chunk 193/434 (144 LOC) done in 1.7s - ~6.6min left in this row
    [dpy] chunk 194/434 (3085 LOC) done in 2.0s - ~6.6min left in this row
    [dpy] chunk 195/434 (2031 LOC) done in 1.7s - ~6.6min left in this row
    [dpy] chunk 196/434 (440 LOC) done in 1.4s - ~6.6min left in this row
    [dpy] chunk 197/434 (941 LOC) done in 1.5s - ~6.5min left in this row
    [dpy] chunk 198/434 (116 LOC) done in 1.8s - ~6.5min left in this row
    [dpy] chunk 199/434 (114 LOC) done in 1.5s - ~6.5min left in this row
    [dpy] chunk 200/434 (1045 LOC) done in 1.6s - ~6.4min left in this row
    [dpy] chunk 201/434 (121 LOC) done in 1.4s - ~6.4min left in this row
    [dpy] chunk 202/434 (112 LOC) done in 1.6s - ~6.4min left in this row
    [dpy] chunk 203/434 (116 LOC) done in 1.6s - ~6.4min left in this row
    [dpy] chunk 204/434 (116 LOC) done in 1.5s - ~6.3min left in this row
    [dpy] chunk 205/434 (585 LOC) done in 1.6s - ~6.3min left in this row
    [dpy] chunk 206/434 (547 LOC) done in 1.5s - ~6.3min left in this row
    [dpy] chunk 207/434 (116 LOC) done in 1.5s - ~6.2min left in this row
    [dpy] chunk 208/434 (173 LOC) done in 1.5s - ~6.2min left in this row
    [dpy] chunk 209/434 (16 LOC) done in 1.5s - ~6.2min left in this row
    [dpy] chunk 210/434 (115 LOC) done in 1.5s - ~6.1min left in this row
    [dpy] chunk 211/434 (41034 LOC) done in 2.7s - ~6.1min left in this row
    [dpy] chunk 212/434 (2547 LOC) done in 1.8s - ~6.1min left in this row
    [dpy] chunk 213/434 (2364 LOC) done in 1.7s - ~6.1min left in this row
    [dpy] chunk 214/434 (8 LOC) done in 1.5s - ~6.1min left in this row
    [dpy] chunk 215/434 (1444 LOC) done in 1.6s - ~6.0min left in this row
    [dpy] chunk 216/434 (116 LOC) done in 1.6s - ~6.0min left in this row
    [dpy] chunk 217/434 (175 LOC) done in 1.5s - ~6.0min left in this row
    [dpy] chunk 218/434 (116 LOC) done in 1.5s - ~5.9min left in this row
    [dpy] chunk 219/434 (116 LOC) done in 1.5s - ~5.9min left in this row
    [dpy] chunk 220/434 (4836 LOC) done in 1.9s - ~5.9min left in this row
    [dpy] chunk 221/434 (2598 LOC) done in 1.7s - ~5.9min left in this row
    [dpy] chunk 222/434 (1304 LOC) done in 1.6s - ~5.8min left in this row
    [dpy] chunk 223/434 (136 LOC) done in 1.5s - ~5.8min left in this row
    [dpy] chunk 224/434 (310 LOC) done in 1.6s - ~5.8min left in this row
    [dpy] chunk 225/434 (1122 LOC) done in 1.6s - ~5.7min left in this row
    [dpy] chunk 226/434 (114 LOC) done in 1.4s - ~5.7min left in this row
    [dpy] chunk 227/434 (1518 LOC) done in 1.8s - ~5.7min left in this row
    [dpy] chunk 228/434 (1578 LOC) done in 1.5s - ~5.7min left in this row
    [dpy] chunk 229/434 (116 LOC) done in 1.5s - ~5.6min left in this row
    [dpy] chunk 230/434 (552 LOC) done in 1.5s - ~5.6min left in this row
    [dpy] chunk 231/434 (456 LOC) done in 1.6s - ~5.6min left in this row
    [dpy] chunk 232/434 (114 LOC) done in 1.7s - ~5.5min left in this row
    [dpy] chunk 233/434 (114 LOC) done in 1.6s - ~5.5min left in this row
    [dpy] chunk 234/434 (1113 LOC) done in 1.7s - ~5.5min left in this row
    [dpy] chunk 235/434 (116 LOC) done in 1.6s - ~5.5min left in this row
    [dpy] chunk 236/434 (117 LOC) done in 1.6s - ~5.4min left in this row
    [dpy] chunk 237/434 (4681 LOC) done in 1.6s - ~5.4min left in this row
    [dpy] chunk 238/434 (114 LOC) done in 1.4s - ~5.4min left in this row
    [dpy] chunk 239/434 (1680 LOC) done in 1.6s - ~5.3min left in this row
    [dpy] chunk 240/434 (297 LOC) done in 1.4s - ~5.3min left in this row
    [dpy] chunk 241/434 (608 LOC) done in 1.5s - ~5.3min left in this row
    [dpy] chunk 242/434 (116 LOC) done in 1.5s - ~5.3min left in this row
    [dpy] chunk 243/434 (116 LOC) done in 1.5s - ~5.2min left in this row
    [dpy] chunk 244/434 (1906 LOC) done in 1.6s - ~5.2min left in this row
    [dpy] chunk 245/434 (4398 LOC) done in 1.9s - ~5.2min left in this row
    [dpy] chunk 246/434 (116 LOC) done in 1.5s - ~5.1min left in this row
    [dpy] chunk 247/434 (16 LOC) done in 1.4s - ~5.1min left in this row
    [dpy] chunk 248/434 (116 LOC) done in 1.6s - ~5.1min left in this row
    [dpy] chunk 249/434 (110 LOC) done in 1.5s - ~5.1min left in this row
    [dpy] chunk 250/434 (1089 LOC) done in 1.6s - ~5.0min left in this row
    [dpy] chunk 251/434 (902 LOC) done in 1.4s - ~5.0min left in this row
    [dpy] chunk 252/434 (712 LOC) done in 1.5s - ~5.0min left in this row
    [dpy] chunk 253/434 (116 LOC) done in 1.5s - ~4.9min left in this row
    [dpy] chunk 254/434 (116 LOC) done in 1.5s - ~4.9min left in this row
    [dpy] chunk 255/434 (851 LOC) done in 1.6s - ~4.9min left in this row
    [dpy] chunk 256/434 (1931 LOC) done in 1.7s - ~4.9min left in this row
    [dpy] chunk 257/434 (572 LOC) done in 1.5s - ~4.8min left in this row
    [dpy] chunk 258/434 (945 LOC) done in 1.5s - ~4.8min left in this row
    [dpy] chunk 259/434 (114 LOC) done in 1.5s - ~4.8min left in this row
    [dpy] chunk 260/434 (789 LOC) done in 1.7s - ~4.7min left in this row
    [dpy] chunk 261/434 (1637 LOC) done in 1.7s - ~4.7min left in this row
    [dpy] chunk 262/434 (116 LOC) done in 1.4s - ~4.7min left in this row
    [dpy] chunk 263/434 (116 LOC) done in 1.5s - ~4.7min left in this row
    [dpy] chunk 264/434 (112 LOC) done in 1.5s - ~4.6min left in this row
    [dpy] chunk 265/434 (116 LOC) done in 1.5s - ~4.6min left in this row
    [dpy] chunk 266/434 (116 LOC) done in 1.4s - ~4.6min left in this row
    [dpy] chunk 267/434 (1385 LOC) done in 1.4s - ~4.5min left in this row
    [dpy] chunk 268/434 (116 LOC) done in 1.6s - ~4.5min left in this row
    [dpy] chunk 269/434 (60 LOC) done in 1.7s - ~4.5min left in this row
    [dpy] chunk 270/434 (803 LOC) done in 1.5s - ~4.5min left in this row
    [dpy] chunk 271/434 (517 LOC) done in 1.4s - ~4.4min left in this row
    [dpy] chunk 272/434 (1156 LOC) done in 1.5s - ~4.4min left in this row
    [dpy] chunk 273/434 (417 LOC) done in 1.6s - ~4.4min left in this row
    [dpy] chunk 274/434 (2644 LOC) done in 1.7s - ~4.4min left in this row
    [dpy] chunk 275/434 (1549 LOC) done in 1.5s - ~4.3min left in this row
    [dpy] chunk 276/434 (16 LOC) done in 1.6s - ~4.3min left in this row
    [dpy] chunk 277/434 (16 LOC) done in 1.5s - ~4.3min left in this row
    [dpy] chunk 278/434 (461 LOC) done in 1.4s - ~4.2min left in this row
    [dpy] chunk 279/434 (16 LOC) done in 1.5s - ~4.2min left in this row
    [dpy] chunk 280/434 (116 LOC) done in 1.5s - ~4.2min left in this row
    [dpy] chunk 281/434 (110 LOC) done in 1.5s - ~4.2min left in this row
    [dpy] chunk 282/434 (631 LOC) done in 1.9s - ~4.1min left in this row
    [dpy] chunk 283/434 (116 LOC) done in 1.6s - ~4.1min left in this row
    [dpy] chunk 284/434 (114 LOC) done in 1.5s - ~4.1min left in this row
    [dpy] chunk 285/434 (1505 LOC) done in 1.6s - ~4.0min left in this row
    [dpy] chunk 286/434 (116 LOC) done in 1.5s - ~4.0min left in this row
    [dpy] chunk 287/434 (1590 LOC) done in 1.7s - ~4.0min left in this row
    [dpy] chunk 288/434 (116 LOC) done in 1.5s - ~4.0min left in this row
    [dpy] chunk 289/434 (110 LOC) done in 1.2s - ~3.9min left in this row
    [dpy] chunk 290/434 (116 LOC) done in 1.6s - ~3.9min left in this row
    [dpy] chunk 291/434 (117 LOC) done in 1.4s - ~3.9min left in this row
    [dpy] chunk 292/434 (107 LOC) done in 1.5s - ~3.8min left in this row
    [dpy] chunk 293/434 (16 LOC) done in 1.5s - ~3.8min left in this row
    [dpy] chunk 294/434 (1600 LOC) done in 1.6s - ~3.8min left in this row
    [dpy] chunk 295/434 (110 LOC) done in 1.6s - ~3.8min left in this row
    [dpy] chunk 296/434 (114 LOC) done in 1.6s - ~3.7min left in this row
    [dpy] chunk 297/434 (1489 LOC) done in 1.7s - ~3.7min left in this row
    [dpy] chunk 298/434 (571 LOC) done in 1.3s - ~3.7min left in this row
    [dpy] chunk 299/434 (114 LOC) done in 1.5s - ~3.7min left in this row
    [dpy] chunk 300/434 (483 LOC) done in 1.5s - ~3.6min left in this row
    [dpy] chunk 301/434 (176 LOC) done in 1.5s - ~3.6min left in this row
    [dpy] chunk 302/434 (1335 LOC) done in 1.3s - ~3.6min left in this row
    [dpy] chunk 303/434 (596 LOC) done in 1.5s - ~3.5min left in this row
    [dpy] chunk 304/434 (116 LOC) done in 1.3s - ~3.5min left in this row
    [dpy] chunk 305/434 (116 LOC) done in 1.6s - ~3.5min left in this row
    [dpy] chunk 306/434 (116 LOC) done in 1.4s - ~3.5min left in this row
    [dpy] chunk 307/434 (1764 LOC) done in 1.6s - ~3.4min left in this row
    [dpy] chunk 308/434 (210 LOC) done in 1.5s - ~3.4min left in this row
    [dpy] chunk 309/434 (438 LOC) done in 1.6s - ~3.4min left in this row
    [dpy] chunk 310/434 (112 LOC) done in 1.5s - ~3.3min left in this row
    [dpy] chunk 311/434 (114 LOC) done in 1.5s - ~3.3min left in this row
    [dpy] chunk 312/434 (193 LOC) done in 1.5s - ~3.3min left in this row
    [dpy] chunk 313/434 (115 LOC) done in 1.4s - ~3.3min left in this row
    [dpy] chunk 314/434 (116 LOC) done in 1.5s - ~3.2min left in this row
    [dpy] chunk 315/434 (16 LOC) done in 1.4s - ~3.2min left in this row
    [dpy] chunk 316/434 (402 LOC) done in 1.5s - ~3.2min left in this row
    [dpy] chunk 317/434 (116 LOC) done in 1.5s - ~3.2min left in this row
    [dpy] chunk 318/434 (241 LOC) done in 1.4s - ~3.1min left in this row
    [dpy] chunk 319/434 (403 LOC) done in 1.5s - ~3.1min left in this row
    [dpy] chunk 320/434 (126 LOC) done in 1.4s - ~3.1min left in this row
    [dpy] chunk 321/434 (116 LOC) done in 1.4s - ~3.0min left in this row
    [dpy] chunk 322/434 (114 LOC) done in 1.3s - ~3.0min left in this row
    [dpy] chunk 323/434 (183 LOC) done in 1.3s - ~3.0min left in this row
    [dpy] chunk 324/434 (116 LOC) done in 1.5s - ~3.0min left in this row
    [dpy] chunk 325/434 (180 LOC) done in 1.4s - ~2.9min left in this row
    [dpy] chunk 326/434 (259 LOC) done in 1.5s - ~2.9min left in this row
    [dpy] chunk 327/434 (286 LOC) done in 1.4s - ~2.9min left in this row
    [dpy] chunk 328/434 (611 LOC) done in 1.4s - ~2.8min left in this row
    [dpy] chunk 329/434 (806 LOC) done in 1.6s - ~2.8min left in this row
    [dpy] chunk 330/434 (116 LOC) done in 1.7s - ~2.8min left in this row
    [dpy] chunk 331/434 (114 LOC) done in 1.4s - ~2.8min left in this row
    [dpy] chunk 332/434 (659 LOC) done in 1.7s - ~2.7min left in this row
    [dpy] chunk 333/434 (16 LOC) done in 1.4s - ~2.7min left in this row
    [dpy] chunk 334/434 (116 LOC) done in 1.3s - ~2.7min left in this row
    [dpy] chunk 335/434 (139 LOC) done in 1.5s - ~2.7min left in this row
    [dpy] chunk 336/434 (116 LOC) done in 1.6s - ~2.6min left in this row
    [dpy] chunk 337/434 (1509 LOC) done in 1.7s - ~2.6min left in this row
    [dpy] chunk 338/434 (116 LOC) done in 1.5s - ~2.6min left in this row
    [dpy] chunk 339/434 (431 LOC) done in 1.6s - ~2.5min left in this row
    [dpy] chunk 340/434 (3573 LOC) done in 1.7s - ~2.5min left in this row
    [dpy] chunk 341/434 (3466 LOC) done in 1.8s - ~2.5min left in this row
    [dpy] chunk 342/434 (515 LOC) done in 1.8s - ~2.5min left in this row
    [dpy] chunk 343/434 (116 LOC) done in 1.4s - ~2.4min left in this row
    [dpy] chunk 344/434 (16 LOC) done in 1.3s - ~2.4min left in this row
    [dpy] chunk 345/434 (423 LOC) done in 1.4s - ~2.4min left in this row
    [dpy] chunk 346/434 (162 LOC) done in 1.6s - ~2.4min left in this row
    [dpy] chunk 347/434 (116 LOC) done in 1.4s - ~2.3min left in this row
    [dpy] chunk 348/434 (776 LOC) done in 1.6s - ~2.3min left in this row
    [dpy] chunk 349/434 (116 LOC) done in 1.5s - ~2.3min left in this row
    [dpy] chunk 350/434 (114 LOC) done in 1.5s - ~2.2min left in this row
    [dpy] chunk 351/434 (582 LOC) done in 1.6s - ~2.2min left in this row
    [dpy] chunk 352/434 (116 LOC) done in 1.6s - ~2.2min left in this row
    [dpy] chunk 353/434 (16 LOC) done in 1.4s - ~2.2min left in this row
    [dpy] chunk 354/434 (940 LOC) done in 1.6s - ~2.1min left in this row
    [dpy] chunk 355/434 (16 LOC) done in 1.7s - ~2.1min left in this row
    [dpy] chunk 356/434 (2023 LOC) done in 1.7s - ~2.1min left in this row
    [dpy] chunk 357/434 (64 LOC) done in 1.5s - ~2.1min left in this row
    [dpy] chunk 358/434 (29442 LOC) done in 2.8s - ~2.0min left in this row
    [dpy] chunk 359/434 (1130 LOC) done in 1.8s - ~2.0min left in this row
    [dpy] chunk 360/434 (955 LOC) done in 1.6s - ~2.0min left in this row
    [dpy] chunk 361/434 (2929 LOC) done in 1.7s - ~2.0min left in this row
    [dpy] chunk 362/434 (9 LOC) done in 1.3s - ~1.9min left in this row
    [dpy] chunk 363/434 (113 LOC) done in 1.5s - ~1.9min left in this row
    [dpy] chunk 364/434 (743 LOC) done in 1.5s - ~1.9min left in this row
    [dpy] chunk 365/434 (116 LOC) done in 1.5s - ~1.8min left in this row
    [dpy] chunk 366/434 (116 LOC) done in 1.4s - ~1.8min left in this row
    [dpy] chunk 367/434 (499 LOC) done in 1.5s - ~1.8min left in this row
    [dpy] chunk 368/434 (1298 LOC) done in 1.6s - ~1.8min left in this row
    [dpy] chunk 369/434 (16 LOC) done in 1.5s - ~1.7min left in this row
    [dpy] chunk 370/434 (116 LOC) done in 1.3s - ~1.7min left in this row
    [dpy] chunk 371/434 (116 LOC) done in 1.7s - ~1.7min left in this row
    [dpy] chunk 372/434 (365 LOC) done in 1.6s - ~1.7min left in this row
    [dpy] chunk 373/434 (116 LOC) done in 1.3s - ~1.6min left in this row
    [dpy] chunk 374/434 (212 LOC) done in 1.5s - ~1.6min left in this row
    [dpy] chunk 375/434 (114 LOC) done in 1.5s - ~1.6min left in this row
    [dpy] chunk 376/434 (17 LOC) done in 1.4s - ~1.6min left in this row
    [dpy] chunk 377/434 (1629 LOC) done in 1.6s - ~1.5min left in this row
    [dpy] chunk 378/434 (7094 LOC) done in 2.2s - ~1.5min left in this row
    [dpy] chunk 379/434 (9 LOC) done in 1.5s - ~1.5min left in this row
    [dpy] chunk 380/434 (116 LOC) done in 1.6s - ~1.4min left in this row
    [dpy] chunk 381/434 (411 LOC) done in 1.5s - ~1.4min left in this row
    [dpy] chunk 382/434 (1053 LOC) done in 1.5s - ~1.4min left in this row
    [dpy] chunk 383/434 (105 LOC) done in 1.5s - ~1.4min left in this row
    [dpy] chunk 384/434 (16 LOC) done in 1.5s - ~1.3min left in this row
    [dpy] chunk 385/434 (148 LOC) done in 1.5s - ~1.3min left in this row
    [dpy] chunk 386/434 (16 LOC) done in 1.5s - ~1.3min left in this row
    [dpy] chunk 387/434 (1738 LOC) done in 1.6s - ~1.3min left in this row
    [dpy] chunk 388/434 (110 LOC) done in 1.5s - ~1.2min left in this row
    [dpy] chunk 389/434 (116 LOC) done in 1.5s - ~1.2min left in this row
    [dpy] chunk 390/434 (116 LOC) done in 1.8s - ~1.2min left in this row
    [dpy] chunk 391/434 (116 LOC) done in 1.5s - ~1.1min left in this row
    [dpy] chunk 392/434 (888 LOC) done in 1.5s - ~1.1min left in this row
    [dpy] chunk 393/434 (252 LOC) done in 1.3s - ~1.1min left in this row
    [dpy] chunk 394/434 (705 LOC) done in 1.5s - ~1.1min left in this row
    [dpy] chunk 395/434 (114 LOC) done in 1.3s - ~1.0min left in this row
    [dpy] chunk 396/434 (1330 LOC) done in 1.5s - ~1.0min left in this row
    [dpy] chunk 397/434 (116 LOC) done in 1.6s - ~1.0min left in this row
    [dpy] chunk 398/434 (116 LOC) done in 1.3s - ~1.0min left in this row
    [dpy] chunk 399/434 (116 LOC) done in 1.4s - ~0.9min left in this row
    [dpy] chunk 400/434 (187 LOC) done in 1.5s - ~0.9min left in this row
    [dpy] chunk 401/434 (116 LOC) done in 1.6s - ~0.9min left in this row
    [dpy] chunk 402/434 (463 LOC) done in 1.5s - ~0.9min left in this row
    [dpy] chunk 403/434 (116 LOC) done in 1.5s - ~0.8min left in this row
    [dpy] chunk 404/434 (116 LOC) done in 1.5s - ~0.8min left in this row
    [dpy] chunk 405/434 (116 LOC) done in 1.5s - ~0.8min left in this row
    [dpy] chunk 406/434 (116 LOC) done in 1.4s - ~0.7min left in this row
    [dpy] chunk 407/434 (450 LOC) done in 1.6s - ~0.7min left in this row
    [dpy] chunk 408/434 (605 LOC) done in 1.6s - ~0.7min left in this row
    [dpy] chunk 409/434 (114 LOC) done in 1.4s - ~0.7min left in this row
    [dpy] chunk 410/434 (116 LOC) done in 1.5s - ~0.6min left in this row
    [dpy] chunk 411/434 (116 LOC) done in 1.5s - ~0.6min left in this row
    [dpy] chunk 412/434 (114 LOC) done in 1.3s - ~0.6min left in this row
    [dpy] chunk 413/434 (116 LOC) done in 1.4s - ~0.6min left in this row
    [dpy] chunk 414/434 (112 LOC) done in 1.5s - ~0.5min left in this row
    [dpy] chunk 415/434 (830 LOC) done in 1.6s - ~0.5min left in this row
    [dpy] chunk 416/434 (299 LOC) done in 1.4s - ~0.5min left in this row
    [dpy] chunk 417/434 (113 LOC) done in 1.5s - ~0.5min left in this row
    [dpy] chunk 418/434 (468 LOC) done in 1.5s - ~0.4min left in this row
    [dpy] chunk 419/434 (116 LOC) done in 1.2s - ~0.4min left in this row
    [dpy] chunk 420/434 (202 LOC) done in 1.5s - ~0.4min left in this row
    [dpy] chunk 421/434 (661 LOC) done in 1.5s - ~0.3min left in this row
    [dpy] chunk 422/434 (116 LOC) done in 1.7s - ~0.3min left in this row
    [dpy] chunk 423/434 (877 LOC) done in 1.5s - ~0.3min left in this row
    [dpy] chunk 424/434 (114 LOC) done in 1.6s - ~0.3min left in this row
    [dpy] chunk 425/434 (138 LOC) done in 1.6s - ~0.2min left in this row
    [dpy] chunk 426/434 (3647 LOC) done in 1.9s - ~0.2min left in this row
    [dpy] chunk 427/434 (812 LOC) done in 1.8s - ~0.2min left in this row
    [dpy] chunk 428/434 (110 LOC) done in 1.7s - ~0.2min left in this row
    [dpy] chunk 429/434 (375 LOC) done in 1.6s - ~0.1min left in this row
    [dpy] chunk 430/434 (1459 LOC) done in 1.6s - ~0.1min left in this row
    [dpy] chunk 431/434 (213 LOC) done in 1.6s - ~0.1min left in this row
    [dpy] chunk 432/434 (272 LOC) done in 1.6s - ~0.1min left in this row
    [dpy] chunk 433/434 (7903 LOC) done in 2.0s - ~0.0min left in this row
    [dpy] chunk 434/434 (1068 LOC) done in 1.5s - ~0.0min left in this row
  [ok] (54/192) airbytehq/airbyte A2 2024-03-21 @d4174a08
  [row] (55/192) starting airbytehq/airbyte A2 2024-04-21 @5f1e4e63
    [dpy] WARNING: 2 chunk(s) still over 8000 LOC and can't be split further (no subdirectories) - DPy will skip CSV export for these: ['C:\\Users\\kvrlv\\AppData\\Local\\Temp\\dpy_chunks_2qlyc2ts\\loose__root__airbyte-integrations__connectors__source-github__source_github__loose1', 'C:\\Users\\kvrlv\\AppData\\Local\\Temp\\dpy_chunks_2qlyc2ts\\loose__root__airbyte-integrations__connectors__source-shopify__source_shopify__shopify_graphql__loose1']
    [dpy] 432 chunk(s) planned, 403702 total LOC
    [dpy] chunk 1/432 (581 LOC) done in 1.7s - ~12.4min left in this row
    [dpy] chunk 2/432 (1130 LOC) done in 1.8s - ~12.8min left in this row
    [dpy] chunk 3/432 (70 LOC) done in 1.3s - ~11.7min left in this row
    [dpy] chunk 4/432 (617 LOC) done in 1.5s - ~11.4min left in this row
    [dpy] chunk 5/432 (741 LOC) done in 1.5s - ~11.2min left in this row
    [dpy] chunk 6/432 (89 LOC) done in 1.7s - ~11.3min left in this row
    [dpy] chunk 7/432 (156 LOC) done in 1.6s - ~11.3min left in this row
    [dpy] chunk 8/432 (57 LOC) done in 1.3s - ~11.0min left in this row
    [dpy] chunk 9/432 (290 LOC) done in 1.4s - ~10.8min left in this row
    [dpy] chunk 10/432 (682 LOC) done in 1.5s - ~10.8min left in this row
    [dpy] chunk 11/432 (588 LOC) done in 1.8s - ~10.9min left in this row
    [dpy] chunk 12/432 (113 LOC) done in 1.7s - ~10.9min left in this row
    [dpy] chunk 13/432 (1352 LOC) done in 1.4s - ~10.8min left in this row
    [dpy] chunk 14/432 (1672 LOC) done in 1.5s - ~10.8min left in this row
    [dpy] chunk 15/432 (307 LOC) done in 1.5s - ~10.7min left in this row
    [dpy] chunk 16/432 (2533 LOC) done in 1.9s - ~10.9min left in this row
    [dpy] chunk 17/432 (511 LOC) done in 1.4s - ~10.8min left in this row
    [dpy] chunk 18/432 (183 LOC) done in 1.5s - ~10.7min left in this row
    [dpy] chunk 19/432 (48 LOC) done in 1.4s - ~10.6min left in this row
    [dpy] chunk 20/432 (152 LOC) done in 1.7s - ~10.7min left in this row
    [dpy] chunk 21/432 (256 LOC) done in 1.6s - ~10.7min left in this row
    [dpy] chunk 22/432 (594 LOC) done in 1.6s - ~10.7min left in this row
    [dpy] chunk 23/432 (193 LOC) done in 1.5s - ~10.6min left in this row
    [dpy] chunk 24/432 (163 LOC) done in 1.4s - ~10.6min left in this row
    [dpy] chunk 25/432 (4475 LOC) done in 1.8s - ~10.6min left in this row
    [dpy] chunk 26/432 (136 LOC) done in 1.6s - ~10.6min left in this row
    [dpy] chunk 27/432 (4246 LOC) done in 1.7s - ~10.6min left in this row
    [dpy] chunk 28/432 (643 LOC) done in 1.4s - ~10.5min left in this row
    [dpy] chunk 29/432 (674 LOC) done in 1.5s - ~10.5min left in this row
    [dpy] chunk 30/432 (758 LOC) done in 1.6s - ~10.5min left in this row
    [dpy] chunk 31/432 (782 LOC) done in 1.7s - ~10.5min left in this row
    [dpy] chunk 32/432 (689 LOC) done in 1.4s - ~10.4min left in this row
    [dpy] chunk 33/432 (76 LOC) done in 1.5s - ~10.4min left in this row
    [dpy] chunk 34/432 (112 LOC) done in 1.7s - ~10.4min left in this row
    [dpy] chunk 35/432 (1684 LOC) done in 2.0s - ~10.4min left in this row
    [dpy] chunk 36/432 (1581 LOC) done in 1.4s - ~10.4min left in this row
    [dpy] chunk 37/432 (109 LOC) done in 1.4s - ~10.3min left in this row
    [dpy] chunk 38/432 (999 LOC) done in 1.4s - ~10.3min left in this row
    [dpy] chunk 39/432 (149 LOC) done in 1.6s - ~10.3min left in this row
    [dpy] chunk 40/432 (186 LOC) done in 1.6s - ~10.2min left in this row
    [dpy] chunk 41/432 (16 LOC) done in 1.7s - ~10.2min left in this row
    [dpy] chunk 42/432 (292 LOC) done in 1.4s - ~10.2min left in this row
    [dpy] chunk 43/432 (1596 LOC) done in 1.6s - ~10.1min left in this row
    [dpy] chunk 44/432 (564 LOC) done in 1.8s - ~10.2min left in this row
    [dpy] chunk 45/432 (295 LOC) done in 1.7s - ~10.1min left in this row
    [dpy] chunk 46/432 (2588 LOC) done in 1.7s - ~10.1min left in this row
    [dpy] chunk 47/432 (576 LOC) done in 1.6s - ~10.1min left in this row
    [dpy] chunk 48/432 (2579 LOC) done in 2.0s - ~10.1min left in this row
    [dpy] chunk 49/432 (545 LOC) done in 1.3s - ~10.1min left in this row
    [dpy] chunk 50/432 (94 LOC) done in 1.5s - ~10.0min left in this row
    [dpy] chunk 51/432 (34 LOC) done in 1.4s - ~10.0min left in this row
    [dpy] chunk 52/432 (3 LOC) done in 1.7s - ~10.0min left in this row
    [dpy] chunk 53/432 (228 LOC) done in 1.4s - ~10.0min left in this row
    [dpy] chunk 54/432 (223 LOC) done in 1.5s - ~9.9min left in this row
    [dpy] chunk 55/432 (1620 LOC) done in 1.7s - ~9.9min left in this row
    [dpy] chunk 56/432 (162 LOC) done in 1.7s - ~9.9min left in this row
    [dpy] chunk 57/432 (100 LOC) done in 1.6s - ~9.9min left in this row
    [dpy] chunk 58/432 (146 LOC) done in 1.5s - ~9.8min left in this row
    [dpy] chunk 59/432 (31 LOC) done in 1.4s - ~9.8min left in this row
    [dpy] chunk 60/432 (1883 LOC) done in 1.7s - ~9.8min left in this row
    [dpy] chunk 61/432 (7010 LOC) done in 2.0s - ~9.8min left in this row
    [dpy] chunk 62/432 (5924 LOC) done in 1.6s - ~9.8min left in this row
    [dpy] chunk 63/432 (50 LOC) done in 1.3s - ~9.7min left in this row
    [dpy] chunk 64/432 (1374 LOC) done in 1.6s - ~9.7min left in this row
    [dpy] chunk 65/432 (1472 LOC) done in 1.9s - ~9.7min left in this row
    [dpy] chunk 66/432 (156 LOC) done in 1.5s - ~9.7min left in this row
    [dpy] chunk 67/432 (153 LOC) done in 1.5s - ~9.6min left in this row
    [dpy] chunk 68/432 (753 LOC) done in 1.8s - ~9.6min left in this row
    [dpy] chunk 69/432 (6313 LOC) done in 2.1s - ~9.6min left in this row
    [dpy] chunk 70/432 (698 LOC) done in 1.5s - ~9.6min left in this row
    [dpy] chunk 71/432 (3447 LOC) done in 1.5s - ~9.6min left in this row
    [dpy] chunk 72/432 (801 LOC) done in 1.5s - ~9.5min left in this row
    [dpy] chunk 73/432 (856 LOC) done in 1.5s - ~9.5min left in this row
    [dpy] chunk 74/432 (1147 LOC) done in 1.4s - ~9.5min left in this row
    [dpy] chunk 75/432 (1597 LOC) done in 1.5s - ~9.4min left in this row
    [dpy] chunk 76/432 (688 LOC) done in 1.3s - ~9.4min left in this row
    [dpy] chunk 77/432 (228 LOC) done in 1.6s - ~9.3min left in this row
    [dpy] chunk 78/432 (2440 LOC) done in 1.7s - ~9.3min left in this row
    [dpy] chunk 79/432 (1210 LOC) done in 1.7s - ~9.3min left in this row
    [dpy] chunk 80/432 (3868 LOC) done in 1.7s - ~9.3min left in this row
    [dpy] chunk 81/432 (7224 LOC) done in 1.7s - ~9.3min left in this row
    [dpy] chunk 82/432 (6908 LOC) done in 2.3s - ~9.3min left in this row
    [dpy] chunk 83/432 (944 LOC) done in 1.5s - ~9.3min left in this row
    [dpy] chunk 84/432 (1462 LOC) done in 1.6s - ~9.2min left in this row
    [dpy] chunk 85/432 (190 LOC) done in 1.5s - ~9.2min left in this row
    [dpy] chunk 86/432 (1540 LOC) done in 2.0s - ~9.2min left in this row
    [dpy] chunk 87/432 (1297 LOC) done in 1.6s - ~9.2min left in this row
    [dpy] chunk 88/432 (197 LOC) done in 1.4s - ~9.1min left in this row
    [dpy] chunk 89/432 (6 LOC) done in 1.5s - ~9.1min left in this row
    [dpy] chunk 90/432 (3537 LOC) done in 1.8s - ~9.1min left in this row
    [dpy] chunk 91/432 (2018 LOC) done in 1.6s - ~9.1min left in this row
    [dpy] chunk 92/432 (6507 LOC) done in 1.9s - ~9.1min left in this row
    [dpy] chunk 93/432 (1137 LOC) done in 1.5s - ~9.0min left in this row
    [dpy] chunk 94/432 (70 LOC) done in 1.4s - ~9.0min left in this row
    [dpy] chunk 95/432 (4316 LOC) done in 2.3s - ~9.0min left in this row
    [dpy] chunk 96/432 (7898 LOC) done in 1.9s - ~9.0min left in this row
    [dpy] chunk 97/432 (357 LOC) done in 1.6s - ~9.0min left in this row
    [dpy] chunk 98/432 (16 LOC) done in 1.4s - ~8.9min left in this row
    [dpy] chunk 99/432 (490 LOC) done in 1.5s - ~8.9min left in this row
    [dpy] chunk 100/432 (688 LOC) done in 1.6s - ~8.9min left in this row
    [dpy] chunk 101/432 (2034 LOC) done in 1.9s - ~8.9min left in this row
    [dpy] chunk 102/432 (632 LOC) done in 1.5s - ~8.8min left in this row
    [dpy] chunk 103/432 (479 LOC) done in 1.6s - ~8.8min left in this row
    [dpy] chunk 104/432 (2287 LOC) done in 1.8s - ~8.8min left in this row
    [dpy] chunk 105/432 (650 LOC) done in 1.6s - ~8.8min left in this row
    [dpy] chunk 106/432 (467 LOC) done in 1.5s - ~8.7min left in this row
    [dpy] chunk 107/432 (949 LOC) done in 1.8s - ~8.7min left in this row
    [dpy] chunk 108/432 (283 LOC) done in 1.5s - ~8.7min left in this row
    [dpy] chunk 109/432 (1133 LOC) done in 1.7s - ~8.7min left in this row
    [dpy] chunk 110/432 (13 LOC) done in 1.5s - ~8.6min left in this row
    [dpy] chunk 111/432 (240 LOC) done in 1.4s - ~8.6min left in this row
    [dpy] chunk 112/432 (1816 LOC) done in 1.6s - ~8.6min left in this row
    [dpy] chunk 113/432 (297 LOC) done in 1.4s - ~8.5min left in this row
    [dpy] chunk 114/432 (676 LOC) done in 1.5s - ~8.5min left in this row
    [dpy] chunk 115/432 (718 LOC) done in 1.4s - ~8.5min left in this row
    [dpy] chunk 116/432 (564 LOC) done in 1.6s - ~8.4min left in this row
    [dpy] chunk 117/432 (346 LOC) done in 1.6s - ~8.4min left in this row
    [dpy] chunk 118/432 (422 LOC) done in 1.6s - ~8.4min left in this row
    [dpy] chunk 119/432 (356 LOC) done in 1.5s - ~8.4min left in this row
    [dpy] chunk 120/432 (296 LOC) done in 1.6s - ~8.3min left in this row
    [dpy] chunk 121/432 (259 LOC) done in 1.5s - ~8.3min left in this row
    [dpy] chunk 122/432 (645 LOC) done in 1.4s - ~8.3min left in this row
    [dpy] chunk 123/432 (932 LOC) done in 1.4s - ~8.2min left in this row
    [dpy] chunk 124/432 (269 LOC) done in 1.5s - ~8.2min left in this row
    [dpy] chunk 125/432 (116 LOC) done in 1.5s - ~8.2min left in this row
    [dpy] chunk 126/432 (1107 LOC) done in 1.5s - ~8.1min left in this row
    [dpy] chunk 127/432 (116 LOC) done in 1.5s - ~8.1min left in this row
    [dpy] chunk 128/432 (116 LOC) done in 1.6s - ~8.1min left in this row
    [dpy] chunk 129/432 (1056 LOC) done in 1.6s - ~8.1min left in this row
    [dpy] chunk 130/432 (376 LOC) done in 1.5s - ~8.0min left in this row
    [dpy] chunk 131/432 (7858 LOC) done in 2.3s - ~8.0min left in this row
    [dpy] chunk 132/432 (4944 LOC) done in 1.7s - ~8.0min left in this row
    [dpy] chunk 133/432 (384 LOC) done in 1.5s - ~8.0min left in this row
    [dpy] chunk 134/432 (785 LOC) done in 1.6s - ~7.9min left in this row
    [dpy] chunk 135/432 (135 LOC) done in 1.5s - ~7.9min left in this row
    [dpy] chunk 136/432 (109 LOC) done in 1.5s - ~7.9min left in this row
    [dpy] chunk 137/432 (116 LOC) done in 1.5s - ~7.9min left in this row
    [dpy] chunk 138/432 (1152 LOC) done in 1.5s - ~7.8min left in this row
    [dpy] chunk 139/432 (713 LOC) done in 1.3s - ~7.8min left in this row
    [dpy] chunk 140/432 (124 LOC) done in 1.4s - ~7.8min left in this row
    [dpy] chunk 141/432 (138 LOC) done in 1.4s - ~7.7min left in this row
    [dpy] chunk 142/432 (157 LOC) done in 1.4s - ~7.7min left in this row
    [dpy] chunk 143/432 (395 LOC) done in 1.5s - ~7.7min left in this row
    [dpy] chunk 144/432 (783 LOC) done in 1.5s - ~7.6min left in this row
    [dpy] chunk 145/432 (601 LOC) done in 1.3s - ~7.6min left in this row
    [dpy] chunk 146/432 (116 LOC) done in 1.8s - ~7.6min left in this row
    [dpy] chunk 147/432 (402 LOC) done in 1.4s - ~7.5min left in this row
    [dpy] chunk 148/432 (145 LOC) done in 1.5s - ~7.5min left in this row
    [dpy] chunk 149/432 (16 LOC) done in 1.5s - ~7.5min left in this row
    [dpy] chunk 150/432 (4131 LOC) done in 1.6s - ~7.5min left in this row
    [dpy] chunk 151/432 (908 LOC) done in 1.4s - ~7.4min left in this row
    [dpy] chunk 152/432 (270 LOC) done in 1.5s - ~7.4min left in this row
    [dpy] chunk 153/432 (114 LOC) done in 1.3s - ~7.4min left in this row
    [dpy] chunk 154/432 (116 LOC) done in 1.3s - ~7.3min left in this row
    [dpy] chunk 155/432 (114 LOC) done in 1.6s - ~7.3min left in this row
    [dpy] chunk 156/432 (461 LOC) done in 1.5s - ~7.3min left in this row
    [dpy] chunk 157/432 (2419 LOC) done in 1.7s - ~7.3min left in this row
    [dpy] chunk 158/432 (116 LOC) done in 1.5s - ~7.2min left in this row
    [dpy] chunk 159/432 (114 LOC) done in 1.4s - ~7.2min left in this row
    [dpy] chunk 160/432 (16 LOC) done in 1.7s - ~7.2min left in this row
    [dpy] chunk 161/432 (116 LOC) done in 1.4s - ~7.1min left in this row
    [dpy] chunk 162/432 (117 LOC) done in 1.4s - ~7.1min left in this row
    [dpy] chunk 163/432 (915 LOC) done in 1.5s - ~7.1min left in this row
    [dpy] chunk 164/432 (16 LOC) done in 1.6s - ~7.1min left in this row
    [dpy] chunk 165/432 (70 LOC) done in 1.3s - ~7.0min left in this row
    [dpy] chunk 166/432 (114 LOC) done in 1.3s - ~7.0min left in this row
    [dpy] chunk 167/432 (116 LOC) done in 1.5s - ~7.0min left in this row
    [dpy] chunk 168/432 (116 LOC) done in 1.5s - ~6.9min left in this row
    [dpy] chunk 169/432 (463 LOC) done in 1.6s - ~6.9min left in this row
    [dpy] chunk 170/432 (150 LOC) done in 1.3s - ~6.9min left in this row
    [dpy] chunk 171/432 (116 LOC) done in 1.4s - ~6.8min left in this row
    [dpy] chunk 172/432 (70 LOC) done in 1.5s - ~6.8min left in this row
    [dpy] chunk 173/432 (116 LOC) done in 1.5s - ~6.8min left in this row
    [dpy] chunk 174/432 (712 LOC) done in 1.6s - ~6.8min left in this row
    [dpy] chunk 175/432 (108 LOC) done in 1.5s - ~6.7min left in this row
    [dpy] chunk 176/432 (114 LOC) done in 1.6s - ~6.7min left in this row
    [dpy] chunk 177/432 (116 LOC) done in 1.6s - ~6.7min left in this row
    [dpy] chunk 178/432 (114 LOC) done in 1.4s - ~6.7min left in this row
    [dpy] chunk 179/432 (16 LOC) done in 1.3s - ~6.6min left in this row
    [dpy] chunk 180/432 (134 LOC) done in 1.4s - ~6.6min left in this row
    [dpy] chunk 181/432 (151 LOC) done in 1.3s - ~6.6min left in this row
    [dpy] chunk 182/432 (116 LOC) done in 1.6s - ~6.5min left in this row
    [dpy] chunk 183/432 (116 LOC) done in 1.4s - ~6.5min left in this row
    [dpy] chunk 184/432 (116 LOC) done in 1.3s - ~6.5min left in this row
    [dpy] chunk 185/432 (113 LOC) done in 1.5s - ~6.4min left in this row
    [dpy] chunk 186/432 (16 LOC) done in 1.6s - ~6.4min left in this row
    [dpy] chunk 187/432 (114 LOC) done in 1.7s - ~6.4min left in this row
    [dpy] chunk 188/432 (112 LOC) done in 1.5s - ~6.4min left in this row
    [dpy] chunk 189/432 (113 LOC) done in 1.5s - ~6.3min left in this row
    [dpy] chunk 190/432 (7782 LOC) done in 2.1s - ~6.3min left in this row
    [dpy] chunk 191/432 (720 LOC) done in 1.5s - ~6.3min left in this row
    [dpy] chunk 192/432 (789 LOC) done in 1.7s - ~6.3min left in this row
    [dpy] chunk 193/432 (144 LOC) done in 1.6s - ~6.2min left in this row
    [dpy] chunk 194/432 (3085 LOC) done in 1.6s - ~6.2min left in this row
    [dpy] chunk 195/432 (2031 LOC) done in 1.7s - ~6.2min left in this row
    [dpy] chunk 196/432 (440 LOC) done in 1.5s - ~6.2min left in this row
    [dpy] chunk 197/432 (941 LOC) done in 1.5s - ~6.1min left in this row
    [dpy] chunk 198/432 (116 LOC) done in 1.5s - ~6.1min left in this row
    [dpy] chunk 199/432 (114 LOC) done in 1.6s - ~6.1min left in this row
    [dpy] chunk 200/432 (761 LOC) done in 1.6s - ~6.1min left in this row
    [dpy] chunk 201/432 (121 LOC) done in 1.5s - ~6.0min left in this row
    [dpy] chunk 202/432 (112 LOC) done in 1.5s - ~6.0min left in this row
    [dpy] chunk 203/432 (116 LOC) done in 1.3s - ~6.0min left in this row
    [dpy] chunk 204/432 (116 LOC) done in 1.5s - ~6.0min left in this row
    [dpy] chunk 205/432 (495 LOC) done in 1.5s - ~5.9min left in this row
    [dpy] chunk 206/432 (547 LOC) done in 1.5s - ~5.9min left in this row
    [dpy] chunk 207/432 (116 LOC) done in 1.3s - ~5.9min left in this row
    [dpy] chunk 208/432 (173 LOC) done in 1.4s - ~5.8min left in this row
    [dpy] chunk 209/432 (16 LOC) done in 1.5s - ~5.8min left in this row
    [dpy] chunk 210/432 (115 LOC) done in 1.5s - ~5.8min left in this row
    [dpy] chunk 211/432 (41034 LOC) done in 2.9s - ~5.8min left in this row
    [dpy] chunk 212/432 (2547 LOC) done in 1.7s - ~5.8min left in this row
    [dpy] chunk 213/432 (2351 LOC) done in 1.6s - ~5.7min left in this row
    [dpy] chunk 214/432 (8 LOC) done in 1.3s - ~5.7min left in this row
    [dpy] chunk 215/432 (709 LOC) done in 1.5s - ~5.7min left in this row
    [dpy] chunk 216/432 (116 LOC) done in 1.5s - ~5.6min left in this row
    [dpy] chunk 217/432 (175 LOC) done in 1.5s - ~5.6min left in this row
    [dpy] chunk 218/432 (116 LOC) done in 1.6s - ~5.6min left in this row
    [dpy] chunk 219/432 (116 LOC) done in 1.5s - ~5.6min left in this row
    [dpy] chunk 220/432 (4837 LOC) done in 1.6s - ~5.5min left in this row
    [dpy] chunk 221/432 (2658 LOC) done in 1.7s - ~5.5min left in this row
    [dpy] chunk 222/432 (1304 LOC) done in 1.5s - ~5.5min left in this row
    [dpy] chunk 223/432 (136 LOC) done in 1.5s - ~5.5min left in this row
    [dpy] chunk 224/432 (310 LOC) done in 1.5s - ~5.4min left in this row
    [dpy] chunk 225/432 (1073 LOC) done in 1.6s - ~5.4min left in this row
    [dpy] chunk 226/432 (114 LOC) done in 1.4s - ~5.4min left in this row
    [dpy] chunk 227/432 (1518 LOC) done in 1.5s - ~5.4min left in this row
    [dpy] chunk 228/432 (1579 LOC) done in 1.6s - ~5.3min left in this row
    [dpy] chunk 229/432 (116 LOC) done in 1.6s - ~5.3min left in this row
    [dpy] chunk 230/432 (552 LOC) done in 1.5s - ~5.3min left in this row
    [dpy] chunk 231/432 (456 LOC) done in 1.8s - ~5.3min left in this row
    [dpy] chunk 232/432 (114 LOC) done in 1.4s - ~5.2min left in this row
    [dpy] chunk 233/432 (114 LOC) done in 1.5s - ~5.2min left in this row
    [dpy] chunk 234/432 (907 LOC) done in 1.6s - ~5.2min left in this row
    [dpy] chunk 235/432 (116 LOC) done in 1.3s - ~5.1min left in this row
    [dpy] chunk 236/432 (117 LOC) done in 1.5s - ~5.1min left in this row
    [dpy] chunk 237/432 (6028 LOC) done in 1.8s - ~5.1min left in this row
    [dpy] chunk 238/432 (114 LOC) done in 1.4s - ~5.1min left in this row
    [dpy] chunk 239/432 (1680 LOC) done in 1.8s - ~5.0min left in this row
    [dpy] chunk 240/432 (297 LOC) done in 1.4s - ~5.0min left in this row
    [dpy] chunk 241/432 (660 LOC) done in 1.6s - ~5.0min left in this row
    [dpy] chunk 242/432 (116 LOC) done in 1.5s - ~5.0min left in this row
    [dpy] chunk 243/432 (116 LOC) done in 1.5s - ~4.9min left in this row
    [dpy] chunk 244/432 (1785 LOC) done in 1.6s - ~4.9min left in this row
    [dpy] chunk 245/432 (4398 LOC) done in 2.0s - ~4.9min left in this row
    [dpy] chunk 246/432 (116 LOC) done in 1.5s - ~4.9min left in this row
    [dpy] chunk 247/432 (16 LOC) done in 1.5s - ~4.8min left in this row
    [dpy] chunk 248/432 (116 LOC) done in 1.7s - ~4.8min left in this row
    [dpy] chunk 249/432 (110 LOC) done in 1.3s - ~4.8min left in this row
    [dpy] chunk 250/432 (1047 LOC) done in 1.7s - ~4.8min left in this row
    [dpy] chunk 251/432 (902 LOC) done in 1.5s - ~4.7min left in this row
    [dpy] chunk 252/432 (712 LOC) done in 3.4s - ~4.7min left in this row
    [dpy] chunk 253/432 (116 LOC) done in 1.9s - ~4.7min left in this row
    [dpy] chunk 254/432 (116 LOC) done in 1.7s - ~4.7min left in this row
    [dpy] chunk 255/432 (851 LOC) done in 1.5s - ~4.7min left in this row
    [dpy] chunk 256/432 (1957 LOC) done in 1.9s - ~4.6min left in this row
    [dpy] chunk 257/432 (572 LOC) done in 1.7s - ~4.6min left in this row
    [dpy] chunk 258/432 (945 LOC) done in 1.6s - ~4.6min left in this row
    [dpy] chunk 259/432 (114 LOC) done in 1.6s - ~4.6min left in this row
    [dpy] chunk 260/432 (789 LOC) done in 1.6s - ~4.5min left in this row
    [dpy] chunk 261/432 (592 LOC) done in 1.5s - ~4.5min left in this row
    [dpy] chunk 262/432 (116 LOC) done in 1.5s - ~4.5min left in this row
    [dpy] chunk 263/432 (116 LOC) done in 1.5s - ~4.4min left in this row
    [dpy] chunk 264/432 (112 LOC) done in 1.5s - ~4.4min left in this row
    [dpy] chunk 265/432 (116 LOC) done in 1.4s - ~4.4min left in this row
    [dpy] chunk 266/432 (116 LOC) done in 1.6s - ~4.4min left in this row
    [dpy] chunk 267/432 (1385 LOC) done in 1.6s - ~4.3min left in this row
    [dpy] chunk 268/432 (116 LOC) done in 1.4s - ~4.3min left in this row
    [dpy] chunk 269/432 (60 LOC) done in 1.5s - ~4.3min left in this row
    [dpy] chunk 270/432 (803 LOC) done in 1.6s - ~4.3min left in this row
    [dpy] chunk 271/432 (829 LOC) done in 1.7s - ~4.2min left in this row
    [dpy] chunk 272/432 (1196 LOC) done in 1.6s - ~4.2min left in this row
    [dpy] chunk 273/432 (71 LOC) done in 1.5s - ~4.2min left in this row
    [dpy] chunk 274/432 (2644 LOC) done in 1.7s - ~4.2min left in this row
    [dpy] chunk 275/432 (1561 LOC) done in 1.6s - ~4.1min left in this row
    [dpy] chunk 276/432 (16 LOC) done in 1.5s - ~4.1min left in this row
    [dpy] chunk 277/432 (16 LOC) done in 1.6s - ~4.1min left in this row
    [dpy] chunk 278/432 (156 LOC) done in 1.5s - ~4.0min left in this row
    [dpy] chunk 279/432 (16 LOC) done in 1.5s - ~4.0min left in this row
    [dpy] chunk 280/432 (116 LOC) done in 1.3s - ~4.0min left in this row
    [dpy] chunk 281/432 (110 LOC) done in 1.6s - ~4.0min left in this row
    [dpy] chunk 282/432 (631 LOC) done in 1.7s - ~3.9min left in this row
    [dpy] chunk 283/432 (116 LOC) done in 1.5s - ~3.9min left in this row
    [dpy] chunk 284/432 (114 LOC) done in 1.5s - ~3.9min left in this row
    [dpy] chunk 285/432 (1252 LOC) done in 1.6s - ~3.9min left in this row
    [dpy] chunk 286/432 (116 LOC) done in 1.6s - ~3.8min left in this row
    [dpy] chunk 287/432 (1590 LOC) done in 1.6s - ~3.8min left in this row
    [dpy] chunk 288/432 (116 LOC) done in 1.6s - ~3.8min left in this row
    [dpy] chunk 289/432 (110 LOC) done in 1.7s - ~3.8min left in this row
    [dpy] chunk 290/432 (116 LOC) done in 1.5s - ~3.7min left in this row
    [dpy] chunk 291/432 (70 LOC) done in 1.5s - ~3.7min left in this row
    [dpy] chunk 292/432 (107 LOC) done in 1.6s - ~3.7min left in this row
    [dpy] chunk 293/432 (16 LOC) done in 1.6s - ~3.7min left in this row
    [dpy] chunk 294/432 (1604 LOC) done in 1.7s - ~3.6min left in this row
    [dpy] chunk 295/432 (110 LOC) done in 1.5s - ~3.6min left in this row
    [dpy] chunk 296/432 (114 LOC) done in 1.6s - ~3.6min left in this row
    [dpy] chunk 297/432 (1489 LOC) done in 1.8s - ~3.5min left in this row
    [dpy] chunk 298/432 (571 LOC) done in 1.5s - ~3.5min left in this row
    [dpy] chunk 299/432 (114 LOC) done in 1.5s - ~3.5min left in this row
    [dpy] chunk 300/432 (483 LOC) done in 1.5s - ~3.5min left in this row
    [dpy] chunk 301/432 (176 LOC) done in 1.4s - ~3.4min left in this row
    [dpy] chunk 302/432 (1335 LOC) done in 1.7s - ~3.4min left in this row
    [dpy] chunk 303/432 (596 LOC) done in 1.5s - ~3.4min left in this row
    [dpy] chunk 304/432 (116 LOC) done in 1.6s - ~3.4min left in this row
    [dpy] chunk 305/432 (116 LOC) done in 1.5s - ~3.3min left in this row
    [dpy] chunk 306/432 (116 LOC) done in 1.5s - ~3.3min left in this row
    [dpy] chunk 307/432 (1764 LOC) done in 1.7s - ~3.3min left in this row
    [dpy] chunk 308/432 (210 LOC) done in 1.5s - ~3.3min left in this row
    [dpy] chunk 309/432 (438 LOC) done in 1.5s - ~3.2min left in this row
    [dpy] chunk 310/432 (112 LOC) done in 1.5s - ~3.2min left in this row
    [dpy] chunk 311/432 (114 LOC) done in 1.5s - ~3.2min left in this row
    [dpy] chunk 312/432 (193 LOC) done in 1.5s - ~3.2min left in this row
    [dpy] chunk 313/432 (115 LOC) done in 1.5s - ~3.1min left in this row
    [dpy] chunk 314/432 (116 LOC) done in 1.5s - ~3.1min left in this row
    [dpy] chunk 315/432 (16 LOC) done in 1.5s - ~3.1min left in this row
    [dpy] chunk 316/432 (402 LOC) done in 1.6s - ~3.0min left in this row
    [dpy] chunk 317/432 (116 LOC) done in 1.5s - ~3.0min left in this row
    [dpy] chunk 318/432 (241 LOC) done in 1.6s - ~3.0min left in this row
    [dpy] chunk 319/432 (403 LOC) done in 1.5s - ~3.0min left in this row
    [dpy] chunk 320/432 (126 LOC) done in 1.5s - ~2.9min left in this row
    [dpy] chunk 321/432 (116 LOC) done in 1.5s - ~2.9min left in this row
    [dpy] chunk 322/432 (114 LOC) done in 1.6s - ~2.9min left in this row
    [dpy] chunk 323/432 (183 LOC) done in 1.6s - ~2.9min left in this row
    [dpy] chunk 324/432 (116 LOC) done in 1.6s - ~2.8min left in this row
    [dpy] chunk 325/432 (180 LOC) done in 1.5s - ~2.8min left in this row
    [dpy] chunk 326/432 (259 LOC) done in 1.5s - ~2.8min left in this row
    [dpy] chunk 327/432 (286 LOC) done in 1.5s - ~2.8min left in this row
    [dpy] chunk 328/432 (611 LOC) done in 1.6s - ~2.7min left in this row
    [dpy] chunk 329/432 (1004 LOC) done in 1.6s - ~2.7min left in this row
    [dpy] chunk 330/432 (116 LOC) done in 1.5s - ~2.7min left in this row
    [dpy] chunk 331/432 (114 LOC) done in 1.4s - ~2.6min left in this row
    [dpy] chunk 332/432 (659 LOC) done in 1.6s - ~2.6min left in this row
    [dpy] chunk 333/432 (16 LOC) done in 1.5s - ~2.6min left in this row
    [dpy] chunk 334/432 (116 LOC) done in 1.5s - ~2.6min left in this row
    [dpy] chunk 335/432 (139 LOC) done in 1.5s - ~2.5min left in this row
    [dpy] chunk 336/432 (116 LOC) done in 1.5s - ~2.5min left in this row
    [dpy] chunk 337/432 (1509 LOC) done in 1.7s - ~2.5min left in this row
    [dpy] chunk 338/432 (116 LOC) done in 1.5s - ~2.5min left in this row
    [dpy] chunk 339/432 (143 LOC) done in 1.6s - ~2.4min left in this row
    [dpy] chunk 340/432 (3573 LOC) done in 1.6s - ~2.4min left in this row
    [dpy] chunk 341/432 (4079 LOC) done in 1.7s - ~2.4min left in this row
    [dpy] chunk 342/432 (515 LOC) done in 1.6s - ~2.4min left in this row
    [dpy] chunk 343/432 (116 LOC) done in 1.6s - ~2.3min left in this row
    [dpy] chunk 344/432 (16 LOC) done in 1.6s - ~2.3min left in this row
    [dpy] chunk 345/432 (423 LOC) done in 1.5s - ~2.3min left in this row
    [dpy] chunk 346/432 (162 LOC) done in 1.5s - ~2.3min left in this row
    [dpy] chunk 347/432 (116 LOC) done in 1.4s - ~2.2min left in this row
    [dpy] chunk 348/432 (628 LOC) done in 1.6s - ~2.2min left in this row
    [dpy] chunk 349/432 (116 LOC) done in 1.6s - ~2.2min left in this row
    [dpy] chunk 350/432 (114 LOC) done in 1.5s - ~2.1min left in this row
    [dpy] chunk 351/432 (357 LOC) done in 1.5s - ~2.1min left in this row
    [dpy] chunk 352/432 (116 LOC) done in 1.5s - ~2.1min left in this row
    [dpy] chunk 353/432 (16 LOC) done in 1.5s - ~2.1min left in this row
    [dpy] chunk 354/432 (628 LOC) done in 1.7s - ~2.0min left in this row
    [dpy] chunk 355/432 (16 LOC) done in 1.6s - ~2.0min left in this row
    [dpy] chunk 356/432 (2232 LOC) done in 1.7s - ~2.0min left in this row
    [dpy] chunk 357/432 (64 LOC) done in 1.5s - ~2.0min left in this row
    [dpy] chunk 358/432 (29442 LOC) done in 3.1s - ~1.9min left in this row
    [dpy] chunk 359/432 (1179 LOC) done in 1.6s - ~1.9min left in this row
    [dpy] chunk 360/432 (998 LOC) done in 1.6s - ~1.9min left in this row
    [dpy] chunk 361/432 (2995 LOC) done in 1.7s - ~1.9min left in this row
    [dpy] chunk 362/432 (9 LOC) done in 1.3s - ~1.8min left in this row
    [dpy] chunk 363/432 (113 LOC) done in 1.6s - ~1.8min left in this row
    [dpy] chunk 364/432 (1138 LOC) done in 1.6s - ~1.8min left in this row
    [dpy] chunk 365/432 (116 LOC) done in 1.5s - ~1.8min left in this row
    [dpy] chunk 366/432 (116 LOC) done in 1.7s - ~1.7min left in this row
    [dpy] chunk 367/432 (499 LOC) done in 1.9s - ~1.7min left in this row
    [dpy] chunk 368/432 (1324 LOC) done in 1.5s - ~1.7min left in this row
    [dpy] chunk 369/432 (16 LOC) done in 1.5s - ~1.7min left in this row
    [dpy] chunk 370/432 (116 LOC) done in 1.6s - ~1.6min left in this row
    [dpy] chunk 371/432 (116 LOC) done in 1.6s - ~1.6min left in this row
    [dpy] chunk 372/432 (365 LOC) done in 1.5s - ~1.6min left in this row
    [dpy] chunk 373/432 (116 LOC) done in 1.5s - ~1.6min left in this row
    [dpy] chunk 374/432 (212 LOC) done in 1.6s - ~1.5min left in this row
    [dpy] chunk 375/432 (114 LOC) done in 1.5s - ~1.5min left in this row
    [dpy] chunk 376/432 (17 LOC) done in 1.5s - ~1.5min left in this row
    [dpy] chunk 377/432 (1642 LOC) done in 1.8s - ~1.4min left in this row
    [dpy] chunk 378/432 (7096 LOC) done in 2.1s - ~1.4min left in this row
    [dpy] chunk 379/432 (9 LOC) done in 1.5s - ~1.4min left in this row
    [dpy] chunk 380/432 (116 LOC) done in 1.5s - ~1.4min left in this row
    [dpy] chunk 381/432 (411 LOC) done in 1.5s - ~1.3min left in this row
    [dpy] chunk 382/432 (796 LOC) done in 1.5s - ~1.3min left in this row
    [dpy] chunk 383/432 (105 LOC) done in 1.5s - ~1.3min left in this row
    [dpy] chunk 384/432 (16 LOC) done in 1.4s - ~1.3min left in this row
    [dpy] chunk 385/432 (148 LOC) done in 1.5s - ~1.2min left in this row
    [dpy] chunk 386/432 (16 LOC) done in 1.4s - ~1.2min left in this row
    [dpy] chunk 387/432 (1753 LOC) done in 1.7s - ~1.2min left in this row
    [dpy] chunk 388/432 (110 LOC) done in 1.5s - ~1.2min left in this row
    [dpy] chunk 389/432 (116 LOC) done in 1.6s - ~1.1min left in this row
    [dpy] chunk 390/432 (116 LOC) done in 1.4s - ~1.1min left in this row
    [dpy] chunk 391/432 (116 LOC) done in 1.5s - ~1.1min left in this row
    [dpy] chunk 392/432 (888 LOC) done in 1.6s - ~1.1min left in this row
    [dpy] chunk 393/432 (252 LOC) done in 1.5s - ~1.0min left in this row
    [dpy] chunk 394/432 (705 LOC) done in 1.5s - ~1.0min left in this row
    [dpy] chunk 395/432 (114 LOC) done in 1.4s - ~1.0min left in this row
    [dpy] chunk 396/432 (1330 LOC) done in 1.7s - ~0.9min left in this row
    [dpy] chunk 397/432 (70 LOC) done in 1.6s - ~0.9min left in this row
    [dpy] chunk 398/432 (116 LOC) done in 1.4s - ~0.9min left in this row
    [dpy] chunk 399/432 (116 LOC) done in 1.5s - ~0.9min left in this row
    [dpy] chunk 400/432 (187 LOC) done in 1.3s - ~0.8min left in this row
    [dpy] chunk 401/432 (116 LOC) done in 1.5s - ~0.8min left in this row
    [dpy] chunk 402/432 (463 LOC) done in 1.5s - ~0.8min left in this row
    [dpy] chunk 403/432 (116 LOC) done in 1.5s - ~0.8min left in this row
    [dpy] chunk 404/432 (116 LOC) done in 1.5s - ~0.7min left in this row
    [dpy] chunk 405/432 (116 LOC) done in 1.6s - ~0.7min left in this row
    [dpy] chunk 406/432 (116 LOC) done in 1.5s - ~0.7min left in this row
    [dpy] chunk 407/432 (450 LOC) done in 1.4s - ~0.7min left in this row
    [dpy] chunk 408/432 (605 LOC) done in 1.5s - ~0.6min left in this row
    [dpy] chunk 409/432 (114 LOC) done in 1.7s - ~0.6min left in this row
    [dpy] chunk 410/432 (116 LOC) done in 1.5s - ~0.6min left in this row
    [dpy] chunk 411/432 (116 LOC) done in 1.5s - ~0.6min left in this row
    [dpy] chunk 412/432 (114 LOC) done in 1.6s - ~0.5min left in this row
    [dpy] chunk 413/432 (116 LOC) done in 1.6s - ~0.5min left in this row
    [dpy] chunk 414/432 (112 LOC) done in 1.5s - ~0.5min left in this row
    [dpy] chunk 415/432 (830 LOC) done in 1.6s - ~0.4min left in this row
    [dpy] chunk 416/432 (299 LOC) done in 1.5s - ~0.4min left in this row
    [dpy] chunk 417/432 (67 LOC) done in 1.5s - ~0.4min left in this row
    [dpy] chunk 418/432 (468 LOC) done in 1.5s - ~0.4min left in this row
    [dpy] chunk 419/432 (116 LOC) done in 1.6s - ~0.3min left in this row
    [dpy] chunk 420/432 (202 LOC) done in 1.6s - ~0.3min left in this row
    [dpy] chunk 421/432 (661 LOC) done in 1.5s - ~0.3min left in this row
    [dpy] chunk 422/432 (70 LOC) done in 1.5s - ~0.3min left in this row
    [dpy] chunk 423/432 (775 LOC) done in 1.7s - ~0.2min left in this row
    [dpy] chunk 424/432 (114 LOC) done in 1.5s - ~0.2min left in this row
    [dpy] chunk 425/432 (92 LOC) done in 1.5s - ~0.2min left in this row
    [dpy] chunk 426/432 (3831 LOC) done in 2.1s - ~0.2min left in this row
    [dpy] chunk 427/432 (812 LOC) done in 1.5s - ~0.1min left in this row
    [dpy] chunk 428/432 (110 LOC) done in 1.5s - ~0.1min left in this row
    [dpy] chunk 429/432 (328 LOC) done in 1.5s - ~0.1min left in this row
    [dpy] chunk 430/432 (1459 LOC) done in 1.6s - ~0.1min left in this row
    [dpy] chunk 431/432 (213 LOC) done in 1.7s - ~0.0min left in this row
    [dpy] chunk 432/432 (1068 LOC) done in 1.7s - ~0.0min left in this row
  [ok] (55/192) airbytehq/airbyte A2 2024-04-21 @5f1e4e63
  [row] (56/192) starting airbytehq/airbyte A2 2024-05-21 @f4c95a67
    [dpy] WARNING: 2 chunk(s) still over 8000 LOC and can't be split further (no subdirectories) - DPy will skip CSV export for these: ['C:\\Users\\kvrlv\\AppData\\Local\\Temp\\dpy_chunks_z2e83www\\loose__root__airbyte-integrations__connectors__source-github__source_github__loose1', 'C:\\Users\\kvrlv\\AppData\\Local\\Temp\\dpy_chunks_z2e83www\\loose__root__airbyte-integrations__connectors__source-shopify__source_shopify__shopify_graphql__loose1']
    [dpy] 440 chunk(s) planned, 405094 total LOC
    [dpy] chunk 1/440 (604 LOC) done in 1.5s - ~10.7min left in this row
    [dpy] chunk 2/440 (1130 LOC) done in 1.5s - ~10.8min left in this row
    [dpy] chunk 3/440 (70 LOC) done in 1.4s - ~10.7min left in this row
    [dpy] chunk 4/440 (617 LOC) done in 1.5s - ~10.7min left in this row
    [dpy] chunk 5/440 (741 LOC) done in 1.5s - ~10.7min left in this row
    [dpy] chunk 6/440 (89 LOC) done in 1.3s - ~10.5min left in this row
    [dpy] chunk 7/440 (156 LOC) done in 1.5s - ~10.5min left in this row
    [dpy] chunk 8/440 (57 LOC) done in 1.4s - ~10.5min left in this row
    [dpy] chunk 9/440 (301 LOC) done in 1.6s - ~10.6min left in this row
    [dpy] chunk 10/440 (625 LOC) done in 1.5s - ~10.5min left in this row
    [dpy] chunk 11/440 (597 LOC) done in 1.6s - ~10.6min left in this row
    [dpy] chunk 12/440 (113 LOC) done in 1.5s - ~10.6min left in this row
    [dpy] chunk 13/440 (1356 LOC) done in 1.4s - ~10.5min left in this row
    [dpy] chunk 14/440 (1681 LOC) done in 1.5s - ~10.5min left in this row
    [dpy] chunk 15/440 (307 LOC) done in 1.5s - ~10.5min left in this row
    [dpy] chunk 16/440 (2550 LOC) done in 1.8s - ~10.6min left in this row
    [dpy] chunk 17/440 (514 LOC) done in 1.9s - ~10.8min left in this row
    [dpy] chunk 18/440 (183 LOC) done in 1.6s - ~10.8min left in this row
    [dpy] chunk 19/440 (49 LOC) done in 1.3s - ~10.7min left in this row
    [dpy] chunk 20/440 (152 LOC) done in 1.6s - ~10.7min left in this row
    [dpy] chunk 21/440 (256 LOC) done in 1.4s - ~10.6min left in this row
    [dpy] chunk 22/440 (507 LOC) done in 1.3s - ~10.5min left in this row
    [dpy] chunk 23/440 (163 LOC) done in 1.5s - ~10.5min left in this row
    [dpy] chunk 24/440 (4507 LOC) done in 1.7s - ~10.5min left in this row
    [dpy] chunk 25/440 (136 LOC) done in 1.6s - ~10.5min left in this row
    [dpy] chunk 26/440 (4963 LOC) done in 1.7s - ~10.5min left in this row
    [dpy] chunk 27/440 (643 LOC) done in 1.6s - ~10.5min left in this row
    [dpy] chunk 28/440 (777 LOC) done in 1.6s - ~10.5min left in this row
    [dpy] chunk 29/440 (757 LOC) done in 1.7s - ~10.5min left in this row
    [dpy] chunk 30/440 (782 LOC) done in 1.7s - ~10.5min left in this row
    [dpy] chunk 31/440 (881 LOC) done in 1.6s - ~10.5min left in this row
    [dpy] chunk 32/440 (76 LOC) done in 1.5s - ~10.5min left in this row
    [dpy] chunk 33/440 (112 LOC) done in 1.5s - ~10.4min left in this row
    [dpy] chunk 34/440 (1702 LOC) done in 1.7s - ~10.4min left in this row
    [dpy] chunk 35/440 (1581 LOC) done in 1.6s - ~10.4min left in this row
    [dpy] chunk 36/440 (109 LOC) done in 1.6s - ~10.4min left in this row
    [dpy] chunk 37/440 (999 LOC) done in 1.4s - ~10.3min left in this row
    [dpy] chunk 38/440 (149 LOC) done in 1.3s - ~10.3min left in this row
    [dpy] chunk 39/440 (186 LOC) done in 1.3s - ~10.2min left in this row
    [dpy] chunk 40/440 (16 LOC) done in 1.4s - ~10.2min left in this row
    [dpy] chunk 41/440 (292 LOC) done in 1.3s - ~10.1min left in this row
    [dpy] chunk 42/440 (1596 LOC) done in 1.5s - ~10.1min left in this row
    [dpy] chunk 43/440 (571 LOC) done in 1.5s - ~10.1min left in this row
    [dpy] chunk 44/440 (295 LOC) done in 1.4s - ~10.0min left in this row
    [dpy] chunk 45/440 (2588 LOC) done in 1.5s - ~10.0min left in this row
    [dpy] chunk 46/440 (576 LOC) done in 1.5s - ~10.0min left in this row
    [dpy] chunk 47/440 (2576 LOC) done in 1.7s - ~10.0min left in this row
    [dpy] chunk 48/440 (505 LOC) done in 1.3s - ~9.9min left in this row
    [dpy] chunk 49/440 (94 LOC) done in 1.3s - ~9.9min left in this row
    [dpy] chunk 50/440 (34 LOC) done in 1.4s - ~9.8min left in this row
    [dpy] chunk 51/440 (3 LOC) done in 1.2s - ~9.8min left in this row
    [dpy] chunk 52/440 (228 LOC) done in 1.5s - ~9.7min left in this row
    [dpy] chunk 53/440 (223 LOC) done in 1.5s - ~9.7min left in this row
    [dpy] chunk 54/440 (1684 LOC) done in 1.4s - ~9.7min left in this row
    [dpy] chunk 55/440 (162 LOC) done in 1.3s - ~9.6min left in this row
    [dpy] chunk 56/440 (100 LOC) done in 1.4s - ~9.6min left in this row
    [dpy] chunk 57/440 (146 LOC) done in 1.3s - ~9.5min left in this row
    [dpy] chunk 58/440 (31 LOC) done in 1.3s - ~9.5min left in this row
    [dpy] chunk 59/440 (1902 LOC) done in 1.5s - ~9.5min left in this row
    [dpy] chunk 60/440 (7053 LOC) done in 1.5s - ~9.4min left in this row
    [dpy] chunk 61/440 (5924 LOC) done in 1.5s - ~9.4min left in this row
    [dpy] chunk 62/440 (50 LOC) done in 1.3s - ~9.4min left in this row
    [dpy] chunk 63/440 (1374 LOC) done in 1.5s - ~9.3min left in this row
    [dpy] chunk 64/440 (1493 LOC) done in 1.4s - ~9.3min left in this row
    [dpy] chunk 65/440 (156 LOC) done in 1.3s - ~9.3min left in this row
    [dpy] chunk 66/440 (153 LOC) done in 1.3s - ~9.2min left in this row
    [dpy] chunk 67/440 (1218 LOC) done in 1.5s - ~9.2min left in this row
    [dpy] chunk 68/440 (6984 LOC) done in 1.8s - ~9.2min left in this row
    [dpy] chunk 69/440 (698 LOC) done in 1.4s - ~9.2min left in this row
    [dpy] chunk 70/440 (3734 LOC) done in 1.7s - ~9.2min left in this row
    [dpy] chunk 71/440 (829 LOC) done in 1.4s - ~9.1min left in this row
    [dpy] chunk 72/440 (856 LOC) done in 1.5s - ~9.1min left in this row
    [dpy] chunk 73/440 (1123 LOC) done in 1.6s - ~9.1min left in this row
    [dpy] chunk 74/440 (226 LOC) done in 1.4s - ~9.1min left in this row
    [dpy] chunk 75/440 (1597 LOC) done in 1.4s - ~9.0min left in this row
    [dpy] chunk 76/440 (688 LOC) done in 1.4s - ~9.0min left in this row
    [dpy] chunk 77/440 (228 LOC) done in 1.4s - ~9.0min left in this row
    [dpy] chunk 78/440 (2455 LOC) done in 1.5s - ~8.9min left in this row
    [dpy] chunk 79/440 (1047 LOC) done in 1.5s - ~8.9min left in this row
    [dpy] chunk 80/440 (4016 LOC) done in 1.8s - ~8.9min left in this row
    [dpy] chunk 81/440 (7920 LOC) done in 1.9s - ~8.9min left in this row
    [dpy] chunk 82/440 (6610 LOC) done in 2.0s - ~8.9min left in this row
    [dpy] chunk 83/440 (635 LOC) done in 1.4s - ~8.9min left in this row
    [dpy] chunk 84/440 (264 LOC) done in 1.4s - ~8.9min left in this row
    [dpy] chunk 85/440 (149 LOC) done in 1.4s - ~8.8min left in this row
    [dpy] chunk 86/440 (630 LOC) done in 1.5s - ~8.8min left in this row
    [dpy] chunk 87/440 (518 LOC) done in 1.6s - ~8.8min left in this row
    [dpy] chunk 88/440 (26 LOC) done in 1.4s - ~8.8min left in this row
    [dpy] chunk 89/440 (3 LOC) done in 1.5s - ~8.7min left in this row
    [dpy] chunk 90/440 (949 LOC) done in 1.4s - ~8.7min left in this row
    [dpy] chunk 91/440 (1476 LOC) done in 1.6s - ~8.7min left in this row
    [dpy] chunk 92/440 (190 LOC) done in 1.5s - ~8.7min left in this row
    [dpy] chunk 93/440 (1724 LOC) done in 2.1s - ~8.7min left in this row
    [dpy] chunk 94/440 (1316 LOC) done in 1.8s - ~8.7min left in this row
    [dpy] chunk 95/440 (198 LOC) done in 1.5s - ~8.6min left in this row
    [dpy] chunk 96/440 (6 LOC) done in 1.4s - ~8.6min left in this row
    [dpy] chunk 97/440 (3599 LOC) done in 1.6s - ~8.6min left in this row
    [dpy] chunk 98/440 (2018 LOC) done in 1.5s - ~8.6min left in this row
    [dpy] chunk 99/440 (6507 LOC) done in 1.8s - ~8.6min left in this row
    [dpy] chunk 100/440 (1137 LOC) done in 1.5s - ~8.5min left in this row
    [dpy] chunk 101/440 (70 LOC) done in 1.4s - ~8.5min left in this row
    [dpy] chunk 102/440 (4316 LOC) done in 1.7s - ~8.5min left in this row
    [dpy] chunk 103/440 (7898 LOC) done in 1.7s - ~8.5min left in this row
    [dpy] chunk 104/440 (357 LOC) done in 1.4s - ~8.4min left in this row
    [dpy] chunk 105/440 (16 LOC) done in 1.4s - ~8.4min left in this row
    [dpy] chunk 106/440 (490 LOC) done in 1.4s - ~8.4min left in this row
    [dpy] chunk 107/440 (689 LOC) done in 1.5s - ~8.4min left in this row
    [dpy] chunk 108/440 (2054 LOC) done in 1.6s - ~8.3min left in this row
    [dpy] chunk 109/440 (632 LOC) done in 1.4s - ~8.3min left in this row
    [dpy] chunk 110/440 (479 LOC) done in 1.4s - ~8.3min left in this row
    [dpy] chunk 111/440 (2287 LOC) done in 1.6s - ~8.3min left in this row
    [dpy] chunk 112/440 (650 LOC) done in 1.5s - ~8.2min left in this row
    [dpy] chunk 113/440 (588 LOC) done in 1.5s - ~8.2min left in this row
    [dpy] chunk 114/440 (956 LOC) done in 1.5s - ~8.2min left in this row
    [dpy] chunk 115/440 (283 LOC) done in 1.5s - ~8.2min left in this row
    [dpy] chunk 116/440 (1133 LOC) done in 1.4s - ~8.1min left in this row
    [dpy] chunk 117/440 (13 LOC) done in 1.5s - ~8.1min left in this row
    [dpy] chunk 118/440 (240 LOC) done in 1.5s - ~8.1min left in this row
    [dpy] chunk 119/440 (1816 LOC) done in 1.6s - ~8.1min left in this row
    [dpy] chunk 120/440 (297 LOC) done in 1.4s - ~8.0min left in this row
    [dpy] chunk 121/440 (676 LOC) done in 1.5s - ~8.0min left in this row
    [dpy] chunk 122/440 (994 LOC) done in 1.5s - ~8.0min left in this row
    [dpy] chunk 123/440 (564 LOC) done in 1.7s - ~8.0min left in this row
    [dpy] chunk 124/440 (346 LOC) done in 1.5s - ~7.9min left in this row
    [dpy] chunk 125/440 (422 LOC) done in 1.5s - ~7.9min left in this row
    [dpy] chunk 126/440 (876 LOC) done in 1.5s - ~7.9min left in this row
    [dpy] chunk 127/440 (356 LOC) done in 1.5s - ~7.9min left in this row
    [dpy] chunk 128/440 (296 LOC) done in 1.4s - ~7.8min left in this row
    [dpy] chunk 129/440 (259 LOC) done in 1.5s - ~7.8min left in this row
    [dpy] chunk 130/440 (645 LOC) done in 1.4s - ~7.8min left in this row
    [dpy] chunk 131/440 (932 LOC) done in 1.6s - ~7.8min left in this row
    [dpy] chunk 132/440 (269 LOC) done in 1.5s - ~7.7min left in this row
    [dpy] chunk 133/440 (116 LOC) done in 1.4s - ~7.7min left in this row
    [dpy] chunk 134/440 (1061 LOC) done in 1.4s - ~7.7min left in this row
    [dpy] chunk 135/440 (71 LOC) done in 1.5s - ~7.6min left in this row
    [dpy] chunk 136/440 (116 LOC) done in 1.4s - ~7.6min left in this row
    [dpy] chunk 137/440 (1056 LOC) done in 1.5s - ~7.6min left in this row
    [dpy] chunk 138/440 (376 LOC) done in 1.4s - ~7.6min left in this row
    [dpy] chunk 139/440 (7861 LOC) done in 2.1s - ~7.6min left in this row
    [dpy] chunk 140/440 (5001 LOC) done in 1.8s - ~7.6min left in this row
    [dpy] chunk 141/440 (384 LOC) done in 1.6s - ~7.5min left in this row
    [dpy] chunk 142/440 (785 LOC) done in 1.5s - ~7.5min left in this row
    [dpy] chunk 143/440 (95 LOC) done in 1.5s - ~7.5min left in this row
    [dpy] chunk 144/440 (67 LOC) done in 1.5s - ~7.5min left in this row
    [dpy] chunk 145/440 (116 LOC) done in 1.4s - ~7.4min left in this row
    [dpy] chunk 146/440 (1108 LOC) done in 1.5s - ~7.4min left in this row
    [dpy] chunk 147/440 (713 LOC) done in 1.4s - ~7.4min left in this row
    [dpy] chunk 148/440 (124 LOC) done in 1.4s - ~7.3min left in this row
    [dpy] chunk 149/440 (67 LOC) done in 1.4s - ~7.3min left in this row
    [dpy] chunk 150/440 (157 LOC) done in 1.5s - ~7.3min left in this row
    [dpy] chunk 151/440 (395 LOC) done in 1.6s - ~7.3min left in this row
    [dpy] chunk 152/440 (890 LOC) done in 1.5s - ~7.2min left in this row
    [dpy] chunk 153/440 (601 LOC) done in 1.6s - ~7.2min left in this row
    [dpy] chunk 154/440 (116 LOC) done in 1.5s - ~7.2min left in this row
    [dpy] chunk 155/440 (358 LOC) done in 1.5s - ~7.2min left in this row
    [dpy] chunk 156/440 (145 LOC) done in 1.4s - ~7.1min left in this row
    [dpy] chunk 157/440 (16 LOC) done in 1.5s - ~7.1min left in this row
    [dpy] chunk 158/440 (4129 LOC) done in 1.7s - ~7.1min left in this row
    [dpy] chunk 159/440 (908 LOC) done in 1.5s - ~7.1min left in this row
    [dpy] chunk 160/440 (270 LOC) done in 1.5s - ~7.0min left in this row
    [dpy] chunk 161/440 (114 LOC) done in 1.4s - ~7.0min left in this row
    [dpy] chunk 162/440 (116 LOC) done in 1.4s - ~7.0min left in this row
    [dpy] chunk 163/440 (68 LOC) done in 1.6s - ~7.0min left in this row
    [dpy] chunk 164/440 (415 LOC) done in 1.5s - ~6.9min left in this row
    [dpy] chunk 165/440 (2419 LOC) done in 1.7s - ~6.9min left in this row
    [dpy] chunk 166/440 (116 LOC) done in 1.5s - ~6.9min left in this row
    [dpy] chunk 167/440 (69 LOC) done in 1.4s - ~6.9min left in this row
    [dpy] chunk 168/440 (16 LOC) done in 1.4s - ~6.8min left in this row
    [dpy] chunk 169/440 (116 LOC) done in 1.5s - ~6.8min left in this row
    [dpy] chunk 170/440 (70 LOC) done in 1.4s - ~6.8min left in this row
    [dpy] chunk 171/440 (915 LOC) done in 1.5s - ~6.8min left in this row
    [dpy] chunk 172/440 (16 LOC) done in 1.4s - ~6.7min left in this row
    [dpy] chunk 173/440 (70 LOC) done in 1.5s - ~6.7min left in this row
    [dpy] chunk 174/440 (68 LOC) done in 1.4s - ~6.7min left in this row
    [dpy] chunk 175/440 (116 LOC) done in 1.4s - ~6.7min left in this row
    [dpy] chunk 176/440 (71 LOC) done in 1.4s - ~6.6min left in this row
    [dpy] chunk 177/440 (463 LOC) done in 1.6s - ~6.6min left in this row
    [dpy] chunk 178/440 (150 LOC) done in 1.5s - ~6.6min left in this row
    [dpy] chunk 179/440 (116 LOC) done in 1.4s - ~6.6min left in this row
    [dpy] chunk 180/440 (70 LOC) done in 1.4s - ~6.5min left in this row
    [dpy] chunk 181/440 (116 LOC) done in 1.5s - ~6.5min left in this row
    [dpy] chunk 182/440 (712 LOC) done in 1.5s - ~6.5min left in this row
    [dpy] chunk 183/440 (68 LOC) done in 1.4s - ~6.4min left in this row
    [dpy] chunk 184/440 (114 LOC) done in 1.4s - ~6.4min left in this row
    [dpy] chunk 185/440 (116 LOC) done in 1.4s - ~6.4min left in this row
    [dpy] chunk 186/440 (114 LOC) done in 1.4s - ~6.4min left in this row
    [dpy] chunk 187/440 (16 LOC) done in 1.5s - ~6.3min left in this row
    [dpy] chunk 188/440 (134 LOC) done in 1.4s - ~6.3min left in this row
    [dpy] chunk 189/440 (104 LOC) done in 1.4s - ~6.3min left in this row
    [dpy] chunk 190/440 (116 LOC) done in 1.5s - ~6.3min left in this row
    [dpy] chunk 191/440 (70 LOC) done in 1.4s - ~6.2min left in this row
    [dpy] chunk 192/440 (116 LOC) done in 1.4s - ~6.2min left in this row
    [dpy] chunk 193/440 (67 LOC) done in 1.4s - ~6.2min left in this row
    [dpy] chunk 194/440 (16 LOC) done in 1.4s - ~6.2min left in this row
    [dpy] chunk 195/440 (68 LOC) done in 1.4s - ~6.1min left in this row
    [dpy] chunk 196/440 (112 LOC) done in 1.4s - ~6.1min left in this row
    [dpy] chunk 197/440 (113 LOC) done in 1.4s - ~6.1min left in this row
    [dpy] chunk 198/440 (7845 LOC) done in 2.0s - ~6.1min left in this row
    [dpy] chunk 199/440 (720 LOC) done in 1.4s - ~6.0min left in this row
    [dpy] chunk 200/440 (789 LOC) done in 1.5s - ~6.0min left in this row
    [dpy] chunk 201/440 (104 LOC) done in 1.4s - ~6.0min left in this row
    [dpy] chunk 202/440 (3085 LOC) done in 1.6s - ~6.0min left in this row
    [dpy] chunk 203/440 (2034 LOC) done in 1.6s - ~5.9min left in this row
    [dpy] chunk 204/440 (440 LOC) done in 1.5s - ~5.9min left in this row
    [dpy] chunk 205/440 (925 LOC) done in 1.5s - ~5.9min left in this row
    [dpy] chunk 206/440 (70 LOC) done in 1.5s - ~5.9min left in this row
    [dpy] chunk 207/440 (114 LOC) done in 1.4s - ~5.8min left in this row
    [dpy] chunk 208/440 (761 LOC) done in 1.5s - ~5.8min left in this row
    [dpy] chunk 209/440 (121 LOC) done in 1.5s - ~5.8min left in this row
    [dpy] chunk 210/440 (71 LOC) done in 1.5s - ~5.8min left in this row
    [dpy] chunk 211/440 (116 LOC) done in 1.4s - ~5.7min left in this row
    [dpy] chunk 212/440 (70 LOC) done in 1.5s - ~5.7min left in this row
    [dpy] chunk 213/440 (495 LOC) done in 1.5s - ~5.7min left in this row
    [dpy] chunk 214/440 (547 LOC) done in 1.4s - ~5.7min left in this row
    [dpy] chunk 215/440 (116 LOC) done in 1.5s - ~5.6min left in this row
    [dpy] chunk 216/440 (173 LOC) done in 1.4s - ~5.6min left in this row
    [dpy] chunk 217/440 (16 LOC) done in 1.5s - ~5.6min left in this row
    [dpy] chunk 218/440 (115 LOC) done in 1.5s - ~5.6min left in this row
    [dpy] chunk 219/440 (41034 LOC) done in 2.7s - ~5.5min left in this row
    [dpy] chunk 220/440 (2547 LOC) done in 1.7s - ~5.5min left in this row
    [dpy] chunk 221/440 (2351 LOC) done in 1.6s - ~5.5min left in this row
    [dpy] chunk 222/440 (8 LOC) done in 1.4s - ~5.5min left in this row
    [dpy] chunk 223/440 (713 LOC) done in 1.5s - ~5.5min left in this row
    [dpy] chunk 224/440 (70 LOC) done in 1.5s - ~5.4min left in this row
    [dpy] chunk 225/440 (175 LOC) done in 1.4s - ~5.4min left in this row
    [dpy] chunk 226/440 (116 LOC) done in 1.5s - ~5.4min left in this row
    [dpy] chunk 227/440 (70 LOC) done in 1.4s - ~5.3min left in this row
    [dpy] chunk 228/440 (4837 LOC) done in 1.6s - ~5.3min left in this row
    [dpy] chunk 229/440 (2658 LOC) done in 1.7s - ~5.3min left in this row
    [dpy] chunk 230/440 (1308 LOC) done in 1.5s - ~5.3min left in this row
    [dpy] chunk 231/440 (136 LOC) done in 1.4s - ~5.2min left in this row
    [dpy] chunk 232/440 (311 LOC) done in 1.5s - ~5.2min left in this row
    [dpy] chunk 233/440 (1073 LOC) done in 1.4s - ~5.2min left in this row
    [dpy] chunk 234/440 (68 LOC) done in 1.5s - ~5.2min left in this row
    [dpy] chunk 235/440 (1518 LOC) done in 1.5s - ~5.1min left in this row
    [dpy] chunk 236/440 (1579 LOC) done in 1.6s - ~5.1min left in this row
    [dpy] chunk 237/440 (70 LOC) done in 1.4s - ~5.1min left in this row
    [dpy] chunk 238/440 (552 LOC) done in 1.4s - ~5.1min left in this row
    [dpy] chunk 239/440 (456 LOC) done in 1.5s - ~5.0min left in this row
    [dpy] chunk 240/440 (114 LOC) done in 1.4s - ~5.0min left in this row
    [dpy] chunk 241/440 (114 LOC) done in 1.5s - ~5.0min left in this row
    [dpy] chunk 242/440 (907 LOC) done in 1.5s - ~5.0min left in this row
    [dpy] chunk 243/440 (116 LOC) done in 1.4s - ~4.9min left in this row
    [dpy] chunk 244/440 (117 LOC) done in 1.4s - ~4.9min left in this row
    [dpy] chunk 245/440 (6238 LOC) done in 1.9s - ~4.9min left in this row
    [dpy] chunk 246/440 (70 LOC) done in 1.5s - ~4.9min left in this row
    [dpy] chunk 247/440 (1681 LOC) done in 1.6s - ~4.8min left in this row
    [dpy] chunk 248/440 (297 LOC) done in 1.4s - ~4.8min left in this row
    [dpy] chunk 249/440 (660 LOC) done in 1.5s - ~4.8min left in this row
    [dpy] chunk 250/440 (116 LOC) done in 1.5s - ~4.8min left in this row
    [dpy] chunk 251/440 (70 LOC) done in 1.5s - ~4.7min left in this row
    [dpy] chunk 252/440 (1785 LOC) done in 1.5s - ~4.7min left in this row
    [dpy] chunk 253/440 (3216 LOC) done in 1.6s - ~4.7min left in this row
    [dpy] chunk 254/440 (70 LOC) done in 1.4s - ~4.7min left in this row
    [dpy] chunk 255/440 (16 LOC) done in 1.5s - ~4.6min left in this row
    [dpy] chunk 256/440 (70 LOC) done in 1.5s - ~4.6min left in this row
    [dpy] chunk 257/440 (110 LOC) done in 1.4s - ~4.6min left in this row
    [dpy] chunk 258/440 (1047 LOC) done in 1.4s - ~4.6min left in this row
    [dpy] chunk 259/440 (856 LOC) done in 1.5s - ~4.5min left in this row
    [dpy] chunk 260/440 (712 LOC) done in 1.6s - ~4.5min left in this row
    [dpy] chunk 261/440 (116 LOC) done in 1.4s - ~4.5min left in this row
    [dpy] chunk 262/440 (70 LOC) done in 1.3s - ~4.5min left in this row
    [dpy] chunk 263/440 (396 LOC) done in 1.4s - ~4.4min left in this row
    [dpy] chunk 264/440 (2023 LOC) done in 1.6s - ~4.4min left in this row
    [dpy] chunk 265/440 (572 LOC) done in 1.4s - ~4.4min left in this row
    [dpy] chunk 266/440 (945 LOC) done in 1.4s - ~4.4min left in this row
    [dpy] chunk 267/440 (114 LOC) done in 1.4s - ~4.3min left in this row
    [dpy] chunk 268/440 (789 LOC) done in 1.6s - ~4.3min left in this row
    [dpy] chunk 269/440 (592 LOC) done in 1.4s - ~4.3min left in this row
    [dpy] chunk 270/440 (116 LOC) done in 1.4s - ~4.3min left in this row
    [dpy] chunk 271/440 (116 LOC) done in 1.4s - ~4.2min left in this row
    [dpy] chunk 272/440 (67 LOC) done in 1.4s - ~4.2min left in this row
    [dpy] chunk 273/440 (116 LOC) done in 1.4s - ~4.2min left in this row
    [dpy] chunk 274/440 (70 LOC) done in 1.4s - ~4.2min left in this row
    [dpy] chunk 275/440 (1250 LOC) done in 1.5s - ~4.1min left in this row
    [dpy] chunk 276/440 (116 LOC) done in 1.4s - ~4.1min left in this row
    [dpy] chunk 277/440 (60 LOC) done in 1.4s - ~4.1min left in this row
    [dpy] chunk 278/440 (803 LOC) done in 1.5s - ~4.1min left in this row
    [dpy] chunk 279/440 (829 LOC) done in 1.6s - ~4.0min left in this row
    [dpy] chunk 280/440 (1247 LOC) done in 1.6s - ~4.0min left in this row
    [dpy] chunk 281/440 (71 LOC) done in 1.6s - ~4.0min left in this row
    [dpy] chunk 282/440 (2173 LOC) done in 1.6s - ~4.0min left in this row
    [dpy] chunk 283/440 (1561 LOC) done in 1.6s - ~3.9min left in this row
    [dpy] chunk 284/440 (16 LOC) done in 1.5s - ~3.9min left in this row
    [dpy] chunk 285/440 (16 LOC) done in 1.5s - ~3.9min left in this row
    [dpy] chunk 286/440 (156 LOC) done in 1.4s - ~3.9min left in this row
    [dpy] chunk 287/440 (16 LOC) done in 1.5s - ~3.8min left in this row
    [dpy] chunk 288/440 (116 LOC) done in 1.4s - ~3.8min left in this row
    [dpy] chunk 289/440 (110 LOC) done in 1.4s - ~3.8min left in this row
    [dpy] chunk 290/440 (631 LOC) done in 1.5s - ~3.8min left in this row
    [dpy] chunk 291/440 (116 LOC) done in 1.4s - ~3.7min left in this row
    [dpy] chunk 292/440 (68 LOC) done in 1.5s - ~3.7min left in this row
    [dpy] chunk 293/440 (1252 LOC) done in 1.5s - ~3.7min left in this row
    [dpy] chunk 294/440 (70 LOC) done in 1.4s - ~3.7min left in this row
    [dpy] chunk 295/440 (1590 LOC) done in 1.6s - ~3.6min left in this row
    [dpy] chunk 296/440 (116 LOC) done in 1.4s - ~3.6min left in this row
    [dpy] chunk 297/440 (110 LOC) done in 1.4s - ~3.6min left in this row
    [dpy] chunk 298/440 (70 LOC) done in 1.4s - ~3.6min left in this row
    [dpy] chunk 299/440 (70 LOC) done in 1.4s - ~3.5min left in this row
    [dpy] chunk 300/440 (62 LOC) done in 1.4s - ~3.5min left in this row
    [dpy] chunk 301/440 (16 LOC) done in 1.5s - ~3.5min left in this row
    [dpy] chunk 302/440 (1604 LOC) done in 1.5s - ~3.5min left in this row
    [dpy] chunk 303/440 (70 LOC) done in 1.5s - ~3.4min left in this row
    [dpy] chunk 304/440 (114 LOC) done in 1.5s - ~3.4min left in this row
    [dpy] chunk 305/440 (1489 LOC) done in 1.7s - ~3.4min left in this row
    [dpy] chunk 306/440 (121 LOC) done in 1.5s - ~3.4min left in this row
    [dpy] chunk 307/440 (114 LOC) done in 1.4s - ~3.3min left in this row
    [dpy] chunk 308/440 (483 LOC) done in 1.5s - ~3.3min left in this row
    [dpy] chunk 309/440 (176 LOC) done in 1.4s - ~3.3min left in this row
    [dpy] chunk 310/440 (1336 LOC) done in 1.5s - ~3.3min left in this row
    [dpy] chunk 311/440 (596 LOC) done in 1.4s - ~3.2min left in this row
    [dpy] chunk 312/440 (70 LOC) done in 1.4s - ~3.2min left in this row
    [dpy] chunk 313/440 (70 LOC) done in 1.4s - ~3.2min left in this row
    [dpy] chunk 314/440 (116 LOC) done in 1.4s - ~3.1min left in this row
    [dpy] chunk 315/440 (1764 LOC) done in 1.6s - ~3.1min left in this row
    [dpy] chunk 316/440 (210 LOC) done in 1.4s - ~3.1min left in this row
    [dpy] chunk 317/440 (229 LOC) done in 1.5s - ~3.1min left in this row
    [dpy] chunk 318/440 (112 LOC) done in 1.4s - ~3.0min left in this row
    [dpy] chunk 319/440 (114 LOC) done in 1.5s - ~3.0min left in this row
    [dpy] chunk 320/440 (147 LOC) done in 1.4s - ~3.0min left in this row
    [dpy] chunk 321/440 (71 LOC) done in 1.4s - ~3.0min left in this row
    [dpy] chunk 322/440 (70 LOC) done in 1.4s - ~2.9min left in this row
    [dpy] chunk 323/440 (16 LOC) done in 1.5s - ~2.9min left in this row
    [dpy] chunk 324/440 (402 LOC) done in 1.5s - ~2.9min left in this row
    [dpy] chunk 325/440 (70 LOC) done in 1.4s - ~2.9min left in this row
    [dpy] chunk 326/440 (195 LOC) done in 1.4s - ~2.8min left in this row
    [dpy] chunk 327/440 (180 LOC) done in 1.5s - ~2.8min left in this row
    [dpy] chunk 328/440 (126 LOC) done in 1.5s - ~2.8min left in this row
    [dpy] chunk 329/440 (116 LOC) done in 1.5s - ~2.8min left in this row
    [dpy] chunk 330/440 (68 LOC) done in 1.5s - ~2.7min left in this row
    [dpy] chunk 331/440 (183 LOC) done in 1.5s - ~2.7min left in this row
    [dpy] chunk 332/440 (116 LOC) done in 1.4s - ~2.7min left in this row
    [dpy] chunk 333/440 (180 LOC) done in 1.4s - ~2.7min left in this row
    [dpy] chunk 334/440 (259 LOC) done in 1.4s - ~2.6min left in this row
    [dpy] chunk 335/440 (286 LOC) done in 1.4s - ~2.6min left in this row
    [dpy] chunk 336/440 (611 LOC) done in 1.5s - ~2.6min left in this row
    [dpy] chunk 337/440 (1004 LOC) done in 1.5s - ~2.6min left in this row
    [dpy] chunk 338/440 (70 LOC) done in 1.5s - ~2.5min left in this row
    [dpy] chunk 339/440 (114 LOC) done in 1.5s - ~2.5min left in this row
    [dpy] chunk 340/440 (659 LOC) done in 1.6s - ~2.5min left in this row
    [dpy] chunk 341/440 (16 LOC) done in 1.9s - ~2.5min left in this row
    [dpy] chunk 342/440 (116 LOC) done in 1.4s - ~2.4min left in this row
    [dpy] chunk 343/440 (93 LOC) done in 1.5s - ~2.4min left in this row
    [dpy] chunk 344/440 (116 LOC) done in 1.6s - ~2.4min left in this row
    [dpy] chunk 345/440 (1509 LOC) done in 1.6s - ~2.4min left in this row
    [dpy] chunk 346/440 (116 LOC) done in 1.5s - ~2.3min left in this row
    [dpy] chunk 347/440 (143 LOC) done in 1.4s - ~2.3min left in this row
    [dpy] chunk 348/440 (3573 LOC) done in 1.6s - ~2.3min left in this row
    [dpy] chunk 349/440 (4350 LOC) done in 1.8s - ~2.3min left in this row
    [dpy] chunk 350/440 (515 LOC) done in 1.5s - ~2.3min left in this row
    [dpy] chunk 351/440 (70 LOC) done in 1.4s - ~2.2min left in this row
    [dpy] chunk 352/440 (16 LOC) done in 1.4s - ~2.2min left in this row
    [dpy] chunk 353/440 (423 LOC) done in 1.5s - ~2.2min left in this row
    [dpy] chunk 354/440 (162 LOC) done in 1.4s - ~2.1min left in this row
    [dpy] chunk 355/440 (116 LOC) done in 1.5s - ~2.1min left in this row
    [dpy] chunk 356/440 (628 LOC) done in 1.5s - ~2.1min left in this row
    [dpy] chunk 357/440 (116 LOC) done in 1.5s - ~2.1min left in this row
    [dpy] chunk 358/440 (114 LOC) done in 1.3s - ~2.0min left in this row
    [dpy] chunk 359/440 (357 LOC) done in 1.6s - ~2.0min left in this row
    [dpy] chunk 360/440 (116 LOC) done in 1.4s - ~2.0min left in this row
    [dpy] chunk 361/440 (16 LOC) done in 1.5s - ~2.0min left in this row
    [dpy] chunk 362/440 (628 LOC) done in 1.5s - ~1.9min left in this row
    [dpy] chunk 363/440 (16 LOC) done in 1.4s - ~1.9min left in this row
    [dpy] chunk 364/440 (2791 LOC) done in 1.6s - ~1.9min left in this row
    [dpy] chunk 365/440 (64 LOC) done in 1.5s - ~1.9min left in this row
    [dpy] chunk 366/440 (29442 LOC) done in 2.8s - ~1.9min left in this row
    [dpy] chunk 367/440 (1176 LOC) done in 1.5s - ~1.8min left in this row
    [dpy] chunk 368/440 (989 LOC) done in 1.5s - ~1.8min left in this row
    [dpy] chunk 369/440 (3254 LOC) done in 1.6s - ~1.8min left in this row
    [dpy] chunk 370/440 (9 LOC) done in 1.4s - ~1.8min left in this row
    [dpy] chunk 371/440 (67 LOC) done in 1.5s - ~1.7min left in this row
    [dpy] chunk 372/440 (1138 LOC) done in 1.5s - ~1.7min left in this row
    [dpy] chunk 373/440 (116 LOC) done in 1.5s - ~1.7min left in this row
    [dpy] chunk 374/440 (70 LOC) done in 1.4s - ~1.7min left in this row
    [dpy] chunk 375/440 (499 LOC) done in 1.4s - ~1.6min left in this row
    [dpy] chunk 376/440 (1324 LOC) done in 1.5s - ~1.6min left in this row
    [dpy] chunk 377/440 (16 LOC) done in 1.5s - ~1.6min left in this row
    [dpy] chunk 378/440 (70 LOC) done in 1.4s - ~1.6min left in this row
    [dpy] chunk 379/440 (116 LOC) done in 1.5s - ~1.5min left in this row
    [dpy] chunk 380/440 (97 LOC) done in 1.5s - ~1.5min left in this row
    [dpy] chunk 381/440 (116 LOC) done in 1.5s - ~1.5min left in this row
    [dpy] chunk 382/440 (212 LOC) done in 1.5s - ~1.5min left in this row
    [dpy] chunk 383/440 (70 LOC) done in 1.4s - ~1.4min left in this row
    [dpy] chunk 384/440 (17 LOC) done in 1.4s - ~1.4min left in this row
    [dpy] chunk 385/440 (1641 LOC) done in 1.6s - ~1.4min left in this row
    [dpy] chunk 386/440 (7096 LOC) done in 2.0s - ~1.4min left in this row
    [dpy] chunk 387/440 (9 LOC) done in 1.5s - ~1.3min left in this row
    [dpy] chunk 388/440 (70 LOC) done in 1.4s - ~1.3min left in this row
    [dpy] chunk 389/440 (411 LOC) done in 1.5s - ~1.3min left in this row
    [dpy] chunk 390/440 (796 LOC) done in 1.5s - ~1.3min left in this row
    [dpy] chunk 391/440 (105 LOC) done in 1.4s - ~1.2min left in this row
    [dpy] chunk 392/440 (16 LOC) done in 1.4s - ~1.2min left in this row
    [dpy] chunk 393/440 (148 LOC) done in 1.4s - ~1.2min left in this row
    [dpy] chunk 394/440 (16 LOC) done in 1.4s - ~1.2min left in this row
    [dpy] chunk 395/440 (1752 LOC) done in 1.6s - ~1.1min left in this row
    [dpy] chunk 396/440 (70 LOC) done in 1.5s - ~1.1min left in this row
    [dpy] chunk 397/440 (116 LOC) done in 1.4s - ~1.1min left in this row
    [dpy] chunk 398/440 (70 LOC) done in 1.4s - ~1.1min left in this row
    [dpy] chunk 399/440 (116 LOC) done in 1.4s - ~1.0min left in this row
    [dpy] chunk 400/440 (888 LOC) done in 1.5s - ~1.0min left in this row
    [dpy] chunk 401/440 (206 LOC) done in 1.4s - ~1.0min left in this row
    [dpy] chunk 402/440 (705 LOC) done in 1.4s - ~1.0min left in this row
    [dpy] chunk 403/440 (114 LOC) done in 1.4s - ~0.9min left in this row
    [dpy] chunk 404/440 (1330 LOC) done in 1.5s - ~0.9min left in this row
    [dpy] chunk 405/440 (70 LOC) done in 1.4s - ~0.9min left in this row
    [dpy] chunk 406/440 (116 LOC) done in 1.4s - ~0.8min left in this row
    [dpy] chunk 407/440 (116 LOC) done in 1.4s - ~0.8min left in this row
    [dpy] chunk 408/440 (187 LOC) done in 1.4s - ~0.8min left in this row
    [dpy] chunk 409/440 (116 LOC) done in 1.4s - ~0.8min left in this row
    [dpy] chunk 410/440 (416 LOC) done in 1.2s - ~0.7min left in this row
    [dpy] chunk 411/440 (116 LOC) done in 1.4s - ~0.7min left in this row
    [dpy] chunk 412/440 (70 LOC) done in 1.4s - ~0.7min left in this row
    [dpy] chunk 413/440 (116 LOC) done in 1.4s - ~0.7min left in this row
    [dpy] chunk 414/440 (116 LOC) done in 1.4s - ~0.6min left in this row
    [dpy] chunk 415/440 (450 LOC) done in 1.5s - ~0.6min left in this row
    [dpy] chunk 416/440 (605 LOC) done in 1.4s - ~0.6min left in this row
    [dpy] chunk 417/440 (114 LOC) done in 1.5s - ~0.6min left in this row
    [dpy] chunk 418/440 (116 LOC) done in 1.5s - ~0.5min left in this row
    [dpy] chunk 419/440 (116 LOC) done in 1.5s - ~0.5min left in this row
    [dpy] chunk 420/440 (114 LOC) done in 1.5s - ~0.5min left in this row
    [dpy] chunk 421/440 (116 LOC) done in 1.4s - ~0.5min left in this row
    [dpy] chunk 422/440 (70 LOC) done in 1.4s - ~0.4min left in this row
    [dpy] chunk 423/440 (784 LOC) done in 1.5s - ~0.4min left in this row
    [dpy] chunk 424/440 (299 LOC) done in 1.5s - ~0.4min left in this row
    [dpy] chunk 425/440 (67 LOC) done in 1.5s - ~0.4min left in this row
    [dpy] chunk 426/440 (428 LOC) done in 1.6s - ~0.3min left in this row
    [dpy] chunk 427/440 (116 LOC) done in 1.5s - ~0.3min left in this row
    [dpy] chunk 428/440 (156 LOC) done in 1.5s - ~0.3min left in this row
    [dpy] chunk 429/440 (661 LOC) done in 1.6s - ~0.3min left in this row
    [dpy] chunk 430/440 (70 LOC) done in 1.4s - ~0.2min left in this row
    [dpy] chunk 431/440 (774 LOC) done in 1.5s - ~0.2min left in this row
    [dpy] chunk 432/440 (114 LOC) done in 1.5s - ~0.2min left in this row
    [dpy] chunk 433/440 (92 LOC) done in 1.5s - ~0.2min left in this row
    [dpy] chunk 434/440 (4140 LOC) done in 2.0s - ~0.1min left in this row
    [dpy] chunk 435/440 (182 LOC) done in 1.5s - ~0.1min left in this row
    [dpy] chunk 436/440 (68 LOC) done in 1.4s - ~0.1min left in this row
    [dpy] chunk 437/440 (328 LOC) done in 1.6s - ~0.1min left in this row
    [dpy] chunk 438/440 (1459 LOC) done in 1.5s - ~0.0min left in this row
    [dpy] chunk 439/440 (213 LOC) done in 1.5s - ~0.0min left in this row
    [dpy] chunk 440/440 (723 LOC) done in 1.5s - ~0.0min left in this row
  [ok] (56/192) airbytehq/airbyte A2 2024-05-21 @f4c95a67
  [row] (57/192) starting airbytehq/airbyte A2 2024-06-21 @45c6b04d
    [dpy] WARNING: 2 chunk(s) still over 8000 LOC and can't be split further (no subdirectories) - DPy will skip CSV export for these: ['C:\\Users\\kvrlv\\AppData\\Local\\Temp\\dpy_chunks_1vr1j2ye\\loose__root__airbyte-integrations__connectors__source-github__source_github__loose1', 'C:\\Users\\kvrlv\\AppData\\Local\\Temp\\dpy_chunks_1vr1j2ye\\loose__root__airbyte-integrations__connectors__source-shopify__source_shopify__shopify_graphql__loose1']
    [dpy] 448 chunk(s) planned, 410265 total LOC
    [dpy] chunk 1/448 (605 LOC) done in 1.4s - ~10.4min left in this row
    [dpy] chunk 2/448 (1130 LOC) done in 1.6s - ~11.0min left in this row
    [dpy] chunk 3/448 (68 LOC) done in 1.4s - ~10.8min left in this row
    [dpy] chunk 4/448 (617 LOC) done in 1.4s - ~10.7min left in this row
    [dpy] chunk 5/448 (741 LOC) done in 1.5s - ~10.7min left in this row
    [dpy] chunk 6/448 (89 LOC) done in 1.3s - ~10.5min left in this row
    [dpy] chunk 7/448 (160 LOC) done in 1.4s - ~10.5min left in this row
    [dpy] chunk 8/448 (57 LOC) done in 1.5s - ~10.5min left in this row
    [dpy] chunk 9/448 (375 LOC) done in 1.5s - ~10.5min left in this row
    [dpy] chunk 10/448 (789 LOC) done in 1.5s - ~10.5min left in this row
    [dpy] chunk 11/448 (610 LOC) done in 1.5s - ~10.6min left in this row
    [dpy] chunk 12/448 (113 LOC) done in 1.4s - ~10.5min left in this row
    [dpy] chunk 13/448 (1593 LOC) done in 1.4s - ~10.4min left in this row
    [dpy] chunk 14/448 (1723 LOC) done in 1.6s - ~10.5min left in this row
    [dpy] chunk 15/448 (619 LOC) done in 1.3s - ~10.3min left in this row
    [dpy] chunk 16/448 (2189 LOC) done in 1.6s - ~10.4min left in this row
    [dpy] chunk 17/448 (567 LOC) done in 1.3s - ~10.3min left in this row
    [dpy] chunk 18/448 (183 LOC) done in 1.4s - ~10.3min left in this row
    [dpy] chunk 19/448 (49 LOC) done in 1.4s - ~10.3min left in this row
    [dpy] chunk 20/448 (37 LOC) done in 1.2s - ~10.2min left in this row
    [dpy] chunk 21/448 (256 LOC) done in 1.3s - ~10.1min left in this row
    [dpy] chunk 22/448 (514 LOC) done in 1.4s - ~10.1min left in this row
    [dpy] chunk 23/448 (163 LOC) done in 1.5s - ~10.1min left in this row
    [dpy] chunk 24/448 (4512 LOC) done in 1.7s - ~10.1min left in this row
    [dpy] chunk 25/448 (136 LOC) done in 1.5s - ~10.1min left in this row
    [dpy] chunk 26/448 (5241 LOC) done in 1.7s - ~10.2min left in this row
    [dpy] chunk 27/448 (643 LOC) done in 1.4s - ~10.2min left in this row
    [dpy] chunk 28/448 (776 LOC) done in 1.4s - ~10.1min left in this row
    [dpy] chunk 29/448 (788 LOC) done in 1.4s - ~10.1min left in this row
    [dpy] chunk 30/448 (782 LOC) done in 1.4s - ~10.0min left in this row
    [dpy] chunk 31/448 (883 LOC) done in 1.6s - ~10.1min left in this row
    [dpy] chunk 32/448 (75 LOC) done in 1.4s - ~10.0min left in this row
    [dpy] chunk 33/448 (112 LOC) done in 1.4s - ~10.0min left in this row
    [dpy] chunk 34/448 (1763 LOC) done in 1.4s - ~9.9min left in this row
    [dpy] chunk 35/448 (1612 LOC) done in 1.6s - ~9.9min left in this row
    [dpy] chunk 36/448 (109 LOC) done in 1.3s - ~9.9min left in this row
    [dpy] chunk 37/448 (999 LOC) done in 1.4s - ~9.8min left in this row
    [dpy] chunk 38/448 (149 LOC) done in 1.5s - ~9.8min left in this row
    [dpy] chunk 39/448 (193 LOC) done in 1.4s - ~9.8min left in this row
    [dpy] chunk 40/448 (16 LOC) done in 1.3s - ~9.8min left in this row
    [dpy] chunk 41/448 (497 LOC) done in 1.3s - ~9.7min left in this row
    [dpy] chunk 42/448 (1692 LOC) done in 1.4s - ~9.7min left in this row
    [dpy] chunk 43/448 (584 LOC) done in 1.3s - ~9.6min left in this row
    [dpy] chunk 44/448 (295 LOC) done in 1.2s - ~9.6min left in this row
    [dpy] chunk 45/448 (2855 LOC) done in 1.5s - ~9.5min left in this row
    [dpy] chunk 46/448 (1290 LOC) done in 1.5s - ~9.5min left in this row
    [dpy] chunk 47/448 (2456 LOC) done in 1.6s - ~9.5min left in this row
    [dpy] chunk 48/448 (728 LOC) done in 1.5s - ~9.5min left in this row
    [dpy] chunk 49/448 (105 LOC) done in 1.5s - ~9.5min left in this row
    [dpy] chunk 50/448 (34 LOC) done in 1.5s - ~9.5min left in this row
    [dpy] chunk 51/448 (3 LOC) done in 1.3s - ~9.5min left in this row
    [dpy] chunk 52/448 (3 LOC) done in 1.3s - ~9.4min left in this row
    [dpy] chunk 53/448 (223 LOC) done in 1.4s - ~9.4min left in this row
    [dpy] chunk 54/448 (1685 LOC) done in 1.5s - ~9.4min left in this row
    [dpy] chunk 55/448 (162 LOC) done in 1.4s - ~9.4min left in this row
    [dpy] chunk 56/448 (100 LOC) done in 1.2s - ~9.3min left in this row
    [dpy] chunk 57/448 (146 LOC) done in 1.3s - ~9.3min left in this row
    [dpy] chunk 58/448 (31 LOC) done in 1.4s - ~9.2min left in this row
    [dpy] chunk 59/448 (1909 LOC) done in 1.6s - ~9.3min left in this row
    [dpy] chunk 60/448 (7120 LOC) done in 1.6s - ~9.2min left in this row
    [dpy] chunk 61/448 (5982 LOC) done in 1.6s - ~9.2min left in this row
    [dpy] chunk 62/448 (50 LOC) done in 1.2s - ~9.2min left in this row
    [dpy] chunk 63/448 (1374 LOC) done in 1.6s - ~9.2min left in this row
    [dpy] chunk 64/448 (1493 LOC) done in 1.3s - ~9.1min left in this row
    [dpy] chunk 65/448 (157 LOC) done in 1.5s - ~9.1min left in this row
    [dpy] chunk 66/448 (153 LOC) done in 1.3s - ~9.1min left in this row
    [dpy] chunk 67/448 (1218 LOC) done in 1.5s - ~9.1min left in this row
    [dpy] chunk 68/448 (7239 LOC) done in 1.7s - ~9.1min left in this row
    [dpy] chunk 69/448 (698 LOC) done in 1.4s - ~9.1min left in this row
    [dpy] chunk 70/448 (3820 LOC) done in 1.7s - ~9.0min left in this row
    [dpy] chunk 71/448 (921 LOC) done in 1.4s - ~9.0min left in this row
    [dpy] chunk 72/448 (856 LOC) done in 1.5s - ~9.0min left in this row
    [dpy] chunk 73/448 (1125 LOC) done in 1.5s - ~9.0min left in this row
    [dpy] chunk 74/448 (254 LOC) done in 1.4s - ~9.0min left in this row
    [dpy] chunk 75/448 (1605 LOC) done in 1.4s - ~8.9min left in this row
    [dpy] chunk 76/448 (688 LOC) done in 1.3s - ~8.9min left in this row
    [dpy] chunk 77/448 (228 LOC) done in 1.3s - ~8.9min left in this row
    [dpy] chunk 78/448 (619 LOC) done in 1.4s - ~8.9min left in this row
    [dpy] chunk 79/448 (2631 LOC) done in 1.6s - ~8.8min left in this row
    [dpy] chunk 80/448 (1103 LOC) done in 1.6s - ~8.8min left in this row
    [dpy] chunk 81/448 (5799 LOC) done in 1.9s - ~8.8min left in this row
    [dpy] chunk 82/448 (3460 LOC) done in 1.5s - ~8.8min left in this row
    [dpy] chunk 83/448 (4825 LOC) done in 1.6s - ~8.8min left in this row
    [dpy] chunk 84/448 (6314 LOC) done in 1.8s - ~8.8min left in this row
    [dpy] chunk 85/448 (635 LOC) done in 1.3s - ~8.8min left in this row
    [dpy] chunk 86/448 (260 LOC) done in 1.4s - ~8.7min left in this row
    [dpy] chunk 87/448 (152 LOC) done in 1.3s - ~8.7min left in this row
    [dpy] chunk 88/448 (1017 LOC) done in 1.5s - ~8.7min left in this row
    [dpy] chunk 89/448 (520 LOC) done in 1.4s - ~8.7min left in this row
    [dpy] chunk 90/448 (26 LOC) done in 1.5s - ~8.6min left in this row
    [dpy] chunk 91/448 (3 LOC) done in 1.4s - ~8.6min left in this row
    [dpy] chunk 92/448 (997 LOC) done in 1.4s - ~8.6min left in this row
    [dpy] chunk 93/448 (1389 LOC) done in 1.3s - ~8.6min left in this row
    [dpy] chunk 94/448 (190 LOC) done in 1.4s - ~8.5min left in this row
    [dpy] chunk 95/448 (1857 LOC) done in 1.5s - ~8.5min left in this row
    [dpy] chunk 96/448 (1459 LOC) done in 1.4s - ~8.5min left in this row
    [dpy] chunk 97/448 (199 LOC) done in 1.2s - ~8.4min left in this row
    [dpy] chunk 98/448 (6 LOC) done in 1.3s - ~8.4min left in this row
    [dpy] chunk 99/448 (3533 LOC) done in 1.7s - ~8.4min left in this row
    [dpy] chunk 100/448 (2018 LOC) done in 1.5s - ~8.4min left in this row
    [dpy] chunk 101/448 (6507 LOC) done in 1.6s - ~8.4min left in this row
    [dpy] chunk 102/448 (1137 LOC) done in 1.5s - ~8.3min left in this row
    [dpy] chunk 103/448 (70 LOC) done in 1.3s - ~8.3min left in this row
    [dpy] chunk 104/448 (4623 LOC) done in 1.8s - ~8.3min left in this row
    [dpy] chunk 105/448 (7995 LOC) done in 1.8s - ~8.3min left in this row
    [dpy] chunk 106/448 (615 LOC) done in 1.3s - ~8.3min left in this row
    [dpy] chunk 107/448 (16 LOC) done in 1.3s - ~8.2min left in this row
    [dpy] chunk 108/448 (467 LOC) done in 1.5s - ~8.2min left in this row
    [dpy] chunk 109/448 (691 LOC) done in 1.5s - ~8.2min left in this row
    [dpy] chunk 110/448 (2054 LOC) done in 1.5s - ~8.2min left in this row
    [dpy] chunk 111/448 (632 LOC) done in 1.5s - ~8.1min left in this row
    [dpy] chunk 112/448 (451 LOC) done in 1.4s - ~8.1min left in this row
    [dpy] chunk 113/448 (2264 LOC) done in 1.5s - ~8.1min left in this row
    [dpy] chunk 114/448 (628 LOC) done in 1.4s - ~8.1min left in this row
    [dpy] chunk 115/448 (633 LOC) done in 1.4s - ~8.0min left in this row
    [dpy] chunk 116/448 (956 LOC) done in 1.4s - ~8.0min left in this row
    [dpy] chunk 117/448 (260 LOC) done in 1.5s - ~8.0min left in this row
    [dpy] chunk 118/448 (1105 LOC) done in 1.4s - ~8.0min left in this row
    [dpy] chunk 119/448 (13 LOC) done in 1.3s - ~7.9min left in this row
    [dpy] chunk 120/448 (240 LOC) done in 1.4s - ~7.9min left in this row
    [dpy] chunk 121/448 (1816 LOC) done in 1.5s - ~7.9min left in this row
    [dpy] chunk 122/448 (297 LOC) done in 1.4s - ~7.9min left in this row
    [dpy] chunk 123/448 (676 LOC) done in 1.5s - ~7.9min left in this row
    [dpy] chunk 124/448 (994 LOC) done in 1.5s - ~7.8min left in this row
    [dpy] chunk 125/448 (564 LOC) done in 1.3s - ~7.8min left in this row
    [dpy] chunk 126/448 (323 LOC) done in 1.5s - ~7.8min left in this row
    [dpy] chunk 127/448 (422 LOC) done in 1.2s - ~7.7min left in this row
    [dpy] chunk 128/448 (2573 LOC) done in 1.6s - ~7.7min left in this row
    [dpy] chunk 129/448 (331 LOC) done in 1.3s - ~7.7min left in this row
    [dpy] chunk 130/448 (270 LOC) done in 1.4s - ~7.7min left in this row
    [dpy] chunk 131/448 (259 LOC) done in 1.3s - ~7.6min left in this row
    [dpy] chunk 132/448 (645 LOC) done in 1.4s - ~7.6min left in this row
    [dpy] chunk 133/448 (932 LOC) done in 1.4s - ~7.6min left in this row
    [dpy] chunk 134/448 (245 LOC) done in 1.4s - ~7.6min left in this row
    [dpy] chunk 135/448 (70 LOC) done in 1.2s - ~7.5min left in this row
    [dpy] chunk 136/448 (1061 LOC) done in 1.5s - ~7.5min left in this row
    [dpy] chunk 137/448 (71 LOC) done in 1.4s - ~7.5min left in this row
    [dpy] chunk 138/448 (70 LOC) done in 1.4s - ~7.5min left in this row
    [dpy] chunk 139/448 (1055 LOC) done in 1.5s - ~7.4min left in this row
    [dpy] chunk 140/448 (330 LOC) done in 1.3s - ~7.4min left in this row
    [dpy] chunk 141/448 (7861 LOC) done in 2.0s - ~7.4min left in this row
    [dpy] chunk 142/448 (5153 LOC) done in 1.8s - ~7.4min left in this row
    [dpy] chunk 143/448 (384 LOC) done in 1.5s - ~7.4min left in this row
    [dpy] chunk 144/448 (797 LOC) done in 1.4s - ~7.3min left in this row
    [dpy] chunk 145/448 (95 LOC) done in 1.4s - ~7.3min left in this row
    [dpy] chunk 146/448 (67 LOC) done in 1.4s - ~7.3min left in this row
    [dpy] chunk 147/448 (70 LOC) done in 1.5s - ~7.3min left in this row
    [dpy] chunk 148/448 (1048 LOC) done in 1.6s - ~7.3min left in this row
    [dpy] chunk 149/448 (297 LOC) done in 1.7s - ~7.2min left in this row
    [dpy] chunk 150/448 (79 LOC) done in 1.5s - ~7.2min left in this row
    [dpy] chunk 151/448 (67 LOC) done in 1.4s - ~7.2min left in this row
    [dpy] chunk 152/448 (157 LOC) done in 1.5s - ~7.2min left in this row
    [dpy] chunk 153/448 (351 LOC) done in 1.4s - ~7.1min left in this row
    [dpy] chunk 154/448 (897 LOC) done in 1.4s - ~7.1min left in this row
    [dpy] chunk 155/448 (557 LOC) done in 1.3s - ~7.1min left in this row
    [dpy] chunk 156/448 (71 LOC) done in 1.4s - ~7.1min left in this row
    [dpy] chunk 157/448 (146 LOC) done in 1.4s - ~7.0min left in this row
    [dpy] chunk 158/448 (99 LOC) done in 1.3s - ~7.0min left in this row
    [dpy] chunk 159/448 (16 LOC) done in 1.5s - ~7.0min left in this row
    [dpy] chunk 160/448 (4129 LOC) done in 1.6s - ~7.0min left in this row
    [dpy] chunk 161/448 (908 LOC) done in 1.4s - ~6.9min left in this row
    [dpy] chunk 162/448 (270 LOC) done in 1.4s - ~6.9min left in this row
    [dpy] chunk 163/448 (68 LOC) done in 1.3s - ~6.9min left in this row
    [dpy] chunk 164/448 (70 LOC) done in 1.4s - ~6.9min left in this row
    [dpy] chunk 165/448 (69 LOC) done in 1.6s - ~6.8min left in this row
    [dpy] chunk 166/448 (415 LOC) done in 1.4s - ~6.8min left in this row
    [dpy] chunk 167/448 (2419 LOC) done in 1.7s - ~6.8min left in this row
    [dpy] chunk 168/448 (71 LOC) done in 1.3s - ~6.8min left in this row
    [dpy] chunk 169/448 (69 LOC) done in 1.3s - ~6.7min left in this row
    [dpy] chunk 170/448 (16 LOC) done in 1.3s - ~6.7min left in this row
    [dpy] chunk 171/448 (70 LOC) done in 1.4s - ~6.7min left in this row
    [dpy] chunk 172/448 (70 LOC) done in 1.4s - ~6.7min left in this row
    [dpy] chunk 173/448 (873 LOC) done in 1.3s - ~6.6min left in this row
    [dpy] chunk 174/448 (16 LOC) done in 1.4s - ~6.6min left in this row
    [dpy] chunk 175/448 (71 LOC) done in 1.4s - ~6.6min left in this row
    [dpy] chunk 176/448 (68 LOC) done in 1.3s - ~6.6min left in this row
    [dpy] chunk 177/448 (70 LOC) done in 1.4s - ~6.5min left in this row
    [dpy] chunk 178/448 (71 LOC) done in 1.4s - ~6.5min left in this row
    [dpy] chunk 179/448 (414 LOC) done in 1.4s - ~6.5min left in this row
    [dpy] chunk 180/448 (110 LOC) done in 1.3s - ~6.5min left in this row
    [dpy] chunk 181/448 (70 LOC) done in 1.5s - ~6.4min left in this row
    [dpy] chunk 182/448 (70 LOC) done in 1.5s - ~6.4min left in this row
    [dpy] chunk 183/448 (70 LOC) done in 1.5s - ~6.4min left in this row
    [dpy] chunk 184/448 (665 LOC) done in 1.9s - ~6.4min left in this row
    [dpy] chunk 185/448 (68 LOC) done in 1.6s - ~6.4min left in this row
    [dpy] chunk 186/448 (68 LOC) done in 1.2s - ~6.3min left in this row
    [dpy] chunk 187/448 (70 LOC) done in 1.4s - ~6.3min left in this row
    [dpy] chunk 188/448 (68 LOC) done in 1.4s - ~6.3min left in this row
    [dpy] chunk 189/448 (16 LOC) done in 1.2s - ~6.2min left in this row
    [dpy] chunk 190/448 (134 LOC) done in 1.3s - ~6.2min left in this row
    [dpy] chunk 191/448 (104 LOC) done in 1.4s - ~6.2min left in this row
    [dpy] chunk 192/448 (70 LOC) done in 1.3s - ~6.2min left in this row
    [dpy] chunk 193/448 (70 LOC) done in 1.3s - ~6.1min left in this row
    [dpy] chunk 194/448 (70 LOC) done in 1.3s - ~6.1min left in this row
    [dpy] chunk 195/448 (67 LOC) done in 1.4s - ~6.1min left in this row
    [dpy] chunk 196/448 (16 LOC) done in 1.4s - ~6.1min left in this row
    [dpy] chunk 197/448 (68 LOC) done in 1.4s - ~6.0min left in this row
    [dpy] chunk 198/448 (71 LOC) done in 1.4s - ~6.0min left in this row
    [dpy] chunk 199/448 (69 LOC) done in 1.5s - ~6.0min left in this row
    [dpy] chunk 200/448 (85 LOC) done in 1.5s - ~6.0min left in this row
    [dpy] chunk 201/448 (3158 LOC) done in 1.7s - ~6.0min left in this row
    [dpy] chunk 202/448 (5047 LOC) done in 1.8s - ~5.9min left in this row
    [dpy] chunk 203/448 (9 LOC) done in 1.4s - ~5.9min left in this row
    [dpy] chunk 204/448 (720 LOC) done in 1.4s - ~5.9min left in this row
    [dpy] chunk 205/448 (789 LOC) done in 1.5s - ~5.9min left in this row
    [dpy] chunk 206/448 (104 LOC) done in 1.4s - ~5.8min left in this row
    [dpy] chunk 207/448 (3085 LOC) done in 1.6s - ~5.8min left in this row
    [dpy] chunk 208/448 (2034 LOC) done in 1.7s - ~5.8min left in this row
    [dpy] chunk 209/448 (392 LOC) done in 1.5s - ~5.8min left in this row
    [dpy] chunk 210/448 (925 LOC) done in 1.4s - ~5.7min left in this row
    [dpy] chunk 211/448 (913 LOC) done in 1.4s - ~5.7min left in this row
    [dpy] chunk 212/448 (70 LOC) done in 1.5s - ~5.7min left in this row
    [dpy] chunk 213/448 (114 LOC) done in 1.4s - ~5.7min left in this row
    [dpy] chunk 214/448 (761 LOC) done in 1.4s - ~5.7min left in this row
    [dpy] chunk 215/448 (77 LOC) done in 1.4s - ~5.6min left in this row
    [dpy] chunk 216/448 (71 LOC) done in 1.4s - ~5.6min left in this row
    [dpy] chunk 217/448 (70 LOC) done in 1.4s - ~5.6min left in this row
    [dpy] chunk 218/448 (71 LOC) done in 1.5s - ~5.6min left in this row
    [dpy] chunk 219/448 (500 LOC) done in 1.5s - ~5.5min left in this row
    [dpy] chunk 220/448 (501 LOC) done in 1.5s - ~5.5min left in this row
    [dpy] chunk 221/448 (70 LOC) done in 1.4s - ~5.5min left in this row
    [dpy] chunk 222/448 (173 LOC) done in 1.4s - ~5.5min left in this row
    [dpy] chunk 223/448 (16 LOC) done in 1.6s - ~5.4min left in this row
    [dpy] chunk 224/448 (115 LOC) done in 1.4s - ~5.4min left in this row
    [dpy] chunk 225/448 (41034 LOC) done in 2.6s - ~5.4min left in this row
    [dpy] chunk 226/448 (2570 LOC) done in 1.7s - ~5.4min left in this row
    [dpy] chunk 227/448 (2351 LOC) done in 1.7s - ~5.4min left in this row
    [dpy] chunk 228/448 (8 LOC) done in 1.5s - ~5.3min left in this row
    [dpy] chunk 229/448 (713 LOC) done in 1.5s - ~5.3min left in this row
    [dpy] chunk 230/448 (70 LOC) done in 1.5s - ~5.3min left in this row
    [dpy] chunk 231/448 (129 LOC) done in 1.3s - ~5.3min left in this row
    [dpy] chunk 232/448 (70 LOC) done in 1.5s - ~5.2min left in this row
    [dpy] chunk 233/448 (70 LOC) done in 1.4s - ~5.2min left in this row
    [dpy] chunk 234/448 (5027 LOC) done in 1.7s - ~5.2min left in this row
    [dpy] chunk 235/448 (2667 LOC) done in 1.7s - ~5.2min left in this row
    [dpy] chunk 236/448 (1308 LOC) done in 1.5s - ~5.2min left in this row
    [dpy] chunk 237/448 (136 LOC) done in 1.5s - ~5.1min left in this row
    [dpy] chunk 238/448 (260 LOC) done in 1.4s - ~5.1min left in this row
    [dpy] chunk 239/448 (1077 LOC) done in 1.5s - ~5.1min left in this row
    [dpy] chunk 240/448 (68 LOC) done in 1.5s - ~5.1min left in this row
    [dpy] chunk 241/448 (1536 LOC) done in 1.6s - ~5.0min left in this row
    [dpy] chunk 242/448 (1565 LOC) done in 1.7s - ~5.0min left in this row
    [dpy] chunk 243/448 (71 LOC) done in 1.4s - ~5.0min left in this row
    [dpy] chunk 244/448 (552 LOC) done in 1.5s - ~5.0min left in this row
    [dpy] chunk 245/448 (410 LOC) done in 1.5s - ~4.9min left in this row
    [dpy] chunk 246/448 (69 LOC) done in 1.4s - ~4.9min left in this row
    [dpy] chunk 247/448 (70 LOC) done in 1.5s - ~4.9min left in this row
    [dpy] chunk 248/448 (907 LOC) done in 1.5s - ~4.9min left in this row
    [dpy] chunk 249/448 (70 LOC) done in 1.4s - ~4.8min left in this row
    [dpy] chunk 250/448 (70 LOC) done in 1.5s - ~4.8min left in this row
    [dpy] chunk 251/448 (6589 LOC) done in 1.9s - ~4.8min left in this row
    [dpy] chunk 252/448 (70 LOC) done in 1.4s - ~4.8min left in this row
    [dpy] chunk 253/448 (1681 LOC) done in 1.6s - ~4.8min left in this row
    [dpy] chunk 254/448 (254 LOC) done in 1.5s - ~4.7min left in this row
    [dpy] chunk 255/448 (660 LOC) done in 1.5s - ~4.7min left in this row
    [dpy] chunk 256/448 (70 LOC) done in 1.4s - ~4.7min left in this row
    [dpy] chunk 257/448 (70 LOC) done in 1.5s - ~4.7min left in this row
    [dpy] chunk 258/448 (1798 LOC) done in 1.5s - ~4.6min left in this row
    [dpy] chunk 259/448 (219 LOC) done in 1.4s - ~4.6min left in this row
    [dpy] chunk 260/448 (3237 LOC) done in 1.6s - ~4.6min left in this row
    [dpy] chunk 261/448 (70 LOC) done in 1.5s - ~4.6min left in this row
    [dpy] chunk 262/448 (16 LOC) done in 1.4s - ~4.5min left in this row
    [dpy] chunk 263/448 (70 LOC) done in 1.4s - ~4.5min left in this row
    [dpy] chunk 264/448 (65 LOC) done in 1.5s - ~4.5min left in this row
    [dpy] chunk 265/448 (1178 LOC) done in 1.5s - ~4.5min left in this row
    [dpy] chunk 266/448 (856 LOC) done in 1.5s - ~4.4min left in this row
    [dpy] chunk 267/448 (666 LOC) done in 1.5s - ~4.4min left in this row
    [dpy] chunk 268/448 (71 LOC) done in 1.4s - ~4.4min left in this row
    [dpy] chunk 269/448 (70 LOC) done in 1.4s - ~4.4min left in this row
    [dpy] chunk 270/448 (396 LOC) done in 1.5s - ~4.3min left in this row
    [dpy] chunk 271/448 (2023 LOC) done in 1.7s - ~4.3min left in this row
    [dpy] chunk 272/448 (68 LOC) done in 1.5s - ~4.3min left in this row
    [dpy] chunk 273/448 (945 LOC) done in 1.5s - ~4.3min left in this row
    [dpy] chunk 274/448 (68 LOC) done in 1.5s - ~4.2min left in this row
    [dpy] chunk 275/448 (739 LOC) done in 1.6s - ~4.2min left in this row
    [dpy] chunk 276/448 (442 LOC) done in 1.5s - ~4.2min left in this row
    [dpy] chunk 277/448 (71 LOC) done in 1.5s - ~4.2min left in this row
    [dpy] chunk 278/448 (70 LOC) done in 1.4s - ~4.2min left in this row
    [dpy] chunk 279/448 (68 LOC) done in 1.4s - ~4.1min left in this row
    [dpy] chunk 280/448 (70 LOC) done in 1.5s - ~4.1min left in this row
    [dpy] chunk 281/448 (70 LOC) done in 1.4s - ~4.1min left in this row
    [dpy] chunk 282/448 (1223 LOC) done in 1.5s - ~4.1min left in this row
    [dpy] chunk 283/448 (70 LOC) done in 1.4s - ~4.0min left in this row
    [dpy] chunk 284/448 (60 LOC) done in 1.4s - ~4.0min left in this row
    [dpy] chunk 285/448 (757 LOC) done in 1.6s - ~4.0min left in this row
    [dpy] chunk 286/448 (832 LOC) done in 1.4s - ~4.0min left in this row
    [dpy] chunk 287/448 (1249 LOC) done in 1.5s - ~3.9min left in this row
    [dpy] chunk 288/448 (71 LOC) done in 1.4s - ~3.9min left in this row
    [dpy] chunk 289/448 (2473 LOC) done in 1.6s - ~3.9min left in this row
    [dpy] chunk 290/448 (1561 LOC) done in 1.6s - ~3.9min left in this row
    [dpy] chunk 291/448 (16 LOC) done in 1.5s - ~3.8min left in this row
    [dpy] chunk 292/448 (16 LOC) done in 1.4s - ~3.8min left in this row
    [dpy] chunk 293/448 (156 LOC) done in 1.5s - ~3.8min left in this row
    [dpy] chunk 294/448 (16 LOC) done in 1.3s - ~3.8min left in this row
    [dpy] chunk 295/448 (70 LOC) done in 1.5s - ~3.7min left in this row
    [dpy] chunk 296/448 (70 LOC) done in 1.4s - ~3.7min left in this row
    [dpy] chunk 297/448 (631 LOC) done in 1.6s - ~3.7min left in this row
    [dpy] chunk 298/448 (71 LOC) done in 1.3s - ~3.7min left in this row
    [dpy] chunk 299/448 (68 LOC) done in 1.5s - ~3.6min left in this row
    [dpy] chunk 300/448 (1172 LOC) done in 1.5s - ~3.6min left in this row
    [dpy] chunk 301/448 (70 LOC) done in 1.4s - ~3.6min left in this row
    [dpy] chunk 302/448 (1007 LOC) done in 1.5s - ~3.6min left in this row
    [dpy] chunk 303/448 (70 LOC) done in 1.4s - ~3.5min left in this row
    [dpy] chunk 304/448 (110 LOC) done in 1.4s - ~3.5min left in this row
    [dpy] chunk 305/448 (70 LOC) done in 1.4s - ~3.5min left in this row
    [dpy] chunk 306/448 (70 LOC) done in 1.4s - ~3.5min left in this row
    [dpy] chunk 307/448 (62 LOC) done in 1.4s - ~3.4min left in this row
    [dpy] chunk 308/448 (16 LOC) done in 1.4s - ~3.4min left in this row
    [dpy] chunk 309/448 (1604 LOC) done in 1.6s - ~3.4min left in this row
    [dpy] chunk 310/448 (70 LOC) done in 1.5s - ~3.4min left in this row
    [dpy] chunk 311/448 (69 LOC) done in 1.4s - ~3.3min left in this row
    [dpy] chunk 312/448 (1489 LOC) done in 1.6s - ~3.3min left in this row
    [dpy] chunk 313/448 (121 LOC) done in 1.4s - ~3.3min left in this row
    [dpy] chunk 314/448 (70 LOC) done in 1.4s - ~3.3min left in this row
    [dpy] chunk 315/448 (437 LOC) done in 1.5s - ~3.2min left in this row
    [dpy] chunk 316/448 (130 LOC) done in 1.5s - ~3.2min left in this row
    [dpy] chunk 317/448 (1336 LOC) done in 1.5s - ~3.2min left in this row
    [dpy] chunk 318/448 (554 LOC) done in 1.4s - ~3.2min left in this row
    [dpy] chunk 319/448 (70 LOC) done in 1.3s - ~3.1min left in this row
    [dpy] chunk 320/448 (70 LOC) done in 1.3s - ~3.1min left in this row
    [dpy] chunk 321/448 (70 LOC) done in 1.2s - ~3.1min left in this row
    [dpy] chunk 322/448 (1641 LOC) done in 1.5s - ~3.1min left in this row
    [dpy] chunk 323/448 (165 LOC) done in 1.4s - ~3.0min left in this row
    [dpy] chunk 324/448 (229 LOC) done in 1.4s - ~3.0min left in this row
    [dpy] chunk 325/448 (65 LOC) done in 1.4s - ~3.0min left in this row
    [dpy] chunk 326/448 (69 LOC) done in 1.4s - ~3.0min left in this row
    [dpy] chunk 327/448 (147 LOC) done in 1.4s - ~3.0min left in this row
    [dpy] chunk 328/448 (71 LOC) done in 1.4s - ~2.9min left in this row
    [dpy] chunk 329/448 (71 LOC) done in 1.4s - ~2.9min left in this row
    [dpy] chunk 330/448 (16 LOC) done in 1.5s - ~2.9min left in this row
    [dpy] chunk 331/448 (402 LOC) done in 1.4s - ~2.9min left in this row
    [dpy] chunk 332/448 (70 LOC) done in 1.5s - ~2.8min left in this row
    [dpy] chunk 333/448 (195 LOC) done in 1.4s - ~2.8min left in this row
    [dpy] chunk 334/448 (180 LOC) done in 1.3s - ~2.8min left in this row
    [dpy] chunk 335/448 (84 LOC) done in 1.5s - ~2.8min left in this row
    [dpy] chunk 336/448 (70 LOC) done in 1.4s - ~2.7min left in this row
    [dpy] chunk 337/448 (68 LOC) done in 1.4s - ~2.7min left in this row
    [dpy] chunk 338/448 (183 LOC) done in 1.5s - ~2.7min left in this row
    [dpy] chunk 339/448 (70 LOC) done in 1.4s - ~2.7min left in this row
    [dpy] chunk 340/448 (134 LOC) done in 1.5s - ~2.6min left in this row
    [dpy] chunk 341/448 (259 LOC) done in 1.4s - ~2.6min left in this row
    [dpy] chunk 342/448 (237 LOC) done in 1.4s - ~2.6min left in this row
    [dpy] chunk 343/448 (564 LOC) done in 1.5s - ~2.6min left in this row
    [dpy] chunk 344/448 (1078 LOC) done in 1.5s - ~2.5min left in this row
    [dpy] chunk 345/448 (70 LOC) done in 1.4s - ~2.5min left in this row
    [dpy] chunk 346/448 (68 LOC) done in 1.5s - ~2.5min left in this row
    [dpy] chunk 347/448 (659 LOC) done in 1.5s - ~2.5min left in this row
    [dpy] chunk 348/448 (16 LOC) done in 1.4s - ~2.4min left in this row
    [dpy] chunk 349/448 (71 LOC) done in 1.5s - ~2.4min left in this row
    [dpy] chunk 350/448 (93 LOC) done in 1.4s - ~2.4min left in this row
    [dpy] chunk 351/448 (70 LOC) done in 1.5s - ~2.4min left in this row
    [dpy] chunk 352/448 (1467 LOC) done in 1.5s - ~2.3min left in this row
    [dpy] chunk 353/448 (70 LOC) done in 1.4s - ~2.3min left in this row
    [dpy] chunk 354/448 (143 LOC) done in 1.4s - ~2.3min left in this row
    [dpy] chunk 355/448 (3565 LOC) done in 1.6s - ~2.3min left in this row
    [dpy] chunk 356/448 (4415 LOC) done in 1.8s - ~2.2min left in this row
    [dpy] chunk 357/448 (231 LOC) done in 1.5s - ~2.2min left in this row
    [dpy] chunk 358/448 (71 LOC) done in 1.4s - ~2.2min left in this row
    [dpy] chunk 359/448 (16 LOC) done in 1.4s - ~2.2min left in this row
    [dpy] chunk 360/448 (423 LOC) done in 1.4s - ~2.1min left in this row
    [dpy] chunk 361/448 (162 LOC) done in 1.5s - ~2.1min left in this row
    [dpy] chunk 362/448 (70 LOC) done in 1.4s - ~2.1min left in this row
    [dpy] chunk 363/448 (638 LOC) done in 1.6s - ~2.1min left in this row
    [dpy] chunk 364/448 (116 LOC) done in 1.5s - ~2.0min left in this row
    [dpy] chunk 365/448 (68 LOC) done in 1.4s - ~2.0min left in this row
    [dpy] chunk 366/448 (357 LOC) done in 1.4s - ~2.0min left in this row
    [dpy] chunk 367/448 (116 LOC) done in 1.5s - ~2.0min left in this row
    [dpy] chunk 368/448 (16 LOC) done in 1.4s - ~2.0min left in this row
    [dpy] chunk 369/448 (638 LOC) done in 1.5s - ~1.9min left in this row
    [dpy] chunk 370/448 (16 LOC) done in 1.4s - ~1.9min left in this row
    [dpy] chunk 371/448 (3766 LOC) done in 1.7s - ~1.9min left in this row
    [dpy] chunk 372/448 (64 LOC) done in 1.5s - ~1.9min left in this row
    [dpy] chunk 373/448 (29442 LOC) done in 2.9s - ~1.8min left in this row
    [dpy] chunk 374/448 (1163 LOC) done in 1.6s - ~1.8min left in this row
    [dpy] chunk 375/448 (1043 LOC) done in 1.5s - ~1.8min left in this row
    [dpy] chunk 376/448 (3854 LOC) done in 1.7s - ~1.8min left in this row
    [dpy] chunk 377/448 (9 LOC) done in 1.4s - ~1.7min left in this row
    [dpy] chunk 378/448 (67 LOC) done in 1.4s - ~1.7min left in this row
    [dpy] chunk 379/448 (14 LOC) done in 1.5s - ~1.7min left in this row
    [dpy] chunk 380/448 (1169 LOC) done in 1.5s - ~1.7min left in this row
    [dpy] chunk 381/448 (70 LOC) done in 1.4s - ~1.6min left in this row
    [dpy] chunk 382/448 (70 LOC) done in 1.4s - ~1.6min left in this row
    [dpy] chunk 383/448 (460 LOC) done in 1.5s - ~1.6min left in this row
    [dpy] chunk 384/448 (1292 LOC) done in 1.5s - ~1.6min left in this row
    [dpy] chunk 385/448 (16 LOC) done in 1.4s - ~1.5min left in this row
    [dpy] chunk 386/448 (70 LOC) done in 1.4s - ~1.5min left in this row
    [dpy] chunk 387/448 (71 LOC) done in 1.5s - ~1.5min left in this row
    [dpy] chunk 388/448 (97 LOC) done in 1.5s - ~1.5min left in this row
    [dpy] chunk 389/448 (71 LOC) done in 1.4s - ~1.4min left in this row
    [dpy] chunk 390/448 (212 LOC) done in 1.5s - ~1.4min left in this row
    [dpy] chunk 391/448 (70 LOC) done in 1.5s - ~1.4min left in this row
    [dpy] chunk 392/448 (17 LOC) done in 1.4s - ~1.4min left in this row
    [dpy] chunk 393/448 (1654 LOC) done in 1.6s - ~1.3min left in this row
    [dpy] chunk 394/448 (7165 LOC) done in 2.1s - ~1.3min left in this row
    [dpy] chunk 395/448 (9 LOC) done in 1.3s - ~1.3min left in this row
    [dpy] chunk 396/448 (70 LOC) done in 1.4s - ~1.3min left in this row
    [dpy] chunk 397/448 (366 LOC) done in 1.4s - ~1.2min left in this row
    [dpy] chunk 398/448 (821 LOC) done in 1.6s - ~1.2min left in this row
    [dpy] chunk 399/448 (59 LOC) done in 1.5s - ~1.2min left in this row
    [dpy] chunk 400/448 (16 LOC) done in 1.4s - ~1.2min left in this row
    [dpy] chunk 401/448 (148 LOC) done in 1.3s - ~1.2min left in this row
    [dpy] chunk 402/448 (16 LOC) done in 1.5s - ~1.1min left in this row
    [dpy] chunk 403/448 (1752 LOC) done in 1.6s - ~1.1min left in this row
    [dpy] chunk 404/448 (70 LOC) done in 1.5s - ~1.1min left in this row
    [dpy] chunk 405/448 (70 LOC) done in 1.4s - ~1.1min left in this row
    [dpy] chunk 406/448 (70 LOC) done in 1.5s - ~1.0min left in this row
    [dpy] chunk 407/448 (70 LOC) done in 1.5s - ~1.0min left in this row
    [dpy] chunk 408/448 (841 LOC) done in 1.5s - ~1.0min left in this row
    [dpy] chunk 409/448 (206 LOC) done in 1.4s - ~1.0min left in this row
    [dpy] chunk 410/448 (705 LOC) done in 1.4s - ~0.9min left in this row
    [dpy] chunk 411/448 (68 LOC) done in 1.4s - ~0.9min left in this row
    [dpy] chunk 412/448 (1329 LOC) done in 1.6s - ~0.9min left in this row
    [dpy] chunk 413/448 (70 LOC) done in 1.5s - ~0.9min left in this row
    [dpy] chunk 414/448 (70 LOC) done in 1.4s - ~0.8min left in this row
    [dpy] chunk 415/448 (70 LOC) done in 1.4s - ~0.8min left in this row
    [dpy] chunk 416/448 (187 LOC) done in 1.4s - ~0.8min left in this row
    [dpy] chunk 417/448 (70 LOC) done in 1.5s - ~0.8min left in this row
    [dpy] chunk 418/448 (416 LOC) done in 1.5s - ~0.7min left in this row
    [dpy] chunk 419/448 (70 LOC) done in 1.4s - ~0.7min left in this row
    [dpy] chunk 420/448 (70 LOC) done in 1.5s - ~0.7min left in this row
    [dpy] chunk 421/448 (71 LOC) done in 1.4s - ~0.7min left in this row
    [dpy] chunk 422/448 (70 LOC) done in 1.5s - ~0.6min left in this row
    [dpy] chunk 423/448 (404 LOC) done in 1.5s - ~0.6min left in this row
    [dpy] chunk 424/448 (559 LOC) done in 1.4s - ~0.6min left in this row
    [dpy] chunk 425/448 (68 LOC) done in 1.4s - ~0.6min left in this row
    [dpy] chunk 426/448 (116 LOC) done in 1.5s - ~0.5min left in this row
    [dpy] chunk 427/448 (70 LOC) done in 1.4s - ~0.5min left in this row
    [dpy] chunk 428/448 (68 LOC) done in 1.3s - ~0.5min left in this row
    [dpy] chunk 429/448 (71 LOC) done in 1.5s - ~0.5min left in this row
    [dpy] chunk 430/448 (71 LOC) done in 1.6s - ~0.4min left in this row
    [dpy] chunk 431/448 (365 LOC) done in 1.5s - ~0.4min left in this row
    [dpy] chunk 432/448 (253 LOC) done in 1.5s - ~0.4min left in this row
    [dpy] chunk 433/448 (67 LOC) done in 1.6s - ~0.4min left in this row
    [dpy] chunk 434/448 (428 LOC) done in 1.5s - ~0.3min left in this row
    [dpy] chunk 435/448 (70 LOC) done in 1.5s - ~0.3min left in this row
    [dpy] chunk 436/448 (156 LOC) done in 1.5s - ~0.3min left in this row
    [dpy] chunk 437/448 (615 LOC) done in 1.5s - ~0.3min left in this row
    [dpy] chunk 438/448 (70 LOC) done in 1.4s - ~0.2min left in this row
    [dpy] chunk 439/448 (774 LOC) done in 1.5s - ~0.2min left in this row
    [dpy] chunk 440/448 (70 LOC) done in 1.4s - ~0.2min left in this row
    [dpy] chunk 441/448 (92 LOC) done in 1.4s - ~0.2min left in this row
    [dpy] chunk 442/448 (4140 LOC) done in 2.0s - ~0.1min left in this row
    [dpy] chunk 443/448 (182 LOC) done in 1.4s - ~0.1min left in this row
    [dpy] chunk 444/448 (68 LOC) done in 1.5s - ~0.1min left in this row
    [dpy] chunk 445/448 (328 LOC) done in 1.5s - ~0.1min left in this row
    [dpy] chunk 446/448 (1459 LOC) done in 1.5s - ~0.0min left in this row
    [dpy] chunk 447/448 (213 LOC) done in 1.4s - ~0.0min left in this row
    [dpy] chunk 448/448 (723 LOC) done in 1.5s - ~0.0min left in this row
  [ok] (57/192) airbytehq/airbyte A2 2024-06-21 @45c6b04d
  [row] (58/192) starting airbytehq/airbyte A2 2024-07-21 @e5a1cb49
    [dpy] WARNING: 2 chunk(s) still over 8000 LOC and can't be split further (no subdirectories) - DPy will skip CSV export for these: ['C:\\Users\\kvrlv\\AppData\\Local\\Temp\\dpy_chunks_0io_8gdg\\loose__root__airbyte-integrations__connectors__source-github__source_github__loose1', 'C:\\Users\\kvrlv\\AppData\\Local\\Temp\\dpy_chunks_0io_8gdg\\loose__root__airbyte-integrations__connectors__source-shopify__source_shopify__shopify_graphql__loose1']
    [dpy] 450 chunk(s) planned, 409877 total LOC
    [dpy] chunk 1/450 (605 LOC) done in 2.0s - ~15.2min left in this row
    [dpy] chunk 2/450 (1130 LOC) done in 2.5s - ~16.9min left in this row
    [dpy] chunk 3/450 (70 LOC) done in 1.8s - ~15.8min left in this row
    [dpy] chunk 4/450 (584 LOC) done in 2.2s - ~15.9min left in this row
    [dpy] chunk 5/450 (741 LOC) done in 2.3s - ~16.1min left in this row
    [dpy] chunk 6/450 (89 LOC) done in 1.7s - ~15.4min left in this row
    [dpy] chunk 7/450 (160 LOC) done in 2.3s - ~15.7min left in this row
    [dpy] chunk 8/450 (107 LOC) done in 1.9s - ~15.5min left in this row
    [dpy] chunk 9/450 (375 LOC) done in 2.1s - ~15.4min left in this row
    [dpy] chunk 10/450 (789 LOC) done in 2.2s - ~15.4min left in this row
    [dpy] chunk 11/450 (621 LOC) done in 1.8s - ~15.2min left in this row
    [dpy] chunk 12/450 (113 LOC) done in 2.0s - ~15.2min left in this row
    [dpy] chunk 13/450 (1621 LOC) done in 2.1s - ~15.1min left in this row
    [dpy] chunk 14/450 (1761 LOC) done in 2.1s - ~15.1min left in this row
    [dpy] chunk 15/450 (655 LOC) done in 2.0s - ~15.1min left in this row
    [dpy] chunk 16/450 (2204 LOC) done in 2.0s - ~15.0min left in this row
    [dpy] chunk 17/450 (567 LOC) done in 2.1s - ~15.0min left in this row
    [dpy] chunk 18/450 (183 LOC) done in 1.9s - ~14.9min left in this row
    [dpy] chunk 19/450 (49 LOC) done in 1.9s - ~14.8min left in this row
    [dpy] chunk 20/450 (37 LOC) done in 2.0s - ~14.7min left in this row
    [dpy] chunk 21/450 (256 LOC) done in 1.8s - ~14.6min left in this row
    [dpy] chunk 22/450 (522 LOC) done in 2.1s - ~14.6min left in this row
    [dpy] chunk 23/450 (163 LOC) done in 2.0s - ~14.6min left in this row
    [dpy] chunk 24/450 (4542 LOC) done in 2.4s - ~14.6min left in this row
    [dpy] chunk 25/450 (136 LOC) done in 1.9s - ~14.6min left in this row
    [dpy] chunk 26/450 (5649 LOC) done in 2.6s - ~14.7min left in this row
    [dpy] chunk 27/450 (643 LOC) done in 1.7s - ~14.5min left in this row
    [dpy] chunk 28/450 (786 LOC) done in 2.1s - ~14.5min left in this row
    [dpy] chunk 29/450 (792 LOC) done in 2.0s - ~14.5min left in this row
    [dpy] chunk 30/450 (825 LOC) done in 2.0s - ~14.4min left in this row
    [dpy] chunk 31/450 (889 LOC) done in 2.1s - ~14.4min left in this row
    [dpy] chunk 32/450 (75 LOC) done in 1.9s - ~14.3min left in this row
    [dpy] chunk 33/450 (112 LOC) done in 1.7s - ~14.2min left in this row
    [dpy] chunk 34/450 (1773 LOC) done in 1.9s - ~14.2min left in this row
    [dpy] chunk 35/450 (1612 LOC) done in 1.9s - ~14.1min left in this row
    [dpy] chunk 36/450 (164 LOC) done in 1.8s - ~14.0min left in this row
    [dpy] chunk 37/450 (999 LOC) done in 1.9s - ~14.0min left in this row
    [dpy] chunk 38/450 (148 LOC) done in 1.8s - ~13.9min left in this row
    [dpy] chunk 39/450 (193 LOC) done in 1.8s - ~13.8min left in this row
    [dpy] chunk 40/450 (36 LOC) done in 1.8s - ~13.7min left in this row
    [dpy] chunk 41/450 (535 LOC) done in 1.9s - ~13.7min left in this row
    [dpy] chunk 42/450 (1692 LOC) done in 1.9s - ~13.6min left in this row
    [dpy] chunk 43/450 (609 LOC) done in 1.8s - ~13.6min left in this row
    [dpy] chunk 44/450 (295 LOC) done in 1.8s - ~13.5min left in this row
    [dpy] chunk 45/450 (2902 LOC) done in 1.8s - ~13.5min left in this row
    [dpy] chunk 46/450 (1756 LOC) done in 2.1s - ~13.4min left in this row
    [dpy] chunk 47/450 (2539 LOC) done in 2.0s - ~13.4min left in this row
    [dpy] chunk 48/450 (732 LOC) done in 1.9s - ~13.4min left in this row
    [dpy] chunk 49/450 (105 LOC) done in 1.9s - ~13.3min left in this row
    [dpy] chunk 50/450 (34 LOC) done in 1.8s - ~13.3min left in this row
    [dpy] chunk 51/450 (3 LOC) done in 1.8s - ~13.2min left in this row
    [dpy] chunk 52/450 (3 LOC) done in 1.9s - ~13.2min left in this row
    [dpy] chunk 53/450 (223 LOC) done in 1.9s - ~13.1min left in this row
    [dpy] chunk 54/450 (1685 LOC) done in 2.1s - ~13.1min left in this row
    [dpy] chunk 55/450 (162 LOC) done in 2.0s - ~13.1min left in this row
    [dpy] chunk 56/450 (100 LOC) done in 1.9s - ~13.0min left in this row
    [dpy] chunk 57/450 (146 LOC) done in 1.8s - ~13.0min left in this row
    [dpy] chunk 58/450 (31 LOC) done in 1.9s - ~12.9min left in this row
    [dpy] chunk 59/450 (1909 LOC) done in 2.0s - ~12.9min left in this row
    [dpy] chunk 60/450 (7264 LOC) done in 2.1s - ~12.9min left in this row
    [dpy] chunk 61/450 (5982 LOC) done in 2.0s - ~12.8min left in this row
    [dpy] chunk 62/450 (50 LOC) done in 1.8s - ~12.8min left in this row
    [dpy] chunk 63/450 (1375 LOC) done in 2.0s - ~12.8min left in this row
    [dpy] chunk 64/450 (1495 LOC) done in 1.9s - ~12.7min left in this row
    [dpy] chunk 65/450 (157 LOC) done in 1.9s - ~12.7min left in this row
    [dpy] chunk 66/450 (153 LOC) done in 1.8s - ~12.6min left in this row
    [dpy] chunk 67/450 (1203 LOC) done in 2.0s - ~12.6min left in this row
    [dpy] chunk 68/450 (345 LOC) done in 1.9s - ~12.6min left in this row
    [dpy] chunk 69/450 (3915 LOC) done in 2.2s - ~12.5min left in this row
    [dpy] chunk 70/450 (2384 LOC) done in 2.1s - ~12.5min left in this row
    [dpy] chunk 71/450 (46 LOC) done in 1.9s - ~12.5min left in this row
    [dpy] chunk 72/450 (1352 LOC) done in 1.9s - ~12.4min left in this row
    [dpy] chunk 73/450 (698 LOC) done in 1.9s - ~12.4min left in this row
    [dpy] chunk 74/450 (3662 LOC) done in 2.2s - ~12.4min left in this row
    [dpy] chunk 75/450 (921 LOC) done in 1.9s - ~12.4min left in this row
    [dpy] chunk 76/450 (943 LOC) done in 2.3s - ~12.3min left in this row
    [dpy] chunk 77/450 (1140 LOC) done in 2.2s - ~12.3min left in this row
    [dpy] chunk 78/450 (254 LOC) done in 1.8s - ~12.3min left in this row
    [dpy] chunk 79/450 (1614 LOC) done in 2.3s - ~12.3min left in this row
    [dpy] chunk 80/450 (688 LOC) done in 2.3s - ~12.3min left in this row
    [dpy] chunk 81/450 (228 LOC) done in 2.0s - ~12.2min left in this row
    [dpy] chunk 82/450 (846 LOC) done in 2.4s - ~12.2min left in this row
    [dpy] chunk 83/450 (2631 LOC) done in 2.5s - ~12.2min left in this row
    [dpy] chunk 84/450 (1115 LOC) done in 2.1s - ~12.2min left in this row
    [dpy] chunk 85/450 (5851 LOC) done in 2.4s - ~12.2min left in this row
    [dpy] chunk 86/450 (3460 LOC) done in 2.1s - ~12.2min left in this row
    [dpy] chunk 87/450 (4825 LOC) done in 2.3s - ~12.2min left in this row
    [dpy] chunk 88/450 (6462 LOC) done in 2.4s - ~12.1min left in this row
    [dpy] chunk 89/450 (635 LOC) done in 2.1s - ~12.1min left in this row
    [dpy] chunk 90/450 (260 LOC) done in 2.2s - ~12.1min left in this row
    [dpy] chunk 91/450 (152 LOC) done in 2.1s - ~12.1min left in this row
    [dpy] chunk 92/450 (1019 LOC) done in 2.1s - ~12.0min left in this row
    [dpy] chunk 93/450 (543 LOC) done in 2.0s - ~12.0min left in this row
    [dpy] chunk 94/450 (26 LOC) done in 2.1s - ~12.0min left in this row
    [dpy] chunk 95/450 (3 LOC) done in 2.0s - ~11.9min left in this row
    [dpy] chunk 96/450 (998 LOC) done in 2.2s - ~11.9min left in this row
    [dpy] chunk 97/450 (1391 LOC) done in 2.3s - ~11.9min left in this row
    [dpy] chunk 98/450 (190 LOC) done in 2.1s - ~11.9min left in this row
    [dpy] chunk 99/450 (1873 LOC) done in 2.0s - ~11.8min left in this row
    [dpy] chunk 100/450 (1459 LOC) done in 2.0s - ~11.8min left in this row
    [dpy] chunk 101/450 (244 LOC) done in 1.9s - ~11.8min left in this row
    [dpy] chunk 102/450 (6 LOC) done in 1.9s - ~11.7min left in this row
    [dpy] chunk 103/450 (3618 LOC) done in 2.2s - ~11.7min left in this row
    [dpy] chunk 104/450 (2018 LOC) done in 2.1s - ~11.7min left in this row
    [dpy] chunk 105/450 (6507 LOC) done in 2.5s - ~11.7min left in this row
    [dpy] chunk 106/450 (1137 LOC) done in 2.1s - ~11.6min left in this row
    [dpy] chunk 107/450 (70 LOC) done in 1.9s - ~11.6min left in this row
    [dpy] chunk 108/450 (4805 LOC) done in 2.3s - ~11.6min left in this row
    [dpy] chunk 109/450 (6238 LOC) done in 2.4s - ~11.6min left in this row
    [dpy] chunk 110/450 (2382 LOC) done in 2.2s - ~11.5min left in this row
    [dpy] chunk 111/450 (16 LOC) done in 2.0s - ~11.5min left in this row
    [dpy] chunk 112/450 (467 LOC) done in 1.9s - ~11.5min left in this row
    [dpy] chunk 113/450 (691 LOC) done in 1.9s - ~11.4min left in this row
    [dpy] chunk 114/450 (2053 LOC) done in 1.9s - ~11.4min left in this row
    [dpy] chunk 115/450 (632 LOC) done in 1.8s - ~11.3min left in this row
    [dpy] chunk 116/450 (451 LOC) done in 1.8s - ~11.3min left in this row
    [dpy] chunk 117/450 (2264 LOC) done in 2.4s - ~11.3min left in this row
    [dpy] chunk 118/450 (628 LOC) done in 2.0s - ~11.2min left in this row
    [dpy] chunk 119/450 (633 LOC) done in 1.8s - ~11.2min left in this row
    [dpy] chunk 120/450 (956 LOC) done in 2.1s - ~11.2min left in this row
    [dpy] chunk 121/450 (260 LOC) done in 1.9s - ~11.1min left in this row
    [dpy] chunk 122/450 (1105 LOC) done in 1.8s - ~11.1min left in this row
    [dpy] chunk 123/450 (13 LOC) done in 1.9s - ~11.0min left in this row
    [dpy] chunk 124/450 (240 LOC) done in 1.9s - ~11.0min left in this row
    [dpy] chunk 125/450 (13 LOC) done in 1.8s - ~11.0min left in this row
    [dpy] chunk 126/450 (676 LOC) done in 2.1s - ~10.9min left in this row
    [dpy] chunk 127/450 (996 LOC) done in 2.2s - ~10.9min left in this row
    [dpy] chunk 128/450 (564 LOC) done in 1.9s - ~10.9min left in this row
    [dpy] chunk 129/450 (323 LOC) done in 1.9s - ~10.8min left in this row
    [dpy] chunk 130/450 (422 LOC) done in 2.0s - ~10.8min left in this row
    [dpy] chunk 131/450 (2573 LOC) done in 2.0s - ~10.8min left in this row
    [dpy] chunk 132/450 (331 LOC) done in 1.9s - ~10.7min left in this row
    [dpy] chunk 133/450 (270 LOC) done in 2.0s - ~10.7min left in this row
    [dpy] chunk 134/450 (259 LOC) done in 1.9s - ~10.6min left in this row
    [dpy] chunk 135/450 (645 LOC) done in 2.0s - ~10.6min left in this row
    [dpy] chunk 136/450 (932 LOC) done in 1.9s - ~10.6min left in this row
    [dpy] chunk 137/450 (245 LOC) done in 1.9s - ~10.5min left in this row
    [dpy] chunk 138/450 (71 LOC) done in 1.9s - ~10.5min left in this row
    [dpy] chunk 139/450 (871 LOC) done in 2.0s - ~10.5min left in this row
    [dpy] chunk 140/450 (71 LOC) done in 2.1s - ~10.4min left in this row
    [dpy] chunk 141/450 (70 LOC) done in 2.0s - ~10.4min left in this row
    [dpy] chunk 142/450 (1139 LOC) done in 2.0s - ~10.4min left in this row
    [dpy] chunk 143/450 (330 LOC) done in 1.8s - ~10.3min left in this row
    [dpy] chunk 144/450 (7861 LOC) done in 2.7s - ~10.3min left in this row
    [dpy] chunk 145/450 (5269 LOC) done in 2.2s - ~10.3min left in this row
    [dpy] chunk 146/450 (384 LOC) done in 2.1s - ~10.3min left in this row
    [dpy] chunk 147/450 (797 LOC) done in 2.0s - ~10.2min left in this row
    [dpy] chunk 148/450 (95 LOC) done in 1.8s - ~10.2min left in this row
    [dpy] chunk 149/450 (67 LOC) done in 2.1s - ~10.1min left in this row
    [dpy] chunk 150/450 (70 LOC) done in 1.9s - ~10.1min left in this row
    [dpy] chunk 151/450 (1048 LOC) done in 1.9s - ~10.1min left in this row
    [dpy] chunk 152/450 (297 LOC) done in 1.9s - ~10.0min left in this row
    [dpy] chunk 153/450 (79 LOC) done in 1.8s - ~10.0min left in this row
    [dpy] chunk 154/450 (67 LOC) done in 2.1s - ~10.0min left in this row
    [dpy] chunk 155/450 (157 LOC) done in 2.0s - ~9.9min left in this row
    [dpy] chunk 156/450 (184 LOC) done in 1.9s - ~9.9min left in this row
    [dpy] chunk 157/450 (897 LOC) done in 2.0s - ~9.9min left in this row
    [dpy] chunk 158/450 (557 LOC) done in 2.0s - ~9.8min left in this row
    [dpy] chunk 159/450 (71 LOC) done in 1.8s - ~9.8min left in this row
    [dpy] chunk 160/450 (146 LOC) done in 1.9s - ~9.7min left in this row
    [dpy] chunk 161/450 (99 LOC) done in 2.0s - ~9.7min left in this row
    [dpy] chunk 162/450 (16 LOC) done in 2.1s - ~9.7min left in this row
    [dpy] chunk 163/450 (4138 LOC) done in 2.4s - ~9.7min left in this row
    [dpy] chunk 164/450 (866 LOC) done in 1.8s - ~9.6min left in this row
    [dpy] chunk 165/450 (270 LOC) done in 2.0s - ~9.6min left in this row
    [dpy] chunk 166/450 (68 LOC) done in 1.9s - ~9.5min left in this row
    [dpy] chunk 167/450 (70 LOC) done in 1.9s - ~9.5min left in this row
    [dpy] chunk 168/450 (69 LOC) done in 2.2s - ~9.5min left in this row
    [dpy] chunk 169/450 (415 LOC) done in 1.9s - ~9.4min left in this row
    [dpy] chunk 170/450 (2618 LOC) done in 2.2s - ~9.4min left in this row
    [dpy] chunk 171/450 (71 LOC) done in 1.9s - ~9.4min left in this row
    [dpy] chunk 172/450 (69 LOC) done in 2.2s - ~9.4min left in this row
    [dpy] chunk 173/450 (74 LOC) done in 2.0s - ~9.3min left in this row
    [dpy] chunk 174/450 (16 LOC) done in 2.0s - ~9.3min left in this row
    [dpy] chunk 175/450 (71 LOC) done in 1.9s - ~9.2min left in this row
    [dpy] chunk 176/450 (70 LOC) done in 1.9s - ~9.2min left in this row
    [dpy] chunk 177/450 (873 LOC) done in 1.9s - ~9.2min left in this row
    [dpy] chunk 178/450 (16 LOC) done in 1.8s - ~9.1min left in this row
    [dpy] chunk 179/450 (71 LOC) done in 1.7s - ~9.1min left in this row
    [dpy] chunk 180/450 (68 LOC) done in 2.1s - ~9.1min left in this row
    [dpy] chunk 181/450 (70 LOC) done in 2.0s - ~9.0min left in this row
    [dpy] chunk 182/450 (71 LOC) done in 2.2s - ~9.0min left in this row
    [dpy] chunk 183/450 (414 LOC) done in 1.8s - ~9.0min left in this row
    [dpy] chunk 184/450 (110 LOC) done in 1.9s - ~8.9min left in this row
    [dpy] chunk 185/450 (70 LOC) done in 1.8s - ~8.9min left in this row
    [dpy] chunk 186/450 (70 LOC) done in 1.9s - ~8.9min left in this row
    [dpy] chunk 187/450 (70 LOC) done in 1.9s - ~8.8min left in this row
    [dpy] chunk 188/450 (665 LOC) done in 2.1s - ~8.8min left in this row
    [dpy] chunk 189/450 (68 LOC) done in 2.0s - ~8.8min left in this row
    [dpy] chunk 190/450 (71 LOC) done in 2.0s - ~8.7min left in this row
    [dpy] chunk 191/450 (70 LOC) done in 2.1s - ~8.7min left in this row
    [dpy] chunk 192/450 (68 LOC) done in 2.1s - ~8.7min left in this row
    [dpy] chunk 193/450 (16 LOC) done in 2.0s - ~8.6min left in this row
    [dpy] chunk 194/450 (212 LOC) done in 1.9s - ~8.6min left in this row
    [dpy] chunk 195/450 (104 LOC) done in 1.8s - ~8.5min left in this row
    [dpy] chunk 196/450 (70 LOC) done in 2.0s - ~8.5min left in this row
    [dpy] chunk 197/450 (70 LOC) done in 1.9s - ~8.5min left in this row
    [dpy] chunk 198/450 (70 LOC) done in 1.9s - ~8.4min left in this row
    [dpy] chunk 199/450 (67 LOC) done in 2.0s - ~8.4min left in this row
    [dpy] chunk 200/450 (16 LOC) done in 1.9s - ~8.4min left in this row
    [dpy] chunk 201/450 (68 LOC) done in 2.0s - ~8.3min left in this row
    [dpy] chunk 202/450 (71 LOC) done in 1.9s - ~8.3min left in this row
    [dpy] chunk 203/450 (69 LOC) done in 1.9s - ~8.3min left in this row
    [dpy] chunk 204/450 (85 LOC) done in 2.0s - ~8.2min left in this row
    [dpy] chunk 205/450 (3178 LOC) done in 2.0s - ~8.2min left in this row
    [dpy] chunk 206/450 (5100 LOC) done in 2.3s - ~8.2min left in this row
    [dpy] chunk 207/450 (9 LOC) done in 1.7s - ~8.1min left in this row
    [dpy] chunk 208/450 (720 LOC) done in 2.0s - ~8.1min left in this row
    [dpy] chunk 209/450 (789 LOC) done in 1.9s - ~8.1min left in this row
    [dpy] chunk 210/450 (104 LOC) done in 2.0s - ~8.0min left in this row
    [dpy] chunk 211/450 (3085 LOC) done in 2.1s - ~8.0min left in this row
    [dpy] chunk 212/450 (2033 LOC) done in 2.3s - ~8.0min left in this row
    [dpy] chunk 213/450 (392 LOC) done in 1.9s - ~7.9min left in this row
    [dpy] chunk 214/450 (925 LOC) done in 2.0s - ~7.9min left in this row
    [dpy] chunk 215/450 (913 LOC) done in 2.2s - ~7.9min left in this row
    [dpy] chunk 216/450 (70 LOC) done in 1.7s - ~7.8min left in this row
    [dpy] chunk 217/450 (68 LOC) done in 1.9s - ~7.8min left in this row
    [dpy] chunk 218/450 (761 LOC) done in 2.2s - ~7.8min left in this row
    [dpy] chunk 219/450 (77 LOC) done in 1.9s - ~7.7min left in this row
    [dpy] chunk 220/450 (71 LOC) done in 1.7s - ~7.7min left in this row
    [dpy] chunk 221/450 (70 LOC) done in 2.3s - ~7.7min left in this row
    [dpy] chunk 222/450 (71 LOC) done in 2.0s - ~7.6min left in this row
    [dpy] chunk 223/450 (500 LOC) done in 2.1s - ~7.6min left in this row
    [dpy] chunk 224/450 (501 LOC) done in 2.0s - ~7.6min left in this row
    [dpy] chunk 225/450 (70 LOC) done in 1.8s - ~7.5min left in this row
    [dpy] chunk 226/450 (173 LOC) done in 1.9s - ~7.5min left in this row
    [dpy] chunk 227/450 (16 LOC) done in 1.9s - ~7.5min left in this row
    [dpy] chunk 228/450 (292 LOC) done in 1.8s - ~7.4min left in this row
    [dpy] chunk 229/450 (41034 LOC) done in 3.5s - ~7.4min left in this row
    [dpy] chunk 230/450 (2523 LOC) done in 2.3s - ~7.4min left in this row
    [dpy] chunk 231/450 (2371 LOC) done in 2.3s - ~7.4min left in this row
    [dpy] chunk 232/450 (8 LOC) done in 1.9s - ~7.3min left in this row
    [dpy] chunk 233/450 (713 LOC) done in 1.8s - ~7.3min left in this row
    [dpy] chunk 234/450 (70 LOC) done in 2.1s - ~7.3min left in this row
    [dpy] chunk 235/450 (129 LOC) done in 2.1s - ~7.2min left in this row
    [dpy] chunk 236/450 (70 LOC) done in 1.8s - ~7.2min left in this row
    [dpy] chunk 237/450 (73 LOC) done in 2.0s - ~7.2min left in this row
    [dpy] chunk 238/450 (70 LOC) done in 2.0s - ~7.1min left in this row
    [dpy] chunk 239/450 (5027 LOC) done in 2.2s - ~7.1min left in this row
    [dpy] chunk 240/450 (2667 LOC) done in 2.1s - ~7.1min left in this row
    [dpy] chunk 241/450 (1326 LOC) done in 1.9s - ~7.0min left in this row
    [dpy] chunk 242/450 (149 LOC) done in 1.7s - ~7.0min left in this row
    [dpy] chunk 243/450 (260 LOC) done in 1.9s - ~6.9min left in this row
    [dpy] chunk 244/450 (1077 LOC) done in 1.9s - ~6.9min left in this row
    [dpy] chunk 245/450 (68 LOC) done in 1.8s - ~6.9min left in this row
    [dpy] chunk 246/450 (1536 LOC) done in 1.9s - ~6.8min left in this row
    [dpy] chunk 247/450 (1580 LOC) done in 1.9s - ~6.8min left in this row
    [dpy] chunk 248/450 (71 LOC) done in 1.8s - ~6.8min left in this row
    [dpy] chunk 249/450 (552 LOC) done in 1.8s - ~6.7min left in this row
    [dpy] chunk 250/450 (410 LOC) done in 1.8s - ~6.7min left in this row
    [dpy] chunk 251/450 (69 LOC) done in 2.0s - ~6.7min left in this row
    [dpy] chunk 252/450 (70 LOC) done in 2.1s - ~6.6min left in this row
    [dpy] chunk 253/450 (907 LOC) done in 2.1s - ~6.6min left in this row
    [dpy] chunk 254/450 (70 LOC) done in 1.8s - ~6.6min left in this row
    [dpy] chunk 255/450 (70 LOC) done in 2.2s - ~6.5min left in this row
    [dpy] chunk 256/450 (6589 LOC) done in 2.8s - ~6.5min left in this row
    [dpy] chunk 257/450 (70 LOC) done in 1.9s - ~6.5min left in this row
    [dpy] chunk 258/450 (3291 LOC) done in 2.2s - ~6.4min left in this row
    [dpy] chunk 259/450 (254 LOC) done in 1.8s - ~6.4min left in this row
    [dpy] chunk 260/450 (660 LOC) done in 1.8s - ~6.4min left in this row
    [dpy] chunk 261/450 (70 LOC) done in 2.0s - ~6.3min left in this row
    [dpy] chunk 262/450 (70 LOC) done in 1.9s - ~6.3min left in this row
    [dpy] chunk 263/450 (1798 LOC) done in 2.0s - ~6.3min left in this row
    [dpy] chunk 264/450 (219 LOC) done in 1.8s - ~6.2min left in this row
    [dpy] chunk 265/450 (3237 LOC) done in 2.0s - ~6.2min left in this row
    [dpy] chunk 266/450 (70 LOC) done in 1.8s - ~6.2min left in this row
    [dpy] chunk 267/450 (16 LOC) done in 1.8s - ~6.1min left in this row
    [dpy] chunk 268/450 (70 LOC) done in 1.8s - ~6.1min left in this row
    [dpy] chunk 269/450 (65 LOC) done in 1.9s - ~6.1min left in this row
    [dpy] chunk 270/450 (1318 LOC) done in 1.9s - ~6.0min left in this row
    [dpy] chunk 271/450 (856 LOC) done in 1.9s - ~6.0min left in this row
    [dpy] chunk 272/450 (666 LOC) done in 1.8s - ~6.0min left in this row
    [dpy] chunk 273/450 (71 LOC) done in 1.8s - ~5.9min left in this row
    [dpy] chunk 274/450 (70 LOC) done in 1.9s - ~5.9min left in this row
    [dpy] chunk 275/450 (396 LOC) done in 1.9s - ~5.8min left in this row
    [dpy] chunk 276/450 (2023 LOC) done in 2.1s - ~5.8min left in this row
    [dpy] chunk 277/450 (68 LOC) done in 1.9s - ~5.8min left in this row
    [dpy] chunk 278/450 (945 LOC) done in 2.1s - ~5.7min left in this row
    [dpy] chunk 279/450 (68 LOC) done in 1.7s - ~5.7min left in this row
    [dpy] chunk 280/450 (739 LOC) done in 2.1s - ~5.7min left in this row
    [dpy] chunk 281/450 (442 LOC) done in 1.9s - ~5.6min left in this row
    [dpy] chunk 282/450 (71 LOC) done in 1.8s - ~5.6min left in this row
    [dpy] chunk 283/450 (70 LOC) done in 2.0s - ~5.6min left in this row
    [dpy] chunk 284/450 (68 LOC) done in 1.9s - ~5.5min left in this row
    [dpy] chunk 285/450 (70 LOC) done in 1.8s - ~5.5min left in this row
    [dpy] chunk 286/450 (70 LOC) done in 1.9s - ~5.5min left in this row
    [dpy] chunk 287/450 (1223 LOC) done in 2.0s - ~5.4min left in this row
    [dpy] chunk 288/450 (70 LOC) done in 1.9s - ~5.4min left in this row
    [dpy] chunk 289/450 (60 LOC) done in 1.9s - ~5.4min left in this row
    [dpy] chunk 290/450 (757 LOC) done in 2.0s - ~5.3min left in this row
    [dpy] chunk 291/450 (832 LOC) done in 1.9s - ~5.3min left in this row
    [dpy] chunk 292/450 (1249 LOC) done in 1.9s - ~5.3min left in this row
    [dpy] chunk 293/450 (71 LOC) done in 1.9s - ~5.2min left in this row
    [dpy] chunk 294/450 (2488 LOC) done in 2.0s - ~5.2min left in this row
    [dpy] chunk 295/450 (1561 LOC) done in 2.0s - ~5.2min left in this row
    [dpy] chunk 296/450 (16 LOC) done in 1.8s - ~5.1min left in this row
    [dpy] chunk 297/450 (16 LOC) done in 2.1s - ~5.1min left in this row
    [dpy] chunk 298/450 (156 LOC) done in 2.0s - ~5.1min left in this row
    [dpy] chunk 299/450 (16 LOC) done in 2.1s - ~5.0min left in this row
    [dpy] chunk 300/450 (70 LOC) done in 2.1s - ~5.0min left in this row
    [dpy] chunk 301/450 (70 LOC) done in 2.2s - ~5.0min left in this row
    [dpy] chunk 302/450 (631 LOC) done in 2.1s - ~4.9min left in this row
    [dpy] chunk 303/450 (71 LOC) done in 2.1s - ~4.9min left in this row
    [dpy] chunk 304/450 (68 LOC) done in 2.1s - ~4.9min left in this row
    [dpy] chunk 305/450 (1172 LOC) done in 2.0s - ~4.8min left in this row
    [dpy] chunk 306/450 (70 LOC) done in 2.1s - ~4.8min left in this row
    [dpy] chunk 307/450 (1007 LOC) done in 2.3s - ~4.8min left in this row
    [dpy] chunk 308/450 (71 LOC) done in 2.1s - ~4.7min left in this row
    [dpy] chunk 309/450 (68 LOC) done in 2.2s - ~4.7min left in this row
    [dpy] chunk 310/450 (70 LOC) done in 2.1s - ~4.7min left in this row
    [dpy] chunk 311/450 (70 LOC) done in 1.9s - ~4.6min left in this row
    [dpy] chunk 312/450 (62 LOC) done in 2.1s - ~4.6min left in this row
    [dpy] chunk 313/450 (16 LOC) done in 1.9s - ~4.6min left in this row
    [dpy] chunk 314/450 (697 LOC) done in 1.8s - ~4.5min left in this row
    [dpy] chunk 315/450 (70 LOC) done in 1.9s - ~4.5min left in this row
    [dpy] chunk 316/450 (69 LOC) done in 1.9s - ~4.5min left in this row
    [dpy] chunk 317/450 (1443 LOC) done in 2.0s - ~4.4min left in this row
    [dpy] chunk 318/450 (121 LOC) done in 2.1s - ~4.4min left in this row
    [dpy] chunk 319/450 (70 LOC) done in 1.8s - ~4.4min left in this row
    [dpy] chunk 320/450 (437 LOC) done in 1.9s - ~4.3min left in this row
    [dpy] chunk 321/450 (130 LOC) done in 1.9s - ~4.3min left in this row
    [dpy] chunk 322/450 (1336 LOC) done in 1.9s - ~4.3min left in this row
    [dpy] chunk 323/450 (69 LOC) done in 1.9s - ~4.2min left in this row
    [dpy] chunk 324/450 (70 LOC) done in 2.0s - ~4.2min left in this row
    [dpy] chunk 325/450 (70 LOC) done in 2.1s - ~4.2min left in this row
    [dpy] chunk 326/450 (70 LOC) done in 2.1s - ~4.1min left in this row
    [dpy] chunk 327/450 (1641 LOC) done in 1.9s - ~4.1min left in this row
    [dpy] chunk 328/450 (165 LOC) done in 2.0s - ~4.1min left in this row
    [dpy] chunk 329/450 (229 LOC) done in 2.0s - ~4.0min left in this row
    [dpy] chunk 330/450 (65 LOC) done in 1.9s - ~4.0min left in this row
    [dpy] chunk 331/450 (69 LOC) done in 2.0s - ~4.0min left in this row
    [dpy] chunk 332/450 (147 LOC) done in 1.7s - ~3.9min left in this row
    [dpy] chunk 333/450 (71 LOC) done in 2.1s - ~3.9min left in this row
    [dpy] chunk 334/450 (71 LOC) done in 2.2s - ~3.9min left in this row
    [dpy] chunk 335/450 (16 LOC) done in 1.7s - ~3.8min left in this row
    [dpy] chunk 336/450 (360 LOC) done in 1.8s - ~3.8min left in this row
    [dpy] chunk 337/450 (70 LOC) done in 1.9s - ~3.8min left in this row
    [dpy] chunk 338/450 (195 LOC) done in 1.9s - ~3.7min left in this row
    [dpy] chunk 339/450 (180 LOC) done in 1.9s - ~3.7min left in this row
    [dpy] chunk 340/450 (84 LOC) done in 1.9s - ~3.7min left in this row
    [dpy] chunk 341/450 (68 LOC) done in 1.9s - ~3.6min left in this row
    [dpy] chunk 342/450 (182 LOC) done in 1.8s - ~3.6min left in this row
    [dpy] chunk 343/450 (70 LOC) done in 1.7s - ~3.6min left in this row
    [dpy] chunk 344/450 (134 LOC) done in 2.3s - ~3.5min left in this row
    [dpy] chunk 345/450 (259 LOC) done in 2.1s - ~3.5min left in this row
    [dpy] chunk 346/450 (237 LOC) done in 2.0s - ~3.5min left in this row
    [dpy] chunk 347/450 (359 LOC) done in 2.0s - ~3.4min left in this row
    [dpy] chunk 348/450 (1107 LOC) done in 2.3s - ~3.4min left in this row
    [dpy] chunk 349/450 (70 LOC) done in 1.9s - ~3.4min left in this row
    [dpy] chunk 350/450 (69 LOC) done in 1.8s - ~3.3min left in this row
    [dpy] chunk 351/450 (659 LOC) done in 2.0s - ~3.3min left in this row
    [dpy] chunk 352/450 (16 LOC) done in 1.8s - ~3.3min left in this row
    [dpy] chunk 353/450 (71 LOC) done in 1.9s - ~3.2min left in this row
    [dpy] chunk 354/450 (93 LOC) done in 2.0s - ~3.2min left in this row
    [dpy] chunk 355/450 (70 LOC) done in 1.9s - ~3.2min left in this row
    [dpy] chunk 356/450 (1467 LOC) done in 2.0s - ~3.1min left in this row
    [dpy] chunk 357/450 (70 LOC) done in 1.8s - ~3.1min left in this row
    [dpy] chunk 358/450 (143 LOC) done in 1.9s - ~3.1min left in this row
    [dpy] chunk 359/450 (3566 LOC) done in 2.0s - ~3.0min left in this row
    [dpy] chunk 360/450 (4418 LOC) done in 2.4s - ~3.0min left in this row
    [dpy] chunk 361/450 (231 LOC) done in 1.8s - ~3.0min left in this row
    [dpy] chunk 362/450 (71 LOC) done in 1.9s - ~2.9min left in this row
    [dpy] chunk 363/450 (16 LOC) done in 1.8s - ~2.9min left in this row
    [dpy] chunk 364/450 (70 LOC) done in 1.9s - ~2.9min left in this row
    [dpy] chunk 365/450 (638 LOC) done in 2.0s - ~2.8min left in this row
    [dpy] chunk 366/450 (71 LOC) done in 1.9s - ~2.8min left in this row
    [dpy] chunk 367/450 (68 LOC) done in 1.8s - ~2.8min left in this row
    [dpy] chunk 368/450 (357 LOC) done in 1.9s - ~2.7min left in this row
    [dpy] chunk 369/450 (71 LOC) done in 1.9s - ~2.7min left in this row
    [dpy] chunk 370/450 (16 LOC) done in 1.9s - ~2.7min left in this row
    [dpy] chunk 371/450 (638 LOC) done in 1.9s - ~2.6min left in this row
    [dpy] chunk 372/450 (16 LOC) done in 1.9s - ~2.6min left in this row
    [dpy] chunk 373/450 (3822 LOC) done in 2.2s - ~2.6min left in this row
    [dpy] chunk 374/450 (64 LOC) done in 2.0s - ~2.5min left in this row
    [dpy] chunk 375/450 (29442 LOC) done in 3.6s - ~2.5min left in this row
    [dpy] chunk 376/450 (1157 LOC) done in 2.1s - ~2.5min left in this row
    [dpy] chunk 377/450 (1072 LOC) done in 1.9s - ~2.4min left in this row
    [dpy] chunk 378/450 (3858 LOC) done in 2.2s - ~2.4min left in this row
    [dpy] chunk 379/450 (9 LOC) done in 2.1s - ~2.4min left in this row
    [dpy] chunk 380/450 (67 LOC) done in 1.8s - ~2.3min left in this row
    [dpy] chunk 381/450 (14 LOC) done in 1.9s - ~2.3min left in this row
    [dpy] chunk 382/450 (1197 LOC) done in 2.1s - ~2.3min left in this row
    [dpy] chunk 383/450 (70 LOC) done in 1.8s - ~2.2min left in this row
    [dpy] chunk 384/450 (70 LOC) done in 1.8s - ~2.2min left in this row
    [dpy] chunk 385/450 (460 LOC) done in 1.9s - ~2.2min left in this row
    [dpy] chunk 386/450 (548 LOC) done in 2.2s - ~2.1min left in this row
    [dpy] chunk 387/450 (16 LOC) done in 2.1s - ~2.1min left in this row
    [dpy] chunk 388/450 (70 LOC) done in 2.2s - ~2.1min left in this row
    [dpy] chunk 389/450 (71 LOC) done in 2.1s - ~2.0min left in this row
    [dpy] chunk 390/450 (97 LOC) done in 1.8s - ~2.0min left in this row
    [dpy] chunk 391/450 (71 LOC) done in 2.0s - ~2.0min left in this row
    [dpy] chunk 392/450 (212 LOC) done in 2.0s - ~1.9min left in this row
    [dpy] chunk 393/450 (70 LOC) done in 2.0s - ~1.9min left in this row
    [dpy] chunk 394/450 (17 LOC) done in 1.9s - ~1.9min left in this row
    [dpy] chunk 395/450 (1654 LOC) done in 2.4s - ~1.8min left in this row
    [dpy] chunk 396/450 (7165 LOC) done in 2.8s - ~1.8min left in this row
    [dpy] chunk 397/450 (9 LOC) done in 2.1s - ~1.8min left in this row
    [dpy] chunk 398/450 (70 LOC) done in 1.8s - ~1.7min left in this row
    [dpy] chunk 399/450 (366 LOC) done in 2.0s - ~1.7min left in this row
    [dpy] chunk 400/450 (820 LOC) done in 2.0s - ~1.7min left in this row
    [dpy] chunk 401/450 (71 LOC) done in 2.0s - ~1.6min left in this row
    [dpy] chunk 402/450 (16 LOC) done in 1.8s - ~1.6min left in this row
    [dpy] chunk 403/450 (102 LOC) done in 2.1s - ~1.6min left in this row
    [dpy] chunk 404/450 (16 LOC) done in 2.0s - ~1.5min left in this row
    [dpy] chunk 405/450 (1319 LOC) done in 2.0s - ~1.5min left in this row
    [dpy] chunk 406/450 (70 LOC) done in 2.1s - ~1.5min left in this row
    [dpy] chunk 407/450 (70 LOC) done in 2.1s - ~1.4min left in this row
    [dpy] chunk 408/450 (70 LOC) done in 1.9s - ~1.4min left in this row
    [dpy] chunk 409/450 (71 LOC) done in 1.9s - ~1.4min left in this row
    [dpy] chunk 410/450 (841 LOC) done in 1.9s - ~1.3min left in this row
    [dpy] chunk 411/450 (206 LOC) done in 1.8s - ~1.3min left in this row
    [dpy] chunk 412/450 (659 LOC) done in 2.0s - ~1.3min left in this row
    [dpy] chunk 413/450 (68 LOC) done in 2.1s - ~1.2min left in this row
    [dpy] chunk 414/450 (1329 LOC) done in 2.0s - ~1.2min left in this row
    [dpy] chunk 415/450 (70 LOC) done in 2.0s - ~1.2min left in this row
    [dpy] chunk 416/450 (70 LOC) done in 1.8s - ~1.1min left in this row
    [dpy] chunk 417/450 (70 LOC) done in 2.0s - ~1.1min left in this row
    [dpy] chunk 418/450 (187 LOC) done in 1.9s - ~1.1min left in this row
    [dpy] chunk 419/450 (70 LOC) done in 2.1s - ~1.0min left in this row
    [dpy] chunk 420/450 (414 LOC) done in 1.7s - ~1.0min left in this row
    [dpy] chunk 421/450 (70 LOC) done in 2.1s - ~1.0min left in this row
    [dpy] chunk 422/450 (70 LOC) done in 2.2s - ~0.9min left in this row
    [dpy] chunk 423/450 (71 LOC) done in 2.1s - ~0.9min left in this row
    [dpy] chunk 424/450 (70 LOC) done in 2.1s - ~0.9min left in this row
    [dpy] chunk 425/450 (403 LOC) done in 2.1s - ~0.8min left in this row
    [dpy] chunk 426/450 (559 LOC) done in 1.8s - ~0.8min left in this row
    [dpy] chunk 427/450 (68 LOC) done in 2.0s - ~0.8min left in this row
    [dpy] chunk 428/450 (71 LOC) done in 1.7s - ~0.7min left in this row
    [dpy] chunk 429/450 (70 LOC) done in 1.8s - ~0.7min left in this row
    [dpy] chunk 430/450 (71 LOC) done in 2.1s - ~0.7min left in this row
    [dpy] chunk 431/450 (71 LOC) done in 2.2s - ~0.6min left in this row
    [dpy] chunk 432/450 (71 LOC) done in 2.1s - ~0.6min left in this row
    [dpy] chunk 433/450 (365 LOC) done in 2.0s - ~0.6min left in this row
    [dpy] chunk 434/450 (253 LOC) done in 1.9s - ~0.5min left in this row
    [dpy] chunk 435/450 (67 LOC) done in 1.9s - ~0.5min left in this row
    [dpy] chunk 436/450 (428 LOC) done in 1.9s - ~0.5min left in this row
    [dpy] chunk 437/450 (70 LOC) done in 1.9s - ~0.4min left in this row
    [dpy] chunk 438/450 (156 LOC) done in 2.0s - ~0.4min left in this row
    [dpy] chunk 439/450 (615 LOC) done in 2.0s - ~0.4min left in this row
    [dpy] chunk 440/450 (70 LOC) done in 1.8s - ~0.3min left in this row
    [dpy] chunk 441/450 (774 LOC) done in 2.2s - ~0.3min left in this row
    [dpy] chunk 442/450 (70 LOC) done in 1.9s - ~0.3min left in this row
    [dpy] chunk 443/450 (92 LOC) done in 2.2s - ~0.2min left in this row
    [dpy] chunk 444/450 (4158 LOC) done in 2.9s - ~0.2min left in this row
    [dpy] chunk 445/450 (182 LOC) done in 1.9s - ~0.2min left in this row
    [dpy] chunk 446/450 (68 LOC) done in 1.9s - ~0.1min left in this row
    [dpy] chunk 447/450 (328 LOC) done in 2.1s - ~0.1min left in this row
    [dpy] chunk 448/450 (1459 LOC) done in 2.1s - ~0.1min left in this row
    [dpy] chunk 449/450 (213 LOC) done in 1.9s - ~0.0min left in this row
    [dpy] chunk 450/450 (723 LOC) done in 2.0s - ~0.0min left in this row
  [ok] (58/192) airbytehq/airbyte A2 2024-07-21 @e5a1cb49
  [row] (59/192) starting airbytehq/airbyte A2 2024-08-21 @0f3b136f
    [dpy] WARNING: 2 chunk(s) still over 8000 LOC and can't be split further (no subdirectories) - DPy will skip CSV export for these: ['C:\\Users\\kvrlv\\AppData\\Local\\Temp\\dpy_chunks_syf_izzr\\loose__root__airbyte-integrations__connectors__source-github__source_github__loose1', 'C:\\Users\\kvrlv\\AppData\\Local\\Temp\\dpy_chunks_syf_izzr\\loose__root__airbyte-integrations__connectors__source-shopify__source_shopify__shopify_graphql__loose1']
    [dpy] 450 chunk(s) planned, 408431 total LOC
    [dpy] chunk 1/450 (605 LOC) done in 1.9s - ~14.3min left in this row
    [dpy] chunk 2/450 (1130 LOC) done in 2.0s - ~14.8min left in this row
    [dpy] chunk 3/450 (70 LOC) done in 1.8s - ~14.4min left in this row
    [dpy] chunk 4/450 (584 LOC) done in 2.0s - ~14.5min left in this row
    [dpy] chunk 5/450 (741 LOC) done in 2.0s - ~14.5min left in this row
    [dpy] chunk 6/450 (89 LOC) done in 2.0s - ~14.5min left in this row
    [dpy] chunk 7/450 (160 LOC) done in 2.0s - ~14.5min left in this row
    [dpy] chunk 8/450 (113 LOC) done in 2.0s - ~14.5min left in this row
    [dpy] chunk 9/450 (375 LOC) done in 2.0s - ~14.4min left in this row
    [dpy] chunk 10/450 (795 LOC) done in 2.1s - ~14.5min left in this row
    [dpy] chunk 11/450 (621 LOC) done in 2.0s - ~14.4min left in this row
    [dpy] chunk 12/450 (113 LOC) done in 2.1s - ~14.5min left in this row
    [dpy] chunk 13/450 (1627 LOC) done in 2.0s - ~14.4min left in this row
    [dpy] chunk 14/450 (1772 LOC) done in 2.0s - ~14.4min left in this row
    [dpy] chunk 15/450 (655 LOC) done in 2.0s - ~14.4min left in this row
    [dpy] chunk 16/450 (2231 LOC) done in 2.1s - ~14.4min left in this row
    [dpy] chunk 17/450 (567 LOC) done in 2.0s - ~14.4min left in this row
    [dpy] chunk 18/450 (183 LOC) done in 1.9s - ~14.3min left in this row
    [dpy] chunk 19/450 (49 LOC) done in 1.9s - ~14.3min left in this row
    [dpy] chunk 20/450 (37 LOC) done in 2.1s - ~14.3min left in this row
    [dpy] chunk 21/450 (256 LOC) done in 1.9s - ~14.2min left in this row
    [dpy] chunk 22/450 (520 LOC) done in 1.9s - ~14.2min left in this row
    [dpy] chunk 23/450 (163 LOC) done in 2.0s - ~14.1min left in this row
    [dpy] chunk 24/450 (4728 LOC) done in 2.5s - ~14.2min left in this row
    [dpy] chunk 25/450 (136 LOC) done in 2.1s - ~14.2min left in this row
    [dpy] chunk 26/450 (5697 LOC) done in 2.5s - ~14.3min left in this row
    [dpy] chunk 27/450 (644 LOC) done in 2.6s - ~14.4min left in this row
    [dpy] chunk 28/450 (711 LOC) done in 2.1s - ~14.4min left in this row
    [dpy] chunk 29/450 (861 LOC) done in 2.2s - ~14.4min left in this row
    [dpy] chunk 30/450 (897 LOC) done in 2.2s - ~14.4min left in this row
    [dpy] chunk 31/450 (891 LOC) done in 2.1s - ~14.4min left in this row
    [dpy] chunk 32/450 (75 LOC) done in 1.7s - ~14.3min left in this row
    [dpy] chunk 33/450 (112 LOC) done in 2.2s - ~14.3min left in this row
    [dpy] chunk 34/450 (1791 LOC) done in 2.4s - ~14.3min left in this row
    [dpy] chunk 35/450 (1612 LOC) done in 2.1s - ~14.3min left in this row
    [dpy] chunk 36/450 (164 LOC) done in 2.0s - ~14.3min left in this row
    [dpy] chunk 37/450 (999 LOC) done in 2.3s - ~14.3min left in this row
    [dpy] chunk 38/450 (144 LOC) done in 2.2s - ~14.2min left in this row
    [dpy] chunk 39/450 (193 LOC) done in 2.2s - ~14.2min left in this row
    [dpy] chunk 40/450 (114 LOC) done in 2.3s - ~14.2min left in this row
    [dpy] chunk 41/450 (535 LOC) done in 1.9s - ~14.2min left in this row
    [dpy] chunk 42/450 (1712 LOC) done in 2.0s - ~14.1min left in this row
    [dpy] chunk 43/450 (609 LOC) done in 2.1s - ~14.1min left in this row
    [dpy] chunk 44/450 (295 LOC) done in 2.1s - ~14.0min left in this row
    [dpy] chunk 45/450 (2902 LOC) done in 2.1s - ~14.0min left in this row
    [dpy] chunk 46/450 (1910 LOC) done in 2.1s - ~14.0min left in this row
    [dpy] chunk 47/450 (2581 LOC) done in 2.1s - ~14.0min left in this row
    [dpy] chunk 48/450 (732 LOC) done in 2.1s - ~13.9min left in this row
    [dpy] chunk 49/450 (105 LOC) done in 2.1s - ~13.9min left in this row
    [dpy] chunk 50/450 (34 LOC) done in 2.1s - ~13.9min left in this row
    [dpy] chunk 51/450 (3 LOC) done in 2.1s - ~13.8min left in this row
    [dpy] chunk 52/450 (3 LOC) done in 2.0s - ~13.8min left in this row
    [dpy] chunk 53/450 (223 LOC) done in 1.9s - ~13.7min left in this row
    [dpy] chunk 54/450 (1731 LOC) done in 2.0s - ~13.7min left in this row
    [dpy] chunk 55/450 (162 LOC) done in 1.8s - ~13.6min left in this row
    [dpy] chunk 56/450 (100 LOC) done in 2.3s - ~13.6min left in this row
    [dpy] chunk 57/450 (146 LOC) done in 2.1s - ~13.6min left in this row
    [dpy] chunk 58/450 (31 LOC) done in 2.4s - ~13.6min left in this row
    [dpy] chunk 59/450 (2029 LOC) done in 2.2s - ~13.6min left in this row
    [dpy] chunk 60/450 (7696 LOC) done in 2.3s - ~13.5min left in this row
    [dpy] chunk 61/450 (5982 LOC) done in 2.7s - ~13.6min left in this row
    [dpy] chunk 62/450 (50 LOC) done in 2.2s - ~13.6min left in this row
    [dpy] chunk 63/450 (1372 LOC) done in 2.1s - ~13.5min left in this row
    [dpy] chunk 64/450 (1526 LOC) done in 2.0s - ~13.5min left in this row
    [dpy] chunk 65/450 (157 LOC) done in 2.3s - ~13.5min left in this row
    [dpy] chunk 66/450 (153 LOC) done in 2.3s - ~13.5min left in this row
    [dpy] chunk 67/450 (1226 LOC) done in 2.2s - ~13.4min left in this row
    [dpy] chunk 68/450 (507 LOC) done in 2.3s - ~13.4min left in this row
    [dpy] chunk 69/450 (3908 LOC) done in 2.6s - ~13.4min left in this row
    [dpy] chunk 70/450 (2741 LOC) done in 2.2s - ~13.4min left in this row
    [dpy] chunk 71/450 (46 LOC) done in 1.8s - ~13.3min left in this row
    [dpy] chunk 72/450 (1282 LOC) done in 2.2s - ~13.3min left in this row
    [dpy] chunk 73/450 (698 LOC) done in 2.1s - ~13.3min left in this row
    [dpy] chunk 74/450 (3501 LOC) done in 2.7s - ~13.3min left in this row
    [dpy] chunk 75/450 (921 LOC) done in 2.0s - ~13.2min left in this row
    [dpy] chunk 76/450 (943 LOC) done in 2.4s - ~13.2min left in this row
    [dpy] chunk 77/450 (1140 LOC) done in 1.9s - ~13.2min left in this row
    [dpy] chunk 78/450 (254 LOC) done in 2.2s - ~13.1min left in this row
    [dpy] chunk 79/450 (1614 LOC) done in 2.5s - ~13.1min left in this row
    [dpy] chunk 80/450 (688 LOC) done in 2.1s - ~13.1min left in this row
    [dpy] chunk 81/450 (228 LOC) done in 2.1s - ~13.1min left in this row
    [dpy] chunk 82/450 (807 LOC) done in 2.3s - ~13.0min left in this row
    [dpy] chunk 83/450 (3667 LOC) done in 2.5s - ~13.0min left in this row
    [dpy] chunk 84/450 (1222 LOC) done in 2.4s - ~13.0min left in this row
    [dpy] chunk 85/450 (523 LOC) done in 2.2s - ~13.0min left in this row
    [dpy] chunk 86/450 (5913 LOC) done in 2.7s - ~13.0min left in this row
    [dpy] chunk 87/450 (3747 LOC) done in 2.2s - ~13.0min left in this row
    [dpy] chunk 88/450 (4907 LOC) done in 2.4s - ~13.0min left in this row
    [dpy] chunk 89/450 (7786 LOC) done in 2.6s - ~12.9min left in this row
    [dpy] chunk 90/450 (646 LOC) done in 2.0s - ~12.9min left in this row
    [dpy] chunk 91/450 (260 LOC) done in 2.0s - ~12.9min left in this row
    [dpy] chunk 92/450 (152 LOC) done in 2.0s - ~12.8min left in this row
    [dpy] chunk 93/450 (1030 LOC) done in 2.2s - ~12.8min left in this row
    [dpy] chunk 94/450 (543 LOC) done in 1.9s - ~12.7min left in this row
    [dpy] chunk 95/450 (26 LOC) done in 2.0s - ~12.7min left in this row
    [dpy] chunk 96/450 (3 LOC) done in 1.9s - ~12.6min left in this row
    [dpy] chunk 97/450 (998 LOC) done in 2.0s - ~12.6min left in this row
    [dpy] chunk 98/450 (1391 LOC) done in 2.0s - ~12.6min left in this row
    [dpy] chunk 99/450 (195 LOC) done in 2.1s - ~12.5min left in this row
    [dpy] chunk 100/450 (1892 LOC) done in 2.3s - ~12.5min left in this row
    [dpy] chunk 101/450 (1464 LOC) done in 2.3s - ~12.5min left in this row
    [dpy] chunk 102/450 (257 LOC) done in 1.9s - ~12.4min left in this row
    [dpy] chunk 103/450 (6 LOC) done in 2.0s - ~12.4min left in this row
    [dpy] chunk 104/450 (3554 LOC) done in 2.4s - ~12.3min left in this row
    [dpy] chunk 105/450 (2018 LOC) done in 2.2s - ~12.3min left in this row
    [dpy] chunk 106/450 (6507 LOC) done in 2.2s - ~12.3min left in this row
    [dpy] chunk 107/450 (1137 LOC) done in 2.1s - ~12.2min left in this row
    [dpy] chunk 108/450 (70 LOC) done in 2.0s - ~12.2min left in this row
    [dpy] chunk 109/450 (4905 LOC) done in 2.6s - ~12.2min left in this row
    [dpy] chunk 110/450 (6239 LOC) done in 2.2s - ~12.2min left in this row
    [dpy] chunk 111/450 (2382 LOC) done in 2.1s - ~12.1min left in this row
    [dpy] chunk 112/450 (16 LOC) done in 1.8s - ~12.1min left in this row
    [dpy] chunk 113/450 (467 LOC) done in 2.0s - ~12.0min left in this row
    [dpy] chunk 114/450 (691 LOC) done in 2.1s - ~12.0min left in this row
    [dpy] chunk 115/450 (2053 LOC) done in 2.2s - ~11.9min left in this row
    [dpy] chunk 116/450 (632 LOC) done in 2.0s - ~11.9min left in this row
    [dpy] chunk 117/450 (456 LOC) done in 2.0s - ~11.9min left in this row
    [dpy] chunk 118/450 (2264 LOC) done in 2.4s - ~11.8min left in this row
    [dpy] chunk 119/450 (628 LOC) done in 2.1s - ~11.8min left in this row
    [dpy] chunk 120/450 (633 LOC) done in 2.1s - ~11.8min left in this row
    [dpy] chunk 121/450 (956 LOC) done in 2.3s - ~11.7min left in this row
    [dpy] chunk 122/450 (260 LOC) done in 2.0s - ~11.7min left in this row
    [dpy] chunk 123/450 (1105 LOC) done in 2.0s - ~11.7min left in this row
    [dpy] chunk 124/450 (13 LOC) done in 2.0s - ~11.6min left in this row
    [dpy] chunk 125/450 (240 LOC) done in 2.0s - ~11.6min left in this row
    [dpy] chunk 126/450 (13 LOC) done in 2.0s - ~11.5min left in this row
    [dpy] chunk 127/450 (676 LOC) done in 2.0s - ~11.5min left in this row
    [dpy] chunk 128/450 (996 LOC) done in 2.0s - ~11.4min left in this row
    [dpy] chunk 129/450 (564 LOC) done in 2.1s - ~11.4min left in this row
    [dpy] chunk 130/450 (323 LOC) done in 2.0s - ~11.4min left in this row
    [dpy] chunk 131/450 (422 LOC) done in 2.1s - ~11.3min left in this row
    [dpy] chunk 132/450 (2573 LOC) done in 2.1s - ~11.3min left in this row
    [dpy] chunk 133/450 (331 LOC) done in 2.4s - ~11.3min left in this row
    [dpy] chunk 134/450 (270 LOC) done in 2.4s - ~11.2min left in this row
    [dpy] chunk 135/450 (263 LOC) done in 2.1s - ~11.2min left in this row
    [dpy] chunk 136/450 (645 LOC) done in 2.1s - ~11.2min left in this row
    [dpy] chunk 137/450 (932 LOC) done in 2.2s - ~11.1min left in this row
    [dpy] chunk 138/450 (245 LOC) done in 2.3s - ~11.1min left in this row
    [dpy] chunk 139/450 (19 LOC) done in 2.3s - ~11.1min left in this row
    [dpy] chunk 140/450 (871 LOC) done in 2.2s - ~11.0min left in this row
    [dpy] chunk 141/450 (19 LOC) done in 2.1s - ~11.0min left in this row
    [dpy] chunk 142/450 (70 LOC) done in 2.4s - ~11.0min left in this row
    [dpy] chunk 143/450 (1139 LOC) done in 2.1s - ~10.9min left in this row
    [dpy] chunk 144/450 (330 LOC) done in 2.0s - ~10.9min left in this row
    [dpy] chunk 145/450 (7890 LOC) done in 2.9s - ~10.9min left in this row
    [dpy] chunk 146/450 (5344 LOC) done in 2.9s - ~10.9min left in this row
    [dpy] chunk 147/450 (384 LOC) done in 2.3s - ~10.9min left in this row
    [dpy] chunk 148/450 (791 LOC) done in 1.9s - ~10.8min left in this row
    [dpy] chunk 149/450 (95 LOC) done in 2.3s - ~10.8min left in this row
    [dpy] chunk 150/450 (67 LOC) done in 1.9s - ~10.7min left in this row
    [dpy] chunk 151/450 (70 LOC) done in 2.2s - ~10.7min left in this row
    [dpy] chunk 152/450 (1048 LOC) done in 2.4s - ~10.7min left in this row
    [dpy] chunk 153/450 (297 LOC) done in 2.4s - ~10.6min left in this row
    [dpy] chunk 154/450 (17 LOC) done in 2.0s - ~10.6min left in this row
    [dpy] chunk 155/450 (67 LOC) done in 2.2s - ~10.6min left in this row
    [dpy] chunk 156/450 (157 LOC) done in 2.1s - ~10.5min left in this row
    [dpy] chunk 157/450 (184 LOC) done in 2.0s - ~10.5min left in this row
    [dpy] chunk 158/450 (897 LOC) done in 2.4s - ~10.5min left in this row
    [dpy] chunk 159/450 (557 LOC) done in 2.2s - ~10.4min left in this row
    [dpy] chunk 160/450 (19 LOC) done in 1.8s - ~10.4min left in this row
    [dpy] chunk 161/450 (146 LOC) done in 2.1s - ~10.4min left in this row
    [dpy] chunk 162/450 (99 LOC) done in 2.0s - ~10.3min left in this row
    [dpy] chunk 163/450 (16 LOC) done in 1.9s - ~10.3min left in this row
    [dpy] chunk 164/450 (4138 LOC) done in 2.3s - ~10.2min left in this row
    [dpy] chunk 165/450 (866 LOC) done in 1.9s - ~10.2min left in this row
    [dpy] chunk 166/450 (270 LOC) done in 2.0s - ~10.2min left in this row
    [dpy] chunk 167/450 (68 LOC) done in 1.9s - ~10.1min left in this row
    [dpy] chunk 168/450 (70 LOC) done in 2.1s - ~10.1min left in this row
    [dpy] chunk 169/450 (17 LOC) done in 1.9s - ~10.0min left in this row
    [dpy] chunk 170/450 (415 LOC) done in 2.2s - ~10.0min left in this row
    [dpy] chunk 171/450 (2618 LOC) done in 2.9s - ~10.0min left in this row
    [dpy] chunk 172/450 (71 LOC) done in 1.9s - ~9.9min left in this row
    [dpy] chunk 173/450 (17 LOC) done in 1.8s - ~9.9min left in this row
    [dpy] chunk 174/450 (74 LOC) done in 2.1s - ~9.9min left in this row
    [dpy] chunk 175/450 (16 LOC) done in 1.7s - ~9.8min left in this row
    [dpy] chunk 176/450 (19 LOC) done in 1.9s - ~9.8min left in this row
    [dpy] chunk 177/450 (19 LOC) done in 1.9s - ~9.7min left in this row
    [dpy] chunk 178/450 (873 LOC) done in 2.1s - ~9.7min left in this row
    [dpy] chunk 179/450 (16 LOC) done in 1.7s - ~9.6min left in this row
    [dpy] chunk 180/450 (19 LOC) done in 2.0s - ~9.6min left in this row
    [dpy] chunk 181/450 (17 LOC) done in 2.2s - ~9.6min left in this row
    [dpy] chunk 182/450 (70 LOC) done in 1.9s - ~9.5min left in this row
    [dpy] chunk 183/450 (19 LOC) done in 1.8s - ~9.5min left in this row
    [dpy] chunk 184/450 (414 LOC) done in 1.9s - ~9.4min left in this row
    [dpy] chunk 185/450 (110 LOC) done in 1.7s - ~9.4min left in this row
    [dpy] chunk 186/450 (70 LOC) done in 1.8s - ~9.4min left in this row
    [dpy] chunk 187/450 (19 LOC) done in 1.7s - ~9.3min left in this row
    [dpy] chunk 188/450 (19 LOC) done in 1.8s - ~9.3min left in this row
    [dpy] chunk 189/450 (665 LOC) done in 1.8s - ~9.2min left in this row
    [dpy] chunk 190/450 (17 LOC) done in 1.8s - ~9.2min left in this row
    [dpy] chunk 191/450 (19 LOC) done in 1.8s - ~9.1min left in this row
    [dpy] chunk 192/450 (70 LOC) done in 1.8s - ~9.1min left in this row
    [dpy] chunk 193/450 (17 LOC) done in 1.9s - ~9.1min left in this row
    [dpy] chunk 194/450 (16 LOC) done in 1.8s - ~9.0min left in this row
    [dpy] chunk 195/450 (215 LOC) done in 1.8s - ~9.0min left in this row
    [dpy] chunk 196/450 (16 LOC) done in 1.8s - ~8.9min left in this row
    [dpy] chunk 197/450 (70 LOC) done in 1.9s - ~8.9min left in this row
    [dpy] chunk 198/450 (19 LOC) done in 1.9s - ~8.9min left in this row
    [dpy] chunk 199/450 (19 LOC) done in 2.2s - ~8.8min left in this row
    [dpy] chunk 200/450 (16 LOC) done in 2.0s - ~8.8min left in this row
    [dpy] chunk 201/450 (16 LOC) done in 1.9s - ~8.7min left in this row
    [dpy] chunk 202/450 (17 LOC) done in 2.0s - ~8.7min left in this row
    [dpy] chunk 203/450 (19 LOC) done in 2.0s - ~8.7min left in this row
    [dpy] chunk 204/450 (17 LOC) done in 1.9s - ~8.6min left in this row
    [dpy] chunk 205/450 (85 LOC) done in 2.0s - ~8.6min left in this row
    [dpy] chunk 206/450 (3186 LOC) done in 2.2s - ~8.6min left in this row
    [dpy] chunk 207/450 (5164 LOC) done in 2.4s - ~8.5min left in this row
    [dpy] chunk 208/450 (9 LOC) done in 2.0s - ~8.5min left in this row
    [dpy] chunk 209/450 (720 LOC) done in 2.2s - ~8.5min left in this row
    [dpy] chunk 210/450 (789 LOC) done in 2.2s - ~8.4min left in this row
    [dpy] chunk 211/450 (104 LOC) done in 2.2s - ~8.4min left in this row
    [dpy] chunk 212/450 (3085 LOC) done in 2.8s - ~8.4min left in this row
    [dpy] chunk 213/450 (2058 LOC) done in 2.3s - ~8.3min left in this row
    [dpy] chunk 214/450 (392 LOC) done in 1.8s - ~8.3min left in this row
    [dpy] chunk 215/450 (925 LOC) done in 1.9s - ~8.3min left in this row
    [dpy] chunk 216/450 (913 LOC) done in 1.9s - ~8.2min left in this row
    [dpy] chunk 217/450 (70 LOC) done in 2.0s - ~8.2min left in this row
    [dpy] chunk 218/450 (68 LOC) done in 2.0s - ~8.1min left in this row
    [dpy] chunk 219/450 (761 LOC) done in 2.0s - ~8.1min left in this row
    [dpy] chunk 220/450 (25 LOC) done in 2.0s - ~8.1min left in this row
    [dpy] chunk 221/450 (19 LOC) done in 1.9s - ~8.0min left in this row
    [dpy] chunk 222/450 (70 LOC) done in 2.1s - ~8.0min left in this row
    [dpy] chunk 223/450 (19 LOC) done in 2.0s - ~8.0min left in this row
    [dpy] chunk 224/450 (451 LOC) done in 2.0s - ~7.9min left in this row
    [dpy] chunk 225/450 (501 LOC) done in 2.0s - ~7.9min left in this row
    [dpy] chunk 226/450 (70 LOC) done in 2.0s - ~7.8min left in this row
    [dpy] chunk 227/450 (173 LOC) done in 1.9s - ~7.8min left in this row
    [dpy] chunk 228/450 (16 LOC) done in 2.0s - ~7.8min left in this row
    [dpy] chunk 229/450 (301 LOC) done in 2.1s - ~7.7min left in this row
    [dpy] chunk 230/450 (41034 LOC) done in 3.5s - ~7.7min left in this row
    [dpy] chunk 231/450 (2535 LOC) done in 2.4s - ~7.7min left in this row
    [dpy] chunk 232/450 (2553 LOC) done in 2.4s - ~7.7min left in this row
    [dpy] chunk 233/450 (8 LOC) done in 2.3s - ~7.6min left in this row
    [dpy] chunk 234/450 (698 LOC) done in 2.2s - ~7.6min left in this row
    [dpy] chunk 235/450 (19 LOC) done in 2.2s - ~7.6min left in this row
    [dpy] chunk 236/450 (129 LOC) done in 2.2s - ~7.5min left in this row
    [dpy] chunk 237/450 (19 LOC) done in 2.2s - ~7.5min left in this row
    [dpy] chunk 238/450 (73 LOC) done in 2.0s - ~7.5min left in this row
    [dpy] chunk 239/450 (19 LOC) done in 2.2s - ~7.4min left in this row
    [dpy] chunk 240/450 (5074 LOC) done in 2.8s - ~7.4min left in this row
    [dpy] chunk 241/450 (2811 LOC) done in 2.4s - ~7.4min left in this row
    [dpy] chunk 242/450 (1326 LOC) done in 2.1s - ~7.3min left in this row
    [dpy] chunk 243/450 (149 LOC) done in 2.1s - ~7.3min left in this row
    [dpy] chunk 244/450 (260 LOC) done in 1.9s - ~7.3min left in this row
    [dpy] chunk 245/450 (1077 LOC) done in 2.2s - ~7.2min left in this row
    [dpy] chunk 246/450 (17 LOC) done in 2.1s - ~7.2min left in this row
    [dpy] chunk 247/450 (1536 LOC) done in 2.1s - ~7.2min left in this row
    [dpy] chunk 248/450 (1584 LOC) done in 2.3s - ~7.1min left in this row
    [dpy] chunk 249/450 (71 LOC) done in 2.2s - ~7.1min left in this row
    [dpy] chunk 250/450 (552 LOC) done in 2.2s - ~7.1min left in this row
    [dpy] chunk 251/450 (410 LOC) done in 2.0s - ~7.0min left in this row
    [dpy] chunk 252/450 (69 LOC) done in 2.0s - ~7.0min left in this row
    [dpy] chunk 253/450 (198 LOC) done in 2.1s - ~6.9min left in this row
    [dpy] chunk 254/450 (70 LOC) done in 2.4s - ~6.9min left in this row
    [dpy] chunk 255/450 (907 LOC) done in 2.1s - ~6.9min left in this row
    [dpy] chunk 256/450 (19 LOC) done in 2.3s - ~6.8min left in this row
    [dpy] chunk 257/450 (50 LOC) done in 2.1s - ~6.8min left in this row
    [dpy] chunk 258/450 (70 LOC) done in 2.3s - ~6.8min left in this row
    [dpy] chunk 259/450 (6605 LOC) done in 3.2s - ~6.8min left in this row
    [dpy] chunk 260/450 (19 LOC) done in 2.1s - ~6.7min left in this row
    [dpy] chunk 261/450 (3291 LOC) done in 2.5s - ~6.7min left in this row
    [dpy] chunk 262/450 (254 LOC) done in 2.2s - ~6.7min left in this row
    [dpy] chunk 263/450 (553 LOC) done in 2.3s - ~6.6min left in this row
    [dpy] chunk 264/450 (19 LOC) done in 1.9s - ~6.6min left in this row
    [dpy] chunk 265/450 (19 LOC) done in 2.0s - ~6.5min left in this row
    [dpy] chunk 266/450 (1789 LOC) done in 2.2s - ~6.5min left in this row
    [dpy] chunk 267/450 (219 LOC) done in 1.8s - ~6.5min left in this row
    [dpy] chunk 268/450 (3326 LOC) done in 2.3s - ~6.4min left in this row
    [dpy] chunk 269/450 (19 LOC) done in 1.8s - ~6.4min left in this row
    [dpy] chunk 270/450 (16 LOC) done in 2.0s - ~6.4min left in this row
    [dpy] chunk 271/450 (19 LOC) done in 2.0s - ~6.3min left in this row
    [dpy] chunk 272/450 (65 LOC) done in 2.0s - ~6.3min left in this row
    [dpy] chunk 273/450 (1340 LOC) done in 1.9s - ~6.3min left in this row
    [dpy] chunk 274/450 (856 LOC) done in 1.9s - ~6.2min left in this row
    [dpy] chunk 275/450 (666 LOC) done in 2.0s - ~6.2min left in this row
    [dpy] chunk 276/450 (19 LOC) done in 1.8s - ~6.1min left in this row
    [dpy] chunk 277/450 (19 LOC) done in 1.9s - ~6.1min left in this row
    [dpy] chunk 278/450 (19 LOC) done in 1.9s - ~6.1min left in this row
    [dpy] chunk 279/450 (2023 LOC) done in 2.1s - ~6.0min left in this row
    [dpy] chunk 280/450 (16 LOC) done in 1.9s - ~6.0min left in this row
    [dpy] chunk 281/450 (945 LOC) done in 2.0s - ~6.0min left in this row
    [dpy] chunk 282/450 (68 LOC) done in 1.8s - ~5.9min left in this row
    [dpy] chunk 283/450 (129 LOC) done in 2.0s - ~5.9min left in this row
    [dpy] chunk 284/450 (442 LOC) done in 1.9s - ~5.8min left in this row
    [dpy] chunk 285/450 (19 LOC) done in 1.9s - ~5.8min left in this row
    [dpy] chunk 286/450 (70 LOC) done in 1.8s - ~5.8min left in this row
    [dpy] chunk 287/450 (16 LOC) done in 1.9s - ~5.7min left in this row
    [dpy] chunk 288/450 (19 LOC) done in 1.8s - ~5.7min left in this row
    [dpy] chunk 289/450 (19 LOC) done in 2.0s - ~5.7min left in this row
    [dpy] chunk 290/450 (1223 LOC) done in 2.2s - ~5.6min left in this row
    [dpy] chunk 291/450 (70 LOC) done in 2.2s - ~5.6min left in this row
    [dpy] chunk 292/450 (14 LOC) done in 2.1s - ~5.6min left in this row
    [dpy] chunk 293/450 (757 LOC) done in 1.8s - ~5.5min left in this row
    [dpy] chunk 294/450 (832 LOC) done in 1.8s - ~5.5min left in this row
    [dpy] chunk 295/450 (1249 LOC) done in 1.9s - ~5.4min left in this row
    [dpy] chunk 296/450 (19 LOC) done in 2.2s - ~5.4min left in this row
    [dpy] chunk 297/450 (2595 LOC) done in 2.0s - ~5.4min left in this row
    [dpy] chunk 298/450 (1561 LOC) done in 2.0s - ~5.3min left in this row
    [dpy] chunk 299/450 (16 LOC) done in 2.0s - ~5.3min left in this row
    [dpy] chunk 300/450 (16 LOC) done in 2.1s - ~5.3min left in this row
    [dpy] chunk 301/450 (156 LOC) done in 2.1s - ~5.2min left in this row
    [dpy] chunk 302/450 (16 LOC) done in 2.1s - ~5.2min left in this row
    [dpy] chunk 303/450 (70 LOC) done in 2.0s - ~5.2min left in this row
    [dpy] chunk 304/450 (19 LOC) done in 2.1s - ~5.1min left in this row
    [dpy] chunk 305/450 (631 LOC) done in 2.1s - ~5.1min left in this row
    [dpy] chunk 306/450 (19 LOC) done in 1.8s - ~5.1min left in this row
    [dpy] chunk 307/450 (17 LOC) done in 1.8s - ~5.0min left in this row
    [dpy] chunk 308/450 (49 LOC) done in 2.1s - ~5.0min left in this row
    [dpy] chunk 309/450 (1172 LOC) done in 2.1s - ~4.9min left in this row
    [dpy] chunk 310/450 (70 LOC) done in 1.8s - ~4.9min left in this row
    [dpy] chunk 311/450 (1062 LOC) done in 2.1s - ~4.9min left in this row
    [dpy] chunk 312/450 (19 LOC) done in 1.8s - ~4.8min left in this row
    [dpy] chunk 313/450 (68 LOC) done in 1.8s - ~4.8min left in this row
    [dpy] chunk 314/450 (19 LOC) done in 1.9s - ~4.8min left in this row
    [dpy] chunk 315/450 (70 LOC) done in 1.9s - ~4.7min left in this row
    [dpy] chunk 316/450 (15 LOC) done in 2.0s - ~4.7min left in this row
    [dpy] chunk 317/450 (16 LOC) done in 2.0s - ~4.7min left in this row
    [dpy] chunk 318/450 (697 LOC) done in 2.2s - ~4.6min left in this row
    [dpy] chunk 319/450 (70 LOC) done in 1.7s - ~4.6min left in this row
    [dpy] chunk 320/450 (17 LOC) done in 1.9s - ~4.5min left in this row
    [dpy] chunk 321/450 (1443 LOC) done in 2.2s - ~4.5min left in this row
    [dpy] chunk 322/450 (121 LOC) done in 2.0s - ~4.5min left in this row
    [dpy] chunk 323/450 (70 LOC) done in 1.9s - ~4.4min left in this row
    [dpy] chunk 324/450 (437 LOC) done in 1.8s - ~4.4min left in this row
    [dpy] chunk 325/450 (130 LOC) done in 1.9s - ~4.4min left in this row
    [dpy] chunk 326/450 (1336 LOC) done in 1.9s - ~4.3min left in this row
    [dpy] chunk 327/450 (17 LOC) done in 2.0s - ~4.3min left in this row
    [dpy] chunk 328/450 (19 LOC) done in 1.7s - ~4.3min left in this row
    [dpy] chunk 329/450 (19 LOC) done in 1.8s - ~4.2min left in this row
    [dpy] chunk 330/450 (19 LOC) done in 1.6s - ~4.2min left in this row
    [dpy] chunk 331/450 (1900 LOC) done in 2.2s - ~4.1min left in this row
    [dpy] chunk 332/450 (165 LOC) done in 2.2s - ~4.1min left in this row
    [dpy] chunk 333/450 (19 LOC) done in 1.9s - ~4.1min left in this row
    [dpy] chunk 334/450 (17 LOC) done in 2.3s - ~4.0min left in this row
    [dpy] chunk 335/450 (17 LOC) done in 2.1s - ~4.0min left in this row
    [dpy] chunk 336/450 (147 LOC) done in 1.9s - ~4.0min left in this row
    [dpy] chunk 337/450 (71 LOC) done in 2.1s - ~3.9min left in this row
    [dpy] chunk 338/450 (19 LOC) done in 1.8s - ~3.9min left in this row
    [dpy] chunk 339/450 (302 LOC) done in 2.0s - ~3.9min left in this row
    [dpy] chunk 340/450 (360 LOC) done in 2.0s - ~3.8min left in this row
    [dpy] chunk 341/450 (70 LOC) done in 2.1s - ~3.8min left in this row
    [dpy] chunk 342/450 (195 LOC) done in 1.9s - ~3.8min left in this row
    [dpy] chunk 343/450 (19 LOC) done in 2.0s - ~3.7min left in this row
    [dpy] chunk 344/450 (84 LOC) done in 2.0s - ~3.7min left in this row
    [dpy] chunk 345/450 (17 LOC) done in 1.9s - ~3.7min left in this row
    [dpy] chunk 346/450 (182 LOC) done in 1.9s - ~3.6min left in this row
    [dpy] chunk 347/450 (70 LOC) done in 1.9s - ~3.6min left in this row
    [dpy] chunk 348/450 (134 LOC) done in 2.0s - ~3.5min left in this row
    [dpy] chunk 349/450 (259 LOC) done in 1.9s - ~3.5min left in this row
    [dpy] chunk 350/450 (237 LOC) done in 2.2s - ~3.5min left in this row
    [dpy] chunk 351/450 (17 LOC) done in 2.0s - ~3.4min left in this row
    [dpy] chunk 352/450 (1107 LOC) done in 2.2s - ~3.4min left in this row
    [dpy] chunk 353/450 (19 LOC) done in 2.2s - ~3.4min left in this row
    [dpy] chunk 354/450 (17 LOC) done in 2.0s - ~3.3min left in this row
    [dpy] chunk 355/450 (283 LOC) done in 1.9s - ~3.3min left in this row
    [dpy] chunk 356/450 (16 LOC) done in 2.2s - ~3.3min left in this row
    [dpy] chunk 357/450 (19 LOC) done in 2.1s - ~3.2min left in this row
    [dpy] chunk 358/450 (93 LOC) done in 2.0s - ~3.2min left in this row
    [dpy] chunk 359/450 (19 LOC) done in 2.1s - ~3.2min left in this row
    [dpy] chunk 360/450 (1467 LOC) done in 2.5s - ~3.1min left in this row
    [dpy] chunk 361/450 (19 LOC) done in 2.2s - ~3.1min left in this row
    [dpy] chunk 362/450 (143 LOC) done in 2.0s - ~3.1min left in this row
    [dpy] chunk 363/450 (3566 LOC) done in 2.2s - ~3.0min left in this row
    [dpy] chunk 364/450 (4418 LOC) done in 2.5s - ~3.0min left in this row
    [dpy] chunk 365/450 (231 LOC) done in 1.8s - ~3.0min left in this row
    [dpy] chunk 366/450 (19 LOC) done in 2.1s - ~2.9min left in this row
    [dpy] chunk 367/450 (16 LOC) done in 2.0s - ~2.9min left in this row
    [dpy] chunk 368/450 (19 LOC) done in 2.3s - ~2.9min left in this row
    [dpy] chunk 369/450 (638 LOC) done in 1.8s - ~2.8min left in this row
    [dpy] chunk 370/450 (71 LOC) done in 1.8s - ~2.8min left in this row
    [dpy] chunk 371/450 (17 LOC) done in 2.0s - ~2.7min left in this row
    [dpy] chunk 372/450 (357 LOC) done in 2.0s - ~2.7min left in this row
    [dpy] chunk 373/450 (19 LOC) done in 2.0s - ~2.7min left in this row
    [dpy] chunk 374/450 (16 LOC) done in 1.8s - ~2.6min left in this row
    [dpy] chunk 375/450 (660 LOC) done in 2.4s - ~2.6min left in this row
    [dpy] chunk 376/450 (16 LOC) done in 1.9s - ~2.6min left in this row
    [dpy] chunk 377/450 (4021 LOC) done in 2.4s - ~2.5min left in this row
    [dpy] chunk 378/450 (64 LOC) done in 1.8s - ~2.5min left in this row
    [dpy] chunk 379/450 (29442 LOC) done in 3.7s - ~2.5min left in this row
    [dpy] chunk 380/450 (1197 LOC) done in 2.2s - ~2.4min left in this row
    [dpy] chunk 381/450 (1072 LOC) done in 2.2s - ~2.4min left in this row
    [dpy] chunk 382/450 (4177 LOC) done in 2.5s - ~2.4min left in this row
    [dpy] chunk 383/450 (9 LOC) done in 1.8s - ~2.3min left in this row
    [dpy] chunk 384/450 (16 LOC) done in 2.1s - ~2.3min left in this row
    [dpy] chunk 385/450 (14 LOC) done in 2.2s - ~2.3min left in this row
    [dpy] chunk 386/450 (1197 LOC) done in 1.9s - ~2.2min left in this row
    [dpy] chunk 387/450 (19 LOC) done in 1.8s - ~2.2min left in this row
    [dpy] chunk 388/450 (19 LOC) done in 1.7s - ~2.2min left in this row
    [dpy] chunk 389/450 (460 LOC) done in 2.1s - ~2.1min left in this row
    [dpy] chunk 390/450 (555 LOC) done in 1.8s - ~2.1min left in this row
    [dpy] chunk 391/450 (16 LOC) done in 2.0s - ~2.1min left in this row
    [dpy] chunk 392/450 (19 LOC) done in 2.0s - ~2.0min left in this row
    [dpy] chunk 393/450 (19 LOC) done in 1.8s - ~2.0min left in this row
    [dpy] chunk 394/450 (97 LOC) done in 2.0s - ~1.9min left in this row
    [dpy] chunk 395/450 (19 LOC) done in 1.9s - ~1.9min left in this row
    [dpy] chunk 396/450 (212 LOC) done in 1.9s - ~1.9min left in this row
    [dpy] chunk 397/450 (70 LOC) done in 1.9s - ~1.8min left in this row
    [dpy] chunk 398/450 (7945 LOC) done in 2.9s - ~1.8min left in this row
    [dpy] chunk 399/450 (19 LOC) done in 1.9s - ~1.8min left in this row
    [dpy] chunk 400/450 (366 LOC) done in 2.0s - ~1.7min left in this row
    [dpy] chunk 401/450 (820 LOC) done in 1.7s - ~1.7min left in this row
    [dpy] chunk 402/450 (19 LOC) done in 2.1s - ~1.7min left in this row
    [dpy] chunk 403/450 (16 LOC) done in 1.9s - ~1.6min left in this row
    [dpy] chunk 404/450 (102 LOC) done in 1.8s - ~1.6min left in this row
    [dpy] chunk 405/450 (16 LOC) done in 1.8s - ~1.6min left in this row
    [dpy] chunk 406/450 (1362 LOC) done in 2.0s - ~1.5min left in this row
    [dpy] chunk 407/450 (19 LOC) done in 1.7s - ~1.5min left in this row
    [dpy] chunk 408/450 (19 LOC) done in 1.9s - ~1.5min left in this row
    [dpy] chunk 409/450 (70 LOC) done in 1.8s - ~1.4min left in this row
    [dpy] chunk 410/450 (19 LOC) done in 1.7s - ~1.4min left in this row
    [dpy] chunk 411/450 (841 LOC) done in 2.0s - ~1.4min left in this row
    [dpy] chunk 412/450 (206 LOC) done in 1.8s - ~1.3min left in this row
    [dpy] chunk 413/450 (70 LOC) done in 1.7s - ~1.3min left in this row
    [dpy] chunk 414/450 (17 LOC) done in 1.8s - ~1.2min left in this row
    [dpy] chunk 415/450 (1329 LOC) done in 1.8s - ~1.2min left in this row
    [dpy] chunk 416/450 (70 LOC) done in 1.8s - ~1.2min left in this row
    [dpy] chunk 417/450 (70 LOC) done in 1.7s - ~1.1min left in this row
    [dpy] chunk 418/450 (19 LOC) done in 1.7s - ~1.1min left in this row
    [dpy] chunk 419/450 (187 LOC) done in 1.9s - ~1.1min left in this row
    [dpy] chunk 420/450 (70 LOC) done in 1.7s - ~1.0min left in this row
    [dpy] chunk 421/450 (223 LOC) done in 2.2s - ~1.0min left in this row
    [dpy] chunk 422/450 (19 LOC) done in 1.9s - ~1.0min left in this row
    [dpy] chunk 423/450 (19 LOC) done in 1.9s - ~0.9min left in this row
    [dpy] chunk 424/450 (19 LOC) done in 2.0s - ~0.9min left in this row
    [dpy] chunk 425/450 (19 LOC) done in 2.0s - ~0.9min left in this row
    [dpy] chunk 426/450 (17 LOC) done in 1.9s - ~0.8min left in this row
    [dpy] chunk 427/450 (559 LOC) done in 2.1s - ~0.8min left in this row
    [dpy] chunk 428/450 (17 LOC) done in 1.9s - ~0.8min left in this row
    [dpy] chunk 429/450 (19 LOC) done in 1.9s - ~0.7min left in this row
    [dpy] chunk 430/450 (362 LOC) done in 2.0s - ~0.7min left in this row
    [dpy] chunk 431/450 (19 LOC) done in 2.0s - ~0.7min left in this row
    [dpy] chunk 432/450 (19 LOC) done in 2.0s - ~0.6min left in this row
    [dpy] chunk 433/450 (19 LOC) done in 2.0s - ~0.6min left in this row
    [dpy] chunk 434/450 (365 LOC) done in 2.0s - ~0.6min left in this row
    [dpy] chunk 435/450 (67 LOC) done in 2.0s - ~0.5min left in this row
    [dpy] chunk 436/450 (428 LOC) done in 2.0s - ~0.5min left in this row
    [dpy] chunk 437/450 (70 LOC) done in 1.9s - ~0.4min left in this row
    [dpy] chunk 438/450 (156 LOC) done in 2.0s - ~0.4min left in this row
    [dpy] chunk 439/450 (615 LOC) done in 2.0s - ~0.4min left in this row
    [dpy] chunk 440/450 (19 LOC) done in 1.9s - ~0.3min left in this row
    [dpy] chunk 441/450 (774 LOC) done in 2.1s - ~0.3min left in this row
    [dpy] chunk 442/450 (70 LOC) done in 1.9s - ~0.3min left in this row
    [dpy] chunk 443/450 (92 LOC) done in 2.0s - ~0.2min left in this row
    [dpy] chunk 444/450 (4319 LOC) done in 2.6s - ~0.2min left in this row
    [dpy] chunk 445/450 (182 LOC) done in 2.2s - ~0.2min left in this row
    [dpy] chunk 446/450 (17 LOC) done in 2.3s - ~0.1min left in this row
    [dpy] chunk 447/450 (328 LOC) done in 2.0s - ~0.1min left in this row
    [dpy] chunk 448/450 (1459 LOC) done in 2.2s - ~0.1min left in this row
    [dpy] chunk 449/450 (213 LOC) done in 2.3s - ~0.0min left in this row
    [dpy] chunk 450/450 (772 LOC) done in 2.1s - ~0.0min left in this row
  [ok] (59/192) airbytehq/airbyte A2 2024-08-21 @0f3b136f
  [row] (60/192) starting airbytehq/airbyte A2 2024-09-21 @7855c7ab
    [dpy] WARNING: 2 chunk(s) still over 8000 LOC and can't be split further (no subdirectories) - DPy will skip CSV export for these: ['C:\\Users\\kvrlv\\AppData\\Local\\Temp\\dpy_chunks__h6o9yei\\loose__root__airbyte-integrations__connectors__source-github__source_github__loose1', 'C:\\Users\\kvrlv\\AppData\\Local\\Temp\\dpy_chunks__h6o9yei\\loose__root__airbyte-integrations__connectors__source-shopify__source_shopify__shopify_graphql__loose1']
    [dpy] 467 chunk(s) planned, 415733 total LOC
    [dpy] chunk 1/467 (613 LOC) done in 1.9s - ~14.8min left in this row
    [dpy] chunk 2/467 (1130 LOC) done in 2.2s - ~16.0min left in this row
    [dpy] chunk 3/467 (195 LOC) done in 2.2s - ~16.4min left in this row
    [dpy] chunk 4/467 (647 LOC) done in 2.2s - ~16.4min left in this row
    [dpy] chunk 5/467 (375 LOC) done in 2.2s - ~16.4min left in this row
    [dpy] chunk 6/467 (741 LOC) done in 2.4s - ~16.7min left in this row
    [dpy] chunk 7/467 (89 LOC) done in 2.0s - ~16.5min left in this row
    [dpy] chunk 8/467 (160 LOC) done in 2.3s - ~16.6min left in this row
    [dpy] chunk 9/467 (113 LOC) done in 2.2s - ~16.6min left in this row
    [dpy] chunk 10/467 (562 LOC) done in 2.3s - ~16.6min left in this row
    [dpy] chunk 11/467 (1114 LOC) done in 2.3s - ~16.7min left in this row
    [dpy] chunk 12/467 (648 LOC) done in 2.3s - ~16.8min left in this row
    [dpy] chunk 13/467 (113 LOC) done in 2.0s - ~16.6min left in this row
    [dpy] chunk 14/467 (1698 LOC) done in 2.0s - ~16.4min left in this row
    [dpy] chunk 15/467 (1931 LOC) done in 2.9s - ~16.8min left in this row
    [dpy] chunk 16/467 (655 LOC) done in 2.0s - ~16.6min left in this row
    [dpy] chunk 17/467 (2548 LOC) done in 2.8s - ~16.9min left in this row
    [dpy] chunk 18/467 (681 LOC) done in 2.2s - ~16.8min left in this row
    [dpy] chunk 19/467 (183 LOC) done in 1.9s - ~16.6min left in this row
    [dpy] chunk 20/467 (49 LOC) done in 2.2s - ~16.6min left in this row
    [dpy] chunk 21/467 (37 LOC) done in 2.1s - ~16.5min left in this row
    [dpy] chunk 22/467 (274 LOC) done in 1.7s - ~16.3min left in this row
    [dpy] chunk 23/467 (520 LOC) done in 1.9s - ~16.2min left in this row
    [dpy] chunk 24/467 (163 LOC) done in 1.9s - ~16.1min left in this row
    [dpy] chunk 25/467 (4775 LOC) done in 2.3s - ~16.1min left in this row
    [dpy] chunk 26/467 (136 LOC) done in 1.8s - ~15.9min left in this row
    [dpy] chunk 27/467 (5721 LOC) done in 2.3s - ~15.9min left in this row
    [dpy] chunk 28/467 (538 LOC) done in 1.9s - ~15.8min left in this row
    [dpy] chunk 29/467 (720 LOC) done in 1.9s - ~15.8min left in this row
    [dpy] chunk 30/467 (875 LOC) done in 1.9s - ~15.7min left in this row
    [dpy] chunk 31/467 (898 LOC) done in 2.1s - ~15.6min left in this row
    [dpy] chunk 32/467 (918 LOC) done in 2.0s - ~15.5min left in this row
    [dpy] chunk 33/467 (75 LOC) done in 1.9s - ~15.5min left in this row
    [dpy] chunk 34/467 (112 LOC) done in 1.9s - ~15.4min left in this row
    [dpy] chunk 35/467 (1854 LOC) done in 2.0s - ~15.3min left in this row
    [dpy] chunk 36/467 (1622 LOC) done in 2.2s - ~15.3min left in this row
    [dpy] chunk 37/467 (172 LOC) done in 1.8s - ~15.2min left in this row
    [dpy] chunk 38/467 (287 LOC) done in 2.0s - ~15.1min left in this row
    [dpy] chunk 39/467 (994 LOC) done in 2.1s - ~15.1min left in this row
    [dpy] chunk 40/467 (142 LOC) done in 2.1s - ~15.1min left in this row
    [dpy] chunk 41/467 (199 LOC) done in 1.8s - ~15.0min left in this row
    [dpy] chunk 42/467 (110 LOC) done in 2.0s - ~14.9min left in this row
    [dpy] chunk 43/467 (592 LOC) done in 1.9s - ~14.9min left in this row
    [dpy] chunk 44/467 (1858 LOC) done in 2.1s - ~14.8min left in this row
    [dpy] chunk 45/467 (624 LOC) done in 1.9s - ~14.7min left in this row
    [dpy] chunk 46/467 (277 LOC) done in 2.0s - ~14.7min left in this row
    [dpy] chunk 47/467 (3091 LOC) done in 2.2s - ~14.7min left in this row
    [dpy] chunk 48/467 (2371 LOC) done in 2.1s - ~14.6min left in this row
    [dpy] chunk 49/467 (2896 LOC) done in 2.3s - ~14.6min left in this row
    [dpy] chunk 50/467 (765 LOC) done in 2.1s - ~14.6min left in this row
    [dpy] chunk 51/467 (105 LOC) done in 1.9s - ~14.5min left in this row
    [dpy] chunk 52/467 (36 LOC) done in 1.7s - ~14.5min left in this row
    [dpy] chunk 53/467 (3 LOC) done in 1.9s - ~14.4min left in this row
    [dpy] chunk 54/467 (3 LOC) done in 1.9s - ~14.3min left in this row
    [dpy] chunk 55/467 (238 LOC) done in 1.8s - ~14.3min left in this row
    [dpy] chunk 56/467 (1763 LOC) done in 1.9s - ~14.2min left in this row
    [dpy] chunk 57/467 (162 LOC) done in 1.9s - ~14.2min left in this row
    [dpy] chunk 58/467 (100 LOC) done in 1.9s - ~14.1min left in this row
    [dpy] chunk 59/467 (146 LOC) done in 2.0s - ~14.1min left in this row
    [dpy] chunk 60/467 (31 LOC) done in 2.0s - ~14.0min left in this row
    [dpy] chunk 61/467 (2043 LOC) done in 2.1s - ~14.0min left in this row
    [dpy] chunk 62/467 (7708 LOC) done in 2.0s - ~14.0min left in this row
    [dpy] chunk 63/467 (5977 LOC) done in 1.9s - ~13.9min left in this row
    [dpy] chunk 64/467 (50 LOC) done in 1.8s - ~13.8min left in this row
    [dpy] chunk 65/467 (1372 LOC) done in 1.9s - ~13.8min left in this row
    [dpy] chunk 66/467 (1523 LOC) done in 2.1s - ~13.8min left in this row
    [dpy] chunk 67/467 (157 LOC) done in 2.1s - ~13.7min left in this row
    [dpy] chunk 68/467 (144 LOC) done in 2.1s - ~13.7min left in this row
    [dpy] chunk 69/467 (1255 LOC) done in 2.4s - ~13.7min left in this row
    [dpy] chunk 70/467 (449 LOC) done in 2.3s - ~13.7min left in this row
    [dpy] chunk 71/467 (4392 LOC) done in 2.5s - ~13.7min left in this row
    [dpy] chunk 72/467 (2737 LOC) done in 2.8s - ~13.7min left in this row
    [dpy] chunk 73/467 (45 LOC) done in 1.9s - ~13.7min left in this row
    [dpy] chunk 74/467 (1320 LOC) done in 2.1s - ~13.6min left in this row
    [dpy] chunk 75/467 (603 LOC) done in 2.1s - ~13.6min left in this row
    [dpy] chunk 76/467 (3518 LOC) done in 2.7s - ~13.6min left in this row
    [dpy] chunk 77/467 (935 LOC) done in 1.9s - ~13.6min left in this row
    [dpy] chunk 78/467 (911 LOC) done in 2.3s - ~13.6min left in this row
    [dpy] chunk 79/467 (1228 LOC) done in 2.3s - ~13.5min left in this row
    [dpy] chunk 80/467 (254 LOC) done in 2.2s - ~13.5min left in this row
    [dpy] chunk 81/467 (1614 LOC) done in 2.3s - ~13.5min left in this row
    [dpy] chunk 82/467 (688 LOC) done in 2.1s - ~13.5min left in this row
    [dpy] chunk 83/467 (228 LOC) done in 2.1s - ~13.4min left in this row
    [dpy] chunk 84/467 (807 LOC) done in 2.1s - ~13.4min left in this row
    [dpy] chunk 85/467 (3668 LOC) done in 2.6s - ~13.4min left in this row
    [dpy] chunk 86/467 (1228 LOC) done in 1.9s - ~13.3min left in this row
    [dpy] chunk 87/467 (523 LOC) done in 2.0s - ~13.3min left in this row
    [dpy] chunk 88/467 (5938 LOC) done in 2.4s - ~13.3min left in this row
    [dpy] chunk 89/467 (4984 LOC) done in 2.5s - ~13.3min left in this row
    [dpy] chunk 90/467 (5207 LOC) done in 2.5s - ~13.3min left in this row
    [dpy] chunk 91/467 (651 LOC) done in 2.1s - ~13.2min left in this row
    [dpy] chunk 92/467 (198 LOC) done in 2.1s - ~13.2min left in this row
    [dpy] chunk 93/467 (225 LOC) done in 1.9s - ~13.1min left in this row
    [dpy] chunk 94/467 (48 LOC) done in 1.9s - ~13.1min left in this row
    [dpy] chunk 95/467 (349 LOC) done in 2.0s - ~13.1min left in this row
    [dpy] chunk 96/467 (472 LOC) done in 2.1s - ~13.0min left in this row
    [dpy] chunk 97/467 (138 LOC) done in 2.2s - ~13.0min left in this row
    [dpy] chunk 98/467 (2448 LOC) done in 2.1s - ~13.0min left in this row
    [dpy] chunk 99/467 (542 LOC) done in 2.0s - ~12.9min left in this row
    [dpy] chunk 100/467 (850 LOC) done in 2.2s - ~12.9min left in this row
    [dpy] chunk 101/467 (192 LOC) done in 2.1s - ~12.9min left in this row
    [dpy] chunk 102/467 (1777 LOC) done in 2.4s - ~12.8min left in this row
    [dpy] chunk 103/467 (235 LOC) done in 2.0s - ~12.8min left in this row
    [dpy] chunk 104/467 (446 LOC) done in 1.9s - ~12.8min left in this row
    [dpy] chunk 105/467 (905 LOC) done in 2.2s - ~12.7min left in this row
    [dpy] chunk 106/467 (647 LOC) done in 2.7s - ~12.7min left in this row
    [dpy] chunk 107/467 (258 LOC) done in 2.2s - ~12.7min left in this row
    [dpy] chunk 108/467 (152 LOC) done in 2.0s - ~12.7min left in this row
    [dpy] chunk 109/467 (1037 LOC) done in 2.1s - ~12.6min left in this row
    [dpy] chunk 110/467 (543 LOC) done in 1.8s - ~12.6min left in this row
    [dpy] chunk 111/467 (26 LOC) done in 2.1s - ~12.5min left in this row
    [dpy] chunk 112/467 (3 LOC) done in 2.0s - ~12.5min left in this row
    [dpy] chunk 113/467 (998 LOC) done in 2.0s - ~12.4min left in this row
    [dpy] chunk 114/467 (1391 LOC) done in 2.0s - ~12.4min left in this row
    [dpy] chunk 115/467 (195 LOC) done in 2.2s - ~12.4min left in this row
    [dpy] chunk 116/467 (1893 LOC) done in 2.1s - ~12.3min left in this row
    [dpy] chunk 117/467 (1460 LOC) done in 2.0s - ~12.3min left in this row
    [dpy] chunk 118/467 (258 LOC) done in 1.8s - ~12.3min left in this row
    [dpy] chunk 119/467 (6 LOC) done in 1.8s - ~12.2min left in this row
    [dpy] chunk 120/467 (3633 LOC) done in 2.6s - ~12.2min left in this row
    [dpy] chunk 121/467 (2018 LOC) done in 2.4s - ~12.2min left in this row
    [dpy] chunk 122/467 (6507 LOC) done in 2.3s - ~12.1min left in this row
    [dpy] chunk 123/467 (1137 LOC) done in 1.9s - ~12.1min left in this row
    [dpy] chunk 124/467 (70 LOC) done in 2.2s - ~12.1min left in this row
    [dpy] chunk 125/467 (4903 LOC) done in 2.4s - ~12.0min left in this row
    [dpy] chunk 126/467 (6239 LOC) done in 2.4s - ~12.0min left in this row
    [dpy] chunk 127/467 (2382 LOC) done in 2.0s - ~12.0min left in this row
    [dpy] chunk 128/467 (16 LOC) done in 1.8s - ~11.9min left in this row
    [dpy] chunk 129/467 (467 LOC) done in 1.7s - ~11.9min left in this row
    [dpy] chunk 130/467 (691 LOC) done in 2.2s - ~11.8min left in this row
    [dpy] chunk 131/467 (2053 LOC) done in 2.5s - ~11.8min left in this row
    [dpy] chunk 132/467 (632 LOC) done in 2.1s - ~11.8min left in this row
    [dpy] chunk 133/467 (456 LOC) done in 2.2s - ~11.8min left in this row
    [dpy] chunk 134/467 (2264 LOC) done in 2.3s - ~11.7min left in this row
    [dpy] chunk 135/467 (628 LOC) done in 2.0s - ~11.7min left in this row
    [dpy] chunk 136/467 (633 LOC) done in 2.2s - ~11.7min left in this row
    [dpy] chunk 137/467 (956 LOC) done in 2.2s - ~11.6min left in this row
    [dpy] chunk 138/467 (260 LOC) done in 2.1s - ~11.6min left in this row
    [dpy] chunk 139/467 (1105 LOC) done in 2.0s - ~11.6min left in this row
    [dpy] chunk 140/467 (13 LOC) done in 2.0s - ~11.5min left in this row
    [dpy] chunk 141/467 (240 LOC) done in 1.8s - ~11.5min left in this row
    [dpy] chunk 142/467 (13 LOC) done in 2.1s - ~11.4min left in this row
    [dpy] chunk 143/467 (676 LOC) done in 1.9s - ~11.4min left in this row
    [dpy] chunk 144/467 (2265 LOC) done in 2.2s - ~11.4min left in this row
    [dpy] chunk 145/467 (996 LOC) done in 2.1s - ~11.3min left in this row
    [dpy] chunk 146/467 (564 LOC) done in 1.9s - ~11.3min left in this row
    [dpy] chunk 147/467 (323 LOC) done in 1.8s - ~11.2min left in this row
    [dpy] chunk 148/467 (422 LOC) done in 1.8s - ~11.2min left in this row
    [dpy] chunk 149/467 (2573 LOC) done in 2.1s - ~11.1min left in this row
    [dpy] chunk 150/467 (331 LOC) done in 1.8s - ~11.1min left in this row
    [dpy] chunk 151/467 (285 LOC) done in 1.9s - ~11.1min left in this row
    [dpy] chunk 152/467 (263 LOC) done in 1.7s - ~11.0min left in this row
    [dpy] chunk 153/467 (645 LOC) done in 1.8s - ~11.0min left in this row
    [dpy] chunk 154/467 (932 LOC) done in 1.9s - ~10.9min left in this row
    [dpy] chunk 155/467 (245 LOC) done in 1.7s - ~10.9min left in this row
    [dpy] chunk 156/467 (19 LOC) done in 1.7s - ~10.8min left in this row
    [dpy] chunk 157/467 (871 LOC) done in 1.8s - ~10.8min left in this row
    [dpy] chunk 158/467 (19 LOC) done in 1.8s - ~10.7min left in this row
    [dpy] chunk 159/467 (19 LOC) done in 1.8s - ~10.7min left in this row
    [dpy] chunk 160/467 (1139 LOC) done in 1.8s - ~10.7min left in this row
    [dpy] chunk 161/467 (330 LOC) done in 1.9s - ~10.6min left in this row
    [dpy] chunk 162/467 (7890 LOC) done in 2.8s - ~10.6min left in this row
    [dpy] chunk 163/467 (5344 LOC) done in 2.4s - ~10.6min left in this row
    [dpy] chunk 164/467 (384 LOC) done in 2.3s - ~10.5min left in this row
    [dpy] chunk 165/467 (791 LOC) done in 2.2s - ~10.5min left in this row
    [dpy] chunk 166/467 (95 LOC) done in 2.3s - ~10.5min left in this row
    [dpy] chunk 167/467 (16 LOC) done in 2.1s - ~10.5min left in this row
    [dpy] chunk 168/467 (70 LOC) done in 2.1s - ~10.4min left in this row
    [dpy] chunk 169/467 (1048 LOC) done in 2.2s - ~10.4min left in this row
    [dpy] chunk 170/467 (297 LOC) done in 2.5s - ~10.4min left in this row
    [dpy] chunk 171/467 (17 LOC) done in 1.9s - ~10.3min left in this row
    [dpy] chunk 172/467 (16 LOC) done in 2.1s - ~10.3min left in this row
    [dpy] chunk 173/467 (157 LOC) done in 2.2s - ~10.3min left in this row
    [dpy] chunk 174/467 (184 LOC) done in 2.3s - ~10.2min left in this row
    [dpy] chunk 175/467 (897 LOC) done in 2.3s - ~10.2min left in this row
    [dpy] chunk 176/467 (557 LOC) done in 2.1s - ~10.2min left in this row
    [dpy] chunk 177/467 (19 LOC) done in 2.0s - ~10.1min left in this row
    [dpy] chunk 178/467 (146 LOC) done in 2.1s - ~10.1min left in this row
    [dpy] chunk 179/467 (99 LOC) done in 2.0s - ~10.1min left in this row
    [dpy] chunk 180/467 (16 LOC) done in 2.1s - ~10.0min left in this row
    [dpy] chunk 181/467 (4138 LOC) done in 2.8s - ~10.0min left in this row
    [dpy] chunk 182/467 (866 LOC) done in 2.0s - ~10.0min left in this row
    [dpy] chunk 183/467 (270 LOC) done in 1.7s - ~9.9min left in this row
    [dpy] chunk 184/467 (17 LOC) done in 2.0s - ~9.9min left in this row
    [dpy] chunk 185/467 (19 LOC) done in 2.3s - ~9.9min left in this row
    [dpy] chunk 186/467 (17 LOC) done in 1.9s - ~9.8min left in this row
    [dpy] chunk 187/467 (415 LOC) done in 2.1s - ~9.8min left in this row
    [dpy] chunk 188/467 (2618 LOC) done in 2.5s - ~9.8min left in this row
    [dpy] chunk 189/467 (19 LOC) done in 1.9s - ~9.7min left in this row
    [dpy] chunk 190/467 (17 LOC) done in 1.8s - ~9.7min left in this row
    [dpy] chunk 191/467 (17 LOC) done in 2.0s - ~9.6min left in this row
    [dpy] chunk 192/467 (16 LOC) done in 2.2s - ~9.6min left in this row
    [dpy] chunk 193/467 (19 LOC) done in 2.1s - ~9.6min left in this row
    [dpy] chunk 194/467 (19 LOC) done in 1.9s - ~9.5min left in this row
    [dpy] chunk 195/467 (873 LOC) done in 1.9s - ~9.5min left in this row
    [dpy] chunk 196/467 (16 LOC) done in 2.1s - ~9.5min left in this row
    [dpy] chunk 197/467 (19 LOC) done in 2.2s - ~9.4min left in this row
    [dpy] chunk 198/467 (17 LOC) done in 2.1s - ~9.4min left in this row
    [dpy] chunk 199/467 (19 LOC) done in 2.0s - ~9.4min left in this row
    [dpy] chunk 200/467 (19 LOC) done in 2.1s - ~9.3min left in this row
    [dpy] chunk 201/467 (414 LOC) done in 2.1s - ~9.3min left in this row
    [dpy] chunk 202/467 (110 LOC) done in 2.0s - ~9.3min left in this row
    [dpy] chunk 203/467 (19 LOC) done in 2.2s - ~9.2min left in this row
    [dpy] chunk 204/467 (19 LOC) done in 2.2s - ~9.2min left in this row
    [dpy] chunk 205/467 (19 LOC) done in 2.1s - ~9.2min left in this row
    [dpy] chunk 206/467 (665 LOC) done in 2.2s - ~9.1min left in this row
    [dpy] chunk 207/467 (17 LOC) done in 2.0s - ~9.1min left in this row
    [dpy] chunk 208/467 (19 LOC) done in 2.0s - ~9.0min left in this row
    [dpy] chunk 209/467 (70 LOC) done in 2.0s - ~9.0min left in this row
    [dpy] chunk 210/467 (17 LOC) done in 2.1s - ~9.0min left in this row
    [dpy] chunk 211/467 (16 LOC) done in 2.1s - ~8.9min left in this row
    [dpy] chunk 212/467 (214 LOC) done in 2.0s - ~8.9min left in this row
    [dpy] chunk 213/467 (16 LOC) done in 2.0s - ~8.9min left in this row
    [dpy] chunk 214/467 (19 LOC) done in 2.0s - ~8.8min left in this row
    [dpy] chunk 215/467 (19 LOC) done in 2.2s - ~8.8min left in this row
    [dpy] chunk 216/467 (19 LOC) done in 2.2s - ~8.8min left in this row
    [dpy] chunk 217/467 (16 LOC) done in 2.2s - ~8.7min left in this row
    [dpy] chunk 218/467 (16 LOC) done in 2.0s - ~8.7min left in this row
    [dpy] chunk 219/467 (17 LOC) done in 2.0s - ~8.7min left in this row
    [dpy] chunk 220/467 (19 LOC) done in 2.1s - ~8.6min left in this row
    [dpy] chunk 221/467 (17 LOC) done in 1.9s - ~8.6min left in this row
    [dpy] chunk 222/467 (85 LOC) done in 1.8s - ~8.5min left in this row
    [dpy] chunk 223/467 (3186 LOC) done in 2.2s - ~8.5min left in this row
    [dpy] chunk 224/467 (5164 LOC) done in 2.3s - ~8.5min left in this row
    [dpy] chunk 225/467 (9 LOC) done in 1.7s - ~8.4min left in this row
    [dpy] chunk 226/467 (720 LOC) done in 1.8s - ~8.4min left in this row
    [dpy] chunk 227/467 (789 LOC) done in 1.9s - ~8.4min left in this row
    [dpy] chunk 228/467 (104 LOC) done in 1.8s - ~8.3min left in this row
    [dpy] chunk 229/467 (3085 LOC) done in 2.2s - ~8.3min left in this row
    [dpy] chunk 230/467 (2058 LOC) done in 2.0s - ~8.3min left in this row
    [dpy] chunk 231/467 (392 LOC) done in 1.9s - ~8.2min left in this row
    [dpy] chunk 232/467 (925 LOC) done in 1.9s - ~8.2min left in this row
    [dpy] chunk 233/467 (19 LOC) done in 1.9s - ~8.1min left in this row
    [dpy] chunk 234/467 (70 LOC) done in 2.0s - ~8.1min left in this row
    [dpy] chunk 235/467 (68 LOC) done in 2.0s - ~8.1min left in this row
    [dpy] chunk 236/467 (761 LOC) done in 1.9s - ~8.0min left in this row
    [dpy] chunk 237/467 (25 LOC) done in 2.0s - ~8.0min left in this row
    [dpy] chunk 238/467 (19 LOC) done in 1.8s - ~8.0min left in this row
    [dpy] chunk 239/467 (19 LOC) done in 2.0s - ~7.9min left in this row
    [dpy] chunk 240/467 (19 LOC) done in 2.0s - ~7.9min left in this row
    [dpy] chunk 241/467 (792 LOC) done in 2.1s - ~7.8min left in this row
    [dpy] chunk 242/467 (501 LOC) done in 2.1s - ~7.8min left in this row
    [dpy] chunk 243/467 (19 LOC) done in 1.9s - ~7.8min left in this row
    [dpy] chunk 244/467 (173 LOC) done in 1.8s - ~7.7min left in this row
    [dpy] chunk 245/467 (16 LOC) done in 1.9s - ~7.7min left in this row
    [dpy] chunk 246/467 (301 LOC) done in 2.1s - ~7.7min left in this row
    [dpy] chunk 247/467 (41034 LOC) done in 3.5s - ~7.6min left in this row
    [dpy] chunk 248/467 (2539 LOC) done in 2.4s - ~7.6min left in this row
    [dpy] chunk 249/467 (2553 LOC) done in 2.1s - ~7.6min left in this row
    [dpy] chunk 250/467 (8 LOC) done in 1.9s - ~7.5min left in this row
    [dpy] chunk 251/467 (698 LOC) done in 2.2s - ~7.5min left in this row
    [dpy] chunk 252/467 (19 LOC) done in 1.8s - ~7.5min left in this row
    [dpy] chunk 253/467 (129 LOC) done in 1.8s - ~7.4min left in this row
    [dpy] chunk 254/467 (19 LOC) done in 1.9s - ~7.4min left in this row
    [dpy] chunk 255/467 (19 LOC) done in 2.0s - ~7.4min left in this row
    [dpy] chunk 256/467 (19 LOC) done in 1.9s - ~7.3min left in this row
    [dpy] chunk 257/467 (5071 LOC) done in 2.2s - ~7.3min left in this row
    [dpy] chunk 258/467 (2811 LOC) done in 2.6s - ~7.3min left in this row
    [dpy] chunk 259/467 (1326 LOC) done in 2.4s - ~7.2min left in this row
    [dpy] chunk 260/467 (149 LOC) done in 2.2s - ~7.2min left in this row
    [dpy] chunk 261/467 (260 LOC) done in 2.2s - ~7.2min left in this row
    [dpy] chunk 262/467 (1077 LOC) done in 2.3s - ~7.1min left in this row
    [dpy] chunk 263/467 (17 LOC) done in 2.0s - ~7.1min left in this row
    [dpy] chunk 264/467 (1548 LOC) done in 2.0s - ~7.1min left in this row
    [dpy] chunk 265/467 (1584 LOC) done in 1.8s - ~7.0min left in this row
    [dpy] chunk 266/467 (19 LOC) done in 2.2s - ~7.0min left in this row
    [dpy] chunk 267/467 (552 LOC) done in 1.9s - ~7.0min left in this row
    [dpy] chunk 268/467 (410 LOC) done in 1.8s - ~6.9min left in this row
    [dpy] chunk 269/467 (17 LOC) done in 1.8s - ~6.9min left in this row
    [dpy] chunk 270/467 (198 LOC) done in 1.9s - ~6.8min left in this row
    [dpy] chunk 271/467 (70 LOC) done in 2.0s - ~6.8min left in this row
    [dpy] chunk 272/467 (907 LOC) done in 2.2s - ~6.8min left in this row
    [dpy] chunk 273/467 (19 LOC) done in 2.1s - ~6.7min left in this row
    [dpy] chunk 274/467 (19 LOC) done in 1.8s - ~6.7min left in this row
    [dpy] chunk 275/467 (6657 LOC) done in 2.6s - ~6.7min left in this row
    [dpy] chunk 276/467 (19 LOC) done in 1.9s - ~6.6min left in this row
    [dpy] chunk 277/467 (3291 LOC) done in 2.2s - ~6.6min left in this row
    [dpy] chunk 278/467 (254 LOC) done in 1.9s - ~6.6min left in this row
    [dpy] chunk 279/467 (553 LOC) done in 2.0s - ~6.5min left in this row
    [dpy] chunk 280/467 (19 LOC) done in 1.9s - ~6.5min left in this row
    [dpy] chunk 281/467 (19 LOC) done in 1.8s - ~6.5min left in this row
    [dpy] chunk 282/467 (1789 LOC) done in 2.1s - ~6.4min left in this row
    [dpy] chunk 283/467 (219 LOC) done in 1.9s - ~6.4min left in this row
    [dpy] chunk 284/467 (3326 LOC) done in 2.2s - ~6.3min left in this row
    [dpy] chunk 285/467 (19 LOC) done in 1.9s - ~6.3min left in this row
    [dpy] chunk 286/467 (16 LOC) done in 2.0s - ~6.3min left in this row
    [dpy] chunk 287/467 (19 LOC) done in 2.0s - ~6.2min left in this row
    [dpy] chunk 288/467 (17 LOC) done in 2.1s - ~6.2min left in this row
    [dpy] chunk 289/467 (1440 LOC) done in 2.0s - ~6.2min left in this row
    [dpy] chunk 290/467 (856 LOC) done in 2.0s - ~6.1min left in this row
    [dpy] chunk 291/467 (666 LOC) done in 1.9s - ~6.1min left in this row
    [dpy] chunk 292/467 (19 LOC) done in 2.0s - ~6.1min left in this row
    [dpy] chunk 293/467 (19 LOC) done in 1.9s - ~6.0min left in this row
    [dpy] chunk 294/467 (19 LOC) done in 2.2s - ~6.0min left in this row
    [dpy] chunk 295/467 (1638 LOC) done in 2.2s - ~6.0min left in this row
    [dpy] chunk 296/467 (16 LOC) done in 2.3s - ~5.9min left in this row
    [dpy] chunk 297/467 (945 LOC) done in 2.2s - ~5.9min left in this row
    [dpy] chunk 298/467 (17 LOC) done in 2.1s - ~5.9min left in this row
    [dpy] chunk 299/467 (129 LOC) done in 2.0s - ~5.8min left in this row
    [dpy] chunk 300/467 (442 LOC) done in 2.1s - ~5.8min left in this row
    [dpy] chunk 301/467 (19 LOC) done in 1.8s - ~5.8min left in this row
    [dpy] chunk 302/467 (19 LOC) done in 1.9s - ~5.7min left in this row
    [dpy] chunk 303/467 (16 LOC) done in 1.9s - ~5.7min left in this row
    [dpy] chunk 304/467 (19 LOC) done in 1.8s - ~5.6min left in this row
    [dpy] chunk 305/467 (19 LOC) done in 1.9s - ~5.6min left in this row
    [dpy] chunk 306/467 (1223 LOC) done in 2.1s - ~5.6min left in this row
    [dpy] chunk 307/467 (19 LOC) done in 1.7s - ~5.5min left in this row
    [dpy] chunk 308/467 (14 LOC) done in 2.3s - ~5.5min left in this row
    [dpy] chunk 309/467 (757 LOC) done in 2.1s - ~5.5min left in this row
    [dpy] chunk 310/467 (832 LOC) done in 2.3s - ~5.4min left in this row
    [dpy] chunk 311/467 (1261 LOC) done in 2.0s - ~5.4min left in this row
    [dpy] chunk 312/467 (19 LOC) done in 1.7s - ~5.4min left in this row
    [dpy] chunk 313/467 (2595 LOC) done in 2.3s - ~5.3min left in this row
    [dpy] chunk 314/467 (1561 LOC) done in 2.0s - ~5.3min left in this row
    [dpy] chunk 315/467 (16 LOC) done in 1.9s - ~5.3min left in this row
    [dpy] chunk 316/467 (16 LOC) done in 1.9s - ~5.2min left in this row
    [dpy] chunk 317/467 (156 LOC) done in 2.0s - ~5.2min left in this row
    [dpy] chunk 318/467 (16 LOC) done in 2.1s - ~5.2min left in this row
    [dpy] chunk 319/467 (70 LOC) done in 2.0s - ~5.1min left in this row
    [dpy] chunk 320/467 (19 LOC) done in 1.8s - ~5.1min left in this row
    [dpy] chunk 321/467 (631 LOC) done in 2.2s - ~5.0min left in this row
    [dpy] chunk 322/467 (19 LOC) done in 2.0s - ~5.0min left in this row
    [dpy] chunk 323/467 (17 LOC) done in 2.1s - ~5.0min left in this row
    [dpy] chunk 324/467 (1172 LOC) done in 2.3s - ~4.9min left in this row
    [dpy] chunk 325/467 (19 LOC) done in 2.1s - ~4.9min left in this row
    [dpy] chunk 326/467 (1062 LOC) done in 2.1s - ~4.9min left in this row
    [dpy] chunk 327/467 (19 LOC) done in 2.1s - ~4.8min left in this row
    [dpy] chunk 328/467 (68 LOC) done in 2.1s - ~4.8min left in this row
    [dpy] chunk 329/467 (19 LOC) done in 2.1s - ~4.8min left in this row
    [dpy] chunk 330/467 (19 LOC) done in 2.1s - ~4.7min left in this row
    [dpy] chunk 331/467 (15 LOC) done in 2.1s - ~4.7min left in this row
    [dpy] chunk 332/467 (16 LOC) done in 2.2s - ~4.7min left in this row
    [dpy] chunk 333/467 (697 LOC) done in 2.1s - ~4.6min left in this row
    [dpy] chunk 334/467 (17 LOC) done in 2.1s - ~4.6min left in this row
    [dpy] chunk 335/467 (1443 LOC) done in 2.7s - ~4.6min left in this row
    [dpy] chunk 336/467 (121 LOC) done in 1.8s - ~4.5min left in this row
    [dpy] chunk 337/467 (70 LOC) done in 2.1s - ~4.5min left in this row
    [dpy] chunk 338/467 (437 LOC) done in 2.0s - ~4.5min left in this row
    [dpy] chunk 339/467 (130 LOC) done in 2.4s - ~4.4min left in this row
    [dpy] chunk 340/467 (1336 LOC) done in 2.3s - ~4.4min left in this row
    [dpy] chunk 341/467 (17 LOC) done in 1.7s - ~4.4min left in this row
    [dpy] chunk 342/467 (19 LOC) done in 2.2s - ~4.3min left in this row
    [dpy] chunk 343/467 (19 LOC) done in 2.0s - ~4.3min left in this row
    [dpy] chunk 344/467 (19 LOC) done in 1.9s - ~4.3min left in this row
    [dpy] chunk 345/467 (1900 LOC) done in 2.2s - ~4.2min left in this row
    [dpy] chunk 346/467 (165 LOC) done in 1.9s - ~4.2min left in this row
    [dpy] chunk 347/467 (19 LOC) done in 1.8s - ~4.2min left in this row
    [dpy] chunk 348/467 (17 LOC) done in 2.2s - ~4.1min left in this row
    [dpy] chunk 349/467 (17 LOC) done in 1.9s - ~4.1min left in this row
    [dpy] chunk 350/467 (147 LOC) done in 1.8s - ~4.0min left in this row
    [dpy] chunk 351/467 (19 LOC) done in 2.2s - ~4.0min left in this row
    [dpy] chunk 352/467 (19 LOC) done in 1.9s - ~4.0min left in this row
    [dpy] chunk 353/467 (302 LOC) done in 1.8s - ~3.9min left in this row
    [dpy] chunk 354/467 (360 LOC) done in 2.0s - ~3.9min left in this row
    [dpy] chunk 355/467 (70 LOC) done in 1.8s - ~3.9min left in this row
    [dpy] chunk 356/467 (195 LOC) done in 1.8s - ~3.8min left in this row
    [dpy] chunk 357/467 (19 LOC) done in 2.1s - ~3.8min left in this row
    [dpy] chunk 358/467 (84 LOC) done in 1.9s - ~3.8min left in this row
    [dpy] chunk 359/467 (17 LOC) done in 1.7s - ~3.7min left in this row
    [dpy] chunk 360/467 (182 LOC) done in 2.2s - ~3.7min left in this row
    [dpy] chunk 361/467 (70 LOC) done in 2.0s - ~3.7min left in this row
    [dpy] chunk 362/467 (134 LOC) done in 2.0s - ~3.6min left in this row
    [dpy] chunk 363/467 (259 LOC) done in 2.1s - ~3.6min left in this row
    [dpy] chunk 364/467 (237 LOC) done in 1.9s - ~3.6min left in this row
    [dpy] chunk 365/467 (17 LOC) done in 2.0s - ~3.5min left in this row
    [dpy] chunk 366/467 (1107 LOC) done in 2.0s - ~3.5min left in this row
    [dpy] chunk 367/467 (19 LOC) done in 1.8s - ~3.4min left in this row
    [dpy] chunk 368/467 (17 LOC) done in 1.8s - ~3.4min left in this row
    [dpy] chunk 369/467 (283 LOC) done in 2.1s - ~3.4min left in this row
    [dpy] chunk 370/467 (16 LOC) done in 1.8s - ~3.3min left in this row
    [dpy] chunk 371/467 (19 LOC) done in 1.8s - ~3.3min left in this row
    [dpy] chunk 372/467 (93 LOC) done in 1.9s - ~3.3min left in this row
    [dpy] chunk 373/467 (19 LOC) done in 1.8s - ~3.2min left in this row
    [dpy] chunk 374/467 (1467 LOC) done in 2.3s - ~3.2min left in this row
    [dpy] chunk 375/467 (19 LOC) done in 2.0s - ~3.2min left in this row
    [dpy] chunk 376/467 (143 LOC) done in 1.8s - ~3.1min left in this row
    [dpy] chunk 377/467 (3566 LOC) done in 2.1s - ~3.1min left in this row
    [dpy] chunk 378/467 (4418 LOC) done in 2.4s - ~3.1min left in this row
    [dpy] chunk 379/467 (231 LOC) done in 1.8s - ~3.0min left in this row
    [dpy] chunk 380/467 (19 LOC) done in 1.9s - ~3.0min left in this row
    [dpy] chunk 381/467 (16 LOC) done in 2.0s - ~3.0min left in this row
    [dpy] chunk 382/467 (19 LOC) done in 1.9s - ~2.9min left in this row
    [dpy] chunk 383/467 (344 LOC) done in 1.7s - ~2.9min left in this row
    [dpy] chunk 384/467 (19 LOC) done in 1.7s - ~2.9min left in this row
    [dpy] chunk 385/467 (17 LOC) done in 1.9s - ~2.8min left in this row
    [dpy] chunk 386/467 (357 LOC) done in 1.9s - ~2.8min left in this row
    [dpy] chunk 387/467 (19 LOC) done in 1.8s - ~2.7min left in this row
    [dpy] chunk 388/467 (16 LOC) done in 1.7s - ~2.7min left in this row
    [dpy] chunk 389/467 (660 LOC) done in 2.0s - ~2.7min left in this row
    [dpy] chunk 390/467 (16 LOC) done in 1.7s - ~2.6min left in this row
    [dpy] chunk 391/467 (4021 LOC) done in 2.2s - ~2.6min left in this row
    [dpy] chunk 392/467 (64 LOC) done in 1.8s - ~2.6min left in this row
    [dpy] chunk 393/467 (29442 LOC) done in 3.6s - ~2.5min left in this row
    [dpy] chunk 394/467 (1197 LOC) done in 1.8s - ~2.5min left in this row
    [dpy] chunk 395/467 (1074 LOC) done in 2.1s - ~2.5min left in this row
    [dpy] chunk 396/467 (4177 LOC) done in 2.4s - ~2.4min left in this row
    [dpy] chunk 397/467 (9 LOC) done in 1.9s - ~2.4min left in this row
    [dpy] chunk 398/467 (16 LOC) done in 2.0s - ~2.4min left in this row
    [dpy] chunk 399/467 (14 LOC) done in 1.9s - ~2.3min left in this row
    [dpy] chunk 400/467 (1197 LOC) done in 2.1s - ~2.3min left in this row
    [dpy] chunk 401/467 (19 LOC) done in 2.0s - ~2.3min left in this row
    [dpy] chunk 402/467 (19 LOC) done in 2.0s - ~2.2min left in this row
    [dpy] chunk 403/467 (460 LOC) done in 2.0s - ~2.2min left in this row
    [dpy] chunk 404/467 (555 LOC) done in 1.8s - ~2.2min left in this row
    [dpy] chunk 405/467 (16 LOC) done in 2.0s - ~2.1min left in this row
    [dpy] chunk 406/467 (19 LOC) done in 2.0s - ~2.1min left in this row
    [dpy] chunk 407/467 (19 LOC) done in 2.0s - ~2.1min left in this row
    [dpy] chunk 408/467 (97 LOC) done in 2.0s - ~2.0min left in this row
    [dpy] chunk 409/467 (19 LOC) done in 1.9s - ~2.0min left in this row
    [dpy] chunk 410/467 (212 LOC) done in 2.0s - ~2.0min left in this row
    [dpy] chunk 411/467 (19 LOC) done in 1.9s - ~1.9min left in this row
    [dpy] chunk 412/467 (17 LOC) done in 1.9s - ~1.9min left in this row
    [dpy] chunk 413/467 (1579 LOC) done in 2.0s - ~1.9min left in this row
    [dpy] chunk 414/467 (6797 LOC) done in 2.6s - ~1.8min left in this row
    [dpy] chunk 415/467 (9 LOC) done in 2.2s - ~1.8min left in this row
    [dpy] chunk 416/467 (19 LOC) done in 2.2s - ~1.8min left in this row
    [dpy] chunk 417/467 (366 LOC) done in 2.1s - ~1.7min left in this row
    [dpy] chunk 418/467 (820 LOC) done in 2.2s - ~1.7min left in this row
    [dpy] chunk 419/467 (19 LOC) done in 2.1s - ~1.6min left in this row
    [dpy] chunk 420/467 (16 LOC) done in 2.2s - ~1.6min left in this row
    [dpy] chunk 421/467 (52 LOC) done in 2.3s - ~1.6min left in this row
    [dpy] chunk 422/467 (16 LOC) done in 1.9s - ~1.5min left in this row
    [dpy] chunk 423/467 (1362 LOC) done in 2.3s - ~1.5min left in this row
    [dpy] chunk 424/467 (19 LOC) done in 1.9s - ~1.5min left in this row
    [dpy] chunk 425/467 (19 LOC) done in 2.0s - ~1.4min left in this row
    [dpy] chunk 426/467 (19 LOC) done in 2.2s - ~1.4min left in this row
    [dpy] chunk 427/467 (19 LOC) done in 2.2s - ~1.4min left in this row
    [dpy] chunk 428/467 (841 LOC) done in 2.1s - ~1.3min left in this row
    [dpy] chunk 429/467 (206 LOC) done in 2.3s - ~1.3min left in this row
    [dpy] chunk 430/467 (70 LOC) done in 2.0s - ~1.3min left in this row
    [dpy] chunk 431/467 (17 LOC) done in 2.2s - ~1.2min left in this row
    [dpy] chunk 432/467 (1329 LOC) done in 2.4s - ~1.2min left in this row
    [dpy] chunk 433/467 (19 LOC) done in 2.1s - ~1.2min left in this row
    [dpy] chunk 434/467 (19 LOC) done in 1.9s - ~1.1min left in this row
    [dpy] chunk 435/467 (19 LOC) done in 1.9s - ~1.1min left in this row
    [dpy] chunk 436/467 (187 LOC) done in 2.1s - ~1.1min left in this row
    [dpy] chunk 437/467 (70 LOC) done in 1.5s - ~1.0min left in this row
    [dpy] chunk 438/467 (357 LOC) done in 1.9s - ~1.0min left in this row
    [dpy] chunk 439/467 (19 LOC) done in 2.3s - ~1.0min left in this row
    [dpy] chunk 440/467 (19 LOC) done in 5.9s - ~0.9min left in this row
    [dpy] chunk 441/467 (19 LOC) done in 2.2s - ~0.9min left in this row
    [dpy] chunk 442/467 (19 LOC) done in 2.3s - ~0.9min left in this row
    [dpy] chunk 443/467 (17 LOC) done in 2.7s - ~0.8min left in this row
    [dpy] chunk 444/467 (559 LOC) done in 2.2s - ~0.8min left in this row
    [dpy] chunk 445/467 (17 LOC) done in 2.4s - ~0.8min left in this row
    [dpy] chunk 446/467 (19 LOC) done in 2.1s - ~0.7min left in this row
    [dpy] chunk 447/467 (362 LOC) done in 2.2s - ~0.7min left in this row
    [dpy] chunk 448/467 (19 LOC) done in 2.4s - ~0.7min left in this row
    [dpy] chunk 449/467 (19 LOC) done in 2.2s - ~0.6min left in this row
    [dpy] chunk 450/467 (19 LOC) done in 2.2s - ~0.6min left in this row
    [dpy] chunk 451/467 (365 LOC) done in 2.5s - ~0.6min left in this row
    [dpy] chunk 452/467 (67 LOC) done in 2.4s - ~0.5min left in this row
    [dpy] chunk 453/467 (428 LOC) done in 2.0s - ~0.5min left in this row
    [dpy] chunk 454/467 (19 LOC) done in 2.1s - ~0.5min left in this row
    [dpy] chunk 455/467 (156 LOC) done in 2.0s - ~0.4min left in this row
    [dpy] chunk 456/467 (615 LOC) done in 2.2s - ~0.4min left in this row
    [dpy] chunk 457/467 (19 LOC) done in 2.0s - ~0.3min left in this row
    [dpy] chunk 458/467 (774 LOC) done in 2.1s - ~0.3min left in this row
    [dpy] chunk 459/467 (19 LOC) done in 1.8s - ~0.3min left in this row
    [dpy] chunk 460/467 (92 LOC) done in 2.0s - ~0.2min left in this row
    [dpy] chunk 461/467 (4326 LOC) done in 2.8s - ~0.2min left in this row
    [dpy] chunk 462/467 (182 LOC) done in 2.7s - ~0.2min left in this row
    [dpy] chunk 463/467 (17 LOC) done in 2.0s - ~0.1min left in this row
    [dpy] chunk 464/467 (328 LOC) done in 1.8s - ~0.1min left in this row
    [dpy] chunk 465/467 (1459 LOC) done in 2.2s - ~0.1min left in this row
    [dpy] chunk 466/467 (213 LOC) done in 1.9s - ~0.0min left in this row
    [dpy] chunk 467/467 (772 LOC) done in 2.3s - ~0.0min left in this row
  [ok] (60/192) airbytehq/airbyte A2 2024-09-21 @7855c7ab
  [row] (61/192) starting airbytehq/airbyte A2 2024-10-22 @d43b52b8
    [dpy] WARNING: 2 chunk(s) still over 8000 LOC and can't be split further (no subdirectories) - DPy will skip CSV export for these: ['C:\\Users\\kvrlv\\AppData\\Local\\Temp\\dpy_chunks_0gb39lxy\\loose__root__airbyte-integrations__connectors__source-github__source_github__loose1', 'C:\\Users\\kvrlv\\AppData\\Local\\Temp\\dpy_chunks_0gb39lxy\\loose__root__airbyte-integrations__connectors__source-shopify__source_shopify__shopify_graphql__loose1']
    [dpy] 469 chunk(s) planned, 418988 total LOC
    [dpy] chunk 1/469 (613 LOC) done in 2.0s - ~15.7min left in this row
    [dpy] chunk 2/469 (1130 LOC) done in 2.0s - ~15.8min left in this row
    [dpy] chunk 3/469 (195 LOC) done in 1.9s - ~15.5min left in this row
    [dpy] chunk 4/469 (651 LOC) done in 2.1s - ~15.6min left in this row
    [dpy] chunk 5/469 (646 LOC) done in 2.3s - ~16.1min left in this row
    [dpy] chunk 6/469 (741 LOC) done in 2.3s - ~16.4min left in this row
    [dpy] chunk 7/469 (89 LOC) done in 2.3s - ~16.5min left in this row
    [dpy] chunk 8/469 (49 LOC) done in 2.3s - ~16.6min left in this row
    [dpy] chunk 9/469 (160 LOC) done in 2.0s - ~16.4min left in this row
    [dpy] chunk 10/469 (262 LOC) done in 2.0s - ~16.3min left in this row
    [dpy] chunk 11/469 (566 LOC) done in 2.2s - ~16.3min left in this row
    [dpy] chunk 12/469 (1114 LOC) done in 2.0s - ~16.2min left in this row
    [dpy] chunk 13/469 (648 LOC) done in 2.3s - ~16.3min left in this row
    [dpy] chunk 14/469 (113 LOC) done in 2.4s - ~16.4min left in this row
    [dpy] chunk 15/469 (1731 LOC) done in 2.6s - ~16.6min left in this row
    [dpy] chunk 16/469 (1841 LOC) done in 2.9s - ~16.9min left in this row
    [dpy] chunk 17/469 (670 LOC) done in 3.3s - ~17.3min left in this row
    [dpy] chunk 18/469 (2577 LOC) done in 2.9s - ~17.5min left in this row
    [dpy] chunk 19/469 (684 LOC) done in 2.4s - ~17.5min left in this row
    [dpy] chunk 20/469 (183 LOC) done in 2.5s - ~17.5min left in this row
    [dpy] chunk 21/469 (49 LOC) done in 2.1s - ~17.4min left in this row
    [dpy] chunk 22/469 (37 LOC) done in 2.2s - ~17.3min left in this row
    [dpy] chunk 23/469 (274 LOC) done in 1.9s - ~17.2min left in this row
    [dpy] chunk 24/469 (557 LOC) done in 2.1s - ~17.0min left in this row
    [dpy] chunk 25/469 (163 LOC) done in 2.2s - ~17.0min left in this row
    [dpy] chunk 26/469 (4781 LOC) done in 2.7s - ~17.1min left in this row
    [dpy] chunk 27/469 (136 LOC) done in 2.4s - ~17.0min left in this row
    [dpy] chunk 28/469 (5790 LOC) done in 2.7s - ~17.1min left in this row
    [dpy] chunk 29/469 (538 LOC) done in 2.3s - ~17.1min left in this row
    [dpy] chunk 30/469 (741 LOC) done in 2.1s - ~17.0min left in this row
    [dpy] chunk 31/469 (879 LOC) done in 2.3s - ~16.9min left in this row
    [dpy] chunk 32/469 (898 LOC) done in 2.2s - ~16.9min left in this row
    [dpy] chunk 33/469 (939 LOC) done in 2.5s - ~16.9min left in this row
    [dpy] chunk 34/469 (76 LOC) done in 2.0s - ~16.8min left in this row
    [dpy] chunk 35/469 (112 LOC) done in 2.2s - ~16.7min left in this row
    [dpy] chunk 36/469 (1854 LOC) done in 2.3s - ~16.6min left in this row
    [dpy] chunk 37/469 (1622 LOC) done in 2.3s - ~16.6min left in this row
    [dpy] chunk 38/469 (172 LOC) done in 2.1s - ~16.5min left in this row
    [dpy] chunk 39/469 (493 LOC) done in 1.7s - ~16.4min left in this row
    [dpy] chunk 40/469 (994 LOC) done in 2.2s - ~16.3min left in this row
    [dpy] chunk 41/469 (142 LOC) done in 1.9s - ~16.2min left in this row
    [dpy] chunk 42/469 (71 LOC) done in 1.9s - ~16.1min left in this row
    [dpy] chunk 43/469 (199 LOC) done in 2.0s - ~16.0min left in this row
    [dpy] chunk 44/469 (175 LOC) done in 2.3s - ~16.0min left in this row
    [dpy] chunk 45/469 (631 LOC) done in 2.2s - ~16.0min left in this row
    [dpy] chunk 46/469 (1858 LOC) done in 2.0s - ~15.9min left in this row
    [dpy] chunk 47/469 (624 LOC) done in 2.2s - ~15.8min left in this row
    [dpy] chunk 48/469 (277 LOC) done in 2.2s - ~15.8min left in this row
    [dpy] chunk 49/469 (3128 LOC) done in 2.4s - ~15.8min left in this row
    [dpy] chunk 50/469 (2487 LOC) done in 2.7s - ~15.8min left in this row
    [dpy] chunk 51/469 (3005 LOC) done in 2.5s - ~15.8min left in this row
    [dpy] chunk 52/469 (765 LOC) done in 1.9s - ~15.7min left in this row
    [dpy] chunk 53/469 (105 LOC) done in 2.2s - ~15.7min left in this row
    [dpy] chunk 54/469 (36 LOC) done in 2.2s - ~15.6min left in this row
    [dpy] chunk 55/469 (3 LOC) done in 2.1s - ~15.6min left in this row
    [dpy] chunk 56/469 (3 LOC) done in 2.1s - ~15.5min left in this row
    [dpy] chunk 57/469 (238 LOC) done in 2.3s - ~15.5min left in this row
    [dpy] chunk 58/469 (1763 LOC) done in 2.4s - ~15.5min left in this row
    [dpy] chunk 59/469 (162 LOC) done in 2.1s - ~15.4min left in this row
    [dpy] chunk 60/469 (100 LOC) done in 2.1s - ~15.4min left in this row
    [dpy] chunk 61/469 (146 LOC) done in 2.1s - ~15.3min left in this row
    [dpy] chunk 62/469 (31 LOC) done in 2.1s - ~15.2min left in this row
    [dpy] chunk 63/469 (2043 LOC) done in 2.2s - ~15.2min left in this row
    [dpy] chunk 64/469 (7706 LOC) done in 2.4s - ~15.2min left in this row
    [dpy] chunk 65/469 (5977 LOC) done in 2.2s - ~15.1min left in this row
    [dpy] chunk 66/469 (50 LOC) done in 2.2s - ~15.1min left in this row
    [dpy] chunk 67/469 (1379 LOC) done in 2.3s - ~15.1min left in this row
    [dpy] chunk 68/469 (1531 LOC) done in 2.1s - ~15.0min left in this row
    [dpy] chunk 69/469 (157 LOC) done in 2.2s - ~15.0min left in this row
    [dpy] chunk 70/469 (144 LOC) done in 1.8s - ~14.9min left in this row
    [dpy] chunk 71/469 (1255 LOC) done in 2.2s - ~14.8min left in this row
    [dpy] chunk 72/469 (449 LOC) done in 2.2s - ~14.8min left in this row
    [dpy] chunk 73/469 (4405 LOC) done in 2.4s - ~14.8min left in this row
    [dpy] chunk 74/469 (2750 LOC) done in 2.4s - ~14.8min left in this row
    [dpy] chunk 75/469 (45 LOC) done in 2.2s - ~14.7min left in this row
    [dpy] chunk 76/469 (1339 LOC) done in 2.2s - ~14.7min left in this row
    [dpy] chunk 77/469 (603 LOC) done in 2.2s - ~14.6min left in this row
    [dpy] chunk 78/469 (3518 LOC) done in 2.1s - ~14.6min left in this row
    [dpy] chunk 79/469 (935 LOC) done in 2.1s - ~14.6min left in this row
    [dpy] chunk 80/469 (911 LOC) done in 2.0s - ~14.5min left in this row
    [dpy] chunk 81/469 (1296 LOC) done in 1.9s - ~14.4min left in this row
    [dpy] chunk 82/469 (254 LOC) done in 1.9s - ~14.4min left in this row
    [dpy] chunk 83/469 (1624 LOC) done in 2.4s - ~14.3min left in this row
    [dpy] chunk 84/469 (688 LOC) done in 1.8s - ~14.3min left in this row
    [dpy] chunk 85/469 (228 LOC) done in 2.2s - ~14.2min left in this row
    [dpy] chunk 86/469 (807 LOC) done in 2.4s - ~14.2min left in this row
    [dpy] chunk 87/469 (3736 LOC) done in 2.8s - ~14.2min left in this row
    [dpy] chunk 88/469 (1233 LOC) done in 1.9s - ~14.2min left in this row
    [dpy] chunk 89/469 (523 LOC) done in 2.3s - ~14.1min left in this row
    [dpy] chunk 90/469 (5774 LOC) done in 2.8s - ~14.1min left in this row
    [dpy] chunk 91/469 (5321 LOC) done in 2.3s - ~14.1min left in this row
    [dpy] chunk 92/469 (5293 LOC) done in 2.4s - ~14.1min left in this row
    [dpy] chunk 93/469 (651 LOC) done in 2.0s - ~14.0min left in this row
    [dpy] chunk 94/469 (197 LOC) done in 2.0s - ~14.0min left in this row
    [dpy] chunk 95/469 (227 LOC) done in 2.2s - ~13.9min left in this row
    [dpy] chunk 96/469 (48 LOC) done in 1.9s - ~13.9min left in this row
    [dpy] chunk 97/469 (351 LOC) done in 1.8s - ~13.8min left in this row
    [dpy] chunk 98/469 (471 LOC) done in 2.6s - ~13.8min left in this row
    [dpy] chunk 99/469 (138 LOC) done in 2.2s - ~13.7min left in this row
    [dpy] chunk 100/469 (2521 LOC) done in 1.9s - ~13.7min left in this row
    [dpy] chunk 101/469 (544 LOC) done in 1.8s - ~13.6min left in this row
    [dpy] chunk 102/469 (1151 LOC) done in 2.1s - ~13.6min left in this row
    [dpy] chunk 103/469 (192 LOC) done in 2.1s - ~13.5min left in this row
    [dpy] chunk 104/469 (1775 LOC) done in 2.0s - ~13.5min left in this row
    [dpy] chunk 105/469 (235 LOC) done in 2.2s - ~13.4min left in this row
    [dpy] chunk 106/469 (442 LOC) done in 2.2s - ~13.4min left in this row
    [dpy] chunk 107/469 (905 LOC) done in 2.0s - ~13.4min left in this row
    [dpy] chunk 108/469 (646 LOC) done in 1.6s - ~13.3min left in this row
    [dpy] chunk 109/469 (328 LOC) done in 1.8s - ~13.2min left in this row
    [dpy] chunk 110/469 (152 LOC) done in 1.8s - ~13.2min left in this row
    [dpy] chunk 111/469 (1035 LOC) done in 1.8s - ~13.1min left in this row
    [dpy] chunk 112/469 (546 LOC) done in 1.9s - ~13.1min left in this row
    [dpy] chunk 113/469 (26 LOC) done in 1.8s - ~13.0min left in this row
    [dpy] chunk 114/469 (3 LOC) done in 1.7s - ~12.9min left in this row
    [dpy] chunk 115/469 (998 LOC) done in 2.0s - ~12.9min left in this row
    [dpy] chunk 116/469 (1389 LOC) done in 1.8s - ~12.8min left in this row
    [dpy] chunk 117/469 (194 LOC) done in 1.7s - ~12.8min left in this row
    [dpy] chunk 118/469 (1896 LOC) done in 2.1s - ~12.7min left in this row
    [dpy] chunk 119/469 (1483 LOC) done in 1.9s - ~12.7min left in this row
    [dpy] chunk 120/469 (258 LOC) done in 2.6s - ~12.7min left in this row
    [dpy] chunk 121/469 (6 LOC) done in 1.8s - ~12.6min left in this row
    [dpy] chunk 122/469 (3639 LOC) done in 2.2s - ~12.6min left in this row
    [dpy] chunk 123/469 (2018 LOC) done in 2.1s - ~12.5min left in this row
    [dpy] chunk 124/469 (6507 LOC) done in 3.0s - ~12.5min left in this row
    [dpy] chunk 125/469 (1137 LOC) done in 2.4s - ~12.5min left in this row
    [dpy] chunk 126/469 (70 LOC) done in 2.1s - ~12.5min left in this row
    [dpy] chunk 127/469 (4902 LOC) done in 3.0s - ~12.5min left in this row
    [dpy] chunk 128/469 (6239 LOC) done in 2.3s - ~12.5min left in this row
    [dpy] chunk 129/469 (2382 LOC) done in 2.3s - ~12.4min left in this row
    [dpy] chunk 130/469 (16 LOC) done in 2.1s - ~12.4min left in this row
    [dpy] chunk 131/469 (467 LOC) done in 2.3s - ~12.3min left in this row
    [dpy] chunk 132/469 (691 LOC) done in 2.0s - ~12.3min left in this row
    [dpy] chunk 133/469 (2053 LOC) done in 2.0s - ~12.3min left in this row
    [dpy] chunk 134/469 (632 LOC) done in 1.9s - ~12.2min left in this row
    [dpy] chunk 135/469 (456 LOC) done in 2.0s - ~12.2min left in this row
    [dpy] chunk 136/469 (2264 LOC) done in 2.0s - ~12.1min left in this row
    [dpy] chunk 137/469 (628 LOC) done in 2.0s - ~12.1min left in this row
    [dpy] chunk 138/469 (633 LOC) done in 2.0s - ~12.0min left in this row
    [dpy] chunk 139/469 (956 LOC) done in 2.1s - ~12.0min left in this row
    [dpy] chunk 140/469 (260 LOC) done in 2.0s - ~12.0min left in this row
    [dpy] chunk 141/469 (1105 LOC) done in 1.9s - ~11.9min left in this row
    [dpy] chunk 142/469 (13 LOC) done in 1.9s - ~11.9min left in this row
    [dpy] chunk 143/469 (240 LOC) done in 2.0s - ~11.8min left in this row
    [dpy] chunk 144/469 (13 LOC) done in 2.0s - ~11.8min left in this row
    [dpy] chunk 145/469 (676 LOC) done in 2.1s - ~11.7min left in this row
    [dpy] chunk 146/469 (2265 LOC) done in 2.1s - ~11.7min left in this row
    [dpy] chunk 147/469 (996 LOC) done in 2.0s - ~11.7min left in this row
    [dpy] chunk 148/469 (564 LOC) done in 2.0s - ~11.6min left in this row
    [dpy] chunk 149/469 (323 LOC) done in 2.0s - ~11.6min left in this row
    [dpy] chunk 150/469 (422 LOC) done in 1.9s - ~11.5min left in this row
    [dpy] chunk 151/469 (2573 LOC) done in 2.1s - ~11.5min left in this row
    [dpy] chunk 152/469 (331 LOC) done in 1.8s - ~11.4min left in this row
    [dpy] chunk 153/469 (285 LOC) done in 2.0s - ~11.4min left in this row
    [dpy] chunk 154/469 (263 LOC) done in 2.0s - ~11.4min left in this row
    [dpy] chunk 155/469 (645 LOC) done in 2.0s - ~11.3min left in this row
    [dpy] chunk 156/469 (932 LOC) done in 2.0s - ~11.3min left in this row
    [dpy] chunk 157/469 (245 LOC) done in 1.9s - ~11.2min left in this row
    [dpy] chunk 158/469 (19 LOC) done in 2.1s - ~11.2min left in this row
    [dpy] chunk 159/469 (871 LOC) done in 2.1s - ~11.2min left in this row
    [dpy] chunk 160/469 (19 LOC) done in 1.9s - ~11.1min left in this row
    [dpy] chunk 161/469 (19 LOC) done in 2.0s - ~11.1min left in this row
    [dpy] chunk 162/469 (1139 LOC) done in 2.0s - ~11.0min left in this row
    [dpy] chunk 163/469 (330 LOC) done in 3.3s - ~11.0min left in this row
    [dpy] chunk 164/469 (7890 LOC) done in 2.9s - ~11.0min left in this row
    [dpy] chunk 165/469 (5344 LOC) done in 2.4s - ~11.0min left in this row
    [dpy] chunk 166/469 (384 LOC) done in 2.3s - ~11.0min left in this row
    [dpy] chunk 167/469 (791 LOC) done in 2.2s - ~10.9min left in this row
    [dpy] chunk 168/469 (95 LOC) done in 2.0s - ~10.9min left in this row
    [dpy] chunk 169/469 (16 LOC) done in 2.2s - ~10.8min left in this row
    [dpy] chunk 170/469 (19 LOC) done in 2.3s - ~10.8min left in this row
    [dpy] chunk 171/469 (1048 LOC) done in 1.9s - ~10.8min left in this row
    [dpy] chunk 172/469 (297 LOC) done in 2.0s - ~10.7min left in this row
    [dpy] chunk 173/469 (17 LOC) done in 2.0s - ~10.7min left in this row
    [dpy] chunk 174/469 (16 LOC) done in 2.1s - ~10.6min left in this row
    [dpy] chunk 175/469 (157 LOC) done in 1.9s - ~10.6min left in this row
    [dpy] chunk 176/469 (184 LOC) done in 2.2s - ~10.6min left in this row
    [dpy] chunk 177/469 (894 LOC) done in 2.0s - ~10.5min left in this row
    [dpy] chunk 178/469 (557 LOC) done in 2.1s - ~10.5min left in this row
    [dpy] chunk 179/469 (19 LOC) done in 1.9s - ~10.4min left in this row
    [dpy] chunk 180/469 (146 LOC) done in 2.0s - ~10.4min left in this row
    [dpy] chunk 181/469 (99 LOC) done in 1.9s - ~10.4min left in this row
    [dpy] chunk 182/469 (16 LOC) done in 2.0s - ~10.3min left in this row
    [dpy] chunk 183/469 (4138 LOC) done in 2.6s - ~10.3min left in this row
    [dpy] chunk 184/469 (866 LOC) done in 2.2s - ~10.3min left in this row
    [dpy] chunk 185/469 (270 LOC) done in 2.1s - ~10.2min left in this row
    [dpy] chunk 186/469 (17 LOC) done in 2.0s - ~10.2min left in this row
    [dpy] chunk 187/469 (19 LOC) done in 2.1s - ~10.1min left in this row
    [dpy] chunk 188/469 (17 LOC) done in 2.1s - ~10.1min left in this row
    [dpy] chunk 189/469 (415 LOC) done in 2.0s - ~10.1min left in this row
    [dpy] chunk 190/469 (2739 LOC) done in 2.7s - ~10.0min left in this row
    [dpy] chunk 191/469 (19 LOC) done in 2.0s - ~10.0min left in this row
    [dpy] chunk 192/469 (17 LOC) done in 1.7s - ~10.0min left in this row
    [dpy] chunk 193/469 (17 LOC) done in 2.2s - ~9.9min left in this row
    [dpy] chunk 194/469 (16 LOC) done in 1.7s - ~9.9min left in this row
    [dpy] chunk 195/469 (19 LOC) done in 2.0s - ~9.8min left in this row
    [dpy] chunk 196/469 (19 LOC) done in 2.0s - ~9.8min left in this row
    [dpy] chunk 197/469 (873 LOC) done in 2.0s - ~9.8min left in this row
    [dpy] chunk 198/469 (16 LOC) done in 2.0s - ~9.7min left in this row
    [dpy] chunk 199/469 (19 LOC) done in 2.1s - ~9.7min left in this row
    [dpy] chunk 200/469 (17 LOC) done in 2.1s - ~9.7min left in this row
    [dpy] chunk 201/469 (19 LOC) done in 2.0s - ~9.6min left in this row
    [dpy] chunk 202/469 (19 LOC) done in 2.3s - ~9.6min left in this row
    [dpy] chunk 203/469 (414 LOC) done in 2.1s - ~9.5min left in this row
    [dpy] chunk 204/469 (110 LOC) done in 2.1s - ~9.5min left in this row
    [dpy] chunk 205/469 (19 LOC) done in 2.0s - ~9.5min left in this row
    [dpy] chunk 206/469 (19 LOC) done in 2.0s - ~9.4min left in this row
    [dpy] chunk 207/469 (19 LOC) done in 2.2s - ~9.4min left in this row
    [dpy] chunk 208/469 (665 LOC) done in 2.3s - ~9.4min left in this row
    [dpy] chunk 209/469 (17 LOC) done in 2.0s - ~9.3min left in this row
    [dpy] chunk 210/469 (19 LOC) done in 2.3s - ~9.3min left in this row
    [dpy] chunk 211/469 (19 LOC) done in 2.2s - ~9.3min left in this row
    [dpy] chunk 212/469 (17 LOC) done in 2.2s - ~9.2min left in this row
    [dpy] chunk 213/469 (16 LOC) done in 1.9s - ~9.2min left in this row
    [dpy] chunk 214/469 (214 LOC) done in 2.2s - ~9.1min left in this row
    [dpy] chunk 215/469 (16 LOC) done in 1.6s - ~9.1min left in this row
    [dpy] chunk 216/469 (19 LOC) done in 1.8s - ~9.1min left in this row
    [dpy] chunk 217/469 (19 LOC) done in 1.7s - ~9.0min left in this row
    [dpy] chunk 218/469 (19 LOC) done in 1.9s - ~9.0min left in this row
    [dpy] chunk 219/469 (16 LOC) done in 1.7s - ~8.9min left in this row
    [dpy] chunk 220/469 (16 LOC) done in 1.8s - ~8.9min left in this row
    [dpy] chunk 221/469 (17 LOC) done in 1.9s - ~8.8min left in this row
    [dpy] chunk 222/469 (19 LOC) done in 1.8s - ~8.8min left in this row
    [dpy] chunk 223/469 (17 LOC) done in 2.0s - ~8.8min left in this row
    [dpy] chunk 224/469 (85 LOC) done in 2.0s - ~8.7min left in this row
    [dpy] chunk 225/469 (3190 LOC) done in 2.6s - ~8.7min left in this row
    [dpy] chunk 226/469 (5162 LOC) done in 2.4s - ~8.7min left in this row
    [dpy] chunk 227/469 (9 LOC) done in 1.9s - ~8.6min left in this row
    [dpy] chunk 228/469 (720 LOC) done in 1.8s - ~8.6min left in this row
    [dpy] chunk 229/469 (789 LOC) done in 2.1s - ~8.5min left in this row
    [dpy] chunk 230/469 (104 LOC) done in 1.8s - ~8.5min left in this row
    [dpy] chunk 231/469 (3085 LOC) done in 2.1s - ~8.5min left in this row
    [dpy] chunk 232/469 (2055 LOC) done in 2.1s - ~8.4min left in this row
    [dpy] chunk 233/469 (392 LOC) done in 1.9s - ~8.4min left in this row
    [dpy] chunk 234/469 (925 LOC) done in 2.0s - ~8.4min left in this row
    [dpy] chunk 235/469 (19 LOC) done in 1.9s - ~8.3min left in this row
    [dpy] chunk 236/469 (19 LOC) done in 1.8s - ~8.3min left in this row
    [dpy] chunk 237/469 (68 LOC) done in 1.8s - ~8.2min left in this row
    [dpy] chunk 238/469 (761 LOC) done in 2.0s - ~8.2min left in this row
    [dpy] chunk 239/469 (25 LOC) done in 1.8s - ~8.2min left in this row
    [dpy] chunk 240/469 (19 LOC) done in 1.8s - ~8.1min left in this row
    [dpy] chunk 241/469 (19 LOC) done in 2.0s - ~8.1min left in this row
    [dpy] chunk 242/469 (19 LOC) done in 1.7s - ~8.0min left in this row
    [dpy] chunk 243/469 (1162 LOC) done in 2.2s - ~8.0min left in this row
    [dpy] chunk 244/469 (501 LOC) done in 1.9s - ~8.0min left in this row
    [dpy] chunk 245/469 (19 LOC) done in 1.8s - ~7.9min left in this row
    [dpy] chunk 246/469 (173 LOC) done in 1.9s - ~7.9min left in this row
    [dpy] chunk 247/469 (16 LOC) done in 1.9s - ~7.8min left in this row
    [dpy] chunk 248/469 (301 LOC) done in 1.8s - ~7.8min left in this row
    [dpy] chunk 249/469 (41034 LOC) done in 3.4s - ~7.8min left in this row
    [dpy] chunk 250/469 (2539 LOC) done in 2.3s - ~7.8min left in this row
    [dpy] chunk 251/469 (2553 LOC) done in 2.1s - ~7.7min left in this row
    [dpy] chunk 252/469 (8 LOC) done in 2.0s - ~7.7min left in this row
    [dpy] chunk 253/469 (698 LOC) done in 2.0s - ~7.7min left in this row
    [dpy] chunk 254/469 (19 LOC) done in 1.9s - ~7.6min left in this row
    [dpy] chunk 255/469 (46 LOC) done in 1.7s - ~7.6min left in this row
    [dpy] chunk 256/469 (19 LOC) done in 2.3s - ~7.5min left in this row
    [dpy] chunk 257/469 (19 LOC) done in 1.4s - ~7.5min left in this row
    [dpy] chunk 258/469 (19 LOC) done in 1.5s - ~7.4min left in this row
    [dpy] chunk 259/469 (5126 LOC) done in 1.7s - ~7.4min left in this row
    [dpy] chunk 260/469 (2811 LOC) done in 2.1s - ~7.4min left in this row
    [dpy] chunk 261/469 (1326 LOC) done in 1.6s - ~7.3min left in this row
    [dpy] chunk 262/469 (149 LOC) done in 1.4s - ~7.3min left in this row
    [dpy] chunk 263/469 (260 LOC) done in 1.5s - ~7.2min left in this row
    [dpy] chunk 264/469 (1077 LOC) done in 1.4s - ~7.2min left in this row
    [dpy] chunk 265/469 (17 LOC) done in 1.4s - ~7.2min left in this row
    [dpy] chunk 266/469 (1548 LOC) done in 1.6s - ~7.1min left in this row
    [dpy] chunk 267/469 (1612 LOC) done in 1.5s - ~7.1min left in this row
    [dpy] chunk 268/469 (19 LOC) done in 1.4s - ~7.0min left in this row
    [dpy] chunk 269/469 (552 LOC) done in 1.5s - ~7.0min left in this row
    [dpy] chunk 270/469 (410 LOC) done in 1.5s - ~6.9min left in this row
    [dpy] chunk 271/469 (17 LOC) done in 1.4s - ~6.9min left in this row
    [dpy] chunk 272/469 (198 LOC) done in 1.5s - ~6.9min left in this row
    [dpy] chunk 273/469 (70 LOC) done in 1.4s - ~6.8min left in this row
    [dpy] chunk 274/469 (14 LOC) done in 1.4s - ~6.8min left in this row
    [dpy] chunk 275/469 (19 LOC) done in 1.4s - ~6.7min left in this row
    [dpy] chunk 276/469 (19 LOC) done in 1.4s - ~6.7min left in this row
    [dpy] chunk 277/469 (6753 LOC) done in 1.9s - ~6.7min left in this row
    [dpy] chunk 278/469 (19 LOC) done in 1.4s - ~6.6min left in this row
    [dpy] chunk 279/469 (3291 LOC) done in 1.7s - ~6.6min left in this row
    [dpy] chunk 280/469 (254 LOC) done in 1.5s - ~6.5min left in this row
    [dpy] chunk 281/469 (553 LOC) done in 1.5s - ~6.5min left in this row
    [dpy] chunk 282/469 (19 LOC) done in 1.5s - ~6.4min left in this row
    [dpy] chunk 283/469 (19 LOC) done in 1.4s - ~6.4min left in this row
    [dpy] chunk 284/469 (1789 LOC) done in 1.5s - ~6.4min left in this row
    [dpy] chunk 285/469 (219 LOC) done in 1.5s - ~6.3min left in this row
    [dpy] chunk 286/469 (3230 LOC) done in 1.7s - ~6.3min left in this row
    [dpy] chunk 287/469 (19 LOC) done in 1.5s - ~6.2min left in this row
    [dpy] chunk 288/469 (16 LOC) done in 1.6s - ~6.2min left in this row
    [dpy] chunk 289/469 (19 LOC) done in 1.5s - ~6.2min left in this row
    [dpy] chunk 290/469 (17 LOC) done in 1.5s - ~6.1min left in this row
    [dpy] chunk 291/469 (1560 LOC) done in 1.5s - ~6.1min left in this row
    [dpy] chunk 292/469 (856 LOC) done in 1.5s - ~6.0min left in this row
    [dpy] chunk 293/469 (666 LOC) done in 1.5s - ~6.0min left in this row
    [dpy] chunk 294/469 (19 LOC) done in 1.4s - ~6.0min left in this row
    [dpy] chunk 295/469 (19 LOC) done in 1.5s - ~5.9min left in this row
    [dpy] chunk 296/469 (19 LOC) done in 1.5s - ~5.9min left in this row
    [dpy] chunk 297/469 (1638 LOC) done in 1.4s - ~5.8min left in this row
    [dpy] chunk 298/469 (16 LOC) done in 1.3s - ~5.8min left in this row
    [dpy] chunk 299/469 (945 LOC) done in 1.5s - ~5.8min left in this row
    [dpy] chunk 300/469 (17 LOC) done in 1.5s - ~5.7min left in this row
    [dpy] chunk 301/469 (129 LOC) done in 1.4s - ~5.7min left in this row
    [dpy] chunk 302/469 (442 LOC) done in 1.5s - ~5.7min left in this row
    [dpy] chunk 303/469 (19 LOC) done in 1.5s - ~5.6min left in this row
    [dpy] chunk 304/469 (19 LOC) done in 1.4s - ~5.6min left in this row
    [dpy] chunk 305/469 (16 LOC) done in 1.5s - ~5.5min left in this row
    [dpy] chunk 306/469 (19 LOC) done in 1.5s - ~5.5min left in this row
    [dpy] chunk 307/469 (19 LOC) done in 1.4s - ~5.5min left in this row
    [dpy] chunk 308/469 (1223 LOC) done in 1.4s - ~5.4min left in this row
    [dpy] chunk 309/469 (19 LOC) done in 1.4s - ~5.4min left in this row
    [dpy] chunk 310/469 (14 LOC) done in 1.4s - ~5.3min left in this row
    [dpy] chunk 311/469 (757 LOC) done in 1.5s - ~5.3min left in this row
    [dpy] chunk 312/469 (832 LOC) done in 1.6s - ~5.3min left in this row
    [dpy] chunk 313/469 (1261 LOC) done in 1.6s - ~5.2min left in this row
    [dpy] chunk 314/469 (19 LOC) done in 1.5s - ~5.2min left in this row
    [dpy] chunk 315/469 (2595 LOC) done in 1.5s - ~5.2min left in this row
    [dpy] chunk 316/469 (1561 LOC) done in 1.5s - ~5.1min left in this row
    [dpy] chunk 317/469 (16 LOC) done in 1.4s - ~5.1min left in this row
    [dpy] chunk 318/469 (16 LOC) done in 1.5s - ~5.0min left in this row
    [dpy] chunk 319/469 (104 LOC) done in 1.3s - ~5.0min left in this row
    [dpy] chunk 320/469 (16 LOC) done in 1.4s - ~5.0min left in this row
    [dpy] chunk 321/469 (19 LOC) done in 1.3s - ~4.9min left in this row
    [dpy] chunk 322/469 (19 LOC) done in 1.4s - ~4.9min left in this row
    [dpy] chunk 323/469 (631 LOC) done in 1.5s - ~4.8min left in this row
    [dpy] chunk 324/469 (19 LOC) done in 1.4s - ~4.8min left in this row
    [dpy] chunk 325/469 (17 LOC) done in 1.7s - ~4.8min left in this row
    [dpy] chunk 326/469 (1172 LOC) done in 1.7s - ~4.7min left in this row
    [dpy] chunk 327/469 (19 LOC) done in 1.3s - ~4.7min left in this row
    [dpy] chunk 328/469 (1062 LOC) done in 1.5s - ~4.7min left in this row
    [dpy] chunk 329/469 (19 LOC) done in 1.4s - ~4.6min left in this row
    [dpy] chunk 330/469 (17 LOC) done in 1.4s - ~4.6min left in this row
    [dpy] chunk 331/469 (19 LOC) done in 1.5s - ~4.6min left in this row
    [dpy] chunk 332/469 (19 LOC) done in 1.5s - ~4.5min left in this row
    [dpy] chunk 333/469 (15 LOC) done in 1.5s - ~4.5min left in this row
    [dpy] chunk 334/469 (16 LOC) done in 1.4s - ~4.4min left in this row
    [dpy] chunk 335/469 (697 LOC) done in 1.5s - ~4.4min left in this row
    [dpy] chunk 336/469 (17 LOC) done in 1.5s - ~4.4min left in this row
    [dpy] chunk 337/469 (1443 LOC) done in 1.6s - ~4.3min left in this row
    [dpy] chunk 338/469 (121 LOC) done in 1.5s - ~4.3min left in this row
    [dpy] chunk 339/469 (70 LOC) done in 1.5s - ~4.3min left in this row
    [dpy] chunk 340/469 (19 LOC) done in 1.4s - ~4.2min left in this row
    [dpy] chunk 341/469 (130 LOC) done in 1.4s - ~4.2min left in this row
    [dpy] chunk 342/469 (1336 LOC) done in 1.6s - ~4.2min left in this row
    [dpy] chunk 343/469 (17 LOC) done in 1.5s - ~4.1min left in this row
    [dpy] chunk 344/469 (19 LOC) done in 1.4s - ~4.1min left in this row
    [dpy] chunk 345/469 (19 LOC) done in 1.3s - ~4.0min left in this row
    [dpy] chunk 346/469 (19 LOC) done in 1.4s - ~4.0min left in this row
    [dpy] chunk 347/469 (1900 LOC) done in 1.4s - ~4.0min left in this row
    [dpy] chunk 348/469 (165 LOC) done in 1.3s - ~3.9min left in this row
    [dpy] chunk 349/469 (19 LOC) done in 1.6s - ~3.9min left in this row
    [dpy] chunk 350/469 (17 LOC) done in 1.7s - ~3.9min left in this row
    [dpy] chunk 351/469 (17 LOC) done in 1.4s - ~3.8min left in this row
    [dpy] chunk 352/469 (53 LOC) done in 1.5s - ~3.8min left in this row
    [dpy] chunk 353/469 (19 LOC) done in 1.4s - ~3.8min left in this row
    [dpy] chunk 354/469 (19 LOC) done in 1.4s - ~3.7min left in this row
    [dpy] chunk 355/469 (302 LOC) done in 1.4s - ~3.7min left in this row
    [dpy] chunk 356/469 (360 LOC) done in 1.4s - ~3.7min left in this row
    [dpy] chunk 357/469 (19 LOC) done in 1.4s - ~3.6min left in this row
    [dpy] chunk 358/469 (195 LOC) done in 1.5s - ~3.6min left in this row
    [dpy] chunk 359/469 (19 LOC) done in 1.4s - ~3.6min left in this row
    [dpy] chunk 360/469 (84 LOC) done in 1.4s - ~3.5min left in this row
    [dpy] chunk 361/469 (17 LOC) done in 1.4s - ~3.5min left in this row
    [dpy] chunk 362/469 (182 LOC) done in 1.4s - ~3.5min left in this row
    [dpy] chunk 363/469 (19 LOC) done in 1.4s - ~3.4min left in this row
    [dpy] chunk 364/469 (134 LOC) done in 1.5s - ~3.4min left in this row
    [dpy] chunk 365/469 (162 LOC) done in 1.5s - ~3.3min left in this row
    [dpy] chunk 366/469 (237 LOC) done in 1.4s - ~3.3min left in this row
    [dpy] chunk 367/469 (17 LOC) done in 1.4s - ~3.3min left in this row
    [dpy] chunk 368/469 (1107 LOC) done in 1.6s - ~3.2min left in this row
    [dpy] chunk 369/469 (19 LOC) done in 1.5s - ~3.2min left in this row
    [dpy] chunk 370/469 (17 LOC) done in 1.5s - ~3.2min left in this row
    [dpy] chunk 371/469 (283 LOC) done in 1.5s - ~3.1min left in this row
    [dpy] chunk 372/469 (16 LOC) done in 1.4s - ~3.1min left in this row
    [dpy] chunk 373/469 (19 LOC) done in 1.6s - ~3.1min left in this row
    [dpy] chunk 374/469 (93 LOC) done in 1.6s - ~3.0min left in this row
    [dpy] chunk 375/469 (19 LOC) done in 1.4s - ~3.0min left in this row
    [dpy] chunk 376/469 (1467 LOC) done in 1.6s - ~3.0min left in this row
    [dpy] chunk 377/469 (19 LOC) done in 1.5s - ~2.9min left in this row
    [dpy] chunk 378/469 (143 LOC) done in 1.5s - ~2.9min left in this row
    [dpy] chunk 379/469 (4091 LOC) done in 1.8s - ~2.9min left in this row
    [dpy] chunk 380/469 (7181 LOC) done in 1.9s - ~2.8min left in this row
    [dpy] chunk 381/469 (231 LOC) done in 1.4s - ~2.8min left in this row
    [dpy] chunk 382/469 (19 LOC) done in 1.3s - ~2.8min left in this row
    [dpy] chunk 383/469 (16 LOC) done in 1.3s - ~2.7min left in this row
    [dpy] chunk 384/469 (19 LOC) done in 1.5s - ~2.7min left in this row
    [dpy] chunk 385/469 (16 LOC) done in 1.5s - ~2.7min left in this row
    [dpy] chunk 386/469 (19 LOC) done in 1.5s - ~2.6min left in this row
    [dpy] chunk 387/469 (17 LOC) done in 1.2s - ~2.6min left in this row
    [dpy] chunk 388/469 (357 LOC) done in 1.5s - ~2.6min left in this row
    [dpy] chunk 389/469 (19 LOC) done in 1.4s - ~2.5min left in this row
    [dpy] chunk 390/469 (16 LOC) done in 1.4s - ~2.5min left in this row
    [dpy] chunk 391/469 (665 LOC) done in 1.6s - ~2.5min left in this row
    [dpy] chunk 392/469 (16 LOC) done in 1.4s - ~2.4min left in this row
    [dpy] chunk 393/469 (4303 LOC) done in 1.7s - ~2.4min left in this row
    [dpy] chunk 394/469 (64 LOC) done in 1.4s - ~2.4min left in this row
    [dpy] chunk 395/469 (29442 LOC) done in 2.9s - ~2.3min left in this row
    [dpy] chunk 396/469 (1251 LOC) done in 1.5s - ~2.3min left in this row
    [dpy] chunk 397/469 (1071 LOC) done in 1.6s - ~2.3min left in this row
    [dpy] chunk 398/469 (4191 LOC) done in 1.6s - ~2.2min left in this row
    [dpy] chunk 399/469 (9 LOC) done in 1.4s - ~2.2min left in this row
    [dpy] chunk 400/469 (16 LOC) done in 1.5s - ~2.2min left in this row
    [dpy] chunk 401/469 (14 LOC) done in 1.4s - ~2.1min left in this row
    [dpy] chunk 402/469 (1197 LOC) done in 1.5s - ~2.1min left in this row
    [dpy] chunk 403/469 (19 LOC) done in 1.5s - ~2.1min left in this row
    [dpy] chunk 404/469 (19 LOC) done in 1.5s - ~2.1min left in this row
    [dpy] chunk 405/469 (460 LOC) done in 1.5s - ~2.0min left in this row
    [dpy] chunk 406/469 (14 LOC) done in 1.4s - ~2.0min left in this row
    [dpy] chunk 407/469 (16 LOC) done in 1.4s - ~2.0min left in this row
    [dpy] chunk 408/469 (19 LOC) done in 1.4s - ~1.9min left in this row
    [dpy] chunk 409/469 (19 LOC) done in 1.4s - ~1.9min left in this row
    [dpy] chunk 410/469 (14 LOC) done in 1.5s - ~1.9min left in this row
    [dpy] chunk 411/469 (19 LOC) done in 1.4s - ~1.8min left in this row
    [dpy] chunk 412/469 (212 LOC) done in 1.5s - ~1.8min left in this row
    [dpy] chunk 413/469 (19 LOC) done in 1.2s - ~1.8min left in this row
    [dpy] chunk 414/469 (17 LOC) done in 1.4s - ~1.7min left in this row
    [dpy] chunk 415/469 (1579 LOC) done in 1.6s - ~1.7min left in this row
    [dpy] chunk 416/469 (6797 LOC) done in 2.1s - ~1.7min left in this row
    [dpy] chunk 417/469 (9 LOC) done in 1.3s - ~1.6min left in this row
    [dpy] chunk 418/469 (19 LOC) done in 1.4s - ~1.6min left in this row
    [dpy] chunk 419/469 (366 LOC) done in 1.5s - ~1.6min left in this row
    [dpy] chunk 420/469 (820 LOC) done in 1.6s - ~1.5min left in this row
    [dpy] chunk 421/469 (19 LOC) done in 1.4s - ~1.5min left in this row
    [dpy] chunk 422/469 (16 LOC) done in 1.4s - ~1.5min left in this row
    [dpy] chunk 423/469 (52 LOC) done in 1.6s - ~1.4min left in this row
    [dpy] chunk 424/469 (16 LOC) done in 1.6s - ~1.4min left in this row
    [dpy] chunk 425/469 (1386 LOC) done in 1.5s - ~1.4min left in this row
    [dpy] chunk 426/469 (19 LOC) done in 1.5s - ~1.3min left in this row
    [dpy] chunk 427/469 (19 LOC) done in 1.5s - ~1.3min left in this row
    [dpy] chunk 428/469 (19 LOC) done in 1.4s - ~1.3min left in this row
    [dpy] chunk 429/469 (19 LOC) done in 1.4s - ~1.2min left in this row
    [dpy] chunk 430/469 (841 LOC) done in 1.5s - ~1.2min left in this row
    [dpy] chunk 431/469 (206 LOC) done in 1.4s - ~1.2min left in this row
    [dpy] chunk 432/469 (19 LOC) done in 1.5s - ~1.2min left in this row
    [dpy] chunk 433/469 (17 LOC) done in 1.4s - ~1.1min left in this row
    [dpy] chunk 434/469 (1329 LOC) done in 1.6s - ~1.1min left in this row
    [dpy] chunk 435/469 (19 LOC) done in 1.4s - ~1.1min left in this row
    [dpy] chunk 436/469 (19 LOC) done in 1.5s - ~1.0min left in this row
    [dpy] chunk 437/469 (19 LOC) done in 1.4s - ~1.0min left in this row
    [dpy] chunk 438/469 (187 LOC) done in 1.5s - ~1.0min left in this row
    [dpy] chunk 439/469 (19 LOC) done in 1.5s - ~0.9min left in this row
    [dpy] chunk 440/469 (201 LOC) done in 1.4s - ~0.9min left in this row
    [dpy] chunk 441/469 (19 LOC) done in 1.2s - ~0.9min left in this row
    [dpy] chunk 442/469 (19 LOC) done in 1.4s - ~0.8min left in this row
    [dpy] chunk 443/469 (19 LOC) done in 1.4s - ~0.8min left in this row
    [dpy] chunk 444/469 (19 LOC) done in 1.4s - ~0.8min left in this row
    [dpy] chunk 445/469 (17 LOC) done in 1.5s - ~0.7min left in this row
    [dpy] chunk 446/469 (559 LOC) done in 1.6s - ~0.7min left in this row
    [dpy] chunk 447/469 (17 LOC) done in 1.4s - ~0.7min left in this row
    [dpy] chunk 448/469 (19 LOC) done in 1.5s - ~0.6min left in this row
    [dpy] chunk 449/469 (19 LOC) done in 1.4s - ~0.6min left in this row
    [dpy] chunk 450/469 (19 LOC) done in 1.3s - ~0.6min left in this row
    [dpy] chunk 451/469 (19 LOC) done in 1.5s - ~0.6min left in this row
    [dpy] chunk 452/469 (19 LOC) done in 1.4s - ~0.5min left in this row
    [dpy] chunk 453/469 (365 LOC) done in 1.5s - ~0.5min left in this row
    [dpy] chunk 454/469 (19 LOC) done in 1.4s - ~0.5min left in this row
    [dpy] chunk 455/469 (428 LOC) done in 1.4s - ~0.4min left in this row
    [dpy] chunk 456/469 (19 LOC) done in 1.4s - ~0.4min left in this row
    [dpy] chunk 457/469 (156 LOC) done in 1.2s - ~0.4min left in this row
    [dpy] chunk 458/469 (615 LOC) done in 1.5s - ~0.3min left in this row
    [dpy] chunk 459/469 (19 LOC) done in 1.3s - ~0.3min left in this row
    [dpy] chunk 460/469 (774 LOC) done in 1.5s - ~0.3min left in this row
    [dpy] chunk 461/469 (19 LOC) done in 1.4s - ~0.2min left in this row
    [dpy] chunk 462/469 (92 LOC) done in 1.4s - ~0.2min left in this row
    [dpy] chunk 463/469 (4599 LOC) done in 2.1s - ~0.2min left in this row
    [dpy] chunk 464/469 (182 LOC) done in 1.3s - ~0.2min left in this row
    [dpy] chunk 465/469 (17 LOC) done in 1.4s - ~0.1min left in this row
    [dpy] chunk 466/469 (328 LOC) done in 1.4s - ~0.1min left in this row
    [dpy] chunk 467/469 (1459 LOC) done in 1.7s - ~0.1min left in this row
    [dpy] chunk 468/469 (213 LOC) done in 1.5s - ~0.0min left in this row
    [dpy] chunk 469/469 (788 LOC) done in 1.4s - ~0.0min left in this row
  [ok] (61/192) airbytehq/airbyte A2 2024-10-22 @d43b52b8
  [row] (62/192) starting airbytehq/airbyte A2 2024-10-29 @f6e76950
    [dpy] WARNING: 2 chunk(s) still over 8000 LOC and can't be split further (no subdirectories) - DPy will skip CSV export for these: ['C:\\Users\\kvrlv\\AppData\\Local\\Temp\\dpy_chunks_o7i429hp\\loose__root__airbyte-integrations__connectors__source-github__source_github__loose1', 'C:\\Users\\kvrlv\\AppData\\Local\\Temp\\dpy_chunks_o7i429hp\\loose__root__airbyte-integrations__connectors__source-shopify__source_shopify__shopify_graphql__loose1']
    [dpy] 471 chunk(s) planned, 423611 total LOC
    [dpy] chunk 1/471 (634 LOC) done in 1.4s - ~11.3min left in this row
    [dpy] chunk 2/471 (1130 LOC) done in 1.5s - ~11.5min left in this row
    [dpy] chunk 3/471 (195 LOC) done in 1.4s - ~11.2min left in this row
    [dpy] chunk 4/471 (651 LOC) done in 1.5s - ~11.3min left in this row
    [dpy] chunk 5/471 (646 LOC) done in 1.4s - ~11.3min left in this row
    [dpy] chunk 6/471 (741 LOC) done in 1.5s - ~11.3min left in this row
    [dpy] chunk 7/471 (89 LOC) done in 1.4s - ~11.2min left in this row
    [dpy] chunk 8/471 (49 LOC) done in 1.5s - ~11.2min left in this row
    [dpy] chunk 9/471 (160 LOC) done in 1.4s - ~11.2min left in this row
    [dpy] chunk 10/471 (262 LOC) done in 1.3s - ~11.1min left in this row
    [dpy] chunk 11/471 (558 LOC) done in 1.3s - ~10.9min left in this row
    [dpy] chunk 12/471 (1372 LOC) done in 1.6s - ~11.0min left in this row
    [dpy] chunk 13/471 (648 LOC) done in 1.5s - ~11.0min left in this row
    [dpy] chunk 14/471 (113 LOC) done in 1.4s - ~11.0min left in this row
    [dpy] chunk 15/471 (1731 LOC) done in 1.6s - ~11.0min left in this row
    [dpy] chunk 16/471 (1851 LOC) done in 1.8s - ~11.2min left in this row
    [dpy] chunk 17/471 (651 LOC) done in 1.5s - ~11.2min left in this row
    [dpy] chunk 18/471 (2577 LOC) done in 1.6s - ~11.2min left in this row
    [dpy] chunk 19/471 (684 LOC) done in 1.5s - ~11.1min left in this row
    [dpy] chunk 20/471 (183 LOC) done in 1.5s - ~11.1min left in this row
    [dpy] chunk 21/471 (49 LOC) done in 1.4s - ~11.1min left in this row
    [dpy] chunk 22/471 (37 LOC) done in 1.4s - ~11.0min left in this row
    [dpy] chunk 23/471 (274 LOC) done in 1.4s - ~11.0min left in this row
    [dpy] chunk 24/471 (557 LOC) done in 1.4s - ~10.9min left in this row
    [dpy] chunk 25/471 (163 LOC) done in 2.6s - ~11.3min left in this row
    [dpy] chunk 26/471 (4781 LOC) done in 1.9s - ~11.3min left in this row
    [dpy] chunk 27/471 (136 LOC) done in 1.5s - ~11.3min left in this row
    [dpy] chunk 28/471 (5807 LOC) done in 2.0s - ~11.4min left in this row
    [dpy] chunk 29/471 (538 LOC) done in 1.6s - ~11.4min left in this row
    [dpy] chunk 30/471 (741 LOC) done in 1.7s - ~11.4min left in this row
    [dpy] chunk 31/471 (1942 LOC) done in 1.5s - ~11.4min left in this row
    [dpy] chunk 32/471 (879 LOC) done in 1.5s - ~11.3min left in this row
    [dpy] chunk 33/471 (898 LOC) done in 1.7s - ~11.3min left in this row
    [dpy] chunk 34/471 (939 LOC) done in 1.6s - ~11.3min left in this row
    [dpy] chunk 35/471 (76 LOC) done in 1.5s - ~11.3min left in this row
    [dpy] chunk 36/471 (112 LOC) done in 1.4s - ~11.2min left in this row
    [dpy] chunk 37/471 (1854 LOC) done in 1.6s - ~11.2min left in this row
    [dpy] chunk 38/471 (1622 LOC) done in 1.5s - ~11.2min left in this row
    [dpy] chunk 39/471 (172 LOC) done in 1.4s - ~11.1min left in this row
    [dpy] chunk 40/471 (493 LOC) done in 1.5s - ~11.1min left in this row
    [dpy] chunk 41/471 (994 LOC) done in 1.5s - ~11.1min left in this row
    [dpy] chunk 42/471 (142 LOC) done in 1.5s - ~11.0min left in this row
    [dpy] chunk 43/471 (71 LOC) done in 1.4s - ~11.0min left in this row
    [dpy] chunk 44/471 (199 LOC) done in 1.5s - ~10.9min left in this row
    [dpy] chunk 45/471 (175 LOC) done in 1.5s - ~10.9min left in this row
    [dpy] chunk 46/471 (742 LOC) done in 1.3s - ~10.9min left in this row
    [dpy] chunk 47/471 (2057 LOC) done in 1.6s - ~10.8min left in this row
    [dpy] chunk 48/471 (624 LOC) done in 1.3s - ~10.8min left in this row
    [dpy] chunk 49/471 (277 LOC) done in 1.2s - ~10.7min left in this row
    [dpy] chunk 50/471 (3135 LOC) done in 1.7s - ~10.7min left in this row
    [dpy] chunk 51/471 (2977 LOC) done in 1.6s - ~10.7min left in this row
    [dpy] chunk 52/471 (3005 LOC) done in 1.8s - ~10.7min left in this row
    [dpy] chunk 53/471 (765 LOC) done in 1.7s - ~10.7min left in this row
    [dpy] chunk 54/471 (105 LOC) done in 1.5s - ~10.7min left in this row
    [dpy] chunk 55/471 (36 LOC) done in 2.9s - ~10.8min left in this row
    [dpy] chunk 56/471 (3 LOC) done in 1.4s - ~10.8min left in this row
    [dpy] chunk 57/471 (3 LOC) done in 1.5s - ~10.7min left in this row
    [dpy] chunk 58/471 (238 LOC) done in 1.2s - ~10.7min left in this row
    [dpy] chunk 59/471 (1763 LOC) done in 1.6s - ~10.7min left in this row
    [dpy] chunk 60/471 (162 LOC) done in 1.6s - ~10.6min left in this row
    [dpy] chunk 61/471 (100 LOC) done in 1.5s - ~10.6min left in this row
    [dpy] chunk 62/471 (146 LOC) done in 1.6s - ~10.6min left in this row
    [dpy] chunk 63/471 (31 LOC) done in 1.5s - ~10.6min left in this row
    [dpy] chunk 64/471 (2043 LOC) done in 1.6s - ~10.5min left in this row
    [dpy] chunk 65/471 (7706 LOC) done in 1.6s - ~10.5min left in this row
    [dpy] chunk 66/471 (5977 LOC) done in 1.6s - ~10.5min left in this row
    [dpy] chunk 67/471 (50 LOC) done in 1.5s - ~10.5min left in this row
    [dpy] chunk 68/471 (1379 LOC) done in 1.5s - ~10.4min left in this row
    [dpy] chunk 69/471 (1531 LOC) done in 1.4s - ~10.4min left in this row
    [dpy] chunk 70/471 (157 LOC) done in 1.5s - ~10.4min left in this row
    [dpy] chunk 71/471 (144 LOC) done in 1.4s - ~10.3min left in this row
    [dpy] chunk 72/471 (1255 LOC) done in 1.6s - ~10.3min left in this row
    [dpy] chunk 73/471 (449 LOC) done in 1.6s - ~10.3min left in this row
    [dpy] chunk 74/471 (4405 LOC) done in 2.0s - ~10.3min left in this row
    [dpy] chunk 75/471 (2750 LOC) done in 1.5s - ~10.3min left in this row
    [dpy] chunk 76/471 (45 LOC) done in 1.3s - ~10.2min left in this row
    [dpy] chunk 77/471 (1339 LOC) done in 1.8s - ~10.2min left in this row
    [dpy] chunk 78/471 (603 LOC) done in 1.6s - ~10.2min left in this row
    [dpy] chunk 79/471 (3518 LOC) done in 1.8s - ~10.2min left in this row
    [dpy] chunk 80/471 (935 LOC) done in 1.6s - ~10.2min left in this row
    [dpy] chunk 81/471 (911 LOC) done in 1.5s - ~10.1min left in this row
    [dpy] chunk 82/471 (1296 LOC) done in 1.5s - ~10.1min left in this row
    [dpy] chunk 83/471 (254 LOC) done in 1.6s - ~10.1min left in this row
    [dpy] chunk 84/471 (1643 LOC) done in 1.6s - ~10.1min left in this row
    [dpy] chunk 85/471 (688 LOC) done in 1.4s - ~10.0min left in this row
    [dpy] chunk 86/471 (228 LOC) done in 1.4s - ~10.0min left in this row
    [dpy] chunk 87/471 (807 LOC) done in 1.5s - ~10.0min left in this row
    [dpy] chunk 88/471 (3746 LOC) done in 1.7s - ~10.0min left in this row
    [dpy] chunk 89/471 (1233 LOC) done in 1.6s - ~9.9min left in this row
    [dpy] chunk 90/471 (523 LOC) done in 1.5s - ~9.9min left in this row
    [dpy] chunk 91/471 (5774 LOC) done in 1.9s - ~9.9min left in this row
    [dpy] chunk 92/471 (5321 LOC) done in 1.7s - ~9.9min left in this row
    [dpy] chunk 93/471 (5293 LOC) done in 1.7s - ~9.9min left in this row
    [dpy] chunk 94/471 (651 LOC) done in 1.5s - ~9.8min left in this row
    [dpy] chunk 95/471 (197 LOC) done in 1.5s - ~9.8min left in this row
    [dpy] chunk 96/471 (227 LOC) done in 1.5s - ~9.8min left in this row
    [dpy] chunk 97/471 (48 LOC) done in 1.6s - ~9.7min left in this row
    [dpy] chunk 98/471 (351 LOC) done in 1.4s - ~9.7min left in this row
    [dpy] chunk 99/471 (471 LOC) done in 1.4s - ~9.7min left in this row
    [dpy] chunk 100/471 (138 LOC) done in 1.4s - ~9.6min left in this row
    [dpy] chunk 101/471 (2521 LOC) done in 1.6s - ~9.6min left in this row
    [dpy] chunk 102/471 (544 LOC) done in 1.6s - ~9.6min left in this row
    [dpy] chunk 103/471 (1151 LOC) done in 1.6s - ~9.6min left in this row
    [dpy] chunk 104/471 (192 LOC) done in 1.5s - ~9.5min left in this row
    [dpy] chunk 105/471 (1825 LOC) done in 1.6s - ~9.5min left in this row
    [dpy] chunk 106/471 (235 LOC) done in 1.5s - ~9.5min left in this row
    [dpy] chunk 107/471 (432 LOC) done in 1.5s - ~9.5min left in this row
    [dpy] chunk 108/471 (905 LOC) done in 1.5s - ~9.4min left in this row
    [dpy] chunk 109/471 (646 LOC) done in 1.4s - ~9.4min left in this row
    [dpy] chunk 110/471 (328 LOC) done in 1.4s - ~9.4min left in this row
    [dpy] chunk 111/471 (152 LOC) done in 1.5s - ~9.3min left in this row
    [dpy] chunk 112/471 (1039 LOC) done in 1.5s - ~9.3min left in this row
    [dpy] chunk 113/471 (546 LOC) done in 1.5s - ~9.3min left in this row
    [dpy] chunk 114/471 (26 LOC) done in 1.4s - ~9.2min left in this row
    [dpy] chunk 115/471 (3 LOC) done in 1.4s - ~9.2min left in this row
    [dpy] chunk 116/471 (998 LOC) done in 1.5s - ~9.2min left in this row
    [dpy] chunk 117/471 (1389 LOC) done in 1.5s - ~9.2min left in this row
    [dpy] chunk 118/471 (194 LOC) done in 1.5s - ~9.1min left in this row
    [dpy] chunk 119/471 (1896 LOC) done in 1.7s - ~9.1min left in this row
    [dpy] chunk 120/471 (1483 LOC) done in 1.6s - ~9.1min left in this row
    [dpy] chunk 121/471 (258 LOC) done in 1.5s - ~9.1min left in this row
    [dpy] chunk 122/471 (6 LOC) done in 1.5s - ~9.0min left in this row
    [dpy] chunk 123/471 (3711 LOC) done in 1.9s - ~9.0min left in this row
    [dpy] chunk 124/471 (2018 LOC) done in 1.4s - ~9.0min left in this row
    [dpy] chunk 125/471 (6507 LOC) done in 1.8s - ~9.0min left in this row
    [dpy] chunk 126/471 (1137 LOC) done in 1.5s - ~8.9min left in this row
    [dpy] chunk 127/471 (70 LOC) done in 1.5s - ~8.9min left in this row
    [dpy] chunk 128/471 (4909 LOC) done in 1.8s - ~8.9min left in this row
    [dpy] chunk 129/471 (6239 LOC) done in 1.8s - ~8.9min left in this row
    [dpy] chunk 130/471 (2382 LOC) done in 1.6s - ~8.9min left in this row
    [dpy] chunk 131/471 (16 LOC) done in 1.4s - ~8.8min left in this row
    [dpy] chunk 132/471 (467 LOC) done in 1.5s - ~8.8min left in this row
    [dpy] chunk 133/471 (691 LOC) done in 1.5s - ~8.8min left in this row
    [dpy] chunk 134/471 (2053 LOC) done in 1.7s - ~8.7min left in this row
    [dpy] chunk 135/471 (632 LOC) done in 1.3s - ~8.7min left in this row
    [dpy] chunk 136/471 (456 LOC) done in 1.4s - ~8.7min left in this row
    [dpy] chunk 137/471 (2264 LOC) done in 1.6s - ~8.7min left in this row
    [dpy] chunk 138/471 (628 LOC) done in 1.4s - ~8.6min left in this row
    [dpy] chunk 139/471 (633 LOC) done in 1.5s - ~8.6min left in this row
    [dpy] chunk 140/471 (956 LOC) done in 1.3s - ~8.6min left in this row
    [dpy] chunk 141/471 (260 LOC) done in 1.7s - ~8.5min left in this row
    [dpy] chunk 142/471 (1105 LOC) done in 1.5s - ~8.5min left in this row
    [dpy] chunk 143/471 (13 LOC) done in 1.4s - ~8.5min left in this row
    [dpy] chunk 144/471 (240 LOC) done in 1.3s - ~8.5min left in this row
    [dpy] chunk 145/471 (13 LOC) done in 1.4s - ~8.4min left in this row
    [dpy] chunk 146/471 (676 LOC) done in 1.5s - ~8.4min left in this row
    [dpy] chunk 147/471 (1349 LOC) done in 1.6s - ~8.4min left in this row
    [dpy] chunk 148/471 (2265 LOC) done in 1.6s - ~8.3min left in this row
    [dpy] chunk 149/471 (996 LOC) done in 1.5s - ~8.3min left in this row
    [dpy] chunk 150/471 (564 LOC) done in 1.6s - ~8.3min left in this row
    [dpy] chunk 151/471 (323 LOC) done in 1.5s - ~8.3min left in this row
    [dpy] chunk 152/471 (422 LOC) done in 1.5s - ~8.2min left in this row
    [dpy] chunk 153/471 (2573 LOC) done in 1.7s - ~8.2min left in this row
    [dpy] chunk 154/471 (331 LOC) done in 1.5s - ~8.2min left in this row
    [dpy] chunk 155/471 (285 LOC) done in 1.5s - ~8.2min left in this row
    [dpy] chunk 156/471 (263 LOC) done in 1.5s - ~8.1min left in this row
    [dpy] chunk 157/471 (645 LOC) done in 1.6s - ~8.1min left in this row
    [dpy] chunk 158/471 (932 LOC) done in 1.6s - ~8.1min left in this row
    [dpy] chunk 159/471 (245 LOC) done in 1.6s - ~8.1min left in this row
    [dpy] chunk 160/471 (19 LOC) done in 1.6s - ~8.0min left in this row
    [dpy] chunk 161/471 (871 LOC) done in 1.6s - ~8.0min left in this row
    [dpy] chunk 162/471 (19 LOC) done in 1.5s - ~8.0min left in this row
    [dpy] chunk 163/471 (19 LOC) done in 1.5s - ~8.0min left in this row
    [dpy] chunk 164/471 (1139 LOC) done in 1.6s - ~7.9min left in this row
    [dpy] chunk 165/471 (330 LOC) done in 1.5s - ~7.9min left in this row
    [dpy] chunk 166/471 (7890 LOC) done in 2.2s - ~7.9min left in this row
    [dpy] chunk 167/471 (5344 LOC) done in 1.9s - ~7.9min left in this row
    [dpy] chunk 168/471 (384 LOC) done in 1.4s - ~7.9min left in this row
    [dpy] chunk 169/471 (791 LOC) done in 1.6s - ~7.8min left in this row
    [dpy] chunk 170/471 (43 LOC) done in 1.7s - ~7.8min left in this row
    [dpy] chunk 171/471 (16 LOC) done in 1.7s - ~7.8min left in this row
    [dpy] chunk 172/471 (19 LOC) done in 1.4s - ~7.8min left in this row
    [dpy] chunk 173/471 (1048 LOC) done in 1.6s - ~7.7min left in this row
    [dpy] chunk 174/471 (297 LOC) done in 1.8s - ~7.7min left in this row
    [dpy] chunk 175/471 (17 LOC) done in 1.7s - ~7.7min left in this row
    [dpy] chunk 176/471 (16 LOC) done in 1.7s - ~7.7min left in this row
    [dpy] chunk 177/471 (157 LOC) done in 1.7s - ~7.7min left in this row
    [dpy] chunk 178/471 (184 LOC) done in 1.7s - ~7.6min left in this row
    [dpy] chunk 179/471 (894 LOC) done in 1.8s - ~7.6min left in this row
    [dpy] chunk 180/471 (557 LOC) done in 1.6s - ~7.6min left in this row
    [dpy] chunk 181/471 (19 LOC) done in 1.8s - ~7.6min left in this row
    [dpy] chunk 182/471 (164 LOC) done in 1.7s - ~7.5min left in this row
    [dpy] chunk 183/471 (99 LOC) done in 1.5s - ~7.5min left in this row
    [dpy] chunk 184/471 (16 LOC) done in 1.5s - ~7.5min left in this row
    [dpy] chunk 185/471 (4137 LOC) done in 2.1s - ~7.5min left in this row
    [dpy] chunk 186/471 (866 LOC) done in 1.7s - ~7.5min left in this row
    [dpy] chunk 187/471 (270 LOC) done in 1.8s - ~7.4min left in this row
    [dpy] chunk 188/471 (17 LOC) done in 1.5s - ~7.4min left in this row
    [dpy] chunk 189/471 (19 LOC) done in 1.7s - ~7.4min left in this row
    [dpy] chunk 190/471 (17 LOC) done in 1.7s - ~7.4min left in this row
    [dpy] chunk 191/471 (415 LOC) done in 1.7s - ~7.3min left in this row
    [dpy] chunk 192/471 (2739 LOC) done in 2.1s - ~7.3min left in this row
    [dpy] chunk 193/471 (19 LOC) done in 1.8s - ~7.3min left in this row
    [dpy] chunk 194/471 (17 LOC) done in 1.7s - ~7.3min left in this row
    [dpy] chunk 195/471 (17 LOC) done in 1.8s - ~7.3min left in this row
    [dpy] chunk 196/471 (16 LOC) done in 1.8s - ~7.2min left in this row
    [dpy] chunk 197/471 (19 LOC) done in 1.7s - ~7.2min left in this row
    [dpy] chunk 198/471 (19 LOC) done in 1.7s - ~7.2min left in this row
    [dpy] chunk 199/471 (873 LOC) done in 1.8s - ~7.2min left in this row
    [dpy] chunk 200/471 (16 LOC) done in 1.7s - ~7.1min left in this row
    [dpy] chunk 201/471 (19 LOC) done in 1.7s - ~7.1min left in this row
    [dpy] chunk 202/471 (17 LOC) done in 1.8s - ~7.1min left in this row
    [dpy] chunk 203/471 (19 LOC) done in 1.7s - ~7.1min left in this row
    [dpy] chunk 204/471 (19 LOC) done in 1.6s - ~7.1min left in this row
    [dpy] chunk 205/471 (414 LOC) done in 1.7s - ~7.0min left in this row
    [dpy] chunk 206/471 (110 LOC) done in 1.6s - ~7.0min left in this row
    [dpy] chunk 207/471 (19 LOC) done in 1.7s - ~7.0min left in this row
    [dpy] chunk 208/471 (19 LOC) done in 1.9s - ~7.0min left in this row
    [dpy] chunk 209/471 (19 LOC) done in 1.7s - ~6.9min left in this row
    [dpy] chunk 210/471 (665 LOC) done in 1.9s - ~6.9min left in this row
    [dpy] chunk 211/471 (17 LOC) done in 1.8s - ~6.9min left in this row
    [dpy] chunk 212/471 (19 LOC) done in 1.8s - ~6.9min left in this row
    [dpy] chunk 213/471 (19 LOC) done in 1.8s - ~6.8min left in this row
    [dpy] chunk 214/471 (17 LOC) done in 1.7s - ~6.8min left in this row
    [dpy] chunk 215/471 (16 LOC) done in 1.7s - ~6.8min left in this row
    [dpy] chunk 216/471 (214 LOC) done in 1.8s - ~6.8min left in this row
    [dpy] chunk 217/471 (16 LOC) done in 1.7s - ~6.8min left in this row
    [dpy] chunk 218/471 (19 LOC) done in 1.8s - ~6.7min left in this row
    [dpy] chunk 219/471 (19 LOC) done in 1.8s - ~6.7min left in this row
    [dpy] chunk 220/471 (19 LOC) done in 1.7s - ~6.7min left in this row
    [dpy] chunk 221/471 (16 LOC) done in 1.8s - ~6.7min left in this row
    [dpy] chunk 222/471 (16 LOC) done in 1.7s - ~6.6min left in this row
    [dpy] chunk 223/471 (17 LOC) done in 1.7s - ~6.6min left in this row
    [dpy] chunk 224/471 (19 LOC) done in 1.8s - ~6.6min left in this row
    [dpy] chunk 225/471 (17 LOC) done in 1.7s - ~6.6min left in this row
    [dpy] chunk 226/471 (85 LOC) done in 1.7s - ~6.5min left in this row
    [dpy] chunk 227/471 (3190 LOC) done in 2.0s - ~6.5min left in this row
    [dpy] chunk 228/471 (5162 LOC) done in 2.2s - ~6.5min left in this row
    [dpy] chunk 229/471 (9 LOC) done in 1.7s - ~6.5min left in this row
    [dpy] chunk 230/471 (720 LOC) done in 1.8s - ~6.5min left in this row
    [dpy] chunk 231/471 (789 LOC) done in 1.9s - ~6.4min left in this row
    [dpy] chunk 232/471 (104 LOC) done in 1.7s - ~6.4min left in this row
    [dpy] chunk 233/471 (3085 LOC) done in 2.1s - ~6.4min left in this row
    [dpy] chunk 234/471 (2055 LOC) done in 2.1s - ~6.4min left in this row
    [dpy] chunk 235/471 (392 LOC) done in 1.7s - ~6.3min left in this row
    [dpy] chunk 236/471 (925 LOC) done in 1.8s - ~6.3min left in this row
    [dpy] chunk 237/471 (19 LOC) done in 1.8s - ~6.3min left in this row
    [dpy] chunk 238/471 (19 LOC) done in 1.8s - ~6.3min left in this row
    [dpy] chunk 239/471 (68 LOC) done in 1.7s - ~6.2min left in this row
    [dpy] chunk 240/471 (761 LOC) done in 1.8s - ~6.2min left in this row
    [dpy] chunk 241/471 (25 LOC) done in 1.7s - ~6.2min left in this row
    [dpy] chunk 242/471 (19 LOC) done in 1.7s - ~6.2min left in this row
    [dpy] chunk 243/471 (19 LOC) done in 1.7s - ~6.1min left in this row
    [dpy] chunk 244/471 (19 LOC) done in 1.6s - ~6.1min left in this row
    [dpy] chunk 245/471 (1407 LOC) done in 1.8s - ~6.1min left in this row
    [dpy] chunk 246/471 (501 LOC) done in 1.7s - ~6.1min left in this row
    [dpy] chunk 247/471 (19 LOC) done in 1.7s - ~6.0min left in this row
    [dpy] chunk 248/471 (173 LOC) done in 1.8s - ~6.0min left in this row
    [dpy] chunk 249/471 (16 LOC) done in 1.7s - ~6.0min left in this row
    [dpy] chunk 250/471 (301 LOC) done in 1.8s - ~6.0min left in this row
    [dpy] chunk 251/471 (41034 LOC) done in 3.3s - ~6.0min left in this row
    [dpy] chunk 252/471 (2539 LOC) done in 2.0s - ~5.9min left in this row
    [dpy] chunk 253/471 (2553 LOC) done in 2.0s - ~5.9min left in this row
    [dpy] chunk 254/471 (8 LOC) done in 2.0s - ~5.9min left in this row
    [dpy] chunk 255/471 (698 LOC) done in 2.3s - ~5.9min left in this row
    [dpy] chunk 256/471 (19 LOC) done in 2.1s - ~5.9min left in this row
    [dpy] chunk 257/471 (46 LOC) done in 2.1s - ~5.8min left in this row
    [dpy] chunk 258/471 (19 LOC) done in 2.1s - ~5.8min left in this row
    [dpy] chunk 259/471 (19 LOC) done in 2.2s - ~5.8min left in this row
    [dpy] chunk 260/471 (19 LOC) done in 2.1s - ~5.8min left in this row
    [dpy] chunk 261/471 (5126 LOC) done in 2.4s - ~5.8min left in this row
    [dpy] chunk 262/471 (2820 LOC) done in 2.6s - ~5.8min left in this row
    [dpy] chunk 263/471 (1326 LOC) done in 2.1s - ~5.7min left in this row
    [dpy] chunk 264/471 (149 LOC) done in 2.1s - ~5.7min left in this row
    [dpy] chunk 265/471 (260 LOC) done in 2.2s - ~5.7min left in this row
    [dpy] chunk 266/471 (1077 LOC) done in 2.1s - ~5.7min left in this row
    [dpy] chunk 267/471 (17 LOC) done in 2.1s - ~5.6min left in this row
    [dpy] chunk 268/471 (1548 LOC) done in 2.2s - ~5.6min left in this row
    [dpy] chunk 269/471 (1612 LOC) done in 2.4s - ~5.6min left in this row
    [dpy] chunk 270/471 (19 LOC) done in 2.2s - ~5.6min left in this row
    [dpy] chunk 271/471 (552 LOC) done in 2.3s - ~5.6min left in this row
    [dpy] chunk 272/471 (410 LOC) done in 2.2s - ~5.5min left in this row
    [dpy] chunk 273/471 (17 LOC) done in 2.0s - ~5.5min left in this row
    [dpy] chunk 274/471 (198 LOC) done in 2.2s - ~5.5min left in this row
    [dpy] chunk 275/471 (70 LOC) done in 2.1s - ~5.5min left in this row
    [dpy] chunk 276/471 (14 LOC) done in 2.1s - ~5.5min left in this row
    [dpy] chunk 277/471 (19 LOC) done in 2.1s - ~5.4min left in this row
    [dpy] chunk 278/471 (19 LOC) done in 2.0s - ~5.4min left in this row
    [dpy] chunk 279/471 (6753 LOC) done in 2.9s - ~5.4min left in this row
    [dpy] chunk 280/471 (19 LOC) done in 2.1s - ~5.4min left in this row
    [dpy] chunk 281/471 (3291 LOC) done in 2.3s - ~5.3min left in this row
    [dpy] chunk 282/471 (254 LOC) done in 2.2s - ~5.3min left in this row
    [dpy] chunk 283/471 (553 LOC) done in 2.2s - ~5.3min left in this row
    [dpy] chunk 284/471 (19 LOC) done in 2.0s - ~5.3min left in this row
    [dpy] chunk 285/471 (19 LOC) done in 2.0s - ~5.3min left in this row
    [dpy] chunk 286/471 (1789 LOC) done in 2.3s - ~5.2min left in this row
    [dpy] chunk 287/471 (219 LOC) done in 1.9s - ~5.2min left in this row
    [dpy] chunk 288/471 (3230 LOC) done in 2.5s - ~5.2min left in this row
    [dpy] chunk 289/471 (19 LOC) done in 2.0s - ~5.2min left in this row
    [dpy] chunk 290/471 (16 LOC) done in 2.1s - ~5.1min left in this row
    [dpy] chunk 291/471 (19 LOC) done in 2.1s - ~5.1min left in this row
    [dpy] chunk 292/471 (17 LOC) done in 2.0s - ~5.1min left in this row
    [dpy] chunk 293/471 (1560 LOC) done in 2.3s - ~5.1min left in this row
    [dpy] chunk 294/471 (856 LOC) done in 2.3s - ~5.0min left in this row
    [dpy] chunk 295/471 (666 LOC) done in 2.3s - ~5.0min left in this row
    [dpy] chunk 296/471 (19 LOC) done in 2.0s - ~5.0min left in this row
    [dpy] chunk 297/471 (19 LOC) done in 2.0s - ~5.0min left in this row
    [dpy] chunk 298/471 (19 LOC) done in 2.0s - ~4.9min left in this row
    [dpy] chunk 299/471 (1638 LOC) done in 2.2s - ~4.9min left in this row
    [dpy] chunk 300/471 (16 LOC) done in 2.1s - ~4.9min left in this row
    [dpy] chunk 301/471 (945 LOC) done in 2.3s - ~4.9min left in this row
    [dpy] chunk 302/471 (17 LOC) done in 2.1s - ~4.8min left in this row
    [dpy] chunk 303/471 (129 LOC) done in 2.2s - ~4.8min left in this row
    [dpy] chunk 304/471 (442 LOC) done in 2.2s - ~4.8min left in this row
    [dpy] chunk 305/471 (19 LOC) done in 2.1s - ~4.8min left in this row
    [dpy] chunk 306/471 (19 LOC) done in 2.0s - ~4.7min left in this row
    [dpy] chunk 307/471 (16 LOC) done in 2.0s - ~4.7min left in this row
    [dpy] chunk 308/471 (19 LOC) done in 2.0s - ~4.7min left in this row
    [dpy] chunk 309/471 (19 LOC) done in 2.0s - ~4.7min left in this row
    [dpy] chunk 310/471 (1223 LOC) done in 2.2s - ~4.6min left in this row
    [dpy] chunk 311/471 (19 LOC) done in 2.1s - ~4.6min left in this row
    [dpy] chunk 312/471 (14 LOC) done in 2.1s - ~4.6min left in this row
    [dpy] chunk 313/471 (757 LOC) done in 2.1s - ~4.6min left in this row
    [dpy] chunk 314/471 (832 LOC) done in 2.1s - ~4.5min left in this row
    [dpy] chunk 315/471 (1261 LOC) done in 2.1s - ~4.5min left in this row
    [dpy] chunk 316/471 (19 LOC) done in 2.2s - ~4.5min left in this row
    [dpy] chunk 317/471 (2595 LOC) done in 2.5s - ~4.5min left in this row
    [dpy] chunk 318/471 (1561 LOC) done in 2.1s - ~4.4min left in this row
    [dpy] chunk 319/471 (16 LOC) done in 1.9s - ~4.4min left in this row
    [dpy] chunk 320/471 (16 LOC) done in 1.9s - ~4.4min left in this row
    [dpy] chunk 321/471 (104 LOC) done in 1.8s - ~4.4min left in this row
    [dpy] chunk 322/471 (16 LOC) done in 1.8s - ~4.3min left in this row
    [dpy] chunk 323/471 (19 LOC) done in 1.8s - ~4.3min left in this row
    [dpy] chunk 324/471 (19 LOC) done in 1.8s - ~4.3min left in this row
    [dpy] chunk 325/471 (631 LOC) done in 1.8s - ~4.2min left in this row
    [dpy] chunk 326/471 (19 LOC) done in 1.7s - ~4.2min left in this row
    [dpy] chunk 327/471 (17 LOC) done in 1.8s - ~4.2min left in this row
    [dpy] chunk 328/471 (1172 LOC) done in 1.8s - ~4.2min left in this row
    [dpy] chunk 329/471 (19 LOC) done in 1.7s - ~4.1min left in this row
    [dpy] chunk 330/471 (1062 LOC) done in 1.8s - ~4.1min left in this row
    [dpy] chunk 331/471 (19 LOC) done in 1.7s - ~4.1min left in this row
    [dpy] chunk 332/471 (17 LOC) done in 1.8s - ~4.0min left in this row
    [dpy] chunk 333/471 (19 LOC) done in 1.6s - ~4.0min left in this row
    [dpy] chunk 334/471 (19 LOC) done in 1.8s - ~4.0min left in this row
    [dpy] chunk 335/471 (15 LOC) done in 1.8s - ~4.0min left in this row
    [dpy] chunk 336/471 (16 LOC) done in 1.5s - ~3.9min left in this row
    [dpy] chunk 337/471 (697 LOC) done in 1.8s - ~3.9min left in this row
    [dpy] chunk 338/471 (17 LOC) done in 1.6s - ~3.9min left in this row
    [dpy] chunk 339/471 (1443 LOC) done in 1.9s - ~3.8min left in this row
    [dpy] chunk 340/471 (121 LOC) done in 1.8s - ~3.8min left in this row
    [dpy] chunk 341/471 (70 LOC) done in 1.6s - ~3.8min left in this row
    [dpy] chunk 342/471 (19 LOC) done in 1.5s - ~3.7min left in this row
    [dpy] chunk 343/471 (130 LOC) done in 1.5s - ~3.7min left in this row
    [dpy] chunk 344/471 (1336 LOC) done in 1.8s - ~3.7min left in this row
    [dpy] chunk 345/471 (17 LOC) done in 1.5s - ~3.7min left in this row
    [dpy] chunk 346/471 (19 LOC) done in 1.5s - ~3.6min left in this row
    [dpy] chunk 347/471 (19 LOC) done in 1.6s - ~3.6min left in this row
    [dpy] chunk 348/471 (19 LOC) done in 1.5s - ~3.6min left in this row
    [dpy] chunk 349/471 (1900 LOC) done in 1.6s - ~3.5min left in this row
    [dpy] chunk 350/471 (165 LOC) done in 1.6s - ~3.5min left in this row
    [dpy] chunk 351/471 (19 LOC) done in 1.5s - ~3.5min left in this row
    [dpy] chunk 352/471 (17 LOC) done in 1.5s - ~3.4min left in this row
    [dpy] chunk 353/471 (17 LOC) done in 1.7s - ~3.4min left in this row
    [dpy] chunk 354/471 (53 LOC) done in 1.4s - ~3.4min left in this row
    [dpy] chunk 355/471 (19 LOC) done in 1.5s - ~3.4min left in this row
    [dpy] chunk 356/471 (19 LOC) done in 1.4s - ~3.3min left in this row
    [dpy] chunk 357/471 (302 LOC) done in 1.4s - ~3.3min left in this row
    [dpy] chunk 358/471 (360 LOC) done in 1.8s - ~3.3min left in this row
    [dpy] chunk 359/471 (19 LOC) done in 1.8s - ~3.2min left in this row
    [dpy] chunk 360/471 (195 LOC) done in 1.5s - ~3.2min left in this row
    [dpy] chunk 361/471 (19 LOC) done in 1.6s - ~3.2min left in this row
    [dpy] chunk 362/471 (84 LOC) done in 1.8s - ~3.1min left in this row
    [dpy] chunk 363/471 (17 LOC) done in 1.9s - ~3.1min left in this row
    [dpy] chunk 364/471 (182 LOC) done in 1.6s - ~3.1min left in this row
    [dpy] chunk 365/471 (19 LOC) done in 1.6s - ~3.1min left in this row
    [dpy] chunk 366/471 (134 LOC) done in 1.7s - ~3.0min left in this row
    [dpy] chunk 367/471 (162 LOC) done in 1.9s - ~3.0min left in this row
    [dpy] chunk 368/471 (237 LOC) done in 1.4s - ~3.0min left in this row
    [dpy] chunk 369/471 (17 LOC) done in 1.5s - ~2.9min left in this row
    [dpy] chunk 370/471 (1107 LOC) done in 1.9s - ~2.9min left in this row
    [dpy] chunk 371/471 (19 LOC) done in 1.9s - ~2.9min left in this row
    [dpy] chunk 372/471 (17 LOC) done in 1.8s - ~2.9min left in this row
    [dpy] chunk 373/471 (283 LOC) done in 1.6s - ~2.8min left in this row
    [dpy] chunk 374/471 (16 LOC) done in 1.8s - ~2.8min left in this row
    [dpy] chunk 375/471 (19 LOC) done in 1.9s - ~2.8min left in this row
    [dpy] chunk 376/471 (93 LOC) done in 1.5s - ~2.7min left in this row
    [dpy] chunk 377/471 (19 LOC) done in 1.5s - ~2.7min left in this row
    [dpy] chunk 378/471 (1467 LOC) done in 1.6s - ~2.7min left in this row
    [dpy] chunk 379/471 (19 LOC) done in 1.6s - ~2.7min left in this row
    [dpy] chunk 380/471 (143 LOC) done in 1.8s - ~2.6min left in this row
    [dpy] chunk 381/471 (4091 LOC) done in 2.0s - ~2.6min left in this row
    [dpy] chunk 382/471 (7181 LOC) done in 1.9s - ~2.6min left in this row
    [dpy] chunk 383/471 (231 LOC) done in 1.7s - ~2.5min left in this row
    [dpy] chunk 384/471 (19 LOC) done in 1.7s - ~2.5min left in this row
    [dpy] chunk 385/471 (16 LOC) done in 1.6s - ~2.5min left in this row
    [dpy] chunk 386/471 (19 LOC) done in 1.3s - ~2.5min left in this row
    [dpy] chunk 387/471 (16 LOC) done in 1.4s - ~2.4min left in this row
    [dpy] chunk 388/471 (19 LOC) done in 1.8s - ~2.4min left in this row
    [dpy] chunk 389/471 (17 LOC) done in 1.7s - ~2.4min left in this row
    [dpy] chunk 390/471 (357 LOC) done in 1.7s - ~2.3min left in this row
    [dpy] chunk 391/471 (19 LOC) done in 1.7s - ~2.3min left in this row
    [dpy] chunk 392/471 (16 LOC) done in 1.8s - ~2.3min left in this row
    [dpy] chunk 393/471 (665 LOC) done in 1.7s - ~2.2min left in this row
    [dpy] chunk 394/471 (16 LOC) done in 1.4s - ~2.2min left in this row
    [dpy] chunk 395/471 (4303 LOC) done in 1.8s - ~2.2min left in this row
    [dpy] chunk 396/471 (64 LOC) done in 1.6s - ~2.2min left in this row
    [dpy] chunk 397/471 (29442 LOC) done in 3.7s - ~2.1min left in this row
    [dpy] chunk 398/471 (1251 LOC) done in 1.4s - ~2.1min left in this row
    [dpy] chunk 399/471 (1071 LOC) done in 1.9s - ~2.1min left in this row
    [dpy] chunk 400/471 (4191 LOC) done in 1.9s - ~2.1min left in this row
    [dpy] chunk 401/471 (9 LOC) done in 1.5s - ~2.0min left in this row
    [dpy] chunk 402/471 (16 LOC) done in 1.7s - ~2.0min left in this row
    [dpy] chunk 403/471 (14 LOC) done in 1.5s - ~2.0min left in this row
    [dpy] chunk 404/471 (1197 LOC) done in 1.9s - ~1.9min left in this row
    [dpy] chunk 405/471 (19 LOC) done in 1.8s - ~1.9min left in this row
    [dpy] chunk 406/471 (19 LOC) done in 1.6s - ~1.9min left in this row
    [dpy] chunk 407/471 (460 LOC) done in 1.5s - ~1.8min left in this row
    [dpy] chunk 408/471 (14 LOC) done in 1.8s - ~1.8min left in this row
    [dpy] chunk 409/471 (16 LOC) done in 1.6s - ~1.8min left in this row
    [dpy] chunk 410/471 (19 LOC) done in 1.7s - ~1.8min left in this row
    [dpy] chunk 411/471 (19 LOC) done in 1.6s - ~1.7min left in this row
    [dpy] chunk 412/471 (14 LOC) done in 1.4s - ~1.7min left in this row
    [dpy] chunk 413/471 (19 LOC) done in 1.7s - ~1.7min left in this row
    [dpy] chunk 414/471 (212 LOC) done in 1.8s - ~1.6min left in this row
    [dpy] chunk 415/471 (19 LOC) done in 1.6s - ~1.6min left in this row
    [dpy] chunk 416/471 (17 LOC) done in 1.6s - ~1.6min left in this row
    [dpy] chunk 417/471 (1579 LOC) done in 2.0s - ~1.6min left in this row
    [dpy] chunk 418/471 (6797 LOC) done in 2.5s - ~1.5min left in this row
    [dpy] chunk 419/471 (9 LOC) done in 1.6s - ~1.5min left in this row
    [dpy] chunk 420/471 (19 LOC) done in 1.7s - ~1.5min left in this row
    [dpy] chunk 421/471 (366 LOC) done in 1.8s - ~1.4min left in this row
    [dpy] chunk 422/471 (820 LOC) done in 1.9s - ~1.4min left in this row
    [dpy] chunk 423/471 (19 LOC) done in 1.6s - ~1.4min left in this row
    [dpy] chunk 424/471 (16 LOC) done in 1.8s - ~1.4min left in this row
    [dpy] chunk 425/471 (52 LOC) done in 1.8s - ~1.3min left in this row
    [dpy] chunk 426/471 (16 LOC) done in 1.7s - ~1.3min left in this row
    [dpy] chunk 427/471 (1386 LOC) done in 1.8s - ~1.3min left in this row
    [dpy] chunk 428/471 (19 LOC) done in 1.8s - ~1.2min left in this row
    [dpy] chunk 429/471 (19 LOC) done in 1.8s - ~1.2min left in this row
    [dpy] chunk 430/471 (19 LOC) done in 1.8s - ~1.2min left in this row
    [dpy] chunk 431/471 (19 LOC) done in 1.6s - ~1.2min left in this row
    [dpy] chunk 432/471 (841 LOC) done in 1.8s - ~1.1min left in this row
    [dpy] chunk 433/471 (132 LOC) done in 1.7s - ~1.1min left in this row
    [dpy] chunk 434/471 (19 LOC) done in 1.7s - ~1.1min left in this row
    [dpy] chunk 435/471 (17 LOC) done in 1.6s - ~1.0min left in this row
    [dpy] chunk 436/471 (1329 LOC) done in 1.8s - ~1.0min left in this row
    [dpy] chunk 437/471 (19 LOC) done in 1.8s - ~1.0min left in this row
    [dpy] chunk 438/471 (19 LOC) done in 1.7s - ~1.0min left in this row
    [dpy] chunk 439/471 (19 LOC) done in 1.5s - ~0.9min left in this row
    [dpy] chunk 440/471 (187 LOC) done in 1.9s - ~0.9min left in this row
    [dpy] chunk 441/471 (19 LOC) done in 1.8s - ~0.9min left in this row
    [dpy] chunk 442/471 (201 LOC) done in 1.6s - ~0.8min left in this row
    [dpy] chunk 443/471 (19 LOC) done in 1.9s - ~0.8min left in this row
    [dpy] chunk 444/471 (19 LOC) done in 1.7s - ~0.8min left in this row
    [dpy] chunk 445/471 (19 LOC) done in 1.8s - ~0.8min left in this row
    [dpy] chunk 446/471 (19 LOC) done in 1.9s - ~0.7min left in this row
    [dpy] chunk 447/471 (17 LOC) done in 1.8s - ~0.7min left in this row
    [dpy] chunk 448/471 (559 LOC) done in 1.8s - ~0.7min left in this row
    [dpy] chunk 449/471 (17 LOC) done in 1.7s - ~0.6min left in this row
    [dpy] chunk 450/471 (19 LOC) done in 1.7s - ~0.6min left in this row
    [dpy] chunk 451/471 (19 LOC) done in 1.7s - ~0.6min left in this row
    [dpy] chunk 452/471 (19 LOC) done in 1.8s - ~0.5min left in this row
    [dpy] chunk 453/471 (19 LOC) done in 1.8s - ~0.5min left in this row
    [dpy] chunk 454/471 (19 LOC) done in 1.7s - ~0.5min left in this row
    [dpy] chunk 455/471 (365 LOC) done in 1.7s - ~0.5min left in this row
    [dpy] chunk 456/471 (19 LOC) done in 1.7s - ~0.4min left in this row
    [dpy] chunk 457/471 (428 LOC) done in 1.8s - ~0.4min left in this row
    [dpy] chunk 458/471 (19 LOC) done in 1.8s - ~0.4min left in this row
    [dpy] chunk 459/471 (105 LOC) done in 1.8s - ~0.3min left in this row
    [dpy] chunk 460/471 (615 LOC) done in 1.8s - ~0.3min left in this row
    [dpy] chunk 461/471 (19 LOC) done in 1.9s - ~0.3min left in this row
    [dpy] chunk 462/471 (774 LOC) done in 1.8s - ~0.3min left in this row
    [dpy] chunk 463/471 (19 LOC) done in 1.9s - ~0.2min left in this row
    [dpy] chunk 464/471 (92 LOC) done in 1.8s - ~0.2min left in this row
    [dpy] chunk 465/471 (4599 LOC) done in 2.6s - ~0.2min left in this row
    [dpy] chunk 466/471 (182 LOC) done in 1.7s - ~0.1min left in this row
    [dpy] chunk 467/471 (17 LOC) done in 1.7s - ~0.1min left in this row
    [dpy] chunk 468/471 (328 LOC) done in 1.8s - ~0.1min left in this row
    [dpy] chunk 469/471 (1459 LOC) done in 2.0s - ~0.1min left in this row
    [dpy] chunk 470/471 (213 LOC) done in 1.8s - ~0.0min left in this row
    [dpy] chunk 471/471 (788 LOC) done in 1.9s - ~0.0min left in this row
  [ok] (62/192) airbytehq/airbyte A2 2024-10-29 @f6e76950
  [row] (63/192) starting airbytehq/airbyte A2 2024-11-05 @9a51bce6
    [dpy] WARNING: 2 chunk(s) still over 8000 LOC and can't be split further (no subdirectories) - DPy will skip CSV export for these: ['C:\\Users\\kvrlv\\AppData\\Local\\Temp\\dpy_chunks_8y17sp9e\\loose__root__airbyte-integrations__connectors__source-github__source_github__loose1', 'C:\\Users\\kvrlv\\AppData\\Local\\Temp\\dpy_chunks_8y17sp9e\\loose__root__airbyte-integrations__connectors__source-shopify__source_shopify__shopify_graphql__loose1']
    [dpy] 471 chunk(s) planned, 424315 total LOC
    [dpy] chunk 1/471 (634 LOC) done in 1.8s - ~14.2min left in this row
    [dpy] chunk 2/471 (1130 LOC) done in 1.8s - ~14.0min left in this row
    [dpy] chunk 3/471 (209 LOC) done in 1.8s - ~14.1min left in this row
    [dpy] chunk 4/471 (651 LOC) done in 1.9s - ~14.2min left in this row
    [dpy] chunk 5/471 (646 LOC) done in 1.9s - ~14.2min left in this row
    [dpy] chunk 6/471 (741 LOC) done in 1.9s - ~14.2min left in this row
    [dpy] chunk 7/471 (89 LOC) done in 1.8s - ~14.2min left in this row
    [dpy] chunk 8/471 (49 LOC) done in 1.8s - ~14.2min left in this row
    [dpy] chunk 9/471 (160 LOC) done in 1.9s - ~14.2min left in this row
    [dpy] chunk 10/471 (262 LOC) done in 1.9s - ~14.2min left in this row
    [dpy] chunk 11/471 (558 LOC) done in 2.0s - ~14.2min left in this row
    [dpy] chunk 12/471 (1377 LOC) done in 2.0s - ~14.3min left in this row
    [dpy] chunk 13/471 (648 LOC) done in 1.9s - ~14.3min left in this row
    [dpy] chunk 14/471 (113 LOC) done in 1.8s - ~14.2min left in this row
    [dpy] chunk 15/471 (1731 LOC) done in 2.2s - ~14.4min left in this row
    [dpy] chunk 16/471 (1998 LOC) done in 2.2s - ~14.5min left in this row
    [dpy] chunk 17/471 (651 LOC) done in 1.9s - ~14.5min left in this row
    [dpy] chunk 18/471 (2610 LOC) done in 2.1s - ~14.5min left in this row
    [dpy] chunk 19/471 (684 LOC) done in 1.9s - ~14.5min left in this row
    [dpy] chunk 20/471 (183 LOC) done in 1.9s - ~14.4min left in this row
    [dpy] chunk 21/471 (49 LOC) done in 1.7s - ~14.3min left in this row
    [dpy] chunk 22/471 (37 LOC) done in 1.7s - ~14.2min left in this row
    [dpy] chunk 23/471 (274 LOC) done in 1.9s - ~14.2min left in this row
    [dpy] chunk 24/471 (852 LOC) done in 2.0s - ~14.2min left in this row
    [dpy] chunk 25/471 (163 LOC) done in 1.8s - ~14.1min left in this row
    [dpy] chunk 26/471 (5032 LOC) done in 2.5s - ~14.3min left in this row
    [dpy] chunk 27/471 (136 LOC) done in 1.8s - ~14.2min left in this row
    [dpy] chunk 28/471 (5893 LOC) done in 2.4s - ~14.3min left in this row
    [dpy] chunk 29/471 (543 LOC) done in 2.0s - ~14.3min left in this row
    [dpy] chunk 30/471 (741 LOC) done in 1.9s - ~14.3min left in this row
    [dpy] chunk 31/471 (1942 LOC) done in 2.0s - ~14.2min left in this row
    [dpy] chunk 32/471 (897 LOC) done in 1.9s - ~14.2min left in this row
    [dpy] chunk 33/471 (898 LOC) done in 2.0s - ~14.2min left in this row
    [dpy] chunk 34/471 (939 LOC) done in 2.0s - ~14.2min left in this row
    [dpy] chunk 35/471 (76 LOC) done in 1.8s - ~14.1min left in this row
    [dpy] chunk 36/471 (112 LOC) done in 1.8s - ~14.0min left in this row
    [dpy] chunk 37/471 (1854 LOC) done in 2.1s - ~14.0min left in this row
    [dpy] chunk 38/471 (1622 LOC) done in 2.0s - ~14.0min left in this row
    [dpy] chunk 39/471 (172 LOC) done in 1.9s - ~14.0min left in this row
    [dpy] chunk 40/471 (493 LOC) done in 2.0s - ~14.0min left in this row
    [dpy] chunk 41/471 (994 LOC) done in 2.0s - ~14.0min left in this row
    [dpy] chunk 42/471 (142 LOC) done in 1.9s - ~13.9min left in this row
    [dpy] chunk 43/471 (71 LOC) done in 1.8s - ~13.9min left in this row
    [dpy] chunk 44/471 (199 LOC) done in 1.8s - ~13.8min left in this row
    [dpy] chunk 45/471 (175 LOC) done in 2.0s - ~13.8min left in this row
    [dpy] chunk 46/471 (742 LOC) done in 2.1s - ~13.8min left in this row
    [dpy] chunk 47/471 (2057 LOC) done in 2.2s - ~13.8min left in this row
    [dpy] chunk 48/471 (624 LOC) done in 2.0s - ~13.8min left in this row
    [dpy] chunk 49/471 (277 LOC) done in 2.1s - ~13.7min left in this row
    [dpy] chunk 50/471 (3376 LOC) done in 2.3s - ~13.8min left in this row
    [dpy] chunk 51/471 (2977 LOC) done in 2.1s - ~13.7min left in this row
    [dpy] chunk 52/471 (3040 LOC) done in 2.5s - ~13.8min left in this row
    [dpy] chunk 53/471 (765 LOC) done in 1.9s - ~13.7min left in this row
    [dpy] chunk 54/471 (105 LOC) done in 1.9s - ~13.7min left in this row
    [dpy] chunk 55/471 (36 LOC) done in 1.8s - ~13.6min left in this row
    [dpy] chunk 56/471 (3 LOC) done in 1.8s - ~13.6min left in this row
    [dpy] chunk 57/471 (3 LOC) done in 1.7s - ~13.5min left in this row
    [dpy] chunk 58/471 (238 LOC) done in 1.9s - ~13.5min left in this row
    [dpy] chunk 59/471 (2889 LOC) done in 2.1s - ~13.5min left in this row
    [dpy] chunk 60/471 (162 LOC) done in 1.9s - ~13.4min left in this row
    [dpy] chunk 61/471 (100 LOC) done in 1.8s - ~13.4min left in this row
    [dpy] chunk 62/471 (146 LOC) done in 1.7s - ~13.3min left in this row
    [dpy] chunk 63/471 (31 LOC) done in 1.9s - ~13.3min left in this row
    [dpy] chunk 64/471 (2043 LOC) done in 2.0s - ~13.3min left in this row
    [dpy] chunk 65/471 (7755 LOC) done in 2.0s - ~13.3min left in this row
    [dpy] chunk 66/471 (5977 LOC) done in 1.8s - ~13.2min left in this row
    [dpy] chunk 67/471 (50 LOC) done in 1.8s - ~13.2min left in this row
    [dpy] chunk 68/471 (1426 LOC) done in 2.0s - ~13.1min left in this row
    [dpy] chunk 69/471 (1537 LOC) done in 2.0s - ~13.1min left in this row
    [dpy] chunk 70/471 (157 LOC) done in 1.8s - ~13.1min left in this row
    [dpy] chunk 71/471 (144 LOC) done in 1.8s - ~13.0min left in this row
    [dpy] chunk 72/471 (1255 LOC) done in 1.9s - ~13.0min left in this row
    [dpy] chunk 73/471 (449 LOC) done in 1.8s - ~12.9min left in this row
    [dpy] chunk 74/471 (4579 LOC) done in 2.2s - ~12.9min left in this row
    [dpy] chunk 75/471 (2750 LOC) done in 2.1s - ~12.9min left in this row
    [dpy] chunk 76/471 (45 LOC) done in 1.7s - ~12.8min left in this row
    [dpy] chunk 77/471 (1339 LOC) done in 2.0s - ~12.8min left in this row
    [dpy] chunk 78/471 (603 LOC) done in 1.9s - ~12.8min left in this row
    [dpy] chunk 79/471 (3518 LOC) done in 2.1s - ~12.7min left in this row
    [dpy] chunk 80/471 (952 LOC) done in 1.9s - ~12.7min left in this row
    [dpy] chunk 81/471 (911 LOC) done in 2.0s - ~12.7min left in this row
    [dpy] chunk 82/471 (1296 LOC) done in 1.9s - ~12.7min left in this row
    [dpy] chunk 83/471 (254 LOC) done in 1.8s - ~12.6min left in this row
    [dpy] chunk 84/471 (1643 LOC) done in 1.9s - ~12.6min left in this row
    [dpy] chunk 85/471 (688 LOC) done in 2.0s - ~12.5min left in this row
    [dpy] chunk 86/471 (228 LOC) done in 1.8s - ~12.5min left in this row
    [dpy] chunk 87/471 (807 LOC) done in 1.9s - ~12.5min left in this row
    [dpy] chunk 88/471 (3746 LOC) done in 2.1s - ~12.4min left in this row
    [dpy] chunk 89/471 (1233 LOC) done in 1.9s - ~12.4min left in this row
    [dpy] chunk 90/471 (523 LOC) done in 1.8s - ~12.4min left in this row
    [dpy] chunk 91/471 (5774 LOC) done in 2.4s - ~12.4min left in this row
    [dpy] chunk 92/471 (5321 LOC) done in 2.2s - ~12.4min left in this row
    [dpy] chunk 93/471 (5293 LOC) done in 2.4s - ~12.3min left in this row
    [dpy] chunk 94/471 (651 LOC) done in 2.0s - ~12.3min left in this row
    [dpy] chunk 95/471 (197 LOC) done in 1.8s - ~12.3min left in this row
    [dpy] chunk 96/471 (227 LOC) done in 1.9s - ~12.2min left in this row
    [dpy] chunk 97/471 (48 LOC) done in 1.9s - ~12.2min left in this row
    [dpy] chunk 98/471 (351 LOC) done in 2.0s - ~12.2min left in this row
    [dpy] chunk 99/471 (471 LOC) done in 2.0s - ~12.1min left in this row
    [dpy] chunk 100/471 (138 LOC) done in 2.0s - ~12.1min left in this row
    [dpy] chunk 101/471 (2521 LOC) done in 2.1s - ~12.1min left in this row
    [dpy] chunk 102/471 (544 LOC) done in 1.9s - ~12.0min left in this row
    [dpy] chunk 103/471 (1151 LOC) done in 1.9s - ~12.0min left in this row
    [dpy] chunk 104/471 (192 LOC) done in 1.9s - ~12.0min left in this row
    [dpy] chunk 105/471 (1825 LOC) done in 2.0s - ~11.9min left in this row
    [dpy] chunk 106/471 (235 LOC) done in 2.0s - ~11.9min left in this row
    [dpy] chunk 107/471 (432 LOC) done in 2.0s - ~11.9min left in this row
    [dpy] chunk 108/471 (905 LOC) done in 1.9s - ~11.8min left in this row
    [dpy] chunk 109/471 (646 LOC) done in 1.8s - ~11.8min left in this row
    [dpy] chunk 110/471 (328 LOC) done in 1.8s - ~11.8min left in this row
    [dpy] chunk 111/471 (152 LOC) done in 1.8s - ~11.7min left in this row
    [dpy] chunk 112/471 (1039 LOC) done in 2.1s - ~11.7min left in this row
    [dpy] chunk 113/471 (546 LOC) done in 1.9s - ~11.7min left in this row
    [dpy] chunk 114/471 (26 LOC) done in 2.1s - ~11.6min left in this row
    [dpy] chunk 115/471 (3 LOC) done in 2.1s - ~11.6min left in this row
    [dpy] chunk 116/471 (998 LOC) done in 2.2s - ~11.6min left in this row
    [dpy] chunk 117/471 (1389 LOC) done in 2.1s - ~11.6min left in this row
    [dpy] chunk 118/471 (194 LOC) done in 1.9s - ~11.5min left in this row
    [dpy] chunk 119/471 (1896 LOC) done in 2.3s - ~11.5min left in this row
    [dpy] chunk 120/471 (1483 LOC) done in 2.1s - ~11.5min left in this row
    [dpy] chunk 121/471 (258 LOC) done in 2.1s - ~11.5min left in this row
    [dpy] chunk 122/471 (6 LOC) done in 2.1s - ~11.4min left in this row
    [dpy] chunk 123/471 (3711 LOC) done in 2.3s - ~11.4min left in this row
    [dpy] chunk 124/471 (2018 LOC) done in 2.4s - ~11.4min left in this row
    [dpy] chunk 125/471 (6507 LOC) done in 2.6s - ~11.4min left in this row
    [dpy] chunk 126/471 (1137 LOC) done in 2.1s - ~11.4min left in this row
    [dpy] chunk 127/471 (70 LOC) done in 2.0s - ~11.4min left in this row
    [dpy] chunk 128/471 (4912 LOC) done in 2.8s - ~11.4min left in this row
    [dpy] chunk 129/471 (6239 LOC) done in 2.4s - ~11.3min left in this row
    [dpy] chunk 130/471 (2382 LOC) done in 2.2s - ~11.3min left in this row
    [dpy] chunk 131/471 (16 LOC) done in 2.0s - ~11.3min left in this row
    [dpy] chunk 132/471 (467 LOC) done in 2.1s - ~11.3min left in this row
    [dpy] chunk 133/471 (691 LOC) done in 2.2s - ~11.2min left in this row
    [dpy] chunk 134/471 (2053 LOC) done in 2.2s - ~11.2min left in this row
    [dpy] chunk 135/471 (632 LOC) done in 2.2s - ~11.2min left in this row
    [dpy] chunk 136/471 (456 LOC) done in 2.2s - ~11.2min left in this row
    [dpy] chunk 137/471 (2264 LOC) done in 2.2s - ~11.1min left in this row
    [dpy] chunk 138/471 (635 LOC) done in 2.0s - ~11.1min left in this row
    [dpy] chunk 139/471 (633 LOC) done in 2.1s - ~11.1min left in this row
    [dpy] chunk 140/471 (956 LOC) done in 2.2s - ~11.0min left in this row
    [dpy] chunk 141/471 (260 LOC) done in 2.1s - ~11.0min left in this row
    [dpy] chunk 142/471 (1105 LOC) done in 4.4s - ~11.1min left in this row
    [dpy] chunk 143/471 (13 LOC) done in 2.2s - ~11.1min left in this row
    [dpy] chunk 144/471 (240 LOC) done in 3.0s - ~11.1min left in this row
    [dpy] chunk 145/471 (13 LOC) done in 2.2s - ~11.0min left in this row
    [dpy] chunk 146/471 (676 LOC) done in 2.4s - ~11.0min left in this row
    [dpy] chunk 147/471 (1453 LOC) done in 2.3s - ~11.0min left in this row
    [dpy] chunk 148/471 (2265 LOC) done in 2.4s - ~11.0min left in this row
    [dpy] chunk 149/471 (996 LOC) done in 2.1s - ~10.9min left in this row
    [dpy] chunk 150/471 (564 LOC) done in 1.8s - ~10.9min left in this row
    [dpy] chunk 151/471 (323 LOC) done in 2.0s - ~10.9min left in this row
    [dpy] chunk 152/471 (422 LOC) done in 2.0s - ~10.8min left in this row
    [dpy] chunk 153/471 (2573 LOC) done in 2.2s - ~10.8min left in this row
    [dpy] chunk 154/471 (331 LOC) done in 1.8s - ~10.7min left in this row
    [dpy] chunk 155/471 (285 LOC) done in 1.8s - ~10.7min left in this row
    [dpy] chunk 156/471 (263 LOC) done in 1.9s - ~10.7min left in this row
    [dpy] chunk 157/471 (645 LOC) done in 2.0s - ~10.6min left in this row
    [dpy] chunk 158/471 (932 LOC) done in 2.0s - ~10.6min left in this row
    [dpy] chunk 159/471 (245 LOC) done in 1.8s - ~10.6min left in this row
    [dpy] chunk 160/471 (19 LOC) done in 1.9s - ~10.5min left in this row
    [dpy] chunk 161/471 (871 LOC) done in 2.1s - ~10.5min left in this row
    [dpy] chunk 162/471 (19 LOC) done in 1.9s - ~10.5min left in this row
    [dpy] chunk 163/471 (19 LOC) done in 1.8s - ~10.4min left in this row
    [dpy] chunk 164/471 (1139 LOC) done in 2.1s - ~10.4min left in this row
    [dpy] chunk 165/471 (330 LOC) done in 1.9s - ~10.3min left in this row
    [dpy] chunk 166/471 (7027 LOC) done in 2.8s - ~10.3min left in this row
    [dpy] chunk 167/471 (5344 LOC) done in 2.4s - ~10.3min left in this row
    [dpy] chunk 168/471 (384 LOC) done in 2.1s - ~10.3min left in this row
    [dpy] chunk 169/471 (791 LOC) done in 2.1s - ~10.2min left in this row
    [dpy] chunk 170/471 (43 LOC) done in 2.0s - ~10.2min left in this row
    [dpy] chunk 171/471 (16 LOC) done in 2.0s - ~10.2min left in this row
    [dpy] chunk 172/471 (19 LOC) done in 2.0s - ~10.1min left in this row
    [dpy] chunk 173/471 (1048 LOC) done in 2.1s - ~10.1min left in this row
    [dpy] chunk 174/471 (297 LOC) done in 2.0s - ~10.1min left in this row
    [dpy] chunk 175/471 (17 LOC) done in 2.1s - ~10.0min left in this row
    [dpy] chunk 176/471 (16 LOC) done in 2.0s - ~10.0min left in this row
    [dpy] chunk 177/471 (157 LOC) done in 1.9s - ~10.0min left in this row
    [dpy] chunk 178/471 (132 LOC) done in 1.9s - ~9.9min left in this row
    [dpy] chunk 179/471 (894 LOC) done in 2.1s - ~9.9min left in this row
    [dpy] chunk 180/471 (557 LOC) done in 1.9s - ~9.9min left in this row
    [dpy] chunk 181/471 (19 LOC) done in 1.8s - ~9.8min left in this row
    [dpy] chunk 182/471 (164 LOC) done in 1.8s - ~9.8min left in this row
    [dpy] chunk 183/471 (48 LOC) done in 1.9s - ~9.7min left in this row
    [dpy] chunk 184/471 (16 LOC) done in 2.0s - ~9.7min left in this row
    [dpy] chunk 185/471 (4137 LOC) done in 2.3s - ~9.7min left in this row
    [dpy] chunk 186/471 (866 LOC) done in 1.9s - ~9.6min left in this row
    [dpy] chunk 187/471 (270 LOC) done in 2.0s - ~9.6min left in this row
    [dpy] chunk 188/471 (17 LOC) done in 1.8s - ~9.6min left in this row
    [dpy] chunk 189/471 (19 LOC) done in 1.9s - ~9.5min left in this row
    [dpy] chunk 190/471 (17 LOC) done in 1.8s - ~9.5min left in this row
    [dpy] chunk 191/471 (415 LOC) done in 1.9s - ~9.5min left in this row
    [dpy] chunk 192/471 (2873 LOC) done in 2.3s - ~9.4min left in this row
    [dpy] chunk 193/471 (19 LOC) done in 1.9s - ~9.4min left in this row
    [dpy] chunk 194/471 (17 LOC) done in 1.8s - ~9.4min left in this row
    [dpy] chunk 195/471 (17 LOC) done in 1.9s - ~9.3min left in this row
    [dpy] chunk 196/471 (16 LOC) done in 2.0s - ~9.3min left in this row
    [dpy] chunk 197/471 (19 LOC) done in 1.9s - ~9.3min left in this row
    [dpy] chunk 198/471 (19 LOC) done in 1.8s - ~9.2min left in this row
    [dpy] chunk 199/471 (873 LOC) done in 1.9s - ~9.2min left in this row
    [dpy] chunk 200/471 (16 LOC) done in 1.9s - ~9.1min left in this row
    [dpy] chunk 201/471 (19 LOC) done in 1.9s - ~9.1min left in this row
    [dpy] chunk 202/471 (17 LOC) done in 1.9s - ~9.1min left in this row
    [dpy] chunk 203/471 (19 LOC) done in 1.9s - ~9.0min left in this row
    [dpy] chunk 204/471 (19 LOC) done in 2.0s - ~9.0min left in this row
    [dpy] chunk 205/471 (414 LOC) done in 1.9s - ~9.0min left in this row
    [dpy] chunk 206/471 (110 LOC) done in 1.9s - ~8.9min left in this row
    [dpy] chunk 207/471 (19 LOC) done in 2.0s - ~8.9min left in this row
    [dpy] chunk 208/471 (19 LOC) done in 1.9s - ~8.9min left in this row
    [dpy] chunk 209/471 (19 LOC) done in 2.0s - ~8.8min left in this row
    [dpy] chunk 210/471 (665 LOC) done in 1.9s - ~8.8min left in this row
    [dpy] chunk 211/471 (17 LOC) done in 1.8s - ~8.7min left in this row
    [dpy] chunk 212/471 (19 LOC) done in 1.8s - ~8.7min left in this row
    [dpy] chunk 213/471 (19 LOC) done in 1.9s - ~8.7min left in this row
    [dpy] chunk 214/471 (17 LOC) done in 1.9s - ~8.6min left in this row
    [dpy] chunk 215/471 (16 LOC) done in 2.0s - ~8.6min left in this row
    [dpy] chunk 216/471 (258 LOC) done in 2.1s - ~8.6min left in this row
    [dpy] chunk 217/471 (16 LOC) done in 1.9s - ~8.5min left in this row
    [dpy] chunk 218/471 (19 LOC) done in 1.8s - ~8.5min left in this row
    [dpy] chunk 219/471 (19 LOC) done in 1.7s - ~8.5min left in this row
    [dpy] chunk 220/471 (19 LOC) done in 1.8s - ~8.4min left in this row
    [dpy] chunk 221/471 (16 LOC) done in 1.9s - ~8.4min left in this row
    [dpy] chunk 222/471 (16 LOC) done in 1.9s - ~8.3min left in this row
    [dpy] chunk 223/471 (17 LOC) done in 1.7s - ~8.3min left in this row
    [dpy] chunk 224/471 (19 LOC) done in 1.8s - ~8.3min left in this row
    [dpy] chunk 225/471 (17 LOC) done in 1.9s - ~8.2min left in this row
    [dpy] chunk 226/471 (85 LOC) done in 1.9s - ~8.2min left in this row
    [dpy] chunk 227/471 (3190 LOC) done in 2.1s - ~8.2min left in this row
    [dpy] chunk 228/471 (5162 LOC) done in 2.3s - ~8.1min left in this row
    [dpy] chunk 229/471 (9 LOC) done in 1.8s - ~8.1min left in this row
    [dpy] chunk 230/471 (720 LOC) done in 1.9s - ~8.1min left in this row
    [dpy] chunk 231/471 (789 LOC) done in 1.9s - ~8.0min left in this row
    [dpy] chunk 232/471 (39 LOC) done in 2.0s - ~8.0min left in this row
    [dpy] chunk 233/471 (3085 LOC) done in 2.1s - ~8.0min left in this row
    [dpy] chunk 234/471 (2055 LOC) done in 2.1s - ~7.9min left in this row
    [dpy] chunk 235/471 (392 LOC) done in 1.8s - ~7.9min left in this row
    [dpy] chunk 236/471 (925 LOC) done in 2.0s - ~7.9min left in this row
    [dpy] chunk 237/471 (19 LOC) done in 1.9s - ~7.8min left in this row
    [dpy] chunk 238/471 (19 LOC) done in 1.9s - ~7.8min left in this row
    [dpy] chunk 239/471 (68 LOC) done in 1.9s - ~7.8min left in this row
    [dpy] chunk 240/471 (761 LOC) done in 1.9s - ~7.7min left in this row
    [dpy] chunk 241/471 (25 LOC) done in 1.8s - ~7.7min left in this row
    [dpy] chunk 242/471 (19 LOC) done in 1.7s - ~7.6min left in this row
    [dpy] chunk 243/471 (19 LOC) done in 1.8s - ~7.6min left in this row
    [dpy] chunk 244/471 (19 LOC) done in 1.8s - ~7.6min left in this row
    [dpy] chunk 245/471 (1407 LOC) done in 1.9s - ~7.5min left in this row
    [dpy] chunk 246/471 (501 LOC) done in 1.9s - ~7.5min left in this row
    [dpy] chunk 247/471 (19 LOC) done in 1.8s - ~7.5min left in this row
    [dpy] chunk 248/471 (173 LOC) done in 1.9s - ~7.4min left in this row
    [dpy] chunk 249/471 (16 LOC) done in 1.8s - ~7.4min left in this row
    [dpy] chunk 250/471 (301 LOC) done in 1.8s - ~7.4min left in this row
    [dpy] chunk 251/471 (41034 LOC) done in 3.2s - ~7.3min left in this row
    [dpy] chunk 252/471 (2539 LOC) done in 1.9s - ~7.3min left in this row
    [dpy] chunk 253/471 (2553 LOC) done in 2.0s - ~7.3min left in this row
    [dpy] chunk 254/471 (8 LOC) done in 1.7s - ~7.2min left in this row
    [dpy] chunk 255/471 (698 LOC) done in 1.9s - ~7.2min left in this row
    [dpy] chunk 256/471 (19 LOC) done in 1.7s - ~7.2min left in this row
    [dpy] chunk 257/471 (46 LOC) done in 1.8s - ~7.1min left in this row
    [dpy] chunk 258/471 (19 LOC) done in 1.5s - ~7.1min left in this row
    [dpy] chunk 259/471 (19 LOC) done in 1.9s - ~7.1min left in this row
    [dpy] chunk 260/471 (19 LOC) done in 1.9s - ~7.0min left in this row
    [dpy] chunk 261/471 (5126 LOC) done in 2.2s - ~7.0min left in this row
    [dpy] chunk 262/471 (2820 LOC) done in 2.2s - ~7.0min left in this row
    [dpy] chunk 263/471 (1326 LOC) done in 2.0s - ~6.9min left in this row
    [dpy] chunk 264/471 (149 LOC) done in 1.8s - ~6.9min left in this row
    [dpy] chunk 265/471 (260 LOC) done in 2.1s - ~6.9min left in this row
    [dpy] chunk 266/471 (1077 LOC) done in 1.9s - ~6.8min left in this row
    [dpy] chunk 267/471 (17 LOC) done in 1.9s - ~6.8min left in this row
    [dpy] chunk 268/471 (1548 LOC) done in 1.9s - ~6.8min left in this row
    [dpy] chunk 269/471 (1612 LOC) done in 2.0s - ~6.7min left in this row
    [dpy] chunk 270/471 (19 LOC) done in 1.7s - ~6.7min left in this row
    [dpy] chunk 271/471 (552 LOC) done in 1.8s - ~6.7min left in this row
    [dpy] chunk 272/471 (410 LOC) done in 1.9s - ~6.6min left in this row
    [dpy] chunk 273/471 (17 LOC) done in 1.7s - ~6.6min left in this row
    [dpy] chunk 274/471 (198 LOC) done in 1.8s - ~6.5min left in this row
    [dpy] chunk 275/471 (70 LOC) done in 1.8s - ~6.5min left in this row
    [dpy] chunk 276/471 (14 LOC) done in 1.8s - ~6.5min left in this row
    [dpy] chunk 277/471 (19 LOC) done in 1.9s - ~6.4min left in this row
    [dpy] chunk 278/471 (19 LOC) done in 1.7s - ~6.4min left in this row
    [dpy] chunk 279/471 (6753 LOC) done in 2.4s - ~6.4min left in this row
    [dpy] chunk 280/471 (19 LOC) done in 1.9s - ~6.3min left in this row
    [dpy] chunk 281/471 (3291 LOC) done in 2.0s - ~6.3min left in this row
    [dpy] chunk 282/471 (254 LOC) done in 1.9s - ~6.3min left in this row
    [dpy] chunk 283/471 (553 LOC) done in 1.8s - ~6.2min left in this row
    [dpy] chunk 284/471 (19 LOC) done in 1.8s - ~6.2min left in this row
    [dpy] chunk 285/471 (19 LOC) done in 1.9s - ~6.2min left in this row
    [dpy] chunk 286/471 (1789 LOC) done in 2.0s - ~6.1min left in this row
    [dpy] chunk 287/471 (219 LOC) done in 1.8s - ~6.1min left in this row
    [dpy] chunk 288/471 (3165 LOC) done in 2.0s - ~6.1min left in this row
    [dpy] chunk 289/471 (19 LOC) done in 1.7s - ~6.0min left in this row
    [dpy] chunk 290/471 (16 LOC) done in 1.7s - ~6.0min left in this row
    [dpy] chunk 291/471 (19 LOC) done in 1.7s - ~6.0min left in this row
    [dpy] chunk 292/471 (17 LOC) done in 1.9s - ~5.9min left in this row
    [dpy] chunk 293/471 (1560 LOC) done in 1.9s - ~5.9min left in this row
    [dpy] chunk 294/471 (856 LOC) done in 1.7s - ~5.9min left in this row
    [dpy] chunk 295/471 (666 LOC) done in 2.0s - ~5.8min left in this row
    [dpy] chunk 296/471 (19 LOC) done in 1.8s - ~5.8min left in this row
    [dpy] chunk 297/471 (19 LOC) done in 1.8s - ~5.8min left in this row
    [dpy] chunk 298/471 (19 LOC) done in 1.8s - ~5.7min left in this row
    [dpy] chunk 299/471 (1638 LOC) done in 1.8s - ~5.7min left in this row
    [dpy] chunk 300/471 (16 LOC) done in 1.7s - ~5.6min left in this row
    [dpy] chunk 301/471 (945 LOC) done in 2.1s - ~5.6min left in this row
    [dpy] chunk 302/471 (17 LOC) done in 1.8s - ~5.6min left in this row
    [dpy] chunk 303/471 (129 LOC) done in 1.8s - ~5.5min left in this row
    [dpy] chunk 304/471 (442 LOC) done in 1.9s - ~5.5min left in this row
    [dpy] chunk 305/471 (19 LOC) done in 1.9s - ~5.5min left in this row
    [dpy] chunk 306/471 (19 LOC) done in 1.8s - ~5.4min left in this row
    [dpy] chunk 307/471 (16 LOC) done in 1.9s - ~5.4min left in this row
    [dpy] chunk 308/471 (19 LOC) done in 1.8s - ~5.4min left in this row
    [dpy] chunk 309/471 (19 LOC) done in 1.8s - ~5.3min left in this row
    [dpy] chunk 310/471 (1223 LOC) done in 1.9s - ~5.3min left in this row
    [dpy] chunk 311/471 (19 LOC) done in 1.7s - ~5.3min left in this row
    [dpy] chunk 312/471 (14 LOC) done in 1.7s - ~5.2min left in this row
    [dpy] chunk 313/471 (757 LOC) done in 2.0s - ~5.2min left in this row
    [dpy] chunk 314/471 (832 LOC) done in 1.8s - ~5.2min left in this row
    [dpy] chunk 315/471 (1261 LOC) done in 1.8s - ~5.1min left in this row
    [dpy] chunk 316/471 (19 LOC) done in 1.9s - ~5.1min left in this row
    [dpy] chunk 317/471 (2595 LOC) done in 1.9s - ~5.1min left in this row
    [dpy] chunk 318/471 (1561 LOC) done in 2.0s - ~5.0min left in this row
    [dpy] chunk 319/471 (16 LOC) done in 1.8s - ~5.0min left in this row
    [dpy] chunk 320/471 (16 LOC) done in 1.7s - ~5.0min left in this row
    [dpy] chunk 321/471 (104 LOC) done in 1.8s - ~4.9min left in this row
    [dpy] chunk 322/471 (225 LOC) done in 1.9s - ~4.9min left in this row
    [dpy] chunk 323/471 (19 LOC) done in 1.8s - ~4.9min left in this row
    [dpy] chunk 324/471 (19 LOC) done in 1.8s - ~4.8min left in this row
    [dpy] chunk 325/471 (631 LOC) done in 1.9s - ~4.8min left in this row
    [dpy] chunk 326/471 (19 LOC) done in 1.8s - ~4.8min left in this row
    [dpy] chunk 327/471 (17 LOC) done in 1.7s - ~4.7min left in this row
    [dpy] chunk 328/471 (1172 LOC) done in 1.9s - ~4.7min left in this row
    [dpy] chunk 329/471 (19 LOC) done in 1.8s - ~4.7min left in this row
    [dpy] chunk 330/471 (1062 LOC) done in 1.9s - ~4.6min left in this row
    [dpy] chunk 331/471 (19 LOC) done in 1.7s - ~4.6min left in this row
    [dpy] chunk 332/471 (17 LOC) done in 1.9s - ~4.6min left in this row
    [dpy] chunk 333/471 (19 LOC) done in 1.7s - ~4.5min left in this row
    [dpy] chunk 334/471 (19 LOC) done in 1.9s - ~4.5min left in this row
    [dpy] chunk 335/471 (15 LOC) done in 1.7s - ~4.5min left in this row
    [dpy] chunk 336/471 (16 LOC) done in 1.7s - ~4.4min left in this row
    [dpy] chunk 337/471 (136 LOC) done in 1.7s - ~4.4min left in this row
    [dpy] chunk 338/471 (17 LOC) done in 1.7s - ~4.4min left in this row
    [dpy] chunk 339/471 (1443 LOC) done in 1.9s - ~4.3min left in this row
    [dpy] chunk 340/471 (121 LOC) done in 1.9s - ~4.3min left in this row
    [dpy] chunk 341/471 (70 LOC) done in 1.7s - ~4.3min left in this row
    [dpy] chunk 342/471 (19 LOC) done in 1.7s - ~4.2min left in this row
    [dpy] chunk 343/471 (130 LOC) done in 1.7s - ~4.2min left in this row
    [dpy] chunk 344/471 (1336 LOC) done in 1.9s - ~4.2min left in this row
    [dpy] chunk 345/471 (17 LOC) done in 1.7s - ~4.1min left in this row
    [dpy] chunk 346/471 (19 LOC) done in 1.8s - ~4.1min left in this row
    [dpy] chunk 347/471 (19 LOC) done in 1.9s - ~4.1min left in this row
    [dpy] chunk 348/471 (19 LOC) done in 1.7s - ~4.0min left in this row
    [dpy] chunk 349/471 (1900 LOC) done in 1.8s - ~4.0min left in this row
    [dpy] chunk 350/471 (165 LOC) done in 1.9s - ~4.0min left in this row
    [dpy] chunk 351/471 (19 LOC) done in 1.7s - ~3.9min left in this row
    [dpy] chunk 352/471 (17 LOC) done in 1.8s - ~3.9min left in this row
    [dpy] chunk 353/471 (17 LOC) done in 1.8s - ~3.8min left in this row
    [dpy] chunk 354/471 (53 LOC) done in 1.8s - ~3.8min left in this row
    [dpy] chunk 355/471 (19 LOC) done in 1.7s - ~3.8min left in this row
    [dpy] chunk 356/471 (19 LOC) done in 1.8s - ~3.7min left in this row
    [dpy] chunk 357/471 (302 LOC) done in 1.7s - ~3.7min left in this row
    [dpy] chunk 358/471 (360 LOC) done in 1.8s - ~3.7min left in this row
    [dpy] chunk 359/471 (19 LOC) done in 1.7s - ~3.6min left in this row
    [dpy] chunk 360/471 (195 LOC) done in 1.7s - ~3.6min left in this row
    [dpy] chunk 361/471 (19 LOC) done in 1.6s - ~3.6min left in this row
    [dpy] chunk 362/471 (84 LOC) done in 1.7s - ~3.5min left in this row
    [dpy] chunk 363/471 (17 LOC) done in 1.6s - ~3.5min left in this row
    [dpy] chunk 364/471 (182 LOC) done in 1.6s - ~3.5min left in this row
    [dpy] chunk 365/471 (19 LOC) done in 1.6s - ~3.4min left in this row
    [dpy] chunk 366/471 (53 LOC) done in 1.6s - ~3.4min left in this row
    [dpy] chunk 367/471 (162 LOC) done in 1.6s - ~3.4min left in this row
    [dpy] chunk 368/471 (237 LOC) done in 1.7s - ~3.3min left in this row
    [dpy] chunk 369/471 (17 LOC) done in 1.6s - ~3.3min left in this row
    [dpy] chunk 370/471 (1107 LOC) done in 1.6s - ~3.3min left in this row
    [dpy] chunk 371/471 (19 LOC) done in 1.6s - ~3.2min left in this row
    [dpy] chunk 372/471 (17 LOC) done in 1.6s - ~3.2min left in this row
    [dpy] chunk 373/471 (29 LOC) done in 1.6s - ~3.2min left in this row
    [dpy] chunk 374/471 (16 LOC) done in 1.6s - ~3.1min left in this row
    [dpy] chunk 375/471 (19 LOC) done in 1.6s - ~3.1min left in this row
    [dpy] chunk 376/471 (42 LOC) done in 1.6s - ~3.1min left in this row
    [dpy] chunk 377/471 (19 LOC) done in 1.6s - ~3.0min left in this row
    [dpy] chunk 378/471 (1467 LOC) done in 1.7s - ~3.0min left in this row
    [dpy] chunk 379/471 (19 LOC) done in 1.7s - ~3.0min left in this row
    [dpy] chunk 380/471 (143 LOC) done in 1.6s - ~2.9min left in this row
    [dpy] chunk 381/471 (4091 LOC) done in 1.9s - ~2.9min left in this row
    [dpy] chunk 382/471 (7181 LOC) done in 2.2s - ~2.9min left in this row
    [dpy] chunk 383/471 (42 LOC) done in 1.8s - ~2.8min left in this row
    [dpy] chunk 384/471 (19 LOC) done in 1.8s - ~2.8min left in this row
    [dpy] chunk 385/471 (16 LOC) done in 1.6s - ~2.8min left in this row
    [dpy] chunk 386/471 (19 LOC) done in 1.8s - ~2.7min left in this row
    [dpy] chunk 387/471 (16 LOC) done in 1.8s - ~2.7min left in this row
    [dpy] chunk 388/471 (19 LOC) done in 1.7s - ~2.7min left in this row
    [dpy] chunk 389/471 (17 LOC) done in 1.7s - ~2.6min left in this row
    [dpy] chunk 390/471 (424 LOC) done in 1.7s - ~2.6min left in this row
    [dpy] chunk 391/471 (19 LOC) done in 1.7s - ~2.6min left in this row
    [dpy] chunk 392/471 (16 LOC) done in 1.7s - ~2.5min left in this row
    [dpy] chunk 393/471 (707 LOC) done in 1.8s - ~2.5min left in this row
    [dpy] chunk 394/471 (16 LOC) done in 1.8s - ~2.5min left in this row
    [dpy] chunk 395/471 (4303 LOC) done in 2.0s - ~2.4min left in this row
    [dpy] chunk 396/471 (64 LOC) done in 1.8s - ~2.4min left in this row
    [dpy] chunk 397/471 (29442 LOC) done in 3.2s - ~2.4min left in this row
    [dpy] chunk 398/471 (1251 LOC) done in 1.9s - ~2.4min left in this row
    [dpy] chunk 399/471 (1071 LOC) done in 1.9s - ~2.3min left in this row
    [dpy] chunk 400/471 (4191 LOC) done in 2.0s - ~2.3min left in this row
    [dpy] chunk 401/471 (9 LOC) done in 1.6s - ~2.3min left in this row
    [dpy] chunk 402/471 (16 LOC) done in 1.8s - ~2.2min left in this row
    [dpy] chunk 403/471 (14 LOC) done in 1.7s - ~2.2min left in this row
    [dpy] chunk 404/471 (1197 LOC) done in 1.7s - ~2.2min left in this row
    [dpy] chunk 405/471 (19 LOC) done in 1.8s - ~2.1min left in this row
    [dpy] chunk 406/471 (19 LOC) done in 1.7s - ~2.1min left in this row
    [dpy] chunk 407/471 (460 LOC) done in 1.9s - ~2.1min left in this row
    [dpy] chunk 408/471 (14 LOC) done in 1.7s - ~2.0min left in this row
    [dpy] chunk 409/471 (16 LOC) done in 1.7s - ~2.0min left in this row
    [dpy] chunk 410/471 (19 LOC) done in 1.8s - ~2.0min left in this row
    [dpy] chunk 411/471 (19 LOC) done in 1.8s - ~1.9min left in this row
    [dpy] chunk 412/471 (14 LOC) done in 1.9s - ~1.9min left in this row
    [dpy] chunk 413/471 (19 LOC) done in 1.7s - ~1.9min left in this row
    [dpy] chunk 414/471 (212 LOC) done in 1.8s - ~1.8min left in this row
    [dpy] chunk 415/471 (19 LOC) done in 1.9s - ~1.8min left in this row
    [dpy] chunk 416/471 (17 LOC) done in 1.8s - ~1.8min left in this row
    [dpy] chunk 417/471 (1579 LOC) done in 1.9s - ~1.7min left in this row
    [dpy] chunk 418/471 (6797 LOC) done in 2.5s - ~1.7min left in this row
    [dpy] chunk 419/471 (9 LOC) done in 1.7s - ~1.7min left in this row
    [dpy] chunk 420/471 (19 LOC) done in 1.8s - ~1.6min left in this row
    [dpy] chunk 421/471 (366 LOC) done in 1.7s - ~1.6min left in this row
    [dpy] chunk 422/471 (820 LOC) done in 1.8s - ~1.6min left in this row
    [dpy] chunk 423/471 (19 LOC) done in 1.8s - ~1.5min left in this row
    [dpy] chunk 424/471 (16 LOC) done in 1.8s - ~1.5min left in this row
    [dpy] chunk 425/471 (52 LOC) done in 1.8s - ~1.5min left in this row
    [dpy] chunk 426/471 (16 LOC) done in 1.7s - ~1.4min left in this row
    [dpy] chunk 427/471 (1386 LOC) done in 1.8s - ~1.4min left in this row
    [dpy] chunk 428/471 (19 LOC) done in 1.7s - ~1.4min left in this row
    [dpy] chunk 429/471 (19 LOC) done in 1.8s - ~1.3min left in this row
    [dpy] chunk 430/471 (19 LOC) done in 1.7s - ~1.3min left in this row
    [dpy] chunk 431/471 (19 LOC) done in 1.7s - ~1.3min left in this row
    [dpy] chunk 432/471 (841 LOC) done in 1.7s - ~1.2min left in this row
    [dpy] chunk 433/471 (132 LOC) done in 1.6s - ~1.2min left in this row
    [dpy] chunk 434/471 (19 LOC) done in 1.8s - ~1.2min left in this row
    [dpy] chunk 435/471 (17 LOC) done in 1.7s - ~1.2min left in this row
    [dpy] chunk 436/471 (1329 LOC) done in 1.9s - ~1.1min left in this row
    [dpy] chunk 437/471 (19 LOC) done in 1.7s - ~1.1min left in this row
    [dpy] chunk 438/471 (19 LOC) done in 1.5s - ~1.1min left in this row
    [dpy] chunk 439/471 (19 LOC) done in 1.7s - ~1.0min left in this row
    [dpy] chunk 440/471 (187 LOC) done in 1.8s - ~1.0min left in this row
    [dpy] chunk 441/471 (19 LOC) done in 1.8s - ~1.0min left in this row
    [dpy] chunk 442/471 (201 LOC) done in 1.8s - ~0.9min left in this row
    [dpy] chunk 443/471 (19 LOC) done in 1.7s - ~0.9min left in this row
    [dpy] chunk 444/471 (19 LOC) done in 1.7s - ~0.9min left in this row
    [dpy] chunk 445/471 (19 LOC) done in 1.8s - ~0.8min left in this row
    [dpy] chunk 446/471 (19 LOC) done in 1.6s - ~0.8min left in this row
    [dpy] chunk 447/471 (17 LOC) done in 1.8s - ~0.8min left in this row
    [dpy] chunk 448/471 (559 LOC) done in 1.9s - ~0.7min left in this row
    [dpy] chunk 449/471 (17 LOC) done in 1.6s - ~0.7min left in this row
    [dpy] chunk 450/471 (19 LOC) done in 1.7s - ~0.7min left in this row
    [dpy] chunk 451/471 (19 LOC) done in 1.7s - ~0.6min left in this row
    [dpy] chunk 452/471 (19 LOC) done in 1.7s - ~0.6min left in this row
    [dpy] chunk 453/471 (19 LOC) done in 1.7s - ~0.6min left in this row
    [dpy] chunk 454/471 (19 LOC) done in 1.7s - ~0.5min left in this row
    [dpy] chunk 455/471 (365 LOC) done in 1.8s - ~0.5min left in this row
    [dpy] chunk 456/471 (19 LOC) done in 1.7s - ~0.5min left in this row
    [dpy] chunk 457/471 (428 LOC) done in 1.8s - ~0.4min left in this row
    [dpy] chunk 458/471 (19 LOC) done in 1.7s - ~0.4min left in this row
    [dpy] chunk 459/471 (105 LOC) done in 1.8s - ~0.4min left in this row
    [dpy] chunk 460/471 (615 LOC) done in 1.8s - ~0.4min left in this row
    [dpy] chunk 461/471 (19 LOC) done in 1.7s - ~0.3min left in this row
    [dpy] chunk 462/471 (775 LOC) done in 1.9s - ~0.3min left in this row
    [dpy] chunk 463/471 (19 LOC) done in 1.7s - ~0.3min left in this row
    [dpy] chunk 464/471 (92 LOC) done in 1.8s - ~0.2min left in this row
    [dpy] chunk 465/471 (4599 LOC) done in 2.5s - ~0.2min left in this row
    [dpy] chunk 466/471 (69 LOC) done in 1.7s - ~0.2min left in this row
    [dpy] chunk 467/471 (17 LOC) done in 1.6s - ~0.1min left in this row
    [dpy] chunk 468/471 (328 LOC) done in 1.7s - ~0.1min left in this row
    [dpy] chunk 469/471 (1459 LOC) done in 1.8s - ~0.1min left in this row
    [dpy] chunk 470/471 (102 LOC) done in 1.8s - ~0.0min left in this row
    [dpy] chunk 471/471 (788 LOC) done in 1.8s - ~0.0min left in this row
  [ok] (63/192) airbytehq/airbyte A2 2024-11-05 @9a51bce6
  [row] (64/192) starting airbytehq/airbyte A2 2024-11-12 @31d31465
    [dpy] WARNING: 2 chunk(s) still over 8000 LOC and can't be split further (no subdirectories) - DPy will skip CSV export for these: ['C:\\Users\\kvrlv\\AppData\\Local\\Temp\\dpy_chunks_4qjchewx\\loose__root__airbyte-integrations__connectors__source-github__source_github__loose1', 'C:\\Users\\kvrlv\\AppData\\Local\\Temp\\dpy_chunks_4qjchewx\\loose__root__airbyte-integrations__connectors__source-shopify__source_shopify__shopify_graphql__loose1']
    [dpy] 472 chunk(s) planned, 424519 total LOC
    [dpy] chunk 1/472 (634 LOC) done in 1.8s - ~14.4min left in this row
    [dpy] chunk 2/472 (1131 LOC) done in 2.0s - ~14.9min left in this row
    [dpy] chunk 3/472 (209 LOC) done in 1.9s - ~14.9min left in this row
    [dpy] chunk 4/472 (660 LOC) done in 2.0s - ~15.0min left in this row
    [dpy] chunk 5/472 (646 LOC) done in 1.9s - ~15.0min left in this row
    [dpy] chunk 6/472 (741 LOC) done in 1.8s - ~14.8min left in this row
    [dpy] chunk 7/472 (89 LOC) done in 2.0s - ~14.9min left in this row
    [dpy] chunk 8/472 (49 LOC) done in 1.8s - ~14.7min left in this row
    [dpy] chunk 9/472 (160 LOC) done in 1.9s - ~14.6min left in this row
    [dpy] chunk 10/472 (262 LOC) done in 2.0s - ~14.7min left in this row
    [dpy] chunk 11/472 (558 LOC) done in 1.9s - ~14.7min left in this row
    [dpy] chunk 12/472 (1377 LOC) done in 2.0s - ~14.7min left in this row
    [dpy] chunk 13/472 (658 LOC) done in 1.8s - ~14.6min left in this row
    [dpy] chunk 14/472 (113 LOC) done in 1.9s - ~14.6min left in this row
    [dpy] chunk 15/472 (1731 LOC) done in 1.8s - ~14.5min left in this row
    [dpy] chunk 16/472 (1994 LOC) done in 2.3s - ~14.6min left in this row
    [dpy] chunk 17/472 (685 LOC) done in 1.9s - ~14.6min left in this row
    [dpy] chunk 18/472 (2610 LOC) done in 2.0s - ~14.6min left in this row
    [dpy] chunk 19/472 (684 LOC) done in 2.0s - ~14.6min left in this row
    [dpy] chunk 20/472 (183 LOC) done in 1.8s - ~14.5min left in this row
    [dpy] chunk 21/472 (49 LOC) done in 1.8s - ~14.5min left in this row
    [dpy] chunk 22/472 (37 LOC) done in 1.8s - ~14.4min left in this row
    [dpy] chunk 23/472 (274 LOC) done in 1.9s - ~14.3min left in this row
    [dpy] chunk 24/472 (855 LOC) done in 1.8s - ~14.3min left in this row
    [dpy] chunk 25/472 (163 LOC) done in 1.9s - ~14.2min left in this row
    [dpy] chunk 26/472 (4973 LOC) done in 2.4s - ~14.3min left in this row
    [dpy] chunk 27/472 (136 LOC) done in 1.8s - ~14.3min left in this row
    [dpy] chunk 28/472 (5905 LOC) done in 2.3s - ~14.3min left in this row
    [dpy] chunk 29/472 (543 LOC) done in 2.0s - ~14.3min left in this row
    [dpy] chunk 30/472 (745 LOC) done in 2.0s - ~14.3min left in this row
    [dpy] chunk 31/472 (1565 LOC) done in 1.9s - ~14.3min left in this row
    [dpy] chunk 32/472 (901 LOC) done in 1.9s - ~14.2min left in this row
    [dpy] chunk 33/472 (898 LOC) done in 2.0s - ~14.2min left in this row
    [dpy] chunk 34/472 (969 LOC) done in 1.9s - ~14.1min left in this row
    [dpy] chunk 35/472 (76 LOC) done in 1.9s - ~14.1min left in this row
    [dpy] chunk 36/472 (83 LOC) done in 1.7s - ~14.0min left in this row
    [dpy] chunk 37/472 (112 LOC) done in 1.8s - ~14.0min left in this row
    [dpy] chunk 38/472 (1854 LOC) done in 2.0s - ~14.0min left in this row
    [dpy] chunk 39/472 (1622 LOC) done in 2.0s - ~13.9min left in this row
    [dpy] chunk 40/472 (172 LOC) done in 1.8s - ~13.9min left in this row
    [dpy] chunk 41/472 (493 LOC) done in 1.8s - ~13.8min left in this row
    [dpy] chunk 42/472 (994 LOC) done in 2.0s - ~13.8min left in this row
    [dpy] chunk 43/472 (142 LOC) done in 1.9s - ~13.8min left in this row
    [dpy] chunk 44/472 (71 LOC) done in 2.0s - ~13.7min left in this row
    [dpy] chunk 45/472 (199 LOC) done in 1.9s - ~13.7min left in this row
    [dpy] chunk 46/472 (175 LOC) done in 1.9s - ~13.7min left in this row
    [dpy] chunk 47/472 (742 LOC) done in 1.9s - ~13.6min left in this row
    [dpy] chunk 48/472 (2057 LOC) done in 2.2s - ~13.7min left in this row
    [dpy] chunk 49/472 (636 LOC) done in 1.9s - ~13.6min left in this row
    [dpy] chunk 50/472 (277 LOC) done in 1.9s - ~13.6min left in this row
    [dpy] chunk 51/472 (3376 LOC) done in 2.1s - ~13.6min left in this row
    [dpy] chunk 52/472 (3158 LOC) done in 1.9s - ~13.5min left in this row
    [dpy] chunk 53/472 (3040 LOC) done in 2.4s - ~13.6min left in this row
    [dpy] chunk 54/472 (765 LOC) done in 2.0s - ~13.5min left in this row
    [dpy] chunk 55/472 (105 LOC) done in 2.0s - ~13.5min left in this row
    [dpy] chunk 56/472 (36 LOC) done in 1.9s - ~13.5min left in this row
    [dpy] chunk 57/472 (3 LOC) done in 1.9s - ~13.4min left in this row
    [dpy] chunk 58/472 (3 LOC) done in 1.8s - ~13.4min left in this row
    [dpy] chunk 59/472 (238 LOC) done in 1.9s - ~13.4min left in this row
    [dpy] chunk 60/472 (3044 LOC) done in 2.3s - ~13.4min left in this row
    [dpy] chunk 61/472 (162 LOC) done in 1.9s - ~13.3min left in this row
    [dpy] chunk 62/472 (100 LOC) done in 1.9s - ~13.3min left in this row
    [dpy] chunk 63/472 (146 LOC) done in 2.0s - ~13.2min left in this row
    [dpy] chunk 64/472 (31 LOC) done in 1.8s - ~13.2min left in this row
    [dpy] chunk 65/472 (2043 LOC) done in 2.0s - ~13.2min left in this row
    [dpy] chunk 66/472 (7755 LOC) done in 2.0s - ~13.1min left in this row
    [dpy] chunk 67/472 (5977 LOC) done in 2.3s - ~13.2min left in this row
    [dpy] chunk 68/472 (50 LOC) done in 1.8s - ~13.1min left in this row
    [dpy] chunk 69/472 (1426 LOC) done in 2.0s - ~13.1min left in this row
    [dpy] chunk 70/472 (1544 LOC) done in 1.9s - ~13.0min left in this row
    [dpy] chunk 71/472 (157 LOC) done in 1.8s - ~13.0min left in this row
    [dpy] chunk 72/472 (144 LOC) done in 1.8s - ~13.0min left in this row
    [dpy] chunk 73/472 (1255 LOC) done in 2.0s - ~12.9min left in this row
    [dpy] chunk 74/472 (449 LOC) done in 1.9s - ~12.9min left in this row
    [dpy] chunk 75/472 (4602 LOC) done in 2.2s - ~12.9min left in this row
    [dpy] chunk 76/472 (2750 LOC) done in 2.1s - ~12.9min left in this row
    [dpy] chunk 77/472 (45 LOC) done in 1.8s - ~12.8min left in this row
    [dpy] chunk 78/472 (1339 LOC) done in 2.0s - ~12.8min left in this row
    [dpy] chunk 79/472 (603 LOC) done in 1.9s - ~12.8min left in this row
    [dpy] chunk 80/472 (3518 LOC) done in 2.3s - ~12.8min left in this row
    [dpy] chunk 81/472 (952 LOC) done in 2.0s - ~12.7min left in this row
    [dpy] chunk 82/472 (911 LOC) done in 1.9s - ~12.7min left in this row
    [dpy] chunk 83/472 (1296 LOC) done in 1.8s - ~12.6min left in this row
    [dpy] chunk 84/472 (254 LOC) done in 1.7s - ~12.6min left in this row
    [dpy] chunk 85/472 (1643 LOC) done in 2.0s - ~12.6min left in this row
    [dpy] chunk 86/472 (688 LOC) done in 2.0s - ~12.5min left in this row
    [dpy] chunk 87/472 (228 LOC) done in 1.8s - ~12.5min left in this row
    [dpy] chunk 88/472 (807 LOC) done in 1.8s - ~12.4min left in this row
    [dpy] chunk 89/472 (3746 LOC) done in 2.2s - ~12.4min left in this row
    [dpy] chunk 90/472 (1233 LOC) done in 2.0s - ~12.4min left in this row
    [dpy] chunk 91/472 (523 LOC) done in 1.7s - ~12.4min left in this row
    [dpy] chunk 92/472 (5774 LOC) done in 2.4s - ~12.4min left in this row
    [dpy] chunk 93/472 (5321 LOC) done in 2.3s - ~12.3min left in this row
    [dpy] chunk 94/472 (5293 LOC) done in 2.3s - ~12.3min left in this row
    [dpy] chunk 95/472 (651 LOC) done in 1.8s - ~12.3min left in this row
    [dpy] chunk 96/472 (197 LOC) done in 1.8s - ~12.3min left in this row
    [dpy] chunk 97/472 (227 LOC) done in 1.8s - ~12.2min left in this row
    [dpy] chunk 98/472 (48 LOC) done in 2.0s - ~12.2min left in this row
    [dpy] chunk 99/472 (351 LOC) done in 1.8s - ~12.1min left in this row
    [dpy] chunk 100/472 (471 LOC) done in 2.0s - ~12.1min left in this row
    [dpy] chunk 101/472 (138 LOC) done in 1.8s - ~12.1min left in this row
    [dpy] chunk 102/472 (2528 LOC) done in 1.9s - ~12.0min left in this row
    [dpy] chunk 103/472 (544 LOC) done in 2.0s - ~12.0min left in this row
    [dpy] chunk 104/472 (1151 LOC) done in 2.0s - ~12.0min left in this row
    [dpy] chunk 105/472 (192 LOC) done in 1.9s - ~11.9min left in this row
    [dpy] chunk 106/472 (1825 LOC) done in 1.9s - ~11.9min left in this row
    [dpy] chunk 107/472 (235 LOC) done in 2.0s - ~11.9min left in this row
    [dpy] chunk 108/472 (432 LOC) done in 1.8s - ~11.8min left in this row
    [dpy] chunk 109/472 (905 LOC) done in 2.0s - ~11.8min left in this row
    [dpy] chunk 110/472 (646 LOC) done in 3.6s - ~11.9min left in this row
    [dpy] chunk 111/472 (328 LOC) done in 1.9s - ~11.8min left in this row
    [dpy] chunk 112/472 (152 LOC) done in 1.8s - ~11.8min left in this row
    [dpy] chunk 113/472 (1039 LOC) done in 2.2s - ~11.8min left in this row
    [dpy] chunk 114/472 (546 LOC) done in 1.9s - ~11.7min left in this row
    [dpy] chunk 115/472 (26 LOC) done in 1.8s - ~11.7min left in this row
    [dpy] chunk 116/472 (3 LOC) done in 1.9s - ~11.6min left in this row
    [dpy] chunk 117/472 (998 LOC) done in 1.9s - ~11.6min left in this row
    [dpy] chunk 118/472 (1389 LOC) done in 1.8s - ~11.6min left in this row
    [dpy] chunk 119/472 (194 LOC) done in 1.6s - ~11.5min left in this row
    [dpy] chunk 120/472 (1896 LOC) done in 1.8s - ~11.5min left in this row
    [dpy] chunk 121/472 (1483 LOC) done in 1.7s - ~11.4min left in this row
    [dpy] chunk 122/472 (258 LOC) done in 1.7s - ~11.4min left in this row
    [dpy] chunk 123/472 (6 LOC) done in 1.6s - ~11.3min left in this row
    [dpy] chunk 124/472 (3715 LOC) done in 2.0s - ~11.3min left in this row
    [dpy] chunk 125/472 (2018 LOC) done in 1.9s - ~11.3min left in this row
    [dpy] chunk 126/472 (6507 LOC) done in 2.1s - ~11.2min left in this row
    [dpy] chunk 127/472 (1137 LOC) done in 1.8s - ~11.2min left in this row
    [dpy] chunk 128/472 (70 LOC) done in 1.5s - ~11.1min left in this row
    [dpy] chunk 129/472 (4912 LOC) done in 2.1s - ~11.1min left in this row
    [dpy] chunk 130/472 (6239 LOC) done in 2.1s - ~11.1min left in this row
    [dpy] chunk 131/472 (2382 LOC) done in 1.9s - ~11.1min left in this row
    [dpy] chunk 132/472 (16 LOC) done in 1.5s - ~11.0min left in this row
    [dpy] chunk 133/472 (467 LOC) done in 1.8s - ~11.0min left in this row
    [dpy] chunk 134/472 (691 LOC) done in 1.7s - ~10.9min left in this row
    [dpy] chunk 135/472 (2053 LOC) done in 1.8s - ~10.9min left in this row
    [dpy] chunk 136/472 (632 LOC) done in 1.8s - ~10.9min left in this row
    [dpy] chunk 137/472 (456 LOC) done in 1.9s - ~10.8min left in this row
    [dpy] chunk 138/472 (2264 LOC) done in 2.0s - ~10.8min left in this row
    [dpy] chunk 139/472 (635 LOC) done in 1.7s - ~10.8min left in this row
    [dpy] chunk 140/472 (633 LOC) done in 1.7s - ~10.7min left in this row
    [dpy] chunk 141/472 (956 LOC) done in 1.8s - ~10.7min left in this row
    [dpy] chunk 142/472 (260 LOC) done in 1.7s - ~10.6min left in this row
    [dpy] chunk 143/472 (1105 LOC) done in 1.8s - ~10.6min left in this row
    [dpy] chunk 144/472 (13 LOC) done in 1.7s - ~10.6min left in this row
    [dpy] chunk 145/472 (240 LOC) done in 1.7s - ~10.5min left in this row
    [dpy] chunk 146/472 (13 LOC) done in 1.6s - ~10.5min left in this row
    [dpy] chunk 147/472 (676 LOC) done in 1.8s - ~10.4min left in this row
    [dpy] chunk 148/472 (1453 LOC) done in 1.8s - ~10.4min left in this row
    [dpy] chunk 149/472 (2265 LOC) done in 1.9s - ~10.4min left in this row
    [dpy] chunk 150/472 (996 LOC) done in 2.0s - ~10.3min left in this row
    [dpy] chunk 151/472 (564 LOC) done in 1.8s - ~10.3min left in this row
    [dpy] chunk 152/472 (323 LOC) done in 1.8s - ~10.3min left in this row
    [dpy] chunk 153/472 (422 LOC) done in 1.7s - ~10.2min left in this row
    [dpy] chunk 154/472 (2573 LOC) done in 2.1s - ~10.2min left in this row
    [dpy] chunk 155/472 (331 LOC) done in 1.7s - ~10.2min left in this row
    [dpy] chunk 156/472 (285 LOC) done in 1.8s - ~10.1min left in this row
    [dpy] chunk 157/472 (263 LOC) done in 1.7s - ~10.1min left in this row
    [dpy] chunk 158/472 (645 LOC) done in 1.8s - ~10.0min left in this row
    [dpy] chunk 159/472 (932 LOC) done in 1.8s - ~10.0min left in this row
    [dpy] chunk 160/472 (245 LOC) done in 1.7s - ~10.0min left in this row
    [dpy] chunk 161/472 (19 LOC) done in 1.6s - ~9.9min left in this row
    [dpy] chunk 162/472 (871 LOC) done in 1.7s - ~9.9min left in this row
    [dpy] chunk 163/472 (19 LOC) done in 1.8s - ~9.9min left in this row
    [dpy] chunk 164/472 (19 LOC) done in 1.7s - ~9.8min left in this row
    [dpy] chunk 165/472 (1139 LOC) done in 1.7s - ~9.8min left in this row
    [dpy] chunk 166/472 (330 LOC) done in 1.7s - ~9.7min left in this row
    [dpy] chunk 167/472 (7028 LOC) done in 2.3s - ~9.7min left in this row
    [dpy] chunk 168/472 (5344 LOC) done in 2.4s - ~9.7min left in this row
    [dpy] chunk 169/472 (384 LOC) done in 1.7s - ~9.7min left in this row
    [dpy] chunk 170/472 (791 LOC) done in 1.8s - ~9.6min left in this row
    [dpy] chunk 171/472 (43 LOC) done in 1.7s - ~9.6min left in this row
    [dpy] chunk 172/472 (16 LOC) done in 1.8s - ~9.6min left in this row
    [dpy] chunk 173/472 (19 LOC) done in 1.7s - ~9.5min left in this row
    [dpy] chunk 174/472 (1048 LOC) done in 1.8s - ~9.5min left in this row
    [dpy] chunk 175/472 (297 LOC) done in 1.7s - ~9.5min left in this row
    [dpy] chunk 176/472 (17 LOC) done in 1.8s - ~9.4min left in this row
    [dpy] chunk 177/472 (16 LOC) done in 1.7s - ~9.4min left in this row
    [dpy] chunk 178/472 (157 LOC) done in 1.7s - ~9.3min left in this row
    [dpy] chunk 179/472 (132 LOC) done in 1.6s - ~9.3min left in this row
    [dpy] chunk 180/472 (894 LOC) done in 1.8s - ~9.3min left in this row
    [dpy] chunk 181/472 (557 LOC) done in 1.6s - ~9.2min left in this row
    [dpy] chunk 182/472 (19 LOC) done in 1.7s - ~9.2min left in this row
    [dpy] chunk 183/472 (164 LOC) done in 1.6s - ~9.2min left in this row
    [dpy] chunk 184/472 (48 LOC) done in 1.7s - ~9.1min left in this row
    [dpy] chunk 185/472 (16 LOC) done in 1.7s - ~9.1min left in this row
    [dpy] chunk 186/472 (4137 LOC) done in 1.9s - ~9.0min left in this row
    [dpy] chunk 187/472 (866 LOC) done in 1.7s - ~9.0min left in this row
    [dpy] chunk 188/472 (270 LOC) done in 1.8s - ~9.0min left in this row
    [dpy] chunk 189/472 (17 LOC) done in 1.7s - ~8.9min left in this row
    [dpy] chunk 190/472 (19 LOC) done in 1.6s - ~8.9min left in this row
    [dpy] chunk 191/472 (17 LOC) done in 1.6s - ~8.9min left in this row
    [dpy] chunk 192/472 (415 LOC) done in 1.7s - ~8.8min left in this row
    [dpy] chunk 193/472 (2873 LOC) done in 2.1s - ~8.8min left in this row
    [dpy] chunk 194/472 (19 LOC) done in 1.7s - ~8.8min left in this row
    [dpy] chunk 195/472 (17 LOC) done in 1.7s - ~8.7min left in this row
    [dpy] chunk 196/472 (17 LOC) done in 1.7s - ~8.7min left in this row
    [dpy] chunk 197/472 (16 LOC) done in 1.7s - ~8.7min left in this row
    [dpy] chunk 198/472 (19 LOC) done in 1.6s - ~8.6min left in this row
    [dpy] chunk 199/472 (19 LOC) done in 1.7s - ~8.6min left in this row
    [dpy] chunk 200/472 (873 LOC) done in 1.8s - ~8.5min left in this row
    [dpy] chunk 201/472 (16 LOC) done in 1.7s - ~8.5min left in this row
    [dpy] chunk 202/472 (19 LOC) done in 1.8s - ~8.5min left in this row
    [dpy] chunk 203/472 (17 LOC) done in 1.7s - ~8.4min left in this row
    [dpy] chunk 204/472 (19 LOC) done in 1.6s - ~8.4min left in this row
    [dpy] chunk 205/472 (19 LOC) done in 1.8s - ~8.4min left in this row
    [dpy] chunk 206/472 (414 LOC) done in 1.8s - ~8.3min left in this row
    [dpy] chunk 207/472 (110 LOC) done in 1.7s - ~8.3min left in this row
    [dpy] chunk 208/472 (19 LOC) done in 1.7s - ~8.3min left in this row
    [dpy] chunk 209/472 (19 LOC) done in 1.7s - ~8.2min left in this row
    [dpy] chunk 210/472 (19 LOC) done in 1.7s - ~8.2min left in this row
    [dpy] chunk 211/472 (665 LOC) done in 1.7s - ~8.2min left in this row
    [dpy] chunk 212/472 (17 LOC) done in 1.8s - ~8.1min left in this row
    [dpy] chunk 213/472 (19 LOC) done in 1.9s - ~8.1min left in this row
    [dpy] chunk 214/472 (19 LOC) done in 1.6s - ~8.1min left in this row
    [dpy] chunk 215/472 (17 LOC) done in 1.5s - ~8.0min left in this row
    [dpy] chunk 216/472 (16 LOC) done in 1.7s - ~8.0min left in this row
    [dpy] chunk 217/472 (293 LOC) done in 1.8s - ~8.0min left in this row
    [dpy] chunk 218/472 (16 LOC) done in 1.7s - ~7.9min left in this row
    [dpy] chunk 219/472 (19 LOC) done in 1.6s - ~7.9min left in this row
    [dpy] chunk 220/472 (19 LOC) done in 1.6s - ~7.8min left in this row
    [dpy] chunk 221/472 (19 LOC) done in 1.7s - ~7.8min left in this row
    [dpy] chunk 222/472 (16 LOC) done in 1.8s - ~7.8min left in this row
    [dpy] chunk 223/472 (16 LOC) done in 1.7s - ~7.7min left in this row
    [dpy] chunk 224/472 (17 LOC) done in 1.8s - ~7.7min left in this row
    [dpy] chunk 225/472 (19 LOC) done in 1.7s - ~7.7min left in this row
    [dpy] chunk 226/472 (17 LOC) done in 1.8s - ~7.6min left in this row
    [dpy] chunk 227/472 (85 LOC) done in 1.7s - ~7.6min left in this row
    [dpy] chunk 228/472 (3190 LOC) done in 2.0s - ~7.6min left in this row
    [dpy] chunk 229/472 (5162 LOC) done in 2.2s - ~7.6min left in this row
    [dpy] chunk 230/472 (9 LOC) done in 1.6s - ~7.5min left in this row
    [dpy] chunk 231/472 (720 LOC) done in 1.7s - ~7.5min left in this row
    [dpy] chunk 232/472 (789 LOC) done in 1.7s - ~7.5min left in this row
    [dpy] chunk 233/472 (39 LOC) done in 1.9s - ~7.4min left in this row
    [dpy] chunk 234/472 (3085 LOC) done in 2.0s - ~7.4min left in this row
    [dpy] chunk 235/472 (2055 LOC) done in 1.9s - ~7.4min left in this row
    [dpy] chunk 236/472 (392 LOC) done in 1.8s - ~7.3min left in this row
    [dpy] chunk 237/472 (925 LOC) done in 1.8s - ~7.3min left in this row
    [dpy] chunk 238/472 (19 LOC) done in 1.8s - ~7.3min left in this row
    [dpy] chunk 239/472 (19 LOC) done in 1.8s - ~7.2min left in this row
    [dpy] chunk 240/472 (68 LOC) done in 1.6s - ~7.2min left in this row
    [dpy] chunk 241/472 (761 LOC) done in 1.9s - ~7.2min left in this row
    [dpy] chunk 242/472 (25 LOC) done in 1.8s - ~7.1min left in this row
    [dpy] chunk 243/472 (19 LOC) done in 1.7s - ~7.1min left in this row
    [dpy] chunk 244/472 (19 LOC) done in 1.6s - ~7.1min left in this row
    [dpy] chunk 245/472 (19 LOC) done in 1.7s - ~7.0min left in this row
    [dpy] chunk 246/472 (1407 LOC) done in 1.9s - ~7.0min left in this row
    [dpy] chunk 247/472 (501 LOC) done in 1.6s - ~7.0min left in this row
    [dpy] chunk 248/472 (19 LOC) done in 1.7s - ~6.9min left in this row
    [dpy] chunk 249/472 (173 LOC) done in 1.7s - ~6.9min left in this row
    [dpy] chunk 250/472 (16 LOC) done in 1.7s - ~6.9min left in this row
    [dpy] chunk 251/472 (301 LOC) done in 1.7s - ~6.8min left in this row
    [dpy] chunk 252/472 (41034 LOC) done in 3.1s - ~6.8min left in this row
    [dpy] chunk 253/472 (2539 LOC) done in 2.1s - ~6.8min left in this row
    [dpy] chunk 254/472 (2553 LOC) done in 1.9s - ~6.8min left in this row
    [dpy] chunk 255/472 (8 LOC) done in 1.7s - ~6.7min left in this row
    [dpy] chunk 256/472 (698 LOC) done in 1.9s - ~6.7min left in this row
    [dpy] chunk 257/472 (19 LOC) done in 1.7s - ~6.7min left in this row
    [dpy] chunk 258/472 (46 LOC) done in 1.8s - ~6.6min left in this row
    [dpy] chunk 259/472 (19 LOC) done in 1.6s - ~6.6min left in this row
    [dpy] chunk 260/472 (19 LOC) done in 1.9s - ~6.6min left in this row
    [dpy] chunk 261/472 (19 LOC) done in 1.8s - ~6.5min left in this row
    [dpy] chunk 262/472 (5126 LOC) done in 2.1s - ~6.5min left in this row
    [dpy] chunk 263/472 (2820 LOC) done in 2.1s - ~6.5min left in this row
    [dpy] chunk 264/472 (1326 LOC) done in 1.8s - ~6.5min left in this row
    [dpy] chunk 265/472 (149 LOC) done in 1.5s - ~6.4min left in this row
    [dpy] chunk 266/472 (260 LOC) done in 1.6s - ~6.4min left in this row
    [dpy] chunk 267/472 (1077 LOC) done in 1.8s - ~6.4min left in this row
    [dpy] chunk 268/472 (17 LOC) done in 1.6s - ~6.3min left in this row
    [dpy] chunk 269/472 (1548 LOC) done in 1.6s - ~6.3min left in this row
    [dpy] chunk 270/472 (1612 LOC) done in 1.8s - ~6.3min left in this row
    [dpy] chunk 271/472 (19 LOC) done in 1.7s - ~6.2min left in this row
    [dpy] chunk 272/472 (552 LOC) done in 1.8s - ~6.2min left in this row
    [dpy] chunk 273/472 (410 LOC) done in 1.6s - ~6.2min left in this row
    [dpy] chunk 274/472 (17 LOC) done in 1.7s - ~6.1min left in this row
    [dpy] chunk 275/472 (198 LOC) done in 1.8s - ~6.1min left in this row
    [dpy] chunk 276/472 (70 LOC) done in 1.7s - ~6.1min left in this row
    [dpy] chunk 277/472 (14 LOC) done in 1.8s - ~6.0min left in this row
    [dpy] chunk 278/472 (19 LOC) done in 1.7s - ~6.0min left in this row
    [dpy] chunk 279/472 (19 LOC) done in 1.7s - ~6.0min left in this row
    [dpy] chunk 280/472 (6753 LOC) done in 2.6s - ~5.9min left in this row
    [dpy] chunk 281/472 (19 LOC) done in 1.7s - ~5.9min left in this row
    [dpy] chunk 282/472 (3291 LOC) done in 1.9s - ~5.9min left in this row
    [dpy] chunk 283/472 (254 LOC) done in 1.8s - ~5.8min left in this row
    [dpy] chunk 284/472 (553 LOC) done in 1.8s - ~5.8min left in this row
    [dpy] chunk 285/472 (19 LOC) done in 1.8s - ~5.8min left in this row
    [dpy] chunk 286/472 (19 LOC) done in 1.8s - ~5.8min left in this row
    [dpy] chunk 287/472 (1789 LOC) done in 1.9s - ~5.7min left in this row
    [dpy] chunk 288/472 (219 LOC) done in 1.8s - ~5.7min left in this row
    [dpy] chunk 289/472 (3165 LOC) done in 2.1s - ~5.7min left in this row
    [dpy] chunk 290/472 (19 LOC) done in 1.9s - ~5.6min left in this row
    [dpy] chunk 291/472 (16 LOC) done in 1.9s - ~5.6min left in this row
    [dpy] chunk 292/472 (19 LOC) done in 1.7s - ~5.6min left in this row
    [dpy] chunk 293/472 (17 LOC) done in 1.8s - ~5.5min left in this row
    [dpy] chunk 294/472 (1499 LOC) done in 1.9s - ~5.5min left in this row
    [dpy] chunk 295/472 (856 LOC) done in 1.8s - ~5.5min left in this row
    [dpy] chunk 296/472 (666 LOC) done in 1.8s - ~5.4min left in this row
    [dpy] chunk 297/472 (19 LOC) done in 1.7s - ~5.4min left in this row
    [dpy] chunk 298/472 (19 LOC) done in 1.7s - ~5.4min left in this row
    [dpy] chunk 299/472 (19 LOC) done in 1.8s - ~5.3min left in this row
    [dpy] chunk 300/472 (1638 LOC) done in 1.9s - ~5.3min left in this row
    [dpy] chunk 301/472 (16 LOC) done in 1.8s - ~5.3min left in this row
    [dpy] chunk 302/472 (945 LOC) done in 1.8s - ~5.3min left in this row
    [dpy] chunk 303/472 (17 LOC) done in 1.6s - ~5.2min left in this row
    [dpy] chunk 304/472 (129 LOC) done in 1.7s - ~5.2min left in this row
    [dpy] chunk 305/472 (442 LOC) done in 1.7s - ~5.2min left in this row
    [dpy] chunk 306/472 (19 LOC) done in 1.7s - ~5.1min left in this row
    [dpy] chunk 307/472 (19 LOC) done in 1.7s - ~5.1min left in this row
    [dpy] chunk 308/472 (16 LOC) done in 1.7s - ~5.1min left in this row
    [dpy] chunk 309/472 (19 LOC) done in 1.7s - ~5.0min left in this row
    [dpy] chunk 310/472 (19 LOC) done in 1.5s - ~5.0min left in this row
    [dpy] chunk 311/472 (1223 LOC) done in 1.8s - ~5.0min left in this row
    [dpy] chunk 312/472 (19 LOC) done in 1.7s - ~4.9min left in this row
    [dpy] chunk 313/472 (14 LOC) done in 1.8s - ~4.9min left in this row
    [dpy] chunk 314/472 (757 LOC) done in 1.8s - ~4.9min left in this row
    [dpy] chunk 315/472 (832 LOC) done in 1.8s - ~4.8min left in this row
    [dpy] chunk 316/472 (1261 LOC) done in 1.9s - ~4.8min left in this row
    [dpy] chunk 317/472 (19 LOC) done in 1.7s - ~4.8min left in this row
    [dpy] chunk 318/472 (2595 LOC) done in 2.0s - ~4.7min left in this row
    [dpy] chunk 319/472 (1561 LOC) done in 2.0s - ~4.7min left in this row
    [dpy] chunk 320/472 (16 LOC) done in 1.8s - ~4.7min left in this row
    [dpy] chunk 321/472 (16 LOC) done in 1.7s - ~4.7min left in this row
    [dpy] chunk 322/472 (104 LOC) done in 1.6s - ~4.6min left in this row
    [dpy] chunk 323/472 (225 LOC) done in 1.6s - ~4.6min left in this row
    [dpy] chunk 324/472 (19 LOC) done in 1.8s - ~4.6min left in this row
    [dpy] chunk 325/472 (19 LOC) done in 1.7s - ~4.5min left in this row
    [dpy] chunk 326/472 (631 LOC) done in 1.8s - ~4.5min left in this row
    [dpy] chunk 327/472 (19 LOC) done in 2.7s - ~4.5min left in this row
    [dpy] chunk 328/472 (17 LOC) done in 1.7s - ~4.4min left in this row
    [dpy] chunk 329/472 (1172 LOC) done in 1.9s - ~4.4min left in this row
    [dpy] chunk 330/472 (19 LOC) done in 1.7s - ~4.4min left in this row
    [dpy] chunk 331/472 (1062 LOC) done in 1.9s - ~4.3min left in this row
    [dpy] chunk 332/472 (19 LOC) done in 1.8s - ~4.3min left in this row
    [dpy] chunk 333/472 (17 LOC) done in 1.6s - ~4.3min left in this row
    [dpy] chunk 334/472 (19 LOC) done in 1.5s - ~4.2min left in this row
    [dpy] chunk 335/472 (19 LOC) done in 1.7s - ~4.2min left in this row
    [dpy] chunk 336/472 (15 LOC) done in 1.8s - ~4.2min left in this row
    [dpy] chunk 337/472 (16 LOC) done in 1.8s - ~4.2min left in this row
    [dpy] chunk 338/472 (136 LOC) done in 1.8s - ~4.1min left in this row
    [dpy] chunk 339/472 (17 LOC) done in 1.7s - ~4.1min left in this row
    [dpy] chunk 340/472 (1443 LOC) done in 1.9s - ~4.1min left in this row
    [dpy] chunk 341/472 (121 LOC) done in 1.8s - ~4.0min left in this row
    [dpy] chunk 342/472 (70 LOC) done in 1.7s - ~4.0min left in this row
    [dpy] chunk 343/472 (19 LOC) done in 1.6s - ~4.0min left in this row
    [dpy] chunk 344/472 (130 LOC) done in 1.7s - ~3.9min left in this row
    [dpy] chunk 345/472 (1336 LOC) done in 1.8s - ~3.9min left in this row
    [dpy] chunk 346/472 (17 LOC) done in 1.7s - ~3.9min left in this row
    [dpy] chunk 347/472 (19 LOC) done in 1.7s - ~3.8min left in this row
    [dpy] chunk 348/472 (19 LOC) done in 1.7s - ~3.8min left in this row
    [dpy] chunk 349/472 (19 LOC) done in 1.8s - ~3.8min left in this row
    [dpy] chunk 350/472 (1900 LOC) done in 1.9s - ~3.7min left in this row
    [dpy] chunk 351/472 (165 LOC) done in 1.7s - ~3.7min left in this row
    [dpy] chunk 352/472 (19 LOC) done in 1.5s - ~3.7min left in this row
    [dpy] chunk 353/472 (17 LOC) done in 1.7s - ~3.7min left in this row
    [dpy] chunk 354/472 (17 LOC) done in 1.7s - ~3.6min left in this row
    [dpy] chunk 355/472 (53 LOC) done in 1.7s - ~3.6min left in this row
    [dpy] chunk 356/472 (19 LOC) done in 1.8s - ~3.6min left in this row
    [dpy] chunk 357/472 (19 LOC) done in 1.7s - ~3.5min left in this row
    [dpy] chunk 358/472 (302 LOC) done in 1.7s - ~3.5min left in this row
    [dpy] chunk 359/472 (360 LOC) done in 1.8s - ~3.5min left in this row
    [dpy] chunk 360/472 (19 LOC) done in 1.5s - ~3.4min left in this row
    [dpy] chunk 361/472 (195 LOC) done in 1.7s - ~3.4min left in this row
    [dpy] chunk 362/472 (19 LOC) done in 1.8s - ~3.4min left in this row
    [dpy] chunk 363/472 (84 LOC) done in 1.7s - ~3.3min left in this row
    [dpy] chunk 364/472 (17 LOC) done in 1.8s - ~3.3min left in this row
    [dpy] chunk 365/472 (182 LOC) done in 1.8s - ~3.3min left in this row
    [dpy] chunk 366/472 (19 LOC) done in 1.6s - ~3.2min left in this row
    [dpy] chunk 367/472 (53 LOC) done in 1.9s - ~3.2min left in this row
    [dpy] chunk 368/472 (162 LOC) done in 1.7s - ~3.2min left in this row
    [dpy] chunk 369/472 (237 LOC) done in 1.7s - ~3.2min left in this row
    [dpy] chunk 370/472 (17 LOC) done in 1.8s - ~3.1min left in this row
    [dpy] chunk 371/472 (1107 LOC) done in 1.8s - ~3.1min left in this row
    [dpy] chunk 372/472 (19 LOC) done in 1.7s - ~3.1min left in this row
    [dpy] chunk 373/472 (17 LOC) done in 1.8s - ~3.0min left in this row
    [dpy] chunk 374/472 (29 LOC) done in 1.8s - ~3.0min left in this row
    [dpy] chunk 375/472 (16 LOC) done in 1.7s - ~3.0min left in this row
    [dpy] chunk 376/472 (19 LOC) done in 1.7s - ~2.9min left in this row
    [dpy] chunk 377/472 (42 LOC) done in 1.7s - ~2.9min left in this row
    [dpy] chunk 378/472 (19 LOC) done in 1.5s - ~2.9min left in this row
    [dpy] chunk 379/472 (1467 LOC) done in 2.0s - ~2.8min left in this row
    [dpy] chunk 380/472 (19 LOC) done in 1.7s - ~2.8min left in this row
    [dpy] chunk 381/472 (143 LOC) done in 1.8s - ~2.8min left in this row
    [dpy] chunk 382/472 (4213 LOC) done in 2.0s - ~2.8min left in this row
    [dpy] chunk 383/472 (7181 LOC) done in 2.2s - ~2.7min left in this row
    [dpy] chunk 384/472 (42 LOC) done in 1.7s - ~2.7min left in this row
    [dpy] chunk 385/472 (19 LOC) done in 1.6s - ~2.7min left in this row
    [dpy] chunk 386/472 (16 LOC) done in 1.7s - ~2.6min left in this row
    [dpy] chunk 387/472 (19 LOC) done in 1.8s - ~2.6min left in this row
    [dpy] chunk 388/472 (16 LOC) done in 1.6s - ~2.6min left in this row
    [dpy] chunk 389/472 (19 LOC) done in 1.7s - ~2.5min left in this row
    [dpy] chunk 390/472 (17 LOC) done in 1.7s - ~2.5min left in this row
    [dpy] chunk 391/472 (424 LOC) done in 1.7s - ~2.5min left in this row
    [dpy] chunk 392/472 (19 LOC) done in 1.7s - ~2.4min left in this row
    [dpy] chunk 393/472 (16 LOC) done in 1.5s - ~2.4min left in this row
    [dpy] chunk 394/472 (707 LOC) done in 1.7s - ~2.4min left in this row
    [dpy] chunk 395/472 (16 LOC) done in 1.6s - ~2.3min left in this row
    [dpy] chunk 396/472 (4318 LOC) done in 1.9s - ~2.3min left in this row
    [dpy] chunk 397/472 (64 LOC) done in 1.6s - ~2.3min left in this row
    [dpy] chunk 398/472 (29442 LOC) done in 3.1s - ~2.3min left in this row
    [dpy] chunk 399/472 (1251 LOC) done in 1.8s - ~2.2min left in this row
    [dpy] chunk 400/472 (1071 LOC) done in 1.7s - ~2.2min left in this row
    [dpy] chunk 401/472 (4195 LOC) done in 1.9s - ~2.2min left in this row
    [dpy] chunk 402/472 (9 LOC) done in 1.7s - ~2.1min left in this row
    [dpy] chunk 403/472 (16 LOC) done in 1.6s - ~2.1min left in this row
    [dpy] chunk 404/472 (14 LOC) done in 1.5s - ~2.1min left in this row
    [dpy] chunk 405/472 (1197 LOC) done in 1.7s - ~2.0min left in this row
    [dpy] chunk 406/472 (19 LOC) done in 1.7s - ~2.0min left in this row
    [dpy] chunk 407/472 (19 LOC) done in 1.7s - ~2.0min left in this row
    [dpy] chunk 408/472 (460 LOC) done in 1.6s - ~2.0min left in this row
    [dpy] chunk 409/472 (14 LOC) done in 1.4s - ~1.9min left in this row
    [dpy] chunk 410/472 (16 LOC) done in 1.7s - ~1.9min left in this row
    [dpy] chunk 411/472 (19 LOC) done in 1.7s - ~1.9min left in this row
    [dpy] chunk 412/472 (19 LOC) done in 1.8s - ~1.8min left in this row
    [dpy] chunk 413/472 (14 LOC) done in 1.7s - ~1.8min left in this row
    [dpy] chunk 414/472 (19 LOC) done in 1.8s - ~1.8min left in this row
    [dpy] chunk 415/472 (212 LOC) done in 1.7s - ~1.7min left in this row
    [dpy] chunk 416/472 (19 LOC) done in 1.8s - ~1.7min left in this row
    [dpy] chunk 417/472 (17 LOC) done in 1.5s - ~1.7min left in this row
    [dpy] chunk 418/472 (1579 LOC) done in 2.0s - ~1.6min left in this row
    [dpy] chunk 419/472 (6797 LOC) done in 2.3s - ~1.6min left in this row
    [dpy] chunk 420/472 (9 LOC) done in 1.7s - ~1.6min left in this row
    [dpy] chunk 421/472 (19 LOC) done in 1.7s - ~1.6min left in this row
    [dpy] chunk 422/472 (366 LOC) done in 1.8s - ~1.5min left in this row
    [dpy] chunk 423/472 (820 LOC) done in 1.8s - ~1.5min left in this row
    [dpy] chunk 424/472 (19 LOC) done in 1.8s - ~1.5min left in this row
    [dpy] chunk 425/472 (16 LOC) done in 1.6s - ~1.4min left in this row
    [dpy] chunk 426/472 (52 LOC) done in 1.7s - ~1.4min left in this row
    [dpy] chunk 427/472 (16 LOC) done in 1.7s - ~1.4min left in this row
    [dpy] chunk 428/472 (1386 LOC) done in 1.8s - ~1.3min left in this row
    [dpy] chunk 429/472 (19 LOC) done in 1.7s - ~1.3min left in this row
    [dpy] chunk 430/472 (19 LOC) done in 1.6s - ~1.3min left in this row
    [dpy] chunk 431/472 (19 LOC) done in 1.7s - ~1.2min left in this row
    [dpy] chunk 432/472 (19 LOC) done in 1.7s - ~1.2min left in this row
    [dpy] chunk 433/472 (841 LOC) done in 1.6s - ~1.2min left in this row
    [dpy] chunk 434/472 (132 LOC) done in 1.8s - ~1.2min left in this row
    [dpy] chunk 435/472 (19 LOC) done in 1.5s - ~1.1min left in this row
    [dpy] chunk 436/472 (17 LOC) done in 1.7s - ~1.1min left in this row
    [dpy] chunk 437/472 (1329 LOC) done in 1.8s - ~1.1min left in this row
    [dpy] chunk 438/472 (19 LOC) done in 1.8s - ~1.0min left in this row
    [dpy] chunk 439/472 (19 LOC) done in 1.8s - ~1.0min left in this row
    [dpy] chunk 440/472 (19 LOC) done in 1.8s - ~1.0min left in this row
    [dpy] chunk 441/472 (187 LOC) done in 1.7s - ~0.9min left in this row
    [dpy] chunk 442/472 (19 LOC) done in 1.8s - ~0.9min left in this row
    [dpy] chunk 443/472 (201 LOC) done in 1.7s - ~0.9min left in this row
    [dpy] chunk 444/472 (19 LOC) done in 1.7s - ~0.9min left in this row
    [dpy] chunk 445/472 (19 LOC) done in 1.7s - ~0.8min left in this row
    [dpy] chunk 446/472 (19 LOC) done in 1.7s - ~0.8min left in this row
    [dpy] chunk 447/472 (19 LOC) done in 1.7s - ~0.8min left in this row
    [dpy] chunk 448/472 (17 LOC) done in 1.7s - ~0.7min left in this row
    [dpy] chunk 449/472 (559 LOC) done in 1.6s - ~0.7min left in this row
    [dpy] chunk 450/472 (17 LOC) done in 1.7s - ~0.7min left in this row
    [dpy] chunk 451/472 (19 LOC) done in 1.8s - ~0.6min left in this row
    [dpy] chunk 452/472 (19 LOC) done in 1.7s - ~0.6min left in this row
    [dpy] chunk 453/472 (19 LOC) done in 1.7s - ~0.6min left in this row
    [dpy] chunk 454/472 (19 LOC) done in 1.7s - ~0.5min left in this row
    [dpy] chunk 455/472 (19 LOC) done in 1.7s - ~0.5min left in this row
    [dpy] chunk 456/472 (365 LOC) done in 1.8s - ~0.5min left in this row
    [dpy] chunk 457/472 (19 LOC) done in 1.7s - ~0.5min left in this row
    [dpy] chunk 458/472 (428 LOC) done in 1.9s - ~0.4min left in this row
    [dpy] chunk 459/472 (19 LOC) done in 1.8s - ~0.4min left in this row
    [dpy] chunk 460/472 (105 LOC) done in 1.8s - ~0.4min left in this row
    [dpy] chunk 461/472 (615 LOC) done in 1.8s - ~0.3min left in this row
    [dpy] chunk 462/472 (19 LOC) done in 1.6s - ~0.3min left in this row
    [dpy] chunk 463/472 (775 LOC) done in 1.9s - ~0.3min left in this row
    [dpy] chunk 464/472 (19 LOC) done in 1.8s - ~0.2min left in this row
    [dpy] chunk 465/472 (41 LOC) done in 1.8s - ~0.2min left in this row
    [dpy] chunk 466/472 (4599 LOC) done in 2.5s - ~0.2min left in this row
    [dpy] chunk 467/472 (69 LOC) done in 1.7s - ~0.2min left in this row
    [dpy] chunk 468/472 (17 LOC) done in 1.5s - ~0.1min left in this row
    [dpy] chunk 469/472 (328 LOC) done in 1.9s - ~0.1min left in this row
    [dpy] chunk 470/472 (1459 LOC) done in 1.9s - ~0.1min left in this row
    [dpy] chunk 471/472 (102 LOC) done in 1.8s - ~0.0min left in this row
    [dpy] chunk 472/472 (788 LOC) done in 1.8s - ~0.0min left in this row
  [ok] (64/192) airbytehq/airbyte A2 2024-11-12 @31d31465
  [row] (65/192) starting airbytehq/airbyte A2 2024-11-19 @e610db70
    [dpy] WARNING: 2 chunk(s) still over 8000 LOC and can't be split further (no subdirectories) - DPy will skip CSV export for these: ['C:\\Users\\kvrlv\\AppData\\Local\\Temp\\dpy_chunks_0mttaaj7\\loose__root__airbyte-integrations__connectors__source-github__source_github__loose1', 'C:\\Users\\kvrlv\\AppData\\Local\\Temp\\dpy_chunks_0mttaaj7\\loose__root__airbyte-integrations__connectors__source-shopify__source_shopify__shopify_graphql__loose1']
    [dpy] 389 chunk(s) planned, 331380 total LOC
    [dpy] chunk 1/389 (254 LOC) done in 1.7s - ~10.9min left in this row
    [dpy] chunk 2/389 (1643 LOC) done in 2.0s - ~11.8min left in this row
    [dpy] chunk 3/389 (688 LOC) done in 1.8s - ~11.8min left in this row
    [dpy] chunk 4/389 (228 LOC) done in 1.8s - ~11.7min left in this row
    [dpy] chunk 5/389 (807 LOC) done in 1.7s - ~11.5min left in this row
    [dpy] chunk 6/389 (3746 LOC) done in 2.1s - ~11.8min left in this row
    [dpy] chunk 7/389 (1233 LOC) done in 1.7s - ~11.7min left in this row
    [dpy] chunk 8/389 (523 LOC) done in 1.8s - ~11.7min left in this row
    [dpy] chunk 9/389 (5775 LOC) done in 2.1s - ~11.8min left in this row
    [dpy] chunk 10/389 (5321 LOC) done in 2.0s - ~11.9min left in this row
    [dpy] chunk 11/389 (5293 LOC) done in 2.2s - ~12.0min left in this row
    [dpy] chunk 12/389 (652 LOC) done in 1.6s - ~11.8min left in this row
    [dpy] chunk 13/389 (197 LOC) done in 1.8s - ~11.7min left in this row
    [dpy] chunk 14/389 (227 LOC) done in 1.8s - ~11.7min left in this row
    [dpy] chunk 15/389 (48 LOC) done in 1.6s - ~11.5min left in this row
    [dpy] chunk 16/389 (351 LOC) done in 1.8s - ~11.5min left in this row
    [dpy] chunk 17/389 (471 LOC) done in 1.8s - ~11.4min left in this row
    [dpy] chunk 18/389 (138 LOC) done in 1.7s - ~11.3min left in this row
    [dpy] chunk 19/389 (2528 LOC) done in 2.0s - ~11.4min left in this row
    [dpy] chunk 20/389 (544 LOC) done in 1.7s - ~11.3min left in this row
    [dpy] chunk 21/389 (1154 LOC) done in 1.9s - ~11.3min left in this row
    [dpy] chunk 22/389 (192 LOC) done in 1.8s - ~11.2min left in this row
    [dpy] chunk 23/389 (1826 LOC) done in 3.3s - ~11.6min left in this row
    [dpy] chunk 24/389 (235 LOC) done in 1.5s - ~11.5min left in this row
    [dpy] chunk 25/389 (432 LOC) done in 1.8s - ~11.4min left in this row
    [dpy] chunk 26/389 (916 LOC) done in 2.0s - ~11.4min left in this row
    [dpy] chunk 27/389 (645 LOC) done in 1.8s - ~11.3min left in this row
    [dpy] chunk 28/389 (328 LOC) done in 1.7s - ~11.3min left in this row
    [dpy] chunk 29/389 (152 LOC) done in 1.8s - ~11.2min left in this row
    [dpy] chunk 30/389 (1039 LOC) done in 1.9s - ~11.2min left in this row
    [dpy] chunk 31/389 (545 LOC) done in 1.8s - ~11.1min left in this row
    [dpy] chunk 32/389 (26 LOC) done in 1.9s - ~11.1min left in this row
    [dpy] chunk 33/389 (3 LOC) done in 1.8s - ~11.1min left in this row
    [dpy] chunk 34/389 (998 LOC) done in 1.8s - ~11.0min left in this row
    [dpy] chunk 35/389 (1417 LOC) done in 1.9s - ~11.0min left in this row
    [dpy] chunk 36/389 (194 LOC) done in 1.7s - ~10.9min left in this row
    [dpy] chunk 37/389 (1896 LOC) done in 1.9s - ~10.9min left in this row
    [dpy] chunk 38/389 (1483 LOC) done in 2.1s - ~10.9min left in this row
    [dpy] chunk 39/389 (258 LOC) done in 1.8s - ~10.9min left in this row
    [dpy] chunk 40/389 (6 LOC) done in 1.7s - ~10.8min left in this row
    [dpy] chunk 41/389 (3722 LOC) done in 2.0s - ~10.8min left in this row
    [dpy] chunk 42/389 (2018 LOC) done in 2.0s - ~10.8min left in this row
    [dpy] chunk 43/389 (6507 LOC) done in 2.1s - ~10.8min left in this row
    [dpy] chunk 44/389 (1137 LOC) done in 1.8s - ~10.8min left in this row
    [dpy] chunk 45/389 (70 LOC) done in 1.5s - ~10.7min left in this row
    [dpy] chunk 46/389 (4912 LOC) done in 2.2s - ~10.7min left in this row
    [dpy] chunk 47/389 (6239 LOC) done in 1.8s - ~10.7min left in this row
    [dpy] chunk 48/389 (2382 LOC) done in 1.8s - ~10.6min left in this row
    [dpy] chunk 49/389 (16 LOC) done in 1.7s - ~10.6min left in this row
    [dpy] chunk 50/389 (467 LOC) done in 1.7s - ~10.5min left in this row
    [dpy] chunk 51/389 (691 LOC) done in 1.7s - ~10.5min left in this row
    [dpy] chunk 52/389 (2053 LOC) done in 2.0s - ~10.5min left in this row
    [dpy] chunk 53/389 (632 LOC) done in 1.8s - ~10.4min left in this row
    [dpy] chunk 54/389 (456 LOC) done in 1.7s - ~10.4min left in this row
    [dpy] chunk 55/389 (2264 LOC) done in 1.9s - ~10.4min left in this row
    [dpy] chunk 56/389 (635 LOC) done in 1.7s - ~10.3min left in this row
    [dpy] chunk 57/389 (633 LOC) done in 1.8s - ~10.3min left in this row
    [dpy] chunk 58/389 (956 LOC) done in 1.7s - ~10.2min left in this row
    [dpy] chunk 59/389 (260 LOC) done in 1.7s - ~10.2min left in this row
    [dpy] chunk 60/389 (1105 LOC) done in 1.8s - ~10.1min left in this row
    [dpy] chunk 61/389 (13 LOC) done in 1.7s - ~10.1min left in this row
    [dpy] chunk 62/389 (240 LOC) done in 1.7s - ~10.0min left in this row
    [dpy] chunk 63/389 (13 LOC) done in 1.8s - ~10.0min left in this row
    [dpy] chunk 64/389 (676 LOC) done in 1.7s - ~10.0min left in this row
    [dpy] chunk 65/389 (1453 LOC) done in 1.8s - ~9.9min left in this row
    [dpy] chunk 66/389 (2265 LOC) done in 1.9s - ~9.9min left in this row
    [dpy] chunk 67/389 (996 LOC) done in 1.8s - ~9.9min left in this row
    [dpy] chunk 68/389 (564 LOC) done in 1.7s - ~9.8min left in this row
    [dpy] chunk 69/389 (323 LOC) done in 1.7s - ~9.8min left in this row
    [dpy] chunk 70/389 (422 LOC) done in 1.7s - ~9.7min left in this row
    [dpy] chunk 71/389 (2573 LOC) done in 2.0s - ~9.7min left in this row
    [dpy] chunk 72/389 (331 LOC) done in 1.7s - ~9.7min left in this row
    [dpy] chunk 73/389 (285 LOC) done in 1.6s - ~9.6min left in this row
    [dpy] chunk 74/389 (263 LOC) done in 1.8s - ~9.6min left in this row
    [dpy] chunk 75/389 (645 LOC) done in 1.8s - ~9.6min left in this row
    [dpy] chunk 76/389 (932 LOC) done in 1.8s - ~9.5min left in this row
    [dpy] chunk 77/389 (245 LOC) done in 1.5s - ~9.5min left in this row
    [dpy] chunk 78/389 (19 LOC) done in 1.7s - ~9.5min left in this row
    [dpy] chunk 79/389 (871 LOC) done in 1.8s - ~9.4min left in this row
    [dpy] chunk 80/389 (19 LOC) done in 1.6s - ~9.4min left in this row
    [dpy] chunk 81/389 (19 LOC) done in 1.7s - ~9.3min left in this row
    [dpy] chunk 82/389 (1139 LOC) done in 1.8s - ~9.3min left in this row
    [dpy] chunk 83/389 (330 LOC) done in 1.9s - ~9.3min left in this row
    [dpy] chunk 84/389 (7028 LOC) done in 2.4s - ~9.3min left in this row
    [dpy] chunk 85/389 (5344 LOC) done in 2.1s - ~9.3min left in this row
    [dpy] chunk 86/389 (384 LOC) done in 1.8s - ~9.2min left in this row
    [dpy] chunk 87/389 (791 LOC) done in 1.8s - ~9.2min left in this row
    [dpy] chunk 88/389 (43 LOC) done in 1.6s - ~9.2min left in this row
    [dpy] chunk 89/389 (16 LOC) done in 1.6s - ~9.1min left in this row
    [dpy] chunk 90/389 (19 LOC) done in 1.8s - ~9.1min left in this row
    [dpy] chunk 91/389 (1048 LOC) done in 1.7s - ~9.1min left in this row
    [dpy] chunk 92/389 (297 LOC) done in 1.7s - ~9.0min left in this row
    [dpy] chunk 93/389 (17 LOC) done in 1.8s - ~9.0min left in this row
    [dpy] chunk 94/389 (16 LOC) done in 1.7s - ~9.0min left in this row
    [dpy] chunk 95/389 (157 LOC) done in 1.6s - ~8.9min left in this row
    [dpy] chunk 96/389 (132 LOC) done in 1.7s - ~8.9min left in this row
    [dpy] chunk 97/389 (894 LOC) done in 1.8s - ~8.8min left in this row
    [dpy] chunk 98/389 (557 LOC) done in 1.7s - ~8.8min left in this row
    [dpy] chunk 99/389 (19 LOC) done in 1.7s - ~8.8min left in this row
    [dpy] chunk 100/389 (164 LOC) done in 1.5s - ~8.7min left in this row
    [dpy] chunk 101/389 (48 LOC) done in 1.6s - ~8.7min left in this row
    [dpy] chunk 102/389 (16 LOC) done in 1.8s - ~8.7min left in this row
    [dpy] chunk 103/389 (4137 LOC) done in 2.0s - ~8.6min left in this row
    [dpy] chunk 104/389 (866 LOC) done in 1.8s - ~8.6min left in this row
    [dpy] chunk 105/389 (270 LOC) done in 1.7s - ~8.6min left in this row
    [dpy] chunk 106/389 (17 LOC) done in 1.9s - ~8.5min left in this row
    [dpy] chunk 107/389 (19 LOC) done in 1.5s - ~8.5min left in this row
    [dpy] chunk 108/389 (17 LOC) done in 1.7s - ~8.5min left in this row
    [dpy] chunk 109/389 (415 LOC) done in 1.7s - ~8.4min left in this row
    [dpy] chunk 110/389 (2873 LOC) done in 2.0s - ~8.4min left in this row
    [dpy] chunk 111/389 (19 LOC) done in 1.7s - ~8.4min left in this row
    [dpy] chunk 112/389 (17 LOC) done in 1.8s - ~8.3min left in this row
    [dpy] chunk 113/389 (17 LOC) done in 1.7s - ~8.3min left in this row
    [dpy] chunk 114/389 (16 LOC) done in 1.7s - ~8.3min left in this row
    [dpy] chunk 115/389 (19 LOC) done in 1.6s - ~8.2min left in this row
    [dpy] chunk 116/389 (19 LOC) done in 1.8s - ~8.2min left in this row
    [dpy] chunk 117/389 (873 LOC) done in 1.6s - ~8.2min left in this row
    [dpy] chunk 118/389 (16 LOC) done in 1.8s - ~8.1min left in this row
    [dpy] chunk 119/389 (19 LOC) done in 1.5s - ~8.1min left in this row
    [dpy] chunk 120/389 (17 LOC) done in 1.8s - ~8.1min left in this row
    [dpy] chunk 121/389 (19 LOC) done in 1.6s - ~8.0min left in this row
    [dpy] chunk 122/389 (19 LOC) done in 1.5s - ~8.0min left in this row
    [dpy] chunk 123/389 (414 LOC) done in 1.7s - ~8.0min left in this row
    [dpy] chunk 124/389 (110 LOC) done in 1.7s - ~7.9min left in this row
    [dpy] chunk 125/389 (19 LOC) done in 1.7s - ~7.9min left in this row
    [dpy] chunk 126/389 (19 LOC) done in 1.7s - ~7.9min left in this row
    [dpy] chunk 127/389 (19 LOC) done in 1.6s - ~7.8min left in this row
    [dpy] chunk 128/389 (665 LOC) done in 1.7s - ~7.8min left in this row
    [dpy] chunk 129/389 (17 LOC) done in 1.8s - ~7.8min left in this row
    [dpy] chunk 130/389 (19 LOC) done in 1.6s - ~7.7min left in this row
    [dpy] chunk 131/389 (19 LOC) done in 1.5s - ~7.7min left in this row
    [dpy] chunk 132/389 (17 LOC) done in 1.8s - ~7.7min left in this row
    [dpy] chunk 133/389 (16 LOC) done in 1.8s - ~7.6min left in this row
    [dpy] chunk 134/389 (293 LOC) done in 1.9s - ~7.6min left in this row
    [dpy] chunk 135/389 (16 LOC) done in 1.8s - ~7.6min left in this row
    [dpy] chunk 136/389 (19 LOC) done in 1.5s - ~7.5min left in this row
    [dpy] chunk 137/389 (19 LOC) done in 1.7s - ~7.5min left in this row
    [dpy] chunk 138/389 (19 LOC) done in 1.8s - ~7.5min left in this row
    [dpy] chunk 139/389 (16 LOC) done in 1.5s - ~7.4min left in this row
    [dpy] chunk 140/389 (16 LOC) done in 1.8s - ~7.4min left in this row
    [dpy] chunk 141/389 (17 LOC) done in 1.7s - ~7.4min left in this row
    [dpy] chunk 142/389 (19 LOC) done in 1.7s - ~7.3min left in this row
    [dpy] chunk 143/389 (17 LOC) done in 1.7s - ~7.3min left in this row
    [dpy] chunk 144/389 (85 LOC) done in 1.5s - ~7.3min left in this row
    [dpy] chunk 145/389 (3190 LOC) done in 2.1s - ~7.3min left in this row
    [dpy] chunk 146/389 (5162 LOC) done in 2.2s - ~7.2min left in this row
    [dpy] chunk 147/389 (9 LOC) done in 1.6s - ~7.2min left in this row
    [dpy] chunk 148/389 (720 LOC) done in 1.8s - ~7.2min left in this row
    [dpy] chunk 149/389 (789 LOC) done in 1.8s - ~7.1min left in this row
    [dpy] chunk 150/389 (39 LOC) done in 1.4s - ~7.1min left in this row
    [dpy] chunk 151/389 (3085 LOC) done in 2.0s - ~7.1min left in this row
    [dpy] chunk 152/389 (2055 LOC) done in 1.8s - ~7.0min left in this row
    [dpy] chunk 153/389 (392 LOC) done in 1.7s - ~7.0min left in this row
    [dpy] chunk 154/389 (925 LOC) done in 1.9s - ~7.0min left in this row
    [dpy] chunk 155/389 (19 LOC) done in 1.4s - ~6.9min left in this row
    [dpy] chunk 156/389 (19 LOC) done in 1.8s - ~6.9min left in this row
    [dpy] chunk 157/389 (68 LOC) done in 1.5s - ~6.9min left in this row
    [dpy] chunk 158/389 (761 LOC) done in 1.7s - ~6.9min left in this row
    [dpy] chunk 159/389 (25 LOC) done in 1.7s - ~6.8min left in this row
    [dpy] chunk 160/389 (19 LOC) done in 1.7s - ~6.8min left in this row
    [dpy] chunk 161/389 (19 LOC) done in 1.7s - ~6.8min left in this row
    [dpy] chunk 162/389 (19 LOC) done in 1.4s - ~6.7min left in this row
    [dpy] chunk 163/389 (1407 LOC) done in 1.7s - ~6.7min left in this row
    [dpy] chunk 164/389 (501 LOC) done in 1.8s - ~6.7min left in this row
    [dpy] chunk 165/389 (19 LOC) done in 1.7s - ~6.6min left in this row
    [dpy] chunk 166/389 (173 LOC) done in 1.6s - ~6.6min left in this row
    [dpy] chunk 167/389 (16 LOC) done in 1.6s - ~6.6min left in this row
    [dpy] chunk 168/389 (301 LOC) done in 1.6s - ~6.5min left in this row
    [dpy] chunk 169/389 (41034 LOC) done in 3.3s - ~6.5min left in this row
    [dpy] chunk 170/389 (2539 LOC) done in 2.1s - ~6.5min left in this row
    [dpy] chunk 171/389 (2553 LOC) done in 2.0s - ~6.5min left in this row
    [dpy] chunk 172/389 (8 LOC) done in 1.7s - ~6.5min left in this row
    [dpy] chunk 173/389 (698 LOC) done in 1.9s - ~6.4min left in this row
    [dpy] chunk 174/389 (19 LOC) done in 1.7s - ~6.4min left in this row
    [dpy] chunk 175/389 (46 LOC) done in 1.8s - ~6.4min left in this row
    [dpy] chunk 176/389 (19 LOC) done in 1.7s - ~6.3min left in this row
    [dpy] chunk 177/389 (19 LOC) done in 1.7s - ~6.3min left in this row
    [dpy] chunk 178/389 (19 LOC) done in 1.7s - ~6.3min left in this row
    [dpy] chunk 179/389 (5126 LOC) done in 2.1s - ~6.2min left in this row
    [dpy] chunk 180/389 (2820 LOC) done in 2.1s - ~6.2min left in this row
    [dpy] chunk 181/389 (1326 LOC) done in 1.9s - ~6.2min left in this row
    [dpy] chunk 182/389 (149 LOC) done in 1.8s - ~6.2min left in this row
    [dpy] chunk 183/389 (260 LOC) done in 1.7s - ~6.1min left in this row
    [dpy] chunk 184/389 (1077 LOC) done in 1.8s - ~6.1min left in this row
    [dpy] chunk 185/389 (17 LOC) done in 1.7s - ~6.1min left in this row
    [dpy] chunk 186/389 (1548 LOC) done in 1.8s - ~6.0min left in this row
    [dpy] chunk 187/389 (1612 LOC) done in 1.8s - ~6.0min left in this row
    [dpy] chunk 188/389 (19 LOC) done in 1.6s - ~6.0min left in this row
    [dpy] chunk 189/389 (552 LOC) done in 1.7s - ~6.0min left in this row
    [dpy] chunk 190/389 (410 LOC) done in 1.8s - ~5.9min left in this row
    [dpy] chunk 191/389 (17 LOC) done in 1.8s - ~5.9min left in this row
    [dpy] chunk 192/389 (198 LOC) done in 1.8s - ~5.9min left in this row
    [dpy] chunk 193/389 (70 LOC) done in 1.7s - ~5.8min left in this row
    [dpy] chunk 194/389 (14 LOC) done in 1.7s - ~5.8min left in this row
    [dpy] chunk 195/389 (19 LOC) done in 1.7s - ~5.8min left in this row
    [dpy] chunk 196/389 (19 LOC) done in 1.6s - ~5.7min left in this row
    [dpy] chunk 197/389 (7179 LOC) done in 2.5s - ~5.7min left in this row
    [dpy] chunk 198/389 (19 LOC) done in 1.7s - ~5.7min left in this row
    [dpy] chunk 199/389 (3291 LOC) done in 2.0s - ~5.7min left in this row
    [dpy] chunk 200/389 (254 LOC) done in 1.8s - ~5.6min left in this row
    [dpy] chunk 201/389 (553 LOC) done in 1.8s - ~5.6min left in this row
    [dpy] chunk 202/389 (19 LOC) done in 1.7s - ~5.6min left in this row
    [dpy] chunk 203/389 (19 LOC) done in 1.6s - ~5.5min left in this row
    [dpy] chunk 204/389 (1789 LOC) done in 1.9s - ~5.5min left in this row
    [dpy] chunk 205/389 (219 LOC) done in 1.6s - ~5.5min left in this row
    [dpy] chunk 206/389 (3204 LOC) done in 1.9s - ~5.5min left in this row
    [dpy] chunk 207/389 (19 LOC) done in 1.7s - ~5.4min left in this row
    [dpy] chunk 208/389 (16 LOC) done in 1.7s - ~5.4min left in this row
    [dpy] chunk 209/389 (19 LOC) done in 1.6s - ~5.4min left in this row
    [dpy] chunk 210/389 (17 LOC) done in 1.7s - ~5.3min left in this row
    [dpy] chunk 211/389 (1499 LOC) done in 1.9s - ~5.3min left in this row
    [dpy] chunk 212/389 (856 LOC) done in 1.8s - ~5.3min left in this row
    [dpy] chunk 213/389 (666 LOC) done in 1.8s - ~5.2min left in this row
    [dpy] chunk 214/389 (19 LOC) done in 1.7s - ~5.2min left in this row
    [dpy] chunk 215/389 (19 LOC) done in 1.6s - ~5.2min left in this row
    [dpy] chunk 216/389 (19 LOC) done in 1.7s - ~5.1min left in this row
    [dpy] chunk 217/389 (1638 LOC) done in 1.9s - ~5.1min left in this row
    [dpy] chunk 218/389 (16 LOC) done in 1.6s - ~5.1min left in this row
    [dpy] chunk 219/389 (945 LOC) done in 2.1s - ~5.1min left in this row
    [dpy] chunk 220/389 (17 LOC) done in 2.6s - ~5.0min left in this row
    [dpy] chunk 221/389 (129 LOC) done in 3.3s - ~5.0min left in this row
    [dpy] chunk 222/389 (442 LOC) done in 2.1s - ~5.0min left in this row
    [dpy] chunk 223/389 (19 LOC) done in 2.1s - ~5.0min left in this row
    [dpy] chunk 224/389 (19 LOC) done in 2.0s - ~4.9min left in this row
    [dpy] chunk 225/389 (16 LOC) done in 2.1s - ~4.9min left in this row
    [dpy] chunk 226/389 (19 LOC) done in 1.9s - ~4.9min left in this row
    [dpy] chunk 227/389 (19 LOC) done in 1.9s - ~4.9min left in this row
    [dpy] chunk 228/389 (1223 LOC) done in 2.1s - ~4.8min left in this row
    [dpy] chunk 229/389 (19 LOC) done in 1.9s - ~4.8min left in this row
    [dpy] chunk 230/389 (14 LOC) done in 1.9s - ~4.8min left in this row
    [dpy] chunk 231/389 (757 LOC) done in 1.9s - ~4.8min left in this row
    [dpy] chunk 232/389 (832 LOC) done in 2.0s - ~4.7min left in this row
    [dpy] chunk 233/389 (1261 LOC) done in 2.2s - ~4.7min left in this row
    [dpy] chunk 234/389 (19 LOC) done in 2.0s - ~4.7min left in this row
    [dpy] chunk 235/389 (2595 LOC) done in 2.4s - ~4.6min left in this row
    [dpy] chunk 236/389 (1561 LOC) done in 2.4s - ~4.6min left in this row
    [dpy] chunk 237/389 (16 LOC) done in 2.0s - ~4.6min left in this row
    [dpy] chunk 238/389 (16 LOC) done in 2.2s - ~4.6min left in this row
    [dpy] chunk 239/389 (104 LOC) done in 2.0s - ~4.5min left in this row
    [dpy] chunk 240/389 (225 LOC) done in 1.9s - ~4.5min left in this row
    [dpy] chunk 241/389 (19 LOC) done in 2.0s - ~4.5min left in this row
    [dpy] chunk 242/389 (19 LOC) done in 1.9s - ~4.5min left in this row
    [dpy] chunk 243/389 (631 LOC) done in 1.9s - ~4.4min left in this row
    [dpy] chunk 244/389 (19 LOC) done in 1.9s - ~4.4min left in this row
    [dpy] chunk 245/389 (17 LOC) done in 1.9s - ~4.4min left in this row
    [dpy] chunk 246/389 (1172 LOC) done in 2.1s - ~4.3min left in this row
    [dpy] chunk 247/389 (19 LOC) done in 1.9s - ~4.3min left in this row
    [dpy] chunk 248/389 (1062 LOC) done in 2.3s - ~4.3min left in this row
    [dpy] chunk 249/389 (19 LOC) done in 2.2s - ~4.3min left in this row
    [dpy] chunk 250/389 (17 LOC) done in 2.7s - ~4.2min left in this row
    [dpy] chunk 251/389 (19 LOC) done in 2.2s - ~4.2min left in this row
    [dpy] chunk 252/389 (19 LOC) done in 2.0s - ~4.2min left in this row
    [dpy] chunk 253/389 (15 LOC) done in 2.1s - ~4.1min left in this row
    [dpy] chunk 254/389 (16 LOC) done in 2.0s - ~4.1min left in this row
    [dpy] chunk 255/389 (136 LOC) done in 2.0s - ~4.1min left in this row
    [dpy] chunk 256/389 (17 LOC) done in 2.0s - ~4.1min left in this row
    [dpy] chunk 257/389 (1443 LOC) done in 2.2s - ~4.0min left in this row
    [dpy] chunk 258/389 (121 LOC) done in 2.0s - ~4.0min left in this row
    [dpy] chunk 259/389 (70 LOC) done in 2.1s - ~4.0min left in this row
    [dpy] chunk 260/389 (19 LOC) done in 2.0s - ~3.9min left in this row
    [dpy] chunk 261/389 (130 LOC) done in 2.1s - ~3.9min left in this row
    [dpy] chunk 262/389 (1336 LOC) done in 2.1s - ~3.9min left in this row
    [dpy] chunk 263/389 (17 LOC) done in 2.0s - ~3.9min left in this row
    [dpy] chunk 264/389 (19 LOC) done in 2.1s - ~3.8min left in this row
    [dpy] chunk 265/389 (19 LOC) done in 2.1s - ~3.8min left in this row
    [dpy] chunk 266/389 (19 LOC) done in 2.0s - ~3.8min left in this row
    [dpy] chunk 267/389 (1900 LOC) done in 2.0s - ~3.7min left in this row
    [dpy] chunk 268/389 (165 LOC) done in 1.8s - ~3.7min left in this row
    [dpy] chunk 269/389 (19 LOC) done in 2.1s - ~3.7min left in this row
    [dpy] chunk 270/389 (17 LOC) done in 1.8s - ~3.7min left in this row
    [dpy] chunk 271/389 (17 LOC) done in 1.9s - ~3.6min left in this row
    [dpy] chunk 272/389 (53 LOC) done in 1.9s - ~3.6min left in this row
    [dpy] chunk 273/389 (19 LOC) done in 1.9s - ~3.6min left in this row
    [dpy] chunk 274/389 (19 LOC) done in 2.0s - ~3.5min left in this row
    [dpy] chunk 275/389 (302 LOC) done in 2.0s - ~3.5min left in this row
    [dpy] chunk 276/389 (360 LOC) done in 2.0s - ~3.5min left in this row
    [dpy] chunk 277/389 (19 LOC) done in 2.0s - ~3.4min left in this row
    [dpy] chunk 278/389 (195 LOC) done in 2.0s - ~3.4min left in this row
    [dpy] chunk 279/389 (19 LOC) done in 1.9s - ~3.4min left in this row
    [dpy] chunk 280/389 (84 LOC) done in 2.0s - ~3.4min left in this row
    [dpy] chunk 281/389 (17 LOC) done in 1.9s - ~3.3min left in this row
    [dpy] chunk 282/389 (182 LOC) done in 2.1s - ~3.3min left in this row
    [dpy] chunk 283/389 (19 LOC) done in 2.0s - ~3.3min left in this row
    [dpy] chunk 284/389 (53 LOC) done in 2.0s - ~3.2min left in this row
    [dpy] chunk 285/389 (162 LOC) done in 2.2s - ~3.2min left in this row
    [dpy] chunk 286/389 (237 LOC) done in 1.9s - ~3.2min left in this row
    [dpy] chunk 287/389 (17 LOC) done in 1.9s - ~3.1min left in this row
    [dpy] chunk 288/389 (1107 LOC) done in 2.1s - ~3.1min left in this row
    [dpy] chunk 289/389 (19 LOC) done in 2.1s - ~3.1min left in this row
    [dpy] chunk 290/389 (17 LOC) done in 1.9s - ~3.1min left in this row
    [dpy] chunk 291/389 (29 LOC) done in 2.0s - ~3.0min left in this row
    [dpy] chunk 292/389 (16 LOC) done in 2.3s - ~3.0min left in this row
    [dpy] chunk 293/389 (19 LOC) done in 1.9s - ~3.0min left in this row
    [dpy] chunk 294/389 (42 LOC) done in 1.9s - ~2.9min left in this row
    [dpy] chunk 295/389 (19 LOC) done in 1.7s - ~2.9min left in this row
    [dpy] chunk 296/389 (1467 LOC) done in 2.0s - ~2.9min left in this row
    [dpy] chunk 297/389 (19 LOC) done in 1.8s - ~2.8min left in this row
    [dpy] chunk 298/389 (143 LOC) done in 1.6s - ~2.8min left in this row
    [dpy] chunk 299/389 (4213 LOC) done in 2.2s - ~2.8min left in this row
    [dpy] chunk 300/389 (7181 LOC) done in 2.4s - ~2.8min left in this row
    [dpy] chunk 301/389 (42 LOC) done in 1.8s - ~2.7min left in this row
    [dpy] chunk 302/389 (19 LOC) done in 1.7s - ~2.7min left in this row
    [dpy] chunk 303/389 (16 LOC) done in 1.8s - ~2.7min left in this row
    [dpy] chunk 304/389 (19 LOC) done in 1.6s - ~2.6min left in this row
    [dpy] chunk 305/389 (16 LOC) done in 1.8s - ~2.6min left in this row
    [dpy] chunk 306/389 (19 LOC) done in 1.9s - ~2.6min left in this row
    [dpy] chunk 307/389 (17 LOC) done in 1.9s - ~2.5min left in this row
    [dpy] chunk 308/389 (424 LOC) done in 1.9s - ~2.5min left in this row
    [dpy] chunk 309/389 (19 LOC) done in 1.7s - ~2.5min left in this row
    [dpy] chunk 310/389 (16 LOC) done in 2.2s - ~2.4min left in this row
    [dpy] chunk 311/389 (707 LOC) done in 2.0s - ~2.4min left in this row
    [dpy] chunk 312/389 (16 LOC) done in 1.9s - ~2.4min left in this row
    [dpy] chunk 313/389 (4318 LOC) done in 2.2s - ~2.4min left in this row
    [dpy] chunk 314/389 (64 LOC) done in 1.7s - ~2.3min left in this row
    [dpy] chunk 315/389 (29442 LOC) done in 3.6s - ~2.3min left in this row
    [dpy] chunk 316/389 (1251 LOC) done in 1.8s - ~2.3min left in this row
    [dpy] chunk 317/389 (1071 LOC) done in 1.8s - ~2.2min left in this row
    [dpy] chunk 318/389 (4456 LOC) done in 2.1s - ~2.2min left in this row
    [dpy] chunk 319/389 (9 LOC) done in 1.7s - ~2.2min left in this row
    [dpy] chunk 320/389 (16 LOC) done in 1.8s - ~2.1min left in this row
    [dpy] chunk 321/389 (14 LOC) done in 1.8s - ~2.1min left in this row
    [dpy] chunk 322/389 (1197 LOC) done in 1.9s - ~2.1min left in this row
    [dpy] chunk 323/389 (19 LOC) done in 1.7s - ~2.0min left in this row
    [dpy] chunk 324/389 (19 LOC) done in 1.6s - ~2.0min left in this row
    [dpy] chunk 325/389 (460 LOC) done in 1.8s - ~2.0min left in this row
    [dpy] chunk 326/389 (14 LOC) done in 2.1s - ~2.0min left in this row
    [dpy] chunk 327/389 (16 LOC) done in 1.9s - ~1.9min left in this row
    [dpy] chunk 328/389 (19 LOC) done in 1.8s - ~1.9min left in this row
    [dpy] chunk 329/389 (19 LOC) done in 1.7s - ~1.9min left in this row
    [dpy] chunk 330/389 (14 LOC) done in 1.7s - ~1.8min left in this row
    [dpy] chunk 331/389 (19 LOC) done in 1.7s - ~1.8min left in this row
    [dpy] chunk 332/389 (212 LOC) done in 1.8s - ~1.8min left in this row
    [dpy] chunk 333/389 (19 LOC) done in 1.8s - ~1.7min left in this row
    [dpy] chunk 334/389 (17 LOC) done in 1.6s - ~1.7min left in this row
    [dpy] chunk 335/389 (1579 LOC) done in 1.8s - ~1.7min left in this row
    [dpy] chunk 336/389 (6797 LOC) done in 2.5s - ~1.6min left in this row
    [dpy] chunk 337/389 (9 LOC) done in 1.8s - ~1.6min left in this row
    [dpy] chunk 338/389 (19 LOC) done in 1.8s - ~1.6min left in this row
    [dpy] chunk 339/389 (366 LOC) done in 1.6s - ~1.6min left in this row
    [dpy] chunk 340/389 (820 LOC) done in 1.9s - ~1.5min left in this row
    [dpy] chunk 341/389 (19 LOC) done in 1.8s - ~1.5min left in this row
    [dpy] chunk 342/389 (16 LOC) done in 1.5s - ~1.5min left in this row
    [dpy] chunk 343/389 (52 LOC) done in 1.8s - ~1.4min left in this row
    [dpy] chunk 344/389 (16 LOC) done in 1.7s - ~1.4min left in this row
    [dpy] chunk 345/389 (1386 LOC) done in 1.8s - ~1.4min left in this row
    [dpy] chunk 346/389 (19 LOC) done in 1.8s - ~1.3min left in this row
    [dpy] chunk 347/389 (19 LOC) done in 1.6s - ~1.3min left in this row
    [dpy] chunk 348/389 (19 LOC) done in 1.8s - ~1.3min left in this row
    [dpy] chunk 349/389 (19 LOC) done in 1.8s - ~1.2min left in this row
    [dpy] chunk 350/389 (841 LOC) done in 1.6s - ~1.2min left in this row
    [dpy] chunk 351/389 (132 LOC) done in 1.7s - ~1.2min left in this row
    [dpy] chunk 352/389 (19 LOC) done in 1.7s - ~1.1min left in this row
    [dpy] chunk 353/389 (17 LOC) done in 1.5s - ~1.1min left in this row
    [dpy] chunk 354/389 (1329 LOC) done in 1.9s - ~1.1min left in this row
    [dpy] chunk 355/389 (19 LOC) done in 1.8s - ~1.1min left in this row
    [dpy] chunk 356/389 (19 LOC) done in 1.8s - ~1.0min left in this row
    [dpy] chunk 357/389 (19 LOC) done in 1.8s - ~1.0min left in this row
    [dpy] chunk 358/389 (187 LOC) done in 1.8s - ~1.0min left in this row
    [dpy] chunk 359/389 (19 LOC) done in 1.9s - ~0.9min left in this row
    [dpy] chunk 360/389 (201 LOC) done in 1.5s - ~0.9min left in this row
    [dpy] chunk 361/389 (19 LOC) done in 1.7s - ~0.9min left in this row
    [dpy] chunk 362/389 (19 LOC) done in 1.9s - ~0.8min left in this row
    [dpy] chunk 363/389 (19 LOC) done in 1.9s - ~0.8min left in this row
    [dpy] chunk 364/389 (19 LOC) done in 1.5s - ~0.8min left in this row
    [dpy] chunk 365/389 (17 LOC) done in 1.7s - ~0.7min left in this row
    [dpy] chunk 366/389 (559 LOC) done in 1.5s - ~0.7min left in this row
    [dpy] chunk 367/389 (17 LOC) done in 1.5s - ~0.7min left in this row
    [dpy] chunk 368/389 (19 LOC) done in 1.3s - ~0.6min left in this row
    [dpy] chunk 369/389 (19 LOC) done in 1.6s - ~0.6min left in this row
    [dpy] chunk 370/389 (19 LOC) done in 1.7s - ~0.6min left in this row
    [dpy] chunk 371/389 (19 LOC) done in 1.5s - ~0.6min left in this row
    [dpy] chunk 372/389 (19 LOC) done in 1.4s - ~0.5min left in this row
    [dpy] chunk 373/389 (365 LOC) done in 1.4s - ~0.5min left in this row
    [dpy] chunk 374/389 (19 LOC) done in 1.5s - ~0.5min left in this row
    [dpy] chunk 375/389 (428 LOC) done in 1.4s - ~0.4min left in this row
    [dpy] chunk 376/389 (19 LOC) done in 1.4s - ~0.4min left in this row
    [dpy] chunk 377/389 (105 LOC) done in 1.4s - ~0.4min left in this row
    [dpy] chunk 378/389 (615 LOC) done in 1.5s - ~0.3min left in this row
    [dpy] chunk 379/389 (19 LOC) done in 1.4s - ~0.3min left in this row
    [dpy] chunk 380/389 (775 LOC) done in 1.6s - ~0.3min left in this row
    [dpy] chunk 381/389 (19 LOC) done in 1.5s - ~0.2min left in this row
    [dpy] chunk 382/389 (41 LOC) done in 1.7s - ~0.2min left in this row
    [dpy] chunk 383/389 (4599 LOC) done in 2.2s - ~0.2min left in this row
    [dpy] chunk 384/389 (69 LOC) done in 1.5s - ~0.2min left in this row
    [dpy] chunk 385/389 (17 LOC) done in 1.4s - ~0.1min left in this row
    [dpy] chunk 386/389 (328 LOC) done in 1.4s - ~0.1min left in this row
    [dpy] chunk 387/389 (1459 LOC) done in 1.5s - ~0.1min left in this row
    [dpy] chunk 388/389 (102 LOC) done in 1.7s - ~0.0min left in this row
    [dpy] chunk 389/389 (788 LOC) done in 1.5s - ~0.0min left in this row
  [ok] (65/192) airbytehq/airbyte A2 2024-11-19 @e610db70
  [row] (66/192) starting airbytehq/airbyte A2 2024-11-26 @f9c3c186
    [dpy] WARNING: 2 chunk(s) still over 8000 LOC and can't be split further (no subdirectories) - DPy will skip CSV export for these: ['C:\\Users\\kvrlv\\AppData\\Local\\Temp\\dpy_chunks_gnigyy8e\\loose__root__airbyte-integrations__connectors__source-github__source_github__loose1', 'C:\\Users\\kvrlv\\AppData\\Local\\Temp\\dpy_chunks_gnigyy8e\\loose__root__airbyte-integrations__connectors__source-shopify__source_shopify__shopify_graphql__loose1']
    [dpy] 389 chunk(s) planned, 330622 total LOC
    [dpy] chunk 1/389 (254 LOC) done in 1.6s - ~10.3min left in this row
    [dpy] chunk 2/389 (1757 LOC) done in 1.7s - ~10.5min left in this row
    [dpy] chunk 3/389 (688 LOC) done in 1.5s - ~10.3min left in this row
    [dpy] chunk 4/389 (228 LOC) done in 1.4s - ~10.0min left in this row
    [dpy] chunk 5/389 (808 LOC) done in 1.5s - ~9.9min left in this row
    [dpy] chunk 6/389 (3746 LOC) done in 1.7s - ~10.0min left in this row
    [dpy] chunk 7/389 (1233 LOC) done in 1.9s - ~10.3min left in this row
    [dpy] chunk 8/389 (523 LOC) done in 1.6s - ~10.3min left in this row
    [dpy] chunk 9/389 (5780 LOC) done in 1.9s - ~10.5min left in this row
    [dpy] chunk 10/389 (5321 LOC) done in 1.7s - ~10.5min left in this row
    [dpy] chunk 11/389 (5293 LOC) done in 1.8s - ~10.5min left in this row
    [dpy] chunk 12/389 (672 LOC) done in 1.6s - ~10.4min left in this row
    [dpy] chunk 13/389 (197 LOC) done in 1.4s - ~10.3min left in this row
    [dpy] chunk 14/389 (227 LOC) done in 1.6s - ~10.3min left in this row
    [dpy] chunk 15/389 (48 LOC) done in 1.6s - ~10.2min left in this row
    [dpy] chunk 16/389 (351 LOC) done in 1.5s - ~10.1min left in this row
    [dpy] chunk 17/389 (471 LOC) done in 1.5s - ~10.1min left in this row
    [dpy] chunk 18/389 (138 LOC) done in 1.6s - ~10.0min left in this row
    [dpy] chunk 19/389 (2528 LOC) done in 1.8s - ~10.1min left in this row
    [dpy] chunk 20/389 (544 LOC) done in 1.5s - ~10.0min left in this row
    [dpy] chunk 21/389 (1154 LOC) done in 1.5s - ~9.9min left in this row
    [dpy] chunk 22/389 (192 LOC) done in 1.5s - ~9.9min left in this row
    [dpy] chunk 23/389 (1826 LOC) done in 1.6s - ~9.8min left in this row
    [dpy] chunk 24/389 (235 LOC) done in 1.5s - ~9.8min left in this row
    [dpy] chunk 25/389 (432 LOC) done in 1.5s - ~9.7min left in this row
    [dpy] chunk 26/389 (916 LOC) done in 1.8s - ~9.7min left in this row
    [dpy] chunk 27/389 (645 LOC) done in 1.8s - ~9.7min left in this row
    [dpy] chunk 28/389 (328 LOC) done in 1.8s - ~9.8min left in this row
    [dpy] chunk 29/389 (152 LOC) done in 1.4s - ~9.7min left in this row
    [dpy] chunk 30/389 (1039 LOC) done in 1.5s - ~9.6min left in this row
    [dpy] chunk 31/389 (545 LOC) done in 1.5s - ~9.6min left in this row
    [dpy] chunk 32/389 (26 LOC) done in 1.7s - ~9.6min left in this row
    [dpy] chunk 33/389 (3 LOC) done in 1.6s - ~9.6min left in this row
    [dpy] chunk 34/389 (998 LOC) done in 1.6s - ~9.5min left in this row
    [dpy] chunk 35/389 (1418 LOC) done in 1.4s - ~9.5min left in this row
    [dpy] chunk 36/389 (194 LOC) done in 1.7s - ~9.5min left in this row
    [dpy] chunk 37/389 (1896 LOC) done in 1.9s - ~9.5min left in this row
    [dpy] chunk 38/389 (1483 LOC) done in 1.6s - ~9.5min left in this row
    [dpy] chunk 39/389 (258 LOC) done in 1.4s - ~9.4min left in this row
    [dpy] chunk 40/389 (6 LOC) done in 1.7s - ~9.4min left in this row
    [dpy] chunk 41/389 (3722 LOC) done in 2.2s - ~9.5min left in this row
    [dpy] chunk 42/389 (2018 LOC) done in 1.6s - ~9.4min left in this row
    [dpy] chunk 43/389 (6507 LOC) done in 1.8s - ~9.4min left in this row
    [dpy] chunk 44/389 (1137 LOC) done in 1.8s - ~9.4min left in this row
    [dpy] chunk 45/389 (70 LOC) done in 1.7s - ~9.4min left in this row
    [dpy] chunk 46/389 (4917 LOC) done in 1.9s - ~9.4min left in this row
    [dpy] chunk 47/389 (6239 LOC) done in 1.7s - ~9.4min left in this row
    [dpy] chunk 48/389 (2382 LOC) done in 1.8s - ~9.4min left in this row
    [dpy] chunk 49/389 (16 LOC) done in 1.7s - ~9.4min left in this row
    [dpy] chunk 50/389 (467 LOC) done in 1.5s - ~9.3min left in this row
    [dpy] chunk 51/389 (691 LOC) done in 1.6s - ~9.3min left in this row
    [dpy] chunk 52/389 (2053 LOC) done in 2.0s - ~9.3min left in this row
    [dpy] chunk 53/389 (632 LOC) done in 1.5s - ~9.3min left in this row
    [dpy] chunk 54/389 (456 LOC) done in 1.7s - ~9.2min left in this row
    [dpy] chunk 55/389 (2264 LOC) done in 1.4s - ~9.2min left in this row
    [dpy] chunk 56/389 (635 LOC) done in 1.8s - ~9.2min left in this row
    [dpy] chunk 57/389 (633 LOC) done in 1.7s - ~9.1min left in this row
    [dpy] chunk 58/389 (956 LOC) done in 1.6s - ~9.1min left in this row
    [dpy] chunk 59/389 (260 LOC) done in 1.5s - ~9.1min left in this row
    [dpy] chunk 60/389 (1105 LOC) done in 1.7s - ~9.1min left in this row
    [dpy] chunk 61/389 (13 LOC) done in 1.7s - ~9.0min left in this row
    [dpy] chunk 62/389 (240 LOC) done in 1.8s - ~9.0min left in this row
    [dpy] chunk 63/389 (13 LOC) done in 1.5s - ~9.0min left in this row
    [dpy] chunk 64/389 (676 LOC) done in 1.7s - ~8.9min left in this row
    [dpy] chunk 65/389 (1453 LOC) done in 1.9s - ~8.9min left in this row
    [dpy] chunk 66/389 (2265 LOC) done in 1.9s - ~8.9min left in this row
    [dpy] chunk 67/389 (996 LOC) done in 1.5s - ~8.9min left in this row
    [dpy] chunk 68/389 (564 LOC) done in 1.6s - ~8.9min left in this row
    [dpy] chunk 69/389 (323 LOC) done in 1.7s - ~8.8min left in this row
    [dpy] chunk 70/389 (422 LOC) done in 1.8s - ~8.8min left in this row
    [dpy] chunk 71/389 (2573 LOC) done in 1.7s - ~8.8min left in this row
    [dpy] chunk 72/389 (331 LOC) done in 1.3s - ~8.7min left in this row
    [dpy] chunk 73/389 (285 LOC) done in 1.6s - ~8.7min left in this row
    [dpy] chunk 74/389 (263 LOC) done in 1.7s - ~8.7min left in this row
    [dpy] chunk 75/389 (645 LOC) done in 1.6s - ~8.7min left in this row
    [dpy] chunk 76/389 (932 LOC) done in 1.7s - ~8.6min left in this row
    [dpy] chunk 77/389 (245 LOC) done in 1.7s - ~8.6min left in this row
    [dpy] chunk 78/389 (19 LOC) done in 1.6s - ~8.6min left in this row
    [dpy] chunk 79/389 (871 LOC) done in 1.7s - ~8.6min left in this row
    [dpy] chunk 80/389 (19 LOC) done in 1.6s - ~8.5min left in this row
    [dpy] chunk 81/389 (19 LOC) done in 1.4s - ~8.5min left in this row
    [dpy] chunk 82/389 (1139 LOC) done in 1.8s - ~8.5min left in this row
    [dpy] chunk 83/389 (330 LOC) done in 1.7s - ~8.4min left in this row
    [dpy] chunk 84/389 (5620 LOC) done in 2.1s - ~8.4min left in this row
    [dpy] chunk 85/389 (5344 LOC) done in 2.3s - ~8.5min left in this row
    [dpy] chunk 86/389 (384 LOC) done in 1.7s - ~8.4min left in this row
    [dpy] chunk 87/389 (791 LOC) done in 1.9s - ~8.4min left in this row
    [dpy] chunk 88/389 (43 LOC) done in 1.5s - ~8.4min left in this row
    [dpy] chunk 89/389 (16 LOC) done in 1.5s - ~8.3min left in this row
    [dpy] chunk 90/389 (19 LOC) done in 1.7s - ~8.3min left in this row
    [dpy] chunk 91/389 (1048 LOC) done in 1.7s - ~8.3min left in this row
    [dpy] chunk 92/389 (297 LOC) done in 1.8s - ~8.3min left in this row
    [dpy] chunk 93/389 (17 LOC) done in 1.8s - ~8.2min left in this row
    [dpy] chunk 94/389 (16 LOC) done in 1.8s - ~8.2min left in this row
    [dpy] chunk 95/389 (157 LOC) done in 2.0s - ~8.2min left in this row
    [dpy] chunk 96/389 (132 LOC) done in 1.6s - ~8.2min left in this row
    [dpy] chunk 97/389 (894 LOC) done in 3.6s - ~8.3min left in this row
    [dpy] chunk 98/389 (557 LOC) done in 2.0s - ~8.2min left in this row
    [dpy] chunk 99/389 (19 LOC) done in 2.0s - ~8.2min left in this row
    [dpy] chunk 100/389 (164 LOC) done in 2.2s - ~8.2min left in this row
    [dpy] chunk 101/389 (48 LOC) done in 2.2s - ~8.2min left in this row
    [dpy] chunk 102/389 (16 LOC) done in 2.1s - ~8.2min left in this row
    [dpy] chunk 103/389 (4137 LOC) done in 3.3s - ~8.3min left in this row
    [dpy] chunk 104/389 (866 LOC) done in 2.4s - ~8.3min left in this row
    [dpy] chunk 105/389 (270 LOC) done in 2.3s - ~8.2min left in this row
    [dpy] chunk 106/389 (17 LOC) done in 2.3s - ~8.2min left in this row
    [dpy] chunk 107/389 (19 LOC) done in 2.2s - ~8.2min left in this row
    [dpy] chunk 108/389 (17 LOC) done in 2.1s - ~8.2min left in this row
    [dpy] chunk 109/389 (415 LOC) done in 2.2s - ~8.2min left in this row
    [dpy] chunk 110/389 (2910 LOC) done in 3.3s - ~8.2min left in this row
    [dpy] chunk 111/389 (19 LOC) done in 2.0s - ~8.2min left in this row
    [dpy] chunk 112/389 (17 LOC) done in 1.8s - ~8.2min left in this row
    [dpy] chunk 113/389 (17 LOC) done in 1.9s - ~8.2min left in this row
    [dpy] chunk 114/389 (16 LOC) done in 1.9s - ~8.2min left in this row
    [dpy] chunk 115/389 (19 LOC) done in 1.9s - ~8.1min left in this row
    [dpy] chunk 116/389 (19 LOC) done in 2.0s - ~8.1min left in this row
    [dpy] chunk 117/389 (873 LOC) done in 2.1s - ~8.1min left in this row
    [dpy] chunk 118/389 (16 LOC) done in 1.9s - ~8.1min left in this row
    [dpy] chunk 119/389 (19 LOC) done in 2.0s - ~8.0min left in this row
    [dpy] chunk 120/389 (17 LOC) done in 2.0s - ~8.0min left in this row
    [dpy] chunk 121/389 (19 LOC) done in 1.8s - ~8.0min left in this row
    [dpy] chunk 122/389 (19 LOC) done in 2.2s - ~8.0min left in this row
    [dpy] chunk 123/389 (414 LOC) done in 2.2s - ~8.0min left in this row
    [dpy] chunk 124/389 (110 LOC) done in 2.2s - ~7.9min left in this row
    [dpy] chunk 125/389 (19 LOC) done in 2.0s - ~7.9min left in this row
    [dpy] chunk 126/389 (19 LOC) done in 1.8s - ~7.9min left in this row
    [dpy] chunk 127/389 (19 LOC) done in 2.0s - ~7.9min left in this row
    [dpy] chunk 128/389 (665 LOC) done in 2.0s - ~7.8min left in this row
    [dpy] chunk 129/389 (17 LOC) done in 1.7s - ~7.8min left in this row
    [dpy] chunk 130/389 (19 LOC) done in 1.9s - ~7.8min left in this row
    [dpy] chunk 131/389 (19 LOC) done in 1.8s - ~7.8min left in this row
    [dpy] chunk 132/389 (17 LOC) done in 1.9s - ~7.7min left in this row
    [dpy] chunk 133/389 (16 LOC) done in 1.8s - ~7.7min left in this row
    [dpy] chunk 134/389 (293 LOC) done in 1.7s - ~7.7min left in this row
    [dpy] chunk 135/389 (16 LOC) done in 1.9s - ~7.6min left in this row
    [dpy] chunk 136/389 (19 LOC) done in 1.8s - ~7.6min left in this row
    [dpy] chunk 137/389 (19 LOC) done in 1.9s - ~7.6min left in this row
    [dpy] chunk 138/389 (19 LOC) done in 1.9s - ~7.5min left in this row
    [dpy] chunk 139/389 (16 LOC) done in 1.8s - ~7.5min left in this row
    [dpy] chunk 140/389 (16 LOC) done in 1.8s - ~7.5min left in this row
    [dpy] chunk 141/389 (17 LOC) done in 1.6s - ~7.4min left in this row
    [dpy] chunk 142/389 (19 LOC) done in 1.9s - ~7.4min left in this row
    [dpy] chunk 143/389 (17 LOC) done in 1.7s - ~7.4min left in this row
    [dpy] chunk 144/389 (85 LOC) done in 1.8s - ~7.4min left in this row
    [dpy] chunk 145/389 (3190 LOC) done in 2.5s - ~7.3min left in this row
    [dpy] chunk 146/389 (5162 LOC) done in 2.4s - ~7.3min left in this row
    [dpy] chunk 147/389 (9 LOC) done in 1.5s - ~7.3min left in this row
    [dpy] chunk 148/389 (720 LOC) done in 1.8s - ~7.3min left in this row
    [dpy] chunk 149/389 (789 LOC) done in 2.0s - ~7.2min left in this row
    [dpy] chunk 150/389 (39 LOC) done in 1.5s - ~7.2min left in this row
    [dpy] chunk 151/389 (3085 LOC) done in 2.0s - ~7.2min left in this row
    [dpy] chunk 152/389 (2055 LOC) done in 2.0s - ~7.2min left in this row
    [dpy] chunk 153/389 (392 LOC) done in 1.8s - ~7.1min left in this row
    [dpy] chunk 154/389 (925 LOC) done in 1.8s - ~7.1min left in this row
    [dpy] chunk 155/389 (19 LOC) done in 1.5s - ~7.1min left in this row
    [dpy] chunk 156/389 (19 LOC) done in 1.4s - ~7.0min left in this row
    [dpy] chunk 157/389 (68 LOC) done in 1.8s - ~7.0min left in this row
    [dpy] chunk 158/389 (761 LOC) done in 1.8s - ~7.0min left in this row
    [dpy] chunk 159/389 (25 LOC) done in 1.7s - ~6.9min left in this row
    [dpy] chunk 160/389 (19 LOC) done in 1.3s - ~6.9min left in this row
    [dpy] chunk 161/389 (19 LOC) done in 1.5s - ~6.8min left in this row
    [dpy] chunk 162/389 (19 LOC) done in 1.6s - ~6.8min left in this row
    [dpy] chunk 163/389 (1407 LOC) done in 2.2s - ~6.8min left in this row
    [dpy] chunk 164/389 (501 LOC) done in 1.6s - ~6.8min left in this row
    [dpy] chunk 165/389 (19 LOC) done in 1.7s - ~6.7min left in this row
    [dpy] chunk 166/389 (173 LOC) done in 1.4s - ~6.7min left in this row
    [dpy] chunk 167/389 (16 LOC) done in 1.8s - ~6.7min left in this row
    [dpy] chunk 168/389 (301 LOC) done in 1.6s - ~6.6min left in this row
    [dpy] chunk 169/389 (41034 LOC) done in 2.9s - ~6.6min left in this row
    [dpy] chunk 170/389 (2539 LOC) done in 2.1s - ~6.6min left in this row
    [dpy] chunk 171/389 (2553 LOC) done in 2.0s - ~6.6min left in this row
    [dpy] chunk 172/389 (8 LOC) done in 1.4s - ~6.5min left in this row
    [dpy] chunk 173/389 (698 LOC) done in 1.8s - ~6.5min left in this row
    [dpy] chunk 174/389 (19 LOC) done in 1.6s - ~6.5min left in this row
    [dpy] chunk 175/389 (46 LOC) done in 1.6s - ~6.4min left in this row
    [dpy] chunk 176/389 (19 LOC) done in 1.4s - ~6.4min left in this row
    [dpy] chunk 177/389 (19 LOC) done in 1.5s - ~6.4min left in this row
    [dpy] chunk 178/389 (97 LOC) done in 1.3s - ~6.3min left in this row
    [dpy] chunk 179/389 (5126 LOC) done in 2.7s - ~6.3min left in this row
    [dpy] chunk 180/389 (2820 LOC) done in 2.4s - ~6.3min left in this row
    [dpy] chunk 181/389 (1326 LOC) done in 1.7s - ~6.3min left in this row
    [dpy] chunk 182/389 (149 LOC) done in 1.6s - ~6.2min left in this row
    [dpy] chunk 183/389 (260 LOC) done in 1.7s - ~6.2min left in this row
    [dpy] chunk 184/389 (1077 LOC) done in 2.0s - ~6.2min left in this row
    [dpy] chunk 185/389 (17 LOC) done in 1.6s - ~6.1min left in this row
    [dpy] chunk 186/389 (1548 LOC) done in 2.0s - ~6.1min left in this row
    [dpy] chunk 187/389 (1612 LOC) done in 2.0s - ~6.1min left in this row
    [dpy] chunk 188/389 (19 LOC) done in 1.5s - ~6.0min left in this row
    [dpy] chunk 189/389 (552 LOC) done in 1.6s - ~6.0min left in this row
    [dpy] chunk 190/389 (410 LOC) done in 1.6s - ~6.0min left in this row
    [dpy] chunk 191/389 (17 LOC) done in 1.2s - ~5.9min left in this row
    [dpy] chunk 192/389 (198 LOC) done in 1.8s - ~5.9min left in this row
    [dpy] chunk 193/389 (70 LOC) done in 1.8s - ~5.9min left in this row
    [dpy] chunk 194/389 (14 LOC) done in 1.5s - ~5.8min left in this row
    [dpy] chunk 195/389 (19 LOC) done in 1.4s - ~5.8min left in this row
    [dpy] chunk 196/389 (19 LOC) done in 1.7s - ~5.8min left in this row
    [dpy] chunk 197/389 (7179 LOC) done in 3.3s - ~5.8min left in this row
    [dpy] chunk 198/389 (19 LOC) done in 1.2s - ~5.7min left in this row
    [dpy] chunk 199/389 (3291 LOC) done in 2.3s - ~5.7min left in this row
    [dpy] chunk 200/389 (254 LOC) done in 1.9s - ~5.7min left in this row
    [dpy] chunk 201/389 (553 LOC) done in 1.8s - ~5.6min left in this row
    [dpy] chunk 202/389 (19 LOC) done in 1.5s - ~5.6min left in this row
    [dpy] chunk 203/389 (19 LOC) done in 1.4s - ~5.6min left in this row
    [dpy] chunk 204/389 (1789 LOC) done in 1.8s - ~5.5min left in this row
    [dpy] chunk 205/389 (219 LOC) done in 1.7s - ~5.5min left in this row
    [dpy] chunk 206/389 (3204 LOC) done in 2.1s - ~5.5min left in this row
    [dpy] chunk 207/389 (19 LOC) done in 1.7s - ~5.5min left in this row
    [dpy] chunk 208/389 (16 LOC) done in 1.4s - ~5.4min left in this row
    [dpy] chunk 209/389 (19 LOC) done in 1.4s - ~5.4min left in this row
    [dpy] chunk 210/389 (17 LOC) done in 1.7s - ~5.4min left in this row
    [dpy] chunk 211/389 (1574 LOC) done in 2.2s - ~5.3min left in this row
    [dpy] chunk 212/389 (856 LOC) done in 1.6s - ~5.3min left in this row
    [dpy] chunk 213/389 (666 LOC) done in 1.7s - ~5.3min left in this row
    [dpy] chunk 214/389 (19 LOC) done in 1.7s - ~5.2min left in this row
    [dpy] chunk 215/389 (19 LOC) done in 1.5s - ~5.2min left in this row
    [dpy] chunk 216/389 (19 LOC) done in 1.5s - ~5.2min left in this row
    [dpy] chunk 217/389 (1672 LOC) done in 1.8s - ~5.1min left in this row
    [dpy] chunk 218/389 (16 LOC) done in 1.6s - ~5.1min left in this row
    [dpy] chunk 219/389 (945 LOC) done in 1.9s - ~5.1min left in this row
    [dpy] chunk 220/389 (17 LOC) done in 1.7s - ~5.0min left in this row
    [dpy] chunk 221/389 (129 LOC) done in 1.7s - ~5.0min left in this row
    [dpy] chunk 222/389 (442 LOC) done in 1.8s - ~5.0min left in this row
    [dpy] chunk 223/389 (19 LOC) done in 1.8s - ~5.0min left in this row
    [dpy] chunk 224/389 (19 LOC) done in 1.8s - ~4.9min left in this row
    [dpy] chunk 225/389 (16 LOC) done in 1.7s - ~4.9min left in this row
    [dpy] chunk 226/389 (19 LOC) done in 1.7s - ~4.9min left in this row
    [dpy] chunk 227/389 (19 LOC) done in 1.4s - ~4.8min left in this row
    [dpy] chunk 228/389 (1223 LOC) done in 2.1s - ~4.8min left in this row
    [dpy] chunk 229/389 (19 LOC) done in 1.5s - ~4.8min left in this row
    [dpy] chunk 230/389 (14 LOC) done in 1.6s - ~4.7min left in this row
    [dpy] chunk 231/389 (757 LOC) done in 1.9s - ~4.7min left in this row
    [dpy] chunk 232/389 (832 LOC) done in 1.9s - ~4.7min left in this row
    [dpy] chunk 233/389 (1261 LOC) done in 2.0s - ~4.7min left in this row
    [dpy] chunk 234/389 (19 LOC) done in 1.4s - ~4.6min left in this row
    [dpy] chunk 235/389 (2595 LOC) done in 2.6s - ~4.6min left in this row
    [dpy] chunk 236/389 (1561 LOC) done in 2.1s - ~4.6min left in this row
    [dpy] chunk 237/389 (16 LOC) done in 1.5s - ~4.5min left in this row
    [dpy] chunk 238/389 (16 LOC) done in 1.7s - ~4.5min left in this row
    [dpy] chunk 239/389 (104 LOC) done in 1.7s - ~4.5min left in this row
    [dpy] chunk 240/389 (225 LOC) done in 1.5s - ~4.4min left in this row
    [dpy] chunk 241/389 (19 LOC) done in 1.5s - ~4.4min left in this row
    [dpy] chunk 242/389 (19 LOC) done in 1.7s - ~4.4min left in this row
    [dpy] chunk 243/389 (631 LOC) done in 1.8s - ~4.4min left in this row
    [dpy] chunk 244/389 (19 LOC) done in 1.4s - ~4.3min left in this row
    [dpy] chunk 245/389 (17 LOC) done in 1.6s - ~4.3min left in this row
    [dpy] chunk 246/389 (1172 LOC) done in 2.0s - ~4.3min left in this row
    [dpy] chunk 247/389 (19 LOC) done in 1.5s - ~4.2min left in this row
    [dpy] chunk 248/389 (1062 LOC) done in 1.7s - ~4.2min left in this row
    [dpy] chunk 249/389 (19 LOC) done in 1.4s - ~4.2min left in this row
    [dpy] chunk 250/389 (17 LOC) done in 1.8s - ~4.1min left in this row
    [dpy] chunk 251/389 (19 LOC) done in 1.8s - ~4.1min left in this row
    [dpy] chunk 252/389 (19 LOC) done in 1.5s - ~4.1min left in this row
    [dpy] chunk 253/389 (15 LOC) done in 1.6s - ~4.0min left in this row
    [dpy] chunk 254/389 (16 LOC) done in 1.6s - ~4.0min left in this row
    [dpy] chunk 255/389 (136 LOC) done in 1.7s - ~4.0min left in this row
    [dpy] chunk 256/389 (17 LOC) done in 1.6s - ~3.9min left in this row
    [dpy] chunk 257/389 (1443 LOC) done in 1.8s - ~3.9min left in this row
    [dpy] chunk 258/389 (121 LOC) done in 1.5s - ~3.9min left in this row
    [dpy] chunk 259/389 (70 LOC) done in 1.5s - ~3.9min left in this row
    [dpy] chunk 260/389 (19 LOC) done in 1.6s - ~3.8min left in this row
    [dpy] chunk 261/389 (130 LOC) done in 1.4s - ~3.8min left in this row
    [dpy] chunk 262/389 (1336 LOC) done in 2.1s - ~3.8min left in this row
    [dpy] chunk 263/389 (17 LOC) done in 1.4s - ~3.7min left in this row
    [dpy] chunk 264/389 (19 LOC) done in 1.4s - ~3.7min left in this row
    [dpy] chunk 265/389 (19 LOC) done in 1.3s - ~3.7min left in this row
    [dpy] chunk 266/389 (19 LOC) done in 1.6s - ~3.6min left in this row
    [dpy] chunk 267/389 (1900 LOC) done in 2.0s - ~3.6min left in this row
    [dpy] chunk 268/389 (165 LOC) done in 1.9s - ~3.6min left in this row
    [dpy] chunk 269/389 (19 LOC) done in 1.5s - ~3.5min left in this row
    [dpy] chunk 270/389 (17 LOC) done in 1.5s - ~3.5min left in this row
    [dpy] chunk 271/389 (17 LOC) done in 1.4s - ~3.5min left in this row
    [dpy] chunk 272/389 (53 LOC) done in 1.8s - ~3.5min left in this row
    [dpy] chunk 273/389 (19 LOC) done in 1.7s - ~3.4min left in this row
    [dpy] chunk 274/389 (19 LOC) done in 1.3s - ~3.4min left in this row
    [dpy] chunk 275/389 (302 LOC) done in 1.5s - ~3.4min left in this row
    [dpy] chunk 276/389 (360 LOC) done in 1.7s - ~3.3min left in this row
    [dpy] chunk 277/389 (19 LOC) done in 1.8s - ~3.3min left in this row
    [dpy] chunk 278/389 (195 LOC) done in 1.7s - ~3.3min left in this row
    [dpy] chunk 279/389 (19 LOC) done in 1.5s - ~3.2min left in this row
    [dpy] chunk 280/389 (84 LOC) done in 1.8s - ~3.2min left in this row
    [dpy] chunk 281/389 (17 LOC) done in 1.7s - ~3.2min left in this row
    [dpy] chunk 282/389 (182 LOC) done in 1.5s - ~3.1min left in this row
    [dpy] chunk 283/389 (19 LOC) done in 1.6s - ~3.1min left in this row
    [dpy] chunk 284/389 (53 LOC) done in 1.4s - ~3.1min left in this row
    [dpy] chunk 285/389 (162 LOC) done in 1.6s - ~3.1min left in this row
    [dpy] chunk 286/389 (237 LOC) done in 1.8s - ~3.0min left in this row
    [dpy] chunk 287/389 (17 LOC) done in 1.5s - ~3.0min left in this row
    [dpy] chunk 288/389 (1199 LOC) done in 2.1s - ~3.0min left in this row
    [dpy] chunk 289/389 (19 LOC) done in 1.4s - ~2.9min left in this row
    [dpy] chunk 290/389 (17 LOC) done in 1.4s - ~2.9min left in this row
    [dpy] chunk 291/389 (29 LOC) done in 1.4s - ~2.9min left in this row
    [dpy] chunk 292/389 (16 LOC) done in 1.6s - ~2.8min left in this row
    [dpy] chunk 293/389 (19 LOC) done in 1.7s - ~2.8min left in this row
    [dpy] chunk 294/389 (42 LOC) done in 1.5s - ~2.8min left in this row
    [dpy] chunk 295/389 (19 LOC) done in 1.4s - ~2.8min left in this row
    [dpy] chunk 296/389 (1467 LOC) done in 2.2s - ~2.7min left in this row
    [dpy] chunk 297/389 (19 LOC) done in 1.5s - ~2.7min left in this row
    [dpy] chunk 298/389 (143 LOC) done in 1.7s - ~2.7min left in this row
    [dpy] chunk 299/389 (4213 LOC) done in 2.6s - ~2.6min left in this row
    [dpy] chunk 300/389 (7181 LOC) done in 2.5s - ~2.6min left in this row
    [dpy] chunk 301/389 (42 LOC) done in 1.5s - ~2.6min left in this row
    [dpy] chunk 302/389 (19 LOC) done in 1.5s - ~2.6min left in this row
    [dpy] chunk 303/389 (16 LOC) done in 1.6s - ~2.5min left in this row
    [dpy] chunk 304/389 (19 LOC) done in 1.7s - ~2.5min left in this row
    [dpy] chunk 305/389 (16 LOC) done in 1.4s - ~2.5min left in this row
    [dpy] chunk 306/389 (19 LOC) done in 1.5s - ~2.4min left in this row
    [dpy] chunk 307/389 (17 LOC) done in 1.6s - ~2.4min left in this row
    [dpy] chunk 308/389 (424 LOC) done in 2.0s - ~2.4min left in this row
    [dpy] chunk 309/389 (19 LOC) done in 1.8s - ~2.3min left in this row
    [dpy] chunk 310/389 (16 LOC) done in 1.5s - ~2.3min left in this row
    [dpy] chunk 311/389 (707 LOC) done in 2.0s - ~2.3min left in this row
    [dpy] chunk 312/389 (16 LOC) done in 1.8s - ~2.3min left in this row
    [dpy] chunk 313/389 (4318 LOC) done in 2.3s - ~2.2min left in this row
    [dpy] chunk 314/389 (64 LOC) done in 1.5s - ~2.2min left in this row
    [dpy] chunk 315/389 (29442 LOC) done in 3.3s - ~2.2min left in this row
    [dpy] chunk 316/389 (1251 LOC) done in 1.9s - ~2.1min left in this row
    [dpy] chunk 317/389 (1071 LOC) done in 1.9s - ~2.1min left in this row
    [dpy] chunk 318/389 (4456 LOC) done in 2.6s - ~2.1min left in this row
    [dpy] chunk 319/389 (9 LOC) done in 1.8s - ~2.1min left in this row
    [dpy] chunk 320/389 (16 LOC) done in 1.5s - ~2.0min left in this row
    [dpy] chunk 321/389 (14 LOC) done in 1.5s - ~2.0min left in this row
    [dpy] chunk 322/389 (1197 LOC) done in 2.2s - ~2.0min left in this row
    [dpy] chunk 323/389 (19 LOC) done in 1.5s - ~1.9min left in this row
    [dpy] chunk 324/389 (19 LOC) done in 1.8s - ~1.9min left in this row
    [dpy] chunk 325/389 (460 LOC) done in 1.8s - ~1.9min left in this row
    [dpy] chunk 326/389 (14 LOC) done in 1.8s - ~1.9min left in this row
    [dpy] chunk 327/389 (16 LOC) done in 1.8s - ~1.8min left in this row
    [dpy] chunk 328/389 (19 LOC) done in 1.8s - ~1.8min left in this row
    [dpy] chunk 329/389 (19 LOC) done in 1.6s - ~1.8min left in this row
    [dpy] chunk 330/389 (14 LOC) done in 1.5s - ~1.7min left in this row
    [dpy] chunk 331/389 (19 LOC) done in 1.8s - ~1.7min left in this row
    [dpy] chunk 332/389 (212 LOC) done in 1.8s - ~1.7min left in this row
    [dpy] chunk 333/389 (19 LOC) done in 1.5s - ~1.6min left in this row
    [dpy] chunk 334/389 (17 LOC) done in 1.7s - ~1.6min left in this row
    [dpy] chunk 335/389 (1579 LOC) done in 2.1s - ~1.6min left in this row
    [dpy] chunk 336/389 (6797 LOC) done in 3.3s - ~1.6min left in this row
    [dpy] chunk 337/389 (9 LOC) done in 1.7s - ~1.5min left in this row
    [dpy] chunk 338/389 (19 LOC) done in 1.9s - ~1.5min left in this row
    [dpy] chunk 339/389 (366 LOC) done in 2.1s - ~1.5min left in this row
    [dpy] chunk 340/389 (820 LOC) done in 1.8s - ~1.4min left in this row
    [dpy] chunk 341/389 (19 LOC) done in 1.7s - ~1.4min left in this row
    [dpy] chunk 342/389 (16 LOC) done in 1.7s - ~1.4min left in this row
    [dpy] chunk 343/389 (52 LOC) done in 1.7s - ~1.4min left in this row
    [dpy] chunk 344/389 (16 LOC) done in 1.8s - ~1.3min left in this row
    [dpy] chunk 345/389 (1386 LOC) done in 2.3s - ~1.3min left in this row
    [dpy] chunk 346/389 (19 LOC) done in 1.7s - ~1.3min left in this row
    [dpy] chunk 347/389 (19 LOC) done in 1.5s - ~1.2min left in this row
    [dpy] chunk 348/389 (19 LOC) done in 1.7s - ~1.2min left in this row
    [dpy] chunk 349/389 (19 LOC) done in 1.5s - ~1.2min left in this row
    [dpy] chunk 350/389 (841 LOC) done in 2.1s - ~1.2min left in this row
    [dpy] chunk 351/389 (132 LOC) done in 1.6s - ~1.1min left in this row
    [dpy] chunk 352/389 (19 LOC) done in 1.7s - ~1.1min left in this row
    [dpy] chunk 353/389 (17 LOC) done in 1.7s - ~1.1min left in this row
    [dpy] chunk 354/389 (1329 LOC) done in 2.1s - ~1.0min left in this row
    [dpy] chunk 355/389 (19 LOC) done in 1.6s - ~1.0min left in this row
    [dpy] chunk 356/389 (19 LOC) done in 1.8s - ~1.0min left in this row
    [dpy] chunk 357/389 (19 LOC) done in 1.5s - ~0.9min left in this row
    [dpy] chunk 358/389 (187 LOC) done in 1.9s - ~0.9min left in this row
    [dpy] chunk 359/389 (19 LOC) done in 1.5s - ~0.9min left in this row
    [dpy] chunk 360/389 (201 LOC) done in 1.9s - ~0.9min left in this row
    [dpy] chunk 361/389 (19 LOC) done in 1.5s - ~0.8min left in this row
    [dpy] chunk 362/389 (19 LOC) done in 1.7s - ~0.8min left in this row
    [dpy] chunk 363/389 (19 LOC) done in 1.5s - ~0.8min left in this row
    [dpy] chunk 364/389 (19 LOC) done in 1.8s - ~0.7min left in this row
    [dpy] chunk 365/389 (17 LOC) done in 1.6s - ~0.7min left in this row
    [dpy] chunk 366/389 (559 LOC) done in 2.1s - ~0.7min left in this row
    [dpy] chunk 367/389 (17 LOC) done in 1.5s - ~0.6min left in this row
    [dpy] chunk 368/389 (19 LOC) done in 1.8s - ~0.6min left in this row
    [dpy] chunk 369/389 (19 LOC) done in 1.6s - ~0.6min left in this row
    [dpy] chunk 370/389 (19 LOC) done in 1.7s - ~0.6min left in this row
    [dpy] chunk 371/389 (19 LOC) done in 1.7s - ~0.5min left in this row
    [dpy] chunk 372/389 (19 LOC) done in 1.8s - ~0.5min left in this row
    [dpy] chunk 373/389 (365 LOC) done in 2.0s - ~0.5min left in this row
    [dpy] chunk 374/389 (19 LOC) done in 1.7s - ~0.4min left in this row
    [dpy] chunk 375/389 (428 LOC) done in 1.9s - ~0.4min left in this row
    [dpy] chunk 376/389 (19 LOC) done in 1.7s - ~0.4min left in this row
    [dpy] chunk 377/389 (105 LOC) done in 1.7s - ~0.4min left in this row
    [dpy] chunk 378/389 (615 LOC) done in 2.0s - ~0.3min left in this row
    [dpy] chunk 379/389 (19 LOC) done in 1.4s - ~0.3min left in this row
    [dpy] chunk 380/389 (775 LOC) done in 2.1s - ~0.3min left in this row
    [dpy] chunk 381/389 (19 LOC) done in 1.6s - ~0.2min left in this row
    [dpy] chunk 382/389 (41 LOC) done in 1.8s - ~0.2min left in this row
    [dpy] chunk 383/389 (4787 LOC) done in 3.2s - ~0.2min left in this row
    [dpy] chunk 384/389 (69 LOC) done in 1.7s - ~0.1min left in this row
    [dpy] chunk 385/389 (17 LOC) done in 1.6s - ~0.1min left in this row
    [dpy] chunk 386/389 (328 LOC) done in 1.8s - ~0.1min left in this row
    [dpy] chunk 387/389 (1459 LOC) done in 2.5s - ~0.1min left in this row
    [dpy] chunk 388/389 (102 LOC) done in 1.8s - ~0.0min left in this row
    [dpy] chunk 389/389 (788 LOC) done in 2.0s - ~0.0min left in this row
  [ok] (66/192) airbytehq/airbyte A2 2024-11-26 @f9c3c186
  [row] (67/192) starting airbytehq/airbyte A2 2024-12-03 @dd622334
    [dpy] WARNING: 2 chunk(s) still over 8000 LOC and can't be split further (no subdirectories) - DPy will skip CSV export for these: ['C:\\Users\\kvrlv\\AppData\\Local\\Temp\\dpy_chunks_hnkwugot\\loose__root__airbyte-integrations__connectors__source-github__source_github__loose1', 'C:\\Users\\kvrlv\\AppData\\Local\\Temp\\dpy_chunks_hnkwugot\\loose__root__airbyte-integrations__connectors__source-shopify__source_shopify__shopify_graphql__loose1']
    [dpy] 389 chunk(s) planned, 330760 total LOC
    [dpy] chunk 1/389 (254 LOC) done in 1.6s - ~10.6min left in this row
    [dpy] chunk 2/389 (1757 LOC) done in 1.8s - ~11.1min left in this row
